time_id,AIC,BIC,converged,stationary,alpha,beta,model
24014,-2.3252920014149936,2.6310594063004764,True,True,2.7237274081934405e-14,0.9922613096976224,"GJR-GARCH(1,1,1)-t"
24127,-8.971207328981393,-4.014855921265923,True,True,8.554773420678969e-17,0.7883510399948372,"GJR-GARCH(1,1,1)-t"
17193,-14.104263872245909,-9.147912464530439,True,True,0.0,0.9025849926949908,"GJR-GARCH(1,1,1)-t"
23144,-21.751063723661034,-16.794712315945564,True,True,0.16767264784745942,0.5682935142497404,"GJR-GARCH(1,1,1)-t"
30597,-8.56028659121538,-3.6039351834999103,True,True,3.185823775484665e-15,0.0,"GJR-GARCH(1,1,1)-t"
28963,-17.833949179598932,-12.877597771883462,True,True,0.0,0.2736693611578322,"GJR-GARCH(1,1,1)-t"
5101,-12.992100620680738,-8.035749212965268,True,True,3.855192986488975e-15,0.9642611778482301,"GJR-GARCH(1,1,1)-t"
9281,-11.281381130391992,-6.325029722676522,True,True,3.1057170525857813e-13,0.713139850870909,"GJR-GARCH(1,1,1)-t"
30023,-26.53539769781382,-21.57904629009835,True,True,1.2065349403641595e-15,0.3694133274794885,"GJR-GARCH(1,1,1)-t"
14279,-8.521895645722878,-3.5655442380074085,True,True,0.0,0.0,"GJR-GARCH(1,1,1)-t"
21834,-14.430835842458489,-9.474484434743019,True,True,1.1898588305188109e-11,0.9332596856629657,"GJR-GARCH(1,1,1)-t"
11325,-1.2558824735357685,3.7004689341797015,True,True,0.4969747859985907,1.8293150514565816e-16,"GJR-GARCH(1,1,1)-t"
2657,-10.844075085262958,-5.887723677547488,True,False,1.1016843358050458e-14,0.9999999999998783,"GJR-GARCH(1,1,1)-t"
1213,-17.764002034560747,-12.807650626845277,True,True,0.5147672288692826,3.727477513112948e-15,"GJR-GARCH(1,1,1)-t"
11056,-15.484484893321664,-10.528133485606194,True,False,0.4447002716836606,0.6170630834959894,"GJR-GARCH(1,1,1)-t"
20858,-28.547333529397093,-23.590982121681623,True,True,0.0,1.0486159412739206e-14,"GJR-GARCH(1,1,1)-t"
28354,-8.24565696515974,-3.289305557444269,True,True,9.009058257140939e-16,1.577851120734084e-15,"GJR-GARCH(1,1,1)-t"
18507,-8.05931950114741,-3.10296809343194,True,False,0.0,1.0,"GJR-GARCH(1,1,1)-t"
26475,-4.782391379840821,0.17396002787464937,True,True,1.419278672444955e-17,7.406778265141764e-18,"GJR-GARCH(1,1,1)-t"
27868,-11.283704185213548,-6.327352777498078,True,True,0.0,0.9397219994027034,"GJR-GARCH(1,1,1)-t"
17429,-20.44410691923627,-15.487755511520799,True,False,0.9885084889205743,0.2390843000739228,"GJR-GARCH(1,1,1)-t"
16374,-6.857794767414827,-1.901443359699357,True,True,9.940767213192562e-17,0.42314763778764447,"GJR-GARCH(1,1,1)-t"
7212,-16.27705789373241,-11.320706486016942,True,True,8.978455190036294e-16,0.6184535993943026,"GJR-GARCH(1,1,1)-t"
15418,-5.1800183074651045,-0.2236668997496345,True,True,0.0,0.0,"GJR-GARCH(1,1,1)-t"
19528,-20.996978844750068,-16.040627437034598,True,True,0.0,0.6277652799417011,"GJR-GARCH(1,1,1)-t"
21344,-4.897892940236041,0.05845846747942929,True,False,0.4259416495989061,0.7844140367177883,"GJR-GARCH(1,1,1)-t"
21391,-20.153637402648798,-15.197285994933328,True,True,7.592640675663191e-14,5.2706587786694516e-14,"GJR-GARCH(1,1,1)-t"
3955,-8.734550823983412,-3.7781994162679418,True,True,2.7142502537265687e-16,3.2291779523161865e-15,"GJR-GARCH(1,1,1)-t"
5020,-14.800512046406777,-9.844160638691307,True,False,0.3736750575834246,0.6475824286994986,"GJR-GARCH(1,1,1)-t"
31156,4.337781571528836,9.294132979244306,True,False,2.677043026532193e-09,0.9999999977739784,"GJR-GARCH(1,1,1)-t"
12348,-17.604859485586687,-12.648508077871217,True,True,1.82790971621427e-14,0.8744777049734941,"GJR-GARCH(1,1,1)-t"
31719,-18.34385076693969,-13.387499359224218,True,True,0.0,0.6557903249202153,"GJR-GARCH(1,1,1)-t"
31034,-17.34047092803725,-12.384119520321779,True,True,0.9988244726346756,1.2655619545606091e-13,"GJR-GARCH(1,1,1)-t"
6481,-7.152775683410013,-2.196424275694543,True,True,4.508497251200983e-16,7.968247374954969e-15,"GJR-GARCH(1,1,1)-t"
27168,-14.636351996157362,-9.680000588441892,True,False,6.1313682296784386e-15,0.9999999999999797,"GJR-GARCH(1,1,1)-t"
10689,-15.610910237957317,-10.654558830241847,True,True,0.17371798107839917,4.076702277555537e-16,"GJR-GARCH(1,1,1)-t"
10100,-22.465382641041494,-17.509031233326024,True,False,1.0,0.0,"GJR-GARCH(1,1,1)-t"
1948,-12.665420447617908,-7.709069039902438,True,True,1.691721409369542e-15,0.06596282067563251,"GJR-GARCH(1,1,1)-t"
16811,0.8644083797944866,5.820759787509957,True,True,0.2184274426622659,0.7482998962939462,"GJR-GARCH(1,1,1)-t"
17078,-12.483378954351114,-7.527027546635644,True,True,2.9511803426301994e-15,0.7113014610367594,"GJR-GARCH(1,1,1)-t"
13594,-5.950206344417481,-0.9938549367020109,True,True,0.23965390315155677,1.64752983067524e-15,"GJR-GARCH(1,1,1)-t"
15048,-16.960421210496165,-12.004069802780695,True,True,0.0,0.9893693499796361,"GJR-GARCH(1,1,1)-t"
4797,-27.653529056695746,-22.697177648980276,True,True,0.5396587715899448,1.9490784870911417e-16,"GJR-GARCH(1,1,1)-t"
17428,-2.7556699598322965,2.2006814478831735,True,True,1.7932883719974038e-12,0.7992247010316679,"GJR-GARCH(1,1,1)-t"
22678,-19.791782190753253,-14.835430783037783,True,True,0.0,0.0,"GJR-GARCH(1,1,1)-t"
11374,-26.046216383940838,-21.089864976225368,True,True,0.30504935348938916,5.29222130329773e-13,"GJR-GARCH(1,1,1)-t"
27095,-15.765430327577821,-10.809078919862351,True,True,3.1517619473669285e-10,0.698741301524655,"GJR-GARCH(1,1,1)-t"
26973,-11.364910237460403,-6.408558829744933,True,True,0.28084044240630557,2.871355970500109e-14,"GJR-GARCH(1,1,1)-t"
1292,-39.18386296221666,-34.22751155450119,True,True,0.031325841261035124,0.12591369116759213,"GJR-GARCH(1,1,1)-t"
3445,-8.890220877987684,-3.9338694702722137,True,False,0.9999999999617077,4.3077502960664473e-13,"GJR-GARCH(1,1,1)-t"
6274,-8.864698168285258,-3.9083467605697884,True,True,0.23225629734598705,0.5824154793411929,"GJR-GARCH(1,1,1)-t"
29149,7.996621795616166,12.952973203331636,True,True,5.974182268174495e-11,0.9747939081955247,"GJR-GARCH(1,1,1)-t"
16504,-0.6672890844512018,4.289062323264268,True,True,3.983287638050143e-17,0.7982895144208356,"GJR-GARCH(1,1,1)-t"
27890,-16.88434328691899,-11.927991879203521,True,False,2.8477134459236134e-15,0.9999999999999991,"GJR-GARCH(1,1,1)-t"
23337,-29.550111505477787,-24.593760097762317,True,True,2.8769923758814907e-09,0.9468656512254306,"GJR-GARCH(1,1,1)-t"
14416,-28.0526124153913,-23.09626100767583,True,True,0.5485571845557353,3.0550298184835473e-16,"GJR-GARCH(1,1,1)-t"
23202,-11.07056663703483,-6.11421522931936,True,True,0.0,0.6520091084252218,"GJR-GARCH(1,1,1)-t"
10708,2.9974338930906903,7.95378530080616,True,True,7.679121811513767e-14,0.9555772711991265,"GJR-GARCH(1,1,1)-t"
15907,-14.601759822255456,-9.645408414539986,True,True,4.630678232709488e-20,0.9010504010387047,"GJR-GARCH(1,1,1)-t"
16877,-15.741958895158799,-10.785607487443329,True,False,0.9999999999999998,4.7065127410018497e-17,"GJR-GARCH(1,1,1)-t"
29871,1414.6533465545724,1419.6096979622878,True,False,0.9996214240687284,0.0,"GJR-GARCH(1,1,1)-t"
3457,-3.5669544346036837,1.3893969731117863,True,True,0.0,1.1120894426456093e-16,"GJR-GARCH(1,1,1)-t"
3721,-13.399574292177189,-8.443222884461719,True,True,1.6126540185197847e-16,0.03750486798893579,"GJR-GARCH(1,1,1)-t"
21718,-12.756302607344619,-7.799951199629149,True,True,6.185698226826006e-12,9.155376644216872e-15,"GJR-GARCH(1,1,1)-t"
23751,-1.116904493934456,3.839446913781014,True,False,0.9999999999999999,0.28079790963210116,"GJR-GARCH(1,1,1)-t"
23312,0.35304408650704744,5.309395494222517,True,True,2.2695273730823354e-19,5.844181768349337e-17,"GJR-GARCH(1,1,1)-t"
13980,5.128439967156547,10.084791374872017,True,False,0.0,0.9999999999999996,"GJR-GARCH(1,1,1)-t"
7418,-11.93938003460627,-6.9830286268908,True,True,0.2695854373616025,0.09729882701858399,"GJR-GARCH(1,1,1)-t"
17617,6.522907060743595,11.479258468459065,True,True,0.36799611149393063,4.0031133148820286e-16,"GJR-GARCH(1,1,1)-t"
22548,-14.240358137984234,-9.284006730268764,True,False,1.0,0.24395194956650842,"GJR-GARCH(1,1,1)-t"
5392,-18.549703925393985,-13.593352517678515,True,True,1.9052565680634304e-14,0.9872918600756446,"GJR-GARCH(1,1,1)-t"
10745,-6.759442019583268,-1.8030906118677983,True,True,1.0583999170299947e-16,0.5357197941356429,"GJR-GARCH(1,1,1)-t"
27962,-14.157730485080503,-9.201379077365033,True,True,2.3474932055185374e-12,0.9693448678757276,"GJR-GARCH(1,1,1)-t"
19472,-16.46952012320245,-11.51316871548698,True,True,2.0821383069921887e-18,0.1290298874091261,"GJR-GARCH(1,1,1)-t"
26788,-14.949920838738862,-9.993569431023392,True,True,0.0,0.8101958017536413,"GJR-GARCH(1,1,1)-t"
24879,-9.162532619355233,-4.2061812116397626,True,True,2.2757740202794245e-16,0.9532713692954602,"GJR-GARCH(1,1,1)-t"
6693,-12.421622659060546,-7.465271251345076,True,True,0.0,0.0,"GJR-GARCH(1,1,1)-t"
20326,4.345453116977655,9.301804524693125,True,True,0.0,0.5339997489130158,"GJR-GARCH(1,1,1)-t"
11351,0.4387057237459384,5.395057131461408,True,False,3.022666823027921e-14,1.0,"GJR-GARCH(1,1,1)-t"
23226,-2.8435677135583397,2.1127836941571303,True,True,6.092019338775596e-14,0.0705897259692449,"GJR-GARCH(1,1,1)-t"
23028,-20.265123952039872,-15.308772544324402,True,False,0.9999999999990072,4.717520814419909e-13,"GJR-GARCH(1,1,1)-t"
8524,2.248984308706401,7.205335716421871,True,True,0.0,0.6273420783530428,"GJR-GARCH(1,1,1)-t"
11318,-7.05267290803809,-2.0963215003226203,True,True,2.1679862484413033e-13,0.970982935579753,"GJR-GARCH(1,1,1)-t"
24157,-5.5812019092566345,-0.6248505015411645,True,True,0.0,2.5444149152715943e-14,"GJR-GARCH(1,1,1)-t"
25131,-11.569527974056534,-6.613176566341064,True,True,2.3915940687888937e-15,0.9550083523337524,"GJR-GARCH(1,1,1)-t"
7180,-14.414119705213675,-9.457768297498205,True,False,0.736457280852044,0.29162549466811066,"GJR-GARCH(1,1,1)-t"
17398,2.703437973524805,7.659789381240275,True,True,0.01867643597417781,0.2801211857683507,"GJR-GARCH(1,1,1)-t"
5407,-0.7614983320685855,4.1948530756468845,True,True,7.879902128630127e-18,0.9596045484160304,"GJR-GARCH(1,1,1)-t"
24523,1.574021288552892,6.530372696268362,True,False,0.0,1.0,"GJR-GARCH(1,1,1)-t"
7369,-7.775919536467214,-2.819568128751744,True,True,2.4678461192461456e-15,0.840216855398383,"GJR-GARCH(1,1,1)-t"
1890,-5.210409725091232,-0.2540583173757618,True,True,2.2872361213898415e-15,0.07117575126747903,"GJR-GARCH(1,1,1)-t"
28401,-33.125238937153526,-28.168887529438056,True,True,1.0346270713331128e-14,0.41847121332205944,"GJR-GARCH(1,1,1)-t"
15858,-22.992919195959367,-18.036567788243897,True,True,2.9206890145515424e-15,6.833240172001247e-21,"GJR-GARCH(1,1,1)-t"
9190,-8.390296912076263,-3.4339455043607927,True,False,0.19400094526975328,0.9029995273651324,"GJR-GARCH(1,1,1)-t"
12713,-14.24166553627208,-9.28531412855661,True,False,1.0,1.0777594177379029e-18,"GJR-GARCH(1,1,1)-t"
21148,-19.58981508092468,-14.63346367320921,True,True,0.20963688439505354,1.6133057607737425e-16,"GJR-GARCH(1,1,1)-t"
30312,-17.941809909172534,-12.985458501457064,True,False,8.124851569842269e-16,1.0,"GJR-GARCH(1,1,1)-t"
11184,-5.4775018575649845,-0.5211504498495145,True,True,2.390840185369675e-14,1.434674802279784e-18,"GJR-GARCH(1,1,1)-t"
20225,5.662746138384055,10.619097546099525,True,False,0.999999999999984,0.1824397956227522,"GJR-GARCH(1,1,1)-t"
21103,9.940116562273673,14.896467969989143,True,False,3.793937240814485e-12,0.9999999997793891,"GJR-GARCH(1,1,1)-t"
13567,-3.618945760291183,1.337405647424287,True,True,3.615971917866766e-16,0.6284786258375912,"GJR-GARCH(1,1,1)-t"
32046,-11.987514234347163,-7.031162826631693,True,True,8.192514620272838e-15,0.06952033564473013,"GJR-GARCH(1,1,1)-t"
26400,8.397027926651779,13.353379334367249,True,True,0.0,0.9618903683004639,"GJR-GARCH(1,1,1)-t"
7518,9.199696656611604,14.156048064327074,True,True,1.2091006781951125e-13,0.9513527839523425,"GJR-GARCH(1,1,1)-t"
13500,3.0599545217902353,8.016305929505705,True,True,0.19546555316321534,0.5469433803115356,"GJR-GARCH(1,1,1)-t"
15341,-6.989368018730165,-2.0330166110146948,True,True,0.09803047496646673,3.823231738523615e-09,"GJR-GARCH(1,1,1)-t"
25879,-14.485841523596683,-9.529490115881213,True,False,0.0,1.0,"GJR-GARCH(1,1,1)-t"
10661,-13.80148727470688,-8.84513586699141,True,True,3.4482713908524703e-13,0.0,"GJR-GARCH(1,1,1)-t"
26307,13.437225953892836,18.39357736160831,True,True,3.291676834287007e-18,4.656041951087861e-18,"GJR-GARCH(1,1,1)-t"
18351,-12.633925623886206,-7.677574216170736,True,True,0.8730383363464779,2.0789253689541737e-22,"GJR-GARCH(1,1,1)-t"
9456,-7.459195416433886,-2.502844008718416,True,False,0.9999999999771695,5.5563618051154156e-11,"GJR-GARCH(1,1,1)-t"
4302,3.3861698044724733,8.342521212187943,True,True,0.0,0.36813315555239545,"GJR-GARCH(1,1,1)-t"
18402,0.8793329746034377,5.835684382318908,True,False,0.9999999999954393,9.346487282137993e-12,"GJR-GARCH(1,1,1)-t"
28267,-5.5320247209628555,-0.5756733132473855,True,True,0.040915119136023435,0.713864536916007,"GJR-GARCH(1,1,1)-t"
14183,-9.532534344620057,-4.576182936904587,True,True,3.8520307766250285e-15,6.831464936879976e-19,"GJR-GARCH(1,1,1)-t"
29316,-13.37279931401805,-8.41644790630258,True,False,1.49048236189796e-13,0.9999999999972032,"GJR-GARCH(1,1,1)-t"
2125,-3.9626597451435117,0.9936916625719583,True,True,0.8586396311331893,0.0,"GJR-GARCH(1,1,1)-t"
29828,-6.511468621616736,-1.5551172139012657,True,False,2.0628841479151199e-16,1.0,"GJR-GARCH(1,1,1)-t"
23656,10.071904359186806,15.028255766902276,True,False,1.5131785657643837e-12,0.9999999999719843,"GJR-GARCH(1,1,1)-t"
7679,-22.193348880788,-17.23699747307253,True,False,1.0404560192789848e-18,1.0,"GJR-GARCH(1,1,1)-t"
19606,0.0504826286000295,5.0068340363154995,True,True,3.616560105448497e-14,0.7167095322587449,"GJR-GARCH(1,1,1)-t"
23462,-2.0661515803760153,2.8901998273394547,True,True,0.0,0.4123393240504344,"GJR-GARCH(1,1,1)-t"
29947,-4.001816206692844,0.954535201022626,True,False,0.0,1.0,"GJR-GARCH(1,1,1)-t"
20445,-21.327286492536274,-16.370935084820804,True,False,0.9999999999999971,0.19081546427277013,"GJR-GARCH(1,1,1)-t"
29990,-7.429789763490579,-2.4734383557751087,True,True,0.31579868490171753,0.0,"GJR-GARCH(1,1,1)-t"
20782,1.0682547724191327,6.024606180134603,True,True,0.0,0.0,"GJR-GARCH(1,1,1)-t"
19815,-10.331910664451748,-5.3755592567362775,True,True,4.417982223374616e-11,0.9537755732317448,"GJR-GARCH(1,1,1)-t"
4627,-2.581669497148443,2.374681910567027,True,False,4.86146444381387e-14,0.9999999999999747,"GJR-GARCH(1,1,1)-t"
5532,-2.2843115276347277,2.6720398800807423,True,True,0.05970925727370348,4.088862775788264e-12,"GJR-GARCH(1,1,1)-t"
12352,-14.1974729377751,-9.24112153005963,True,True,0.3444810075933605,3.0040512638767e-15,"GJR-GARCH(1,1,1)-t"
9311,-14.581718193747157,-9.625366786031687,True,True,2.870915444710989e-13,0.8047924530716575,"GJR-GARCH(1,1,1)-t"
17604,-2.5990080225836856,2.3573433851317844,True,True,0.0,0.1242938545533029,"GJR-GARCH(1,1,1)-t"
22907,-25.495178716305944,-20.538827308590474,True,True,0.25074414272421935,0.0,"GJR-GARCH(1,1,1)-t"
11070,-14.104169291280183,-9.147817883564713,True,True,5.183350089721558e-17,0.0,"GJR-GARCH(1,1,1)-t"
17971,-19.16474140080792,-14.20838999309245,True,True,1.4291517092911785e-15,0.5859252039749355,"GJR-GARCH(1,1,1)-t"
19294,-1.3370259853345239,3.619325422380946,True,True,3.743114421319565e-12,0.9595377949659646,"GJR-GARCH(1,1,1)-t"
12611,-24.57404469903264,-19.61769329131717,True,True,7.455991578828766e-14,0.8840354803503205,"GJR-GARCH(1,1,1)-t"
3033,-8.767385834908872,-3.811034427193402,True,True,0.5371518504182664,0.0,"GJR-GARCH(1,1,1)-t"
16753,-7.227244666933135,-2.270893259217665,True,True,6.120633693802155e-19,0.7392508292944469,"GJR-GARCH(1,1,1)-t"
4414,-6.902112856911863,-1.945761449196393,True,True,0.20243912413697623,0.48439394718800116,"GJR-GARCH(1,1,1)-t"
6822,-0.3948317761022828,4.561519631613187,True,True,0.0,0.0,"GJR-GARCH(1,1,1)-t"
6434,6.491380020115596,11.447731427831066,True,False,2.039398735009169e-17,1.0,"GJR-GARCH(1,1,1)-t"
15365,-4.4008640988581575,0.5554873088573125,True,True,0.0,0.5856257425780772,"GJR-GARCH(1,1,1)-t"
20099,-7.675429629019035,-2.7190782213035654,True,True,0.5531644207628343,0.0,"GJR-GARCH(1,1,1)-t"
12991,-4.22131888073006,0.7350325269854103,True,True,6.793784481220532e-18,0.3496452835915606,"GJR-GARCH(1,1,1)-t"
21734,0.7726255598733349,5.728976967588805,True,True,5.330097537562842e-12,3.2075322431026485e-10,"GJR-GARCH(1,1,1)-t"
6217,0.4687192043261703,5.42507061204164,True,True,3.0812851677371244e-16,0.261529978178051,"GJR-GARCH(1,1,1)-t"
20734,-2.429934508522905,2.526416899192565,True,False,0.0,1.0,"GJR-GARCH(1,1,1)-t"
24717,-9.814040095386268,-4.857688687670798,True,True,0.0398715687534328,3.374614597527769e-14,"GJR-GARCH(1,1,1)-t"
21883,-2.880223190355757,2.076128217359713,True,True,4.901143745148281e-19,8.946987432159297e-16,"GJR-GARCH(1,1,1)-t"
11152,-13.520334846292037,-8.563983438576567,True,True,1.4250455480201055e-14,0.16485651124621858,"GJR-GARCH(1,1,1)-t"
17522,-10.181796415312778,-5.225445007597308,True,True,0.8833268472087988,4.88498130835069e-19,"GJR-GARCH(1,1,1)-t"
26568,13.396372250788577,18.352723658504047,True,True,7.01305368606603e-17,0.9501239090110245,"GJR-GARCH(1,1,1)-t"
22903,12.574022257900321,17.53037366561579,True,True,2.10172793793652e-15,0.5054975592090037,"GJR-GARCH(1,1,1)-t"
29819,-0.5650729541336581,4.391278453581812,True,True,0.0,0.9856177769667079,"GJR-GARCH(1,1,1)-t"
4695,-17.394839622569513,-12.438488214854043,True,True,0.7602630826278256,1.69063051517933e-11,"GJR-GARCH(1,1,1)-t"
25474,-10.391519180565641,-5.435167772850171,True,False,0.0,1.0,"GJR-GARCH(1,1,1)-t"
15173,-0.2378530706516475,4.7184983370638225,True,True,3.537703768561593e-20,0.001754872944175254,"GJR-GARCH(1,1,1)-t"
21326,-20.790173897677974,-15.833822489962504,True,True,0.0838673537208208,0.7135142618122796,"GJR-GARCH(1,1,1)-t"
26522,-14.67829061648197,-9.7219392087665,True,False,0.9999999976892925,1.3634396572064307e-09,"GJR-GARCH(1,1,1)-t"
1563,-1.5267262063932758,3.429625201322194,True,True,1.8988893975236107e-14,1.630359392613764e-14,"GJR-GARCH(1,1,1)-t"
10929,6.0236595119891545,10.980010919704625,True,True,0.0,0.9109147852719222,"GJR-GARCH(1,1,1)-t"
31347,7.255786374502424,12.212137782217894,True,True,1.7566231499474512e-15,6.694779805712738e-15,"GJR-GARCH(1,1,1)-t"
1404,3.61343805212673,8.5697894598422,True,False,9.658083590011217e-16,0.9999999999999911,"GJR-GARCH(1,1,1)-t"
4714,-12.622452207493549,-7.666100799778079,True,True,6.990645550556294e-11,8.725324076822777e-07,"GJR-GARCH(1,1,1)-t"
6410,-5.548847570725783,-0.5924961630103134,True,True,9.08143645740729e-16,0.6737200042641496,"GJR-GARCH(1,1,1)-t"
29037,-4.001379501925761,0.9549719057897086,True,True,8.194933287471622e-17,3.007820774385617e-16,"GJR-GARCH(1,1,1)-t"
2390,-10.783056245920328,-5.826704838204858,True,True,7.345077974175557e-13,0.6133349132086539,"GJR-GARCH(1,1,1)-t"
5795,-0.7842057658072008,4.172145641908269,True,True,4.7672316231228365e-15,0.39445792948530484,"GJR-GARCH(1,1,1)-t"
27014,-9.859060089234475,-4.902708681519005,True,True,0.0,0.4138054055687498,"GJR-GARCH(1,1,1)-t"
30527,-5.6615779776619135,-0.7052265699464435,True,False,1.0,0.0,"GJR-GARCH(1,1,1)-t"
32614,0.4165397946965985,5.3728912024120685,True,True,0.0,0.7377309541014687,"GJR-GARCH(1,1,1)-t"
24590,3.7671258832477186,8.723477290963189,True,True,1.6050374591336423e-17,0.28757345175702154,"GJR-GARCH(1,1,1)-t"
19949,-5.479902575149303,-0.5235511674338333,True,False,3.771286879394419e-14,1.0,"GJR-GARCH(1,1,1)-t"
18831,-17.616083862902475,-12.659732455187005,True,True,4.6222598129254736e-17,0.06310558645366442,"GJR-GARCH(1,1,1)-t"
6324,-41.90462400182451,-36.94827259410904,True,True,0.0,0.8914423395536533,"GJR-GARCH(1,1,1)-t"
9947,-8.66506533827961,-3.708713930564141,True,True,0.0,0.35496366869623047,"GJR-GARCH(1,1,1)-t"
12395,-4.611307904126566,0.34504350358890434,True,True,0.0,0.4207379613560091,"GJR-GARCH(1,1,1)-t"
28563,-4.101157236253147,0.8551941714623226,True,False,0.9093616227505247,0.5453191886247405,"GJR-GARCH(1,1,1)-t"
25754,-7.172596220408273,-2.2162448126928034,True,False,8.800518995847162e-11,0.9999999936723936,"GJR-GARCH(1,1,1)-t"
3327,-15.619232033894065,-10.662880626178595,True,True,0.0,0.9890243200680597,"GJR-GARCH(1,1,1)-t"
4724,-10.58253873478855,-5.62618732707308,True,True,0.0,0.9818647697967479,"GJR-GARCH(1,1,1)-t"
26388,-4.566954376454607,0.389397031260863,True,False,0.32160867214081473,0.8391956639307228,"GJR-GARCH(1,1,1)-t"
3846,-15.15823003671401,-10.20187862899854,True,True,2.1994333084312738e-13,0.0,"GJR-GARCH(1,1,1)-t"
15042,-17.265765706640853,-12.309414298925383,True,True,0.014666839248191402,3.082264860630329e-13,"GJR-GARCH(1,1,1)-t"
3146,-4.791681027461127,0.16467038025434277,True,True,0.0,0.7120727750207482,"GJR-GARCH(1,1,1)-t"
18567,3.103290215387444,8.059641623102914,True,False,0.0,1.0,"GJR-GARCH(1,1,1)-t"
19417,-4.852751016007748,0.1036003917077224,True,True,0.0,0.8147337939052183,"GJR-GARCH(1,1,1)-t"
17217,-15.685979864585775,-10.729628456870305,True,False,0.9999999992840087,0.14266388400047542,"GJR-GARCH(1,1,1)-t"
10840,-9.214170221543291,-4.2578188138278215,True,True,2.2691631209930463e-16,2.0017278915518465e-16,"GJR-GARCH(1,1,1)-t"
29746,-13.083197740666918,-8.126846332951448,True,True,0.04806824480920612,2.934606608644528e-21,"GJR-GARCH(1,1,1)-t"
13097,-0.007111613847806453,4.9492397938676636,True,False,0.9999999999548138,1.545793316766467e-10,"GJR-GARCH(1,1,1)-t"
17670,-13.968637079788682,-9.012285672073212,True,False,0.4243793995621345,0.726750644347993,"GJR-GARCH(1,1,1)-t"
30212,9.873994431193381,14.830345838908851,True,False,0.0,1.0,"GJR-GARCH(1,1,1)-t"
3567,-9.892629450158488,-4.936278042443018,True,True,2.534522945947332e-11,0.9549067898753978,"GJR-GARCH(1,1,1)-t"
3135,-9.645331382640979,-4.688979974925509,True,True,1.9888931331792755e-14,0.9444280818974559,"GJR-GARCH(1,1,1)-t"
26613,-11.657237479960376,-6.700886072244906,True,True,8.688075509631455e-14,6.829368719417649e-13,"GJR-GARCH(1,1,1)-t"
23708,-4.931254709201895,0.025096698513575433,True,True,2.214069484428138e-14,0.9795272352837641,"GJR-GARCH(1,1,1)-t"
18447,4.775559833280466,9.731911240995936,True,True,0.0,0.45904918059320454,"GJR-GARCH(1,1,1)-t"
28983,-12.895668233545344,-7.939316825829874,True,False,6.758250806932429e-19,1.0,"GJR-GARCH(1,1,1)-t"
10616,-16.979297375356907,-12.022945967641437,True,False,0.43479706073179064,0.7826014690573877,"GJR-GARCH(1,1,1)-t"
15693,-21.1274541123707,-16.17110270465523,True,True,0.19819772624686427,0.05324681461975515,"GJR-GARCH(1,1,1)-t"
6076,-4.017372878313182,0.9389785294022879,True,True,0.6343306761997555,5.9461932170116016e-09,"GJR-GARCH(1,1,1)-t"
19466,-14.070260570049633,-9.113909162334163,True,True,0.8047301942434105,1.2131706302088753e-07,"GJR-GARCH(1,1,1)-t"
30334,-20.217132639273743,-15.260781231558273,True,True,0.0,0.0,"GJR-GARCH(1,1,1)-t"
24573,-4.970909621415608,-0.014558213700137657,True,True,5.27664504726868e-19,0.7828804949342374,"GJR-GARCH(1,1,1)-t"
8667,-6.017947481337075,-1.0615960736216046,True,True,1.0870327885860009e-09,4.740363988744607e-10,"GJR-GARCH(1,1,1)-t"
424,8.28392536033033,13.2402767680458,True,True,1.1416604794830313e-15,0.0,"GJR-GARCH(1,1,1)-t"
13586,-17.09345389669343,-12.137102488977959,True,True,2.050242248779963e-18,0.32776455718087494,"GJR-GARCH(1,1,1)-t"
30443,-8.993714014166159,-4.037362606450689,True,False,0.5695180181021005,0.7152409909491114,"GJR-GARCH(1,1,1)-t"
26607,-14.424822984962503,-9.468471577247033,True,True,0.0,0.9155230595064908,"GJR-GARCH(1,1,1)-t"
23639,-5.364604017086961,-0.4082526093714911,True,True,4.1130133547087166e-07,0.6335009292977964,"GJR-GARCH(1,1,1)-t"
31071,12.506449466303357,17.462800874018825,True,True,8.020984616580472e-13,0.7002760933411739,"GJR-GARCH(1,1,1)-t"
14629,-2.815343388275661,2.141008019439809,True,True,0.08743843706645306,1.4952867098082394e-17,"GJR-GARCH(1,1,1)-t"
18059,-1.1113638627538016,3.8449875449616684,True,True,2.8354543707614576e-12,0.9808657341162058,"GJR-GARCH(1,1,1)-t"
13354,-13.902090453534672,-8.945739045819202,True,True,0.5156706001660742,1.830642992013276e-18,"GJR-GARCH(1,1,1)-t"
15035,-5.109988860104618,-0.15363745238914817,True,True,0.0,0.9108623180502673,"GJR-GARCH(1,1,1)-t"
3694,7.9685176599782634,12.924869067693734,True,True,5.529911891974825e-14,0.8564646421450617,"GJR-GARCH(1,1,1)-t"
26523,-7.185240677893489,-2.228889270178019,True,True,2.5614171495501848e-12,1.7763520063512935e-11,"GJR-GARCH(1,1,1)-t"
20900,-21.174632119267095,-16.218280711551625,True,True,1.9504918573601641e-13,0.5962040219054521,"GJR-GARCH(1,1,1)-t"
29614,5.333225351756601,10.289576759472071,True,True,7.893459912942274e-14,0.5391240644035432,"GJR-GARCH(1,1,1)-t"
20810,-15.916948368326576,-10.960596960611106,True,True,9.138429595390084e-16,1.3965434845529144e-18,"GJR-GARCH(1,1,1)-t"
18029,-14.15805121521776,-9.20169980750229,True,True,2.455565136430752e-13,0.5636568358761951,"GJR-GARCH(1,1,1)-t"
24341,-25.611486460935126,-20.655135053219656,True,True,1.8664203454613326e-08,0.8582307758659198,"GJR-GARCH(1,1,1)-t"
21169,-13.784929512400417,-8.828578104684947,True,True,6.359063303212989e-13,4.0144501031805816e-13,"GJR-GARCH(1,1,1)-t"
16823,-1.0812343794362569,3.875117028279213,True,True,1.1527748685601994e-16,0.02830769524008895,"GJR-GARCH(1,1,1)-t"
14483,3.3570780677787333,8.313429475494203,True,False,3.4236460023086385e-24,1.0,"GJR-GARCH(1,1,1)-t"
12965,6.491696577411526,11.448047985126996,True,False,0.6654416263919594,0.6672791868040246,"GJR-GARCH(1,1,1)-t"
1249,-10.484390567429763,-5.528039159714293,True,True,3.9157296893136247e-11,0.009660249568862207,"GJR-GARCH(1,1,1)-t"
3655,-11.653697895712291,-6.697346487996821,True,True,5.693693428004999e-19,0.773518936238886,"GJR-GARCH(1,1,1)-t"
3836,-4.233039604768049,0.7233118029474213,True,False,0.0,1.0,"GJR-GARCH(1,1,1)-t"
16802,-10.088203488139232,-5.131852080423762,True,False,0.9114189800264787,0.5442905099867588,"GJR-GARCH(1,1,1)-t"
7213,-3.300871001913304,1.655480405802166,True,False,0.9999999999991441,1.2418541695271636e-12,"GJR-GARCH(1,1,1)-t"
12552,-6.851188470877016,-1.894837063161546,True,True,2.432341869900426e-11,0.9770171372579841,"GJR-GARCH(1,1,1)-t"
7883,-0.9609318520022132,3.995419555713257,True,False,0.0,1.0,"GJR-GARCH(1,1,1)-t"
25766,15.240781274488626,20.197132682204096,True,True,0.29291231027238657,0.0,"GJR-GARCH(1,1,1)-t"
23034,3.520607259720265,8.476958667435735,True,True,4.8111467180099926e-15,0.35747068938493254,"GJR-GARCH(1,1,1)-t"
12135,-9.277238270095367,-4.320886862379897,True,True,1.7552776917302247e-11,0.7076042369227948,"GJR-GARCH(1,1,1)-t"
27964,-21.30966625890367,-16.3533148511882,True,True,1.260921712456748e-17,0.9443099583570431,"GJR-GARCH(1,1,1)-t"
26841,-13.513655011937765,-8.557303604222295,True,False,0.06701458229743022,0.9664927078574227,"GJR-GARCH(1,1,1)-t"
6909,10.6626144468661,15.61896585458157,True,True,0.0,0.9117717694496008,"GJR-GARCH(1,1,1)-t"
5245,2.171832154021443,7.128183561736913,True,True,0.1835587530690146,0.46503124779451915,"GJR-GARCH(1,1,1)-t"
11775,10.606750775197202,15.563102182912672,True,True,1.43152425054596e-16,0.8438152440584933,"GJR-GARCH(1,1,1)-t"
27527,-9.95924845583053,-5.002897048115059,True,True,0.225437109644268,2.2558454759377132e-14,"GJR-GARCH(1,1,1)-t"
13720,-5.387329171913443,-0.43097776419797285,True,True,1.646519974307507e-16,0.5256929460246837,"GJR-GARCH(1,1,1)-t"
9381,8.75279400328664,13.70914541100211,True,True,2.5591879937166826e-17,2.9432513299220767e-16,"GJR-GARCH(1,1,1)-t"
8117,-10.589648746525274,-5.633297338809804,True,True,0.0,8.459318708682947e-15,"GJR-GARCH(1,1,1)-t"
20078,-1.4842427507134452,3.4721086570020248,True,True,0.0,0.9473094979422979,"GJR-GARCH(1,1,1)-t"
15746,-12.339086749585704,-7.382735341870234,True,True,0.3287186489104318,1.24713858804397e-16,"GJR-GARCH(1,1,1)-t"
31242,16.38640328894102,21.34275469665649,True,True,1.4705069008454637e-17,0.859857048896433,"GJR-GARCH(1,1,1)-t"
20568,-18.191674219248206,-13.235322811532736,True,False,9.485083183044174e-20,0.9999999999999979,"GJR-GARCH(1,1,1)-t"
31144,-8.549666539030493,-3.5933151313150233,True,True,3.241869885458845e-11,0.08829889793096996,"GJR-GARCH(1,1,1)-t"
7200,-11.472297163649127,-6.515945755933657,True,False,1.0,0.0,"GJR-GARCH(1,1,1)-t"
7764,-1.089436314192202,3.866915093523268,True,True,1.1167588433151416e-14,0.35809265049061345,"GJR-GARCH(1,1,1)-t"
4173,-10.883251641147506,-5.926900233432036,True,True,3.3265666140816547e-18,0.5557357122983503,"GJR-GARCH(1,1,1)-t"
24929,4.0979398770419735,9.054291284757443,True,True,2.5418659810301797e-15,0.1979812827771134,"GJR-GARCH(1,1,1)-t"
13627,8.627880517091006,13.584231924806476,True,True,5.268490832169161e-17,0.5743348970202484,"GJR-GARCH(1,1,1)-t"
5032,2.3727896863554108,7.329141094070881,True,True,0.3386491971747473,5.223369677456996e-11,"GJR-GARCH(1,1,1)-t"
10191,-0.28722839281710577,4.669123014898364,True,True,0.7092249697917409,5.174746203331032e-13,"GJR-GARCH(1,1,1)-t"
6932,9.201074697856862,14.157426105572332,True,False,0.0,1.0,"GJR-GARCH(1,1,1)-t"
5825,-10.729854984688558,-5.773503576973088,True,True,4.551124322241737e-19,0.4984116525978189,"GJR-GARCH(1,1,1)-t"
15010,11.715052964162389,16.67140437187786,True,True,0.0,0.8712899029692291,"GJR-GARCH(1,1,1)-t"
26849,1.466810112376125,6.423161520091595,True,True,0.5716376022263592,4.566250436342651e-16,"GJR-GARCH(1,1,1)-t"
23524,-11.568912980384027,-6.612561572668557,True,True,0.0,0.9204606052896558,"GJR-GARCH(1,1,1)-t"
22749,-3.570269308929131,1.3860820987863391,True,True,6.536363931531326e-14,0.6680774717708692,"GJR-GARCH(1,1,1)-t"
29252,2.6616003127036887,7.617951720419159,True,True,0.0,0.851599988723343,"GJR-GARCH(1,1,1)-t"
17305,5.432592432912305,10.388943840627775,True,False,0.0,0.9999999999999997,"GJR-GARCH(1,1,1)-t"
12481,-16.131913757660563,-11.175562349945093,True,True,2.866221019500136e-14,0.7026295011381224,"GJR-GARCH(1,1,1)-t"
1822,-1.1736207790363196,3.7827306286791504,True,False,6.591073165795415e-12,0.9999999855903228,"GJR-GARCH(1,1,1)-t"
27524,-12.794638049167919,-7.838286641452449,True,True,5.930963227711047e-16,0.9704627164554943,"GJR-GARCH(1,1,1)-t"
12182,-1.630635616864554,3.325715790850916,True,True,0.37791030460653285,1.3344941263681632e-11,"GJR-GARCH(1,1,1)-t"
24871,-10.316191029412675,-5.359839621697205,True,True,7.66164262287707e-17,0.6270148561102326,"GJR-GARCH(1,1,1)-t"
26362,-4.699239845179761,0.25711156253570877,True,False,1.9329885468698813e-15,0.9999999999999983,"GJR-GARCH(1,1,1)-t"
11987,-6.7878073912037635,-1.8314559834882935,True,True,1.868282476165086e-16,0.6901124784337879,"GJR-GARCH(1,1,1)-t"
31714,-14.754785081804403,-9.798433674088933,True,True,1.6710034775356842e-12,0.931683475195538,"GJR-GARCH(1,1,1)-t"
17672,-2.0134523219973097,2.9428990857181603,True,True,1.6111428532697976e-09,0.8698411957459689,"GJR-GARCH(1,1,1)-t"
21328,-3.533373679687063,1.4229777280284068,True,False,2.5536643272277055e-15,1.0,"GJR-GARCH(1,1,1)-t"
8435,-20.061282413794288,-15.104931006078818,True,True,3.699839532158792e-21,0.00948791426135745,"GJR-GARCH(1,1,1)-t"
273,-24.115300236579372,-19.158948828863902,True,False,0.9999999999343023,3.4172750139471596e-11,"GJR-GARCH(1,1,1)-t"
22616,-15.713308963793459,-10.756957556077989,True,False,1.0,0.0,"GJR-GARCH(1,1,1)-t"
27406,-20.411165856515325,-15.454814448799855,True,False,0.9999999998157201,9.929502539395202e-11,"GJR-GARCH(1,1,1)-t"
947,4.1993136845321,9.15566509224757,True,True,3.497345076532334e-14,0.7574852256154648,"GJR-GARCH(1,1,1)-t"
30896,2.9244241746134563,7.880775582328926,True,True,1.5920017727643814e-18,0.8922331064937292,"GJR-GARCH(1,1,1)-t"
19386,6.867774889165348,11.824126296880818,True,True,0.0,0.6558429568870643,"GJR-GARCH(1,1,1)-t"
21995,-8.986886039187706,-4.030534631472236,True,True,3.6848199087007417e-13,2.7523804365976767e-13,"GJR-GARCH(1,1,1)-t"
5831,-7.585313853442159,-2.628962445726689,True,True,1.2311674678004488e-15,0.7489530419838077,"GJR-GARCH(1,1,1)-t"
229,2.864172319670203,7.820523727385673,True,True,2.4484912756729647e-14,0.7098958164269811,"GJR-GARCH(1,1,1)-t"
25163,-5.100960815664344,-0.14460940794887378,True,True,0.0,0.27186456882456794,"GJR-GARCH(1,1,1)-t"
1938,10.080075235368557,15.036426643084027,True,True,1.2496088062885569e-14,2.1262896831556982e-13,"GJR-GARCH(1,1,1)-t"
31214,-7.1788773922352505,-2.2225259845197805,True,True,1.71499670402056e-11,0.8147221326470183,"GJR-GARCH(1,1,1)-t"
26277,-22.262076813634586,-17.305725405919116,True,True,4.224963719066293e-17,0.3393778625810352,"GJR-GARCH(1,1,1)-t"
14977,3.3899890638047765,8.346340471520246,True,True,1.0377268003423508e-14,0.6618862907697611,"GJR-GARCH(1,1,1)-t"
8196,-7.160233054252586,-2.2038816465371163,True,True,0.0,4.89352788047635e-11,"GJR-GARCH(1,1,1)-t"
27627,4.8011660956623174,9.757517503377787,True,True,5.892587625253064e-10,3.7561674209628496e-08,"GJR-GARCH(1,1,1)-t"
6940,-2.9012183184385414,2.0551330892769286,True,False,0.0,1.0,"GJR-GARCH(1,1,1)-t"
22829,1.675374875738834,6.631726283454304,True,True,7.640101723404208e-13,2.781996689339739e-11,"GJR-GARCH(1,1,1)-t"
2109,-6.943511292939032,-1.9871598852235621,True,True,0.0,0.0,"GJR-GARCH(1,1,1)-t"
4754,-14.578395796964486,-9.622044389249016,True,True,0.7233844119076898,1.2796257700434525e-17,"GJR-GARCH(1,1,1)-t"
6566,-15.97006311945762,-11.01371171174215,True,False,1.2690978069725037e-18,1.0,"GJR-GARCH(1,1,1)-t"
20453,-10.540989203164553,-5.584637795449083,True,True,0.0,0.0026186419790220792,"GJR-GARCH(1,1,1)-t"
4031,-9.7439873987991,-4.787635991083629,True,True,0.0,8.629421520516431e-15,"GJR-GARCH(1,1,1)-t"
5206,-2.260418012296739,2.695933395418731,True,False,3.374359933274962e-18,1.0,"GJR-GARCH(1,1,1)-t"
11722,-12.108534436842703,-7.152183029127233,True,True,1.306873975942811e-16,0.28841813729935917,"GJR-GARCH(1,1,1)-t"
3046,-10.264273504588083,-5.307922096872613,True,True,0.0,0.9495043558727158,"GJR-GARCH(1,1,1)-t"
7897,0.7951405981574897,5.75149200587296,True,True,0.0,0.8353617743818682,"GJR-GARCH(1,1,1)-t"
14234,-2.7367252044941317,2.2196262032213383,True,False,0.0,1.0,"GJR-GARCH(1,1,1)-t"
454,-0.08196525028630575,4.874386157429164,True,True,1.4502329617525268e-19,0.8175214186720969,"GJR-GARCH(1,1,1)-t"
5598,-9.44383349274814,-4.487482085032671,True,True,0.0,0.0,"GJR-GARCH(1,1,1)-t"
20790,-2.0892232049414865,2.8671282027739835,True,True,2.7117271514734575e-14,0.7979997645380718,"GJR-GARCH(1,1,1)-t"
17639,-16.171659199526783,-11.215307791811313,True,True,5.144146167693167e-12,0.9159754263931924,"GJR-GARCH(1,1,1)-t"
19495,-19.36997361041182,-14.413622202696349,True,True,0.14409120075333942,1.0243072183279763e-14,"GJR-GARCH(1,1,1)-t"
1205,15.303933263363282,20.26028467107875,True,True,0.0,0.0,"GJR-GARCH(1,1,1)-t"
468,-12.137506959917069,-7.181155552201599,True,True,0.09098415526334336,0.0,"GJR-GARCH(1,1,1)-t"
4367,10.745592763744526,15.701944171459996,True,True,0.0934084064171786,0.4956985731265995,"GJR-GARCH(1,1,1)-t"
14976,5.053164485180785,10.009515892896255,True,False,1.024604286169497e-15,0.9999999999999971,"GJR-GARCH(1,1,1)-t"
29583,-4.774270124743449,0.18208128297202109,True,True,3.530349574323981e-14,0.981654914091172,"GJR-GARCH(1,1,1)-t"
16500,-9.488039663533556,-4.531688255818086,True,True,8.633094239485218e-18,2.7799984536613927e-18,"GJR-GARCH(1,1,1)-t"
10985,-4.397119586942697,0.5592318207727729,True,True,0.0,0.9612348053122131,"GJR-GARCH(1,1,1)-t"
15934,-8.071633305459141,-3.115281897743671,True,False,2.2050586320342583e-15,1.0,"GJR-GARCH(1,1,1)-t"
20935,-7.643035350031834,-2.686683942316364,True,False,0.04095292184123706,0.9795235391005781,"GJR-GARCH(1,1,1)-t"
10701,-1.7382042184284874,3.2181471892869826,True,True,1.6092895045379293e-14,0.996134577879163,"GJR-GARCH(1,1,1)-t"
7512,-9.578567147501758,-4.622215739786288,True,True,0.0,0.6059944913022568,"GJR-GARCH(1,1,1)-t"
5929,3.6584236545493205,8.61477506226479,True,True,1.1353647350920214e-14,1.290168192967008e-13,"GJR-GARCH(1,1,1)-t"
17951,-10.474205034811803,-5.517853627096333,True,True,1.5647445561825766e-14,2.973752965399877e-13,"GJR-GARCH(1,1,1)-t"
7051,-15.423278724047336,-10.466927316331866,True,True,5.328766753112219e-17,2.1247123425190642e-16,"GJR-GARCH(1,1,1)-t"
22877,-5.748414612126332,-0.7920632044108622,True,True,0.2946383945946657,0.32990903482650186,"GJR-GARCH(1,1,1)-t"
10000,-2.2876370908586487,2.6687143168568213,True,False,0.09092759663780901,0.9545362016811365,"GJR-GARCH(1,1,1)-t"
29494,-8.117208164676143,-3.1608567569606727,True,True,1.2791549700976963e-13,0.43548358606217863,"GJR-GARCH(1,1,1)-t"
26862,-0.2806775848662646,4.675673822849205,True,True,0.7544478296409752,5.227528690589665e-13,"GJR-GARCH(1,1,1)-t"
24766,-8.27132403991494,-3.3149726321994706,True,True,2.596655014325204e-16,0.05140634132353725,"GJR-GARCH(1,1,1)-t"
29590,-4.148447870577243,0.8079035371382268,True,True,2.723506316371609e-15,0.5431852633803955,"GJR-GARCH(1,1,1)-t"
13595,-6.408490530853335,-1.452139123137865,True,False,0.2018021029398342,0.8811642149242492,"GJR-GARCH(1,1,1)-t"
15846,-7.677835236487574,-2.7214838287721044,True,True,2.6464032323948852e-18,8.144089257942243e-15,"GJR-GARCH(1,1,1)-t"
19799,-6.52872004879821,-1.5723686410827398,True,True,1.100928538389134e-15,0.15447055375056506,"GJR-GARCH(1,1,1)-t"
11886,-20.64997294294551,-15.69362153523004,True,True,3.705622233202034e-11,4.755116565240244e-10,"GJR-GARCH(1,1,1)-t"
62,-12.333213295215792,-7.376861887500322,True,False,0.9999999999999994,1.5739772364315584e-16,"GJR-GARCH(1,1,1)-t"
29441,-8.602389330680023,-3.6460379229645525,True,True,0.0,2.359196479470422e-12,"GJR-GARCH(1,1,1)-t"
9207,-13.718055027932547,-8.761703620217077,True,True,5.195789880452281e-13,0.9406942871116053,"GJR-GARCH(1,1,1)-t"
27752,-10.0288939795646,-5.07254257184913,True,False,0.13202081203069926,0.9059517544991086,"GJR-GARCH(1,1,1)-t"
8747,-7.646666232506167,-2.690314824790697,True,False,0.9999999999999609,0.4903702232365935,"GJR-GARCH(1,1,1)-t"
7854,-6.978700205474233,-2.022348797758763,True,False,2.821869723335232e-15,0.9999999999999943,"GJR-GARCH(1,1,1)-t"
7677,-8.40857555410733,-3.4522241463918597,True,True,1.7871653370790072e-17,0.40420640775246236,"GJR-GARCH(1,1,1)-t"
13491,-16.33047084293364,-11.37411943521817,True,True,5.1145208048876206e-14,2.7250728640525585e-14,"GJR-GARCH(1,1,1)-t"
9021,-1.1407061220420331,3.815645285673437,True,True,3.864003299621135e-14,7.710874287392434e-12,"GJR-GARCH(1,1,1)-t"
554,-21.62093048652637,-16.6645790788109,True,True,0.0,9.306125297619378e-16,"GJR-GARCH(1,1,1)-t"
27970,-13.747900977254488,-8.791549569539018,True,True,0.1707789908507103,0.4653539147092041,"GJR-GARCH(1,1,1)-t"
30790,14.1311094708702,19.08746087858567,True,True,0.0,0.6624261614366009,"GJR-GARCH(1,1,1)-t"
14452,-2.7838179286550933,2.1725334790603767,True,True,3.0447926576450493e-15,0.5807824113028727,"GJR-GARCH(1,1,1)-t"
10682,-10.29657673731727,-5.3402253296018,True,True,5.81958768565178e-20,2.7680043391057885e-16,"GJR-GARCH(1,1,1)-t"
29793,8.327279122982382,13.283630530697852,True,True,1.14392627344181e-12,2.5614639714912873e-11,"GJR-GARCH(1,1,1)-t"
14769,-20.26225549748723,-15.305904089771762,True,True,0.6142232141653473,0.0,"GJR-GARCH(1,1,1)-t"
18949,-15.643744685444037,-10.687393277728567,True,True,9.153097629229271e-17,0.14063583408299327,"GJR-GARCH(1,1,1)-t"
4377,0.7056781614299918,5.662029569145462,True,False,1.12107183535414e-15,0.9999999999999972,"GJR-GARCH(1,1,1)-t"
25680,-6.045722993801945,-1.0893715860864752,True,False,1.1612731649474505e-18,1.0,"GJR-GARCH(1,1,1)-t"
2139,-9.197666063977302,-4.241314656261832,True,False,0.8096920250287795,0.20852411789271952,"GJR-GARCH(1,1,1)-t"
24817,-14.953672338595688,-9.997320930880218,True,True,0.0,1.2426303453945688e-13,"GJR-GARCH(1,1,1)-t"
27467,0.6419882863248709,5.598339694040341,True,True,6.131103278371604e-16,0.0,"GJR-GARCH(1,1,1)-t"
11487,-20.31901493231055,-15.362663524595082,True,False,1.7193044871861155e-11,0.9999999999921619,"GJR-GARCH(1,1,1)-t"
4489,-7.494955897825431,-2.538604490109961,True,False,0.8160550944885719,0.5919724527562855,"GJR-GARCH(1,1,1)-t"
7447,-5.808033131883594,-0.8516817241681238,True,True,0.0,0.6512274294909659,"GJR-GARCH(1,1,1)-t"
27939,-6.494290454612557,-1.5379390468970868,True,False,1.0,0.23992588824597863,"GJR-GARCH(1,1,1)-t"
8426,6.653974474001243,11.610325881716713,True,False,0.0,1.0,"GJR-GARCH(1,1,1)-t"
19554,-3.2128709690468504,1.7434804386686196,True,False,1.5476976361302861e-15,0.9999999999999972,"GJR-GARCH(1,1,1)-t"
908,3.3989513245722094,8.35530273228768,True,False,1.3831002579228319e-15,0.9999999999999907,"GJR-GARCH(1,1,1)-t"
27919,-24.500156639678366,-19.543805231962896,True,False,0.9891905928757784,0.505404703561019,"GJR-GARCH(1,1,1)-t"
3270,1.212720826819817,6.169072234535287,True,True,0.0,0.6973816191614154,"GJR-GARCH(1,1,1)-t"
23054,-1.7178922969718222,3.238459110743648,True,True,0.0,0.566011599266528,"GJR-GARCH(1,1,1)-t"
6631,-7.354556676790978,-2.3982052690755076,True,True,0.0,0.0,"GJR-GARCH(1,1,1)-t"
1481,-18.688934180598096,-13.732582772882626,True,True,0.16982552766384942,4.205480132464975e-12,"GJR-GARCH(1,1,1)-t"
17328,-0.28969608860986185,4.666655319105608,True,True,0.0,0.4077770128741629,"GJR-GARCH(1,1,1)-t"
17825,-13.58326595087146,-8.62691454315599,True,True,0.6206864539786902,3.477912986959258e-17,"GJR-GARCH(1,1,1)-t"
10220,-7.8875228452283395,-2.9311714375128695,True,True,9.020408504842993e-15,6.931481301667872e-17,"GJR-GARCH(1,1,1)-t"
27403,-23.752189728206417,-18.795838320490947,True,True,4.043552513502691e-17,0.31608053197952746,"GJR-GARCH(1,1,1)-t"
12782,-2.7287666188690025,2.2275847888464675,True,True,3.9620859345575895e-13,0.0,"GJR-GARCH(1,1,1)-t"
7458,-11.881555480771624,-6.925204073056154,True,True,0.49920187000151073,0.3421734150426286,"GJR-GARCH(1,1,1)-t"
10619,3.669447512600712,8.625798920316182,True,True,0.0,0.7607821502252622,"GJR-GARCH(1,1,1)-t"
6367,-10.478770312807683,-5.522418905092213,True,True,3.7881494418057235e-14,0.3621790279506596,"GJR-GARCH(1,1,1)-t"
25015,-7.831967289496543,-2.875615881781073,True,True,0.0,0.4013557384730351,"GJR-GARCH(1,1,1)-t"
7309,-10.085273362744037,-5.1289219550285665,True,True,7.006552214710182e-17,0.7905671804688611,"GJR-GARCH(1,1,1)-t"
21906,-19.971803420311538,-15.015452012596068,True,True,8.363035244412656e-14,1.136007060762509e-13,"GJR-GARCH(1,1,1)-t"
30986,-0.9976615124859993,3.9586898952294707,True,False,0.29201593155909067,0.746320976412125,"GJR-GARCH(1,1,1)-t"
5063,-15.145302832042336,-10.188951424326866,True,False,3.4952376415641244e-12,0.9999999992726285,"GJR-GARCH(1,1,1)-t"
11449,-3.690955468971403,1.2653959387440672,True,True,1.8375828075394544e-18,3.713172076267785e-17,"GJR-GARCH(1,1,1)-t"
25569,0.8833884940151808,5.839739901730651,True,False,1.418237431882275e-10,0.9999999998754866,"GJR-GARCH(1,1,1)-t"
4293,-12.576167761091327,-7.619816353375857,True,False,0.8854672407890676,0.5572663793639429,"GJR-GARCH(1,1,1)-t"
17777,-9.549009436591081,-4.592658028875611,True,True,6.697829944261407e-13,0.6891201690806531,"GJR-GARCH(1,1,1)-t"
24178,3.8763115147638256,8.832662922479296,True,True,0.0,0.8213420139234173,"GJR-GARCH(1,1,1)-t"
10628,-17.767479170798936,-12.811127763083466,True,True,0.4366789038573205,0.28131450122358514,"GJR-GARCH(1,1,1)-t"
2086,-4.938856840526281,0.01749456718918907,True,True,0.3189326363822807,3.812878761475104e-11,"GJR-GARCH(1,1,1)-t"
5987,-2.738996799833494,2.217354607881976,True,False,1.211713262881335e-15,0.9999999999999921,"GJR-GARCH(1,1,1)-t"
20551,-6.5425230971997905,-1.5861716894843205,True,True,8.605390320303024e-14,0.023534063137440185,"GJR-GARCH(1,1,1)-t"
9302,-14.664686604196508,-9.708335196481038,True,True,0.0,1.3575574380455087e-13,"GJR-GARCH(1,1,1)-t"
18509,-7.607937841539332,-2.651586433823862,True,True,7.648680787322071e-11,2.250385811378794e-15,"GJR-GARCH(1,1,1)-t"
26798,-7.162079430062924,-2.2057280223474542,True,True,1.975173177225503e-13,0.9763225042759701,"GJR-GARCH(1,1,1)-t"
20837,3.9692857948093394,8.92563720252481,True,True,0.0,0.012110689173433801,"GJR-GARCH(1,1,1)-t"
5907,-10.069420554430891,-5.1130691467154215,True,True,0.0,0.4546757989805111,"GJR-GARCH(1,1,1)-t"
337,,,False,False,,,"GJR-GARCH(1,1,1)-t"
1377,-12.891526188970158,-7.935174781254688,True,True,0.1639994030344907,0.7217529847775871,"GJR-GARCH(1,1,1)-t"
25640,-5.217369343673866,-0.26101793595839595,True,True,0.030991128173067022,0.9610722971972393,"GJR-GARCH(1,1,1)-t"
29054,8.731437713186752,13.687789120902222,True,False,0.0,0.9999999999999998,"GJR-GARCH(1,1,1)-t"
11607,-3.6228245384611313,1.3335268692543387,True,True,2.9818747622165213e-15,0.5903301415980075,"GJR-GARCH(1,1,1)-t"
27181,-30.59160760509267,-25.6352561973772,True,True,2.4773160760076155e-17,0.6313333005210541,"GJR-GARCH(1,1,1)-t"
24253,-5.5267426393761845,-0.5703912316607145,True,True,3.312426345915017e-13,0.7660608274443007,"GJR-GARCH(1,1,1)-t"
13971,-21.071847073216468,-16.115495665500998,True,True,6.158413931793762e-13,0.8251713983964268,"GJR-GARCH(1,1,1)-t"
15818,-3.9071473747731567,1.0492040329423133,True,True,3.7351582267838203e-19,0.2966386343612283,"GJR-GARCH(1,1,1)-t"
30341,-16.999890275983944,-12.043538868268474,True,True,1.0011299641240326e-15,1.1373850825130566e-14,"GJR-GARCH(1,1,1)-t"
14297,0.24344667912393447,5.1997980868394045,True,True,3.691736769619274e-10,0.9615352613394889,"GJR-GARCH(1,1,1)-t"
26720,12.89652373595876,17.852875143674233,True,True,5.76200583174307e-19,0.786469110310627,"GJR-GARCH(1,1,1)-t"
7122,-24.3652632675823,-19.40891185986683,True,False,0.7206727670068142,0.5298257283288919,"GJR-GARCH(1,1,1)-t"
14908,3.195158281120367,8.151509688835837,True,True,0.22359460126052644,0.21223421352970132,"GJR-GARCH(1,1,1)-t"
9186,10.129836337401764,15.086187745117234,True,True,0.0,0.03328143767306115,"GJR-GARCH(1,1,1)-t"
24010,-4.556294493382108,0.4000569143333621,True,True,1.3531649432202627e-11,0.9597159650661663,"GJR-GARCH(1,1,1)-t"
19527,4.185263230222377,9.141614637937847,True,True,3.228247526436827e-13,2.989085334917546e-12,"GJR-GARCH(1,1,1)-t"
2006,-12.649511732242676,-7.693160324527206,True,True,0.0,0.9605376187996634,"GJR-GARCH(1,1,1)-t"
18628,-15.106189391251096,-10.149837983535626,True,False,0.8795897488838222,0.1664151655928037,"GJR-GARCH(1,1,1)-t"
8032,-8.685778567638454,-3.7294271599229845,True,True,1.7641287132755498e-16,4.263492305128807e-16,"GJR-GARCH(1,1,1)-t"
10070,-15.781550255678429,-10.825198847962959,True,False,0.9999999997825307,0.27347413464134507,"GJR-GARCH(1,1,1)-t"
25094,10.76479627471712,15.72114768243259,True,True,2.7416766761648738e-14,0.9225615095585372,"GJR-GARCH(1,1,1)-t"
18178,-2.2455682927980796,2.7107831149173904,True,True,0.0,0.07554842411871339,"GJR-GARCH(1,1,1)-t"
1676,-7.633853685885278,-2.6775022781698077,True,True,5.257917585642329e-15,0.463111235383331,"GJR-GARCH(1,1,1)-t"
25570,-19.249252636008038,-14.292901228292568,True,False,0.0,1.0,"GJR-GARCH(1,1,1)-t"
22487,0.07661968821703269,5.032971095932503,True,True,5.041034942883963e-13,4.0211237196004973e-10,"GJR-GARCH(1,1,1)-t"
13010,-7.112315733968632,-2.1559643262531623,True,True,0.0,1.2538023965247817e-08,"GJR-GARCH(1,1,1)-t"
27784,3.1989261248144736,8.155277532529944,True,True,7.399909469268739e-10,9.689960105496726e-09,"GJR-GARCH(1,1,1)-t"
9493,-4.991633370329662,-0.03528196261419225,True,True,0.0,0.14164384954784245,"GJR-GARCH(1,1,1)-t"
6906,0.30233845689598127,5.258689864611451,True,True,1.4350592492149103e-15,1.0631513312437366e-14,"GJR-GARCH(1,1,1)-t"
1712,-11.622970935689416,-6.666619527973946,True,False,0.17937130877055252,0.8399975361934388,"GJR-GARCH(1,1,1)-t"
30729,4.409310422969398,9.365661830684868,True,True,6.839520588094496e-12,0.6271844502075179,"GJR-GARCH(1,1,1)-t"
32048,-8.644430049527305,-3.6880786418118348,True,False,1.6374455871122158e-08,1.0,"GJR-GARCH(1,1,1)-t"
25772,-1.3854016261313031,3.570949781584167,True,True,4.94616038857931e-16,0.23480104439089136,"GJR-GARCH(1,1,1)-t"
3154,-1.2404483145176055,3.7159030931978645,True,True,3.4911195752819284e-12,0.936595054846876,"GJR-GARCH(1,1,1)-t"
19830,3.74271743086582,8.69906883858129,True,True,0.0990336152336725,0.015326822878146254,"GJR-GARCH(1,1,1)-t"
11809,-22.89913978339915,-17.94278837568368,True,True,0.0,1.3055978597171552e-14,"GJR-GARCH(1,1,1)-t"
17955,13.149792357821696,18.106143765537166,True,False,0.7186859106735641,0.6184670025303213,"GJR-GARCH(1,1,1)-t"
18534,-22.63837933631821,-17.68202792860274,True,False,0.24784612631610367,0.779821887969584,"GJR-GARCH(1,1,1)-t"
10349,2.007172218728149,6.963523626443619,True,True,0.0,0.0,"GJR-GARCH(1,1,1)-t"
26844,13.15790225511629,18.11425366283176,True,False,0.475986081523096,0.7189341482063238,"GJR-GARCH(1,1,1)-t"
4460,5.800242021547236,10.756593429262706,True,False,0.0,1.0,"GJR-GARCH(1,1,1)-t"
22076,-25.889134187399662,-20.932782779684192,True,True,1.4844199371818427e-15,0.20593876081900153,"GJR-GARCH(1,1,1)-t"
24085,0.9221069787315876,5.878458386447058,True,False,1.0,0.11356620505241342,"GJR-GARCH(1,1,1)-t"
30303,7.776249036777444,12.732600444492913,True,True,7.177164617107298e-14,0.9200475517442169,"GJR-GARCH(1,1,1)-t"
32083,-25.688222713519565,-20.731871305804095,True,True,8.595115194922737e-15,0.4339681669061419,"GJR-GARCH(1,1,1)-t"
31059,10.531788201897406,15.488139609612876,True,True,2.4370409059993737e-15,0.6262173144679912,"GJR-GARCH(1,1,1)-t"
1255,-22.545959269798495,-17.589607862083025,True,True,4.6671291600438925e-17,2.971447666893423e-16,"GJR-GARCH(1,1,1)-t"
2196,-5.553904300739166,-0.5975528930236962,True,True,6.7189121689494145e-19,6.008400170059031e-19,"GJR-GARCH(1,1,1)-t"
26771,-15.733751846516697,-10.777400438801227,True,False,3.829650372141716e-12,0.9999999999336624,"GJR-GARCH(1,1,1)-t"
24707,-5.728621035768398,-0.7722696280529284,True,True,0.6402742398922547,0.0,"GJR-GARCH(1,1,1)-t"
19699,-24.23110244620171,-19.27475103848624,True,True,0.0,0.6671155931987058,"GJR-GARCH(1,1,1)-t"
2811,-8.201441973322854,-3.2450905656073843,True,False,3.8309806565398475e-15,0.9999999999999943,"GJR-GARCH(1,1,1)-t"
1923,2.125328862003606,7.081680269719076,True,True,0.0,0.6517742183014588,"GJR-GARCH(1,1,1)-t"
5809,-8.358907167465738,-3.4025557597502676,True,True,1.2951044875337912e-13,3.591960687049636e-12,"GJR-GARCH(1,1,1)-t"
16031,-7.052389466387936,-2.096038058672466,True,True,6.533843806080718e-16,8.181874593123337e-15,"GJR-GARCH(1,1,1)-t"
14838,-2.725282397294734,2.231069010420736,True,True,4.956448401024715e-19,0.7167896095143609,"GJR-GARCH(1,1,1)-t"
11920,-10.606907899663621,-5.6505564919481515,True,True,0.0,0.0,"GJR-GARCH(1,1,1)-t"
11952,-4.487640744504265,0.4687106632112048,True,True,0.0,4.149930110309999e-15,"GJR-GARCH(1,1,1)-t"
13880,-19.515285773174462,-14.558934365458992,True,True,0.0,0.9635350013224258,"GJR-GARCH(1,1,1)-t"
12904,-4.324148065694136,0.6322033420213344,True,False,0.0,1.0,"GJR-GARCH(1,1,1)-t"
17264,3.4866513793708585,8.443002787086328,True,True,1.4139596888866935e-18,0.09204877459117017,"GJR-GARCH(1,1,1)-t"
2118,-14.40982037994226,-9.45346897222679,True,True,3.23808546500008e-16,0.0,"GJR-GARCH(1,1,1)-t"
18147,-10.505444181165249,-5.549092773449779,True,False,1.0,0.2739507161765534,"GJR-GARCH(1,1,1)-t"
1235,5.37719977536897,10.33355118308444,True,True,7.080513803163633e-12,6.783818646244326e-12,"GJR-GARCH(1,1,1)-t"
29120,9.249685952155534,14.206037359871004,True,True,1.8091153405201538e-16,0.9424837095516081,"GJR-GARCH(1,1,1)-t"
14623,-3.1583522699391935,1.7979991377762765,True,True,0.0,0.971779370362841,"GJR-GARCH(1,1,1)-t"
19678,10.52097639363235,15.47732780134782,True,True,1.7890004004707722e-14,0.08097414557980633,"GJR-GARCH(1,1,1)-t"
3465,2.665292760744073,7.621644168459543,True,True,0.0,0.8964297473180002,"GJR-GARCH(1,1,1)-t"
19034,-10.731115679303606,-5.774764271588136,True,False,0.0,0.9999999999999974,"GJR-GARCH(1,1,1)-t"
2891,-0.20978732083804452,4.7465640868774255,True,True,1.1741837413650994e-12,0.9884813774848132,"GJR-GARCH(1,1,1)-t"
26450,-10.838284132359966,-5.881932724644496,True,True,0.0979250855412362,3.953259389537171e-16,"GJR-GARCH(1,1,1)-t"
26021,11.051234034331031,16.0075854420465,True,True,0.05841828073589564,1.3979079718168784e-07,"GJR-GARCH(1,1,1)-t"
19090,1.9285204460256455,6.8848718537411155,True,True,0.0,3.3171590948478105e-13,"GJR-GARCH(1,1,1)-t"
14285,1.8079093707590719,6.764260778474542,True,True,0.8433738340798735,0.0,"GJR-GARCH(1,1,1)-t"
23405,-5.89480371399106,-0.9384523062755896,True,False,1.4890145418106165e-15,0.9999999999999997,"GJR-GARCH(1,1,1)-t"
2826,-12.434737704673005,-7.4783862969575345,True,True,5.5740206578864504e-15,0.8679949211445709,"GJR-GARCH(1,1,1)-t"
8271,-3.9901827376555943,0.9661686700598757,True,True,0.0,0.837247403987303,"GJR-GARCH(1,1,1)-t"
21614,-2.6348064471763983,2.3215449605390717,True,True,0.0,0.9632482173147104,"GJR-GARCH(1,1,1)-t"
30512,-5.8621322523022386,-0.9057808445867686,True,True,8.554144995725823e-14,0.9489748673972999,"GJR-GARCH(1,1,1)-t"
27158,-5.576206291620839,-0.6198548839053686,True,True,1.9306562058481046e-20,0.015087744756064673,"GJR-GARCH(1,1,1)-t"
25437,-13.199492319197187,-8.243140911481717,True,True,0.5434060567261991,0.08740286017347645,"GJR-GARCH(1,1,1)-t"
20213,-1.9885900713592033,2.9677613363562667,True,True,1.0662186133748781e-19,0.9470688323174788,"GJR-GARCH(1,1,1)-t"
411,-20.789455783491924,-15.833104375776454,True,True,2.707127875280763e-15,0.4189991243666025,"GJR-GARCH(1,1,1)-t"
12131,-0.20400933713127145,4.7523420705841986,True,False,0.4593608337414254,0.7703195831292882,"GJR-GARCH(1,1,1)-t"
1477,-4.772084338387344,0.18426706932812564,True,True,0.3749813584093378,8.17406703283398e-16,"GJR-GARCH(1,1,1)-t"
4962,-7.437159258918463,-2.480807851202993,True,False,2.5916242518176678e-15,0.9999999999999308,"GJR-GARCH(1,1,1)-t"
15742,-21.248117485896124,-16.291766078180654,True,True,4.1897570453956993e-16,0.7277867579156728,"GJR-GARCH(1,1,1)-t"
23246,13.180807395262267,18.137158802977737,True,True,6.447702498457174e-16,0.9696384361074757,"GJR-GARCH(1,1,1)-t"
31861,2.4129980632980246,7.369349471013495,True,False,1.0,0.21633437857684185,"GJR-GARCH(1,1,1)-t"
25427,-6.88270519916227,-1.9263537914468003,True,True,1.086188962277029e-15,0.2790906147060583,"GJR-GARCH(1,1,1)-t"
13421,-5.819146710231195,-0.8627953025157247,True,True,2.336187439047846e-13,0.053516582853647104,"GJR-GARCH(1,1,1)-t"
6613,5.460832917440216,10.417184325155686,True,True,1.3575158648663685e-14,4.565106418816064e-13,"GJR-GARCH(1,1,1)-t"
26708,-11.74622133840169,-6.789869930686219,True,True,3.507722366062817e-16,0.4134190840976403,"GJR-GARCH(1,1,1)-t"
29554,-10.083041525192947,-5.126690117477477,True,False,0.48663073795595585,0.7566846310228759,"GJR-GARCH(1,1,1)-t"
11682,-3.3801193506266856,1.5762320570887844,True,True,1.5335468421133183e-15,1.0110067121440019e-17,"GJR-GARCH(1,1,1)-t"
7572,5.555230791949599,10.51158219966507,True,True,0.0,0.6368583889320916,"GJR-GARCH(1,1,1)-t"
4038,5.100019581199737,10.056370988915207,True,False,0.0,1.0,"GJR-GARCH(1,1,1)-t"
26937,-5.4950304241666075,-0.5386790164511375,True,False,4.160423749467251e-19,1.0,"GJR-GARCH(1,1,1)-t"
30999,-18.059627836154554,-13.103276428439084,True,True,0.0,5.513327140171352e-10,"GJR-GARCH(1,1,1)-t"
8615,5.529278315077997,10.485629722793467,True,True,0.0,0.0,"GJR-GARCH(1,1,1)-t"
11090,-2.4512143448455994,2.5051370628698706,True,True,0.0,0.8980490134800457,"GJR-GARCH(1,1,1)-t"
13473,-20.925814922104394,-15.969463514388924,True,True,2.7354704727597716e-09,0.9733649077442084,"GJR-GARCH(1,1,1)-t"
9166,-3.277249221952971,1.679102185762499,True,True,4.880690115444981e-19,0.2366119022824056,"GJR-GARCH(1,1,1)-t"
20351,-22.73804210874892,-17.78169070103345,True,False,0.9999999999999325,0.499999999999908,"GJR-GARCH(1,1,1)-t"
4543,-9.248746830554186,-4.292395422838716,True,False,9.778572746208225e-19,1.0,"GJR-GARCH(1,1,1)-t"
28881,-22.62185005927862,-17.66549865156315,True,False,1.0,3.245481375809244e-20,"GJR-GARCH(1,1,1)-t"
14886,-0.2648312927607446,4.691520114954725,True,False,0.4524384187704347,0.571395929183083,"GJR-GARCH(1,1,1)-t"
10608,8.006545042431313,12.962896450146783,True,False,0.0,0.9999999999998398,"GJR-GARCH(1,1,1)-t"
9664,-9.276840997097217,-4.320489589381747,True,False,2.909776691335078e-22,1.0,"GJR-GARCH(1,1,1)-t"
12011,-6.409847771479512,-1.4534963637640423,True,True,0.35448617279079997,2.0301354236755065e-16,"GJR-GARCH(1,1,1)-t"
20581,22.35438249378072,27.31073390149619,True,True,1.5850657683025549e-15,0.7328832558739522,"GJR-GARCH(1,1,1)-t"
19810,-3.9039394139564223,1.0524119937590477,True,True,0.0,0.9526211008391403,"GJR-GARCH(1,1,1)-t"
18701,-10.392919188261292,-5.436567780545822,True,True,4.618150276299898e-16,1.0395078855700368e-13,"GJR-GARCH(1,1,1)-t"
31984,2.3264891481500705,7.2828405558655405,True,False,0.9999999999999998,7.480356469801781e-20,"GJR-GARCH(1,1,1)-t"
16992,-12.575432290137691,-7.619080882422221,True,True,0.25556572884777,0.19943810317909758,"GJR-GARCH(1,1,1)-t"
17161,7.637134519676204,12.593485927391674,True,True,0.0,0.9867176453089093,"GJR-GARCH(1,1,1)-t"
319,-13.224864260664937,-8.268512852949467,True,True,0.0,1.8862907647849585e-15,"GJR-GARCH(1,1,1)-t"
25334,-11.01879526542275,-6.0624438577072794,True,True,0.0,0.7774219021367975,"GJR-GARCH(1,1,1)-t"
3431,0.6011597733082823,5.557511181023752,True,True,0.0,0.6711398394267055,"GJR-GARCH(1,1,1)-t"
13217,-5.727822176410555,-0.7714707686950852,True,True,1.0617934565392012e-15,0.818688954907011,"GJR-GARCH(1,1,1)-t"
4310,-2.082240920867065,2.874110486848405,True,True,0.0,0.8147044604926905,"GJR-GARCH(1,1,1)-t"
3008,-4.273801114943261,0.6825502927722091,True,True,8.833308762872766e-12,0.9537148144895845,"GJR-GARCH(1,1,1)-t"
18940,-5.459404430686266,-0.5030530229707963,True,True,0.0,0.0,"GJR-GARCH(1,1,1)-t"
1663,-8.758402703106114,-3.802051295390644,True,False,3.968343458840059e-21,1.0,"GJR-GARCH(1,1,1)-t"
24101,-16.714939078743278,-11.758587671027808,True,True,5.510747036245855e-12,8.715153174165571e-11,"GJR-GARCH(1,1,1)-t"
17528,3.250444161596775,8.206795569312245,True,True,6.605846866309974e-13,0.7099410908344561,"GJR-GARCH(1,1,1)-t"
27795,-12.192070099807847,-7.235718692092377,True,False,2.2367152748424163e-16,0.999999999999999,"GJR-GARCH(1,1,1)-t"
31209,,,False,False,,,"GJR-GARCH(1,1,1)-t"
21695,-6.003271811284094,-1.046920403568624,True,False,4.72640990896268e-16,1.0,"GJR-GARCH(1,1,1)-t"
5539,-3.1094617319565394,1.8468896757589306,True,False,0.0,1.0,"GJR-GARCH(1,1,1)-t"
1075,12.268418165957431,17.2247695736729,True,True,0.0,0.6047132968047685,"GJR-GARCH(1,1,1)-t"
2366,2.1130947358422514,7.069446143557721,True,True,0.7305431921237587,0.1085884576570416,"GJR-GARCH(1,1,1)-t"
29974,-3.4797737423360253,1.4765776653794447,True,False,0.0,1.0,"GJR-GARCH(1,1,1)-t"
17914,-17.58697357370794,-12.63062216599247,True,True,3.4449088412081254e-14,1.4128009837880314e-14,"GJR-GARCH(1,1,1)-t"
23624,-18.266961226861973,-13.310609819146503,True,True,7.107635958358225e-15,0.6576569129742347,"GJR-GARCH(1,1,1)-t"
31570,-5.0274730990159995,-0.07112169130052948,True,True,0.4567520571144161,0.23856181689612496,"GJR-GARCH(1,1,1)-t"
30803,8.171783616122454,13.128135023837924,True,False,2.304068663629669e-13,0.9999999999996411,"GJR-GARCH(1,1,1)-t"
27071,-9.356350854855492,-4.399999447140022,True,True,1.969165788912035e-15,0.12614680244700124,"GJR-GARCH(1,1,1)-t"
24073,7.140879306680857,12.097230714396327,True,False,2.9622145996714624e-14,0.9999999999916402,"GJR-GARCH(1,1,1)-t"
13861,-0.26053953089422777,4.695811876821242,True,True,0.0,0.0,"GJR-GARCH(1,1,1)-t"
5749,27.015545255248306,31.971896662963776,True,False,0.300088484411531,0.8499557577942345,"GJR-GARCH(1,1,1)-t"
19551,-6.894064154730721,-1.9377127470152509,True,True,2.604579986467501e-16,0.9824585511212025,"GJR-GARCH(1,1,1)-t"
13602,29.58494918108122,34.54130058879669,True,False,5.530832019659941e-15,1.0,"GJR-GARCH(1,1,1)-t"
11111,-9.731462336019312,-4.775110928303842,True,False,2.6330840469431884e-16,0.9999999999999735,"GJR-GARCH(1,1,1)-t"
31173,-0.4128808868017053,4.543470520913765,True,True,0.23007617031751365,2.7364506706049282e-17,"GJR-GARCH(1,1,1)-t"
30013,-7.901586269137045,-2.945234861421575,True,True,6.190035485211397e-19,0.543837078598794,"GJR-GARCH(1,1,1)-t"
5497,1.934757454162682,6.891108861878152,True,False,0.0,1.0,"GJR-GARCH(1,1,1)-t"
250,-1.1888043566871236,3.7675470510283464,True,True,5.845696180370445e-22,2.0771198761177985e-21,"GJR-GARCH(1,1,1)-t"
16731,8.940836782530742,13.897188190246212,True,True,3.8393897591295404e-12,0.8046488602590023,"GJR-GARCH(1,1,1)-t"
30376,-11.486971443583165,-6.530620035867695,True,True,8.490548013895585e-09,0.9583164652609402,"GJR-GARCH(1,1,1)-t"
27622,-9.57097973873195,-4.61462833101648,True,True,0.45830805654817197,0.1224763781005471,"GJR-GARCH(1,1,1)-t"
28993,-9.211686183054951,-4.255334775339481,True,False,7.40212741833257e-22,1.0,"GJR-GARCH(1,1,1)-t"
11589,-2.5728017095226576,2.3835496981928124,True,True,4.9650701335190105e-14,0.9109759369404824,"GJR-GARCH(1,1,1)-t"
29740,1.506761611837515,6.463113019552985,True,False,2.0740398047912344e-19,0.9999999259363862,"GJR-GARCH(1,1,1)-t"
4131,7.265542566453204,12.221893974168674,True,False,0.99999999999999,0.5000000000000105,"GJR-GARCH(1,1,1)-t"
22178,2.4413879250308987,7.397739332746369,True,True,1.4170178161706598e-13,0.9920118656340737,"GJR-GARCH(1,1,1)-t"
5,-2.889954366025645,2.066397041689825,True,False,2.436081621461758e-16,1.0,"GJR-GARCH(1,1,1)-t"
15671,-3.681486311050488,1.274865096664982,True,True,0.0,0.5033438359190744,"GJR-GARCH(1,1,1)-t"
4958,5.535592491066597,10.491943898782067,True,True,0.0,0.9898434354597855,"GJR-GARCH(1,1,1)-t"
27757,-2.0456945997051257,2.9106568080103443,True,True,0.6874450375998968,3.502447402495119e-18,"GJR-GARCH(1,1,1)-t"
26786,-11.648457404751703,-6.692105997036233,True,True,0.0,0.6747216448145397,"GJR-GARCH(1,1,1)-t"
31380,-19.659746654501816,-14.703395246786346,True,True,0.2303392029442568,0.2011448548351368,"GJR-GARCH(1,1,1)-t"
10938,3.9778680011466445,8.934219408862115,True,True,6.655294454825816e-16,0.9696379186304738,"GJR-GARCH(1,1,1)-t"
1427,-5.015257624570953,-0.05890621685548325,True,True,0.7374123510691846,1.0533399855929234e-10,"GJR-GARCH(1,1,1)-t"
5793,-1.6941167154799608,3.262234692235509,True,True,0.5963318778261765,0.0,"GJR-GARCH(1,1,1)-t"
17570,0.7779243646410414,5.734275772356511,True,True,0.0,0.9500571861286671,"GJR-GARCH(1,1,1)-t"
7548,0.6614750787958847,5.617826486511355,True,True,6.528831427023681e-13,0.981419904963374,"GJR-GARCH(1,1,1)-t"
2600,1.3806066482489747,6.336958055964445,True,False,0.9999999999999994,0.06400387117857373,"GJR-GARCH(1,1,1)-t"
10455,-5.928800087509963,-0.9724486797944927,True,True,1.2725117994470656e-14,0.5685947987288319,"GJR-GARCH(1,1,1)-t"
32547,-18.38339577140085,-13.42704436368538,True,True,1.2573295192584729e-15,1.6913422719984118e-15,"GJR-GARCH(1,1,1)-t"
20715,-1.198191851927966,3.758159555787504,True,True,4.837820287108258e-13,1.454008497224093e-12,"GJR-GARCH(1,1,1)-t"
25367,-25.125414436420037,-20.169063028704567,True,False,1.0,9.161547075699198e-19,"GJR-GARCH(1,1,1)-t"
11393,-0.2884865483691037,4.667864859346366,True,False,0.9999999999999984,1.1189521834349895e-15,"GJR-GARCH(1,1,1)-t"
17355,2.664033634051389,7.620385041766859,True,True,0.0,2.4900678664581844e-14,"GJR-GARCH(1,1,1)-t"
31236,-4.805099447098865,0.15125196061660517,True,True,0.13326043414392189,1.6823748352998401e-09,"GJR-GARCH(1,1,1)-t"
12423,-5.6621386411381,-0.7057872334226296,True,False,1.197866624111119e-15,0.9999999999999925,"GJR-GARCH(1,1,1)-t"
10460,7.374887593757815,12.331239001473286,True,False,0.39446899806023566,0.8027655000984326,"GJR-GARCH(1,1,1)-t"
13912,-13.595751757972963,-8.639400350257493,True,True,0.0,0.9454957194551581,"GJR-GARCH(1,1,1)-t"
10672,6.4330007235240325,11.389352131239502,True,True,8.526843890820447e-17,0.9547570721197913,"GJR-GARCH(1,1,1)-t"
20196,-2.2607108313964837,2.6956405763189863,True,True,2.037855611512424e-11,1.4592382773818385e-10,"GJR-GARCH(1,1,1)-t"
12579,12.250697594978028,17.2070490026935,True,True,0.0,0.6675875045070463,"GJR-GARCH(1,1,1)-t"
2010,9.787054839916346,14.743406247631816,True,False,0.0,0.9999999999999996,"GJR-GARCH(1,1,1)-t"
11243,-15.122935807609672,-10.166584399894202,True,True,1.6931891757141945e-19,4.099804437920936e-15,"GJR-GARCH(1,1,1)-t"
19281,-10.401960518115065,-5.4456091103995945,True,True,0.0,0.9024935037097177,"GJR-GARCH(1,1,1)-t"
31,-14.207554302182963,-9.251202894467493,True,True,0.0,0.3452987841825162,"GJR-GARCH(1,1,1)-t"
1302,-11.342108094845802,-6.385756687130332,True,False,0.0,0.9999999999999999,"GJR-GARCH(1,1,1)-t"
317,-3.3338955184746624,1.6224558892408076,True,True,0.08464341223260126,3.754336703341096e-15,"GJR-GARCH(1,1,1)-t"
22307,4.3759207731753165,9.332272180890786,True,True,7.238635945023039e-22,0.9843393670519934,"GJR-GARCH(1,1,1)-t"
8587,-8.771002056925408,-3.8146506492099377,True,True,0.0,0.8281586992785769,"GJR-GARCH(1,1,1)-t"
15280,-11.530564408203684,-6.574213000488214,True,False,0.9999999999979626,0.33257273255261943,"GJR-GARCH(1,1,1)-t"
3211,0.6319864916342475,5.5883378993497175,True,True,0.009295030433858785,1.3641737864024193e-21,"GJR-GARCH(1,1,1)-t"
6730,0.5332274134951938,5.489578821210664,True,True,9.191930152067375e-16,0.8337592582733171,"GJR-GARCH(1,1,1)-t"
23780,-19.55173306977747,-14.595381662062,True,False,8.860154964656668e-15,0.999999999999749,"GJR-GARCH(1,1,1)-t"
7653,5.965488060612461,10.921839468327931,True,False,1.6398067561764524e-15,0.9999999999999959,"GJR-GARCH(1,1,1)-t"
7367,-5.152098818798155,-0.19574741108268512,True,False,0.22553766600284045,0.8872311669981171,"GJR-GARCH(1,1,1)-t"
24535,8.020447363160343,12.976798770875813,True,True,0.0,0.9289751560158555,"GJR-GARCH(1,1,1)-t"
12486,-6.609779422327314,-1.653428014611844,True,True,6.183659084950978e-16,9.331726220439979e-14,"GJR-GARCH(1,1,1)-t"
32053,-11.366874838155848,-6.410523430440378,True,False,0.9999916348194458,3.203424097974568e-06,"GJR-GARCH(1,1,1)-t"
2440,-28.586208589206606,-23.629857181491136,True,True,0.0012036824946902928,6.580594440579799e-14,"GJR-GARCH(1,1,1)-t"
12111,2.6675846620033763,7.623936069718846,True,True,0.0,0.938141081079676,"GJR-GARCH(1,1,1)-t"
22042,-2.3980531209099496,2.5582982868055204,True,False,1.9106772875898617e-15,0.9999999999999978,"GJR-GARCH(1,1,1)-t"
10262,4.246308795397356,9.202660203112826,True,True,2.0770473003819154e-15,4.613818107478025e-15,"GJR-GARCH(1,1,1)-t"
16594,-10.86157573711256,-5.90522432939709,True,True,0.0,0.0,"GJR-GARCH(1,1,1)-t"
11597,-9.734911259715872,-4.778559852000402,True,True,3.1641772040785872e-12,0.8944614305522957,"GJR-GARCH(1,1,1)-t"
13986,6.620211166318378,11.576562574033847,True,False,0.0,1.0,"GJR-GARCH(1,1,1)-t"
11750,-13.592918662214384,-8.636567254498914,True,True,8.162822826236609e-09,0.8758137553679406,"GJR-GARCH(1,1,1)-t"
27247,-13.13709902523994,-8.18074761752447,True,True,1.460123232127282e-18,0.9986201808327789,"GJR-GARCH(1,1,1)-t"
14312,-10.48363958402279,-5.527288176307319,True,False,9.396990846227595e-15,1.0,"GJR-GARCH(1,1,1)-t"
14465,0.6139478646571987,5.570299272372669,True,True,1.153642366345558e-16,2.097008102636159e-15,"GJR-GARCH(1,1,1)-t"
6626,-18.91166859552954,-13.955317187814071,True,True,0.05083181826132708,0.3036133424753089,"GJR-GARCH(1,1,1)-t"
9583,3.507248380918444,8.463599788633914,True,False,0.9999999999793181,5.096088340954267e-12,"GJR-GARCH(1,1,1)-t"
1000,-23.6428336495718,-18.68648224185633,True,True,6.387775524213877e-12,3.088185877187807e-09,"GJR-GARCH(1,1,1)-t"
17191,4.104267381648672,9.060618789364142,True,False,0.9999999999999988,1.3393685363854807e-15,"GJR-GARCH(1,1,1)-t"
31456,-6.038706158554977,-1.0823547508395066,True,False,0.9999999999995702,0.20966211770194765,"GJR-GARCH(1,1,1)-t"
6619,-2.81920431887416,2.13714708884131,True,True,0.026765731357497585,0.9393127006323335,"GJR-GARCH(1,1,1)-t"
24705,-7.189512013688272,-2.2331606059728024,True,True,4.466424630450407e-16,0.0,"GJR-GARCH(1,1,1)-t"
24913,-9.890900537499483,-4.934549129784013,True,True,1.616207537223757e-14,0.9472154571172574,"GJR-GARCH(1,1,1)-t"
951,-6.297509797886324,-1.341158390170854,True,True,3.5031580001946413e-09,0.9378129632473945,"GJR-GARCH(1,1,1)-t"
23017,4.26029948086032,9.21665088857579,True,True,4.713434633084695e-19,7.053946158319782e-14,"GJR-GARCH(1,1,1)-t"
20234,6.859959750712694,11.816311158428164,True,False,0.0,1.0,"GJR-GARCH(1,1,1)-t"
20669,0.5939821429775591,5.550333550693029,True,True,6.755369458359988e-13,1.7261083755190446e-11,"GJR-GARCH(1,1,1)-t"
11431,-2.074434702037884,2.881916705677586,True,True,0.0,3.698829648619564e-16,"GJR-GARCH(1,1,1)-t"
2385,-12.878181268605534,-7.921829860890064,True,True,3.204045348966114e-19,0.7065808285328632,"GJR-GARCH(1,1,1)-t"
12102,2.895324339235394,7.851675746950864,True,False,0.0,1.0,"GJR-GARCH(1,1,1)-t"
14054,-0.15199853872602276,4.804352868989447,True,True,2.1216391671818728e-19,0.6841001230499835,"GJR-GARCH(1,1,1)-t"
20550,-1.948335141752768,3.008016265962702,True,True,0.0,0.0,"GJR-GARCH(1,1,1)-t"
18445,2.3704545056599855,7.3268059133754555,True,True,5.183161606475022e-21,0.4667703587483638,"GJR-GARCH(1,1,1)-t"
309,-1.36537928820343,3.59097211951204,True,True,8.004527921561635e-18,0.6513111616900287,"GJR-GARCH(1,1,1)-t"
5171,-6.0887384226153145,-1.1323870148998445,True,True,0.35129307359187467,0.37260956816747864,"GJR-GARCH(1,1,1)-t"
12206,-22.375248424613524,-17.418897016898054,True,False,0.9999999999999997,0.42048258205570216,"GJR-GARCH(1,1,1)-t"
6108,3.615170359005834,8.571521766721304,True,True,0.34709087277536427,0.0,"GJR-GARCH(1,1,1)-t"
11120,2.091550164521058,7.047901572236528,True,True,4.2511874490153804e-14,0.6300742482414413,"GJR-GARCH(1,1,1)-t"
13480,0.27593878647825676,5.232290194193727,True,True,0.0,0.0,"GJR-GARCH(1,1,1)-t"
28422,5.9901037324049184,10.946455140120388,True,True,0.0,0.3946829296473294,"GJR-GARCH(1,1,1)-t"
27857,-11.137496402438703,-6.181144994723233,True,False,3.81026905492639e-16,0.9999999999999998,"GJR-GARCH(1,1,1)-t"
21685,-12.879326327854038,-7.922974920138568,True,False,0.0,0.9999999999999826,"GJR-GARCH(1,1,1)-t"
17387,-5.425063100617358,-0.46871169290188774,True,True,7.380424295704277e-12,0.0,"GJR-GARCH(1,1,1)-t"
9846,10.354485904832504,15.310837312547974,True,False,0.07692769192990105,0.9233413382247335,"GJR-GARCH(1,1,1)-t"
31814,0.9441169012833637,5.900468308998834,True,True,1.1191428838946631e-08,3.4727321412579025e-08,"GJR-GARCH(1,1,1)-t"
1587,-1.532747847280568,3.423603560434902,True,True,2.4761618471141817e-14,0.8322037197886473,"GJR-GARCH(1,1,1)-t"
16869,-11.225360837591047,-6.269009429875577,True,True,0.0,0.9532325703429239,"GJR-GARCH(1,1,1)-t"
16192,7.583939885185777,12.540291292901248,True,False,1.8453788278720162e-17,0.999999999992582,"GJR-GARCH(1,1,1)-t"
5149,-16.942184926473114,-11.985833518757644,True,False,0.49920017616740453,0.750399911916302,"GJR-GARCH(1,1,1)-t"
6723,-1.3463153448902165,3.6100360628252535,True,True,0.0,2.857224327949434e-15,"GJR-GARCH(1,1,1)-t"
18184,-0.5093203363446897,4.44703107137078,True,True,7.3777431985493e-14,0.6458906711800411,"GJR-GARCH(1,1,1)-t"
9887,0.1217396317520052,5.078091039467475,True,True,0.0,0.8308985531696033,"GJR-GARCH(1,1,1)-t"
14004,-4.903309272742739,0.05304213497273125,True,True,7.19376267893535e-17,0.0,"GJR-GARCH(1,1,1)-t"
2534,-11.711260989255734,-6.754909581540264,True,False,0.9999999999221671,0.3621068104229372,"GJR-GARCH(1,1,1)-t"
1070,-6.821082097842034,-1.8647306901265637,True,False,0.0,1.0,"GJR-GARCH(1,1,1)-t"
6643,-17.706967036796232,-12.750615629080762,True,True,0.40252820859102556,0.08283912984573395,"GJR-GARCH(1,1,1)-t"
1761,5.038385228040966,9.994736635756436,True,False,0.0,1.0,"GJR-GARCH(1,1,1)-t"
2075,32.65998788638075,37.616339294096214,True,False,2.9156582708593677e-17,1.0,"GJR-GARCH(1,1,1)-t"
3233,-1.2905799172446173,3.6657714904708527,True,True,0.0,0.6564795261099609,"GJR-GARCH(1,1,1)-t"
72,17.84187350320457,22.79822491092004,True,False,0.0,1.0,"GJR-GARCH(1,1,1)-t"
18200,14.544682505815675,19.501033913531145,True,False,0.9999999999999989,0.10801508517944151,"GJR-GARCH(1,1,1)-t"
21431,-14.709483211167399,-9.753131803451929,True,True,0.2650606515266399,4.4275045074986905e-17,"GJR-GARCH(1,1,1)-t"
18077,1.7740124490220364,6.730363856737506,True,True,6.276282941617198e-15,6.31404449812015e-14,"GJR-GARCH(1,1,1)-t"
20631,-5.218603649021887,-0.2622522413064168,True,False,0.6300500633000333,0.684974968355921,"GJR-GARCH(1,1,1)-t"
6859,-2.272246657154934,2.684104750560536,True,True,4.1563654329779314e-16,5.759518443905609e-10,"GJR-GARCH(1,1,1)-t"
26864,-5.802256527096649,-0.8459051193811788,True,True,0.0,0.3961291327814733,"GJR-GARCH(1,1,1)-t"
14646,-15.500197438910412,-10.543846031194942,True,True,2.8770798997202316e-16,0.887262305779103,"GJR-GARCH(1,1,1)-t"
24033,5.435253647698744,10.391605055414214,True,True,2.289805594518547e-18,1.5531074673536365e-15,"GJR-GARCH(1,1,1)-t"
32126,-18.36719090003362,-13.41083949231815,True,True,4.293381575552427e-09,0.9329149981002016,"GJR-GARCH(1,1,1)-t"
22759,-1.792711807110356,3.163639600605114,True,True,0.0,1.6524848289369605e-16,"GJR-GARCH(1,1,1)-t"
20914,-14.088126521750933,-9.131775114035463,True,True,0.0,0.10320955536218042,"GJR-GARCH(1,1,1)-t"
19636,9.218579695191835,14.174931102907305,True,True,9.710633602137885e-17,0.7169849583274404,"GJR-GARCH(1,1,1)-t"
26804,0.5514892298844494,5.507840637599919,True,True,1.095269074015915e-15,0.6266272710219477,"GJR-GARCH(1,1,1)-t"
16699,-8.474024294815347,-3.5176728870998772,True,False,0.0,1.0,"GJR-GARCH(1,1,1)-t"
31434,-16.544286213564693,-11.587934805849223,True,True,0.8333441393830978,2.0461945390778705e-11,"GJR-GARCH(1,1,1)-t"
9735,16.699683595193704,21.656035002909178,True,False,0.09552059916337109,0.952239700412057,"GJR-GARCH(1,1,1)-t"
4774,-9.446136596874862,-4.489785189159392,True,False,0.999999999999996,6.000329576544472e-15,"GJR-GARCH(1,1,1)-t"
23185,18.07196448338005,23.02831589109552,True,True,0.0,0.7205461075674467,"GJR-GARCH(1,1,1)-t"
26672,-10.512706082116757,-5.5563546744012875,True,False,7.497880759260078e-19,0.9999999999999999,"GJR-GARCH(1,1,1)-t"
10072,-12.556554877063132,-7.600203469347662,True,True,0.0,0.876482605333712,"GJR-GARCH(1,1,1)-t"
14995,-2.1455646887553677,2.8107867189601023,True,True,1.1831771988979466e-12,2.0761645289888578e-11,"GJR-GARCH(1,1,1)-t"
12178,6.511306268537391,11.46765767625286,True,True,9.709263953842033e-19,0.8349993638879716,"GJR-GARCH(1,1,1)-t"
31193,-2.70799674938738,2.24835465832809,True,True,0.0,0.9060161047292451,"GJR-GARCH(1,1,1)-t"
16488,-16.65728858954761,-11.700937181832138,True,True,8.442412951044812e-08,0.9082040056349217,"GJR-GARCH(1,1,1)-t"
16454,3.6007370908559118,8.557088498571382,True,True,0.9277115803993476,0.04138747008798859,"GJR-GARCH(1,1,1)-t"
14895,8.217838883141264,13.174190290856734,True,True,7.301555388281435e-14,5.428425156431762e-13,"GJR-GARCH(1,1,1)-t"
2136,9.080799009973378,14.037150417688848,True,True,0.8836010175413221,4.034930507055946e-10,"GJR-GARCH(1,1,1)-t"
15276,15.98036858707395,20.93671999478942,True,True,0.0,0.9882868662026197,"GJR-GARCH(1,1,1)-t"
25085,-5.014182881695234,-0.05783147397976407,True,True,9.902265413304488e-13,0.5171890193948288,"GJR-GARCH(1,1,1)-t"
19871,7.4773387616647815,12.433690169380252,True,False,1.1263662503390815e-15,0.9999999999999947,"GJR-GARCH(1,1,1)-t"
14088,-18.010811351915265,-13.054459944199795,True,True,1.5679990645863042e-20,0.9709196133559995,"GJR-GARCH(1,1,1)-t"
4851,-10.506561823842251,-5.550210416126781,True,True,3.720944638264454e-15,0.6228699589703038,"GJR-GARCH(1,1,1)-t"
16519,-7.51413534264865,-2.5577839349331803,True,True,4.439997155553553e-16,0.18124645013668145,"GJR-GARCH(1,1,1)-t"
26606,7.270415652216029,12.226767059931499,True,True,0.0,0.600590861291659,"GJR-GARCH(1,1,1)-t"
29761,5.9318396510022104,10.88819105871768,True,True,4.345954424982929e-17,2.242871473086385e-16,"GJR-GARCH(1,1,1)-t"
30183,,,False,False,,,"GJR-GARCH(1,1,1)-t"
15845,,,False,False,,,"GJR-GARCH(1,1,1)-t"
26170,-9.410363981485908,-4.454012573770438,True,False,1.459128628352277e-10,1.0,"GJR-GARCH(1,1,1)-t"
17491,-15.476052226438668,-10.519700818723198,True,True,2.003501661128141e-16,0.0,"GJR-GARCH(1,1,1)-t"
21848,-12.031326351940795,-7.074974944225325,True,True,1.625116810089114e-10,0.9432809510290666,"GJR-GARCH(1,1,1)-t"
21139,-5.741855047918126,-0.7855036402026556,True,True,1.6117605571003399e-15,1.7337378907121004e-18,"GJR-GARCH(1,1,1)-t"
5666,2.4736833841995907,7.430034791915061,True,False,0.55501328528163,0.7224933573591871,"GJR-GARCH(1,1,1)-t"
32750,12.397639199905871,17.35399060762134,True,False,2.1238552868901606e-18,0.9999999999999999,"GJR-GARCH(1,1,1)-t"
26024,13.751705146676164,18.708056554391632,True,True,3.131074025026799e-20,0.9776105690191741,"GJR-GARCH(1,1,1)-t"
18836,-2.782616357001938,2.173735050713532,True,True,0.0,0.9045280739027175,"GJR-GARCH(1,1,1)-t"
31320,-0.037594669507374334,4.918756738208096,True,False,0.9999999999999837,2.7809398759528026e-15,"GJR-GARCH(1,1,1)-t"
13699,3.344471249429354,8.300822657144824,True,True,0.7786252158110659,2.543068506739178e-13,"GJR-GARCH(1,1,1)-t"
16367,-12.048542064302534,-7.092190656587064,True,True,0.010010166177785836,8.30010800430226e-10,"GJR-GARCH(1,1,1)-t"
11007,-11.508590675555112,-6.552239267839642,True,True,0.0,0.2547669397244283,"GJR-GARCH(1,1,1)-t"
30471,-3.2815693188991517,1.6747820888163183,True,True,0.4442376420652677,5.821076424711366e-15,"GJR-GARCH(1,1,1)-t"
23637,-1.5378297264436007,3.4185216812718693,True,True,0.0,0.6158332838492258,"GJR-GARCH(1,1,1)-t"
17194,-12.849786045319942,-7.8934346376044715,True,True,0.0,0.9576047277868217,"GJR-GARCH(1,1,1)-t"
2867,-0.027809117152626683,4.928542290562843,True,False,1.386684874049455e-14,0.999999999999993,"GJR-GARCH(1,1,1)-t"
31133,-11.205838723177873,-6.249487315462403,True,True,3.577889441806838e-10,0.7836032167352974,"GJR-GARCH(1,1,1)-t"
23536,0.11167146547866658,5.068022873194137,True,True,0.0,0.7729594612899785,"GJR-GARCH(1,1,1)-t"
17999,-8.383586138598943,-3.427234730883473,True,False,0.2410347269576073,0.8794826226183634,"GJR-GARCH(1,1,1)-t"
5658,-8.613029652793376,-3.656678245077906,True,False,2.0334061103993316e-14,0.9999999999998489,"GJR-GARCH(1,1,1)-t"
9465,0.41674242373252923,5.373093831447999,True,True,0.4158725826469454,2.7830455644341786e-11,"GJR-GARCH(1,1,1)-t"
24334,-4.728195663603156,0.2281557441123141,True,True,0.0,0.02113372018298891,"GJR-GARCH(1,1,1)-t"
2102,-23.11909821558877,-18.1627468078733,True,True,1.2459596909610482e-17,1.0575907329665144e-16,"GJR-GARCH(1,1,1)-t"
22828,-6.5038369030338465,-1.5474854953183765,True,True,7.334242453768558e-16,0.13731277600001604,"GJR-GARCH(1,1,1)-t"
14449,-3.116862465314025,1.8394889424014451,True,True,0.12936130414062558,1.3463767688758263e-17,"GJR-GARCH(1,1,1)-t"
11577,-2.7171674771885606,2.2391839305269094,True,True,5.818233454456042e-07,0.8433160396446322,"GJR-GARCH(1,1,1)-t"
21601,-7.908296629986921,-2.9519452222714513,True,False,1.5871157605941533e-15,0.999999999999995,"GJR-GARCH(1,1,1)-t"
21716,-12.4716546194107,-7.51530321169523,True,True,0.0,0.9036489961931482,"GJR-GARCH(1,1,1)-t"
6944,1.3869005643061705,6.3432519720216405,True,True,3.499926434395776e-15,9.801513523066295e-15,"GJR-GARCH(1,1,1)-t"
20268,-6.4558031316575395,-1.4994517239420695,True,False,3.111779343638053e-14,0.9999999999997536,"GJR-GARCH(1,1,1)-t"
3650,7.251943960937936,12.208295368653406,True,True,9.024259732643348e-17,0.0,"GJR-GARCH(1,1,1)-t"
26891,-8.02303680437699,-3.0666853966615193,True,True,0.22955518027216718,0.01296824867963422,"GJR-GARCH(1,1,1)-t"
12521,8.388576066973101,13.344927474688571,True,True,0.0,0.06976426795787874,"GJR-GARCH(1,1,1)-t"
29226,3.7301633661098084,8.686514773825278,True,True,0.0,1.6106521490732624e-16,"GJR-GARCH(1,1,1)-t"
23423,-11.246710998477056,-6.290359590761586,True,True,0.0,0.5881882125699738,"GJR-GARCH(1,1,1)-t"
6647,-13.571564809888038,-8.615213402172568,True,False,0.0,0.9999997420362421,"GJR-GARCH(1,1,1)-t"
169,2.9799151528778154,7.936266560593285,True,True,7.849407940197299e-19,0.9813513746963344,"GJR-GARCH(1,1,1)-t"
9160,-16.46290796674649,-11.506556559031019,True,True,0.18736039304252336,1.2056364428320917e-10,"GJR-GARCH(1,1,1)-t"
28539,3.143766985719113,8.100118393434583,True,True,0.0,0.8808274948738397,"GJR-GARCH(1,1,1)-t"
4158,-11.809797002740012,-6.853445595024542,True,False,0.3467403078487844,0.826629846075608,"GJR-GARCH(1,1,1)-t"
23427,-0.6021040497651686,4.354247357950301,True,True,0.006907169146933946,0.9450719039911558,"GJR-GARCH(1,1,1)-t"
18494,-15.589302470197612,-10.632951062482142,True,False,0.999999999999998,0.07100228825168213,"GJR-GARCH(1,1,1)-t"
23500,7.67715995933481,12.63351136705028,True,True,0.5417413792384322,2.7041263976385267e-16,"GJR-GARCH(1,1,1)-t"
24880,-1.99154394455854,2.96480746315693,True,True,0.0,0.944770718524204,"GJR-GARCH(1,1,1)-t"
21301,-2.0615999054303344,2.8947515022851356,True,True,0.0,2.0555327446941726e-11,"GJR-GARCH(1,1,1)-t"
13398,1.904826548135789,6.861177955851259,True,False,2.6281629152592642e-15,0.9999999999999953,"GJR-GARCH(1,1,1)-t"
11718,7.926984954939101,12.883336362654571,True,True,7.406795657599491e-15,0.6693762592887615,"GJR-GARCH(1,1,1)-t"
4987,26.61015499170347,31.56650639941894,True,True,2.1032878783531147e-16,0.29664550848963184,"GJR-GARCH(1,1,1)-t"
17707,-5.223183237920544,-0.2668318302050743,True,True,0.5345238737942111,1.0273145279203938e-19,"GJR-GARCH(1,1,1)-t"
6428,4.911498237355175,9.867849645070645,True,False,0.0,1.0,"GJR-GARCH(1,1,1)-t"
14809,-18.71974139642436,-13.76338998870889,True,False,0.21747961513003936,0.7867964671235569,"GJR-GARCH(1,1,1)-t"
29429,-5.588356089325881,-0.632004681610411,True,True,1.5066734653458249e-12,0.9902404433064115,"GJR-GARCH(1,1,1)-t"
26538,-1.1952091782054008,3.761142229510069,True,False,0.0,1.0,"GJR-GARCH(1,1,1)-t"
8009,7.260767356502939,12.217118764218409,True,False,0.4398616538636531,0.6959481101202906,"GJR-GARCH(1,1,1)-t"
16900,2.946624055446108,7.902975463161578,True,False,0.5527189811968102,0.723640509446353,"GJR-GARCH(1,1,1)-t"
19358,-6.739997020948856,-1.7836456132333858,True,False,1.7293086673783943e-10,1.0,"GJR-GARCH(1,1,1)-t"
25638,-10.781271936829565,-5.824920529114095,True,True,0.06326825292560635,0.8438089583584765,"GJR-GARCH(1,1,1)-t"
5302,-17.150764550266985,-12.194413142551515,True,True,0.20189817623185768,2.9046379643663196e-16,"GJR-GARCH(1,1,1)-t"
16575,-3.844056253194747,1.112295154520723,True,True,0.0,0.6374465105567398,"GJR-GARCH(1,1,1)-t"
11,-6.110100712296642,-1.1537493045811722,True,True,0.5571089213667444,2.5653247234984892e-15,"GJR-GARCH(1,1,1)-t"
11330,-20.371121516297443,-15.414770108581973,True,False,0.9999999999953237,0.28643964642938696,"GJR-GARCH(1,1,1)-t"
18020,1.8083385998290638,6.764690007544534,True,True,1.1631115524858076e-12,0.9355191700066733,"GJR-GARCH(1,1,1)-t"
20953,-4.495240986824552,0.46111042089091825,True,True,5.254077040709044e-13,0.0,"GJR-GARCH(1,1,1)-t"
1870,2.822557557264153,7.778908964979623,True,True,0.571333741458275,3.6296437218438335e-15,"GJR-GARCH(1,1,1)-t"
5425,3.900743361366187,8.857094769081657,True,False,2.3728380602648583e-18,1.0,"GJR-GARCH(1,1,1)-t"
17454,-7.848808526602667,-2.8924571188871973,True,True,6.566494359338002e-15,9.573872283071574e-15,"GJR-GARCH(1,1,1)-t"
18471,-15.39844879591351,-10.44209738819804,True,True,1.020819307384187e-14,2.4136449526461222e-14,"GJR-GARCH(1,1,1)-t"
1841,-4.14772609272767,0.8086253149878004,True,True,0.7472519095010655,0.0,"GJR-GARCH(1,1,1)-t"
32709,-15.12355156802544,-10.16720016030997,True,False,0.0,1.0,"GJR-GARCH(1,1,1)-t"
5975,-18.35272221840809,-13.39637081069262,True,True,0.0,0.4657507487409722,"GJR-GARCH(1,1,1)-t"
9377,-1.0069188214318938,3.949432586283576,True,True,1.0918734975308276e-15,2.4788755678451006e-17,"GJR-GARCH(1,1,1)-t"
28737,-8.70682112942221,-3.7504697217067395,True,True,8.525269037614886e-14,0.5377935450710957,"GJR-GARCH(1,1,1)-t"
10969,-15.180872770973238,-10.224521363257768,True,False,0.7964793647761753,0.5790851581352007,"GJR-GARCH(1,1,1)-t"
30325,1.5964599773933976,6.552811385108868,True,True,2.2253767969730328e-14,5.449292659942007e-13,"GJR-GARCH(1,1,1)-t"
16511,2.1614610285774116,7.117812436292882,True,True,2.1521313625865713e-18,0.7731975377025081,"GJR-GARCH(1,1,1)-t"
8696,-18.540948202846536,-13.584596795131066,True,True,0.0,0.4910851853965434,"GJR-GARCH(1,1,1)-t"
9918,-11.511099632867346,-6.554748225151876,True,True,1.6509074477821826e-20,0.2101061079638211,"GJR-GARCH(1,1,1)-t"
147,-1.5548108189709335,3.4015405887445365,True,False,0.0,1.0,"GJR-GARCH(1,1,1)-t"
20172,-3.394266833052999,1.562084574662471,True,False,1.5087158953398818e-13,1.0,"GJR-GARCH(1,1,1)-t"
17820,3.6885733360529027,8.644924743768373,True,True,0.794671487241723,2.893834553412753e-16,"GJR-GARCH(1,1,1)-t"
1875,-12.545476453461319,-7.589125045745849,True,True,7.729357206557045e-15,6.6133014728041806e-15,"GJR-GARCH(1,1,1)-t"
15595,-5.943507710813723,-0.9871563030982529,True,True,1.9414574981504025e-13,0.0,"GJR-GARCH(1,1,1)-t"
25176,-9.09213766964788,-4.1357862619324095,True,True,3.220389704278232e-16,1.302079576240083e-15,"GJR-GARCH(1,1,1)-t"
22013,-2.3750874041733994,2.5812640035420706,True,True,7.260956824946475e-20,0.9666014610419735,"GJR-GARCH(1,1,1)-t"
7799,-11.939278992561498,-6.982927584846028,True,False,0.9999999999999923,0.49999999999998757,"GJR-GARCH(1,1,1)-t"
26308,-20.014228448798576,-15.057877041083106,True,False,0.9999999999965066,0.5000000000000235,"GJR-GARCH(1,1,1)-t"
3516,1.01401619400702,5.97036760172249,True,True,0.0,0.0,"GJR-GARCH(1,1,1)-t"
12322,-23.198614270407724,-18.242262862692254,True,False,0.13824678824855577,0.9308766058757841,"GJR-GARCH(1,1,1)-t"
6493,0.9223070424601634,5.878658450175633,True,True,0.6882719175074445,1.973318969081038e-15,"GJR-GARCH(1,1,1)-t"
2932,35.56470361754474,40.52105502526021,True,True,0.0,0.5920219657276974,"GJR-GARCH(1,1,1)-t"
646,0.1297190199252949,5.086070427640765,True,True,1.9819834368991907e-16,0.8683079485216529,"GJR-GARCH(1,1,1)-t"
16404,-4.792600748280307,0.16375065943516276,True,False,0.8322117070088384,0.42278303462752703,"GJR-GARCH(1,1,1)-t"
7251,-11.10048229969923,-6.14413089198376,True,True,1.5798280154736853e-14,0.0015982252742075766,"GJR-GARCH(1,1,1)-t"
31389,-5.207465785353499,-0.2511143776380287,True,True,0.0,0.9715427946449395,"GJR-GARCH(1,1,1)-t"
22780,5.5590561006887125,10.515407508404182,True,True,1.2021334179508024e-21,1.0736468519911316e-14,"GJR-GARCH(1,1,1)-t"
17983,-7.567599598259129,-2.611248190543659,True,True,3.452543544298966e-16,0.4801473246677902,"GJR-GARCH(1,1,1)-t"
30169,-23.528954343424438,-18.572602935708968,True,True,0.0,0.930324755171973,"GJR-GARCH(1,1,1)-t"
22590,-10.253452056797336,-5.297100649081866,True,True,0.407208636762003,5.122819547580509e-13,"GJR-GARCH(1,1,1)-t"
21931,-4.468619545934349,0.48773186178112127,True,False,0.9999999999999999,5.960892616925269e-19,"GJR-GARCH(1,1,1)-t"
10480,23.973934372661212,28.93028578037668,True,True,0.0,0.617776250308504,"GJR-GARCH(1,1,1)-t"
16948,-3.4252576625155235,1.5310937451999465,True,False,0.0,0.9997991880363789,"GJR-GARCH(1,1,1)-t"
32753,-20.627137678254222,-15.670786270538752,True,True,3.6800733560586514e-14,0.7214644953263261,"GJR-GARCH(1,1,1)-t"
27593,3.3794554788560482,8.335806886571518,True,True,1.5538773422188697e-15,0.7010311789685465,"GJR-GARCH(1,1,1)-t"
17244,-0.4778534768296403,4.47849793088583,True,True,3.125369366803564e-13,0.6918109110942636,"GJR-GARCH(1,1,1)-t"
1529,9.455887818727309,14.412239226442779,True,True,7.673184935448817e-14,2.2380918378818413e-12,"GJR-GARCH(1,1,1)-t"
26903,-7.27525293421645,-2.31890152650098,True,True,7.171472547529197e-16,0.2177504836935563,"GJR-GARCH(1,1,1)-t"
20017,-24.89417869537197,-19.9378272876565,True,False,0.9999999994736307,7.497456366448714e-11,"GJR-GARCH(1,1,1)-t"
9940,-7.984687584625959,-3.0283361769104893,True,True,0.6596018380078532,0.0,"GJR-GARCH(1,1,1)-t"
26572,4.339468737780193,9.295820145495663,True,True,5.945771181862944e-17,0.6880792029635792,"GJR-GARCH(1,1,1)-t"
26005,2.8737982431710183,7.830149650886488,True,True,0.0,0.0,"GJR-GARCH(1,1,1)-t"
31653,-6.4639131595409225,-1.5075617518254525,True,True,0.36079478796263564,1.3536676989467798e-15,"GJR-GARCH(1,1,1)-t"
17093,-16.182161493311288,-11.225810085595818,True,True,1.1865489011495252e-12,0.35279095767097357,"GJR-GARCH(1,1,1)-t"
10890,-0.8173136073836655,4.1390378003318045,True,True,6.6072309550575384e-15,0.514016463132071,"GJR-GARCH(1,1,1)-t"
25796,-18.863271881411727,-13.906920473696257,True,True,1.0080831103705297e-13,0.6945741303798425,"GJR-GARCH(1,1,1)-t"
12666,-6.223009115250655,-1.2666577075351846,True,False,0.0,1.0,"GJR-GARCH(1,1,1)-t"
28126,-18.77085362615908,-13.81450221844361,True,False,0.5529313741314169,0.7235343107237618,"GJR-GARCH(1,1,1)-t"
22964,-20.378722367544604,-15.422370959829134,True,True,0.31149090416212966,7.410430530746787e-11,"GJR-GARCH(1,1,1)-t"
23170,-7.26654407952563,-2.31019267181016,True,True,9.500494425009144e-17,0.06991885430658602,"GJR-GARCH(1,1,1)-t"
23683,-9.107064831724312,-4.150713424008842,True,True,1.6402502408619076e-16,0.7041728251864511,"GJR-GARCH(1,1,1)-t"
7444,-17.181272364095665,-12.224920956380195,True,True,3.3261306226501573e-16,0.0,"GJR-GARCH(1,1,1)-t"
11981,-2.779072384827746,2.177279022887724,True,False,5.186962514606468e-14,0.9999999999770702,"GJR-GARCH(1,1,1)-t"
20410,-16.184364737190702,-11.228013329475232,True,True,0.4966006480169358,3.663529226788261e-17,"GJR-GARCH(1,1,1)-t"
21239,-19.317998641291638,-14.361647233576168,True,True,0.0,0.0,"GJR-GARCH(1,1,1)-t"
14906,1.3767529986480334,6.333104406363503,True,True,0.0,0.9701038225975841,"GJR-GARCH(1,1,1)-t"
12542,3.053591467959933,8.009942875675403,True,True,0.0,0.9597237456382599,"GJR-GARCH(1,1,1)-t"
17259,13.104113573690736,18.060464981406206,True,True,1.767815541879102e-16,0.2842962262105276,"GJR-GARCH(1,1,1)-t"
14445,0.15311532846373943,5.109466736179209,True,True,0.3487881093241465,1.1639111656796084e-18,"GJR-GARCH(1,1,1)-t"
25483,-11.19297292182507,-6.236621514109601,True,True,0.0,0.9747933730373637,"GJR-GARCH(1,1,1)-t"
4869,13.889817834545768,18.84616924226124,True,True,6.065234417776348e-13,8.503425201579296e-12,"GJR-GARCH(1,1,1)-t"
21024,2.275790885292597,7.232142293008067,True,True,0.0,0.45552723089402314,"GJR-GARCH(1,1,1)-t"
13150,-15.00553428048103,-10.04918287276556,True,False,1.0,0.41331563008354616,"GJR-GARCH(1,1,1)-t"
15807,-9.608426238841734,-4.652074831126264,True,False,4.4914552493777424e-20,1.0,"GJR-GARCH(1,1,1)-t"
11559,-18.62890085733683,-13.67254944962136,True,True,3.758260322086604e-08,3.750234513924081e-08,"GJR-GARCH(1,1,1)-t"
7818,-4.967736821842024,-0.011385414126554139,True,False,0.0,1.0,"GJR-GARCH(1,1,1)-t"
4654,-2.4747298280415073,2.4816215796739627,True,True,6.7654333651876864e-12,0.9669793667000867,"GJR-GARCH(1,1,1)-t"
20928,-10.117151423645286,-5.160800015929816,True,True,0.0,0.0,"GJR-GARCH(1,1,1)-t"
24198,9.406109272764654,14.362460680480124,True,True,0.0,0.9594433373965042,"GJR-GARCH(1,1,1)-t"
21439,-15.651370597538467,-10.695019189822997,True,True,0.0,0.6737196560764785,"GJR-GARCH(1,1,1)-t"
32328,2.2660606513959642,7.222412059111434,True,True,0.0,9.597522536491006e-16,"GJR-GARCH(1,1,1)-t"
20382,-12.546472703350801,-7.590121295635331,True,True,1.9830887211930233e-16,0.9144731255345059,"GJR-GARCH(1,1,1)-t"
16649,-0.9865997125186254,3.9697516951968446,True,False,1.0,0.0,"GJR-GARCH(1,1,1)-t"
9694,-7.040887344418142,-2.0845359367026717,True,True,0.0,0.5590750810212961,"GJR-GARCH(1,1,1)-t"
5910,-13.157677041987611,-8.201325634272141,True,True,4.291023651809858e-15,0.31317036072498977,"GJR-GARCH(1,1,1)-t"
28992,-9.431234637028243,-4.474883229312773,True,False,0.0,1.0,"GJR-GARCH(1,1,1)-t"
15433,-5.709732632208908,-0.7533812244934381,True,False,0.0,1.0,"GJR-GARCH(1,1,1)-t"
13276,-12.381752449719023,-7.425401042003553,True,True,1.393615458507274e-17,0.6361300879116842,"GJR-GARCH(1,1,1)-t"
9329,9.280879039016302,14.237230446731772,True,False,6.143150843784189e-16,0.9999999999999933,"GJR-GARCH(1,1,1)-t"
9114,-6.231112441108124,-1.2747610333926538,True,True,0.0,0.2940799506479008,"GJR-GARCH(1,1,1)-t"
17966,6.588535099584169,11.544886507299639,True,True,2.1258370500135913e-14,0.3334242537561392,"GJR-GARCH(1,1,1)-t"
6445,-1.141972973508409,3.814378434207061,True,True,1.1340542394509494e-13,0.8888494913993787,"GJR-GARCH(1,1,1)-t"
24048,-2.5362519060149147,2.4200995017005553,True,True,0.0,0.9708571948000729,"GJR-GARCH(1,1,1)-t"
746,-10.160288535185941,-5.203937127470471,True,True,0.0,0.9035770917084964,"GJR-GARCH(1,1,1)-t"
23962,-14.443538941655842,-9.487187533940372,True,True,9.958466194899415e-16,0.7519396139396901,"GJR-GARCH(1,1,1)-t"
17058,-0.941544857265221,4.014806550450249,True,True,0.2398092541266989,1.786573700754043e-20,"GJR-GARCH(1,1,1)-t"
11899,4.06361202322188,9.01996343093735,True,True,0.0,1.70730713226349e-15,"GJR-GARCH(1,1,1)-t"
8840,-12.201650097861823,-7.2452986901463525,True,True,0.034278376974295525,0.2862457722609257,"GJR-GARCH(1,1,1)-t"
4265,1.9602424449502394,6.916593852665709,True,False,3.855712721303597e-15,0.999999999999934,"GJR-GARCH(1,1,1)-t"
14263,-26.547376851664822,-21.591025443949352,True,True,6.160751406081246e-17,7.270641022742536e-15,"GJR-GARCH(1,1,1)-t"
17050,-22.867231730222258,-17.910880322506788,True,False,3.7293986378282144e-10,0.9999999998166783,"GJR-GARCH(1,1,1)-t"
25622,-16.85620511274186,-11.899853705026391,True,True,0.0,0.9185234448937805,"GJR-GARCH(1,1,1)-t"
30748,-22.980062504034777,-18.023711096319307,True,True,0.0,0.8499685507827496,"GJR-GARCH(1,1,1)-t"
20950,-2.1247148533612155,2.8316365543542545,True,True,5.591227283117012e-21,3.3056957925600226e-13,"GJR-GARCH(1,1,1)-t"
16815,-1.2617115333628135,3.6946398743526565,True,True,0.17984580288808677,0.6548738990777306,"GJR-GARCH(1,1,1)-t"
4867,-9.87671676438054,-4.920365356665069,True,True,3.5799327670850743e-12,0.9744078632693683,"GJR-GARCH(1,1,1)-t"
25551,-0.7129798984504312,4.243371509265039,True,True,0.8150670900401972,0.0,"GJR-GARCH(1,1,1)-t"
17010,-36.747188680709975,-31.790837272994505,True,True,0.0,0.9240761169061311,"GJR-GARCH(1,1,1)-t"
18916,3.0022882192610716,7.958639626976542,True,False,1.0,3.194592133869568e-15,"GJR-GARCH(1,1,1)-t"
30224,-10.067286612354316,-5.110935204638846,True,True,2.819280843980494e-15,1.7939706376990838e-15,"GJR-GARCH(1,1,1)-t"
14350,-5.036155381890197,-0.07980397417472673,True,True,3.838205935954592e-19,0.07048313005269405,"GJR-GARCH(1,1,1)-t"
10709,-6.3344173537765975,-1.3780659460611275,True,True,0.0,0.5461340085201863,"GJR-GARCH(1,1,1)-t"
5958,-4.54461507930591,0.4117363284095603,True,True,8.442929712634069e-11,0.9764179753239721,"GJR-GARCH(1,1,1)-t"
10448,-11.775935592071605,-6.819584184356135,True,True,7.945441002232897e-16,0.8974703305807541,"GJR-GARCH(1,1,1)-t"
25627,-18.468994311192205,-13.512642903476735,True,True,0.0,0.9505834520276781,"GJR-GARCH(1,1,1)-t"
12254,11.306854611282015,16.263206018997487,True,True,0.0,0.11386012510874781,"GJR-GARCH(1,1,1)-t"
13044,5.423770169175075,10.380121576890545,True,True,2.1765480961270007e-14,0.06840590099124871,"GJR-GARCH(1,1,1)-t"
29003,-0.49268318042292947,4.4636682272925405,True,True,2.9941068673612846e-17,1.397883612274422e-17,"GJR-GARCH(1,1,1)-t"
25639,-7.38057565511458,-2.42422424739911,True,False,2.3991644962373104e-11,0.9999999999835676,"GJR-GARCH(1,1,1)-t"
24224,3.5573222203494623,8.513673628064932,True,True,1.5246296696871576e-14,0.6750234252362088,"GJR-GARCH(1,1,1)-t"
14857,-3.0381887795670863,1.9181626281483837,True,True,0.2067026080580793,0.45245708273963836,"GJR-GARCH(1,1,1)-t"
6925,-0.16241688012737043,4.7939345275881,True,True,0.0,0.9821895880049725,"GJR-GARCH(1,1,1)-t"
5347,-14.727534444638177,-9.771183036922707,True,True,0.34195886837630823,8.987189744270529e-17,"GJR-GARCH(1,1,1)-t"
5743,-9.788472572781824,-4.832121165066354,True,True,1.2447312856174547e-13,3.758935337956271e-13,"GJR-GARCH(1,1,1)-t"
3092,-17.241528938679977,-12.285177530964507,True,False,0.5210631820063416,0.7394684090122419,"GJR-GARCH(1,1,1)-t"
3009,-6.892929585652965,-1.9365781779374949,True,True,0.0,0.0,"GJR-GARCH(1,1,1)-t"
6777,10.174059943723218,15.130411351438688,True,True,8.672444994525219e-13,0.7879926626705056,"GJR-GARCH(1,1,1)-t"
19493,-6.78614422545164,-1.8297928177361698,True,True,6.618966640374186e-12,0.9678719050101319,"GJR-GARCH(1,1,1)-t"
20945,-7.285122903219815,-2.328771495504345,True,True,2.121930025111009e-14,1.0908172215146529e-12,"GJR-GARCH(1,1,1)-t"
8442,-4.152075693277453,0.8042757144380168,True,False,7.256948140349349e-16,0.9999999999997746,"GJR-GARCH(1,1,1)-t"
3130,9.923289417317475,14.879640825032945,True,True,0.5291017091063249,2.0066190629601127e-17,"GJR-GARCH(1,1,1)-t"
32767,-12.543444333998309,-7.587092926282839,True,True,0.34418640962471037,2.45985283356748e-15,"GJR-GARCH(1,1,1)-t"
28395,-7.208541564445387,-2.2521901567299167,True,False,0.8387712912349847,0.580614354360288,"GJR-GARCH(1,1,1)-t"
2883,-8.1853087341984,-3.2289573264829308,True,True,2.722052759711257e-15,0.46796900191156526,"GJR-GARCH(1,1,1)-t"
17946,-10.033536376113542,-5.077184968398072,True,True,6.498959980711971e-10,2.397271175405886e-08,"GJR-GARCH(1,1,1)-t"
2213,-5.512662334724439,-0.556310927008969,True,False,0.5242673068909303,0.62467671508444,"GJR-GARCH(1,1,1)-t"
6115,-15.080559167516988,-10.124207759801518,True,True,1.9725268725445145e-15,0.9123005532139248,"GJR-GARCH(1,1,1)-t"
7322,3.967877259804496,8.924228667519966,True,True,9.184793057264417e-14,0.6806308400738122,"GJR-GARCH(1,1,1)-t"
1904,0.3355015540071662,5.291852961722636,True,True,4.573046128380526e-15,0.0,"GJR-GARCH(1,1,1)-t"
12030,-9.56524452237895,-4.608893114663481,True,False,9.53508081643932e-10,0.9999999319748726,"GJR-GARCH(1,1,1)-t"
21404,1.9367346213695686,6.893086029085039,True,False,0.9999999992865098,1.20352118872259e-10,"GJR-GARCH(1,1,1)-t"
5213,6.758715975983931,11.7150673836994,True,True,7.160963399918268e-16,0.4770937608407784,"GJR-GARCH(1,1,1)-t"
17265,14.217552875847279,19.17390428356275,True,False,1.0,2.4580205421812034e-18,"GJR-GARCH(1,1,1)-t"
17876,-3.057842068626158,1.898509339089312,True,True,0.009039053715143328,1.8452955461391265e-13,"GJR-GARCH(1,1,1)-t"
3044,3.469065178841859,8.42541658655733,True,True,6.337073709405616e-11,0.8178425334099328,"GJR-GARCH(1,1,1)-t"
12531,-6.433747046040882,-1.4773956383254117,True,True,2.207432696101781e-16,0.8463937648828171,"GJR-GARCH(1,1,1)-t"
14361,-23.21714120391855,-18.26078979620308,True,True,0.0,0.10982434116221249,"GJR-GARCH(1,1,1)-t"
1363,-9.243481890592147,-4.287130482876677,True,True,0.0,0.956103374458353,"GJR-GARCH(1,1,1)-t"
7343,1.7741389556276452,6.730490363343115,True,True,0.11425770178913457,2.894493108553272e-19,"GJR-GARCH(1,1,1)-t"
6895,-19.018972987235024,-14.062621579519554,True,False,1.0071455389850717e-15,0.9999999999999978,"GJR-GARCH(1,1,1)-t"
18908,-10.32070069097987,-5.364349283264399,True,True,0.0,3.667483092400093e-13,"GJR-GARCH(1,1,1)-t"
17911,-11.65228574394558,-6.69593433623011,True,True,8.924016297881608e-16,0.9454883679617735,"GJR-GARCH(1,1,1)-t"
9030,-3.403548526477536,1.552802881237934,True,True,9.18062315129918e-15,0.3563776142421871,"GJR-GARCH(1,1,1)-t"
12691,12.707359626156382,17.663711033871852,True,True,1.8858984153457973e-16,0.8826024864510593,"GJR-GARCH(1,1,1)-t"
27120,1.770694576089026,6.727045983804496,True,True,3.407093852646965e-14,0.8121358894898879,"GJR-GARCH(1,1,1)-t"
27174,-7.0408408718964175,-2.0844894641809475,True,False,1.0,0.22161718563993393,"GJR-GARCH(1,1,1)-t"
28837,-1.942059879373204,3.014291528342266,True,True,0.17588571259885466,4.0173522866252087e-13,"GJR-GARCH(1,1,1)-t"
29228,-19.274219309638916,-14.317867901923446,True,False,0.0,0.9999999999953375,"GJR-GARCH(1,1,1)-t"
627,-16.535517150209966,-11.579165742494496,True,True,6.624962706521935e-13,0.8018777666035856,"GJR-GARCH(1,1,1)-t"
31970,-4.804065992198865,0.15228541551660513,True,True,0.0,0.0,"GJR-GARCH(1,1,1)-t"
6145,1.4816927078292697,6.43804411554474,True,True,5.760606040835248e-15,0.7280808641021971,"GJR-GARCH(1,1,1)-t"
10779,-9.624600031085063,-4.668248623369593,True,True,0.0,0.9168272555341623,"GJR-GARCH(1,1,1)-t"
16660,-14.61919065367114,-9.66283924595567,True,True,0.08459686207656275,0.0,"GJR-GARCH(1,1,1)-t"
9077,-1.9344406488082093,3.0219107589072607,True,False,0.9999999999999957,0.15000409079467567,"GJR-GARCH(1,1,1)-t"
2709,-6.165209594939306,-1.2088581872238358,True,True,2.51252787026826e-09,0.7993858103322845,"GJR-GARCH(1,1,1)-t"
11764,-7.787840354581526,-2.831488946866056,True,True,0.0,0.7876909411640656,"GJR-GARCH(1,1,1)-t"
15486,-6.871915205779825,-1.9155637980643547,True,True,0.0,0.0,"GJR-GARCH(1,1,1)-t"
12957,8.557851734540765,13.514203142256235,True,True,2.253322845645963e-18,0.9679602243826226,"GJR-GARCH(1,1,1)-t"
2181,3.339320942272309,8.295672349987779,True,True,1.571189768695751e-13,0.9271066494168143,"GJR-GARCH(1,1,1)-t"
14754,-1.7439170330358191,3.212434374679651,True,False,2.797282333428946e-12,0.9999999999464785,"GJR-GARCH(1,1,1)-t"
13763,-4.336328500235609,0.6200229074798607,True,True,0.2243609805369403,0.0,"GJR-GARCH(1,1,1)-t"
4661,-14.52839776216112,-9.57204635444565,True,True,7.2568009521780175e-12,0.8824697085401831,"GJR-GARCH(1,1,1)-t"
19580,11.208064865472892,16.164416273188362,True,True,0.0,0.9755383578490598,"GJR-GARCH(1,1,1)-t"
1020,-21.98374035367081,-17.02738894595534,True,True,1.4490044758464304e-13,0.9781911753975312,"GJR-GARCH(1,1,1)-t"
6102,-2.5856840716767167,2.3706673360387533,True,True,0.32786464998456816,0.0,"GJR-GARCH(1,1,1)-t"
20927,-9.409214739649837,-4.452863331934367,True,True,0.13683325279986783,0.0,"GJR-GARCH(1,1,1)-t"
13821,-14.747652020294641,-9.791300612579171,True,True,0.7382315027975824,0.0,"GJR-GARCH(1,1,1)-t"
10987,-4.381719907278107,0.5746315004373628,True,True,0.0,0.0,"GJR-GARCH(1,1,1)-t"
9606,-0.8921122674900595,4.0642391402254106,True,True,0.3078796339565109,0.3216060004388192,"GJR-GARCH(1,1,1)-t"
3017,0.9197268349342469,5.876078242649717,True,False,0.011797872139841821,0.9941010639386791,"GJR-GARCH(1,1,1)-t"
22392,8.99121729448289,13.94756870219836,True,True,9.341803522810992e-16,2.4070103651759897e-20,"GJR-GARCH(1,1,1)-t"
29965,8.768101369160863,13.724452776876333,True,True,1.861767129677941e-15,1.0315204545558083e-16,"GJR-GARCH(1,1,1)-t"
25265,-10.2096323683799,-5.25328096066443,True,True,6.030868016965335e-13,0.9885707287850917,"GJR-GARCH(1,1,1)-t"
30040,-1.4211904782065048,3.535160929508965,True,True,2.2543649622121976e-15,0.8962133059117242,"GJR-GARCH(1,1,1)-t"
21179,11.782885361407264,16.739236769122734,True,True,1.3924932031680712e-14,0.989975644428866,"GJR-GARCH(1,1,1)-t"
1747,-3.143443347573566,1.812908060141904,True,True,2.3383414925989153e-12,2.0513369642768206e-11,"GJR-GARCH(1,1,1)-t"
9243,8.599163690167607,13.555515097883077,True,True,1.1227032972110305e-16,0.0,"GJR-GARCH(1,1,1)-t"
18111,11.263287332003006,16.219638739718476,True,True,4.735543085635865e-15,0.6914621029981669,"GJR-GARCH(1,1,1)-t"
16479,-1.8356442761081109,3.120707131607359,True,True,3.209863151156678e-11,0.0,"GJR-GARCH(1,1,1)-t"
19033,-7.309414618597039,-2.353063210881569,True,True,0.8902087711067206,0.0,"GJR-GARCH(1,1,1)-t"
18012,2.9858069858381526,7.942158393553623,True,False,1.0,3.969047600179628e-17,"GJR-GARCH(1,1,1)-t"
13598,-6.158020794171492,-1.2016693864560217,True,True,4.511023555441771e-13,0.9589260244196166,"GJR-GARCH(1,1,1)-t"
5118,6.426757334069734,11.383108741785204,True,True,0.0,0.9793372253930146,"GJR-GARCH(1,1,1)-t"
15730,-10.76646050118827,-5.8101090934728,True,True,1.1744486634000345e-15,0.9734842900305183,"GJR-GARCH(1,1,1)-t"
6197,-19.844089807059262,-14.887738399343792,True,False,2.780443603923673e-15,1.0,"GJR-GARCH(1,1,1)-t"
14733,-5.1600925230186725,-0.2037411153032025,True,True,0.0,0.9720815627300015,"GJR-GARCH(1,1,1)-t"
27194,5.555360530256424,10.511711937971894,True,True,1.9582923726459264e-23,0.5900114701322293,"GJR-GARCH(1,1,1)-t"
22635,-14.371882541807636,-9.415531134092166,True,False,1.295631752550671e-11,1.0,"GJR-GARCH(1,1,1)-t"
15290,12.518707227650795,17.475058635366263,True,True,0.1996387736515945,4.121329141450186e-15,"GJR-GARCH(1,1,1)-t"
16816,-11.744196566846636,-6.787845159131166,True,True,6.586998114397642e-14,0.4254547162474691,"GJR-GARCH(1,1,1)-t"
30370,-4.440365535519025,0.5159858721964454,True,True,2.8251492283617376e-11,0.9131341237619608,"GJR-GARCH(1,1,1)-t"
11059,-7.056793738921801,-2.100442331206331,True,True,2.076903417095047e-10,0.5398457533065474,"GJR-GARCH(1,1,1)-t"
11511,-17.75084836060528,-12.794496952889808,True,False,1.0,0.3421966629394937,"GJR-GARCH(1,1,1)-t"
26868,5.837639486235556,10.793990893951026,True,True,0.0,0.9513857532972203,"GJR-GARCH(1,1,1)-t"
29480,-4.962644804019867,-0.006293396304396737,True,False,1.7408336055117122e-16,0.9999999999999999,"GJR-GARCH(1,1,1)-t"
11868,-21.065685667758316,-16.109334260042846,True,True,0.0,0.0,"GJR-GARCH(1,1,1)-t"
12537,0.403748387813442,5.360099795528912,True,True,4.019990855833453e-14,0.4559136083515912,"GJR-GARCH(1,1,1)-t"
2917,4.280421684222976,9.236773091938446,True,False,2.5942403923605614e-13,0.9999999999894922,"GJR-GARCH(1,1,1)-t"
211,-5.92148278527938,-0.9651313775639103,True,True,6.425725156198385e-16,0.04193117982148756,"GJR-GARCH(1,1,1)-t"
10105,9.246309896707743,14.202661304423213,True,False,1.0,0.4999999999999994,"GJR-GARCH(1,1,1)-t"
26763,5.515096156523018,10.471447564238488,True,True,4.234195940516931e-12,0.7587617650606316,"GJR-GARCH(1,1,1)-t"
12523,11.395224807235863,16.351576214951333,True,True,0.0,0.43770178906794877,"GJR-GARCH(1,1,1)-t"
31351,-18.0821179042336,-13.125766496518128,True,True,3.1618743455382014e-15,0.7292603683412832,"GJR-GARCH(1,1,1)-t"
12535,-21.40038487928765,-16.44403347157218,True,True,7.770841936414031e-12,0.9688336241853961,"GJR-GARCH(1,1,1)-t"
25716,-0.4556907976762563,4.500660610039214,True,False,1.0,0.14804953697476028,"GJR-GARCH(1,1,1)-t"
2567,-11.539159087877273,-6.582807680161803,True,False,0.0,0.9999999999995304,"GJR-GARCH(1,1,1)-t"
31733,-20.71805580760708,-15.76170439989161,True,True,0.7294556858956756,7.926324991705938e-11,"GJR-GARCH(1,1,1)-t"
15706,-6.49679454997624,-1.54044314226077,True,False,1.0,0.0,"GJR-GARCH(1,1,1)-t"
18316,-10.115979252093485,-5.159627844378015,True,True,0.0,0.8962022303934001,"GJR-GARCH(1,1,1)-t"
103,16.705993263560213,21.662344671275683,True,False,1.9667378775925171e-10,0.9999997552692104,"GJR-GARCH(1,1,1)-t"
12760,-24.726023363447453,-19.769671955731983,True,True,0.0,0.9519651961157449,"GJR-GARCH(1,1,1)-t"
26447,-6.14655518619977,-1.1902037784842996,True,True,1.3411678185189121e-14,0.0311364232046564,"GJR-GARCH(1,1,1)-t"
22898,4.067194794177487,9.023546201892957,True,True,3.810815303286403e-09,0.9731134945302711,"GJR-GARCH(1,1,1)-t"
3323,-0.646766264115259,4.309585143600211,True,False,0.0,1.0,"GJR-GARCH(1,1,1)-t"
14635,6.184158059623259,11.14050946733873,True,True,5.860213858180212e-17,1.8144894590161753e-12,"GJR-GARCH(1,1,1)-t"
5777,-18.84004708681688,-13.883695679101411,True,True,1.1421153630833612e-15,0.32665789136262097,"GJR-GARCH(1,1,1)-t"
18662,0.45939971785788636,5.415751125573356,True,True,7.751693730883295e-15,0.23454222870663546,"GJR-GARCH(1,1,1)-t"
6489,-21.81675643900453,-16.86040503128906,True,True,6.881294690331113e-12,0.8954266929441576,"GJR-GARCH(1,1,1)-t"
24396,19.4994946386282,24.45584604634367,True,True,0.0,0.39256974402047895,"GJR-GARCH(1,1,1)-t"
10230,-2.5611555518429903,2.3951958558724797,True,False,0.0,1.0,"GJR-GARCH(1,1,1)-t"
12222,-7.588812135430718,-2.632460727715248,True,True,0.5943334939212229,2.3599174639867666e-14,"GJR-GARCH(1,1,1)-t"
4957,-13.40317352549998,-8.44682211778451,True,False,0.0,1.0,"GJR-GARCH(1,1,1)-t"
3223,2.538009614218529,7.494361021933999,True,True,0.5720755904639044,0.0,"GJR-GARCH(1,1,1)-t"
8978,-9.654663318756402,-4.698311911040932,True,True,4.112235186498626e-18,0.007234712355924986,"GJR-GARCH(1,1,1)-t"
5609,-13.623030736761581,-8.666679329046111,True,False,2.5710488124276138e-15,0.9999999999999774,"GJR-GARCH(1,1,1)-t"
25031,-8.70909900548104,-3.7527475977655698,True,True,0.0,0.8573060971478951,"GJR-GARCH(1,1,1)-t"
31047,-0.2757886675072996,4.68056274020817,True,True,3.890091437966033e-14,0.6565804553632669,"GJR-GARCH(1,1,1)-t"
19614,8.304636083805436,13.260987491520906,True,True,3.8462216017565958e-19,6.942456841636339e-15,"GJR-GARCH(1,1,1)-t"
31054,-10.85290870038305,-5.89655729266758,True,False,1.0,0.0,"GJR-GARCH(1,1,1)-t"
15689,-4.410493068000051,0.5458583397154193,True,True,0.3143510669567503,3.3823740133101087e-15,"GJR-GARCH(1,1,1)-t"
24123,-13.566625079790544,-8.610273672075074,True,True,2.1900912316313621e-13,0.9737973605663853,"GJR-GARCH(1,1,1)-t"
128,-5.531615767102068,-0.5752643593865976,True,False,0.4329983216074257,0.5815148016812357,"GJR-GARCH(1,1,1)-t"
18600,9.789547538606152,14.745898946321622,True,True,0.0,2.2691610938552854e-13,"GJR-GARCH(1,1,1)-t"
28969,-13.185662836071572,-8.229311428356102,True,True,1.2139741725126807e-13,0.7551685684651974,"GJR-GARCH(1,1,1)-t"
4388,-10.15046112356194,-5.194109715846469,True,False,9.20913990096752e-17,0.9999999999691016,"GJR-GARCH(1,1,1)-t"
13560,-0.2838170267111675,4.6725343810043025,True,True,5.34628521820309e-15,0.8652643776751552,"GJR-GARCH(1,1,1)-t"
5124,9.858917999513297,14.815269407228767,True,True,0.5176329407563889,3.6306752961367124e-15,"GJR-GARCH(1,1,1)-t"
27977,1.6115572072735311,6.567908614989001,True,True,0.05549499307673932,0.9327766158658197,"GJR-GARCH(1,1,1)-t"
29906,1.7632914972978924,6.719642905013362,True,True,4.052604627728096e-15,0.7582590620706221,"GJR-GARCH(1,1,1)-t"
18134,-24.04527922916907,-19.0889278214536,True,False,1.0,0.07183888787929885,"GJR-GARCH(1,1,1)-t"
29885,-23.270987090969385,-18.314635683253915,True,True,5.965201716198466e-15,0.3526977064656639,"GJR-GARCH(1,1,1)-t"
11433,-11.870464749224151,-6.914113341508681,True,True,5.652798476361048e-09,0.6511411298551684,"GJR-GARCH(1,1,1)-t"
31522,-7.586552742854195,-2.6302013351387252,True,True,1.0643333754687066e-11,0.9358327874303112,"GJR-GARCH(1,1,1)-t"
12411,-11.634633683003948,-6.678282275288478,True,True,7.184576003804862e-13,0.8473690684539404,"GJR-GARCH(1,1,1)-t"
31874,0.8199369567610706,5.776288364476541,True,False,2.223398369461672e-14,0.9999999999999813,"GJR-GARCH(1,1,1)-t"
26106,11.585916569870797,16.542267977586267,True,True,2.5450049650626774e-15,0.8213099492354754,"GJR-GARCH(1,1,1)-t"
23030,,,False,False,,,"GJR-GARCH(1,1,1)-t"
30494,-13.360722266119154,-8.404370858403684,True,True,0.0,0.9818869684850243,"GJR-GARCH(1,1,1)-t"
22188,-18.78568971025134,-13.82933830253587,True,True,4.2805179286888915e-09,0.9756993367015446,"GJR-GARCH(1,1,1)-t"
5704,-12.947952176875066,-7.9916007691595965,True,True,1.3822583940486598e-15,1.006806223813576e-14,"GJR-GARCH(1,1,1)-t"
13484,-6.4978428425603205,-1.5414914348448505,True,True,0.22574573887768343,0.0,"GJR-GARCH(1,1,1)-t"
23348,-21.056415878862126,-16.100064471146656,True,True,0.7150142234802186,2.0851200476141797e-13,"GJR-GARCH(1,1,1)-t"
22120,-4.704378996017528,0.2519724116979418,True,True,0.0,0.8485330515243271,"GJR-GARCH(1,1,1)-t"
3732,1.775714568076065,6.732065975791535,True,True,1.551166732670861e-14,0.9433570118341026,"GJR-GARCH(1,1,1)-t"
10726,-11.976262665023665,-7.019911257308195,True,True,0.0,0.8064045053460296,"GJR-GARCH(1,1,1)-t"
17378,32.69761815288646,37.65396956060194,True,False,1.0,0.4765018338412811,"GJR-GARCH(1,1,1)-t"
6177,5.452805770383568,10.409157178099038,True,False,1.0,0.3450287571098612,"GJR-GARCH(1,1,1)-t"
30908,13.900882376856504,18.857233784571974,True,True,0.0,0.95407662743954,"GJR-GARCH(1,1,1)-t"
26197,-5.286424225999024,-0.33007281828355417,True,True,0.0,0.48739695549358686,"GJR-GARCH(1,1,1)-t"
9164,-14.503654095455026,-9.547302687739556,True,True,1.7025357079150046e-16,0.81473192801877,"GJR-GARCH(1,1,1)-t"
26455,-4.798267697193975,0.1580837105214954,True,True,0.03373613911630799,0.9511012497842175,"GJR-GARCH(1,1,1)-t"
26254,-10.590242057413533,-5.633890649698063,True,False,0.0,1.0,"GJR-GARCH(1,1,1)-t"
16611,-17.42716017107778,-12.47080876336231,True,False,0.9999999877149931,7.722485265888847e-09,"GJR-GARCH(1,1,1)-t"
2881,-13.872016417404001,-8.915665009688531,True,False,1.29757602324556e-16,0.9999999999999999,"GJR-GARCH(1,1,1)-t"
27833,-8.626271436780964,-3.6699200290654943,True,True,2.3453191391369802e-14,0.9438385558877311,"GJR-GARCH(1,1,1)-t"
18205,5.458135127553293,10.414486535268763,True,False,1.0,0.0,"GJR-GARCH(1,1,1)-t"
27288,4.468637482824748,9.424988890540218,True,True,1.0246365572134388e-13,0.8666974428491862,"GJR-GARCH(1,1,1)-t"
7467,-18.095405687080273,-13.139054279364803,True,True,1.8421051400190896e-22,0.12091759965411178,"GJR-GARCH(1,1,1)-t"
4449,-1.116310672174425,3.840040735541045,True,False,0.9999999999999998,2.0681192968167977e-20,"GJR-GARCH(1,1,1)-t"
1810,-4.393559954796437,0.5627914529190328,True,True,1.2068868647471764e-12,7.832869438695831e-12,"GJR-GARCH(1,1,1)-t"
24339,-20.46801273614517,-15.5116613284297,True,False,1.0,8.211105700661893e-18,"GJR-GARCH(1,1,1)-t"
725,3.2783064756408216,8.234657883356292,True,True,0.07597498091932439,0.6881772951713799,"GJR-GARCH(1,1,1)-t"
14928,-3.143761852683621,1.812589555031849,True,True,5.953332270814181e-17,1.4736282139085463e-14,"GJR-GARCH(1,1,1)-t"
9914,-17.45487772199658,-12.498526314281111,True,True,0.0,7.448000382303394e-16,"GJR-GARCH(1,1,1)-t"
8365,0.5099751808860287,5.466326588601499,True,False,2.5445439878939214e-15,0.9999999999999964,"GJR-GARCH(1,1,1)-t"
9300,-3.4723719563167883,1.4839794513986817,True,True,3.538226347361606e-11,0.9465793412907284,"GJR-GARCH(1,1,1)-t"
8014,-15.3421942967816,-10.38584288906613,True,True,0.7277584909914038,4.073724705655102e-11,"GJR-GARCH(1,1,1)-t"
22752,11.030529524637917,15.986880932353387,True,True,0.0,0.8542077738306489,"GJR-GARCH(1,1,1)-t"
26337,-17.72554035883407,-12.7691889511186,True,True,8.84389405888447e-20,0.7013148342494254,"GJR-GARCH(1,1,1)-t"
6819,-17.427239378665,-12.47088797094953,True,True,7.304901539431473e-15,0.9777661737539028,"GJR-GARCH(1,1,1)-t"
22598,-17.280590110611666,-12.324238702896196,True,True,9.413205847849497e-21,0.881824182507686,"GJR-GARCH(1,1,1)-t"
14912,,,False,False,,,"GJR-GARCH(1,1,1)-t"
4603,-2.345109651391958,2.611241756323512,True,False,0.9999999883395978,0.19598879610372566,"GJR-GARCH(1,1,1)-t"
11962,-1.4620535717141419,3.494297836001328,True,True,0.0,0.0,"GJR-GARCH(1,1,1)-t"
2844,-6.979901048632307,-2.023549640916837,True,True,3.679744804475994e-14,0.9194305016094614,"GJR-GARCH(1,1,1)-t"
23488,-9.29217117648356,-4.33581976876809,True,True,4.495504846106999e-13,1.275752785606719e-14,"GJR-GARCH(1,1,1)-t"
6359,4.614025233057243,9.570376640772713,True,True,3.947054631266258e-15,0.09898554459009222,"GJR-GARCH(1,1,1)-t"
18792,-3.043988365838601,1.9123630418768691,True,True,4.652618897461831e-12,0.8983758362071665,"GJR-GARCH(1,1,1)-t"
28779,-16.966006753204173,-12.009655345488703,True,False,0.9999999999999961,4.490542577084466e-15,"GJR-GARCH(1,1,1)-t"
8011,-8.894333551202251,-3.9379821434867814,True,False,7.51328176621173e-15,0.9999999999577319,"GJR-GARCH(1,1,1)-t"
17727,8.076266427476916,13.032617835192386,True,True,2.438042622683658e-16,0.09265482407130148,"GJR-GARCH(1,1,1)-t"
30232,-1.6001138828331882,3.3562375248822818,True,True,0.3200024445835501,0.47860423144004255,"GJR-GARCH(1,1,1)-t"
16289,9.408388308074676,14.364739715790146,True,True,0.0,0.9420111283161052,"GJR-GARCH(1,1,1)-t"
5488,-9.331893376079464,-4.375541968363994,True,True,0.07424012681133987,0.0,"GJR-GARCH(1,1,1)-t"
4060,-16.77678360657706,-11.820432198861589,True,True,0.5729653745097661,0.038907954219014856,"GJR-GARCH(1,1,1)-t"
30866,-12.313979477739164,-7.357628070023694,True,False,1.0,0.0,"GJR-GARCH(1,1,1)-t"
1416,-2.0414558352157037,2.9148955724997663,True,False,1.0,0.478964298289112,"GJR-GARCH(1,1,1)-t"
10941,-10.795711858470977,-5.839360450755507,True,True,0.15826816749150988,0.0,"GJR-GARCH(1,1,1)-t"
1247,-4.77625060315054,0.18010080456492972,True,False,2.06460031417298e-15,0.9999999999999958,"GJR-GARCH(1,1,1)-t"
7333,13.826894452645428,18.7832458603609,True,True,8.578654824354658e-18,0.5905245612267584,"GJR-GARCH(1,1,1)-t"
25357,-3.3202985408613586,1.6360528668541114,True,False,0.0,1.0,"GJR-GARCH(1,1,1)-t"
29823,-4.892545237919933,0.06380616979553722,True,True,0.6552847523962364,0.09219913584146947,"GJR-GARCH(1,1,1)-t"
32433,-13.056154522701696,-8.099803114986226,True,True,2.421446326077361e-14,8.192955830196392e-15,"GJR-GARCH(1,1,1)-t"
21911,-8.184950325201093,-3.2285989174856233,True,True,1.0272908224702254e-10,1.3152147884343943e-10,"GJR-GARCH(1,1,1)-t"
840,1.8588849183887124,6.815236326104182,True,True,9.657514174847206e-15,0.4093563361055402,"GJR-GARCH(1,1,1)-t"
28342,-7.56804764083018,-2.61169623311471,True,True,4.883217703655463e-14,0.09543958346215366,"GJR-GARCH(1,1,1)-t"
13662,-6.634547938726989,-1.678196531011519,True,True,0.0,3.1494717921843405e-12,"GJR-GARCH(1,1,1)-t"
10339,-0.9050430207675326,4.051308386947937,True,True,2.4621911953877223e-19,8.999920749482187e-14,"GJR-GARCH(1,1,1)-t"
4587,-4.043951095887465,0.9124003118280051,True,False,1.0,0.0021498588292248604,"GJR-GARCH(1,1,1)-t"
3622,-0.2640933980907967,4.692258009624673,True,False,0.0,0.9999999999999986,"GJR-GARCH(1,1,1)-t"
13655,-4.428799379927188,0.5275520277882819,True,False,2.2226864333356887e-16,0.9999999999999986,"GJR-GARCH(1,1,1)-t"
19626,8.94601433392182,13.90236574163729,True,True,0.0,0.4736322933232248,"GJR-GARCH(1,1,1)-t"
8937,-0.22384327825099248,4.7325081294644775,True,True,1.2429378511235212e-11,0.9808822867384924,"GJR-GARCH(1,1,1)-t"
14810,-9.014592276350562,-4.058240868635092,True,False,1.0,0.2496557930553121,"GJR-GARCH(1,1,1)-t"
30279,10.806228602960736,15.762580010676206,True,True,0.0,0.8951357644471488,"GJR-GARCH(1,1,1)-t"
24437,-10.234208002578757,-5.277856594863287,True,False,7.311681738523059e-20,1.0,"GJR-GARCH(1,1,1)-t"
15938,-13.201589056474383,-8.245237648758913,True,True,0.0,0.10672048589062506,"GJR-GARCH(1,1,1)-t"
12299,-10.10716983416819,-5.1508184264527195,True,True,2.586840802510471e-18,3.880261203765707e-18,"GJR-GARCH(1,1,1)-t"
17785,-4.736554148996877,0.219797258718593,True,True,3.080005453773529e-13,0.38660879546029725,"GJR-GARCH(1,1,1)-t"
12266,-10.964921478046119,-6.008570070330649,True,True,3.104022414408439e-12,0.9940625678206031,"GJR-GARCH(1,1,1)-t"
5878,-38.02868145734607,-33.072330049630594,True,False,0.9897109008792456,0.43999506985660786,"GJR-GARCH(1,1,1)-t"
19647,4.102381019032354,9.058732426747824,True,False,3.0598567579839947e-15,0.9999999999999876,"GJR-GARCH(1,1,1)-t"
30456,-26.269269020949316,-21.312917613233846,True,True,0.49390768185151895,0.15009020948966734,"GJR-GARCH(1,1,1)-t"
2992,-22.762442419711157,-17.806091011995687,True,False,0.9999999999999163,0.0,"GJR-GARCH(1,1,1)-t"
29656,-16.789418770737026,-11.833067363021556,True,True,2.0235954831291459e-07,4.035848287192253e-07,"GJR-GARCH(1,1,1)-t"
26062,-3.2597291588445607,1.6966222488709093,True,True,1.0521295811924139e-20,2.0795404984118294e-21,"GJR-GARCH(1,1,1)-t"
4138,2.5271050577271303,7.4834564654426,True,True,0.0,8.576086668647952e-11,"GJR-GARCH(1,1,1)-t"
14326,-13.564400647190425,-8.608049239474955,True,False,3.970937412132144e-13,0.9999999999926248,"GJR-GARCH(1,1,1)-t"
25813,-8.129610684138896,-3.173259276423426,True,False,2.9658922027693053e-18,1.0,"GJR-GARCH(1,1,1)-t"
591,-27.959394320733587,-23.003042913018117,True,True,3.001724199865237e-15,6.354766911077025e-16,"GJR-GARCH(1,1,1)-t"
15840,8.092346781336191,13.048698189051661,True,True,5.6984013456246e-14,0.9356876192409366,"GJR-GARCH(1,1,1)-t"
1551,17.767640198236084,22.723991605951554,True,False,0.0,0.9999999999999994,"GJR-GARCH(1,1,1)-t"
16288,-1.2297229650602137,3.7266284426552563,True,True,2.3134755266936953e-14,0.27371266684164575,"GJR-GARCH(1,1,1)-t"
2184,9.4212401365781,14.377591544293571,True,False,3.454393406464882e-17,0.9999999999999946,"GJR-GARCH(1,1,1)-t"
4739,-15.889028663912185,-10.932677256196715,True,True,1.2502518673764991e-15,0.0607634107487852,"GJR-GARCH(1,1,1)-t"
10946,-2.6644582771819216,2.2918931305335484,True,True,6.10518844988872e-14,0.8664312375733098,"GJR-GARCH(1,1,1)-t"
31934,-1.479460874014265,3.476890533701205,True,False,0.0,0.9999999999983277,"GJR-GARCH(1,1,1)-t"
3735,-13.034841888664744,-8.078490480949274,True,True,0.0,0.05656323759735627,"GJR-GARCH(1,1,1)-t"
21640,-18.75545924368594,-13.79910783597047,True,True,0.25392201686252897,0.0,"GJR-GARCH(1,1,1)-t"
7270,4.130798276560002,9.087149684275472,True,True,0.0,7.667382423798776e-11,"GJR-GARCH(1,1,1)-t"
19488,-22.792257086780914,-17.835905679065444,True,True,4.402638223119691e-15,0.6426358148530316,"GJR-GARCH(1,1,1)-t"
20557,-5.28262569122413,-0.32627428350865983,True,True,7.324006084109023e-12,0.8892626947129773,"GJR-GARCH(1,1,1)-t"
27511,5.720499715177706,10.676851122893176,True,False,0.2769183988418045,0.7999836155737325,"GJR-GARCH(1,1,1)-t"
19050,-25.92400515719821,-20.96765374948274,True,True,2.564308855182058e-15,0.06409167951159907,"GJR-GARCH(1,1,1)-t"
25270,17.112470802437155,22.068822210152625,True,False,0.857101345240508,0.5592414743880199,"GJR-GARCH(1,1,1)-t"
25894,2.1453975017701623,7.101748909485632,True,True,1.8855948434267757e-14,0.5715483366362032,"GJR-GARCH(1,1,1)-t"
20415,5.966589993995438,10.922941401710908,True,False,0.0,1.0,"GJR-GARCH(1,1,1)-t"
21434,-5.72866106122634,-0.7723096535108702,True,True,2.6952177584433764e-12,4.114900145687125e-11,"GJR-GARCH(1,1,1)-t"
152,3.6321269325036507,8.58847834021912,True,True,1.2124752513662105e-12,0.9066269408409856,"GJR-GARCH(1,1,1)-t"
24393,-10.036525574296597,-5.080174166581127,True,False,0.9999952824592248,0.14944723695897627,"GJR-GARCH(1,1,1)-t"
22517,-17.48476959255632,-12.528418184840849,True,True,0.2897311045361292,1.4153864065843528e-14,"GJR-GARCH(1,1,1)-t"
6815,-13.259184199372147,-8.302832791656677,True,True,6.167709346115727e-16,0.5800294483026682,"GJR-GARCH(1,1,1)-t"
23598,-16.309301035806925,-11.352949628091455,True,True,2.1835579671768815e-16,0.26660688533699095,"GJR-GARCH(1,1,1)-t"
18088,-10.987873782788462,-6.031522375072992,True,True,0.7164334154189136,6.105632271761878e-15,"GJR-GARCH(1,1,1)-t"
25636,-5.164303410486369,-0.20795200277089876,True,True,5.440129769678906e-21,0.14229340030519566,"GJR-GARCH(1,1,1)-t"
9448,-14.709609039856268,-9.753257632140798,True,False,0.9999999999999977,0.2988638932956212,"GJR-GARCH(1,1,1)-t"
3414,-11.26049182299272,-6.304140415277249,True,True,1.150064221814094e-16,0.9738924004218881,"GJR-GARCH(1,1,1)-t"
11641,-10.523525943913302,-5.567174536197832,True,True,0.0,0.003748840053132721,"GJR-GARCH(1,1,1)-t"
22674,-6.223941451526347,-1.267590043810877,True,True,1.3595614350825358e-17,0.03189266357568823,"GJR-GARCH(1,1,1)-t"
25924,4.030693354892172,8.987044762607642,True,False,1.0,0.25911412310975124,"GJR-GARCH(1,1,1)-t"
16679,21.891099626854135,26.847451034569602,True,True,0.25283041902718695,7.516912365495073e-14,"GJR-GARCH(1,1,1)-t"
5218,4.713412335392164,9.669763743107634,True,False,0.314816033515358,0.8425919832422986,"GJR-GARCH(1,1,1)-t"
611,1.0550513424295307,6.011402750145001,True,True,0.0,0.40222142716980364,"GJR-GARCH(1,1,1)-t"
15965,10.755427451473736,15.711778859189206,True,True,4.1100821490937146e-14,0.0,"GJR-GARCH(1,1,1)-t"
14273,-13.589532197874526,-8.633180790159056,True,False,0.5279199198115083,0.7360400400941953,"GJR-GARCH(1,1,1)-t"
20430,-14.049976711611123,-9.093625303895653,True,True,2.1124303098363132e-17,0.9596714486697451,"GJR-GARCH(1,1,1)-t"
2117,-14.339548327146755,-9.383196919431285,True,False,0.9999999999990322,3.307343898916137e-09,"GJR-GARCH(1,1,1)-t"
29330,7.830319470609565,12.786670878325035,True,True,0.0,0.7015753577822198,"GJR-GARCH(1,1,1)-t"
1158,10.685900660892974,15.642252068608444,True,True,1.1983392494292329e-14,0.9389571142260936,"GJR-GARCH(1,1,1)-t"
26190,-29.231851988040127,-24.275500580324657,True,True,4.5115966651928456e-14,1.7644611894812363e-14,"GJR-GARCH(1,1,1)-t"
29089,-10.664521759172992,-5.708170351457522,True,True,4.662356131716229e-14,0.9657298652936818,"GJR-GARCH(1,1,1)-t"
6545,-17.24314582502183,-12.28679441730636,True,True,0.0,0.9757413668151705,"GJR-GARCH(1,1,1)-t"
4858,-8.664363927793072,-3.7080125200776024,True,True,9.67336582276955e-14,0.0,"GJR-GARCH(1,1,1)-t"
31554,-16.63269939492715,-11.676347987211681,True,True,3.0543167925852766e-12,4.177260717466496e-11,"GJR-GARCH(1,1,1)-t"
595,-17.126791519861232,-12.170440112145762,True,False,0.9999999999983225,5.149420713200529e-12,"GJR-GARCH(1,1,1)-t"
22441,-0.7673426332086191,4.189008774506851,True,True,0.0,0.42836946873800835,"GJR-GARCH(1,1,1)-t"
13579,0.7007273979642701,5.65707880567974,True,False,4.816714772998728e-12,0.9999999997389207,"GJR-GARCH(1,1,1)-t"
17565,-1.8468841498724995,3.1094672578429705,True,True,0.4783215867160399,3.66777801978283e-13,"GJR-GARCH(1,1,1)-t"
6931,4.688709832696453,9.645061240411923,True,True,0.8706980032434453,6.46294329070608e-17,"GJR-GARCH(1,1,1)-t"
2185,-7.829534681777041,-2.873183274061571,True,True,1.0073545469504154e-16,0.562990306586862,"GJR-GARCH(1,1,1)-t"
7885,2.807758616225245,7.764110023940715,True,True,0.12107957926763885,2.3822990276295307e-16,"GJR-GARCH(1,1,1)-t"
24443,-21.212324316270667,-16.255972908555197,True,True,0.3114609519273648,0.0,"GJR-GARCH(1,1,1)-t"
1962,-9.72469255350724,-4.768341145791769,True,True,4.794976754788656e-16,0.24042133690398543,"GJR-GARCH(1,1,1)-t"
1728,-0.0023440969536387968,4.954007310761831,True,True,1.8156271996833997e-16,0.9083883273437675,"GJR-GARCH(1,1,1)-t"
17112,5.121564783736378,10.077916191451848,True,True,0.0,0.0364949191822924,"GJR-GARCH(1,1,1)-t"
28186,1.3733315208567642,6.329682928572234,True,False,1.0,0.398216208191999,"GJR-GARCH(1,1,1)-t"
27543,6.334763371752626,11.291114779468096,True,False,0.7191164396827642,0.6404417801586136,"GJR-GARCH(1,1,1)-t"
12559,-1.9117820566503365,3.0445693510651335,True,True,2.7125502986975968e-18,0.8091308214635253,"GJR-GARCH(1,1,1)-t"
7629,-0.5412723359115024,4.415079071803968,True,False,1.0,0.0,"GJR-GARCH(1,1,1)-t"
27215,0.9024645250440297,5.8588159327595,True,True,7.510910115143917e-19,0.3118701998812901,"GJR-GARCH(1,1,1)-t"
28070,4.696249500501832,9.652600908217302,True,True,3.638531365497532e-20,0.6365263671539684,"GJR-GARCH(1,1,1)-t"
1920,-4.173556316140864,0.7827950915746058,True,True,0.0,2.6714196228737963e-20,"GJR-GARCH(1,1,1)-t"
24034,-25.030253981785904,-20.073902574070434,True,False,1.8379598470385548e-12,0.9999999985384834,"GJR-GARCH(1,1,1)-t"
18247,-2.8797995964764986,2.0765518112389714,True,True,4.553466206602955e-16,0.0,"GJR-GARCH(1,1,1)-t"
10816,4.39182067747309,9.34817208518856,True,True,0.0,0.9914768588546584,"GJR-GARCH(1,1,1)-t"
32676,-1.8489221798825106,3.1074292278329594,True,False,0.0,1.0,"GJR-GARCH(1,1,1)-t"
16466,-13.5666275238394,-8.61027611612393,True,True,1.4197222605149645e-12,0.8743434388702401,"GJR-GARCH(1,1,1)-t"
11874,-18.032741518121668,-13.076390110406198,True,False,0.9999999999999991,0.15232905958622217,"GJR-GARCH(1,1,1)-t"
20944,-1.6405704095043845,3.3157809982110855,True,True,2.351346344299395e-13,0.9378470334608691,"GJR-GARCH(1,1,1)-t"
18629,-6.473046955618095,-1.516695547902625,True,True,0.1998945438332877,5.58807747448137e-12,"GJR-GARCH(1,1,1)-t"
13868,-12.611265425767662,-7.654914018052192,True,True,0.0,0.0,"GJR-GARCH(1,1,1)-t"
31077,-20.195519898759002,-15.239168491043532,True,True,0.0,0.654408059990033,"GJR-GARCH(1,1,1)-t"
30050,2.1860735144463757,7.142424922161846,True,True,0.212056255396259,3.0344572899471537e-12,"GJR-GARCH(1,1,1)-t"
15894,-14.126608876911241,-9.170257469195771,True,False,0.9999999999997972,0.12353494327197793,"GJR-GARCH(1,1,1)-t"
18682,-5.806357249786984,-0.8500058420715142,True,True,0.0,0.24993789458946442,"GJR-GARCH(1,1,1)-t"
6121,-13.390715946327319,-8.434364538611849,True,True,0.0,0.8914662122201134,"GJR-GARCH(1,1,1)-t"
2119,-11.189894152588835,-6.233542744873365,True,True,0.0,0.9392571099588258,"GJR-GARCH(1,1,1)-t"
5853,-14.829569230181018,-9.873217822465548,True,False,0.0,1.0,"GJR-GARCH(1,1,1)-t"
3531,-5.461122016441639,-0.5047706087261687,True,False,0.0,1.0,"GJR-GARCH(1,1,1)-t"
1011,-24.802287959566712,-19.845936551851242,True,False,0.042407255211463775,0.9580589296881089,"GJR-GARCH(1,1,1)-t"
6904,-4.08746317157172,0.86888823614375,True,False,0.9999999997207364,0.49999999977374043,"GJR-GARCH(1,1,1)-t"
18007,-1.561778300421052,3.394573107294418,True,True,1.7766998688321505e-15,0.016475017611647626,"GJR-GARCH(1,1,1)-t"
4103,-10.5110127414823,-5.5546613337668305,True,True,1.5176882334220225e-14,0.9326745357366769,"GJR-GARCH(1,1,1)-t"
2088,-5.646368459051615,-0.6900170513361452,True,False,9.107832054082513e-14,0.9999999999994399,"GJR-GARCH(1,1,1)-t"
6657,0.178176529623979,5.134527937339449,True,False,7.190028500262902e-15,0.9999999999999842,"GJR-GARCH(1,1,1)-t"
13920,6.284104498480536,11.240455906196006,True,False,0.9999999999999143,0.0,"GJR-GARCH(1,1,1)-t"
2491,-14.69761532504231,-9.74126391732684,True,True,0.39454735852751716,0.5490476856079006,"GJR-GARCH(1,1,1)-t"
27956,-11.441315348184684,-6.484963940469214,True,True,2.4879137244952987e-14,0.8313388142392072,"GJR-GARCH(1,1,1)-t"
14909,-1.9680893580385757,2.9882620496768943,True,False,2.874540225860968e-15,0.9999999999999929,"GJR-GARCH(1,1,1)-t"
27013,-16.407035943107118,-11.450684535391648,True,True,0.0,0.22843109867507433,"GJR-GARCH(1,1,1)-t"
30177,6.563827634901667,11.520179042617137,True,True,0.5881467365083816,0.0,"GJR-GARCH(1,1,1)-t"
19154,-4.9308143094745525,0.025537098240917544,True,True,8.908015057247608e-09,8.540310567684747e-09,"GJR-GARCH(1,1,1)-t"
31463,4.31320404011473,9.2695554478302,True,True,1.4941542889601401e-13,0.9743484290871764,"GJR-GARCH(1,1,1)-t"
19765,-7.3867116316532915,-2.4303602239378215,True,True,3.270732525755842e-11,0.9657653180552795,"GJR-GARCH(1,1,1)-t"
18082,1.558348079294758,6.514699487010228,True,True,0.0,0.9639928966910811,"GJR-GARCH(1,1,1)-t"
17117,-3.0428401287276685,1.9135112789878015,True,True,7.805169802355946e-18,0.9471540256568226,"GJR-GARCH(1,1,1)-t"
17584,-9.788322391213235,-4.831970983497765,True,False,0.5244192829983073,0.7377903585008809,"GJR-GARCH(1,1,1)-t"
21555,-7.414574189544407,-2.458222781828937,True,True,0.4257801337048496,0.17360799466821686,"GJR-GARCH(1,1,1)-t"
20491,10.573535554523563,15.529886962239033,True,True,7.80530923588859e-14,0.9393007970247296,"GJR-GARCH(1,1,1)-t"
20008,-13.726650767285594,-8.770299359570124,True,True,4.830625960230267e-19,0.9264843162217532,"GJR-GARCH(1,1,1)-t"
27851,1.7963137613911062,6.752665169106576,True,True,0.0,0.981432955629014,"GJR-GARCH(1,1,1)-t"
7219,-16.211876523184383,-11.255525115468913,True,False,0.0,1.0,"GJR-GARCH(1,1,1)-t"
16489,-8.213403932327523,-3.257052524612053,True,True,0.06526628677097952,0.9076363208731572,"GJR-GARCH(1,1,1)-t"
13451,-2.7782261336132734,2.1781252741021966,True,True,0.0,1.2996524177893506e-14,"GJR-GARCH(1,1,1)-t"
23858,-17.778081322600315,-12.821729914884845,True,True,0.0,7.619470185240371e-08,"GJR-GARCH(1,1,1)-t"
24754,-12.201223001367154,-7.244871593651684,True,True,9.585992172248969e-19,0.9591835685797282,"GJR-GARCH(1,1,1)-t"
18692,-0.7110106589895242,4.245340748725946,True,False,3.0575736072069566e-15,0.999999999999972,"GJR-GARCH(1,1,1)-t"
21693,-5.967972904331802,-1.011621496616332,True,True,0.0,0.0,"GJR-GARCH(1,1,1)-t"
29664,-10.751839076536008,-5.795487668820538,True,True,0.0,0.9268982304408123,"GJR-GARCH(1,1,1)-t"
6270,-17.745159551992746,-12.788808144277276,True,True,4.546369087937546e-17,0.0,"GJR-GARCH(1,1,1)-t"
4089,4.7069504431886475,9.663301850904118,True,True,1.0062059553193468e-15,1.5197959214930287e-13,"GJR-GARCH(1,1,1)-t"
5978,-4.813507510106266,0.1428438976092039,True,True,1.3197814765358546e-16,0.8263663959873564,"GJR-GARCH(1,1,1)-t"
17295,-7.46004332755221,-2.50369191983674,True,True,3.1863176005628225e-14,1.9664940687277e-11,"GJR-GARCH(1,1,1)-t"
26586,21.13932276988335,26.095674177598816,True,True,0.0,0.3869986283504751,"GJR-GARCH(1,1,1)-t"
14797,-13.036110800518063,-8.079759392802593,True,True,2.1944751019980922e-16,1.9326310127019136e-14,"GJR-GARCH(1,1,1)-t"
22355,0.7413032197101561,5.697654627425626,True,True,3.5026559165548598e-15,0.5260522718506301,"GJR-GARCH(1,1,1)-t"
10751,13.586154758360609,18.54250616607608,True,True,0.0,7.01063549857614e-13,"GJR-GARCH(1,1,1)-t"
15772,15.48159128471913,20.4379426924346,True,False,1.5912212065723217e-15,0.9999999999999487,"GJR-GARCH(1,1,1)-t"
17109,7.174609301634164,12.130960709349633,True,True,1.3298199580957456e-14,0.8127135011018651,"GJR-GARCH(1,1,1)-t"
32473,-2.4931956330626406,2.4631557746528294,True,False,0.9999999999999962,0.3064147618456498,"GJR-GARCH(1,1,1)-t"
16320,-4.82642042571327,0.12993098200220032,True,True,4.8858070262336645e-11,6.143399982624876e-10,"GJR-GARCH(1,1,1)-t"
8590,-13.274532208262205,-8.318180800546735,True,True,4.1880819345962364e-10,0.935943199834219,"GJR-GARCH(1,1,1)-t"
12581,-13.058452783552791,-8.102101375837321,True,True,2.670735873693181e-15,0.7566077650544035,"GJR-GARCH(1,1,1)-t"
10163,-15.752905460800374,-10.796554053084904,True,False,0.37839011678084505,0.8108049416082931,"GJR-GARCH(1,1,1)-t"
14246,-14.16511413194819,-9.20876272423272,True,False,0.0,1.0,"GJR-GARCH(1,1,1)-t"
13321,-2.9499305927660586,2.0064208149494114,True,False,1.410288326535802e-08,0.9999948438641393,"GJR-GARCH(1,1,1)-t"
20336,-1.8637212514440584,3.0926301562714116,True,True,5.829360582206332e-15,0.8814132849120832,"GJR-GARCH(1,1,1)-t"
18000,-12.382711352273649,-7.426359944558179,True,True,0.0,0.81157680274208,"GJR-GARCH(1,1,1)-t"
27270,-4.500602405850568,0.45574900186490197,True,True,2.9352648532822327e-15,0.5661397633977447,"GJR-GARCH(1,1,1)-t"
9352,7.1889892624196925,12.145340670135162,True,True,1.9109970865881673e-14,0.9750256117708653,"GJR-GARCH(1,1,1)-t"
15163,-3.2554367816687346,1.7009146260467354,True,True,3.228207440666771e-09,0.4824563666116583,"GJR-GARCH(1,1,1)-t"
5056,4.181441465917823,9.137792873633293,True,True,1.1199186071181607e-09,1.6840069649870785e-08,"GJR-GARCH(1,1,1)-t"
14738,-3.815870930217276,1.140480477498194,True,False,7.582086222771312e-20,1.0,"GJR-GARCH(1,1,1)-t"
17804,5.348958063559678,10.305309471275148,True,True,1.0445224958666152e-14,0.7487862493123247,"GJR-GARCH(1,1,1)-t"
30620,-1.6371122342194155,3.3192391734960545,True,True,1.1264447738507387e-11,1.033836745767335e-14,"GJR-GARCH(1,1,1)-t"
19389,-24.52452204386622,-19.56817063615075,True,False,0.9051780713181019,0.23265453890925009,"GJR-GARCH(1,1,1)-t"
3703,4.451653829426027,9.408005237141497,True,False,0.9999999999998477,0.34090606250089106,"GJR-GARCH(1,1,1)-t"
17569,-2.5291450608707677,2.4272063468447023,True,True,8.894510960589233e-13,7.496273339688686e-13,"GJR-GARCH(1,1,1)-t"
8044,0.34572601151917226,5.302077419234642,True,True,5.429042916187453e-14,0.458745686903563,"GJR-GARCH(1,1,1)-t"
10642,-13.92231857744855,-8.96596716973308,True,True,0.0,0.07966676776866237,"GJR-GARCH(1,1,1)-t"
14842,-14.650744109598321,-9.694392701882851,True,True,1.7108505880391318e-11,0.21437080395149025,"GJR-GARCH(1,1,1)-t"
22262,-4.900846113830497,0.05550529388497338,True,True,0.0,0.9342658578078463,"GJR-GARCH(1,1,1)-t"
7909,6.767188711840293,11.723540119555764,True,True,0.0,0.765218528132124,"GJR-GARCH(1,1,1)-t"
13432,-5.434644904906083,-0.478293497190613,True,True,0.23172953387799852,2.5218091060607592e-14,"GJR-GARCH(1,1,1)-t"
7107,14.328317053326728,19.284668461042198,True,True,2.3545731707979184e-18,0.3224048123018883,"GJR-GARCH(1,1,1)-t"
23132,-13.67031733192195,-8.71396592420648,True,False,1.0,0.054098680004322115,"GJR-GARCH(1,1,1)-t"
9000,8.263082664703846,13.219434072419316,True,True,0.19729550346886976,8.779810399072462e-16,"GJR-GARCH(1,1,1)-t"
14319,-6.647864547129032,-1.691513139413562,True,False,6.803563926095694e-19,1.0,"GJR-GARCH(1,1,1)-t"
159,-2.3422483348328704,2.6141030728825996,True,False,0.38273994420536883,0.808630027896944,"GJR-GARCH(1,1,1)-t"
16745,-12.82264276587038,-7.8662913581549105,True,False,8.005387522785936e-15,0.9999999999999916,"GJR-GARCH(1,1,1)-t"
22003,-18.319887291192657,-13.363535883477187,True,True,1.1249539980775196e-12,0.969098376283707,"GJR-GARCH(1,1,1)-t"
25653,-9.1114469859886,-4.15509557827313,True,True,6.536053791618642e-08,0.08160538422956864,"GJR-GARCH(1,1,1)-t"
20881,-7.961611088538707,-3.0052596808232366,True,False,0.12095672163792402,0.9395216391810383,"GJR-GARCH(1,1,1)-t"
16312,18.577187302160624,23.53353870987609,True,True,0.01181046124361855,0.8818759965666275,"GJR-GARCH(1,1,1)-t"
28841,5.4351459337229855,10.391497341438455,True,True,1.9052887861875433e-18,4.369038735235819e-15,"GJR-GARCH(1,1,1)-t"
22126,-7.287464601467679,-2.331113193752209,True,False,3.635382404842997e-15,0.9999999999999765,"GJR-GARCH(1,1,1)-t"
1581,-20.574950740110452,-15.618599332394982,True,True,0.0,0.9847821508936901,"GJR-GARCH(1,1,1)-t"
17888,-32.48861371487256,-27.532262307157087,True,False,0.0,1.0,"GJR-GARCH(1,1,1)-t"
2046,-1.1052402488101603,3.8511111589053098,True,True,0.10192194939694543,0.8827396980794219,"GJR-GARCH(1,1,1)-t"
6480,-12.769109553808722,-7.812758146093252,True,True,0.0,0.6026563628863292,"GJR-GARCH(1,1,1)-t"
1991,2.2096499907910427,7.166001398506513,True,True,0.0,0.9954897640781973,"GJR-GARCH(1,1,1)-t"
24171,0.37857093461842695,5.334922342333897,True,True,0.5098932367714017,2.3664404929616755e-17,"GJR-GARCH(1,1,1)-t"
31303,-5.332351897394126,-0.3760004896786562,True,True,1.4047898602889112e-16,0.9196080179699148,"GJR-GARCH(1,1,1)-t"
23836,-7.536423296273561,-2.5800718885580913,True,True,0.018042904201338507,0.4931250927178523,"GJR-GARCH(1,1,1)-t"
29842,-11.091303626585585,-6.134952218870115,True,False,0.0,1.0,"GJR-GARCH(1,1,1)-t"
30521,-10.087855321437669,-5.131503913722199,True,False,0.9999999998774923,1.2103942532534203e-10,"GJR-GARCH(1,1,1)-t"
14080,10.943975609695514,15.900327017410984,True,True,7.593404709623587e-15,0.8969283715902562,"GJR-GARCH(1,1,1)-t"
17342,-1.6007860016179336,3.3555654060975364,True,True,6.02765418979689e-16,0.22406594230796958,"GJR-GARCH(1,1,1)-t"
23628,-15.957140961938002,-11.000789554222532,True,True,7.165114293575138e-11,0.7152059913897365,"GJR-GARCH(1,1,1)-t"
5676,12.237046156611521,17.19339756432699,True,True,1.1280502199751785e-15,0.942638625744487,"GJR-GARCH(1,1,1)-t"
19839,-7.596862173737335,-2.6405107660218654,True,True,0.0,0.0,"GJR-GARCH(1,1,1)-t"
20329,7.780659480960567,12.737010888676037,True,False,0.0,1.0,"GJR-GARCH(1,1,1)-t"
16629,-4.693492876379445,0.26285853133602544,True,True,0.4435003182258984,0.45289478648600107,"GJR-GARCH(1,1,1)-t"
11367,-15.920584390667845,-10.964232982952375,True,False,3.537572050662711e-14,0.9999999999998009,"GJR-GARCH(1,1,1)-t"
22440,-6.93931839571734,-1.9829669880018699,True,True,9.55396913153822e-16,0.6717733898530363,"GJR-GARCH(1,1,1)-t"
9219,-19.78438368729467,-14.828032279579201,True,False,0.6287253706553133,0.5684221793790678,"GJR-GARCH(1,1,1)-t"
11264,16.211146917640146,21.167498325355616,True,True,0.29831514573883927,0.191660527174138,"GJR-GARCH(1,1,1)-t"
9633,-8.178742292497283,-3.222390884781813,True,False,1.2110248911375203e-13,0.9999999999875049,"GJR-GARCH(1,1,1)-t"
17424,-6.264027142161485,-1.3076757344460148,True,True,1.6120667802309591e-15,0.8119555556842124,"GJR-GARCH(1,1,1)-t"
20827,-4.740397800342464,0.21595360737300595,True,True,4.0207396468607556e-14,0.2966594137098575,"GJR-GARCH(1,1,1)-t"
4361,-6.668427683507954,-1.7120762757924837,True,True,0.0,0.3338656391507334,"GJR-GARCH(1,1,1)-t"
31254,-6.822728179766887,-1.8663767720514173,True,True,0.29604021075130843,6.298320633695734e-22,"GJR-GARCH(1,1,1)-t"
5686,-2.8908426942687804,2.0655087134466896,True,True,0.3525520771325781,0.38757413801871304,"GJR-GARCH(1,1,1)-t"
25290,12.590340957107363,17.546692364822835,True,True,0.0,0.6970229822444145,"GJR-GARCH(1,1,1)-t"
325,-4.881710659130881,0.07464074858458858,True,True,4.077011923010402e-17,0.0,"GJR-GARCH(1,1,1)-t"
10734,-24.352752475146424,-19.396401067430954,True,True,0.1135432783953385,2.017470013631351e-11,"GJR-GARCH(1,1,1)-t"
1532,-9.599477311737342,-4.643125904021872,True,True,0.0,0.4628406683631071,"GJR-GARCH(1,1,1)-t"
20164,5.506847082235209,10.46319848995068,True,False,0.9999999999823497,5.488409880825132e-12,"GJR-GARCH(1,1,1)-t"
26678,4.613280271945049,9.56963167966052,True,False,0.0,0.9999999994552708,"GJR-GARCH(1,1,1)-t"
25019,-8.899604390752295,-3.9432529830368246,True,True,8.772764841979154e-17,0.7004352989128995,"GJR-GARCH(1,1,1)-t"
5667,12.97356361811508,17.92991502583055,True,False,4.950951229923051e-21,1.0,"GJR-GARCH(1,1,1)-t"
14218,8.237868215188422,13.194219622903892,True,True,0.0,0.8875955587950083,"GJR-GARCH(1,1,1)-t"
31471,-2.9448931116780273,2.0114582960374428,True,True,0.0,2.3747212603637557e-07,"GJR-GARCH(1,1,1)-t"
26410,0.7199265257968204,5.67627793351229,True,True,0.0,0.0,"GJR-GARCH(1,1,1)-t"
31404,-4.726486765402264,0.22986464231320625,True,False,0.0,1.0,"GJR-GARCH(1,1,1)-t"
5846,-3.240504069242462,1.715847338473008,True,True,0.773742484105127,0.0009172876881041065,"GJR-GARCH(1,1,1)-t"
25773,-8.906873761665327,-3.9505223539498573,True,True,0.0,0.8680819135874269,"GJR-GARCH(1,1,1)-t"
16040,-3.2447173472185646,1.7116340604969054,True,True,0.7470099883596567,5.0731324953199076e-15,"GJR-GARCH(1,1,1)-t"
31113,16.574574934035113,21.530926341750583,True,True,0.0,0.9021695572487491,"GJR-GARCH(1,1,1)-t"
4927,8.533716279555495,13.490067687270965,True,True,4.0373204220702616e-16,0.9910831837895725,"GJR-GARCH(1,1,1)-t"
23630,6.82218065810579,11.77853206582126,True,True,2.7903263822616405e-14,0.992117332768709,"GJR-GARCH(1,1,1)-t"
23490,9.790308374149827,14.746659781865297,True,False,0.6097109157070405,0.6951445421464795,"GJR-GARCH(1,1,1)-t"
4557,-5.777512045567832,-0.8211606378523619,True,True,0.0,0.6841654693209084,"GJR-GARCH(1,1,1)-t"
7775,-0.33596638772926823,4.620385019986202,True,False,2.348898014799676e-13,1.0,"GJR-GARCH(1,1,1)-t"
21240,4.397117052417164,9.353468460132634,True,True,0.0,0.8710374186363591,"GJR-GARCH(1,1,1)-t"
13160,,,False,False,,,"GJR-GARCH(1,1,1)-t"
30940,0.9198816565881636,5.876233064303634,True,True,1.801833764377318e-14,0.0,"GJR-GARCH(1,1,1)-t"
16704,-10.79645658134417,-5.8401051736287,True,True,1.931717812383023e-09,0.9559779400449004,"GJR-GARCH(1,1,1)-t"
13495,-10.41100299048519,-5.454651582769721,True,True,0.1268129506126611,1.361588369408926e-17,"GJR-GARCH(1,1,1)-t"
6494,5.054790111689414,10.011141519404884,True,False,5.1956096319020236e-11,0.9999999767854031,"GJR-GARCH(1,1,1)-t"
20021,-3.021654676210048,1.9346967315054222,True,True,7.187705655293682e-19,0.9551253076789902,"GJR-GARCH(1,1,1)-t"
29997,-8.191145486255387,-3.2347940785399167,True,True,9.378981631846298e-15,0.585371445591118,"GJR-GARCH(1,1,1)-t"
16771,-1.7957001042381826,3.1606513034772874,True,True,0.013564352121699905,8.258102116717432e-15,"GJR-GARCH(1,1,1)-t"
32155,4.099669773893456,9.056021181608926,True,True,1.3541220975793333e-16,1.6493465307308157e-11,"GJR-GARCH(1,1,1)-t"
25866,-16.555607028787495,-11.599255621072025,True,False,3.6549039121369137e-16,1.0,"GJR-GARCH(1,1,1)-t"
12728,-6.143524535795571,-1.1871731280801008,True,True,2.709723785464088e-15,0.19202537103869266,"GJR-GARCH(1,1,1)-t"
25234,-18.47767934548466,-13.52132793776919,True,False,0.0,1.0,"GJR-GARCH(1,1,1)-t"
4084,1.9128263645823722,6.869177772297842,True,True,0.2783301466110237,1.0037814959995147e-18,"GJR-GARCH(1,1,1)-t"
12279,-17.73475744156186,-12.778406033846391,True,True,0.0,0.7851643322115389,"GJR-GARCH(1,1,1)-t"
7759,7.884627264016209,12.84097867173168,True,False,2.1514795375544418e-14,0.9999999999999524,"GJR-GARCH(1,1,1)-t"
8534,-21.428434088368462,-16.472082680652992,True,False,0.9999999999999903,1.5784550997950079e-15,"GJR-GARCH(1,1,1)-t"
29616,-20.830851100323812,-15.874499692608342,True,False,0.9999999999999587,2.0426545601084246e-14,"GJR-GARCH(1,1,1)-t"
13207,8.16996953660048,13.12632094431595,True,True,2.15598524831966e-14,1.328569680513805e-12,"GJR-GARCH(1,1,1)-t"
32653,10.878905558905688,15.835256966621158,True,True,0.2505556715180628,1.2244116643928761e-14,"GJR-GARCH(1,1,1)-t"
1142,-2.8205028406088317,2.1358485671066383,True,True,1.125719472490514e-07,0.9427223517405364,"GJR-GARCH(1,1,1)-t"
15908,-17.993862907053256,-13.037511499337786,True,True,3.940509086497091e-12,2.1469728005526535e-11,"GJR-GARCH(1,1,1)-t"
12533,4.196045368057538,9.152396775773008,True,False,8.328524891144216e-18,0.9999999999998934,"GJR-GARCH(1,1,1)-t"
26759,3.089196052663681,8.04554746037915,True,False,0.26851013658065565,0.86574493170929,"GJR-GARCH(1,1,1)-t"
13552,-14.525033574218348,-9.568682166502878,True,True,1.4432103575553858e-14,0.655232988766592,"GJR-GARCH(1,1,1)-t"
16601,-10.124523699592597,-5.168172291877127,True,True,0.4746839654012769,1.0058949290140748e-12,"GJR-GARCH(1,1,1)-t"
1408,-6.070465044231984,-1.1141136365165138,True,True,0.0,0.7259245593111279,"GJR-GARCH(1,1,1)-t"
12585,-0.859281932300032,4.097069475415438,True,True,3.7988594624929784e-13,0.8258631661630627,"GJR-GARCH(1,1,1)-t"
20862,1.6390421381662588,6.595393545881729,True,True,1.1334246563379441e-11,0.9341841879729338,"GJR-GARCH(1,1,1)-t"
26314,17.02225645171885,21.97860785943432,True,True,0.0,0.9647892817891673,"GJR-GARCH(1,1,1)-t"
13533,-8.833971827361712,-3.8776204196462416,True,True,0.0,0.24220431796284592,"GJR-GARCH(1,1,1)-t"
16240,-1.7797868359037725,3.1765645718116975,True,False,1.0579936596980408e-16,0.9999999999999998,"GJR-GARCH(1,1,1)-t"
27837,-19.784110088553888,-14.827758680838418,True,True,0.0,0.8413198291935771,"GJR-GARCH(1,1,1)-t"
28190,10.776746403548675,15.733097811264145,True,True,4.184983961393167e-16,0.45543166642414307,"GJR-GARCH(1,1,1)-t"
16560,-19.447339921998314,-14.490988514282844,True,False,0.0,1.0,"GJR-GARCH(1,1,1)-t"
11726,1.4678580364855662,6.424209444201036,True,True,0.0,0.9558219086811425,"GJR-GARCH(1,1,1)-t"
17486,2.5052583319038657,7.461609739619336,True,True,5.203891299907841e-13,0.7529890177803512,"GJR-GARCH(1,1,1)-t"
12633,1.4108263732062962,6.367177780921766,True,True,0.0,0.9652895487833645,"GJR-GARCH(1,1,1)-t"
30824,7.255085278564282,12.211436686279752,True,True,4.992798317657529e-16,0.3125620599782144,"GJR-GARCH(1,1,1)-t"
5916,-23.820114732586163,-18.863763324870693,True,True,1.3400546314427801e-10,6.331446815946083e-11,"GJR-GARCH(1,1,1)-t"
20691,-4.1325985946259,0.8237528130895697,True,False,0.0,1.0,"GJR-GARCH(1,1,1)-t"
27585,-12.023884880922925,-7.067533473207455,True,True,4.581018635889025e-15,0.7007591351084511,"GJR-GARCH(1,1,1)-t"
20457,-17.759050765784874,-12.802699358069404,True,True,1.3884517064930203e-11,0.9661104407626353,"GJR-GARCH(1,1,1)-t"
12920,-16.349246021514364,-11.392894613798894,True,True,1.9021278971118654e-15,0.6587647172772678,"GJR-GARCH(1,1,1)-t"
9201,1.884933154886859,6.841284562602329,True,True,0.06994017698760373,0.8812571345330208,"GJR-GARCH(1,1,1)-t"
13328,-6.069501446524789,-1.1131500388093194,True,True,5.783952029850661e-18,0.9626455311546349,"GJR-GARCH(1,1,1)-t"
32686,-1.0026178838355033,3.9537335238799667,True,True,3.270612790113825e-13,0.9884591898328405,"GJR-GARCH(1,1,1)-t"
12852,-5.938757606738932,-0.9824061990234618,True,True,1.276633313171398e-20,0.647349097922041,"GJR-GARCH(1,1,1)-t"
6342,-18.564221752385166,-13.607870344669696,True,True,0.0,0.0,"GJR-GARCH(1,1,1)-t"
29548,-0.8229098558994323,4.133441551816038,True,False,0.0,0.9999999999929763,"GJR-GARCH(1,1,1)-t"
22263,-4.1002591790247855,0.8560922286906845,True,False,0.9999999999999993,1.1306771424551346e-16,"GJR-GARCH(1,1,1)-t"
6961,-7.127760600032751,-2.171409192317281,True,False,0.0,1.0,"GJR-GARCH(1,1,1)-t"
22011,8.32918430973584,13.28553571745131,True,True,0.0,0.7918895247815945,"GJR-GARCH(1,1,1)-t"
20199,-4.251682619270873,0.7046687884445966,True,True,0.0,0.734205898543723,"GJR-GARCH(1,1,1)-t"
16271,-19.320950022552793,-14.364598614837323,True,True,0.2780734141934761,0.0,"GJR-GARCH(1,1,1)-t"
25616,-7.917493944606292,-2.961142536890822,True,True,0.0,0.0,"GJR-GARCH(1,1,1)-t"
11263,-4.9233979310538345,0.032953476661635506,True,True,0.0,0.9533354050349316,"GJR-GARCH(1,1,1)-t"
18072,2.291626950131482,7.247978357846952,True,True,4.577681638288783e-14,0.9312251748078139,"GJR-GARCH(1,1,1)-t"
7747,-14.906584780432649,-9.950233372717179,True,False,1.0,0.0,"GJR-GARCH(1,1,1)-t"
29336,-0.13207234787452293,4.824279059840947,True,True,5.286711638526421e-21,2.0970789903705694e-16,"GJR-GARCH(1,1,1)-t"
29608,-4.921514914865259,0.03483649285021073,True,True,2.8155110700556265e-16,3.012634303806056e-19,"GJR-GARCH(1,1,1)-t"
6476,9.406588532500237,14.362939940215707,True,True,0.21789563507889137,0.5680018821800378,"GJR-GARCH(1,1,1)-t"
18170,-1.109865048422364,3.846486359293106,True,True,0.0,0.5218642947060227,"GJR-GARCH(1,1,1)-t"
14813,3.2079167263078503,8.16426813402332,True,False,4.6753266533051024e-14,0.9999999999849192,"GJR-GARCH(1,1,1)-t"
5300,-13.536821357932123,-8.580469950216653,True,True,3.4382317973635627e-12,0.7339649506927082,"GJR-GARCH(1,1,1)-t"
24385,17.897804418689653,22.854155826405123,True,True,7.612721231625624e-15,0.9712322084211316,"GJR-GARCH(1,1,1)-t"
21136,19.471840020856405,24.42819142857187,True,True,0.0,0.7737491557906927,"GJR-GARCH(1,1,1)-t"
20327,-6.154763325674001,-1.1984119179585306,True,True,4.724439559604015e-12,0.9956947630066559,"GJR-GARCH(1,1,1)-t"
14510,-23.147436492248737,-18.191085084533267,True,False,8.287602827253284e-15,0.9999999999999922,"GJR-GARCH(1,1,1)-t"
30791,-5.70826644564708,-0.7519150379316102,True,True,0.0,0.5763879966351696,"GJR-GARCH(1,1,1)-t"
20559,-6.490020952532092,-1.5336695448166218,True,True,0.0,0.0,"GJR-GARCH(1,1,1)-t"
18042,-10.68216418815759,-5.725812780442119,True,True,1.224601275674159e-19,0.7267925399411187,"GJR-GARCH(1,1,1)-t"
1326,-14.954549062286688,-9.998197654571218,True,True,3.753141636250088e-11,0.985606808651381,"GJR-GARCH(1,1,1)-t"
8822,-4.569829281284385,0.3865221264310854,True,True,0.0,0.8739642274464088,"GJR-GARCH(1,1,1)-t"
18999,8.621665050784502,13.578016458499972,True,True,1.2583853397168494e-13,0.7870503410564188,"GJR-GARCH(1,1,1)-t"
5368,-3.9516776875421975,1.0046737201732725,True,False,4.439378043495208e-15,0.999999999999984,"GJR-GARCH(1,1,1)-t"
19267,3.046189227907524,8.002540635622994,True,True,1.4052006621999334e-14,0.16506061009961626,"GJR-GARCH(1,1,1)-t"
15216,2.649426613763943,7.605778021479413,True,True,0.0,0.903204575316879,"GJR-GARCH(1,1,1)-t"
852,-16.025677605903475,-11.069326198188005,True,True,1.7474833219489165e-20,9.44358794825202e-15,"GJR-GARCH(1,1,1)-t"
9822,4.314337327783399,9.270688735498869,True,True,1.2929218718886626e-14,5.2189135785452036e-14,"GJR-GARCH(1,1,1)-t"
9501,2.1991684456616376,7.155519853377108,True,False,0.0,0.9999999999999917,"GJR-GARCH(1,1,1)-t"
21040,-1.875075013680494,3.081276394034976,True,True,0.0,0.9143029451573267,"GJR-GARCH(1,1,1)-t"
12676,-7.728664579287557,-2.772313171572087,True,True,9.653059294304474e-16,0.951889765976745,"GJR-GARCH(1,1,1)-t"
23426,-19.197342755745893,-14.240991348030423,True,True,2.350762420352531e-10,0.975815279396415,"GJR-GARCH(1,1,1)-t"
17676,-11.210288406117957,-6.253936998402487,True,False,0.0,1.0,"GJR-GARCH(1,1,1)-t"
15685,-2.2544352005791026,2.7019162071363674,True,True,1.5675325374653649e-15,0.0,"GJR-GARCH(1,1,1)-t"
26250,-8.332544003356986,-3.376192595641516,True,True,0.9751030770873076,8.13571432445315e-18,"GJR-GARCH(1,1,1)-t"
2903,-17.920609081439032,-12.964257673723562,True,False,0.6975461834713944,0.6512268798846279,"GJR-GARCH(1,1,1)-t"
25525,1.2024465865336822,6.158797994249152,True,True,4.943068625142823e-15,0.7884116624279562,"GJR-GARCH(1,1,1)-t"
20973,3.8527399304630165,8.809091338178487,True,True,1.9836323019689825e-16,0.9853114269635833,"GJR-GARCH(1,1,1)-t"
4072,-9.993747852926248,-5.037396445210778,True,True,4.868500403725747e-19,0.07517576853177665,"GJR-GARCH(1,1,1)-t"
28670,-6.958403391007554,-2.002051983292084,True,True,5.992555506909634e-15,0.8020455886072212,"GJR-GARCH(1,1,1)-t"
18236,5.1607845092214735,10.117135916936943,True,False,2.890856946967276e-17,0.9999999999999996,"GJR-GARCH(1,1,1)-t"
659,-0.7154086575275542,4.240942750187916,True,True,0.0,0.013308091334213838,"GJR-GARCH(1,1,1)-t"
14730,0.8395738695438375,5.7959252772593075,True,True,2.536557901451723e-19,0.3829900222097563,"GJR-GARCH(1,1,1)-t"
25761,-5.364355679403417,-0.40800427168794684,True,True,4.9325196731044335e-15,0.6823909543153698,"GJR-GARCH(1,1,1)-t"
27361,-2.455588871590219,2.500762536125251,True,True,0.480021109871063,0.3284236057446635,"GJR-GARCH(1,1,1)-t"
23147,-6.775661057523063,-1.8193096498075931,True,False,0.9999999999999903,2.2321088496312963e-13,"GJR-GARCH(1,1,1)-t"
1037,-26.347708858486556,-21.391357450771086,True,True,9.06765690062135e-07,0.9654850693967262,"GJR-GARCH(1,1,1)-t"
20762,6.831029305072926,11.787380712788396,True,True,0.8228164501469841,0.11645111655204522,"GJR-GARCH(1,1,1)-t"
8448,7.76698029585264,12.72333170356811,True,False,0.0,1.0,"GJR-GARCH(1,1,1)-t"
22067,-0.330376513215775,4.625974894499695,True,True,2.8110886815236736e-16,0.0,"GJR-GARCH(1,1,1)-t"
19499,-21.941708776530454,-16.985357368814984,True,True,2.8277869005162727e-18,9.754496919465618e-16,"GJR-GARCH(1,1,1)-t"
26317,28.145587413326695,33.10193882104217,True,False,0.60789838606314,0.69605080696843,"GJR-GARCH(1,1,1)-t"
24816,-2.7341252804423526,2.2222261272731174,True,True,4.302866580132392e-16,0.16558340467713734,"GJR-GARCH(1,1,1)-t"
19923,-6.952382402831578,-1.996030995116108,True,True,2.9275340465554416e-08,0.3621706842609389,"GJR-GARCH(1,1,1)-t"
25854,-21.23294159574037,-16.2765901880249,True,True,0.18837649613379415,1.4484817308017544e-12,"GJR-GARCH(1,1,1)-t"
7008,-13.212110154770492,-8.255758747055022,True,False,1.0,0.0,"GJR-GARCH(1,1,1)-t"
25654,-8.605109650894317,-3.648758243178847,True,True,1.0448847085659907e-11,0.9566071443048615,"GJR-GARCH(1,1,1)-t"
5141,-14.934750248601947,-9.978398840886477,True,True,0.0,0.9649331570491629,"GJR-GARCH(1,1,1)-t"
753,3.8887227162931914,8.845074124008661,True,True,0.0,0.9544338289133331,"GJR-GARCH(1,1,1)-t"
13368,-3.384164683792264,1.5721867239232061,True,False,1.0,0.22325599323263037,"GJR-GARCH(1,1,1)-t"
18393,-9.018956393786521,-4.062604986071051,True,False,0.28135944030784393,0.859320279846917,"GJR-GARCH(1,1,1)-t"
17506,-4.62521411834156,0.33113728937390974,True,True,2.008935993668465e-13,6.220305868481574e-15,"GJR-GARCH(1,1,1)-t"
3484,-27.6081219896297,-22.65177058191423,True,True,0.0,0.6644812168676643,"GJR-GARCH(1,1,1)-t"
29824,1.6681158641942488,6.624467271909719,True,True,0.0,4.696449118568923e-11,"GJR-GARCH(1,1,1)-t"
15872,3.839856070589615,8.796207478305085,True,True,1.363924403476214e-15,0.6239205640986458,"GJR-GARCH(1,1,1)-t"
24161,-11.655916002973349,-6.699564595257879,True,True,6.731757436869865e-09,3.328784999167923e-07,"GJR-GARCH(1,1,1)-t"
23232,-3.1912666782615844,1.7650847294538856,True,True,4.8406895860101016e-17,0.838801363214072,"GJR-GARCH(1,1,1)-t"
22622,-11.84161735128249,-6.8852659435670205,True,True,0.0,0.0,"GJR-GARCH(1,1,1)-t"
29634,-14.451979215080613,-9.495627807365143,True,True,2.659576937124571e-15,0.43086912859483956,"GJR-GARCH(1,1,1)-t"
24402,9.724886949856904,14.681238357572374,True,True,0.0,0.7825105329942686,"GJR-GARCH(1,1,1)-t"
6742,-8.456046674560056,-3.4996952668445864,True,True,0.0,0.6558429616101392,"GJR-GARCH(1,1,1)-t"
18878,-7.701783548344196,-2.7454321406287256,True,True,3.145245523495568e-18,0.6368070489544443,"GJR-GARCH(1,1,1)-t"
32174,-6.856274912337202,-1.8999235046217322,True,True,0.0,5.605165093882532e-12,"GJR-GARCH(1,1,1)-t"
22133,-2.709783964879854,2.246567442835616,True,False,0.9138610940414776,0.3243371972268604,"GJR-GARCH(1,1,1)-t"
32200,-1.5441925169645287,3.4121588907509413,True,True,0.414605295040941,0.33676900514299074,"GJR-GARCH(1,1,1)-t"
2463,-10.927282433353916,-5.970931025638446,True,True,5.668844166156805e-14,5.2802678921868676e-14,"GJR-GARCH(1,1,1)-t"
24131,0.26250102447292,5.21885243218839,True,True,0.0,0.0,"GJR-GARCH(1,1,1)-t"
7013,8.706031984130481,13.662383391845951,True,True,1.1839018106958923e-15,0.9461678184239587,"GJR-GARCH(1,1,1)-t"
22498,-14.70541488995536,-9.74906348223989,True,True,8.638898860544508e-09,7.035610708010487e-09,"GJR-GARCH(1,1,1)-t"
15209,-5.00786776795762,-0.05151636024215023,True,True,6.026542695669518e-17,0.9725173652002735,"GJR-GARCH(1,1,1)-t"
17210,-5.0380362189718255,-0.08168481125635552,True,False,1.48164797437873e-13,0.999999999997755,"GJR-GARCH(1,1,1)-t"
4257,-3.452595046865376,1.503756360850094,True,True,3.0426941823100993e-11,0.9782246929495094,"GJR-GARCH(1,1,1)-t"
23243,-16.14686341357541,-11.19051200585994,True,False,0.9999999999999438,0.4933268707733905,"GJR-GARCH(1,1,1)-t"
26107,2.648863840304866,7.605215248020336,True,True,4.1548236373529625e-12,1.4868672568076112e-12,"GJR-GARCH(1,1,1)-t"
31327,-1.2323436642466543,3.7240077434688157,True,False,0.999999999999517,0.2426943596956197,"GJR-GARCH(1,1,1)-t"
14913,-4.270709602331976,0.6856418053834936,True,True,0.0,0.011567928637535469,"GJR-GARCH(1,1,1)-t"
15335,-9.52738491101681,-4.57103350330134,True,True,0.0,0.9903706780756035,"GJR-GARCH(1,1,1)-t"
8659,-2.5447315723519175,2.4116198353635525,True,True,0.3549112227741884,0.4616714207667845,"GJR-GARCH(1,1,1)-t"
2758,-4.525225413274772,0.43112599444069843,True,True,1.042890439612791e-08,0.6128783627623506,"GJR-GARCH(1,1,1)-t"
11792,-5.7075006199557095,-0.7511492122402395,True,True,3.179877847950256e-16,0.8349604062768992,"GJR-GARCH(1,1,1)-t"
20265,-0.4232237165687476,4.533127691146722,True,True,2.292307739358117e-15,0.0654085695561273,"GJR-GARCH(1,1,1)-t"
30492,-15.198660431971195,-10.242309024255725,True,False,0.0,0.9999999999985282,"GJR-GARCH(1,1,1)-t"
17239,10.122556653808594,15.078908061524064,True,True,6.631035659539916e-13,0.9461995668428907,"GJR-GARCH(1,1,1)-t"
618,-4.435926100818765,0.5204253068967049,True,True,9.284546602929011e-12,0.9651364592561186,"GJR-GARCH(1,1,1)-t"
32704,-0.09828704279304645,4.8580643649224236,True,False,0.0,0.9999999078942938,"GJR-GARCH(1,1,1)-t"
29026,-4.611867064303059,0.34448434341241096,True,True,0.0,0.8961991887380639,"GJR-GARCH(1,1,1)-t"
21445,-15.593153565606862,-10.636802157891392,True,True,0.0,0.9932521350957891,"GJR-GARCH(1,1,1)-t"
29445,1.5722437656928676,6.528595173408338,True,True,2.927789467065028e-17,0.99714255675118,"GJR-GARCH(1,1,1)-t"
11579,2.6458045382229187,7.602155945938389,True,True,0.45789349429246423,0.0,"GJR-GARCH(1,1,1)-t"
18653,11.735272551765833,16.6916239594813,True,False,9.689752165415e-21,1.0,"GJR-GARCH(1,1,1)-t"
2037,-6.79547065647299,-1.8391192487575196,True,True,2.946241565139624e-14,0.9677091722711042,"GJR-GARCH(1,1,1)-t"
32374,-10.260608817810446,-5.304257410094976,True,True,4.845907833008465e-18,0.44282196022070164,"GJR-GARCH(1,1,1)-t"
6390,-11.598761531488613,-6.642410123773143,True,True,8.438366975824333e-18,0.4734886351004969,"GJR-GARCH(1,1,1)-t"
18407,2.6849363004455196,7.64128770816099,True,False,2.080607226052226e-16,0.9999999999999996,"GJR-GARCH(1,1,1)-t"
17872,-5.637091283865459,-0.680739876149989,True,True,1.4523772371873348e-16,0.6695412978528404,"GJR-GARCH(1,1,1)-t"
11481,-5.274828664716239,-0.3184772570007688,True,True,0.9428241297871656,5.697282562087323e-16,"GJR-GARCH(1,1,1)-t"
1100,-14.889552712535792,-9.933201304820322,True,True,1.997816331792708e-13,0.7035585068898802,"GJR-GARCH(1,1,1)-t"
5729,-2.500385604124837,2.455965803590633,True,True,0.0783742068848575,3.6584802296618775e-14,"GJR-GARCH(1,1,1)-t"
18822,7.287849852314826,12.244201260030296,True,True,0.0,0.0,"GJR-GARCH(1,1,1)-t"
4493,-6.508213684389101,-1.5518622766736314,True,True,8.897936745713015e-18,0.8933596629047913,"GJR-GARCH(1,1,1)-t"
2982,3.091816923572283,8.048168331287753,True,False,1.1140938821178011e-14,0.9999999999999263,"GJR-GARCH(1,1,1)-t"
3012,-7.940715101247736,-2.9843636935322664,True,False,4.437552885119494e-16,0.9999999999999931,"GJR-GARCH(1,1,1)-t"
22824,-7.56068583265392,-2.6043344249384504,True,True,0.0,0.8908176420454524,"GJR-GARCH(1,1,1)-t"
18808,-7.205651071699176,-2.249299663983706,True,True,0.0,0.860686006565608,"GJR-GARCH(1,1,1)-t"
10450,-20.19880450322647,-15.242453095511,True,True,1.823041893066618e-09,0.6595887142557418,"GJR-GARCH(1,1,1)-t"
13643,-3.361891266281166,1.594460141434304,True,True,0.0,0.0,"GJR-GARCH(1,1,1)-t"
21446,-5.306602706916287,-0.3502512992008171,True,True,1.0622684423147947e-16,0.9975072986740927,"GJR-GARCH(1,1,1)-t"
8753,13.520153193041184,18.476504600756655,True,True,3.471857615529378e-13,0.8580892925872009,"GJR-GARCH(1,1,1)-t"
14065,-13.731359937783601,-8.775008530068131,True,True,1.760068578019396e-13,0.21673754118448793,"GJR-GARCH(1,1,1)-t"
25504,-3.6992190238717164,1.2571323838437536,True,True,0.10974531530325225,0.0,"GJR-GARCH(1,1,1)-t"
7811,5.42288728537811,10.37923869309358,True,True,3.2479559593471764e-07,0.9654734935159731,"GJR-GARCH(1,1,1)-t"
27722,-11.602752588635887,-6.646401180920417,True,True,8.415590729671503e-15,0.3340998619840238,"GJR-GARCH(1,1,1)-t"
14752,17.73257668706801,22.688928094783478,True,True,0.1601066806253231,2.0546714939315352e-13,"GJR-GARCH(1,1,1)-t"
11869,2.197709128509066,7.154060536224536,True,True,0.0,7.545017996234353e-15,"GJR-GARCH(1,1,1)-t"
14021,6.088085818476298,11.044437226191768,True,False,0.0,1.0,"GJR-GARCH(1,1,1)-t"
6854,-5.730312493503423,-0.7739610857879526,True,False,2.7134746911122344e-12,0.9999999999928534,"GJR-GARCH(1,1,1)-t"
27003,-1.6991730306831947,3.2571783770322753,True,False,1.0,0.0,"GJR-GARCH(1,1,1)-t"
32322,4.248151798409808,9.204503206125278,True,True,0.0,0.8211939227611526,"GJR-GARCH(1,1,1)-t"
24473,-2.564440048647299,2.391911359068171,True,True,0.0,0.8217716444820984,"GJR-GARCH(1,1,1)-t"
28877,15.931582669731462,20.887934077446932,True,True,0.0,0.8787749806291602,"GJR-GARCH(1,1,1)-t"
2329,9.501734741761755,14.458086149477225,True,True,9.667687472116973e-14,0.9283018762724609,"GJR-GARCH(1,1,1)-t"
16746,5.73033825975155,10.68668966746702,True,True,0.0,0.2864630963979972,"GJR-GARCH(1,1,1)-t"
9208,5.901695616640527,10.858047024355997,True,True,0.0,7.746143219538412e-18,"GJR-GARCH(1,1,1)-t"
28527,-16.041421647932566,-11.085070240217096,True,True,0.3215210844609882,7.633773828933796e-16,"GJR-GARCH(1,1,1)-t"
817,16.256286577969966,21.21263798568544,True,True,0.0,0.40941041757299723,"GJR-GARCH(1,1,1)-t"
6850,-2.4843607414524023,2.4719906662630677,True,True,0.15819175862225374,0.07751540456654185,"GJR-GARCH(1,1,1)-t"
32751,3.5276572240772595,8.48400863179273,True,True,4.459293983895815e-24,0.539161917469514,"GJR-GARCH(1,1,1)-t"
4547,3.951769737023497,8.908121144738967,True,True,6.548863975672434e-15,1.2123657653097623e-12,"GJR-GARCH(1,1,1)-t"
31324,0.11076658969061093,5.067117997406081,True,True,1.3494403799704199e-17,0.9618907256281032,"GJR-GARCH(1,1,1)-t"
9198,-7.373929893214385,-2.4175784854989146,True,False,4.6317675458949074e-18,1.0,"GJR-GARCH(1,1,1)-t"
5139,-14.134927147468396,-9.178575739752926,True,True,1.2940927960264179e-15,0.4065620091016937,"GJR-GARCH(1,1,1)-t"
14897,10.300066676697542,15.256418084413012,True,True,0.0,0.0,"GJR-GARCH(1,1,1)-t"
3406,27.01091171164519,31.96726311936066,True,True,3.282241679730379e-19,2.538615802267635e-18,"GJR-GARCH(1,1,1)-t"
16556,4.041986510668963,8.998337918384433,True,True,2.4599866743367484e-15,0.9343076976691562,"GJR-GARCH(1,1,1)-t"
1433,-2.053848951808625,2.902502455906845,True,True,0.0,0.7591459315629594,"GJR-GARCH(1,1,1)-t"
10403,9.752466197059764,14.708817604775234,True,False,9.335578874272798e-16,0.9999999999999994,"GJR-GARCH(1,1,1)-t"
17179,2.966647537949404,7.922998945664874,True,True,9.590347702174005e-09,0.9387241567854469,"GJR-GARCH(1,1,1)-t"
21246,10.543564598539767,15.499916006255237,True,True,0.0,0.0,"GJR-GARCH(1,1,1)-t"
28111,-7.360355135061926,-2.4040037273464563,True,False,0.2564971107141036,0.8717514446491226,"GJR-GARCH(1,1,1)-t"
27481,-3.809198830629491,1.1471525770859792,True,True,1.4435531273643674e-15,2.0749444451326812e-16,"GJR-GARCH(1,1,1)-t"
26366,-10.87600026604225,-5.919648858326781,True,True,0.0,0.7472069098355553,"GJR-GARCH(1,1,1)-t"
13019,2.094781092443675,7.051132500159145,True,True,0.0,3.1220403814330636e-11,"GJR-GARCH(1,1,1)-t"
18234,2.4815930027470063,7.437944410462476,True,True,0.0,0.8653157110768924,"GJR-GARCH(1,1,1)-t"
3404,9.48611522660385,14.44246663431932,True,False,4.687578601139398e-19,0.9999999999999963,"GJR-GARCH(1,1,1)-t"
18611,-0.3671974877445159,4.589153919970954,True,True,9.062306837083719e-14,0.7961615199386974,"GJR-GARCH(1,1,1)-t"
123,-3.7411375081618203,1.2152138995536497,True,False,0.9997871919079605,0.36442592855419853,"GJR-GARCH(1,1,1)-t"
18703,10.004737059081066,14.961088466796536,True,True,0.40308396411157466,0.04660804689902985,"GJR-GARCH(1,1,1)-t"
8585,4.518594735413714,9.474946143129184,True,False,0.9999999999999988,1.173538388145271e-16,"GJR-GARCH(1,1,1)-t"
7310,-0.645684013433323,4.310667394282147,True,False,0.7013875465126547,0.6493062267436721,"GJR-GARCH(1,1,1)-t"
3322,-4.631170734889729,0.32518067282574137,True,True,0.0,0.0,"GJR-GARCH(1,1,1)-t"
3921,-8.864781767281734,-3.908430359566264,True,True,5.644148834494096e-15,0.998027274532183,"GJR-GARCH(1,1,1)-t"
15448,-2.332820323187935,2.623531084527535,True,True,0.0,0.33860468458153214,"GJR-GARCH(1,1,1)-t"
25712,-2.519479762135788,2.436871645579682,True,True,1.2827568466843599e-12,0.9696121218777071,"GJR-GARCH(1,1,1)-t"
23504,-0.07339712035316737,4.882954287362303,True,True,0.37122061088020675,0.6233670245186625,"GJR-GARCH(1,1,1)-t"
32195,-13.54060394301537,-8.5842525352999,True,True,3.7919193542599194e-16,0.5644736731552314,"GJR-GARCH(1,1,1)-t"
5344,-9.398062111290486,-4.441710703575016,True,True,0.0,0.37387267832813376,"GJR-GARCH(1,1,1)-t"
11501,-10.560134853903143,-5.603783446187673,True,False,0.19295999987900941,0.9035200000604906,"GJR-GARCH(1,1,1)-t"
29504,-1.2565506148086172,3.699800792906853,True,True,3.023419943188561e-14,0.1724693467835537,"GJR-GARCH(1,1,1)-t"
23828,-9.755697536594091,-4.799346128878621,True,False,1.0883725011397004e-15,0.9999999999999987,"GJR-GARCH(1,1,1)-t"
7014,7.424925863352077,12.381277271067546,True,False,0.9999999999999998,4.31166855488182e-17,"GJR-GARCH(1,1,1)-t"
6134,0.6132974584095017,5.569648866124972,True,True,3.733924683181875e-16,0.4709994334196668,"GJR-GARCH(1,1,1)-t"
17841,-14.338756459940331,-9.382405052224861,True,False,1.017776103346509e-13,0.9999999999977793,"GJR-GARCH(1,1,1)-t"
3640,21.507462779605135,26.463814187320605,True,False,0.9999999999999998,1.2633873637934612e-16,"GJR-GARCH(1,1,1)-t"
6272,-0.7525561621390793,4.203795245576391,True,True,8.089323884121586e-16,8.955220133598559e-16,"GJR-GARCH(1,1,1)-t"
29692,5.853553885287415,10.809905293002885,True,True,0.0,0.0,"GJR-GARCH(1,1,1)-t"
1269,10.812000362902566,15.768351770618036,True,True,7.895379331902225e-17,1.9028343626673936e-16,"GJR-GARCH(1,1,1)-t"
25876,4.781075320033434,9.737426727748904,True,False,0.0,1.0,"GJR-GARCH(1,1,1)-t"
14926,-19.242404323834414,-14.286052916118944,True,True,1.3606002518015946e-13,0.9892421161507077,"GJR-GARCH(1,1,1)-t"
20384,4.509024221983498,9.465375629698968,True,False,3.729768364833141e-18,1.0,"GJR-GARCH(1,1,1)-t"
12588,-9.702738289284866,-4.746386881569396,True,True,1.6526881506560216e-15,0.8982121206113188,"GJR-GARCH(1,1,1)-t"
6528,-8.254730893015584,-3.2983794853001136,True,True,0.8063872893307804,0.0,"GJR-GARCH(1,1,1)-t"
13279,17.2455723877234,22.201923795438873,True,True,1.047804906913573e-14,0.9770181139452574,"GJR-GARCH(1,1,1)-t"
5480,-8.465044467745663,-3.5086930600301933,True,True,0.0,0.0842202152912812,"GJR-GARCH(1,1,1)-t"
985,0.23469036838796775,5.191041776103438,True,False,1.3338418006941546e-13,0.9999999999893134,"GJR-GARCH(1,1,1)-t"
32376,3.3110768980276735,8.267428305743143,True,True,5.1407140370494495e-15,0.9454518507811147,"GJR-GARCH(1,1,1)-t"
2014,-19.526609769747495,-14.570258362032025,True,False,0.717230694819357,0.64138465259014,"GJR-GARCH(1,1,1)-t"
22899,17.58763906255606,22.54399047027153,True,True,0.0,0.9474717326060975,"GJR-GARCH(1,1,1)-t"
17377,-14.086969465834883,-9.130618058119413,True,True,1.9017860703109548e-17,1.169237348635385e-16,"GJR-GARCH(1,1,1)-t"
5829,-3.9715036618554507,0.9848477458600193,True,False,0.9999999999314724,3.144648711390313e-11,"GJR-GARCH(1,1,1)-t"
13791,1.9090029410869445,6.8653543488024145,True,False,2.801402090093129e-20,1.0,"GJR-GARCH(1,1,1)-t"
12494,-5.429490960522301,-0.4731395528068312,True,True,0.0,0.9976401609613231,"GJR-GARCH(1,1,1)-t"
21770,-12.448102349630723,-7.491750941915253,True,True,4.69982698019625e-13,0.9672105376236567,"GJR-GARCH(1,1,1)-t"
4193,-15.88486431542671,-10.92851290771124,True,True,0.13493483726155425,0.15342880103858592,"GJR-GARCH(1,1,1)-t"
3486,13.87062259012831,18.82697399784378,True,True,1.9567324676022265e-09,0.9758086780503207,"GJR-GARCH(1,1,1)-t"
25179,-10.526803363582832,-5.570451955867362,True,True,0.0,0.734665012504971,"GJR-GARCH(1,1,1)-t"
5152,-13.765903015273906,-8.809551607558436,True,False,0.0,1.0,"GJR-GARCH(1,1,1)-t"
3607,8.921998919276032,13.878350326991502,True,False,0.9999999999997633,0.4999999999995657,"GJR-GARCH(1,1,1)-t"
21658,-5.472626371346209,-0.5162749636307389,True,True,0.8740256535283425,0.0,"GJR-GARCH(1,1,1)-t"
10949,10.013328483984566,14.969679891700036,True,False,2.76444756952222e-15,0.9999999999999909,"GJR-GARCH(1,1,1)-t"
7593,-7.522314523905301,-2.565963116189831,True,True,1.282843344038249e-11,0.9431247385651338,"GJR-GARCH(1,1,1)-t"
28022,-13.04315461606867,-8.0868032083532,True,False,1.7760958705048147e-15,0.9999999999999908,"GJR-GARCH(1,1,1)-t"
7668,1.0639714616806337,6.020322869396104,True,False,0.6292569629511994,0.5626808144657967,"GJR-GARCH(1,1,1)-t"
30774,1.8549203187998984,6.811271726515368,True,True,0.0,0.7313828232117029,"GJR-GARCH(1,1,1)-t"
12012,-2.258824989260308,2.697526418455162,True,True,0.6473902111099156,0.12078904419543399,"GJR-GARCH(1,1,1)-t"
11178,3.8112668412290116,8.767618248944482,True,True,9.408400933236486e-16,0.7438145916019798,"GJR-GARCH(1,1,1)-t"
19222,-10.405633710257643,-5.449282302542173,True,False,1.0,3.6240960208891444e-17,"GJR-GARCH(1,1,1)-t"
20460,3.321439040813022,8.277790448528492,True,True,0.4904693089840048,2.489290198188299e-20,"GJR-GARCH(1,1,1)-t"
10856,3.6393320864686345,8.595683494184104,True,False,0.08329203044029869,0.9583539847442675,"GJR-GARCH(1,1,1)-t"
9282,-8.13319807459764,-3.17684666688217,True,True,8.562177228336829e-14,9.787500671732222e-13,"GJR-GARCH(1,1,1)-t"
29930,4.464596852804412,9.420948260519882,True,True,3.2526713820163474e-14,0.8952349028264359,"GJR-GARCH(1,1,1)-t"
9720,-3.3390491368099546,1.6173022709055154,True,True,0.0,0.6767788325413407,"GJR-GARCH(1,1,1)-t"
24388,-2.464922992650852,2.491428415064618,True,True,5.843401992751651e-14,0.4891534152608936,"GJR-GARCH(1,1,1)-t"
6523,-7.631579448138332,-2.675228040422862,True,True,8.373711516955441e-16,6.7381084051537594e-12,"GJR-GARCH(1,1,1)-t"
24661,-2.5854868842642986,2.3708645234511714,True,False,0.0,1.0,"GJR-GARCH(1,1,1)-t"
9275,5.47154113509194,10.42789254280741,True,True,8.802588563655642e-16,0.5213077615054295,"GJR-GARCH(1,1,1)-t"
1022,-21.949037988628817,-16.992686580913347,True,False,0.0,1.0,"GJR-GARCH(1,1,1)-t"
29239,-13.584863521058683,-8.628512113343213,True,False,0.7969879871362183,0.30455936100270975,"GJR-GARCH(1,1,1)-t"
12444,-16.540070104175594,-11.583718696460124,True,False,0.0,1.0,"GJR-GARCH(1,1,1)-t"
23892,-10.154130800816766,-5.197779393101296,True,True,0.0,0.6700991946714824,"GJR-GARCH(1,1,1)-t"
29046,-4.759770806552471,0.19658060116299936,True,True,3.7709393747030437e-17,0.8961321590882922,"GJR-GARCH(1,1,1)-t"
8613,-3.877520556670813,1.078830851044657,True,True,0.9175023547686725,1.1348567330313884e-14,"GJR-GARCH(1,1,1)-t"
4487,-14.052935222506335,-9.096583814790865,True,True,8.491941893256649e-15,0.43445450319777945,"GJR-GARCH(1,1,1)-t"
10186,2.9187186967990133,7.875070104514483,True,True,2.6239923230420294e-18,0.8916828473090137,"GJR-GARCH(1,1,1)-t"
32182,3.9443097736015567,8.900661181317027,True,False,0.9999999999999979,7.838855212374308e-16,"GJR-GARCH(1,1,1)-t"
13729,-4.788658001591408,0.16769340612406225,True,True,2.2253664264663896e-16,0.7633900404887967,"GJR-GARCH(1,1,1)-t"
1464,8.136926412818568,13.093277820534038,True,True,1.1058438035473844e-14,3.896360597211023e-13,"GJR-GARCH(1,1,1)-t"
1789,-20.714958674619467,-15.758607266903997,True,True,4.01773438257098e-12,9.399305221723939e-11,"GJR-GARCH(1,1,1)-t"
28244,12.391915745137819,17.34826715285329,True,True,0.0,0.0,"GJR-GARCH(1,1,1)-t"
25331,-1.7911237539495968,3.1652276537658732,True,True,0.3137780437896399,4.952682537588968e-18,"GJR-GARCH(1,1,1)-t"
26440,-15.386293263229092,-10.429941855513622,True,True,0.32309464302366026,4.09341132470327e-11,"GJR-GARCH(1,1,1)-t"
26273,-1.9105386640083104,3.0458127437071596,True,True,0.0,0.452642294139692,"GJR-GARCH(1,1,1)-t"
7874,2.142144777696359,7.098496185411829,True,False,4.8538768437677444e-14,0.9999999999996639,"GJR-GARCH(1,1,1)-t"
30304,0.11846333374610296,5.074814741461573,True,False,0.0,1.0,"GJR-GARCH(1,1,1)-t"
13822,-7.851117541607994,-2.8947661338925244,True,True,2.8617213454973025e-11,0.0029954647317338677,"GJR-GARCH(1,1,1)-t"
6746,-12.154877870000064,-7.198526462284594,True,True,9.518221823741539e-11,0.6593662470117833,"GJR-GARCH(1,1,1)-t"
7709,-20.544717880788255,-15.588366473072785,True,True,0.0,1.4219438098017702e-08,"GJR-GARCH(1,1,1)-t"
18262,-11.31551558857947,-6.359164180863999,True,True,0.0,0.9713528914858124,"GJR-GARCH(1,1,1)-t"
13393,1.0351137933297547,5.991465201045225,True,False,1.0,0.0,"GJR-GARCH(1,1,1)-t"
7843,3.18137059815135,8.13772200586682,True,True,0.0,0.985353867377818,"GJR-GARCH(1,1,1)-t"
5249,4.350974694633525,9.307326102348995,True,True,0.054341875685838925,2.747802867588394e-16,"GJR-GARCH(1,1,1)-t"
25166,13.250005539360018,18.206356947075488,True,True,0.0,0.7375585536535377,"GJR-GARCH(1,1,1)-t"
6599,15.019575225433755,19.975926633149225,True,True,1.2145126671903056e-20,0.9697154195991942,"GJR-GARCH(1,1,1)-t"
5113,-2.8683641179413826,2.0879872897740874,True,True,9.981289566152664e-16,0.8551454462387964,"GJR-GARCH(1,1,1)-t"
13891,-11.266449250885351,-6.310097843169881,True,True,7.096443533748329e-12,0.9831763454487155,"GJR-GARCH(1,1,1)-t"
17698,-24.51794082630738,-19.56158941859191,True,True,0.44077323035207144,1.4496896719807046e-10,"GJR-GARCH(1,1,1)-t"
18919,3.4370566915217253,8.393408099237195,True,True,1.8297968553808207e-15,0.7738485048858076,"GJR-GARCH(1,1,1)-t"
11812,-0.016244052780974627,4.940107354934495,True,False,0.0,1.0,"GJR-GARCH(1,1,1)-t"
1826,-3.992000452249677,0.9643509554657932,True,False,0.5920257195254791,0.7039871402372604,"GJR-GARCH(1,1,1)-t"
27246,-7.8652798310855765,-2.9089284233701065,True,True,0.14296884646978653,6.678104701718293e-13,"GJR-GARCH(1,1,1)-t"
23863,-15.656996796479035,-10.700645388763565,True,True,0.0,0.22228042897181535,"GJR-GARCH(1,1,1)-t"
2000,-1.8543369618300396,3.1020144458854304,True,False,5.470195174171139e-18,1.0,"GJR-GARCH(1,1,1)-t"
30350,-1.1174662290647852,3.838885178650685,True,True,7.282434008167238e-15,0.6499226863115162,"GJR-GARCH(1,1,1)-t"
4630,-1.666255010161425,3.290096397554045,True,True,0.0,0.8267495202023367,"GJR-GARCH(1,1,1)-t"
13124,20.07389661478054,25.03024802249601,True,True,0.0,0.033510137846976554,"GJR-GARCH(1,1,1)-t"
10209,-8.316060545337855,-3.359709137622385,True,True,4.748880101587345e-21,0.8436095380452118,"GJR-GARCH(1,1,1)-t"
16200,-8.375333058735603,-3.4189816510201325,True,False,0.999999999999731,6.636834531198413e-14,"GJR-GARCH(1,1,1)-t"
11405,-5.758659289227705,-0.8023078815122346,True,False,0.0,1.0,"GJR-GARCH(1,1,1)-t"
17172,9.456596418306077,14.412947826021547,True,True,1.847432077479725e-13,0.9643141214342169,"GJR-GARCH(1,1,1)-t"
3711,-31.545249091207367,-26.588897683491897,True,True,5.2995739618988884e-14,0.6421760451394977,"GJR-GARCH(1,1,1)-t"
24741,-16.80626095947497,-11.849909551759499,True,False,1.1914575265321334e-13,0.9999999999994083,"GJR-GARCH(1,1,1)-t"
16643,10.051953702648941,15.008305110364411,True,False,3.307190578806639e-14,0.9999999999991365,"GJR-GARCH(1,1,1)-t"
6482,-4.7479393636358935,0.20841204407957648,True,False,0.0,1.0,"GJR-GARCH(1,1,1)-t"
15122,0.09561937071646831,5.051970778431938,True,True,2.0871973538856235e-14,0.90089262452074,"GJR-GARCH(1,1,1)-t"
15625,2.6646590086468347,7.621010416362305,True,True,3.154227101744296e-11,0.0,"GJR-GARCH(1,1,1)-t"
24022,1.7634286281043021,6.719780035819772,True,False,5.24119549184438e-17,0.9999999999999996,"GJR-GARCH(1,1,1)-t"
13936,9.612056322502037,14.568407730217507,True,True,0.0,0.33707720352586795,"GJR-GARCH(1,1,1)-t"
6999,-18.383019585888285,-13.426668178172815,True,True,0.0,0.0,"GJR-GARCH(1,1,1)-t"
26997,7.257753687356385,12.214105095071854,True,False,1.3226394633012863e-15,0.999999999999995,"GJR-GARCH(1,1,1)-t"
11959,13.139273320713839,18.09562472842931,True,False,0.0,1.0,"GJR-GARCH(1,1,1)-t"
4935,7.150845538930708,12.107196946646178,True,True,5.146350581913935e-16,0.9625710755487573,"GJR-GARCH(1,1,1)-t"
31750,3.1887191661882763,8.145070573903746,True,True,0.0,0.0,"GJR-GARCH(1,1,1)-t"
19104,7.188105102839274,12.144456510554743,True,True,5.920966056637633e-16,0.9656191077829891,"GJR-GARCH(1,1,1)-t"
12859,1.4500632119275778,6.406414619643048,True,True,7.090779269222008e-14,0.8789316361584072,"GJR-GARCH(1,1,1)-t"
22377,-18.734188201337922,-13.777836793622452,True,True,0.8400203121094217,1.6616883132444405e-12,"GJR-GARCH(1,1,1)-t"
30134,-4.297500575890599,0.6588508318248714,True,True,0.0,1.555788093991464e-10,"GJR-GARCH(1,1,1)-t"
13707,-13.910767532561017,-8.954416124845547,True,False,0.0,1.0,"GJR-GARCH(1,1,1)-t"
6939,-0.12457704977389561,4.831774357941574,True,True,0.4866600971771285,0.17167505445239775,"GJR-GARCH(1,1,1)-t"
4264,-6.319630327368589,-1.3632789196531192,True,False,0.0,1.0,"GJR-GARCH(1,1,1)-t"
17530,1.0435807017171062,5.999932109432576,True,True,0.0,0.0,"GJR-GARCH(1,1,1)-t"
27822,10.41902614640507,15.37537755412054,True,False,2.6889361986466175e-16,1.0,"GJR-GARCH(1,1,1)-t"
13240,4.855324046804514,9.811675454519984,True,True,0.0,0.5538911354684063,"GJR-GARCH(1,1,1)-t"
19053,-10.589109558429186,-5.632758150713716,True,False,4.3743629812111756e-16,0.9999999999999988,"GJR-GARCH(1,1,1)-t"
6235,17.179332685576963,22.135684093292433,True,True,1.1670407575011695e-15,0.959403093544065,"GJR-GARCH(1,1,1)-t"
2169,-11.085085776192422,-6.128734368476952,True,False,0.9999999998525111,5.71482217728435e-11,"GJR-GARCH(1,1,1)-t"
16792,2.85702630207906,7.81337770979453,True,False,1.0,5.713488864225548e-15,"GJR-GARCH(1,1,1)-t"
14280,-16.096921307203658,-11.140569899488188,True,True,0.0,0.24268680672514312,"GJR-GARCH(1,1,1)-t"
19459,-11.615707225622067,-6.659355817906597,True,False,0.9999999999999987,1.823413477051124e-15,"GJR-GARCH(1,1,1)-t"
10123,-16.087595902162594,-11.131244494447124,True,False,0.0,0.9999999911635713,"GJR-GARCH(1,1,1)-t"
28509,-11.58350930003072,-6.62715789231525,True,True,0.0,0.8959931364717397,"GJR-GARCH(1,1,1)-t"
12923,12.888665261221348,17.845016668936818,True,True,7.091516124620688e-17,0.5813118827212628,"GJR-GARCH(1,1,1)-t"
25745,-22.176740006272738,-17.220388598557268,True,True,0.5277571714620463,8.550513903832567e-09,"GJR-GARCH(1,1,1)-t"
11852,13.77675988183682,18.73311128955229,True,False,7.966565799260036e-16,0.9999999999999998,"GJR-GARCH(1,1,1)-t"
14093,5.198738209808981,10.155089617524451,True,True,2.2863814967256647e-14,0.7543494799255122,"GJR-GARCH(1,1,1)-t"
1348,-5.5224043091165385,-0.5660529014010685,True,True,0.19025271703380578,0.0026731239784558085,"GJR-GARCH(1,1,1)-t"
22023,2.9330679641311725,7.8894193718466425,True,True,0.0,0.5843702395727528,"GJR-GARCH(1,1,1)-t"
539,8.77913839861618,13.73548980633165,True,False,8.175388999062726e-15,0.9999999999999343,"GJR-GARCH(1,1,1)-t"
31443,-0.8986957292649738,4.057655678450496,True,False,2.8919565501180952e-15,0.9999999999999967,"GJR-GARCH(1,1,1)-t"
31267,-5.355840527463801,-0.39948911974833123,True,False,2.383390506367141e-14,0.9999999999999095,"GJR-GARCH(1,1,1)-t"
2199,-4.355681183451594,0.600670224263876,True,False,7.749647634208638e-13,0.9999999999995767,"GJR-GARCH(1,1,1)-t"
27957,4.908094291173745,9.864445698889215,True,True,0.9771808701655066,0.0,"GJR-GARCH(1,1,1)-t"
13523,14.922888793715567,19.879240201431035,True,True,0.49232876632828093,0.0,"GJR-GARCH(1,1,1)-t"
12234,12.591878829361427,17.548230237076897,True,True,1.0160489663151393e-19,1.5836941829669958e-14,"GJR-GARCH(1,1,1)-t"
20306,-0.3786639879694569,4.577687419746013,True,True,7.950494389472103e-10,0.9156639081680041,"GJR-GARCH(1,1,1)-t"
650,-5.90327675575951,-0.94692534804404,True,False,0.0,1.0,"GJR-GARCH(1,1,1)-t"
29507,7.06291585224332,12.01926725995879,True,True,0.0,0.6536470889046385,"GJR-GARCH(1,1,1)-t"
1128,-6.231871181903976,-1.2755197741885063,True,True,0.36991815854069715,0.02480775531331259,"GJR-GARCH(1,1,1)-t"
29296,-1.6450651938760235,3.3112862138394465,True,True,5.72813508455927e-16,0.7914284121500716,"GJR-GARCH(1,1,1)-t"
4159,-3.9871880361441043,0.9691633715713657,True,True,0.0,6.659685127154162e-16,"GJR-GARCH(1,1,1)-t"
11497,-3.746030346701204,1.210321061014266,True,True,0.0,0.48286308116655685,"GJR-GARCH(1,1,1)-t"
6483,-1.7929120181289093,3.1634393895865607,True,True,4.426404251799418e-10,0.9784480098893656,"GJR-GARCH(1,1,1)-t"
15982,-4.243435750317335,0.7129156573981348,True,True,0.0,0.3645687494730039,"GJR-GARCH(1,1,1)-t"
12166,-5.518517291048774,-0.5621658833333036,True,True,8.638433806336625e-16,0.7442890393283811,"GJR-GARCH(1,1,1)-t"
20064,-10.64457194717988,-5.68822053946441,True,False,0.1619513661123288,0.8543431684072806,"GJR-GARCH(1,1,1)-t"
28043,-7.895606699462881,-2.9392552917474113,True,False,0.0,1.0,"GJR-GARCH(1,1,1)-t"
28323,-15.70263893604622,-10.74628752833075,True,True,0.005239071690874488,0.9619211994533664,"GJR-GARCH(1,1,1)-t"
2433,10.75148859404855,15.70784000176402,True,True,1.0076637406909114e-14,0.7792350596028836,"GJR-GARCH(1,1,1)-t"
16526,-7.212824054212113,-2.2564726464966434,True,True,1.2118416303364818e-10,0.9364106467468758,"GJR-GARCH(1,1,1)-t"
7055,-10.802258863294703,-5.845907455579233,True,True,0.11830867520556315,5.812483685435017e-12,"GJR-GARCH(1,1,1)-t"
2293,3.4565366839654015,8.412888091680871,True,True,0.0,0.42159636408745665,"GJR-GARCH(1,1,1)-t"
7465,8.244813544401765,13.201164952117235,True,True,0.0,0.886528138318213,"GJR-GARCH(1,1,1)-t"
14235,-5.102455290845768,-0.14610388313029787,True,True,3.71234636243981e-18,0.8449306989714153,"GJR-GARCH(1,1,1)-t"
14464,-3.055645937090979,1.9007054706244908,True,True,0.0,0.9828342555679579,"GJR-GARCH(1,1,1)-t"
32474,1.900881900535973,6.857233308251443,True,True,1.9271123212289674e-15,0.42542636196233036,"GJR-GARCH(1,1,1)-t"
4385,13.761373144496877,18.717724552212346,True,True,0.0,0.16375008478998138,"GJR-GARCH(1,1,1)-t"
7195,-19.525466530788357,-14.569115123072887,True,False,4.0884199239590646e-19,0.9999999999999956,"GJR-GARCH(1,1,1)-t"
14305,-2.6605368007062857,2.2958146070091843,True,False,0.9999999999999997,4.911334255138654e-17,"GJR-GARCH(1,1,1)-t"
25815,14.304642230078043,19.26099363779351,True,True,0.04986938322461725,0.0,"GJR-GARCH(1,1,1)-t"
535,-9.65234068487495,-4.69598927715948,True,True,0.0,0.84459730167363,"GJR-GARCH(1,1,1)-t"
5510,-5.8008381738010115,-0.8444867660855415,True,True,0.5212466692739768,1.6905975012742142e-12,"GJR-GARCH(1,1,1)-t"
13949,-4.423724186789279,0.5326272209261909,True,True,2.2735288679047904e-14,0.9713523168614192,"GJR-GARCH(1,1,1)-t"
22822,-5.311992559346063,-0.35564115163059284,True,True,0.8626398313464181,3.900204879587875e-15,"GJR-GARCH(1,1,1)-t"
9396,-7.819493715202949,-2.863142307487479,True,False,6.658325951177013e-14,1.0,"GJR-GARCH(1,1,1)-t"
23217,-7.752238339431564,-2.795886931716094,True,True,0.22616077565920106,0.0,"GJR-GARCH(1,1,1)-t"
13771,-1.2446735121822918,3.711677895533178,True,True,0.06560305186116595,0.43828979134379187,"GJR-GARCH(1,1,1)-t"
21533,4.2740017585590735,9.230353166274543,True,True,0.35539158421470896,0.18118795980304467,"GJR-GARCH(1,1,1)-t"
5314,13.578690779990197,18.535042187705667,True,True,0.0,1.3499275862634365e-11,"GJR-GARCH(1,1,1)-t"
289,2.45988860467693,7.4162400123924,True,True,1.4880534182735379e-08,0.9863795636194971,"GJR-GARCH(1,1,1)-t"
20630,-15.857259695338477,-10.900908287623007,True,True,0.3434820751259503,2.622610436740884e-16,"GJR-GARCH(1,1,1)-t"
8706,-7.596761063681509,-2.640409655966039,True,False,0.2970251771951777,0.8514874114024288,"GJR-GARCH(1,1,1)-t"
26889,-7.101559611273014,-2.1452082035575444,True,True,5.4608977866326546e-15,0.8327340254017914,"GJR-GARCH(1,1,1)-t"
17008,-4.168571443713969,0.7877799640015013,True,False,0.5350910760582105,0.7069162163944602,"GJR-GARCH(1,1,1)-t"
2018,-19.394277033319554,-14.437925625604084,True,True,0.22336554024480673,0.4997745206876135,"GJR-GARCH(1,1,1)-t"
10206,-19.006134051985676,-14.049782644270206,True,True,0.0,0.0,"GJR-GARCH(1,1,1)-t"
22217,2.234126138910428,7.190477546625898,True,True,0.2075497990052637,4.560214479913121e-16,"GJR-GARCH(1,1,1)-t"
28757,-17.966127919259236,-13.009776511543766,True,True,3.0624747434761364e-17,6.588239157775508e-16,"GJR-GARCH(1,1,1)-t"
14740,2.853348138188542,7.809699545904012,True,True,0.0,0.9790670985336336,"GJR-GARCH(1,1,1)-t"
8776,-0.9163592991433038,4.039992108572166,True,True,0.0,0.0,"GJR-GARCH(1,1,1)-t"
31302,-14.939522010325124,-9.983170602609654,True,True,4.967906641619612e-13,0.1907481688007435,"GJR-GARCH(1,1,1)-t"
14572,-21.698783113349435,-16.742431705633965,True,False,1.0,3.550726451168071e-14,"GJR-GARCH(1,1,1)-t"
13989,3.8240830327951105,8.78043444051058,True,False,0.09094137194199454,0.9129192938400423,"GJR-GARCH(1,1,1)-t"
16438,-3.1001034765365176,1.8562479311789524,True,False,2.0744222182631228e-17,0.9999999999999997,"GJR-GARCH(1,1,1)-t"
10796,-7.905664131906029,-2.949312724190559,True,True,0.41400714111464904,0.2713083876811934,"GJR-GARCH(1,1,1)-t"
1365,18.44042693349345,23.396778341208915,True,False,2.564679011516418e-15,0.999999999999998,"GJR-GARCH(1,1,1)-t"
6213,4.697077997038418,9.653429404753888,True,True,3.4725167101408223e-12,3.0318775425176617e-10,"GJR-GARCH(1,1,1)-t"
13798,3.8548522752205923,8.811203682936062,True,True,0.0,0.9793656396027867,"GJR-GARCH(1,1,1)-t"
19385,-5.3877929096876365,-0.43144150197216646,True,False,5.614137510772228e-09,1.0,"GJR-GARCH(1,1,1)-t"
13514,-11.293072243526208,-6.336720835810738,True,True,0.7073745023542933,1.3553712554598877e-15,"GJR-GARCH(1,1,1)-t"
22585,-14.945393933310058,-9.989042525594588,True,True,0.2036263171544676,2.8701005137287016e-12,"GJR-GARCH(1,1,1)-t"
21466,-27.806204501137643,-22.849853093422173,True,False,0.9999999998727549,2.965476179437489e-11,"GJR-GARCH(1,1,1)-t"
2444,-3.29679175283772,1.65955965487775,True,True,0.0,0.7053585258788813,"GJR-GARCH(1,1,1)-t"
32082,-7.005793373056477,-2.049441965341007,True,True,1.0514474313465488e-14,0.009850213924769912,"GJR-GARCH(1,1,1)-t"
14918,-5.64217017395389,-0.6858187662384196,True,False,0.3326893288175489,0.8336553355912159,"GJR-GARCH(1,1,1)-t"
26873,-0.6694565069736722,4.286894900741798,True,False,1.0,0.003463134098056911,"GJR-GARCH(1,1,1)-t"
1430,-7.521091067171309,-2.5647396594558387,True,True,0.0,0.9819716559690228,"GJR-GARCH(1,1,1)-t"
7567,-12.18124826019936,-7.224896852483891,True,False,0.9999998718271214,6.266759369751814e-08,"GJR-GARCH(1,1,1)-t"
2999,-13.992696584567753,-9.036345176852283,True,True,0.13947752473084632,0.3081468138100268,"GJR-GARCH(1,1,1)-t"
2076,7.651102312747735,12.607453720463205,True,False,0.0,1.0,"GJR-GARCH(1,1,1)-t"
3001,-0.6201242331081698,4.3362271746073,True,False,0.9999999999999786,2.002103263838424e-14,"GJR-GARCH(1,1,1)-t"
3160,-0.07930530891859533,4.877046098796875,True,True,1.133235004554819e-20,1.393893406943152e-13,"GJR-GARCH(1,1,1)-t"
23299,23.16253981777957,28.11889122549504,True,True,0.1815508382919203,0.0,"GJR-GARCH(1,1,1)-t"
12225,-7.751806791383633,-2.7954553836681626,True,False,3.579221702486549e-10,0.9999999979228125,"GJR-GARCH(1,1,1)-t"
19065,3.528708283555936,8.485059691271406,True,False,0.999999999999971,6.833273813981701e-15,"GJR-GARCH(1,1,1)-t"
9748,-10.385639452879339,-5.429288045163869,True,True,0.9216019382429934,9.969865444615851e-14,"GJR-GARCH(1,1,1)-t"
20571,-7.545236146726758,-2.588884739011288,True,True,1.4452679190549318e-14,0.8301069030683692,"GJR-GARCH(1,1,1)-t"
24868,-0.05609786761621116,4.900253540099259,True,True,1.8757411979067395e-13,0.9827686683800338,"GJR-GARCH(1,1,1)-t"
25641,-20.6284185924386,-15.67206718472313,True,False,1.0,0.0,"GJR-GARCH(1,1,1)-t"
11096,-1.4128637796803982,3.543487628035072,True,True,4.671299949105732e-16,0.9320866573843744,"GJR-GARCH(1,1,1)-t"
20418,2.8969792440263085,7.8533306517417785,True,True,2.530899282213623e-13,0.37144922109994094,"GJR-GARCH(1,1,1)-t"
32119,-1.8846213901854103,3.0717300175300597,True,False,0.9999999999997466,2.9311740191931057e-14,"GJR-GARCH(1,1,1)-t"
13362,-29.060462398924535,-24.104110991209065,True,False,0.963166887328788,0.259249736579351,"GJR-GARCH(1,1,1)-t"
17091,2.039951503801605,6.996302911517075,True,True,7.994773753794779e-15,0.49473633393620886,"GJR-GARCH(1,1,1)-t"
32596,-2.1063697000450503,2.8499817076704197,True,True,0.0,0.37429177478176473,"GJR-GARCH(1,1,1)-t"
2559,6.699836728258051,11.65618813597352,True,True,0.0,0.8563969291253162,"GJR-GARCH(1,1,1)-t"
22914,-9.09633993552037,-4.139988527804899,True,True,5.337276872984157e-20,0.5105319252922661,"GJR-GARCH(1,1,1)-t"
18224,3.3597236790498,8.31607508676527,True,False,0.0,0.9999999999999997,"GJR-GARCH(1,1,1)-t"
9759,-9.541803363642579,-4.585451955927109,True,True,2.6769447627716626e-17,0.9582985831598047,"GJR-GARCH(1,1,1)-t"
15798,-1.343571345618603,3.612780062096867,True,True,0.1342840649830761,4.3472424617566185e-11,"GJR-GARCH(1,1,1)-t"
12021,-13.099828854891157,-8.143477447175687,True,True,0.0,0.9401459691110761,"GJR-GARCH(1,1,1)-t"
31402,1.2258014656734986,6.182152873388969,True,True,3.6996382790081265e-11,1.273786271549924e-09,"GJR-GARCH(1,1,1)-t"
10554,14.68933012439806,19.645681532113528,True,True,6.953012882265555e-19,2.0502103752299466e-18,"GJR-GARCH(1,1,1)-t"
25599,-4.467448173827538,0.4889032338879318,True,True,0.0,0.11699663004448001,"GJR-GARCH(1,1,1)-t"
2239,-4.224123642902981,0.7322277648124889,True,True,1.0457656582393763e-15,3.1652036425644037e-16,"GJR-GARCH(1,1,1)-t"
27304,-20.6432583913898,-15.68690698367433,True,False,0.9999999999999961,1.9142754221716347e-16,"GJR-GARCH(1,1,1)-t"
28745,9.810716554438395,14.767067962153865,True,False,2.882364499394867e-14,0.9999999999978777,"GJR-GARCH(1,1,1)-t"
12436,7.564952379718767,12.521303787434238,True,True,9.641891314818462e-16,0.9313368544627909,"GJR-GARCH(1,1,1)-t"
6082,-11.500151941927982,-6.543800534212512,True,False,0.999999999999994,0.20354071598571352,"GJR-GARCH(1,1,1)-t"
10081,-12.170887669443168,-7.214536261727698,True,True,0.4199107572549615,0.4490498390100871,"GJR-GARCH(1,1,1)-t"
26428,6.0554418774129015,11.011793285128372,True,True,2.1596419030267074e-13,2.9735413028965993e-12,"GJR-GARCH(1,1,1)-t"
2170,-6.12265057334443,-1.1662991656289599,True,True,0.0,2.725122070499433e-12,"GJR-GARCH(1,1,1)-t"
22405,-5.668505170697973,-0.7121537629825028,True,True,0.5297297961155197,0.40146879235695837,"GJR-GARCH(1,1,1)-t"
18634,2.511592727852168,7.467944135567638,True,True,3.695642662395594e-15,0.7552232057921482,"GJR-GARCH(1,1,1)-t"
25452,-4.70606272608617,0.25028868162929996,True,True,0.0,0.4630825366091797,"GJR-GARCH(1,1,1)-t"
5773,-5.992425176915997,-1.0360737692005273,True,True,8.090597849741642e-15,0.7876897029608873,"GJR-GARCH(1,1,1)-t"
31331,-0.10998713058981835,4.846364277125652,True,True,3.1809242331989053e-12,0.9588527901045771,"GJR-GARCH(1,1,1)-t"
11749,-2.506106672753642,2.450244734961828,True,True,7.529215612376725e-21,0.6885886603585951,"GJR-GARCH(1,1,1)-t"
24050,-1.8808085811096458,3.0755428266058242,True,True,0.3811543869221524,1.343271371267127e-14,"GJR-GARCH(1,1,1)-t"
15765,-3.58330035736018,1.37305105035529,True,True,0.0,1.0571719165145412e-05,"GJR-GARCH(1,1,1)-t"
13163,2.289063500564314,7.245414908279784,True,True,1.6915368339866952e-13,0.024224699024307735,"GJR-GARCH(1,1,1)-t"
25687,-3.5052559827788556,1.4510954249366144,True,True,0.0178377931324865,0.0,"GJR-GARCH(1,1,1)-t"
11893,4.397060288364575,9.353411696080045,True,True,6.418448245594009e-11,2.7924053341261146e-09,"GJR-GARCH(1,1,1)-t"
15627,18.13889297406959,23.09524438178506,True,False,1.0,0.0843219950786353,"GJR-GARCH(1,1,1)-t"
25369,9.776007771713418,14.732359179428888,True,True,1.3717785553013108e-15,0.48382428207769185,"GJR-GARCH(1,1,1)-t"
10336,2.980253032417032,7.936604440132502,True,True,0.0,0.6585040884324358,"GJR-GARCH(1,1,1)-t"
28256,-2.251248225751752,2.705103181963718,True,True,8.473556345528693e-18,0.7145141096711759,"GJR-GARCH(1,1,1)-t"
3318,-6.521150749414044,-1.5647993416985742,True,True,6.207574433137151e-13,0.7177837176322106,"GJR-GARCH(1,1,1)-t"
32662,6.325938812216048,11.282290219931518,True,True,0.0,0.9895715776030567,"GJR-GARCH(1,1,1)-t"
10530,-4.9488556794939775,0.00749572822149247,True,True,0.0,3.656970644553074e-14,"GJR-GARCH(1,1,1)-t"
9001,5.661737144616341,10.61808855233181,True,True,0.08356963296636245,0.9042258599332543,"GJR-GARCH(1,1,1)-t"
991,-1.6808905511301813,3.2754608565852887,True,True,4.3923164546563017e-13,0.7717434784122926,"GJR-GARCH(1,1,1)-t"
29246,-4.379094765338685,0.5772566423767849,True,False,0.8478414239056415,0.5760792880471789,"GJR-GARCH(1,1,1)-t"
28959,-4.118125002973354,0.838226404742116,True,True,0.0,0.7605354801355089,"GJR-GARCH(1,1,1)-t"
12839,-16.313676869749017,-11.357325462033547,True,True,0.0,0.0,"GJR-GARCH(1,1,1)-t"
12935,2.4077853499989263,7.364136757714396,True,True,1.908421972673908e-15,2.0531006977541237e-15,"GJR-GARCH(1,1,1)-t"
27469,-4.78751032878813,0.1688410789273398,True,False,2.1453860767124875e-16,1.0,"GJR-GARCH(1,1,1)-t"
15269,-12.966009059591848,-8.009657651876378,True,True,0.18592511724145935,6.932268557378196e-16,"GJR-GARCH(1,1,1)-t"
16614,-28.655660907279604,-23.699309499564134,True,False,0.26158174482921775,0.8451323827100617,"GJR-GARCH(1,1,1)-t"
697,11.651380808635002,16.60773221635047,True,True,0.22450457734918403,0.0,"GJR-GARCH(1,1,1)-t"
15852,-5.8536079431210695,-0.8972565354055995,True,False,0.0,1.0,"GJR-GARCH(1,1,1)-t"
30730,-0.44611807008832827,4.510233337627142,True,True,3.147271781843231e-14,0.7571215427859835,"GJR-GARCH(1,1,1)-t"
28002,-3.5505266258594936,1.4058247818559764,True,True,9.365463907309466e-09,0.9874182657330528,"GJR-GARCH(1,1,1)-t"
3957,-16.507922214913876,-11.551570807198406,True,True,1.4636572430472556e-15,0.6205792767063031,"GJR-GARCH(1,1,1)-t"
12949,-9.165934007819384,-4.209582600103914,True,False,1.3471469899977946e-18,1.0,"GJR-GARCH(1,1,1)-t"
25583,-17.37504054091311,-12.418689133197638,True,True,0.0,0.6435792083971275,"GJR-GARCH(1,1,1)-t"
22627,-1.9888667799580215,2.9674846277574485,True,True,0.0,4.5055927695468144e-13,"GJR-GARCH(1,1,1)-t"
23539,13.440619766751974,18.396971174467446,True,True,0.0020461604049024653,0.06371954478918197,"GJR-GARCH(1,1,1)-t"
18023,13.701332507069827,18.657683914785295,True,True,3.277270185794301e-17,2.661871986264762e-15,"GJR-GARCH(1,1,1)-t"
8481,9.026957633632854,13.983309041348324,True,True,2.670560102381012e-18,0.2018783674980513,"GJR-GARCH(1,1,1)-t"
18932,-15.65147665683406,-10.69512524911859,True,True,5.292420742355864e-18,3.1956534367362118e-18,"GJR-GARCH(1,1,1)-t"
16,-5.534298077762436,-0.5779466700469662,True,True,0.5411949455527315,0.19067732736788026,"GJR-GARCH(1,1,1)-t"
1040,-10.259544388713742,-5.303192980998272,True,True,0.0,0.0,"GJR-GARCH(1,1,1)-t"
16919,13.772711384342669,18.72906279205814,True,True,0.0,0.9554760148656877,"GJR-GARCH(1,1,1)-t"
11804,-12.304688279005262,-7.348336871289792,True,False,0.0,1.0,"GJR-GARCH(1,1,1)-t"
13531,-12.623097270363484,-7.666745862648014,True,False,3.478229015419007e-14,1.0,"GJR-GARCH(1,1,1)-t"
2479,-16.832617986997967,-11.876266579282497,True,True,5.945790781487616e-18,0.5908328533306084,"GJR-GARCH(1,1,1)-t"
30454,-8.477965466020404,-3.521614058304934,True,True,0.0,0.8649239011977863,"GJR-GARCH(1,1,1)-t"
20055,-4.734425320931656,0.22192608678381376,True,True,8.710444098757537e-15,3.246920788264171e-13,"GJR-GARCH(1,1,1)-t"
24120,0.6127583006462274,5.569109708361697,True,True,0.07415745963048152,0.0,"GJR-GARCH(1,1,1)-t"
4209,-12.863904258670793,-7.907552850955323,True,True,0.14102271353229007,2.0165859859448335e-17,"GJR-GARCH(1,1,1)-t"
30405,-26.64699192920358,-21.69064052148811,True,True,0.3152744847876253,5.086997111626718e-14,"GJR-GARCH(1,1,1)-t"
16235,3.9995863549801527,8.955937762695623,True,False,2.9781363254685485e-15,0.9999999999999954,"GJR-GARCH(1,1,1)-t"
8718,-4.373426788413759,0.5829246193017106,True,True,0.0,0.0,"GJR-GARCH(1,1,1)-t"
9431,1.7935087344360987,6.749860142151569,True,True,7.099084542838797e-13,0.958137465725387,"GJR-GARCH(1,1,1)-t"
27910,3.771129954950551,8.72748136266602,True,True,0.0,0.9100163815940912,"GJR-GARCH(1,1,1)-t"
3152,14.9245438352355,19.88089524295097,True,True,0.6851143559538181,0.0,"GJR-GARCH(1,1,1)-t"
29649,-21.30318927770375,-16.34683786998828,True,False,6.412853228911083e-14,0.999999999999592,"GJR-GARCH(1,1,1)-t"
5601,10.894595995772978,15.850947403488448,True,False,0.0,1.0,"GJR-GARCH(1,1,1)-t"
11415,2.500990553077619,7.457341960793089,True,False,0.9999999999999983,0.25532574058129803,"GJR-GARCH(1,1,1)-t"
19240,2.1974320182504226,7.153783425965893,True,True,0.09156026719638163,0.032085727114023604,"GJR-GARCH(1,1,1)-t"
19434,3.4088133678164283,8.365164775531898,True,True,0.0,0.8419858624602121,"GJR-GARCH(1,1,1)-t"
30641,15.523249864148717,20.479601271864187,True,True,0.0,0.6944110778736572,"GJR-GARCH(1,1,1)-t"
32654,11.596755423626703,16.553106831342173,True,False,0.4413815783950464,0.6961243691773811,"GJR-GARCH(1,1,1)-t"
26806,4.654115954332047,9.610467362047517,True,False,1.0,0.0,"GJR-GARCH(1,1,1)-t"
12419,-20.50108999382182,-15.544738586106352,True,True,1.0629609588431883e-12,3.4584869523915855e-11,"GJR-GARCH(1,1,1)-t"
19234,-10.195692177020035,-5.239340769304565,True,True,7.968593733319215e-09,3.460566764659574e-07,"GJR-GARCH(1,1,1)-t"
3025,-11.104182534870976,-6.147831127155506,True,True,9.515064899188808e-12,0.6551844190782932,"GJR-GARCH(1,1,1)-t"
14714,-0.4423663105037967,4.513985097211673,True,True,0.8140391136013254,3.2161328147739124e-15,"GJR-GARCH(1,1,1)-t"
2908,4.254976150036578,9.211327557752048,True,True,8.457276764848117e-12,0.1807519577018991,"GJR-GARCH(1,1,1)-t"
17957,8.891318059080728,13.847669466796198,True,True,6.15857465129534e-19,0.34291801859045357,"GJR-GARCH(1,1,1)-t"
9037,-7.201858840405894,-2.245507432690424,True,True,1.8160882382387475e-14,1.6190047933148978e-16,"GJR-GARCH(1,1,1)-t"
27313,0.20587289961252786,5.162224307327998,True,True,2.0601296530418395e-10,0.7468167093200859,"GJR-GARCH(1,1,1)-t"
8357,-12.065534364958356,-7.109182957242886,True,False,0.4974698686077061,0.7512650656961468,"GJR-GARCH(1,1,1)-t"
11054,5.129125098189846,10.085476505905316,True,True,0.1819909622083954,4.358638326930654e-12,"GJR-GARCH(1,1,1)-t"
27989,10.957350300791052,15.913701708506522,True,True,3.67996348235807e-13,0.9727537105220988,"GJR-GARCH(1,1,1)-t"
29716,-2.3394262555348178,2.6169251521806522,True,True,6.854560969147577e-17,0.8082830651337671,"GJR-GARCH(1,1,1)-t"
4219,12.673167171334493,17.62951857904996,True,True,0.1896514315596685,1.409676306129754e-10,"GJR-GARCH(1,1,1)-t"
28596,11.168452715495029,16.1248041232105,True,True,9.201913966278388e-17,2.2097847733290485e-12,"GJR-GARCH(1,1,1)-t"
11715,-3.34719783109216,1.60915357662331,True,True,0.8541411122763996,4.800158798714055e-09,"GJR-GARCH(1,1,1)-t"
2748,-6.418683971949314,-1.4623325642338436,True,True,2.861519692433974e-16,0.4509319987152926,"GJR-GARCH(1,1,1)-t"
4913,-2.01232180397934,2.94402960373613,True,False,0.3537442984022368,0.8231278507988593,"GJR-GARCH(1,1,1)-t"
31701,8.814636418011053,13.770987825726523,True,True,0.29309484611379266,3.605699139885913e-13,"GJR-GARCH(1,1,1)-t"
4622,16.867863589388442,21.824214997103915,True,True,0.5851248519866099,1.4147768800991448e-11,"GJR-GARCH(1,1,1)-t"
18739,2.1601535150232376,7.116504922738708,True,True,0.0,0.9859263625189898,"GJR-GARCH(1,1,1)-t"
21121,-12.55594713558796,-7.59959572787249,True,False,0.7625750960530792,0.6187124519734606,"GJR-GARCH(1,1,1)-t"
9640,2.3258735503997183,7.282224958115188,True,False,1.9713892817953855e-15,0.9999999999999852,"GJR-GARCH(1,1,1)-t"
12428,-7.318545167355076,-2.362193759639606,True,True,1.3477068774398699e-13,7.115227448841439e-13,"GJR-GARCH(1,1,1)-t"
23958,-9.520407652759339,-4.564056245043869,True,False,0.0,1.0,"GJR-GARCH(1,1,1)-t"
11303,6.896057255671877,11.852408663387347,True,True,6.169701732782461e-13,0.9786797342402924,"GJR-GARCH(1,1,1)-t"
12061,-14.910281482147955,-9.953930074432485,True,True,3.332672960691916e-19,0.6818338477687136,"GJR-GARCH(1,1,1)-t"
23600,12.585828061434196,17.542179469149666,True,True,9.059832350736247e-15,0.739060669833708,"GJR-GARCH(1,1,1)-t"
5424,-15.731501293336976,-10.775149885621506,True,False,0.0,1.0,"GJR-GARCH(1,1,1)-t"
27978,7.4628067458050875,12.419158153520558,True,True,9.440678621706017e-15,0.0,"GJR-GARCH(1,1,1)-t"
11199,-6.545886009374961,-1.5895346016594907,True,True,5.4423394531698716e-18,1.0618466434005441e-12,"GJR-GARCH(1,1,1)-t"
16017,-13.924376051161879,-8.968024643446409,True,True,0.40212052935309167,0.27589236033484493,"GJR-GARCH(1,1,1)-t"
27182,10.62303268283862,15.57938409055409,True,True,0.0,0.0,"GJR-GARCH(1,1,1)-t"
31138,-14.017561880264989,-9.061210472549519,True,False,1.0,0.18697847832076175,"GJR-GARCH(1,1,1)-t"
12291,-7.0331062589146605,-2.0767548511991905,True,True,5.1067371878566834e-15,0.3981808664878546,"GJR-GARCH(1,1,1)-t"
22501,2.435001245469085,7.391352653184555,True,False,0.9999999999999999,2.4364291623339765e-16,"GJR-GARCH(1,1,1)-t"
17987,15.094374166129917,20.050725573845387,True,False,7.19551536111425e-14,0.9999999999996892,"GJR-GARCH(1,1,1)-t"
16733,-16.749244515764374,-11.792893108048904,True,True,0.7156717296507812,0.08861895812375971,"GJR-GARCH(1,1,1)-t"
8665,-8.298099986000736,-3.341748578285266,True,True,1.2562982632062848e-16,2.3132397238689403e-05,"GJR-GARCH(1,1,1)-t"
10610,15.550580235396426,20.506931643111898,True,True,0.0,5.430055493999698e-12,"GJR-GARCH(1,1,1)-t"
1149,-7.284995463728642,-2.3286440560131716,True,True,5.95747678004136e-19,0.6504844849882333,"GJR-GARCH(1,1,1)-t"
17598,-1.803269272046652,3.153082135668818,True,False,0.19042418988092952,0.9047879050597515,"GJR-GARCH(1,1,1)-t"
30063,8.3353954914387,13.29174689915417,True,True,1.7910654009018385e-19,0.019224361544547888,"GJR-GARCH(1,1,1)-t"
19062,-6.501486147981513,-1.5451347402660431,True,False,0.574226794085222,0.680664029465605,"GJR-GARCH(1,1,1)-t"
19444,-18.27262601238855,-13.31627460467308,True,True,6.590057674725344e-15,1.9010365820258337e-13,"GJR-GARCH(1,1,1)-t"
17157,-5.209917894065505,-0.2535664863500351,True,True,0.0,0.0,"GJR-GARCH(1,1,1)-t"
18500,-4.936315597026997,0.02003581068847282,True,True,2.0357755650496724e-10,0.9164650585813546,"GJR-GARCH(1,1,1)-t"
19476,3.4180315470482086,8.374382954763679,True,True,0.10953845001564133,1.5413864294309326e-09,"GJR-GARCH(1,1,1)-t"
23342,5.023849427627116,9.980200835342586,True,True,0.11396775501131015,2.183514510984837e-19,"GJR-GARCH(1,1,1)-t"
11060,1.646724273521496,6.603075681236966,True,True,1.6436718138061797e-11,0.9721741510658843,"GJR-GARCH(1,1,1)-t"
28426,-0.5312141009867304,4.42513730672874,True,True,0.0,0.7189025896187865,"GJR-GARCH(1,1,1)-t"
23136,2.312561829474248,7.268913237189718,True,True,4.144830231809691e-23,0.6449625018125962,"GJR-GARCH(1,1,1)-t"
26835,-19.634282754205344,-14.677931346489874,True,False,0.9999999999999988,0.0836939181628253,"GJR-GARCH(1,1,1)-t"
17505,-2.3183074751968853,2.6380439325185847,True,True,4.0792201319596696e-17,0.9545827647402498,"GJR-GARCH(1,1,1)-t"
5512,-8.961474508393785,-4.005123100678315,True,True,0.0,2.8267319774242866e-12,"GJR-GARCH(1,1,1)-t"
29375,-12.281321428483668,-7.324970020768198,True,True,0.0,0.9511422244567033,"GJR-GARCH(1,1,1)-t"
17090,13.590725574620752,18.547076982336222,True,True,0.0,1.7384426699111634e-15,"GJR-GARCH(1,1,1)-t"
5470,-14.438942417642547,-9.482591009927077,True,True,2.3204918808167354e-14,0.777819947915594,"GJR-GARCH(1,1,1)-t"
29048,-15.391823582732695,-10.435472175017225,True,True,1.0385362398560948e-15,0.38293834695372053,"GJR-GARCH(1,1,1)-t"
17390,4.295482051803013,9.251833459518483,True,True,1.4680254609671195e-09,0.9719559317879347,"GJR-GARCH(1,1,1)-t"
9138,14.670691653603253,19.627043061318723,True,True,1.9749268722818726e-14,0.0,"GJR-GARCH(1,1,1)-t"
23579,-16.519210756260197,-11.562859348544727,True,True,0.0,3.6726381719560025e-16,"GJR-GARCH(1,1,1)-t"
28898,16.347530831642167,21.303882239357637,True,True,0.7357699894316926,0.13057428526897832,"GJR-GARCH(1,1,1)-t"
24220,8.634136027369996,13.590487435085466,True,False,0.0,1.0,"GJR-GARCH(1,1,1)-t"
7758,1.3683011367156634,6.3246525444311334,True,False,0.999999999999916,5.2540450907733715e-14,"GJR-GARCH(1,1,1)-t"
9564,-1.6908924928311748,3.265458914884295,True,True,2.6573704632389828e-15,0.9884586410544536,"GJR-GARCH(1,1,1)-t"
2525,-3.912056094882921,1.0442953128325492,True,False,0.0,1.0,"GJR-GARCH(1,1,1)-t"
27020,-7.396351750125099,-2.440000342409629,True,True,0.0,0.804177645251823,"GJR-GARCH(1,1,1)-t"
19625,-14.60780998231639,-9.65145857460092,True,True,7.23104472001207e-18,0.6453500707060212,"GJR-GARCH(1,1,1)-t"
18764,5.167475335088193,10.123826742803663,True,True,2.976544074886857e-15,0.9653789269158733,"GJR-GARCH(1,1,1)-t"
28896,-3.13468328361688,1.82166812409859,True,True,1.3007243037178174e-15,0.398916238499154,"GJR-GARCH(1,1,1)-t"
21437,14.5298038772831,19.48615528499857,True,True,0.0,0.8856119430392156,"GJR-GARCH(1,1,1)-t"
1057,-16.88876653033834,-11.93241512262287,True,True,3.455798878954785e-11,0.3698330131557138,"GJR-GARCH(1,1,1)-t"
32361,-1.2280112773970977,3.7283401303183723,True,True,2.4254637296866074e-18,0.9013809520735067,"GJR-GARCH(1,1,1)-t"
31406,5.189564560487533,10.145915968203003,True,False,0.0,0.999999999973779,"GJR-GARCH(1,1,1)-t"
16086,-13.314850814667555,-8.358499406952085,True,True,0.0,0.39744019912283285,"GJR-GARCH(1,1,1)-t"
7194,-8.952081255192105,-3.9957298474766354,True,False,2.5456130805025678e-18,0.9999999999999999,"GJR-GARCH(1,1,1)-t"
11786,19.020133284499146,23.976484692214616,True,True,3.43737916641131e-11,0.786922826010238,"GJR-GARCH(1,1,1)-t"
11844,2.8017325307595087,7.758083938474979,True,False,8.935892624426403e-22,1.0,"GJR-GARCH(1,1,1)-t"
21053,-3.9876262610719095,0.9687251466435605,True,False,0.0,1.0,"GJR-GARCH(1,1,1)-t"
15194,8.315407981423874,13.271759389139344,True,True,1.1397629559136622e-19,0.9467319456188921,"GJR-GARCH(1,1,1)-t"
9518,-12.01062024920397,-7.054268841488501,True,False,1.0,0.1611717291317643,"GJR-GARCH(1,1,1)-t"
10604,7.818780269045545,12.775131676761015,True,True,8.021543346987931e-10,0.9553880074414316,"GJR-GARCH(1,1,1)-t"
7783,-3.118670787469732,1.837680620245738,True,True,2.2367055307612442e-12,0.757155781368349,"GJR-GARCH(1,1,1)-t"
10030,-8.134741471262707,-3.178390063547237,True,True,1.0660052208075223e-11,0.9551167733797408,"GJR-GARCH(1,1,1)-t"
16910,-1.6998504209103835,3.2565009868050865,True,False,2.4823523594384404e-17,1.0,"GJR-GARCH(1,1,1)-t"
31587,0.7152675294798119,5.671618937195282,True,True,1.528887077365013e-11,0.9401275810407927,"GJR-GARCH(1,1,1)-t"
31789,11.43676690318563,16.3931183109011,True,True,9.142523565043262e-16,0.0,"GJR-GARCH(1,1,1)-t"
16280,17.188487210786064,22.144838618501534,True,True,0.0,0.2990199149581644,"GJR-GARCH(1,1,1)-t"
31004,4.834934784111846,9.791286191827316,True,True,0.4153430615190225,1.0943728109022063e-16,"GJR-GARCH(1,1,1)-t"
22193,-14.256947529059111,-9.300596121343641,True,True,0.0,0.0,"GJR-GARCH(1,1,1)-t"
11730,-7.978333816406398,-3.0219824086909277,True,True,0.4067575911570096,0.0,"GJR-GARCH(1,1,1)-t"
2353,-8.68173374867267,-3.7253823409572,True,True,0.0,0.9672929092490714,"GJR-GARCH(1,1,1)-t"
1219,-6.481504475427862,-1.5251530677123917,True,True,6.959087955810829e-12,0.6643202044863395,"GJR-GARCH(1,1,1)-t"
13599,-2.64834964377836,2.30800176393711,True,False,0.0,0.9999999996703188,"GJR-GARCH(1,1,1)-t"
10789,2.408349639115647,7.364701046831117,True,True,1.9059567862506665e-13,1.1005721501135971e-14,"GJR-GARCH(1,1,1)-t"
15132,9.522171551187336,14.478522958902806,True,True,0.0,0.8056144419520106,"GJR-GARCH(1,1,1)-t"
18212,17.75443927467791,22.71079068239338,True,True,0.0,0.22941017149639456,"GJR-GARCH(1,1,1)-t"
11541,-2.547632804686639,2.408718603028831,True,False,3.7068825467056146e-16,1.0,"GJR-GARCH(1,1,1)-t"
2267,-3.2458730444613337,1.7104783632541363,True,True,3.900480916934543e-15,0.0,"GJR-GARCH(1,1,1)-t"
12758,-8.454575638785833,-3.4982242310703633,True,True,7.069947458401178e-17,0.0,"GJR-GARCH(1,1,1)-t"
19817,-14.95727155031664,-10.00092014260117,True,True,0.48213978273690555,0.0,"GJR-GARCH(1,1,1)-t"
11122,-3.0835537541012386,1.8727976536142315,True,False,0.7727934840025721,0.6136032579986935,"GJR-GARCH(1,1,1)-t"
24713,-11.52709895694526,-6.5707475492297895,True,True,1.6579702774234213e-14,0.7673749786091695,"GJR-GARCH(1,1,1)-t"
4649,-15.209037320320089,-10.252685912604619,True,False,1.7408219228804978e-15,0.9999999999999969,"GJR-GARCH(1,1,1)-t"
21493,9.794895268031386,14.751246675746856,True,False,0.048410617401418214,0.975794691299776,"GJR-GARCH(1,1,1)-t"
29448,-12.03776875270544,-7.081417344989969,True,True,0.0,0.0,"GJR-GARCH(1,1,1)-t"
31439,1.053065926677741,6.009417334393211,True,False,7.091701865447044e-18,0.9999999999985061,"GJR-GARCH(1,1,1)-t"
31345,-4.769231038161315,0.18712036955415456,True,False,1.0,0.0,"GJR-GARCH(1,1,1)-t"
652,4.26805159910473,9.2244030068202,True,True,2.1221974880472898e-14,0.6409352368466293,"GJR-GARCH(1,1,1)-t"
31279,-0.3479315414105386,4.608419866304931,True,True,9.137058404278572e-15,0.2593765545436196,"GJR-GARCH(1,1,1)-t"
6286,-0.49404474865397496,4.462306659061495,True,True,0.1363940450164401,1.7885410033279722e-14,"GJR-GARCH(1,1,1)-t"
