time_id,pred_RV,actual_RV,rv_d,rv_w,rv_m,model
24014,0.0005846813339205558,0.00049032005807405,0.0006668207617817,0.00054451625386414,0.0005770418434703376,HAR-RV (OLS)
24127,0.0007931019870884421,0.000561944046424575,0.000798682902713,0.00083217908347956,0.000635200941910525,HAR-RV (OLS)
17193,0.0005159627519221808,0.0004027919968831,0.0005644019262334,0.0005078502594605599,0.00048816304890206876,HAR-RV (OLS)
23144,0.00042373495818608315,0.0005175764345952001,0.0003989399979537,0.00045822219602134,0.00048315076743575623,HAR-RV (OLS)
30597,0.0004584721196728487,0.000326332836256825,0.0002451580058945,0.0003090687860886,0.000373909650278175,HAR-RV (OLS)
28963,0.00039739945254959827,0.00061223939012995,0.0004060601569273,0.00038293027705208,0.00039246351182177497,HAR-RV (OLS)
5101,0.00035939209110511514,0.000426134938837375,0.0002840132075326,0.00035023851882602,0.00041316598464529375,HAR-RV (OLS)
9281,0.00033035564860355715,0.000538191469746275,0.0002451416208442,0.00031852290802088,0.00041012729508453123,HAR-RV (OLS)
30023,0.0002712809228749974,0.000313144961265875,0.0002432672081201,0.00021902696674398,0.00025608148541375863,HAR-RV (OLS)
14279,0.00012911327060719305,0.00029099717935825,0.0003046025601705,0.00018376284423202,0.0002786238370165375,HAR-RV (OLS)
21834,0.00022992654502397038,0.00032048096072605,0.0002068619923629,0.00024998429143939234,0.00024936639797873216,HAR-RV (OLS)
11325,1e-08,0.00028131032615135,2.008629451198342e-05,6.696835736561369e-05,0.00020211866866711304,HAR-RV (OLS)
2657,0.0004783721829466785,0.000310745485689725,0.0003841940358369,0.00036204382307732,0.000251938874308389,HAR-RV (OLS)
1213,0.00044706619170062546,0.000499017790274625,0.0005667816520531,0.0004930698287744999,0.00043534282386935004,HAR-RV (OLS)
11056,0.00012838108073345974,0.00042355619623870005,0.0005088369279488,0.0003047739839139995,0.00025789846339852485,HAR-RV (OLS)
20858,0.00047912574278248423,0.000300152761406175,0.0003789410790962,0.00024751429325388,0.00029498242462400626,HAR-RV (OLS)
28354,0.0004025703814253714,0.000402865939238525,0.0004435976699147,0.00036903979040458,0.00039192066000163746,HAR-RV (OLS)
18507,0.00032753229721692615,0.000371242642997775,0.0002696647505089,0.00030437752033204,0.00040662891302772495,HAR-RV (OLS)
26475,0.00029156082302424387,0.000242508870637375,0.0004903725646006,0.00029324697235077465,0.000234188268725077,HAR-RV (OLS)
27868,0.0003407902863834687,0.00031994770098799996,0.0003563639644851,0.0003915204344214,0.00035798501381713755,HAR-RV (OLS)
17429,0.00025061381110887056,0.000345674784785625,0.0001996411440602,0.00025075879516894,0.00027946394787406914,HAR-RV (OLS)
16374,0.0002954053782189544,0.00030073582023855,0.0002091232999404,0.0002644497468869,0.0002985617111588114,HAR-RV (OLS)
7212,0.00043807716720421736,0.0002571794708397,0.000354802804296,0.00034662184488566,0.0002383763947953443,HAR-RV (OLS)
15418,0.0006013879665943019,0.0006747835071241,0.0006593120824568,0.00066272282840796,0.0006670210031228312,HAR-RV (OLS)
19528,0.00046579507916137295,0.0003491397140099,0.000335419339897,0.00033981232129852006,0.00036084658869024375,HAR-RV (OLS)
21344,0.0004413432729366353,0.00034636180435230004,0.000393756540259,0.00037364640664585994,0.0004409270606543,HAR-RV (OLS)
21391,0.0002691124729852624,0.000328020178840425,0.0002662595016665,0.00026758385681616,0.00025809998045385,HAR-RV (OLS)
3955,0.0005591794553421602,0.0005440274687709749,0.0006409752228126,0.00051417260560196,0.0005380853671105563,HAR-RV (OLS)
5020,0.00023282908190762236,0.0002998237403129604,0.0002159938036925,0.0002287211755446,0.0002899104969121625,HAR-RV (OLS)
31156,0.0005095698129515599,0.000423650792156325,0.0005846517487401,0.00045487312321256,0.0003171353504352914,HAR-RV (OLS)
12348,0.00030294865557135766,0.00022631283892587983,0.0002310532510896,0.00023064304786033843,0.00025639206331038074,HAR-RV (OLS)
31719,0.00028021570038059196,0.00026541590501635,0.0002669616894305,0.0002426098788474498,0.0002583275105179218,HAR-RV (OLS)
31034,0.0004223080439614982,0.000332367003443275,0.0005480810052693,0.00044619616220888,0.000419205420528525,HAR-RV (OLS)
6481,0.00047792095629238236,0.000236424974966825,0.0004434162357765,0.00032083906188436,0.00023325507275159511,HAR-RV (OLS)
27168,0.0002547216792760812,0.0002871618897812,5.372286541668774e-05,0.00021389368361609753,0.00024040484865373048,HAR-RV (OLS)
10689,0.00037042807665140626,0.00035163876432725,0.0003331828242414,0.00029634276952827997,0.00033281136707703123,HAR-RV (OLS)
10100,0.0005696438148573965,0.000305435830765525,0.0003834851395183,0.00031352005246986,0.0002443889423115784,HAR-RV (OLS)
1948,0.0003796584974079405,0.000588231046216325,0.000450227108127,0.00042441142625856,0.0004573278874470813,HAR-RV (OLS)
16811,0.00034319508574104824,0.00046139637235579993,0.0003356224158763,0.00035623645338606004,0.00040690391949254224,HAR-RV (OLS)
17078,0.00023305446025557316,0.000313439857846325,0.0002138912742051,0.00028519766318582,0.0002813665039347659,HAR-RV (OLS)
13594,0.00022204007320727044,0.00036749623893024997,0.0001784826530021,0.00023519592819658004,0.0003419178247005,HAR-RV (OLS)
15048,0.0003078863043397879,0.000269477118324775,0.0004239835886908,0.00034411026316468,0.0003245472727692875,HAR-RV (OLS)
4797,0.00028226946239171143,0.00026840862498254996,0.0002384768798915,0.00021460528696002,0.0002616329676233375,HAR-RV (OLS)
17428,0.0003692229642834303,0.00017359906763848447,0.0005270213550822,0.00036616234403994005,0.000324220704513571,HAR-RV (OLS)
22678,0.0002975088681920903,0.00036693714375447497,0.0002713290750165,0.00032532396272790003,0.0003370347666915125,HAR-RV (OLS)
11374,0.0002523491215339896,0.00028736974015864997,0.0002945820904193,0.00024367770730961998,0.00027892433591960626,HAR-RV (OLS)
27095,0.00034007605009340385,0.00047637505379685,0.0002966479918199,0.00031172322868862,0.0003148901816472125,HAR-RV (OLS)
26973,8.109001891268676e-05,0.00021251991524792502,0.0001348544275738,0.00021909168514489997,0.0002874781555288625,HAR-RV (OLS)
1292,0.0004904259154059346,0.00036800215613669996,0.000489650888657,0.0004979569941495401,0.0004940874244614063,HAR-RV (OLS)
3445,0.000330145306765069,0.00044673379454892497,0.0003356769574309,0.0003974771947196601,0.0004350936343645,HAR-RV (OLS)
6274,0.000497247207013734,0.000466042650531775,0.0003711206142524,0.0004552578440844399,0.0004949753692670937,HAR-RV (OLS)
29149,0.00038548951005143114,0.000327860141103225,0.000171070589805,0.0002784417120041048,0.00037287497597208855,HAR-RV (OLS)
16504,0.0005503598853786647,0.0007063615362265,0.0006880381408709,0.00054579116471484,0.0006244041823611812,HAR-RV (OLS)
27890,0.0003760491547672229,0.000248209670371,0.0003862958766275,0.00032870052843496,0.00031853285258684374,HAR-RV (OLS)
23337,0.00020470667975162654,0.00017387331375588345,0.0001650135650775,0.00019223391907026,0.00020280298109884683,HAR-RV (OLS)
14416,0.0004786990780083763,0.000305930247492575,0.0004314405842493,0.00034582159162594003,0.00031034239424141254,HAR-RV (OLS)
23202,0.0004027319259818382,0.000286188719249275,0.0004346511717193,0.00032302405190388005,0.0003428550016152125,HAR-RV (OLS)
10708,0.0006609057871668184,0.000464706232604075,0.0007103050412675,0.0005882287543046799,0.0006409634316582437,HAR-RV (OLS)
15907,0.00020728070200093265,0.00035732610631712496,0.0002210538414248,0.0003689897303666,0.000338195647088775,HAR-RV (OLS)
16877,0.00041978005664279464,0.000305069142391375,0.0004332724387974,0.0003309533730046,0.00037377439439918747,HAR-RV (OLS)
29871,0.0004869131907507438,0.000346974535314975,0.0004248049365103,0.00044552887861384,0.00036058278516734376,HAR-RV (OLS)
3457,0.00024311240200106696,0.0002720649438683,0.0003340586532371,0.00030089397843263997,0.00026941839433628064,HAR-RV (OLS)
3721,0.0003625377069508746,0.000514590401689075,0.0002494367222914,0.00038091638595758005,0.00036676352883479376,HAR-RV (OLS)
21718,0.00044796398039769966,0.0008043554412219751,0.0004569877286859,0.0002802115826919019,0.0003258445843008818,HAR-RV (OLS)
23751,0.0003568066074088605,0.00037521880700187496,0.0003414774469771,0.00029961832538416,0.00033135676207381875,HAR-RV (OLS)
23312,0.0005136688283902365,0.00038542970389755,0.0003137764602539,0.00043417818535867997,0.00044979308104019374,HAR-RV (OLS)
13980,0.000751889628480261,0.00071422044497665,0.0011739069035642,0.00076222100405424,0.0007567386381468813,HAR-RV (OLS)
7418,0.0004339904683126589,0.000547068904440625,0.0005136767201699,0.00059449613986788,0.0005090297980758062,HAR-RV (OLS)
17617,0.0004211330168706358,0.00034267094841405,0.0004754945902788,0.00035329917567941585,0.000384051247764305,HAR-RV (OLS)
22548,0.0005470541252377595,0.00060147474310395,0.000635597663032,0.0006234503123681799,0.0005808517951529312,HAR-RV (OLS)
5392,0.000509818135153087,0.000713038679762325,0.0005066379232002,0.00048386788470653993,0.0005183296874899562,HAR-RV (OLS)
10745,0.0004710266391319204,0.0004933658765225251,0.0007423068870108,0.00055989270654712,0.0005426776570686624,HAR-RV (OLS)
27962,0.0005271636616163663,0.000464727117820525,0.0004867168372762,0.00051954578187138,0.0005231341061723625,HAR-RV (OLS)
19472,0.0003562201376098109,0.000227527479757775,0.0002600910027979,0.00019090123717741464,0.00024801505262280464,HAR-RV (OLS)
26788,0.000642765182304314,0.000637158330898525,0.0007427859153555,0.0006444516325956799,0.0006804969937182312,HAR-RV (OLS)
24879,0.00031285823784987896,0.0003661115801905,0.0002742511184381,0.00026751782083332,0.00037069053788344375,HAR-RV (OLS)
6693,0.0003094987407093545,0.0003090350678789,0.0003503143901729,0.0003443395492361,0.0003072027375702125,HAR-RV (OLS)
20326,0.0004116154789342752,0.000469060212205675,0.0002880288685091,0.00049950805251796,0.00039154413076006246,HAR-RV (OLS)
11351,0.00040531781475301124,0.00045137056678387497,0.0007337525960293,0.00041572981130387997,0.00042158134427706245,HAR-RV (OLS)
23226,0.0005090981752533903,0.00081380012251075,0.0004923273449575,0.00047263925386198,0.0005365781318049875,HAR-RV (OLS)
23028,0.0004151755974713554,0.000577067370759275,0.0005266501840134,0.00043429586173939996,0.00043032588059539376,HAR-RV (OLS)
8524,0.0005508696028196653,0.00047914456803007494,0.0006352853719195,0.00045061718733639997,0.0004089017248163125,HAR-RV (OLS)
11318,0.00023986415822491744,0.000470086059829775,0.0003542261503099,0.00024930385715532,0.00033954584763304374,HAR-RV (OLS)
24157,0.0003200153765489719,0.000408472176056825,0.0003643102789374,0.00038074865063869996,0.00033847226854410626,HAR-RV (OLS)
25131,0.0003561981796319616,0.0003309725484937,0.0003418640002052,0.00026854525971502,0.00035139791253950624,HAR-RV (OLS)
7180,0.00022983663517776593,0.000344296609958125,0.0006468079153524,0.00032592006224372,0.000304468388779775,HAR-RV (OLS)
17398,0.0005488035513631418,0.0005275912281295,0.0006811752597441,0.00067523459769386,0.0006458748646269187,HAR-RV (OLS)
5407,0.0005781315407660725,0.0005160302230004,0.0006036292437778,0.0006188495021782,0.0006054880840921312,HAR-RV (OLS)
24523,0.00043339904936752645,0.000594478229187925,0.0003100227136299,0.00062929551144618,0.0005123295869399376,HAR-RV (OLS)
7369,0.0006238129416566415,0.000690830055461175,0.000648898028066,0.0005820713099734,0.0006465301370527063,HAR-RV (OLS)
1890,0.0005352045809928276,0.00043900649861067497,0.0004378491387701,0.00046496892171734,0.0004923312681226625,HAR-RV (OLS)
28401,0.0002923415621574132,0.000331552001199225,0.0003121342574529,0.00032744905778112,0.0003206855901910375,HAR-RV (OLS)
15858,0.00021242555775978684,0.00025837681527535,0.0001792589064966,0.0002268490603014563,0.00024569774811944884,HAR-RV (OLS)
9190,0.0002726844114296814,0.000280388455045075,0.0001505002349829,0.00031990748794576,0.00033315573512801246,HAR-RV (OLS)
12713,0.0006376241892131664,0.0006366024489437251,0.0006434831303812,0.00061133037908922,0.0006628833152125375,HAR-RV (OLS)
21148,0.00033187096258434774,0.00038969170815485003,0.0002980164050827,0.00043798052843593995,0.00039543257575232497,HAR-RV (OLS)
30312,0.0004132009377901759,0.000316588612515,0.0004869910006514,0.0003133906638921,0.0002777652151851125,HAR-RV (OLS)
11184,0.0005129473349964344,0.00042440473973524997,0.000825513688891,0.00047566773833826,0.0005130282112693312,HAR-RV (OLS)
20225,0.0006379774709294073,0.0006195677171320499,0.0006413250418185,0.00063624071079644,0.000638462925502975,HAR-RV (OLS)
21103,0.00048148259217937816,0.0006454116871982499,0.0010072182836277,0.0006073800336080799,0.0004952975801394375,HAR-RV (OLS)
13567,0.0003442532574614895,0.0002988580568979,0.0006985936894292,0.0002963486135567892,0.0002860350459345854,HAR-RV (OLS)
32046,0.00027963929219121603,0.00045260811073995,0.0003385685723381,0.00026763647246662,0.00027201481271919034,HAR-RV (OLS)
26400,0.0004870804126363954,0.0005601743910464249,0.0004094825815163,0.00037808921915428,0.0005303753389417313,HAR-RV (OLS)
7518,0.0003140678638654355,0.00042311198743632503,0.0003039560535882,0.00033461068250116,0.0003802835918632535,HAR-RV (OLS)
13500,0.0003652373639898257,0.000476195630530575,0.0003570991416901,0.0004630135713076,0.0005758945959163,HAR-RV (OLS)
15341,0.00042472561109022,0.0004565919047566,0.0003283398096734,0.00037936982659734,0.00043904060087174995,HAR-RV (OLS)
25879,0.00021222257147991675,0.00030971503784340003,0.0003227236646134,0.00029790933140424,0.0003404267010197687,HAR-RV (OLS)
10661,0.0004232639837470913,0.0003749098409769723,0.0004494304718514,0.0003019512202044629,0.00038565637032511965,HAR-RV (OLS)
26307,0.0007816546025730055,0.000610680318163425,0.0007601900670483,0.0006541641845655401,0.0006975894374334688,HAR-RV (OLS)
18351,0.00045958033177590825,0.0004031094456616,0.0006299506989496,0.00050848264563782,0.0005213810613910688,HAR-RV (OLS)
9456,0.00044290640326922483,0.00052641346713015,0.0007722403160592,0.00048544190427974004,0.00035612363248659377,HAR-RV (OLS)
4302,0.00015037417382268367,0.00036225593160095,0.0001351102204987,0.00030768891541285996,0.00046536099558078746,HAR-RV (OLS)
18402,1e-08,0.0006779196095786501,0.0002840959687545,0.00052790773690992,0.00042895224205275,HAR-RV (OLS)
28267,0.0006471503070350141,0.000813137888407025,0.0009126489803566,0.00074023752235242,0.0007080700983238375,HAR-RV (OLS)
14183,0.00035804731983157,0.0002691625355930547,0.0001973358869115,0.00032360878065010003,0.00030660140379225624,HAR-RV (OLS)
29316,0.0006014199416627588,0.00071676515844925,0.0005706908744778,0.0006484141100790601,0.0005919916289784249,HAR-RV (OLS)
2125,0.0005938522557941363,0.000502428317156375,0.0004711583837246,0.0003055312924861,0.0002782417472490071,HAR-RV (OLS)
29828,0.0008103333801009952,0.001060058667931125,0.0008194916384342,0.00067029407201772,0.0005394216361196062,HAR-RV (OLS)
23656,0.0008743582110228218,0.0006439786097494,0.0008853169641016,0.00088767177745936,0.000747102124822325,HAR-RV (OLS)
7679,0.00025848645733024794,0.00032899742187652496,0.0003139703446465,0.00022798692620514,0.00028979083432799374,HAR-RV (OLS)
19606,0.0004247893465567604,0.0004067653406816323,0.0001526930220212,0.00036963076203514,0.00038692617395665626,HAR-RV (OLS)
23462,0.0003350563640916725,0.000466286840501725,0.0003916279831846,0.00044149518940692,0.0003296014624642008,HAR-RV (OLS)
29947,0.0008012226634130908,0.000606686824065375,0.0010313351076812,0.0008052381939666001,0.0007493241177792,HAR-RV (OLS)
20445,0.00030985243363929776,0.000209412611110325,0.0003674046373449,0.00025677302708665997,0.00026471612216153123,HAR-RV (OLS)
29990,0.0002114735458539625,0.000553767411473375,0.0002390461212312,0.00026560764687793995,0.00030778050332456184,HAR-RV (OLS)
20782,0.00032313377479366436,0.0003191161601420484,0.0004647414827823,0.0004914575407987,0.0004185829355254563,HAR-RV (OLS)
19815,0.0004571266837018666,0.0003040101381553061,0.0004603766361862,0.00039688851075722,0.00041856762472620626,HAR-RV (OLS)
4627,0.000629220671249296,0.0006012359404308499,0.0004696911126989,0.00047314683629216006,0.000510025256654425,HAR-RV (OLS)
5532,0.00046836440707628466,0.00030846614252485403,0.0003913075052077,0.00050603519069078,0.0003571493097564877,HAR-RV (OLS)
12352,0.00041162796140750647,0.0006907111695222501,0.0005102688170814,0.0005585496651335799,0.0005089831385210375,HAR-RV (OLS)
9311,0.000510591023393518,0.00038350805936204996,0.0004742728831155,0.0004941505227098401,0.0004995984957824437,HAR-RV (OLS)
17604,0.0003321892105492954,0.0004700790123204,0.0003995763253576,0.00036614595371998006,0.0005329853969743625,HAR-RV (OLS)
22907,0.00024879758622093994,0.0001289160756637843,0.0001900440460333,0.00021770150674163996,0.00020699246396256926,HAR-RV (OLS)
11070,0.0003544504084822729,0.00026700906389637497,0.0001894127394873,0.0003135028656838,0.0002918585325020562,HAR-RV (OLS)
17971,0.00044527499186344327,0.00037145872448752506,0.0003527914221051,0.00038492234004327994,0.0004246567425739875,HAR-RV (OLS)
19294,0.00045857048672171756,0.00046279276048057506,0.0003526594794251,0.00049698326903472,0.0004833647345142,HAR-RV (OLS)
12611,0.0002864973125922736,0.000309111103648925,0.0002453682146838,0.00035279585354690003,0.00033721492002531246,HAR-RV (OLS)
3033,0.00042295262147006317,0.00020502434582749999,0.0002225165416929,0.0003533731976392,0.00037989455447342505,HAR-RV (OLS)
16753,0.0003210133046569821,0.00022717767506563394,0.0002591759076268,0.00043135736902456,0.000352476262784425,HAR-RV (OLS)
4414,0.0003677737041695546,0.00041366246716315,0.0004102603902629,0.00039305176114432004,0.00029975033235031876,HAR-RV (OLS)
6822,0.0004574700913069756,0.00039373277387315,0.0005274393196861,0.00042696176359689997,0.00044481034149833126,HAR-RV (OLS)
6434,0.0005743611856548075,0.00053975240621515,0.0012310066855847,0.0005344453198333,0.0004127905632179276,HAR-RV (OLS)
15365,0.0007196676682821941,0.000672472035378825,0.0006056312052607,0.0006781690338516401,0.000697332107711275,HAR-RV (OLS)
20099,0.00028024444644080774,0.0004155300326112,0.0002014627107499,0.00031402477242662,0.00037973850763400624,HAR-RV (OLS)
12991,0.00018908911995133698,0.0002831100596781501,0.0001692207072446,0.0002598521408264,0.0003778824211548562,HAR-RV (OLS)
21734,0.00032181396761616336,0.000287139081157125,0.0003697511814688,0.0002852088047424093,0.0003106971226911404,HAR-RV (OLS)
6217,0.0005631317657943821,0.0005416387897340001,0.0006466707359631,0.00061219422461314,0.00058426095682245,HAR-RV (OLS)
20734,0.00051683939014452,0.000453289315373475,0.0005021095780479,0.00054732030073456,0.00046319770758882503,HAR-RV (OLS)
24717,0.000373575051388958,0.00023859176254465,0.0001752363434709,0.00037592771431909993,0.0003368445535071187,HAR-RV (OLS)
21883,0.0003081007361453791,0.00019384666266705,0.0002270497091853,0.00036618581108252004,0.0003003010356657062,HAR-RV (OLS)
11152,0.00013269936608677083,0.00023520334678591394,0.0001714043889834,0.00029293099920942,0.000270879481570352,HAR-RV (OLS)
17522,0.0003723315875302079,0.000566341051045425,0.0003382255758569,0.0003376491051480029,0.00034442854334315094,HAR-RV (OLS)
26568,0.0007033098751245428,0.0006759171424225001,0.0008586855900975,0.0008459794206700001,0.0007451412603545562,HAR-RV (OLS)
22903,0.0013312026036971806,0.0011250030267674,0.0014241880355312,0.00123262904011528,0.0010738553698458125,HAR-RV (OLS)
29819,0.0006306598305395517,0.00067233521690295,0.0007880015891457,0.0005875379270684599,0.0006625290693968875,HAR-RV (OLS)
4695,0.0003655006376877939,0.000494506159383725,0.0003606316427661,0.00036139367251864,0.000364915624154325,HAR-RV (OLS)
25474,0.00044707386118221525,0.000405633863169925,0.0001139931370106,0.00034887639671148004,0.00041922296068056875,HAR-RV (OLS)
15173,0.000900905600400833,0.0008822784679149249,0.001030479431836,0.0008564929955379001,0.0009008449142918688,HAR-RV (OLS)
21326,0.00038870251133709126,0.000338068549478225,0.000310012346974,0.0002819047829168,0.000337987082637375,HAR-RV (OLS)
26522,0.0003543415921513462,0.000377534620115875,0.0003248918713063,0.00024536821085036,0.0002877689407011375,HAR-RV (OLS)
1563,0.0006046205547964114,0.000593208879742875,0.0004708794219218,0.00043952498182964,0.0005221085770304812,HAR-RV (OLS)
10929,0.000953897899802836,0.000873465924475225,0.0007374904955914,0.0007836890395179401,0.0008275136216999063,HAR-RV (OLS)
31347,0.0007655079685535506,0.0007805607732568999,0.0005852971923631,0.00071356819392814,0.0007954899342634562,HAR-RV (OLS)
1404,0.0005951730856721259,0.000671045158612225,0.0008174705987652,0.00052702700476212,0.0004537432791416687,HAR-RV (OLS)
4714,0.00041821311846175816,0.00033742290487087493,0.0004354178079702,0.00040001033864264,0.00036293362437376397,HAR-RV (OLS)
6410,0.0004053283740957463,0.000374430096094275,0.0002195071792843,0.00032847438704935994,0.0003983863560661875,HAR-RV (OLS)
29037,0.0007626627649592656,0.000525491971431375,0.0006514450900085,0.00058906484834386,0.0004913096006641938,HAR-RV (OLS)
2390,0.0005146503762327388,0.0005081953259278249,0.0007073100399426,0.00042635977088249994,0.0004409217177267313,HAR-RV (OLS)
5795,0.0003883402734718966,0.00024246650885962503,0.00051477987284,0.00029618940147685863,0.00031362994160685586,HAR-RV (OLS)
27014,0.0005604315987832258,0.000583452932218125,0.0006474062414495,0.0006409730010122,0.00064792361945825,HAR-RV (OLS)
30527,0.00039158859259048515,0.00028527439012525,0.0003527020980755,0.00034642124009295997,0.00029856287461018803,HAR-RV (OLS)
32614,0.00048687795145665785,0.000413207194464725,0.0004472189850891,0.0005956146400566201,0.0005520227380067188,HAR-RV (OLS)
24590,0.00016698204489178016,0.0002875576258439,0.0001705859465723,0.00039962090562657997,0.00036909239733896794,HAR-RV (OLS)
19949,0.0005192864028851351,0.00034332923054545,8.584701226524385e-05,0.0002923461966064868,0.0003332993279618646,HAR-RV (OLS)
18831,0.0003454533841849456,0.000587164046320425,0.0002799679218172,0.00036583023312544,0.00032941371490519545,HAR-RV (OLS)
6324,0.0003182152572945389,0.00039294615842685,0.0003127441047651,0.0003052668830002,0.00030934021288683746,HAR-RV (OLS)
9947,0.0008940798369317209,0.000536379008443825,0.0008494774468051,0.0006881524433346,0.0005046186323767938,HAR-RV (OLS)
12395,0.0003150501735332426,0.000404448841697025,0.0004567009853848,0.00041377975312158,0.000383819093544712,HAR-RV (OLS)
28563,0.00033952786285875944,0.00059191672479435,0.0002719854828282,0.00026692636312973994,0.0004082061569413563,HAR-RV (OLS)
25754,0.0009024789012219393,0.0008476938346288251,0.0002595921460867,0.0005885817880564001,0.0006507837900857937,HAR-RV (OLS)
3327,0.00027631038875005373,0.000376425295319375,0.0003619118879416,0.00036377001256734004,0.0003363144667744313,HAR-RV (OLS)
4724,7.836255551645278e-05,0.00021558042502851381,9.005812463274259e-05,0.00014032741356399277,0.00024136542287896346,HAR-RV (OLS)
26388,0.00026868793084265674,0.00034405880754449997,0.000354297697804,0.000342096729784,0.00031635478268857175,HAR-RV (OLS)
3846,0.0006539125331234922,0.00032500962882625004,6.957702165960038e-05,0.0003130853839463201,0.00035950764789618756,HAR-RV (OLS)
15042,0.000409986872224326,0.00028145698795967503,0.000168139557967,0.0003002622023077,0.00032605594402364377,HAR-RV (OLS)
3146,6.537919434953398e-05,0.00027889234422995,0.000186556811788,0.00029648248206646,0.00032716855901338156,HAR-RV (OLS)
18567,1e-08,0.0003895133144087369,0.0011710495214366,0.00045181758543917996,0.000328730448558418,HAR-RV (OLS)
19417,0.0003215105700183717,0.00017958743347327934,0.0001286439442366,0.00018170329004550483,0.00025507538321993854,HAR-RV (OLS)
17217,0.0005894242047751166,0.0005131291720401,0.0006452656357075,0.00053405558816494,0.0005344730151349875,HAR-RV (OLS)
10840,0.00045822531640968625,0.00019181715253161827,0.0004600327945134,0.00021410958605169654,0.00030120331363504263,HAR-RV (OLS)
29746,0.0003430982268752855,0.000394976852087125,0.0003750211393484,0.0003730842510861,0.0003614354355779688,HAR-RV (OLS)
13097,0.0007295562590831344,0.0005199794973214,0.0008367447095492,0.00060366319581462,0.0005115084198804188,HAR-RV (OLS)
17670,0.00029982925665409906,0.00029976581339557503,0.0003212002245336,0.00028819613122602,0.00028698040782527826,HAR-RV (OLS)
30212,0.0006565402554230356,0.000638353982607275,0.000770145176451,0.00068970188464384,0.0006890757853552375,HAR-RV (OLS)
3567,0.0004081980725537292,0.00031939436742984997,0.000368998202733,0.00032383272006654,0.000371356115164725,HAR-RV (OLS)
3135,0.0003791521972971062,0.000426872654348225,0.000526998478123,0.0004157325796646001,0.00035550584227496873,HAR-RV (OLS)
26613,0.0002885019346474905,0.00021721389029605412,0.000311114707769,0.00027825308684578003,0.0002962743389642475,HAR-RV (OLS)
23708,0.00033316614452048887,0.000345762427870925,0.0002327403795728,0.00022643104189935996,0.00025452802386307814,HAR-RV (OLS)
18447,0.0003499462226067126,0.000372874578127425,0.0002186112506341,0.00037366587184626,0.0004150462395150375,HAR-RV (OLS)
28983,0.0006022611279719299,0.000438632211927875,0.0004701638759182,0.0006171500585187801,0.000544150697197375,HAR-RV (OLS)
10616,0.0005407728781472658,0.0006115534406405251,0.0006527221028964,0.00054820978606264,0.0004502659661078625,HAR-RV (OLS)
15693,0.00015068596850848582,0.00015840661513420273,0.0001798007483685,0.00014274851828086917,0.00022996896435041538,HAR-RV (OLS)
6076,0.0006722441561418705,0.000710914052390375,0.0006869245401441,0.0006516230000737,0.0006974728543646187,HAR-RV (OLS)
19466,0.0004102866590314776,0.00029211411468992504,0.000407179245663,0.00031431634952106,0.0003245542628553428,HAR-RV (OLS)
30334,0.0003533716831985649,0.000301537349157725,0.0003588553944686,0.00031071466067049994,0.00032212952772725,HAR-RV (OLS)
24573,0.0003253743786226294,0.000342671301704325,0.0004157476617734,0.00027428458750463995,0.00032245800582343057,HAR-RV (OLS)
8667,0.000534458837068184,0.00048109792795225,0.0005808705676264,0.0005533601015635999,0.000549919871079925,HAR-RV (OLS)
424,0.00016770084166396792,0.00060821242298205,0.0002001715982658,0.00032363955671422,0.0006176258708574126,HAR-RV (OLS)
13586,0.00012811698754452543,0.00013645714382156524,0.0001233797484054,0.000312574628514,0.000332396739478,HAR-RV (OLS)
30443,0.0005036226970143909,0.00047072916849985,0.0005849174518307,0.00042993878977530005,0.0003076799202607,HAR-RV (OLS)
26607,0.0003544858731776955,0.00044669100266325003,0.0002605502380723,0.00028599000917309996,0.00030995749220706875,HAR-RV (OLS)
23639,0.00105773547492896,0.0010603925042837249,0.0011621520374221,0.00115904732837416,0.0010910700607829624,HAR-RV (OLS)
31071,0.0006332243158074139,0.00038665281962632495,0.0005826468758162,0.0005089643084486,0.00041731938863256795,HAR-RV (OLS)
14629,0.0009463458714436231,0.0007549558116303,0.0008938298994677,0.0007504126762789,0.000810113847079125,HAR-RV (OLS)
18059,0.0004977146960941964,0.000253597695198825,0.0003740308546917,0.00040616977197977997,0.00046016382146606247,HAR-RV (OLS)
13354,0.00037175163687886716,0.00020256328345362294,0.000348319726823,0.00028168512712971994,0.00032458783695029996,HAR-RV (OLS)
15035,0.0003383797263556797,0.000435996604906575,0.0001525922088591,0.0003371556223734,0.00034328762014538747,HAR-RV (OLS)
3694,0.0005633078380146209,0.0003683248862084,0.0003118994408782,0.00037217906978332006,0.000493888434281625,HAR-RV (OLS)
26523,0.000274651370163471,0.000481845135365125,0.0001164905679778,0.00028392775832951995,0.0003097139405133687,HAR-RV (OLS)
20900,0.00020875274721427568,0.0001539806428871529,0.0002994481574447,0.0002159375306849,0.00030580770732196874,HAR-RV (OLS)
29614,0.0004062922276941526,0.000306145481968825,0.0005346151563512,0.0003032823490178848,0.00034246281060104384,HAR-RV (OLS)
20810,0.0003779900229661912,0.000359493270800825,0.0003747869486032,0.00040378148793370004,0.0003662328264841063,HAR-RV (OLS)
18029,0.0003985737054033083,0.00047771410176027497,0.0004075680638102,0.00042646686259065994,0.00043131341528648126,HAR-RV (OLS)
24341,0.0003153992684520179,0.00035706517990805,0.0003216480335206,0.00027679080017042,0.0003213502175475563,HAR-RV (OLS)
21169,0.00022301700191941016,0.00031715782631147496,0.0002381761232575,0.00028373596799178083,0.0002649876553867041,HAR-RV (OLS)
16823,0.00028700167271426857,0.00022600937750292502,0.0001108791439661,0.00025313673020706,0.0003572892273940875,HAR-RV (OLS)
14483,0.0006835946648700211,0.0006536495548295749,0.0009073622238049,0.00069655269251126,0.0006671035870501937,HAR-RV (OLS)
12965,0.0005937015701872328,0.000493820032085525,0.0005878268494293,0.00042262076607032,0.0004465933169729838,HAR-RV (OLS)
1249,0.00010586480074232141,0.00018464432145711505,0.0003477619737639,0.0003598648383656,0.00029693866886232594,HAR-RV (OLS)
3655,0.00024369258648329,0.00032258011426945,0.00016223817573,0.00029068743309652,0.0003391963137094438,HAR-RV (OLS)
3836,0.00045746792962037127,0.00025644858500452496,0.0006356501192719,0.00031864515624009996,0.0003229830804338472,HAR-RV (OLS)
16802,0.00062021314196503,0.0003052143123493,0.0006699960113286,0.00050685554110538,0.00041491442170587503,HAR-RV (OLS)
7213,0.0005915209388728198,0.000615037820014275,0.0005263289494132,0.0005691847528757,0.0006145852804948375,HAR-RV (OLS)
12552,0.0004917921938986573,0.0004249289671403,0.0004099958747946,0.00047476442494523994,0.0005295804437344312,HAR-RV (OLS)
7883,0.0003262255647081629,0.00034942867933230004,0.0001149074594543,0.000395990276124,0.00042899131732892506,HAR-RV (OLS)
25766,0.0005060730734343014,0.00046453531381755004,4.5693824199575015e-05,0.00041959621875717497,0.0005355832761963172,HAR-RV (OLS)
23034,0.00044888644143620076,0.00042175935724065,0.0004100274241644,0.00044256247260484,0.0003630219458945007,HAR-RV (OLS)
12135,0.00019007029624169087,0.000301932087516125,0.0002712897652406,0.00025530767510134004,0.00023731880614194208,HAR-RV (OLS)
27964,0.00028914288902177063,0.000264801767595475,0.000300005334499,0.0003065577650398,0.00029145341983397504,HAR-RV (OLS)
26841,0.000401966649421818,0.000264667801930575,0.0003724835339187,0.0002354917850722609,0.00027590883031694405,HAR-RV (OLS)
6909,0.0005416012023357094,0.0002925081736955,0.0004336411441514,0.00039453593108063995,0.0005636035342680688,HAR-RV (OLS)
5245,0.00028569644317968,0.0002875221386146717,0.0002589021448575,0.00035322781634796005,0.0003050786832339844,HAR-RV (OLS)
11775,0.00048812878788949,0.000301976440802,0.000424788371088,0.0003669082290288678,0.00038668854167470026,HAR-RV (OLS)
27527,0.0002841517756488088,0.000316783299781375,0.0001355235967281,0.00019532489247012,0.000271182571196975,HAR-RV (OLS)
13720,0.0007264574721013382,0.0005262245094155001,0.0006140686493442,0.00069383528276694,0.0006793603056431562,HAR-RV (OLS)
9381,0.00025364290010478855,0.00064135561568255,0.0013025233790546,0.00064881692301832,0.0005326201200167001,HAR-RV (OLS)
8117,0.00044542348708500397,0.00043758710655655007,0.0005088909091029,0.00045643520483754,0.00041354420275240624,HAR-RV (OLS)
20078,0.00032004543762184596,0.0001942546511655211,0.0004757553513075,0.00031183821307684967,0.0003182223545935391,HAR-RV (OLS)
15746,0.0002738134200410029,0.00041121009624689995,0.0003649055052837,0.00035336892960534003,0.0003129198493397812,HAR-RV (OLS)
31242,0.0005587097376785529,0.000567349847071825,0.0005736113492981,0.00059366054468262,0.000549392745225767,HAR-RV (OLS)
20568,0.00028503415281363185,0.00020671074815397923,0.0001645584803446,0.00030016182881288,0.00029045777948971874,HAR-RV (OLS)
31144,0.0002056438367016796,0.00029445672265737504,0.0004877627055373,0.00037712550774236,0.00036645598715629373,HAR-RV (OLS)
7200,0.0006381084468820943,0.0005696442277033251,0.0005576462051087,0.00053963590253866,0.0005840039755512812,HAR-RV (OLS)
7764,0.0006043235375248004,0.0007461277395675251,0.0005931894637382,0.00051241527821548,0.000561914722001625,HAR-RV (OLS)
4173,0.00037919784873928454,0.00032331471216075,0.0003250832472111,0.00034271541416398,0.0003006565350900687,HAR-RV (OLS)
24929,0.0008873482388237722,0.0005464082018735999,0.0009698459071195,0.00065884583570966,0.00046243268817589375,HAR-RV (OLS)
13627,0.0006791144118087206,0.000612588661504675,0.0006294061373823,0.0007131847172835799,0.0007198210675933812,HAR-RV (OLS)
5032,0.00040092817088338426,0.000414245190387225,0.0004444560944629,0.00044061198394862,0.0004461464810367402,HAR-RV (OLS)
10191,0.00040782954302798647,0.000258899965249225,0.0003989880421653,0.00046393400295,0.0005026988039278999,HAR-RV (OLS)
6932,0.0007468994660048472,0.0006563694258261751,0.0004292940060177,0.0007687139763809,0.0007922896394589688,HAR-RV (OLS)
5825,0.00036572016601131357,0.000384982602108525,0.0002740938257776,0.0003049661294918,0.0003419570982084,HAR-RV (OLS)
15010,0.0006828548804308107,0.0006047607201739,0.000402535869834,0.00037285124420752004,0.000526958312991275,HAR-RV (OLS)
26849,0.0007575512200817621,0.0006111802563033501,0.0006380756687944,0.0007364890841309001,0.000720913272675,HAR-RV (OLS)
23524,0.0004017907301516188,0.00037047132041177506,0.0003798655802966,0.00042902437567294004,0.0004282613185351813,HAR-RV (OLS)
22749,0.0004955636589975979,0.000381491099921275,0.0005513169313624,0.0005455422146547,0.00048308084011541874,HAR-RV (OLS)
29252,0.00026443825331970053,0.000582058452597575,0.0005699550538315,0.00045368508926011997,0.0004494873913425875,HAR-RV (OLS)
17305,0.000630448539733354,0.0007387186334381749,0.0006173167790624,0.0006656762515368199,0.0006583494299655813,HAR-RV (OLS)
12481,0.0004093552846558516,0.00046987300909350003,0.0003745594326278,0.0004818990436580999,0.00043979355032311874,HAR-RV (OLS)
1822,0.0004963734377269843,0.00033577202015130003,0.0007057687038766,0.00042645951663865993,0.0003283122199910598,HAR-RV (OLS)
27524,0.0006416767534943895,0.000597342602549425,0.0005953161746507,0.00059917491318286,0.0006600022023410312,HAR-RV (OLS)
12182,0.0004681954821565593,0.0005041415836332,0.0004133783035615,0.00045441121517939996,0.0005722305866488062,HAR-RV (OLS)
24871,0.00026347520176752,0.00042282662656979996,0.0002499722705371,0.00032161227771348,0.0003357436001963875,HAR-RV (OLS)
26362,0.000568837821433374,0.000592500894911025,0.0006651898746944,0.0005975329396052,0.0005471681158748126,HAR-RV (OLS)
11987,0.00026669246101394394,0.000608804715546575,0.0007848173829681,0.00044217045659268004,0.0005138493309161875,HAR-RV (OLS)
31714,0.00048034939712375134,0.00044430009366405,0.0004623754430317,0.00047736221962356006,0.00047448189535413747,HAR-RV (OLS)
17672,0.0005262119188323922,0.00057122560317475,0.0005966369784898,0.0005812473900192001,0.0005907798203944749,HAR-RV (OLS)
21328,0.0006303536681421613,0.0003217088853504,0.0007061331927585,0.00043601672229890006,0.000358077069028136,HAR-RV (OLS)
8435,0.00026450495556539736,0.00031397847518262504,0.0002681663300386,0.00028513187368924003,0.0002716904014413563,HAR-RV (OLS)
273,0.0003068324379385826,0.000289627067375975,0.0002873398575269,0.00029418729153314,0.000282995637220125,HAR-RV (OLS)
22616,0.0005089493621256201,0.0003329768137964,0.0004994480775639,0.00037228277810283996,0.00033671439388280626,HAR-RV (OLS)
27406,0.00022862962747659184,0.00027153365122344997,0.0003428983965935,0.00024924614033148,0.00031210499222909376,HAR-RV (OLS)
947,0.0006278025196604969,0.00024099024168337498,0.0004535031623739,0.00041243081276076,0.0004682518270471563,HAR-RV (OLS)
30896,0.00041544471002860097,0.0004880246445296,0.0004652580640639,0.0005668175899438,0.00048443447215548133,HAR-RV (OLS)
19386,0.0001661800159052645,0.00033547046436169996,0.000103334358655,0.00032697298840804,0.0004414573206837,HAR-RV (OLS)
21995,0.00031481204604352954,0.000281025842707675,0.0002431408083228,0.00031885897945923994,0.0003331238560119125,HAR-RV (OLS)
5831,0.00020326015996202835,0.00032806635408327503,0.0002221075705194,0.00034705311583822004,0.0003268332069867375,HAR-RV (OLS)
229,0.00034559844123070304,0.00046540651439307503,0.0002420763822106,0.00038929520628068004,0.00038837287918662406,HAR-RV (OLS)
25163,0.0005078251874702801,0.0004985989969284,0.0004693761427246,0.0003109021332128,0.000405060513565825,HAR-RV (OLS)
1938,0.00047637351173044034,0.0004261508049785,0.0004502752835524,0.0006520684734878,0.0005174432562721434,HAR-RV (OLS)
31214,9.457719657374642e-06,0.00028761364166681944,8.962036236644571e-05,0.00017998762504186917,0.0002453236314625551,HAR-RV (OLS)
26277,0.00021564189334343642,0.00027112156932265,0.0004158385075492,0.00030861462614312,0.0002948023306301688,HAR-RV (OLS)
14977,0.0004193970933598477,0.0006816203519075499,0.0005338786010363,0.00044313256210550006,0.0004014872061771313,HAR-RV (OLS)
8196,0.00027521530019874736,0.00031755396473209997,0.000297826319207,0.0002129214154918745,0.0002697522461851608,HAR-RV (OLS)
27627,0.0001922575052161874,0.00025271267014515,0.0001461466671004,0.00021749288439215994,0.0002861552378229601,HAR-RV (OLS)
6940,0.0003754317143792407,0.0004090777281351,0.0005703400232116,0.00030417771063252004,0.0002974733206243526,HAR-RV (OLS)
22829,0.00036693655637444933,0.00058927338748775,0.0001562518698323,0.00038085832002553995,0.0004206996697784625,HAR-RV (OLS)
2109,0.000846499363371983,0.000988645464165875,0.0008937278147693,0.00088186061176934,0.0010077400085324565,HAR-RV (OLS)
4754,0.00019671682436763253,0.000447937393121625,0.000187044305361,0.00032660748664668,0.00043939918314971245,HAR-RV (OLS)
6566,0.00017660849893561556,0.0003263525418185,0.0004104035364711,0.00027657805866444,0.00024769368701125,HAR-RV (OLS)
20453,0.0002487907666344429,0.00017923810298998565,0.0001775892149816,0.00021272864538190002,0.00022696335236640092,HAR-RV (OLS)
4031,0.0001944524229056683,0.0002971034645993,0.0001730886115806,0.00022558751393762,0.0002933553294518375,HAR-RV (OLS)
5206,0.00034610185583040006,0.00039826709634295,6.172941316737479e-05,0.00029891908633577493,0.00038765484607169846,HAR-RV (OLS)
11722,0.00040969123152914926,0.00048326173369355005,0.0005478564691379,0.00042354993341622,0.00041920967348180627,HAR-RV (OLS)
3046,0.00024261735551981903,0.000231411105783675,0.0002421970675924,0.00020485755054965816,0.0002150302002215788,HAR-RV (OLS)
7897,0.0005971553173290361,0.00022323751537370884,0.0004472242392793,0.00037074941106332,0.000490580006357775,HAR-RV (OLS)
14234,0.0009371615455461862,0.0008602363222781,0.0008673138037833,0.00088449207397272,0.0009570033019318624,HAR-RV (OLS)
454,0.00040075162181731235,0.00031349177768265,0.0002025648729835,0.00048890982788208,0.0004820037590662874,HAR-RV (OLS)
5598,0.000304357653669878,0.00035874711249962504,0.0003279002676325,0.00029253436816096,0.0003499213252772188,HAR-RV (OLS)
20790,0.00021186249855785857,0.000272492494578775,0.0003131535973873,0.000442458009147,0.0003234787824105125,HAR-RV (OLS)
17639,0.0003146871709371386,0.000297964004639025,0.000273767881455,0.00028588593784136,0.00031008999215373747,HAR-RV (OLS)
19495,0.00028995014746740735,0.00025519597336885,0.0002949036307622,0.00029407721032632,0.00027479474856735,HAR-RV (OLS)
1205,0.000854766565154646,0.000963481866262825,0.000950846469826,0.000904379407693,0.0010525465063536436,HAR-RV (OLS)
468,0.00020781899520677058,0.0005567801533184,0.0002930426178442,0.0002649791348218,0.00023492253830915152,HAR-RV (OLS)
4367,0.0007008485382539824,0.0005518972356681751,0.0006816197319902,0.00077806232534802,0.0007710034102548938,HAR-RV (OLS)
14976,0.0006574424807101954,0.000550529129850075,0.0005391034118267,0.0007126924988415799,0.0007714719673905938,HAR-RV (OLS)
29583,0.0001621786934899866,0.0003346511901650749,0.0002581385327762,0.00024095999843628,0.0003022654470430187,HAR-RV (OLS)
16500,0.00035976958471166626,0.00038548289151672495,0.0002319573982091,0.00036339076921278,0.00030589680934367503,HAR-RV (OLS)
10985,0.0001903843340031084,0.000315968687966025,0.0002715427518247,0.00014137239471802038,0.0002449416822159564,HAR-RV (OLS)
15934,0.0004490346331109742,0.000366056279653075,0.0004762423977316,0.00034897847085504,0.0004094245958514,HAR-RV (OLS)
20935,0.00013957161831976958,0.00031745297899095,1.2595505027622427e-05,0.00026121462185982444,0.00023666741830957993,HAR-RV (OLS)
10701,0.0003496567023069894,0.00039942828797895,0.0004342490893204,0.00051307269805462,0.0004205491777255125,HAR-RV (OLS)
7512,0.0002902647306174974,0.00038595015159602504,0.0002341183051472,0.00031837955548344,0.0004318114478767813,HAR-RV (OLS)
5929,0.0009317950009382573,0.000784466671340725,0.0006789117127396,0.0008628186317502799,0.0008986251314110812,HAR-RV (OLS)
17951,0.00032373323142425756,0.000292220680943,0.0001050087372788,0.00024900253211154,0.00024775378440192826,HAR-RV (OLS)
7051,0.0003361240654991044,0.00038820671561570004,0.0003881077939679,0.00032505600281042,0.00032217639068448127,HAR-RV (OLS)
22877,0.00029265756262161877,0.00039201817348965,0.0003071138329078,0.00031312090677948,0.00043746412389100004,HAR-RV (OLS)
10000,0.00033301354247214354,0.0005176504881916,0.0002160379910627,0.00039166465540879994,0.0003890781393874824,HAR-RV (OLS)
29494,0.0002527310154078682,0.000268168213012925,0.0002602847154136,0.00021870106762824,0.0002489253186970938,HAR-RV (OLS)
26862,0.00022679200463027746,0.000445283546293275,0.0001930552346529,0.00045895694441730006,0.0004030079167732688,HAR-RV (OLS)
24766,0.00035994189524776195,0.00033092403899584997,0.0003041611030347,0.00034470024507756,0.0003625873095345015,HAR-RV (OLS)
29590,0.00038113080205038984,0.000479029840214325,0.0005591496490747,0.00050870452015344,0.0004130631806035375,HAR-RV (OLS)
13595,0.0008654722134578807,0.0008673559790307751,0.00093805907837,0.00078562064579076,0.0008028852196034625,HAR-RV (OLS)
15846,0.0002768084716477247,0.0003113870034529,0.0003497319398803,0.00030939201549965995,0.000279283610244954,HAR-RV (OLS)
19799,0.00046433965428154184,0.00044007152004825,0.0004456192631509,0.00054097526641012,0.0004585756279817959,HAR-RV (OLS)
11886,0.0002205563415599772,0.00027419222293835,0.0002518156617577,0.0001794694195923,0.00020717573558444642,HAR-RV (OLS)
62,0.00035268620354504286,0.0002470179028428223,0.0003223595797465,0.00035708047529605996,0.0003734525764683652,HAR-RV (OLS)
29441,0.000291221849748724,0.00032985556915737503,0.00035248099261,0.00032112595109867997,0.0002932393011797062,HAR-RV (OLS)
9207,0.0002443290662066327,0.0001528506669810294,0.0002687449383609,0.00027039969569082,0.000226979821450895,HAR-RV (OLS)
27752,0.000761693706860668,0.000484841924279725,0.0006482043026705,0.00057567994034366,0.0005530221597442812,HAR-RV (OLS)
8747,0.000525433547016481,0.00041628366983497496,0.000586497865164,0.00043748172868072,0.0004452699758355562,HAR-RV (OLS)
7854,0.00043303584934362637,0.00019946066345640336,0.0002429066574984,0.00039304311005826,0.00036195175782493123,HAR-RV (OLS)
7677,0.00011469183613874894,0.00025146663405315,2.0314454214306e-05,0.00014707022477609708,0.00022304510322823423,HAR-RV (OLS)
13491,0.00022427604134134808,0.00017943975057412785,0.0002410801352523,0.00017405057756601452,0.00021633294529862954,HAR-RV (OLS)
9021,0.0003329032230474635,0.0002623796788606147,0.0003966898009422,0.00036868699430332,0.0003766629458767474,HAR-RV (OLS)
554,0.0002809804233058594,0.00025610492957633724,0.0002213759333605,0.00027790928842096,0.000264010693373875,HAR-RV (OLS)
27970,0.00032913238927710707,0.000265701520155375,0.0002901204583236,0.00025677860381412,0.00021835098501007684,HAR-RV (OLS)
30790,0.0005691065280457166,0.00031713277260675,0.0004386004972762,0.00044325736899104,0.0006560686736821438,HAR-RV (OLS)
14452,0.0004261744841660742,0.0002882425682342,0.0002756836786252,0.00029734607939117244,0.0003528513327214914,HAR-RV (OLS)
10682,0.0002855802115800792,0.000267761298585775,6.467245399758034e-05,0.00014012684758336384,0.00019656210750514515,HAR-RV (OLS)
29793,0.0009149532377349311,0.00074963227622135,0.0008208803811001,0.0009174917620523601,0.0007736062745380625,HAR-RV (OLS)
14769,0.00032719064061784424,0.00040889567287065,0.000275236400533,0.00025585169682224,0.00028296040982346874,HAR-RV (OLS)
18949,0.00028120759457563407,0.00035738892188785,0.0002148789388544,0.00027839341688464,0.00026107761591686885,HAR-RV (OLS)
4377,0.00029032422268286,0.0002824933587307498,0.0004389420991143,0.00039391952807236,0.0005110582349382,HAR-RV (OLS)
25680,0.00016629725826212114,0.0001030955199368975,0.0001458298375166,0.0002277124406814668,0.00030066620507254586,HAR-RV (OLS)
2139,0.00025657927331028163,0.000499659429307225,0.0002379766518734,0.00036669476638392,0.0004397408661092001,HAR-RV (OLS)
24817,0.00031238149607495415,0.000460886515861275,0.0003110169497773,0.00035909832406946004,0.00036223676832925,HAR-RV (OLS)
27467,0.00021488247698699906,0.00036356625245185007,0.00045313713239,0.00031949670014769997,0.0002651782537965438,HAR-RV (OLS)
11487,0.000425094023977133,0.000336881052565625,0.0002644204558387,0.00034913474269305996,0.00041116994163203755,HAR-RV (OLS)
4489,0.00029732382496209516,0.00038800735874815,0.0006647510793912,0.00045553419887725994,0.0004404266423335,HAR-RV (OLS)
7447,0.0003401291129811279,0.00018892216727944743,0.0004429115676628,0.00031435428877682,0.00034194932007648124,HAR-RV (OLS)
27939,0.0003506832774303722,0.000351678775626325,0.0006509048096405,0.00039502745183506,0.00037730569750223125,HAR-RV (OLS)
8426,0.0008247657174067107,0.000570125331241425,0.0013642798792112,0.00052782386732988,0.0004296048147669875,HAR-RV (OLS)
19554,0.00019198163669462533,0.00032607586439707497,0.0002013830916184,0.00030367135143652055,0.00024613533698858046,HAR-RV (OLS)
908,0.00030338816928538966,0.00029696524567745,0.0006133292571608,0.00035968441409238,0.0003359902593275,HAR-RV (OLS)
27919,0.0006477624160489317,0.0003250138618474,0.0005245989236615,0.00040591031717110003,0.0004193121974598375,HAR-RV (OLS)
3270,0.0004916114832878009,0.0006064881521398,0.0003625106048662,0.0005268969156536601,0.0005224315577751751,HAR-RV (OLS)
23054,0.00040384573838431713,0.0005598930174162249,0.000487495458967,0.00059568086386936,0.0005202745612330375,HAR-RV (OLS)
6631,0.0006064220630993353,0.000508637858777225,0.0004375023320355,0.00058051251991078,0.0005620509137788062,HAR-RV (OLS)
1481,0.00027898622609325946,0.000301001842586325,0.0004383596740805,0.00034812594659677993,0.0003685903244246,HAR-RV (OLS)
17328,0.000567757193188136,0.00044089703225845,0.0005811178462983,0.0005505440437710599,0.0005539680688828563,HAR-RV (OLS)
17825,0.0003391440565754715,0.000448417400241975,0.0003366732196334,0.00036964561241878,0.00041527654719659377,HAR-RV (OLS)
10220,0.00026278849059288274,0.000209969205454525,0.0001589366214406,0.00021018530909147157,0.000254778701609205,HAR-RV (OLS)
27403,0.00017960357967941896,0.00012288641654568602,0.000212853868463,0.0002135106194017,0.0001940184083739814,HAR-RV (OLS)
12782,0.0005935936209313874,0.000370666874762125,0.0005004922483101,0.0006165297300883999,0.0005848113433942813,HAR-RV (OLS)
7458,0.0005760333575015237,0.00034906755854595,0.0002944594530637,0.0004882318467937399,0.0004794358049554125,HAR-RV (OLS)
10619,0.0010551300437279892,0.0009542839615985751,0.0010513456523612,0.0010340785135553201,0.001053572135861975,HAR-RV (OLS)
6367,0.0004090022752015536,0.000356044624631475,0.000438681739099,0.00035068805713394,0.00032502723073737097,HAR-RV (OLS)
25015,0.00017506523984230212,0.000292706495958175,7.984365544049856e-05,0.00022376278490431972,0.00026381562203974364,HAR-RV (OLS)
7309,0.0002875808313332607,0.00022946148651713526,0.000348686670959,0.00020047009560144376,0.00023617511287158462,HAR-RV (OLS)
21906,0.00039862758821323065,0.0003954897122403,0.0003656294007132,0.00035088921132686004,0.000393952920106675,HAR-RV (OLS)
30986,0.00040193875071666723,0.000783635120369325,0.0007104937662213,0.00048985612834392,0.000518459584282575,HAR-RV (OLS)
5063,0.0003438930461848808,0.00022981666047845002,0.0002646041595389,0.00039381473928048,0.00033301628464275625,HAR-RV (OLS)
11449,0.0005388008919255498,0.0005417726574187,0.0008046404871173,0.0006537554720852399,0.0006122295060532312,HAR-RV (OLS)
25569,0.0006608188169777057,0.0006660169391445249,0.0005259769863599,0.00076863340115394,0.0006720225120586437,HAR-RV (OLS)
4293,0.00039777757520822717,0.000220095615695225,0.0003661652095028,0.00033973033402258,0.0003293040168084937,HAR-RV (OLS)
17777,0.0003717730526509918,0.00037644679398685,0.0002844227830632,0.0003127009214764,0.00035186712317131875,HAR-RV (OLS)
24178,0.0005834667130922941,0.000465026949268875,0.0005485085047073,0.00060301996686942,0.00050351001753265,HAR-RV (OLS)
10628,0.0004201081063370557,0.000360853557150975,0.0003580300284504,0.00038199054314034,0.00039979704177250627,HAR-RV (OLS)
2086,0.0003404079240723156,0.00035498422616902494,0.0003698941972958,0.00032070419569432,0.00042865265788913744,HAR-RV (OLS)
5987,0.0006539583445051454,0.000453341553758825,0.000548506139629,0.00056358978115832,0.0004251926393477,HAR-RV (OLS)
20551,0.00036504076777321985,0.000260217308326475,0.0003453849161125,0.00031397294834167996,0.0003048848186769625,HAR-RV (OLS)
9302,0.00029954709880854993,0.00022062646398280001,0.000239389470929,0.00028824015614818,0.0003605698049097125,HAR-RV (OLS)
18509,0.00072027966799897,0.0006950231287092249,0.0006154122702691,0.00073155004437394,0.000697087596076675,HAR-RV (OLS)
26798,0.0003984512690357354,0.000379702483454975,0.0004105613481538,0.00034945391468674,0.00037974224971954373,HAR-RV (OLS)
20837,0.000333149233064881,0.000314491013925325,0.0003382494259112,0.0003193305875816,0.00034786263845506876,HAR-RV (OLS)
5907,0.00028728035824296145,0.000267862200100575,0.0002336473814376,0.00032231932060236004,0.0003826637414883875,HAR-RV (OLS)
337,0.0002402440673549166,0.000315346136737,0.0002075606173837,0.00029275130672158005,0.00029351991547045,HAR-RV (OLS)
1377,0.0004503573709533665,0.00020241550784854998,0.0002339439934223,0.00038896512624928003,0.00039494831634139373,HAR-RV (OLS)
25640,0.00048558624600338377,0.0005254703498538,0.0004860288695526,0.00040756780391614,0.0004443644141907437,HAR-RV (OLS)
29054,0.0007805598135249543,0.00049234646385875,0.0006200421098328,0.0006390544725733999,0.0006066652220836834,HAR-RV (OLS)
11607,0.0004858997047437377,0.0004345485796728,0.0004807491886911,0.0004102458677991,0.0003928044977542375,HAR-RV (OLS)
27181,0.00034740341400679215,0.0004888310116981,0.0003236343494912,0.00034460272872426003,0.00032885182620905003,HAR-RV (OLS)
24253,0.00037630466375234567,0.0003279597770838575,0.0003592050972269,0.00032787650276836,0.00041018797527249477,HAR-RV (OLS)
13971,0.0005350655692532402,0.000461296459613675,0.0004029324665692,0.0005033654556071199,0.0004954827375985313,HAR-RV (OLS)
15818,0.00030050814209527717,0.00035724391934765,0.0003371496355987,0.00041515368080943994,0.0003503201779879894,HAR-RV (OLS)
30341,0.0005104881489564536,0.00039885350000142504,0.0004973208712993,0.00048415408383749997,0.0005213675364558688,HAR-RV (OLS)
14297,0.0002845828991295595,0.0003559156969738,0.0003608354132699,0.00032788527984756,0.000372038540665025,HAR-RV (OLS)
26720,0.0006684922759796132,0.0003491430209611,0.0007865927218367,0.00066251933826152,0.0006847151523065062,HAR-RV (OLS)
7122,0.00039466208128581683,0.00021565933748370002,0.0003340953965933,0.00037791309084564005,0.00035647518265793747,HAR-RV (OLS)
14908,0.0005734782353156939,0.000521513710323,0.0008510205111222,0.00061541058522444,0.0006081467064673687,HAR-RV (OLS)
9186,0.0007440090709942149,0.000620911029750725,0.0008132652121499,0.00050525753929358,0.000569948334917925,HAR-RV (OLS)
24010,0.0002592284177980219,0.0003040110412399,0.0002385802723797,0.0002625409769610999,0.00033146636730579487,HAR-RV (OLS)
19527,0.0006717318911142486,0.000601661914643475,0.0004059541104724,0.00058828087854228,0.0006082317905955,HAR-RV (OLS)
2006,0.00024102095621241014,0.000255484858150575,0.0002744306716031,0.00028116565556161996,0.0002647858065360625,HAR-RV (OLS)
18628,0.00045314152035108053,0.0002150760325482347,0.0002222480752247,0.00035162418889273997,0.00037813997061908125,HAR-RV (OLS)
8032,0.0003511463471568199,0.0005636013723912,0.000350340784566,0.00037492616317648,0.00045915816805489377,HAR-RV (OLS)
10070,0.0005966223129375686,0.00042942160957185,0.0005340413861716,0.00046634617862902,0.0004438862590245062,HAR-RV (OLS)
25094,0.0008050805822262465,0.000738867560389675,0.0003964374179587,0.00051991414868248,0.0005387536883130812,HAR-RV (OLS)
18178,0.0004906566116189149,0.000369679368940425,0.0006708018444502,0.00032474778483154,0.00033684322734705,HAR-RV (OLS)
1676,0.00023366448000116996,0.00040617803364005,0.0002762243281717,0.00032248671973076,0.00033682724698220627,HAR-RV (OLS)
25570,0.00029435105502670844,0.0002018805092148,0.0004438022188598,0.00030514675055952,0.0002993209314227,HAR-RV (OLS)
22487,0.0004980676980090612,0.00049685633593985,0.0004058362133419,0.00043005172595848,0.00044650971615568124,HAR-RV (OLS)
13010,0.0005917713580345191,0.000500952668082425,0.0006175875388159,0.00053605222914704,0.0005561508436874999,HAR-RV (OLS)
27784,0.00036597922710721476,0.00043302869823535,0.0002889491403001,0.00034276016288724,0.0003280123066193182,HAR-RV (OLS)
9493,0.0003458051767207281,0.00032686597226895,0.0003266483892662,0.000330525314733,0.0004093264426325,HAR-RV (OLS)
6906,0.0010279638725425692,0.0009447778741245501,0.0010531237357778,0.00091437799265642,0.0009961365686406189,HAR-RV (OLS)
1712,0.00028482075131753664,0.0002266446660780487,0.0002393067187138,0.00027798557993952003,0.00029729226117663056,HAR-RV (OLS)
30729,0.0004452423127339374,0.00044339050313955,0.0005133208667423,0.00032241727087587997,0.0004155766694751,HAR-RV (OLS)
32048,0.0002856877201199445,0.00037228983391335003,0.0003371992482014,0.0002789518959462905,0.00030702873736272203,HAR-RV (OLS)
25772,0.00039938089103890993,0.000462096153005575,0.0003876875887813,0.00047542615378820004,0.00043694591994004374,HAR-RV (OLS)
3154,0.0006031180662061773,0.0005955847353796,0.0005704436470691,0.00054889435808984,0.0004975311880575375,HAR-RV (OLS)
19830,0.000703797780725015,0.00043461933960570003,0.0005888679240251,0.00054360853804018,0.0005842984852716562,HAR-RV (OLS)
11809,0.0002872717518962735,0.00038706987459097503,0.0002901789023774,0.00036236923079008,0.00031483645291095,HAR-RV (OLS)
17955,0.0013108786451065555,0.0010144177630589,0.0013281436610211,0.00118643929385348,0.0008979624945127,HAR-RV (OLS)
18534,0.00030957616729783915,0.000253879951477975,0.000300220620119,0.00032056391898122006,0.0003064591752527375,HAR-RV (OLS)
10349,0.00042420663705295205,0.0004627443570815,0.0005554208510687,0.00047216416001704,0.0004039121122960947,HAR-RV (OLS)
26844,0.00031954324482707315,0.000578144556372975,0.000608548147721,0.0005567275077440401,0.000601019373158625,HAR-RV (OLS)
4460,0.0007117959629446054,0.0005054528677863751,0.0005297510499719,0.0006883098093211401,0.0005259024449051375,HAR-RV (OLS)
22076,0.0003850237384068173,0.00038217661483797504,0.0004623026128741,0.00043463755919558,0.00041272923527305,HAR-RV (OLS)
24085,0.0004641752995531794,0.000304834448919875,0.0005826836189404,0.00049400427223126,0.00040482286687092963,HAR-RV (OLS)
30303,0.0007892025626470406,0.000984246170078175,0.0008449743072407,0.00075209638386644,0.000989706119661875,HAR-RV (OLS)
32083,0.00040889553087192687,0.00035096203003765,0.0004121583109355,0.00039954298168694003,0.0004032140653064438,HAR-RV (OLS)
31059,0.0006132039264203815,0.0005544875433230999,0.0004358575971931,0.0006024054536849401,0.0006992909011597812,HAR-RV (OLS)
1255,0.0002565135146497463,0.000311910698617225,0.000277273891717,0.0003023932235049,0.0003475437348281125,HAR-RV (OLS)
2196,0.0004345074556011859,0.00044919572133915084,0.0003556628463116,0.00036823124867902004,0.00044106765301120626,HAR-RV (OLS)
26771,0.00042042794057308667,0.000445328932964375,0.0002002303052201,0.00028217565777214,0.000321416429330475,HAR-RV (OLS)
24707,0.0005880875862453528,0.000433903527822675,0.0005630755192026,0.0004917617792278199,0.0005657701772474813,HAR-RV (OLS)
19699,0.00022569547333454508,0.00043425206979072495,0.0003076689130197,0.0003577726490725399,0.00028277995511223126,HAR-RV (OLS)
2811,0.00036420758631724114,0.0003147945858524,0.0001414431593517,0.0002519531916547,0.00032732687764874997,HAR-RV (OLS)
1923,0.00046288214819125903,0.000443051731045825,0.0004119522866119,0.00037721726420434,0.0004516675625599125,HAR-RV (OLS)
5809,0.0004289332141324911,0.000700003077397475,0.0005814414700728,0.00036017875748807997,0.0003747022085800688,HAR-RV (OLS)
16031,0.00015621285547810066,0.00026535648423206787,0.000262559346493,0.00021270454559189564,0.0003138567518976924,HAR-RV (OLS)
14838,0.0007223123570646907,0.000797366943756725,0.0009120641222522,0.0008024053599951202,0.00078242267243295,HAR-RV (OLS)
11920,0.0004694633013913399,0.000531975642516725,0.0006110044336092,0.0004937139426309,0.0004977662500565187,HAR-RV (OLS)
11952,0.0004560066814713006,0.000380585630334925,0.0003422614158399,0.00036023407918734003,0.00043209879757825627,HAR-RV (OLS)
13880,0.00039088531741862746,0.00044899688820244997,0.0003473583159554,0.0003608598357797999,0.0003511430139940958,HAR-RV (OLS)
12904,0.0006111038327499066,0.0004161045252438,0.000527390365123,0.00052083991234826,0.0003790853184202625,HAR-RV (OLS)
17264,0.0005288630175355334,0.000586658683460675,0.0004555477362922,0.0005988060917337401,0.0005552117722233312,HAR-RV (OLS)
2118,0.0003323539316737801,0.0004789186990008,0.000472884590776,0.00040441480889637997,0.00036860291049782497,HAR-RV (OLS)
18147,7.027782968002227e-05,0.0002142603836348445,7.822326195586665e-05,0.00018007862191177335,0.0002791677831380371,HAR-RV (OLS)
1235,0.00031201714042881424,0.00044217097733507504,0.0006119450920619,0.00045051685649404006,0.0004091500651207621,HAR-RV (OLS)
29120,0.0007957641840546202,0.00032990071166047854,0.0003416404092898,0.00038233623176704,0.00048647513105469373,HAR-RV (OLS)
14623,0.0003292680118450824,0.00037737181701587503,0.0004119502010661,0.00039801330379912,0.000373563750722825,HAR-RV (OLS)
19678,0.0004829630589238146,0.0006858665965272749,0.0004775810249804,0.00046356103633487714,0.0005714957738595053,HAR-RV (OLS)
3465,0.0005996313518800285,0.000292809055636175,0.000530390093074,0.0004572336199911,0.00038381880531818753,HAR-RV (OLS)
19034,0.00040585052067056496,0.00026749254443415003,0.0001274649548493,0.00028437942414576,0.00035339459975223126,HAR-RV (OLS)
2891,0.0004018863431134869,0.0003344402403205,0.0004037799146682,0.00042586712110396,0.00040469650100323604,HAR-RV (OLS)
26450,0.00033345572106932043,0.00030897787674195,0.0002693565026988,0.00035033363465641996,0.0003433307273880375,HAR-RV (OLS)
26021,0.00023793643938962604,0.000509177158387025,0.0003927768589058,0.0006408871023177601,0.0004905058426269168,HAR-RV (OLS)
19090,0.0003956081754114743,0.000312850484229975,0.0004975576599877,0.00045871913438734,0.0003739619707483563,HAR-RV (OLS)
14285,0.00044398949045344337,0.0008892735889728001,0.0007037030781122,0.0007196122098691599,0.0006472745606797313,HAR-RV (OLS)
23405,0.0002691935337112918,0.00048970086760535,0.0003949655196306,0.00031500221184334,0.0004278315157785938,HAR-RV (OLS)
2826,0.0004447522090196844,0.0001715502577532657,0.0003249303612593,0.00036055775957380003,0.0003754837674638,HAR-RV (OLS)
8271,0.00031451392835987133,0.000423059913753375,0.000233377211851,0.00025595069312365994,0.00027186629000048863,HAR-RV (OLS)
21614,0.0005189403920603918,0.0005224286203924,0.0004715014083861,0.00031502244577608,0.0004263779579306875,HAR-RV (OLS)
30512,0.0004501810831548704,0.0005661121342644499,0.0005190029172341,0.0004900263979145799,0.0005445656558277312,HAR-RV (OLS)
27158,0.00030029018958138557,0.00032580724482178416,0.0002375777810502,0.00024211554238448555,0.00031616506546053297,HAR-RV (OLS)
25437,0.0004015854356005286,0.0005401836944186,0.0004234530843291,0.00042643139914511996,0.00038771058531151875,HAR-RV (OLS)
20213,0.0004953839444543336,0.0003795018438796,0.0003203957304133,0.00040752080523634004,0.00040642740341921877,HAR-RV (OLS)
411,0.00039127970081695977,0.0006147288927012,0.0004044877972588,0.0004050088845499,0.00037662654691163124,HAR-RV (OLS)
12131,0.0009430552029261793,0.0007591993255246,0.0010255845492027,0.0008043654372568799,0.0006724331024341875,HAR-RV (OLS)
1477,0.0004820384800520402,0.0003746606857009,0.0003356131365239,0.00049119050279662,0.0004862491677165063,HAR-RV (OLS)
4962,0.0008097454268546755,0.000470562197350875,0.0006486681200311,0.00049253236166894,0.0004848434420884125,HAR-RV (OLS)
15742,0.0003815641478676432,0.000250465087264825,0.0003247725613043,0.00040244712349014005,0.0003989760056239938,HAR-RV (OLS)
23246,0.0006041741408186139,0.0005726408441829251,0.0004453951052644,0.0005588123569569201,0.0007262281257882688,HAR-RV (OLS)
31861,0.000491788747153379,0.000473943625846225,6.445289347952363e-05,0.00043916956427766474,0.0004352159748287516,HAR-RV (OLS)
25427,0.00047177983124081237,0.000423160197363725,0.0004389459262126,0.00039223697930564,0.00043764082376795624,HAR-RV (OLS)
13421,0.0003167515832314295,0.00030138314368432503,0.0003527168250544,0.00022408306623915463,0.00024311303661544076,HAR-RV (OLS)
6613,0.0012976297121505302,0.0004778617932286,0.000826962179918,0.00042773343617584,0.0005762722328406188,HAR-RV (OLS)
26708,0.0007021655284783631,0.0007819638882267251,0.0006130565631534,0.00076167410816606,0.0007988425383071,HAR-RV (OLS)
29554,0.0004699402095958908,0.0005117234845967,0.0002815942137864,0.00047631630514334,0.0003403659542299464,HAR-RV (OLS)
11682,0.0003232576089413062,0.00041316677002344997,0.000279921485334,0.00046931514522072,0.00045843997410388755,HAR-RV (OLS)
7572,0.0008830353073741397,0.000895360902245175,0.0007352287874194,0.0010094357092353598,0.0008382652931827625,HAR-RV (OLS)
4038,0.00016138007251823152,0.000417956033787225,0.0003640759331093,0.0005208426940429,0.00041394157460606875,HAR-RV (OLS)
26937,0.0003716370892274947,0.00046306778069365,0.0002749882457136,0.00046795003339120003,0.0004446149506565938,HAR-RV (OLS)
30999,0.0005419128953617668,0.00050656544102745,0.000409053275556,0.0004902975485381399,0.0005225101318517874,HAR-RV (OLS)
8615,0.0004540572803917661,0.000611925459357575,0.0005605897592386,0.0006046731125358201,0.0004915955925730291,HAR-RV (OLS)
11090,0.0006274317892229391,0.00056290343493355,0.0006831004214739,0.0006823557854510199,0.0006534304899827812,HAR-RV (OLS)
13473,0.00014233412308270894,0.0001628697049762226,0.0001259368143159,0.00010687042213803628,0.00012573378879937006,HAR-RV (OLS)
9166,0.00047278995566456733,0.000329054235670475,0.000200823206121,0.00033717265014577993,0.0003901894468868125,HAR-RV (OLS)
20351,0.00029518518371627554,0.00017738921851817417,0.0002943832727069,0.00020794124067575998,0.00014799981262776014,HAR-RV (OLS)
4543,0.0003811770229722911,0.000262981789990975,0.000329977729618,0.00024150291206503308,0.00035452325947177906,HAR-RV (OLS)
28881,0.00029042392050356806,0.000342038186859325,0.0002792248403105,0.00037368700879756,0.00030232828933924997,HAR-RV (OLS)
14886,0.0005719610985136796,0.000490634572374625,0.0004516180627774,0.00051485009942334,0.0005713503275129625,HAR-RV (OLS)
10608,0.0012173839136309641,0.001024609018039975,0.0011407203904654,0.0012393884399292,0.0008258731277664187,HAR-RV (OLS)
9664,0.00030037536537244136,0.000261184355971525,8.180738340952159e-05,0.0002284945551743443,0.0002590555848241251,HAR-RV (OLS)
12011,0.00015949555460341365,0.0001500870913121753,0.0001653246298707,0.00017784819070078715,0.00016313704787686642,HAR-RV (OLS)
20581,0.0005927485236540604,0.00058069500585615,0.0006667304946192,0.0008828982133421801,0.0009198429998531063,HAR-RV (OLS)
19810,0.00030197925537990794,0.0003581099940168,0.0002638109741519,0.0002858911446376,0.0002979159473275973,HAR-RV (OLS)
18701,0.000457688039566269,0.0004883624844809,0.0004243617680593,0.00041772413507732006,0.00045795589702842497,HAR-RV (OLS)
31984,0.0003283249262759203,0.000389040273434425,0.000429855738849,0.00036450505090693394,0.0002697342938809545,HAR-RV (OLS)
16992,0.00017806896908582523,0.0002450692145310944,0.0001348885012912,0.00010792044970993827,0.0002096653455915262,HAR-RV (OLS)
17161,0.0006698938430136588,0.000381485504805525,0.0004716866150669,0.0005489363755299,0.0005716906723045999,HAR-RV (OLS)
319,0.00030608010377521235,0.0003065047640022306,0.0003149695644012,0.00030968219287754,0.00031212835867626876,HAR-RV (OLS)
25334,0.00027998982088498576,0.0003613709711333,0.00033816360389,0.00039608974072014,0.00032808035000531874,HAR-RV (OLS)
3431,0.0003964222915680117,0.00044488313810360004,0.000343833060393,0.00047897040860402,0.0004283688937585875,HAR-RV (OLS)
13217,1e-08,0.0001881857575734367,4.68781444876084e-05,9.723328667903841e-05,0.000233112675933487,HAR-RV (OLS)
4310,0.0003368832565029812,0.000327824318778375,0.0005216933785359,0.00041241521073498,0.0003464495103900196,HAR-RV (OLS)
3008,0.0006521447490306862,0.0006208539599965,0.0006229102223114,0.0005379244142132601,0.0004920541187714875,HAR-RV (OLS)
18940,0.0003295223251039776,0.000307963016776425,0.0002291543845979,0.00033115684912914003,0.0002987541108340092,HAR-RV (OLS)
1663,0.00042147819157283093,0.0004700769937135,0.0006637414416854,0.0005039635572857999,0.0004903314941301313,HAR-RV (OLS)
24101,0.0004333689432544341,0.000442642845311275,0.0003072608730595,0.00038300066564312,0.0003876145871931938,HAR-RV (OLS)
17528,0.0008235245344662301,0.00064659330306475,0.0008014107230569,0.0008139734313683999,0.0008070121499521876,HAR-RV (OLS)
27795,0.000330317435443137,0.000408826113318625,0.000309058583964,0.00038049697291724,0.0003528701686027375,HAR-RV (OLS)
31209,0.0003435083198373252,0.0003530578347778,0.0002334180184641,0.00029662702961390003,0.00035634283009691877,HAR-RV (OLS)
21695,0.00039996853422199905,0.00035922916139145,0.0003311208213187,0.00050400810920806,0.0004249610303223125,HAR-RV (OLS)
5539,0.0005105631781205523,0.00037314197253205,0.0006885308504734,0.0005054850495143599,0.000533107771300625,HAR-RV (OLS)
1075,0.00048102166167197783,0.0004346637140096,0.0005181994203639,0.00041828786311953997,0.0004123348449431119,HAR-RV (OLS)
2366,0.0009593807573715606,0.000922193626208575,0.0007218491172835,0.0009709432009268598,0.0009235549411488186,HAR-RV (OLS)
29974,0.0007482546510599976,0.0005397859973137,0.0007176817655131,0.00058640865933966,0.0005913413094216624,HAR-RV (OLS)
17914,0.00015330582814574958,0.0001545399611851421,0.0001150093610724,9.575951112391144e-05,0.00016279960079360273,HAR-RV (OLS)
23624,0.00032569345909269696,0.000413396338931975,0.0002766096896089,0.00030649146116012,0.00033617042076825,HAR-RV (OLS)
31570,0.00023627722526392664,0.00030740216812363954,0.0002783559694694,0.00037109693532482,0.0001867658912561516,HAR-RV (OLS)
30803,0.000619091877142761,0.0006177253607154,0.0005288892167444,0.0005921892524342801,0.000610840784851225,HAR-RV (OLS)
27071,0.0002913639052238221,0.000307076714398925,0.0002747572426686,0.00028028780767163996,0.00024169872658476822,HAR-RV (OLS)
24073,0.0003620359908475914,0.000801215046192325,0.0003899626914812,0.00067784730611276,0.0006008381476679688,HAR-RV (OLS)
13861,0.000660065999597768,0.0005108659317361,0.0004733073986863,0.00041457677403454,0.00045033313620573124,HAR-RV (OLS)
5749,0.001022325002248386,0.0027697807580370003,0.00177812428435,0.00134481157342114,0.0009059370441564,HAR-RV (OLS)
19551,0.0003537843895651773,0.00010663354682604964,0.0001563787080393,0.00027177915802078,0.00031310825352598697,HAR-RV (OLS)
13602,0.00012015138828840987,0.0008617149993386,0.0004216343152658,0.0010266809690851202,0.0008862062986761438,HAR-RV (OLS)
11111,0.00041912148160939484,0.00028289810439665003,0.0003613579848245,0.00033732929685314003,0.0003626110975154937,HAR-RV (OLS)
31173,0.00038892473177724136,0.000468494133268725,0.0006102160555531,0.0003110537253883,0.0002843545269484327,HAR-RV (OLS)
30013,0.00037419984260491355,0.0002414318179048,0.0001788991708114,0.00030525965867066,0.00035875203736957504,HAR-RV (OLS)
5497,0.0005685984671424211,0.00062540335109455,0.0007347964587381,0.0005148487334174599,0.0004710636885634875,HAR-RV (OLS)
250,0.0003654238681022314,0.00039817634929095004,0.0005803442012255,0.0004052719293005,0.0003510108779795152,HAR-RV (OLS)
16731,0.0007882635135104046,0.001029713445453175,0.0009007899920486,0.0007555534711588799,0.000822782050990625,HAR-RV (OLS)
30376,0.00035710946106714896,0.000499764191203875,0.0002969909344902,0.00033121858376916,0.000410225826558175,HAR-RV (OLS)
27622,0.0004351838419057052,0.000538192805381275,0.0003265081533807,0.00039774113491394006,0.00042333862300378126,HAR-RV (OLS)
28993,0.00038936173472528735,0.0002798776819282,0.0005196778999803,0.00035559715682586,0.0002608846853712787,HAR-RV (OLS)
11589,0.00017797234173867147,0.000421267452132025,8.007287612250384e-05,0.00020657582793340079,0.00029945309808069,HAR-RV (OLS)
29740,0.0003882313082950752,0.000390545405635,7.740252407748368e-05,0.00032865042008817675,0.00041816343517489274,HAR-RV (OLS)
4131,0.0010443118111841182,0.00112050492912885,0.0008223382093557,0.0008522117423269201,0.000756982358787925,HAR-RV (OLS)
22178,0.0002835184772602206,9.538281187956991e-05,0.0003766838338002,0.00026735964851202674,0.00035458054820613956,HAR-RV (OLS)
5,0.0005202450918340602,0.0008374395577042751,0.0012614143043365,0.0009270559151007201,0.0008609554608219937,HAR-RV (OLS)
15671,0.0005890141000980617,0.00054317017759275,0.0006259058279041,0.00063753850740382,0.0006204163080614437,HAR-RV (OLS)
4958,0.0003451452600412076,0.00041412636438585,0.0005286064952616,0.00038156643154978003,0.0005362048972024625,HAR-RV (OLS)
27757,0.0001799050136364811,0.0002397194123985321,0.0002530168225816,0.00023330507258784,0.0003356825956715368,HAR-RV (OLS)
26786,0.0003076286806802098,0.0003279391696662,0.0002740985358928,0.00034581655436307995,0.00033244977057938753,HAR-RV (OLS)
31380,0.0003992205954124624,0.0005387343118574001,0.0003143046720687,0.00036732485308737996,0.0003794971516265375,HAR-RV (OLS)
10938,0.0005388902054361093,0.00046448681407439997,0.0005382661674921,0.0007252241424853601,0.0005588476039089875,HAR-RV (OLS)
1427,0.0004777257114426039,0.00034575771875314996,8.493692928360531e-05,0.00041536213770648105,0.00032208820888500293,HAR-RV (OLS)
5793,0.0005440288715900643,0.0004117028797614,0.0003240314860563,0.00050863016332168,0.0005250355950725812,HAR-RV (OLS)
17570,0.001244183331004161,0.0011749654562728,0.0011510281683586,0.00116911893356262,0.0011988552836064812,HAR-RV (OLS)
7548,0.0011229591136206044,0.001034103722404,0.0009299048753531,0.00106942575966602,0.0011366375832916563,HAR-RV (OLS)
2600,0.00043566602545289416,0.000593568039619925,0.0003912542722156,0.00037028413271966,0.00045895100409863753,HAR-RV (OLS)
10455,0.0007809818846994153,0.000691186841882925,0.0008022685177749,0.00070802458533128,0.0007520509624948125,HAR-RV (OLS)
32547,0.00018023932772589366,0.00017238430310914876,0.0002905640919688,0.00024305221606448,0.0002335798151074647,HAR-RV (OLS)
20715,0.0003287502615695755,0.0004760105940748,0.0003208250090912,0.0003527998589995838,0.0003513519751106199,HAR-RV (OLS)
25367,0.00015904103612897596,0.00014898581476666074,0.0002134595657162,0.00028952130220454,0.00027795316043984994,HAR-RV (OLS)
11393,0.000812384707138821,0.001197403161918075,0.000883489491676,0.0009530129565076,0.0010145832579876125,HAR-RV (OLS)
17355,0.00046512511622096107,0.00046664783858109995,0.0003310729272872,0.00040319270473650003,0.00043516487671588124,HAR-RV (OLS)
31236,0.0010721513535740636,0.0009970637114489751,0.0012670362922767,0.00096948036068994,0.0009522181250832438,HAR-RV (OLS)
12423,0.00037284021535666093,0.00036279634483400003,0.0006071557599849,0.00032506515960526,0.000339329490939575,HAR-RV (OLS)
10460,0.0007089954980872329,0.00040364099777535,0.0006814330625896,0.00058938576264756,0.000637854868286925,HAR-RV (OLS)
13912,0.0002783561623768465,0.000366936648591575,0.0001959710811528,0.0002852066315719,0.00030226816378606247,HAR-RV (OLS)
10672,0.00076326936942927,0.00116304258102925,0.0007447653641201,0.0008067282115551799,0.0009256940155349563,HAR-RV (OLS)
20196,0.0001652869515568387,0.000383584122748575,0.0003554599042545,0.0005269529657547401,0.0005513336751210626,HAR-RV (OLS)
12579,0.000541838594940969,0.000409289104755525,0.0003840448759627,0.00044773309043938,0.0005407339141089563,HAR-RV (OLS)
2010,0.0006126743795164515,0.00057522546065085,0.0005781771458102,0.00066387163429258,0.0007524704738704,HAR-RV (OLS)
11243,0.00032142917796732786,0.000180491871945075,0.0002935621467684,0.0002938713753606,0.00033279626650355626,HAR-RV (OLS)
19281,0.0003412571467306815,0.00029726612241415,0.0002408062732579,0.00034830785233002,0.0003520102522043875,HAR-RV (OLS)
31,0.000434128812049688,0.000431048488563525,0.0002709683276775,0.00033130160530724,0.0003755950781688938,HAR-RV (OLS)
1302,0.00023493174814615816,0.000306945582686525,0.0002235105746772,0.00038285877189968,0.00036817025699131253,HAR-RV (OLS)
317,0.00029432558672721717,0.000343476287681225,0.0003941305551087,0.00038468674513408006,0.00044566299041973753,HAR-RV (OLS)
22307,0.0004089162967782754,0.0006027875965474499,0.000362226190891,0.00033690226626778005,0.0004214109301787329,HAR-RV (OLS)
8587,0.0002294828638361526,0.0002987203223219,0.0002428236802643,0.00028481952519186,0.00039670993143888124,HAR-RV (OLS)
15280,0.0006254511973015503,0.00034333475213717496,0.0004647613418477,0.0003162824694037,0.00035441089703045,HAR-RV (OLS)
3211,0.0007402804808358776,0.000567828141538375,0.0005441854138836,0.00066514680652452,0.0007375627447848438,HAR-RV (OLS)
6730,0.0006865328090598956,0.0005947788371471999,0.0006243556623206,0.00071362986897652,0.0006315928317446812,HAR-RV (OLS)
23780,0.0004244480484563171,0.00037807957451914994,0.0005621393481314,0.00042788031104202,0.00035570382280709375,HAR-RV (OLS)
7653,0.0004196506225583982,0.000562439680338975,0.0003134988533794,0.00041047678027435994,0.0005612524530362625,HAR-RV (OLS)
7367,0.000684023389190594,0.000424717634102,0.0007030557048485,0.0005440663831565,0.0004253001626172375,HAR-RV (OLS)
24535,0.00042767337793821083,0.000514261705080325,0.0008580865871504,0.00039140078927028,0.000363767395718125,HAR-RV (OLS)
12486,0.0003294495849190367,0.000275156173246025,0.0004817538372945,0.0004011454782057,0.0003632647322780125,HAR-RV (OLS)
32053,0.00028752153813733016,0.0002364143061903,0.000116438503635,0.00029019319987184006,0.00033060640784903124,HAR-RV (OLS)
2440,0.0004146917625488652,0.00039944806420455004,0.0006110443536976,0.00044164447337748,0.0004168645271095563,HAR-RV (OLS)
12111,0.00033777672041318606,0.00047282202701455,0.0003951629236648,0.00034695599405897996,0.0003660839617519693,HAR-RV (OLS)
22042,0.0003047618314028093,0.00053079644810805,0.0004436783177442,0.00033995743036998,0.0004185256972106437,HAR-RV (OLS)
10262,0.0012248094725896038,0.00118139991774475,0.0009905616741443,0.00114500044225318,0.0011743448327292314,HAR-RV (OLS)
16594,0.0005124613177725935,0.000661609589449125,0.0004692344766093,0.0005292925132365001,0.0005342880803443813,HAR-RV (OLS)
11597,0.0003599523615525474,0.000470285547153175,0.000457401361902,0.00040230555800412,0.00046318575547044376,HAR-RV (OLS)
13986,0.000846290137460554,0.0009455091255214249,0.0008085779657164,0.0007653588411495801,0.0009398056232242875,HAR-RV (OLS)
11750,0.0003910945270915768,0.00045664876901162503,0.0003137629361693,0.00029494323152378,0.00034891869799699997,HAR-RV (OLS)
27247,0.00029942549084373206,0.0002139343312103889,0.0002348162858695,0.00027723710495710003,0.00026935939137641337,HAR-RV (OLS)
14312,0.0004378876552604484,0.00034934949090967504,0.0004281569436823,0.00034318375809019993,0.000389564555650575,HAR-RV (OLS)
14465,0.00032790688753371535,0.000465711635879775,0.0005714592451409,0.00051259345468612,0.000396929238632365,HAR-RV (OLS)
6626,0.0001768146421772393,0.000343234672611075,0.0001891435967843,0.00026586221001990003,0.0002771653453709584,HAR-RV (OLS)
9583,0.0007909737257695582,0.00100134599714705,0.0008347045573772,0.0009770336411795998,0.0007942537512490874,HAR-RV (OLS)
1000,0.00021784985734872548,0.00045559863171704996,0.0003464456419299,0.00033079476540188,0.00030317664964734373,HAR-RV (OLS)
17191,0.0002558945172521504,0.00046436400158310007,0.0004177263743352,0.00047120517615549995,0.00045997366544891876,HAR-RV (OLS)
31456,0.0003154254648395788,0.0004379562704404,0.0003662253003745,0.00023730868434113707,0.00038370534573838033,HAR-RV (OLS)
6619,0.00023708426616746115,0.00040915956340297497,0.000419757099957,0.00035838706655670003,0.00039612598216746253,HAR-RV (OLS)
24705,0.00047879710517275006,0.000370518278222925,0.0005346142200982,0.0003951746697965,0.0004156896289587125,HAR-RV (OLS)
24913,0.0006385260006014505,0.00076614268840225,0.0005790270124663,0.00061929024739106,0.0006562011262350937,HAR-RV (OLS)
951,0.00047709058893063874,0.000459817840407225,0.0005184816617623,0.00046705296905074,0.0005554994654681188,HAR-RV (OLS)
23017,0.0005787908253679713,0.0005553453119144,0.0006157814958289,0.0006842249223950601,0.0006268550247293437,HAR-RV (OLS)
20234,0.0006086017520088666,0.002128793506759425,0.000540719881692,0.00068176290539612,0.00046037992999769373,HAR-RV (OLS)
20669,0.0006189139983916233,0.000398264208202875,0.0007817254135222,0.0006074119971985,0.0005466285300562751,HAR-RV (OLS)
11431,0.0003899691696787759,0.00056546006497835,0.0002439021004728,0.00035015538577173996,0.0004524961182238,HAR-RV (OLS)
2385,0.0004256265325501608,0.000451047945215975,0.0003118757307388,0.00041047519988754,0.00040660417333299376,HAR-RV (OLS)
12102,0.0011665737787172248,0.00108905442832095,0.0010769692927741,0.0012444540439866,0.0011994471845065875,HAR-RV (OLS)
14054,0.00022998289068712312,0.000358258144672375,0.0002220569792331,0.00029889149494128,0.0004201224406102,HAR-RV (OLS)
20550,0.000596978776370107,0.0002782606849896661,0.0002950252793572,0.00045753666517606004,0.000359702376457775,HAR-RV (OLS)
18445,0.000498764394795962,0.00034850643664382505,0.0002121825327948,0.00040217730683364,0.00047123445621389377,HAR-RV (OLS)
309,0.0005286207040140899,0.000507888995114025,0.0005352822950108,0.0007516078255944,0.0006693945847945687,HAR-RV (OLS)
5171,0.00028467485446657145,0.00037739656730860006,0.0001523212175545,0.00030422602348258,0.00032476788784708746,HAR-RV (OLS)
12206,0.0002699919308095244,0.0002310552983368,0.0001975419501704,0.000325160736088,0.0003188090210629625,HAR-RV (OLS)
6108,0.0008982358884244576,0.00066997592502715,0.0010283400973046,0.00068797794475654,0.0006386536526824126,HAR-RV (OLS)
11120,0.0003997362697566669,0.00023064993746111767,0.0003038909919357,0.00030320831380881657,0.0003578902069691704,HAR-RV (OLS)
13480,0.0004776419593728791,0.000337731292571575,0.0006866514556264,0.000616835316887,0.0005499826223330313,HAR-RV (OLS)
28422,0.0009897915054324228,0.00043135768479102504,0.0007781032533834,0.0002826200068092,0.00030222295451818367,HAR-RV (OLS)
27857,0.0005749750596140596,0.00013684970046662993,0.0004894374597076,0.00024534914418743707,0.0002203633581317939,HAR-RV (OLS)
21685,0.00022531595980467947,0.00030278086830876847,5.6800553363327726e-05,0.0001603038679356177,0.0003080070041701118,HAR-RV (OLS)
17387,0.0002578113481123855,0.000345252999310975,0.0001770228261634,0.0002639851898006373,0.00024171859940538587,HAR-RV (OLS)
9846,0.0007268091971989964,0.0010174949333013748,0.0009780382378503,0.00092508684610796,0.0008955609036431749,HAR-RV (OLS)
31814,0.0005266372996799564,0.00021066984184067602,0.0006020010339664,0.00051454799916246,0.0004578590005343938,HAR-RV (OLS)
1587,0.0005596632220682958,0.00022456986913705,0.000529408222585,0.0002555545541156837,0.00019253135136171524,HAR-RV (OLS)
16869,0.00017849866781475545,0.00016494184492381884,0.0001070768937772,0.00024422237082714335,0.0002352965284792613,HAR-RV (OLS)
16192,0.0005111159900983776,0.00038119605962405,0.0003439613105667,0.00054824163310336,0.0004559397246338938,HAR-RV (OLS)
5149,0.0005368632051548478,0.000399007108215275,0.0003613594161622,0.00043166330871420003,0.0003689739314304375,HAR-RV (OLS)
6723,0.0004784510656670015,0.00036109017105977496,0.0004909050460352,0.00038706909652034,0.00036467394390565317,HAR-RV (OLS)
18184,0.0013161617262219686,0.0006721160789607,0.0012460493341366,0.0008499040203181001,0.0008845254830737437,HAR-RV (OLS)
9887,0.0005389981535055688,0.000329825094227,0.0003997994351626,0.00057339667038966,0.0005536462483276188,HAR-RV (OLS)
14004,0.0005826568694601545,0.000498265312527825,0.0004322776008806,0.0005053648040318,0.0005420536625136375,HAR-RV (OLS)
2534,0.00010158052387991502,0.000401992977181925,0.0007071171469429,0.0005175105600020199,0.00042485738711931875,HAR-RV (OLS)
1070,0.00044502556857775713,0.000280321032782075,0.0004666792581807,0.0002759119430421051,0.00029909110234622505,HAR-RV (OLS)
6643,0.00024768663270749745,0.000395116665341025,0.0003834078480157,0.00036157012693738,0.0002962110986670125,HAR-RV (OLS)
1761,0.0007478355775302594,0.0008103469076757501,0.0005445547311518,0.0008462924040453801,0.0009333168090688313,HAR-RV (OLS)
2075,0.0006781894941443926,0.000888399196795475,0.0005196880988754,0.00118307935580012,0.0008695368990956937,HAR-RV (OLS)
3233,0.0003112937670824783,0.000290342416778125,0.0002010754652344,0.00031874166984784005,0.00042381036151345,HAR-RV (OLS)
72,0.001288374243130537,0.0011561316949724749,0.001183356193808,0.00153676336776838,0.00153119819122575,HAR-RV (OLS)
18200,0.0004383001331398818,0.0005352220496811249,0.0001022387258204,0.00043018025509344003,0.0005904182657577813,HAR-RV (OLS)
21431,0.0004445208725743332,0.00026010084258265,0.0004320434579976,0.0002865354133788,0.00034942766196085,HAR-RV (OLS)
18077,0.0008533550274336086,0.0007484335142091001,0.0008313490522946,0.0007743901759463599,0.0008610695288976312,HAR-RV (OLS)
20631,0.00032840532144709424,0.00036505795740737496,0.0004118721638076,0.00037567491146588003,0.00039369064682257503,HAR-RV (OLS)
6859,0.0005400807854768991,0.00047977166191524997,0.0005163048637221,0.0005916503767256799,0.00048250496915043745,HAR-RV (OLS)
26864,0.00028465477061398236,0.00025521830886175,0.0004339373597712,0.00021723311535459225,0.0003676902192450601,HAR-RV (OLS)
14646,0.00040020562248861534,0.00038266817365195004,0.0002521165654056,0.00032028390624569994,0.00036285598364013124,HAR-RV (OLS)
24033,0.0007233481031939178,0.0005314777776360749,0.0009638411441029,0.00075215389873964,0.0006825182995354188,HAR-RV (OLS)
32126,0.00042877903012771175,0.00042175408164445,0.0005085948723349,0.0004321873296583,0.0004655993656846437,HAR-RV (OLS)
22759,0.0003952061716440134,0.000559904368854225,0.0005466650801679,0.0005558637883736601,0.00047631719120640626,HAR-RV (OLS)
20914,0.0003629270224938849,0.0002530990069125,0.0004190769543315,0.00030491137876694,0.0003294543807365125,HAR-RV (OLS)
19636,0.0005207654679329015,0.00061655087410745,0.0004375061553764,0.00045051797478306004,0.0005781233713557563,HAR-RV (OLS)
26804,0.0006078080299974416,0.0004775062133881,0.0006326616207082,0.0006497012552412201,0.0006291267352662062,HAR-RV (OLS)
16699,0.00032523008998745155,0.00040467198220657497,0.0004294056628088,0.00044745731257090005,0.00039856988556544377,HAR-RV (OLS)
31434,0.0003852774051313178,0.000413694615053225,0.000267616584074,0.00035938158989496,0.00041976802714716873,HAR-RV (OLS)
9735,0.0008677265468561898,0.0011249925953505,0.0009122185143541,0.00145704117465384,0.0012450251127152311,HAR-RV (OLS)
4774,0.0006297798377573329,0.000767342373237675,0.0008009173032415,0.00075980820453272,0.0007158311037081562,HAR-RV (OLS)
23185,0.0013002002341635126,0.0010767844724798251,0.0014834475388782,0.0013468391072832798,0.00127311258892995,HAR-RV (OLS)
26672,0.0005817596446186259,0.00029588460644301896,0.0005930926803304,0.00052402534124034,0.00043224066039435007,HAR-RV (OLS)
10072,0.0003553520516842881,0.000514537164066325,0.0002926797020413,0.00038829931942814,0.00046647622674886877,HAR-RV (OLS)
14995,7.049986014280986e-05,8.02291668303825e-05,0.0003264240745065,0.00039593489240948005,0.00030630411173616565,HAR-RV (OLS)
12178,0.000929169768930028,0.0008299443314187,0.0009554873125583,0.0009494469293491201,0.0008241614242759312,HAR-RV (OLS)
31193,0.0001794869362682078,0.00036406667942352495,8.558814499987045e-05,0.0002234146311004279,0.00035972178266984,HAR-RV (OLS)
16488,0.000440108076743632,0.00040666968805207497,0.0004452160827339,0.00039715915655088,0.0004229180157467187,HAR-RV (OLS)
16454,0.0002630954799674615,0.000284440704995325,0.000231602615711,0.0003095165232005,0.00041184506831225,HAR-RV (OLS)
14895,0.0002454652071405036,0.0003558786203301,0.0002078116713048,0.00037893669268056,0.0004915912068319437,HAR-RV (OLS)
2136,0.0007544559696063533,0.000938128707334975,0.0006897222231595,0.00074780726239732,0.0010032097450326375,HAR-RV (OLS)
15276,0.0010005637089059226,0.0007566713499066,0.0006011209354339,0.0008394254724340799,0.0009647555051554938,HAR-RV (OLS)
25085,0.0003135347113820101,0.00046871685602295005,0.000257847629972,0.00030601385180659997,0.00039331799851354373,HAR-RV (OLS)
19871,0.0009387500490716577,0.0009543394596923749,0.0007691388431144,0.0011647296894507,0.0009691262236178751,HAR-RV (OLS)
14088,0.00023260471571021958,0.0002130388972009,0.0001912508344133,0.00018491242682765712,0.00018660461716939924,HAR-RV (OLS)
4851,0.000608957472217426,0.000541715701197775,0.0005813573793322,0.0006367826889934201,0.0005554373703991499,HAR-RV (OLS)
16519,0.00045248318667167795,0.000586148816809825,0.0003726633687118,0.00047082295693235993,0.0004681363906617,HAR-RV (OLS)
26606,0.0009478670732683976,0.001109784277452825,0.0009182995623669,0.00104651580311492,0.0009982897526339813,HAR-RV (OLS)
29761,0.00036014866742257665,0.000364287276480575,0.000454509744327,0.0004384428311021804,0.0003297813723491794,HAR-RV (OLS)
30183,0.0009916672296863545,0.000862017778669,0.0009662056060382,0.00093842293584668,0.0010216935357172938,HAR-RV (OLS)
15845,0.0007182202700884354,0.0006913226963729,0.0006943451713634,0.00063021528274648,0.00069272419336935,HAR-RV (OLS)
26170,0.0009419762428608844,0.00100002715752985,0.0007986054346004,0.0008735943135462001,0.0009264010452101,HAR-RV (OLS)
17491,0.00038481257155969465,0.0003656443081813,0.0002862611220231,0.00038601976868166,0.0003417811590407687,HAR-RV (OLS)
21848,0.00032769970893499614,0.00039150807678884996,0.0002845754820709,0.0004093323884134401,0.00039327239030912504,HAR-RV (OLS)
21139,0.0004141723390049637,0.0003354481774331115,0.0002167477338997,0.00039142854073940007,0.0005605732358368125,HAR-RV (OLS)
5666,0.000526179770349664,0.000496927942700375,0.0006605887487709,0.00048332387264778,0.0004689822601680625,HAR-RV (OLS)
32750,0.0005713563351102745,0.0006753544767843499,0.0005369541279875,0.00078768221163452,0.0007108236234776625,HAR-RV (OLS)
26024,0.0006602810191788479,0.00056236718338195,0.0010484963399966,0.0006162882472946918,0.0005868102367036912,HAR-RV (OLS)
18836,0.0003972874046104859,0.00037340621742467495,0.0003529369741308,0.00035806696611658,0.0004000382287898625,HAR-RV (OLS)
31320,0.00048158087039251556,0.0007357820745394751,0.0005360671537489,0.0005121875146603999,0.0005457490418565875,HAR-RV (OLS)
13699,0.0005414899658079115,0.00061031992576835,0.0006225957216521,0.00052670454484918,0.0005561713589706562,HAR-RV (OLS)
16367,0.0004565943038297871,0.0006048153674928499,0.0005798531801407,0.00052757837050734,0.0004961851089201562,HAR-RV (OLS)
11007,0.0003978206636480691,0.000344506889031925,0.0004414839274372,0.0005287838886182199,0.0004505238164161375,HAR-RV (OLS)
30471,0.0004117513999115283,0.00032853977546634997,0.000387014701154,0.0004189533512238,0.00042324590444072505,HAR-RV (OLS)
23637,0.0004947287660877356,0.000386608888297675,0.0002971050280774,0.00041146967626906,0.0005189131032531562,HAR-RV (OLS)
17194,0.0005024485598622212,0.00042086947871285,0.0005284127494402,0.00042105006457924003,0.00046875119376947496,HAR-RV (OLS)
2867,0.0007023762098332768,0.0005265951638901501,0.000685990730561,0.0005096624146446801,0.000608286908323475,HAR-RV (OLS)
31133,0.0006355878385145677,0.000470562255333375,0.0003980501179031,0.00050820498935558,0.0005397075112632062,HAR-RV (OLS)
23536,0.00020473782903053801,0.0002350013274958897,0.0001856726938061,0.00028458058497085327,0.00024097439894163122,HAR-RV (OLS)
17999,0.00041817862893946817,0.00030180767594170004,0.0003873898743299,0.00048644260257616,0.00044788821972236874,HAR-RV (OLS)
5658,0.0005188428993042147,0.000406375245487575,0.0005052179218207,0.00035457748022617465,0.0003472072053678796,HAR-RV (OLS)
9465,0.0007025207231236004,0.000714333405332825,0.0005451409136548,0.0005415661088598201,0.0005977961198386875,HAR-RV (OLS)
24334,0.0007189736216383425,0.0003488060859371,0.000514376694884,0.0006239169486025799,0.0007001218861472813,HAR-RV (OLS)
2102,0.00014247675491880325,0.00030057559425840494,9.251821189943388e-05,0.00019385370379282677,0.0002674699763979521,HAR-RV (OLS)
22828,0.0005154831149102395,0.00032021441066985,0.000618706917931,0.0005041304128862399,0.00041963269637883743,HAR-RV (OLS)
14449,0.0005344001355242465,0.000524331547476175,0.0007129788706302,0.0005514809299035799,0.0005684725546818188,HAR-RV (OLS)
11577,0.0004602209436326292,0.0006101977251964251,0.0004885119738777,0.0005186429967171401,0.0005638116945580001,HAR-RV (OLS)
21601,0.0008095962055245792,0.0008577981844938,0.0008890097906092,0.00095170738701356,0.0010553400764344812,HAR-RV (OLS)
21716,0.0003598782562487221,0.000354373616754875,0.0003062594809041,0.00038657369153466,0.0003942965320939875,HAR-RV (OLS)
6944,0.0006248434989977094,0.00075893287066985,0.0007390721658496,0.0007448105376312399,0.000626597711522925,HAR-RV (OLS)
20268,0.0002929908901346691,0.00029828180332599997,0.000440884090169,0.0002818745916800351,0.00024043681453189578,HAR-RV (OLS)
3650,0.0004872050654881337,0.0007273216082125499,0.0006792118375235,0.00050585551797708,0.0004980311169053625,HAR-RV (OLS)
26891,0.00021601401781540708,0.0004896489081329,0.0004532886091398,0.0006166545900659399,0.00046059056982981255,HAR-RV (OLS)
12521,0.001064174683593077,0.00084349720999105,0.0009478415393557,0.00111027813560854,0.001083145817359406,HAR-RV (OLS)
29226,0.00042615905463597235,0.0005763473643341499,0.0008931763299885,0.0006311228246976599,0.0005743986030473938,HAR-RV (OLS)
23423,0.0007394105624136777,0.001028083526501025,0.0004426293219926,0.0006591091602582601,0.000728783419496925,HAR-RV (OLS)
6647,0.000633713718321946,0.000790229588323575,0.000683421178892,0.0005841411842207201,0.0005241742048960563,HAR-RV (OLS)
169,0.0009846935430336849,0.00091286150833915,0.0010211298998776,0.0009120504581689,0.0009649388989714375,HAR-RV (OLS)
9160,0.00039898039588526853,0.00039386545205117495,0.0004043569866322,0.00041636093389981995,0.00037723578306658127,HAR-RV (OLS)
28539,0.0007445621501772303,0.0006327635584912,0.0004871520945041,0.0005738954208958201,0.0006353895526590812,HAR-RV (OLS)
4158,0.00047042486798651675,0.0004054242065929,0.0005872667111866,0.00037701073204008,0.000397754534180075,HAR-RV (OLS)
23427,0.0005917111013637026,0.0005445866171389,0.0005209118766431,0.00057157674824856,0.0005934186597066687,HAR-RV (OLS)
18494,0.0005182513054480103,0.0004773245572951,0.000510188477655,0.00054849537238286,0.0005329766860972126,HAR-RV (OLS)
23500,0.00047259845854858405,0.0006476018773445751,0.0005012235977367,0.00072277038177948,0.0006628490207467062,HAR-RV (OLS)
24880,0.0003028541791636906,0.000484642365506975,0.0004927204878105,0.0004050133347794539,0.00037323454088575433,HAR-RV (OLS)
21301,0.00024883791450130836,0.000271177716129,0.000202013062695,0.0004308490024492799,0.0003745900365253064,HAR-RV (OLS)
13398,0.000583709615833241,0.00043598165055477503,0.0001842198331515,0.00033468407542946,0.0003729951001516,HAR-RV (OLS)
11718,0.0006619580576887546,0.0005819129329538251,0.0004055660556781,0.00060629578586268,0.0007275869433618814,HAR-RV (OLS)
4987,0.0010957405410115212,0.000777287365880825,0.0009917590681302,0.0013220617190798601,0.0009604599166850689,HAR-RV (OLS)
17707,0.00045366393315856516,0.00044234112877144995,0.0003118802494124,0.00037675151047966,0.00040585917454114375,HAR-RV (OLS)
6428,0.00047463468517113113,0.00032832194895032025,0.0001611630337823,0.00052201833036588,0.0005649568842338813,HAR-RV (OLS)
14809,0.0002815189498468055,0.000235956733513425,8.851699298108273e-05,0.00020973166164315652,0.00022918936882770924,HAR-RV (OLS)
29429,0.00034760660703769255,0.0004030797698701,0.0003207383736528,0.00032777100426014,0.00040556562546003124,HAR-RV (OLS)
26538,0.0002721594713352884,0.00027514451501379773,6.26114525600577e-05,0.00019016925297658192,0.0002757391628056203,HAR-RV (OLS)
8009,0.0006213041202735238,0.000462375083547725,0.0004842475508634,0.00044618981214518004,0.0005193040554169937,HAR-RV (OLS)
16900,0.0005467637023887229,0.00036991588130390004,0.0004255858789212,0.00039601005769722,0.0004423085810596625,HAR-RV (OLS)
19358,7.470565684506179e-05,0.000392500847949625,0.0007891663904955,0.00038318927529288,0.000359638774419225,HAR-RV (OLS)
25638,0.0006944550772391787,0.0005815870433809999,0.0007151421110575,0.0006795606133884,0.0006677227932536563,HAR-RV (OLS)
5302,0.0002899753801948691,0.00015345792468624258,0.0002169500916557,0.00031239593929032,0.00030018022908716877,HAR-RV (OLS)
16575,0.00037503735420266475,0.0004085731784407,0.0002939864749814,0.00040446031277734004,0.00044332984995985625,HAR-RV (OLS)
11,0.0004035042601075048,0.000394067692424,0.0004389427929129,0.00042338736537088,0.00041071236709778753,HAR-RV (OLS)
11330,0.0007572130579539292,0.00040949856103855004,0.0005436870108,0.0004975707218895399,0.00036845998876568745,HAR-RV (OLS)
18020,0.0007089426182781301,0.000583453746548275,0.0008021208341312,0.00062835238356278,0.0006558988747300813,HAR-RV (OLS)
20953,0.00020903902343658454,0.00040441723903875,0.0002130492153955,0.00038818540182275995,0.0003752618076204745,HAR-RV (OLS)
1870,0.000541916628089659,0.0004895160300771,0.000966995272625,0.0006515765136366,0.0006248473462789562,HAR-RV (OLS)
5425,0.0005713918623091135,0.0006146032167230751,0.0003814049220423,0.0006227374403683399,0.0007555881659264876,HAR-RV (OLS)
17454,0.0006255932802050324,0.000538706862334625,0.0005025556303557,0.0005298206061823401,0.0006566711666074437,HAR-RV (OLS)
18471,0.00023369795921989546,0.000340512603498075,0.0003975501084641,0.00024116963359105924,0.0002490140095966685,HAR-RV (OLS)
1841,0.00034226328736797483,0.000317625653918825,0.000230014730185,0.00027886923180124004,0.0003283169142135062,HAR-RV (OLS)
32709,0.00039780209329415674,0.000402835830780625,0.000489551615949,0.00046241325398596004,0.00041914778357238745,HAR-RV (OLS)
5975,0.00035371954357139596,0.000372595861574175,0.0003726010631126,0.00027449600193954,0.0003090148479495438,HAR-RV (OLS)
9377,0.00047050966604327704,0.0005003409281787501,0.000484433158351,0.00054364779101588,0.00049479306526335,HAR-RV (OLS)
28737,0.00036821608855633066,0.000482822622427875,0.0003219326725693,0.00046121790766097994,0.0005355836531226937,HAR-RV (OLS)
10969,0.0004585175670561455,0.00035134157166902497,0.0004412372453202,0.00044548170258022004,0.0004372325142309563,HAR-RV (OLS)
30325,0.0001679786628539569,0.00055630726802095,0.0003403717658609,0.00034489098664022,0.0004747238118811,HAR-RV (OLS)
16511,0.000881497386312143,0.0009412743567849,0.0009158831964169,0.00101749273452078,0.0009877751284805688,HAR-RV (OLS)
8696,1.7785825113260899e-06,0.00020537019030410003,0.0004822427149095,0.0002911771062284518,0.00026607607842169586,HAR-RV (OLS)
9918,0.00038711651797625906,0.000284988111399325,0.0002537011456925,0.00037305276446736,0.0004047817404893125,HAR-RV (OLS)
147,0.0004794652552739128,0.0004912243309404751,0.000461339907215,0.0005551249796553199,0.0005244450748329063,HAR-RV (OLS)
20172,0.0002304822789381721,0.000363543031527925,0.0003331142375155,0.00046036953710900004,0.0003858735727936875,HAR-RV (OLS)
17820,0.0007654357871535347,0.000591754979816225,0.0008620821209496,0.0005979443869486,0.0007356433042282125,HAR-RV (OLS)
1875,0.0004910291943049944,0.000426865000896525,0.0002122934012513,0.00036392312835462,0.00043951483044411875,HAR-RV (OLS)
15595,0.00039684606360284984,0.000327353560470625,0.0003363835978171,0.00030283203565802005,0.0003070035721249976,HAR-RV (OLS)
25176,0.0003311689266502667,0.000286841457251875,0.0003463405625501,0.00032623437031664,0.00033064077665852503,HAR-RV (OLS)
22013,0.0006064565861260461,0.00049025348442445,0.0005754956764361,0.0005473993324124599,0.0006293797495787,HAR-RV (OLS)
7799,0.0003740003493307155,0.000439963360413075,0.0004881662861103,0.00037685928181972,0.000325827265335625,HAR-RV (OLS)
26308,0.00023898135287607705,0.000327571926283325,0.0002249662498826,0.00027244520236919997,0.00027079725359308547,HAR-RV (OLS)
3516,0.0007051829966462208,0.0008174835882742,0.0006175990208961,0.00068850980911568,0.0006986237819639,HAR-RV (OLS)
12322,0.0005498031121903614,0.00046141880360052505,0.0004844973673991,0.00052352724100456,0.0004849353511897625,HAR-RV (OLS)
6493,0.0006670872286708805,0.000553349082208675,0.0005513078189333,0.00063809521880136,0.000701353958301175,HAR-RV (OLS)
2932,0.0008912050827975062,0.000934179693321525,0.0006742646211176,0.00068914906055984,0.0009283413458022315,HAR-RV (OLS)
646,0.00029177429112341386,0.000624206945556125,0.0003216997557359,0.00053756898247874,0.0004466214757155938,HAR-RV (OLS)
16404,0.0003064003551243258,0.00045391329127995005,0.0005672683479123,0.0005544402471601799,0.00045413260428638747,HAR-RV (OLS)
7251,0.0004259251685044145,0.0006164497229861499,0.0004635208266854,0.0005352538189568399,0.000485660976378175,HAR-RV (OLS)
31389,0.0006168506940504481,0.0006020508641828249,0.0006828395043743,0.00060245869309594,0.0005740236392341063,HAR-RV (OLS)
22780,0.0003407230506725803,0.0004768262195638625,0.0002580609127142,0.00033470102612837997,0.0004752550278850563,HAR-RV (OLS)
17983,0.0004907632889643768,0.000426146273172625,0.000424647560807,0.00047098405542373995,0.0004897910937797813,HAR-RV (OLS)
30169,0.00039142838735291746,0.00036555817065675,0.0003505874424314,0.00035122454253242,0.000380097015183125,HAR-RV (OLS)
22590,0.0005314644153238675,0.00047832180273317505,0.0005481635876494,0.00055251567933816,0.0005714881989019687,HAR-RV (OLS)
21931,0.000543102992601195,0.00044514471777495,0.0003638039592127,0.0004754148187421,0.00048320412967454377,HAR-RV (OLS)
10480,0.0011084476210258096,0.000610780925791875,0.0011824519996442,0.00104734759696684,0.0010685486218396062,HAR-RV (OLS)
16948,0.00031859974567205934,0.00037284479374572496,0.0004141713170671,0.00041454992080476003,0.00044781195382601253,HAR-RV (OLS)
32753,0.0002954214017637177,0.00029578960351985,0.0002844183257727,0.00027812174931333993,0.000333373553375975,HAR-RV (OLS)
27593,0.0004868763972254418,0.00077463408765275,0.000476132563016,0.00054088473992234,0.0005267674453036563,HAR-RV (OLS)
17244,0.0004656978764189325,0.00041902013820705006,0.0004612440442105,0.0004702800541217599,0.0003770106827359563,HAR-RV (OLS)
1529,0.000859253409544945,0.00061890431373965,0.0009613767295473,0.0008198938316828,0.0008068956996843313,HAR-RV (OLS)
26903,0.00059167105060091,0.0006105191544004,0.0006293673820297,0.00041842409309142,0.000482587084027775,HAR-RV (OLS)
20017,0.00023787360154805683,0.000258323964345975,0.000275184310528,0.00022174779126857177,0.00021930417453369742,HAR-RV (OLS)
9940,0.0004342341190004062,0.00043432289865862495,0.0002875330590767,0.00039358765388188,0.00045277776003650624,HAR-RV (OLS)
26572,0.0006537902883916188,0.00067465177062675,0.0004026142351105,0.00059277038398526,0.0005055251861897653,HAR-RV (OLS)
26005,0.0007417614387313328,0.000647951541779925,0.0005038050094803,0.0006623640365516799,0.0006368970150926063,HAR-RV (OLS)
31653,0.000534313428116388,0.0005031963520725999,0.0004901136788298,0.00043707460307533996,0.0004703899444872125,HAR-RV (OLS)
17093,0.0003951009832983784,0.00047854195518615,0.0004235605012874,0.00044320823965676004,0.00058767657270355,HAR-RV (OLS)
10890,0.00046478727367149425,0.0006986124744409501,0.0006197443861257,0.0004992816269073,0.0006331498637802313,HAR-RV (OLS)
25796,0.00020450947155310642,0.000236552534930275,0.0002167621566383,0.00027072910355867996,0.0002952557527464938,HAR-RV (OLS)
12666,0.0004219599424762009,0.00040904865976149995,0.0001415427123424,0.00035862050476648,0.000385055242019475,HAR-RV (OLS)
28126,0.00035549348168206014,0.000274078694367525,0.0003877048024644,0.0002885169844369298,0.0003361269290788593,HAR-RV (OLS)
22964,0.0003595759586727534,0.00029980297383389997,0.0001592322101509,0.0002451015507443,0.00028554351506094374,HAR-RV (OLS)
23170,0.0004775276562373322,0.000486702266183125,0.0005064950327616,0.00043468819452116005,0.0005055146233824125,HAR-RV (OLS)
23683,0.00021246344474431129,0.00028557624461075906,0.0002637170628577,0.0002809693182754,0.0003778385231985625,HAR-RV (OLS)
7444,0.00040115346389359597,0.00032940691361855003,0.0001956363328999,0.00040210954080167996,0.00043183429088930627,HAR-RV (OLS)
11981,0.0003947958593863693,0.000458764111981025,0.0006256863715742,0.00042846635004948003,0.0004142374959116875,HAR-RV (OLS)
20410,0.000472813188559738,0.000383102355530075,0.0005070998154004,0.00051717680661078,0.0004497180577097688,HAR-RV (OLS)
21239,0.0006729196549866239,0.000700895791837425,0.0007154912200319,0.0006392096960351399,0.0006312391640720188,HAR-RV (OLS)
14906,0.0006824918093424109,0.0006729357451478499,0.000843009325804,0.00070564690562286,0.0007905640874102625,HAR-RV (OLS)
12542,0.0005059154808870309,0.00020651044501800002,0.0004527421414048,0.0003604031570946722,0.00034437280694136005,HAR-RV (OLS)
17259,0.0009692395993829214,0.00046871749316717496,0.0010366172065333,0.00052323121335716,0.0005839707397009938,HAR-RV (OLS)
14445,0.0005584611129723947,0.0005293792744741001,0.000382241483589,0.00052708405986094,0.0005921090350564938,HAR-RV (OLS)
25483,0.00031683624374054806,0.000337547817905825,0.0002483437159919,0.00030740461290378,0.0003263416281960375,HAR-RV (OLS)
4869,0.0007601903668254329,0.0007596407931631001,0.00060596663154,0.0007999619652878801,0.0008917498185338874,HAR-RV (OLS)
21024,0.0006573891028514037,0.000516316318204175,0.0006829281996318,0.00077868294957194,0.0007108223130081687,HAR-RV (OLS)
13150,0.0004727149674304378,0.000294563091177725,0.0004861320659051,0.00029225885054923997,0.00023764656564103485,HAR-RV (OLS)
15807,0.0004575059428623396,0.000370919950461175,0.0003724967861135,0.00038221562573144,0.0004309818385679312,HAR-RV (OLS)
11559,0.0003201630397362855,0.000298076887788075,0.0003882292221712,0.00027797184101086,0.0002970513322408375,HAR-RV (OLS)
7818,0.00047711394223632443,0.00068907820954875,0.0002037442338189,0.00034305412940137186,0.0004208422259001412,HAR-RV (OLS)
4654,0.00030961660677488785,0.0003465486550347,0.0003303741573187,0.00023281736401461998,0.00035387355815063123,HAR-RV (OLS)
20928,0.0011019061084518288,0.00118603740446095,0.001109001091982,0.00113084099012032,0.0010905241127217124,HAR-RV (OLS)
24198,0.000908002176637905,0.0007357416644662501,0.0007712410985966,0.00077848345060434,0.0008955898656711188,HAR-RV (OLS)
21439,0.0003433216240965272,0.000373946801387625,0.0003590050010355,0.00033558749295816,0.00038435230175653124,HAR-RV (OLS)
32328,0.0005892626266021699,0.0005759804407359751,0.000505097032527,0.00057544828880576,0.0005361240838978875,HAR-RV (OLS)
20382,0.00010265446245425012,0.00018298801669355263,8.432915124270068e-05,0.00012957452501387792,0.0002349639303590181,HAR-RV (OLS)
16649,0.0007148873541292141,0.0007241396460125001,0.0008209733913957,0.00074648429690124,0.0007159511426156812,HAR-RV (OLS)
9694,0.0003716980189964633,0.0006022526962249,0.0004430613718558,0.000499605854054,0.0004626292232607563,HAR-RV (OLS)
5910,0.0005117216484638223,0.000447044847835475,0.0005316219171757,0.00053273053592614,0.000481952793658225,HAR-RV (OLS)
28992,0.00043448799298006656,0.000436391140114275,0.0004115321104179,0.00041367279566081996,0.0005033972803829312,HAR-RV (OLS)
15433,0.0004456560821918809,0.00040898347376827496,0.0003285444225901,0.0006304541550999401,0.000589383274457875,HAR-RV (OLS)
13276,8.116933536321845e-05,0.0003110270574951,0.0002978991864533,0.0003063265601023,0.0002497851447424268,HAR-RV (OLS)
9329,0.0005394448259588849,0.000722045999470425,0.0005038729323195,0.00083661806946246,0.0006948919004506251,HAR-RV (OLS)
9114,0.0006721159795329873,0.000703345530435675,0.0008551941316779,0.00068760365059852,0.0006578779496087938,HAR-RV (OLS)
17966,0.000627240731250278,0.000478410351917,0.0002985450787053,0.00048968106562644,0.000548387905091325,HAR-RV (OLS)
6445,0.000282174208198735,0.000405899288819175,0.0005303579416306,0.0002993375677991403,0.00032142980456914387,HAR-RV (OLS)
24048,0.0005805356781703131,0.0003982866052095,0.0006936500716776,0.0006112584771170799,0.0005410525256252812,HAR-RV (OLS)
746,0.0004376733841058972,0.000276702885193675,0.0004987141379528,0.00045557663239220004,0.0004008861498602125,HAR-RV (OLS)
23962,0.00039482287086025156,0.000323910266176425,0.0002012722337045,0.00029727726374976,0.000353465037371575,HAR-RV (OLS)
17058,0.000602280073478408,0.0004474465524972,0.0004410963235362,0.00049253981001078,0.00046912767022206877,HAR-RV (OLS)
11899,1e-08,0.000198340517726075,8.601439605004886e-05,0.00040799598309758974,0.0003461268871883757,HAR-RV (OLS)
8840,0.00038786515615059564,0.00028992245477015,0.0003992672987332,0.00035735717143230004,0.00033860896257800895,HAR-RV (OLS)
4265,0.00046368776411072116,0.0005015401254977,0.0003566228399203,0.00044520000986525996,0.0004968034278039,HAR-RV (OLS)
14263,0.00028270002336495655,0.000312496147947725,0.0002378729747846,0.00026148092335305994,0.0002713296516322875,HAR-RV (OLS)
17050,0.00044972089729459607,0.00024500971310179997,0.0002434272087102,0.00026913982991764,0.00020248795613702925,HAR-RV (OLS)
25622,0.0002443086858690219,0.00029032487330460003,0.00022036943499,0.00022188544853915998,0.00024686376594925,HAR-RV (OLS)
30748,0.0002431286543773384,0.00018567906108474583,0.0002740217460093,0.0001914168636325,0.00019749352827337437,HAR-RV (OLS)
20950,0.0006277807976791469,0.00026947656644520085,0.0005974311963546,0.00058072111592048,0.00046868581753698753,HAR-RV (OLS)
16815,0.0006164815731268177,0.000764396712856775,0.0008079733757501,0.00074160595165084,0.0006258673797435062,HAR-RV (OLS)
4867,0.00025825259172268403,0.0002380012586337029,0.0001848054960685,0.00021704611896121998,0.00024087123559309164,HAR-RV (OLS)
25551,0.001059865009895047,0.00096583332971565,0.000965398042708,0.00098710671361868,0.0010658666366267998,HAR-RV (OLS)
17010,0.00041301868797772126,0.000265024307435725,0.0003669659994088,0.00036789810495069995,0.00039177171274659375,HAR-RV (OLS)
18916,0.00028984628158207137,0.00038058416502229997,0.0002411361677875,0.00033278440528846005,0.00026592026491017903,HAR-RV (OLS)
30224,0.0005044300993995797,0.0003884798973432,0.0003547589717403,0.0004937206590093599,0.00046390769508456245,HAR-RV (OLS)
14350,0.0003607741530233982,0.00046612018511325,0.0002950710810663,0.0002887365598600609,0.0003556132372427065,HAR-RV (OLS)
10709,0.000313724327757165,0.000360201217253275,0.0001316070362907,0.00034866346372674,0.00037829197312658127,HAR-RV (OLS)
5958,0.0003469603773686501,0.00038143577618397496,0.0002327005633567,0.00038909222374604,0.000459479837202175,HAR-RV (OLS)
10448,0.00027644320150554144,0.00020751303127035001,0.000244647492636,0.0003613192748741,0.000307080244818025,HAR-RV (OLS)
25627,0.00021646960696201478,0.000337713524743275,0.0001441652949865,0.00020330829158038004,0.0002289043661011302,HAR-RV (OLS)
12254,0.000440712612842754,0.00037236441861019997,0.0001065317215577,0.000322523320556541,0.00043233308393083155,HAR-RV (OLS)
13044,0.0006468121308131045,0.0005996822209957,0.000785546874255,0.0006947695619109399,0.0006030131629076625,HAR-RV (OLS)
29003,0.0005496910324133038,0.00040270643127475003,0.0004452406872318,0.00043673827615914,0.0004968805669870501,HAR-RV (OLS)
25639,0.000568450663911794,0.000597627782415375,0.0004630198822557,0.00061603906875868,0.0006213667129323812,HAR-RV (OLS)
24224,0.0008257352757371345,0.0006039229427753749,0.0005248755120383,0.00064367507409394,0.0006996124779957813,HAR-RV (OLS)
14857,0.0002273322621104003,0.000304055295119425,0.0002450136581025,0.00044236241175854,0.0003882037701933125,HAR-RV (OLS)
6925,0.0004288683827314793,0.00036227886707709996,0.000309052481499,0.00034106911085921997,0.0003755784835124625,HAR-RV (OLS)
5347,0.00032602463923923225,0.0005061318810964,0.0004835306771422,0.00035170066144045995,0.00033563646522033746,HAR-RV (OLS)
5743,0.00020068578857046165,0.00018786481620042522,0.0001169864819858,0.0002435740671585,0.00022213002620052416,HAR-RV (OLS)
3092,0.0005001911069889587,0.000456333731262,0.0004626946135022,0.00043381820482284,0.0003838910755273438,HAR-RV (OLS)
3009,0.0004028654538770572,0.00039039501512330005,0.0005227108044851,0.00044997330794768,0.0003637139540499125,HAR-RV (OLS)
6777,0.0008084440270017847,0.000986791630070475,0.0009020628701811,0.00091402057896794,0.0008070007520638626,HAR-RV (OLS)
19493,0.00035418213200972106,0.00016996875765874946,0.0001996900848346,0.0003217296944711,0.0003116530046522563,HAR-RV (OLS)
20945,0.0005630165805142033,0.000638882654035475,0.0005590549202075,0.00050725830734446,0.0005733251162464813,HAR-RV (OLS)
8442,0.00038485186676526163,0.00032292169930507505,0.0002920339619634,0.0004733685873442601,0.00042663412022438433,HAR-RV (OLS)
3130,0.0013710778962710652,0.00103167248841685,0.0011376694260878,0.0011574990499134603,0.0012415705627642376,HAR-RV (OLS)
32767,0.0002839741948927024,0.0003220616928566749,0.0003189264052734,0.0002415396205932,0.0002541499194543407,HAR-RV (OLS)
28395,0.0006703920064956876,0.00037811745964702495,0.0005996333212999,0.0004563098874156,0.00035144473777088124,HAR-RV (OLS)
2883,0.00032760260711212096,0.000548825995969825,0.0003305984152628,0.0002754368348524,0.0003639532529708938,HAR-RV (OLS)
17946,0.0005151583837362339,0.0006029467288448,0.0004599859916692,0.0004909216457396799,0.0004454025337541625,HAR-RV (OLS)
2213,0.00029586376717835074,0.00037874387603855,0.0004484021480604,0.0003070547460694328,0.00033355287883883675,HAR-RV (OLS)
6115,0.00031206866136519317,0.00030245881886360005,0.0001871837612452,0.000247297131214,0.0003132095063010125,HAR-RV (OLS)
7322,0.00029908516100869123,0.00015472608011543468,0.0004470159680619,0.00037119238365108,0.00035607097615078574,HAR-RV (OLS)
1904,0.00018534312254273586,0.0005015321807164251,0.0001084088336172,0.00022507521269514186,0.0003215632266324943,HAR-RV (OLS)
12030,0.0004333172551405475,0.00032937322780497496,0.0007602874094117,0.00043498175912697995,0.000436567892237075,HAR-RV (OLS)
21404,0.0006890820284864269,0.000773880818684825,0.0007846596785794,0.0006839429804340999,0.0006858603839409562,HAR-RV (OLS)
5213,0.00032977338428976874,0.000487329950376875,0.0003528371686142,0.00044032522354268,0.0003580166682329353,HAR-RV (OLS)
17265,0.001119006452017031,0.000934258942261475,0.0011156647723873,0.00122887545902872,0.0015326926481596627,HAR-RV (OLS)
17876,0.00048980444028133,0.000559418991552475,0.0006480565598894,0.00060297785841634,0.00057108745105195,HAR-RV (OLS)
3044,0.0004187059638739684,0.0007376571926859999,0.0006937474349664,0.00063082184452652,0.0005720011500210938,HAR-RV (OLS)
12531,0.00031118886431474846,0.000344350281343913,0.0003470660349832,0.00042443191891673997,0.00030427494439091247,HAR-RV (OLS)
14361,0.00039227558175593144,0.00037427435648629997,0.0002480305947297,0.00036132301723738,0.0003920977150910438,HAR-RV (OLS)
1363,0.0004516823143391631,0.000364422261670225,0.0004801175818167,0.00039770821933681995,0.00042379779648680626,HAR-RV (OLS)
7343,0.000662677642588968,0.0006106695428024,0.0008630975265325,0.00069862209559164,0.0007389755521966688,HAR-RV (OLS)
6895,0.0001376763424056841,0.0003015971814502,0.0002468969692437,0.00020792910738032,0.0002596091467735025,HAR-RV (OLS)
18908,0.0004908411862555565,0.0002610348070351,0.0003448814997146,0.00042618806650033994,0.00038859011292018125,HAR-RV (OLS)
17911,0.0002982442080430646,0.00037747843873767504,0.0001596594468796,0.0002827413205709,0.00035084173619154377,HAR-RV (OLS)
9030,0.0005144124172530071,0.0006106011244873,0.0006336064314628,0.00065103413328336,0.0005600553172744375,HAR-RV (OLS)
12691,0.0007269134466219703,0.0007093963698937251,0.001179851230376,0.0008630358971581798,0.0007602004826538313,HAR-RV (OLS)
27120,0.00044000544845275934,0.000432555293585675,0.0005911881138578,0.00046709789088354004,0.0005578779781973625,HAR-RV (OLS)
27174,0.0002815259012899064,0.000248345994260475,0.0004272542983987,0.00033309772673226,0.000251922804951768,HAR-RV (OLS)
28837,0.001170513996257695,0.00094336057441465,0.0011244338625085,0.0010245397759645202,0.0010797836107570187,HAR-RV (OLS)
29228,0.00023834025867635396,0.00023781135395714998,0.0002594966641973,0.00021106931340199647,0.00021080954173430174,HAR-RV (OLS)
627,0.00026275691935594776,0.00033345243735560315,0.000255846242235,0.00021431645131596,0.00022515077399873565,HAR-RV (OLS)
31970,0.0004217938641415866,0.000310668781499025,0.0004144051448781,0.00048584977809722007,0.000375942052824475,HAR-RV (OLS)
6145,0.0003826342329787268,0.000268537186595375,0.0003264940337659,0.00039545138598601995,0.0004310396217131125,HAR-RV (OLS)
10779,0.0002598867464300038,0.00023213299958507502,0.0001756559597855,0.00022333015098088002,0.0002908129199466563,HAR-RV (OLS)
16660,0.00030729232489484093,0.00023756340701075,0.0001446773046023,0.00022254056692463999,0.0002968532853997375,HAR-RV (OLS)
9077,0.0006459059232200985,0.000765279845901425,0.0005276916160266,0.0005953447123822399,0.0006882729227705876,HAR-RV (OLS)
2709,0.00029215895193826925,0.00023729161152890002,0.0002127296042498,0.00030426379228422,0.00024609557850250626,HAR-RV (OLS)
11764,0.0004902104044786597,0.0001528032968371,0.0003136150991452,0.00039304560828514,0.0003048968333653375,HAR-RV (OLS)
15486,0.00035560955677354654,0.000243518788105875,0.0003777681112555,0.00028846762641042726,0.00021961203020094385,HAR-RV (OLS)
12957,0.0008097811836653283,0.0004175504657362,0.0006190242892388,0.00059918856273924,0.0007809960122010437,HAR-RV (OLS)
2181,0.0004811430659482,0.00041343418898475,0.0004745804156799,0.0005630766855684999,0.0005827386706489625,HAR-RV (OLS)
14754,0.0004654273633541558,0.00036292287461945,0.0003637089836097,0.0005787233963028,0.0005935695763350688,HAR-RV (OLS)
13763,0.0005949852678476481,0.00046869131231727494,0.0004934227933588,0.0004749315421131,0.000511405283776025,HAR-RV (OLS)
4661,0.000351716189656253,0.0003365315850707,0.0002619529398093,0.00030484459751492,0.0003349168699146188,HAR-RV (OLS)
19580,0.0011457608783264925,0.001391615790656925,0.0014486785764227,0.0011692900617229999,0.0012143848105796125,HAR-RV (OLS)
1020,0.00021248209055029676,0.0002406178411968,0.0002408236667567,0.00023471894452174003,0.00027734169692614376,HAR-RV (OLS)
6102,0.00030247438406810713,0.0004905327687494999,0.0003309457452534,0.00024314141944676003,0.00038617690532544375,HAR-RV (OLS)
20927,0.00037582947934658364,0.0001196811936334044,0.0003840970782559,0.00032614469331018,0.00033827924273212496,HAR-RV (OLS)
13821,0.0004004351122785685,0.0006132868702539501,0.0003444237956135,0.0004270164195755,0.00038789824458524997,HAR-RV (OLS)
10987,0.0003868212773246746,0.00025712262433897503,0.0003561482830694,0.00038704938938121996,0.0004124520388189437,HAR-RV (OLS)
9606,0.0005864390858612008,0.0005538944298825251,0.0007309272739159,0.00053289056348622,0.000435940037636475,HAR-RV (OLS)
3017,0.0004818539377537234,0.0005287964643825749,0.000527857258654,0.00033082809749250807,0.00041611164061967757,HAR-RV (OLS)
22392,0.0003315874338700878,0.00039437567601895,0.000430074382734,0.00043770237171428006,0.00039185807580022496,HAR-RV (OLS)
29965,0.000704650839624154,0.0005624532569672001,0.0007532184905642,0.00072680490469134,0.0007395748239784688,HAR-RV (OLS)
25265,0.0005267194776906865,0.00046576723235777496,0.0005338331824255,0.00049119373437078,0.0005168721967810062,HAR-RV (OLS)
30040,0.00034765764686229617,0.00036251448977877497,0.0004065765339673,0.0004486814746942,0.00033553928214614845,HAR-RV (OLS)
21179,0.0005361428236915929,0.00062105589659275,0.0005062535931365,0.0004667183737277045,0.00048809334749553266,HAR-RV (OLS)
1747,0.00040052398251091774,0.00026936593935349997,0.0003037334994525,0.00045402471599761995,0.0003676138225113875,HAR-RV (OLS)
9243,0.0004557574051516687,0.00043169689470254997,0.0006459173023152,0.0005849998259299601,0.0004884302700434001,HAR-RV (OLS)
18111,0.0010697550924623944,0.0006491313246586,0.0010197784358392,0.0007344292908494,0.0006796765353863063,HAR-RV (OLS)
16479,0.0005045895248406655,0.00037907401945975,0.0007167855451242,0.00058277889700234,0.0005533823417517062,HAR-RV (OLS)
19033,0.0003211714002164322,0.00041424056727157495,0.0005591537684157,0.0003611629323161,0.0003280719726778177,HAR-RV (OLS)
18012,0.0013495715774643469,0.000426993101479975,0.0011523868494728,0.0005148153794086599,0.00034754947641035003,HAR-RV (OLS)
13598,0.0005454877721859,0.00060220922400825,0.0005491114770517,0.0005376478541654799,0.0004796232652778125,HAR-RV (OLS)
5118,0.0009419623451449276,0.000628744757688475,0.0008132772769003,0.0006618488384361601,0.000874038842188725,HAR-RV (OLS)
15730,0.00026506005302446244,0.000289143807127975,0.0004592976726454,0.00035375661071912,0.00027886388015408125,HAR-RV (OLS)
6197,0.00030827234188294985,0.000218020506324125,0.0002688301763702,0.00031626458492816,0.00030788838530524374,HAR-RV (OLS)
14733,0.00044270744012498027,0.00022756329586119748,0.0004613624426661,0.0004260690782814,0.0003570016036521731,HAR-RV (OLS)
27194,0.0005133267499836232,0.000502058384555275,0.0006636600177816,0.0005022442467879601,0.0004109964986681062,HAR-RV (OLS)
22635,0.00031751972778212373,0.000342531129936,0.0005864723228351,0.00034883474022891366,0.00034617431451876675,HAR-RV (OLS)
15290,0.0007452976899809344,0.000623384341024525,0.000799367881669,0.0006385948635106,0.0006530806152996438,HAR-RV (OLS)
16816,0.00031092294748278433,0.00036826220369199996,0.0002682857921869,0.00026901670576546003,0.000318486874474525,HAR-RV (OLS)
30370,0.0006244237516194708,0.000454249903667525,0.0004334066907748,0.00059659571642128,0.000556044257556,HAR-RV (OLS)
11059,0.00043318534641282095,0.00040641630675477506,0.000231986342557,0.00030893833755531993,0.000352593994678675,HAR-RV (OLS)
11511,0.00031572139817250374,0.00031268981279585,0.000327526346129,0.00028237116365978,0.00029755706556735823,HAR-RV (OLS)
26868,0.0009648209799383786,0.0014139308878532001,0.0007866164536703,0.0010287445118480599,0.000969045470883675,HAR-RV (OLS)
29480,0.0003898163061872554,0.00031819622596725,0.0003988461521994,0.00045179138641829997,0.0004073794832030125,HAR-RV (OLS)
11868,0.0005377748104573179,0.000320882885653775,0.0003010854643505,0.00036727422525697996,0.00042550934384635625,HAR-RV (OLS)
12537,0.0006325670870275101,0.00043300661038292497,0.0004473434695175,0.00053017662014022,0.0005907529992243937,HAR-RV (OLS)
2917,0.0005050755942042044,0.000505515276191475,0.0004294033617114,0.00054295947612318,0.0005170474757134093,HAR-RV (OLS)
211,0.0005400049722938909,0.00035096654693555,0.0005352117201032,0.0004480230710452,0.0004263143078311375,HAR-RV (OLS)
10105,0.0013126290831108488,0.001093617133599475,0.0015631837199329,0.0013716507519519999,0.0013499021141342438,HAR-RV (OLS)
26763,0.0007646714779868705,0.00099803888094585,0.0006833215020605,0.0008121424315935599,0.00095838242680455,HAR-RV (OLS)
12523,0.0006535318860327207,0.0006477942270483749,0.000829167181907,0.0006895834441476201,0.0005603998487430186,HAR-RV (OLS)
31351,0.00027524414301176894,0.00022352345053925,0.0001210565892937,0.0001585752616748,0.00020057589595361862,HAR-RV (OLS)
12535,0.0003445188549820675,0.00027621856360709996,0.0002374520388836,0.00029305359590386004,0.0003165587357341562,HAR-RV (OLS)
25716,0.0007092963427751533,0.00030245800449481627,0.0007429049885791,0.0004646516644475,0.0006486542655831,HAR-RV (OLS)
2567,0.0007284481847459889,0.00053916552515195,0.0003845926407323,0.0005661800751585999,0.0006145886416986438,HAR-RV (OLS)
31733,0.00018231965360719475,0.000299342393611075,0.0001594650941544,0.00027496591520862,0.0003662966803481188,HAR-RV (OLS)
15706,0.0002339943576243789,0.00040494419329940943,0.0004026353040125,0.00034008842820787996,0.00042230753867768755,HAR-RV (OLS)
18316,0.00013597927071837024,0.00023677600019160003,0.0001397613070098,0.00014312630928851682,0.0002563300371600365,HAR-RV (OLS)
103,0.001028535780664747,0.000928880498129,0.0010552551661904,0.0009580208155112599,0.0010602376045026625,HAR-RV (OLS)
12760,0.0003659366088901933,0.000326266226587925,0.0003333297869004,0.00031193027247914,0.00033161751878068126,HAR-RV (OLS)
26447,0.0002792429303048324,0.000423145505554575,0.0001281227947657,0.0003080307367624,0.0003007379826353205,HAR-RV (OLS)
22898,0.0007216601784808265,0.0006239445670332,0.0008081046502147,0.00081597238731762,0.0007502545341799376,HAR-RV (OLS)
3323,0.0005747482270158529,0.00043506930547065003,0.0004620342182339,0.0004060853202940199,0.0004684229178053312,HAR-RV (OLS)
14635,0.0005042727173394363,0.000435099049179325,0.0004518558986605,0.0006484810724359201,0.0008158522570952624,HAR-RV (OLS)
5777,0.00033572791713314294,0.000275429305030025,0.0002524777857198,0.00031682692401802,0.0003286912550342,HAR-RV (OLS)
18662,0.0003530825484343149,0.000481565156019975,0.0005242218477278,0.00038254808793068,0.00035059088616880296,HAR-RV (OLS)
6489,0.00020071619008600833,0.000271903023314,0.0002447456847923,0.00027451328536792004,0.00028421832180922503,HAR-RV (OLS)
24396,0.0009127566464871858,0.0006208237440476499,0.0010501041019254,0.0010203772984937,0.0008759239296446376,HAR-RV (OLS)
10230,0.0004738963251720552,0.000384217701490325,0.0005394559137215,0.00038301271415790004,0.0004815708064728813,HAR-RV (OLS)
12222,0.000351157294631954,0.00048528781080854996,0.0007078255753631,0.00046999750056763996,0.00044160943807785625,HAR-RV (OLS)
4957,0.00042517903620180244,0.0003916105709126,0.0004427156864592,0.00046446217482674,0.0004394383137503625,HAR-RV (OLS)
3223,0.0006634433220028451,0.00046089937475455,0.0003793500026992,0.00045915988186218,0.0005828392532634999,HAR-RV (OLS)
8978,0.0004863628894476112,0.0005377558283193001,0.0005185380706324,0.00050699896337952,0.00043683638533900627,HAR-RV (OLS)
5609,0.0004867991731664914,0.000388158210559925,0.0005063933785454,0.00043493487034528005,0.00043020323151335627,HAR-RV (OLS)
25031,0.00020374205969382077,0.00037668141572365,0.000137268526146,0.00028863671989389996,0.0002749107971142487,HAR-RV (OLS)
31047,0.0006390173206195031,0.00078950240974955,0.0007976971576405,0.00078128488956436,0.0007375165003689187,HAR-RV (OLS)
19614,0.0008953616240755756,0.0006155846123061751,0.0005560847048164,0.0007251112504978799,0.0008177936082365937,HAR-RV (OLS)
31054,0.0002879186670328714,0.00030458853561627497,0.0002979883385737,0.00038031110308329996,0.0003273713529008625,HAR-RV (OLS)
15689,0.0006764701514100372,0.0005758269951888751,0.0004742564766786,0.00050733726148426,0.0006311777871054625,HAR-RV (OLS)
24123,0.0002965020323944846,0.00036125054794132873,0.0002556344953963,0.00030503323210199996,0.0002950948822352314,HAR-RV (OLS)
128,0.00032121860420102,0.0005727836927549,0.0002964128376145,0.00049032672808386,0.00045395883029486874,HAR-RV (OLS)
18600,0.0002661643395007393,0.000333931411239,0.0003497319161164,0.00047338709073634,0.00043146781964970227,HAR-RV (OLS)
28969,0.00014474717149772892,0.00026811482234945,8.855533515490563e-05,0.00020722649319798112,0.00026745988092705033,HAR-RV (OLS)
4388,0.00035347243980714466,0.0004227496625813,0.0004480528263709,0.00043409696898781997,0.00038946754295603745,HAR-RV (OLS)
13560,0.0007947286358200729,0.000619618653403925,0.0008138890200579,0.00074736748203804,0.0008097850190322937,HAR-RV (OLS)
5124,0.0007631750694758758,0.000591083796914925,0.0005411579551507,0.0006553518180971,0.0007552060940962811,HAR-RV (OLS)
27977,0.0004450211872374231,0.0007856391443680499,0.0003059022196679,0.00040526920785948,0.0004509532687507938,HAR-RV (OLS)
29906,0.0010431969763484527,0.000928929195197825,0.0008151746136663,0.00107249729360004,0.0010791380959572563,HAR-RV (OLS)
18134,0.0002675232107389718,0.00017056870416096113,0.0002540514214248,0.00024585131892252,0.0003196329854362375,HAR-RV (OLS)
29885,0.0003690463776424256,0.0004383364353449,0.0003272837310882,0.00034223620965632,0.00030909279292763746,HAR-RV (OLS)
11433,0.0002701361822857201,0.00036956268968790004,0.0002656557288226,0.00031497992527178,0.0003637273985139688,HAR-RV (OLS)
31522,0.0004922949077979044,0.00033145695832940004,0.0003708039449632,0.00042191217298169996,0.00048653369170106875,HAR-RV (OLS)
12411,0.0004641377981127301,0.000536067973585025,0.0005680679288176,0.0005075356395717799,0.0005534958026884125,HAR-RV (OLS)
31874,0.0009960050009656719,0.00099098631537005,0.000911226734222,0.0009969017901408001,0.000960523607045475,HAR-RV (OLS)
26106,0.0008626146920971503,0.00062496958495385,0.0008098137477346,0.0008181850139883401,0.0008839765312999249,HAR-RV (OLS)
23030,0.0006045772481351511,0.0004987278966608,0.0005636755830557,0.0005796357362606,0.0006233093634099938,HAR-RV (OLS)
30494,0.00026129712936041665,0.0003368079682862,0.0002167567436892,0.00025378740221252,0.00033110192525496253,HAR-RV (OLS)
22188,0.00037150655487234324,0.000369574280688825,0.0003952212549098,0.00034867483524648,0.0003659152011409125,HAR-RV (OLS)
5704,0.00042420754059933603,0.00019678691451945003,9.961032823180856e-05,0.0002918446067811017,0.0003012815382938068,HAR-RV (OLS)
13484,0.0003831783347172258,0.00015286036444020292,0.000293707450229,0.00034806862925576,0.00038938375340541876,HAR-RV (OLS)
23348,0.0003779626667121932,0.00049270850738775,0.0003821972585991,0.00039160300343394,0.000382300031110225,HAR-RV (OLS)
22120,0.00034506572964124654,0.0005352718213256,0.0001640643528959,0.00032096420702446,0.00043003849979714995,HAR-RV (OLS)
3732,0.0005446958622628318,0.00046349155166025,0.0004491670527585,0.00038903109365317996,0.0004786943524679562,HAR-RV (OLS)
10726,0.00024929229063891183,0.0006204504961398499,0.0003283392164556,0.00032150108417240003,0.0003646721536722813,HAR-RV (OLS)
17378,0.0016008624929747008,0.0012388205387134,0.0020393873048214,0.00175840059823754,0.0012391500857837,HAR-RV (OLS)
6177,0.0008625006830531587,0.00089103487742015,0.000805699025617,0.0007921594413543601,0.0009079307291729937,HAR-RV (OLS)
30908,0.0009060219443003392,0.0005469946750197,0.0003128058275378,0.00067016658414594,0.0007768757938257562,HAR-RV (OLS)
26197,0.0003159237610631224,0.0003712640650247,0.0002485821598815,0.00047830016743526,0.00043858203258976874,HAR-RV (OLS)
9164,0.0004464577983650683,0.000408707784690525,0.0005452848574886,0.00038508628737936,0.00040397592478347494,HAR-RV (OLS)
26455,0.00040032992307433,0.000232476008676125,0.0002653477011944,0.0003328416541757,0.0003578686568223979,HAR-RV (OLS)
26254,0.0003522188948509742,0.000511293910336275,0.0004707748799048,0.00036807800292056,0.0003748826356289687,HAR-RV (OLS)
16611,0.0001950864345050049,0.00027686717295187497,0.0001533076150956,0.00012385298607155208,0.00024393627256122879,HAR-RV (OLS)
2881,0.0005230472767797714,0.000630886869388325,0.0003895626172547,0.0005131234344404999,0.000562346381117525,HAR-RV (OLS)
27833,0.00014082229269666918,0.0005176376605966,0.000435511757811,0.00039469420080486,0.000338960618466835,HAR-RV (OLS)
18205,0.0009816630050560487,0.000826549525819975,0.0007662735331897,0.0008905258916439001,0.0010516007381864438,HAR-RV (OLS)
27288,0.0009114888307172413,0.0009071115913575,0.0005373293054924,0.0007792353981931601,0.0008295193697118563,HAR-RV (OLS)
7467,0.00033322865823002737,0.00036330636137242497,0.0002855129170723,0.0002728979215173,0.0002957711879363937,HAR-RV (OLS)
4449,0.0006262072490649975,0.0006079540679343751,0.000542403287493,0.0004944852591121001,0.0006240372683098438,HAR-RV (OLS)
1810,0.000359767790008292,0.00024817852403942497,0.0002006088322984,0.0002900407376950625,0.00030655184927500705,HAR-RV (OLS)
24339,0.00021466244414441933,0.00015274779548779077,4.994374236007271e-05,0.00017331371215529456,0.0002236340814190858,HAR-RV (OLS)
725,0.0006376044154732567,0.0006279274162082999,0.0005874625098965,0.00039981376350652005,0.0005527641745780062,HAR-RV (OLS)
14928,0.000443907472399533,0.00056765438915875,0.0004491205204034,0.00048673186784256003,0.0005708678860065937,HAR-RV (OLS)
9914,0.0002504108928845681,0.0006395078384563,0.0002222405441091,0.0003806358188239,0.00045851599552626255,HAR-RV (OLS)
8365,0.0007251212167765149,0.0008584437873025001,0.0010964717353995,0.00107271649920674,0.0009987913056763876,HAR-RV (OLS)
9300,0.0003585713107696792,0.00045193153287205,0.0002235132853452,0.0003720806651547,0.000314587670254634,HAR-RV (OLS)
8014,0.00037757746261945775,0.000343573537611175,0.0003569760920625,0.00041992138522396,0.00035012869336277497,HAR-RV (OLS)
22752,0.0010352625864631232,0.00092478113910525,0.0009187571036722,0.0010407137058827602,0.00118693418505235,HAR-RV (OLS)
26337,0.00032595268045705963,0.000396204749928875,0.0003401567360037,0.00028748835102017996,0.000312565154124325,HAR-RV (OLS)
6819,0.00032331222888105904,0.000455184670056125,0.0002704504877893,0.00036728546891594,0.00038022788289260626,HAR-RV (OLS)
22598,0.0003777337194876903,0.000444477410888525,0.0004055351626444,0.00045705354051338006,0.000436095463322325,HAR-RV (OLS)
14912,0.00020218017554232703,0.000220778509239325,0.0001923472020288,0.0002265087178355,0.00028842884089219374,HAR-RV (OLS)
4603,0.000907890508356991,0.000703977305739325,0.0010294629093744,0.00091916144772692,0.0008271240604716313,HAR-RV (OLS)
11962,0.0004967369075474367,0.00025528239371925,0.0001648973157398,0.00020484966587840485,0.00032837403941368275,HAR-RV (OLS)
2844,0.0003123788960535661,0.000435166224980425,0.0003728834242248,0.00029248530602688004,0.00040479080081422497,HAR-RV (OLS)
23488,0.0006637795547104726,0.00043903476525990003,0.0006392177040567,0.00047362359728322,0.000459631739792825,HAR-RV (OLS)
6359,0.0008559211028255605,0.000946856989949925,0.0009209443255699,0.0010068604399409002,0.0011621251230651186,HAR-RV (OLS)
18792,0.0005408880996949228,0.0004608490052589,0.0005622521401544,0.00039631407941118004,0.00043057749285355,HAR-RV (OLS)
28779,0.000514901323878041,0.00044266100031609997,0.0001923619388015,0.00039431079407361994,0.0003863023123781125,HAR-RV (OLS)
8011,0.00033623597839177607,0.00029478810088104997,0.0003504981881719,0.00026047392751193764,0.00035127794135060553,HAR-RV (OLS)
17727,0.0009273224873559587,0.000591850125152775,0.0009233243486975,0.00072526405549618,0.0007244586007533874,HAR-RV (OLS)
30232,0.0006876764560629673,0.000594037861735025,0.0006600164202323,0.0006182511119096801,0.000613495589522425,HAR-RV (OLS)
16289,0.0006432330062490002,0.00081140366403775,0.0006769373206285,0.00068719480388578,0.000702993884539725,HAR-RV (OLS)
5488,0.00017889689468411938,0.000349198565751075,0.0002148663195985,0.00018864545981380192,0.0002558610852219443,HAR-RV (OLS)
4060,0.0002805226784016043,0.000283390872781025,0.0002680526508729,0.00032144455741725997,0.0003347433886525125,HAR-RV (OLS)
30866,0.00018068855358121055,0.000314276747279825,5.844060689467684e-05,0.0002505839254188154,0.00030818175552156104,HAR-RV (OLS)
1416,0.00038584847317607937,0.0004584781337399,0.0003738833492288,0.00035680005253896,0.00046812406193515,HAR-RV (OLS)
10941,0.0005425638771212702,0.0004886664268169,0.0005266559547168,0.0005226442444051,0.000537156703492225,HAR-RV (OLS)
1247,1e-08,0.00053483735514975,0.0001174975366731,0.0005527548513725199,0.00044216840786835004,HAR-RV (OLS)
7333,0.0004896825013473367,0.000757552531180825,0.0005299351814306,0.00069901606104952,0.00084635335856455,HAR-RV (OLS)
25357,0.0008123871113754342,0.001056424268013875,0.000788692905808,0.00085098226723186,0.0009085480850194751,HAR-RV (OLS)
29823,0.00048797279541550856,0.00042628465558837496,0.0004064599200219,0.0003589058827757,0.00041626393086968125,HAR-RV (OLS)
32433,0.00044645411885345463,0.000505870694788125,0.0004300389521037,0.00045750481381318,0.0003498587352517597,HAR-RV (OLS)
21911,0.0006748713787382749,0.0004354553527015,0.0004787647353482,0.0005181375343405799,0.0004599232386508812,HAR-RV (OLS)
840,0.000345433476827609,0.0004064336637218,0.0002335369323456,0.0004865256442918999,0.0004443736680387563,HAR-RV (OLS)
28342,0.00030395345021018243,0.00026675955326135,0.0003209961216442,0.00030713015646125993,0.00026493191973235884,HAR-RV (OLS)
13662,0.000483764897497825,0.000453846582088775,0.0004349226481695,0.00054711382864738,0.0006252387366625625,HAR-RV (OLS)
10339,0.0005833108149758741,0.000536115305912225,0.0007086281346166,0.0006099025331516,0.0006430190769853249,HAR-RV (OLS)
4587,0.00047239102963661734,0.000592623044467075,0.0004755404506033,0.00046261581621346,0.0004816117292966188,HAR-RV (OLS)
3622,0.0003295426003119584,0.00035713192897009996,0.0002458600983647,0.0002952819366511698,0.0003049556660614093,HAR-RV (OLS)
13655,0.000623318686516518,0.000469614487907475,0.0006066213969947,0.0005643536812938601,0.00046250115873863127,HAR-RV (OLS)
19626,0.0003189476947665273,0.000499854569247075,0.0003299203903831,0.0005631104456423799,0.00048779989990362495,HAR-RV (OLS)
8937,0.0005308514686830395,0.000461535246834425,0.000479416026023,0.00056125085411164,0.0005675407129545188,HAR-RV (OLS)
14810,0.00043357397575420945,0.000449874918473375,0.0003788841163937,0.00049228491822886,0.00048538712660707497,HAR-RV (OLS)
30279,0.0006021904897307822,0.000387198140783825,0.0005226519517503,0.00049356732998104,0.0006570459711722062,HAR-RV (OLS)
24437,0.00031429678776114336,0.0002931324697149,0.0002132246748863,0.00027146485357906,0.0003437814425545,HAR-RV (OLS)
15938,0.00034604806539689033,0.00028250639212782497,0.0002763376352162,0.00032860369067238,0.0003537609189567375,HAR-RV (OLS)
12299,0.000556549774705331,0.0005156782801548499,0.0005050956428417,0.00058527143537442,0.0005311720204713938,HAR-RV (OLS)
17785,0.0004906053364734997,0.0003833312087939124,0.0003916459428454,0.00028323852370770405,0.0003813828415249763,HAR-RV (OLS)
12266,0.0005096840022450249,0.000535667349191675,0.0004591690991956,0.00048913041986354,0.0004917360966296687,HAR-RV (OLS)
5878,0.00030242175710183314,0.00031963730500622503,0.0003188953738733,0.0003139440086139,0.00032626842858715,HAR-RV (OLS)
19647,0.000937876688412119,0.0007983405104970999,0.0007039137800275,0.0008586004935291599,0.00092678558010415,HAR-RV (OLS)
30456,0.0002574894455140834,0.00016543571802845,0.0003386525853911,0.00027828427733178,0.00034194238491418746,HAR-RV (OLS)
2992,0.00018628829307182045,0.00035663157899195,0.0002492603878564,0.00021803306855539998,0.00030620917609348126,HAR-RV (OLS)
29656,0.00019624085631208665,0.00035222627413907496,0.0003517977729887,0.00028219936293839783,0.00024215710603255882,HAR-RV (OLS)
26062,0.0006751468621308553,0.000544296600817325,0.0007353358251238,0.0005742867346389,0.0006044972884108375,HAR-RV (OLS)
4138,0.000418845519357715,0.000527474037175375,0.0004706064163538,0.00056268409188134,0.000619114421288875,HAR-RV (OLS)
14326,0.0003744535358889606,0.00026675985391555,0.0006275936834143,0.00048260246092539995,0.00043027551122744377,HAR-RV (OLS)
25813,0.000592295072793239,0.000518754747125425,0.0004358551578806,0.00060387059409704,0.0005765187740444187,HAR-RV (OLS)
591,0.00027166791009224274,0.0002794701684216,0.0003865849500022,0.00029161170599289993,0.00031250192379536873,HAR-RV (OLS)
15840,0.0006185461579902686,0.0005272326369102,0.0005911417316575,0.0005227485145119801,0.0006058907996324874,HAR-RV (OLS)
1551,0.0010443909771081583,0.0010933240924493,0.0012706960227596,0.00101884545555468,0.0008667361014052062,HAR-RV (OLS)
16288,0.000424346796975302,0.00023183351541467502,0.0003206368106834,0.0004546917086610799,0.0003521460352461024,HAR-RV (OLS)
2184,0.0008735054968307895,0.0004877619952365,0.0009264403068859,0.0009244231590701601,0.0007966741084317812,HAR-RV (OLS)
4739,0.0005877825733363734,0.000655680409625125,0.0008145577488357,0.0006743842255246401,0.000647304683883375,HAR-RV (OLS)
10946,0.00019066613769292882,0.00035223151048305,0.0002730893800169,0.00039859246082534,0.00031638263693768123,HAR-RV (OLS)
31934,0.00011724650141444316,0.0003813252663023,0.0001670527716066,0.00039716441787322006,0.0003243368226661,HAR-RV (OLS)
3735,0.0003954710104985338,0.000349305612566925,0.0004740571248656,0.00036759349536338,0.00041106355137353123,HAR-RV (OLS)
21640,0.00030980426632519953,0.0003324644061693,0.0003034171741267,0.00035294212010448004,0.00037158700013676873,HAR-RV (OLS)
7270,0.0006398263443357583,0.00050247554994545,0.0005031447072095,0.0005682411443772399,0.0005742308090344375,HAR-RV (OLS)
19488,0.00037201696847431303,0.00037465848746987506,0.0003920352435899,0.00031265490945649996,0.00035634324720320627,HAR-RV (OLS)
20557,0.0005477240482069958,0.000390822378258925,0.0004223010378984,0.00043003364980572,0.0004380770719259187,HAR-RV (OLS)
27511,0.0009332496341805325,0.0006340026559598999,0.0010161083745648,0.00088201049178274,0.0008538143030190625,HAR-RV (OLS)
19050,0.000153179111876734,0.000306973249460925,0.0002398153603925,0.00020182291030346297,0.00025557019320387596,HAR-RV (OLS)
25270,0.0012184303797659831,0.0009030784912674,0.0010926220875455,0.0009525210502664202,0.0011327537623538686,HAR-RV (OLS)
25894,0.0006399573608555172,0.0009572257025403751,0.0005051724482995,0.0004813591192208,0.0005639994260187625,HAR-RV (OLS)
20415,0.0008921801548464115,0.000653619801492175,0.0006522063327761,0.00080242079653652,0.0007606381121098313,HAR-RV (OLS)
21434,0.0004088527185926045,0.000367713714113525,0.0003700830476582,0.00039204190176267997,0.0003997341072414625,HAR-RV (OLS)
152,0.0005872852455048016,0.000510463754337125,0.000648916489814,0.0005789804222425,0.000715235623032,HAR-RV (OLS)
24393,0.0005055752384134887,0.00040763526778972496,0.0003871850281467,0.00038221409187804003,0.0005145974708039687,HAR-RV (OLS)
22517,0.000391056020955307,0.000409433502769,0.000321290244574,0.00035052424552584,0.0003768057996000875,HAR-RV (OLS)
6815,0.0008404309758857135,0.000872458104572925,0.0009729080276909,0.0008319351461192001,0.0008421455768310687,HAR-RV (OLS)
23598,0.0003305515471426541,0.0002703729395693911,0.0003269671312168,0.00037404641380665995,0.00036458962988675627,HAR-RV (OLS)
18088,0.0004097448643580989,0.00020850077435325,0.0004095341541423,0.00038094407051688,0.0003849309117945625,HAR-RV (OLS)
25636,0.0004579691803914402,0.0005572982565624751,0.0004579130945556,0.00045292931393839993,0.00039635519375575627,HAR-RV (OLS)
9448,0.0004912380454561108,0.00039722839890119995,0.0004531716484423,0.00048167186075285997,0.0005064114963219187,HAR-RV (OLS)
3414,0.0004774944334325021,0.000525883256982725,0.0003883062390103,0.00047467196136234,0.0004664162089852438,HAR-RV (OLS)
11641,0.0002502800494535187,0.000307996846386275,0.0001628640513757,0.00031917874550199996,0.0003214194492986625,HAR-RV (OLS)
22674,0.0005172937131498879,0.000522138094865,0.0004766854976487,0.0005446939436452601,0.0005283156374889749,HAR-RV (OLS)
25924,0.0009269552989296343,0.0007747709834796249,0.0008311425759985,0.0008400829642740599,0.000881639063316125,HAR-RV (OLS)
16679,0.0014101629513997268,0.00119344946590175,0.0013846962679679,0.0012890671986035798,0.0010097655299216187,HAR-RV (OLS)
5218,0.0011994893685953745,0.0006981287517081999,0.0009726870335291,0.0007582676329688,0.0005482353712085062,HAR-RV (OLS)
611,0.00042930205810629246,0.00048400472012032503,0.0002413600189843,0.00039158746592958,0.00048287486099798753,HAR-RV (OLS)
15965,0.0006969682242506786,0.00043471543515415003,0.0007271351609619,0.0006233119742750599,0.0006440847593014874,HAR-RV (OLS)
14273,0.000358495529887406,0.00032085457319355,0.0003910251304142,0.00027086642437126,0.00035662118970356254,HAR-RV (OLS)
20430,0.00041541872830670506,0.00034974429416667505,0.0002938984561938,0.00030252694036322003,0.00033893426332622497,HAR-RV (OLS)
2117,0.00028238484218821966,0.00030159785208275,0.0002073777744323,0.00025563505505654357,0.00025313658412940077,HAR-RV (OLS)
29330,0.0003115756229893113,0.00023393525071407865,0.000157609869761,0.00029441999962887997,0.00047747021459925625,HAR-RV (OLS)
1158,0.0007442456091039098,0.00048390449672445005,0.0005103292552426,0.00055183109421038,0.0006344171338381562,HAR-RV (OLS)
26190,0.00033690031235593767,0.00042940261726217503,0.0003776308899427,0.00036189228735401997,0.0003266033640525625,HAR-RV (OLS)
29089,0.00039815650723071163,0.000411257175670375,0.0003773100361611,0.00033883630280171997,0.00039625374195531875,HAR-RV (OLS)
6545,0.0002700474231629277,0.00016335133803554688,0.0002595439125756,0.00024388437836396,0.0003116019672753,HAR-RV (OLS)
4858,0.0002225395439007967,0.000293621693860925,0.0001498172994139,0.00033571499117341996,0.00028995010161075,HAR-RV (OLS)
31554,0.00028092270391276387,0.0003116671129899,0.0003611789678604,0.0002493664716280791,0.0002631060439517435,HAR-RV (OLS)
595,0.0004107109428094272,0.000260547825070275,0.0005114174093429,0.0004042101236697,0.00042770357109563127,HAR-RV (OLS)
22441,0.0009495590037014001,0.000700251670396775,0.0011038954122249,0.000776604144146,0.0007672463716911062,HAR-RV (OLS)
13579,0.0009498053183900229,0.00072363159501755,0.0008971309399285,0.00102201628945906,0.0009051380795542688,HAR-RV (OLS)
17565,0.0004453842439172132,0.0005440104999003601,0.0006273884612306,0.00049729139649468,0.0005450587740152,HAR-RV (OLS)
6931,0.000619548436053054,0.0005757846421149499,0.00082978127981,0.0005923929969250599,0.0004184005425141625,HAR-RV (OLS)
2185,0.0003907505183438783,0.000390278642685575,0.0002961565635797,0.00033726766388941993,0.00041842015746295,HAR-RV (OLS)
7885,0.0003133929205749702,0.000516764570456075,0.000610145106467,0.0005381255497745262,0.0003621545053131759,HAR-RV (OLS)
24443,0.0002929443897555559,0.000251032013276725,0.0003019675729272,0.00028873898944664,0.0002967518048947125,HAR-RV (OLS)
1962,0.00032654003928342894,0.00031010339273212503,0.0003296379257664,0.00026394878408502,0.0002971939184687562,HAR-RV (OLS)
1728,0.0003520466783750542,0.000550447109144675,0.0001115490323019,0.00044701962141248006,0.0004007652585949813,HAR-RV (OLS)
17112,0.0006986344914836169,0.0007400239214449249,0.000999911010483,0.0009037913561426601,0.0008008650021754124,HAR-RV (OLS)
28186,0.000922531092695591,0.000660218003348175,0.0004729630796673,0.00075250199708308,0.0007972992728042062,HAR-RV (OLS)
27543,0.0007561247187795069,0.0007044354826342999,0.0011044762464949,0.0009114206385223,0.0007434463638065563,HAR-RV (OLS)
12559,0.000514754696415413,0.0004535848558173,0.0003971300232379,0.0005296946208524,0.00046394703563473126,HAR-RV (OLS)
7629,0.0006550224908061606,0.0006094998389450499,0.0004237684770735,0.00054549867832532,0.0005975093350546,HAR-RV (OLS)
27215,0.00047100532196153126,0.00051949510587235,0.0002957389744936,0.00051507096878154,0.0005327433908632,HAR-RV (OLS)
28070,0.00039408323820641405,0.000408140762554825,0.0002345081150395,0.00041987687523529994,0.00044432449219281874,HAR-RV (OLS)
1920,0.0005849097065373363,0.00034635651884074996,0.0006250474474096,0.00043039926240766,0.00041203535515480004,HAR-RV (OLS)
24034,0.00021356763977500672,0.00022004759692142498,0.0003179163322342,0.00022521685450392002,0.00021056873884448975,HAR-RV (OLS)
18247,0.00043624318662104214,0.000399443873063225,0.0004770265167682,0.000424440402573,0.0004490475807655625,HAR-RV (OLS)
10816,0.0007937837732992163,0.0006803544861623001,0.0007724025005116,0.000658441417318,0.0007526245348998188,HAR-RV (OLS)
32676,0.0014043473586558518,0.00073518026236305,0.0017601145586725,0.0008585299687557601,0.0006868359427264501,HAR-RV (OLS)
16466,0.0003344230207088433,0.00035781214110795,0.0003781285888728,0.00045774390515999994,0.00040952466335335627,HAR-RV (OLS)
11874,0.0005402808648393449,0.00050713343011095,0.000459040208013,0.00044837712390744,0.0005094582460848625,HAR-RV (OLS)
20944,0.0004644313308240759,0.00038472044194885004,0.0004519020911949,0.00028086368500298,0.0003590514710662437,HAR-RV (OLS)
18629,0.00023098127944550233,0.00024332536697401004,6.347970932601518e-05,0.00023936674185344307,0.00035076601982843845,HAR-RV (OLS)
13868,0.0004294858859789808,0.0003941919233514,0.0002787813233768,0.00040237000831938,0.00047767289786067497,HAR-RV (OLS)
31077,0.0002529261685856622,0.00027499575367235,0.0002695484700091,0.0002656694460047,0.0002907046599441,HAR-RV (OLS)
30050,0.0004616452584738678,0.00040166144101107503,0.00075275069921,0.00044900050188840005,0.00047555526961024375,HAR-RV (OLS)
15894,0.00046811369642112794,0.00029146595111901436,0.000446157407081,0.00034794875394078,0.00039316433181660625,HAR-RV (OLS)
18682,0.00044346265780139445,0.00044153769738310004,0.0003281172698337,0.00026979494481284,0.0003639917741743938,HAR-RV (OLS)
6121,0.0004312828371613658,0.00040478656317095,0.000492442928472,0.00048708997071968,0.00047715152486635626,HAR-RV (OLS)
2119,0.00040468942875570755,0.000426230102052425,0.0003202368979814,0.00036689239155824,0.0004416843979958437,HAR-RV (OLS)
5853,0.0006059508628779836,0.0002085147696909,0.000593934909723,0.00032472248673694003,0.000316699106689525,HAR-RV (OLS)
3531,0.0005390674939368006,0.0003788846292386,0.0005433244487372,0.00040822906906128,0.0004979660412002937,HAR-RV (OLS)
1011,0.0003832685891568122,0.00024072207744189997,0.0004119039200715,0.00038082458280611997,0.0003678700463274375,HAR-RV (OLS)
6904,0.00031376169187002543,0.000314708061208925,0.0003377603282156,0.00038026268184302,0.0003902154031700591,HAR-RV (OLS)
18007,0.0005132594318724185,0.000658048600971875,0.000570206167203,0.00046861733976406004,0.0004936423162564937,HAR-RV (OLS)
4103,0.00043713594975781076,0.0006624654073538749,0.0002639391121973,0.00035535510867538,0.000289847556192725,HAR-RV (OLS)
2088,0.00038635509088569926,0.000181666319083775,0.0003989697260816,0.00044434266662766,0.00028996149277321626,HAR-RV (OLS)
6657,0.0010194812875158983,0.000960435095380175,0.0008012184336751,0.0010859215021129,0.0010516061324448063,HAR-RV (OLS)
13920,0.0005941403608730173,0.0010281409153309249,0.0010722048635036,0.0009356167330010001,0.0009604423411335312,HAR-RV (OLS)
2491,0.00039414653383638336,0.0002150591397965769,0.0001954193182836,0.00028637862784578,0.0003206736711944375,HAR-RV (OLS)
27956,0.0004244550366318331,0.000622733271362375,0.000361758167696,0.00038219488945604,0.00044202873263523754,HAR-RV (OLS)
14909,0.0006892962518664195,0.0006505667921504499,0.0007685429901115,0.0007562742867655801,0.0007549807440060312,HAR-RV (OLS)
27013,0.0004440674882423104,0.000326087567561175,3.938300907783069e-05,0.00026065670772312615,0.0003116703016197457,HAR-RV (OLS)
30177,0.0002042484765173029,0.0005150433926772,0.0002213536330991,0.0005513381436768,0.0005941571637982063,HAR-RV (OLS)
19154,0.0004228320051921018,0.00039922924725929997,0.0004224193064048,0.00041510752358566,0.00043544646122235,HAR-RV (OLS)
31463,0.0007124159230864398,0.000481904377632175,0.0006778747212767,0.00063211284275336,0.0007131962915955562,HAR-RV (OLS)
19765,0.0005566433220638728,0.00046373076666245003,0.0005678589098041,0.0005086810428829201,0.0005926463881315562,HAR-RV (OLS)
18082,0.00064955235244541,0.0006384875937878499,0.0007307408134933,0.0006689492354323799,0.0006444899171233563,HAR-RV (OLS)
17117,0.0005703303752046953,0.0005676717520435499,0.0006401688391166,0.00060587612909382,0.0005831035452507812,HAR-RV (OLS)
17584,0.0005291815922324565,0.00035319113716875,0.0006569583906818,0.0005286966411462799,0.00045859012547099995,HAR-RV (OLS)
21555,0.0004307234452685905,0.00048887010960355,0.0003208453404943,0.00047530154821042006,0.0005678464986780688,HAR-RV (OLS)
20491,0.0010364657581647557,0.00114145529499105,0.0010559714881527,0.00090489930546834,0.0009219543367224063,HAR-RV (OLS)
20008,0.00043360807040295456,0.0003602364617526,0.0005591227792608,0.00046452062841683995,0.0004383046361103312,HAR-RV (OLS)
27851,0.00036633623674136754,0.0004296952358403,0.0005977146164875,0.0008260013261984399,0.0005916764369139249,HAR-RV (OLS)
7219,0.0005318840990490221,0.00056520938948555,0.0003148132046912,0.00044003626644709994,0.00048415429288508125,HAR-RV (OLS)
16489,0.0002983990191029303,0.00034000243577505,0.0002112919133344,0.00028001607433216,0.0003243180126514884,HAR-RV (OLS)
13451,0.00037696942221866894,0.000442584680237175,0.0005194849277192,0.00059219210109062,0.00044819826791046223,HAR-RV (OLS)
23858,0.00037098580992480225,0.00033663602242752194,0.0002936688813655,0.0003569855281731,0.0004252642494164687,HAR-RV (OLS)
24754,0.0003588007428610985,0.00038950978802757507,0.0003551660448545,0.00027768783169076,0.0003509983857713062,HAR-RV (OLS)
18692,0.0013825246140083294,0.00057817530752845,0.0002757719017836,0.00039754107995423996,0.0004564946372361937,HAR-RV (OLS)
21693,0.0004986127709872916,0.000486202854941625,0.0005696452619412,0.0005489983392304601,0.0005202585737911687,HAR-RV (OLS)
29664,0.0003899404942703204,0.00044693375490952497,0.0003648452103733,0.00050543212153232,0.0004534524191129,HAR-RV (OLS)
6270,0.0005069228603789918,0.00038295838980539996,0.0003837763491257,0.00045782167575892003,0.000480256308180975,HAR-RV (OLS)
4089,0.000659470250146822,0.000630612523882325,0.0005100410569516,0.0005530287163079,0.0006317812679095938,HAR-RV (OLS)
5978,0.00046000327961103025,0.00030128302380750003,0.0004015885035062,0.00034514029425819997,0.00036590824822074373,HAR-RV (OLS)
17295,0.0005859928676399545,0.00046561871104900006,0.0005312841495946,0.00042616056454483994,0.00041912496830886874,HAR-RV (OLS)
26586,0.000523210105125709,0.00070355951961605,0.0006097292476709,0.0007543440597588601,0.0006686424068386,HAR-RV (OLS)
14797,0.00029453193759290534,0.00033523621891825,0.0003080132242823,0.00026251496605706,0.00030070880715763127,HAR-RV (OLS)
22355,0.000183143352550493,0.0003314004101519,0.0001433163985963,0.00026009859753048,0.00038051507367823127,HAR-RV (OLS)
10751,0.0006808403507603104,0.000542830897816425,0.0005080137652293,0.0004984132796831048,0.0005837626568550578,HAR-RV (OLS)
15772,0.0006114394116548683,0.00075396108816385,0.0006332126103134,0.00065409640592064,0.0008441776340371875,HAR-RV (OLS)
17109,0.0010482530177881358,0.000744907510324,0.0009028486478584,0.00097577932041624,0.0009440435443116625,HAR-RV (OLS)
32473,0.0003623108642752531,0.000243342370978525,3.734662463642773e-05,0.00029016423234920556,0.00032939085269867674,HAR-RV (OLS)
16320,0.0004907221644406196,0.00052827304201955,0.0004770437621293,0.0005353075147372,0.0005138169600001375,HAR-RV (OLS)
8590,0.000418157521647702,0.00034499451531905,0.0004849368603258,0.0003917748146309,0.000429310558181,HAR-RV (OLS)
12581,0.000324911977697652,0.0002409543688464815,0.0006177150081277,0.00037892851375938,0.0003461135454794937,HAR-RV (OLS)
10163,0.0003229401516000473,0.00030439326196015,0.0003092117987223,0.00040613483189639996,0.0003979017872202875,HAR-RV (OLS)
14246,0.0006610385111476052,0.00041548277703130004,0.0003525102196191,0.0005152463585031801,0.00045621574985024374,HAR-RV (OLS)
13321,0.00029343934661232103,0.000331290505820825,0.0005764836430239,0.00043093735712266005,0.00036898428753212814,HAR-RV (OLS)
20336,0.00020844173553254922,0.000313066500996,6.223175275096526e-05,0.00022160756652799305,0.0003412761580142353,HAR-RV (OLS)
18000,0.00032083452580986953,0.001032965183516725,0.0003955485142951,0.00033615006035610007,0.0003698383772257625,HAR-RV (OLS)
27270,0.00038436787645796224,0.000342470529371675,0.0002191279861526,0.00031229527331182,0.00032562523904265,HAR-RV (OLS)
9352,0.0009764838184537813,0.0011819212994025247,0.000728523734329,0.00085037806377572,0.0009301967089171,HAR-RV (OLS)
15163,0.0004463302182927583,0.00039665736983007495,0.0004159331790184,0.00037071512230046,0.0003942432404276063,HAR-RV (OLS)
5056,1.3760054582201853e-05,0.000642551951429425,0.0005828685870258,0.00064303522401622,0.0005246469124436375,HAR-RV (OLS)
14738,0.0006350471988436478,0.000351389521846825,0.0008909272294466,0.0006323609027503199,0.0006620311821474688,HAR-RV (OLS)
17804,0.0003475096975494859,0.00041432253179152505,0.0003312270477613,0.00040693307011282,0.0004739318190789312,HAR-RV (OLS)
30620,0.0007911939798480564,0.0009515231687788001,0.0008008654008605,0.00090332175932016,0.0008552588822302438,HAR-RV (OLS)
19389,0.00041683559682603825,0.000381552765009225,0.0004102163909521,0.00042598688505186,0.0004232517600407563,HAR-RV (OLS)
3703,0.0010607079578670677,0.0007743010894361499,0.0010365097839195,0.0009367493229730199,0.0010566600328226314,HAR-RV (OLS)
17569,0.0006172697481342867,0.000548263515475475,0.0005420094512018,0.00048536085319408,0.00040325580405082466,HAR-RV (OLS)
8044,0.0006721221050300902,0.0006562970859425,0.0006733371199326,0.0005642804299758,0.0006217662176951563,HAR-RV (OLS)
10642,0.0003787048945405108,0.00023363743194594998,0.0006014739498771,0.00045919081363128,0.0004210723970598875,HAR-RV (OLS)
14842,0.0005209553906408827,0.00042657357158005,0.0005409657730791,0.00055344311868966,0.0005224498192930875,HAR-RV (OLS)
22262,0.0006597291889197732,0.0004266083285423749,0.0003407209033257,0.0003372923481872,0.00043175407382491874,HAR-RV (OLS)
7909,0.0006158349355146767,0.00083817851379785,0.0007290514098221,0.0009046825314236201,0.0007834296939937375,HAR-RV (OLS)
13432,0.00032922726652396476,0.000304780464630925,0.0004260652302421,0.00037674726292652,0.00034566348004383125,HAR-RV (OLS)
7107,0.00046917867492839225,0.000527954785718325,0.0002358276985455,0.00054556675598046,0.0005520245578502999,HAR-RV (OLS)
23132,0.0003707114608044107,0.0006555997696587751,0.0004302536451066,0.00025578899233460003,0.0003616199763844813,HAR-RV (OLS)
9000,0.0004103520027795512,0.00045719462189037504,0.0004246644715935,0.0005869457926218599,0.00045638720832424375,HAR-RV (OLS)
14319,0.00045369966593995943,0.00033434522072300004,0.0001970342387698,0.0003481051700312,0.00042134658962436877,HAR-RV (OLS)
159,0.0003691305611904645,0.0005844151954475,0.0004223293637318,0.00046121321125553995,0.0005612471616848187,HAR-RV (OLS)
16745,0.000729191002907079,0.0005350234643036,0.0006098643864112,0.00046861814728609995,0.00047582913360224373,HAR-RV (OLS)
22003,0.0003611577821305893,0.000388307245177525,0.000279835392728,0.00030907565979274005,0.000350907157946,HAR-RV (OLS)
25653,0.0003868191567980761,0.000291118863010075,0.0004647686072009,0.00045157742027060005,0.00035439117578638124,HAR-RV (OLS)
20881,0.00044255436565202077,0.000420965871646975,0.0002315147999416,0.00037609582971014,0.00039331218002590623,HAR-RV (OLS)
16312,0.0007712889871394912,0.000601910250577575,0.0004316052700268,0.00051689282451976,0.0006119952739470625,HAR-RV (OLS)
28841,0.0008110501382131011,0.0007516087213857499,0.0006954051572996,0.0007299569737585,0.0007812563325068875,HAR-RV (OLS)
22126,0.00024148803878062172,0.00024432332799275,0.0003253063043667,0.00021464792433692291,0.00029726464007005717,HAR-RV (OLS)
1581,0.00033766115294623267,0.00034757973144762495,0.0003359591130212,0.00024882991823240005,0.00031406764925424375,HAR-RV (OLS)
17888,0.00018461079129817275,0.000245013889820625,0.0001769537446615,0.00018483769879426706,0.00018527954929200844,HAR-RV (OLS)
2046,0.00036785391687059807,0.00030752028414655,0.0003479659280635,0.00034959484125722,0.00036929454391104375,HAR-RV (OLS)
6480,0.00030804433993828525,0.0003175495037412,0.0003015368063756,0.00037144422316544,0.00030764674330574,HAR-RV (OLS)
1991,0.00047089967011809816,0.0003321812156197107,0.0004793030727784,0.00040696272650658,0.0004466332740168187,HAR-RV (OLS)
24171,0.00047630562121920596,0.0003306550656874,0.0005305333383808,0.00037965668681299994,0.0003457798053690313,HAR-RV (OLS)
31303,0.0005279341312927179,0.0004038063679297,0.0004953725048317,0.0004571296447418,0.0005923719367486875,HAR-RV (OLS)
23836,0.00042012580597237904,0.00031823639286055,0.0003179511169796,0.00038228265697674,0.00046794640658986877,HAR-RV (OLS)
29842,0.00036317034638165487,0.00075394561025345,0.0006437809004055,0.00050212184385158,0.00045697014969421255,HAR-RV (OLS)
30521,0.0003884250664328155,0.000277132241931975,0.000354062721832,0.00047399067533590003,0.0003899442596624875,HAR-RV (OLS)
14080,0.00048049308482183144,0.000613678773906025,0.0003570221094406,0.00055687423034066,0.0006044078040606938,HAR-RV (OLS)
17342,0.0007903093259854717,0.000724234109451975,0.0007469526561879,0.00063652837434164,0.00070871372871805,HAR-RV (OLS)
23628,0.0004023366491741811,0.00051070332442945,0.0003905199593264,0.00037035360608293994,0.00042352991234451874,HAR-RV (OLS)
5676,0.0008080864840494812,0.000668627735162525,0.0007737701272035,0.00081454373106072,0.0008428860837634563,HAR-RV (OLS)
19839,0.00024073732120819533,0.00025931058090027635,0.000155542839416,0.000270434942409,0.00040047312779634375,HAR-RV (OLS)
20329,8.195755137753972e-05,0.0002628964298395448,0.0002295542325871,0.00072950591976128,0.00040751475645600004,HAR-RV (OLS)
16629,0.0006252744895621677,0.000616135942280225,0.0005683202317458,0.00056408014568408,0.0006146401390738562,HAR-RV (OLS)
11367,0.0006044098943480142,0.0003437059731994,0.0005247659293773,0.00041686765912976,0.000351529260278175,HAR-RV (OLS)
22440,0.00038924659550623785,0.000399239379237875,0.0004658458939587,0.00047678698321111993,0.00036592959994050263,HAR-RV (OLS)
9219,0.0004566369822918934,0.00045668505014490003,0.0005635806307803,0.00042012895248141993,0.00041004798731186873,HAR-RV (OLS)
11264,0.0015042970910436404,0.000870257764505025,0.0012625879570083,0.0012180068300958599,0.0013667231283418563,HAR-RV (OLS)
9633,0.00027468738296793316,0.00045131760370794997,0.0002906026175802,0.00037379559055722,0.00035289905748963127,HAR-RV (OLS)
17424,0.0001757853429826022,0.00032682882397065,0.0001349630567711,0.00027258951259548,0.0003116516200209938,HAR-RV (OLS)
20827,0.0006897115036760436,0.0008912751547190251,0.0006562211377669,0.00083244877512258,0.0008607352192385813,HAR-RV (OLS)
4361,0.0002704670931258301,0.00029188287914363596,0.0002161253003962,0.00021277612565539266,0.0003185397997315477,HAR-RV (OLS)
31254,0.0005577738650451008,0.00052793770628515,0.0004086030627746,0.00045361857961756004,0.0005090705656178062,HAR-RV (OLS)
5686,0.00016722241781983935,0.00025062170822968385,0.00027593437072,0.00025290592395420003,0.0003950546351407688,HAR-RV (OLS)
25290,0.0009295705256815218,0.001064817486216025,0.0009711366535729,0.00098591723858538,0.0008322587092657126,HAR-RV (OLS)
325,0.0006206229924179444,0.00062124602800135,0.0008875674140298,0.0006479788412228599,0.0006290253317509,HAR-RV (OLS)
10734,0.0002558969964280974,0.0002982947920913,0.0002495085269156,0.00024964224256607997,0.0002989719850432438,HAR-RV (OLS)
1532,0.00040550024311764563,0.00027262063907147895,0.0002820114756672,0.00034166610223078,0.000366123452601675,HAR-RV (OLS)
20164,0.0007166774725307517,0.000784180739526875,0.0010325073791768,0.00082708231952284,0.0008013380729476624,HAR-RV (OLS)
26678,0.00042718802315041117,0.0006207638935534,0.0005127738203514,0.0005085845424535,0.0006442779603182937,HAR-RV (OLS)
25019,0.0002937288159385445,0.000341820379927275,0.0004111320819555,0.00034157416880931996,0.0002892307046308266,HAR-RV (OLS)
5667,0.0005096298551684072,0.0006586037939579749,0.0007165176673268,0.00103916313581866,0.0008908328224421812,HAR-RV (OLS)
14218,0.0005359786805174732,0.000614694217879575,0.0004023334597793,0.00066818093636944,0.0006269806630367625,HAR-RV (OLS)
31471,0.000720943880445002,0.00056294746398755,0.0007150234635133,0.0006953367119891,0.0007586852356749813,HAR-RV (OLS)
26410,0.0005980154795779108,0.0005921076930203,0.0006216883847744,0.00053980234067556,0.0006006342049991312,HAR-RV (OLS)
31404,0.0008559962242208438,0.000782031975089975,0.0009096179194092,0.0008916628907018199,0.0007787213972458562,HAR-RV (OLS)
5846,0.0009784095047926625,0.001215477322835275,0.0009277865949746,0.00102491842500672,0.00103740500212345,HAR-RV (OLS)
25773,0.0007736441928905898,0.00043483473746147496,0.0008161650624288,0.0006516780159188799,0.0005185577915715375,HAR-RV (OLS)
16040,0.0006546112998249436,0.000634406989670575,0.0005198212344162,0.0005456617574987801,0.0004950661361105,HAR-RV (OLS)
31113,0.0008856150394844463,0.0013679911936491,0.00112649015875,0.00126747738574766,0.0011134307221264063,HAR-RV (OLS)
4927,0.0011250088187428223,0.000967530448640875,0.0010800162033816,0.00097092516718224,0.0010474744218096188,HAR-RV (OLS)
23630,0.0006986427093393004,0.000498041966966875,0.0005444142571828,0.0006261697399264999,0.0006664076303874437,HAR-RV (OLS)
23490,0.0015958667495827557,0.0011599144593364,0.0013706613236068,0.0013338455132881,0.0011513846639986875,HAR-RV (OLS)
4557,0.0004471662043081001,0.000389103519381275,0.0003532445636866,0.00042246544736850006,0.0005048449015186,HAR-RV (OLS)
7775,0.0008722246006520815,0.000852952575324675,0.000978614296156,0.00072461572629942,0.0007555314299575937,HAR-RV (OLS)
21240,0.0010868934735105452,0.0011162180147124999,0.0009792033244507,0.0009871901737028,0.0011098605001303124,HAR-RV (OLS)
13160,0.0005483417495629232,0.00032828968193332497,0.0003472812348004,0.00042604419340047997,0.000458032014934175,HAR-RV (OLS)
30940,0.000841347407293669,0.000640211629383725,0.0007139561218145,0.00078451003906222,0.0007992920923698625,HAR-RV (OLS)
16704,0.0003309108296081951,0.000422246180952025,0.0003061634231318,0.00036079970551054,0.0003362010148805875,HAR-RV (OLS)
13495,0.00034788113667991703,0.00025585387187567496,0.000354995546647,0.00033359917581818,0.0003388467845451813,HAR-RV (OLS)
6494,0.00039332014600480846,0.0008180376640380999,0.00057940361602,0.0005615806853595201,0.0007644144944678999,HAR-RV (OLS)
20021,0.000549981352298407,0.00043057314412225,0.0007675835466718,0.00050852394769716,0.000564993955440675,HAR-RV (OLS)
29997,0.00042963418811713117,0.000399214758561675,0.0004787913941557,0.0004760446958934,0.0004333133293661938,HAR-RV (OLS)
16771,0.0007852208433810863,0.000705914219163125,0.0008723696629381,0.00079915985659552,0.0008687069652326312,HAR-RV (OLS)
32155,0.0006143398577282827,0.000492104168011175,0.0007221804656762,0.00073269982404292,0.0006124768606151874,HAR-RV (OLS)
25866,0.00039997233744419066,0.000430252106745625,0.0003931375363804,0.00038157212173305994,0.00034009194139559374,HAR-RV (OLS)
12728,0.00040236666236599607,0.0004591550035727,0.0006530327217093,0.00050491755909784,0.0004594509799312,HAR-RV (OLS)
25234,0.0006008959518927978,0.000474273511144875,0.0004921407390858,0.00055251897525772,0.0005130731710347062,HAR-RV (OLS)
4084,0.0006269870717197277,0.00042273951332604995,0.0006310835469579,0.00063378286560148,0.0007010222216734562,HAR-RV (OLS)
12279,0.00041619580877976154,0.00040454710368405,0.0004131854032687,0.00036330437029434,0.00038701875506941876,HAR-RV (OLS)
7759,0.0011443360355700809,0.0010119811255745,0.0010081283841236,0.00098210120093122,0.001092982752919019,HAR-RV (OLS)
8534,0.0002707145064884469,0.00054434547709945,0.0004266312967092,0.00032128636606808,0.00032861156905065623,HAR-RV (OLS)
29616,0.00038846180423728267,0.000280210913057875,0.0003807298299595,0.00037595304538216,0.0003782213082755125,HAR-RV (OLS)
13207,0.0011397622685708694,0.0007796699446683,0.0011190454978447,0.00126617585000428,0.0011904049682409,HAR-RV (OLS)
32653,0.0004925636063266623,0.0005665834084131751,0.0004349830447234,0.00046183755589188004,0.0005880164669378061,HAR-RV (OLS)
1142,0.0005428501662049884,0.00032120395658835,0.0002986740179751,0.00043037491895532,0.0004848058290634937,HAR-RV (OLS)
15908,0.0005723387365661188,0.000530351106060175,0.000479635146376,0.00048018697862886,0.000535143435423175,HAR-RV (OLS)
12533,0.0004939489240166884,0.00043750430996715,0.0006170524181577,0.0004949718855206999,0.000563078438394425,HAR-RV (OLS)
26759,0.0004673809216595477,0.000395143018357175,0.0003671417171003,0.0005067804238919401,0.0005223506723360625,HAR-RV (OLS)
13552,0.0005052466567221977,0.0006901180685817999,0.0003428961475761,0.0004097061881926,0.00044587230092823745,HAR-RV (OLS)
16601,0.00018412161004710613,0.00017096001823886276,6.52846223751154e-05,0.00014764764662823568,0.0002118081406833382,HAR-RV (OLS)
1408,0.0004567541260075362,0.00034217976879175,0.0004096342170857,0.0005220791431692401,0.0004986423529590688,HAR-RV (OLS)
12585,0.0006233362888852876,0.000478525878817525,0.0005848227749913,0.00038867880436902,0.00041306101631695,HAR-RV (OLS)
20862,0.0003394569908184231,0.00043536207674242503,0.0004063710642134,0.00032508415071312,0.000513369535313575,HAR-RV (OLS)
26314,0.0009883190568667393,0.0008387177143760751,0.0008484800145307,0.00105378356729526,0.0011762326696910313,HAR-RV (OLS)
13533,0.00044075741740124454,0.00030989365203445,0.000433700148456,0.00040569664841555995,0.000391375923077975,HAR-RV (OLS)
16240,0.0007218614762559161,0.0007030973725723749,0.0007845590592523,0.00048695419833313995,0.00042139943108860625,HAR-RV (OLS)
27837,0.00045925911135339444,0.00035090289889334994,0.000432133056002,0.00036914472976268,0.0004186904649239,HAR-RV (OLS)
28190,0.0003537663650755951,0.0003270837459967,0.0002314640650537,0.00040304651087764,0.00040097421841141353,HAR-RV (OLS)
16560,0.00011508852867700458,0.0003105449451473,0.0004727398658771,0.00038524274044146004,0.0003146870863649875,HAR-RV (OLS)
11726,0.00023474046314479876,0.00039594566487555,0.0002415339745324,0.00040645213481121993,0.0003802501638667188,HAR-RV (OLS)
17486,0.00037214934821042306,0.0004179198065583,0.000410673529688,0.00032217766951392,0.0004907107344071625,HAR-RV (OLS)
12633,0.00046828033763701075,0.0005474261079363751,0.0003513938449406,0.00042942597138494,0.0004978602209017438,HAR-RV (OLS)
30824,0.0006416847040893712,0.00097151414850835,0.0005764207381,0.0005310617151105601,0.0005771982396742062,HAR-RV (OLS)
5916,0.0005024792950080808,0.00044254557153365,0.0005248257992782,0.00045163167389126,0.0004946069674787,HAR-RV (OLS)
20691,0.00037176254351340516,0.0005456547159633001,0.0008050892084454,0.0006752997987798,0.0006241762907034437,HAR-RV (OLS)
27585,0.00039022750882497113,0.00041233526922919997,0.0003617273783091,0.00039102916936624,0.0004042787790087375,HAR-RV (OLS)
20457,0.0005589159651719941,0.00047318720427924995,0.0003957652175756,0.0004543489921208,0.0004975186720780501,HAR-RV (OLS)
12920,0.0004234112270349469,0.000543005317407375,0.0003131415519516,0.00039780392592652004,0.00040297152530715,HAR-RV (OLS)
9201,0.0006058098444612695,0.000410482908266275,0.000499454245432,0.00054170862061042,0.0005392377090251062,HAR-RV (OLS)
13328,0.0005257912552668536,0.000410355262878425,0.0005991373657735,0.00052631513489936,0.0005944105760686937,HAR-RV (OLS)
32686,0.00035230420496831826,0.00029268326898295,0.000170532501631,0.00017858892480447915,0.00027249668825704077,HAR-RV (OLS)
12852,0.0003891170806342859,0.0006040320262731501,0.0005845231689611,0.00069179627234374,0.0005557439340722688,HAR-RV (OLS)
6342,0.0005283019787046561,0.00041364816506355003,0.0003317790049733,0.000428232747496,0.00044708274314244375,HAR-RV (OLS)
29548,0.0008180740159876606,0.000898154661773575,0.0008703840815909,0.00081413021846444,0.0007833740409922375,HAR-RV (OLS)
22263,0.0006600037103491756,0.000743182136432175,0.0009546586158909,0.00071781084718022,0.0007093688085031,HAR-RV (OLS)
6961,0.0008542346032317108,0.00113699929202925,0.0008421760520373,0.00079813233557516,0.0007033673677608438,HAR-RV (OLS)
22011,0.0004935229300817425,0.0005553674638364751,0.0004532808110861,0.00056317593778666,0.0006393059421529812,HAR-RV (OLS)
20199,0.00035923254340171503,0.000309035041118675,0.000337224781922,0.0003549091166745,0.0003826804883090875,HAR-RV (OLS)
16271,0.00038510366146854604,0.000314842105052025,0.0004063800517531,0.00040535616255978,0.00036609438416783125,HAR-RV (OLS)
25616,0.00019309754118049076,0.0003232573769015,6.574764777750268e-05,0.0001928452730379143,0.00024418697702566076,HAR-RV (OLS)
11263,0.0009441185345068004,0.0009777234292956249,0.0009767076210969,0.001003924092884,0.0009604754215451062,HAR-RV (OLS)
18072,0.0004420465386192629,0.00042917156236854995,0.0005244923880528,0.00072419502406592,0.0006180218015495438,HAR-RV (OLS)
7747,0.00040283360720513926,0.0002483944456598868,0.0002892246088776,0.00030968160435892,0.00033655626684008747,HAR-RV (OLS)
29336,0.0004661286827330295,0.000346116940738025,0.0004245896306532,0.00038951022535214003,0.0003426490368632875,HAR-RV (OLS)
29608,0.0003728536981427708,0.00030901830884334997,0.000478458284189,0.00033982659829306,0.0003825739560152375,HAR-RV (OLS)
6476,0.0004434182727894581,0.0005694454268955999,0.0008624433256202,0.00052280539606262,0.0005336788344491938,HAR-RV (OLS)
18170,0.0003148845917745289,0.000351354416743,0.0001572629295525,0.00031056799827574,0.00039915631782685003,HAR-RV (OLS)
14813,0.00021961305655865784,0.00040004524186115005,0.0003194471144713,0.00034810655196664306,0.00032746555000599483,HAR-RV (OLS)
5300,0.00035857198013789556,0.0003572814829838,0.0002401859660574,0.0002986530098275,0.0003308658413802468,HAR-RV (OLS)
24385,0.0008513282163452166,0.000903638451782475,0.0010055864252109,0.00099549998350544,0.0008318374645454063,HAR-RV (OLS)
21136,0.0007263429574371217,0.001006471124332,0.0011271774966451,0.000747394796975,0.0009340418445497375,HAR-RV (OLS)
20327,0.0006176436758388051,0.000526704318580625,0.0004704224224877,0.00048622132984980004,0.000537172761682575,HAR-RV (OLS)
14510,0.0004297968627521411,0.00039387719740435,0.0003455550986495,0.00038360868942378,0.0004157496585237187,HAR-RV (OLS)
30791,0.0004279433412685363,0.000249287592536525,0.0004728263178684,0.00048070254557584,0.00043617856432956253,HAR-RV (OLS)
20559,0.0005171434940978183,0.000329265681925975,0.0003403024910673,0.000443389199126,0.0004826222274485687,HAR-RV (OLS)
18042,0.00037408885479209037,0.000272642632431,0.0004401113258915,0.00033940043100823996,0.0003336471185395625,HAR-RV (OLS)
1326,0.0003268571434275092,0.00029924975647175,0.0003722479642945,0.00034879562952462,0.00031832693536638126,HAR-RV (OLS)
8822,0.0005151003027645564,0.0005722616968840499,0.0004420231071837,0.00042568663266803996,0.000531022329263375,HAR-RV (OLS)
18999,0.0006712191566757245,0.000641718212418,0.0003495665731209,0.00056956663177222,0.0006360056474125187,HAR-RV (OLS)
5368,0.000352583927061313,0.00044624327496705,0.0005066982035683,0.0005787918401959601,0.0004804304579659875,HAR-RV (OLS)
19267,0.0005938955626346864,0.00041992566187335,0.0006279088688441,0.00068752381261082,0.0005990457514924687,HAR-RV (OLS)
15216,0.0005983939968727463,0.00048166879398115,0.0005112777530629,0.0005820554079777999,0.0007293124796790124,HAR-RV (OLS)
852,0.0002955976625133068,0.00033261741172235,0.0002974700548806,0.00028661980628508,0.0003110256980610063,HAR-RV (OLS)
9822,0.0005498787508771058,0.0004967812153831,0.0004119370691273,0.0005060450235307,0.000567602077380925,HAR-RV (OLS)
9501,0.0008309396725332369,0.0009284364471516501,0.0010299011856203,0.00084284116013778,0.0006913226240504063,HAR-RV (OLS)
21040,0.00045443226728534604,0.000354501518123825,0.0005051402034816,0.00046109544751514,0.00039627856006593126,HAR-RV (OLS)
12676,0.0005059641477289056,0.00049973951341825,0.0005470324044217,0.0005379639486514,0.0005126587209020688,HAR-RV (OLS)
23426,0.0004093380227278484,0.00041834908515162505,0.00040391136564,0.00043156630957229996,0.0004563256514050438,HAR-RV (OLS)
17676,0.00014524770664410346,0.00021698072974747222,0.0002187566239412,0.000238589737959602,0.00020757732179721918,HAR-RV (OLS)
15685,0.0003221772813493272,0.000271711855439475,0.0003182501829655,0.00041363763372227996,0.0003686866697402625,HAR-RV (OLS)
26250,0.0003748464407170105,0.0005399356256116749,0.0004804238474146,0.00039045547836408,0.0005051504112658625,HAR-RV (OLS)
2903,0.0006374317096405281,0.00105560266499455,0.0007206110381552,0.0006456600164174,0.0006914917804263375,HAR-RV (OLS)
25525,0.0002969150156003023,0.0004931480091442751,0.0005430956014112,0.00038199386464085925,0.00034942968535186223,HAR-RV (OLS)
20973,0.0006286740780177966,0.0005773700222465249,0.0004133538519747,0.00062609854513722,0.0005701848265666375,HAR-RV (OLS)
4072,0.0003979756308876548,0.00040556973399395,0.0004685608606039,0.0003240705817277,0.00035801496430214376,HAR-RV (OLS)
28670,0.0004053950176243478,0.00045884126135009996,0.0004972054471585,0.00040172654243306,0.000427158246215325,HAR-RV (OLS)
18236,0.0005809310616521638,0.000545245796365375,0.0007886798098601,0.0008228145024571601,0.0007305729868438689,HAR-RV (OLS)
659,0.00036925010117978385,0.00047049680523272505,0.0003410244149704,0.00041735818119388,0.0005063962081598124,HAR-RV (OLS)
14730,0.0003833031766261904,0.000213819507047425,0.0002342629471551,0.00031400579437346,0.00034214033888904725,HAR-RV (OLS)
25761,0.0002522081758222982,9.038553356993641e-05,0.0001593440569296,0.00028407699695728,0.0002625679855345735,HAR-RV (OLS)
27361,0.000660077627108153,0.00039787935430022497,0.0007384311456826,0.00053600943393494,0.00043891044582303125,HAR-RV (OLS)
23147,0.0004769977922464366,0.000502179093345225,0.000305384219921,0.00052033308026582,0.0005068236650097875,HAR-RV (OLS)
1037,0.0005583495020979526,0.0006066717346957499,0.0005474956900446,0.0005617832769695,0.0005594917780066124,HAR-RV (OLS)
20762,0.00040592024766245276,0.000596053588854125,0.0004255225674518,0.00047314045234314004,0.0005888434240631875,HAR-RV (OLS)
8448,0.00042166012726557376,0.00041892254498125,0.0004096504698906,0.00049976967268816,0.0004745007102781812,HAR-RV (OLS)
22067,0.00026892318877348893,0.00035380825528822497,0.0002125571922247,0.0003507938506402,0.00045877135240180627,HAR-RV (OLS)
19499,0.0007482795883314794,0.00055459878263265,0.0007082775615661,0.00064575056501692,0.0006739619681630875,HAR-RV (OLS)
26317,0.00029166067212321885,0.000822993989053275,0.0002895317057291,0.0006017147327663801,0.0008004608047195251,HAR-RV (OLS)
24816,0.000694516180156039,0.00041193242231397497,0.0007894499278588,0.00063491282038926,0.00056679682700865,HAR-RV (OLS)
19923,0.0004884639287873538,0.000451898782745175,0.0004585817678765,0.00048402233376457996,0.00048684015469481874,HAR-RV (OLS)
25854,0.0003584227507867226,0.00031166815855404996,0.0003254505000642,0.00036720856751454,0.00037128489449314377,HAR-RV (OLS)
7008,0.00044251651551120393,0.00049079816798155,0.0004479280869927,0.0005003005753341199,0.0005358971625737876,HAR-RV (OLS)
25654,0.0002889492221738962,0.000320980573182425,0.0002784411407966,0.0002842548686207832,0.000360185666972226,HAR-RV (OLS)
5141,0.000423405304561952,0.000520327024695925,0.0005085310578604,0.00039341434445880005,0.0003929945972255625,HAR-RV (OLS)
753,0.0004294654592577477,0.000421716574399125,0.0003560967490966,0.00056627487896554,0.0005172622810781812,HAR-RV (OLS)
13368,0.0006075615317364693,0.000601811150743675,0.000815101140213,0.00063118868117618,0.0006135520746780375,HAR-RV (OLS)
18393,0.0004150950731681423,0.000374903654833825,0.0005121791897555,0.00042085407169862004,0.00036027605641376253,HAR-RV (OLS)
17506,0.0002431356758341508,0.00054931189713975,0.000600031232791,0.0004527281250801,0.00046463974075009373,HAR-RV (OLS)
3484,0.0005335849179826465,0.00062067066440115,0.0006244732489232,0.00048088328621134004,0.0004760050419857563,HAR-RV (OLS)
29824,0.000280568207479985,0.00044781483237625,0.0004587999455382,0.0003643177804024825,0.00032033264369572324,HAR-RV (OLS)
15872,0.00027974107347726205,0.000446234815705075,0.0005642882022212,0.00036982813687166114,0.000330503234303962,HAR-RV (OLS)
24161,0.0007829025673961243,0.00060501163528525,0.0006502096298629,0.00060216647736724,0.0006549522065461063,HAR-RV (OLS)
23232,0.0008579825651359643,0.0007643466383535,0.0009027676752616,0.00085196523050448,0.0008649127848747063,HAR-RV (OLS)
22622,0.0003080382469161058,0.00028231392213017497,0.0003001302235763,0.00035400422949678,0.00033216915781380006,HAR-RV (OLS)
29634,0.0003247031095417774,0.00033360954473185,0.0002906015184076,0.00030808819970666,0.0003227629432466625,HAR-RV (OLS)
24402,0.00022293858854599644,0.000627769525132475,0.0002601306918588,0.0006167351959304601,0.0004893229275473696,HAR-RV (OLS)
6742,0.0006260171478670166,0.00037219840020189996,0.0003482597714431,0.00032002668548168,0.00043716190421449997,HAR-RV (OLS)
18878,0.0004128144409880348,0.0005310004076205999,0.0004378051638131,0.00055025528762872,0.0005690043423971625,HAR-RV (OLS)
32174,0.00037907685417128904,0.000226372493692275,0.0001280049792194,0.00032747519480437996,0.00038812453394765627,HAR-RV (OLS)
22133,0.00064045842691528,0.00030435513859415,0.000357080897898,0.00031235078005266003,0.000396147026143425,HAR-RV (OLS)
32200,0.0005769316496036926,0.0006116306052200251,0.0003344654904418,0.00040923544517218,0.0005265442711764188,HAR-RV (OLS)
2463,0.0005131324775860854,0.0005128570134630499,0.0004000504203939,0.0005753918290611201,0.0006493817736815375,HAR-RV (OLS)
24131,0.00020479946008770847,0.00056362653690445,0.0003440212371016,0.00031555557080422,0.000416051462467325,HAR-RV (OLS)
7013,0.0007255882643745786,0.000539278153112775,0.0007460843504533,0.00060744468390776,0.0005840671323345875,HAR-RV (OLS)
22498,0.00030190507763905116,0.0002132104171119286,0.0002965112009481,0.00022797841612736005,0.0002802096020347063,HAR-RV (OLS)
15209,0.0006528778935845931,0.00040696016689735,0.0005001280392207,0.0006210703069830801,0.0006278753287016125,HAR-RV (OLS)
17210,0.0007049881844404909,0.0006217005543748001,0.0009766400084119,0.00069095153025554,0.0006568587991459688,HAR-RV (OLS)
4257,0.0007192298778875701,0.00075947507420385,0.000799017687483,0.00076560815879904,0.0007072788103977437,HAR-RV (OLS)
23243,0.0004983226088972749,0.000536733497274575,0.0005647436634864,0.00053209746047678,0.000482388143293625,HAR-RV (OLS)
26107,0.0004727842171307864,0.00026066564120062497,0.0003955606310897,0.00046938705584826,0.00046744027565210624,HAR-RV (OLS)
31327,0.0008523314984758589,0.00070642118743745,0.0008818252732952,0.00071776336303108,0.0008011240821503562,HAR-RV (OLS)
14913,1e-08,0.0002551058759877102,0.0003021095801913,0.00022418497938838985,0.00022964102280665068,HAR-RV (OLS)
15335,0.0005401406112038594,0.000370851227439,0.0004835933126137,0.0004059581488869,0.00045850333200840625,HAR-RV (OLS)
8659,0.0005863156425341598,0.0006538247741191,0.0005089235403247,0.00068588750449964,0.000584875099581725,HAR-RV (OLS)
2758,0.0004903515020403655,0.00039198277502075,0.0004440365374471,0.00041150651106721997,0.00045760151504408754,HAR-RV (OLS)
11792,0.00017366933784455734,0.0002626329567117,8.089963861656504e-05,0.000328110351091773,0.0003119061520613478,HAR-RV (OLS)
20265,0.0008159644476451785,0.00075208706344245,0.0008992606906353,0.00079686437778818,0.0008689911836697187,HAR-RV (OLS)
30492,0.0005159454103669777,0.00034536921818815,0.0006227111454863,0.0005602267995809,0.0005572292869604626,HAR-RV (OLS)
17239,0.0005057245751570737,0.000682576970457725,0.0003572464010423,0.0005123864618581601,0.0005806593049075937,HAR-RV (OLS)
618,0.000752004376482269,0.0008578029588268751,0.0006550186955286,0.0007510757048153,0.0008526745521018938,HAR-RV (OLS)
32704,0.0008240195977792498,0.00088081234883905,0.0008995299303215,0.00100203769642264,0.0007954153946410937,HAR-RV (OLS)
29026,0.0005559849156957966,0.00061158255199195,0.0004792911910303,0.0005371038260236,0.0005865226969910375,HAR-RV (OLS)
21445,8.841305137261292e-05,0.00010969212977783628,4.027564596445316e-05,0.00017913149859836893,0.00017545983931095232,HAR-RV (OLS)
29445,0.0008244705676000782,0.0007215625192463,0.0011640887050634,0.0007031042116389001,0.0005880932622444813,HAR-RV (OLS)
11579,0.0005773543385049037,0.000605832049898425,0.0004034273362745,0.00055377791389766,0.0005906816299398876,HAR-RV (OLS)
18653,0.0011654189318937563,0.001061887985516025,0.001231669559045,0.00129555071697208,0.001167960605773994,HAR-RV (OLS)
2037,0.0004233487172735388,0.00045384714440980004,0.0004615709703354,0.0005314853454864,0.0005029045547390062,HAR-RV (OLS)
32374,0.00030842137250163817,0.000463119092471925,0.000445036896808,0.00042229640468038004,0.0003772840764810375,HAR-RV (OLS)
6390,0.00039430625100961877,0.0003836740270685,0.0005010137551368,0.00045231831598023997,0.0004220122186465937,HAR-RV (OLS)
18407,0.0008187712593800985,0.0008120848794752751,0.0010254282906859,0.0008162755911555599,0.0008112169848458937,HAR-RV (OLS)
17872,0.0004266403651731099,0.000331862939302925,0.0003578448966147,0.00038897209796412,0.0005095917501849063,HAR-RV (OLS)
11481,0.0005326041625109035,0.00055681176425915,0.0005804356192793,0.0005382764335092,0.0005338393314052376,HAR-RV (OLS)
1100,0.00032380633800100256,0.00038693495166985004,0.0003103107342631,0.00030046729389896,0.00033819594803960625,HAR-RV (OLS)
5729,0.0007016872067466906,0.0005120396949290749,0.0006318673587943,0.00066668531781756,0.0007252574572245624,HAR-RV (OLS)
18822,0.00042152624340388215,0.0004175044404495,0.0003007105127806,0.00039257592471550007,0.0005291078414446249,HAR-RV (OLS)
4493,0.0008290203838246411,0.00062486624128375,0.0008035977365622,0.0006496353144586599,0.0006113020207777813,HAR-RV (OLS)
2982,0.0009205166122325246,0.0005838052622686499,0.0006601971781128,0.00048503214899584007,0.0006995416894174874,HAR-RV (OLS)
3012,0.0006118241452870881,0.000726970417053275,0.0003749790955397,0.00064808209475132,0.0006124350412010562,HAR-RV (OLS)
22824,0.0004512792128086125,0.00043182591622175,0.0004187637613312,0.0003940285314661399,0.0004856353868084438,HAR-RV (OLS)
18808,0.0001920757664441732,0.00017085251096673427,0.0001916013251712,0.00023071021519054002,0.00033748583863313125,HAR-RV (OLS)
10450,0.0005655765488810753,0.000466385766112,0.0005647396843497,0.0005255967797502001,0.0005451908582883687,HAR-RV (OLS)
13643,0.0006009446584520164,0.00080177255161795,0.0007130359182548,0.00068482761087022,0.0006548902227950312,HAR-RV (OLS)
21446,0.00047749358701833466,0.000298888006458825,0.0002647926979764,0.00028724399601116,0.00036569178868615005,HAR-RV (OLS)
8753,0.00011309201612550498,0.000368840147626975,0.0002718864777917,0.0004505543307046601,0.0005010332849359562,HAR-RV (OLS)
14065,0.00044731322822312396,0.000361930493093675,0.0003317607481293,0.00040461166999712,0.0004428892768135625,HAR-RV (OLS)
25504,0.0004908350034821102,0.000538539314766725,0.000406740358849,0.00040663300716332,0.0005250409891912188,HAR-RV (OLS)
7811,0.00041148656484809904,0.0003996755744541,0.0004690518786036,0.00045607748488506,0.0004162793672217551,HAR-RV (OLS)
27722,0.00021535997899061756,0.00040075956056850003,0.0001182728883342,0.00033766809683938,0.00041868836208449375,HAR-RV (OLS)
14752,0.0008200826156507243,0.00073888931315775,0.0006977938179906,0.00103267288087718,0.0009406856707540876,HAR-RV (OLS)
11869,0.00017500630883295824,0.0004147900791042,0.0001759216429092,0.00041699854728748,0.00037016434479807966,HAR-RV (OLS)
14021,0.0003495229554959251,0.000373147722946275,0.000154322336767,0.00040200730163611996,0.0004916211806067375,HAR-RV (OLS)
6854,0.0005642058859054917,0.00036168989384757495,0.000266538441708,0.0004962117792276001,0.0005202062193815687,HAR-RV (OLS)
27003,0.00027616465042692984,0.000311595085987425,0.0001328448247566,0.00039630045854861996,0.00042493555449096875,HAR-RV (OLS)
32322,0.0006630200030443511,0.0007868948318199501,0.0007924270046456,0.0007335625614380799,0.0006677986456481562,HAR-RV (OLS)
24473,0.0004555245158915683,0.0005224276140402501,0.0005093706479543,0.0005312275778792,0.0004394906221615938,HAR-RV (OLS)
28877,0.001041248908887003,0.00082769236748415,0.0009367858182784,0.0009182307181308999,0.0010632348577676687,HAR-RV (OLS)
2329,0.00019016734960561365,0.000357312700448125,0.0002548301461051,0.00039577213110624,0.0005679036720482563,HAR-RV (OLS)
16746,0.0005605164730707105,0.0006553316880720001,0.0006569832644826,0.00047395343256111995,0.0005492527782138437,HAR-RV (OLS)
9208,0.0006211330840664728,0.0005035501240921751,0.0005836396732278,0.0003552359058349908,0.0005278300873822846,HAR-RV (OLS)
28527,0.0003324647870707629,0.00043457197854967496,0.0006084946147777,0.00035818769597234,0.00037426170062369375,HAR-RV (OLS)
817,0.0005721715805504336,0.0007200835138481,0.0005202913679339,0.0006988282788019999,0.0007593380218320063,HAR-RV (OLS)
6850,0.00046631464930037953,0.00048305839350605003,0.0004664934316857,0.00062589754762222,0.0005416680748401813,HAR-RV (OLS)
32751,0.00045970254972104016,0.0005513363832751001,0.0005289489065205,0.0005934220949925601,0.0005562442474981125,HAR-RV (OLS)
4547,0.0009507258346469222,0.000554024683215625,0.0007151260768409,0.00075430863088684,0.0008663291147268125,HAR-RV (OLS)
31324,0.00036926257254621007,0.0004307991665687,0.0003574527474819,0.00038064851726398,0.000527538386913175,HAR-RV (OLS)
9198,0.0005216646103426778,0.00065024036042065,0.0005146872956957,0.00036164313381365187,0.00035016563469467403,HAR-RV (OLS)
5139,0.000489681027545064,0.0005782117252682,0.0004503049586291,0.000561138533183,0.0005350257562600563,HAR-RV (OLS)
14897,0.0009298698206740958,0.0007892152859745499,0.0010078644826603,0.00072415115321982,0.0007973121533088063,HAR-RV (OLS)
3406,0.0013637591564198913,0.00103088524391175,0.0009848626254824,0.00130367321848468,0.001622843318926244,HAR-RV (OLS)
16556,0.0008511039965843768,0.000607443551917125,0.0007337330340962,0.00068241954221236,0.0007286243548680813,HAR-RV (OLS)
1433,0.0006741686640862948,0.0005554402922117501,0.0004433985222047,0.0006225408498431401,0.0006155163440709249,HAR-RV (OLS)
10403,0.0007056017612001246,0.000245340171528575,0.0005795168277976,0.0007390211676419,0.0006926196870049312,HAR-RV (OLS)
17179,0.0006282295709802745,0.000617242786295225,0.0004407602189287,0.00050822044582844,0.0005566991261784312,HAR-RV (OLS)
21246,0.0007267099076950704,0.000419477616226525,0.0008267312845321,0.0005640443243687999,0.0006478626004067501,HAR-RV (OLS)
28111,0.00043191803796935877,0.00020590140169842686,0.0005682352298574,0.00046241285095687993,0.0003918221912012844,HAR-RV (OLS)
27481,0.0003335174524048158,0.00023395797093055202,0.0002042679270279,0.00030829778101085995,0.00040010377412659373,HAR-RV (OLS)
26366,0.0005546663191393424,0.00035269915033604997,0.0004699246731432,0.00050655503022252,0.0005283123678004812,HAR-RV (OLS)
13019,0.0006800842995082812,0.000692964556069075,0.0003843331904512,0.00060941975895332,0.0006855905589240437,HAR-RV (OLS)
18234,0.0003910890846983815,0.000732586887257975,0.0006118758069545,0.00041246181793294005,0.000442894716542125,HAR-RV (OLS)
3404,0.000782226500313129,0.000713972396797075,0.0006559675625389,0.00074489120348398,0.0007523535448569374,HAR-RV (OLS)
18611,0.00041968213074897924,0.0004860939610138,0.0007589692569425,0.0006207421784800401,0.0005771126559684563,HAR-RV (OLS)
123,0.00047405079123726153,0.00042265355112955,0.0004371261509965,0.00040654271772946,0.0005059066264780938,HAR-RV (OLS)
18703,0.0009976384057704827,0.0012414801170095502,0.001491323008182,0.0011205698321451597,0.0011217360250421874,HAR-RV (OLS)
8585,0.000519746809597064,0.000470319598562375,0.0005027047717283,0.00067390237673624,0.0005627863320911938,HAR-RV (OLS)
7310,0.0006692986138230308,0.0008277211857407499,0.0008993039675979,0.00058329195090598,0.0004888300266525062,HAR-RV (OLS)
3322,0.0004074419511836966,0.00041285888904035,0.0004715896722283,0.00042605482344815996,0.0004585360513677437,HAR-RV (OLS)
3921,0.0003605969860108386,0.00038157973470212504,0.0003827202264226,0.0003502274181479,0.00046172192599158745,HAR-RV (OLS)
15448,0.0005527515594689968,0.000853527511436625,0.0007359364369214,0.00048789476168224,0.0004931436606439063,HAR-RV (OLS)
25712,0.00019181133352658738,0.000370676615472425,0.000152214437693,0.00017853541122490055,0.00030048467962847736,HAR-RV (OLS)
23504,0.0007286691189636279,0.000507068257982425,0.0006687030187018,0.00065331915779564,0.0005689594730365062,HAR-RV (OLS)
32195,0.0008500051688781804,0.0006097729131037,0.0009845539140791,0.0007944662405886601,0.0007875313327935375,HAR-RV (OLS)
5344,0.0005589925592113835,0.00034414094445433684,0.0004816882601088,0.0005546249909655999,0.0005501402677559875,HAR-RV (OLS)
11501,0.0009318733300054478,0.000659284133894375,0.0008500134525541,0.00085689540223028,0.0009113111637678688,HAR-RV (OLS)
29504,0.0004099723118099881,0.000367955178643625,0.0003099822733937,0.00039573189830686,0.0005402585404613626,HAR-RV (OLS)
23828,0.00028527208644814274,0.00035132608017125,9.297294210586176e-05,0.0003291563125935724,0.0003408807347505351,HAR-RV (OLS)
7014,0.0006260700669532557,0.0006167452566550251,0.0007184970321723,0.00064773965410862,0.0005299397359231063,HAR-RV (OLS)
6134,0.00048750028657028473,0.0005797032523301999,0.0006982174832862,0.0005119380342749801,0.00051465860657315,HAR-RV (OLS)
17841,0.00042663228156121697,0.000410616294271725,0.0002731373090791,0.0004704564245,0.0004974593280928812,HAR-RV (OLS)
3640,0.000817678387785117,0.001180125385656825,0.0010802153020845,0.00148428960161846,0.0012429976401387626,HAR-RV (OLS)
6272,0.0005686532934670025,0.0005784086174434,0.0002017756093272,0.0005090374703025001,0.0005540306864178124,HAR-RV (OLS)
29692,0.0011464966314933818,0.000931787694536475,0.0009461441584735,0.000993225405485,0.0010297905820488373,HAR-RV (OLS)
1269,0.0005411009330062323,0.00065425026658745,0.0002887150235149,0.0005694182352592199,0.0007153636036837999,HAR-RV (OLS)
25876,0.0008111052383557782,0.000539457406710575,0.0004696302783906,0.00061617649240602,0.00067381352419785,HAR-RV (OLS)
14926,0.00038042395400499497,0.00038387576192677503,0.0002442969832163,0.00037857913256283997,0.00039309508090263126,HAR-RV (OLS)
20384,0.0004732147052282482,0.00047240285067555,0.0006572529171239,0.00060387563504654,0.0005045267400950187,HAR-RV (OLS)
12588,0.00040924426296794496,0.00032647610664362505,0.0003560748730525,0.00045181425125604,0.00044240636151145625,HAR-RV (OLS)
6528,0.0006406431733421981,0.000728258721329,0.0004882758861656,0.0006391299629587199,0.0006642750405846626,HAR-RV (OLS)
13279,0.0004692673579205142,0.0003026714879998644,0.0002275881337986,0.00048434751889046,0.0006370465789001,HAR-RV (OLS)
5480,0.0004441966431352304,0.00041605651759092497,0.0004936903400876,0.0005087731186188,0.0004856149582860125,HAR-RV (OLS)
985,0.00021276526905425372,0.00010044931944805053,3.2264683104799446e-05,0.00011565658998834987,0.00022735830144502583,HAR-RV (OLS)
32376,0.0006655334066584726,0.00053231225934,0.0001744985793087,0.00052080716441028,0.00058369802070595,HAR-RV (OLS)
2014,0.0004697028986460399,0.000393508542798975,0.0006077375488885,0.00049772080347532,0.0005056243838450751,HAR-RV (OLS)
22899,0.001105993108658345,0.00112517849997875,0.001177236118224,0.0008904128926011199,0.0009805138368684187,HAR-RV (OLS)
17377,0.00038143447051631763,0.000594404003361525,0.0004108750447062,0.00041174163130908,0.00047204592020331257,HAR-RV (OLS)
5829,0.0004620684405844018,0.00045346216255152505,0.0004325016321513,0.0006083176164881599,0.0005469610943363562,HAR-RV (OLS)
13791,0.0009727295951074324,0.001100722831977625,0.0010126655332273,0.00101301392903328,0.0010372137713641687,HAR-RV (OLS)
12494,0.0009677752789116373,0.0010936883577379,0.0013433910909951,0.00107078405740322,0.0010491937967316064,HAR-RV (OLS)
21770,0.0006492500419954577,0.0005972079252534751,0.0005532618648704,0.0006009263532998799,0.0006291690719330001,HAR-RV (OLS)
4193,0.000380562051983686,0.0005835613758406,0.0003345692679622,0.0003884183393116,0.00035854660723744376,HAR-RV (OLS)
3486,0.001054641930844246,0.001086560550391075,0.00101887061841,0.00090877389974936,0.001014557790036675,HAR-RV (OLS)
25179,0.0005709666797103577,0.0005057149091493,0.0005887437155293,0.00045810713660934,0.0004886433110282749,HAR-RV (OLS)
5152,0.0003072152088978578,0.000266689413150975,0.0004982174954187,0.00040642655325465995,0.0003926180463414875,HAR-RV (OLS)
3607,0.0009432169535722739,0.0008708236321175,0.0012796842929172,0.0009504337188173398,0.00079893229116135,HAR-RV (OLS)
21658,0.00066447349632905,0.000639109429567225,0.0007303137202994,0.0006504899778185001,0.0007462456455372313,HAR-RV (OLS)
10949,0.0009401777345766551,0.000920166227007625,0.0010880275733941,0.0008887966927551601,0.0008815535419701124,HAR-RV (OLS)
7593,0.0006027058990147529,0.0006599051292231499,0.0005127154481851,0.0005267343253720201,0.0006132227969069188,HAR-RV (OLS)
28022,0.0004123527105070238,0.000349992579240475,0.0004263587021372,0.00043253281955678,0.0004259918098652063,HAR-RV (OLS)
7668,0.0007473318734096405,0.000673634183909625,0.0006791535217515,0.00061606636795776,0.0006394809182013313,HAR-RV (OLS)
30774,0.0004335414870953268,0.000424455735853,0.0003156894505525,0.0005151021866138599,0.0004454939978680625,HAR-RV (OLS)
12012,0.0007137347884302702,0.0004001074941801903,0.0004102608211842,0.0005039748720655,0.0006086061082971187,HAR-RV (OLS)
11178,0.00011478236949568206,0.0005555118772633,0.0006907607873962,0.0003612994187787,0.00048783287486654374,HAR-RV (OLS)
19222,0.0005776712082355973,0.0006206242453377,0.0007514536271389,0.0005961873805327599,0.000511570444621425,HAR-RV (OLS)
20460,0.0003094286383869806,0.00054076773416535,0.0003716547906882,0.00041777564085320005,0.0003892199548409354,HAR-RV (OLS)
10856,0.0004752786295042502,0.000478411787325425,0.0002835851007122,0.00058073787645044,0.0005360997434196313,HAR-RV (OLS)
9282,0.00041844921301078576,0.00049521101703155,0.0005200744560071,0.0004573662031097,0.0004050946155241,HAR-RV (OLS)
29930,0.0008041160986599918,0.000423007359770475,0.0006280270714876,0.0005974285258401,0.0004577558889356875,HAR-RV (OLS)
9720,0.0004800686668442512,0.000448824657977525,0.0005508500986484,0.00044277334307896,0.000511205640069075,HAR-RV (OLS)
24388,0.0008568218432174911,0.0006503019775376499,0.0005543384260939,0.00072262734314814,0.0007561483931090563,HAR-RV (OLS)
6523,0.0003813077621117786,0.00040923832636042504,0.0002702913294816,0.00040639446205555996,0.00041604095240583124,HAR-RV (OLS)
24661,0.00020306940864997427,0.00050255864197125,0.0004963330127292,0.00057309626718404,0.0006931537871056187,HAR-RV (OLS)
9275,4.473372077987213e-05,0.0005469406788705751,0.0006469575955711,0.00044944985709879996,0.0006279309665403749,HAR-RV (OLS)
1022,0.00030735326263697706,0.000406155940387475,0.0003007124026326,0.00036604426253512005,0.00041349646679824374,HAR-RV (OLS)
29239,0.0005877912996629693,0.00066752436348795,0.0006243220584308,0.0005927555977129,0.000515434984536075,HAR-RV (OLS)
12444,0.00047307793080150946,0.00052122141923155,0.0006132431102259,0.0005450763100906799,0.000525925746680975,HAR-RV (OLS)
23892,0.0003753137366187577,0.000326009746919575,0.0004488980559604,0.00044781636698266,0.0004971310644590937,HAR-RV (OLS)
29046,0.0005704663854074369,0.00043749328445025,0.0005328712540996,0.00049283457174664,0.0005420768497770937,HAR-RV (OLS)
8613,0.0004194381911772444,0.00040961482824877505,0.0004363692380475,0.000414596117763,0.00045239376230850624,HAR-RV (OLS)
4487,0.000528295895975666,0.000494104319650775,0.0004273348686998,0.00049618955528544,0.0005310867227903687,HAR-RV (OLS)
10186,0.0005469294068134809,0.0006303381587212499,0.000562963362358,0.0006479045457135201,0.00082721021829145,HAR-RV (OLS)
32182,0.0008230135213448022,0.0007860641671603001,0.0009532318969183,0.0008544621745699999,0.000833579668724975,HAR-RV (OLS)
13729,0.0003698106462175386,0.00040210296320502496,0.0005075770776113,0.0004327098288845001,0.0004649498926394,HAR-RV (OLS)
1464,0.0006727149296997311,0.0005624977444887,0.000560388376949,0.00046124251867376003,0.0005683044831516376,HAR-RV (OLS)
1789,0.0004597641939756561,0.000423067271985175,0.0004399393288455,0.00047463552070446,0.0004192630343272688,HAR-RV (OLS)
28244,0.0005522341789647807,0.0005712754419211,0.0007914535182757,0.00062248191039666,0.0005333320757668688,HAR-RV (OLS)
25331,0.000492827331116028,0.0006621125910453,0.0007610013856744,0.0005407047134946,0.0005499888377427063,HAR-RV (OLS)
26440,0.0006532360589388505,0.00040639834630054996,0.0002320978265919,0.00046104472765656003,0.000485781068384775,HAR-RV (OLS)
26273,0.0003120989506066736,0.00040957904974177497,0.0002897193705029,0.0003209185410152083,0.00043130779093024634,HAR-RV (OLS)
7874,0.0003225217827613862,0.000461579405187725,0.0006411076291784,0.00040521679501726,0.00038456571447443124,HAR-RV (OLS)
30304,0.0007492111580115618,0.0004289102265138,0.0006096114615999,0.00063228360075054,0.00046941202344325,HAR-RV (OLS)
13822,0.0004919685563550893,0.0006342227132358001,0.0005209346628334,0.00061129223862254,0.000777684819658725,HAR-RV (OLS)
6746,0.0006029825324414318,0.0005016020926915499,0.0005651249633402,0.00061263982356268,0.0004110235310690438,HAR-RV (OLS)
7709,0.00034732464978278095,0.000530621666894525,0.0004292591663241,0.0004233601545777,0.00051470206871185,HAR-RV (OLS)
18262,0.0007130538979500683,0.000533661545315825,0.0003648942819693,0.0004763209402047,0.00054100184119865,HAR-RV (OLS)
13393,0.00047630183246884597,0.0006095987418437249,0.0006980711689702,0.00047766926167650003,0.0006970912043606564,HAR-RV (OLS)
7843,0.000608693220677905,0.0007107966897187,0.0003390909256621,0.00049929593188886,0.000536493713761085,HAR-RV (OLS)
5249,0.0008282245418913814,0.001226031495296875,0.0006572461683266,0.0008088824751520399,0.0008078794166995437,HAR-RV (OLS)
25166,0.0004097480216907151,0.00045870887598352503,0.000386790650128,0.0005044612777519652,0.0004732160361093217,HAR-RV (OLS)
6599,0.0009304930721080137,0.00063949989524815,0.0005849338107246,0.0007973113691360001,0.0008244146671520813,HAR-RV (OLS)
5113,0.00036826785781375365,0.0003385446652779,0.0002405419955268,0.00031254633316008006,0.0004037216255328545,HAR-RV (OLS)
13891,0.0003493632544193465,0.000442068780809725,0.0003094100197486,0.00037272031343839996,0.000443012163234925,HAR-RV (OLS)
17698,0.00037292764789039666,0.000414218005223975,0.0002494665765398,0.0003248682438638,0.0004279259676999562,HAR-RV (OLS)
18919,0.0006287621749097136,0.0006305297100317,0.0003740176156132,0.0005759303301177,0.0005873092432809937,HAR-RV (OLS)
11812,0.0004382259545749064,0.000491935294853675,0.0005768904611578,0.00041537128248698003,0.00039555859068973753,HAR-RV (OLS)
1826,0.0005520177438439617,0.00047035842243535,0.0005095123304859,0.00046821448348840003,0.00036218078859755003,HAR-RV (OLS)
27246,0.00043225796274817254,0.0002856582983623,0.0004440785692791,0.00036716526321974003,0.00044697644293126873,HAR-RV (OLS)
23863,0.00045598161602449395,0.0005528268977543251,0.0005515491030929,0.00046421427291192,0.00045568819246835624,HAR-RV (OLS)
2000,0.000676325472484142,0.000984452583182925,0.0006946182785132,0.00063919841443658,0.0006222829136699876,HAR-RV (OLS)
30350,0.0004610021554647282,0.000357714181861575,0.0003132147437715,0.0005357820963836401,0.0006036505984822062,HAR-RV (OLS)
4630,0.000590966124222905,0.000564603086068925,0.0004399929296487,0.0005657188106817,0.0006077638341179375,HAR-RV (OLS)
13124,0.001267250812292335,0.000954179008404175,0.0009586736128501,0.0008831843702036401,0.0012807321268383186,HAR-RV (OLS)
10209,0.0003927850140535776,0.0003621179206998,0.0003059198450311,0.00037574532309668,0.00044919778512238125,HAR-RV (OLS)
16200,0.00045954039882891047,0.0006024392310060249,0.0005110416555503,0.00047984457928716,0.0004590533684568625,HAR-RV (OLS)
11405,0.0002775006466272486,0.000322816364124425,0.0003432636856405,0.00032203123442145997,0.0004572827978607187,HAR-RV (OLS)
17172,0.0007299057286599554,0.00043559758398152505,0.0006227177774511,0.00061275366143956,0.0006728467425717,HAR-RV (OLS)
3711,0.0004512310383582078,0.000340637686022675,0.0005118548463477,0.0004168191380566399,0.0004582596285018938,HAR-RV (OLS)
24741,0.000831924889772009,0.0006589240272992501,0.0006485962548139,0.0007822405859344801,0.0007294349194933063,HAR-RV (OLS)
16643,0.0007742162408977821,0.0004562542959834,0.0007349328975486,0.00058581748248844,0.0005105520403312126,HAR-RV (OLS)
6482,0.0006303929982907676,0.00053443803430945,0.0007047010366294,0.00065639009396296,0.0005476190087671312,HAR-RV (OLS)
15122,0.0005663659994993625,0.0005674803266748751,0.0006832208301604,0.0006264682171476,0.00056433698013065,HAR-RV (OLS)
15625,0.0005039784602619451,0.0003461328702783,0.0005910653298234,0.0005533446659490599,0.0005047867471904687,HAR-RV (OLS)
24022,0.000908234027401143,0.0007071874780875,0.0009904661960602,0.0009546800016579799,0.00081331666525895,HAR-RV (OLS)
13936,0.0007374974633102595,0.0005674201712069251,0.0006977703127055,0.00073914437680958,0.0005474071642544,HAR-RV (OLS)
6999,0.0006545345327000941,0.000485001236404525,0.0004811908459843,0.0005509801811218399,0.0005776854447044251,HAR-RV (OLS)
26997,0.0003822988965686008,0.000343750059994425,0.0003572844353963,0.00047411261679330773,0.0004056181738605087,HAR-RV (OLS)
11959,0.00041686829125808973,0.0004983985702194,0.0007608873673097,0.00106536713470078,0.0007162714220215563,HAR-RV (OLS)
4935,0.0007195436338704594,0.000617234160085025,0.0008351072691726,0.0007743260822939599,0.0007245816262470438,HAR-RV (OLS)
31750,0.000928853299191755,0.0009315956015926001,0.0009506153693984,0.0008278556258791,0.0008639468407340563,HAR-RV (OLS)
19104,0.0006638302215898281,0.000874148939498875,0.0010686023707837,0.0007912716546795799,0.000759250803951225,HAR-RV (OLS)
12859,0.000508655133758848,0.0007396940438526,0.0004860174909146,0.0007065745457442799,0.0006229895180016375,HAR-RV (OLS)
22377,0.00044552716639991406,0.00045578960230285,0.000171435484824,0.00036357391788732,0.0004071321848417125,HAR-RV (OLS)
30134,0.00047980708389288164,0.00029574648378255,0.0002281975150005,0.00046798883928284,0.0004554400716384,HAR-RV (OLS)
13707,0.000677936990342761,0.000475589404988625,0.0006796625798229,0.00059493236134166,0.0006114941974388562,HAR-RV (OLS)
6939,0.0006406477582616999,0.000587594150735625,0.00064263339998,0.0004864347640936,0.0005683926463391437,HAR-RV (OLS)
4264,0.00040664445728394303,0.000429037585589525,0.0002177988613234,0.00044571218907306,0.00047866071509843126,HAR-RV (OLS)
17530,0.0006133114262890872,0.000490528555036075,0.0005719527392535,0.0005528181041639,0.0004011307890406813,HAR-RV (OLS)
27822,0.0005186621925807834,0.000545093975344825,0.0009639637196125,0.0005627226785343,0.0006877013283100124,HAR-RV (OLS)
13240,0.001005058300077972,0.0010799580489229501,0.0008473222940194,0.00094115545687972,0.0008535866659790813,HAR-RV (OLS)
19053,0.000716571609118434,0.000585099892193175,0.0005669607879246,0.0006864102733461599,0.0006879299753639375,HAR-RV (OLS)
6235,0.0007718767853991484,0.0005352781746476,0.0004624066129436,0.0007656455557511399,0.0007761758249015938,HAR-RV (OLS)
2169,0.0007939907941475822,0.0007865973828205249,0.0007938636555208,0.0008217239403425199,0.0006951871033129126,HAR-RV (OLS)
16792,0.0006090670115165462,0.0004890404024748499,0.00053087518495,0.00062995984785642,0.0005034027569349562,HAR-RV (OLS)
14280,0.0003038141227202684,0.000336845835610575,0.0005477331576501,0.00038194769326447994,0.00036996124123691253,HAR-RV (OLS)
19459,0.0003554657915608744,0.000349768885873,0.0003344948036803,0.00044369083505703996,0.0004607498596832688,HAR-RV (OLS)
10123,0.00026629196079562957,0.000254140758963625,0.0004307262250582,0.00033106932381050003,0.00038110365857065,HAR-RV (OLS)
28509,0.0005359097423382054,0.000313150440466025,0.0004021947467891,0.00042783865973307995,0.00039155881607066874,HAR-RV (OLS)
12923,0.0010229977028534637,0.000912224293945175,0.0006726605782173,0.00105676561151954,0.0010454828161968687,HAR-RV (OLS)
25745,0.00031123638337401743,0.000274671438958475,0.0003150773574109,0.00027877109611752,0.00031255205465893126,HAR-RV (OLS)
11852,0.0007533162173252912,0.00072183083948695,0.0006791493764722,0.00077346006603972,0.0006413676347743813,HAR-RV (OLS)
14093,0.0005333572553064506,0.00046008515701865,0.0004942590018102,0.00049448937788184,0.0005984082171560562,HAR-RV (OLS)
1348,0.0004883927435672804,0.00041713508304185,0.0004768155947213,0.0005229048807310601,0.0004974179190491187,HAR-RV (OLS)
22023,0.000375324857310279,0.0006459081682922,0.0002489831438244,0.00048784290879286,0.0006068674228939687,HAR-RV (OLS)
539,0.000537134271539295,0.00063029637087175,0.0004307936266116,0.0005565654891382399,0.0007491065471447688,HAR-RV (OLS)
31443,0.00042177587579395303,0.000473122618569525,0.0005803919287393,0.00039021907745236,0.00040948556544724373,HAR-RV (OLS)
31267,0.000421906589931242,0.0007397991453718499,0.000478951745134,0.00056421187701032,0.0007249325354085437,HAR-RV (OLS)
2199,0.0005525860702171035,0.0005411599005147499,0.000356032524186,0.0003478188899845,0.0004662456531357375,HAR-RV (OLS)
27957,0.0005464221215428437,0.000542670923845525,0.0002886334275051,0.00043874371222501997,0.0005233528395378375,HAR-RV (OLS)
13523,0.0008400780889866405,0.000727497109419025,0.0007893916561208,0.00072613889598602,0.0008074605050211624,HAR-RV (OLS)
12234,0.0005186402042378041,0.0007008017386795,0.0004419343182689,0.0005235292207602801,0.0005934836515077875,HAR-RV (OLS)
20306,0.00048706397062614904,0.00042990849030187506,0.000279783073414,0.00041095616164052006,0.0004443237607218313,HAR-RV (OLS)
650,0.0003211629925989893,0.00047070510799084996,0.0003262924565161,0.00042767238608124004,0.000414625385497925,HAR-RV (OLS)
29507,0.0006718134163388395,0.000433051258863125,0.0006944336595548,0.00058082686845622,0.000689604376807275,HAR-RV (OLS)
1128,0.0003913524932741487,0.0005120883552462751,0.0003735254706043,0.00042639321716883994,0.0005141239737995375,HAR-RV (OLS)
29296,0.0005827821825545626,0.000544802621280525,0.0005563128938737,0.00060050232542638,0.0005340310710550625,HAR-RV (OLS)
4159,0.00026676992689163986,0.000309680233956675,0.0002340895368323,0.00034373750191648,0.00041947949635180623,HAR-RV (OLS)
11497,0.0004117869983272373,0.00048083613714359997,0.0003828480405874,0.0005121371292210401,0.0004890524914676313,HAR-RV (OLS)
6483,0.0005408107611935885,0.000607682932293775,0.0006440437074848,0.00051832633693512,0.0005843282527785063,HAR-RV (OLS)
15982,0.0005440753699165238,0.0005132754003065,0.0005632449382016,0.00050614970559252,0.0005734875676500436,HAR-RV (OLS)
12166,0.0006472556363518104,0.000831934563995825,0.0006873406901338,0.00055619742617662,0.00061277480073165,HAR-RV (OLS)
20064,0.0003498980090028705,0.000452695898930625,0.0004253737679214,0.00039195375425789996,0.000472825805001175,HAR-RV (OLS)
28043,0.0005942574326652882,0.000657917428034,0.0005568001919537,0.00058610111237032,0.0005726770987937625,HAR-RV (OLS)
28323,0.0006994161365477143,0.000615460282232725,0.0006666210409616,0.00059342629685508,0.0005882214225534,HAR-RV (OLS)
2433,0.0011744946281308558,0.0008432336788660249,0.0009191559175635,0.0011729967710265997,0.0010213192887552,HAR-RV (OLS)
16526,0.0005404092335191814,0.0006001744679973999,0.0006552202903234,0.00056130261637476,0.0005078028433191312,HAR-RV (OLS)
7055,0.00041651591478862474,0.000283138572663325,0.0003922623893482,0.0002722240549129,0.00035942257712390626,HAR-RV (OLS)
2293,0.0005313332421797748,0.00038817892405117497,0.0008554773512335,0.00056120350978082,0.0005247689515896063,HAR-RV (OLS)
7465,0.0007379905204445668,0.000596124362361125,0.0006456344614117,0.0006060284019494401,0.0006610368312667188,HAR-RV (OLS)
14235,0.000433792779624506,0.0003612655542261,0.0005253266386518,0.00047828379461621997,0.00042168276914382496,HAR-RV (OLS)
14464,0.0004164316532864851,0.000277816550281225,0.0003249887123758,0.00036275210059308,0.0003403411409640136,HAR-RV (OLS)
32474,0.0007324649952984808,0.0006765962537557751,0.0006833398206768,0.0006260568482708201,0.0005185234154801,HAR-RV (OLS)
4385,0.00032127448791977877,0.00025385064438452503,0.0001156096748361,0.00040516452695786,0.00043082455046981253,HAR-RV (OLS)
7195,0.00034086421993421816,0.00028897496360375,0.0003243330994524,0.00034240795222542,0.00035323317076723753,HAR-RV (OLS)
14305,0.0005253888527688728,0.00058100330266935,0.0003406373746699,0.00041870235202754,0.0004840286617901937,HAR-RV (OLS)
25815,0.0005173519389475134,0.0005806843575085999,0.0008327958017771,0.00051392466678424,0.0005268003077663564,HAR-RV (OLS)
535,0.0005152335966491665,0.001091558854108225,0.0006156126898425,0.00045581344993300005,0.0004791305955784375,HAR-RV (OLS)
5510,0.0007319853258806581,0.0006093319894513,0.0006029582782094,0.00062589326475038,0.0006766220445036687,HAR-RV (OLS)
13949,0.0007598433212452093,0.0007310333802849,0.0005840092225149,0.0007227574200698,0.0007231754839242311,HAR-RV (OLS)
22822,0.0003461085026393324,0.00050740482698055,0.0003578680233231,0.00046244229708424,0.00056114508854485,HAR-RV (OLS)
9396,0.0007594301629953852,0.0006581538206948499,0.0004963553697849,0.0006577727166779601,0.0006974259447277188,HAR-RV (OLS)
23217,0.0007593425552511741,0.0006863035150935001,0.0006433628424505,0.0006333909559513599,0.0006749018133723188,HAR-RV (OLS)
13771,0.00047937546030269004,0.000570703919129625,0.000372326865901,0.00040024132542815997,0.00044504862018991876,HAR-RV (OLS)
21533,0.0005809939299164773,0.0006688096309846,0.0007220028348245,0.00061498853274998,0.0006012724763046625,HAR-RV (OLS)
5314,0.0008747348388129931,0.00057968350540955,0.0007857252195979,0.00073953316558332,0.000620119214517725,HAR-RV (OLS)
289,0.00043053649220865277,0.000473373173909275,0.0004440383614497,0.00044459067419871993,0.0004017166444523938,HAR-RV (OLS)
20630,0.0006423665212454657,0.00047879225245574996,0.0005058560940387,0.0006394784171802599,0.0007298255561321062,HAR-RV (OLS)
8706,0.0006298861273777668,0.0006547692880550251,0.0006628595944339,0.0005709524417449,0.00061869263970655,HAR-RV (OLS)
26889,0.000712753243902032,0.0006543439409055751,0.0007579883619081,0.0006804592182148199,0.0007803693762406,HAR-RV (OLS)
17008,0.0006536981084756631,0.00061684325735145,0.0006931083861512,0.00066126142009732,0.0006472309340076687,HAR-RV (OLS)
2018,0.0006807089330895136,0.00056024920263815,0.0006715790015941,0.00063128366864306,0.0006493235581219063,HAR-RV (OLS)
10206,0.00038291510900887436,0.0003360373532059,0.0002458123143245,0.00032371739635362,0.0003548604889991625,HAR-RV (OLS)
22217,0.0005897815690509081,0.000553738718135025,0.0004805792033267,0.00060120671699844,0.0007147282838526937,HAR-RV (OLS)
28757,0.0005757060321775411,0.0005384672944730001,0.0005052048375342,0.0006088147098432,0.0005878549962387125,HAR-RV (OLS)
14740,0.0005680504479871208,0.00046884422802375005,0.0006095740777084,0.00057605888768936,0.0005506220967789062,HAR-RV (OLS)
8776,0.0003478578052460474,0.000499018708181175,0.0003964342881626,0.00060211787350462,0.000530725182664825,HAR-RV (OLS)
31302,0.0003315642397596283,0.00035833305171805005,0.0004329475749273,0.00032918258366339997,0.00034538540669595624,HAR-RV (OLS)
14572,1e-08,0.00026758239904695,0.0005865950555892,0.000292104607410681,0.00029839980994534406,HAR-RV (OLS)
13989,0.00042258675306644695,0.00048677328815330007,0.0003539583176316,0.0004119291762035,0.0005267101372561187,HAR-RV (OLS)
16438,0.000562319584305706,0.00094679928644605,0.0006527900102797,0.0008974159808783,0.0010479371013991062,HAR-RV (OLS)
10796,0.0004204945194503269,0.0002834002583357633,0.0004816715057347,0.00052829399921792,0.0004873056993697563,HAR-RV (OLS)
1365,0.0007868495158287379,0.000608592227218225,0.0005628209268885,0.0007004446160956,0.0007476475431865688,HAR-RV (OLS)
6213,0.0006962545594294887,0.0006199026485860501,0.0008752269823045,0.0007522794145829799,0.0008888380705145062,HAR-RV (OLS)
13798,0.00041286302236386246,0.000529356054531675,0.0005543885225517,0.00066801466089322,0.0006028539203730312,HAR-RV (OLS)
19385,0.0005141696796657579,0.000371587334988275,0.0003969490861146,0.000373728706442,0.00025769871147223106,HAR-RV (OLS)
13514,0.0006146604492705398,0.0005602172428908,0.0007072617802272,0.00060033692574632,0.00073199396729875,HAR-RV (OLS)
22585,0.0004212003552569654,0.000386435490395825,0.000379384097594,0.00037897882660395995,0.0004493664001329875,HAR-RV (OLS)
21466,0.0003641970628411034,0.000279988668095775,0.0001927583388299,0.00026835828926574,0.0002962274537061688,HAR-RV (OLS)
2444,0.0004032505309037893,0.000361550575063925,0.0003130855850828,0.00039883637665317996,0.0005226194679615813,HAR-RV (OLS)
32082,0.0006232635039017039,0.0003939834304641,0.0003815680816058,0.00052167676796824,0.0004846570406607312,HAR-RV (OLS)
14918,0.0008521761912131121,0.0006130772133428,0.0008453915904956,0.0006461531113641399,0.000658470999217825,HAR-RV (OLS)
26873,0.0005830077845359095,0.00040845640496705,0.0006754121311796,0.00051317644285878,0.0006508334300692562,HAR-RV (OLS)
1430,0.00043345346163811,0.00027168046994630003,0.0004442302072985,0.00032665131941311414,0.00040369745613486063,HAR-RV (OLS)
7567,0.0004499387996715874,0.00051486326580895,0.0005344134178128,0.00050077310361854,0.0004717008253180437,HAR-RV (OLS)
2999,0.0003418607002209663,0.000371300334118675,0.0002512828503472,0.0003912415738143001,0.000450735737674025,HAR-RV (OLS)
2076,0.0002899051726726772,0.00045549616308164997,0.0010005466793457,0.0005264097513941401,0.00046175914200234376,HAR-RV (OLS)
3001,0.0008051003957055339,0.00102590941732855,0.0007850902120355,0.0007450660228398199,0.0008288276999512125,HAR-RV (OLS)
3160,0.0006363437123512389,0.0007478628208279001,0.0008155331932635,0.0005761585268732399,0.0005919229844899125,HAR-RV (OLS)
23299,0.0008990387521476502,0.000794215052659875,0.0010223867324718,0.0010047345872063,0.0010139392548641937,HAR-RV (OLS)
12225,0.0004016673173186813,0.00039884039999040004,0.0003969959701659,0.00049298032416292,0.0004648123942845875,HAR-RV (OLS)
19065,0.0008817508279421569,0.0011347589995764,0.0007710492079889,0.0008480732116113001,0.0008745038695605063,HAR-RV (OLS)
9748,0.0009127258110700506,0.00048185703219494997,0.0006189513089286,0.0005742718594694401,0.00051606597369425,HAR-RV (OLS)
20571,0.00023951236890505884,0.0004891259652202999,0.00023871645274,0.00034722917600544,0.0004891277766423375,HAR-RV (OLS)
24868,0.0003335880933916244,0.0005040015620666,0.0004035161106309,0.0005856410869242801,0.0004851839840377938,HAR-RV (OLS)
25641,0.00040532527390356595,0.000450123722884875,0.000548641422681,0.00043281783688466004,0.0004503262530182,HAR-RV (OLS)
11096,0.0006957074585243164,0.00027122511499542496,0.0007676111024926,0.00040983184262358,0.00043667306807855,HAR-RV (OLS)
20418,0.0004364794827607126,0.000681653983564475,0.0004414495477194,0.0004167906168613,0.00051193866681685,HAR-RV (OLS)
32119,0.000758411820302798,0.000645990327988375,0.0007810215962081,0.0007426482848885,0.0006462354725774251,HAR-RV (OLS)
13362,0.00033144084205555453,0.000259248515894125,0.0002338693611734,0.00030031867178242005,0.0003513912377245187,HAR-RV (OLS)
17091,0.0007339431093546964,0.000539350302591525,0.000740037424729,0.0005996893042934001,0.0006065042616308562,HAR-RV (OLS)
32596,0.0009756325999886661,0.000856856941802125,0.0008369234311436,0.00099633321513494,0.0008145934047037813,HAR-RV (OLS)
2559,0.0009256935236628623,0.0007840315431775501,0.0007784948993277,0.0008586892120062801,0.0008938115177253812,HAR-RV (OLS)
22914,0.00030535721621422526,0.00029514944795385,0.0003403632038605,0.00031823315100338,0.00038627230902855004,HAR-RV (OLS)
18224,0.0004864228471320927,0.0008623840208584,0.0013013028407747,0.00100436186009222,0.0008841092017625062,HAR-RV (OLS)
9759,0.0006369682415900738,0.0005460379965779251,0.0005378507608989,0.00065034134961204,0.0006106179434406062,HAR-RV (OLS)
15798,0.0007259711753496694,0.0006250152450290751,0.0007228728111255,0.0006614262419698,0.0006852353196651437,HAR-RV (OLS)
12021,0.0003189448644167152,0.00036467296105482504,0.0002121838916676,0.00027999467778676003,0.00029570849362527346,HAR-RV (OLS)
31402,0.0008484116725261056,0.0006592738651522751,0.0007966797176359,0.00060834637272012,0.0007429190318981749,HAR-RV (OLS)
10554,0.00110598513177214,0.000987678168659925,0.0010693915290359,0.00096829351557392,0.0010887519165655498,HAR-RV (OLS)
25599,0.000635771690982297,0.0005055283185514501,0.0006539981974547,0.00054500441108672,0.0005936416710673313,HAR-RV (OLS)
2239,0.00020765816192132107,0.000302434602479775,0.0001979234754923,0.00020761123244626,0.00033253223001313123,HAR-RV (OLS)
27304,0.0005099573972477039,0.0005985021406037,0.0004797279123173,0.00046804750543138,0.0005251158686495,HAR-RV (OLS)
28745,0.0006646768565619936,0.0007596039190404251,0.0005242205744721,0.00070410443131746,0.0008994857830084687,HAR-RV (OLS)
12436,0.0005857989651542664,0.000484582263856975,0.0004391917248089,0.0006444013879497,0.0005506703853239188,HAR-RV (OLS)
6082,0.0004459380917876501,0.00042169802643574994,0.0004229169976387,0.0003997721759346,0.00044951698550048125,HAR-RV (OLS)
10081,0.0003831218674197376,0.00045908819713542503,0.0002981478447068,0.00039323133505150007,0.00046401705581784373,HAR-RV (OLS)
26428,0.0006109405061331556,0.000582355476525375,0.0003581272743156,0.00050530755556886,0.0005269253849009875,HAR-RV (OLS)
2170,0.0008057114832783433,0.00082492527929965,0.0005836615568641,0.0007251715547320401,0.0007668785347590625,HAR-RV (OLS)
22405,0.0004922957875591741,0.0003996521393769,0.0006486783797115,0.00040520111012077995,0.00036806080867555,HAR-RV (OLS)
18634,0.0005540237191956159,0.000628804501180425,0.0005921040515272,0.0007167201980489,0.0006072546997247813,HAR-RV (OLS)
25452,0.0007930655719430663,0.00047394902995275,0.0008188690452773,0.00070725011558848,0.0007397505917721688,HAR-RV (OLS)
5773,0.0007088978551524283,0.000435972087182525,0.0007503599831569,0.00060505933751246,0.0006048988237917938,HAR-RV (OLS)
31331,0.000979741041837906,0.0009547316823569499,0.0008217433247954,0.0008322050825526998,0.0008981524944260562,HAR-RV (OLS)
11749,0.0005484220267720943,0.00063711999689405,0.0004327856734303,0.0006080223608202,0.0006465238524825376,HAR-RV (OLS)
24050,0.0007123122859650474,0.000625272179991325,0.0005300549914632,0.00055027381028454,0.0006750767723075687,HAR-RV (OLS)
15765,0.0002729122556499484,0.0003472687198203,0.0002220995046769,0.0003032493825479,0.00031334134196643127,HAR-RV (OLS)
13163,0.0004923463399368559,0.0004776643591787,0.0002917961436556,0.0005389064754123,0.0005567784631524812,HAR-RV (OLS)
25687,0.0006312690420799119,0.000614674262683125,0.0007393558780977,0.00067528147007588,0.000631963660407425,HAR-RV (OLS)
11893,0.0004454075711329301,0.0005131827012128249,0.0007734815004449,0.0006965603184181599,0.0006018115786410876,HAR-RV (OLS)
15627,0.001015011331273039,0.0006728363890976,0.0009019705908585,0.00077252408410718,0.0008997930162796937,HAR-RV (OLS)
25369,0.00044412652267413963,0.000518720419866,0.0006155158980229,0.0004899822263094,0.00041851856803654374,HAR-RV (OLS)
10336,0.0005387161710770309,0.00050812145161475,0.0006286059979988,0.0005229648825802,0.0005537681299480625,HAR-RV (OLS)
28256,0.00048597746159095373,0.0005343677496285251,0.0005388611763271,0.00050546700424742,0.00044385529309649374,HAR-RV (OLS)
3318,0.0007964406723126945,0.00063770998747405,0.0006896198920277,0.00080846594500578,0.0008550947413711,HAR-RV (OLS)
32662,0.0004845769791145302,0.000422580746261725,0.0003753962025863,0.0004481746762067199,0.0005264812225749312,HAR-RV (OLS)
10530,0.00039464192570070684,0.000348464648605575,0.0002095519631335,0.00035020317711901997,0.00032669671699223123,HAR-RV (OLS)
9001,0.0003823706156131645,0.000387270256575225,0.0004996301841148,0.00038979001599538004,0.0004427350420904375,HAR-RV (OLS)
991,0.0007654970448088587,0.00074069985781645,0.0007329482820994,0.0007123764491406401,0.0006867193613195876,HAR-RV (OLS)
29246,0.0003273221932262675,0.00029096640623877497,0.0003263689590218,0.00028433511730968,0.0003336875684150127,HAR-RV (OLS)
28959,9.589259751989628e-05,0.0002540359034663,0.00010285808082,0.00030241184689362,0.0002496695932828261,HAR-RV (OLS)
12839,0.0002924652588625837,0.0005237945061373,0.0002465321657686,0.00033863929019526003,0.00042791450460649997,HAR-RV (OLS)
12935,0.0008647509188939918,0.00096570041593925,0.0009898514417495,0.0008764965359902199,0.0006061171539981937,HAR-RV (OLS)
27469,0.0013560660397767665,0.001071794352414225,0.000692423322541,0.00101860349048606,0.001002891884467825,HAR-RV (OLS)
15269,0.0006379156051245601,0.000774646555803175,0.000785366026126,0.0006327934107057799,0.0006109818950744062,HAR-RV (OLS)
16614,0.0004901600692044938,0.00054251796738875,0.0005026264616631,0.00048162964906734,0.00047939306395353127,HAR-RV (OLS)
697,0.0008286018242449722,0.0009729917912290499,0.0009616533239007,0.0008828994453675401,0.0009356261890614312,HAR-RV (OLS)
15852,0.00035573396957340995,0.000287552523849525,0.0003207013961273,0.00047518024632559996,0.0003875814872236591,HAR-RV (OLS)
30730,0.0006159023149101585,0.0005445740292996249,0.0006599808801537,0.0006477048937756,0.0006030228688943999,HAR-RV (OLS)
28002,0.00040461950051928124,0.000411280081188475,0.0003937024150982,0.00046530003335196,0.0005624442615908438,HAR-RV (OLS)
3957,0.00028480285879587145,0.00015773471573228345,0.0003415781619613,0.00024020969586866,0.0003076111803616562,HAR-RV (OLS)
12949,0.0005390987770494307,0.00041997197185525,0.0006874852617951,0.0004956177658096,0.0004767773178596375,HAR-RV (OLS)
25583,0.00014344399258073965,0.00028497604562862,0.000166813000248,0.00020471266405349997,0.0002569643137139703,HAR-RV (OLS)
22627,0.0003698737567849771,0.0005335462326923749,0.0004672802814724,0.00044879302909362,0.0005808097738270374,HAR-RV (OLS)
23539,0.0010130017561246275,0.0011711388538844002,0.0012782705894945,0.0011384827514844599,0.0009291488142919811,HAR-RV (OLS)
18023,0.0008736984832502185,0.000945779429732125,0.0008693149151752,0.0008982077498145,0.000892101721569775,HAR-RV (OLS)
8481,0.00073857467269263,0.000821816671686175,0.0011362217567955,0.0007537145580925801,0.0007321716203434251,HAR-RV (OLS)
18932,0.00023430474462030458,0.00027628406827164996,0.0002792431707523,0.000236105421870528,0.0002258842321894427,HAR-RV (OLS)
16,0.0005403078279431603,0.000435746733812375,0.0003680021360857,0.00051008501242582,0.00045645711308813126,HAR-RV (OLS)
1040,0.00041063769160709423,0.000584389181752438,0.0003494529785422,0.00040734457501365997,0.0004344280228772,HAR-RV (OLS)
16919,0.0008825514357598254,0.00059480427540005,0.0006985047067632,0.00045056614713714005,0.0005849191546177938,HAR-RV (OLS)
11804,0.0008200767574647425,0.00064492093716265,0.0008106704649859,0.00064963301551628,0.0007800383044888437,HAR-RV (OLS)
13531,0.00040563203001533604,0.000341074670397975,0.000249743953744,0.00034725522849018005,0.000351544252050875,HAR-RV (OLS)
2479,0.00027479487530742786,0.00021944422510104223,0.0003243443345798,0.00029319787515556,0.0002648040846226938,HAR-RV (OLS)
30454,0.0008051574665927668,0.000645393094515575,0.0007264658256967,0.00081382303566516,0.000795784930577525,HAR-RV (OLS)
20055,0.0002615765095469264,0.00026976775086390764,4.646680271900172e-05,0.00017879915091321706,0.00022363264485377878,HAR-RV (OLS)
24120,0.0006759300651878175,0.00058524320578575,0.0006368170562639,0.0006489729591646001,0.0006652329442370063,HAR-RV (OLS)
4209,0.00043975468841945587,0.0003754566328857,0.0004102631381892,0.0003240654548006,0.0003310792442541,HAR-RV (OLS)
30405,0.00019228673397532166,0.000304566910349125,0.0001960264553423,0.00029302788800702003,0.00048347396295010626,HAR-RV (OLS)
16235,0.0006291775368471409,0.0005884598050210249,0.0006065118107213,0.00077800990368006,0.000748922982974825,HAR-RV (OLS)
8718,0.0005457147414199969,0.000552564864882025,0.0004252365502875,0.00044387492519218,0.0004919320443493,HAR-RV (OLS)
9431,0.00047051017637773115,0.0005154304510726251,0.0003936023001467,0.0003538459339306,0.00034814003258504375,HAR-RV (OLS)
27910,0.000967352587330913,0.0010416606304739502,0.0009653335221642,0.0008951468392571202,0.0009517249495717937,HAR-RV (OLS)
3152,0.0010730368327920548,0.00086097007599945,0.000885398852223,0.00077692888811548,0.000804718285240575,HAR-RV (OLS)
29649,0.0002888977738909588,0.000191571252640585,0.0002627480077665,0.00032839988145646,0.00027440235829858127,HAR-RV (OLS)
5601,0.0010304627472229328,0.000865165025799325,0.0008389097808484,0.0010062481115976,0.0010480403765459312,HAR-RV (OLS)
11415,0.0008137725317663506,0.000460353130088625,0.0007342996289987,0.00066344343707444,0.0007181782288955938,HAR-RV (OLS)
19240,0.0005164963412401719,0.00065290592281185,0.0005335053034746,0.00062575504863908,0.0006887960818120625,HAR-RV (OLS)
19434,0.00045018050013483665,0.00033912110956555,0.0003437779236368,0.0003276421223678,0.00044887732763986254,HAR-RV (OLS)
30641,0.0009997095182604535,0.0005780812228394501,0.0007378050798287,0.0009753547824603601,0.0006425797420148938,HAR-RV (OLS)
32654,0.000599903662223853,0.0006263973097377249,0.0006139393545616,0.0007359504536088,0.0006222298021405125,HAR-RV (OLS)
26806,0.0004862221350274493,0.00033117397237719995,0.0001954848834198,0.0005582310682806001,0.000541200465215475,HAR-RV (OLS)
12419,0.0004529354708284111,0.00038741056160984997,0.0006273917176414,0.00050857675827132,0.0004586022950041625,HAR-RV (OLS)
19234,0.00040026005149241005,0.00039955710236895,0.0004698840630698,0.00044531098685508,0.00048499986282588123,HAR-RV (OLS)
3025,0.000428822082022322,0.0005785666190038,0.000232676655644,0.0004949749941690199,0.0005690848070675625,HAR-RV (OLS)
14714,0.0007540539958377827,0.000456300704640875,0.0007212440884359,0.00054156905366628,0.0004230465744422813,HAR-RV (OLS)
2908,0.0002692528275107641,0.00035230620547415,0.0002080860957011,0.00022926876145746,0.00037704015442774374,HAR-RV (OLS)
17957,0.0008048534821633764,0.00096129927316175,0.0010148395913144,0.00103770899444512,0.0009065577044521688,HAR-RV (OLS)
9037,0.00035449440896589003,0.00038485583134005,0.0003685283768463,0.00042962111249762,0.00036822562018833127,HAR-RV (OLS)
27313,0.00035529328198930833,0.00026342975970855,0.0003539296820637,0.00034187742094470003,0.0003827224940190375,HAR-RV (OLS)
8357,0.0005725259886998134,0.00049901310723305,0.0005179703041794,0.0005221983289743799,0.0005645434345293813,HAR-RV (OLS)
11054,0.0004877752003344298,0.0007286173565772751,0.000696933179739,0.0006335142185773,0.0007595180044053251,HAR-RV (OLS)
27989,0.0011755637587880863,0.00085194185516645,0.0010791396870638,0.0010391782855219199,0.0011046167671638562,HAR-RV (OLS)
29716,0.0005403834654835243,0.000561582803922625,0.0007581788961977,0.00059337387072518,0.0005396384695985437,HAR-RV (OLS)
4219,0.0007722060766373331,0.0006156083956723,0.0005185493105131,0.00066183684079422,0.0006835150841179251,HAR-RV (OLS)
28596,0.0007435393391819054,0.0008151035946158999,0.0008977301038584,0.0007473738569495799,0.0004944188488042562,HAR-RV (OLS)
11715,0.0004791787938806906,0.000678256590194025,0.0005359632962704,0.0006092702433845799,0.0005085620167711438,HAR-RV (OLS)
2748,0.0005185926504467501,0.00050883806588595,0.000446774556829,0.00050047953881228,0.000579616936212225,HAR-RV (OLS)
4913,0.0006632643761520526,0.000709240451590675,0.0007949541349215,0.0006937502588674,0.0006122783297242251,HAR-RV (OLS)
31701,0.0007612481217071313,0.000746267789253475,0.0007614819917122,0.0007886020657343999,0.0008479724606584875,HAR-RV (OLS)
4622,0.0010914281051846689,0.00076867721057365,0.0008593842244442,0.00120258901595432,0.0011867494507101937,HAR-RV (OLS)
18739,0.0007024667960851677,0.000947566755819925,0.000793231456362,0.0008573865376476,0.0008275632564974313,HAR-RV (OLS)
21121,0.0006276726421476607,0.00036226202691372496,0.0002163589753386,0.00039132639612730007,0.00044747491045606254,HAR-RV (OLS)
9640,0.00047384051817146483,0.00042409675988742496,0.0008745552842915,0.00051690813091902,0.00046116755803869995,HAR-RV (OLS)
12428,0.00021890761455700507,0.0003202271704129,0.000531919299137,0.00024355861814085185,0.0002529528763199543,HAR-RV (OLS)
23958,0.000594668284030949,0.000611829738148875,0.0004139545888851,0.00055567974388604,0.000523679354365425,HAR-RV (OLS)
11303,0.0005244669879047331,0.0005602478475113,0.0003983075961111,0.00045920186483464006,0.0004811434505503365,HAR-RV (OLS)
12061,0.0001395606971650884,0.00030307623990082495,0.0001605694824057,0.00030216852168661997,0.0002482172328281447,HAR-RV (OLS)
23600,0.0010905171414064333,0.00110252865503925,0.0013750638146931,0.0009326252902874599,0.0009701726509751062,HAR-RV (OLS)
5424,0.00014933241580109143,0.00023380253407305002,6.965085024189227e-05,0.0002129669434511803,0.0002129959731289089,HAR-RV (OLS)
27978,0.0005866682235788241,0.0005965217964122,0.0012282532030943,0.00080179157465866,0.0005356197934837937,HAR-RV (OLS)
11199,0.0010218531139484714,0.0004312336460446676,0.0005348591817165,0.0007171140960261799,0.000788934524299,HAR-RV (OLS)
16017,0.0004801843091830658,0.00043516037336110004,0.0003146311726949,0.00045947459640788003,0.0004571466631026625,HAR-RV (OLS)
27182,0.0010100768684038516,0.0005384094287541499,0.0004568734502113,0.00044916258996076,0.0005631162349368375,HAR-RV (OLS)
31138,0.00029518001280873934,0.0003145754935335,0.000255009685851,0.00024042367336066,0.00028580122234683747,HAR-RV (OLS)
12291,0.00036571116235320055,0.00048157157500522494,0.0004075971921667,0.00038214461780114,0.0003843532614458562,HAR-RV (OLS)
22501,0.00019919091678688417,0.00053296701247925,0.0002057763218884,0.00048449237004512,0.0006465468573766999,HAR-RV (OLS)
17987,1e-08,0.0009377023133297999,0.0009691737258122,0.0007201617909626801,0.0005529509694589499,HAR-RV (OLS)
16733,0.00022218327715387232,0.000262398338144025,0.0003131716497707,0.00021625471608645997,0.0003107511874170562,HAR-RV (OLS)
8665,0.0003281866560333554,0.000288481984518125,0.0004891385486177,0.00035066342018408,0.0003359251952124067,HAR-RV (OLS)
10610,0.0005186203385733803,0.00032730901671755,0.0002640826693664,0.00071997415265486,0.0005167289114224563,HAR-RV (OLS)
1149,0.00038544710316949814,0.000392338588370125,0.0004465231596638,0.00043348436512608,0.0005265128803333687,HAR-RV (OLS)
17598,0.0002959646877543239,0.00037755627629607497,0.0005093264992712,0.0003585364025126,0.00038429471327707497,HAR-RV (OLS)
30063,0.0010339152455833651,0.000955007278524,0.001150908629802,0.0010911057383133,0.00105359483152295,HAR-RV (OLS)
19062,0.00035945935108989274,0.000545113684567,0.0003570241701346,0.00035866092773969996,0.0004065933574441313,HAR-RV (OLS)
19444,0.0007876584018458631,0.000586339174805075,0.0008703468307848,0.0007802094698726801,0.000842804854494325,HAR-RV (OLS)
17157,0.00041366872141621784,0.000688651902675775,0.0007408731227093,0.0006375144505314001,0.0007445624294039313,HAR-RV (OLS)
18500,0.0002433708303020871,0.0003042921091825,0.0001734582746953,0.0002475238260462,0.0002650738096729151,HAR-RV (OLS)
19476,0.0005469123865666536,0.00040796217536824997,0.0003854975056512,0.0004220096598215201,0.00050835941375765,HAR-RV (OLS)
23342,0.0011114245594407795,0.001166157155819825,0.0010891703067864,0.0010343130524315398,0.0011835156068991123,HAR-RV (OLS)
11060,0.00033022610482249626,0.00024506106973917497,0.0003306644715702,0.0002618202555918,0.0003404323185175,HAR-RV (OLS)
28426,0.00039094536788140846,0.00054284602713665,0.0004524292071792,0.00043697804413164005,0.0004136900698094938,HAR-RV (OLS)
23136,0.000678928973439231,0.000665753974080525,0.0004974122606564,0.0007310118239032599,0.0007242805574000188,HAR-RV (OLS)
26835,0.00023989717499909484,0.00038312166761065,0.0003398226434191,0.00026524898100519997,0.0003059053350909438,HAR-RV (OLS)
17505,0.0005227425891518896,0.00059171178403145,0.0005462572691394,0.00057922119913736,0.0005663395483409563,HAR-RV (OLS)
5512,0.00036027470308183543,0.000490035691096175,0.0004174689587089,0.00041928804681424,0.00039466289449923754,HAR-RV (OLS)
29375,0.00035720277599233206,0.00034982976735975,0.0003197834065548,0.00041872658885859997,0.0003563709807744375,HAR-RV (OLS)
17090,0.0005327814148853611,0.0008119186030481999,0.0003899754360497,0.0007176201421427201,0.0006378053546196875,HAR-RV (OLS)
5470,0.00036749975621309494,0.000280881531540825,0.0004672508916938,0.0003309242819643,0.00032397578883551254,HAR-RV (OLS)
29048,0.000598966638450355,0.0007321200412907,0.000599497584248,0.00054788361319616,0.0005948630454154626,HAR-RV (OLS)
17390,0.0007853479923464678,0.0007090003231787251,0.0008499592715662,0.0007743369928687,0.0008378613608655063,HAR-RV (OLS)
9138,0.0008472245187750761,0.000630980984182025,0.000439998008406,0.0008067943833135801,0.0007493340363443062,HAR-RV (OLS)
23579,0.0005158962966742075,0.000373229022281925,0.000407921770112,0.0004884736310395001,0.0005002566908878,HAR-RV (OLS)
28898,0.000847610247060268,0.000691657816124675,0.0005772788489972,0.0007242766372081799,0.0008994298308845938,HAR-RV (OLS)
24220,0.0004280871478477685,0.0007506257460680251,0.0011214771661691,0.00103926588929312,0.0009339552896482313,HAR-RV (OLS)
7758,0.0005070759382922424,0.000564480859289975,0.0005738622060816,0.0004877640931442599,0.0005898772508794438,HAR-RV (OLS)
9564,0.001182208568596413,0.0008548846620629999,0.0011857866640636,0.0011277257613442001,0.0011359935953128312,HAR-RV (OLS)
2525,0.0005764388759959869,0.000509180174039825,0.0007216916697391,0.00061592148156108,0.0005052206203864625,HAR-RV (OLS)
27020,0.0009235754087796845,0.000506435799898975,0.0007416426729836,0.0008315688103110199,0.0008078552847092062,HAR-RV (OLS)
19625,0.0002660035174191198,0.00038745522771502504,0.0005127232315843,0.00036594923910216,0.00035252153194169616,HAR-RV (OLS)
18764,0.00044842523038258293,0.000979651401098775,0.0006435545242099,0.0008093190250238799,0.0007894431630444125,HAR-RV (OLS)
28896,0.0006913407116175235,0.0005801446004756,0.0007083479828412,0.00062750287249034,0.0006268707116304875,HAR-RV (OLS)
21437,0.00041036246824506105,0.0003218901545782,0.0002753617940897,0.00033254945888968,0.0005614527260577938,HAR-RV (OLS)
1057,0.000486031059745743,0.000480540455442875,0.0004687225001811,0.00048744102531830005,0.000487167026013425,HAR-RV (OLS)
32361,0.00029259057626547774,0.0005993889329207499,0.0002689440112094,0.0005222441362044399,0.00064142238967675,HAR-RV (OLS)
31406,0.0008457914805432669,0.0009209507871252,0.0008929023178048,0.00071106477449322,0.0007469497516692188,HAR-RV (OLS)
16086,0.00040225664516162197,0.000433809173309575,0.0003060820288242,0.00034465310888224,0.0003018114326149914,HAR-RV (OLS)
7194,0.00017543104081001247,0.00041618312118004997,0.0002674322776579,0.0002587526695640014,0.00023022979426749206,HAR-RV (OLS)
11786,0.0004564603688550455,0.0002776292074299,0.0004258455697249,0.0005419444391060799,0.0004471778205870605,HAR-RV (OLS)
11844,0.00046179540872819726,0.00020813021668557503,0.0005258114070636,0.00020795759763892496,0.00029579894473165597,HAR-RV (OLS)
21053,0.0007107105328764937,0.0006208950090480249,0.0008106792725489,0.0005355413378708999,0.000510118891054225,HAR-RV (OLS)
15194,0.0005777563330695258,0.00048116812655790004,0.0007439203135714,0.00038678497661862,0.000451211295984075,HAR-RV (OLS)
9518,0.00024912628991950525,0.00017704949429202499,0.0003402637522576,0.00034476556187068,0.00025082132827234976,HAR-RV (OLS)
10604,0.0006607977204890333,0.0008866653393606249,0.0007709053524631,0.0008954606264546,0.0008461278243456125,HAR-RV (OLS)
7783,0.0003523280361562072,0.00033218474815195,0.0003754914393406,0.00043869305114419997,0.000405061542532525,HAR-RV (OLS)
10030,0.0003111728639703345,0.00046456698208755,0.0003186186214836,0.00043127291552593996,0.00046628441017883125,HAR-RV (OLS)
16910,0.0004159178273048423,0.00046812120411820004,0.0004271419916677,0.0005273622796745,0.0004840695033027,HAR-RV (OLS)
31587,0.00043332753004048314,0.00045304626875015,0.0003314795519397,0.0004036898069574,0.0004045841601773625,HAR-RV (OLS)
31789,0.0006424882688539782,0.000492410734640875,0.0007203053064336,0.0005588657072473,0.0006537110995245188,HAR-RV (OLS)
16280,0.0011824352700372464,0.000803111293744875,0.0005476840642564,0.00078640740216618,0.0010239844396518752,HAR-RV (OLS)
31004,0.00058286148571681,0.00054885381705335,0.0004205991512752,0.0004954149711144001,0.0005863616022978875,HAR-RV (OLS)
22193,1e-08,0.0002168367656001643,1.6572798550259483e-05,2.4911130517962007e-05,0.00012183092808300716,HAR-RV (OLS)
11730,0.0007184773019967974,0.0005848840281901,0.0006487883611943,0.00054079625804498,0.0005145594770741501,HAR-RV (OLS)
2353,0.0004535908796126577,0.00048916493050875,0.0003362127891757,0.00044018853779934,0.00047402083179921253,HAR-RV (OLS)
1219,0.00041797117998261545,0.00029502751218745,0.000507797287375,0.00045710118612252,0.00044431051484858125,HAR-RV (OLS)
13599,0.0006669202541755778,0.00055917516938565,0.001128715700163,0.0007270097693950201,0.0006709867024619312,HAR-RV (OLS)
10789,0.00038581952575520394,0.000393288190861275,0.0003586716064392,0.00032312553610076,0.0004000511671387875,HAR-RV (OLS)
15132,0.000583270585810995,0.0007835548910891,0.0011113344489297,0.00054970500792206,0.0005887982430503563,HAR-RV (OLS)
18212,1e-08,0.000493889913892825,0.0003202518701396,0.00071779166781808,0.0007429445004266812,HAR-RV (OLS)
11541,0.0003594870239030627,0.000300555503695275,0.0004871623280422,0.0002256103959454618,0.0002970136208495956,HAR-RV (OLS)
2267,0.0005771198863428746,0.00060585252809915,0.0006883123860377,0.00057119013694588,0.0005156791691089,HAR-RV (OLS)
12758,0.0005207753781888158,0.00039871923648145,0.0004437495880859,0.00039575157804748,0.0004898356571570062,HAR-RV (OLS)
19817,0.0005160450379018135,0.0005324126614061,0.0005073538899393,0.00050723351566202,0.0005190742915541125,HAR-RV (OLS)
11122,0.00038262961775341255,0.0006924118938857751,0.0006609864348804,0.00053070604544034,0.00047010345444403756,HAR-RV (OLS)
24713,0.000325542433012925,0.00045483897128965,0.0003174200722365,0.00030766545369398,0.0003468496159516625,HAR-RV (OLS)
4649,0.00035129477051370583,0.00022328586998032087,4.26287748112461e-05,0.00019728302709368632,0.00023109641260321816,HAR-RV (OLS)
21493,0.0004917701021807789,0.0005861913841929,0.0004888315834125,0.0003178045229273368,0.0003899525828982161,HAR-RV (OLS)
29448,0.00020707847890109388,0.000244252254822475,0.0001067704067708,0.00024835367282106,0.00024760271763490233,HAR-RV (OLS)
31439,0.0007215719453059038,0.0005042107411431,0.0006228141122052,0.00055162932303558,0.0005862826047663812,HAR-RV (OLS)
31345,0.0006212437484083161,0.00036160211152190004,0.0005274098180909,0.00045111993341478003,0.00048822402727075,HAR-RV (OLS)
652,0.00030658593925940523,0.00018271821782873295,0.0005423254240232,0.00031125250459986583,0.0002542083336965902,HAR-RV (OLS)
31279,0.0002994528030340508,0.0006325362832094751,0.000502470641258,0.00059020178849816,0.0005548721059111001,HAR-RV (OLS)
6286,0.0006273326443169416,0.00037879036113565,0.0005126176120214,0.00048651119472006,0.0003793158154480375,HAR-RV (OLS)
