time_id,AIC,BIC,converged,stationary,alpha,beta,model
5,19.211485905362544,24.16783731307801,True,True,1.896648632375846e-15,0.7954961382440764,"GJR-GARCH(1,1,1)-t"
11,-9.249421500345392,-4.293070092629922,True,True,0.0,0.16807793378947244,"GJR-GARCH(1,1,1)-t"
16,-10.163722987360714,-5.207371579645244,True,False,0.9999999999998325,2.9267606593984857e-13,"GJR-GARCH(1,1,1)-t"
62,-23.06798719451558,-18.11163578680011,True,True,7.683396101583132e-13,1.8606792617458826e-13,"GJR-GARCH(1,1,1)-t"
72,27.20468716394729,32.161038571662765,True,True,0.6554820103030883,0.0,"GJR-GARCH(1,1,1)-t"
97,21.365496533604354,26.321847941319824,True,True,1.4401615995614594e-16,0.5492339277820097,"GJR-GARCH(1,1,1)-t"
103,14.623699084892877,19.580050492608347,True,False,0.26845872053197944,0.849512923071708,"GJR-GARCH(1,1,1)-t"
109,-12.449507354030668,-7.493155946315198,True,False,1.496264350038767e-13,0.9999999999966597,"GJR-GARCH(1,1,1)-t"
123,-3.0650599237229628,1.8912914839925072,True,True,7.127995635758513e-17,0.4672883670729092,"GJR-GARCH(1,1,1)-t"
128,-11.841900766887314,-6.8855493591718435,True,True,0.496688823692753,1.794999197325163e-11,"GJR-GARCH(1,1,1)-t"
146,28.059929230538287,33.01628063825376,True,True,0.0,0.9331733335182568,"GJR-GARCH(1,1,1)-t"
147,-3.1180698645589544,1.8382815431565156,True,True,0.02880243867425129,1.665309187295193e-14,"GJR-GARCH(1,1,1)-t"
152,9.68493944613623,14.6412908538517,True,False,0.9999999999997804,0.1336840755167621,"GJR-GARCH(1,1,1)-t"
157,37.05290227540381,42.009253683119276,True,True,0.0929247272317013,0.9011438158884075,"GJR-GARCH(1,1,1)-t"
159,-5.121349663718952,-0.16499825600348217,True,True,9.364374385329487e-14,0.9694369102907294,"GJR-GARCH(1,1,1)-t"
169,20.40437915247079,25.36073056018626,True,True,3.669243738740882e-14,0.7195858253352646,"GJR-GARCH(1,1,1)-t"
207,35.16962880471857,40.125980212434044,True,True,0.2936566094709935,0.49666280872233615,"GJR-GARCH(1,1,1)-t"
211,-5.571090001885942,-0.6147385941704719,True,True,2.0826632486084808e-14,0.7140857503313952,"GJR-GARCH(1,1,1)-t"
213,-11.96238835793147,-7.006036950216,True,True,0.0,0.881311418878486,"GJR-GARCH(1,1,1)-t"
218,-28.712487616177988,-23.756136208462518,True,True,4.570749105312707e-12,0.9583808730099441,"GJR-GARCH(1,1,1)-t"
227,22.12188172583749,27.07823313355296,True,True,0.9148744695098217,8.913208171175078e-14,"GJR-GARCH(1,1,1)-t"
229,-8.77776564866274,-3.82141424094727,True,True,3.348184894712821e-10,3.147044317488131e-10,"GJR-GARCH(1,1,1)-t"
232,5.608949607547871,10.56530101526334,True,True,3.468709614267239e-17,0.24530968227000588,"GJR-GARCH(1,1,1)-t"
250,18.269274524937153,23.225625932652626,True,True,2.0903543118669337e-12,0.0,"GJR-GARCH(1,1,1)-t"
254,28.525222815609347,33.48157422332481,True,True,8.385566190570371e-19,0.8221790351399851,"GJR-GARCH(1,1,1)-t"
256,-19.251225124678164,-14.294873716962694,True,True,2.904973906262553e-11,0.9404492991487443,"GJR-GARCH(1,1,1)-t"
266,-5.075979843390808,-0.1196284356753381,True,False,0.6415820948475646,0.5120431605125412,"GJR-GARCH(1,1,1)-t"
273,-15.111399271164093,-10.155047863448623,True,True,1.2410105951696698e-07,0.9449399498998887,"GJR-GARCH(1,1,1)-t"
289,-3.4528216484877774,1.5035297592276926,True,True,0.2852592513519147,5.922432567976163e-14,"GJR-GARCH(1,1,1)-t"
297,-10.895049809107832,-5.938698401392362,True,True,3.043810448134851e-11,0.9706198284751926,"GJR-GARCH(1,1,1)-t"
303,30.931217651275983,35.88756905899145,True,True,0.5577812337969091,7.3677987961532e-20,"GJR-GARCH(1,1,1)-t"
309,6.772513100414791,11.728864508130261,True,True,1.9741317851844866e-15,0.7777644547266489,"GJR-GARCH(1,1,1)-t"
310,43.556609692784264,48.51296110049973,True,True,1.0601204456490427e-12,0.7909375910920708,"GJR-GARCH(1,1,1)-t"
317,1.036844265054663,5.993195672770133,True,False,1.0875388800195552e-16,0.9999999942108492,"GJR-GARCH(1,1,1)-t"
319,-8.514426234598602,-3.558074826883132,True,True,0.01946835808315328,1.5536598226915867e-14,"GJR-GARCH(1,1,1)-t"
325,1.3185839338154555,6.2749353415309255,True,False,1.0,1.4330766979382316e-17,"GJR-GARCH(1,1,1)-t"
326,37.69235565294086,42.64870706065633,True,False,0.0,1.0,"GJR-GARCH(1,1,1)-t"
335,2.1951364250075187,7.151487832722989,True,True,0.0,0.0,"GJR-GARCH(1,1,1)-t"
337,-2.557443984215425,2.398907423500045,True,True,2.491755076643197e-14,0.7714463710206745,"GJR-GARCH(1,1,1)-t"
358,43.35706969229702,48.31342110001249,True,True,0.38378671575796164,1.1544799514612053e-14,"GJR-GARCH(1,1,1)-t"
371,26.6800350479107,31.63638645562617,True,True,0.0,0.0,"GJR-GARCH(1,1,1)-t"
373,13.28084468766636,18.23719609538183,True,True,0.8345323797671343,4.286291415429262e-20,"GJR-GARCH(1,1,1)-t"
380,18.34931543586715,23.30566684358262,True,False,7.045786811598047e-15,0.9999999999999671,"GJR-GARCH(1,1,1)-t"
381,-0.02920238302546707,4.927149024690003,True,True,0.2840132023049236,4.25873267249463e-15,"GJR-GARCH(1,1,1)-t"
411,3.709835118660843,8.666186526376313,True,False,3.62416064989104e-14,0.9999999999996835,"GJR-GARCH(1,1,1)-t"
420,27.065460011822303,32.02181141953777,True,True,3.6973707014422325e-17,0.8485509135049969,"GJR-GARCH(1,1,1)-t"
424,9.624500856879207,14.580852264594677,True,True,4.365567327056619e-15,0.8791101451010316,"GJR-GARCH(1,1,1)-t"
427,55.86897202116995,60.825323428885426,True,True,0.0,0.9668386401273098,"GJR-GARCH(1,1,1)-t"
436,-12.334902558828801,-7.3785511511133315,True,True,1.1361476436921378e-15,0.0,"GJR-GARCH(1,1,1)-t"
438,-15.093758284239687,-10.137406876524217,True,True,0.1631453321462339,0.0,"GJR-GARCH(1,1,1)-t"
454,9.309691291653472,14.266042699368942,True,True,1.4008414289316013e-11,0.7538099870957092,"GJR-GARCH(1,1,1)-t"
465,-32.96999665375462,-28.01364524603915,True,True,1.9017769743977253e-15,0.7133535184754709,"GJR-GARCH(1,1,1)-t"
468,-4.27177731540025,0.6845740923152199,True,True,2.9294919105433878e-15,0.8953698204784889,"GJR-GARCH(1,1,1)-t"
487,21.244398453265127,26.200749860980597,True,True,0.3285888951345733,6.954798243471914e-16,"GJR-GARCH(1,1,1)-t"
493,5.491879567207329,10.448230974922799,True,False,1.2645796043471543e-14,0.9999999999998946,"GJR-GARCH(1,1,1)-t"
506,15.542176093326688,20.498527501042158,True,True,2.3236564097070496e-13,0.6738951303458515,"GJR-GARCH(1,1,1)-t"
535,-15.447488371317263,-10.491136963601793,True,True,2.306042304492779e-15,0.4006670203736407,"GJR-GARCH(1,1,1)-t"
536,21.55175802860266,26.50810943631813,True,True,5.738425637817315e-15,8.65371155318966e-15,"GJR-GARCH(1,1,1)-t"
539,-16.393514783609138,-11.437163375893668,True,True,0.8998006901840079,0.0,"GJR-GARCH(1,1,1)-t"
545,6.4526872508409525,11.409038658556423,True,True,0.1789122845886687,3.082688953334804e-17,"GJR-GARCH(1,1,1)-t"
554,1.1809515433000168,6.137302951015487,True,False,1.0857978876141704e-16,1.0,"GJR-GARCH(1,1,1)-t"
568,-1.851561349779784,3.104790057935686,True,True,0.2111661286220202,1.2095208942743901e-11,"GJR-GARCH(1,1,1)-t"
579,4.852668545876847,9.809019953592317,True,False,0.6626862000194262,0.6686568999941599,"GJR-GARCH(1,1,1)-t"
589,33.05830273427512,38.01465414199058,True,True,0.41218333225621984,5.053722162666573e-19,"GJR-GARCH(1,1,1)-t"
591,-15.388009246518124,-10.431657838802654,True,False,8.624251771829407e-14,0.9999999999990681,"GJR-GARCH(1,1,1)-t"
595,-20.440481078812148,-15.484129671096678,True,True,0.1839778776606943,0.7744505757039987,"GJR-GARCH(1,1,1)-t"
611,-1.0195181582386272,3.9368332494768428,True,False,0.0,1.0,"GJR-GARCH(1,1,1)-t"
618,13.977388621584343,18.933740029299813,True,True,0.7219682647117845,0.0,"GJR-GARCH(1,1,1)-t"
627,-21.959455272347185,-17.003103864631715,True,False,1.287676240379757e-15,0.9999999999999988,"GJR-GARCH(1,1,1)-t"
633,-26.848292860958303,-21.891941453242833,True,False,0.8277430213621589,0.5398295836630598,"GJR-GARCH(1,1,1)-t"
640,24.134434777371872,29.090786185087346,True,False,0.29433538249154423,0.8528323087542162,"GJR-GARCH(1,1,1)-t"
646,-7.1650795463996815,-2.2087281386842115,True,False,1.0,0.0,"GJR-GARCH(1,1,1)-t"
650,-0.8846153812110593,4.071736026504411,True,True,7.164290485949225e-14,2.923781230407315e-13,"GJR-GARCH(1,1,1)-t"
652,-14.112294889571793,-9.155943481856323,True,False,0.0,1.0,"GJR-GARCH(1,1,1)-t"
659,-19.607412519076462,-14.651061111360992,True,True,0.0,0.0,"GJR-GARCH(1,1,1)-t"
675,11.973573189421629,16.9299245971371,True,True,8.40862722497032e-15,0.8649854019160179,"GJR-GARCH(1,1,1)-t"
697,11.083443728242717,16.039795135958187,True,True,2.034577265069726e-13,0.6783207134103794,"GJR-GARCH(1,1,1)-t"
709,43.30702146257937,48.263372870294845,True,False,2.0192804145789177e-20,0.9999999999999999,"GJR-GARCH(1,1,1)-t"
725,2.886190368628979,7.842541776344449,True,False,0.0,0.9999999999999719,"GJR-GARCH(1,1,1)-t"
728,14.5839282072186,19.54027961493407,True,True,0.0,0.9667246082025263,"GJR-GARCH(1,1,1)-t"
735,20.886732957642046,25.843084365357516,True,False,0.177855636089237,0.9110721819553937,"GJR-GARCH(1,1,1)-t"
745,20.204206535015736,25.160557942731206,True,True,3.3849146805389866e-09,0.9810972872348845,"GJR-GARCH(1,1,1)-t"
746,-7.3424582985257985,-2.3861068908103285,True,True,1.6319746511097644e-17,0.1984859259298444,"GJR-GARCH(1,1,1)-t"
748,17.80202255694083,22.7583739646563,True,True,1.0713552101424973e-14,9.500605943271365e-14,"GJR-GARCH(1,1,1)-t"
753,-8.816856736576728,-3.860505328861258,True,True,2.7390523222700607e-12,3.550034853725618e-12,"GJR-GARCH(1,1,1)-t"
785,53.11324537744134,58.069596785156804,True,True,1.7604653192097304e-15,0.9623991862608965,"GJR-GARCH(1,1,1)-t"
817,16.519095087240416,21.475446494955886,True,True,5.387692797308622e-14,0.8361017461858179,"GJR-GARCH(1,1,1)-t"
840,-6.453388040385562,-1.497036632670092,True,True,1.3273025970927638e-14,0.9502555801851481,"GJR-GARCH(1,1,1)-t"
841,1.4047136443086377,6.361065052024108,True,True,0.0,0.5444142867210722,"GJR-GARCH(1,1,1)-t"
852,-18.05350692215498,-13.09715551443951,True,True,0.0,0.9104729854331368,"GJR-GARCH(1,1,1)-t"
854,6.501496454191356,11.457847861906826,True,False,0.9999999999998535,0.21069695084489934,"GJR-GARCH(1,1,1)-t"
868,37.89589053213797,42.852241939853435,True,True,0.7964942227053551,1.2837758577825193e-16,"GJR-GARCH(1,1,1)-t"
886,33.8744786228054,38.83083003052087,True,True,1.0489476135752706e-13,0.6783892041809625,"GJR-GARCH(1,1,1)-t"
895,6.757425783014318,11.713777190729788,True,True,2.7245946832743495e-12,5.712292648164629e-13,"GJR-GARCH(1,1,1)-t"
904,-2.4371024395267114,2.5192489681887587,True,False,0.9999999999997738,0.4999999999999145,"GJR-GARCH(1,1,1)-t"
908,-9.086642829503852,-4.130291421788382,True,True,8.535454163633147e-14,0.556554525455228,"GJR-GARCH(1,1,1)-t"
947,-9.999531600139814,-5.0431801924243445,True,True,0.0,0.777939247653061,"GJR-GARCH(1,1,1)-t"
951,-0.15751014517066686,4.798841262544803,True,True,2.6539194268710148e-11,0.9518545066860656,"GJR-GARCH(1,1,1)-t"
957,-4.455646778570038,0.5007046291454316,True,True,3.095644377637866e-10,0.8706829050015429,"GJR-GARCH(1,1,1)-t"
969,27.636829395483723,32.59318080319919,True,False,0.9999999999999959,6.342223131005006e-15,"GJR-GARCH(1,1,1)-t"
985,-7.623819135960279,-2.6674677282448087,True,True,0.0,0.703613221426576,"GJR-GARCH(1,1,1)-t"
991,-5.908207392359088,-0.9518559846436183,True,True,0.45235940304737954,0.15120603166181684,"GJR-GARCH(1,1,1)-t"
1000,-4.919449584730636,0.036901822984834354,True,True,1.1002823217742659e-15,0.9088766629424281,"GJR-GARCH(1,1,1)-t"
1011,-0.6344885347987042,4.321862872916766,True,True,0.0,0.9785998781326338,"GJR-GARCH(1,1,1)-t"
1016,-5.861795646290499,-0.9054442385750292,True,False,0.9352219967752969,0.5323890020756483,"GJR-GARCH(1,1,1)-t"
1020,-24.80386322572884,-19.84751181801337,True,True,1.2605814043455046e-13,0.7890285575656819,"GJR-GARCH(1,1,1)-t"
1022,-3.3174094911782888,1.6389419165371812,True,True,0.11130169007808159,8.83097019030592e-12,"GJR-GARCH(1,1,1)-t"
1028,25.24987769942242,30.206229107137894,True,False,0.9999999995995523,0.36978850510264916,"GJR-GARCH(1,1,1)-t"
1037,10.688713906616044,15.645065314331514,True,False,2.815157417610156e-15,0.9999999999999901,"GJR-GARCH(1,1,1)-t"
1040,-5.257630981778149,-0.30127957406267925,True,True,0.0,0.7938003219875833,"GJR-GARCH(1,1,1)-t"
1057,-18.79050935292365,-13.83415794520818,True,False,1.0,0.0,"GJR-GARCH(1,1,1)-t"
1063,31.448591257906294,36.40494266562176,True,True,3.651853295158732e-14,0.017233292979386614,"GJR-GARCH(1,1,1)-t"
1070,-12.252182437517426,-7.295831029801956,True,False,0.0,1.0,"GJR-GARCH(1,1,1)-t"
1075,-3.8401982216010992,1.1161531861143708,True,True,1.3904890123631505e-14,0.9323607662676904,"GJR-GARCH(1,1,1)-t"
1100,-8.861742197409942,-3.905390789694472,True,False,2.0188849281547822e-15,0.9999999999999881,"GJR-GARCH(1,1,1)-t"
1107,11.400358312456444,16.356709720171914,True,True,0.0,0.9904015949254052,"GJR-GARCH(1,1,1)-t"
1119,13.25433724794707,18.21068865566254,True,True,2.450891675747284e-18,0.7336965287507402,"GJR-GARCH(1,1,1)-t"
1125,3.0483029153804964,8.004654323095966,True,False,1.4002854625868142e-11,1.0,"GJR-GARCH(1,1,1)-t"
1128,5.619313174612877,10.575664582328347,True,True,8.318359272326483e-13,0.9642468443483143,"GJR-GARCH(1,1,1)-t"
1135,11.19022945517073,16.1465808628862,True,True,0.0,0.9365292731480259,"GJR-GARCH(1,1,1)-t"
1142,6.429994904821516,11.386346312536986,True,True,1.3816877152763465e-20,0.4429796127071597,"GJR-GARCH(1,1,1)-t"
1149,3.0800790825329276,8.036430490248398,True,True,0.0,0.7735344010294786,"GJR-GARCH(1,1,1)-t"
1158,2.690878307700176,7.647229715415646,True,True,0.0,0.0,"GJR-GARCH(1,1,1)-t"
1161,5.260938564906958,10.217289972622428,True,False,1.2752907752273692e-15,0.9999999999999803,"GJR-GARCH(1,1,1)-t"
1173,5.837648608166777,10.794000015882247,True,True,3.3723032626294968e-18,0.39951663062476567,"GJR-GARCH(1,1,1)-t"
1176,5.556192776328281,10.512544184043751,True,False,0.0,1.0,"GJR-GARCH(1,1,1)-t"
1178,1.8343190176547246,6.790670425370195,True,True,9.31496052551317e-14,5.8094225170451716e-15,"GJR-GARCH(1,1,1)-t"
1191,60.07748522678931,65.03383663450478,True,False,0.18140209371299232,0.8181942820628942,"GJR-GARCH(1,1,1)-t"
1198,32.951574163483784,37.90792557119926,True,False,1.0,0.3341558933952255,"GJR-GARCH(1,1,1)-t"
1205,15.939466776172896,20.895818183888366,True,True,0.0,0.9626046840554013,"GJR-GARCH(1,1,1)-t"
1209,37.63375236092901,42.59010376864448,True,False,0.9999999999999988,0.21038421918838357,"GJR-GARCH(1,1,1)-t"
1213,3.192167058460168,8.148518466175638,True,True,2.8530958129521653e-15,0.209682105381095,"GJR-GARCH(1,1,1)-t"
1215,19.376070460800264,24.332421868515738,True,True,1.0920294370696837e-15,0.0,"GJR-GARCH(1,1,1)-t"
1219,9.110105588530327,14.066456996245797,True,True,0.6513908963571688,0.0,"GJR-GARCH(1,1,1)-t"
1227,-2.9948267019324994,1.9615247057829706,True,True,8.956439240638145e-15,0.9496616892897413,"GJR-GARCH(1,1,1)-t"
1235,-6.348353904471075,-1.3920024967556053,True,True,8.902901642557936e-12,0.9439765425088347,"GJR-GARCH(1,1,1)-t"
1239,-22.326313484281712,-17.369962076566242,True,True,3.104995264241862e-15,0.21784605317996214,"GJR-GARCH(1,1,1)-t"
1242,5.599879990172273,10.556231397887743,True,True,1.070435123480268e-13,0.9408356010755367,"GJR-GARCH(1,1,1)-t"
1247,-12.357516877594605,-7.401165469879135,True,False,0.0,1.0,"GJR-GARCH(1,1,1)-t"
1249,-3.600094346647289,1.356257061068181,True,True,5.655013121546075e-17,0.6641048984019708,"GJR-GARCH(1,1,1)-t"
1255,-0.36940781572721093,4.586943591988259,True,True,0.4392492591778409,0.1416796309240675,"GJR-GARCH(1,1,1)-t"
1264,43.93076213110153,48.887113538817005,True,True,0.0,0.9490902141571746,"GJR-GARCH(1,1,1)-t"
1269,4.207331223539494,9.163682631254964,True,True,1.017469386211873e-15,0.9357047522186467,"GJR-GARCH(1,1,1)-t"
1273,20.94395360347092,25.90030501118639,True,True,1.263628899048098e-13,0.9170493601314399,"GJR-GARCH(1,1,1)-t"
1274,-7.259142238831966,-2.3027908311164964,True,False,1.170884273542446e-18,0.9999999999999997,"GJR-GARCH(1,1,1)-t"
1280,28.453294805434126,33.40964621314959,True,True,5.724534728932753e-14,0.9520855810994656,"GJR-GARCH(1,1,1)-t"
1289,-9.459479456764356,-4.503128049048886,True,True,0.09963290138120495,4.062465287151403e-14,"GJR-GARCH(1,1,1)-t"
1291,29.720006891974876,34.67635829969035,True,False,0.41192941297789404,0.7940352935107888,"GJR-GARCH(1,1,1)-t"
1292,-6.9569856622314035,-2.0006342545159335,True,False,0.0,1.0,"GJR-GARCH(1,1,1)-t"
1302,11.21904073850292,16.17539214621839,True,True,1.2135461635308481e-16,1.6681701937475285e-16,"GJR-GARCH(1,1,1)-t"
1310,-16.07693518813194,-11.12058378041647,True,False,1.0,0.36502051079018144,"GJR-GARCH(1,1,1)-t"
1321,6.264918155218749,11.221269562934218,True,False,0.0,1.0,"GJR-GARCH(1,1,1)-t"
1322,32.79724419628772,37.75359560400319,True,True,7.776714972310091e-14,0.904229762800229,"GJR-GARCH(1,1,1)-t"
1326,-15.662302713503486,-10.705951305788016,True,False,1.903592785141427e-15,0.9999999999999983,"GJR-GARCH(1,1,1)-t"
1348,7.619684575628025,12.576035983343495,True,True,0.4540018218147595,2.1145116215517657e-15,"GJR-GARCH(1,1,1)-t"
1350,-11.96888426981554,-7.01253286210007,True,False,3.0002845700178455e-15,0.9999999999999952,"GJR-GARCH(1,1,1)-t"
1359,1.9799592124270937,6.936310620142564,True,False,0.5648159534608084,0.7175920233758878,"GJR-GARCH(1,1,1)-t"
1363,-8.781489761390784,-3.825138353675314,True,True,0.2690834863462186,2.2343529600911974e-16,"GJR-GARCH(1,1,1)-t"
1365,-4.863381933643929,0.09296947407154121,True,True,2.759545067600436e-15,0.8245497029514879,"GJR-GARCH(1,1,1)-t"
1377,1.1685532645252845,6.1249046722407545,True,False,0.6454423839928056,0.4815820128707946,"GJR-GARCH(1,1,1)-t"
1380,1.3891823492040665,6.3455337569195365,True,True,0.22816337259236077,0.0,"GJR-GARCH(1,1,1)-t"
1392,-1.9814062409565416,2.9749451667589284,True,True,0.4252084379072695,4.929471540310971e-12,"GJR-GARCH(1,1,1)-t"
1404,1.5646701571967192,6.521021564912189,True,False,0.9962637212093786,0.4875757576690275,"GJR-GARCH(1,1,1)-t"
1408,-9.657702515633375,-4.701351107917905,True,True,0.0,0.8249912477314406,"GJR-GARCH(1,1,1)-t"
1416,4.0578426171809685,9.014194024896439,True,True,0.0,0.7366608853425437,"GJR-GARCH(1,1,1)-t"
1417,-0.11038372803406205,4.845967679681408,True,True,0.5939044246874451,9.382400977367744e-13,"GJR-GARCH(1,1,1)-t"
1427,4.699931180274492,9.656282587989962,True,True,1.250216163158259e-12,1.2228341764744403e-12,"GJR-GARCH(1,1,1)-t"
1430,-0.4323078928761461,4.524043514839324,True,True,0.0,7.955209952666113e-12,"GJR-GARCH(1,1,1)-t"
1433,-7.228648841835913,-2.2722974341204427,True,True,0.0,0.9763829104737008,"GJR-GARCH(1,1,1)-t"
1459,21.66933812510321,26.62568953281868,True,False,1.503445139853788e-13,0.9999999999993683,"GJR-GARCH(1,1,1)-t"
1462,6.421048967255505,11.377400374970975,True,True,0.0,0.43725964053239963,"GJR-GARCH(1,1,1)-t"
1463,45.9365917591923,50.89294316690777,True,True,2.980006370780433e-14,0.9750237933791723,"GJR-GARCH(1,1,1)-t"
1464,1.904617614600685,6.860969022316155,True,True,0.0,3.927452041367705e-11,"GJR-GARCH(1,1,1)-t"
1468,0.18152646525889793,5.137877872974368,True,True,3.573395545567244e-09,0.9922943665200941,"GJR-GARCH(1,1,1)-t"
1471,26.28015937650802,31.23651078422349,True,True,2.3866577257937422e-20,0.7002167243361019,"GJR-GARCH(1,1,1)-t"
1477,1.7361446523750956,6.692496060090566,True,True,0.0,0.858362303514573,"GJR-GARCH(1,1,1)-t"
1481,5.783419615290127,10.739771023005597,True,True,4.45661870713881e-13,0.9744384546792324,"GJR-GARCH(1,1,1)-t"
1501,-0.8424463997220126,4.113905007993457,True,True,5.6470337021005435e-14,2.0291149160294096e-13,"GJR-GARCH(1,1,1)-t"
1513,3.18258365864288,8.13893506635835,True,True,8.155640865262172e-14,2.4492707116800113e-12,"GJR-GARCH(1,1,1)-t"
1521,17.73449251316814,22.69084392088361,True,True,4.645969452274519e-20,0.9632723694924182,"GJR-GARCH(1,1,1)-t"
1524,4.232517206188167,9.188868613903637,True,False,0.0,1.0,"GJR-GARCH(1,1,1)-t"
1529,21.397009805933926,26.3533612136494,True,True,8.091353282002791e-15,0.11487909565462485,"GJR-GARCH(1,1,1)-t"
1532,-14.054235493437407,-9.097884085721937,True,True,0.3700318173780094,0.15439214352227,"GJR-GARCH(1,1,1)-t"
1536,26.569868744183736,31.52622015189921,True,True,0.2382576443549675,7.743568182952917e-17,"GJR-GARCH(1,1,1)-t"
1541,6.414505352708934,11.370856760424404,True,False,0.9999999999999959,0.3102732705978082,"GJR-GARCH(1,1,1)-t"
1544,-11.983840027076802,-7.027488619361332,True,True,0.0,1.1203917730420477e-17,"GJR-GARCH(1,1,1)-t"
1551,22.09442889912037,27.05078030683584,True,True,7.47561370492135e-17,0.9729267729335696,"GJR-GARCH(1,1,1)-t"
1563,13.173225470041633,18.129576877757103,True,False,0.0,1.0,"GJR-GARCH(1,1,1)-t"
1565,49.256095594263144,54.21244700197862,True,True,4.293241813402873e-16,0.019112945896826584,"GJR-GARCH(1,1,1)-t"
1581,-12.35787787403709,-7.40152646632162,True,True,0.0,0.0,"GJR-GARCH(1,1,1)-t"
1587,-4.814249266807213,0.142102140908257,True,True,6.459281020861781e-18,0.2074312165088377,"GJR-GARCH(1,1,1)-t"
1600,12.901325909501887,17.857677317217355,True,False,3.005399212989346e-08,0.9998681149151887,"GJR-GARCH(1,1,1)-t"
1640,23.58905229715665,28.545403704872122,True,True,8.078770673364782e-16,0.4951063346047417,"GJR-GARCH(1,1,1)-t"
1651,-17.20682940391399,-12.25047799619852,True,False,3.843470161420768e-14,1.0,"GJR-GARCH(1,1,1)-t"
1658,7.969327947544672,12.925679355260142,True,True,8.261604198715097e-21,0.665936207275002,"GJR-GARCH(1,1,1)-t"
1663,9.185527940200418,14.141879347915888,True,True,0.0,0.9034235749103303,"GJR-GARCH(1,1,1)-t"
1674,11.470126172898272,16.426477580613742,True,False,0.9999999999999738,0.46253615054795755,"GJR-GARCH(1,1,1)-t"
1676,-11.49052695027152,-6.534175542556049,True,True,0.0,0.8984271395632998,"GJR-GARCH(1,1,1)-t"
1688,16.65905580128531,21.61540720900078,True,True,0.7583150942690241,0.0988525921580103,"GJR-GARCH(1,1,1)-t"
1707,28.10261772727172,33.05896913498719,True,True,0.04337428738118395,0.7361545009719758,"GJR-GARCH(1,1,1)-t"
1712,-3.7828990225619776,1.1734523851534924,True,True,8.4596412058076e-13,0.9686512914723319,"GJR-GARCH(1,1,1)-t"
1719,29.016574518507422,33.97292592622289,True,False,0.0,0.9999999969651359,"GJR-GARCH(1,1,1)-t"
1722,45.576632100520754,50.53298350823623,True,True,2.3846625617486546e-13,0.9718131347361744,"GJR-GARCH(1,1,1)-t"
1728,-6.900521554127309,-1.9441701464118388,True,True,0.04503418196738189,0.20404863542528212,"GJR-GARCH(1,1,1)-t"
1744,37.36264508279785,42.318996490513314,True,True,8.120611721981676e-17,4.39124807584449e-15,"GJR-GARCH(1,1,1)-t"
1747,-8.129538185010777,-3.1731867772953066,True,False,1.0,1.3587852446046399e-15,"GJR-GARCH(1,1,1)-t"
1761,-0.10343751466177231,4.852913893053698,True,False,0.9999999999988889,0.49999999999144396,"GJR-GARCH(1,1,1)-t"
1787,-13.06543171309849,-8.10908030538302,True,True,6.827271158118139e-14,2.5869293287523447e-13,"GJR-GARCH(1,1,1)-t"
1789,-12.993162656936107,-8.036811249220637,True,True,5.831035079449531e-13,0.7162216248186006,"GJR-GARCH(1,1,1)-t"
1797,26.850638330757036,31.806989738472502,True,True,4.565547054316909e-16,1.7461042353175123e-15,"GJR-GARCH(1,1,1)-t"
1810,-16.300632037941543,-11.344280630226073,True,False,2.891040741045707e-14,0.9999999999999123,"GJR-GARCH(1,1,1)-t"
1813,48.14480882222489,53.10116022994036,True,True,0.5008621328545324,3.168386961640638e-15,"GJR-GARCH(1,1,1)-t"
1816,46.20963903157586,51.165990439291335,True,True,3.431118904193328e-17,0.4223719722779509,"GJR-GARCH(1,1,1)-t"
1820,-5.956388309770613,-1.0000369020551432,True,True,2.6557385082584538e-15,0.9739538084131732,"GJR-GARCH(1,1,1)-t"
1823,45.723197989358894,50.67954939707436,True,False,0.02698542200115492,0.9865072889994401,"GJR-GARCH(1,1,1)-t"
1826,-16.365930343716336,-11.409578936000866,True,True,0.3663405976110377,3.8803316092330537e-16,"GJR-GARCH(1,1,1)-t"
1827,30.849308543749874,35.805659951465344,True,True,8.977130311655115e-15,0.012437211713880585,"GJR-GARCH(1,1,1)-t"
1841,0.6838473062915895,5.6401987140070595,True,True,2.6565103479892328e-17,4.0935073548741665e-14,"GJR-GARCH(1,1,1)-t"
1862,9.28399799386728,14.24034940158275,True,False,0.0,1.0,"GJR-GARCH(1,1,1)-t"
1866,21.85962574557717,26.81597715329264,True,True,9.663752022927381e-17,0.653559923616817,"GJR-GARCH(1,1,1)-t"
1870,16.09029613138543,21.0466475391009,True,False,1.9466695772568856e-17,1.0,"GJR-GARCH(1,1,1)-t"
1875,1.098638308427475,6.054989716142945,True,True,0.006248712696301551,7.37006468605345e-18,"GJR-GARCH(1,1,1)-t"
1876,3.041559063783584,7.997910471499054,True,True,0.3125077850932634,0.0,"GJR-GARCH(1,1,1)-t"
1879,20.348972205821003,25.305323613536473,True,True,1.3486197535000986e-13,0.4501230794282748,"GJR-GARCH(1,1,1)-t"
1890,8.933865191190566,13.890216598906036,True,True,2.2207197251723998e-14,0.6468620408770983,"GJR-GARCH(1,1,1)-t"
1904,-15.91644360507901,-10.96009219736354,True,True,2.9775375200754624e-15,0.3453755492296041,"GJR-GARCH(1,1,1)-t"
1909,-15.823766633460373,-10.867415225744903,True,True,2.096011594211014e-15,2.9268036209477013e-16,"GJR-GARCH(1,1,1)-t"
1920,-19.516133248893127,-14.559781841177657,True,True,1.0131036840956632e-15,0.01503516009726136,"GJR-GARCH(1,1,1)-t"
1923,-10.670243944520895,-5.7138925368054245,True,True,8.214130410730101e-16,0.6801420955375443,"GJR-GARCH(1,1,1)-t"
1930,29.708031973897484,34.66438338161296,True,True,0.0,0.7434090364051671,"GJR-GARCH(1,1,1)-t"
1938,-8.427668490729467,-3.4713170830139966,True,True,0.0,0.0,"GJR-GARCH(1,1,1)-t"
1946,13.872212669221055,18.828564076936523,True,True,0.15969252686186128,1.2673240015049386e-21,"GJR-GARCH(1,1,1)-t"
1948,0.6730307261557034,5.629382133871173,True,False,0.9062535618727703,0.33849467386537174,"GJR-GARCH(1,1,1)-t"
1956,-4.142001110156045,0.8143502975594252,True,True,2.5470110723657136e-13,0.9791402685384177,"GJR-GARCH(1,1,1)-t"
1962,-19.105057589117855,-14.148706181402385,True,True,1.1354975814730266e-13,0.9732682880886875,"GJR-GARCH(1,1,1)-t"
1980,23.264393113872046,28.22074452158752,True,True,0.0,0.0,"GJR-GARCH(1,1,1)-t"
1981,27.99497466182939,32.95132606954486,True,False,0.0,0.9999999996390404,"GJR-GARCH(1,1,1)-t"
1991,7.388700858970764,12.345052266686235,True,False,7.448169644769678e-14,0.9999999999916842,"GJR-GARCH(1,1,1)-t"
1998,22.11904019784405,27.07539160555952,True,True,0.6601192710633048,0.0,"GJR-GARCH(1,1,1)-t"
2000,-6.843116604331257,-1.8867651966157872,True,True,0.0,0.16492123277168272,"GJR-GARCH(1,1,1)-t"
2006,-6.011093456705446,-1.0547420489899757,True,True,1.365716315617603e-14,0.7919496603108108,"GJR-GARCH(1,1,1)-t"
2010,3.117245287618072,8.073596695333542,True,True,0.0,0.9647656353288893,"GJR-GARCH(1,1,1)-t"
2014,-3.87297279337821,1.08337861433726,True,True,6.703646513809189e-15,0.43667257095293427,"GJR-GARCH(1,1,1)-t"
2018,-6.453550011702863,-1.4971986039873926,True,True,0.28489440001322697,0.24767260993198545,"GJR-GARCH(1,1,1)-t"
2027,25.96994161565731,30.92629302337278,True,True,5.233221165719406e-16,0.8135021660499624,"GJR-GARCH(1,1,1)-t"
2037,-5.094147026665748,-0.13779561895027825,True,True,1.1069853423783569e-12,0.47981679106554775,"GJR-GARCH(1,1,1)-t"
2046,-14.803220672116716,-9.846869264401246,True,True,4.634617309604645e-15,0.0,"GJR-GARCH(1,1,1)-t"
2058,19.893049809293426,24.849401217008896,True,True,0.11256531514919943,0.682111171005089,"GJR-GARCH(1,1,1)-t"
2075,39.145212800440774,44.10156420815624,True,True,6.421054354541358e-11,0.9099753825367226,"GJR-GARCH(1,1,1)-t"
2076,3.606152545666564,8.562503953382034,True,True,0.8849005411472853,0.0,"GJR-GARCH(1,1,1)-t"
2077,29.371054745708985,34.327406153424455,True,True,0.21491749873279342,2.614570392800031e-14,"GJR-GARCH(1,1,1)-t"
2085,7.806131690180309,12.762483097895778,True,True,0.0,0.8868629937710545,"GJR-GARCH(1,1,1)-t"
2086,-8.820755036571803,-3.8644036288563335,True,True,3.9843932314477305e-17,0.28147616219183985,"GJR-GARCH(1,1,1)-t"
2088,1.837549792923415,6.793901200638885,True,True,6.2131384011464766e-18,0.45213312335525546,"GJR-GARCH(1,1,1)-t"
2102,-3.5892125329816693,1.3671388747338007,True,False,1.0,1.6885700481838502e-17,"GJR-GARCH(1,1,1)-t"
2104,8.505102386203669,13.461453793919139,True,True,0.06910320261846455,0.8157363197605941,"GJR-GARCH(1,1,1)-t"
2109,7.11127636374805,12.06762777146352,True,True,0.048295376994792485,2.8604317590780856e-19,"GJR-GARCH(1,1,1)-t"
2117,-14.87469562958372,-9.91834422186825,True,True,1.689698506828385e-13,0.9922962555869277,"GJR-GARCH(1,1,1)-t"
2118,2.9734371805068633,7.929788588222333,True,True,0.0,0.5771511871125279,"GJR-GARCH(1,1,1)-t"
2119,1.0375526211820532,5.993904028897523,True,True,1.8716475481216394e-14,0.8258304341765547,"GJR-GARCH(1,1,1)-t"
2125,5.473597887703816,10.429949295419286,True,False,8.639001035256686e-16,0.9999999999999949,"GJR-GARCH(1,1,1)-t"
2136,9.665941381904457,14.622292789619927,True,True,9.131717452474568e-15,0.9898744857817234,"GJR-GARCH(1,1,1)-t"
2139,12.36644958207982,17.32280098979529,True,True,3.361275375390252e-15,0.6231475289706707,"GJR-GARCH(1,1,1)-t"
2146,11.984031662591631,16.9403830703071,True,True,7.60487194241174e-13,0.9915152821525287,"GJR-GARCH(1,1,1)-t"
2169,-4.546244261901542,0.41010714581392804,True,True,2.444437324877804e-14,0.9606717230455099,"GJR-GARCH(1,1,1)-t"
2170,-8.356616942820516,-3.4002655351050457,True,True,0.3102652555449697,1.1082230821681414e-11,"GJR-GARCH(1,1,1)-t"
2172,5.28321891842902,10.23957032614449,True,False,1.1951319678043959e-14,0.9999999999999697,"GJR-GARCH(1,1,1)-t"
2174,9.620059836532757,14.576411244248227,True,False,0.18120871388917684,0.8400365613430223,"GJR-GARCH(1,1,1)-t"
2178,10.477263153397027,15.433614561112497,True,True,9.71481883614728e-14,0.7203907193974759,"GJR-GARCH(1,1,1)-t"
2181,1.4697790402496764,6.426130447965146,True,True,7.683407289722987e-11,0.7839955387897816,"GJR-GARCH(1,1,1)-t"
2183,0.3567879206609206,5.313139328376391,True,True,6.345321402737268e-11,0.9550082174026225,"GJR-GARCH(1,1,1)-t"
2184,-0.25516355545087244,4.701187852264598,True,False,0.9999999999999967,1.0332745404034614e-15,"GJR-GARCH(1,1,1)-t"
2185,-6.796211931101617,-1.8398605233861467,True,True,1.877675371581985e-18,0.7317239384296914,"GJR-GARCH(1,1,1)-t"
2193,-10.208613323070285,-5.252261915354815,True,True,6.996245957622893e-13,1.2458506230383738e-11,"GJR-GARCH(1,1,1)-t"
2196,12.576998023991816,17.533349431707286,True,True,1.6875984184859452e-13,0.9564680564441349,"GJR-GARCH(1,1,1)-t"
2197,48.51223094332797,53.46858235104344,True,True,0.030200711579305758,0.6150599564242867,"GJR-GARCH(1,1,1)-t"
2199,2.234937462477591,7.191288870193061,True,True,2.257561050788252e-15,1.8852156531983062e-14,"GJR-GARCH(1,1,1)-t"
2213,-4.338003493823578,0.6183479138918919,True,True,2.3490243948152173e-15,0.7071987911558528,"GJR-GARCH(1,1,1)-t"
2219,-29.03409843868419,-24.07774703096872,True,False,0.5655240820054803,0.4512858751793518,"GJR-GARCH(1,1,1)-t"
2239,-23.683395573189074,-18.727044165473604,True,True,0.5462315945146415,1.2958883500962436e-08,"GJR-GARCH(1,1,1)-t"
2254,-21.53511908270127,-16.5787676749858,True,True,4.564813176812142e-12,5.391641228483702e-10,"GJR-GARCH(1,1,1)-t"
2259,-9.737263413062127,-4.780912005346657,True,True,4.1143141935445386e-13,0.7228559032473506,"GJR-GARCH(1,1,1)-t"
2267,-6.269820405556278,-1.3134689978408076,True,True,9.037825155402592e-15,3.027573566515449e-13,"GJR-GARCH(1,1,1)-t"
2293,2.777075893842488,7.733427301557958,True,True,0.0,0.8363287195586306,"GJR-GARCH(1,1,1)-t"
2303,-2.8061759072239774,2.1501755004914926,True,True,0.24400796243624762,2.7635125966631357e-14,"GJR-GARCH(1,1,1)-t"
2312,-9.48888329154822,-4.53253188383275,True,True,1.1954703429337043e-15,0.5240419688813309,"GJR-GARCH(1,1,1)-t"
2329,-3.1646433522839565,1.7917080554315135,True,True,0.2182070998473957,1.4241054557351532e-16,"GJR-GARCH(1,1,1)-t"
2331,19.20911313341383,24.165464541129296,True,True,3.786017585336063e-14,0.9669440706825794,"GJR-GARCH(1,1,1)-t"
2353,-16.194315986979248,-11.237964579263778,True,True,2.4184562091231534e-16,0.04425048149673809,"GJR-GARCH(1,1,1)-t"
2366,10.371138051456523,15.327489459171993,True,False,0.7025402073139191,0.554535986736326,"GJR-GARCH(1,1,1)-t"
2374,4.405230613799473,9.361582021514943,True,True,3.590141017136195e-20,0.0,"GJR-GARCH(1,1,1)-t"
2385,8.092969016674754,13.049320424390224,True,True,0.0,0.9411812407604502,"GJR-GARCH(1,1,1)-t"
2390,9.109897731339576,14.066249139055046,True,True,4.5501714397679196e-15,0.7969636015654166,"GJR-GARCH(1,1,1)-t"
2392,4.053784368621697,9.010135776337167,True,True,0.6387344553783898,2.461516564709174e-18,"GJR-GARCH(1,1,1)-t"
2410,35.125876364441396,40.08222777215686,True,True,4.673221682377077e-14,0.9497587682048703,"GJR-GARCH(1,1,1)-t"
2415,-2.6889958333669632,2.2673555743485068,True,True,0.0,1.1600641751277406e-15,"GJR-GARCH(1,1,1)-t"
2424,6.2837102099200255,11.240061617635495,True,True,7.856860133250088e-14,0.9683662628266153,"GJR-GARCH(1,1,1)-t"
2433,18.026191210871737,22.982542618587203,True,True,1.1981514048142768e-19,0.7533828307406046,"GJR-GARCH(1,1,1)-t"
2436,-12.686968367338945,-7.730616959623475,True,True,1.0322853418858209e-20,0.44626482764762415,"GJR-GARCH(1,1,1)-t"
2439,54.46168022835711,59.418031636072584,True,True,0.0,0.9665331214993386,"GJR-GARCH(1,1,1)-t"
2440,-5.905665393263952,-0.949313985548482,True,True,1.3377910926717303e-15,0.006084576564615517,"GJR-GARCH(1,1,1)-t"
2444,-10.479628224963488,-5.523276817248018,True,True,0.21295456902349966,0.7428699138090256,"GJR-GARCH(1,1,1)-t"
2447,8.716140584198547,13.672491991914017,True,True,0.0,0.9255158491505117,"GJR-GARCH(1,1,1)-t"
2458,19.757499101572513,24.713850509287983,True,True,8.925365019401002e-15,0.6076792506594931,"GJR-GARCH(1,1,1)-t"
2463,15.448612935529345,20.404964343244817,True,True,5.386083828243454e-11,2.6827954745062295e-09,"GJR-GARCH(1,1,1)-t"
2466,0.4674268682620628,5.423778275977533,True,True,1.506048358645488e-13,0.0,"GJR-GARCH(1,1,1)-t"
2468,-2.5823087210471165,2.3740426866683535,True,True,0.271050686991104,0.0,"GJR-GARCH(1,1,1)-t"
2479,-17.419834859637486,-12.463483451922016,True,True,0.04172168817616611,7.86093173599266e-18,"GJR-GARCH(1,1,1)-t"
2489,11.337445751987506,16.293797159702976,True,True,2.2646838426728426e-15,0.7798065152825203,"GJR-GARCH(1,1,1)-t"
2491,-8.626484810677958,-3.670133402962488,True,True,0.5743190980789394,0.0,"GJR-GARCH(1,1,1)-t"
2502,9.730054852246969,14.686406259962439,True,True,0.0,0.9760443300375882,"GJR-GARCH(1,1,1)-t"
2507,-15.30354126681216,-10.34718985909669,True,True,0.717008766762069,3.20196125798724e-16,"GJR-GARCH(1,1,1)-t"
2510,-9.038435014213078,-4.0820836064976085,True,True,0.0,0.7053100945864235,"GJR-GARCH(1,1,1)-t"
2525,8.184132403522328,13.140483811237798,True,False,0.9999999999999999,3.7022089549244985e-17,"GJR-GARCH(1,1,1)-t"
2534,-20.362381604705178,-15.406030196989708,True,True,0.0,0.10434787041938617,"GJR-GARCH(1,1,1)-t"
2545,9.59117012685891,14.54752153457438,True,True,1.6432102918239104e-17,3.734964174831499e-15,"GJR-GARCH(1,1,1)-t"
2553,6.591639409461785,11.547990817177254,True,True,1.0616358725115919e-17,0.9387390086085257,"GJR-GARCH(1,1,1)-t"
2559,19.05596298208091,24.01231438979638,True,False,0.0,1.0,"GJR-GARCH(1,1,1)-t"
2566,53.253474529668246,58.20982593738371,True,True,0.0960230767752719,2.22422008056281e-15,"GJR-GARCH(1,1,1)-t"
2567,-11.79671290918953,-6.84036150147406,True,True,1.752521552638369e-11,4.0016692874148295e-10,"GJR-GARCH(1,1,1)-t"
2568,-7.870789893784625,-2.9144384860691552,True,False,0.5133647031403489,0.7433176483928491,"GJR-GARCH(1,1,1)-t"
2573,-4.421097196942696,0.5352542107727736,True,True,0.0,0.942269120857744,"GJR-GARCH(1,1,1)-t"
2582,-0.6131353267025297,4.34321608101294,True,True,0.0,0.9500466528101236,"GJR-GARCH(1,1,1)-t"
2591,32.44956707759674,37.40591848531221,True,True,0.0,0.8985421082527133,"GJR-GARCH(1,1,1)-t"
2593,4.269356747476195,9.225708155191665,True,True,0.0,0.8739397597043053,"GJR-GARCH(1,1,1)-t"
2600,6.118832287096124,11.075183694811594,True,True,0.6011264322166324,0.0,"GJR-GARCH(1,1,1)-t"
2631,-2.761179589224337,2.195171818491133,True,False,0.22940694913201784,0.8852965254367045,"GJR-GARCH(1,1,1)-t"
2643,42.82106352062577,47.777414928341244,True,True,6.734294188653853e-14,0.8099805862652593,"GJR-GARCH(1,1,1)-t"
2644,-1.6120818030230417,3.3442696046924283,True,False,0.3943300966732888,0.7478562193133446,"GJR-GARCH(1,1,1)-t"
2656,-6.371913317148106,-1.4155619094326362,True,True,0.06715311993422139,1.3042480416875327e-14,"GJR-GARCH(1,1,1)-t"
2657,-12.937728729971308,-7.981377322255838,True,True,2.4626788865945224e-15,0.0,"GJR-GARCH(1,1,1)-t"
2659,1.19033712727685,6.14668853499232,True,True,2.7788755837431637e-14,0.886641019180499,"GJR-GARCH(1,1,1)-t"
2683,26.2123925127134,31.168743920428867,True,False,1.0,0.0,"GJR-GARCH(1,1,1)-t"
2709,-30.624676102852767,-25.668324695137297,True,False,0.9999999999645457,2.3349577905232127e-13,"GJR-GARCH(1,1,1)-t"
2711,1.2525780629534644,6.208929470668934,True,True,7.530161243479821e-14,0.29607363189210023,"GJR-GARCH(1,1,1)-t"
2717,1.5778621963937915,6.5342136041092616,True,True,2.880673569818735e-15,0.7058320170686591,"GJR-GARCH(1,1,1)-t"
2718,53.96346309453789,58.91981450225336,True,True,0.06037844587753648,0.8054413945089712,"GJR-GARCH(1,1,1)-t"
2740,-14.990203968235843,-10.033852560520373,True,True,7.014270691555322e-17,0.039749275221186355,"GJR-GARCH(1,1,1)-t"
2748,14.414455411076776,19.370806818792246,True,True,2.8757470678948176e-16,0.18034190491458427,"GJR-GARCH(1,1,1)-t"
2758,-8.880152432272332,-3.9238010245568624,True,True,4.881107893677127e-09,0.9830928069666711,"GJR-GARCH(1,1,1)-t"
2772,-0.12628044028495644,4.830070967430514,True,True,1.9777106979560258e-13,0.9077567374061403,"GJR-GARCH(1,1,1)-t"
2780,0.5304551873282328,5.486806595043703,True,True,6.945207876289144e-15,0.7466599151678589,"GJR-GARCH(1,1,1)-t"
2782,10.00411107779102,14.96046248550649,True,True,0.5067381765540901,0.3592439194363013,"GJR-GARCH(1,1,1)-t"
2803,-7.799175345976881,-2.842823938261411,True,True,2.2498664824614216e-16,0.0,"GJR-GARCH(1,1,1)-t"
2811,-0.1484529774367882,4.807898430278682,True,True,7.99274801435203e-16,0.6925329748667147,"GJR-GARCH(1,1,1)-t"
2826,-3.359348650051693,1.5970027576637769,True,False,8.483839975052686e-17,0.9999546624453006,"GJR-GARCH(1,1,1)-t"
2833,7.72742088670885,12.683772294424319,True,True,8.815803153723734e-18,0.8468458917598864,"GJR-GARCH(1,1,1)-t"
2844,-5.464211597363025,-0.5078601896475554,True,False,1.479464007890295e-15,0.9999999999999892,"GJR-GARCH(1,1,1)-t"
2846,15.823487303134703,20.77983871085017,True,True,0.0,0.9428639062866012,"GJR-GARCH(1,1,1)-t"
2867,-0.5627687323893689,4.393582675326101,True,False,0.9999999999997667,1.5447840329159836e-13,"GJR-GARCH(1,1,1)-t"
2876,8.99415363946604,13.95050504718151,True,True,1.2731548059395589e-15,0.0690039694672344,"GJR-GARCH(1,1,1)-t"
2881,1.6868775695026965,6.6432289772181665,True,True,0.0,0.960464929683161,"GJR-GARCH(1,1,1)-t"
2883,-2.434707626784874,2.521643780930596,True,True,1.1725763781880205e-12,0.9798452675159453,"GJR-GARCH(1,1,1)-t"
2891,1.0229310717216489,5.979282479437119,True,False,0.0,0.9999999999999981,"GJR-GARCH(1,1,1)-t"
2892,17.841971698235803,22.798323105951273,True,True,0.0,0.9709403020442509,"GJR-GARCH(1,1,1)-t"
2893,-13.109431730466042,-8.153080322750572,True,False,0.012978329353583357,0.9935108353207903,"GJR-GARCH(1,1,1)-t"
2902,6.401551407484021,11.357902815199491,True,False,6.271386307582127e-16,0.9999999999999999,"GJR-GARCH(1,1,1)-t"
2903,-5.2476679728362186,-0.29131656512074855,True,True,4.7055974189201654e-17,0.9771580831563516,"GJR-GARCH(1,1,1)-t"
2908,-3.5158566530746214,1.4404947546408486,True,True,1.5837013078594903e-17,0.5379946570250613,"GJR-GARCH(1,1,1)-t"
2917,8.473740315760873,13.430091723476343,True,True,0.0,0.9310395880956619,"GJR-GARCH(1,1,1)-t"
2929,-33.38199108846085,-28.42563968074538,True,False,0.99999999999989,9.103066331007003e-14,"GJR-GARCH(1,1,1)-t"
2932,-1.594235649284336,3.362115758431134,True,True,8.925977155193556e-17,0.9771266487861034,"GJR-GARCH(1,1,1)-t"
2946,88.60908865195017,93.56544005966565,True,False,1.0,0.18795806402874352,"GJR-GARCH(1,1,1)-t"
2956,97.06721660801266,102.02356801572813,True,True,0.0,0.5143063855670855,"GJR-GARCH(1,1,1)-t"
2969,-6.5491256188717095,-1.5927742111562395,True,True,2.2119527808630978e-13,1.3967640440980162e-12,"GJR-GARCH(1,1,1)-t"
2979,3.658329277715021,8.614680685430491,True,True,0.0,0.6673909632592249,"GJR-GARCH(1,1,1)-t"
2982,12.377920007943338,17.334271415658808,True,True,0.8775014704421868,0.06408569797094252,"GJR-GARCH(1,1,1)-t"
2992,-8.577298624783392,-3.620947217067922,True,False,3.9313391154321694e-15,0.9999999999999809,"GJR-GARCH(1,1,1)-t"
2999,-18.453908891222817,-13.497557483507347,True,False,2.0829768483321416e-14,0.9999999999999661,"GJR-GARCH(1,1,1)-t"
3001,5.097904531507865,10.054255939223335,True,True,3.688247274632109e-16,7.229657023710153e-15,"GJR-GARCH(1,1,1)-t"
3002,34.42009631986976,39.37644772758522,True,True,3.642009699470933e-14,0.8419978901141973,"GJR-GARCH(1,1,1)-t"
3008,9.651804443890835,14.608155851606305,True,True,2.05060009597393e-16,0.3675615267769892,"GJR-GARCH(1,1,1)-t"
3009,-9.44969652772043,-4.49334512000496,True,True,4.343599728399991e-19,0.5336455565387422,"GJR-GARCH(1,1,1)-t"
3012,3.3094450586630177,8.265796466378488,True,True,2.925066834032218e-14,0.6935594439465195,"GJR-GARCH(1,1,1)-t"
3017,18.472765025701435,23.429116433416905,True,False,1.2278574711597283e-15,0.9999999999999993,"GJR-GARCH(1,1,1)-t"
3025,-5.531757126838546,-0.5754057191230757,True,False,0.9999999999548062,2.6841375818314923e-11,"GJR-GARCH(1,1,1)-t"
3029,-4.357799998705076,0.598551409010394,True,True,2.550564596338684e-10,0.9228828788105711,"GJR-GARCH(1,1,1)-t"
3033,-14.966541423827206,-10.010190016111736,True,False,1.1168811877031033e-13,0.9999999999986504,"GJR-GARCH(1,1,1)-t"
3044,-11.548518395062636,-6.592166987347166,True,True,0.35614489139518773,0.15845747526937262,"GJR-GARCH(1,1,1)-t"
3069,25.275232709444317,30.23158411715979,True,False,1.0572001957164213e-13,0.9999999999978568,"GJR-GARCH(1,1,1)-t"
3092,-5.465913034999254,-0.5095616272837837,True,True,0.9371444358670893,4.1411416669037014e-16,"GJR-GARCH(1,1,1)-t"
3098,4.365585896211318,9.321937303926788,True,False,1.531063469782873e-18,0.9999999999999992,"GJR-GARCH(1,1,1)-t"
3108,16.877944195926293,21.834295603641763,True,True,2.639223264228815e-13,0.9759449443816668,"GJR-GARCH(1,1,1)-t"
3113,-11.246530367670097,-6.290178959954627,True,False,0.4305693404613523,0.7844214291805253,"GJR-GARCH(1,1,1)-t"
3123,6.019962876700912,10.976314284416382,True,True,0.0,0.9688044251796594,"GJR-GARCH(1,1,1)-t"
3130,14.629742511788265,19.586093919503735,True,False,0.42257745074980646,0.7887112746250973,"GJR-GARCH(1,1,1)-t"
3135,-6.722526871649507,-1.7661754639340366,True,True,9.42579424660098e-13,0.948131210331375,"GJR-GARCH(1,1,1)-t"
3138,81.93050086654604,86.88685227426151,True,False,1.0,0.4195113871391187,"GJR-GARCH(1,1,1)-t"
3146,1.8387415244767809,6.795092932192251,True,True,6.194852121025193e-17,0.524989059735465,"GJR-GARCH(1,1,1)-t"
3152,19.034747254084337,23.991098661799807,True,True,0.0,0.9771725836757593,"GJR-GARCH(1,1,1)-t"
3154,-5.836793718062101,-0.8804423103466306,True,True,0.0,0.5481100447503435,"GJR-GARCH(1,1,1)-t"
3160,4.848401772304593,9.804753180020063,True,True,4.593255335167404e-20,0.9624458771731594,"GJR-GARCH(1,1,1)-t"
3179,31.521205516401974,36.477556924117444,True,True,0.0,0.6292607857301229,"GJR-GARCH(1,1,1)-t"
3187,2.0734706843867716,7.029822092102242,True,False,0.2614510203242488,0.7935285191421845,"GJR-GARCH(1,1,1)-t"
3211,8.664221118858887,13.620572526574357,True,True,2.2390659966345708e-13,0.3211960434985456,"GJR-GARCH(1,1,1)-t"
3223,0.4913470073777546,5.447698415093225,True,True,0.13877353179745175,0.12437719672498715,"GJR-GARCH(1,1,1)-t"
3233,-13.265403921469133,-8.309052513753663,True,True,0.0,0.5796101348543862,"GJR-GARCH(1,1,1)-t"
3270,3.576717389402628,8.533068797118098,True,True,2.964625589905259e-12,0.9532378893402063,"GJR-GARCH(1,1,1)-t"
3280,22.440707461004365,27.39705886871984,True,True,8.636753301676322e-16,0.44458524369293795,"GJR-GARCH(1,1,1)-t"
3291,17.96785370811107,22.92420511582654,True,True,0.0,0.795119075703632,"GJR-GARCH(1,1,1)-t"
3318,14.252361115605117,19.208712523320585,True,True,4.593791697359365e-12,0.8796324119575024,"GJR-GARCH(1,1,1)-t"
3322,6.185049603313902,11.141401011029373,True,True,1.071426684667251e-12,0.7889332745706392,"GJR-GARCH(1,1,1)-t"
3323,-6.740077060305669,-1.7837256525901992,True,True,0.0,1.7560634646761796e-11,"GJR-GARCH(1,1,1)-t"
3327,-7.989276081690246,-3.032924673974776,True,True,0.0,0.8400177802926394,"GJR-GARCH(1,1,1)-t"
3328,25.67488991135395,30.63124131906942,True,False,0.7502113390414431,0.6248943310596837,"GJR-GARCH(1,1,1)-t"
3333,30.8226932571389,35.77904466485437,True,True,4.047567239211068e-13,0.8500691488678657,"GJR-GARCH(1,1,1)-t"
3367,15.769044230904122,20.72539563861959,True,True,0.42003467489132995,2.815764679160072e-17,"GJR-GARCH(1,1,1)-t"
3373,23.229647755475874,28.185999163191344,True,False,1.1580939134788996e-14,0.9999999999999382,"GJR-GARCH(1,1,1)-t"
3378,15.911991319165864,20.868342726881334,True,False,8.808804225029474e-15,1.0,"GJR-GARCH(1,1,1)-t"
3381,19.02981049772301,23.98616190543848,True,True,0.0,0.0,"GJR-GARCH(1,1,1)-t"
3384,-1.7091665375481977,3.2471848701672723,True,True,4.155915856927554e-16,0.8900624645286463,"GJR-GARCH(1,1,1)-t"
3389,5.441132214962495,10.397483622677965,True,False,0.5729392834420781,0.47849817838915987,"GJR-GARCH(1,1,1)-t"
3396,15.188617285534196,20.144968693249666,True,True,7.647544884878762e-13,0.8237141043703,"GJR-GARCH(1,1,1)-t"
3399,55.24838144468851,60.20473285240398,True,False,0.9999999999997105,7.613817991704314e-14,"GJR-GARCH(1,1,1)-t"
3404,-9.255751181450282,-4.299399773734812,True,False,1.0,0.15538921138929368,"GJR-GARCH(1,1,1)-t"
3406,34.891863243722135,39.8482146514376,True,True,0.023803992808874165,0.8932192189345848,"GJR-GARCH(1,1,1)-t"
3414,-13.126645998967888,-8.170294591252418,True,False,1.0491916904308166e-16,1.0,"GJR-GARCH(1,1,1)-t"
3427,3.837376152420159,8.793727560135629,True,True,0.38627891692104416,7.335749645338741e-17,"GJR-GARCH(1,1,1)-t"
3431,11.482869292958624,16.439220700674092,True,False,7.133091701874532e-14,0.9999999999991785,"GJR-GARCH(1,1,1)-t"
3445,-0.20291629965459101,4.753435108060879,True,True,1.300531422140926e-18,0.3904769465283472,"GJR-GARCH(1,1,1)-t"
3457,-5.800840123845742,-0.8444887161302717,True,True,1.6243177109752492e-15,0.6603531051776779,"GJR-GARCH(1,1,1)-t"
3465,5.772299471704422,10.728650879419892,True,False,4.650878734631737e-11,0.9999999924809996,"GJR-GARCH(1,1,1)-t"
3469,15.060132512156333,20.016483919871803,True,True,0.2371662911148511,1.2549401823075457e-17,"GJR-GARCH(1,1,1)-t"
3484,-30.007687353908345,-25.051335946192875,True,False,1.0,0.0,"GJR-GARCH(1,1,1)-t"
3486,13.526550888600937,18.482902296316407,True,True,0.0,7.816031723466925e-06,"GJR-GARCH(1,1,1)-t"
3513,27.42378301899701,32.38013442671248,True,False,0.9999999999999998,0.18816173259513896,"GJR-GARCH(1,1,1)-t"
3516,10.314680960725921,15.271032368441391,True,False,1.9105607862950897e-14,0.999999999999918,"GJR-GARCH(1,1,1)-t"
3531,8.330736079530146,13.287087487245616,True,True,4.73135459252811e-13,0.9381050161110356,"GJR-GARCH(1,1,1)-t"
3536,7.123670799731304,12.080022207446774,True,True,5.746154355386963e-11,0.9850622780632636,"GJR-GARCH(1,1,1)-t"
3552,-7.527915790946793,-2.5715643832313226,True,True,6.897871145802327e-12,0.9771778339031095,"GJR-GARCH(1,1,1)-t"
3564,-2.480423136256853,2.475928271458617,True,False,0.5392691630990131,0.677353425762253,"GJR-GARCH(1,1,1)-t"
3567,-12.533667683952494,-7.577316276237024,True,True,1.545768349081811e-17,3.0776004589674906e-16,"GJR-GARCH(1,1,1)-t"
3580,5.196275199028706,10.152626606744176,True,True,9.277076598936154e-13,0.0,"GJR-GARCH(1,1,1)-t"
3587,32.092453710073,37.048805117788476,True,True,0.0,0.21381663754375277,"GJR-GARCH(1,1,1)-t"
3596,35.14997777327821,40.106329180993676,True,True,0.0,0.985046537342677,"GJR-GARCH(1,1,1)-t"
3601,17.92671948080895,22.88307088852442,True,False,0.9999999999697077,0.49320580168015726,"GJR-GARCH(1,1,1)-t"
3607,-6.448453350535839,-1.4921019428203692,True,True,0.9649967563548554,2.4785977342412192e-17,"GJR-GARCH(1,1,1)-t"
3622,-14.844399699524637,-9.888048291809167,True,True,7.915672193578475e-14,0.9523216329746231,"GJR-GARCH(1,1,1)-t"
3626,62.218221574039404,67.17457298175488,True,True,1.3529872336399357e-13,0.9870330519659916,"GJR-GARCH(1,1,1)-t"
3640,2.23724807001944,7.19359947773491,True,True,0.0,0.9640264630665152,"GJR-GARCH(1,1,1)-t"
3650,-10.432997050745236,-5.476645643029766,True,True,0.5832438978958338,2.0858288704238348e-11,"GJR-GARCH(1,1,1)-t"
3655,-4.87903235528406,0.07731905243140957,True,True,0.09858820821247612,0.5485812825770127,"GJR-GARCH(1,1,1)-t"
3660,-2.923305194339285,2.033046213376185,True,True,0.3856089439179961,1.7972477926361348e-12,"GJR-GARCH(1,1,1)-t"
3661,6.026733422934181,10.983084830649652,True,False,4.788672496734987e-13,0.9999999999988735,"GJR-GARCH(1,1,1)-t"
3668,11.864050639319192,16.820402047034662,True,True,4.8558627571639665e-17,8.64252560697455e-16,"GJR-GARCH(1,1,1)-t"
3685,-6.580501579255376,-1.624150171539906,True,False,0.0,0.999999999994405,"GJR-GARCH(1,1,1)-t"
3686,-4.939609589618684,0.01674181809678643,True,True,1.0750733589573456e-19,0.9474173261238915,"GJR-GARCH(1,1,1)-t"
3694,10.636535047117896,15.592886454833366,True,True,2.8725567662114948e-15,0.19197375496928654,"GJR-GARCH(1,1,1)-t"
3703,12.001304535644845,16.957655943360315,True,True,5.212177548528552e-10,0.914164511296694,"GJR-GARCH(1,1,1)-t"
3711,7.0731359153860245,12.029487323101495,True,True,0.07868486153429294,0.3522554391643065,"GJR-GARCH(1,1,1)-t"
3720,18.208417080686694,23.164768488402164,True,True,2.3014306979113916e-14,0.08536346430378633,"GJR-GARCH(1,1,1)-t"
3721,24.114324745784554,29.070676153500024,True,True,0.8745829963918558,2.8223761423119464e-12,"GJR-GARCH(1,1,1)-t"
3732,-9.376339039402524,-4.419987631687054,True,True,3.514490601692933e-15,6.226478682927155e-17,"GJR-GARCH(1,1,1)-t"
3735,-29.85253939915866,-24.89618799144319,True,True,2.145813619102246e-11,1.0740528034134986e-08,"GJR-GARCH(1,1,1)-t"
3737,-10.725462456465543,-5.769111048750073,True,True,0.3718302052845428,0.018352613604311546,"GJR-GARCH(1,1,1)-t"
3758,23.50382985753505,28.46018126525052,True,True,0.0,0.4075500050103556,"GJR-GARCH(1,1,1)-t"
3762,10.084669856507873,15.041021264223343,True,False,8.49293713851148e-20,0.999999999999997,"GJR-GARCH(1,1,1)-t"
3797,-10.16542444785571,-5.20907304014024,True,True,0.0,0.7579745968588827,"GJR-GARCH(1,1,1)-t"
3804,-13.275307681037823,-8.318956273322353,True,True,2.626269250959787e-15,0.9219798030937013,"GJR-GARCH(1,1,1)-t"
3836,-6.0777211921652565,-1.1213697844497865,True,True,0.009100947339690491,0.10095263396566634,"GJR-GARCH(1,1,1)-t"
3877,-6.4913038333980815,-1.5349524256826115,True,True,1.0409304817096276e-16,0.23707170313471243,"GJR-GARCH(1,1,1)-t"
3884,11.278204278929667,16.234555686645137,True,True,3.5534016064581783e-16,0.663102808825791,"GJR-GARCH(1,1,1)-t"
3886,16.713343780958013,21.669695188673487,True,True,2.32727781171585e-18,9.80568321041446e-12,"GJR-GARCH(1,1,1)-t"
3908,15.085397310534415,20.041748718249885,True,True,2.3450548732388767e-15,9.415159787114984e-15,"GJR-GARCH(1,1,1)-t"
3921,-11.03104041154279,-6.07468900382732,True,False,0.9999999999064547,0.33044001195324285,"GJR-GARCH(1,1,1)-t"
3922,-20.489357561583738,-15.533006153868268,True,True,0.0,0.0,"GJR-GARCH(1,1,1)-t"
3931,-3.01135519830234,1.9449962094131301,True,True,0.0,0.8377176325537657,"GJR-GARCH(1,1,1)-t"
3955,11.369576984580426,16.325928392295896,True,True,4.2421559962655347e-17,1.4745669622029698e-16,"GJR-GARCH(1,1,1)-t"
3957,-25.97031246007181,-21.01396105235634,True,True,1.04335956255521e-12,0.937115464935275,"GJR-GARCH(1,1,1)-t"
3961,-6.6189971064049935,-1.6626456986895235,True,True,0.0,0.2994727183319812,"GJR-GARCH(1,1,1)-t"
3962,19.670524322348474,24.626875730063944,True,True,2.548397183415265e-13,2.1729410955376826e-12,"GJR-GARCH(1,1,1)-t"
3974,5.245382531517915,10.201733939233385,True,True,1.5958278295976907e-15,0.980145144499918,"GJR-GARCH(1,1,1)-t"
3987,-19.00407134890093,-14.04771994118546,True,True,0.0,0.9522298957440375,"GJR-GARCH(1,1,1)-t"
3999,33.61517270947776,38.571524117193235,True,True,0.0,0.6861902964078473,"GJR-GARCH(1,1,1)-t"
4004,-16.06647566087401,-11.110124253158538,True,False,0.45270626008382303,0.6941571261495049,"GJR-GARCH(1,1,1)-t"
4013,10.607998466669935,15.564349874385405,True,True,2.4014237873106615e-14,0.25320684288562284,"GJR-GARCH(1,1,1)-t"
4027,10.111676973212724,15.068028380928194,True,False,0.5225458986414362,0.7387270506760267,"GJR-GARCH(1,1,1)-t"
4031,-9.697561072088092,-4.741209664372622,True,True,3.936296939593308e-18,0.491145138168833,"GJR-GARCH(1,1,1)-t"
4032,30.421999397962416,35.37835080567788,True,True,0.05130018254086931,0.9026079834382821,"GJR-GARCH(1,1,1)-t"
4034,8.17865956325948,13.13501097097495,True,False,0.0,0.9999999999999988,"GJR-GARCH(1,1,1)-t"
4037,32.14443133730442,37.100782745019885,True,False,4.539361064769555e-15,1.0,"GJR-GARCH(1,1,1)-t"
4038,-4.883310596607249,0.07304081110822125,True,False,1.7448952742458356e-19,1.0,"GJR-GARCH(1,1,1)-t"
4043,5.711855954472901,10.66820736218837,True,True,3.729908529303381e-08,0.07374710664351763,"GJR-GARCH(1,1,1)-t"
4052,10.704259730303704,15.660611138019174,True,True,7.098998995797824e-17,3.4239478796899045e-21,"GJR-GARCH(1,1,1)-t"
4060,-13.562554876298393,-8.606203468582923,True,True,0.0,0.4739529128480994,"GJR-GARCH(1,1,1)-t"
4067,19.802673742967063,24.759025150682533,True,True,0.0,1.6254555038823818e-14,"GJR-GARCH(1,1,1)-t"
4069,25.006215333236028,29.9625667409515,True,True,0.4907673556343373,1.1369954498192455e-11,"GJR-GARCH(1,1,1)-t"
4071,-28.716045656533176,-23.759694248817706,True,False,1.5187353461810433e-15,1.0,"GJR-GARCH(1,1,1)-t"
4072,-4.688531298623168,0.2678201090923018,True,True,3.7742377720308906e-18,0.953274646869344,"GJR-GARCH(1,1,1)-t"
4075,-8.16530374438532,-3.2089523366698494,True,True,3.1469104451846506e-16,0.49674924394628245,"GJR-GARCH(1,1,1)-t"
4079,0.38999132005165826,5.346342727767128,True,False,0.12060731581639658,0.9209499847185437,"GJR-GARCH(1,1,1)-t"
4084,-5.558962847515723,-0.6026114398002527,True,False,0.9527150690454825,0.4400458012735239,"GJR-GARCH(1,1,1)-t"
4089,-5.487441870639131,-0.531090462923661,True,False,2.2128542036423374e-13,0.9999999999915314,"GJR-GARCH(1,1,1)-t"
4091,52.3725759581667,57.328927365882166,True,True,0.05013479689645428,0.0,"GJR-GARCH(1,1,1)-t"
4103,-13.30737471594838,-8.35102330823291,True,True,0.0,0.5880711723941534,"GJR-GARCH(1,1,1)-t"
4106,16.6363190818027,21.59267048951817,True,True,5.10851558969265e-15,0.7106818832802732,"GJR-GARCH(1,1,1)-t"
4131,12.227944007240394,17.184295414955866,True,False,0.9981653310155708,0.34651449474080875,"GJR-GARCH(1,1,1)-t"
4132,-3.328784582279507,1.627566825435963,True,True,7.092743355536941e-13,0.719414416438668,"GJR-GARCH(1,1,1)-t"
4138,3.2932258558699843,8.249577263585454,True,True,0.5579076145652773,0.1940609088300254,"GJR-GARCH(1,1,1)-t"
4140,-20.42023084273351,-15.46387943501804,True,True,8.230492000673868e-11,0.6972052035869131,"GJR-GARCH(1,1,1)-t"
4142,-13.490861392803339,-8.534509985087869,True,True,4.037403355702663e-14,2.9236379703607893e-13,"GJR-GARCH(1,1,1)-t"
4155,37.802352670962904,42.75870407867838,True,False,7.039456147301375e-19,0.999999999999972,"GJR-GARCH(1,1,1)-t"
4156,-6.864335938536563,-1.9079845308210928,True,True,0.0,0.7002147698996404,"GJR-GARCH(1,1,1)-t"
4158,-18.10462267692794,-13.148271269212469,True,True,1.0444959242166938e-17,1.3965165430954598e-16,"GJR-GARCH(1,1,1)-t"
4159,2.4694599227455534,7.425811330461023,True,True,1.2991687266857192e-15,0.2900489778264669,"GJR-GARCH(1,1,1)-t"
4173,-0.661731997172275,4.294619410543195,True,True,0.6015960207921565,0.0,"GJR-GARCH(1,1,1)-t"
4186,3.2395249392553858,8.195876346970856,True,True,3.56607586683647e-11,0.8332982625254385,"GJR-GARCH(1,1,1)-t"
4193,-6.408992325478078,-1.4526409177626078,True,True,0.0,0.7633090441128216,"GJR-GARCH(1,1,1)-t"
4201,16.196418914491932,21.152770322207402,True,True,1.917381591945953e-16,0.7864152860720524,"GJR-GARCH(1,1,1)-t"
4209,-13.136415990887414,-8.180064583171944,True,True,0.2715614638327591,2.4108681784531578e-14,"GJR-GARCH(1,1,1)-t"
4219,10.471532376105955,15.427883783821425,True,True,7.39722552409959e-16,0.9607165575480667,"GJR-GARCH(1,1,1)-t"
4226,-4.0346238258414715,0.9217275818739985,True,False,8.798010697427814e-15,0.9999999999999615,"GJR-GARCH(1,1,1)-t"
4257,-6.970208593156364,-2.0138571854408944,True,True,0.0,0.9668325789362787,"GJR-GARCH(1,1,1)-t"
4264,-6.15073374934126,-1.19438234162579,True,True,7.599059120683578e-16,0.10235694171980074,"GJR-GARCH(1,1,1)-t"
4265,-12.76992381471699,-7.813572407001519,True,True,0.0,0.018010353523672362,"GJR-GARCH(1,1,1)-t"
4266,7.369569305011053,12.325920712726523,True,False,8.210237298913324e-18,1.0,"GJR-GARCH(1,1,1)-t"
4275,15.929032305790395,20.885383713505863,True,True,2.4870822122073974e-09,0.0,"GJR-GARCH(1,1,1)-t"
4293,1.4595502582715607,6.415901665987031,True,True,0.0,0.9624517898163304,"GJR-GARCH(1,1,1)-t"
4294,28.611532707695694,33.56788411541116,True,True,1.3654710983100374e-14,0.950604250748428,"GJR-GARCH(1,1,1)-t"
4302,-7.757583553386802,-2.8012321456713316,True,False,0.0,1.0,"GJR-GARCH(1,1,1)-t"
4310,0.5725704707736199,5.52892187848909,True,True,5.4273601097952075e-12,0.89087392774527,"GJR-GARCH(1,1,1)-t"
4318,6.474193511400992,11.430544919116462,True,True,9.693424305675096e-11,1.5194275738154594e-09,"GJR-GARCH(1,1,1)-t"
4329,10.715729023813314,15.672080431528784,True,False,0.0,1.0,"GJR-GARCH(1,1,1)-t"
4361,-18.241994622319197,-13.285643214603727,True,True,0.0,3.6221573204231756e-13,"GJR-GARCH(1,1,1)-t"
4364,1.5198620075787446,6.476213415294215,True,False,7.70833345871121e-19,0.9999999999999998,"GJR-GARCH(1,1,1)-t"
4367,0.07392458180914652,5.0302759895246165,True,True,0.0,0.6870711594959982,"GJR-GARCH(1,1,1)-t"
4371,4.1259169835708,9.08226839128627,True,True,0.5982670575156719,3.9315873307008015e-19,"GJR-GARCH(1,1,1)-t"
4377,12.852346594717826,17.808698002433296,True,False,0.9999999999999996,0.10665450273196797,"GJR-GARCH(1,1,1)-t"
4385,-1.1658626962581717,3.7904887114572983,True,False,0.0,0.9999999999999482,"GJR-GARCH(1,1,1)-t"
4388,-2.474640961726763,2.481710445988707,True,True,3.681513668559818e-11,0.7115472507333711,"GJR-GARCH(1,1,1)-t"
4400,24.788353356561238,29.744704764276708,True,False,0.9999999999998851,3.174732480525219e-14,"GJR-GARCH(1,1,1)-t"
4403,-2.194521872898896,2.761829534816574,True,True,2.202920234365594e-19,0.760067591703513,"GJR-GARCH(1,1,1)-t"
4414,8.070610032674695,13.026961440390165,True,True,0.0,0.992444004362831,"GJR-GARCH(1,1,1)-t"
4431,-15.98501980608745,-11.02866839837198,True,True,1.1310721902453524e-14,0.6043145951527793,"GJR-GARCH(1,1,1)-t"
4432,7.95919607172498,12.91554747944045,True,False,1.0,0.391593289566854,"GJR-GARCH(1,1,1)-t"
4449,-12.00876396511023,-7.05241255739476,True,True,0.7610404294994222,2.550717536351511e-10,"GJR-GARCH(1,1,1)-t"
4457,18.801250577221946,23.757601984937416,True,True,0.0,0.5265682586106883,"GJR-GARCH(1,1,1)-t"
4460,8.549665416859712,13.506016824575182,True,True,0.12526935110717408,8.121372392894213e-13,"GJR-GARCH(1,1,1)-t"
4470,0.5752097638015599,5.53156117151703,True,True,5.1332174788102036e-15,0.9801859329502614,"GJR-GARCH(1,1,1)-t"
4477,-1.4854242632304153,3.4709271444850547,True,True,0.0,0.7440929353189825,"GJR-GARCH(1,1,1)-t"
4479,25.941441414807002,30.89779282252247,True,True,0.0,0.2770552733391476,"GJR-GARCH(1,1,1)-t"
4487,-3.3066940811765733,1.6496573265388967,True,True,1.5939434312883776e-12,0.0,"GJR-GARCH(1,1,1)-t"
4489,7.852811456584355,12.809162864299825,True,True,6.415256958836465e-17,0.16192532760770004,"GJR-GARCH(1,1,1)-t"
4493,-21.00423270484451,-16.04788129712904,True,True,2.3092466769245007e-19,0.11248071454336975,"GJR-GARCH(1,1,1)-t"
4518,18.172869057729983,23.129220465445453,True,False,0.6520666821292108,0.5957003811819874,"GJR-GARCH(1,1,1)-t"
4543,20.31040830370343,25.2667597114189,True,True,0.0,0.9638124073851894,"GJR-GARCH(1,1,1)-t"
4547,26.220671721404152,31.177023129119625,True,True,0.0,0.6592993620546803,"GJR-GARCH(1,1,1)-t"
4555,-1.934129632886755,3.022221774828715,True,True,4.902417231589999e-15,0.9589203636994821,"GJR-GARCH(1,1,1)-t"
4557,3.9788351686506918,8.935186576366162,True,True,4.711294065515313e-13,0.9719271865634161,"GJR-GARCH(1,1,1)-t"
4560,27.694624572499087,32.65097598021456,True,True,0.3195916338793811,2.8457812769922714e-15,"GJR-GARCH(1,1,1)-t"
4570,22.492685285552533,27.449036693268003,True,False,0.9999999999989555,0.49999999999966827,"GJR-GARCH(1,1,1)-t"
4571,9.344195614976904,14.300547022692374,True,False,0.9999999999999996,4.6223330640163534e-17,"GJR-GARCH(1,1,1)-t"
4587,-6.053120004076163,-1.0967685963606932,True,True,8.4984286773573e-21,0.8477628544518916,"GJR-GARCH(1,1,1)-t"
4588,19.200501362486364,24.156852770201834,True,True,0.0,0.9501769754173761,"GJR-GARCH(1,1,1)-t"
4601,30.132329742200287,35.08868114991576,True,True,3.71703026507926e-14,3.6251959695724716e-22,"GJR-GARCH(1,1,1)-t"
4603,3.88163809520476,8.83798950292023,True,True,0.43483625664768577,0.05283472870883402,"GJR-GARCH(1,1,1)-t"
4613,2.905084744005867,7.861436151721337,True,True,1.56151416209456e-14,0.9689231142893027,"GJR-GARCH(1,1,1)-t"
4615,-3.233659757422995,1.7226916502924752,True,True,0.0,0.7749848476312587,"GJR-GARCH(1,1,1)-t"
4616,50.986123764586935,55.94247517230241,True,True,1.6842870844940626e-13,1.4126598400725273e-12,"GJR-GARCH(1,1,1)-t"
4618,13.925940376369464,18.882291784084934,True,True,1.2520690615940716e-20,0.8624922960694063,"GJR-GARCH(1,1,1)-t"
4622,11.801398484443135,16.757749892158607,True,True,7.792935288161137e-16,0.038920792632794354,"GJR-GARCH(1,1,1)-t"
4627,-27.444604965048903,-22.488253557333433,True,True,0.6966777217014841,3.929895348784123e-12,"GJR-GARCH(1,1,1)-t"
4630,2.1583142780242497,7.11466568573972,True,True,4.684224266687778e-16,0.5344008054051954,"GJR-GARCH(1,1,1)-t"
4649,-7.314054120706494,-2.357702712991024,True,True,0.0,3.754120256250384e-14,"GJR-GARCH(1,1,1)-t"
4654,-5.426887516570812,-0.4705361088553417,True,True,3.5415075662125507e-19,0.9141866932153815,"GJR-GARCH(1,1,1)-t"
4661,-6.106388663296826,-1.1500372555813563,True,True,8.780237775895305e-14,1.6920679277041672e-13,"GJR-GARCH(1,1,1)-t"
4667,0.22233299246162552,5.1786844001770955,True,True,6.660369704494362e-20,0.6425303155576666,"GJR-GARCH(1,1,1)-t"
4690,-10.176640222738456,-5.220288815022986,True,False,0.9999999999999991,3.0228936765842657e-18,"GJR-GARCH(1,1,1)-t"
4695,0.00678749589205907,4.963138903607529,True,False,0.19664593507394254,0.9016770324244733,"GJR-GARCH(1,1,1)-t"
4707,-6.720157009483405,-1.7638056017679347,True,True,6.806376977861416e-14,8.510324784267076e-15,"GJR-GARCH(1,1,1)-t"
4713,7.126315645795562,12.082667053511031,True,True,0.0,0.0,"GJR-GARCH(1,1,1)-t"
4714,-10.801760325393438,-5.845408917677968,True,False,0.0,1.0,"GJR-GARCH(1,1,1)-t"
4723,-10.895922063559407,-5.939570655843937,True,False,0.999999998142882,0.4509129140039898,"GJR-GARCH(1,1,1)-t"
4724,-0.645499865852706,4.310851541862764,True,False,6.45878649266573e-13,0.9999999999999851,"GJR-GARCH(1,1,1)-t"
4737,-16.55774763337414,-11.601396225658672,True,False,0.0934502377127304,0.9532748811392648,"GJR-GARCH(1,1,1)-t"
4739,7.705230576847145,12.661581984562616,True,True,7.752053447964219e-20,0.8975130653505979,"GJR-GARCH(1,1,1)-t"
4743,30.885668223345675,35.84201963106115,True,True,0.0,0.538020444203125,"GJR-GARCH(1,1,1)-t"
4746,15.073324712429228,20.029676120144696,True,True,3.931210825378215e-15,0.6000962904043603,"GJR-GARCH(1,1,1)-t"
4754,9.243834219441858,14.200185627157328,True,True,1.4841860395049022e-16,0.5260895573900032,"GJR-GARCH(1,1,1)-t"
4762,48.980172429132445,53.93652383684791,True,True,0.8227896761201589,2.638410299790739e-14,"GJR-GARCH(1,1,1)-t"
4774,-2.7255164041686335,2.2308350035468365,True,True,0.6546216668397113,0.0,"GJR-GARCH(1,1,1)-t"
4787,-4.540161211460568,0.4161901962549024,True,True,6.22029566816342e-20,0.007006970699372209,"GJR-GARCH(1,1,1)-t"
4797,-21.430091245639105,-16.473739837923635,True,False,0.5251985214911743,0.6219146699236028,"GJR-GARCH(1,1,1)-t"
4817,16.021045212559244,20.977396620274714,True,True,6.557457663531355e-13,0.9660306498616775,"GJR-GARCH(1,1,1)-t"
4844,18.19872234487499,23.15507375259046,True,True,0.571266359263848,3.928797698542805e-20,"GJR-GARCH(1,1,1)-t"
4849,6.513054166172704,11.469405573888174,True,False,0.9999999999999266,9.147538883081386e-14,"GJR-GARCH(1,1,1)-t"
4850,42.86162030408326,47.817971711798734,True,True,1.7377635932977114e-11,1.825366384862282e-10,"GJR-GARCH(1,1,1)-t"
4851,-19.38050521141112,-14.42415380369565,True,True,1.5199902243824687e-16,5.451896356257559e-17,"GJR-GARCH(1,1,1)-t"
4858,-0.4403017691913611,4.516049638524109,True,True,0.4306487311779662,4.2733056455203146e-13,"GJR-GARCH(1,1,1)-t"
4867,-20.020209817587826,-15.063858409872356,True,True,7.473762196269562e-15,0.8845790638506504,"GJR-GARCH(1,1,1)-t"
4869,9.455235030239962,14.411586437955432,True,False,7.773199543283149e-15,0.9999999999975728,"GJR-GARCH(1,1,1)-t"
4889,-1.5178274331278416,3.4385239745876284,True,True,0.5452185871148957,0.0,"GJR-GARCH(1,1,1)-t"
4902,11.727436685973263,16.683788093688733,True,True,3.583212821249146e-18,2.0692910378987012e-17,"GJR-GARCH(1,1,1)-t"
4905,-1.479342541726318,3.477008865989152,True,True,1.361234888332008e-14,0.0,"GJR-GARCH(1,1,1)-t"
4910,11.360422103583485,16.316773511298955,True,True,0.0,0.7476589151145683,"GJR-GARCH(1,1,1)-t"
4913,-1.441317351283029,3.515034056432441,True,True,8.03589416742706e-15,0.9630513582455696,"GJR-GARCH(1,1,1)-t"
4935,-8.408249262856632,-3.451897855141162,True,True,0.0,0.8618846823462186,"GJR-GARCH(1,1,1)-t"
4951,-24.61389451085038,-19.65754310313491,True,True,0.0,0.7058910090589373,"GJR-GARCH(1,1,1)-t"
4957,-16.384387548191068,-11.428036140475598,True,True,2.3406454005735756e-18,0.8686448248394262,"GJR-GARCH(1,1,1)-t"
4958,-2.2326464073456727,2.7237050003697973,True,True,0.0695664882191736,0.4462381348743227,"GJR-GARCH(1,1,1)-t"
4962,-0.6183509553426294,4.338000452372841,True,False,0.5448021257843384,0.5572742133609003,"GJR-GARCH(1,1,1)-t"
4978,23.547505716532125,28.503857124247595,True,True,0.0,0.44404114752583956,"GJR-GARCH(1,1,1)-t"
4984,-15.52593163853803,-10.56958023082256,True,True,1.028012709676594e-15,2.614318289349697e-10,"GJR-GARCH(1,1,1)-t"
4987,25.70178529297405,30.658136700689518,True,False,5.085930711695087e-12,1.0,"GJR-GARCH(1,1,1)-t"
4991,20.220979911186063,25.177331318901537,True,False,0.0,1.0,"GJR-GARCH(1,1,1)-t"
4995,9.554580214988157,14.510931622703627,True,True,0.0,0.9405600804666446,"GJR-GARCH(1,1,1)-t"
4997,62.68059653456162,67.63694794227709,True,True,0.38509503207638224,2.639473918984552e-15,"GJR-GARCH(1,1,1)-t"
5020,-6.409039137321152,-1.4526877296056817,True,True,0.0,0.6012563798138417,"GJR-GARCH(1,1,1)-t"
5025,46.02663764481353,50.98298905252901,True,False,1.0,0.22721234845354196,"GJR-GARCH(1,1,1)-t"
5032,-9.407226651357455,-4.450875243641985,True,True,3.0810366442771174e-18,0.36774400455522466,"GJR-GARCH(1,1,1)-t"
5046,7.998606847398155,12.954958255113624,True,False,0.0,1.0,"GJR-GARCH(1,1,1)-t"
5056,14.16896831826114,19.12531972597661,True,True,1.0234488817455615e-14,0.6334506787697173,"GJR-GARCH(1,1,1)-t"
5063,-7.153864554810838,-2.1975131470953677,True,True,3.266264112875603e-18,6.61270064247262e-18,"GJR-GARCH(1,1,1)-t"
5101,-11.224908257686288,-6.2685568499708175,True,False,0.0,1.0,"GJR-GARCH(1,1,1)-t"
5113,1.108501565472901,6.064852973188371,True,True,1.0605163405702666e-15,0.09523827326340895,"GJR-GARCH(1,1,1)-t"
5118,14.959236653246968,19.91558806096244,True,True,0.0,0.49938481750820496,"GJR-GARCH(1,1,1)-t"
5124,13.778054170968627,18.734405578684097,True,True,0.0,0.8107411865239517,"GJR-GARCH(1,1,1)-t"
5139,2.6368391043697432,7.593190512085213,True,True,0.0,0.5717608291221566,"GJR-GARCH(1,1,1)-t"
5141,-2.0680622943016367,2.8882891134138333,True,False,1.2357561432214027e-14,1.0,"GJR-GARCH(1,1,1)-t"
5149,9.180053570355481,14.136404978070951,True,True,6.641086362002294e-16,0.9383027433953539,"GJR-GARCH(1,1,1)-t"
5152,1.607556026698326,6.563907434413796,True,True,0.022111528778941097,0.8650555603215594,"GJR-GARCH(1,1,1)-t"
5153,53.559300562157816,58.51565196987329,True,True,0.0,0.9703388107981831,"GJR-GARCH(1,1,1)-t"
5163,11.371787228136709,16.328138635852177,True,True,1.4246054842749236e-17,1.6111254685669714e-17,"GJR-GARCH(1,1,1)-t"
5164,5.1961425002346875,10.152493907950157,True,False,1.0,0.367795041185429,"GJR-GARCH(1,1,1)-t"
5171,-10.001285230616993,-5.044933822901523,True,True,0.1344574614784501,0.8273806688709292,"GJR-GARCH(1,1,1)-t"
5173,4.64052372430438,9.59687513201985,True,True,0.0,0.9241800470919185,"GJR-GARCH(1,1,1)-t"
5193,-25.717289439147585,-20.760938031432115,True,True,0.0,0.8941910779843618,"GJR-GARCH(1,1,1)-t"
5206,7.407479711534597,12.363831119250067,True,True,0.0,0.24867728426116517,"GJR-GARCH(1,1,1)-t"
5213,-23.51579070250459,-18.55943929478912,True,True,4.4638628192196835e-15,0.8752296929309121,"GJR-GARCH(1,1,1)-t"
5218,1.691597741789522,6.647949149504992,True,True,0.0,5.27193996131754e-09,"GJR-GARCH(1,1,1)-t"
5232,50.520537630988784,55.47688903870426,True,False,1.5723256094213215e-14,0.999999999999778,"GJR-GARCH(1,1,1)-t"
5235,2.6612239281849472,7.617575335900417,True,True,8.305296592195295e-17,0.8739248190000963,"GJR-GARCH(1,1,1)-t"
5239,34.43780546377303,39.394156871488505,True,True,4.177594309336564e-16,0.22105046538434864,"GJR-GARCH(1,1,1)-t"
5245,-6.664224060531971,-1.7078726528165014,True,True,1.7146828874495553e-12,1.6709325349287503e-11,"GJR-GARCH(1,1,1)-t"
5249,14.358642656079098,19.31499406379457,True,True,2.100974683860848e-15,0.7064552720706262,"GJR-GARCH(1,1,1)-t"
5266,26.294048328161548,31.250399735877018,True,True,0.2600979885141605,0.0,"GJR-GARCH(1,1,1)-t"
5285,31.383276872613663,36.33962828032914,True,True,0.6366428545668202,1.9508076041690355e-13,"GJR-GARCH(1,1,1)-t"
5297,21.138562048819153,26.094913456534623,True,False,1.3198784248776508e-14,0.9999999999995892,"GJR-GARCH(1,1,1)-t"
5300,-4.975401684660444,-0.019050276944973632,True,True,2.1131537394892923e-17,6.15924838741762e-10,"GJR-GARCH(1,1,1)-t"
5302,-1.0310821892704265,3.9252692184450435,True,True,1.8064083322715624e-16,0.5018034762416671,"GJR-GARCH(1,1,1)-t"
5303,33.67388633971133,38.630237747426804,True,True,0.8850482580065115,5.426239644821241e-09,"GJR-GARCH(1,1,1)-t"
5305,18.222729012951195,23.179080420666665,True,True,0.6486248202093304,1.020267777942456e-16,"GJR-GARCH(1,1,1)-t"
5314,-11.341400839861162,-6.385049432145692,True,True,2.2173562149132762e-17,1.9159693330707593e-16,"GJR-GARCH(1,1,1)-t"
5340,1.803658327171254,6.760009734886724,True,False,3.1755446525307884e-16,0.9999999999999906,"GJR-GARCH(1,1,1)-t"
5344,-2.3768772416852286,2.5794741660302414,True,True,0.0,0.8862315459143418,"GJR-GARCH(1,1,1)-t"
5347,-1.1435165032214485,3.8128349044940215,True,True,7.442639206044081e-15,1.6249313263984544e-14,"GJR-GARCH(1,1,1)-t"
5356,0.09032322118026848,5.0466746288957385,True,False,5.163460650135375e-14,0.9999999999952999,"GJR-GARCH(1,1,1)-t"
5368,-2.245186740480367,2.711164667235103,True,True,0.0,0.9609269353871956,"GJR-GARCH(1,1,1)-t"
5391,17.71551908206884,22.67187048978431,True,True,3.8914852099056564e-18,0.391402710192695,"GJR-GARCH(1,1,1)-t"
5392,-9.816916936123604,-4.860565528408134,True,False,0.0,1.0,"GJR-GARCH(1,1,1)-t"
5400,-21.6628754171845,-16.70652400946903,True,True,0.2857714878027404,0.3083467380430372,"GJR-GARCH(1,1,1)-t"
5401,3.106066946456963,8.062418354172433,True,True,6.856501831709858e-17,5.406025664723868e-13,"GJR-GARCH(1,1,1)-t"
5407,-3.3733564565500984,1.5829949511653716,True,False,0.6212905894009229,0.6893547052995379,"GJR-GARCH(1,1,1)-t"
5417,17.481445739579247,22.437797147294717,True,True,9.987635982692902e-14,0.9403410093610745,"GJR-GARCH(1,1,1)-t"
5421,54.76089366705252,59.71724507476799,True,True,0.09250829255054224,2.4180025828089905e-17,"GJR-GARCH(1,1,1)-t"
5424,-20.91285246490837,-15.956501057192899,True,True,6.785396264162666e-17,0.0,"GJR-GARCH(1,1,1)-t"
5425,-0.8779600729897457,4.078391334725724,True,True,0.0,0.12834730862892083,"GJR-GARCH(1,1,1)-t"
5444,9.423054841451576,14.379406249167046,True,False,0.2971230197606348,0.7647185970504031,"GJR-GARCH(1,1,1)-t"
5458,12.447841264615125,17.404192672330595,True,True,0.0,0.9598015046648469,"GJR-GARCH(1,1,1)-t"
5470,-21.98057395884254,-17.02422255112707,True,True,0.0,0.2719669122620057,"GJR-GARCH(1,1,1)-t"
5480,-3.362877562738145,1.593473844977325,True,False,0.9999999999999865,1.2603548655591574e-15,"GJR-GARCH(1,1,1)-t"
5488,-19.949639623391143,-14.993288215675673,True,True,0.2503739842565925,0.0,"GJR-GARCH(1,1,1)-t"
5490,20.499457432076948,25.455808839792418,True,False,1.0634242629391961e-08,0.999992759942105,"GJR-GARCH(1,1,1)-t"
5496,9.81403580910872,14.77038721682419,True,True,1.821241471221955e-19,0.5710453679691359,"GJR-GARCH(1,1,1)-t"
5497,10.317688898429502,15.274040306144972,True,True,0.9291445078565767,0.0,"GJR-GARCH(1,1,1)-t"
5505,-12.79004272004886,-7.833691312333389,True,True,3.8952726966440446e-20,0.0,"GJR-GARCH(1,1,1)-t"
5510,19.289320220579796,24.24567162829527,True,True,0.42469801576427324,8.815248952762032e-14,"GJR-GARCH(1,1,1)-t"
5512,-9.134024957868302,-4.177673550152832,True,True,3.111952378537139e-15,0.6891025885785634,"GJR-GARCH(1,1,1)-t"
5513,4.510409216047195,9.466760623762665,True,True,3.713648452648548e-15,0.0,"GJR-GARCH(1,1,1)-t"
5517,34.53366412523853,39.490015532954004,True,True,8.389163533118468e-13,0.9583562933460057,"GJR-GARCH(1,1,1)-t"
5532,-15.932240788887828,-10.975889381172358,True,True,2.0935762090245678e-14,4.7961130162162656e-14,"GJR-GARCH(1,1,1)-t"
5539,-25.490961512426217,-20.534610104710747,True,False,0.9999999999999919,0.23841829353536284,"GJR-GARCH(1,1,1)-t"
5580,36.39324955757548,41.349600965290946,True,True,0.0,0.952117316834366,"GJR-GARCH(1,1,1)-t"
5598,7.502444748165818,12.458796155881288,True,True,5.963869712132999e-21,0.42105523692732777,"GJR-GARCH(1,1,1)-t"
5601,19.950702172880835,24.907053580596305,True,True,0.3893163407776362,4.311948014816973e-17,"GJR-GARCH(1,1,1)-t"
5609,-3.078985280294468,1.877366127421002,True,True,0.0,0.9846325836308457,"GJR-GARCH(1,1,1)-t"
5611,12.618844111736033,17.5751955194515,True,True,2.441304195056981e-21,5.335581621574851e-15,"GJR-GARCH(1,1,1)-t"
5620,31.62898017277557,36.585331580491044,True,True,1.7287262063814647e-13,0.7786990615298637,"GJR-GARCH(1,1,1)-t"
5629,-1.0506186835533757,3.9057327241620943,True,True,3.086144247542538e-19,0.9636317322088107,"GJR-GARCH(1,1,1)-t"
5648,4.902407299481602,9.858758707197072,True,True,9.964027904558214e-17,0.8246635983738502,"GJR-GARCH(1,1,1)-t"
5658,-7.271635027244415,-2.3152836195289446,True,True,3.525001037945386e-16,0.7810801069331736,"GJR-GARCH(1,1,1)-t"
5663,2.4498920281347765,7.4062434358502465,True,True,0.0,0.9163132811329395,"GJR-GARCH(1,1,1)-t"
5666,12.028377055698897,16.984728463414367,True,True,1.4047430322756013e-16,0.5160445387893141,"GJR-GARCH(1,1,1)-t"
5667,17.37846849773746,22.33481990545293,True,True,1.617018789537136e-15,0.6626041116178565,"GJR-GARCH(1,1,1)-t"
5676,-11.498969362568314,-6.542617954852844,True,True,0.0,0.895032608831681,"GJR-GARCH(1,1,1)-t"
5678,-5.9055811125000375,-0.9492297047845675,True,False,0.11506069236087085,0.9424696538195618,"GJR-GARCH(1,1,1)-t"
5682,8.48895569501622,13.44530710273169,True,True,1.0571003836195076e-13,3.231367098931957e-19,"GJR-GARCH(1,1,1)-t"
5686,-17.76689712746826,-12.810545719752788,True,True,5.1331889978842094e-11,0.9524350565693769,"GJR-GARCH(1,1,1)-t"
5704,-6.997313192766647,-2.040961785051177,True,True,0.49577956481582464,2.395356769175287e-15,"GJR-GARCH(1,1,1)-t"
5706,-2.698306469794666,2.258044937920804,True,True,6.293756476333411e-17,0.8899692182913452,"GJR-GARCH(1,1,1)-t"
5728,48.20099879889705,53.15735020661252,True,True,1.0335457118523933e-14,0.6605447234281275,"GJR-GARCH(1,1,1)-t"
5729,21.864081494675556,26.820432902391026,True,True,7.581146185878001e-14,0.9585668976512239,"GJR-GARCH(1,1,1)-t"
5743,-11.113554930143795,-6.1572035224283255,True,True,8.235346389110567e-10,0.9484002254928615,"GJR-GARCH(1,1,1)-t"
5749,18.949562870478122,23.905914278193592,True,True,0.0,0.8828846562206457,"GJR-GARCH(1,1,1)-t"
5756,29.91906021183992,34.875411619555386,True,False,6.21529530568345e-14,0.9999999999999986,"GJR-GARCH(1,1,1)-t"
5759,18.530878995209182,23.487230402924652,True,False,0.0,1.0,"GJR-GARCH(1,1,1)-t"
5763,2.0569703646389,7.01332177235437,True,False,0.9003485497190347,0.5498257251404827,"GJR-GARCH(1,1,1)-t"
5773,-11.932882594639835,-6.976531186924365,True,True,1.886952683382745e-12,0.9612098490488207,"GJR-GARCH(1,1,1)-t"
5777,-14.173380223250753,-9.217028815535283,True,True,1.2546646006349848e-11,0.7086663060261047,"GJR-GARCH(1,1,1)-t"
5787,64.99749353914206,69.95384494685752,True,False,1.0,0.0,"GJR-GARCH(1,1,1)-t"
5790,8.694421456343257,13.650772864058727,True,True,0.026689318190713466,1.5662654004295516e-14,"GJR-GARCH(1,1,1)-t"
5793,17.889271354015317,22.845622761730787,True,True,5.941911862103917e-15,0.6503860746935279,"GJR-GARCH(1,1,1)-t"
5795,-9.113819076718922,-4.157467669003452,True,False,1.0,0.23119217049509364,"GJR-GARCH(1,1,1)-t"
5803,31.17251461623789,36.128866023953364,True,True,4.7190878454885154e-14,0.5893856364440554,"GJR-GARCH(1,1,1)-t"
5809,-14.112630085209918,-9.156278677494448,True,False,6.74076108820506e-16,1.0,"GJR-GARCH(1,1,1)-t"
5816,11.58571196256732,16.54206337028279,True,False,3.573351140146394e-20,1.0,"GJR-GARCH(1,1,1)-t"
5817,24.88709092312994,29.843442330845413,True,True,3.5710803424486764e-13,2.7084237182809526e-13,"GJR-GARCH(1,1,1)-t"
5825,-4.134217585536788,0.8221338221786816,True,True,0.0,0.9588007553645976,"GJR-GARCH(1,1,1)-t"
5829,9.154642095569372,14.110993503284842,True,True,0.268624613966847,1.2494172330233504e-20,"GJR-GARCH(1,1,1)-t"
5831,-8.596297801357313,-3.639946393641843,True,True,3.7826522380407926e-15,0.839183826533762,"GJR-GARCH(1,1,1)-t"
5832,-4.4504874253468465,0.5058639823686235,True,True,5.705369940675355e-19,0.7892936635953489,"GJR-GARCH(1,1,1)-t"
5842,21.02356832636442,25.97991973407989,True,True,1.5434216820313927e-12,3.1699438223120484e-07,"GJR-GARCH(1,1,1)-t"
5846,9.104918142391735,14.061269550107205,True,True,1.064903292526776e-09,0.9834628491229722,"GJR-GARCH(1,1,1)-t"
5853,-8.937319430025862,-3.9809680223103925,True,True,7.222822439212666e-15,7.408082556591882e-15,"GJR-GARCH(1,1,1)-t"
5872,73.1003458707873,78.05669727850277,True,True,2.9969983510130423e-17,0.9770230884784935,"GJR-GARCH(1,1,1)-t"
5878,-21.62243533677328,-16.66608392905781,True,True,0.0,0.9465013867627335,"GJR-GARCH(1,1,1)-t"
5904,51.25967739466904,56.216028802384514,True,False,1.0,0.4204428927865269,"GJR-GARCH(1,1,1)-t"
5907,0.28081286560652785,5.237164273321998,True,False,0.2834217043231012,0.777826093282607,"GJR-GARCH(1,1,1)-t"
5910,7.15078206755318,12.10713347526865,True,True,1.2760416094330427e-15,0.6400478100512543,"GJR-GARCH(1,1,1)-t"
5913,-3.9798500028836763,0.9765014048317937,True,True,5.4726499724342774e-17,1.824345483675822e-16,"GJR-GARCH(1,1,1)-t"
5915,6.370508367493902,11.326859775209371,True,True,4.404622479724188e-15,0.4773950679526665,"GJR-GARCH(1,1,1)-t"
5916,-10.626033565452676,-5.669682157737206,True,False,1.0,0.044694413287748654,"GJR-GARCH(1,1,1)-t"
5929,6.107840763884473,11.064192171599943,True,False,1.0,1.6327842431409757e-16,"GJR-GARCH(1,1,1)-t"
5932,16.834854419555498,21.791205827270968,True,True,0.2574949478755683,2.0135117008121894e-15,"GJR-GARCH(1,1,1)-t"
5934,32.62346784200844,37.57981924972391,True,False,3.463741520113035e-13,0.9999999999898765,"GJR-GARCH(1,1,1)-t"
5944,48.31325607350735,53.26960748122282,True,True,0.0,0.9295702415623658,"GJR-GARCH(1,1,1)-t"
5958,-20.143081042158897,-15.186729634443427,True,True,4.4169652190512245e-11,0.5932775567142922,"GJR-GARCH(1,1,1)-t"
5975,1.471858441765331,6.428209849480801,True,True,0.2771443929344149,9.151816960330081e-16,"GJR-GARCH(1,1,1)-t"
5976,-5.367484994252344,-0.4111335865368737,True,False,0.402764727076154,0.798617636461921,"GJR-GARCH(1,1,1)-t"
5978,-9.64312999765884,-4.686778589943369,True,True,1.3191712614693015e-12,0.6927863370201662,"GJR-GARCH(1,1,1)-t"
5987,18.59506177184222,23.55141317955769,True,True,0.0,0.0,"GJR-GARCH(1,1,1)-t"
6016,-11.436924024026489,-6.480572616311019,True,True,0.0,0.7340212678207837,"GJR-GARCH(1,1,1)-t"
6020,5.520740919234475,10.477092326949945,True,True,0.0,4.0575042019105793e-14,"GJR-GARCH(1,1,1)-t"
6029,55.95714474213033,60.9134961498458,True,True,9.934152901836533e-15,0.182299246584517,"GJR-GARCH(1,1,1)-t"
6065,-14.728997450356196,-9.772646042640726,True,False,0.9614791048491317,0.519260447575435,"GJR-GARCH(1,1,1)-t"
6068,36.62819056848613,41.584541976201606,True,True,0.0053503865010528584,0.9362740289320384,"GJR-GARCH(1,1,1)-t"
6070,-24.21378304690443,-19.25743163918896,True,True,6.836082876257157e-16,1.348554368462823e-16,"GJR-GARCH(1,1,1)-t"
6074,3.307124795432232,8.263476203147702,True,True,0.0,0.4568070915414872,"GJR-GARCH(1,1,1)-t"
6076,-1.9310951642392027,3.0252562434762673,True,True,0.0,0.8579523819276151,"GJR-GARCH(1,1,1)-t"
6082,-3.292400555793808,1.663950851921662,True,False,0.1100975460624938,0.9141789282513711,"GJR-GARCH(1,1,1)-t"
6085,60.794848899402155,65.75120030711763,True,True,6.695101085129031e-15,8.71985266339044e-15,"GJR-GARCH(1,1,1)-t"
6089,-2.9963302246224437,1.9600211830930263,True,True,0.0,0.0,"GJR-GARCH(1,1,1)-t"
6102,-3.7703367816170292,1.1860146260984408,True,True,0.00017463975861810793,0.9531745502624209,"GJR-GARCH(1,1,1)-t"
6108,-8.401230856370212,-3.444879448654742,True,True,7.313846122970201e-15,0.9859972568165757,"GJR-GARCH(1,1,1)-t"
6114,3.61493404513185,8.57128545284732,True,True,0.0,6.914631874072431e-17,"GJR-GARCH(1,1,1)-t"
6115,-18.39589344561491,-13.43954203789944,True,False,2.3432150576803765e-14,0.9999999999999117,"GJR-GARCH(1,1,1)-t"
6121,0.02647643527125787,4.982827842986728,True,False,0.9999999999999926,0.4176056824548778,"GJR-GARCH(1,1,1)-t"
6134,-1.6025171090792565,3.3538342986362135,True,True,0.45225584079359893,1.901559237020877e-14,"GJR-GARCH(1,1,1)-t"
6139,3.3687859340973993,8.32513734181287,True,True,0.0,0.9753812672622393,"GJR-GARCH(1,1,1)-t"
6144,57.977874401702984,62.93422580941845,True,True,0.0,0.9346602681548154,"GJR-GARCH(1,1,1)-t"
6145,-4.162662416175362,0.7936889915401082,True,True,0.0,0.9336941556208382,"GJR-GARCH(1,1,1)-t"
6166,12.091802473665203,17.04815388138067,True,False,0.9999999990836441,7.270220321529629e-10,"GJR-GARCH(1,1,1)-t"
6172,44.24543690590295,49.20178831361842,True,True,9.84771135394669e-17,3.1505191813259757e-15,"GJR-GARCH(1,1,1)-t"
6174,30.279351202066376,35.235702609781846,True,True,2.0681927982799895e-11,0.5172892125463365,"GJR-GARCH(1,1,1)-t"
6177,19.8343804137805,24.79073182149597,True,True,0.0,4.0536539532719654e-16,"GJR-GARCH(1,1,1)-t"
6197,-18.609245555584792,-13.652894147869322,True,False,0.0,1.0,"GJR-GARCH(1,1,1)-t"
6213,-12.165679501067359,-7.209328093351889,True,True,5.591622273787827e-18,0.9782592557796321,"GJR-GARCH(1,1,1)-t"
6217,-11.096951462762469,-6.140600055046999,True,True,2.1725186262077475e-10,2.1338234933899777e-10,"GJR-GARCH(1,1,1)-t"
6235,0.060403951839008485,5.0167553595544785,True,True,0.0,0.19641951641791464,"GJR-GARCH(1,1,1)-t"
6256,7.995509389638178,12.951860797353648,True,True,5.684802630617742e-13,4.448479351045516e-13,"GJR-GARCH(1,1,1)-t"
6270,-2.0228830833559144,2.9334683243595556,True,True,1.3405004822204924e-20,0.9817791617832234,"GJR-GARCH(1,1,1)-t"
6272,9.034293636125174,13.990645043840644,True,True,0.0,0.9559659986440177,"GJR-GARCH(1,1,1)-t"
6274,-25.454994158924634,-20.498642751209164,True,True,0.5536858343378599,4.754249984521042e-12,"GJR-GARCH(1,1,1)-t"
6286,-21.982555711311377,-17.026204303595907,True,True,0.0,0.8812749860800473,"GJR-GARCH(1,1,1)-t"
6287,-7.525208201839348,-2.568856794123878,True,True,0.0,0.9712720468776788,"GJR-GARCH(1,1,1)-t"
6296,45.374029925600894,50.33038133331637,True,True,1.8626006906038273e-16,6.846324737560571e-16,"GJR-GARCH(1,1,1)-t"
6316,33.986703244597145,38.94305465231261,True,True,4.4441936383424426e-14,7.057641403850091e-17,"GJR-GARCH(1,1,1)-t"
6324,1.914077773573176,6.870429181288646,True,True,2.938511131082583e-13,0.9283500168455305,"GJR-GARCH(1,1,1)-t"
6325,-20.540377425092487,-15.584026017377017,True,True,0.94548227473579,1.3289273651013104e-09,"GJR-GARCH(1,1,1)-t"
6342,-18.90035271014036,-13.94400130242489,True,True,0.0,0.5958789373255524,"GJR-GARCH(1,1,1)-t"
6356,-13.012196408020749,-8.055845000305279,True,False,4.925046917184195e-16,0.9999999999999999,"GJR-GARCH(1,1,1)-t"
6359,13.448899326479218,18.405250734194688,True,True,7.856169483370681e-16,0.950540062028192,"GJR-GARCH(1,1,1)-t"
6367,7.1401440816612896,12.09649548937676,True,True,0.0,1.1228230205197183e-14,"GJR-GARCH(1,1,1)-t"
6382,-6.704664632230216,-1.748313224514746,True,True,1.944042546073634e-15,0.4855266514628002,"GJR-GARCH(1,1,1)-t"
6390,4.504378971668977,9.460730379384447,True,True,1.7598967988761517e-14,0.6963670183058307,"GJR-GARCH(1,1,1)-t"
6398,44.443790050477546,49.40014145819301,True,True,1.8011078599675212e-15,0.9671318039008248,"GJR-GARCH(1,1,1)-t"
6403,-1.45800449208018,3.49834691563529,True,True,0.0,0.9599016680522201,"GJR-GARCH(1,1,1)-t"
6410,-12.552643776678948,-7.5962923689634785,True,False,0.999999999999984,0.24719281806521828,"GJR-GARCH(1,1,1)-t"
6428,16.283753881025763,21.240105288741233,True,True,0.0,0.5407092912508406,"GJR-GARCH(1,1,1)-t"
6434,7.551892901698748,12.508244309414218,True,True,0.0,0.0,"GJR-GARCH(1,1,1)-t"
6445,-19.25465122195486,-14.298299814239389,True,True,2.9446095418915437e-15,0.888146847854466,"GJR-GARCH(1,1,1)-t"
6463,33.66333193820908,38.61968334592455,True,True,2.0793262859169965e-12,0.887565992255335,"GJR-GARCH(1,1,1)-t"
6476,-4.840514188616648,0.11583721909882172,True,False,0.0,1.0,"GJR-GARCH(1,1,1)-t"
6480,-7.316232940358326,-2.3598815326428557,True,True,1.2159501482474778e-21,0.9757814872620271,"GJR-GARCH(1,1,1)-t"
6481,-14.213263950039757,-9.256912542324287,True,False,2.2327053468438701e-10,0.9999999968969819,"GJR-GARCH(1,1,1)-t"
6482,-5.152464740456747,-0.19611333274127674,True,True,1.1130653201991208e-16,0.04170233536849128,"GJR-GARCH(1,1,1)-t"
6483,19.687024128816894,24.64337553653236,True,True,0.7832582461279218,9.282996778012623e-11,"GJR-GARCH(1,1,1)-t"
6489,-20.245190058165754,-15.288838650450284,True,False,1.0,0.40358509824206446,"GJR-GARCH(1,1,1)-t"
6493,5.960218016530723,10.916569424246193,True,False,0.6934968641796107,0.6532515679117245,"GJR-GARCH(1,1,1)-t"
6494,9.241466148151861,14.197817555867331,True,True,0.0,0.7425782477327528,"GJR-GARCH(1,1,1)-t"
6520,-18.57270747665676,-13.61635606894129,True,False,0.9999999999999974,0.032963988356176074,"GJR-GARCH(1,1,1)-t"
6523,-3.6276681529415455,1.3286832547739245,True,False,0.0,0.999999999999997,"GJR-GARCH(1,1,1)-t"
6528,-7.738297519001932,-2.7819461112864623,True,True,2.1327025005441848e-19,0.3862196227163689,"GJR-GARCH(1,1,1)-t"
6545,-18.84730812643832,-13.890956718722851,True,True,0.0,0.8510626249197083,"GJR-GARCH(1,1,1)-t"
6562,35.96880183498095,40.925153242696425,True,True,3.033324217584759e-14,0.8803252844596031,"GJR-GARCH(1,1,1)-t"
6566,-0.4481385552541628,4.508212852461307,True,True,0.0,0.5234185883711814,"GJR-GARCH(1,1,1)-t"
6568,7.222586564344577,12.178937972060048,True,False,0.0,1.0,"GJR-GARCH(1,1,1)-t"
6585,28.655713186474927,33.6120645941904,True,True,1.1720612070214964e-18,0.1972836297320994,"GJR-GARCH(1,1,1)-t"
6592,0.17925102120366887,5.135602428919139,True,False,0.9999999999999999,0.46900670509267905,"GJR-GARCH(1,1,1)-t"
6599,6.7408516850691305,11.697203092784601,True,False,0.0,0.9999999999998659,"GJR-GARCH(1,1,1)-t"
6617,-23.985772573414486,-19.029421165699016,True,True,0.0,0.9594993547839527,"GJR-GARCH(1,1,1)-t"
6619,0.8746205724234049,5.830971980138875,True,True,4.084708702410691e-16,0.1473929920581746,"GJR-GARCH(1,1,1)-t"
6626,6.8121759386370755,11.768527346352545,True,True,1.06527196042135e-15,7.378743749616333e-15,"GJR-GARCH(1,1,1)-t"
6631,-6.049151812836062,-1.0928004051205917,True,True,1.0360091610963663e-17,0.8129893167838634,"GJR-GARCH(1,1,1)-t"
6632,-2.580451462890533,2.375899944824937,True,True,1.1660397143271677e-17,0.596200034318046,"GJR-GARCH(1,1,1)-t"
6643,-5.123903839409554,-0.16755243169408374,True,True,4.106913999761541e-14,0.9779719087833191,"GJR-GARCH(1,1,1)-t"
6647,-1.561704182619298,3.394647225096172,True,False,5.847440886799261e-19,1.0,"GJR-GARCH(1,1,1)-t"
6648,10.196413278932615,15.152764686648085,True,True,2.0782986688859536e-13,0.9866655328303646,"GJR-GARCH(1,1,1)-t"
6657,9.323783684226873,14.280135091942343,True,True,1.027465543477608e-15,0.24576768913626887,"GJR-GARCH(1,1,1)-t"
6668,-18.984110806566733,-14.027759398851263,True,True,0.0,0.9902295956419869,"GJR-GARCH(1,1,1)-t"
6679,4.801229954477478,9.757581362192948,True,True,1.3604765347086916e-09,5.407336112073403e-08,"GJR-GARCH(1,1,1)-t"
6693,3.5918662177681835,8.548217625483653,True,True,7.340907584280674e-17,0.5964398414351908,"GJR-GARCH(1,1,1)-t"
6696,3.191414484740708,8.147765892456178,True,True,0.5473271651161334,1.5462252442769146e-13,"GJR-GARCH(1,1,1)-t"
6723,-2.549716291639456,2.406635116076014,True,True,2.385470987042658e-17,0.3133551700757829,"GJR-GARCH(1,1,1)-t"
6729,24.785939192938113,29.742290600653583,True,True,0.0,0.2892064524468682,"GJR-GARCH(1,1,1)-t"
6730,6.69232946744844,11.64868087516391,True,True,1.6048193366835118e-26,0.0,"GJR-GARCH(1,1,1)-t"
6740,0.830716215211087,5.787067622926557,True,True,4.053341139975325e-15,0.0,"GJR-GARCH(1,1,1)-t"
6742,4.5906888805319905,9.54704028824746,True,True,0.3499615296647322,2.8480539925653394e-19,"GJR-GARCH(1,1,1)-t"
6746,-8.428840605181744,-3.472489197466274,True,True,4.0875304487748735e-13,0.9680319988927091,"GJR-GARCH(1,1,1)-t"
6771,11.802574648393604,16.758926056109075,True,False,4.708240586691763e-11,1.0,"GJR-GARCH(1,1,1)-t"
6777,3.258612681450259,8.21496408916573,True,True,0.0,0.7389388542324329,"GJR-GARCH(1,1,1)-t"
6782,-0.1530774782682478,4.803273929447222,True,True,4.413699372945896e-14,0.9820285257506006,"GJR-GARCH(1,1,1)-t"
6799,-9.064156591523567,-4.107805183808097,True,True,0.40641514387294037,5.5702867194907966e-14,"GJR-GARCH(1,1,1)-t"
6809,11.096045210426258,16.052396618141728,True,True,0.6997145774820706,4.4480465231243904e-23,"GJR-GARCH(1,1,1)-t"
6815,24.163647045700813,29.119998453416287,True,True,5.937204625644115e-21,0.15785110977619563,"GJR-GARCH(1,1,1)-t"
6819,-14.630875855858672,-9.674524448143202,True,True,3.146022514013628e-16,0.6440763159707933,"GJR-GARCH(1,1,1)-t"
6820,57.811473171181596,62.76782457889706,True,True,2.4395720560323526e-16,6.896875695493608e-16,"GJR-GARCH(1,1,1)-t"
6822,-4.468760542286965,0.4875908654285048,True,False,0.9999999999999966,0.4999999999999976,"GJR-GARCH(1,1,1)-t"
6823,15.051985095928895,20.008336503644365,True,True,3.9703232034264523e-16,3.598887486298594e-15,"GJR-GARCH(1,1,1)-t"
6827,25.250024910888605,30.20637631860408,True,True,8.873724031163363e-17,0.9629812497868735,"GJR-GARCH(1,1,1)-t"
6836,33.249303897266955,38.20565530498243,True,True,4.2380512985068955e-16,0.24861590920062251,"GJR-GARCH(1,1,1)-t"
6846,16.81777152225216,21.774122929967625,True,False,1.0,0.0,"GJR-GARCH(1,1,1)-t"
6850,-13.75163692856744,-8.79528552085197,True,True,3.143274083759361e-10,3.271617818520095e-09,"GJR-GARCH(1,1,1)-t"
6854,2.5961952335608878,7.552546641276358,True,False,1.0,4.466249187239687e-18,"GJR-GARCH(1,1,1)-t"
6859,12.81263347280255,17.768984880518023,True,False,0.8963420280182125,0.35778052006818156,"GJR-GARCH(1,1,1)-t"
6895,-13.241920931711334,-8.285569523995864,True,True,0.2092324080519652,0.0,"GJR-GARCH(1,1,1)-t"
6904,-21.143304734361735,-16.186953326646265,True,False,0.9997793289503171,0.5001103355277863,"GJR-GARCH(1,1,1)-t"
6906,18.475428454367346,23.431779862082816,True,True,4.1871114929323965e-13,0.8381000301001722,"GJR-GARCH(1,1,1)-t"
6909,10.744081132099774,15.700432539815244,True,True,0.017272811368595826,0.6194942131899313,"GJR-GARCH(1,1,1)-t"
6914,24.075215865517613,29.031567273233087,True,False,4.091564020040473e-15,1.0,"GJR-GARCH(1,1,1)-t"
6917,13.862707865642301,18.81905927335777,True,True,1.867407980989637e-15,8.572777436227495e-15,"GJR-GARCH(1,1,1)-t"
6925,-2.0038878797268147,2.9524635279886553,True,True,1.0241962606220486e-14,0.8604081101523204,"GJR-GARCH(1,1,1)-t"
6928,19.878363443666736,24.83471485138221,True,True,0.0,0.9840522310477884,"GJR-GARCH(1,1,1)-t"
6930,50.361547181409804,55.31789858912528,True,True,1.3712211573859788e-14,0.8985434546255405,"GJR-GARCH(1,1,1)-t"
6931,-13.94598088344586,-8.98962947573039,True,True,0.0,7.31555965661459e-15,"GJR-GARCH(1,1,1)-t"
6932,15.821051209757005,20.777402617472475,True,True,0.7898257202767188,3.931928568618419e-15,"GJR-GARCH(1,1,1)-t"
6939,5.322767705656471,10.27911911337194,True,True,1.7135012306129445e-13,0.6781051993328117,"GJR-GARCH(1,1,1)-t"
6940,-6.127920639133528,-1.171569231418058,True,True,0.5255898284967093,0.005066572485258802,"GJR-GARCH(1,1,1)-t"
6941,12.006754393788686,16.963105801504156,True,True,0.0,0.3388090150165503,"GJR-GARCH(1,1,1)-t"
6944,11.217210409039012,16.173561816754482,True,True,3.478415688885969e-17,0.9847627336938894,"GJR-GARCH(1,1,1)-t"
6961,-4.012569862619433,0.9437815450960372,True,False,1.5694212347095074e-15,1.0,"GJR-GARCH(1,1,1)-t"
6965,45.15702540858568,50.113376816301155,True,True,0.6861355765881845,0.0,"GJR-GARCH(1,1,1)-t"
6976,10.070010486232201,15.026361893947671,True,True,8.229277550533981e-19,0.8885857903242517,"GJR-GARCH(1,1,1)-t"
6979,10.07118282972176,15.02753423743723,True,True,2.972760202060896e-14,0.9851571027503898,"GJR-GARCH(1,1,1)-t"
6999,-18.60068785706416,-13.644336449348689,True,True,0.0,0.0,"GJR-GARCH(1,1,1)-t"
7005,-19.574232107940432,-14.617880700224962,True,True,0.0,0.14457784424846779,"GJR-GARCH(1,1,1)-t"
7008,8.893584870278886,13.849936277994356,True,False,0.9999999999999999,3.232370454396069e-17,"GJR-GARCH(1,1,1)-t"
7013,-4.463942348673797,0.4924090590416732,True,True,0.0,1.9058856086896052e-06,"GJR-GARCH(1,1,1)-t"
7014,12.274063697542587,17.230415105258057,True,True,2.0395089124255224e-16,0.8608012983945319,"GJR-GARCH(1,1,1)-t"
7028,5.929315518383678,10.885666926099148,True,False,1.0,8.881784197001255e-20,"GJR-GARCH(1,1,1)-t"
7041,21.59402153089483,26.550372938610302,True,True,4.1083428040685435e-16,0.9794641318901466,"GJR-GARCH(1,1,1)-t"
7043,50.230484869157436,55.18683627687291,True,True,0.4236324105888864,0.0,"GJR-GARCH(1,1,1)-t"
7051,3.714095904852666,8.670447312568136,True,True,7.1173277950342e-14,0.9466560574756979,"GJR-GARCH(1,1,1)-t"
7054,2.672805464003549,7.629156871719019,True,False,0.9999999999999858,0.2875985617345648,"GJR-GARCH(1,1,1)-t"
7055,-8.166245643191733,-3.2098942354762627,True,True,3.563965656149447e-14,0.3236426543319557,"GJR-GARCH(1,1,1)-t"
7107,8.52755415132872,13.48390555904419,True,False,8.845151484382656e-11,0.999999999965073,"GJR-GARCH(1,1,1)-t"
7122,1.2470486400416636,6.203400047757134,True,True,1.336329228071854e-15,0.12774820015333468,"GJR-GARCH(1,1,1)-t"
7124,39.82305461077108,44.77940601848655,True,True,1.3547492893398636e-16,0.8284300145819092,"GJR-GARCH(1,1,1)-t"
7133,7.578204918991785,12.534556326707255,True,True,9.70289544006385e-14,0.38910651612515046,"GJR-GARCH(1,1,1)-t"
7150,18.570004797508368,23.526356205223838,True,True,0.0,0.0,"GJR-GARCH(1,1,1)-t"
7151,12.538512561795423,17.494863969510895,True,True,0.0,0.6919605377748179,"GJR-GARCH(1,1,1)-t"
7162,15.46771955172375,20.42407095943922,True,True,6.077455251455209e-15,0.8785799083776618,"GJR-GARCH(1,1,1)-t"
7180,-7.190994402386345,-2.2346429946708746,True,True,0.31251906265398266,1.209210355246028e-25,"GJR-GARCH(1,1,1)-t"
7194,-16.6789528358659,-11.72260142815043,True,True,0.0,0.9652608108359965,"GJR-GARCH(1,1,1)-t"
7195,-5.236964217040985,-0.2806128093255147,True,True,6.24440084583819e-09,4.4738272323098356e-07,"GJR-GARCH(1,1,1)-t"
7200,-11.568015779948588,-6.611664372233118,True,True,5.831784236433365e-17,0.04375634168465332,"GJR-GARCH(1,1,1)-t"
7212,-19.392160635315022,-14.435809227599552,True,False,0.9999999999999788,5.256903342789235e-15,"GJR-GARCH(1,1,1)-t"
7213,-7.590523364711629,-2.634171956996159,True,False,1.0,1.4593667750410902e-19,"GJR-GARCH(1,1,1)-t"
7219,-21.581476908923015,-16.625125501207545,True,True,0.48096359153679585,5.603453607976781e-14,"GJR-GARCH(1,1,1)-t"
7237,32.18270871148146,37.13906011919693,True,True,0.0,0.49759724137150846,"GJR-GARCH(1,1,1)-t"
7245,-6.903129444882936,-1.9467780371674657,True,True,1.1460000636078556e-09,0.0,"GJR-GARCH(1,1,1)-t"
7249,3.877224587816139,8.833575995531609,True,True,0.0,0.9235250664272909,"GJR-GARCH(1,1,1)-t"
7251,-3.685388055226177,1.270963352489293,True,False,0.5530310184392927,0.49778698992563475,"GJR-GARCH(1,1,1)-t"
7258,53.461574298273575,58.41792570598905,True,True,2.673182519223917e-14,0.8308664364496134,"GJR-GARCH(1,1,1)-t"
7260,1.6839559738068584,6.640307381522328,True,False,0.7457984983018311,0.444987543549886,"GJR-GARCH(1,1,1)-t"
7261,11.515501889644495,16.471853297359964,True,True,3.692064273308346e-16,0.14042549147896843,"GJR-GARCH(1,1,1)-t"
7270,3.4550007733973978,8.411352181112868,True,True,0.0,4.2270094250368575e-12,"GJR-GARCH(1,1,1)-t"
7277,48.654000666852056,53.61035207456753,True,True,1.2119917865736695e-17,0.3635494812426988,"GJR-GARCH(1,1,1)-t"
7310,8.938785962843076,13.895137370558546,True,True,1.518819800179225e-15,0.7130369407253897,"GJR-GARCH(1,1,1)-t"
7316,64.34298037976139,69.29933178747686,True,True,1.906282054151312e-15,0.9862939570351701,"GJR-GARCH(1,1,1)-t"
7322,-18.06855662326059,-13.11220521554512,True,False,2.342585771583892e-16,0.9999999999999887,"GJR-GARCH(1,1,1)-t"
7333,0.03314730780340547,4.9894987155188755,True,True,8.772192696493853e-11,0.9470479074860693,"GJR-GARCH(1,1,1)-t"
7343,13.333535457882418,18.289886865597886,True,False,0.9999999999999997,0.3224115373484335,"GJR-GARCH(1,1,1)-t"
7367,-9.543360340966885,-4.587008933251415,True,True,0.0,0.656173451655003,"GJR-GARCH(1,1,1)-t"
7369,-4.829025872842536,0.1273255348729343,True,True,0.13706142703413685,0.0,"GJR-GARCH(1,1,1)-t"
7373,15.740521312712968,20.696872720428438,True,True,3.6661530412554746e-15,2.716664849197466e-14,"GJR-GARCH(1,1,1)-t"
7374,48.613812834423044,53.57016424213852,True,True,0.0,0.0,"GJR-GARCH(1,1,1)-t"
7418,0.19897608969044,5.15532749740591,True,False,0.9999999999999997,0.19510116791656035,"GJR-GARCH(1,1,1)-t"
7444,-3.0247985845141194,1.9315528232013506,True,True,8.404616661714357e-10,0.9785423022536738,"GJR-GARCH(1,1,1)-t"
7447,13.412974526439642,18.369325934155114,True,True,2.761225999085328e-15,1.5623151542969676e-15,"GJR-GARCH(1,1,1)-t"
7458,-0.6737964913293322,4.282554916386138,True,True,0.0,0.0,"GJR-GARCH(1,1,1)-t"
7460,4.236707011001515,9.193058418716985,True,True,1.809660214143547e-14,0.4946310830694813,"GJR-GARCH(1,1,1)-t"
7465,-15.97984941391475,-11.02349800619928,True,False,0.7212673493768359,0.6063662834590473,"GJR-GARCH(1,1,1)-t"
7467,-21.803672809450987,-16.847321401735517,True,True,8.92577583651851e-11,3.978059121762949e-09,"GJR-GARCH(1,1,1)-t"
7478,20.634605348360346,25.590956756075816,True,False,4.55847437985024e-16,1.0,"GJR-GARCH(1,1,1)-t"
7491,9.647801251076938,14.604152658792408,True,True,2.2853747801637556e-20,0.47119052338403605,"GJR-GARCH(1,1,1)-t"
7512,3.204027596969315,8.160379004684785,True,False,0.6640577916331714,0.5733970070525835,"GJR-GARCH(1,1,1)-t"
7517,-1.1981020480697335,3.7582493596457365,True,False,0.35731480028508433,0.7817601051094119,"GJR-GARCH(1,1,1)-t"
7518,7.078560590601061,12.034911998316531,True,True,9.26800958537823e-20,0.9936551948903334,"GJR-GARCH(1,1,1)-t"
7545,12.35248423324902,17.308835640964492,True,True,2.3506464510688098e-17,1.5150479451194987e-16,"GJR-GARCH(1,1,1)-t"
7548,4.978164666035116,9.934516073750586,True,False,2.0714611142771274e-15,0.9999999999999976,"GJR-GARCH(1,1,1)-t"
7564,53.78703391508828,58.743385322803746,True,True,0.0,0.5081341790187497,"GJR-GARCH(1,1,1)-t"
7566,11.924779163315648,16.881130571031118,True,True,1.8414435919547093e-15,7.770070907773334e-15,"GJR-GARCH(1,1,1)-t"
7567,-2.917212455897044,2.039138951818426,True,False,0.09676525767852402,0.9516173711607697,"GJR-GARCH(1,1,1)-t"
7572,18.49241911229786,23.44877052001333,True,True,2.1910235946827025e-16,0.0,"GJR-GARCH(1,1,1)-t"
7593,-8.726153382754994,-3.769801975039524,True,False,0.0,1.0,"GJR-GARCH(1,1,1)-t"
7621,44.32227179474725,49.278623202462725,True,False,1.0,0.2826938034655142,"GJR-GARCH(1,1,1)-t"
7624,7.228206727335463,12.184558135050933,True,True,0.0,0.920054520412179,"GJR-GARCH(1,1,1)-t"
7629,5.264128315065554,10.220479722781024,True,True,0.0,0.9361935902267031,"GJR-GARCH(1,1,1)-t"
7632,46.55472859748815,51.511080005203624,True,False,0.8803821008869765,0.36549363292075177,"GJR-GARCH(1,1,1)-t"
7653,0.19131016446174876,5.147661572177219,True,True,0.0836798182674156,0.0,"GJR-GARCH(1,1,1)-t"
7666,23.810225038913796,28.766576446629266,True,True,1.738441608246443e-10,0.0,"GJR-GARCH(1,1,1)-t"
7668,1.0119189654511516,5.968270373166622,True,True,0.6883722570660289,0.0,"GJR-GARCH(1,1,1)-t"
7674,-16.55047223265882,-11.59412082494335,True,False,5.214002421609716e-16,0.9999999999999992,"GJR-GARCH(1,1,1)-t"
7675,4.650394366827028,9.606745774542498,True,True,0.0,0.0,"GJR-GARCH(1,1,1)-t"
7677,-14.687063839585715,-9.730712431870245,True,True,0.0,0.8962482555805299,"GJR-GARCH(1,1,1)-t"
7679,-2.974804489685525,1.9815469180299452,True,True,2.385617305252503e-14,7.477881031086771e-13,"GJR-GARCH(1,1,1)-t"
7686,8.376197915001532,13.332549322717002,True,False,0.15700826222072062,0.9214958688896384,"GJR-GARCH(1,1,1)-t"
7709,-1.7418751855247745,3.2144762221906955,True,True,2.823079209738107e-18,0.7077276347194962,"GJR-GARCH(1,1,1)-t"
7714,10.142508382558066,15.098859790273536,True,True,3.0519488798632737e-16,0.2772725696244701,"GJR-GARCH(1,1,1)-t"
7716,6.313823036457276,11.270174444172746,True,True,0.06063620958110508,0.7846325118375301,"GJR-GARCH(1,1,1)-t"
7743,51.54663254348422,56.502983951199695,True,True,4.781608785567764e-15,2.4611661337670505e-12,"GJR-GARCH(1,1,1)-t"
7745,-4.95613410477797,0.00021730293750010787,True,True,0.7943201967932642,0.05852877543215959,"GJR-GARCH(1,1,1)-t"
7747,-12.92251663358702,-7.966165225871549,True,True,2.964389042161922e-11,0.6502964803012763,"GJR-GARCH(1,1,1)-t"
7752,25.092931267308124,30.049282675023598,True,True,5.033171541347358e-15,0.6360326548240639,"GJR-GARCH(1,1,1)-t"
7758,-2.4262246081942536,2.5301267995212164,True,True,0.0,0.9159045280663861,"GJR-GARCH(1,1,1)-t"
7759,9.381696511321914,14.338047919037384,True,True,1.6700694773570746e-16,0.7967368016377894,"GJR-GARCH(1,1,1)-t"
7764,3.7998968504584454,8.756248258173915,True,False,0.9999999999944965,1.9451383372579642e-12,"GJR-GARCH(1,1,1)-t"
7775,3.5274852118450077,8.483836619560478,True,True,1.0193037469053411e-16,1.7663019093157738e-15,"GJR-GARCH(1,1,1)-t"
7783,-0.9175118249879795,4.0388395827274906,True,False,0.9999999999999772,1.025907894702639e-15,"GJR-GARCH(1,1,1)-t"
7799,-9.068608898252887,-4.1122574905374165,True,True,0.8371424281111094,1.8752971319480476e-23,"GJR-GARCH(1,1,1)-t"
7811,2.582123226551861,7.538474634267331,True,False,0.0,1.0,"GJR-GARCH(1,1,1)-t"
7818,13.601352191234422,18.557703598949892,True,True,6.730306040774939e-15,0.011808463623197365,"GJR-GARCH(1,1,1)-t"
7821,12.009623045061108,16.965974452776578,True,True,0.42532894173669267,2.752747014950256e-20,"GJR-GARCH(1,1,1)-t"
7837,41.77315075670339,46.729502164418854,True,True,0.4592815765791831,0.5197143369961975,"GJR-GARCH(1,1,1)-t"
7843,-5.118794418995385,-0.16244301127991534,True,True,0.0,0.8101870353562657,"GJR-GARCH(1,1,1)-t"
7845,-3.0524019571162953,1.9039494505991748,True,False,0.07897958063389851,0.9605102096830496,"GJR-GARCH(1,1,1)-t"
7854,-14.883425510105237,-9.927074102389767,True,True,0.1044570350099717,5.695223017102509e-18,"GJR-GARCH(1,1,1)-t"
7864,10.876634505629372,15.832985913344842,True,True,0.0,0.958830146452599,"GJR-GARCH(1,1,1)-t"
7874,7.554010601439964,12.510362009155434,True,True,0.02941486085271441,0.5478315810627489,"GJR-GARCH(1,1,1)-t"
7882,-17.254551345358745,-12.298199937643275,True,False,1.0,0.0,"GJR-GARCH(1,1,1)-t"
7883,-8.421764774464211,-3.4654133667487415,True,False,0.9999999999999902,0.1322093736232826,"GJR-GARCH(1,1,1)-t"
7884,14.900837604083737,19.857189011799207,True,True,0.0,0.9252765495049862,"GJR-GARCH(1,1,1)-t"
7885,5.190417955599212,10.146769363314682,True,False,8.48373947908597e-17,0.9999999999999999,"GJR-GARCH(1,1,1)-t"
7909,-0.5849676045495045,4.3713838031659655,True,True,0.14133500468098517,0.37307273854578443,"GJR-GARCH(1,1,1)-t"
7921,0.7124648811380467,5.668816288853517,True,False,1.843824746479209e-10,0.9999999221894871,"GJR-GARCH(1,1,1)-t"
7992,9.38955807035593,14.3459094780714,True,True,0.08170272388403634,0.46469201382719466,"GJR-GARCH(1,1,1)-t"
8009,1.8141127557997656,6.770464163515236,True,True,0.0,0.8950171937974403,"GJR-GARCH(1,1,1)-t"
8011,-16.40578822423256,-11.449436816517089,True,False,0.9999999999999992,4.721460642505026e-17,"GJR-GARCH(1,1,1)-t"
8014,-29.72035744115695,-24.76400603344148,True,True,0.0,6.056421308947027e-13,"GJR-GARCH(1,1,1)-t"
8016,4.2436578048916385,9.200009212607108,True,True,1.0537188414635208e-14,1.964708119103656e-14,"GJR-GARCH(1,1,1)-t"
8044,5.704517507455003,10.660868915170473,True,False,1.1050469271671688e-14,0.9999999999999655,"GJR-GARCH(1,1,1)-t"
8068,11.33724796646679,16.29359937418226,True,False,0.6101671405825586,0.6949164297087236,"GJR-GARCH(1,1,1)-t"
8070,8.017811332429545,12.974162740145015,True,True,0.0,0.4408942655764495,"GJR-GARCH(1,1,1)-t"
8081,4.7017001752592815,9.658051582974752,True,True,0.1748712524735513,0.5304383712320982,"GJR-GARCH(1,1,1)-t"
8085,32.81088810089557,37.76723950861104,True,True,0.0,0.5208962169482263,"GJR-GARCH(1,1,1)-t"
8101,7.613508907653476,12.569860315368945,True,True,6.915851156618119e-17,1.082656278119571e-16,"GJR-GARCH(1,1,1)-t"
8104,-6.383274816989303,-1.426923409273833,True,True,1.4049156004118227e-18,0.5804917781540216,"GJR-GARCH(1,1,1)-t"
8109,-11.832503346152286,-6.876151938436816,True,True,2.048228140434303e-16,0.2849048936935393,"GJR-GARCH(1,1,1)-t"
8117,15.070450283434324,20.026801691149792,True,True,5.447622849025213e-14,0.5487883853540828,"GJR-GARCH(1,1,1)-t"
8168,-5.427265265776274,-0.4709138580608041,True,True,1.0326898203319076e-16,0.4948199496003152,"GJR-GARCH(1,1,1)-t"
8186,27.36543657486094,32.32178798257641,True,True,0.7280230407860178,0.17921461132434918,"GJR-GARCH(1,1,1)-t"
8190,7.655964998766349,12.612316406481819,True,True,0.0,0.17763245291368102,"GJR-GARCH(1,1,1)-t"
8191,-11.463140164026083,-6.506788756310613,True,False,0.9999999999999998,0.369000631226556,"GJR-GARCH(1,1,1)-t"
8192,-10.412977268367761,-5.4566258606522915,True,True,2.4374884566012435e-16,1.48423167985602e-15,"GJR-GARCH(1,1,1)-t"
8196,-13.95087807567295,-8.99452666795748,True,True,4.557694851278942e-16,0.2594896158542382,"GJR-GARCH(1,1,1)-t"
8205,28.659097109819502,33.61544851753497,True,True,0.8653614153338851,1.5100256187242066e-14,"GJR-GARCH(1,1,1)-t"
8211,13.122245299309174,18.078596707024644,True,True,2.6852817720167503e-17,0.8250327383579741,"GJR-GARCH(1,1,1)-t"
8219,32.182831871995354,37.13918327971082,True,True,2.3031985543821838e-14,0.5570616618259874,"GJR-GARCH(1,1,1)-t"
8222,16.04028053242042,20.99663194013589,True,True,0.0,0.6769440485336609,"GJR-GARCH(1,1,1)-t"
8224,25.214245253482275,30.170596661197745,True,False,0.11621227683980406,0.9132166845076748,"GJR-GARCH(1,1,1)-t"
8256,42.897248610371335,47.8536000180868,True,False,0.3702286092478613,0.814885695376059,"GJR-GARCH(1,1,1)-t"
8271,-10.929764680622359,-5.973413272906889,True,True,0.13377536934674064,9.99786356465205e-15,"GJR-GARCH(1,1,1)-t"
8298,50.64033480808872,55.59668621580418,True,True,5.5648805367036565e-14,0.9720270154993187,"GJR-GARCH(1,1,1)-t"
8331,,,False,False,,,"GJR-GARCH(1,1,1)-t"
8346,-9.867443187864023,-4.911091780148553,True,True,9.986966166139255e-16,0.996939012399284,"GJR-GARCH(1,1,1)-t"
8353,0.876919505755561,5.833270913471031,True,True,0.0,0.6811723614102325,"GJR-GARCH(1,1,1)-t"
8357,2.893269964560197,7.849621372275667,True,False,2.361043244207895e-16,1.0,"GJR-GARCH(1,1,1)-t"
8360,12.025728242099799,16.98207964981527,True,True,0.0,0.8009844110962108,"GJR-GARCH(1,1,1)-t"
8365,15.493755633822653,20.450107041538125,True,True,0.624066703691277,0.13623098916686044,"GJR-GARCH(1,1,1)-t"
8408,41.62644055446256,46.582791962178035,True,False,0.6253681195562534,0.4051382638607789,"GJR-GARCH(1,1,1)-t"
8426,16.654273334982587,21.610624742698057,True,True,0.9593533394989823,3.986360731418285e-15,"GJR-GARCH(1,1,1)-t"
8435,-0.2034238680813143,4.752927539634156,True,True,0.0,0.0,"GJR-GARCH(1,1,1)-t"
8441,6.963755267982464,11.920106675697934,True,True,0.0,0.19985207841053776,"GJR-GARCH(1,1,1)-t"
8442,-15.458335394982576,-10.501983987267106,True,True,8.809081000145975e-09,0.5874516246121511,"GJR-GARCH(1,1,1)-t"
8447,60.507138858655225,65.4634902663707,True,True,0.6319399820768641,6.78691005578893e-11,"GJR-GARCH(1,1,1)-t"
8448,-12.21939512129818,-7.263043713582711,True,True,0.19044704825064457,5.847987375353363e-14,"GJR-GARCH(1,1,1)-t"
8454,5.852889448334773,10.809240856050243,True,True,0.27189848453084486,9.277121062204271e-11,"GJR-GARCH(1,1,1)-t"
8459,7.135821511372215,12.092172919087684,True,False,3.2349871013120777e-14,0.999999999999796,"GJR-GARCH(1,1,1)-t"
8476,1.5519014531593367,6.508252860874807,True,False,1.0,0.4070440816331137,"GJR-GARCH(1,1,1)-t"
8481,7.873651087207691,12.83000249492316,True,True,5.193771711358766e-15,3.496456021337909e-14,"GJR-GARCH(1,1,1)-t"
8518,23.154617089026896,28.110968496742366,True,True,0.0,0.9653376186858172,"GJR-GARCH(1,1,1)-t"
8524,-13.094933835848511,-8.138582428133041,True,True,4.257773898262571e-13,6.742457055082036e-12,"GJR-GARCH(1,1,1)-t"
8534,-1.898703423393,3.05764798432247,True,True,1.454438042040562e-13,0.9470628750495879,"GJR-GARCH(1,1,1)-t"
8546,7.31158273189681,12.26793413961228,True,True,3.3837752633882262e-15,0.0,"GJR-GARCH(1,1,1)-t"
8554,47.006805885939585,51.96315729365506,True,False,4.87680726684118e-20,1.0,"GJR-GARCH(1,1,1)-t"
8573,10.147805699980765,15.104157107696235,True,False,0.9999999999999999,0.04654433628676696,"GJR-GARCH(1,1,1)-t"
8583,-3.8959380433091795,1.0604133644062905,True,True,5.592505245504641e-20,2.1309925428296544e-16,"GJR-GARCH(1,1,1)-t"
8585,-22.455677537652626,-17.499326129937156,True,True,0.9466960101564135,2.0166604417617925e-16,"GJR-GARCH(1,1,1)-t"
8587,-26.562313669274666,-21.605962261559196,True,True,0.9916306045202249,2.055776046581539e-10,"GJR-GARCH(1,1,1)-t"
8590,-18.464689243725637,-13.508337836010167,True,False,0.9999999999999997,0.08623284145017072,"GJR-GARCH(1,1,1)-t"
8607,16.869233860942277,21.825585268657747,True,True,3.171705183405991e-14,0.7491851400460577,"GJR-GARCH(1,1,1)-t"
8611,2.9811446996075333,7.937496107323003,True,True,1.7403731807510305e-17,0.6765297569094935,"GJR-GARCH(1,1,1)-t"
8613,1.0515645601513057,6.007915967866776,True,True,3.270073938336835e-14,0.22485414481549354,"GJR-GARCH(1,1,1)-t"
8615,16.4692458818252,21.42559728954067,True,True,0.0,0.7710820660296365,"GJR-GARCH(1,1,1)-t"
8618,18.43788073780746,23.39423214552293,True,True,0.028865694231918974,0.9620698412438448,"GJR-GARCH(1,1,1)-t"
8623,10.873871178627045,15.830222586342515,True,True,0.0,0.2229136163870891,"GJR-GARCH(1,1,1)-t"
8636,13.146576498064453,18.102927905779925,True,True,0.0,0.0,"GJR-GARCH(1,1,1)-t"
8647,25.49174764076966,30.448099048485126,True,True,2.9459903966055634e-15,0.7696843503444613,"GJR-GARCH(1,1,1)-t"
8652,-11.59711618509781,-6.640764777382341,True,False,6.408786090720659e-13,0.9999999999887017,"GJR-GARCH(1,1,1)-t"
8659,-21.710946314173597,-16.754594906458127,True,False,0.0,1.0,"GJR-GARCH(1,1,1)-t"
8661,0.9104558641038878,5.866807271819358,True,True,1.0196186412609189e-11,0.9823043107778306,"GJR-GARCH(1,1,1)-t"
8662,13.884520550998388,18.84087195871386,True,False,0.9999999999700486,3.3967482860394674e-11,"GJR-GARCH(1,1,1)-t"
8664,8.95142949542189,13.90778090313736,True,False,0.0,1.0,"GJR-GARCH(1,1,1)-t"
8665,-13.821528434282431,-8.865177026566961,True,True,7.139520535752393e-20,0.28052390418688383,"GJR-GARCH(1,1,1)-t"
8667,-2.075875647447063,2.880475760268407,True,True,5.00687677618261e-14,0.9401954646924247,"GJR-GARCH(1,1,1)-t"
8675,-6.177572387417296,-1.221220979701826,True,False,1.0,0.4721041977721765,"GJR-GARCH(1,1,1)-t"
8676,10.261220182770536,15.217571590486006,True,False,2.9611314244198963e-12,0.999999999925294,"GJR-GARCH(1,1,1)-t"
8696,-25.17655541796683,-20.22020401025136,True,False,1.0,0.0,"GJR-GARCH(1,1,1)-t"
8702,16.154801623828593,21.111153031544063,True,True,0.0,0.99522664458445,"GJR-GARCH(1,1,1)-t"
8706,-4.530950865556704,0.42540054215876566,True,False,5.6592135116194615e-12,0.9999999994690941,"GJR-GARCH(1,1,1)-t"
8708,-11.994291898268681,-7.037940490553211,True,True,1.0079528744124592e-12,0.1441934521091835,"GJR-GARCH(1,1,1)-t"
8718,-2.7414298713015377,2.2149215364139323,True,True,1.6617350347521147e-13,0.6684259835123592,"GJR-GARCH(1,1,1)-t"
8721,55.15309865549779,60.10945006321326,True,False,0.0,1.0,"GJR-GARCH(1,1,1)-t"
8744,10.008282555217352,14.964633962932822,True,True,0.08639226671211946,0.0,"GJR-GARCH(1,1,1)-t"
8747,13.564576085619597,18.52092749333507,True,True,7.70155680075262e-15,5.0726655455453626e-14,"GJR-GARCH(1,1,1)-t"
8749,2.202948841468512,7.159300249183982,True,True,6.252161376668978e-14,0.9760187775582035,"GJR-GARCH(1,1,1)-t"
8750,19.020514921007564,23.976866328723034,True,False,2.6567869956067015e-12,1.0,"GJR-GARCH(1,1,1)-t"
8753,-0.47084845062101444,4.485502957094456,True,False,1.0,0.2874146489125019,"GJR-GARCH(1,1,1)-t"
8763,0.5339380079048617,5.490289415620332,True,False,0.9999999999999983,1.6613414334034292e-15,"GJR-GARCH(1,1,1)-t"
8773,3.5000873246633617,8.456438732378832,True,True,0.0,0.0,"GJR-GARCH(1,1,1)-t"
8776,7.719109424079466,12.675460831794936,True,False,4.744782617901635e-10,0.9999999994785604,"GJR-GARCH(1,1,1)-t"
8779,10.908482825252129,15.864834232967599,True,True,0.0,0.0,"GJR-GARCH(1,1,1)-t"
8797,20.276003920221555,25.23235532793703,True,True,8.947597651683534e-15,0.6792033428484774,"GJR-GARCH(1,1,1)-t"
8822,-1.9189201692430853,3.0374312384723847,True,True,4.3862380241242946e-16,0.9860317865332693,"GJR-GARCH(1,1,1)-t"
8825,-9.026505856309438,-4.070154448593968,True,True,0.0,0.9689648629131465,"GJR-GARCH(1,1,1)-t"
8840,-19.69824468887103,-14.741893281155559,True,True,2.4630982369485965e-15,0.5252570830268362,"GJR-GARCH(1,1,1)-t"
8859,0.9491324751447294,5.905483882860199,True,True,0.0,0.9613048572927855,"GJR-GARCH(1,1,1)-t"
8891,19.100674196757712,24.057025604473182,True,True,0.1334225275519341,2.2108386970185763e-13,"GJR-GARCH(1,1,1)-t"
8913,64.87420001459904,69.8305514223145,True,True,3.973302388184956e-14,0.9826693873388174,"GJR-GARCH(1,1,1)-t"
8918,-12.137288417066245,-7.1809370093507745,True,False,0.11893970536669196,0.8900314340154071,"GJR-GARCH(1,1,1)-t"
8934,29.673411124862042,34.629762532577516,True,True,0.10376894043548751,3.317640957165093e-17,"GJR-GARCH(1,1,1)-t"
8937,11.279408081678556,16.235759489394027,True,True,1.8904310056801733e-15,1.6618439472260849e-15,"GJR-GARCH(1,1,1)-t"
8938,15.66542161449329,20.62177302220876,True,True,0.0,0.560704286553783,"GJR-GARCH(1,1,1)-t"
8950,9.301640742597957,14.257992150313427,True,True,0.0,0.0,"GJR-GARCH(1,1,1)-t"
8974,-20.7003201579359,-15.743968750220429,True,True,7.35502509778693e-12,0.9671144266869952,"GJR-GARCH(1,1,1)-t"
8978,-0.5130788391402703,4.4432725685752,True,True,0.4897914538444628,0.0,"GJR-GARCH(1,1,1)-t"
9000,-9.156856872607538,-4.200505464892068,True,False,0.0,0.9999999999619819,"GJR-GARCH(1,1,1)-t"
9001,1.2776571852264915,6.2340085929419615,True,True,2.3054869390389565e-13,0.8443073864470861,"GJR-GARCH(1,1,1)-t"
9021,4.238215032789796,9.194566440505266,True,False,2.7991351388621182e-14,0.9999999999998693,"GJR-GARCH(1,1,1)-t"
9028,21.49928833830669,26.455639746022165,True,True,0.43672292768120674,1.6412288949506597e-20,"GJR-GARCH(1,1,1)-t"
9030,-1.6724404906345605,3.2839109170809095,True,True,7.005584937960859e-14,0.7444310427403591,"GJR-GARCH(1,1,1)-t"
9037,-11.10826451228467,-6.1519131045692,True,True,6.39795382420361e-18,0.7635248939104182,"GJR-GARCH(1,1,1)-t"
9038,15.93354744826213,20.8898988559776,True,True,3.805474021930641e-14,0.17651112280972697,"GJR-GARCH(1,1,1)-t"
9060,-10.726623453365953,-5.770272045650483,True,False,1.0,0.0,"GJR-GARCH(1,1,1)-t"
9064,11.98212982988964,16.93848123760511,True,False,0.9999999999999362,3.0852655368230215e-14,"GJR-GARCH(1,1,1)-t"
9067,12.5696710720127,17.52602247972817,True,True,8.239064567468288e-16,0.7637614319882357,"GJR-GARCH(1,1,1)-t"
9072,8.025965248976593,12.982316656692063,True,True,3.8802515284096433e-13,0.8388789915439718,"GJR-GARCH(1,1,1)-t"
9076,-1.6322074673781035,3.3241439403373665,True,True,5.384359389311265e-13,0.9773307501799737,"GJR-GARCH(1,1,1)-t"
9077,32.20859630563658,37.16494771335205,True,True,1.1110438440479448e-19,0.9441179679637175,"GJR-GARCH(1,1,1)-t"
9091,6.076911016677624,11.033262424393094,True,True,4.972166934485439e-14,0.6094694935962591,"GJR-GARCH(1,1,1)-t"
9096,3.964281177203766,8.920632584919236,True,True,0.17424582469148026,0.0,"GJR-GARCH(1,1,1)-t"
9100,2.1426686283139524,7.099020036029422,True,False,0.9999999999999113,1.0004235849904979e-13,"GJR-GARCH(1,1,1)-t"
9114,6.1892765435788215,11.14562795129429,True,True,5.967306116327723e-15,0.7572605735079055,"GJR-GARCH(1,1,1)-t"
9123,2.159628514068654,7.115979921784124,True,True,8.315065599838148e-16,2.311528717949323e-15,"GJR-GARCH(1,1,1)-t"
9138,2.448881547281573,7.405232954997043,True,True,0.0,0.9593087857060225,"GJR-GARCH(1,1,1)-t"
9146,8.348643168919565,13.304994576635035,True,False,0.08606422277337142,0.9349507307623809,"GJR-GARCH(1,1,1)-t"
9153,23.444068452850036,28.400419860565506,True,True,0.016171377227273083,0.9380601840399687,"GJR-GARCH(1,1,1)-t"
9160,-4.86933046798163,0.08702093973383995,True,True,0.0,0.9154612897326653,"GJR-GARCH(1,1,1)-t"
9164,-2.5061263126018574,2.4502250951136126,True,False,0.0,1.0,"GJR-GARCH(1,1,1)-t"
9166,-1.9248717850833366,3.0314796226321334,True,True,0.0,0.9401592601086584,"GJR-GARCH(1,1,1)-t"
9186,-6.58399758604499,-1.6276461783295204,True,True,0.0,0.7539005460315646,"GJR-GARCH(1,1,1)-t"
9190,-3.6957907936888326,1.2605606140266374,True,True,5.397162739609307e-20,0.9784250194484779,"GJR-GARCH(1,1,1)-t"
9194,8.753907547632076,13.710258955347546,True,True,9.687151556225971e-14,0.804271894082096,"GJR-GARCH(1,1,1)-t"
9198,-13.407652772384736,-8.451301364669266,True,True,0.48595520740383025,2.0945395821936836e-10,"GJR-GARCH(1,1,1)-t"
9201,-16.57836700710745,-11.622015599391979,True,True,0.10635689457587957,1.100537691000792e-13,"GJR-GARCH(1,1,1)-t"
9205,-21.188413622532323,-16.232062214816853,True,False,0.482258430513554,0.7588708952768886,"GJR-GARCH(1,1,1)-t"
9207,-7.125530849035783,-2.1691794413203134,True,True,4.910789175342368e-07,0.9774239846351814,"GJR-GARCH(1,1,1)-t"
9208,2.036665828682329,6.993017236397799,True,True,9.292772299384485e-17,0.4900407075368093,"GJR-GARCH(1,1,1)-t"
9215,16.445671550209635,21.402022957925105,True,True,0.015312231563788367,0.05308109477660656,"GJR-GARCH(1,1,1)-t"
9219,6.990033146777835,11.946384554493305,True,True,2.916304385067953e-15,0.952368194906191,"GJR-GARCH(1,1,1)-t"
9222,3.974439372029032,8.930790779744502,True,True,5.515315022365515e-16,0.6236120061517254,"GJR-GARCH(1,1,1)-t"
9243,-6.786338099701798,-1.8299866919863277,True,False,1.0,0.20328716116072315,"GJR-GARCH(1,1,1)-t"
9248,27.57640062511487,32.532752032830345,True,True,6.143439707866311e-19,1.4664946270375242e-20,"GJR-GARCH(1,1,1)-t"
9266,18.733902290515786,23.690253698231256,True,True,0.7599025260276128,0.11576539412560949,"GJR-GARCH(1,1,1)-t"
9275,5.352691747141229,10.309043154856699,True,False,2.2076573896401653e-14,0.9999999999999734,"GJR-GARCH(1,1,1)-t"
9279,45.00002972549741,49.956381133212886,True,False,0.0,1.0,"GJR-GARCH(1,1,1)-t"
9281,2.54232155542101,7.49867296313648,True,False,0.5358090680459224,0.6374196240620686,"GJR-GARCH(1,1,1)-t"
9282,-21.562200505727162,-16.605849098011692,True,False,0.0,0.9999999999884789,"GJR-GARCH(1,1,1)-t"
9285,25.916950218258204,30.873301625973674,True,True,2.1933906209024576e-09,0.9644081900059396,"GJR-GARCH(1,1,1)-t"
9289,4.229252057840824,9.185603465556294,True,True,6.209686817113375e-14,0.2983423840625397,"GJR-GARCH(1,1,1)-t"
9300,-23.867325262527196,-18.910973854811726,True,False,1.0,0.0,"GJR-GARCH(1,1,1)-t"
9302,7.939867588822347,12.896218996537817,True,True,1.4193607785081854e-15,7.634734354822481e-15,"GJR-GARCH(1,1,1)-t"
9311,-0.9443520598737898,4.01199934784168,True,True,1.3957637119415185e-13,2.5943414355641413e-12,"GJR-GARCH(1,1,1)-t"
9312,-6.691578112346704,-1.7352267046312342,True,True,7.766089755655609e-14,2.4213562813243843e-17,"GJR-GARCH(1,1,1)-t"
9329,1.9215463447389602,6.87789775245443,True,False,5.528198326551007e-24,1.0,"GJR-GARCH(1,1,1)-t"
9343,15.347406926375104,20.303758334090574,True,True,6.100614257404232e-20,0.9950555804701608,"GJR-GARCH(1,1,1)-t"
9350,-23.48708490732769,-18.53073349961222,True,True,0.0,0.8832910465452404,"GJR-GARCH(1,1,1)-t"
9352,7.866646601666108,12.822998009381578,True,True,9.52019588204366e-15,0.8773595319991558,"GJR-GARCH(1,1,1)-t"
9367,13.29738092553982,18.25373233325529,True,True,0.0,0.9819016993017782,"GJR-GARCH(1,1,1)-t"
9377,7.042068366503464,11.998419774218934,True,False,0.0,1.0,"GJR-GARCH(1,1,1)-t"
9381,16.20863439469841,21.16498580241388,True,False,0.9999999999999999,0.25860618742368807,"GJR-GARCH(1,1,1)-t"
9396,0.05501168411327306,5.011363091828743,True,True,0.1406233821123051,0.1495414063337303,"GJR-GARCH(1,1,1)-t"
9427,32.53712020810649,37.49347161582196,True,True,7.856237650253525e-16,1.1465132613125877e-16,"GJR-GARCH(1,1,1)-t"
9431,-8.870711281974973,-3.914359874259503,True,True,1.14126574921266e-08,6.979734097848991e-07,"GJR-GARCH(1,1,1)-t"
9438,13.24167714947038,18.19802855718585,True,False,1.0,0.43542175146530177,"GJR-GARCH(1,1,1)-t"
9445,34.98319414552357,39.939545553239036,True,True,0.9975886979913823,0.0,"GJR-GARCH(1,1,1)-t"
9448,-7.792790661334134,-2.8364392536186642,True,False,0.4247154656859886,0.7876418264689115,"GJR-GARCH(1,1,1)-t"
9456,-8.037469958474027,-3.081118550758557,True,True,3.901964658799884e-16,2.1605226641476784e-16,"GJR-GARCH(1,1,1)-t"
9465,-5.47752274915058,-0.5211713414351102,True,False,7.029023559069317e-16,1.0,"GJR-GARCH(1,1,1)-t"
9493,-4.467506058455051,0.4888453492604192,True,True,0.5965825325099903,6.485034884891253e-15,"GJR-GARCH(1,1,1)-t"
9496,-5.5038750801747724,-0.5475236724593024,True,True,2.1886966140789118e-13,0.9930851349752983,"GJR-GARCH(1,1,1)-t"
9501,-9.925794110595014,-4.969442702879544,True,False,0.0,1.0,"GJR-GARCH(1,1,1)-t"
9518,-20.1613174072929,-15.204965999577428,True,True,0.0,0.5559785803395255,"GJR-GARCH(1,1,1)-t"
9557,57.196564865011865,62.15291627272734,True,True,0.0,0.39582148876223333,"GJR-GARCH(1,1,1)-t"
9564,-4.943696956566843,0.012654451148627288,True,True,0.0,0.687547448869809,"GJR-GARCH(1,1,1)-t"
9583,14.853207034937732,19.809558442653202,True,True,3.0770229530975e-13,2.4014073400718488e-12,"GJR-GARCH(1,1,1)-t"
9606,-3.631071466298671,1.3252799414167988,True,True,3.106990668149831e-14,0.9968400903610445,"GJR-GARCH(1,1,1)-t"
9610,27.795781651581848,32.75213305929732,True,True,4.9466454996199423e-14,0.9905237806907852,"GJR-GARCH(1,1,1)-t"
9633,-16.908463141759384,-11.952111734043914,True,True,2.982107184863394e-13,5.979727666729904e-12,"GJR-GARCH(1,1,1)-t"
9640,-11.40686668021068,-6.45051527249521,True,True,4.691497595727483e-14,3.889347433813502e-09,"GJR-GARCH(1,1,1)-t"
9659,1.8986366036667217,6.854988011382192,True,True,1.2631481616730144e-18,2.5405671531540955e-14,"GJR-GARCH(1,1,1)-t"
9664,-4.954659614069218,0.0016917936462519378,True,False,0.7328275431431411,0.38216844040822234,"GJR-GARCH(1,1,1)-t"
9665,6.22156668620916,11.17791809392463,True,True,0.20781197780580363,3.062216482193002e-14,"GJR-GARCH(1,1,1)-t"
9674,42.50820026065951,47.46455166837498,True,True,0.0,0.016242234458601207,"GJR-GARCH(1,1,1)-t"
9687,37.710953259634124,42.6673046673496,True,True,0.489413405732159,0.39399866856961335,"GJR-GARCH(1,1,1)-t"
9694,-13.30645655351378,-8.35010514579831,True,True,1.539299303697444e-18,0.5746992763959187,"GJR-GARCH(1,1,1)-t"
9700,-9.25018597219206,-4.29383456447659,True,True,0.382087405602815,0.0,"GJR-GARCH(1,1,1)-t"
9720,-12.383573658819401,-7.427222251103931,True,True,0.0,0.9140655223481039,"GJR-GARCH(1,1,1)-t"
9735,15.257437822869536,20.213789230585004,True,True,2.6268528038785278e-12,0.9575787071164241,"GJR-GARCH(1,1,1)-t"
9737,36.795179627644885,41.75153103536036,True,True,0.18556008344163225,0.5197204483429314,"GJR-GARCH(1,1,1)-t"
9748,-13.427031306166654,-8.470679898451184,True,True,0.0,0.6907873232777614,"GJR-GARCH(1,1,1)-t"
9752,4.916193666622371,9.872545074337841,True,False,0.0,1.0,"GJR-GARCH(1,1,1)-t"
9759,3.316540836766487,8.272892244481957,True,True,0.0,0.4012167095047163,"GJR-GARCH(1,1,1)-t"
9770,59.01455768936373,63.9709090970792,True,True,0.41387558583931383,9.945452702150257e-10,"GJR-GARCH(1,1,1)-t"
9779,45.99622138895769,50.95257279667317,True,False,1.0,0.0,"GJR-GARCH(1,1,1)-t"
9787,22.546787688213264,27.50313909592873,True,True,0.1213542699440987,0.17781014416232133,"GJR-GARCH(1,1,1)-t"
9797,12.144034090750925,17.100385498466395,True,True,4.433788404113058e-11,0.978335638329476,"GJR-GARCH(1,1,1)-t"
9819,-10.999073703730229,-6.042722296014759,True,False,1.0,0.0,"GJR-GARCH(1,1,1)-t"
9822,-7.378792201505988,-2.4224407937905177,True,True,0.0,0.9014952198605454,"GJR-GARCH(1,1,1)-t"
9846,21.145370756249513,26.101722163964983,True,True,6.4370782934155455e-12,2.9059536778688935e-10,"GJR-GARCH(1,1,1)-t"
9862,9.76896276218725,14.72531416990272,True,True,9.644093086978706e-20,0.8737091130694532,"GJR-GARCH(1,1,1)-t"
9866,2.257478723654888,7.213830131370358,True,False,0.4574609160044699,0.5993295445823412,"GJR-GARCH(1,1,1)-t"
9869,10.060538102168927,15.016889509884397,True,True,0.1334125216006255,0.8331603750005622,"GJR-GARCH(1,1,1)-t"
9885,6.245513246745839,11.201864654461309,True,False,1.0,0.07453741474661803,"GJR-GARCH(1,1,1)-t"
9887,-4.813262252963959,0.14308915475151096,True,True,0.0,0.23347232922451303,"GJR-GARCH(1,1,1)-t"
9889,9.150090519019527,14.106441926734997,True,True,1.1716915823148169e-15,3.5603521290693754e-20,"GJR-GARCH(1,1,1)-t"
9890,65.39238485415908,70.34873626187455,True,True,0.0,0.9714291497303585,"GJR-GARCH(1,1,1)-t"
9914,12.959582207747786,17.915933615463256,True,False,0.0,0.9999999999999957,"GJR-GARCH(1,1,1)-t"
9918,0.2564790238180308,5.212830431533501,True,True,1.9560245969975615e-16,0.6161260787597747,"GJR-GARCH(1,1,1)-t"
9932,42.7829198583142,47.739271266029675,True,True,0.0,0.7753803502729112,"GJR-GARCH(1,1,1)-t"
9935,16.865371669824906,21.821723077540376,True,True,1.1574047754226225e-15,0.6096687902653185,"GJR-GARCH(1,1,1)-t"
9936,52.363323326289425,57.31967473400489,True,True,0.017550508125195655,0.9351567045795955,"GJR-GARCH(1,1,1)-t"
9940,-0.49944969008110895,4.456901717634361,True,False,6.605211742249221e-17,0.9999999999999999,"GJR-GARCH(1,1,1)-t"
9947,-11.913286667244812,-6.956935259529342,True,True,1.855258549360526e-20,0.8363535426659341,"GJR-GARCH(1,1,1)-t"
9960,47.798496863152444,52.75484827086791,True,True,1.2099959585792717e-18,0.6605426362697667,"GJR-GARCH(1,1,1)-t"
9967,31.524047190033365,36.48039859774883,True,True,0.0,0.9636072415075305,"GJR-GARCH(1,1,1)-t"
9970,34.541904472986836,39.4982558807023,True,True,1.460511723600282e-13,0.9540386817530074,"GJR-GARCH(1,1,1)-t"
9972,-0.830595866683252,4.125755541032218,True,True,3.019584526957279e-15,0.5700321095275431,"GJR-GARCH(1,1,1)-t"
9973,49.66780805120745,54.62415945892292,True,True,0.0,0.8367354733675573,"GJR-GARCH(1,1,1)-t"
9976,48.66924664050043,53.625598048215906,True,True,0.24891205826868848,0.19419302295776816,"GJR-GARCH(1,1,1)-t"
9988,0.2900051878283598,5.24635659554383,True,True,1.7767420716382612e-14,1.0460410765068891e-15,"GJR-GARCH(1,1,1)-t"
9993,8.060486896567632,13.016838304283102,True,True,6.553870812603228e-15,0.9797573061288899,"GJR-GARCH(1,1,1)-t"
10000,4.475069707793331,9.431421115508801,True,True,0.0,0.4981614609756836,"GJR-GARCH(1,1,1)-t"
10005,24.48089885832139,29.437250266036862,True,False,0.9999999999999986,0.35298119390291344,"GJR-GARCH(1,1,1)-t"
10017,54.97686803506985,59.933219442785315,True,False,0.9999999999999991,6.075483407880045e-16,"GJR-GARCH(1,1,1)-t"
10030,0.45871018719586765,5.415061594911338,True,True,7.515860852474381e-13,0.6271104007014834,"GJR-GARCH(1,1,1)-t"
10035,6.7188522847636865,11.675203692479156,True,True,1.186179487441448e-15,5.702581923950041e-16,"GJR-GARCH(1,1,1)-t"
10040,-11.146788067700747,-6.190436659985277,True,False,0.9999999999999994,1.4366124428706594e-15,"GJR-GARCH(1,1,1)-t"
10042,32.4959529192987,37.452304327014176,True,True,2.2020195805213954e-18,0.9327302439647278,"GJR-GARCH(1,1,1)-t"
10045,23.628877009879382,28.585228417594852,True,False,3.4973519571162734e-19,1.0,"GJR-GARCH(1,1,1)-t"
10071,30.991743252581344,35.94809466029682,True,False,0.9990171661401195,0.5004914169299409,"GJR-GARCH(1,1,1)-t"
10072,-2.120009846425031,2.836341561290439,True,True,0.8000155928784103,8.94061024911089e-16,"GJR-GARCH(1,1,1)-t"
10081,-14.63120121096404,-9.67484980324857,True,True,1.1844160834650915e-18,0.7297874183641084,"GJR-GARCH(1,1,1)-t"
10088,38.73765921870635,43.694010626421814,True,False,1.4696285142771644e-14,1.0,"GJR-GARCH(1,1,1)-t"
10100,-15.451336280087148,-10.494984872371678,True,True,6.612481246156073e-19,0.6422755076140048,"GJR-GARCH(1,1,1)-t"
10105,23.262652678486926,28.219004086202396,True,True,0.40732729124338846,0.30304096424151405,"GJR-GARCH(1,1,1)-t"
10111,-9.790823659507836,-4.834472251792366,True,True,0.0,2.875137048066156e-14,"GJR-GARCH(1,1,1)-t"
10113,-7.641540796797113,-2.6851893890816427,True,False,0.9999999999999887,1.6045478356243342e-14,"GJR-GARCH(1,1,1)-t"
10123,-5.832509579145331,-0.8761581714298607,True,True,3.0018552021924487e-13,0.3437483392089953,"GJR-GARCH(1,1,1)-t"
10135,40.52179772018462,45.478149127900096,True,True,8.034260804027157e-15,0.0,"GJR-GARCH(1,1,1)-t"
10150,11.353487683764548,16.30983909148002,True,True,2.0851243371404255e-16,0.4838320179250015,"GJR-GARCH(1,1,1)-t"
10163,-21.92699940380865,-16.97064799609318,True,False,0.999999999999909,0.4999999999999643,"GJR-GARCH(1,1,1)-t"
10171,6.889465318260298,11.845816725975768,True,True,0.0,0.6365850181286459,"GJR-GARCH(1,1,1)-t"
10186,-10.85877583103619,-5.902424423320721,True,True,0.0,0.3683127256524537,"GJR-GARCH(1,1,1)-t"
10191,0.8891197550127288,5.845471162728199,True,True,0.0,0.30096334485582094,"GJR-GARCH(1,1,1)-t"
10206,-31.836166596903766,-26.879815189188296,True,True,0.24500396254531312,0.0,"GJR-GARCH(1,1,1)-t"
10209,-9.923506925882464,-4.967155518166994,True,True,0.5286462876501687,0.0,"GJR-GARCH(1,1,1)-t"
10220,-9.966085905676646,-5.009734497961176,True,True,0.0,4.079347448638945e-15,"GJR-GARCH(1,1,1)-t"
10230,7.528891583027172,12.485242990742641,True,True,1.8741343659727496e-17,4.75030408133124e-17,"GJR-GARCH(1,1,1)-t"
10243,5.53363956117105,10.48999096888652,True,True,0.0,0.8761396966048313,"GJR-GARCH(1,1,1)-t"
10250,28.099192948345898,33.05554435606137,True,True,6.2268443126318175e-15,0.9887738564694836,"GJR-GARCH(1,1,1)-t"
10262,20.123712782177012,25.080064189892482,True,True,2.1206841445535017e-13,0.0,"GJR-GARCH(1,1,1)-t"
10264,-9.903216424180663,-4.946865016465193,True,True,0.0,0.9690597938694026,"GJR-GARCH(1,1,1)-t"
10291,7.11774142854715,12.07409283626262,True,True,0.03685251965341094,0.0,"GJR-GARCH(1,1,1)-t"
10311,8.149302504482682,13.105653912198152,True,False,1.0,1.793514900763011e-18,"GJR-GARCH(1,1,1)-t"
10321,-21.324524586979933,-16.368173179264463,True,True,6.580582494819661e-15,0.9819731644609326,"GJR-GARCH(1,1,1)-t"
10326,0.42985923258654424,5.386210640302014,True,True,5.529478729024002e-14,5.672531975989483e-14,"GJR-GARCH(1,1,1)-t"
10336,-9.310997837292213,-4.354646429576743,True,True,0.0,1.7876795777330746e-16,"GJR-GARCH(1,1,1)-t"
10339,-10.607730155167637,-5.651378747452167,True,True,0.0029774996165924878,0.914708185559808,"GJR-GARCH(1,1,1)-t"
10349,-6.567218043124068,-1.6108666354085983,True,True,0.6513111110580113,5.868598547358116e-14,"GJR-GARCH(1,1,1)-t"
10364,33.609348447519984,38.56569985523545,True,True,5.523463585602235e-15,0.7735516334360478,"GJR-GARCH(1,1,1)-t"
10369,-5.2853899979274,-0.3290385902119297,True,False,0.0,1.0,"GJR-GARCH(1,1,1)-t"
10389,14.001065998025858,18.957417405741328,True,True,0.0,0.9611044825845945,"GJR-GARCH(1,1,1)-t"
10403,-6.019782654411259,-1.0634312466957887,True,True,1.3354034610015592e-12,0.9674593536346818,"GJR-GARCH(1,1,1)-t"
10433,-6.038968965799466,-1.0826175580839958,True,True,0.10384831517335848,0.518347702114459,"GJR-GARCH(1,1,1)-t"
10448,-2.8857928764166196,2.0705585312988504,True,False,6.263268507864428e-13,0.999999999988766,"GJR-GARCH(1,1,1)-t"
10450,-3.1431953349388557,1.8131560727766143,True,False,0.49473244739133043,0.7475271331227404,"GJR-GARCH(1,1,1)-t"
10455,5.796248036469807,10.752599444185277,True,False,0.0,1.0,"GJR-GARCH(1,1,1)-t"
10460,-0.3108898891442511,4.645461518571219,True,True,0.0,4.694519920509946e-10,"GJR-GARCH(1,1,1)-t"
10461,30.813866444200826,35.7702178519163,True,True,0.0,0.9848850915766812,"GJR-GARCH(1,1,1)-t"
10480,26.57313466048799,31.52948606820346,True,True,1.5857234179815467e-16,0.9167132646451195,"GJR-GARCH(1,1,1)-t"
10488,20.265898499596254,25.222249907311724,True,False,0.9999999999999961,1.6449275857308857e-15,"GJR-GARCH(1,1,1)-t"
10491,3.941634622384825,8.897986030100295,True,True,1.0435239490447541e-20,1.507817043466132e-14,"GJR-GARCH(1,1,1)-t"
10494,18.070641989735265,23.026993397450738,True,True,0.0,0.0,"GJR-GARCH(1,1,1)-t"
10523,2.290717293397231,7.247068701112701,True,True,3.770339399145633e-14,0.9320427198434923,"GJR-GARCH(1,1,1)-t"
10530,-24.024602595926353,-19.068251188210883,True,False,0.9999999999999969,4.3231738163011e-15,"GJR-GARCH(1,1,1)-t"
10546,24.102808003782393,29.059159411497863,True,True,0.5928171801451163,0.0,"GJR-GARCH(1,1,1)-t"
10547,-6.458735399739506,-1.5023839920240363,True,True,0.08371836901359016,0.854885296025947,"GJR-GARCH(1,1,1)-t"
10554,17.07930017413889,22.03565158185436,True,True,1.3947697444813993e-19,0.9263209088149635,"GJR-GARCH(1,1,1)-t"
10559,22.13694252947175,27.09329393718722,True,False,1.979592935563313e-15,0.9999999999988772,"GJR-GARCH(1,1,1)-t"
10561,10.392102442547952,15.348453850263422,True,False,1.0,2.289109375496961e-16,"GJR-GARCH(1,1,1)-t"
10572,10.368865712927645,15.325217120643115,True,False,2.1443810060312805e-17,0.9999999999999999,"GJR-GARCH(1,1,1)-t"
10590,33.418625408573014,38.37497681628848,True,False,0.9999999999999988,0.1443393801566054,"GJR-GARCH(1,1,1)-t"
10604,6.857838685469163,11.814190093184633,True,False,1.0,0.488083478697493,"GJR-GARCH(1,1,1)-t"
10608,0.35777477918093403,5.314126186896404,True,False,0.0,0.9999999999999999,"GJR-GARCH(1,1,1)-t"
10610,-6.3210146071238675,-1.3646631994083975,True,True,0.0,0.9721139139702573,"GJR-GARCH(1,1,1)-t"
10616,-0.08310256026564211,4.873248847449828,True,True,3.2534870969700098e-15,0.9786984555506113,"GJR-GARCH(1,1,1)-t"
10619,27.7744365781598,32.730787985875274,True,True,0.39483098527344496,0.205494435144299,"GJR-GARCH(1,1,1)-t"
10628,12.903066357823674,17.859417765539146,True,True,1.794756683010738e-15,0.0,"GJR-GARCH(1,1,1)-t"
10633,10.846705925400313,15.803057333115783,True,True,1.5352293557305762e-18,0.8941388225017091,"GJR-GARCH(1,1,1)-t"
10642,-30.39116511488831,-25.43481370717284,True,True,0.0,0.0,"GJR-GARCH(1,1,1)-t"
10661,-2.1939847104307333,2.7623666972847367,True,True,2.849512308694263e-11,0.0,"GJR-GARCH(1,1,1)-t"
10669,35.12629222370346,40.08264363141893,True,True,2.1033857808533192e-16,1.3850894322725446e-19,"GJR-GARCH(1,1,1)-t"
10672,19.831398081442618,24.787749489158088,True,True,2.4879503868204513e-16,0.025203844192798943,"GJR-GARCH(1,1,1)-t"
10682,-19.412914613811985,-14.456563206096515,True,False,0.9029281505918707,0.5485359227167745,"GJR-GARCH(1,1,1)-t"
10688,-7.6091837134295375,-2.6528323057140675,True,True,0.0,0.9713986963856058,"GJR-GARCH(1,1,1)-t"
10689,-10.340391548904126,-5.384040141188656,True,False,5.474287820641109e-13,0.9999999999352873,"GJR-GARCH(1,1,1)-t"
10701,8.2671614318577,13.22351283957317,True,False,1.675249623075137e-16,1.0,"GJR-GARCH(1,1,1)-t"
10702,-24.773924974924405,-19.817573567208935,True,False,0.9999999995112122,2.7483241195999485e-10,"GJR-GARCH(1,1,1)-t"
10703,13.721843137989193,18.678194545704663,True,True,5.627348746623058e-19,0.46558515380433324,"GJR-GARCH(1,1,1)-t"
10708,15.590766553000794,20.547117960716264,True,True,0.0,0.609922209653589,"GJR-GARCH(1,1,1)-t"
10709,-1.4670287205965664,3.4893226871189036,True,True,1.4741523595798496e-13,0.984879413488336,"GJR-GARCH(1,1,1)-t"
10725,24.845254136508963,29.801605544224437,True,True,1.0912452941924244e-14,0.49924479951933637,"GJR-GARCH(1,1,1)-t"
10726,-13.140452501776466,-8.184101094060996,True,True,0.5586235521451567,1.109919249329372e-14,"GJR-GARCH(1,1,1)-t"
10734,-13.234839415403936,-8.278488007688466,True,True,2.2313930227142119e-10,0.9623341585958624,"GJR-GARCH(1,1,1)-t"
10745,-5.749690346901499,-0.7933389391860288,True,True,0.0,0.9204052425169156,"GJR-GARCH(1,1,1)-t"
10751,-4.016534999288673,0.9398164084267968,True,True,1.7481499726469992e-19,0.7650084986641497,"GJR-GARCH(1,1,1)-t"
10765,6.752774703945425,11.709126111660895,True,False,1.0,0.3065961088441523,"GJR-GARCH(1,1,1)-t"
10767,12.110577721133838,17.066929128849306,True,True,1.8203030194545244e-08,0.9007144115871836,"GJR-GARCH(1,1,1)-t"
10776,-14.606505486652708,-9.650154078937238,True,True,0.0,0.9874368699082756,"GJR-GARCH(1,1,1)-t"
10779,-9.79420862441701,-4.83785721670154,True,False,2.0768834617200103e-15,0.9999999999999997,"GJR-GARCH(1,1,1)-t"
10781,10.509052736337757,15.465404144053227,True,True,0.0,0.9273380083487249,"GJR-GARCH(1,1,1)-t"
10789,7.795903394085712,12.752254801801183,True,True,0.8330664049622901,4.034811827321307e-14,"GJR-GARCH(1,1,1)-t"
10793,0.6299421337635849,5.586293541479055,True,True,2.532248514196991e-12,0.9494893345132767,"GJR-GARCH(1,1,1)-t"
10796,5.237670824183898,10.194022231899368,True,False,1.0,0.0,"GJR-GARCH(1,1,1)-t"
10806,-2.453626209868098,2.502725197847372,True,False,0.4166655982326978,0.6809060952354334,"GJR-GARCH(1,1,1)-t"
10810,20.218580980458707,25.174932388174177,True,False,2.9886452093486935e-14,1.0,"GJR-GARCH(1,1,1)-t"
10816,-2.8992699613977493,2.0570814463177207,True,True,1.6679492073855904e-16,7.468626882347573e-16,"GJR-GARCH(1,1,1)-t"
10827,4.893363010973333,9.849714418688803,True,False,0.9999999999426963,0.0,"GJR-GARCH(1,1,1)-t"
10840,10.486327091905222,15.442678499620692,True,True,0.0,0.0,"GJR-GARCH(1,1,1)-t"
10849,2.141718863902282,7.098070271617752,True,True,0.0,0.7974977852619722,"GJR-GARCH(1,1,1)-t"
10856,4.990145784064405,9.946497191779875,True,False,0.3430813086691659,0.8284593456659639,"GJR-GARCH(1,1,1)-t"
10890,10.251269015299357,15.207620423014827,True,True,0.9971451076704082,5.368274237982887e-14,"GJR-GARCH(1,1,1)-t"
10892,6.994566382777158,11.950917790492628,True,False,5.265606028383228e-15,0.9999999999999897,"GJR-GARCH(1,1,1)-t"
10898,34.39211337410082,39.34846478181629,True,False,0.999999999984836,1.4991144726296656e-11,"GJR-GARCH(1,1,1)-t"
10899,-3.4739615716320245,1.4823898360834455,True,False,4.0357309657881103e-16,1.0,"GJR-GARCH(1,1,1)-t"
10929,0.26171509015728667,5.218066497872757,True,False,0.9999999999999866,0.0,"GJR-GARCH(1,1,1)-t"
10932,13.8924395042885,18.84879091200397,True,True,5.056908000430913e-15,0.5613401527461688,"GJR-GARCH(1,1,1)-t"
10934,7.865462722448529,12.821814130164,True,False,1.0,0.028725166151464993,"GJR-GARCH(1,1,1)-t"
10938,-1.7368581953042153,3.2194932124112547,True,False,1.0,0.39435597958771806,"GJR-GARCH(1,1,1)-t"
10941,12.137352190145755,17.093703597861225,True,False,6.3790703429505564e-15,0.9999999999999356,"GJR-GARCH(1,1,1)-t"
10946,-8.728968364869846,-3.7726169571543764,True,True,1.7680232480448922e-16,0.429196135661699,"GJR-GARCH(1,1,1)-t"
10949,7.58929106901477,12.54564247673024,True,True,0.0,0.08621333597382813,"GJR-GARCH(1,1,1)-t"
10956,4.17822122977554,9.13457263749101,True,True,1.471068855234723e-07,2.024772234787834e-17,"GJR-GARCH(1,1,1)-t"
10964,5.114612435369271,10.07096384308474,True,True,0.0,0.9765962326870724,"GJR-GARCH(1,1,1)-t"
10969,-5.95127541246687,-0.9949240047514003,True,False,1.9744478937162014e-14,0.9999999999871704,"GJR-GARCH(1,1,1)-t"
10985,-4.978979816866911,-0.02262840915144082,True,False,1.8609040411294313e-16,0.9999999999999886,"GJR-GARCH(1,1,1)-t"
10987,-2.888559948119859,2.067791459595611,True,True,3.953345061735303e-12,3.1841605577679452e-12,"GJR-GARCH(1,1,1)-t"
10994,13.758311054883325,18.714662462598795,True,True,0.0,0.9719225891032017,"GJR-GARCH(1,1,1)-t"
11007,-6.150360955631523,-1.1940095479160533,True,False,3.405047133309439e-14,0.9999999999996375,"GJR-GARCH(1,1,1)-t"
11035,13.506350426572421,18.46270183428789,True,True,2.3783040143592125e-10,0.7863672545024659,"GJR-GARCH(1,1,1)-t"
11041,0.07072843345030577,5.027079841165776,True,True,0.6031958128158587,0.0,"GJR-GARCH(1,1,1)-t"
11043,31.11777044553431,36.07412185324978,True,True,2.814641039109398e-13,0.860776602719205,"GJR-GARCH(1,1,1)-t"
11048,6.354541846384221,11.31089325409969,True,True,0.12014593222052505,0.004150690094837569,"GJR-GARCH(1,1,1)-t"
11052,42.693726377156,47.65007778487147,True,True,5.816758738863271e-19,0.29106127941492055,"GJR-GARCH(1,1,1)-t"
11054,-2.914049707663093,2.042301700052377,True,True,2.4524274960221793e-14,0.5931918693575865,"GJR-GARCH(1,1,1)-t"
11056,-4.634453841680003,0.32189756603546726,True,True,3.683244672317306e-16,1.3831863248740506e-17,"GJR-GARCH(1,1,1)-t"
11059,-7.825862158454843,-2.869510750739373,True,True,3.424573503489509e-19,0.7902853288702812,"GJR-GARCH(1,1,1)-t"
11060,-15.957376762356638,-11.001025354641168,True,False,1.0,0.4559582845433747,"GJR-GARCH(1,1,1)-t"
11062,31.10303599395131,36.05938740166678,True,True,6.428548682467338e-17,0.6406152376704382,"GJR-GARCH(1,1,1)-t"
11070,-0.58185619435109,4.37449521336438,True,True,0.07754466121625138,0.3202158960956582,"GJR-GARCH(1,1,1)-t"
11081,51.70573973201198,56.66209113972745,True,True,6.7312027045375505e-15,0.9969840370711806,"GJR-GARCH(1,1,1)-t"
11090,21.71893288083205,26.67528428854752,True,True,0.0,0.0,"GJR-GARCH(1,1,1)-t"
11096,-1.477185408834977,3.479165998880493,True,False,0.0,1.0,"GJR-GARCH(1,1,1)-t"
11111,-4.802955066756077,0.15339634095939303,True,True,2.992551931253426e-16,0.3462216603771868,"GJR-GARCH(1,1,1)-t"
11113,60.31155568429356,65.26790709200903,True,False,1.0,0.21228269145272452,"GJR-GARCH(1,1,1)-t"
11120,-21.267294903577593,-16.310943495862123,True,True,1.2766220905320173e-14,1.2922896029026665e-14,"GJR-GARCH(1,1,1)-t"
11121,10.08805664858609,15.04440805630156,True,True,1.0097666154893224e-15,0.8675678143511338,"GJR-GARCH(1,1,1)-t"
11122,-1.332929252917431,3.623422154798039,True,True,0.0,0.7859245820901365,"GJR-GARCH(1,1,1)-t"
11137,27.7264688889042,32.68282029661967,True,True,2.1421260904041918e-23,0.0,"GJR-GARCH(1,1,1)-t"
11143,-39.30901379385376,-34.35266238613829,True,False,0.3923589441395813,0.8038204748693237,"GJR-GARCH(1,1,1)-t"
11151,21.123858532492903,26.080209940208373,True,True,0.10082862804212003,2.4127751856930224e-15,"GJR-GARCH(1,1,1)-t"
11152,-23.860626832585183,-18.904275424869713,True,True,3.11757465300807e-08,0.5300740508229705,"GJR-GARCH(1,1,1)-t"
11178,-10.716583067903521,-5.760231660188051,True,True,0.0,0.7061692914352276,"GJR-GARCH(1,1,1)-t"
11184,-7.541415366968103,-2.5850639592526328,True,False,0.5676802283240436,0.7161601335028251,"GJR-GARCH(1,1,1)-t"
11199,4.542792499526643,9.499143907242113,True,True,8.196136582326773e-13,0.9748871970169476,"GJR-GARCH(1,1,1)-t"
11243,-5.045530212850949,-0.08917880513547871,True,True,0.0,0.6956796108526773,"GJR-GARCH(1,1,1)-t"
11248,-6.28887618292611,-1.33252477521064,True,True,6.309344138862594e-15,3.062148892057541e-13,"GJR-GARCH(1,1,1)-t"
11263,6.66198577963152,11.61833718734699,True,False,1.0,0.0,"GJR-GARCH(1,1,1)-t"
11264,20.902781536373944,25.859132944089414,True,True,6.8477311631622e-15,2.7645148421930782e-15,"GJR-GARCH(1,1,1)-t"
11279,11.074176049744947,16.030527457460416,True,True,1.910110275725484e-15,0.40317233672756647,"GJR-GARCH(1,1,1)-t"
11296,1.0092168399375296,5.965568247653,True,True,0.0,0.4741845184126303,"GJR-GARCH(1,1,1)-t"
11303,-4.73869416998085,0.21765723773462042,True,True,5.7917718372365655e-12,0.9718678245292979,"GJR-GARCH(1,1,1)-t"
11318,-10.239428842823738,-5.283077435108268,True,True,0.6862331719713256,2.561336738097337e-12,"GJR-GARCH(1,1,1)-t"
11325,-14.735744025253155,-9.779392617537685,True,True,1.4174107893468267e-15,3.3513608512044777e-15,"GJR-GARCH(1,1,1)-t"
11327,16.69250755073433,21.6488589584498,True,False,2.2721861402034342e-14,0.999999999996171,"GJR-GARCH(1,1,1)-t"
11330,4.130173698068971,9.08652510578444,True,True,1.0986016510692808e-20,0.9154869754252554,"GJR-GARCH(1,1,1)-t"
11351,2.5122064303871756,7.468557838102646,True,True,6.190806193303386e-14,0.9696851524967597,"GJR-GARCH(1,1,1)-t"
11363,,,False,False,,,"GJR-GARCH(1,1,1)-t"
11367,-2.558867815410256,2.397483592305214,True,True,0.10201705034558367,0.8918098034938287,"GJR-GARCH(1,1,1)-t"
11374,-21.09839703440091,-16.14204562668544,True,False,1.0,0.0,"GJR-GARCH(1,1,1)-t"
11375,34.18185092877217,39.13820233648764,True,False,1.0,0.33168240983652203,"GJR-GARCH(1,1,1)-t"
11389,-31.701224083383828,-26.744872675668358,True,True,0.3637115735843586,0.3353789963933504,"GJR-GARCH(1,1,1)-t"
11393,15.28800911236559,20.24436052008106,True,True,6.641511189957073e-20,9.83755784888415e-19,"GJR-GARCH(1,1,1)-t"
11405,1.0294062003858073,5.985757608101277,True,True,1.029061084479992e-13,0.05357324619311671,"GJR-GARCH(1,1,1)-t"
11415,-6.76444185214449,-1.8080904444290198,True,True,0.0,0.9635790535487909,"GJR-GARCH(1,1,1)-t"
11419,-3.1752409245351956,1.7811104831802744,True,True,9.082945231048266e-11,0.9213668933034341,"GJR-GARCH(1,1,1)-t"
11431,6.853039417932351,11.80939082564782,True,True,1.4743862479932432e-22,0.8638154704964225,"GJR-GARCH(1,1,1)-t"
11433,-21.222518437664654,-16.266167029949184,True,True,0.0,0.0,"GJR-GARCH(1,1,1)-t"
11440,38.23849117196914,43.194842579684604,True,True,1.9960909370975586e-15,0.20391976453961072,"GJR-GARCH(1,1,1)-t"
11449,0.5004857916422267,5.456837199357697,True,True,8.827563114488251e-15,0.9533120256606268,"GJR-GARCH(1,1,1)-t"
11453,26.782180240308406,31.738531648023873,True,True,0.0,0.950683278960002,"GJR-GARCH(1,1,1)-t"
11475,-3.9020487035717544,1.0543027041437156,True,True,1.444316030836471e-16,0.0,"GJR-GARCH(1,1,1)-t"
11481,0.3845593174017168,5.340910725117187,True,True,0.7385697945775312,3.750883864592843e-16,"GJR-GARCH(1,1,1)-t"
11487,2.0469145592600544,7.003265966975524,True,False,0.7763468838598119,0.5686795348815904,"GJR-GARCH(1,1,1)-t"
11490,-35.85509040511985,-30.898738997404383,True,False,0.0,1.0,"GJR-GARCH(1,1,1)-t"
11497,6.192057071838294,11.148408479553764,True,False,0.0,1.0,"GJR-GARCH(1,1,1)-t"
11499,23.211265788473064,28.167617196188534,True,False,2.640717928139883e-18,1.0,"GJR-GARCH(1,1,1)-t"
11501,-8.551302545002983,-3.594951137287513,True,True,0.0,0.8328807301145783,"GJR-GARCH(1,1,1)-t"
11504,18.48012409818548,23.43647550590095,True,True,1.0212228642939081e-13,0.9745718278823454,"GJR-GARCH(1,1,1)-t"
11508,-26.4255320183547,-21.46918061063923,True,True,0.7743759952824559,2.457613328934811e-18,"GJR-GARCH(1,1,1)-t"
11511,2.7452555832106764,7.701606990926146,True,True,0.0,0.9370445743738287,"GJR-GARCH(1,1,1)-t"
11541,-20.838037617768443,-15.881686210052973,True,True,6.962362529989153e-08,0.8892840676843516,"GJR-GARCH(1,1,1)-t"
11559,-21.118069937381385,-16.161718529665915,True,False,0.0,1.0,"GJR-GARCH(1,1,1)-t"
11577,5.18742005057754,10.14377145829301,True,True,0.11314199066017888,0.47250115015538247,"GJR-GARCH(1,1,1)-t"
11579,5.024089163477765,9.980440571193235,True,True,2.3336176778734286e-19,0.9543472730687831,"GJR-GARCH(1,1,1)-t"
11589,-10.74702525607367,-5.7906738483582,True,False,1.0,0.49999999999995004,"GJR-GARCH(1,1,1)-t"
11597,-4.8005946359639005,0.15575677175156954,True,True,0.0,0.7934008846348876,"GJR-GARCH(1,1,1)-t"
11607,2.148285726195036,7.104637133910506,True,False,1.1150884239056783e-13,0.999999999997397,"GJR-GARCH(1,1,1)-t"
11639,4.2123740903968745,9.168725498112344,True,False,0.0,1.0,"GJR-GARCH(1,1,1)-t"
11641,-3.2074776102025915,1.7488737975128785,True,True,1.6769688266633118e-12,0.8063903629984913,"GJR-GARCH(1,1,1)-t"
11642,-10.454830124130524,-5.498478716415054,True,False,0.0,1.0,"GJR-GARCH(1,1,1)-t"
11655,-8.13439858529933,-3.17804717758386,True,True,0.5617492238533449,3.803483291613632e-09,"GJR-GARCH(1,1,1)-t"
11682,-4.546892283807043,0.40945912390842665,True,False,0.9999999477437947,2.742136333043851e-08,"GJR-GARCH(1,1,1)-t"
11686,59.90299224873972,64.8593436564552,True,True,9.049633320211802e-19,0.29648278791747107,"GJR-GARCH(1,1,1)-t"
11689,-6.60002182838792,-1.64367042067245,True,True,0.0,0.8030243751158564,"GJR-GARCH(1,1,1)-t"
11700,83.22179872170734,88.17815012942282,True,True,0.0,0.0,"GJR-GARCH(1,1,1)-t"
11715,-1.3700880467508902,3.5862633609645798,True,False,2.1679229534338458e-14,0.999999999999977,"GJR-GARCH(1,1,1)-t"
11718,7.922597880911673,12.878949288627144,True,False,1.0,0.0,"GJR-GARCH(1,1,1)-t"
11722,20.498684319265493,25.45503572698096,True,False,8.274957639409745e-14,0.9999999999807181,"GJR-GARCH(1,1,1)-t"
11726,-10.343208222496433,-5.386856814780963,True,False,1.0789454469114703e-15,0.9999999999999976,"GJR-GARCH(1,1,1)-t"
11729,22.761670197451192,27.718021605166662,True,True,1.1156449898152336e-16,0.7511482639127047,"GJR-GARCH(1,1,1)-t"
11730,14.87430796715589,19.83065937487136,True,True,8.689111495320152e-14,2.0204030401911695e-13,"GJR-GARCH(1,1,1)-t"
11735,2.8660764274592463,7.822427835174716,True,False,9.300958806131706e-14,0.9999999995791936,"GJR-GARCH(1,1,1)-t"
11749,-10.832690309195357,-5.876338901479887,True,True,0.5404943269921804,3.499569264912943e-19,"GJR-GARCH(1,1,1)-t"
11750,11.883658210097384,16.840009617812854,True,False,1.4529958761998536e-18,1.0,"GJR-GARCH(1,1,1)-t"
11764,-0.14074030739937626,4.815611100316094,True,True,0.415495556168397,2.879439465009579e-16,"GJR-GARCH(1,1,1)-t"
11775,-12.13921724834136,-7.18286584062589,True,False,1.2983727140333211e-15,0.9999999999999974,"GJR-GARCH(1,1,1)-t"
11786,-6.3281525727246475,-1.3718011650091775,True,True,0.0,0.9055170928061707,"GJR-GARCH(1,1,1)-t"
11792,2.1054084821417476,7.061759889857218,True,True,3.2154444261845876e-14,0.9815151598636609,"GJR-GARCH(1,1,1)-t"
11804,-5.3463288683174035,-0.3899774606019335,True,True,0.0,0.6449402185718072,"GJR-GARCH(1,1,1)-t"
11809,-2.9295654997157285,2.0267859079997415,True,True,0.5712159021859342,0.0,"GJR-GARCH(1,1,1)-t"
11812,8.381569034631935,13.337920442347405,True,True,1.9999376938532684e-16,0.9817553769037086,"GJR-GARCH(1,1,1)-t"
11844,-27.861556650656,-22.90520524294053,True,False,3.977983361656962e-12,0.9999999998963538,"GJR-GARCH(1,1,1)-t"
11852,-14.516978166396388,-9.560626758680918,True,False,0.0,0.9999999999999997,"GJR-GARCH(1,1,1)-t"
11860,-6.2076960862207535,-1.2513446785052835,True,False,1.0,0.4607144712811464,"GJR-GARCH(1,1,1)-t"
11864,37.36796011906845,42.324311526783916,True,True,5.28276417538861e-15,0.9757207823077726,"GJR-GARCH(1,1,1)-t"
11868,-29.1386960714116,-24.18234466369613,True,False,0.9999999999999997,3.1822076461847766e-16,"GJR-GARCH(1,1,1)-t"
11869,-2.801435344834669,2.154916062880801,True,True,0.0,0.9953191835406168,"GJR-GARCH(1,1,1)-t"
11872,56.96954625488867,61.92589766260414,True,True,0.0,0.702808927413742,"GJR-GARCH(1,1,1)-t"
11874,-13.639885348302755,-8.683533940587285,True,True,1.496236863696556e-09,0.9739506547633395,"GJR-GARCH(1,1,1)-t"
11876,12.33520569156199,17.291557099277462,True,True,0.0,0.0,"GJR-GARCH(1,1,1)-t"
11886,-13.310184772087894,-8.353833364372424,True,False,2.5421088168955893e-10,0.9999999646438631,"GJR-GARCH(1,1,1)-t"
11887,10.378653269057443,15.335004676772913,True,True,3.377893172529842e-15,0.13097710440806717,"GJR-GARCH(1,1,1)-t"
11893,-5.718633533858082,-0.7622821261426118,True,False,4.570593745997612e-16,0.999997834270309,"GJR-GARCH(1,1,1)-t"
11898,29.343210508855677,34.29956191657114,True,True,6.603084447807211e-09,1.9412694141921222e-07,"GJR-GARCH(1,1,1)-t"
11899,-12.200325339041768,-7.243973931326298,True,True,9.950270775370785e-18,9.954752756358545e-19,"GJR-GARCH(1,1,1)-t"
11904,11.000168920671868,15.956520328387338,True,True,1.632069240778138e-16,1.9883914791098808e-13,"GJR-GARCH(1,1,1)-t"
11914,33.07489604638073,38.0312474540962,True,True,0.037122395226704345,0.0,"GJR-GARCH(1,1,1)-t"
11920,-2.272934466004674,2.683416941710796,True,True,0.503661342805074,0.17491074256136843,"GJR-GARCH(1,1,1)-t"
11940,-6.891786723783934,-1.9354353160684639,True,True,4.492201765521968e-18,0.4728466277681351,"GJR-GARCH(1,1,1)-t"
11941,23.552854350811558,28.509205758527028,True,True,4.403910322906519e-18,0.9639946036531443,"GJR-GARCH(1,1,1)-t"
11952,-8.366822041205292,-3.4104706334898225,True,True,1.4628443091566403e-16,0.4980922291836201,"GJR-GARCH(1,1,1)-t"
11953,10.606683820337395,15.563035228052865,True,True,0.0,0.0,"GJR-GARCH(1,1,1)-t"
11959,-7.235871638280951,-2.279520230565481,True,False,0.9999999999999988,1.1443032333577262e-15,"GJR-GARCH(1,1,1)-t"
11962,-8.080818665910098,-3.1244672581946276,True,True,0.0,0.0,"GJR-GARCH(1,1,1)-t"
11981,-3.3513486756702946,1.6050027320451754,True,True,2.3654015303619683e-15,0.0,"GJR-GARCH(1,1,1)-t"
11985,6.821698221840885,11.778049629556355,True,False,0.09677211274709031,0.9516139436267491,"GJR-GARCH(1,1,1)-t"
11987,17.84772822424028,22.80407963195575,True,True,2.9854377572582375e-16,0.3336065034695466,"GJR-GARCH(1,1,1)-t"
11994,-6.6873858579985495,-1.7310344502830795,True,False,1.1204488740933888e-17,0.9999999999999962,"GJR-GARCH(1,1,1)-t"
11995,56.90137871926252,61.857730126977984,True,False,0.9999999999999996,0.2123296869917047,"GJR-GARCH(1,1,1)-t"
12011,-30.249954858759367,-25.293603451043897,True,True,0.016516393355264832,0.08521768475392266,"GJR-GARCH(1,1,1)-t"
12012,5.767508617427456,10.723860025142926,True,True,8.651441197722187e-16,0.8787159794601794,"GJR-GARCH(1,1,1)-t"
12021,-19.451109598872122,-14.494758191156652,True,True,0.4730915308452285,0.42928544451653405,"GJR-GARCH(1,1,1)-t"
12028,21.647424504999748,26.60377591271522,True,True,2.2649632712574197e-14,1.442544520255411e-14,"GJR-GARCH(1,1,1)-t"
12030,5.307837707162427,10.264189114877897,True,False,4.030561443044082e-23,1.0,"GJR-GARCH(1,1,1)-t"
12061,-14.550286846831387,-9.593935439115917,True,True,2.6062405370013463e-14,0.6170900079737045,"GJR-GARCH(1,1,1)-t"
12065,10.774349363624996,15.730700771340466,True,False,0.24028794365552236,0.8798560281716578,"GJR-GARCH(1,1,1)-t"
12073,9.144823504862117,14.101174912577587,True,False,0.999999998533438,1.06763283439278e-09,"GJR-GARCH(1,1,1)-t"
12079,-5.588828032411033,-0.6324766246955633,True,False,0.9999999998978895,6.09445631503637e-11,"GJR-GARCH(1,1,1)-t"
12102,17.22449593947276,22.180847347188227,True,True,3.5264201376812213e-15,0.1323516572509578,"GJR-GARCH(1,1,1)-t"
12103,14.239173592340768,19.195525000056236,True,False,2.397966050093714e-20,1.0,"GJR-GARCH(1,1,1)-t"
12111,-18.60158585369407,-13.645234445978598,True,True,4.3285530527312064e-11,0.8517373047793412,"GJR-GARCH(1,1,1)-t"
12114,9.563071248459003,14.519422656174473,True,True,0.0,0.8768880174924663,"GJR-GARCH(1,1,1)-t"
12115,-9.927887595199792,-4.971536187484322,True,True,0.10983861606128449,2.6217839116051824e-12,"GJR-GARCH(1,1,1)-t"
12131,17.147969326512477,22.104320734227947,True,True,0.0,0.754161482676745,"GJR-GARCH(1,1,1)-t"
12135,-4.102168639171147,0.8541827685443231,True,True,2.7383520883058265e-18,0.9860139479785068,"GJR-GARCH(1,1,1)-t"
12139,12.485500200367614,17.441851608083084,True,False,0.0,0.9999999999999034,"GJR-GARCH(1,1,1)-t"
12141,37.165908738141255,42.12226014585673,True,True,1.2005214215095088e-15,0.9491881769408419,"GJR-GARCH(1,1,1)-t"
12147,25.218762289330172,30.175113697045642,True,True,2.1470137238330126e-14,0.985203553192001,"GJR-GARCH(1,1,1)-t"
12151,-23.933513794399516,-18.977162386684046,True,True,2.006357768139687e-15,7.460999309962903e-14,"GJR-GARCH(1,1,1)-t"
12163,10.368165342797884,15.324516750513354,True,True,3.615630087539729e-19,0.5811008651909076,"GJR-GARCH(1,1,1)-t"
12166,14.362382296246505,19.318733703961975,True,True,5.419909590787405e-17,5.673601190179173e-14,"GJR-GARCH(1,1,1)-t"
12176,6.915153434562159,11.871504842277629,True,False,9.957670611673565e-12,0.9999999964435825,"GJR-GARCH(1,1,1)-t"
12178,8.641798835262005,13.598150242977475,True,False,0.24811161291610778,0.8759441935360237,"GJR-GARCH(1,1,1)-t"
12182,2.7070720381425026,7.663423445857973,True,True,0.0,0.0,"GJR-GARCH(1,1,1)-t"
12206,3.9497205598244722,8.906071967539942,True,True,1.739556369834531e-18,0.8648001784563779,"GJR-GARCH(1,1,1)-t"
12222,13.373204770107826,18.329556177823296,True,False,0.0,1.0,"GJR-GARCH(1,1,1)-t"
12225,2.207831385294206,7.164182793009676,True,True,1.2409228290104534e-13,0.8339774097167519,"GJR-GARCH(1,1,1)-t"
12229,2.1322269841284935,7.0885783918439635,True,True,0.1748487442430987,1.83172589810262e-15,"GJR-GARCH(1,1,1)-t"
12234,1.045344521479727,6.001695929195197,True,True,0.0,0.8274680967652671,"GJR-GARCH(1,1,1)-t"
12247,13.740488669326751,18.69684007704222,True,True,2.1499979744472122e-15,0.9449352302449998,"GJR-GARCH(1,1,1)-t"
12250,4.2286224309696525,9.184973838685123,True,True,0.6656693380943749,0.0,"GJR-GARCH(1,1,1)-t"
12254,-15.392629117568681,-10.436277709853211,True,True,4.71561561897119e-16,3.333580457350272e-08,"GJR-GARCH(1,1,1)-t"
12266,-11.433968372820946,-6.477616965105476,True,True,2.4199531147506526e-13,0.9138958370875354,"GJR-GARCH(1,1,1)-t"
12279,-9.49233478217721,-4.53598337446174,True,False,8.646355044488646e-17,0.999999999999999,"GJR-GARCH(1,1,1)-t"
12287,46.04806895601144,51.00442036372691,True,True,3.2157454790261036e-13,3.3362578852668044e-13,"GJR-GARCH(1,1,1)-t"
12291,-16.632112274037006,-11.675760866321536,True,True,0.0,0.7896247594170263,"GJR-GARCH(1,1,1)-t"
12299,-6.849081465965554,-1.8927300582500841,True,True,0.2801796008838034,0.38146310174031817,"GJR-GARCH(1,1,1)-t"
12309,4.705042874265844,9.661394281981314,True,True,4.3826022447358846e-17,0.08144368128720887,"GJR-GARCH(1,1,1)-t"
12322,-3.28477180441768,1.6715796032977899,True,False,0.9999999999999999,3.161497373885546e-16,"GJR-GARCH(1,1,1)-t"
12324,34.317385753578776,39.27373716129424,True,True,9.023918647838487e-17,0.922837596014019,"GJR-GARCH(1,1,1)-t"
12347,19.045704613484663,24.002056021200133,True,True,0.0,0.016906331947383432,"GJR-GARCH(1,1,1)-t"
12348,-8.848036822645795,-3.8916854149303255,True,True,0.4784983701570864,1.1722135832369024e-16,"GJR-GARCH(1,1,1)-t"
12352,-8.958057902288814,-4.0017064945733445,True,False,7.663905343153824e-15,0.9999992319805527,"GJR-GARCH(1,1,1)-t"
12358,17.17177813988964,22.12812954760511,True,True,2.9156940719699527e-10,0.953765057507017,"GJR-GARCH(1,1,1)-t"
12395,7.893095218403358,12.849446626118828,True,True,0.14318717757695293,0.7415803728341814,"GJR-GARCH(1,1,1)-t"
12399,-4.647661872829403,0.3086895348860672,True,True,1.0094599380389833e-12,0.9632122020757975,"GJR-GARCH(1,1,1)-t"
12408,-3.6538014815576645,1.3025499261578055,True,True,0.0,0.8220629073943989,"GJR-GARCH(1,1,1)-t"
12411,0.32651274060805946,5.2828641483235295,True,False,0.9999999999491229,1.9161544792054893e-11,"GJR-GARCH(1,1,1)-t"
12419,-3.5578473577001937,1.3985040500152763,True,True,4.995013271168995e-10,0.7544162720827042,"GJR-GARCH(1,1,1)-t"
12420,19.359838510391498,24.316189918106964,True,True,5.738962678753028e-15,9.078033675243629e-08,"GJR-GARCH(1,1,1)-t"
12423,-5.874912740920436,-0.9185613332049662,True,True,4.4148525720812675e-10,0.7871923764902629,"GJR-GARCH(1,1,1)-t"
12428,-10.127353617220255,-5.171002209504785,True,True,8.136790760811012e-14,0.33194120031076046,"GJR-GARCH(1,1,1)-t"
12436,-8.537064057352225,-3.580712649636755,True,True,1.7091083222161205e-19,0.38558643550240623,"GJR-GARCH(1,1,1)-t"
12437,3.709842036720085,8.666193444435555,True,True,8.142891728010933e-18,0.9617164202420091,"GJR-GARCH(1,1,1)-t"
12444,-0.5158566440109116,4.440494763704558,True,False,0.9999999999999992,1.411687491421442e-16,"GJR-GARCH(1,1,1)-t"
12465,21.33684375592588,26.29319516364135,True,False,0.9999999999999831,9.65114660873106e-15,"GJR-GARCH(1,1,1)-t"
12481,-7.064168035622721,-2.107816627907251,True,True,1.6953176102803237e-17,0.5063660531546502,"GJR-GARCH(1,1,1)-t"
12486,11.369549587662906,16.325900995378376,True,True,0.0,0.4419781649498394,"GJR-GARCH(1,1,1)-t"
12494,20.966420168863337,25.922771576578807,True,True,3.464458981866207e-18,0.7205260286513726,"GJR-GARCH(1,1,1)-t"
12498,14.622919357182868,19.579270764898336,True,True,0.3864992659541153,0.5275984544142149,"GJR-GARCH(1,1,1)-t"
12521,4.047205358443591,9.003556766159061,True,False,1.0,0.0,"GJR-GARCH(1,1,1)-t"
12523,31.15727951067057,36.113630918386036,True,False,1.425312488464088e-14,0.9999999999999958,"GJR-GARCH(1,1,1)-t"
12531,-13.867744540586457,-8.911393132870987,True,True,1.7296331584021352e-13,3.916558350359319e-12,"GJR-GARCH(1,1,1)-t"
12532,36.01028929168205,40.966640699397516,True,True,9.143151238971023e-15,0.939109421961869,"GJR-GARCH(1,1,1)-t"
12533,-3.0817064803057725,1.8746449274096975,True,True,2.12794878913354e-18,0.581384725866563,"GJR-GARCH(1,1,1)-t"
12535,-29.42742662328665,-24.47107521557118,True,False,1.0,0.09212251674671627,"GJR-GARCH(1,1,1)-t"
12537,-2.4429009339826635,2.5134504737328065,True,True,0.022811637978919098,0.0,"GJR-GARCH(1,1,1)-t"
12542,7.858804473888038,12.81515588160351,True,False,6.791288230004424e-15,0.9999999999999593,"GJR-GARCH(1,1,1)-t"
12546,-17.523486656887172,-12.567135249171702,True,True,5.858791507020497e-14,0.0,"GJR-GARCH(1,1,1)-t"
12552,25.26537190602339,30.22172331373886,True,True,6.844167215073807e-20,0.763696607653121,"GJR-GARCH(1,1,1)-t"
12559,-6.823434342104466,-1.8670829343889963,True,False,1.0,0.0,"GJR-GARCH(1,1,1)-t"
12577,-26.610970283522605,-21.654618875807135,True,True,0.19754697189146478,9.886503645990603e-15,"GJR-GARCH(1,1,1)-t"
12579,-1.0158545172395925,3.9404968904758775,True,False,1.0,7.778040035937432e-18,"GJR-GARCH(1,1,1)-t"
12581,-8.277183706924664,-3.3208322992091936,True,False,0.9256358334078004,0.11215708740260251,"GJR-GARCH(1,1,1)-t"
12583,13.464953726218575,18.421305133934045,True,True,0.0,0.9435445863925561,"GJR-GARCH(1,1,1)-t"
12584,55.82761647060833,60.78396787832381,True,True,4.2511615844338765e-13,0.6574302706766432,"GJR-GARCH(1,1,1)-t"
12585,-6.052778271179868,-1.0964268634643979,True,True,0.0,0.3596222939664555,"GJR-GARCH(1,1,1)-t"
12588,-6.822709524916611,-1.8663581172011412,True,True,2.080401029600782e-16,0.9766230443370222,"GJR-GARCH(1,1,1)-t"
12611,-7.671882901395584,-2.715531493680114,True,False,0.0,1.0,"GJR-GARCH(1,1,1)-t"
12633,-19.31648516342507,-14.360133755709601,True,True,0.0,0.9601853422753074,"GJR-GARCH(1,1,1)-t"
12661,13.427570701518313,18.383922109233783,True,True,1.9689294699306074e-18,0.968949366242064,"GJR-GARCH(1,1,1)-t"
12666,-7.058707883777451,-2.1023564760619813,True,True,0.6856436148852868,2.613014785809505e-23,"GJR-GARCH(1,1,1)-t"
12669,51.31216874378109,56.26852015149656,True,True,8.823638573231151e-17,4.552978290327567e-15,"GJR-GARCH(1,1,1)-t"
12676,-4.619194843545198,0.3371565641702716,True,True,2.2159966986004888e-14,0.97804916996175,"GJR-GARCH(1,1,1)-t"
12691,5.431638869425255,10.387990277140725,True,True,2.6393903334852493e-08,0.9556256054291106,"GJR-GARCH(1,1,1)-t"
12694,18.65451167702041,23.610863084735882,True,False,0.0,1.0,"GJR-GARCH(1,1,1)-t"
12703,-12.444727397481305,-7.488375989765835,True,False,2.0912479648875567e-15,1.0,"GJR-GARCH(1,1,1)-t"
12704,17.28921098984002,22.24556239755549,True,True,8.949559804897149e-19,0.10561152053948679,"GJR-GARCH(1,1,1)-t"
12713,6.348898390163789,11.30524979787926,True,True,1.1809218915531763e-13,0.8921484838468933,"GJR-GARCH(1,1,1)-t"
12717,7.751257190907092,12.707608598622562,True,True,0.2346173590097767,0.0,"GJR-GARCH(1,1,1)-t"
12718,21.825149757085473,26.781501164800943,True,False,0.0,1.0,"GJR-GARCH(1,1,1)-t"
12726,-8.59727657070265,-3.6409251629871804,True,False,0.9999999999944175,0.49999999999739414,"GJR-GARCH(1,1,1)-t"
12730,12.691620740254567,17.647972147970037,True,False,0.0,1.0,"GJR-GARCH(1,1,1)-t"
12751,19.943519640196335,24.89987104791181,True,True,0.0,0.0,"GJR-GARCH(1,1,1)-t"
12758,-7.687925067909916,-2.731573660194446,True,False,3.125448682756158e-16,1.0,"GJR-GARCH(1,1,1)-t"
12760,-16.332136836344098,-11.375785428628628,True,True,0.01752481463025735,0.0,"GJR-GARCH(1,1,1)-t"
12780,27.181272850314596,32.137624258030066,True,False,1.0,0.0,"GJR-GARCH(1,1,1)-t"
12782,2.6475992535988446,7.603950661314315,True,False,0.6360526186226945,0.6819736906886544,"GJR-GARCH(1,1,1)-t"
12794,14.954316063645328,19.910667471360796,True,False,1.3509367104961864e-11,0.9999999980079184,"GJR-GARCH(1,1,1)-t"
12797,36.22555142454768,41.18190283226315,True,True,9.251942375966622e-13,0.0,"GJR-GARCH(1,1,1)-t"
12822,-11.564677215643986,-6.608325807928516,True,False,0.9999999999999952,0.11775472538089948,"GJR-GARCH(1,1,1)-t"
12834,-8.520641868918574,-3.564290461203104,True,True,1.4758105414785785e-09,0.9126796020758677,"GJR-GARCH(1,1,1)-t"
12839,5.749635365199904,10.705986772915374,True,True,1.2835496405167378e-15,4.952538310555193e-15,"GJR-GARCH(1,1,1)-t"
12840,9.44069641273213,14.3970478204476,True,False,0.46329179349483246,0.7683541032525881,"GJR-GARCH(1,1,1)-t"
12852,0.6621706778674845,5.6185220855829545,True,True,1.8026188872211302e-11,7.721093551369132e-10,"GJR-GARCH(1,1,1)-t"
12859,5.024974038356685,9.981325446072155,True,True,6.964972442861753e-13,0.9902328682333721,"GJR-GARCH(1,1,1)-t"
12878,24.801868595898444,29.758220003613914,True,True,1.2874102165403087e-13,2.6015801033624454e-13,"GJR-GARCH(1,1,1)-t"
12904,2.8621201605927524,7.818471568308222,True,False,0.0,1.0,"GJR-GARCH(1,1,1)-t"
12905,-0.22531156152414233,4.731039846191328,True,True,2.130564871422335e-12,0.6786261072067062,"GJR-GARCH(1,1,1)-t"
12920,-12.963585764536617,-8.007234356821147,True,True,0.7116224452524732,0.0,"GJR-GARCH(1,1,1)-t"
12923,5.134678098505949,10.09102950622142,True,True,0.0,0.7731040050717742,"GJR-GARCH(1,1,1)-t"
12930,7.962766278170268,12.919117685885738,True,True,0.35056849639197774,0.3028754588411452,"GJR-GARCH(1,1,1)-t"
12935,-0.38591476780115386,4.570436639914316,True,False,3.262010875548318e-17,0.9999999999999998,"GJR-GARCH(1,1,1)-t"
12945,3.7256561597663147,8.682007567481785,True,True,1.4967841469185791e-21,0.8348166773280608,"GJR-GARCH(1,1,1)-t"
12949,1.8092789806737137,6.765630388389184,True,True,1.16009078524534e-12,0.9567651924901418,"GJR-GARCH(1,1,1)-t"
12957,22.490324612926575,27.446676020642045,True,True,0.05129307004874497,0.922015616554638,"GJR-GARCH(1,1,1)-t"
12963,-2.9579522452203157,1.9983991624951543,True,True,0.9498677279979395,1.3793089557511415e-09,"GJR-GARCH(1,1,1)-t"
12964,-9.096114593767371,-4.139763186051901,True,True,0.0,0.9344627232844376,"GJR-GARCH(1,1,1)-t"
12965,4.132338241934718,9.088689649650188,True,True,0.0,7.138949778581712e-13,"GJR-GARCH(1,1,1)-t"
12981,59.97713363983448,64.93348504754995,True,True,2.616793320054888e-16,0.2684282915394899,"GJR-GARCH(1,1,1)-t"
12987,39.52450051525528,44.48085192297076,True,True,6.25904886025126e-16,0.9842097550514299,"GJR-GARCH(1,1,1)-t"
12991,-6.554390896159504,-1.5980394884440337,True,False,0.7708207811815649,0.5198915206023451,"GJR-GARCH(1,1,1)-t"
12996,-5.583950998851158,-0.627599591135688,True,False,0.9999999999999714,2.7814083185367435e-14,"GJR-GARCH(1,1,1)-t"
12998,47.02970691451365,51.98605832222913,True,False,0.9999999999999991,1.2405905564357783e-15,"GJR-GARCH(1,1,1)-t"
13010,-9.701232187368667,-4.744880779653197,True,True,0.0,0.9049101128329052,"GJR-GARCH(1,1,1)-t"
13018,18.73477036899547,23.691121776710936,True,False,1.9002571526833024e-15,0.9999999999999931,"GJR-GARCH(1,1,1)-t"
13019,11.59800496094486,16.55435636866033,True,False,0.4927471113022529,0.7324551050308038,"GJR-GARCH(1,1,1)-t"
13028,3.6766357508732135,8.632987158588683,True,False,9.032477738008654e-24,1.0,"GJR-GARCH(1,1,1)-t"
13039,28.071150065093214,33.02750147280868,True,True,2.8458140992349953e-11,1.4846265750792007e-10,"GJR-GARCH(1,1,1)-t"
13044,14.307694816404167,19.26404622411964,True,True,0.1304083957883918,0.0,"GJR-GARCH(1,1,1)-t"
13071,18.51946952934344,23.47582093705891,True,False,1.0,5.745423050270242e-18,"GJR-GARCH(1,1,1)-t"
13096,-10.863579585760043,-5.907228178044573,True,False,1.0,0.0,"GJR-GARCH(1,1,1)-t"
13097,-6.9004075022963,-1.94405609458083,True,False,0.0,1.0,"GJR-GARCH(1,1,1)-t"
13102,3.3448054415852067,8.301156849300677,True,False,0.0,1.0,"GJR-GARCH(1,1,1)-t"
13124,33.26369225358224,38.22004366129771,True,True,2.3503707565952094e-13,0.6701346968437069,"GJR-GARCH(1,1,1)-t"
13140,15.993066456656566,20.949417864372037,True,True,0.13080098353101796,1.3860127978902403e-25,"GJR-GARCH(1,1,1)-t"
13148,18.367602554931743,23.323953962647217,True,True,5.867990867932844e-17,0.7546817167021538,"GJR-GARCH(1,1,1)-t"
13150,-4.783408910257226,0.1729424974582443,True,False,1.4415322129947881e-15,1.0,"GJR-GARCH(1,1,1)-t"
13159,8.851347445964674,13.807698853680144,True,True,2.0016569061506858e-15,0.0,"GJR-GARCH(1,1,1)-t"
13160,-20.924923308602587,-15.968571900887117,True,True,1.958830767281185e-12,0.0,"GJR-GARCH(1,1,1)-t"
13163,2.4621668876947815,7.4185182954102515,True,False,0.9999999999999966,6.015970610979958e-15,"GJR-GARCH(1,1,1)-t"
13180,6.07929775895839,11.03564916667386,True,True,5.063841513547093e-15,0.9583530156588699,"GJR-GARCH(1,1,1)-t"
13187,11.784346221247521,16.74069762896299,True,True,0.0,0.9902104919057285,"GJR-GARCH(1,1,1)-t"
13196,3.2664696284893058,8.222821036204776,True,True,0.7262193869451401,2.011375574057157e-11,"GJR-GARCH(1,1,1)-t"
13207,21.17447662094543,26.1308280286609,True,False,4.727053848134916e-16,0.9999999999999988,"GJR-GARCH(1,1,1)-t"
13217,5.694450595235427,10.650802002950897,True,True,0.0,7.294214042861941e-12,"GJR-GARCH(1,1,1)-t"
13235,8.744575694367498,13.700927102082968,True,False,8.93070316350102e-19,1.0,"GJR-GARCH(1,1,1)-t"
13240,6.929460147460798,11.885811555176268,True,True,7.085663462147039e-15,0.9623909846848993,"GJR-GARCH(1,1,1)-t"
13241,35.48844352335027,40.44479493106574,True,False,2.2734524570099064e-17,0.9999999999999998,"GJR-GARCH(1,1,1)-t"
13269,-13.01779803568613,-8.06144662797066,True,True,2.765644034277908e-12,0.9663738126584469,"GJR-GARCH(1,1,1)-t"
13276,-22.505511110238245,-17.549159702522775,True,False,0.8333214023983536,0.5833392899627672,"GJR-GARCH(1,1,1)-t"
13279,2.249079055501257,7.205430463216727,True,True,1.3050668162913166e-18,0.8235512449421063,"GJR-GARCH(1,1,1)-t"
13294,9.107781364438276,14.064132772153746,True,True,0.0,0.0,"GJR-GARCH(1,1,1)-t"
13302,6.859136850789065,11.815488258504535,True,True,3.656286963067853e-14,0.14702730958278012,"GJR-GARCH(1,1,1)-t"
13305,5.600996873359609,10.557348281075079,True,True,1.242976919841374e-17,0.7589940433723317,"GJR-GARCH(1,1,1)-t"
13316,40.69967450167407,45.65602590938954,True,False,4.6719225299308776e-15,0.9999999999998205,"GJR-GARCH(1,1,1)-t"
13318,-5.794848620419142,-0.8384972127036718,True,True,0.0,0.0,"GJR-GARCH(1,1,1)-t"
13321,3.6369402732672818,8.593291680982752,True,True,1.647337589676913e-14,3.648452010228563e-14,"GJR-GARCH(1,1,1)-t"
13324,-5.479873826834627,-0.523522419119157,True,False,0.01967726171509266,0.9901613691424384,"GJR-GARCH(1,1,1)-t"
13328,4.376313928474936,9.332665336190406,True,True,0.0,1.6492365571466718e-13,"GJR-GARCH(1,1,1)-t"
13350,16.588633950108324,21.544985357823794,True,True,4.261962469628565e-14,7.58983062320281e-13,"GJR-GARCH(1,1,1)-t"
13354,-22.1596992147292,-17.20334780701373,True,True,1.7144908837283686e-19,1.1429939224855786e-19,"GJR-GARCH(1,1,1)-t"
13362,-19.069784095594976,-14.113432687879506,True,True,6.9455463096018636e-15,0.1923784655147989,"GJR-GARCH(1,1,1)-t"
13368,19.49903050512853,24.455381912844,True,True,1.9158991755524097e-14,0.9425271516590521,"GJR-GARCH(1,1,1)-t"
13377,4.493373822622649,9.44972523033812,True,True,6.357413395891136e-18,0.006149746834696603,"GJR-GARCH(1,1,1)-t"
13382,14.382472167250107,19.338823574965577,True,True,4.940794764962287e-15,1.538630507101986e-14,"GJR-GARCH(1,1,1)-t"
13393,7.556982783944868,12.513334191660338,True,False,5.923331154765488e-15,0.9999999999999851,"GJR-GARCH(1,1,1)-t"
13394,-3.319236170481034,1.6371152372344362,True,True,0.0,0.6355749886281455,"GJR-GARCH(1,1,1)-t"
13398,-9.781657316110302,-4.8253059083948315,True,False,5.7567223902934e-16,0.9999999999999989,"GJR-GARCH(1,1,1)-t"
13410,-15.76128701969958,-10.80493561198411,True,True,3.6601273737052353e-19,3.404710067791322e-14,"GJR-GARCH(1,1,1)-t"
13417,37.83694497713512,42.79329638485059,True,False,0.0,1.0,"GJR-GARCH(1,1,1)-t"
13421,10.63440325676202,15.59075466447749,True,False,0.0,1.0,"GJR-GARCH(1,1,1)-t"
13425,5.973331251983982,10.929682659699452,True,True,4.5990150862896535e-20,0.9534363536511982,"GJR-GARCH(1,1,1)-t"
13432,-7.748166571264559,-2.7918151635490887,True,True,0.0,2.835496254532464e-11,"GJR-GARCH(1,1,1)-t"
13436,17.177152498716023,22.133503906431493,True,True,8.700806236253308e-18,0.8670458302715822,"GJR-GARCH(1,1,1)-t"
13451,-7.696096321873185,-2.739744914157715,True,False,0.22009179142385307,0.8899541042880736,"GJR-GARCH(1,1,1)-t"
13452,14.752414441317494,19.708765849032964,True,True,0.0,0.9915931496880802,"GJR-GARCH(1,1,1)-t"
13473,-6.35194391493318,-1.3955925072177102,True,False,0.0,1.0,"GJR-GARCH(1,1,1)-t"
13480,-11.05583007884848,-6.09947867113301,True,True,7.92655204032195e-15,0.5542011086619261,"GJR-GARCH(1,1,1)-t"
13484,-1.3021055651900717,3.6542458425253983,True,False,1.0,0.0,"GJR-GARCH(1,1,1)-t"
13488,5.3201492981902945,10.276500705905764,True,True,0.0,0.7956601640349786,"GJR-GARCH(1,1,1)-t"
13491,13.54989205674327,18.50624346445874,True,True,0.0,0.0,"GJR-GARCH(1,1,1)-t"
13495,-21.437958145314248,-16.481606737598778,True,True,1.9059102122710357e-15,0.7344000197469185,"GJR-GARCH(1,1,1)-t"
13500,5.369713655757055,10.326065063472525,True,True,0.5978045240063932,0.0038904561455658316,"GJR-GARCH(1,1,1)-t"
13501,-26.0039766395592,-21.04762523184373,True,True,3.861365549795421e-11,0.15294180053435114,"GJR-GARCH(1,1,1)-t"
13503,28.216444117061705,33.17279552477718,True,True,0.5251543433174566,0.3771453624208002,"GJR-GARCH(1,1,1)-t"
13513,9.375678675569635,14.332030083285105,True,True,3.592818717196151e-16,0.0714549895892789,"GJR-GARCH(1,1,1)-t"
13514,7.026781623188844,11.983133030904314,True,True,0.056285638057880734,1.1664531164319808e-13,"GJR-GARCH(1,1,1)-t"
13523,-15.23100848440166,-10.27465707668619,True,True,2.1648895346856447e-19,0.160476995109772,"GJR-GARCH(1,1,1)-t"
13529,34.535697219420115,39.49204862713559,True,False,0.8352578026173136,0.2226949176462205,"GJR-GARCH(1,1,1)-t"
13531,-24.187279407246564,-19.230927999531094,True,True,4.6666107934210116e-14,0.6209729390903986,"GJR-GARCH(1,1,1)-t"
13533,-23.427947081588577,-18.471595673873107,True,True,1.1046769067770366e-15,0.04647764087917705,"GJR-GARCH(1,1,1)-t"
13552,12.485690579925063,17.442041987640533,True,False,0.922202436347912,0.5287412214670557,"GJR-GARCH(1,1,1)-t"
13560,14.843069110399892,19.79942051811536,True,True,9.486489996131395e-18,0.8397590664391645,"GJR-GARCH(1,1,1)-t"
13567,2.970002686327927,7.926354094043397,True,True,2.0268369516510813e-14,0.9632816682110196,"GJR-GARCH(1,1,1)-t"
13579,17.800117714992115,22.756469122707585,True,True,3.395792228232719e-19,2.569644157941403e-12,"GJR-GARCH(1,1,1)-t"
13586,-5.646438962037706,-0.6900875543222362,True,True,0.0,0.7649986387994444,"GJR-GARCH(1,1,1)-t"
13594,0.7023276704891028,5.658679078204573,True,True,0.0,0.6567302745212459,"GJR-GARCH(1,1,1)-t"
13595,26.605257355493883,31.56160876320935,True,False,3.201964140639011e-15,1.0,"GJR-GARCH(1,1,1)-t"
13598,-5.857610849430436,-0.9012594417149664,True,False,1.0,2.7355895326763867e-18,"GJR-GARCH(1,1,1)-t"
13599,0.5135895692311436,5.469940976946614,True,True,0.0,0.6613376974667012,"GJR-GARCH(1,1,1)-t"
13602,-11.845516105536149,-6.889164697820679,True,True,0.0,0.983202040085628,"GJR-GARCH(1,1,1)-t"
13614,32.079793206793354,37.03614461450883,True,True,0.0,0.974194626197928,"GJR-GARCH(1,1,1)-t"
13626,3.165406145737416,8.121757553452886,True,True,0.0,0.6029088801952135,"GJR-GARCH(1,1,1)-t"
13627,-9.136002630675694,-4.179651222960224,True,True,4.9999277247008554e-12,0.9518707734757538,"GJR-GARCH(1,1,1)-t"
13643,1.7292854437736942,6.685636851489164,True,True,3.0127019529206334e-19,0.4576066675098478,"GJR-GARCH(1,1,1)-t"
13646,16.949044451035224,21.905395858750694,True,True,0.057873074623078814,3.2312949665375704e-18,"GJR-GARCH(1,1,1)-t"
13650,23.371153883624174,28.327505291339648,True,True,0.0,0.9697241079019217,"GJR-GARCH(1,1,1)-t"
13655,-11.245930324241613,-6.289578916526143,True,False,0.6751207467104369,0.6624396266122388,"GJR-GARCH(1,1,1)-t"
13662,-13.31392223615303,-8.35757082843756,True,False,0.9999999999990296,0.4148622933188148,"GJR-GARCH(1,1,1)-t"
13663,-6.770895768409371,-1.8145443606939011,True,True,0.0,0.43400740134808685,"GJR-GARCH(1,1,1)-t"
13673,-2.7831881301607027,2.1731632775547673,True,False,1.3951107838768144e-13,0.999999999998166,"GJR-GARCH(1,1,1)-t"
13678,-10.061896723576158,-5.105545315860688,True,True,0.20428801405796204,3.655342812686034e-15,"GJR-GARCH(1,1,1)-t"
13699,8.805388352812919,13.761739760528389,True,True,4.35660350910134e-16,0.0,"GJR-GARCH(1,1,1)-t"
13707,28.198541554642986,33.15489296235845,True,False,1.820572066302887e-18,1.0,"GJR-GARCH(1,1,1)-t"
13710,6.742571493914362,11.698922901629832,True,False,0.29026172928249666,0.7618859124762917,"GJR-GARCH(1,1,1)-t"
13720,0.44613328158560606,5.402484689301076,True,True,0.0,0.680698552946014,"GJR-GARCH(1,1,1)-t"
13729,-0.2398144465416685,4.7165369611738015,True,False,0.29444311567305326,0.8527784421630307,"GJR-GARCH(1,1,1)-t"
13735,85.63842115627044,90.59477256398591,True,False,0.388719579369952,0.6932074752790541,"GJR-GARCH(1,1,1)-t"
13737,8.829194826657794,13.785546234373264,True,True,0.0,0.0,"GJR-GARCH(1,1,1)-t"
13745,20.954902410210046,25.911253817925516,True,True,1.505102453012916e-14,0.5141740841895246,"GJR-GARCH(1,1,1)-t"
13762,-30.429082637884477,-25.472731230169007,True,True,0.4692802983567665,0.4600888581743015,"GJR-GARCH(1,1,1)-t"
13763,-4.280640807159099,0.6757106005563713,True,False,1.0,0.5,"GJR-GARCH(1,1,1)-t"
13771,6.193385748032778,11.149737155748248,True,True,1.7599304833819257e-15,0.630913197819268,"GJR-GARCH(1,1,1)-t"
13775,26.169183805805563,31.125535213521033,True,True,1.091360324121198e-13,0.815559984230895,"GJR-GARCH(1,1,1)-t"
13791,14.655040843917286,19.611392251632758,True,True,5.424129099068791e-13,0.4904976213575512,"GJR-GARCH(1,1,1)-t"
13792,0.16681435856410332,5.123165766279573,True,True,0.0,0.49217285164336383,"GJR-GARCH(1,1,1)-t"
13798,1.0430021005547019,5.999353508270172,True,True,1.2033229664969436e-12,3.555011054627262e-12,"GJR-GARCH(1,1,1)-t"
13821,-1.6881448045905767,3.2682066031248933,True,True,8.4563601938487e-18,0.7550503303932244,"GJR-GARCH(1,1,1)-t"
13822,15.685212845259521,20.64156425297499,True,True,0.11166597648250962,8.602013013112261e-13,"GJR-GARCH(1,1,1)-t"
13838,23.511618265048575,28.46796967276405,True,True,0.2160065005076286,2.2200721329970352e-16,"GJR-GARCH(1,1,1)-t"
13851,67.78031287612865,72.73666428384412,True,True,1.9627436326591655e-15,0.39124377128465776,"GJR-GARCH(1,1,1)-t"
13857,1.0703181897720064,6.026669597487476,True,True,5.89680065267926e-14,0.8291595461140282,"GJR-GARCH(1,1,1)-t"
13868,11.333924851218699,16.29027625893417,True,False,0.31878746057915186,0.6807405894027667,"GJR-GARCH(1,1,1)-t"
13872,18.227900289851018,23.184251697566488,True,True,0.2808360901315043,4.455603267998655e-21,"GJR-GARCH(1,1,1)-t"
13880,-0.32326637557287263,4.633085032142597,True,False,2.0220134673781924e-12,0.9999999999415009,"GJR-GARCH(1,1,1)-t"
13891,-14.217656425076438,-9.261305017360968,True,False,1.0,0.0,"GJR-GARCH(1,1,1)-t"
13900,-1.856657737416107,3.099693670299363,True,False,0.7115751838743687,0.5201366001919935,"GJR-GARCH(1,1,1)-t"
13912,-5.340948242317058,-0.384596834601588,True,True,6.581042774311242e-21,0.8061940128541183,"GJR-GARCH(1,1,1)-t"
13920,15.431833381508504,20.388184789223974,True,False,0.0,0.9999999999999418,"GJR-GARCH(1,1,1)-t"
13928,12.306281475461555,17.262632883177023,True,True,0.0,0.7713175552280052,"GJR-GARCH(1,1,1)-t"
13936,-22.948015553183424,-17.991664145467954,True,True,1.7344708205743737e-11,2.477263341927261e-10,"GJR-GARCH(1,1,1)-t"
13941,16.119077629601428,21.075429037316898,True,True,1.2548759296692246e-19,0.43191623080400054,"GJR-GARCH(1,1,1)-t"
13948,44.83859822504246,49.79494963275793,True,False,0.9999999297878621,2.267519636991003e-09,"GJR-GARCH(1,1,1)-t"
13949,3.4409408540785957,8.397292261794066,True,True,3.801017529650853e-15,0.9872895992152885,"GJR-GARCH(1,1,1)-t"
13960,-29.02233068897936,-24.06597928126389,True,True,6.688522357964813e-15,2.5238208846485512e-14,"GJR-GARCH(1,1,1)-t"
13968,5.123930684168187,10.080282091883657,True,False,0.9999999999794333,1.5320264424712398e-11,"GJR-GARCH(1,1,1)-t"
13971,-5.46826771232643,-0.5119163046109598,True,True,7.597598676689575e-14,0.9065473142263849,"GJR-GARCH(1,1,1)-t"
13980,22.735635093048522,27.691986500763996,True,True,0.01807665014124596,0.0,"GJR-GARCH(1,1,1)-t"
13983,-2.6280931236513894,2.3282582840640806,True,False,0.0,0.9999999999256113,"GJR-GARCH(1,1,1)-t"
13986,19.19946733714204,24.15581874485751,True,False,4.000154465244979e-16,0.9999999999999986,"GJR-GARCH(1,1,1)-t"
13989,-2.7412819251925704,2.2150694825228996,True,True,3.828277302690881e-07,7.652027639059742e-07,"GJR-GARCH(1,1,1)-t"
14001,5.088570527174866,10.044921934890336,True,True,0.0,3.7057936572429836e-14,"GJR-GARCH(1,1,1)-t"
14004,0.21757761596599678,5.173929023681467,True,False,4.751189916513968e-16,1.0,"GJR-GARCH(1,1,1)-t"
14016,-14.978454830939487,-10.022103423224017,True,True,0.0,0.8028115222719192,"GJR-GARCH(1,1,1)-t"
14021,-7.147070230440118,-2.190718822724648,True,False,1.0,0.31409456904001337,"GJR-GARCH(1,1,1)-t"
14054,19.651969689351766,24.608321097067236,True,True,0.0,0.940693607291068,"GJR-GARCH(1,1,1)-t"
14061,7.394088220095389,12.350439627810859,True,True,5.2224162764847505e-14,2.519064928774032e-13,"GJR-GARCH(1,1,1)-t"
14065,-15.739292279117805,-10.782940871402335,True,True,0.4494422010969594,2.0334560538174195e-17,"GJR-GARCH(1,1,1)-t"
14077,-17.588486743988607,-12.632135336273137,True,True,0.0,0.9924274334462062,"GJR-GARCH(1,1,1)-t"
14079,22.746852386009856,27.703203793725326,True,False,0.04177550513445165,0.9745612914124869,"GJR-GARCH(1,1,1)-t"
14080,-15.061072637474833,-10.104721229759363,True,True,0.0,0.9327842635721746,"GJR-GARCH(1,1,1)-t"
14088,-8.50803550531866,-3.5516840976031894,True,True,0.21854039314483403,4.6370473547101536e-14,"GJR-GARCH(1,1,1)-t"
14093,-12.522474469675846,-7.566123061960376,True,True,7.111429638878853e-20,0.04309404259317667,"GJR-GARCH(1,1,1)-t"
14105,-11.131880960959403,-6.175529553243933,True,True,0.29435408491206055,3.30137597389974e-11,"GJR-GARCH(1,1,1)-t"
14111,18.246456558654447,23.202807966369917,True,True,3.6146271664940385e-14,0.005303987121302337,"GJR-GARCH(1,1,1)-t"
14125,26.788771381023736,31.74512278873921,True,True,6.747106955367884e-21,0.171200429466038,"GJR-GARCH(1,1,1)-t"
14126,14.985378615062876,19.941730022778344,True,True,2.487241164746469e-16,0.375161951085151,"GJR-GARCH(1,1,1)-t"
14169,13.947457503854638,18.903808911570106,True,True,0.0,0.9588536930758692,"GJR-GARCH(1,1,1)-t"
14171,24.24641182218086,29.20276322989633,True,True,7.031650966892376e-14,0.8368929766419504,"GJR-GARCH(1,1,1)-t"
14176,5.077783253982194,10.034134661697664,True,True,2.9230795880861102e-12,0.9676481220427282,"GJR-GARCH(1,1,1)-t"
14177,10.902605480792506,15.858956888507976,True,True,1.620435504866356e-13,0.8834473671530589,"GJR-GARCH(1,1,1)-t"
14183,-20.14426943152764,-15.18791802381217,True,True,5.587582860256537e-19,0.8557453145610879,"GJR-GARCH(1,1,1)-t"
14205,39.2361885597558,44.192539967471276,True,True,0.0,0.7243335102815056,"GJR-GARCH(1,1,1)-t"
14215,13.159665078700659,18.11601648641613,True,True,0.0,0.8610022593428396,"GJR-GARCH(1,1,1)-t"
14218,2.1782626199319033,7.134614027647373,True,True,3.7629508676541405e-13,0.3748330023272399,"GJR-GARCH(1,1,1)-t"
14234,10.82832402455589,15.78467543227136,True,True,2.2162670811458737e-14,0.9600988302515955,"GJR-GARCH(1,1,1)-t"
14235,2.530116654668449,7.486468062383919,True,False,0.23040933385225273,0.8220312563104809,"GJR-GARCH(1,1,1)-t"
14243,20.82860059797643,25.7849520056919,True,True,0.33822239827309875,0.5473114416340004,"GJR-GARCH(1,1,1)-t"
14246,-10.004735327807154,-5.048383920091684,True,True,2.1047502751657836e-16,6.736022573255085e-15,"GJR-GARCH(1,1,1)-t"
14247,-4.999013366287205,-0.042661958571734715,True,False,0.9999999999999997,0.12558938212163323,"GJR-GARCH(1,1,1)-t"
14263,-18.159972495023688,-13.203621087308218,True,False,0.0,1.0,"GJR-GARCH(1,1,1)-t"
14273,-12.295781020812566,-7.339429613097096,True,True,1.3159866953803014e-17,0.7713974081521038,"GJR-GARCH(1,1,1)-t"
14276,63.38300694801822,68.3393583557337,True,True,0.1860590617912574,6.524456647046268e-14,"GJR-GARCH(1,1,1)-t"
14278,28.751689471488543,33.70804087920401,True,False,1.0,0.0,"GJR-GARCH(1,1,1)-t"
14279,-9.522316119636294,-4.565964711920824,True,True,0.11245025528514899,0.0,"GJR-GARCH(1,1,1)-t"
14280,-16.530947527453897,-11.574596119738427,True,True,0.0,0.0,"GJR-GARCH(1,1,1)-t"
14285,-2.6070934007427375,2.3492580069727325,True,False,0.0,1.0,"GJR-GARCH(1,1,1)-t"
14297,-3.2223458621096555,1.7340055456058145,True,False,0.9999999999957779,0.32741386159365626,"GJR-GARCH(1,1,1)-t"
14305,-16.799624684745172,-11.843273277029702,True,False,0.0,0.9999999999999747,"GJR-GARCH(1,1,1)-t"
14311,-22.736430184675285,-17.780078776959815,True,True,0.0,0.8466666871401688,"GJR-GARCH(1,1,1)-t"
14312,-6.191122515890218,-1.2347711081747477,True,True,0.0,0.9841912772927343,"GJR-GARCH(1,1,1)-t"
14316,8.005997512516513,12.962348920231983,True,True,2.359272595096208e-16,0.8058890060401601,"GJR-GARCH(1,1,1)-t"
14319,-13.734122660128993,-8.777771252413523,True,False,0.0,1.0,"GJR-GARCH(1,1,1)-t"
14326,-8.45944835155036,-3.5030969438348905,True,False,2.4844429598267917e-13,0.9999999999793131,"GJR-GARCH(1,1,1)-t"
14341,3.2090474977334704,8.16539890544894,True,True,6.33465019184456e-15,0.98774847845389,"GJR-GARCH(1,1,1)-t"
14350,-8.859747391881935,-3.9033959841664654,True,True,0.8199042402950012,8.034529762846438e-16,"GJR-GARCH(1,1,1)-t"
14356,-22.0827162374869,-17.12636482977143,True,True,0.0,0.8875453270122908,"GJR-GARCH(1,1,1)-t"
14361,-30.004201522076976,-25.047850114361506,True,False,3.464612403604483e-13,0.9999999999933137,"GJR-GARCH(1,1,1)-t"
14389,23.752179578205475,28.708530985920945,True,False,0.0,1.0,"GJR-GARCH(1,1,1)-t"
14416,0.5245988375090143,5.480950245224484,True,True,0.0,0.96802972047104,"GJR-GARCH(1,1,1)-t"
14420,12.638010620756802,17.594362028472272,True,True,1.5852073188524402e-15,0.4622168794264823,"GJR-GARCH(1,1,1)-t"
14422,0.024373804013281486,4.9807252117287515,True,True,0.2642456786302903,3.667865412549538e-27,"GJR-GARCH(1,1,1)-t"
14423,-16.67283629164768,-11.71648488393221,True,False,0.9999999991622861,3.302388437013898e-10,"GJR-GARCH(1,1,1)-t"
14435,-0.1780837910359523,4.778267616679518,True,True,0.7999012019062574,9.237391831599557e-11,"GJR-GARCH(1,1,1)-t"
14442,13.495120975825474,18.451472383540942,True,True,2.0189516628738246e-13,2.733813549194398e-13,"GJR-GARCH(1,1,1)-t"
14445,1.0654063541584566,6.021757761873927,True,True,0.007464282030495479,0.9663788494265524,"GJR-GARCH(1,1,1)-t"
14447,23.385049539303733,28.341400947019203,True,True,0.0,0.2668889686808883,"GJR-GARCH(1,1,1)-t"
14449,-6.688037237834667,-1.731685830119197,True,False,3.721715084895729e-18,0.9999999999999999,"GJR-GARCH(1,1,1)-t"
14452,1.7546885915029815,6.7110399992184515,True,False,6.877325651037249e-15,0.9999999999998712,"GJR-GARCH(1,1,1)-t"
14464,-7.3054130393679095,-2.3490616316524395,True,True,0.0,0.0,"GJR-GARCH(1,1,1)-t"
14465,-2.198791049619796,2.757560358095674,True,True,0.34846371816468197,0.10414224879880718,"GJR-GARCH(1,1,1)-t"
14476,9.348487452389886,14.304838860105356,True,True,0.824082956291838,1.1876860321906854e-10,"GJR-GARCH(1,1,1)-t"
14483,-1.6652798171044072,3.291071590611063,True,True,3.625534993822381e-19,0.4420412223507873,"GJR-GARCH(1,1,1)-t"
14487,3.6770032076932058,8.633354615408676,True,True,0.1906038409647428,0.0,"GJR-GARCH(1,1,1)-t"
14494,-15.890750750966006,-10.934399343250536,True,True,1.1242951635786303e-17,0.5423117355936737,"GJR-GARCH(1,1,1)-t"
14501,5.43732423471171,10.39367564242718,True,True,0.5317947219864351,0.0,"GJR-GARCH(1,1,1)-t"
14504,3.599874456728241,8.55622586444371,True,False,0.45083606375606294,0.7745819681220524,"GJR-GARCH(1,1,1)-t"
14510,-1.0920269233974338,3.864324484318036,True,False,4.3761626740310996e-14,0.9999999999998924,"GJR-GARCH(1,1,1)-t"
14547,16.035659045189703,20.99201045290517,True,False,0.0,1.0,"GJR-GARCH(1,1,1)-t"
14549,9.098530106921366,14.054881514636836,True,True,1.2220129420460926e-15,0.9352711471256031,"GJR-GARCH(1,1,1)-t"
14561,20.880933884691625,25.837285292407095,True,False,5.360284358988301e-16,1.0,"GJR-GARCH(1,1,1)-t"
14564,34.99773178991788,39.954083197633345,True,True,4.343536381929534e-15,0.6197073939913134,"GJR-GARCH(1,1,1)-t"
14572,-22.06518315147222,-17.10883174375675,True,False,0.06663707119132607,0.9326657406291462,"GJR-GARCH(1,1,1)-t"
14573,1.5193485739539394,6.475699981669409,True,True,1.3349955334901052e-12,0.0,"GJR-GARCH(1,1,1)-t"
14579,14.670246649223387,19.626598056938857,True,True,5.168571671461984e-13,0.6906191016434841,"GJR-GARCH(1,1,1)-t"
14582,50.271507046220755,55.22785845393622,True,True,3.428822201875129e-14,0.9800839754863964,"GJR-GARCH(1,1,1)-t"
14601,4.300371871264986,9.256723278980456,True,True,9.898783159810763e-16,0.6518708618449645,"GJR-GARCH(1,1,1)-t"
14619,-4.7640578284871005,0.19229357922836954,True,True,0.2807213241547461,0.025328835265043596,"GJR-GARCH(1,1,1)-t"
14623,1.6995474697632478,6.655898877478718,True,True,0.0,0.6030892263134363,"GJR-GARCH(1,1,1)-t"
14629,13.573155346456419,18.52950675417189,True,True,2.845937337369095e-13,2.8742026440406612e-11,"GJR-GARCH(1,1,1)-t"
14632,25.353326205742164,30.309677613457637,True,True,0.0,0.9549144244998398,"GJR-GARCH(1,1,1)-t"
14635,5.137041119984978,10.093392527700448,True,True,2.427373627844271e-13,0.9748268288282398,"GJR-GARCH(1,1,1)-t"
14646,-1.0108315344093644,3.9455198733061057,True,True,0.13348176254619792,0.4795774130440838,"GJR-GARCH(1,1,1)-t"
14648,13.615435913587458,18.571787321302928,True,True,0.16357461071792034,0.5876114605752744,"GJR-GARCH(1,1,1)-t"
14697,19.027755909349708,23.984107317065174,True,True,8.340642464049838e-11,0.6377562533427885,"GJR-GARCH(1,1,1)-t"
14714,-12.524059382882431,-7.567707975166961,True,True,2.7350527683732754e-15,0.41799905953299177,"GJR-GARCH(1,1,1)-t"
14715,-14.257708658666886,-9.301357250951416,True,False,0.9999999999992382,5.298772772511781e-12,"GJR-GARCH(1,1,1)-t"
14721,0.2926616455901794,5.249013053305649,True,True,0.31512095571796395,0.5632965813897561,"GJR-GARCH(1,1,1)-t"
14730,-6.712876098252323,-1.7565246905368532,True,True,0.0,9.093097462172072e-13,"GJR-GARCH(1,1,1)-t"
14733,-2.5183079416755803,2.4380434660398898,True,False,2.192401711359262e-10,1.0,"GJR-GARCH(1,1,1)-t"
14738,4.419132557566547,9.375483965282017,True,True,2.0622213371838565e-15,0.6274803716535541,"GJR-GARCH(1,1,1)-t"
14740,-16.378283998535373,-11.421932590819903,True,True,8.67260818350982e-18,0.8477170380697856,"GJR-GARCH(1,1,1)-t"
14749,-2.604506503451546,2.351844904263924,True,True,0.0,0.9702146547429031,"GJR-GARCH(1,1,1)-t"
14751,55.466468820572764,60.42282022828823,True,True,0.0,0.9685583898076927,"GJR-GARCH(1,1,1)-t"
14752,5.02521094143723,9.9815623491527,True,False,0.2995759990144929,0.7367257296305688,"GJR-GARCH(1,1,1)-t"
14754,7.2515434650046675,12.207894872720138,True,True,0.0,0.655115393362768,"GJR-GARCH(1,1,1)-t"
14769,-12.088602885505196,-7.132251477789726,True,False,0.0,1.0,"GJR-GARCH(1,1,1)-t"
14795,-3.5478076498194824,1.4085437578959876,True,False,0.19488184096587213,0.8365180947097799,"GJR-GARCH(1,1,1)-t"
14797,-12.379897523906038,-7.423546116190568,True,False,1.0,0.0,"GJR-GARCH(1,1,1)-t"
14800,-21.58173728940428,-16.62538588168881,True,True,0.48411761149046595,9.01551424037528e-13,"GJR-GARCH(1,1,1)-t"
14807,30.509207727526544,35.46555913524202,True,True,4.268594237540994e-15,3.5365267259882436e-14,"GJR-GARCH(1,1,1)-t"
14809,-0.1676870694433834,4.788664338272087,True,True,0.0,0.7833650627406602,"GJR-GARCH(1,1,1)-t"
14810,5.653488452843245,10.609839860558715,True,True,7.181731495416524e-15,6.135724025408208e-14,"GJR-GARCH(1,1,1)-t"
14813,-33.136401200350356,-28.180049792634886,True,True,0.0,0.8168359774953582,"GJR-GARCH(1,1,1)-t"
14817,18.608573949826777,23.564925357542243,True,False,1.9679845947025046e-16,0.9999999999998704,"GJR-GARCH(1,1,1)-t"
14836,29.709556551167964,34.66590795888344,True,True,0.010791313152018847,0.3210672497515527,"GJR-GARCH(1,1,1)-t"
14838,19.3216782994035,24.278029707118975,True,False,2.3169486798771867e-19,1.0,"GJR-GARCH(1,1,1)-t"
14842,-27.747465843913382,-22.791114436197912,True,True,3.840025289249607e-13,0.6044238729596809,"GJR-GARCH(1,1,1)-t"
14857,-17.296376650660772,-12.340025242945302,True,True,0.0,0.4035509976555625,"GJR-GARCH(1,1,1)-t"
14866,18.145964764690138,23.102316172405608,True,True,8.249120869338404e-16,0.9087888804384779,"GJR-GARCH(1,1,1)-t"
14869,-12.605107524954672,-7.648756117239202,True,True,2.2066068705455145e-14,0.9313178805121632,"GJR-GARCH(1,1,1)-t"
14886,11.557101538961062,16.51345294667653,True,True,8.559168037900599e-13,0.9703695705090425,"GJR-GARCH(1,1,1)-t"
14895,3.61350162662087,8.56985303433634,True,False,1.2141883749049213e-13,0.9999999999882687,"GJR-GARCH(1,1,1)-t"
14897,0.9383700139199096,5.89472142163538,True,True,0.0,0.7794814807282507,"GJR-GARCH(1,1,1)-t"
14906,15.391283060326947,20.34763446804242,True,True,7.066041893406893e-11,0.6195291972334787,"GJR-GARCH(1,1,1)-t"
14908,27.172225312324525,32.128576720039995,True,True,0.7362169042044847,0.016607416562603585,"GJR-GARCH(1,1,1)-t"
14909,-14.88648618710047,-9.930134779385,True,True,7.505245131088723e-16,1.134646349345322e-15,"GJR-GARCH(1,1,1)-t"
14912,-22.435815312819933,-17.479463905104463,True,True,0.0,0.9765550199701262,"GJR-GARCH(1,1,1)-t"
14913,-11.205332807838257,-6.248981400122787,True,True,1.1614364868976483e-11,0.8471593230232236,"GJR-GARCH(1,1,1)-t"
14916,1.8940674764514878,6.850418884166958,True,True,0.0,0.9406373619194138,"GJR-GARCH(1,1,1)-t"
14918,22.440157446717993,27.396508854433463,True,False,3.079975998185321e-08,1.0,"GJR-GARCH(1,1,1)-t"
14924,1.2085245956913155,6.1648760034067855,True,True,0.0,0.9840439149306883,"GJR-GARCH(1,1,1)-t"
14926,-14.867379665845775,-9.911028258130305,True,False,0.0,1.0,"GJR-GARCH(1,1,1)-t"
14928,-7.358153929572499,-2.4018025218570287,True,True,4.319992508821376e-10,0.0739862197646484,"GJR-GARCH(1,1,1)-t"
14951,10.272946571467594,15.229297979183064,True,True,0.0,0.9724819965321326,"GJR-GARCH(1,1,1)-t"
14970,-9.943238673337504,-4.986887265622034,True,True,0.0,0.984389726359753,"GJR-GARCH(1,1,1)-t"
14976,12.441007667303573,17.397359075019043,True,True,8.905929120500695e-14,0.9517029762698604,"GJR-GARCH(1,1,1)-t"
14977,5.76890364181885,10.72525504953432,True,True,2.073233704265275e-15,0.20273966661497225,"GJR-GARCH(1,1,1)-t"
14979,11.337644065975939,16.293995473691407,True,True,0.5891063461269387,0.3804576808474362,"GJR-GARCH(1,1,1)-t"
14982,3.322673771282993,8.279025178998463,True,True,3.0544276232097727e-16,9.046774140102777e-17,"GJR-GARCH(1,1,1)-t"
14994,-19.848095928433757,-14.891744520718287,True,True,3.726809252563093e-17,0.8085010888658875,"GJR-GARCH(1,1,1)-t"
14995,-6.045518934323372,-1.089167526607902,True,True,0.0,0.843711313449998,"GJR-GARCH(1,1,1)-t"
15008,-7.175318456670457,-2.218967048954987,True,True,4.968177478181062e-16,0.3071936080287374,"GJR-GARCH(1,1,1)-t"
15010,5.587346517758734,10.543697925474204,True,True,0.020257792424262188,0.9347296730791358,"GJR-GARCH(1,1,1)-t"
15035,-12.914798788671174,-7.958447380955704,True,True,0.06538469680608444,0.9123029415981944,"GJR-GARCH(1,1,1)-t"
15038,7.567939140112584,12.524290547828054,True,True,2.0175074034589507e-15,0.0,"GJR-GARCH(1,1,1)-t"
15042,1.1745199821920256,6.130871389907496,True,True,2.4473818334735445e-14,2.8123560760708732e-14,"GJR-GARCH(1,1,1)-t"
15048,-6.095481959926499,-1.1391305522110287,True,False,1.0,0.48394118245280376,"GJR-GARCH(1,1,1)-t"
15061,34.26897215885363,39.225323566569095,True,True,0.0,0.7108073079950564,"GJR-GARCH(1,1,1)-t"
15063,11.25872642431597,16.21507783203144,True,True,0.1211247709799135,0.04015055841219206,"GJR-GARCH(1,1,1)-t"
15092,26.38988604171742,31.34623744943289,True,True,8.247338406758489e-17,0.6746358294222483,"GJR-GARCH(1,1,1)-t"
15122,10.589098585943091,15.545449993658561,True,True,1.7579902016685581e-19,3.597166358250448e-16,"GJR-GARCH(1,1,1)-t"
15131,41.18011375733424,46.136465165049714,True,True,7.968836760276525e-15,0.03331426119039758,"GJR-GARCH(1,1,1)-t"
15132,12.98871592012636,17.94506732784183,True,True,1.042766375538885e-14,0.9627331733102963,"GJR-GARCH(1,1,1)-t"
15139,1.1073992766869072,6.063750684402377,True,False,1.0,0.01280151662120787,"GJR-GARCH(1,1,1)-t"
15147,28.4163089971817,33.372660404897175,True,True,3.0757738506434085e-12,1.5335473578940828e-11,"GJR-GARCH(1,1,1)-t"
15155,86.3287192344072,91.28507064212268,True,True,0.0,0.8685990750897394,"GJR-GARCH(1,1,1)-t"
15163,-18.826252118340136,-13.869900710624666,True,True,1.0990425048102546e-15,2.0055269359395805e-16,"GJR-GARCH(1,1,1)-t"
15173,9.625075285671583,14.581426693387053,True,False,0.0,1.0,"GJR-GARCH(1,1,1)-t"
15176,23.962864486628987,28.91921589434446,True,False,0.999999999999953,1.3342802831119514e-14,"GJR-GARCH(1,1,1)-t"
15185,5.285846439173126,10.242197846888596,True,True,1.535025899939144e-14,0.8627766473997122,"GJR-GARCH(1,1,1)-t"
15186,10.543944759036318,15.500296166751788,True,False,0.9999999999984577,6.39249101305323e-13,"GJR-GARCH(1,1,1)-t"
15194,-6.060110002789074,-1.1037585950736037,True,True,0.0,0.9030200775605501,"GJR-GARCH(1,1,1)-t"
15209,9.505345836228184,14.461697243943654,True,True,9.851549440805542e-14,2.0250490045414606e-13,"GJR-GARCH(1,1,1)-t"
15216,-1.4532721638463624,3.5030792438691076,True,False,8.882445827355365e-16,0.9999999999999994,"GJR-GARCH(1,1,1)-t"
15239,8.050237470825785,13.006588878541255,True,True,0.0,0.9225815311874682,"GJR-GARCH(1,1,1)-t"
15246,32.708239910100815,37.66459131781628,True,True,1.305124472660192e-13,0.9977622587733138,"GJR-GARCH(1,1,1)-t"
15269,0.6811573759397724,5.637508783655242,True,False,0.0,0.9999999999971703,"GJR-GARCH(1,1,1)-t"
15271,-8.32688454070335,-3.3705331329878803,True,False,1.2203879236936062e-16,0.9999999999780945,"GJR-GARCH(1,1,1)-t"
15276,7.982012166067435,12.938363573782905,True,False,0.38281305872339183,0.7095474419042572,"GJR-GARCH(1,1,1)-t"
15280,0.49325112043137587,5.449602528146846,True,False,5.044932498959294e-08,1.0,"GJR-GARCH(1,1,1)-t"
15288,5.215623801625888,10.171975209341358,True,True,1.1951606717105609e-11,0.9705658387505406,"GJR-GARCH(1,1,1)-t"
15290,0.27560094486451625,5.231952352579986,True,False,0.0,1.0,"GJR-GARCH(1,1,1)-t"
15291,-2.566189496038092,2.390161911677378,True,True,4.77708327292139e-15,0.9458129117842813,"GJR-GARCH(1,1,1)-t"
15319,13.847544494298148,18.80389590201362,True,False,0.0,1.0,"GJR-GARCH(1,1,1)-t"
15335,6.037042571223267,10.993393978938737,True,True,0.0,0.0,"GJR-GARCH(1,1,1)-t"
15341,-15.104861333373936,-10.148509925658466,True,True,5.681491169258334e-13,0.9940955672653267,"GJR-GARCH(1,1,1)-t"
15344,51.545763349763064,56.50211475747854,True,True,7.602290972631751e-14,0.9729031987779896,"GJR-GARCH(1,1,1)-t"
15352,25.80471547502021,30.76106688273568,True,True,0.059810612242232074,0.0,"GJR-GARCH(1,1,1)-t"
15353,-1.386117321345715,3.570234086369755,True,True,1.9540090189496192e-16,0.49447457415704915,"GJR-GARCH(1,1,1)-t"
15365,6.814472342091351,11.770823749806821,True,False,0.0,1.0,"GJR-GARCH(1,1,1)-t"
15388,25.255969356533377,30.212320764248847,True,False,0.8808482981805746,0.39014124304217795,"GJR-GARCH(1,1,1)-t"
15393,16.228361414058476,21.184712821773946,True,True,0.3120364525516285,1.9183727319013544e-12,"GJR-GARCH(1,1,1)-t"
15400,29.78561021292757,34.74196162064304,True,False,8.73580675748825e-15,0.9999999999999679,"GJR-GARCH(1,1,1)-t"
15418,13.381712138496065,18.338063546211536,True,True,0.06480484272947289,1.32921466550934e-11,"GJR-GARCH(1,1,1)-t"
15433,-14.875360500784648,-9.919009093069178,True,True,4.2956817276104485e-16,0.5292730927238188,"GJR-GARCH(1,1,1)-t"
15448,12.350929157586833,17.307280565302303,True,True,1.4369202408255277e-13,2.260217457618061e-12,"GJR-GARCH(1,1,1)-t"
15462,-20.645233712597175,-15.688882304881705,True,False,0.28319059320071943,0.7580644729853904,"GJR-GARCH(1,1,1)-t"
15466,14.778109964660066,19.734461372375538,True,True,0.4071312724000109,4.8716419484911247e-14,"GJR-GARCH(1,1,1)-t"
15486,-32.058057525055176,-27.101706117339706,True,True,5.500555595776902e-14,4.730344537859169e-13,"GJR-GARCH(1,1,1)-t"
15491,25.600499624037397,30.55685103175287,True,False,0.8950176879303242,0.40331258142068466,"GJR-GARCH(1,1,1)-t"
15499,2.5640408541018953,7.520392261817365,True,False,4.906930672987976e-16,0.9999999999999993,"GJR-GARCH(1,1,1)-t"
15516,0.31905747736317913,5.275408885078649,True,False,0.7375146120643894,0.6312426939678033,"GJR-GARCH(1,1,1)-t"
15517,43.76858308274555,48.724934490461024,True,False,0.11974062605707811,0.9401296869713194,"GJR-GARCH(1,1,1)-t"
15521,34.312282032799246,39.26863344051471,True,True,6.002166958233332e-13,0.3510002168511182,"GJR-GARCH(1,1,1)-t"
15525,-11.266585493308515,-6.310234085593045,True,False,1.671338202151171e-15,1.0,"GJR-GARCH(1,1,1)-t"
15529,20.27710404846121,25.23345545617668,True,True,2.969919287002165e-15,0.0,"GJR-GARCH(1,1,1)-t"
15535,40.392765713162476,45.34911712087795,True,True,1.0267882026438184e-14,0.8374960587145108,"GJR-GARCH(1,1,1)-t"
15540,,,False,False,,,"GJR-GARCH(1,1,1)-t"
15547,26.302562273803467,31.258913681518937,True,False,5.99038086136107e-15,0.9999999999998249,"GJR-GARCH(1,1,1)-t"
15548,3.9162320229963967,8.872583430711867,True,False,3.5317677438612666e-09,0.9999999992404682,"GJR-GARCH(1,1,1)-t"
15568,-7.201763484905371,-2.2454120771899007,True,True,4.8530560461868356e-14,9.776235841209465e-13,"GJR-GARCH(1,1,1)-t"
15584,61.242524968197905,66.19887637591337,True,False,1.4763354969879085e-14,0.9999999999999805,"GJR-GARCH(1,1,1)-t"
15586,-11.261155720027354,-6.304804312311884,True,False,2.4471751105842073e-15,0.9999988979160953,"GJR-GARCH(1,1,1)-t"
15595,-19.937622146462928,-14.981270738747458,True,True,2.4445243280429683e-12,1.474275208000842e-11,"GJR-GARCH(1,1,1)-t"
15599,6.070107247559921,11.026458655275391,True,True,0.0,0.9730112755876015,"GJR-GARCH(1,1,1)-t"
15625,14.84439332612481,19.800744733840283,True,True,1.1533131634489157e-15,1.401246717078991e-15,"GJR-GARCH(1,1,1)-t"
15627,6.038526912074399,10.99487831978987,True,True,0.0,0.9843150294688948,"GJR-GARCH(1,1,1)-t"
15633,-6.885348629401136,-1.9289972216856661,True,False,3.5200585438748143e-15,0.9999999999999951,"GJR-GARCH(1,1,1)-t"
15637,-7.0974546770305835,-2.1411032693151135,True,True,0.0,0.864432838291623,"GJR-GARCH(1,1,1)-t"
15644,28.060510150419965,33.01686155813543,True,True,4.889619362631624e-14,0.810256065308871,"GJR-GARCH(1,1,1)-t"
15647,32.25183859390815,37.20819000162362,True,False,0.8486381068885737,0.2930965323097725,"GJR-GARCH(1,1,1)-t"
15671,16.33505456700178,21.29140597471725,True,True,0.2944352324458347,0.0,"GJR-GARCH(1,1,1)-t"
15685,-17.14887640627287,-12.1925249985574,True,True,0.5840451075448948,0.0,"GJR-GARCH(1,1,1)-t"
15687,20.251648788962676,25.208000196678142,True,True,9.497601157580557e-15,0.9741396402624394,"GJR-GARCH(1,1,1)-t"
15689,0.5909701945606365,5.5473216022761065,True,True,1.553309844251648e-16,1.1702207544831362e-12,"GJR-GARCH(1,1,1)-t"
15693,-9.162753965335508,-4.206402557620038,True,True,1.9709469591916435e-11,0.9901362065946046,"GJR-GARCH(1,1,1)-t"
15697,-6.992763492851946,-2.036412085136476,True,True,2.644537701323571e-12,0.9839175597733831,"GJR-GARCH(1,1,1)-t"
15703,-9.795227765027096,-4.8388763573116265,True,True,0.4032196087975105,3.1865779173835794e-16,"GJR-GARCH(1,1,1)-t"
15706,-3.1301277145440594,1.8262236931714106,True,True,1.4184619280834245e-12,0.5617184899835507,"GJR-GARCH(1,1,1)-t"
15713,7.183308321152051,12.139659728867521,True,False,0.9999999999999992,0.02165165689202517,"GJR-GARCH(1,1,1)-t"
15715,13.65902100427314,18.61537241198861,True,True,4.823338612387408e-15,0.8448699714602148,"GJR-GARCH(1,1,1)-t"
15727,-9.788306710582308,-4.831955302866838,True,False,3.061991086587821e-22,1.0,"GJR-GARCH(1,1,1)-t"
15728,13.349722263205999,18.306073670921467,True,True,0.4348134958080192,0.529331477057077,"GJR-GARCH(1,1,1)-t"
15730,-29.68322941019956,-24.72687800248409,True,True,0.0,0.1512238835498446,"GJR-GARCH(1,1,1)-t"
15742,-0.10274391768465208,4.853607490030818,True,True,4.0061314780340647e-10,0.0,"GJR-GARCH(1,1,1)-t"
15746,5.927226744391632,10.883578152107102,True,True,4.856280860191108e-15,1.2133275423032648e-13,"GJR-GARCH(1,1,1)-t"
15750,16.092905215359544,21.049256623075014,True,True,3.0150496788840435e-14,0.8740625779167946,"GJR-GARCH(1,1,1)-t"
15757,-11.149697358946817,-6.193345951231347,True,False,0.9999999999999925,0.49468623786174887,"GJR-GARCH(1,1,1)-t"
15759,21.442120564305398,26.398471972020864,True,False,0.23882919251163504,0.8805854037441703,"GJR-GARCH(1,1,1)-t"
15765,-12.252847002452302,-7.296495594736832,True,True,2.57465891904682e-16,0.4330029092915758,"GJR-GARCH(1,1,1)-t"
15770,9.696199952411808,14.652551360127278,True,False,0.23991290622643938,0.8033132569611979,"GJR-GARCH(1,1,1)-t"
15772,11.61063831899266,16.56698972670813,True,True,3.5244397182220237e-16,1.7834836999507006e-20,"GJR-GARCH(1,1,1)-t"
15798,-6.357427584231154,-1.4010761765156836,True,True,0.0,0.9947960816940259,"GJR-GARCH(1,1,1)-t"
15807,-6.092641126477599,-1.1362897187621286,True,True,8.584446839459382e-12,0.7793907840912979,"GJR-GARCH(1,1,1)-t"
15818,-3.1556153040796886,1.8007361036357814,True,True,0.0,0.9831654223493086,"GJR-GARCH(1,1,1)-t"
15823,37.72748595746497,42.68383736518044,True,True,1.5559967481201436e-16,0.0,"GJR-GARCH(1,1,1)-t"
15824,23.941271048008325,28.897622455723795,True,False,0.9999999999455216,5.2588753721784355e-11,"GJR-GARCH(1,1,1)-t"
15836,-18.261212218159145,-13.304860810443675,True,False,1.6646267348745968e-16,1.0,"GJR-GARCH(1,1,1)-t"
15840,-5.388377198944784,-0.4320257912293144,True,False,1.0,0.45971034092856683,"GJR-GARCH(1,1,1)-t"
15845,5.853905070157335,10.810256477872805,True,False,1.3941254156757647e-14,0.9999999999999188,"GJR-GARCH(1,1,1)-t"
15846,3.7616701845068317,8.718021592222302,True,True,2.135106473688792e-22,0.5372047869679493,"GJR-GARCH(1,1,1)-t"
15852,-12.689232579285662,-7.732881171570192,True,False,1.0,0.0,"GJR-GARCH(1,1,1)-t"
15853,17.94963792808605,22.90598933580152,True,True,7.636427137700328e-16,0.8409973373670059,"GJR-GARCH(1,1,1)-t"
15858,-6.831174093528524,-1.8748226858130543,True,True,1.987505322643056e-17,4.428680338498114e-18,"GJR-GARCH(1,1,1)-t"
15861,,,False,False,,,"GJR-GARCH(1,1,1)-t"
15872,-6.69894527369426,-1.7425938659787903,True,False,0.9999999999999999,3.5525641025497906e-17,"GJR-GARCH(1,1,1)-t"
15883,40.08223270516531,45.03858411288078,True,True,3.3164844380839557e-15,0.9809408231235404,"GJR-GARCH(1,1,1)-t"
15894,-14.68705748061538,-9.73070607289991,True,True,0.0,0.22031236184522984,"GJR-GARCH(1,1,1)-t"
15903,13.622431443820052,18.57878285153552,True,True,0.26037242375043196,0.0,"GJR-GARCH(1,1,1)-t"
15904,38.58181049696923,43.5381619046847,True,True,0.6555608295017442,3.3449771982243063e-19,"GJR-GARCH(1,1,1)-t"
15906,50.66432838737782,55.620679795093295,True,True,0.0,0.9567479993585216,"GJR-GARCH(1,1,1)-t"
15907,-9.43407442567667,-4.4777230179612,True,True,2.6676353582804502e-11,0.9654160807784861,"GJR-GARCH(1,1,1)-t"
15908,-5.352032975845859,-0.3956815681303887,True,False,1.0,0.4999999999973742,"GJR-GARCH(1,1,1)-t"
15920,-4.815411064524401,0.14094034319106896,True,False,0.2289323381077065,0.7720228728494279,"GJR-GARCH(1,1,1)-t"
15934,-3.7995241985769717,1.1568272091384983,True,True,6.876709099040958e-16,0.9862495614038693,"GJR-GARCH(1,1,1)-t"
15938,-35.107692785351404,-30.151341377635934,True,False,0.2575141623719398,0.7416691727962167,"GJR-GARCH(1,1,1)-t"
15960,32.25877641824239,37.21512782595786,True,True,0.0,0.9818440103239926,"GJR-GARCH(1,1,1)-t"
15965,-16.722274296103947,-11.765922888388477,True,False,0.9999999999999958,0.024810699521370928,"GJR-GARCH(1,1,1)-t"
15966,-8.402796482376385,-3.4464450746609145,True,False,1.0,0.02892985183890852,"GJR-GARCH(1,1,1)-t"
15982,-13.720483722643856,-8.764132314928386,True,True,1.291672252245883e-18,0.19975547160979634,"GJR-GARCH(1,1,1)-t"
15989,-10.880744849412412,-5.924393441696942,True,True,2.2160445847448875e-15,0.30519184101422053,"GJR-GARCH(1,1,1)-t"
15991,18.950372872320838,23.906724280036308,True,True,1.4064122887247082e-15,2.110089973305521e-14,"GJR-GARCH(1,1,1)-t"
16016,-5.481525644757983,-0.5251742370425134,True,True,1.8957333151805306e-17,0.35236908583009424,"GJR-GARCH(1,1,1)-t"
16017,6.4197961765964555,11.376147584311926,True,True,1.5397069752265483e-15,0.7431323175598018,"GJR-GARCH(1,1,1)-t"
16031,2.3417142573544556,7.298065665069926,True,False,0.9999999999260889,3.177261606416057e-11,"GJR-GARCH(1,1,1)-t"
16040,-8.388759639027128,-3.4324082313116584,True,True,0.0,0.915379886968246,"GJR-GARCH(1,1,1)-t"
16071,23.47994971808813,28.436301125803602,True,True,0.26838900700815,2.393298460988248e-12,"GJR-GARCH(1,1,1)-t"
16081,12.802666902464779,17.75901831018025,True,False,1.8890190237290054e-14,0.9999999999998218,"GJR-GARCH(1,1,1)-t"
16086,-7.518340950886433,-2.561989543170963,True,True,4.910114278795121e-13,3.028381282172706e-12,"GJR-GARCH(1,1,1)-t"
16089,46.46571372985951,51.422065137574975,True,False,0.4119577691817439,0.7940211154091509,"GJR-GARCH(1,1,1)-t"
16093,27.246552209679123,32.20290361739459,True,False,0.7022016522123512,0.6488991738938289,"GJR-GARCH(1,1,1)-t"
16103,-5.20879898524122,-0.25244757752575,True,True,2.439247218255854e-15,0.9500695819570465,"GJR-GARCH(1,1,1)-t"
16113,9.151187214314474,14.107538622029944,True,False,0.6150006380027756,0.6924996809986158,"GJR-GARCH(1,1,1)-t"
16118,-1.3327775154169412,3.6235738922985288,True,True,0.0,2.421571172288548e-18,"GJR-GARCH(1,1,1)-t"
16127,13.482875095285722,18.439226503001194,True,False,8.375231475453193e-17,0.9999999999999998,"GJR-GARCH(1,1,1)-t"
16138,-5.253869561660331,-0.2975181539448606,True,True,1.6229604663557818e-13,2.3505877055746564e-12,"GJR-GARCH(1,1,1)-t"
16147,13.576233284024449,18.53258469173992,True,False,1.0,0.36911639109005934,"GJR-GARCH(1,1,1)-t"
16149,-0.8954375133229675,4.0609138943925025,True,True,2.2111456947969236e-14,0.9479566818140532,"GJR-GARCH(1,1,1)-t"
16170,-7.403978887821637,-2.447627480106167,True,True,0.3316769763814139,2.604012828823879e-15,"GJR-GARCH(1,1,1)-t"
16172,-7.740899256163438,-2.7845478484479678,True,False,8.541236999624396e-20,1.0,"GJR-GARCH(1,1,1)-t"
16192,9.9654034020747,14.92175480979017,True,True,0.0,0.7346540335958568,"GJR-GARCH(1,1,1)-t"
16200,2.5423804225760023,7.498731830291472,True,False,3.1809213825131734e-15,1.0,"GJR-GARCH(1,1,1)-t"
16235,23.815256181173183,28.771607588888653,True,False,0.6993586444737906,0.650320677763106,"GJR-GARCH(1,1,1)-t"
16240,-13.939658010871263,-8.983306603155793,True,True,1.0428766167607541e-16,0.4713926069924928,"GJR-GARCH(1,1,1)-t"
16271,-4.858512423958576,0.09783898375689404,True,True,5.610394433143896e-15,0.21129068048875552,"GJR-GARCH(1,1,1)-t"
16280,-13.673479582224466,-8.717128174508996,True,False,0.2781377945170936,0.7838099354016507,"GJR-GARCH(1,1,1)-t"
16282,-3.628750933751892,1.327600473963578,True,True,2.2741166529542726e-10,0.9821916265850957,"GJR-GARCH(1,1,1)-t"
16288,-27.609381960022404,-22.653030552306934,True,False,0.0,1.0,"GJR-GARCH(1,1,1)-t"
16289,12.789604775871801,17.74595618358727,True,True,0.0,0.6875962897514045,"GJR-GARCH(1,1,1)-t"
16304,-9.908628220330282,-4.952276812614812,True,True,0.0,0.6117953747848885,"GJR-GARCH(1,1,1)-t"
16312,-6.352849014030255,-1.3964976063147851,True,True,2.9491964426142666e-15,0.8168243361076845,"GJR-GARCH(1,1,1)-t"
16320,-14.63363970930196,-9.67728830158649,True,True,0.0,0.0,"GJR-GARCH(1,1,1)-t"
16328,-15.052630752198652,-10.096279344483182,True,True,6.106166724207196e-16,6.700866922031998e-15,"GJR-GARCH(1,1,1)-t"
16330,20.934508776756363,25.890860184471833,True,True,0.0,0.8656986364526101,"GJR-GARCH(1,1,1)-t"
16352,-4.3245862579857075,0.6317651497297625,True,False,0.9797722321985592,0.39534211104233746,"GJR-GARCH(1,1,1)-t"
16357,3.899385661635609,8.855737069351079,True,True,0.5621548247305195,8.398508326689759e-14,"GJR-GARCH(1,1,1)-t"
16367,-3.3547314722224257,1.6016199354930443,True,False,0.9671495681395182,0.5164252159304077,"GJR-GARCH(1,1,1)-t"
16374,-9.346396269554408,-4.390044861838938,True,False,0.9695084125428614,0.5152457937285362,"GJR-GARCH(1,1,1)-t"
16402,16.27394228170356,21.23029368941903,True,False,0.615920174364559,0.6920399128051644,"GJR-GARCH(1,1,1)-t"
16404,-4.470132248700843,0.4862191590146274,True,True,0.0,0.9446113582674828,"GJR-GARCH(1,1,1)-t"
16428,13.834245341543564,18.790596749259034,True,False,0.0,1.0,"GJR-GARCH(1,1,1)-t"
16429,0.49489225603446485,5.451243663749935,True,True,0.0,0.713937054030596,"GJR-GARCH(1,1,1)-t"
16431,10.85264601706377,15.80899742477924,True,True,0.9509411660752638,4.549913823990847e-16,"GJR-GARCH(1,1,1)-t"
16438,11.40163505627585,16.35798646399132,True,True,0.7529389667691353,8.473284573246075e-15,"GJR-GARCH(1,1,1)-t"
16454,14.387753204170274,19.344104611885744,True,False,0.21328137517476226,0.7904557410695331,"GJR-GARCH(1,1,1)-t"
16460,-16.777094853290883,-11.820743445575413,True,False,0.31353115887437494,0.843234420624044,"GJR-GARCH(1,1,1)-t"
16466,-18.590719393518064,-13.634367985802594,True,False,1.571011635480166e-15,0.9999999999999993,"GJR-GARCH(1,1,1)-t"
16479,-4.579687312119642,0.37666409559582803,True,True,0.24307314815174205,3.8084855438447915e-12,"GJR-GARCH(1,1,1)-t"
16488,-0.05654653813641808,4.899804869579052,True,True,0.0,0.32121713271444396,"GJR-GARCH(1,1,1)-t"
16489,0.06084812017828867,5.017199527893759,True,False,1.0,0.34331319633108914,"GJR-GARCH(1,1,1)-t"
16500,-16.666967155855986,-11.710615748140516,True,True,3.375280298035312e-17,0.4297870742185136,"GJR-GARCH(1,1,1)-t"
16504,17.8114969029275,22.767848310642975,True,True,0.37387740577353157,4.807297008591744e-16,"GJR-GARCH(1,1,1)-t"
16507,5.449352421586619,10.40570382930209,True,True,2.184687447750971e-22,4.513928227748055e-16,"GJR-GARCH(1,1,1)-t"
16511,17.733858158373046,22.690209566088516,True,False,0.0,1.0,"GJR-GARCH(1,1,1)-t"
16519,-19.558121608884832,-14.601770201169362,True,True,4.056097040903339e-12,0.6222295177558373,"GJR-GARCH(1,1,1)-t"
16526,-8.763720267344183,-3.8073688596287134,True,False,0.5753789880791578,0.7024849805924491,"GJR-GARCH(1,1,1)-t"
16556,10.089729434824116,15.046080842539586,True,True,7.09743347529295e-15,0.37195258344897864,"GJR-GARCH(1,1,1)-t"
16560,-22.92534588362841,-17.96899447591294,True,True,0.0,0.5798151531186597,"GJR-GARCH(1,1,1)-t"
16570,-1.393942090671553,3.562409317043917,True,True,0.0,1.1343885217373601e-13,"GJR-GARCH(1,1,1)-t"
16575,-0.18729798194949865,4.769053425765971,True,True,0.009179452673846088,4.520605774854912e-17,"GJR-GARCH(1,1,1)-t"
16594,2.8416687268600356,7.798020134575506,True,False,0.9999999999999999,0.0,"GJR-GARCH(1,1,1)-t"
16601,-20.944230864711535,-15.987879456996065,True,True,2.5267676458691366e-18,0.09594736934266317,"GJR-GARCH(1,1,1)-t"
16611,-19.758135863321172,-14.801784455605702,True,True,1.131104604957312e-19,2.3297658174069386e-18,"GJR-GARCH(1,1,1)-t"
16614,-24.763866635720433,-19.807515228004963,True,True,2.022764647283883e-11,0.9705139727338042,"GJR-GARCH(1,1,1)-t"
16624,51.69253803382969,56.648889441545165,True,False,0.0,1.0,"GJR-GARCH(1,1,1)-t"
16629,-9.090198383860233,-4.133846976144763,True,True,3.055846130567045e-11,7.210795282056555e-10,"GJR-GARCH(1,1,1)-t"
16630,24.445259772259334,29.4016111799748,True,True,0.0,0.9198970699735216,"GJR-GARCH(1,1,1)-t"
16637,16.03280401199904,20.989155419714514,True,True,0.6256856113702309,1.961210690186996e-11,"GJR-GARCH(1,1,1)-t"
16643,4.406196705329984,9.362548113045454,True,True,5.173753295748534e-14,0.7754449216876232,"GJR-GARCH(1,1,1)-t"
16649,1.12690292718694,6.08325433490241,True,False,0.0,1.0,"GJR-GARCH(1,1,1)-t"
16660,-15.672171281941765,-10.715819874226295,True,False,1.4542194679889747e-15,0.9999999999999926,"GJR-GARCH(1,1,1)-t"
16666,-26.532210903422197,-21.575859495706727,True,False,5.913089730874498e-15,0.9999999999999508,"GJR-GARCH(1,1,1)-t"
16676,42.20671058546812,47.16306199318359,True,True,5.124761173870325e-15,0.20559176519941444,"GJR-GARCH(1,1,1)-t"
16679,27.113024870649447,32.06937627836492,True,True,6.415227837727013e-14,0.11577108238721143,"GJR-GARCH(1,1,1)-t"
16694,42.249588008294054,47.20593941600953,True,True,3.4581147987364387e-13,0.0,"GJR-GARCH(1,1,1)-t"
16696,13.449077502840138,18.40542891055561,True,True,0.0,1.431763172266457e-20,"GJR-GARCH(1,1,1)-t"
16699,-12.911752974759736,-7.955401567044266,True,True,0.7719703054034955,0.1277774392063018,"GJR-GARCH(1,1,1)-t"
16704,-27.780266690087892,-22.823915282372422,True,False,7.598488187755861e-17,0.9999999999999999,"GJR-GARCH(1,1,1)-t"
16706,-7.654684333374867,-2.698332925659397,True,True,1.8957402216350105e-11,0.8979094970275858,"GJR-GARCH(1,1,1)-t"
16707,18.7001957780837,23.65654718579917,True,True,4.904388818314094e-22,8.617995094366432e-22,"GJR-GARCH(1,1,1)-t"
16721,40.171512829772006,45.12786423748747,True,True,0.3135811520884942,0.39343102820899933,"GJR-GARCH(1,1,1)-t"
16731,-0.36608970148833464,4.590261706227135,True,True,0.0,0.0,"GJR-GARCH(1,1,1)-t"
16733,-23.07884532241104,-18.12249391469557,True,True,3.6011329019290557e-17,0.9163878911367915,"GJR-GARCH(1,1,1)-t"
16745,14.527490939671214,19.483842347386684,True,True,0.0,0.0,"GJR-GARCH(1,1,1)-t"
16746,-15.584279913573898,-10.627928505858428,True,True,2.253359334038894e-14,0.8372408572457511,"GJR-GARCH(1,1,1)-t"
16753,-3.557768813218747,1.3985825944967232,True,True,5.291616167992423e-18,2.4604874463284696e-13,"GJR-GARCH(1,1,1)-t"
16771,-8.520147563899652,-3.563796156184182,True,True,0.0,0.7059239540698218,"GJR-GARCH(1,1,1)-t"
16774,65.27231222093695,70.22866362865241,True,True,2.6282320088399994e-11,0.8914553185141791,"GJR-GARCH(1,1,1)-t"
16792,-3.1988930153259005,1.7574583923895695,True,False,1.4285185370490822e-14,0.9999987435855071,"GJR-GARCH(1,1,1)-t"
16793,18.85994679113905,23.81629819885452,True,True,0.334715417247236,3.8840881146244556e-15,"GJR-GARCH(1,1,1)-t"
16802,8.992415642679067,13.948767050394537,True,True,0.0,4.436566500732826e-14,"GJR-GARCH(1,1,1)-t"
16811,-3.1363257210474558,1.8200256866680142,True,True,1.140850374105418e-12,1.0414878414618411e-10,"GJR-GARCH(1,1,1)-t"
16815,7.010922425903356,11.967273833618826,True,False,0.0030889824951745005,0.9984555087523477,"GJR-GARCH(1,1,1)-t"
16816,-6.295365802924572,-1.3390143952091016,True,True,0.05016296314911939,0.846025369758299,"GJR-GARCH(1,1,1)-t"
16823,5.924512124158323,10.880863531873793,True,True,1.2166644743716218e-12,0.6864808570076258,"GJR-GARCH(1,1,1)-t"
16831,49.62612791107278,54.582479318788245,True,True,2.2384994502520485e-14,7.324042468902291e-13,"GJR-GARCH(1,1,1)-t"
16839,77.08442747598653,82.040778883702,True,True,2.9263794355183927e-14,0.8695515552658017,"GJR-GARCH(1,1,1)-t"
16851,23.938547458646603,28.894898866362073,True,True,0.0,0.889710048621119,"GJR-GARCH(1,1,1)-t"
16864,-19.68180531352788,-14.725453905812412,True,False,0.5091341042028462,0.6223129137826294,"GJR-GARCH(1,1,1)-t"
16869,9.16849277515209,14.12484418286756,True,True,1.669216952588914e-14,0.9366196124492792,"GJR-GARCH(1,1,1)-t"
16877,-4.338441996242803,0.6179094114726666,True,True,0.0,0.8868270289521845,"GJR-GARCH(1,1,1)-t"
16880,23.20984765552226,28.16619906323773,True,False,9.30253844847882e-15,0.9999999999999843,"GJR-GARCH(1,1,1)-t"
16900,-13.75039813219405,-8.79404672447858,True,True,8.217321537551557e-13,0.07854606688856389,"GJR-GARCH(1,1,1)-t"
16910,-3.756785471990362,1.1995659357251078,True,True,0.0,0.9656068857308839,"GJR-GARCH(1,1,1)-t"
16919,-9.338250721894493,-4.381899314179023,True,True,0.0,0.544420054064868,"GJR-GARCH(1,1,1)-t"
16941,41.62984000636812,46.586191414083586,True,True,3.960623169087005e-12,0.9723809934875921,"GJR-GARCH(1,1,1)-t"
16943,38.50762418825654,43.46397559597201,True,True,6.154641699142871e-14,0.9646500628552637,"GJR-GARCH(1,1,1)-t"
16948,-2.015997241795006,2.940354165920464,True,True,0.0,0.8264158423708341,"GJR-GARCH(1,1,1)-t"
16978,-5.195735177307913,-0.23938376959244323,True,False,0.9999999999998995,2.065433189256227e-14,"GJR-GARCH(1,1,1)-t"
16987,-5.623831048341323,-0.667479640625853,True,False,0.0,1.0,"GJR-GARCH(1,1,1)-t"
16992,-15.670960888595346,-10.714609480879876,True,True,3.890517976227763e-15,1.6550317177717021e-15,"GJR-GARCH(1,1,1)-t"
16999,19.574570399811783,24.530921807527253,True,False,7.513398034411177e-16,0.9999999999999974,"GJR-GARCH(1,1,1)-t"
17008,-3.9763011398738186,0.9800502678416514,True,True,1.1162273300450671e-15,0.8958804171963136,"GJR-GARCH(1,1,1)-t"
17010,-22.98200095681262,-18.02564954909715,True,True,1.205487166877112e-18,0.20924965206996726,"GJR-GARCH(1,1,1)-t"
17013,-7.061427210582398,-2.105075802866928,True,False,0.9999999999999961,0.499999999999999,"GJR-GARCH(1,1,1)-t"
17029,18.232733058480186,23.189084466195652,True,True,0.0,0.9650298658512145,"GJR-GARCH(1,1,1)-t"
17031,5.322015704721505,10.278367112436975,True,True,1.8210383084552402e-14,0.22262156657391574,"GJR-GARCH(1,1,1)-t"
17034,8.886983059821494,13.843334467536964,True,True,0.6536099264914663,0.035916423993601364,"GJR-GARCH(1,1,1)-t"
17050,-16.97410775336033,-12.017756345644859,True,True,0.010663303844558531,0.8847664150407965,"GJR-GARCH(1,1,1)-t"
17053,30.51432539005212,35.470676797767595,True,True,0.0,0.8442889058901145,"GJR-GARCH(1,1,1)-t"
17056,32.4570640743016,37.41341548201707,True,True,4.251010988640594e-14,0.9192898473855765,"GJR-GARCH(1,1,1)-t"
17058,9.404754468006784,14.361105875722254,True,True,1.0604205713447692e-14,0.9338551894331676,"GJR-GARCH(1,1,1)-t"
17070,12.655130295742245,17.611481703457713,True,True,1.4196383879690006e-14,0.5110637198597867,"GJR-GARCH(1,1,1)-t"
17076,21.823632426801424,26.779983834516894,True,True,0.22504921209927442,0.4101555333424077,"GJR-GARCH(1,1,1)-t"
17078,-8.869085406810278,-3.912733999094808,True,True,2.431761392261579e-13,0.02227303863152411,"GJR-GARCH(1,1,1)-t"
17090,1.1426708926922462,6.099022300407716,True,True,0.0,0.4647355619934894,"GJR-GARCH(1,1,1)-t"
17091,-11.22370518951368,-6.26735378179821,True,False,0.2619409286830773,0.8690295356590547,"GJR-GARCH(1,1,1)-t"
17093,-2.824530709835919,2.131820697879551,True,False,0.999999999999986,8.855651059775926e-15,"GJR-GARCH(1,1,1)-t"
17109,43.11261521486754,48.068966622583005,True,True,1.2399700503317274e-10,0.9444389525664733,"GJR-GARCH(1,1,1)-t"
17112,0.7610700458143977,5.717421453529868,True,True,4.59667048984326e-15,0.8984789510507011,"GJR-GARCH(1,1,1)-t"
17117,-3.69634282762177,1.2600085800937002,True,True,0.0,0.9744362723732878,"GJR-GARCH(1,1,1)-t"
17120,-2.259710631949286,2.696640775766184,True,False,0.9999999999926327,1.6708585329085154e-11,"GJR-GARCH(1,1,1)-t"
17157,13.761333170135677,18.71768457785115,True,False,2.0231473653563885e-20,1.0,"GJR-GARCH(1,1,1)-t"
17161,-0.1702479013074143,4.786103506408056,True,True,3.6257738649353357e-10,0.9168956076443684,"GJR-GARCH(1,1,1)-t"
17167,13.831232323378794,18.787583731094262,True,True,6.269299947098805e-20,1.8422096599079077e-20,"GJR-GARCH(1,1,1)-t"
17169,18.475082567296628,23.431433975012098,True,True,0.0,0.9835023581601989,"GJR-GARCH(1,1,1)-t"
17172,-0.7403864335248063,4.215964974190664,True,True,6.499884701633058e-16,1.2767977386443122e-12,"GJR-GARCH(1,1,1)-t"
17179,-15.099352995517783,-10.143001587802313,True,True,0.8639474187520706,0.08046929379176913,"GJR-GARCH(1,1,1)-t"
17181,37.93048986993047,42.88684127764594,True,False,0.7721646703501069,0.6139176648651585,"GJR-GARCH(1,1,1)-t"
17191,9.525405721084116,14.481757128799586,True,True,0.0,2.269516229348931e-10,"GJR-GARCH(1,1,1)-t"
17193,-4.841493587684052,0.11485782003141765,True,True,0.0,9.914175960756757e-13,"GJR-GARCH(1,1,1)-t"
17194,-25.996698549475454,-21.040347141759984,True,False,0.998945154823195,0.12731744800533956,"GJR-GARCH(1,1,1)-t"
17198,-4.6980687256351885,0.2582826820802815,True,True,3.8555756015135056e-15,0.780832205371428,"GJR-GARCH(1,1,1)-t"
17210,8.889009527227387,13.845360934942857,True,True,0.0,0.0,"GJR-GARCH(1,1,1)-t"
17217,6.345859457294854,11.302210865010323,True,True,2.0978806894777435e-12,0.7788117963852063,"GJR-GARCH(1,1,1)-t"
17227,-6.669814277360526,-1.7134628696450562,True,True,9.911590443282474e-16,0.819660357629129,"GJR-GARCH(1,1,1)-t"
17239,13.162792478822256,18.119143886537724,True,False,1.1559859243957634e-16,0.9999999999999993,"GJR-GARCH(1,1,1)-t"
17244,-16.041255539269937,-11.084904131554467,True,True,1.8161796395917134e-14,0.6285521175276974,"GJR-GARCH(1,1,1)-t"
17247,6.085547168727542,11.041898576443012,True,False,0.0,1.0,"GJR-GARCH(1,1,1)-t"
17259,23.312592248933868,28.268943656649338,True,True,8.41070747787298e-15,0.7484360191044542,"GJR-GARCH(1,1,1)-t"
17264,7.371189509760369,12.32754091747584,True,True,3.112796154367332e-19,0.7757359566500955,"GJR-GARCH(1,1,1)-t"
17265,20.418641954082947,25.374993361798417,True,True,4.397944370151784e-15,0.7879360836470743,"GJR-GARCH(1,1,1)-t"
17293,22.37689127203538,27.33324267975085,True,True,0.0,0.4003859193629556,"GJR-GARCH(1,1,1)-t"
17295,-16.043320578427625,-11.086969170712155,True,True,2.110629010253158e-15,0.6302235845422518,"GJR-GARCH(1,1,1)-t"
17305,17.634264728017243,22.590616135732713,True,True,0.0,0.0,"GJR-GARCH(1,1,1)-t"
17315,-10.204346586555697,-5.2479951788402275,True,False,0.3737465711693424,0.7707471260635582,"GJR-GARCH(1,1,1)-t"
17324,58.86265821363336,63.819009621348826,True,False,1.9266598046342275e-18,1.0,"GJR-GARCH(1,1,1)-t"
17328,-2.484177457301815,2.472173950413655,True,False,0.0,1.0,"GJR-GARCH(1,1,1)-t"
17337,-1.355254671546735,3.601096736168735,True,True,6.338234243279533e-20,0.370491426892488,"GJR-GARCH(1,1,1)-t"
17339,16.308546454658572,21.264897862374042,True,True,3.88851690322565e-14,0.7432729264086548,"GJR-GARCH(1,1,1)-t"
17342,0.27039778557580973,5.22674919329128,True,True,0.14582770430349032,2.44506329419928e-16,"GJR-GARCH(1,1,1)-t"
17363,7.649965690042066,12.606317097757536,True,False,9.72078285859191e-17,1.0,"GJR-GARCH(1,1,1)-t"
17377,-22.873147384872077,-17.916795977156607,True,True,1.084608857168905e-10,0.9585644010102526,"GJR-GARCH(1,1,1)-t"
17378,0.37451886413052904,5.330870271845999,True,True,0.0,0.9812995247029087,"GJR-GARCH(1,1,1)-t"
17387,-6.017527375408573,-1.061175967693103,True,True,1.5233172896541986e-23,1.0455281263925456e-15,"GJR-GARCH(1,1,1)-t"
17390,17.68142731863437,22.63777872634984,True,True,0.0,0.9386510511820915,"GJR-GARCH(1,1,1)-t"
17395,23.609564399105334,28.565915806820804,True,True,1.8919632048175402e-10,0.9744181502147874,"GJR-GARCH(1,1,1)-t"
17398,5.729789292807734,10.686140700523204,True,True,0.0,0.0,"GJR-GARCH(1,1,1)-t"
17421,8.580218402589344,13.536569810304814,True,True,3.720552746121851e-16,0.7635248233680626,"GJR-GARCH(1,1,1)-t"
17424,-18.547987367475656,-13.591635959760186,True,False,0.9999999999999942,0.49999999999976985,"GJR-GARCH(1,1,1)-t"
17428,-23.037822955469792,-18.081471547754322,True,True,1.3589729592773204e-12,0.9156362956410556,"GJR-GARCH(1,1,1)-t"
17429,8.149173286927969,13.105524694643439,True,False,0.0,1.0,"GJR-GARCH(1,1,1)-t"
17448,-13.435193825753192,-8.478842418037722,True,True,0.5599850549617132,9.696962855042257e-15,"GJR-GARCH(1,1,1)-t"
17454,1.8742235947090382,6.830575002424508,True,True,1.0924924830585072e-14,0.2723717224988362,"GJR-GARCH(1,1,1)-t"
17460,-5.97400531696735,-1.0176539092518802,True,True,0.04992853154845504,0.18688368197263175,"GJR-GARCH(1,1,1)-t"
17474,2.4477137111988263,7.404065118914296,True,True,3.0969174949421623e-19,0.9878736698162552,"GJR-GARCH(1,1,1)-t"
17486,7.532836560303131,12.489187968018602,True,False,1.0635011656017505e-13,0.999999999974866,"GJR-GARCH(1,1,1)-t"
17490,1.6796441884538105,6.6359955961692805,True,True,3.9261113338322855e-15,3.291457911255342e-15,"GJR-GARCH(1,1,1)-t"
17491,-11.285404617670249,-6.329053209954779,True,True,0.0,0.507394953541291,"GJR-GARCH(1,1,1)-t"
17505,-4.987370531726075,-0.031019124010605026,True,False,1.0,0.10766833554164698,"GJR-GARCH(1,1,1)-t"
17506,2.9573109844010546,7.913662392116525,True,True,2.0656252056340924e-13,0.9200929404270061,"GJR-GARCH(1,1,1)-t"
17522,-15.678370845940876,-10.722019438225406,True,False,0.0,0.9999999996289696,"GJR-GARCH(1,1,1)-t"
17528,0.03669960671307315,4.993051014428543,True,True,5.280592965225375e-17,0.7555460298906382,"GJR-GARCH(1,1,1)-t"
17530,3.395046615431946,8.351398023147416,True,True,0.7448118646883879,5.050527563341036e-13,"GJR-GARCH(1,1,1)-t"
17565,-1.2823377581580466,3.6740136495574234,True,True,1.1477429442405726e-13,0.9295741606875807,"GJR-GARCH(1,1,1)-t"
17569,-6.007974234922031,-1.051622827206561,True,False,2.532550569004865e-14,1.0,"GJR-GARCH(1,1,1)-t"
17570,25.996354699526012,30.952706107241482,True,False,6.066973309617053e-13,0.9999491242232375,"GJR-GARCH(1,1,1)-t"
17578,35.15204100982564,40.10839241754111,True,True,0.0,0.7644284094138969,"GJR-GARCH(1,1,1)-t"
17584,-16.8476271610749,-11.89127575335943,True,True,8.464007748455034e-16,0.5081475967219534,"GJR-GARCH(1,1,1)-t"
17598,-4.6184887164818065,0.3378626912336635,True,True,1.881515301082679e-15,0.4643395185567707,"GJR-GARCH(1,1,1)-t"
17603,25.689211865463772,30.645563273179242,True,True,8.527196164440194e-19,1.3381478403872894e-13,"GJR-GARCH(1,1,1)-t"
17604,3.195535855910899,8.151887263626369,True,True,0.0,0.1877525406934956,"GJR-GARCH(1,1,1)-t"
17606,30.660650686250694,35.617002093966164,True,True,1.7760723122003243e-16,2.7827191172258367e-08,"GJR-GARCH(1,1,1)-t"
17617,-2.605879755162391,2.350471652553079,True,True,8.611970688545655e-14,0.9211478768895339,"GJR-GARCH(1,1,1)-t"
17626,14.32906208811982,19.28541349583529,True,True,0.06522379841149692,0.6211943445120671,"GJR-GARCH(1,1,1)-t"
17634,46.108982349299005,51.06533375701447,True,True,9.49376278062106e-17,0.8322688960073922,"GJR-GARCH(1,1,1)-t"
17639,-10.43523788135451,-5.47888647363904,True,True,1.9806582209664923e-09,1.9663603787345976e-09,"GJR-GARCH(1,1,1)-t"
17643,14.354219129050112,19.31057053676558,True,True,1.9185255189357683e-11,0.0011914927005873743,"GJR-GARCH(1,1,1)-t"
17644,50.54976617452215,55.50611758223762,True,True,4.166174081076569e-19,0.8940584932662818,"GJR-GARCH(1,1,1)-t"
17670,-14.184833198501895,-9.228481790786425,True,True,0.0,1.3299147044987594e-15,"GJR-GARCH(1,1,1)-t"
17672,-16.558227191619583,-11.601875783904113,True,False,1.006992386217292e-20,1.0,"GJR-GARCH(1,1,1)-t"
17676,-13.725110143849946,-8.768758736134476,True,False,0.913328121981732,0.4351248834938198,"GJR-GARCH(1,1,1)-t"
17695,-21.206380840722858,-16.250029433007388,True,True,0.0,0.9053251424334863,"GJR-GARCH(1,1,1)-t"
17698,-5.0006655505148885,-0.04431414279941848,True,True,0.0,3.5470789952850055e-13,"GJR-GARCH(1,1,1)-t"
17707,5.1742040895884465,10.130555497303916,True,True,0.1948768984992123,0.33000312034219054,"GJR-GARCH(1,1,1)-t"
17708,-0.004409962423322256,4.951941445292148,True,True,1.2522681725599316e-13,0.5846246669758659,"GJR-GARCH(1,1,1)-t"
17727,-3.3074640712075762,1.6488873365078938,True,True,0.0,0.06506409887864134,"GJR-GARCH(1,1,1)-t"
17762,-9.33401799371487,-4.3776665859994,True,True,0.0,0.4999342374644698,"GJR-GARCH(1,1,1)-t"
17777,-8.142185536119307,-3.1858341284038367,True,False,1.0,0.1714332053422413,"GJR-GARCH(1,1,1)-t"
17785,-4.7694469016213255,0.18690450609414455,True,True,0.0,0.33969988955742836,"GJR-GARCH(1,1,1)-t"
17791,40.80738616942799,45.76373757714346,True,False,1.17297341604449e-16,0.9999999916500222,"GJR-GARCH(1,1,1)-t"
17804,1.5840923999863445,6.5404438077018145,True,True,0.06452776935792949,3.88044430351805e-18,"GJR-GARCH(1,1,1)-t"
17809,-11.012849277859225,-6.056497870143755,True,True,0.6005564468038604,8.455668902504659e-12,"GJR-GARCH(1,1,1)-t"
17813,24.33234346194014,29.288694869655608,True,True,0.5818884881258002,2.5548019549735898e-17,"GJR-GARCH(1,1,1)-t"
17820,5.4355241631489,10.39187557086437,True,False,0.999999999999949,1.3785928912105673e-13,"GJR-GARCH(1,1,1)-t"
17823,4.787906852768682,9.744258260484152,True,True,2.030880118460926e-15,1.1846090575270798e-14,"GJR-GARCH(1,1,1)-t"
17825,8.635599845353678,13.591951253069148,True,True,0.13116960110960757,0.4620095734562654,"GJR-GARCH(1,1,1)-t"
17832,20.939713195578896,25.89606460329437,True,True,0.0,2.7367039452482586e-15,"GJR-GARCH(1,1,1)-t"
17837,4.5029817132691505,9.45933312098462,True,True,0.4920964143044415,2.6647139813395323e-15,"GJR-GARCH(1,1,1)-t"
17838,11.143086579929026,16.099437987644496,True,False,1.4367486957901924e-16,0.9999999999999942,"GJR-GARCH(1,1,1)-t"
17841,-13.734255207548124,-8.777903799832654,True,True,0.04488860141003406,0.9268915425157404,"GJR-GARCH(1,1,1)-t"
17852,6.582814063791223,11.539165471506692,True,True,0.3597508826613098,0.0,"GJR-GARCH(1,1,1)-t"
17870,7.459355974555656,12.415707382271126,True,False,8.329626341977334e-14,0.9999999999976827,"GJR-GARCH(1,1,1)-t"
17872,0.1082764467850641,5.064627854500534,True,True,6.683914161989181e-14,0.8404486861048959,"GJR-GARCH(1,1,1)-t"
17875,-4.8610553619281305,0.09529604578733952,True,True,3.247811799725901e-15,1.0211994807974589e-15,"GJR-GARCH(1,1,1)-t"
17876,3.395275217937968,8.351626625653438,True,True,0.13050776010619966,0.705538581267007,"GJR-GARCH(1,1,1)-t"
17885,2.487290157114611,7.443641564830081,True,True,2.3586549636780723e-15,0.842294801528215,"GJR-GARCH(1,1,1)-t"
17888,-17.582494233337204,-12.626142825621734,True,False,1.8803439902768358e-14,0.9999999999999108,"GJR-GARCH(1,1,1)-t"
17903,-4.001583662419868,0.9547677452956016,True,True,8.220239795608527e-14,2.1179318645501256e-17,"GJR-GARCH(1,1,1)-t"
17911,-20.251981680069633,-15.295630272354163,True,True,0.0,0.1975696093143102,"GJR-GARCH(1,1,1)-t"
17914,-1.2345471557787775,3.7218042519366925,True,True,0.0,0.9867905410338927,"GJR-GARCH(1,1,1)-t"
17946,-1.458129541079817,3.498221866635653,True,True,7.590736702036028e-14,0.9609033207496115,"GJR-GARCH(1,1,1)-t"
17949,29.785574211038686,34.74192561875416,True,True,4.885225062355884e-13,0.8177323184917951,"GJR-GARCH(1,1,1)-t"
17951,2.5976917343911907,7.554043142106661,True,False,0.053470694674170115,0.9732646526629115,"GJR-GARCH(1,1,1)-t"
17955,3.275349486822291,8.231700894537761,True,True,5.862465742166248e-11,0.9300461089038345,"GJR-GARCH(1,1,1)-t"
17957,0.3974167686620742,5.353768176377544,True,False,3.469372540878845e-16,0.9999999999999805,"GJR-GARCH(1,1,1)-t"
17966,4.708090117483273,9.664441525198743,True,False,0.9999999998621409,5.2096601874811684e-11,"GJR-GARCH(1,1,1)-t"
17967,-17.555051233674906,-12.598699825959436,True,True,1.2946772319037785e-21,0.7470623166599081,"GJR-GARCH(1,1,1)-t"
17971,9.248596628233393,14.204948035948863,True,True,0.326671581065839,0.6139694520058036,"GJR-GARCH(1,1,1)-t"
17973,-8.70263531759278,-3.7462839098773095,True,True,0.0,0.8774826800877321,"GJR-GARCH(1,1,1)-t"
17975,17.575496657020658,22.531848064736124,True,True,7.43795116266575e-15,0.9781195226787641,"GJR-GARCH(1,1,1)-t"
17987,-5.984770949558282,-1.028419541842812,True,False,1.0,0.0,"GJR-GARCH(1,1,1)-t"
17989,46.199286442528724,51.15563785024419,True,False,0.9999999999860872,6.813628181720446e-12,"GJR-GARCH(1,1,1)-t"
17999,4.603646455376255,9.559997863091725,True,False,1.3853244657156605e-10,1.0,"GJR-GARCH(1,1,1)-t"
18000,14.850840905395296,19.807192313110768,True,True,1.6015890890036726e-13,0.0,"GJR-GARCH(1,1,1)-t"
18007,13.870963246778151,18.82731465449362,True,True,0.45854379074395785,1.824920337748044e-10,"GJR-GARCH(1,1,1)-t"
18012,-18.154256262002043,-13.197904854286573,True,False,0.1385470091634762,0.9307264954182671,"GJR-GARCH(1,1,1)-t"
18020,-11.388307271068932,-6.431955863353462,True,False,0.9999999934961814,2.3319569925797955e-09,"GJR-GARCH(1,1,1)-t"
18023,-14.364186493881174,-9.407835086165704,True,True,0.0,0.9837077556234263,"GJR-GARCH(1,1,1)-t"
18029,5.696225978673773,10.652577386389243,True,False,1.102258575405919e-15,0.9999999999999979,"GJR-GARCH(1,1,1)-t"
18042,-21.25812165356608,-16.30177024585061,True,True,0.008702600978363676,0.0,"GJR-GARCH(1,1,1)-t"
18059,-5.4520803100639235,-0.49572890234845346,True,False,4.7449146006909515e-25,1.0,"GJR-GARCH(1,1,1)-t"
18072,-1.6033870867474072,3.352964320968063,True,True,1.4993605169640088e-13,0.020019868939118647,"GJR-GARCH(1,1,1)-t"
18077,15.507277221506477,20.463628629221947,True,True,0.0,0.958987096861046,"GJR-GARCH(1,1,1)-t"
18082,7.383643375983281,12.339994783698751,True,True,0.8416108878448593,1.0245356728839598e-13,"GJR-GARCH(1,1,1)-t"
18088,-2.339036548439026,2.617314859276444,True,True,1.1869200408692515e-16,0.6412352654620231,"GJR-GARCH(1,1,1)-t"
18109,-9.824403650302141,-4.868052242586671,True,False,0.6045756502160682,0.4416144877407225,"GJR-GARCH(1,1,1)-t"
18111,16.366492372280565,21.322843779996035,True,True,1.2849013030473696e-12,0.9812661420281248,"GJR-GARCH(1,1,1)-t"
18129,-7.04957735261727,-2.0932259449018,True,True,5.995447388521176e-12,0.9360843857712149,"GJR-GARCH(1,1,1)-t"
18134,-6.079492829460939,-1.1231414217454692,True,True,0.0,0.38860006002218184,"GJR-GARCH(1,1,1)-t"
18141,10.563292639064034,15.519644046779504,True,True,3.2029561294222393e-12,0.9736526421069519,"GJR-GARCH(1,1,1)-t"
18142,20.28363577124228,25.239987178957747,True,True,0.38032336223796226,0.23197445360044536,"GJR-GARCH(1,1,1)-t"
18170,-22.644953128735608,-17.688601721020138,True,False,4.7845934969018625e-15,1.0,"GJR-GARCH(1,1,1)-t"
18174,54.341966221810665,59.29831762952614,True,True,2.395654113837116e-14,0.9763332138472766,"GJR-GARCH(1,1,1)-t"
18177,23.238346856092363,28.19469826380783,True,True,6.762617729240141e-12,0.5756226630838542,"GJR-GARCH(1,1,1)-t"
18178,-2.2330730572787765,2.7232783504366935,True,True,1.0462221741648815e-15,0.7467388615168695,"GJR-GARCH(1,1,1)-t"
18180,28.008393686998005,32.96474509471348,True,False,1.0696916168372645e-19,0.9999999999999772,"GJR-GARCH(1,1,1)-t"
18184,17.58754453268322,22.54389594039869,True,True,3.332780520350922e-16,0.43362588960698933,"GJR-GARCH(1,1,1)-t"
18200,19.808147538378545,24.764498946094015,True,True,4.684044668839697e-13,0.8329664135377374,"GJR-GARCH(1,1,1)-t"
18203,6.025444425934104,10.981795833649574,True,True,0.20304760080781326,0.19977461095183938,"GJR-GARCH(1,1,1)-t"
18205,14.325169232002429,19.281520639717897,True,False,1.0,0.0,"GJR-GARCH(1,1,1)-t"
18212,15.179956152721896,20.136307560437366,True,True,4.1796406346069893e-17,4.066208381434764e-15,"GJR-GARCH(1,1,1)-t"
18216,16.793441267824427,21.749792675539897,True,True,1.014449552010658e-18,1.0123636300832283e-17,"GJR-GARCH(1,1,1)-t"
18218,16.33857157738564,21.29492298510111,True,True,4.443446243965749e-16,0.0,"GJR-GARCH(1,1,1)-t"
18220,3.6467099814366133,8.603061389152083,True,True,0.0,0.9077812409618807,"GJR-GARCH(1,1,1)-t"
18222,17.488453432234813,22.444804839950283,True,True,9.603004055434428e-15,0.897978391876578,"GJR-GARCH(1,1,1)-t"
18224,6.100289480306877,11.056640888022347,True,False,1.0,0.0,"GJR-GARCH(1,1,1)-t"
18231,45.983814247829045,50.94016565554452,True,False,0.0,1.0,"GJR-GARCH(1,1,1)-t"
18234,-25.79900702804717,-20.8426556203317,True,True,1.3964099045950147e-15,0.9481560117157407,"GJR-GARCH(1,1,1)-t"
18236,19.77426495480998,24.730616362525446,True,True,5.4914738318502584e-15,0.9336087766246141,"GJR-GARCH(1,1,1)-t"
18242,10.141875789374446,15.098227197089916,True,False,0.0,1.0,"GJR-GARCH(1,1,1)-t"
18247,17.947410170693196,22.903761578408666,True,True,0.3544574048071161,2.1679311234752844e-13,"GJR-GARCH(1,1,1)-t"
18262,-25.839607984381352,-20.883256576665882,True,False,0.9999999984951682,5.617782968428941e-10,"GJR-GARCH(1,1,1)-t"
18285,20.018348607131507,24.974700014846974,True,True,0.0,0.0,"GJR-GARCH(1,1,1)-t"
18316,-7.860958618773221,-2.904607211057751,True,True,3.6363155464857e-15,0.9597680346153464,"GJR-GARCH(1,1,1)-t"
18351,2.5051623280785975,7.4615137357940675,True,False,0.0,1.0,"GJR-GARCH(1,1,1)-t"
18358,21.619030417732347,26.575381825447817,True,True,5.174724609722343e-14,0.8765744788720607,"GJR-GARCH(1,1,1)-t"
18371,2.2178378220801225,7.1741892297955925,True,False,0.15636984770497125,0.8520997279234088,"GJR-GARCH(1,1,1)-t"
18392,-8.64889304307923,-3.69254163536376,True,False,0.5933840549571296,0.6505974765572994,"GJR-GARCH(1,1,1)-t"
18393,6.4845654460298405,11.44091685374531,True,False,0.3755941454760364,0.6780206088308867,"GJR-GARCH(1,1,1)-t"
18400,11.034191326493875,15.990542734209345,True,False,0.9999999981387648,0.3668059967157236,"GJR-GARCH(1,1,1)-t"
18402,0.9414312724021983,5.897782680117668,True,True,0.11345788847605087,3.818200253216502e-15,"GJR-GARCH(1,1,1)-t"
18407,-3.227747603790462,1.728603803925008,True,False,0.0,1.0,"GJR-GARCH(1,1,1)-t"
18425,17.01044035043074,21.96679175814621,True,True,0.0,0.9917504766409143,"GJR-GARCH(1,1,1)-t"
18427,10.193334227635697,15.149685635351167,True,True,1.5608584443008453e-16,8.599859459013185e-16,"GJR-GARCH(1,1,1)-t"
18430,38.86240674262214,43.81875815033761,True,True,9.904935705219256e-17,8.5095133575226e-14,"GJR-GARCH(1,1,1)-t"
18445,9.56712237948886,14.52347378720433,True,True,0.4524470545507212,0.0,"GJR-GARCH(1,1,1)-t"
18447,-1.1866376516327986,3.7697137560826715,True,True,0.0,0.27514762142151833,"GJR-GARCH(1,1,1)-t"
18471,0.1783552179576411,5.134706625673111,True,False,1.5173496312331897e-15,1.0,"GJR-GARCH(1,1,1)-t"
18479,57.26629920397097,62.22265061168645,True,False,5.23034719429332e-16,1.0,"GJR-GARCH(1,1,1)-t"
18483,-0.5777481192670919,4.378603288448378,True,True,4.098342403501586e-16,1.717759235150204e-19,"GJR-GARCH(1,1,1)-t"
18491,17.268503834321397,22.224855242036867,True,True,3.626715961213644e-15,0.9825203100126582,"GJR-GARCH(1,1,1)-t"
18494,13.429540577407154,18.385891985122623,True,True,0.0,0.8916991951275012,"GJR-GARCH(1,1,1)-t"
18495,-20.2260855924685,-15.26973418475303,True,True,0.0,0.9689932085958223,"GJR-GARCH(1,1,1)-t"
18498,17.288153167045497,22.244504574760967,True,True,0.0,0.8703205977194979,"GJR-GARCH(1,1,1)-t"
18500,-22.72123704673635,-17.76488563902088,True,False,0.7981644541262064,0.5035785013219625,"GJR-GARCH(1,1,1)-t"
18502,32.859163246693214,37.81551465440869,True,True,3.2353675245764533e-18,0.9409741087757368,"GJR-GARCH(1,1,1)-t"
18507,-5.808126804254073,-0.8517753965386028,True,False,0.318929992101393,0.8405350039493015,"GJR-GARCH(1,1,1)-t"
18509,-8.171162488467296,-3.2148110807518258,True,True,1.0184530536753092e-14,0.7759932826961663,"GJR-GARCH(1,1,1)-t"
18514,17.491539217044007,22.447890624759474,True,True,0.0,0.9815781878119608,"GJR-GARCH(1,1,1)-t"
18534,-11.681706002313291,-6.725354594597821,True,False,0.9999999999999989,0.3863201488100414,"GJR-GARCH(1,1,1)-t"
18545,-25.366080869966005,-20.409729462250535,True,True,0.0,4.014387740219006e-16,"GJR-GARCH(1,1,1)-t"
18560,5.190851665484864,10.147203073200334,True,True,2.0890588768488742e-10,0.0,"GJR-GARCH(1,1,1)-t"
18565,27.622801197194416,32.579152604909886,True,True,1.2204296948544452e-11,0.9790893556745204,"GJR-GARCH(1,1,1)-t"
18567,4.802533663536954,9.758885071252424,True,True,1.1713525305890288e-07,0.8973874378820295,"GJR-GARCH(1,1,1)-t"
18582,-9.758373187243095,-4.8020217795276245,True,True,9.421970645201829e-26,1.4208902754419858e-25,"GJR-GARCH(1,1,1)-t"
18586,-15.62146927052138,-10.66511786280591,True,False,0.413805189126425,0.7180741051142713,"GJR-GARCH(1,1,1)-t"
18587,0.6271247615432376,5.583476169258708,True,True,1.4900272214739815e-15,0.05447248703248204,"GJR-GARCH(1,1,1)-t"
18595,11.057676113190105,16.014027520905575,True,True,0.0,0.5863205133047994,"GJR-GARCH(1,1,1)-t"
18597,-7.69608746779037,-2.7397360600749003,True,True,8.436183305149731e-17,0.9759407974494922,"GJR-GARCH(1,1,1)-t"
18600,7.825996607363174,12.782348015078643,True,True,8.220032175262735e-18,0.30280962901913305,"GJR-GARCH(1,1,1)-t"
18611,-5.303522590214762,-0.3471711824992916,True,True,2.3680215167669204e-14,0.7535212785359449,"GJR-GARCH(1,1,1)-t"
18628,13.67474680347275,18.63109821118822,True,True,6.15034050706842e-14,0.9705100364376104,"GJR-GARCH(1,1,1)-t"
18629,-20.349821964896414,-15.393470557180944,True,True,0.053256349726812285,3.094438386989111e-12,"GJR-GARCH(1,1,1)-t"
18634,-6.845145038429166,-1.888793630713696,True,True,2.4504989206135568e-17,0.7846584472086546,"GJR-GARCH(1,1,1)-t"
18640,29.931964721596984,34.88831612931245,True,True,3.831307488934251e-17,0.6407655403450209,"GJR-GARCH(1,1,1)-t"
18653,19.827736846001848,24.784088253717318,True,True,9.754215335279268e-15,2.5237796646496457e-13,"GJR-GARCH(1,1,1)-t"
18656,40.51176878669578,45.46812019441125,True,False,2.011867744929248e-15,1.0,"GJR-GARCH(1,1,1)-t"
18662,-8.459226916388584,-3.502875508673114,True,True,0.0,0.0,"GJR-GARCH(1,1,1)-t"
18682,-18.207071448490687,-13.250720040775217,True,False,0.18159987112191808,0.9092000421358399,"GJR-GARCH(1,1,1)-t"
18692,9.842603243839745,14.798954651555215,True,True,2.0341069959910638e-11,3.4882594784274835e-10,"GJR-GARCH(1,1,1)-t"
18701,7.318724947157654,12.275076354873125,True,True,7.326336473614147e-14,0.8193360691904775,"GJR-GARCH(1,1,1)-t"
18703,25.51190316102877,30.468254568744236,True,True,3.1528933256459817e-15,0.9323744418327307,"GJR-GARCH(1,1,1)-t"
18728,44.81087031855462,49.767221726270094,True,True,0.1677067415725549,5.845940145434674e-17,"GJR-GARCH(1,1,1)-t"
18739,-1.3380184935970192,3.618332914118451,True,True,0.0,0.0,"GJR-GARCH(1,1,1)-t"
18742,32.654472636185616,37.61082404390109,True,False,0.6922474814979972,0.6538762592785718,"GJR-GARCH(1,1,1)-t"
18748,53.47003665688633,58.426388064601795,True,False,0.1194016458739607,0.9402991770659322,"GJR-GARCH(1,1,1)-t"
18764,11.406515579973036,16.362866987688506,True,True,3.1214765609170624e-08,0.0,"GJR-GARCH(1,1,1)-t"
18766,31.60103304021935,36.55738444793482,True,True,0.0,2.2090640015273784e-15,"GJR-GARCH(1,1,1)-t"
18792,-7.337063099709503,-2.3807116919940334,True,True,0.0,0.8991668404217216,"GJR-GARCH(1,1,1)-t"
18794,21.190904175578897,26.147255583294367,True,True,1.3275874960539742e-18,0.24308061520208119,"GJR-GARCH(1,1,1)-t"
18808,-12.250676913971411,-7.294325506255941,True,True,0.0,0.9686452926467649,"GJR-GARCH(1,1,1)-t"
18822,-3.485662409517701,1.4706889981977689,True,False,5.491182855762134e-15,0.9999999999999923,"GJR-GARCH(1,1,1)-t"
18831,-3.8808453947091905,1.0755060130062795,True,True,1.7704663866584407e-14,8.942115959625774e-15,"GJR-GARCH(1,1,1)-t"
18836,-8.307842770854926,-3.3514913631394556,True,True,0.0,0.0,"GJR-GARCH(1,1,1)-t"
18844,-5.1134815079787295,-0.15713010026325946,True,True,0.0,0.7822425224117168,"GJR-GARCH(1,1,1)-t"
18848,-6.161009772913051,-1.2046583651975808,True,True,2.7237547796402195e-13,4.989885961500508e-12,"GJR-GARCH(1,1,1)-t"
18865,19.633342580782866,24.589693988498333,True,False,8.483204727803647e-22,1.0,"GJR-GARCH(1,1,1)-t"
18878,-15.739451775261522,-10.783100367546052,True,True,0.0,0.25692890345262065,"GJR-GARCH(1,1,1)-t"
18908,-3.7023226475297086,1.2540287601857614,True,True,0.14110233793573704,0.0,"GJR-GARCH(1,1,1)-t"
18911,20.89261514741373,25.848966555129202,True,True,0.0,0.6795254628125784,"GJR-GARCH(1,1,1)-t"
18912,-12.965971910386866,-8.009620502671396,True,True,0.0,0.0,"GJR-GARCH(1,1,1)-t"
18916,-12.222603253004987,-7.266251845289517,True,True,2.3758414417266556e-16,1.3695051191296035e-19,"GJR-GARCH(1,1,1)-t"
18919,14.343584096111801,19.29993550382727,True,False,1.0,0.0,"GJR-GARCH(1,1,1)-t"
18928,35.95084647200939,40.907197879724855,True,False,0.4988871651850479,0.5323952354547219,"GJR-GARCH(1,1,1)-t"
18932,-2.9006492427348647,2.0557021649806053,True,True,0.0,0.14862965902324854,"GJR-GARCH(1,1,1)-t"
18940,8.073442435831272,13.029793843546742,True,True,0.9492237652363034,0.029294138906992305,"GJR-GARCH(1,1,1)-t"
18944,10.771313099231243,15.727664506946713,True,False,5.753293778978196e-13,0.9999999999981719,"GJR-GARCH(1,1,1)-t"
18949,5.55679272291154,10.51314413062701,True,True,0.0,0.0,"GJR-GARCH(1,1,1)-t"
18955,8.46961736686069,13.42596877457616,True,True,1.231701154805587e-14,0.8831917367034858,"GJR-GARCH(1,1,1)-t"
18956,-20.58259122123438,-15.626239813518911,True,True,8.133449498271814e-10,0.9658282436032242,"GJR-GARCH(1,1,1)-t"
18959,2.1245222130262302,7.0808736207417,True,True,5.3491197054871316e-15,2.598876133294336e-12,"GJR-GARCH(1,1,1)-t"
18960,7.363329571701751,12.319680979417221,True,True,0.0,0.0,"GJR-GARCH(1,1,1)-t"
18967,-2.6712319001774176,2.2851195075380524,True,True,1.3236668897562875e-13,7.214784021843615e-14,"GJR-GARCH(1,1,1)-t"
18972,6.443351961804747,11.399703369520218,True,True,0.0,0.31130647407587764,"GJR-GARCH(1,1,1)-t"
18993,19.245775864939613,24.202127272655083,True,True,2.353192887275534e-20,0.9256083257296299,"GJR-GARCH(1,1,1)-t"
18996,27.617375053547914,32.573726461263384,True,True,0.0,3.243295818286415e-11,"GJR-GARCH(1,1,1)-t"
18999,8.302285352072374,13.258636759787844,True,True,2.88556113086164e-13,0.9246223373686918,"GJR-GARCH(1,1,1)-t"
19033,-12.05701680052529,-7.10066539280982,True,True,0.0,0.5492535278541536,"GJR-GARCH(1,1,1)-t"
19034,2.1114326596796484,7.067784067395118,True,False,0.9999999999999991,0.09671211900531317,"GJR-GARCH(1,1,1)-t"
19050,-6.050949580350135,-1.0945981726346652,True,True,0.5831078302309322,3.1775810524072747e-18,"GJR-GARCH(1,1,1)-t"
19053,-11.261283607770899,-6.304932200055429,True,False,3.0997568839046653e-15,0.9999999999999953,"GJR-GARCH(1,1,1)-t"
19062,-7.083076826429227,-2.1267254187137574,True,False,2.4343778248008587e-15,0.9999999999999999,"GJR-GARCH(1,1,1)-t"
19065,-11.819441802705757,-6.863090394990287,True,True,6.7421696638751885e-12,7.631948657539899e-16,"GJR-GARCH(1,1,1)-t"
19068,17.45355094799604,22.40990235571151,True,True,7.564676483148588e-08,0.9025881708669504,"GJR-GARCH(1,1,1)-t"
19072,28.744038497430466,33.70038990514594,True,True,0.07430719475613937,0.6530308235270298,"GJR-GARCH(1,1,1)-t"
19090,5.57083336810293,10.5271847758184,True,True,0.6698525369342403,0.28388635301644244,"GJR-GARCH(1,1,1)-t"
19104,12.598587611127616,17.554939018843086,True,True,0.7414954820194961,2.5246239879779707e-13,"GJR-GARCH(1,1,1)-t"
19136,68.9658702635534,73.92222167126887,True,True,7.923260509168448e-15,0.946015978233553,"GJR-GARCH(1,1,1)-t"
19147,10.44580443045754,15.40215583817301,True,False,1.3667415992507024e-12,0.9999999999876878,"GJR-GARCH(1,1,1)-t"
19148,9.699383170116352,14.655734577831822,True,True,4.388729010267813e-15,0.35467959999907006,"GJR-GARCH(1,1,1)-t"
19154,-9.033944508059758,-4.077593100344288,True,False,1.811825035545227e-16,0.9999999999999967,"GJR-GARCH(1,1,1)-t"
19155,28.662520264342355,33.61887167205782,True,True,1.6786579375152712e-13,0.9810279386699594,"GJR-GARCH(1,1,1)-t"
19157,21.405757252932112,26.362108660647582,True,True,1.567072786535517e-14,5.654693144928159e-16,"GJR-GARCH(1,1,1)-t"
19164,-6.000260351782995,-1.0439089440675247,True,True,1.097293641991223e-15,4.685161055811179e-15,"GJR-GARCH(1,1,1)-t"
19176,-0.30617700733061426,4.650174400384856,True,True,2.5884476418977044e-14,0.9144895841007078,"GJR-GARCH(1,1,1)-t"
19180,29.029109229470553,33.98546063718602,True,True,0.0,0.988710030879997,"GJR-GARCH(1,1,1)-t"
19204,9.191536321249393,14.147887728964863,True,False,0.9999999999999286,0.41037204592613197,"GJR-GARCH(1,1,1)-t"
19222,-17.996189645469315,-13.039838237753845,True,False,2.8728451151956426e-16,0.9999999999999999,"GJR-GARCH(1,1,1)-t"
19226,6.332018647468436,11.288370055183906,True,True,0.0,0.9748559714646,"GJR-GARCH(1,1,1)-t"
19230,-19.944922726052894,-14.988571318337424,True,True,1.1426918686555124e-09,0.8687174646349054,"GJR-GARCH(1,1,1)-t"
19234,-12.013590730271464,-7.0572393225559935,True,True,4.8699154918190266e-15,0.4792079990923864,"GJR-GARCH(1,1,1)-t"
19240,-5.323379661239667,-0.36702825352419666,True,True,0.0,0.0,"GJR-GARCH(1,1,1)-t"
19255,19.30108011134292,24.25743151905839,True,True,0.0,0.8883638550761331,"GJR-GARCH(1,1,1)-t"
19260,14.350178735319494,19.306530143034966,True,False,1.0,0.252337717814321,"GJR-GARCH(1,1,1)-t"
19262,42.05179579487542,47.00814720259089,True,False,1.0,0.04950489350283486,"GJR-GARCH(1,1,1)-t"
19265,9.864552242769477,14.820903650484947,True,True,7.68531951928989e-16,0.22365001276606242,"GJR-GARCH(1,1,1)-t"
19267,-8.590963865046664,-3.634612457331194,True,True,6.230627930374206e-12,1.2611226925507625e-12,"GJR-GARCH(1,1,1)-t"
19271,22.378728127575336,27.335079535290806,True,True,5.2965213575571e-18,0.9503443209737894,"GJR-GARCH(1,1,1)-t"
19274,42.649504172049404,47.60585557976488,True,False,0.9999999999998375,0.0,"GJR-GARCH(1,1,1)-t"
19281,-18.915688630158215,-13.959337222442745,True,False,0.2875455069254067,0.8562269071685207,"GJR-GARCH(1,1,1)-t"
19294,-11.035152257354301,-6.0788008496388315,True,False,2.7151397116036308e-11,0.9999999986572073,"GJR-GARCH(1,1,1)-t"
19300,65.5331796711682,70.48953107888366,True,True,0.008849120619360294,0.694129803070139,"GJR-GARCH(1,1,1)-t"
19309,5.126307196171082,10.082658603886552,True,False,2.343011357590663e-16,0.9999999999999967,"GJR-GARCH(1,1,1)-t"
19333,5.429189359299462,10.385540767014932,True,True,0.47683721645235005,2.149962174107272e-15,"GJR-GARCH(1,1,1)-t"
19358,-5.169182954996543,-0.21283154728107334,True,False,0.6924707744641643,0.490608414834809,"GJR-GARCH(1,1,1)-t"
19365,-7.517282293171117,-2.5609308854556474,True,True,2.8892838376654265e-11,0.9435848345724877,"GJR-GARCH(1,1,1)-t"
19373,16.320086644924505,21.276438052639975,True,False,0.10557358879638307,0.947213205601802,"GJR-GARCH(1,1,1)-t"
19385,-18.29537548547227,-13.3390240777568,True,False,1.837171511033312e-16,1.0,"GJR-GARCH(1,1,1)-t"
19386,-19.320531053416737,-14.364179645701267,True,False,1.0467324511091172e-21,0.9999999999999989,"GJR-GARCH(1,1,1)-t"
19389,-3.805014632043431,1.1513367756720392,True,True,0.0,0.0,"GJR-GARCH(1,1,1)-t"
19390,3.2149489571221146,8.171300364837585,True,True,1.51883211664389e-13,0.8615104718756817,"GJR-GARCH(1,1,1)-t"
19417,-3.5602364321288213,1.3961149755866487,True,True,1.0719157203282194e-15,3.341833770448274e-19,"GJR-GARCH(1,1,1)-t"
19428,50.86375125320673,55.8201026609222,True,True,0.0,0.8512280077647775,"GJR-GARCH(1,1,1)-t"
19434,-17.29578929897139,-12.339437891255919,True,True,1.6869924804078695e-15,0.480772222788093,"GJR-GARCH(1,1,1)-t"
19444,-24.586103685863606,-19.629752278148136,True,True,4.3954638890035967e-16,0.0,"GJR-GARCH(1,1,1)-t"
19453,38.589468479971586,43.54581988768706,True,False,7.100729992238254e-20,1.0,"GJR-GARCH(1,1,1)-t"
19459,-4.726302838748417,0.23004856896705306,True,True,0.0,0.2817262321725814,"GJR-GARCH(1,1,1)-t"
19466,0.7360716245507462,5.692423032266216,True,True,0.536264720516299,0.0,"GJR-GARCH(1,1,1)-t"
19472,-10.214051551333377,-5.257700143617907,True,True,4.7422559392913105e-20,0.8558465725306372,"GJR-GARCH(1,1,1)-t"
19476,-23.85321680365933,-18.89686539594386,True,True,0.7139906754696097,0.0,"GJR-GARCH(1,1,1)-t"
19483,16.95983542717277,21.916186834888244,True,True,7.710641012419843e-16,0.2179303417789953,"GJR-GARCH(1,1,1)-t"
19488,-9.689343220281003,-4.732991812565533,True,False,0.0,0.9999999999999994,"GJR-GARCH(1,1,1)-t"
19489,0.9499254813606797,5.90627688907615,True,True,0.009942572862897866,0.25937119261434743,"GJR-GARCH(1,1,1)-t"
19491,4.676263958493681,9.632615366209151,True,False,1.4560965481123388e-18,1.0,"GJR-GARCH(1,1,1)-t"
19493,10.948591780579935,15.904943188295405,True,True,1.118671848477207e-14,0.8996877944106644,"GJR-GARCH(1,1,1)-t"
19495,-8.276597719355163,-3.3202463116396927,True,True,0.0,0.6532594824105352,"GJR-GARCH(1,1,1)-t"
19499,-10.58600911584454,-5.62965770812907,True,True,0.0,0.7515169645734695,"GJR-GARCH(1,1,1)-t"
19509,33.71897363648728,38.67532504420275,True,True,0.0,1.5522843997644087e-12,"GJR-GARCH(1,1,1)-t"
19512,33.980173292878455,38.93652470059392,True,True,0.32778138571765436,0.32073215731628263,"GJR-GARCH(1,1,1)-t"
19527,7.649169089615495,12.605520497330964,True,True,3.4422139226547895e-16,0.573164385426873,"GJR-GARCH(1,1,1)-t"
19528,-14.747097059399142,-9.790745651683672,True,True,1.1789056366166e-14,0.6577649380303349,"GJR-GARCH(1,1,1)-t"
19531,16.33043335023608,21.28678475795155,True,True,1.1745114579795045e-15,0.767589507382702,"GJR-GARCH(1,1,1)-t"
19532,20.864762238591794,25.821113646307264,True,True,4.347718950159075e-18,0.5244438073960618,"GJR-GARCH(1,1,1)-t"
19542,22.425048324298043,27.381399732013513,True,True,0.48169133556755084,0.4379403820645916,"GJR-GARCH(1,1,1)-t"
19551,-6.879564342348981,-1.9232129346335114,True,True,0.9968319841421491,1.216671840308004e-09,"GJR-GARCH(1,1,1)-t"
19554,7.222035586532908,12.178386994248378,True,True,1.679412663071889e-13,1.4284149453434193e-12,"GJR-GARCH(1,1,1)-t"
19579,40.75768310760964,45.7140345153251,True,True,1.435568360793614e-19,0.7941661938611161,"GJR-GARCH(1,1,1)-t"
19580,22.68080212453853,27.637153532253997,True,False,0.1962351723775812,0.8689076673473565,"GJR-GARCH(1,1,1)-t"
19597,62.63381009640995,67.59016150412542,True,True,2.3343732223894607e-17,0.2959716978653183,"GJR-GARCH(1,1,1)-t"
19603,4.24948854314184,9.20583995085731,True,True,5.228730222120008e-15,0.2799686883184369,"GJR-GARCH(1,1,1)-t"
19606,-0.43376135102649016,4.52259005668898,True,True,7.406079326568377e-15,0.5137649059512869,"GJR-GARCH(1,1,1)-t"
19612,15.942641856820225,20.898993264535694,True,True,3.1668406170343416e-17,0.9795882683316145,"GJR-GARCH(1,1,1)-t"
19614,2.1277743307944874,7.084125738509957,True,True,3.361737551524999e-12,0.0,"GJR-GARCH(1,1,1)-t"
19623,9.822128402188776,14.778479809904246,True,True,6.916305404252489e-14,0.9148435018078124,"GJR-GARCH(1,1,1)-t"
19625,-4.448632261072774,0.507719146642696,True,False,0.5938843628340384,0.6087208430421024,"GJR-GARCH(1,1,1)-t"
19626,-11.935773912919824,-6.979422505204354,True,True,1.8630107628958596e-15,0.298529844514538,"GJR-GARCH(1,1,1)-t"
19629,10.432372281984772,15.388723689700242,True,True,8.400233996945268e-20,0.7756435898794951,"GJR-GARCH(1,1,1)-t"
19636,4.155993522238838,9.112344929954308,True,True,9.12329027243528e-16,0.44333202616700773,"GJR-GARCH(1,1,1)-t"
19639,50.37487265754027,55.33122406525574,True,True,0.0,0.0,"GJR-GARCH(1,1,1)-t"
19647,5.083531207806217,10.039882615521687,True,True,0.0,0.952780082583928,"GJR-GARCH(1,1,1)-t"
19651,-18.436754132458923,-13.480402724743453,True,True,0.46103447301662076,1.839340009139973e-19,"GJR-GARCH(1,1,1)-t"
19660,47.924561735114196,52.88091314282967,True,False,3.088834667484873e-16,0.9999999999999997,"GJR-GARCH(1,1,1)-t"
19678,-1.9771734173578732,2.979177990357597,True,True,1.547653537597129e-13,0.4368455572724034,"GJR-GARCH(1,1,1)-t"
19690,-7.6784528058862485,-2.7221013981707785,True,True,0.0,0.6964832723732353,"GJR-GARCH(1,1,1)-t"
19697,48.414281470724575,53.37063287844005,True,True,0.0,0.17171102097824595,"GJR-GARCH(1,1,1)-t"
19699,-9.583087477122053,-4.626736069406583,True,False,6.704401806257254e-17,0.9999999999999962,"GJR-GARCH(1,1,1)-t"
19725,101.087744203748,106.04409561146348,True,True,0.0,0.9239176686708552,"GJR-GARCH(1,1,1)-t"
19729,60.84523887244074,65.8015902801562,True,False,1.2295738852901197e-25,1.0,"GJR-GARCH(1,1,1)-t"
19735,11.715204219559356,16.671555627274827,True,False,0.5943158240758186,0.7028420879620806,"GJR-GARCH(1,1,1)-t"
19747,5.366971718681473,10.323323126396943,True,True,0.37833488662542664,0.042643238415828365,"GJR-GARCH(1,1,1)-t"
19765,0.5477471421671183,5.504098549882588,True,True,3.6027015083025625e-06,0.00013713030138217685,"GJR-GARCH(1,1,1)-t"
19772,-14.081498907245571,-9.125147499530101,True,True,0.0,4.3321833925991564e-10,"GJR-GARCH(1,1,1)-t"
19799,2.1560037116143445,7.1123551193298145,True,True,1.20548660612934e-14,0.7724217711026291,"GJR-GARCH(1,1,1)-t"
19810,-16.098964072401152,-11.142612664685682,True,True,2.5574616490320845e-18,0.12492073074822319,"GJR-GARCH(1,1,1)-t"
19815,-13.170423787332702,-8.214072379617232,True,True,1.9214239985609746e-15,0.4346801456760468,"GJR-GARCH(1,1,1)-t"
19817,3.877608136468284,8.833959544183754,True,True,0.6507675460808802,0.22942115277927144,"GJR-GARCH(1,1,1)-t"
19830,-6.767449500088908,-1.811098092373438,True,True,1.9035944437478676e-16,0.05572327178870566,"GJR-GARCH(1,1,1)-t"
19839,-17.760526427933495,-12.804175020218025,True,True,0.5554452370151184,0.02144306770974,"GJR-GARCH(1,1,1)-t"
19845,26.023046959399316,30.979398367114786,True,True,9.504273303758538e-15,0.6732390790291403,"GJR-GARCH(1,1,1)-t"
19871,19.334088173468928,24.290439581184394,True,True,0.0,0.0,"GJR-GARCH(1,1,1)-t"
19873,7.166664497041693,12.123015904757164,True,False,2.4954134630264062e-26,0.9999999999999999,"GJR-GARCH(1,1,1)-t"
19876,24.65034580829409,29.60669721600956,True,True,0.21056716643800294,0.0,"GJR-GARCH(1,1,1)-t"
19883,29.046058702898293,34.00241011061376,True,True,0.19953137012897826,0.7958084154740348,"GJR-GARCH(1,1,1)-t"
19904,11.834353210917637,16.790704618633107,True,True,0.0,0.29562091825020353,"GJR-GARCH(1,1,1)-t"
19915,-18.027125922913903,-13.070774515198433,True,True,1.4035330443678126e-08,0.984034519623805,"GJR-GARCH(1,1,1)-t"
19923,-3.685130008045057,1.271221399670413,True,True,1.207681904144822e-15,0.8287706054585563,"GJR-GARCH(1,1,1)-t"
19935,27.841965108615362,32.79831651633083,True,True,9.89534983926165e-16,0.625037443733597,"GJR-GARCH(1,1,1)-t"
19949,-13.478513634475291,-8.522162226759821,True,True,4.1459358033167445e-14,1.4143324285006298e-12,"GJR-GARCH(1,1,1)-t"
19955,12.070627420461962,17.02697882817743,True,True,2.4934022965530233e-19,0.9466047229257026,"GJR-GARCH(1,1,1)-t"
19977,9.792476368611528,14.748827776326998,True,True,7.094685564011784e-17,1.0929444721035197e-20,"GJR-GARCH(1,1,1)-t"
19994,6.697931530404198,11.654282938119668,True,True,8.65706965209242e-16,0.9312854071593042,"GJR-GARCH(1,1,1)-t"
19999,34.82451039580576,39.78086180352123,True,True,1.4612205960198545e-12,0.9326737672338165,"GJR-GARCH(1,1,1)-t"
20008,-17.44047153354544,-12.484120125829971,True,True,0.05461123203801999,2.4593032727851594e-16,"GJR-GARCH(1,1,1)-t"
20017,-2.9228692294128464,2.0334821783026236,True,True,0.752182851388125,1.1370043465466256e-11,"GJR-GARCH(1,1,1)-t"
20021,-8.770810757192582,-3.8144593494771115,True,True,1.5596762659207754e-15,0.8327642361203705,"GJR-GARCH(1,1,1)-t"
20033,-26.30457214712316,-21.34822073940769,True,True,6.054604668751392e-15,0.4328509080185637,"GJR-GARCH(1,1,1)-t"
20055,-18.14084354513878,-13.184492137423309,True,True,0.0,0.7701930013723941,"GJR-GARCH(1,1,1)-t"
20057,18.93883347746631,23.89518488518178,True,True,0.0,0.9601666982001172,"GJR-GARCH(1,1,1)-t"
20063,-25.776171136864583,-20.819819729149113,True,False,0.9999999999991755,1.3974413936301757e-12,"GJR-GARCH(1,1,1)-t"
20064,-24.835533261767793,-19.879181854052323,True,True,1.5786857321341132e-14,0.8022205578883943,"GJR-GARCH(1,1,1)-t"
20078,-16.450041435558916,-11.493690027843446,True,True,0.4728895260573867,3.671759784713103e-16,"GJR-GARCH(1,1,1)-t"
20083,-4.031255884629374,0.925095523086096,True,True,0.0,0.6240553179077807,"GJR-GARCH(1,1,1)-t"
20084,42.141650771266704,47.09800217898217,True,False,0.11716367991269054,0.9414181600436538,"GJR-GARCH(1,1,1)-t"
20086,47.941175537832144,52.89752694554761,True,True,2.7026885293038822e-20,0.8002668309898402,"GJR-GARCH(1,1,1)-t"
20099,0.1742349080746184,5.130586315790088,True,True,3.2488804233656277e-15,0.8821172490745632,"GJR-GARCH(1,1,1)-t"
20127,7.49733588572302,12.45368729343849,True,True,0.40230688082558064,5.7319520201047095e-15,"GJR-GARCH(1,1,1)-t"
20128,12.776871334726152,17.733222742441622,True,True,6.961362538292794e-15,0.6374195550121607,"GJR-GARCH(1,1,1)-t"
20132,34.14924295773072,39.10559436544619,True,False,0.41732442715542245,0.7745862511491066,"GJR-GARCH(1,1,1)-t"
20135,30.179316822091273,35.13566822980674,True,True,0.17068813742537378,0.8268125174205123,"GJR-GARCH(1,1,1)-t"
20136,18.60575223130774,23.56210363902321,True,False,4.735738452647512e-21,1.0,"GJR-GARCH(1,1,1)-t"
20164,-1.7564059635282163,3.1999454441872537,True,True,9.378637691982226e-16,0.08262505919059861,"GJR-GARCH(1,1,1)-t"
20172,-8.421644028305334,-3.4652926205898638,True,False,0.29435259593435514,0.8528237020000932,"GJR-GARCH(1,1,1)-t"
20196,-2.863345533565674,2.093005874149796,True,True,0.0,0.839493865358572,"GJR-GARCH(1,1,1)-t"
20199,-4.385895742735649,0.5704556649798214,True,False,0.9999999999924089,4.0194369873557584e-13,"GJR-GARCH(1,1,1)-t"
20213,9.107116549101185,14.063467956816655,True,True,4.277474842800953e-15,4.380517151483853e-14,"GJR-GARCH(1,1,1)-t"
20214,10.36410836932406,15.32045977703953,True,True,0.1341628768630467,6.3716920361151335e-12,"GJR-GARCH(1,1,1)-t"
20225,2.2433907824950214,7.199742190210491,True,False,0.9999999999999976,1.2054044730393154e-15,"GJR-GARCH(1,1,1)-t"
20227,14.011314075361597,18.967665483077067,True,False,0.9999999999999692,1.2395453470033319e-14,"GJR-GARCH(1,1,1)-t"
20234,-1.033106209706915,3.923245198008555,True,False,0.9999999999994668,3.8371470450468125e-13,"GJR-GARCH(1,1,1)-t"
20255,-1.4065143543675447,3.5498370533479253,True,True,5.301977264039288e-14,7.300772269832703e-14,"GJR-GARCH(1,1,1)-t"
20265,0.003307525823233348,4.959658933538703,True,True,3.921279547927776e-09,0.9738019596135081,"GJR-GARCH(1,1,1)-t"
20268,-3.4552439753945556,1.5011074323209144,True,True,0.0,0.0,"GJR-GARCH(1,1,1)-t"
20271,64.06178971560735,69.01814112332282,True,False,2.4886895152603715e-14,0.9999999999999951,"GJR-GARCH(1,1,1)-t"
20306,-20.42512797213704,-15.468776564421571,True,True,1.0300201425952277e-14,2.129884762835646e-13,"GJR-GARCH(1,1,1)-t"
20317,37.47880970571529,42.435161113430766,True,True,0.0,0.46227288033528424,"GJR-GARCH(1,1,1)-t"
20323,15.519954342146136,20.476305749861606,True,True,1.6647107416183314e-15,0.9974290614058572,"GJR-GARCH(1,1,1)-t"
20326,-22.710652862919922,-17.754301455204452,True,False,0.8178698663893501,0.5910650668053196,"GJR-GARCH(1,1,1)-t"
20327,-1.713766506161642,3.242584901553828,True,True,4.244065488309507e-15,0.7551850772628784,"GJR-GARCH(1,1,1)-t"
20329,7.052013540051089,12.008364947766559,True,True,0.012943813452396412,1.961934087675163e-09,"GJR-GARCH(1,1,1)-t"
20336,-26.12337804463686,-21.16702663692139,True,True,0.33796036321133593,1.0579730702195432e-07,"GJR-GARCH(1,1,1)-t"
20341,16.413935812227447,21.370287219942917,True,True,0.031779378218172526,4.971010805141162e-14,"GJR-GARCH(1,1,1)-t"
20351,-3.1184695454304396,1.8378818622850304,True,True,3.026231085094325e-15,0.9618780079481345,"GJR-GARCH(1,1,1)-t"
20382,-21.585915612991087,-16.629564205275617,True,True,1.095672011033823e-15,0.3225558646676064,"GJR-GARCH(1,1,1)-t"
20384,-0.7402583287595697,4.2160930789559,True,False,0.9999999999999992,0.0,"GJR-GARCH(1,1,1)-t"
20405,-1.7861223944687055,3.1702290132467645,True,True,1.4377125491217067e-15,0.7266989291795344,"GJR-GARCH(1,1,1)-t"
20406,-1.6193918799786413,3.3369595277368287,True,True,1.2167400954714457e-17,0.9512311015496919,"GJR-GARCH(1,1,1)-t"
20408,35.52012374498445,40.47647515269992,True,False,1.0,0.025122789410911592,"GJR-GARCH(1,1,1)-t"
20410,-3.453328748587648,1.5030226591278222,True,True,3.8794185014329955e-15,0.6097851013986822,"GJR-GARCH(1,1,1)-t"
20415,3.248139137678436,8.204490545393906,True,True,0.0,0.2430688889263847,"GJR-GARCH(1,1,1)-t"
20418,2.657972026451482,7.614323434166952,True,True,0.0,0.9641168993051257,"GJR-GARCH(1,1,1)-t"
20430,-5.18460253307526,-0.2282511253597903,True,True,9.007166905396913e-15,2.132146934546752e-14,"GJR-GARCH(1,1,1)-t"
20434,28.78933180168015,33.74568320939562,True,False,0.7524883212597182,0.5788325743736792,"GJR-GARCH(1,1,1)-t"
20435,41.59346754522278,46.549818952938246,True,True,0.08328415132552948,0.5205296021766932,"GJR-GARCH(1,1,1)-t"
20439,-3.121013602999298,1.835337804716172,True,True,1.8946295427102344e-17,0.5891884013713247,"GJR-GARCH(1,1,1)-t"
20445,-13.038875255747627,-8.082523848032157,True,True,0.18326019568941176,9.783883749034971e-14,"GJR-GARCH(1,1,1)-t"
20453,-1.8743710542520287,3.0819803534634413,True,True,5.1170948338269584e-17,0.7887289135171733,"GJR-GARCH(1,1,1)-t"
20457,-12.127484513692412,-7.171133105976942,True,False,1.0,0.0,"GJR-GARCH(1,1,1)-t"
20460,-4.638994001819974,0.3173574058954962,True,True,5.406834699829603e-13,0.7941118832612555,"GJR-GARCH(1,1,1)-t"
20469,-21.267414607954137,-16.311063200238667,True,True,1.6205400052150594e-14,0.9778945543150526,"GJR-GARCH(1,1,1)-t"
20474,-14.015376429487876,-9.059025021772406,True,True,5.802891364316947e-11,0.9784074547726658,"GJR-GARCH(1,1,1)-t"
20491,5.701622037961236,10.657973445676706,True,True,0.0,0.9770691819190677,"GJR-GARCH(1,1,1)-t"
20498,55.401166673448905,60.35751808116437,True,True,2.5749568649487956e-16,0.9238798022588359,"GJR-GARCH(1,1,1)-t"
20499,-11.617095006400575,-6.660743598685105,True,False,1.0,0.0,"GJR-GARCH(1,1,1)-t"
20550,-13.845369632203024,-8.889018224487554,True,True,3.2581291289757082e-18,0.14903914131669505,"GJR-GARCH(1,1,1)-t"
20551,-7.8477664200562565,-2.8914150123407865,True,False,1.0,0.002846806524656873,"GJR-GARCH(1,1,1)-t"
20557,-10.503843121393434,-5.547491713677964,True,False,2.633719689098413e-15,0.9999999999999971,"GJR-GARCH(1,1,1)-t"
20559,-14.180674270797532,-9.224322863082062,True,True,9.035170862094844e-16,0.7019975682871763,"GJR-GARCH(1,1,1)-t"
20563,2.7352037822522703,7.69155518996774,True,True,0.07808086176458225,1.3123211593102052e-16,"GJR-GARCH(1,1,1)-t"
20568,-4.654326630968928,0.30202477674654205,True,True,4.1565458288211705e-15,0.5586260038500566,"GJR-GARCH(1,1,1)-t"
20571,-5.9810052098248185,-1.0246538021093485,True,True,1.6904135071074155e-14,0.693400665508427,"GJR-GARCH(1,1,1)-t"
20577,34.298326385750116,39.25467779346559,True,True,2.7701987093039204e-18,0.37061826090632677,"GJR-GARCH(1,1,1)-t"
20581,15.636481040912953,20.59283244862842,True,True,1.5385029346638932e-11,0.6617495266804073,"GJR-GARCH(1,1,1)-t"
20585,29.914211069420183,34.87056247713565,True,True,1.4606951393360883e-15,0.6217106799682863,"GJR-GARCH(1,1,1)-t"
20597,-8.732425086337521,-3.7760736786220512,True,True,0.25800301436495615,0.4439119979676428,"GJR-GARCH(1,1,1)-t"
20603,43.85868926942052,48.815040677136,True,True,4.0686488686463216e-15,0.2568779287119892,"GJR-GARCH(1,1,1)-t"
20630,-4.6210363031858535,0.33531510452961655,True,True,4.797586270285422e-16,0.6493218105669624,"GJR-GARCH(1,1,1)-t"
20631,2.1811044087691425,7.1374558164846125,True,True,0.0,4.407419087397293e-12,"GJR-GARCH(1,1,1)-t"
20644,-0.4355668231185632,4.520784584596907,True,True,0.09720493039658312,5.825356464559889e-16,"GJR-GARCH(1,1,1)-t"
20651,25.392478578447058,30.348829986162528,True,False,0.0,0.9999999999370704,"GJR-GARCH(1,1,1)-t"
20669,-1.636171027801268,3.320180379914202,True,True,0.1533311927834507,0.35444184844897675,"GJR-GARCH(1,1,1)-t"
20673,8.13896614549703,13.0953175532125,True,True,1.638995255555592e-21,0.1961139085267194,"GJR-GARCH(1,1,1)-t"
20678,6.77741830414341,11.73376971185888,True,False,0.7156598561873118,0.4301195116178153,"GJR-GARCH(1,1,1)-t"
20691,-5.189184607316744,-0.23283319960127358,True,True,0.20267952892602217,4.823426804233243e-21,"GJR-GARCH(1,1,1)-t"
20715,-8.871209701213498,-3.9148582934980283,True,True,0.09060845104063801,0.046607103559272035,"GJR-GARCH(1,1,1)-t"
20732,48.898960962623015,53.85531237033848,True,True,0.8729733288743001,8.551593011525879e-14,"GJR-GARCH(1,1,1)-t"
20734,-6.124408639560276,-1.1680572318448057,True,True,0.0,0.9860545059169542,"GJR-GARCH(1,1,1)-t"
20762,10.349147201333944,15.305498609049414,True,True,5.48482177322934e-14,0.94041581409336,"GJR-GARCH(1,1,1)-t"
20770,-8.199098734009208,-3.2427473262937383,True,True,0.6028948412948655,1.5754130411645262e-12,"GJR-GARCH(1,1,1)-t"
20776,40.19377143322291,45.15012284093838,True,False,1.1606482141677198e-14,1.0,"GJR-GARCH(1,1,1)-t"
20782,-6.829432865213615,-1.8730814574981451,True,True,1.2119717468020417e-17,0.9523923112610735,"GJR-GARCH(1,1,1)-t"
20785,63.52458437329235,68.48093578100782,True,True,1.6381368474815677e-16,0.9721202920588039,"GJR-GARCH(1,1,1)-t"
20790,-7.818966173981988,-2.8626147662665176,True,False,0.0,1.0,"GJR-GARCH(1,1,1)-t"
20796,-7.643023592709394,-2.686672184993924,True,True,2.8489824197731875e-15,0.7831422355525923,"GJR-GARCH(1,1,1)-t"
20810,-4.963927902641267,-0.007576494925796595,True,True,0.03871384782655412,7.785493983845402e-14,"GJR-GARCH(1,1,1)-t"
20826,8.189519688215253,13.145871095930723,True,True,0.729060340682345,0.0,"GJR-GARCH(1,1,1)-t"
20827,22.088560329940726,27.0449117376562,True,True,0.0,0.8459970222498785,"GJR-GARCH(1,1,1)-t"
20837,-7.064966029961887,-2.1086146222464173,True,True,1.688354352627114e-14,0.7065652242806536,"GJR-GARCH(1,1,1)-t"
20843,18.65095127013479,23.60730267785026,True,False,6.995404169950167e-18,0.999999999999558,"GJR-GARCH(1,1,1)-t"
20851,-6.918289496840689,-1.9619380891252192,True,True,0.7157488875603636,6.625691445848174e-14,"GJR-GARCH(1,1,1)-t"
20858,-2.97735852126171,1.97899288645376,True,True,1.4357409531582814e-16,0.17126073624749805,"GJR-GARCH(1,1,1)-t"
20862,-9.469852631953092,-4.513501224237622,True,True,1.7611427810155907e-08,1.6265122139251614e-08,"GJR-GARCH(1,1,1)-t"
20872,15.224177734094727,20.180529141810197,True,True,0.0,0.9701438036889327,"GJR-GARCH(1,1,1)-t"
20881,3.1654897598440623,8.121841167559532,True,True,0.05134506319078813,1.0408382568402338e-14,"GJR-GARCH(1,1,1)-t"
20900,-10.792141509347417,-5.835790101631947,True,False,0.0,1.0,"GJR-GARCH(1,1,1)-t"
20914,-1.959315284755224,2.997036122960246,True,True,3.1086352845720426e-15,0.8464316035082982,"GJR-GARCH(1,1,1)-t"
20927,-19.093405949261133,-14.137054541545663,True,True,0.0,0.06878557718538822,"GJR-GARCH(1,1,1)-t"
20928,21.90328906609765,26.85964047381312,True,True,9.364014098507405e-16,1.6801538440314233e-16,"GJR-GARCH(1,1,1)-t"
20936,23.802694227490846,28.759045635206316,True,True,6.4457350385107125e-15,0.720122950251443,"GJR-GARCH(1,1,1)-t"
20939,2.8266486028312947,7.783000010546765,True,True,0.6118298659353928,5.116500744015136e-12,"GJR-GARCH(1,1,1)-t"
20944,-6.469059366104261,-1.5127079583887912,True,True,0.0,0.9309396598870023,"GJR-GARCH(1,1,1)-t"
20945,-6.340472375979946,-1.384120968264476,True,False,7.14196897985512e-16,0.9999999999999866,"GJR-GARCH(1,1,1)-t"
20950,-23.00742472204393,-18.05107331432846,True,True,3.468717263667399e-17,0.9445423812493878,"GJR-GARCH(1,1,1)-t"
20953,-3.830843821180487,1.125507586534983,True,True,5.71973032297688e-17,0.5140294546323395,"GJR-GARCH(1,1,1)-t"
20972,14.341404622653492,19.297756030368962,True,True,0.0,0.8879128877044331,"GJR-GARCH(1,1,1)-t"
20973,5.927971645983233,10.884323053698703,True,True,7.911622541378873e-15,0.24783497177938058,"GJR-GARCH(1,1,1)-t"
20995,-2.9958626792429968,1.9604887284724732,True,True,0.05172178627028721,0.5164900282691108,"GJR-GARCH(1,1,1)-t"
20996,31.84138076712772,36.79773217484319,True,False,0.9999999076811964,4.453186395899596e-09,"GJR-GARCH(1,1,1)-t"
21020,48.52656120845877,53.48291261617425,True,True,0.29030409674649416,0.5756613899692593,"GJR-GARCH(1,1,1)-t"
21024,-2.3423216001102105,2.6140298076052595,True,True,1.7915333146759505e-13,0.9209846973882158,"GJR-GARCH(1,1,1)-t"
21038,54.82081052549968,59.777161933215154,True,True,0.0,0.6696208630785003,"GJR-GARCH(1,1,1)-t"
21040,-22.413503201989307,-17.457151794273837,True,True,1.4156177434050406e-18,0.5325139885140349,"GJR-GARCH(1,1,1)-t"
21051,8.04750020364638,13.00385161136185,True,True,0.0,0.0,"GJR-GARCH(1,1,1)-t"
21053,-4.1292204269636485,0.8271309807518215,True,True,1.375722644857089e-13,0.9874905280228833,"GJR-GARCH(1,1,1)-t"
21074,0.9763676189642645,5.9327190266797345,True,False,1.0,1.0250669375149075e-16,"GJR-GARCH(1,1,1)-t"
21079,15.776241039222006,20.732592446937478,True,True,2.7796767898279893e-15,3.804373726660552e-15,"GJR-GARCH(1,1,1)-t"
21083,15.997573768741008,20.95392517645648,True,True,0.0,0.42285412458359384,"GJR-GARCH(1,1,1)-t"
21094,-22.769828655112953,-17.813477247397483,True,True,1.52751411242165e-09,0.9200617061146004,"GJR-GARCH(1,1,1)-t"
21099,-4.261903532002243,0.6944478757132266,True,True,6.409159082712692e-17,2.950191307879106e-17,"GJR-GARCH(1,1,1)-t"
21103,-0.7584926885876904,4.19785871912778,True,False,0.0,1.0,"GJR-GARCH(1,1,1)-t"
21116,3.243038515503841,8.19938992321931,True,False,0.9999999999999892,7.42117305094823e-15,"GJR-GARCH(1,1,1)-t"
21121,-20.31308799656457,-15.356736588849099,True,True,0.0,0.9692622142597099,"GJR-GARCH(1,1,1)-t"
21136,42.401793070809056,47.35814447852452,True,True,0.0,0.9783084194416314,"GJR-GARCH(1,1,1)-t"
21139,3.2989604098280907,8.25531181754356,True,True,0.0,5.508055959896351e-15,"GJR-GARCH(1,1,1)-t"
21145,17.686612631227337,22.642964038942807,True,True,0.0,0.8982575909049492,"GJR-GARCH(1,1,1)-t"
21148,0.18676190408036142,5.143113311795831,True,False,0.0,1.0,"GJR-GARCH(1,1,1)-t"
21164,7.567197044130351,12.523548451845821,True,True,4.609678143595433e-13,1.198360799840644e-12,"GJR-GARCH(1,1,1)-t"
21169,-2.3731071565273716,2.5832442511880984,True,True,0.0,0.8440074803411005,"GJR-GARCH(1,1,1)-t"
21179,-1.8124523919634328,3.1438990157520372,True,True,7.249473389104806e-14,0.9218557429321707,"GJR-GARCH(1,1,1)-t"
21203,-10.166362258636092,-5.2100108509206216,True,False,0.9999999999998909,0.29649304441401136,"GJR-GARCH(1,1,1)-t"
21208,1.6445103518669608,6.600861759582431,True,False,0.0,1.0,"GJR-GARCH(1,1,1)-t"
21218,8.720792438977398,13.677143846692868,True,False,7.251079447020616e-15,1.0,"GJR-GARCH(1,1,1)-t"
21239,6.998155751847799,11.954507159563269,True,False,4.725671544667103e-15,0.9999999999999354,"GJR-GARCH(1,1,1)-t"
21240,12.575975724749677,17.53232713246515,True,True,0.023397118650336154,0.9725338539567289,"GJR-GARCH(1,1,1)-t"
21243,0.47750383222707526,5.433855239942545,True,False,0.5834450313272659,0.7082774843363671,"GJR-GARCH(1,1,1)-t"
21246,-22.89219871554633,-17.93584730783086,True,True,2.0104496437716755e-14,1.4824788283181737e-14,"GJR-GARCH(1,1,1)-t"
21248,7.047042589171649,12.00339399688712,True,False,0.36526895549927485,0.662441348185983,"GJR-GARCH(1,1,1)-t"
21267,-6.19381066992608,-1.23745926221061,True,True,0.3039794851739234,0.0,"GJR-GARCH(1,1,1)-t"
21272,0.19813118840132127,5.154482596116791,True,False,0.26184203450151466,0.825150529587871,"GJR-GARCH(1,1,1)-t"
21300,-14.441024241419033,-9.484672833703563,True,True,7.322146328779292e-10,0.9342161959230797,"GJR-GARCH(1,1,1)-t"
21301,7.457639098870928,12.413990506586398,True,True,0.0,0.0,"GJR-GARCH(1,1,1)-t"
21307,31.40897072617518,36.36532213389065,True,True,5.012871705799085e-11,0.9417890752181193,"GJR-GARCH(1,1,1)-t"
21326,-9.179165286510809,-4.222813878795339,True,True,1.4095786631686149e-18,0.336534208012275,"GJR-GARCH(1,1,1)-t"
21328,8.217805682855044,13.174157090570514,True,True,0.3866111895804516,8.71142663644187e-12,"GJR-GARCH(1,1,1)-t"
21329,38.05718276707036,43.013534174785825,True,True,0.0,0.6321417810068818,"GJR-GARCH(1,1,1)-t"
21344,-0.3008400414925614,4.655511366222909,True,True,3.7109499617754955e-21,0.03816174131719036,"GJR-GARCH(1,1,1)-t"
21364,2.2120989202066035,7.1684503279220735,True,False,1.0,0.0,"GJR-GARCH(1,1,1)-t"
21367,-13.290926406900372,-8.334574999184902,True,True,2.8785203466174923e-16,0.21424368318562365,"GJR-GARCH(1,1,1)-t"
21368,-3.754265884479011,1.202085523236459,True,False,1.0,0.1909038495051241,"GJR-GARCH(1,1,1)-t"
21373,36.74002570649564,41.69637711421112,True,True,0.0,0.9206050270171584,"GJR-GARCH(1,1,1)-t"
21398,16.708747054917975,21.665098462633445,True,False,0.3987558224143696,0.7992677538839316,"GJR-GARCH(1,1,1)-t"
21404,8.680921591713378,13.637272999428848,True,False,1.0,6.162325333543439e-17,"GJR-GARCH(1,1,1)-t"
21428,15.165477871361373,20.12182927907684,True,True,0.7826549990772038,5.846449806337241e-10,"GJR-GARCH(1,1,1)-t"
21431,-3.6654226211920573,1.2909287865234127,True,True,0.09853958422110322,0.8537879153663467,"GJR-GARCH(1,1,1)-t"
21434,-17.012741289564154,-12.056389881848684,True,False,0.9999999999999437,0.5000000000012628,"GJR-GARCH(1,1,1)-t"
21437,-18.657308587511743,-13.700957179796273,True,False,0.9999999999995571,0.31342677336786523,"GJR-GARCH(1,1,1)-t"
21439,-7.21364655717505,-2.25729514945958,True,True,2.6943365503156345e-12,0.9739158714615274,"GJR-GARCH(1,1,1)-t"
21445,-4.336460848107571,0.6198905596078994,True,True,1.1094167482144098e-15,0.9650017649878754,"GJR-GARCH(1,1,1)-t"
21446,-14.951423030015562,-9.995071622300092,True,True,0.0,0.0,"GJR-GARCH(1,1,1)-t"
21466,-13.64508549372681,-8.68873408601134,True,True,0.0,0.0,"GJR-GARCH(1,1,1)-t"
21486,8.70758223691008,13.66393364462555,True,False,0.7611430901055338,0.61942845494351,"GJR-GARCH(1,1,1)-t"
21493,-1.5020683239536687,3.4542830837618013,True,False,1.2557075492959554e-14,0.9999999999999142,"GJR-GARCH(1,1,1)-t"
21507,9.919157846344765,14.875509254060235,True,True,2.0507791212243625e-17,1.7819403228811937e-17,"GJR-GARCH(1,1,1)-t"
21533,-9.341137124708219,-4.384785716992749,True,True,8.814395506464888e-11,0.7677329362539546,"GJR-GARCH(1,1,1)-t"
21555,-4.637784161495784,0.31856724621968624,True,False,1.0,0.0,"GJR-GARCH(1,1,1)-t"
21601,16.192693468184398,21.149044875899868,True,True,3.748234050588702e-12,0.9775145780093927,"GJR-GARCH(1,1,1)-t"
21602,18.800681537472503,23.757032945187973,True,True,0.6903019941708748,1.1898709360068531e-17,"GJR-GARCH(1,1,1)-t"
21614,-7.628248751657395,-2.671897343941925,True,True,9.837628971396134e-15,0.7616714055831529,"GJR-GARCH(1,1,1)-t"
21621,-14.405705813638903,-9.449354405923433,True,True,0.025969903018075977,0.8533417850964294,"GJR-GARCH(1,1,1)-t"
21634,5.497723623621972,10.454075031337442,True,False,0.49042690364722774,0.5804269262105803,"GJR-GARCH(1,1,1)-t"
21640,-2.084907785999743,2.871443621715727,True,False,3.0686688869244697e-19,1.0,"GJR-GARCH(1,1,1)-t"
21645,17.75251801344735,22.70886942116282,True,True,1.2155411560975366e-16,0.44883713185279284,"GJR-GARCH(1,1,1)-t"
21647,11.830377469068559,16.78672887678403,True,False,0.39799427831835543,0.8010028608408387,"GJR-GARCH(1,1,1)-t"
21655,48.83157032099446,53.78792172870993,True,True,4.8936065848092464e-17,1.846521343023805e-16,"GJR-GARCH(1,1,1)-t"
21657,-2.142910850026105,2.813440557689365,True,True,0.49737944513642895,4.092919619161449e-16,"GJR-GARCH(1,1,1)-t"
21658,-10.800771097320055,-5.844419689604585,True,True,0.0,0.8041390263519018,"GJR-GARCH(1,1,1)-t"
21659,12.676612305156471,17.63296371287194,True,True,0.19534556479383616,0.27798030506500543,"GJR-GARCH(1,1,1)-t"
21685,9.04505049588801,14.00140190360348,True,False,0.0,1.0,"GJR-GARCH(1,1,1)-t"
21693,-13.760090470250084,-8.803739062534614,True,True,0.7650581624651107,0.04351330034584449,"GJR-GARCH(1,1,1)-t"
21695,-2.057271265555123,2.899080142160347,True,True,0.0,0.26276657534333697,"GJR-GARCH(1,1,1)-t"
21716,13.08521999780747,18.04157140552294,True,True,0.01434805327355539,0.4813959121119636,"GJR-GARCH(1,1,1)-t"
21718,-8.883096487048498,-3.9267450793330276,True,True,1.128837816864068e-15,0.32251157880292364,"GJR-GARCH(1,1,1)-t"
21732,21.765739939629697,26.722091347345167,True,True,0.0,0.8524144252839492,"GJR-GARCH(1,1,1)-t"
21734,-5.372657579312836,-0.41630617159736616,True,False,0.6160996314017361,0.6919501842991339,"GJR-GARCH(1,1,1)-t"
21744,-11.227084873489382,-6.270733465773912,True,True,4.71224199025429e-17,0.18466085883632086,"GJR-GARCH(1,1,1)-t"
21753,10.402714283741862,15.359065691457332,True,False,0.0,1.0,"GJR-GARCH(1,1,1)-t"
21762,21.749288574796758,26.705639982512228,True,True,1.2750985389770702e-13,1.31983772786779e-10,"GJR-GARCH(1,1,1)-t"
21770,-7.661970489225645,-2.705619081510175,True,False,0.0,1.0,"GJR-GARCH(1,1,1)-t"
21777,-14.892368104209801,-9.936016696494331,True,True,1.0359892923252362e-15,0.605556675008866,"GJR-GARCH(1,1,1)-t"
21805,32.38778466845321,37.34413607616868,True,True,0.17353960986641995,0.0,"GJR-GARCH(1,1,1)-t"
21825,16.718064178122948,21.674415585838418,True,True,1.138494592175996e-18,0.986185465791426,"GJR-GARCH(1,1,1)-t"
21834,-19.88484239544563,-14.92849098773016,True,True,0.46871967088807504,0.0,"GJR-GARCH(1,1,1)-t"
21843,7.601850698803761,12.558202106519232,True,True,0.0,0.5884121268602364,"GJR-GARCH(1,1,1)-t"
21848,0.06134990961783515,5.017701317333305,True,True,0.0,0.9803990338620191,"GJR-GARCH(1,1,1)-t"
21849,18.234919836251926,23.191271243967396,True,True,1.7021766263760203e-19,0.8748726037610225,"GJR-GARCH(1,1,1)-t"
21854,-13.44264619958819,-8.48629479187272,True,True,9.044998501551062e-18,0.6424409563373428,"GJR-GARCH(1,1,1)-t"
21883,4.0225704767984585,8.978921884513928,True,False,2.8371812023922603e-14,0.9999999999998066,"GJR-GARCH(1,1,1)-t"
21884,23.89626570235584,28.85261711007131,True,True,1.7168038484149803e-15,0.72478314220341,"GJR-GARCH(1,1,1)-t"
21886,0.553228264492839,5.509579672208309,True,True,0.0,0.9023933945630838,"GJR-GARCH(1,1,1)-t"
21888,34.88811192381162,39.84446333152709,True,True,0.0,0.9369634133502882,"GJR-GARCH(1,1,1)-t"
21890,4.5619322054173885,9.518283613132859,True,True,0.505091219438958,0.19391987131702548,"GJR-GARCH(1,1,1)-t"
21891,39.09264459196001,44.04899599967548,True,True,0.0,0.9763559729084916,"GJR-GARCH(1,1,1)-t"
21897,3.6939039425262283,8.650255350241698,True,True,0.0,0.672480562391619,"GJR-GARCH(1,1,1)-t"
21906,-8.75069321816186,-3.79434181044639,True,True,1.0638092236862854e-09,0.9232415001837447,"GJR-GARCH(1,1,1)-t"
21911,-21.4067313710664,-16.45037996335093,True,True,3.6210787635782814e-14,0.0,"GJR-GARCH(1,1,1)-t"
21920,32.16290811862952,37.11925952634499,True,False,4.742699389908769e-16,0.9999999999999992,"GJR-GARCH(1,1,1)-t"
21931,-5.980592188423856,-1.0242407807083858,True,True,3.569419527745369e-08,0.4052100748698318,"GJR-GARCH(1,1,1)-t"
21934,,,False,False,,,"GJR-GARCH(1,1,1)-t"
21988,19.356135848462003,24.312487256177477,True,True,1.1219638942463174e-14,0.20541180789287158,"GJR-GARCH(1,1,1)-t"
21990,19.076843612907375,24.03319502062285,True,True,0.2356160963979216,1.1736305230570816e-13,"GJR-GARCH(1,1,1)-t"
21995,-12.677148599881978,-7.720797192166508,True,False,0.0,1.0,"GJR-GARCH(1,1,1)-t"
22003,-4.733313757126428,0.2230376505890419,True,True,0.0,0.2975761107070374,"GJR-GARCH(1,1,1)-t"
22008,19.72869864698622,24.68505005470169,True,True,8.772674043093855e-17,0.9881328662207993,"GJR-GARCH(1,1,1)-t"
22011,-5.269782350757172,-0.31343094304170194,True,True,0.0,0.5627498352183814,"GJR-GARCH(1,1,1)-t"
22013,-2.016377507972628,2.939973899742842,True,True,0.0,0.02294585696485087,"GJR-GARCH(1,1,1)-t"
22014,-6.589802350880934,-1.6334509431654638,True,True,0.0,0.1812217374749125,"GJR-GARCH(1,1,1)-t"
22023,-6.949086298050261,-1.9927348903347912,True,True,0.7109264328842672,1.120425119098147e-16,"GJR-GARCH(1,1,1)-t"
22026,-0.50041110928127,4.4559402984342,True,False,0.893160968647618,0.5534195156761912,"GJR-GARCH(1,1,1)-t"
22038,37.66877871924136,42.62513012695683,True,True,0.0,8.604135607525913e-12,"GJR-GARCH(1,1,1)-t"
22042,-8.158301019051244,-3.201949611335774,True,True,0.0,0.9927663301633071,"GJR-GARCH(1,1,1)-t"
22047,47.65757932866535,52.61393073638082,True,True,0.0,0.7014817430779071,"GJR-GARCH(1,1,1)-t"
22064,11.197867468304267,16.154218876019737,True,True,1.1025013696138788e-13,0.7827724373078396,"GJR-GARCH(1,1,1)-t"
22067,0.3659819519044607,5.322333359619931,True,True,2.8404788702334867e-14,0.5808433005610731,"GJR-GARCH(1,1,1)-t"
22076,3.5779331279224493,8.53428453563792,True,False,0.0,1.0,"GJR-GARCH(1,1,1)-t"
22079,46.805933564332115,51.76228497204758,True,False,0.9999999999893785,0.4424016524881454,"GJR-GARCH(1,1,1)-t"
22081,-0.29886119631169095,4.657490211403779,True,True,0.06819255301445176,0.15219079817503067,"GJR-GARCH(1,1,1)-t"
22106,21.90249916801119,26.858850575726663,True,False,0.9999999999999688,1.2317696899343989e-14,"GJR-GARCH(1,1,1)-t"
22115,6.7755411100081355,11.731892517723605,True,True,0.0,0.9662762857908166,"GJR-GARCH(1,1,1)-t"
22117,-15.164661116718243,-10.208309709002773,True,True,6.062243248684328e-12,0.9165073353343933,"GJR-GARCH(1,1,1)-t"
22120,-11.031228861802486,-6.074877454087016,True,True,5.145498567671844e-10,6.639794619435946e-11,"GJR-GARCH(1,1,1)-t"
22126,-6.551692640932107,-1.5953412332166366,True,True,0.9524857780631941,0.024465673290077282,"GJR-GARCH(1,1,1)-t"
22133,-6.236688118443812,-1.280336710728342,True,True,9.981728139157728e-17,1.827097124669414e-19,"GJR-GARCH(1,1,1)-t"
22159,25.19263298787356,30.148984395589032,True,True,0.21284202873284463,0.20562045316783187,"GJR-GARCH(1,1,1)-t"
22166,23.869645923330495,28.825997331045965,True,True,4.933189974775159e-14,0.7728241108811428,"GJR-GARCH(1,1,1)-t"
22169,34.929763487554,39.88611489526947,True,False,0.0,1.0,"GJR-GARCH(1,1,1)-t"
22178,0.5815885132897485,5.5379399210052185,True,False,8.503330286184623e-16,0.9999999999999989,"GJR-GARCH(1,1,1)-t"
22188,-4.903941727669434,0.0524096800460363,True,False,0.0,1.0,"GJR-GARCH(1,1,1)-t"
22193,-28.044668018400685,-23.088316610685215,True,True,2.3539068377171184e-11,9.283496547393854e-12,"GJR-GARCH(1,1,1)-t"
22217,-1.2446826466994843,3.7116687610159858,True,True,1.679999481960203e-15,0.010254739297521555,"GJR-GARCH(1,1,1)-t"
22249,34.41982473541287,39.37617614312833,True,False,9.384901676487917e-15,0.9999999999999915,"GJR-GARCH(1,1,1)-t"
22262,7.940556763689418,12.896908171404888,True,True,2.669743150267171e-12,0.948428678779022,"GJR-GARCH(1,1,1)-t"
22263,-9.109160271166402,-4.152808863450932,True,True,1.26307303615827e-19,0.9816117540890661,"GJR-GARCH(1,1,1)-t"
22277,21.38015713985962,26.33650854757509,True,True,1.075723507151487e-13,0.3555129852637382,"GJR-GARCH(1,1,1)-t"
22289,27.910634807223204,32.86698621493868,True,True,4.4325034094624986e-18,2.6439113270899495e-18,"GJR-GARCH(1,1,1)-t"
22290,14.49526079183369,19.45161219954916,True,True,1.8147348965188229e-10,0.9729497016403525,"GJR-GARCH(1,1,1)-t"
22300,9.871183186231246,14.827534593946716,True,True,0.0,0.8979640668632628,"GJR-GARCH(1,1,1)-t"
22304,11.559702896662198,16.51605430437767,True,True,1.597881654620402e-16,5.628605025436182e-16,"GJR-GARCH(1,1,1)-t"
22307,6.473210145233224,11.429561552948694,True,True,7.321083344508081e-16,0.8833063762654513,"GJR-GARCH(1,1,1)-t"
22331,10.82654924517147,15.78290065288694,True,True,1.5898237537011938e-20,0.9949562039442182,"GJR-GARCH(1,1,1)-t"
22355,-1.9749474108961156,2.9814039968193544,True,False,9.235066080955451e-15,0.9999999999998952,"GJR-GARCH(1,1,1)-t"
22377,1.8511861878321767,6.807537595547647,True,True,7.467081193275105e-06,0.02524480723121426,"GJR-GARCH(1,1,1)-t"
22384,11.50595798249473,16.4623093902102,True,True,3.7534815401813114e-14,0.05792614107374,"GJR-GARCH(1,1,1)-t"
22385,17.35507396028594,22.31142536800141,True,False,0.9999999999999999,2.0818562596532942e-16,"GJR-GARCH(1,1,1)-t"
22392,-8.97438046793549,-4.0180290602200195,True,True,3.679778392310379e-12,2.353898427557088e-12,"GJR-GARCH(1,1,1)-t"
22405,-8.272978003325761,-3.316626595610291,True,False,0.5935281737895094,0.5818408115924774,"GJR-GARCH(1,1,1)-t"
22427,2.0249676418500613,6.981319049565531,True,False,2.05352158144167e-19,1.0,"GJR-GARCH(1,1,1)-t"
22440,-7.96268834557096,-3.0063369378554903,True,True,7.121755268444539e-21,0.5035418759916094,"GJR-GARCH(1,1,1)-t"
22441,-7.260009555242366,-2.303658147526896,True,True,3.890221388634339e-13,0.3550620041632158,"GJR-GARCH(1,1,1)-t"
22447,-13.888730483321336,-8.932379075605866,True,False,0.9999999996165907,9.53324588004588e-11,"GJR-GARCH(1,1,1)-t"
22455,41.91117756196495,46.86752896968042,True,True,5.653924611155271e-16,2.521155607069191e-16,"GJR-GARCH(1,1,1)-t"
22466,-14.780715750235977,-9.824364342520507,True,True,0.0,0.9669598329526284,"GJR-GARCH(1,1,1)-t"
22487,8.10135112693756,13.05770253465303,True,True,3.693845509311797e-14,2.9181403216881055e-12,"GJR-GARCH(1,1,1)-t"
22495,9.114461028885149,14.070812436600619,True,True,1.8080228002263984e-14,0.9711399622642755,"GJR-GARCH(1,1,1)-t"
22496,-1.5005320580016388,3.455819349713831,True,True,0.0,0.4776914015571874,"GJR-GARCH(1,1,1)-t"
22498,-16.659287180229143,-11.702935772513673,True,True,0.0,0.9418903704551279,"GJR-GARCH(1,1,1)-t"
22501,4.931844754910269,9.88819616262574,True,True,0.4898771993662687,0.0,"GJR-GARCH(1,1,1)-t"
22513,-10.213294174847903,-5.256942767132433,True,False,0.99999999999969,0.4242125491609839,"GJR-GARCH(1,1,1)-t"
22517,-16.29689290927089,-11.340541501555421,True,True,0.28167506874969356,0.324338443064487,"GJR-GARCH(1,1,1)-t"
22519,-3.2105254985604965,1.7458259091549735,True,True,0.0,0.9821185620363369,"GJR-GARCH(1,1,1)-t"
22532,4.097562553469922,9.053913961185392,True,True,0.0,0.9524470160040981,"GJR-GARCH(1,1,1)-t"
22542,12.78839919994638,17.74475060766185,True,False,0.0,1.0,"GJR-GARCH(1,1,1)-t"
22543,-4.303452226253434,0.6528991814620362,True,False,0.137154682746103,0.8959314992357313,"GJR-GARCH(1,1,1)-t"
22548,-2.7275562926634045,2.2287951150520655,True,False,0.41710800914544804,0.7914459954270128,"GJR-GARCH(1,1,1)-t"
22585,-1.343616523751658,3.612734883963812,True,True,1.8046182824188453e-11,0.9811068214190757,"GJR-GARCH(1,1,1)-t"
22590,8.831112710953839,13.787464118669309,True,True,2.595032839190304e-15,0.0,"GJR-GARCH(1,1,1)-t"
22598,-27.515392546664124,-22.559041138948654,True,True,6.3388072047273325e-15,0.7338077540703186,"GJR-GARCH(1,1,1)-t"
22616,2.7846891991941867,7.741040606909657,True,True,0.6712709566262482,9.591885623345633e-15,"GJR-GARCH(1,1,1)-t"
22621,3.694596285713267,8.650947693428737,True,True,5.575448006012736e-10,0.9232162885848233,"GJR-GARCH(1,1,1)-t"
22622,-29.184334648654087,-24.227983240938617,True,False,0.5105024495603537,0.7447487752198237,"GJR-GARCH(1,1,1)-t"
22627,4.644238666021151,9.60059007373662,True,False,4.704534938545647e-12,0.9999999990072852,"GJR-GARCH(1,1,1)-t"
22635,-6.219659724743277,-1.263308317027807,True,True,5.2321966144984836e-11,9.548511106981251e-12,"GJR-GARCH(1,1,1)-t"
22638,31.065451133296005,36.021802541011475,True,True,0.3892345751058924,5.040655498107084e-15,"GJR-GARCH(1,1,1)-t"
22649,43.31743801338762,48.27378942110309,True,True,3.705196328808093e-15,0.0,"GJR-GARCH(1,1,1)-t"
22666,-15.289538691973036,-10.333187284257566,True,False,1.0,0.3043943553391906,"GJR-GARCH(1,1,1)-t"
22671,3.800760934846494,8.757112342561964,True,True,1.4572691135780538e-13,0.0,"GJR-GARCH(1,1,1)-t"
22674,10.658147478143277,15.614498885858747,True,True,0.0,0.0,"GJR-GARCH(1,1,1)-t"
22678,3.446047648528994,8.402399056244464,True,False,2.607312594128151e-14,0.999999999999732,"GJR-GARCH(1,1,1)-t"
22695,-10.478630139722938,-5.522278732007468,True,True,1.5261559062936783e-12,0.9499242055448649,"GJR-GARCH(1,1,1)-t"
22697,27.640738560793192,32.59708996850866,True,False,0.0,1.0,"GJR-GARCH(1,1,1)-t"
22725,18.161146607571943,23.11749801528741,True,True,8.106169073171125e-11,0.9789049494691788,"GJR-GARCH(1,1,1)-t"
22732,12.848021766628658,17.80437317434413,True,True,2.5075717511140385e-14,0.5972216975505262,"GJR-GARCH(1,1,1)-t"
22749,7.365149808120022,12.321501215835493,True,True,0.22636201477774479,0.5182905429200697,"GJR-GARCH(1,1,1)-t"
22750,-3.4476536431084384,1.5086977646070316,True,False,1.0,1.31311686776317e-16,"GJR-GARCH(1,1,1)-t"
22752,24.52299747617189,29.47934888388736,True,True,0.6941131860918205,3.417458120681851e-20,"GJR-GARCH(1,1,1)-t"
22759,-7.45661170487924,-2.50026029716377,True,True,6.208001094473411e-15,0.6004770717070674,"GJR-GARCH(1,1,1)-t"
22766,10.737651767274857,15.694003174990327,True,True,0.0,0.9870255755347465,"GJR-GARCH(1,1,1)-t"
22780,1.1931720534211472,6.149523461136617,True,True,0.0,0.9845269832735998,"GJR-GARCH(1,1,1)-t"
22794,0.037965688098761774,4.994317095814232,True,True,5.47708804907952e-11,9.76593389256996e-10,"GJR-GARCH(1,1,1)-t"
22798,1.157650582674668,6.114001990390138,True,True,2.0454140735548335e-15,0.9836544407756328,"GJR-GARCH(1,1,1)-t"
22822,-5.652048728723166,-0.695697321007696,True,True,0.16556122177486943,3.7863055046837515e-18,"GJR-GARCH(1,1,1)-t"
22824,2.0396986686442453,6.996050076359715,True,False,0.9999999999401605,4.310086437805962e-12,"GJR-GARCH(1,1,1)-t"
22825,-15.636578297529766,-10.680226889814296,True,True,1.6022989726910357e-14,9.121644345766862e-17,"GJR-GARCH(1,1,1)-t"
22827,12.446430663798623,17.402782071514093,True,True,0.0,0.23931758028412214,"GJR-GARCH(1,1,1)-t"
22828,-11.707486909394152,-6.751135501678682,True,True,1.6814112017456163e-15,1.3437255375049755e-14,"GJR-GARCH(1,1,1)-t"
22829,-10.187613511258608,-5.231262103543138,True,False,0.9999999999999415,6.128702101419923e-14,"GJR-GARCH(1,1,1)-t"
22877,-0.6024637747148684,4.3538876330006016,True,False,0.0,1.0,"GJR-GARCH(1,1,1)-t"
22879,-6.9762388869180185,-2.0198874792025485,True,True,0.801435860582064,0.1664375838478343,"GJR-GARCH(1,1,1)-t"
22884,-6.998431290340605,-2.042079882625135,True,True,0.0,0.7971735642055426,"GJR-GARCH(1,1,1)-t"
22887,46.9751042731397,51.931455680855166,True,True,0.08596409278496671,0.8815404220298182,"GJR-GARCH(1,1,1)-t"
22893,37.195306551688375,42.15165795940384,True,False,0.0,1.0,"GJR-GARCH(1,1,1)-t"
22898,20.028505449513183,24.984856857228653,True,False,1.0069831975522907e-16,1.0,"GJR-GARCH(1,1,1)-t"
22899,24.884477658758247,29.840829066473717,True,True,0.3087309057671505,6.630526885310486e-11,"GJR-GARCH(1,1,1)-t"
22903,19.636539498210997,24.592890905926467,True,True,5.838828539490589e-13,0.9634073991244747,"GJR-GARCH(1,1,1)-t"
22907,-16.157275855601444,-11.200924447885974,True,False,0.0,1.0,"GJR-GARCH(1,1,1)-t"
22909,7.871851806061926,12.828203213777396,True,True,0.4211916777576785,0.0,"GJR-GARCH(1,1,1)-t"
22912,8.983882388526608,13.940233796242078,True,False,6.550429760510294e-15,0.9999999999999792,"GJR-GARCH(1,1,1)-t"
22914,-16.560301114378678,-11.603949706663208,True,True,0.12935466978725643,0.7312088714936501,"GJR-GARCH(1,1,1)-t"
22928,24.565179023272787,29.521530430988257,True,True,4.619341382669486e-16,0.9696022211404572,"GJR-GARCH(1,1,1)-t"
22941,-15.37696701348144,-10.42061560576597,True,True,1.7122563933472329e-12,1.4412475202489727e-11,"GJR-GARCH(1,1,1)-t"
22946,-1.6664078642322995,3.2899435434831705,True,False,7.216327622013779e-11,1.0,"GJR-GARCH(1,1,1)-t"
22947,24.42136396375972,29.37771537147519,True,True,0.0,0.9672207629905288,"GJR-GARCH(1,1,1)-t"
22962,13.942252875855406,18.898604283570876,True,False,1.0718257989941818e-16,1.0,"GJR-GARCH(1,1,1)-t"
22964,-12.757902314351448,-7.801550906635978,True,True,9.273442630241734e-15,0.4187690368438598,"GJR-GARCH(1,1,1)-t"
22973,57.35114790488093,62.307499312596406,True,True,0.19974123699853058,2.838020221750146e-10,"GJR-GARCH(1,1,1)-t"
22996,19.040472531998358,23.996823939713828,True,True,9.107054289031258e-16,1.934230961912661e-19,"GJR-GARCH(1,1,1)-t"
23001,-11.427525655942958,-6.471174248227488,True,True,0.0,0.8793811406068851,"GJR-GARCH(1,1,1)-t"
23017,15.244486873161879,20.20083828087735,True,True,1.5570907058868247e-14,0.7548297701731057,"GJR-GARCH(1,1,1)-t"
23019,16.68462201701439,21.64097342472986,True,True,1.6654121661855857e-15,3.918491455203452e-15,"GJR-GARCH(1,1,1)-t"
23028,-11.354585877173477,-6.398234469458007,True,False,0.9999999999998495,2.3984192862250034e-13,"GJR-GARCH(1,1,1)-t"
23030,1.1408204588619029,6.097171866577373,True,False,0.057576853381230274,0.9712115733058522,"GJR-GARCH(1,1,1)-t"
23034,-12.32066338070932,-7.36431197299385,True,False,0.0,1.0,"GJR-GARCH(1,1,1)-t"
23045,21.460154800070043,26.416506207785513,True,False,4.0190012822838156e-16,1.0,"GJR-GARCH(1,1,1)-t"
23049,33.532621815899645,38.48897322361512,True,False,1.0727325697791417e-18,1.0,"GJR-GARCH(1,1,1)-t"
23054,-5.723418959378428,-0.7670675516629579,True,True,0.11994186132386048,4.11878872481984e-09,"GJR-GARCH(1,1,1)-t"
23062,10.132925644047045,15.089277051762515,True,True,0.09714175129101599,0.3129006178482967,"GJR-GARCH(1,1,1)-t"
23069,12.41836303367255,17.374714441388022,True,True,2.2227932302741153e-11,9.722142539866933e-10,"GJR-GARCH(1,1,1)-t"
23088,1.3213290853669157,6.277680493082386,True,True,0.0,0.17675016259101636,"GJR-GARCH(1,1,1)-t"
23112,34.27964413997978,39.23599554769525,True,True,0.0534293165309181,0.5739992945603226,"GJR-GARCH(1,1,1)-t"
23130,25.495491756952863,30.451843164668333,True,True,1.9467180093341346e-14,0.965548256178347,"GJR-GARCH(1,1,1)-t"
23132,-5.765385390798567,-0.809033983083097,True,False,1.0,2.5047650225846777e-16,"GJR-GARCH(1,1,1)-t"
23136,-12.090223571333919,-7.133872163618449,True,False,0.017391720641456335,0.9913041396825661,"GJR-GARCH(1,1,1)-t"
23144,-19.126387558806393,-14.170036151090923,True,False,1.0,0.0,"GJR-GARCH(1,1,1)-t"
23145,-6.754709108633897,-1.7983577009184266,True,False,1.0,0.0,"GJR-GARCH(1,1,1)-t"
23147,-16.768371496843233,-11.812020089127763,True,True,1.0334201236408507e-11,1.8640871749168744e-13,"GJR-GARCH(1,1,1)-t"
23153,7.834141820810814,12.790493228526284,True,True,9.316607292859824e-11,0.966208569011628,"GJR-GARCH(1,1,1)-t"
23156,-10.823794731595349,-5.867443323879879,True,False,0.7715081394812784,0.6142459302586857,"GJR-GARCH(1,1,1)-t"
23170,0.8029407454175299,5.759292153133,True,True,5.65558687949353e-14,9.668565735572868e-13,"GJR-GARCH(1,1,1)-t"
23179,26.688182127750558,31.644533535466024,True,True,8.128438613784845e-16,0.9696034111894222,"GJR-GARCH(1,1,1)-t"
23185,21.937994214110596,26.894345621826066,True,True,1.0695291661881674e-16,9.108951816841066e-14,"GJR-GARCH(1,1,1)-t"
23195,-14.73679972700387,-9.7804483192884,True,False,5.856403311422629e-13,0.9999999999996854,"GJR-GARCH(1,1,1)-t"
23201,18.821447695291205,23.77779910300667,True,True,7.814573924811243e-25,0.7699841408340078,"GJR-GARCH(1,1,1)-t"
23202,-4.167544990834859,0.788806416880611,True,True,0.025798275285172565,0.6852421770450359,"GJR-GARCH(1,1,1)-t"
23212,-18.57030308697071,-13.61395167925524,True,False,5.800346322274943e-19,0.9999614743377595,"GJR-GARCH(1,1,1)-t"
23217,-2.6771475334206123,2.2792038742948577,True,True,1.108368451824967e-15,0.13284197454500352,"GJR-GARCH(1,1,1)-t"
23220,10.052252828679187,15.008604236394657,True,True,2.0396790436244694e-14,0.947300179340747,"GJR-GARCH(1,1,1)-t"
23226,-0.7736917560032239,4.182659651712246,True,True,3.987374277629335e-12,0.8270454334393154,"GJR-GARCH(1,1,1)-t"
23228,1.2786709988658966,6.235022406581367,True,False,1.9198970574198184e-10,0.9999999893703633,"GJR-GARCH(1,1,1)-t"
23232,9.250999930392993,14.207351338108463,True,True,3.1601630378374434e-17,0.9892027648960172,"GJR-GARCH(1,1,1)-t"
23233,30.26010742697681,35.216458834692276,True,False,0.9999999994922358,0.41737109265769895,"GJR-GARCH(1,1,1)-t"
23243,-19.411443409853817,-14.455092002138347,True,True,7.025235618965025e-15,6.523862189065951e-14,"GJR-GARCH(1,1,1)-t"
23246,23.333967781231273,28.29031918894674,True,True,5.592312247513053e-16,5.369308145257608e-16,"GJR-GARCH(1,1,1)-t"
23254,13.347559314094473,18.30391072180994,True,True,4.555769810704842e-14,7.100805542950293e-08,"GJR-GARCH(1,1,1)-t"
23265,3.78353200291612,8.73988341063159,True,False,0.9607865617727817,0.5196067191639872,"GJR-GARCH(1,1,1)-t"
23274,4.391872016261608,9.348223423977078,True,True,3.3121943179519425e-12,0.5878215294961926,"GJR-GARCH(1,1,1)-t"
23290,2.2501040208864147,7.206455428601885,True,False,0.5188169158250492,0.7405915420069749,"GJR-GARCH(1,1,1)-t"
23299,19.289105557663923,24.245456965379393,True,False,0.0,1.0,"GJR-GARCH(1,1,1)-t"
23312,-7.678753959409796,-2.7224025516943264,True,True,7.78907201502615e-16,0.9818950453932085,"GJR-GARCH(1,1,1)-t"
23317,10.239872480243328,15.196223887958798,True,True,0.0,0.9819600807286257,"GJR-GARCH(1,1,1)-t"
23337,-12.825414136873139,-7.869062729157669,True,True,0.24765301327487593,9.84815384601232e-19,"GJR-GARCH(1,1,1)-t"
23341,14.884801574561267,19.84115298227674,True,True,2.4781753143274135e-14,0.9619005851490646,"GJR-GARCH(1,1,1)-t"
23342,3.6566560285214997,8.61300743623697,True,True,7.465721947784909e-17,0.31292309707393906,"GJR-GARCH(1,1,1)-t"
23348,-8.890247229886743,-3.933895822171273,True,True,0.0,0.6649281756890845,"GJR-GARCH(1,1,1)-t"
23351,10.333006857092027,15.289358264807497,True,True,0.0,0.8921634519735494,"GJR-GARCH(1,1,1)-t"
23353,27.598824589337234,32.5551759970527,True,True,0.04573782661283474,0.3687469381597803,"GJR-GARCH(1,1,1)-t"
23356,-9.009417863946616,-4.0530664562311465,True,True,0.0,0.7530970062309809,"GJR-GARCH(1,1,1)-t"
23366,-2.207276220721173,2.749075186994297,True,False,0.0,0.999999999999971,"GJR-GARCH(1,1,1)-t"
23386,8.523907380083303,13.480258787798773,True,False,0.0,0.9999999999999512,"GJR-GARCH(1,1,1)-t"
23399,23.476156029479995,28.43250743719546,True,True,1.9957488292774962e-21,4.265142422700425e-15,"GJR-GARCH(1,1,1)-t"
23405,3.1404518024599124,8.096803210175382,True,True,6.68691867750004e-15,0.8751868981586078,"GJR-GARCH(1,1,1)-t"
23417,13.723640056849021,18.67999146456449,True,True,0.0,0.6845659085141875,"GJR-GARCH(1,1,1)-t"
23423,4.145893441306679,9.10224484902215,True,True,0.1843375564444248,1.12641325505459e-16,"GJR-GARCH(1,1,1)-t"
23426,-9.757342738957906,-4.800991331242436,True,True,1.2142543085000393e-14,0.9197711194148084,"GJR-GARCH(1,1,1)-t"
23427,6.78010606938447,11.73645747709994,True,True,6.33328559492637e-16,0.1309479855169,"GJR-GARCH(1,1,1)-t"
23462,-11.786843310039604,-6.830491902324134,True,True,2.9339686157847617e-13,5.468271825825084e-13,"GJR-GARCH(1,1,1)-t"
23464,4.293945175586352,9.250296583301822,True,True,0.0,0.7678477235701089,"GJR-GARCH(1,1,1)-t"
23486,40.49038745029753,45.446738858013,True,False,2.399945651772719e-11,0.9999999999633631,"GJR-GARCH(1,1,1)-t"
23488,12.605320392465877,17.561671800181347,True,True,0.23924579953229286,0.544908316399798,"GJR-GARCH(1,1,1)-t"
23490,12.207251634100473,17.163603041815943,True,True,2.304432684662278e-16,0.8514806716942932,"GJR-GARCH(1,1,1)-t"
23500,30.92168291442761,35.87803432214308,True,True,0.0,0.9784269341973499,"GJR-GARCH(1,1,1)-t"
23503,33.49796515628729,38.45431656400277,True,True,0.0,0.4962435944064908,"GJR-GARCH(1,1,1)-t"
23504,-0.9189086936786222,4.037442714036848,True,True,0.0,0.8596327678337228,"GJR-GARCH(1,1,1)-t"
23520,7.23249781802588,12.18884922574135,True,True,0.0,0.9872431262589981,"GJR-GARCH(1,1,1)-t"
23524,-5.805024769154517,-0.8486733614390474,True,True,4.9690212954085514e-20,0.8688409058470298,"GJR-GARCH(1,1,1)-t"
23531,17.162483948551355,22.118835356266825,True,False,0.0,0.9999999999997872,"GJR-GARCH(1,1,1)-t"
23536,-26.774996741152457,-21.818645333436987,True,True,2.2207712906710956e-15,1.1749451456283622e-14,"GJR-GARCH(1,1,1)-t"
23539,-1.184251443855242,3.772099963860228,True,False,1.0,0.0,"GJR-GARCH(1,1,1)-t"
23547,34.16626991820027,39.122621325915745,True,True,3.933126990833983e-15,0.6403969487618688,"GJR-GARCH(1,1,1)-t"
23566,-8.938826132027533,-3.9824747243120626,True,True,4.873780476664179e-19,1.268988459630805e-15,"GJR-GARCH(1,1,1)-t"
23579,0.08181912010410386,5.038170527819574,True,True,3.88498269850543e-12,0.9044420983557352,"GJR-GARCH(1,1,1)-t"
23598,3.947415759113989,8.903767166829459,True,True,9.607443268798302e-15,0.9808099361365985,"GJR-GARCH(1,1,1)-t"
23600,-9.604473154716977,-4.6481217470015075,True,False,3.7099788484389503e-16,0.9999999999999998,"GJR-GARCH(1,1,1)-t"
23603,-5.715435310107807,-0.7590839023923373,True,False,0.9863798753949953,0.2945169076528297,"GJR-GARCH(1,1,1)-t"
23619,25.76893512468293,30.7252865323984,True,True,1.3094140995074244e-20,0.47869895478950475,"GJR-GARCH(1,1,1)-t"
23624,-1.6184266789908648,3.337924728724605,True,True,0.01575870354153839,0.8633841038585408,"GJR-GARCH(1,1,1)-t"
23628,3.1725012400950074,8.128852647810477,True,False,1.5595048376684487e-15,0.9999999999999832,"GJR-GARCH(1,1,1)-t"
23630,-8.258045193368858,-3.301693785653388,True,True,4.351761231401639e-17,4.0884649049489654e-11,"GJR-GARCH(1,1,1)-t"
23637,2.4555012450071683,7.411852652722638,True,True,3.063556913346351e-13,0.5260975114380589,"GJR-GARCH(1,1,1)-t"
23639,10.80482279605477,15.76117420377024,True,True,4.798780349553685e-17,0.7697318876887841,"GJR-GARCH(1,1,1)-t"
23642,-5.214240881690223,-0.25788947397475326,True,True,0.29153621266835583,0.5119730531915037,"GJR-GARCH(1,1,1)-t"
23652,19.502218023206897,24.458569430922367,True,True,1.3129151758423056e-14,0.0,"GJR-GARCH(1,1,1)-t"
23656,8.441860425577637,13.398211833293107,True,True,1.8097914703032807e-14,0.9647380836471792,"GJR-GARCH(1,1,1)-t"
23658,-3.9432644869033417,1.0130869208121283,True,True,0.0,0.8941452835551933,"GJR-GARCH(1,1,1)-t"
23683,-17.057541933173894,-12.101190525458424,True,False,9.312754587324276e-13,0.9999999999996891,"GJR-GARCH(1,1,1)-t"
23708,-16.200860129311515,-11.244508721596045,True,True,0.0,0.0,"GJR-GARCH(1,1,1)-t"
23724,2.216484388985629,7.172835796701099,True,True,0.22452095806657157,0.24562586688153024,"GJR-GARCH(1,1,1)-t"
23736,10.610425909911546,15.566777317627016,True,True,4.149725383769679e-16,0.21809522819022234,"GJR-GARCH(1,1,1)-t"
23737,10.117675322760597,15.074026730476067,True,True,2.893376663886101e-16,0.24641960508231328,"GJR-GARCH(1,1,1)-t"
23750,7.50295300278238,12.45930441049785,True,True,0.0,2.3137518877149255e-11,"GJR-GARCH(1,1,1)-t"
23751,11.351996920520383,16.30834832823585,True,False,0.9999999999999994,0.24401764520401031,"GJR-GARCH(1,1,1)-t"
23765,15.509786166518126,20.466137574233596,True,False,0.8002385276851848,0.5998807361575713,"GJR-GARCH(1,1,1)-t"
23768,22.99796016771885,27.95431157543432,True,False,0.9999999999999997,0.35777615835331295,"GJR-GARCH(1,1,1)-t"
23780,-11.655217247381376,-6.698865839665906,True,False,5.786276038015605e-16,1.0,"GJR-GARCH(1,1,1)-t"
23792,7.806275443152799,12.76262685086827,True,True,0.0,0.9824374862480342,"GJR-GARCH(1,1,1)-t"
23794,0.3170093691781162,5.273360776893586,True,True,0.658408818738993,0.023570579986445937,"GJR-GARCH(1,1,1)-t"
23796,8.274510802991689,13.230862210707159,True,False,2.8938972247899324e-06,0.9999985585448514,"GJR-GARCH(1,1,1)-t"
23819,12.270891591603544,17.227242999319014,True,True,1.3150537769300671e-16,0.8892118375202245,"GJR-GARCH(1,1,1)-t"
23821,10.00518357700369,14.96153498471916,True,True,6.86145531302883e-20,0.5172774212885616,"GJR-GARCH(1,1,1)-t"
23823,-21.436691764126365,-16.480340356410895,True,True,4.866293128475681e-19,0.9379125716137294,"GJR-GARCH(1,1,1)-t"
23828,-11.929111810018622,-6.972760402303152,True,True,2.8580550953498904e-15,0.7313127262064546,"GJR-GARCH(1,1,1)-t"
23834,15.866248331920698,20.822599739636168,True,False,1.0,0.016229946120067576,"GJR-GARCH(1,1,1)-t"
23836,-8.760193305349013,-3.803841897633543,True,False,6.484324687067426e-12,1.0,"GJR-GARCH(1,1,1)-t"
23858,-22.550851156327226,-17.594499748611756,True,True,0.0,0.0,"GJR-GARCH(1,1,1)-t"
23863,6.142075701251699,11.098427108967169,True,True,0.2082013116360919,1.236263808322217e-15,"GJR-GARCH(1,1,1)-t"
23873,5.820928920016183,10.777280327731653,True,True,1.6165380872508418e-15,0.6251773827415421,"GJR-GARCH(1,1,1)-t"
23892,-8.089904962227045,-3.1335535545115754,True,False,0.0,1.0,"GJR-GARCH(1,1,1)-t"
23903,8.872197497373817,13.828548905089287,True,True,0.0,0.0873627132115213,"GJR-GARCH(1,1,1)-t"
23940,1.8975027883785778,6.853854196094048,True,False,0.0,1.0,"GJR-GARCH(1,1,1)-t"
23955,1.610149303052271,6.566500710767741,True,True,1.5137373130500924e-14,0.9973977777217565,"GJR-GARCH(1,1,1)-t"
23958,1.5258890624843158,6.482240470199786,True,False,0.33702066104646006,0.7448652294524009,"GJR-GARCH(1,1,1)-t"
23962,-6.990357908246597,-2.0340065005311274,True,False,0.5909081991744245,0.7045459001348456,"GJR-GARCH(1,1,1)-t"
23967,17.476934604862038,22.433286012577504,True,True,0.41201872570285436,1.777285470041237e-16,"GJR-GARCH(1,1,1)-t"
23972,6.3717494262822,11.32810083399767,True,True,2.5020445795305465e-13,0.8345783959248702,"GJR-GARCH(1,1,1)-t"
23994,27.958820920214183,32.91517232792965,True,True,0.0,0.0,"GJR-GARCH(1,1,1)-t"
24002,14.426211658226823,19.382563065942293,True,True,0.0,0.5645012016345171,"GJR-GARCH(1,1,1)-t"
24010,4.980220627173441,9.936572034888911,True,True,4.8726172085848305e-14,0.8058640345590473,"GJR-GARCH(1,1,1)-t"
24014,-1.9625869413169053,2.9937644663985647,True,True,1.3631383921763785e-15,0.5298594287486765,"GJR-GARCH(1,1,1)-t"
24021,12.593978314135974,17.550329721851444,True,True,2.3751833449116314e-14,0.030592900639414396,"GJR-GARCH(1,1,1)-t"
24022,19.77001864078933,24.726370048504798,True,False,0.05479819405752601,0.9726009029712335,"GJR-GARCH(1,1,1)-t"
24034,-3.141796875769426,1.8145545319460439,True,False,0.9999999999999949,0.08255410280004517,"GJR-GARCH(1,1,1)-t"
24048,3.692506804904692,8.648858212620162,True,True,0.04545550455754507,1.9898952916877454e-17,"GJR-GARCH(1,1,1)-t"
24050,-1.4178371953854487,3.5385142123300213,True,True,4.935029082750103e-17,0.8391574132112086,"GJR-GARCH(1,1,1)-t"
24073,0.0631377932660584,5.019489200981528,True,True,5.1444984669227244e-11,6.243074532430339e-10,"GJR-GARCH(1,1,1)-t"
24078,-6.804174813840859,-1.8478234061253893,True,True,0.0,0.961457616576268,"GJR-GARCH(1,1,1)-t"
24085,5.01191433560604,9.96826574332151,True,True,1.4682011682477766e-13,0.7265800380193909,"GJR-GARCH(1,1,1)-t"
24101,3.8881184109867686,8.844469818702239,True,True,1.3802833192642573e-14,0.7299325413798547,"GJR-GARCH(1,1,1)-t"
24120,-14.136868550399786,-9.180517142684316,True,False,0.9999999999999999,0.30930028994131986,"GJR-GARCH(1,1,1)-t"
24123,13.323328461311059,18.279679869026527,True,True,0.20650601398412355,6.345386853095829e-20,"GJR-GARCH(1,1,1)-t"
24127,-4.455759327922912,0.5005920797925576,True,True,0.6088561422990042,2.659272997520624e-17,"GJR-GARCH(1,1,1)-t"
24131,-7.713869179150873,-2.7575177714354027,True,True,6.814225909012333e-12,3.5342211302949524e-09,"GJR-GARCH(1,1,1)-t"
24143,76.89544242091569,81.85179382863116,True,False,0.3933067981693066,0.6535479591439839,"GJR-GARCH(1,1,1)-t"
24149,9.851182129564103,14.807533537279573,True,True,1.003443890299187e-15,0.18513528366623744,"GJR-GARCH(1,1,1)-t"
24157,-5.715823223238633,-0.7594718155231632,True,False,0.7192382814371777,0.6403808592823985,"GJR-GARCH(1,1,1)-t"
24161,11.975852567379759,16.932203975095227,True,True,0.0,0.7675961973517754,"GJR-GARCH(1,1,1)-t"
24171,-11.237277543280719,-6.280926135565249,True,True,1.788675521190882e-10,0.5734682422300821,"GJR-GARCH(1,1,1)-t"
24178,-1.9585516485784318,2.9977997591370382,True,True,1.1514047742072073e-19,0.993709279683424,"GJR-GARCH(1,1,1)-t"
24179,1.9756113984941948,6.931962806209665,True,True,7.392595733186036e-15,0.3042197624767425,"GJR-GARCH(1,1,1)-t"
24183,19.622158294723867,24.578509702439334,True,False,0.5880104525029339,0.6999521380967122,"GJR-GARCH(1,1,1)-t"
24198,-0.5217377902341163,4.434613617481354,True,True,1.3886955191319328e-14,0.06747313728295665,"GJR-GARCH(1,1,1)-t"
24220,-8.062205138244174,-3.105853730528704,True,False,1.0,0.0,"GJR-GARCH(1,1,1)-t"
24224,-11.56154458512641,-6.605193177410939,True,False,1.1691857314133474e-16,0.9999999999999994,"GJR-GARCH(1,1,1)-t"
24253,1.856188870692252,6.812540278407722,True,False,5.558235216828079e-16,0.9999999999999972,"GJR-GARCH(1,1,1)-t"
24259,19.80906498228687,24.765416390002343,True,True,2.576615393590151e-21,1.7006060439338568e-05,"GJR-GARCH(1,1,1)-t"
24318,-2.0594378781455838,2.8969135295698862,True,True,3.6017479977492214e-14,0.6033326331208063,"GJR-GARCH(1,1,1)-t"
24334,13.593934531903122,18.55028593961859,True,True,0.0,0.9867517586411909,"GJR-GARCH(1,1,1)-t"
24339,-5.068358072430247,-0.1120066647147766,True,True,0.46472357889864235,1.2849290587246856e-11,"GJR-GARCH(1,1,1)-t"
24341,2.3000878537634737,7.256439261478944,True,False,0.013483358057019277,0.9932583209714909,"GJR-GARCH(1,1,1)-t"
24349,65.258038680976,70.21439008869146,True,True,2.7211467595718365e-14,0.6043285824027484,"GJR-GARCH(1,1,1)-t"
24351,16.607681451536546,21.564032859252016,True,True,0.0,0.0,"GJR-GARCH(1,1,1)-t"
24357,-12.044376802493517,-7.088025394778047,True,True,1.327581844805953e-14,8.478618539140793e-19,"GJR-GARCH(1,1,1)-t"
24384,33.71643061979525,38.67278202751072,True,True,1.0976374636506936e-12,0.7439809376654182,"GJR-GARCH(1,1,1)-t"
24385,-11.839400916771055,-6.883049509055585,True,True,0.5191404576087981,0.0,"GJR-GARCH(1,1,1)-t"
24388,-11.351595216451123,-6.395243808735653,True,False,0.34331230580483024,0.8229783139460463,"GJR-GARCH(1,1,1)-t"
24393,5.828106931296508,10.784458339011978,True,True,2.473470865205043e-17,0.20504267623940967,"GJR-GARCH(1,1,1)-t"
24396,15.45592687817124,20.41227828588671,True,False,1.0,0.19310047744366815,"GJR-GARCH(1,1,1)-t"
24401,4.011925333631275,8.968276741346745,True,False,2.9867792289344725e-13,0.9999999999843847,"GJR-GARCH(1,1,1)-t"
24402,6.062984021542865,11.019335429258335,True,True,1.8114303586478642e-16,0.8101600850178826,"GJR-GARCH(1,1,1)-t"
24406,63.635500544999125,68.59185195271459,True,True,0.0,0.7873541769147087,"GJR-GARCH(1,1,1)-t"
24414,36.506284812064536,41.46263621978,True,False,6.335208434657714e-15,0.9999999999999922,"GJR-GARCH(1,1,1)-t"
24437,-15.98939313832534,-11.03304173060987,True,False,1.2411442364174769e-15,0.9999999999999981,"GJR-GARCH(1,1,1)-t"
24443,-12.947861907665583,-7.991510499950113,True,False,0.9999999991413895,4.312259367406273e-10,"GJR-GARCH(1,1,1)-t"
24457,3.402794029086918,8.359145436802388,True,True,0.22192238468375283,9.47490729581993e-17,"GJR-GARCH(1,1,1)-t"
24470,29.66443707698309,34.620788484698565,True,False,0.46837755952026244,0.6797416509734028,"GJR-GARCH(1,1,1)-t"
24473,-16.672419744290305,-11.716068336574835,True,True,2.8252838255979486e-12,0.8087677388909688,"GJR-GARCH(1,1,1)-t"
24497,6.7881523619418305,11.7445037696573,True,False,0.0,0.9999999999999998,"GJR-GARCH(1,1,1)-t"
24523,9.759217284278742,14.715568691994212,True,False,0.5428583740435412,0.7096495223811756,"GJR-GARCH(1,1,1)-t"
24535,-8.300192002617468,-3.343840594901998,True,True,0.08182473478372604,0.11919086577485026,"GJR-GARCH(1,1,1)-t"
24572,45.131959070471865,50.08831047818734,True,True,2.844168480056732e-19,4.687543013766588e-19,"GJR-GARCH(1,1,1)-t"
24573,-7.296376519018466,-2.340025111302996,True,False,0.8067918474901052,0.3050644464512453,"GJR-GARCH(1,1,1)-t"
24588,26.397280040633213,31.35363144834868,True,True,4.816199678421326e-20,1.4947062116886244e-14,"GJR-GARCH(1,1,1)-t"
24589,8.66586527649631,13.62221668421178,True,True,0.6896815734614683,0.0,"GJR-GARCH(1,1,1)-t"
24590,-9.226439603278571,-4.270088195563101,True,True,0.0,0.9127076697336959,"GJR-GARCH(1,1,1)-t"
24600,67.1709351767475,72.12728658446298,True,True,3.138296328460857e-15,0.6296806662104545,"GJR-GARCH(1,1,1)-t"
24661,23.173863053229116,28.130214460944586,True,True,4.8175568479711775e-15,0.4541042762703777,"GJR-GARCH(1,1,1)-t"
24662,18.984323563049006,23.940674970764476,True,True,1.0325389836454064e-20,0.17787571860020412,"GJR-GARCH(1,1,1)-t"
24680,3.2724698698925607,8.22882127760803,True,True,1.1255934915879586e-09,0.9813379923770347,"GJR-GARCH(1,1,1)-t"
24701,-3.5634884969941467,1.3928629107213233,True,True,7.63422283052013e-12,0.844374292371092,"GJR-GARCH(1,1,1)-t"
24705,-3.117625547195953,1.8387258605195171,True,True,3.878754140535887e-19,0.7182069878939963,"GJR-GARCH(1,1,1)-t"
24707,2.6245547581589346,7.580906165874405,True,True,1.2445740592823111e-17,0.021665480581701098,"GJR-GARCH(1,1,1)-t"
24713,-12.915219748349848,-7.958868340634378,True,True,3.0933357774609943e-13,0.95392082200291,"GJR-GARCH(1,1,1)-t"
24717,-3.49651268253308,1.45983872518239,True,True,1.2085263804116147e-07,0.978649151593007,"GJR-GARCH(1,1,1)-t"
24725,-5.60528158689446,-0.6489301791789899,True,True,1.0650943938463499e-14,0.9411110389838636,"GJR-GARCH(1,1,1)-t"
24728,18.232359399661842,23.188710807377312,True,True,4.3868561567877705e-13,0.10398437128618788,"GJR-GARCH(1,1,1)-t"
24730,11.877379860990338,16.833731268705808,True,False,2.1267483981486897e-12,0.9999999997888561,"GJR-GARCH(1,1,1)-t"
24741,-3.71946354254802,1.23688786516745,True,True,0.7951107948437867,0.0,"GJR-GARCH(1,1,1)-t"
24742,39.31104614970701,44.267397557422484,True,True,0.0,0.4634880572830794,"GJR-GARCH(1,1,1)-t"
24754,-7.581050166499214,-2.624698758783744,True,True,5.241783652106412e-15,2.000096751024917e-15,"GJR-GARCH(1,1,1)-t"
24766,-12.86003661122972,-7.90368520351425,True,False,0.0,0.9999999999999902,"GJR-GARCH(1,1,1)-t"
24770,36.95308201444252,41.90943342215799,True,False,4.674551761206235e-15,0.9999999999999929,"GJR-GARCH(1,1,1)-t"
24775,20.66942403583323,25.6257754435487,True,False,0.5461142619302792,0.6149549189875003,"GJR-GARCH(1,1,1)-t"
24795,-3.2908311679403504,1.6655202397751196,True,True,1.14836696706545e-14,0.5860839462665466,"GJR-GARCH(1,1,1)-t"
24816,-8.171355333165689,-3.215003925450219,True,True,2.2577676440291353e-16,0.1075171953379986,"GJR-GARCH(1,1,1)-t"
24817,-12.356390158553552,-7.400038750838082,True,True,4.8766934589267935e-15,0.07763015940098575,"GJR-GARCH(1,1,1)-t"
24868,1.3212188450616793,6.277570252777149,True,True,1.7585921218030594e-15,0.22889519758661617,"GJR-GARCH(1,1,1)-t"
24871,12.592710808897138,17.549062216612608,True,True,5.47364100073187e-16,0.36923624339552413,"GJR-GARCH(1,1,1)-t"
24874,-15.322760458158754,-10.366409050443284,True,False,0.0,1.0,"GJR-GARCH(1,1,1)-t"
24878,19.72261402333601,24.67896543105148,True,True,1.537415973562778e-08,0.714520124783373,"GJR-GARCH(1,1,1)-t"
24879,-26.959322094938777,-22.002970687223307,True,False,0.0,1.0,"GJR-GARCH(1,1,1)-t"
24880,15.494228389141101,20.45057979685657,True,True,3.788385878779631e-15,5.755781130173044e-14,"GJR-GARCH(1,1,1)-t"
24881,-5.684898848320184,-0.7285474406047143,True,False,0.9999999999999712,0.5000000000000147,"GJR-GARCH(1,1,1)-t"
24894,22.44216023118254,27.398511638898007,True,True,8.045915301086201e-12,0.15777327412890726,"GJR-GARCH(1,1,1)-t"
24913,-1.7963463456289688,3.1600050620865012,True,True,2.0077912800714268e-14,1.976109415761342e-14,"GJR-GARCH(1,1,1)-t"
24921,8.960406240115365,13.916757647830835,True,True,0.15992586937671688,1.0314365328865951e-10,"GJR-GARCH(1,1,1)-t"
24929,-1.2147438462593314,3.7416075614561386,True,True,1.935478396796089e-16,0.0,"GJR-GARCH(1,1,1)-t"
24933,3.2354218587079586,8.191773266423429,True,False,6.937951190159437e-11,0.9999999562920876,"GJR-GARCH(1,1,1)-t"
24949,30.46851645806847,35.42486786578394,True,True,9.247626237959888e-16,0.971037366360698,"GJR-GARCH(1,1,1)-t"
24989,-3.8285176451173264,1.1278337625981436,True,False,0.2815096437481251,0.8592451781251722,"GJR-GARCH(1,1,1)-t"
24997,26.59698818774032,31.55333959545579,True,True,1.98133230418632e-15,0.9822993714199303,"GJR-GARCH(1,1,1)-t"
25002,10.49365368179912,15.45000508951459,True,False,0.0,1.0,"GJR-GARCH(1,1,1)-t"
25010,30.5296289403955,35.48598034811097,True,False,1.7780742276487884e-09,1.0,"GJR-GARCH(1,1,1)-t"
25015,4.303014194348961,9.259365602064431,True,False,0.0,1.0,"GJR-GARCH(1,1,1)-t"
25018,29.12599426501128,34.082345672726746,True,False,0.9999999999999855,1.1793002308026605e-14,"GJR-GARCH(1,1,1)-t"
25019,-18.418261829341077,-13.461910421625607,True,True,6.824322803991472e-16,0.0828016873277334,"GJR-GARCH(1,1,1)-t"
25023,34.365819496478856,39.32217090419432,True,True,1.506555314279006e-16,0.843249110013022,"GJR-GARCH(1,1,1)-t"
25025,6.303586080865059,11.25993748858053,True,False,2.1855690164844338e-15,0.9999999999999987,"GJR-GARCH(1,1,1)-t"
25030,-0.6764650032432797,4.27988640447219,True,True,1.1192796575597452e-16,0.7730595321910659,"GJR-GARCH(1,1,1)-t"
25031,-4.345915984472889,0.6104354232425813,True,False,0.9999999999999994,0.12567962503513613,"GJR-GARCH(1,1,1)-t"
25059,11.321777876766223,16.278129284481693,True,True,0.1786996819340025,1.9296165643804894e-16,"GJR-GARCH(1,1,1)-t"
25085,-9.541044699035144,-4.584693291319674,True,True,7.49308350892932e-22,0.022392308827734658,"GJR-GARCH(1,1,1)-t"
25087,2.912320891095902,7.868672298811372,True,True,0.9592480018283386,0.0,"GJR-GARCH(1,1,1)-t"
25089,35.00127893026075,39.95763033797623,True,True,3.402780584656554e-14,0.06316960854784576,"GJR-GARCH(1,1,1)-t"
25094,-17.09032354071538,-12.133972132999912,True,True,0.0,0.35057344237848864,"GJR-GARCH(1,1,1)-t"
25107,6.173750457446921,11.130101865162391,True,True,0.7010372505996817,5.598673653255676e-12,"GJR-GARCH(1,1,1)-t"
25108,22.908729986831112,27.86508139454658,True,True,0.0,0.891620192330364,"GJR-GARCH(1,1,1)-t"
25118,4.401349132551063,9.357700540266533,True,False,3.106122482248592e-23,0.9999999999999999,"GJR-GARCH(1,1,1)-t"
25131,2.8452135014708286,7.801564909186299,True,True,2.5541127862707194e-12,0.9740744024810349,"GJR-GARCH(1,1,1)-t"
25148,39.93722544739185,44.89357685510733,True,True,7.523662565969605e-12,0.8967914432691996,"GJR-GARCH(1,1,1)-t"
25150,1.6176232964785129,6.573974704193983,True,False,0.0,0.9999992987916831,"GJR-GARCH(1,1,1)-t"
25163,-6.878947799989824,-1.9225963922743539,True,True,0.3502138728447342,2.147455626995992e-15,"GJR-GARCH(1,1,1)-t"
25166,-1.570260929229459,3.386090478486011,True,True,0.0,0.7054210261359263,"GJR-GARCH(1,1,1)-t"
25176,3.0330012992816098,7.98935270699708,True,True,0.7539045599563073,0.12277983300340056,"GJR-GARCH(1,1,1)-t"
25177,33.491062220582705,38.44741362829817,True,True,0.15818987728268016,4.387231436695059e-14,"GJR-GARCH(1,1,1)-t"
25179,-12.279855029788408,-7.323503622072938,True,True,4.634485902900132e-16,0.0,"GJR-GARCH(1,1,1)-t"
25190,-11.99534131679782,-7.03898990908235,True,True,9.03633051120746e-15,2.9334743487784755e-14,"GJR-GARCH(1,1,1)-t"
25197,33.694339174265316,38.65069058198078,True,True,0.8863086123698957,4.7638195169002704e-14,"GJR-GARCH(1,1,1)-t"
25219,0.02762554282401375,4.983976950539484,True,False,7.205297404415906e-15,0.9999999999999073,"GJR-GARCH(1,1,1)-t"
25220,-5.666373704861993,-0.7100222971465229,True,False,0.0,1.0,"GJR-GARCH(1,1,1)-t"
25234,2.2407623887007713,7.197113796416241,True,True,0.6643157738112948,2.249599101319562e-17,"GJR-GARCH(1,1,1)-t"
25250,10.143968888603972,15.100320296319442,True,False,1.3577700364504971e-13,1.0,"GJR-GARCH(1,1,1)-t"
25265,-2.944720698497349,2.011630709218121,True,True,0.172425870911163,0.6105478322414327,"GJR-GARCH(1,1,1)-t"
25270,-13.926241102000507,-8.969889694285037,True,True,0.0,0.9258166368422943,"GJR-GARCH(1,1,1)-t"
25274,0.5433448525261522,5.499696260241622,True,True,1.2352263827286856e-11,9.194249803576351e-12,"GJR-GARCH(1,1,1)-t"
25277,3.872478903220694,8.828830310936164,True,False,1.0,0.0,"GJR-GARCH(1,1,1)-t"
25282,13.37618365445927,18.33253506217474,True,False,1.5850723327661941e-15,0.9999999999999977,"GJR-GARCH(1,1,1)-t"
25290,6.295933075658645,11.252284483374115,True,True,1.3736905971623438e-14,0.7840968934457987,"GJR-GARCH(1,1,1)-t"
25301,1.1785231394651916,6.134874547180662,True,True,0.28065232358057157,2.6837341904705872e-14,"GJR-GARCH(1,1,1)-t"
25309,21.19971513993532,26.156066547650795,True,True,5.668856555686819e-14,3.094270338748069e-14,"GJR-GARCH(1,1,1)-t"
25312,8.383479258999254,13.339830666714724,True,False,5.748186525261152e-14,0.9999999999994936,"GJR-GARCH(1,1,1)-t"
25318,5.851941688833776,10.808293096549246,True,True,0.0,0.9563664566297877,"GJR-GARCH(1,1,1)-t"
25331,0.6615014913210224,5.617852899036492,True,True,3.975148274877969e-15,2.9339406000600966e-08,"GJR-GARCH(1,1,1)-t"
25334,-3.7496392902100233,1.2067121175054467,True,True,0.22791719377158487,4.951971535503486e-16,"GJR-GARCH(1,1,1)-t"
25335,2.383371745382261,7.339723153097731,True,True,0.9282145291729645,5.156740331915937e-16,"GJR-GARCH(1,1,1)-t"
25338,-3.827945485842193,1.1284059218732772,True,True,1.194086624478656e-12,0.7924032931343442,"GJR-GARCH(1,1,1)-t"
25340,39.15315812410124,44.109509531816705,True,True,0.5923123036507996,0.0,"GJR-GARCH(1,1,1)-t"
25344,6.437902467005917,11.394253874721386,True,True,0.0,0.0,"GJR-GARCH(1,1,1)-t"
25347,33.73277483841335,38.689126246128815,True,True,4.327383735239039e-19,6.317021634087802e-19,"GJR-GARCH(1,1,1)-t"
25351,-0.8138022923907879,4.142549115324682,True,False,0.9999999656717063,4.320130956979092e-09,"GJR-GARCH(1,1,1)-t"
25355,-4.34990570036673,0.6064457073487404,True,True,6.1942978473433975e-12,2.2583259963574713e-10,"GJR-GARCH(1,1,1)-t"
25357,11.974628794037066,16.930980201752536,True,True,3.568156359501083e-19,0.7799519402828247,"GJR-GARCH(1,1,1)-t"
25359,3.082398758194973,8.038750165910443,True,False,0.7029538646555397,0.6329386620032303,"GJR-GARCH(1,1,1)-t"
25367,-10.940384004756183,-5.984032597040713,True,False,0.0,1.0,"GJR-GARCH(1,1,1)-t"
25369,-14.818177807409402,-9.861826399693932,True,True,2.865787510226656e-14,0.6688628095322723,"GJR-GARCH(1,1,1)-t"
25389,5.96313245212219,10.91948385983766,True,True,2.113676243164442e-20,0.4114172310900867,"GJR-GARCH(1,1,1)-t"
25399,25.943030121272493,30.899381528987963,True,False,2.6149660853963703e-20,0.9999999999999992,"GJR-GARCH(1,1,1)-t"
25403,-20.168641533977294,-15.212290126261824,True,True,9.800329942085912e-16,0.598363950922386,"GJR-GARCH(1,1,1)-t"
25427,-3.1757768682739993,1.7805745394414707,True,True,0.0,0.959146535136542,"GJR-GARCH(1,1,1)-t"
25429,22.374103493083258,27.330454900798728,True,True,0.6656280921628461,0.14814375028530968,"GJR-GARCH(1,1,1)-t"
25437,9.641812716492332,14.598164124207802,True,True,0.0,0.0,"GJR-GARCH(1,1,1)-t"
25439,-5.284428229212445,-0.3280768214969747,True,True,4.55155902272267e-12,0.9953949183455242,"GJR-GARCH(1,1,1)-t"
25452,4.614869034401007,9.571220442116477,True,True,3.6534372435997805e-18,0.5225043651348371,"GJR-GARCH(1,1,1)-t"
25463,25.680007234495513,30.636358642210983,True,True,1.9133316682821254e-12,2.7573891156561717e-11,"GJR-GARCH(1,1,1)-t"
25467,9.251990462506232,14.208341870221702,True,False,0.4950812949712558,0.6176331735649387,"GJR-GARCH(1,1,1)-t"
25474,-14.699930353262634,-9.743578945547164,True,True,7.344898109767666e-14,0.09221058540137529,"GJR-GARCH(1,1,1)-t"
25475,11.271630174364503,16.227981582079973,True,True,2.6468045774068675e-16,0.9685498173906456,"GJR-GARCH(1,1,1)-t"
25483,23.97298203244779,28.929333440163255,True,True,9.495698667023436e-15,0.9826104671000161,"GJR-GARCH(1,1,1)-t"
25488,10.044904206705699,15.001255614421169,True,False,0.543328858650905,0.5661455812480247,"GJR-GARCH(1,1,1)-t"
25489,-1.2040130468805543,3.7523383608349157,True,True,8.848015965108009e-09,0.9258160730447421,"GJR-GARCH(1,1,1)-t"
25501,30.527855713257114,35.484207120972584,True,True,0.0,0.9800769652400263,"GJR-GARCH(1,1,1)-t"
25504,-25.533019946790382,-20.576668539074912,True,True,5.508817294970857e-14,1.0213705825117948e-12,"GJR-GARCH(1,1,1)-t"
25525,-3.4563341351673387,1.5000172725481313,True,True,1.4413979114983241e-16,0.5724177714076396,"GJR-GARCH(1,1,1)-t"
25551,22.346846434020577,27.30319784173605,True,False,0.32479321695204777,0.7556386808856742,"GJR-GARCH(1,1,1)-t"
25560,31.24343811653172,36.199789524247194,True,True,0.23008306303017742,0.7678914376796782,"GJR-GARCH(1,1,1)-t"
25569,0.43979725801219516,5.396148665727665,True,True,4.846691233483987e-17,4.781968841217528e-16,"GJR-GARCH(1,1,1)-t"
25570,2.5306637057424677,7.487015113457938,True,True,1.1989173646169529e-11,0.8464899432846825,"GJR-GARCH(1,1,1)-t"
25575,-2.019924394403514,2.936427013311956,True,False,0.0,1.0,"GJR-GARCH(1,1,1)-t"
25580,14.350323290362677,19.306674698078147,True,True,6.60830078638751e-14,0.9758405830641241,"GJR-GARCH(1,1,1)-t"
25583,-14.31668987255274,-9.36033846483727,True,True,3.596007642200501e-10,0.9649355444768775,"GJR-GARCH(1,1,1)-t"
25584,7.2730622669971385,12.229413674712609,True,True,0.0,0.950445354815387,"GJR-GARCH(1,1,1)-t"
25599,-5.761845407908645,-0.8054940001931747,True,False,0.8718909416925255,0.5640545291537372,"GJR-GARCH(1,1,1)-t"
25616,-17.64533286517943,-12.68898145746396,True,True,4.874442263258284e-16,0.9821910470217076,"GJR-GARCH(1,1,1)-t"
25617,31.380146968533698,36.33649837624917,True,False,4.0153602710644187e-16,0.9999999999999655,"GJR-GARCH(1,1,1)-t"
25619,5.290081232808035,10.246432640523505,True,False,3.210943111796413e-19,1.0,"GJR-GARCH(1,1,1)-t"
25622,3.9261131641046987,8.882464571820169,True,True,0.0,0.8371143749028533,"GJR-GARCH(1,1,1)-t"
25627,-11.417774025264688,-6.461422617549218,True,True,3.778271817347676e-19,0.3544408219348158,"GJR-GARCH(1,1,1)-t"
25636,-28.12817712679592,-23.17182571908045,True,False,0.9999999999999977,2.773831342196319e-16,"GJR-GARCH(1,1,1)-t"
25638,-10.666807464802542,-5.710456057087072,True,False,0.8399918265511802,0.5800040867222293,"GJR-GARCH(1,1,1)-t"
25639,3.6607574737143285,8.617108881429798,True,True,0.0,1.9342933561729284e-13,"GJR-GARCH(1,1,1)-t"
25640,-1.3695711630010035,3.5867802447144665,True,False,1.354005491072127e-14,0.9999999999999816,"GJR-GARCH(1,1,1)-t"
25641,-6.227348609657394,-1.270997201941924,True,True,8.64106772303118e-21,0.011509026509680696,"GJR-GARCH(1,1,1)-t"
25653,5.017947508867877,9.974298916583347,True,False,2.98154495665933e-14,0.9999999999998153,"GJR-GARCH(1,1,1)-t"
25654,-19.251113479620273,-14.294762071904803,True,True,9.91880520497646e-16,0.9915433655166075,"GJR-GARCH(1,1,1)-t"
25668,3.9077627638138104,8.86411417152928,True,True,3.557993104231886e-16,0.6240475151488923,"GJR-GARCH(1,1,1)-t"
25680,-5.6807771403627925,-0.7244257326473225,True,False,4.673728621340393e-15,0.9999999999999837,"GJR-GARCH(1,1,1)-t"
25683,23.344504444047818,28.300855851763288,True,False,2.77958487037456e-16,0.9999999999999999,"GJR-GARCH(1,1,1)-t"
25687,24.329526999806244,29.285878407521714,True,True,0.0,0.9039555923317015,"GJR-GARCH(1,1,1)-t"
25712,-14.319693871161594,-9.363342463446124,True,True,5.89625069800388e-15,0.4399105164812977,"GJR-GARCH(1,1,1)-t"
25713,-9.842545141320155,-4.886193733604685,True,False,1.0,0.3593262381253627,"GJR-GARCH(1,1,1)-t"
25716,12.196648426624794,17.152999834340264,True,True,1.6735395869055083e-18,0.542659397036424,"GJR-GARCH(1,1,1)-t"
25730,-5.378468486829092,-0.4221170791136224,True,True,0.0,0.5740642166426608,"GJR-GARCH(1,1,1)-t"
25731,-5.085957961310115,-0.12960655359464468,True,False,0.3888715801303594,0.740742630294316,"GJR-GARCH(1,1,1)-t"
25745,-17.434882625544546,-12.478531217829076,True,True,0.0,0.6514358755981225,"GJR-GARCH(1,1,1)-t"
25751,-30.79796793058309,-25.84161652286762,True,True,3.9635082316344265e-14,0.9008919805554082,"GJR-GARCH(1,1,1)-t"
25754,1.1616753603064573,6.118026768021927,True,True,9.953017584374394e-16,9.483677037484838e-21,"GJR-GARCH(1,1,1)-t"
25755,17.040198073241662,21.996549480957132,True,False,1.1243683658782141e-13,0.9999999999770044,"GJR-GARCH(1,1,1)-t"
25761,-10.687326957574452,-5.730975549858982,True,True,0.0,0.2293877715850622,"GJR-GARCH(1,1,1)-t"
25766,1.6469267906314098,6.60327819834688,True,True,0.03016498816045585,1.8099726251418556e-20,"GJR-GARCH(1,1,1)-t"
25772,15.666274490138957,20.622625897854427,True,True,3.1586395187268416e-14,0.9656518919303716,"GJR-GARCH(1,1,1)-t"
25773,-0.017074815575163882,4.939276592140306,True,True,0.06750693925694053,0.8283469434759034,"GJR-GARCH(1,1,1)-t"
25796,-25.678594476926122,-20.722243069210652,True,True,0.08448604588156537,0.0,"GJR-GARCH(1,1,1)-t"
25799,12.964072964674404,17.920424372389874,True,True,0.6671232421117212,1.3824890826899255e-12,"GJR-GARCH(1,1,1)-t"
25803,36.158931616631854,41.11528302434732,True,False,0.5192126878014129,0.7403936560992934,"GJR-GARCH(1,1,1)-t"
25813,-10.744507830706581,-5.788156422991111,True,True,6.18201168802612e-16,0.9453580885930291,"GJR-GARCH(1,1,1)-t"
25815,-4.094762047699572,0.8615893600158984,True,True,1.0276902807052764e-14,3.8943316349637943e-13,"GJR-GARCH(1,1,1)-t"
25844,-8.322180617877187,-3.365829210161717,True,True,5.751505720982662e-11,1.9290730496168157e-11,"GJR-GARCH(1,1,1)-t"
25854,-14.441393205121837,-9.485041797406367,True,False,0.6396372753305076,0.6668622790538682,"GJR-GARCH(1,1,1)-t"
25863,4.433387457426431,9.3897388651419,True,True,2.2575819121249686e-26,0.9202403676973764,"GJR-GARCH(1,1,1)-t"
25864,-11.831599825478289,-6.875248417762819,True,True,0.0,0.6395863082495638,"GJR-GARCH(1,1,1)-t"
25866,-30.27949073824682,-25.32313933053135,True,True,1.3394589876326227e-17,0.5953482266117852,"GJR-GARCH(1,1,1)-t"
25876,-1.290513790967358,3.665837616748112,True,True,0.0,0.697983757135451,"GJR-GARCH(1,1,1)-t"
25879,,,False,False,,,"GJR-GARCH(1,1,1)-t"
25894,6.776422125166871,11.73277353288234,True,False,3.817430715225865e-14,0.9999999999860831,"GJR-GARCH(1,1,1)-t"
25916,7.276482024164043,12.232833431879513,True,True,3.4412452104371254e-14,0.6406571069125357,"GJR-GARCH(1,1,1)-t"
25918,40.84035681400021,45.796708221715676,True,True,0.05475040036157111,2.847153129797993e-11,"GJR-GARCH(1,1,1)-t"
25924,-2.307408429842301,2.648942977873169,True,True,1.2941546940002133e-16,0.98386899951703,"GJR-GARCH(1,1,1)-t"
25971,-4.400275651602126,0.5560757561133443,True,False,2.254580576793473e-12,0.999999999972052,"GJR-GARCH(1,1,1)-t"
25993,2.822254499776907,7.778605907492377,True,False,3.5137382243971333e-15,0.9999999999965948,"GJR-GARCH(1,1,1)-t"
25999,25.580743475974607,30.537094883690077,True,True,0.0,0.6766228422219063,"GJR-GARCH(1,1,1)-t"
26005,-6.083927934551895,-1.1275765268364246,True,False,1.0,9.446681898283326e-17,"GJR-GARCH(1,1,1)-t"
26020,5.2001798553052385,10.156531263020709,True,True,3.798349882261836e-15,0.4213963724607327,"GJR-GARCH(1,1,1)-t"
26021,19.208692251752446,24.16504365946792,True,False,7.139286508409594e-15,1.0,"GJR-GARCH(1,1,1)-t"
26024,19.745253046300846,24.701604454016316,True,True,0.0,0.9173938866495868,"GJR-GARCH(1,1,1)-t"
26042,16.454223631609146,21.410575039324616,True,True,0.0,0.6555478979663611,"GJR-GARCH(1,1,1)-t"
26052,-13.88239857454263,-8.92604716682716,True,True,0.0541620910992418,0.0009068418786887761,"GJR-GARCH(1,1,1)-t"
26062,,,False,False,,,"GJR-GARCH(1,1,1)-t"
26069,86.03318153001433,90.9895329377298,True,False,1.0,0.19809694887625937,"GJR-GARCH(1,1,1)-t"
26081,7.5819337603940635,12.538285168109534,True,False,1.0,3.69599575247508e-17,"GJR-GARCH(1,1,1)-t"
26082,18.951597298770757,23.907948706486227,True,True,0.0,0.5239727564724181,"GJR-GARCH(1,1,1)-t"
26091,0.6126234352668174,5.568974842982287,True,True,2.4870512003977916e-15,0.9202546702625497,"GJR-GARCH(1,1,1)-t"
26099,13.116489602795637,18.072841010511105,True,True,2.4142607073530573e-17,0.8734109661914378,"GJR-GARCH(1,1,1)-t"
26106,8.88638708634155,13.84273849405702,True,True,0.0,0.1973706387009457,"GJR-GARCH(1,1,1)-t"
26107,-4.7309633989651445,0.2253880087503255,True,True,6.395117490520951e-15,0.6250945056383784,"GJR-GARCH(1,1,1)-t"
26125,8.591781034975828,13.548132442691298,True,True,2.3155878961135123e-13,0.0,"GJR-GARCH(1,1,1)-t"
26147,18.61875465982901,23.57510606754448,True,True,2.648951660339074e-17,0.07843708439794222,"GJR-GARCH(1,1,1)-t"
26152,15.7420762032407,20.69842761095617,True,False,1.386888043405014e-16,0.9999999999999503,"GJR-GARCH(1,1,1)-t"
26155,-10.572639376054482,-5.616287968339012,True,True,0.5239570910393527,2.1674813346032995e-12,"GJR-GARCH(1,1,1)-t"
26159,36.224907085952225,41.18125849366769,True,True,0.3748803608349604,6.160145430528301e-10,"GJR-GARCH(1,1,1)-t"
26168,17.468485573407854,22.424836981123324,True,True,4.42406931838332e-16,0.44627021492308855,"GJR-GARCH(1,1,1)-t"
26170,0.7128542557344737,5.669205663449944,True,True,0.6256685641855713,0.0,"GJR-GARCH(1,1,1)-t"
26186,8.010341390797436,12.966692798512906,True,True,0.0,0.12052766974874173,"GJR-GARCH(1,1,1)-t"
26190,-12.108755423179531,-7.152404015464061,True,True,0.0,0.0,"GJR-GARCH(1,1,1)-t"
26191,-0.316326036977566,4.640025370737904,True,False,0.0,1.0,"GJR-GARCH(1,1,1)-t"
26195,9.519189724001471,14.475541131716941,True,True,6.25466689150801e-15,0.37385504586770146,"GJR-GARCH(1,1,1)-t"
26197,-6.267688454031703,-1.3113370463162326,True,True,0.0,0.9745075640696945,"GJR-GARCH(1,1,1)-t"
26204,-7.295280493239492,-2.338929085524022,True,True,6.101147197344326e-19,0.9435758312865388,"GJR-GARCH(1,1,1)-t"
26208,18.726111596332895,23.682463004048365,True,True,0.0,0.9485666009355492,"GJR-GARCH(1,1,1)-t"
26222,8.859025197183696,13.815376604899166,True,True,8.283760108128952e-18,0.960482449111724,"GJR-GARCH(1,1,1)-t"
26250,-13.836900535921796,-8.880549128206326,True,True,0.0,0.9823204259359654,"GJR-GARCH(1,1,1)-t"
26254,-18.89617201503657,-13.9398206073211,True,False,0.0,0.9999999999999974,"GJR-GARCH(1,1,1)-t"
26273,2.4298605739000454,7.386211981615515,True,True,6.685393018256374e-12,7.60045065991231e-11,"GJR-GARCH(1,1,1)-t"
26277,-1.9834395526694077,2.9729118550460623,True,True,2.7018026500637622e-15,0.6973166479387546,"GJR-GARCH(1,1,1)-t"
26292,30.288330779104793,35.24468218682026,True,False,0.7336697540965283,0.2731680898075044,"GJR-GARCH(1,1,1)-t"
26307,-9.773158916943853,-4.816807509228383,True,True,0.0,0.0,"GJR-GARCH(1,1,1)-t"
26308,-0.8230239774880843,4.133327430227386,True,True,1.81462607246327e-21,0.0,"GJR-GARCH(1,1,1)-t"
26314,-7.686055640047162,-2.7297042323316916,True,True,0.0,2.1172995846974234e-14,"GJR-GARCH(1,1,1)-t"
26317,14.788319911846045,19.744671319561515,True,True,0.03198755062251673,2.443708815066974e-12,"GJR-GARCH(1,1,1)-t"
26336,12.021918102923998,16.978269510639468,True,True,6.275695800269219e-18,0.7276906604520084,"GJR-GARCH(1,1,1)-t"
26337,-6.082111724658844,-1.1257603169433743,True,True,8.677810552915214e-15,0.4294720638372647,"GJR-GARCH(1,1,1)-t"
26362,9.919887419055943,14.876238826771413,True,True,0.67985719403894,1.1688303851224358e-13,"GJR-GARCH(1,1,1)-t"
26366,-6.9495798245307085,-1.9932284168152385,True,True,8.310123148165622e-16,1.7754914465948496e-14,"GJR-GARCH(1,1,1)-t"
26375,8.346995847818144,13.303347255533614,True,False,0.08269657313098411,0.958651713434508,"GJR-GARCH(1,1,1)-t"
26387,14.420617529019122,19.376968936734592,True,True,4.820437543711105e-13,4.3793985273770006e-13,"GJR-GARCH(1,1,1)-t"
26388,-7.970594649864811,-3.014243242149341,True,False,0.0,1.0,"GJR-GARCH(1,1,1)-t"
26400,-18.02340582604188,-13.06705441832641,True,True,0.0,0.006133167574624704,"GJR-GARCH(1,1,1)-t"
26407,4.549065171310378,9.505416579025848,True,True,0.04641134439449524,0.8119890180655578,"GJR-GARCH(1,1,1)-t"
26410,-0.3109261286686156,4.645425279046854,True,True,2.1199074840430452e-08,0.9648807842262007,"GJR-GARCH(1,1,1)-t"
26428,7.765156965724122,12.721508373439592,True,True,2.5760202469048953e-10,0.7734734409960538,"GJR-GARCH(1,1,1)-t"
26430,4.742876039494488,9.699227447209958,True,True,9.125330074579359e-15,0.3467906133711552,"GJR-GARCH(1,1,1)-t"
26440,-21.012158690987384,-16.055807283271914,True,True,0.0,0.9648815097892836,"GJR-GARCH(1,1,1)-t"
26447,-2.019428472397845,2.936922935317625,True,True,0.07552507633785761,0.5540457708014803,"GJR-GARCH(1,1,1)-t"
26450,-2.796123272474997,2.160228135240473,True,True,2.3155250022506103e-14,0.09615843486706209,"GJR-GARCH(1,1,1)-t"
26455,-7.083034616994027,-2.126683209278557,True,True,9.611021535286406e-10,0.9625086016132044,"GJR-GARCH(1,1,1)-t"
26460,31.284121584603128,36.2404729923186,True,False,0.0,0.999999999999997,"GJR-GARCH(1,1,1)-t"
26471,9.633393921975808,14.589745329691278,True,True,0.0,0.9403445411606767,"GJR-GARCH(1,1,1)-t"
26475,-4.820634599431017,0.1357168082844531,True,True,0.0,0.4063325349096622,"GJR-GARCH(1,1,1)-t"
26484,-0.32470901314155576,4.631642394573914,True,True,0.5507245781125898,0.18756011305929848,"GJR-GARCH(1,1,1)-t"
26488,2.69943280393902,7.65578421165449,True,True,0.0,0.7407813387325866,"GJR-GARCH(1,1,1)-t"
26494,15.419127733174859,20.375479140890327,True,False,0.0,1.0,"GJR-GARCH(1,1,1)-t"
26503,7.022551175732488,11.978902583447958,True,False,0.1539605965542055,0.9230197992175682,"GJR-GARCH(1,1,1)-t"
26522,-11.84535443059169,-6.889003022876221,True,True,8.031990267707683e-09,0.9467895348315809,"GJR-GARCH(1,1,1)-t"
26523,12.848375648161614,17.804727055877084,True,False,7.077166044510903e-16,1.0,"GJR-GARCH(1,1,1)-t"
26538,-2.1669647683264515,2.7893866393890185,True,False,0.0,1.0,"GJR-GARCH(1,1,1)-t"
26555,-17.041552079074606,-12.085200671359136,True,False,1.7886395068816182e-14,0.9999999999999762,"GJR-GARCH(1,1,1)-t"
26561,-4.083882467453083,0.8724689402623866,True,True,5.948428297700056e-16,0.7382274835950112,"GJR-GARCH(1,1,1)-t"
26562,-7.656619577946081,-2.7002681702306113,True,True,1.4657155323736934e-16,0.03349737635257294,"GJR-GARCH(1,1,1)-t"
26568,11.43934792195041,16.39569932966588,True,True,0.0,0.9690678618234095,"GJR-GARCH(1,1,1)-t"
26572,11.577140425447638,16.533491833163108,True,False,9.722963436781818e-16,0.9999999999999976,"GJR-GARCH(1,1,1)-t"
26578,15.37436704483867,20.330718452554137,True,True,5.504237970618487e-13,0.970155947905246,"GJR-GARCH(1,1,1)-t"
26586,-11.79606805050464,-6.8397166427891705,True,False,0.4710977355001696,0.5602724658072209,"GJR-GARCH(1,1,1)-t"
26595,34.10841378773901,39.064765195454484,True,True,1.1067687844883374e-16,0.9767213724151711,"GJR-GARCH(1,1,1)-t"
26599,-20.48982812288999,-15.533476715174519,True,True,9.930914371496135e-16,6.532874837623744e-15,"GJR-GARCH(1,1,1)-t"
26603,21.593290817106517,26.549642224821987,True,True,9.992432992184637e-14,3.243453185804013e-13,"GJR-GARCH(1,1,1)-t"
26606,9.797478597407002,14.753830005122472,True,True,0.0,1.2185605670633197e-11,"GJR-GARCH(1,1,1)-t"
26607,-9.976011003794358,-5.019659596078888,True,True,4.878245309712399e-15,0.5881965836931189,"GJR-GARCH(1,1,1)-t"
26613,-10.77929195429472,-5.82294054657925,True,False,5.630611035917011e-16,1.0,"GJR-GARCH(1,1,1)-t"
26672,-1.2709332978580061,3.685418109857464,True,True,2.7110460415387257e-15,7.27837081504401e-14,"GJR-GARCH(1,1,1)-t"
26678,8.405743631153818,13.362095038869288,True,True,2.980876223760752e-17,0.6871092712051997,"GJR-GARCH(1,1,1)-t"
26693,18.916636267509084,23.872987675224557,True,True,8.073785595995914e-19,0.34821662861252667,"GJR-GARCH(1,1,1)-t"
26707,37.331379493240654,42.28773090095612,True,True,6.74292229001375e-14,0.9812070405670493,"GJR-GARCH(1,1,1)-t"
26708,11.407260681348431,16.363612089063903,True,True,2.332697531231248e-15,0.0,"GJR-GARCH(1,1,1)-t"
26752,28.00888759756227,32.96523900527774,True,False,2.4317970961349128e-11,0.9999999867081234,"GJR-GARCH(1,1,1)-t"
26759,-8.311116031963454,-3.3547646242479843,True,True,5.67084317911364e-19,0.8921816445559939,"GJR-GARCH(1,1,1)-t"
26763,17.53373287634169,22.49008428405716,True,False,1.9718184693360657e-20,1.0,"GJR-GARCH(1,1,1)-t"
26771,0.3643992868941268,5.320750694609597,True,False,2.0309064984296618e-14,1.0,"GJR-GARCH(1,1,1)-t"
26786,6.218315794571993,11.174667202287463,True,True,1.1840769506617667e-11,0.8283035182244679,"GJR-GARCH(1,1,1)-t"
26788,3.9168483611502136,8.873199768865684,True,True,7.95860799450278e-14,0.9665286044858495,"GJR-GARCH(1,1,1)-t"
26804,-1.344141083550058,3.612210324165412,True,True,7.498244512699914e-13,0.8548936565802169,"GJR-GARCH(1,1,1)-t"
26806,15.793253720422342,20.749605128137812,True,False,0.9604334164087915,0.12390827307401864,"GJR-GARCH(1,1,1)-t"
26813,9.843516034576762,14.799867442292232,True,True,1.7185052760294155e-14,3.9889830155065085e-15,"GJR-GARCH(1,1,1)-t"
26830,0.8315156197295863,5.787867027445056,True,True,7.304214918729761e-15,4.601328977955287e-19,"GJR-GARCH(1,1,1)-t"
26835,-14.729299791579397,-9.772948383863927,True,True,0.2566490265736561,0.16682697252058495,"GJR-GARCH(1,1,1)-t"
26837,15.626292689960975,20.582644097676443,True,True,0.34755866388525103,0.4391157877915304,"GJR-GARCH(1,1,1)-t"
26841,-8.049211413701165,-3.0928600059856954,True,True,0.13037518364504427,0.0,"GJR-GARCH(1,1,1)-t"
26844,10.18930513610387,15.14565654381934,True,True,0.0,0.0,"GJR-GARCH(1,1,1)-t"
26849,7.809984129245798,12.766335536961268,True,False,1.5461985895943945e-16,0.9999999999999994,"GJR-GARCH(1,1,1)-t"
26862,-4.009146810714995,0.947204597000475,True,False,0.0,0.9999999999999862,"GJR-GARCH(1,1,1)-t"
26864,-4.544277389444062,0.412074018271408,True,False,0.0,1.0,"GJR-GARCH(1,1,1)-t"
26868,23.31512399002777,28.27147539774324,True,True,0.0,0.135631294408941,"GJR-GARCH(1,1,1)-t"
26873,-6.461487332548785,-1.505135924833315,True,True,0.06701349474733469,0.2549669872434539,"GJR-GARCH(1,1,1)-t"
26874,30.234519691491187,35.19087109920666,True,True,1.0333736110023503e-15,0.6485995040740011,"GJR-GARCH(1,1,1)-t"
26883,1.4092561192838229,6.365607526999293,True,True,0.0,0.9398614255642791,"GJR-GARCH(1,1,1)-t"
26886,21.881230800203475,26.837582207918942,True,False,0.9999999999999993,0.23036894631106813,"GJR-GARCH(1,1,1)-t"
26889,6.262441561113,11.21879296882847,True,True,8.12921609852511e-12,0.7253732384963022,"GJR-GARCH(1,1,1)-t"
26891,10.097597854899421,15.053949262614891,True,True,8.254081513334746e-19,5.343289035282179e-19,"GJR-GARCH(1,1,1)-t"
26903,3.652567390139664,8.608918797855134,True,True,0.0,0.9766066396279668,"GJR-GARCH(1,1,1)-t"
26905,3.333766625724154,8.290118033439624,True,False,6.044590281428338e-13,0.9999999999928118,"GJR-GARCH(1,1,1)-t"
26937,11.29978693962148,16.25613834733695,True,True,4.9239878292271865e-11,0.7802202032980518,"GJR-GARCH(1,1,1)-t"
26938,6.146469192082607,11.102820599798077,True,True,1.2090057358406588e-10,1.0846962622273177e-09,"GJR-GARCH(1,1,1)-t"
26944,19.012843509706634,23.969194917422108,True,True,0.0,0.9963821782575959,"GJR-GARCH(1,1,1)-t"
26955,23.685702728124845,28.64205413584032,True,False,0.2431469228352204,0.878426538582385,"GJR-GARCH(1,1,1)-t"
26956,10.982572573013261,15.938923980728731,True,True,3.7477030951693055e-17,1.0972806252006543e-11,"GJR-GARCH(1,1,1)-t"
26973,-14.211071472897597,-9.254720065182127,True,False,1.0,0.3482578435389934,"GJR-GARCH(1,1,1)-t"
26997,-29.357161175256586,-24.400809767541116,True,True,0.0,0.7200303277304546,"GJR-GARCH(1,1,1)-t"
26999,21.30616001292706,26.26251142064253,True,True,0.35386568321037254,0.17310534147183432,"GJR-GARCH(1,1,1)-t"
27003,-1.802474170852605,3.153877236862865,True,False,0.20978645049010222,0.8689007494265307,"GJR-GARCH(1,1,1)-t"
27012,12.983518290525003,17.93986969824047,True,True,1.561239411159884e-07,0.9225955547715341,"GJR-GARCH(1,1,1)-t"
27013,-11.356755162233206,-6.400403754517736,True,True,0.0,0.0,"GJR-GARCH(1,1,1)-t"
27014,-1.6210996245039482,3.335251783211522,True,True,4.21176754861559e-12,0.9542258298477297,"GJR-GARCH(1,1,1)-t"
27015,6.627351860400363,11.583703268115833,True,True,3.3975394290088415e-16,0.17016788303386757,"GJR-GARCH(1,1,1)-t"
27019,1.2357583124806002,6.19210972019607,True,True,1.081649610123255e-16,0.6310045270525974,"GJR-GARCH(1,1,1)-t"
27020,-0.938385770039698,4.017965637675772,True,False,0.0,1.0,"GJR-GARCH(1,1,1)-t"
27037,-2.970886938067366,1.9854644696481039,True,False,0.0,0.9999999999632555,"GJR-GARCH(1,1,1)-t"
27042,29.111531249106463,34.067882656821936,True,True,8.697751720243563e-14,0.961647885292294,"GJR-GARCH(1,1,1)-t"
27060,31.940637088694942,36.896988496410415,True,True,1.797317504925218e-10,0.9864984045335407,"GJR-GARCH(1,1,1)-t"
27071,4.784359634323222,9.740711042038692,True,False,0.9999999999497088,0.05404352188738244,"GJR-GARCH(1,1,1)-t"
27092,6.973501624795762,11.929853032511232,True,False,1.0,0.0,"GJR-GARCH(1,1,1)-t"
27094,0.5141206615247889,5.470472069240259,True,True,1.5154798492163915e-18,0.6926969416809499,"GJR-GARCH(1,1,1)-t"
27095,-10.699042052641193,-5.742690644925723,True,True,3.151169513026992e-14,0.9513518920386269,"GJR-GARCH(1,1,1)-t"
27120,-3.345657547311017,1.610693860404453,True,True,0.637517044089812,0.024551537426136392,"GJR-GARCH(1,1,1)-t"
27127,14.984677467214345,19.941028874929817,True,False,5.845236267578392e-13,0.9999999999177258,"GJR-GARCH(1,1,1)-t"
27135,26.228137173788,31.184488581503466,True,True,0.7621848053201267,0.0,"GJR-GARCH(1,1,1)-t"
27149,5.736184703139285,10.692536110854755,True,True,2.469181741937559e-25,0.030749732627167077,"GJR-GARCH(1,1,1)-t"
27152,31.026606382399322,35.982957790114796,True,True,0.0,0.9704266878044453,"GJR-GARCH(1,1,1)-t"
27153,-15.40049116329001,-10.44413975557454,True,False,1.3886776053389503e-26,0.9999999999999997,"GJR-GARCH(1,1,1)-t"
27154,-2.256346504666105,2.700004903049365,True,True,6.524884774282448e-16,0.550306949996358,"GJR-GARCH(1,1,1)-t"
27158,-4.3485402651778955,0.6078111425375745,True,True,4.3427548789632984e-15,0.989571871894086,"GJR-GARCH(1,1,1)-t"
27162,13.806452500709199,18.76280390842467,True,True,0.0,0.07149472402373634,"GJR-GARCH(1,1,1)-t"
27168,9.143327421259674,14.099678828975144,True,True,5.619788369103685e-24,1.0360427145632468e-23,"GJR-GARCH(1,1,1)-t"
27174,-25.544036635490677,-20.587685227775207,True,True,3.552713678800502e-21,0.9358278359929371,"GJR-GARCH(1,1,1)-t"
27178,17.886466116015587,22.842817523731057,True,True,0.06612517391752264,0.5290497816771246,"GJR-GARCH(1,1,1)-t"
27181,-6.367569539589361,-1.4112181318738912,True,True,2.6389984402618605e-17,0.6642693965170313,"GJR-GARCH(1,1,1)-t"
27182,3.692024029362349,8.648375437077819,True,True,6.8694181601433075e-15,5.854373179937004e-17,"GJR-GARCH(1,1,1)-t"
27188,-1.5632117280257987,3.3931396796896713,True,True,0.0,0.5570710351879609,"GJR-GARCH(1,1,1)-t"
27194,-8.248686927237237,-3.2923355195217674,True,True,0.7013684458670042,0.2709183571800987,"GJR-GARCH(1,1,1)-t"
27208,7.448573115250822,12.404924522966292,True,True,0.0,0.8154081994769968,"GJR-GARCH(1,1,1)-t"
27215,-4.6443870268478165,0.31196438086765355,True,True,2.043433133138664e-19,2.1030045633186897e-15,"GJR-GARCH(1,1,1)-t"
27240,6.27906177019684,11.23541317791231,True,True,8.074480839979967e-10,8.024100467067291e-10,"GJR-GARCH(1,1,1)-t"
27246,-22.094131022616402,-17.137779614900932,True,False,0.9999999999999994,0.0,"GJR-GARCH(1,1,1)-t"
27247,-11.411246901756385,-6.454895494040915,True,True,3.357503905054292e-18,3.818001465041545e-17,"GJR-GARCH(1,1,1)-t"
27270,-22.032169725443453,-17.075818317727983,True,True,0.0,0.499301447298457,"GJR-GARCH(1,1,1)-t"
27278,49.52633576146588,54.48268716918135,True,False,0.0,0.9999999991970909,"GJR-GARCH(1,1,1)-t"
27288,1.2042098037162194,6.160561211431689,True,True,0.0,0.5042971065021086,"GJR-GARCH(1,1,1)-t"
27289,23.474192141062527,28.430543548777997,True,False,2.6712621432765917e-15,0.9999999999999936,"GJR-GARCH(1,1,1)-t"
27304,-9.534435715870416,-4.578084308154946,True,True,4.719867933410962e-13,0.0,"GJR-GARCH(1,1,1)-t"
27307,10.585030463806145,15.541381871521615,True,True,3.2579816380766565e-22,0.25352028277193933,"GJR-GARCH(1,1,1)-t"
27313,-19.093576972071403,-14.137225564355933,True,True,1.3869548069730335e-15,0.5615588700940101,"GJR-GARCH(1,1,1)-t"
27317,-19.82733135233022,-14.87097994461475,True,False,0.2265816581471191,0.8867091711693663,"GJR-GARCH(1,1,1)-t"
27339,19.71136202485681,24.667713432572285,True,True,5.172006621230319e-15,0.9626457450231128,"GJR-GARCH(1,1,1)-t"
27361,-3.0503827174317664,1.9059686902837036,True,True,1.8943064556126e-15,0.9594880598873894,"GJR-GARCH(1,1,1)-t"
27363,0.5359834293872368,5.492334837102707,True,True,1.6407478895465625e-11,0.966583210447692,"GJR-GARCH(1,1,1)-t"
27398,-15.553634293858462,-10.597282886142992,True,True,8.370626036761042e-15,7.703739555798117e-14,"GJR-GARCH(1,1,1)-t"
27403,-5.921261715264887,-0.9649103075494168,True,True,0.0,0.925623132315859,"GJR-GARCH(1,1,1)-t"
27406,-1.7208747610556543,3.2354766466598157,True,True,5.704959189363834e-14,8.598197171275879e-13,"GJR-GARCH(1,1,1)-t"
27416,33.916789895150664,38.87314130286613,True,True,0.24054188600189197,0.0,"GJR-GARCH(1,1,1)-t"
27427,34.55320299546308,39.50955440317855,True,False,8.29133806228241e-21,0.9999999999998299,"GJR-GARCH(1,1,1)-t"
27457,35.58205006361206,40.53840147132753,True,True,0.0,0.96959478967219,"GJR-GARCH(1,1,1)-t"
27467,7.458089749377757,12.414441157093227,True,True,5.675155821478499e-16,0.6872203876594808,"GJR-GARCH(1,1,1)-t"
27469,-25.89376047124376,-20.93740906352829,True,True,0.10243871522558119,1.530083633472242e-13,"GJR-GARCH(1,1,1)-t"
27481,-3.1009380040808985,1.8554134036345715,True,True,1.6226995973118222e-16,0.8881609113717154,"GJR-GARCH(1,1,1)-t"
27487,17.8016824052137,22.75803381292917,True,True,0.0,0.9721594048763177,"GJR-GARCH(1,1,1)-t"
27493,10.379661250835973,15.336012658551443,True,True,2.4098534080539315e-15,1.2261633309417206e-14,"GJR-GARCH(1,1,1)-t"
27496,20.408648550504285,25.364999958219755,True,True,1.0842928856982994e-16,1.1337715336562376e-15,"GJR-GARCH(1,1,1)-t"
27511,18.741942611729637,23.698294019445107,True,True,1.6326436737512358e-11,1.2868179244551218e-10,"GJR-GARCH(1,1,1)-t"
27514,29.937418519061275,34.89376992677675,True,True,8.986232307847858e-14,0.960624035931902,"GJR-GARCH(1,1,1)-t"
27516,31.160563036632112,36.116914444347586,True,True,0.0,0.18367209685461164,"GJR-GARCH(1,1,1)-t"
27524,4.637636198903289,9.593987606618759,True,True,1.179412412535345e-14,0.6787510289679696,"GJR-GARCH(1,1,1)-t"
27526,24.893070734879288,29.849422142594754,True,True,5.442210277606633e-12,1.248272210931425e-10,"GJR-GARCH(1,1,1)-t"
27527,-1.681477508615771,3.274873899099699,True,False,0.7810706127431112,0.32243065785832903,"GJR-GARCH(1,1,1)-t"
27534,-3.069983351831773,1.8863680558836968,True,False,0.0,0.9999999999941289,"GJR-GARCH(1,1,1)-t"
27543,7.413803066855807,12.370154474571276,True,True,6.53949638943945e-16,0.9888199678438777,"GJR-GARCH(1,1,1)-t"
27561,9.823916660392479,14.780268068107949,True,False,0.9999999999999962,0.30351835125740684,"GJR-GARCH(1,1,1)-t"
27569,3.088898186067384,8.045249593782854,True,True,2.1347552314689597e-14,0.6403116731537973,"GJR-GARCH(1,1,1)-t"
27581,25.838208323892218,30.794559731607688,True,True,0.0,0.0144578733304467,"GJR-GARCH(1,1,1)-t"
27585,-11.285948807682843,-6.329597399967373,True,True,1.4090530852265403e-11,0.7630762874815722,"GJR-GARCH(1,1,1)-t"
27593,4.712252462464079,9.668603870179549,True,False,2.5073383896517984e-20,0.9999999999999998,"GJR-GARCH(1,1,1)-t"
27595,25.85535688015107,30.81170828786654,True,True,1.6674976338239465e-17,0.9612817740275036,"GJR-GARCH(1,1,1)-t"
27619,0.43186830571163526,5.388219713427105,True,True,0.6375491554299094,0.3186707678436733,"GJR-GARCH(1,1,1)-t"
27622,-9.663185697720653,-4.706834290005183,True,True,2.959843489713986e-15,0.0,"GJR-GARCH(1,1,1)-t"
27627,2.785042099091049,7.741393506806519,True,True,0.0,1.9582716254116584e-14,"GJR-GARCH(1,1,1)-t"
27664,39.09379512772189,44.050146535437364,True,True,0.0,0.8494292526010836,"GJR-GARCH(1,1,1)-t"
27669,23.761003282804676,28.717354690520146,True,True,0.0,0.0,"GJR-GARCH(1,1,1)-t"
27711,9.503232909913695,14.459584317629165,True,True,0.0,3.4854141280784215e-12,"GJR-GARCH(1,1,1)-t"
27722,-20.195163685069964,-15.238812277354494,True,True,4.151977167430398e-14,0.9778819550106637,"GJR-GARCH(1,1,1)-t"
27752,2.525052113427588,7.481403521143058,True,True,0.0,0.9199561386237005,"GJR-GARCH(1,1,1)-t"
27757,-0.16997908177087417,4.786372325944596,True,True,0.18042495514615609,0.0,"GJR-GARCH(1,1,1)-t"
27771,-11.068738371284976,-6.112386963569506,True,True,0.15849788899015685,7.006141014536968e-15,"GJR-GARCH(1,1,1)-t"
27784,-2.6406688868691113,2.3156825208463587,True,True,0.13125361003533428,1.0429694770569807e-13,"GJR-GARCH(1,1,1)-t"
27788,36.63695039903972,41.59330180675519,True,True,7.911745263794196e-12,0.9682493226012783,"GJR-GARCH(1,1,1)-t"
27795,-8.251491719522711,-3.2951403118072413,True,False,0.0,1.0,"GJR-GARCH(1,1,1)-t"
27799,0.5318582366003319,5.488209644315802,True,True,4.3326629265737775e-15,1.4048994238382618e-13,"GJR-GARCH(1,1,1)-t"
27810,-14.261499187636336,-9.305147779920866,True,True,6.6506050281369254e-15,0.9072039212920157,"GJR-GARCH(1,1,1)-t"
27815,15.139363095402313,20.095714503117783,True,True,1.647731462889848e-09,0.7883051568060248,"GJR-GARCH(1,1,1)-t"
27822,-1.0642479895135857,3.8921034182018843,True,True,0.0,0.0,"GJR-GARCH(1,1,1)-t"
27828,3.819795012094307,8.776146419809777,True,True,0.6433343159551212,0.2511396694051722,"GJR-GARCH(1,1,1)-t"
27833,-11.70364071802592,-6.74728931031045,True,True,7.013977499985647e-16,0.0,"GJR-GARCH(1,1,1)-t"
27837,-10.90885716185915,-5.952505754143679,True,False,2.2367822587446348e-15,0.9999999999999988,"GJR-GARCH(1,1,1)-t"
27846,3.1380588956089976,8.094410303324468,True,False,1.0,0.0,"GJR-GARCH(1,1,1)-t"
27854,-2.5272890804977486,2.4290623272177214,True,True,5.656698359127578e-17,0.40995678641043753,"GJR-GARCH(1,1,1)-t"
27857,7.136904835854281,12.093256243569751,True,True,7.19646908368716e-16,0.6088398098886305,"GJR-GARCH(1,1,1)-t"
27868,-13.114945892381357,-8.158594484665887,True,True,0.35415100858105514,1.3670462054499816e-14,"GJR-GARCH(1,1,1)-t"
27875,1.7486570061787798,6.70500841389425,True,False,1.831907134203037e-12,0.9999999999859818,"GJR-GARCH(1,1,1)-t"
27876,14.616146723691493,19.572498131406963,True,False,0.0,1.0,"GJR-GARCH(1,1,1)-t"
27886,-5.656105489182099,-0.6997540814666294,True,True,1.4805501838890576e-17,0.11106678126562773,"GJR-GARCH(1,1,1)-t"
27890,7.10693058772694,12.06328199544241,True,True,0.0,0.7762867143364207,"GJR-GARCH(1,1,1)-t"
27891,0.2430660389370054,5.199417446652475,True,True,3.0924128961792054e-15,0.7017897951742645,"GJR-GARCH(1,1,1)-t"
27910,-2.8977715683665792,2.0585798393488908,True,True,0.0,0.9586425488015603,"GJR-GARCH(1,1,1)-t"
27919,6.490979191664901,11.447330599380372,True,False,0.31876942654109974,0.8406152867292479,"GJR-GARCH(1,1,1)-t"
27932,14.553445632576555,19.509797040292025,True,True,2.529209613630115e-17,0.8035173464015042,"GJR-GARCH(1,1,1)-t"
27939,-7.510980816985903,-2.554629409270433,True,True,6.379480631220496e-15,0.7336663092909477,"GJR-GARCH(1,1,1)-t"
27940,21.800539906951098,26.756891314666568,True,True,2.2212865373682137e-06,0.9606531355241089,"GJR-GARCH(1,1,1)-t"
27956,-17.031759428778013,-12.075408021062543,True,True,1.9048855488614139e-10,8.943040473399237e-09,"GJR-GARCH(1,1,1)-t"
27957,-10.942441942013453,-5.986090534297983,True,False,0.5828847056461273,0.6270104107896634,"GJR-GARCH(1,1,1)-t"
27962,1.4160266057706075,6.3723780134860775,True,False,6.457716315249986e-16,0.9999999999999974,"GJR-GARCH(1,1,1)-t"
27964,-7.630662192504744,-2.6743107847892738,True,True,7.05826091742583e-15,0.9624507750346318,"GJR-GARCH(1,1,1)-t"
27970,-11.267606386560757,-6.311254978845287,True,True,0.0,3.809649388498502e-17,"GJR-GARCH(1,1,1)-t"
27974,3.016972354242638,7.973323761958108,True,True,1.1767467058872662e-09,6.838157284536874e-08,"GJR-GARCH(1,1,1)-t"
27977,-1.7090361883223473,3.2473152193931227,True,True,2.316238163470305e-18,0.9015010271921086,"GJR-GARCH(1,1,1)-t"
27978,14.191473592709817,19.147825000425286,True,True,0.0,0.2856661707453766,"GJR-GARCH(1,1,1)-t"
27981,12.434402726467965,17.390754134183435,True,True,1.765022036541668e-20,0.48092108122350796,"GJR-GARCH(1,1,1)-t"
27985,10.192332236139382,15.148683643854852,True,False,0.5798409294463915,0.7100795352795859,"GJR-GARCH(1,1,1)-t"
27989,-5.8893569122942075,-0.9330055045787375,True,True,0.11106091734848429,0.0,"GJR-GARCH(1,1,1)-t"
27994,-1.939028184335445,3.017323223380025,True,True,4.016440060726801e-11,0.9716862898035328,"GJR-GARCH(1,1,1)-t"
28002,-7.1831301442626625,-2.2267787365471925,True,True,0.0,5.582683064987966e-14,"GJR-GARCH(1,1,1)-t"
28020,3.26559605790683,8.2219474656223,True,False,1.0,2.7156233814564027e-11,"GJR-GARCH(1,1,1)-t"
28022,-21.729344602168382,-16.772993194452912,True,True,0.5030388814285343,0.07695161124431575,"GJR-GARCH(1,1,1)-t"
28043,5.990934597407595,10.947286005123065,True,True,0.0,0.7890576834228203,"GJR-GARCH(1,1,1)-t"
28066,-8.353594555527945,-3.3972431478124747,True,False,1.0,0.1140062605294348,"GJR-GARCH(1,1,1)-t"
28070,-4.815690918253715,0.14066048946175513,True,True,0.0,0.8078536993097537,"GJR-GARCH(1,1,1)-t"
28078,0.7897674460788018,5.746118853794272,True,True,2.572382806674544e-09,1.8526079000792114e-11,"GJR-GARCH(1,1,1)-t"
28111,8.60933494711269,13.56568635482816,True,True,2.2000409675211437e-13,0.7648503919644439,"GJR-GARCH(1,1,1)-t"
28121,-2.647761344253059,2.308590063462411,True,True,5.275360210361706e-14,0.6672595272069172,"GJR-GARCH(1,1,1)-t"
28122,-11.970722557393774,-7.014371149678304,True,False,1.0,0.19809427084778602,"GJR-GARCH(1,1,1)-t"
28126,-6.575896219277503,-1.619544811562033,True,True,0.0,0.563119888885289,"GJR-GARCH(1,1,1)-t"
28186,9.960818731450285,14.917170139165755,True,True,0.3679888273466022,0.3346214087840398,"GJR-GARCH(1,1,1)-t"
28190,-9.919898909910302,-4.963547502194832,True,True,2.4811142741521072e-08,0.8669614408327835,"GJR-GARCH(1,1,1)-t"
28192,62.099864743052024,67.0562161507675,True,False,0.16103081750794357,0.8673735637752121,"GJR-GARCH(1,1,1)-t"
28200,-15.137263667049059,-10.180912259333589,True,True,5.841642208199593e-17,0.43080225133130134,"GJR-GARCH(1,1,1)-t"
28210,-4.7107209983194025,0.2456304093960675,True,False,0.9999999999999999,0.4999999999999999,"GJR-GARCH(1,1,1)-t"
28217,-5.549576901306363,-0.5932254935908929,True,True,1.3501366480002695e-13,0.8938487504603464,"GJR-GARCH(1,1,1)-t"
28225,2.5381637993785233,7.494515207093993,True,False,0.35190857032862344,0.8240457148355834,"GJR-GARCH(1,1,1)-t"
28244,-14.739997307401776,-9.783645899686306,True,True,2.3845144313461485e-17,2.7722979590518216e-15,"GJR-GARCH(1,1,1)-t"
28256,-23.76908660453143,-18.81273519681596,True,False,1.0,7.436502891025683e-18,"GJR-GARCH(1,1,1)-t"
28262,5.5665646391091546,10.522916046824625,True,False,0.9999999999999996,2.4529710207603247e-16,"GJR-GARCH(1,1,1)-t"
28267,8.608133335153118,13.564484742868588,True,False,1.6677859543402188e-14,0.9999999999998969,"GJR-GARCH(1,1,1)-t"
28292,22.445882479786263,27.40223388750173,True,False,0.9999999999999952,3.3576771570320507e-15,"GJR-GARCH(1,1,1)-t"
28319,32.26252722937311,37.21887863708858,True,True,3.0999102618628834e-16,0.8308375627528115,"GJR-GARCH(1,1,1)-t"
28323,-12.39833455881908,-7.44198315110361,True,True,3.4425712639139254e-12,0.8476780206907529,"GJR-GARCH(1,1,1)-t"
28328,-2.4055584810896526,2.5507929266258174,True,False,3.5689080850275014e-10,1.0,"GJR-GARCH(1,1,1)-t"
28342,-19.295866930121626,-14.339515522406156,True,True,1.0369480031257527e-10,0.9645758069481835,"GJR-GARCH(1,1,1)-t"
28354,-8.15582347270032,-3.1994720649848496,True,False,0.12950680864505063,0.8921436942540127,"GJR-GARCH(1,1,1)-t"
28371,33.07276774266505,38.029119150380524,True,True,2.3739638597015023e-15,3.8116199622796884e-16,"GJR-GARCH(1,1,1)-t"
28379,29.928846972499997,34.88519838021547,True,False,0.0,1.0,"GJR-GARCH(1,1,1)-t"
28380,24.29484365426545,29.25119506198092,True,False,1.0,0.17438913188481334,"GJR-GARCH(1,1,1)-t"
28395,-23.02660553432333,-18.07025412660786,True,True,2.6460738597236326e-15,0.26890978616214384,"GJR-GARCH(1,1,1)-t"
28401,-13.738366485752753,-8.782015078037283,True,True,7.719704172916276e-15,0.6489071116698909,"GJR-GARCH(1,1,1)-t"
28409,40.08649996993843,45.042851377653896,True,True,6.308346682785228e-19,0.929383036155264,"GJR-GARCH(1,1,1)-t"
28422,-12.461917926006056,-7.5055665182905855,True,True,5.179233253459062e-19,0.9385855697983841,"GJR-GARCH(1,1,1)-t"
28426,-0.5302012897476729,4.426150117967797,True,True,2.6271082048844225e-07,0.5008531494861501,"GJR-GARCH(1,1,1)-t"
28429,-3.2733992096944924,1.6829521980209776,True,False,1.2025022868283641e-14,1.0,"GJR-GARCH(1,1,1)-t"
28449,20.98476023543715,25.94111164315262,True,True,0.0,9.818974204239524e-12,"GJR-GARCH(1,1,1)-t"
28474,52.26794937531646,57.224300783031936,True,True,0.5659158351767182,2.5914210984601046e-21,"GJR-GARCH(1,1,1)-t"
28475,-13.002018767032162,-8.045667359316692,True,True,0.28760077773454784,0.22680652680876917,"GJR-GARCH(1,1,1)-t"
28484,-1.702163774243484,3.254187633471986,True,True,0.0,0.0,"GJR-GARCH(1,1,1)-t"
28485,-8.739164397804245,-3.7828129900887753,True,True,1.225469171868245e-15,1.7477460876987584e-14,"GJR-GARCH(1,1,1)-t"
28499,-14.091227187876267,-9.134875780160797,True,True,0.3565968699530787,4.909016461364268e-15,"GJR-GARCH(1,1,1)-t"
28509,-12.797595945438069,-7.8412445377225986,True,True,0.0,0.9403235112459847,"GJR-GARCH(1,1,1)-t"
28512,-24.23988865780929,-19.28353725009382,True,False,0.0,1.0,"GJR-GARCH(1,1,1)-t"
28521,-0.21276602411386314,4.743585383601607,True,True,2.0774503851816788e-15,7.63748128389447e-15,"GJR-GARCH(1,1,1)-t"
28527,-13.220402458489719,-8.264051050774249,True,True,4.410685896078872e-14,0.9354877120919514,"GJR-GARCH(1,1,1)-t"
28534,26.808274495796386,31.764625903511856,True,True,8.002980718700652e-14,0.9797815472103749,"GJR-GARCH(1,1,1)-t"
28539,-1.8015022393975872,3.1548491683178828,True,True,0.0,0.7030922073689131,"GJR-GARCH(1,1,1)-t"
28541,3.7717346295614096,8.72808603727688,True,True,0.038606443379771635,0.9599273852289146,"GJR-GARCH(1,1,1)-t"
28563,2.181254659828973,7.137606067544443,True,True,2.983862142009412e-13,0.960617133096719,"GJR-GARCH(1,1,1)-t"
28572,-7.753091155968011,-2.7967397482525413,True,False,1.2145250518121598e-18,1.0,"GJR-GARCH(1,1,1)-t"
28596,7.618817276411038,12.575168684126508,True,True,1.872829682831454e-18,3.908416072325837e-16,"GJR-GARCH(1,1,1)-t"
28619,40.902595424328965,45.85894683204444,True,False,1.9323171851043615e-15,1.0,"GJR-GARCH(1,1,1)-t"
28625,12.721211965900727,17.6775633736162,True,True,3.505742345021228e-14,0.858727923852463,"GJR-GARCH(1,1,1)-t"
28634,57.85748893177734,62.81384033949281,True,False,7.925123681267736e-17,0.9999999999999976,"GJR-GARCH(1,1,1)-t"
28635,6.136222327918857,11.092573735634327,True,True,0.0,0.2437008896354096,"GJR-GARCH(1,1,1)-t"
28656,26.20469218347986,31.16104359119533,True,True,0.0,0.2622493591624781,"GJR-GARCH(1,1,1)-t"
28670,-18.05905455562153,-13.102703147906059,True,False,1.0,0.0,"GJR-GARCH(1,1,1)-t"
28676,1.7937132504623126,6.750064658177783,True,False,7.047201895183565e-16,0.9999999999996605,"GJR-GARCH(1,1,1)-t"
28697,17.551416866030753,22.507768273746223,True,True,0.03802286264734199,1.0166816157505579e-14,"GJR-GARCH(1,1,1)-t"
28737,-20.712678674600333,-15.756327266884863,True,True,0.0,0.6173225883501772,"GJR-GARCH(1,1,1)-t"
28745,11.961136024685354,16.917487432400826,True,True,4.958409633757056e-14,0.9809538977382753,"GJR-GARCH(1,1,1)-t"
28757,-23.822407171210173,-18.866055763494703,True,False,1.0,0.0,"GJR-GARCH(1,1,1)-t"
28761,18.60863530733836,23.56498671505383,True,False,0.7797352878455789,0.6101323560772953,"GJR-GARCH(1,1,1)-t"
28770,43.49944937345044,48.455800781165905,True,True,0.0,0.0,"GJR-GARCH(1,1,1)-t"
28775,29.86271390121444,34.81906530892991,True,False,0.0,1.0,"GJR-GARCH(1,1,1)-t"
28779,-12.688035406047586,-7.731683998332116,True,True,8.331375763449517e-18,0.8410502381588312,"GJR-GARCH(1,1,1)-t"
28801,36.45480133897987,41.411152746695336,True,True,8.197816768671634e-20,0.5121139669128402,"GJR-GARCH(1,1,1)-t"
28820,11.357901443191253,16.314252850906723,True,True,0.0,0.0,"GJR-GARCH(1,1,1)-t"
28832,13.484978845779587,18.441330253495057,True,False,1.8643379713425722e-16,0.9999999999999996,"GJR-GARCH(1,1,1)-t"
28837,13.775001239613758,18.731352647329228,True,True,1.9198784323441788e-21,0.9703933227828658,"GJR-GARCH(1,1,1)-t"
28838,0.14979622514275093,5.106147632858221,True,False,1.4747183519486035e-17,0.9999999999999035,"GJR-GARCH(1,1,1)-t"
28839,-14.06163734609487,-9.1052859383794,True,False,0.8949802111115431,0.5320552684484637,"GJR-GARCH(1,1,1)-t"
28841,-5.1113997449931325,-0.15504833727766254,True,True,1.6916197168750684e-11,0.9622110721483327,"GJR-GARCH(1,1,1)-t"
28868,-1.3681705484103794,3.5881808593050906,True,True,8.222315008807514e-12,0.031420669026919576,"GJR-GARCH(1,1,1)-t"
28877,1.8795959804006763,6.835947388116146,True,True,0.13370207129970277,3.914011385458499e-17,"GJR-GARCH(1,1,1)-t"
28880,10.173827270881393,15.130178678596863,True,False,0.8396616699383588,0.5801691650308206,"GJR-GARCH(1,1,1)-t"
28881,-30.58833806567629,-25.63198665796082,True,True,0.8603083424609513,0.0,"GJR-GARCH(1,1,1)-t"
28896,-17.1866876117811,-12.23033620406563,True,True,1.1706816231215306e-13,0.9724238540827619,"GJR-GARCH(1,1,1)-t"
28898,-8.160014680009901,-3.203663272294431,True,True,3.662746040602664e-19,0.2582261768796501,"GJR-GARCH(1,1,1)-t"
28930,34.09976917661367,39.056120584329136,True,True,4.112905574120355e-18,0.4614299747749933,"GJR-GARCH(1,1,1)-t"
28932,43.840993649232956,48.79734505694843,True,False,2.7740974121436773e-14,0.999999999999953,"GJR-GARCH(1,1,1)-t"
28958,-12.220915587404502,-7.264564179689032,True,False,0.9999999999999999,0.5,"GJR-GARCH(1,1,1)-t"
28959,-17.577817260106148,-12.621465852390678,True,True,2.9152208787764644e-15,4.0666614085251926e-19,"GJR-GARCH(1,1,1)-t"
28963,3.0889912229492626,8.045342630664733,True,True,1.4524807326793374e-13,0.9624894798133802,"GJR-GARCH(1,1,1)-t"
28969,-13.899114861126439,-8.942763453410969,True,False,6.274107998693507e-12,0.9999999994471017,"GJR-GARCH(1,1,1)-t"
28983,8.15472806770355,13.11107947541902,True,True,5.272254886901599e-16,0.9139994470239742,"GJR-GARCH(1,1,1)-t"
28992,-8.681375196356214,-3.725023788640744,True,True,5.038824301883414e-06,0.9753348445624679,"GJR-GARCH(1,1,1)-t"
28993,-3.9643066333592607,0.9920447743562093,True,False,0.6974678362666868,0.5792323828697304,"GJR-GARCH(1,1,1)-t"
29003,-2.5229352292633855,2.4334161784520845,True,True,2.67971380878357e-13,0.9801166324902388,"GJR-GARCH(1,1,1)-t"
29005,-15.095023338377576,-10.138671930662106,True,True,0.0,0.0,"GJR-GARCH(1,1,1)-t"
29012,-6.250616322229007,-1.294264914513537,True,False,0.0,0.9999999947828732,"GJR-GARCH(1,1,1)-t"
29026,-4.307721486662707,0.6486299210527626,True,True,0.6842586667150997,3.003070112839663e-14,"GJR-GARCH(1,1,1)-t"
29037,-0.5489084106148283,4.407442997100642,True,True,0.15525932491980227,0.0,"GJR-GARCH(1,1,1)-t"
29046,0.06257041507543448,5.0189218227909045,True,False,0.0,0.9999999999969801,"GJR-GARCH(1,1,1)-t"
29048,-6.300770982431299,-1.344419574715829,True,True,0.16978954730702198,6.37067735292717e-14,"GJR-GARCH(1,1,1)-t"
29054,3.9015927000236985,8.857944107739169,True,False,0.37647602873911473,0.8117619856322815,"GJR-GARCH(1,1,1)-t"
29064,-0.45727078250964937,4.499080625205821,True,False,0.6340739924094901,0.6829630037952575,"GJR-GARCH(1,1,1)-t"
29089,-17.92534762548372,-12.96899621776825,True,True,0.0,0.9565383244863941,"GJR-GARCH(1,1,1)-t"
29106,31.986178799872448,36.94253020758792,True,True,0.5689420274706671,1.0256124170878873e-15,"GJR-GARCH(1,1,1)-t"
29120,-5.411345464438828,-0.4549940567233577,True,True,1.2410186116314203e-14,0.12817551916387324,"GJR-GARCH(1,1,1)-t"
29138,14.383005575297135,19.339356983012607,True,True,1.205618237816244e-15,0.9736264749178558,"GJR-GARCH(1,1,1)-t"
29139,6.887354810107951,11.84370621782342,True,True,0.0,0.9659866162535853,"GJR-GARCH(1,1,1)-t"
29145,27.306646115232482,32.262997522947956,True,True,1.2654249791974652e-13,0.9562114583843054,"GJR-GARCH(1,1,1)-t"
29149,-8.168824750032986,-3.212473342317516,True,True,2.240193312164741e-15,0.8343009883659905,"GJR-GARCH(1,1,1)-t"
29150,11.71632752212414,16.67267892983961,True,True,0.9280687818480976,7.271479259754675e-16,"GJR-GARCH(1,1,1)-t"
29171,-4.66518395603735,0.2911674516781204,True,True,5.194151663715314e-15,1.564756104797462e-19,"GJR-GARCH(1,1,1)-t"
29219,3.4517861823906077,8.408137590106078,True,True,2.3123085996225916e-13,0.9421513209826395,"GJR-GARCH(1,1,1)-t"
29226,1.1766648512709992,6.133016258986469,True,True,1.0105758987148309e-15,0.7767190485245683,"GJR-GARCH(1,1,1)-t"
29228,-23.600479399563277,-18.644127991847807,True,True,0.0,0.9042003586232173,"GJR-GARCH(1,1,1)-t"
29239,14.12358655388061,19.07993796159608,True,True,3.740772791605672e-14,0.038805366963099386,"GJR-GARCH(1,1,1)-t"
29240,42.13680200271198,47.09315341042745,True,True,0.4991345054109583,3.589344197949472e-13,"GJR-GARCH(1,1,1)-t"
29246,-25.833833280983157,-20.877481873267687,True,True,2.2879746887511146e-19,1.1309332296191573e-15,"GJR-GARCH(1,1,1)-t"
29252,-0.4194430685394295,4.5369083391760405,True,False,0.9999999999998521,1.3445809229862877e-13,"GJR-GARCH(1,1,1)-t"
29267,10.037141960099817,14.993493367815287,True,True,8.93284959251107e-18,0.888059880031379,"GJR-GARCH(1,1,1)-t"
29271,34.57752560291125,39.533877010626725,True,False,0.0,1.0,"GJR-GARCH(1,1,1)-t"
29280,-8.110981769764855,-3.154630362049385,True,True,1.0647533324339306e-18,0.9631822776331598,"GJR-GARCH(1,1,1)-t"
29296,-11.921186756910146,-6.964835349194676,True,True,4.4872808643732654e-17,0.8402397732213988,"GJR-GARCH(1,1,1)-t"
29302,11.587685057359348,16.544036465074818,True,True,0.0,0.5622868078734754,"GJR-GARCH(1,1,1)-t"
29316,7.129957535568617,12.086308943284088,True,True,0.6971912856470078,3.1146428531106535e-14,"GJR-GARCH(1,1,1)-t"
29330,-14.507491991714122,-9.551140583998652,True,True,0.0,0.8480988293598132,"GJR-GARCH(1,1,1)-t"
29336,-5.558389931163713,-0.6020385234482433,True,False,1.608168296384541e-16,0.9999999999999996,"GJR-GARCH(1,1,1)-t"
29337,29.86445476494863,34.8208061726641,True,False,0.6527569965452723,0.6736215017273505,"GJR-GARCH(1,1,1)-t"
29362,-2.8658531524041706,2.0904982553112994,True,True,0.2807382699210503,0.0,"GJR-GARCH(1,1,1)-t"
29374,23.817786318915765,28.774137726631235,True,True,0.0,0.7654912840177345,"GJR-GARCH(1,1,1)-t"
29375,-16.60375922697447,-11.647407819259001,True,False,8.630321246589047e-17,0.9999999999999981,"GJR-GARCH(1,1,1)-t"
29380,12.552488774979347,17.50884018269482,True,True,0.7509669569022192,0.0,"GJR-GARCH(1,1,1)-t"
29429,-7.7088201298935815,-2.7524687221781114,True,False,0.9999999999999748,2.855366677965593e-15,"GJR-GARCH(1,1,1)-t"
29431,37.03284369232852,41.989195100043986,True,True,0.3871751075896947,0.031088125015022332,"GJR-GARCH(1,1,1)-t"
29441,-2.141832527150193,2.814518880565277,True,True,0.0,4.352432318377734e-16,"GJR-GARCH(1,1,1)-t"
29445,-2.266463911484312,2.689887496231158,True,True,3.5088889326369797e-13,0.9621499286663925,"GJR-GARCH(1,1,1)-t"
29448,-16.623492501477934,-11.667141093762464,True,False,0.5123086526435259,0.7438456735000676,"GJR-GARCH(1,1,1)-t"
29480,-22.04865848865642,-17.09230708094095,True,True,7.272247610922666e-19,0.8684619311055098,"GJR-GARCH(1,1,1)-t"
29494,3.8670658633362027,8.823417271051673,True,True,0.0,0.9071675141404812,"GJR-GARCH(1,1,1)-t"
29504,7.184152600821353,12.140504008536823,True,True,3.648913000151415e-08,9.79891048151089e-08,"GJR-GARCH(1,1,1)-t"
29507,8.449487646531903,13.405839054247373,True,True,1.8354878847486262e-14,0.6301518033053536,"GJR-GARCH(1,1,1)-t"
29515,17.4616209882927,22.41797239600817,True,True,0.0,0.39807712270840223,"GJR-GARCH(1,1,1)-t"
29517,5.794122325675213,10.750473733390683,True,False,0.9999999999999978,0.24687252600639992,"GJR-GARCH(1,1,1)-t"
29548,-7.599838722212379,-2.643487314496909,True,True,1.2703823437036044e-15,0.8783131166383455,"GJR-GARCH(1,1,1)-t"
29554,2.015206319344225,6.971557727059695,True,True,0.0,0.7368727875951325,"GJR-GARCH(1,1,1)-t"
29568,-15.090224343338939,-10.133872935623469,True,True,1.455566950906443e-13,0.3070417143482673,"GJR-GARCH(1,1,1)-t"
29570,17.320071052037132,22.276422459752602,True,True,3.195604464043518e-13,4.1285536508200315e-12,"GJR-GARCH(1,1,1)-t"
29577,-2.1077698263523708,2.8485815813630992,True,True,1.8348035165145372e-17,0.967852913497888,"GJR-GARCH(1,1,1)-t"
29583,-16.91315169950117,-11.9568002917857,True,True,1.03075277318156e-09,0.5946830316212269,"GJR-GARCH(1,1,1)-t"
29590,-8.016780275487726,-3.0604288677722558,True,True,4.476452363382288e-16,0.9094019824151283,"GJR-GARCH(1,1,1)-t"
29592,-1.3271558478390482,3.629195559876422,True,False,0.15121088699102983,0.9042433286276944,"GJR-GARCH(1,1,1)-t"
29608,4.830902634798706,9.787254042514176,True,True,3.5707188590901937e-16,0.9755473995942119,"GJR-GARCH(1,1,1)-t"
29614,5.517986622723827,10.474338030439297,True,True,0.901037887143887,7.815637918453381e-10,"GJR-GARCH(1,1,1)-t"
29616,-11.499843222910435,-6.543491815194965,True,True,0.0067622000726360034,1.0489233979993918e-20,"GJR-GARCH(1,1,1)-t"
29634,-13.168377417873767,-8.212026010158297,True,True,0.05835567184615705,0.9075439635362056,"GJR-GARCH(1,1,1)-t"
29644,17.747182023456773,22.703533431172243,True,True,0.0,0.2123409384887807,"GJR-GARCH(1,1,1)-t"
29649,-19.39458931112842,-14.43823790341295,True,True,0.0,0.10216289124686097,"GJR-GARCH(1,1,1)-t"
29656,-29.83467679149922,-24.87832538378375,True,False,0.99999998089862,6.98986561867913e-10,"GJR-GARCH(1,1,1)-t"
29664,-8.19138402237817,-3.2350326146626998,True,False,8.543454886672983e-14,0.9999999999996038,"GJR-GARCH(1,1,1)-t"
29672,37.15931389432104,42.115665302036504,True,True,0.4613678419813615,1.7290458218374285e-11,"GJR-GARCH(1,1,1)-t"
29676,15.173411366253564,20.129762773969034,True,True,0.0,0.5400621793517831,"GJR-GARCH(1,1,1)-t"
29679,14.362198872406644,19.318550280122114,True,True,8.930039798333232e-14,0.8225070213238231,"GJR-GARCH(1,1,1)-t"
29692,9.336277131470675,14.292628539186145,True,True,0.0954994982480426,0.0,"GJR-GARCH(1,1,1)-t"
29716,5.961577372458555,10.917928780174025,True,True,0.17903654593425766,0.24534073010627594,"GJR-GARCH(1,1,1)-t"
29740,1.816115563330607,6.772466971046077,True,True,0.0,0.396949404258702,"GJR-GARCH(1,1,1)-t"
29746,-19.638149168865866,-14.681797761150396,True,True,0.0,0.2919088747817161,"GJR-GARCH(1,1,1)-t"
29761,2.394150037966458,7.350501445681928,True,True,0.0,0.04787929447903782,"GJR-GARCH(1,1,1)-t"
29775,18.1456465606811,23.101997968396567,True,True,5.5751169958345e-09,0.909094375869197,"GJR-GARCH(1,1,1)-t"
29786,26.183185824367268,31.139537232082738,True,True,0.0,0.2786890947143278,"GJR-GARCH(1,1,1)-t"
29791,8.322620889962472,13.278972297677942,True,False,1.0,0.0,"GJR-GARCH(1,1,1)-t"
29793,4.183757250898918,9.140108658614388,True,True,5.572632091701196e-19,0.2921619123055725,"GJR-GARCH(1,1,1)-t"
29802,21.56080666025002,26.51715806796549,True,False,3.0702216368794016e-12,0.9999999987116142,"GJR-GARCH(1,1,1)-t"
29819,6.5594506247072495,11.51580203242272,True,False,1.0,0.18700600762087505,"GJR-GARCH(1,1,1)-t"
29823,-9.65291393032707,-4.6965625226116,True,True,1.9950298303797538e-17,0.16692421396750842,"GJR-GARCH(1,1,1)-t"
29824,-10.400390790903266,-5.444039383187796,True,False,0.9999999999999974,0.350127888847275,"GJR-GARCH(1,1,1)-t"
29828,-2.6399638400548895,2.3163875676605805,True,True,2.241819420013374e-15,4.835336204541866e-16,"GJR-GARCH(1,1,1)-t"
29842,-2.3764021577211594,2.5799492499943106,True,True,1.4609299286380224e-13,0.469734785231428,"GJR-GARCH(1,1,1)-t"
29850,24.710130171741852,29.666481579457322,True,False,0.99998866599357,0.24256551668367274,"GJR-GARCH(1,1,1)-t"
29853,6.741389791673878,11.697741199389348,True,False,1.2785698907952019e-13,0.9999999999990228,"GJR-GARCH(1,1,1)-t"
29871,2.4175059718232266,7.373857379538697,True,True,4.032727704969841e-14,0.5000226020996329,"GJR-GARCH(1,1,1)-t"
29872,11.438831673400522,16.39518308111599,True,False,2.1097983225529688e-14,0.9999999999999717,"GJR-GARCH(1,1,1)-t"
29875,23.357846742188418,28.314198149903888,True,False,2.3108147945945583e-15,1.0,"GJR-GARCH(1,1,1)-t"
29880,19.26422239440024,24.22057380211571,True,True,0.0,0.956590767227139,"GJR-GARCH(1,1,1)-t"
29885,-4.389827000539839,0.5665244071756312,True,True,0.0,0.5572169011400665,"GJR-GARCH(1,1,1)-t"
29889,20.653322269887912,25.609673677603382,True,True,5.168390189494984e-13,1.782932383078893e-12,"GJR-GARCH(1,1,1)-t"
29906,25.301290869921345,30.25764227763682,True,True,0.18193807036440468,0.4262598356559306,"GJR-GARCH(1,1,1)-t"
29930,5.174483907298335,10.130835315013805,True,True,7.669459785767714e-11,0.9719411553687203,"GJR-GARCH(1,1,1)-t"
29932,19.755226739881103,24.711578147596576,True,True,0.245803934101206,0.5064989957993128,"GJR-GARCH(1,1,1)-t"
29941,-25.362846405749863,-20.406494998034393,True,True,0.0,0.9224914369781733,"GJR-GARCH(1,1,1)-t"
29943,3.4313055839801176,8.387656991695588,True,True,0.0,0.6987554565624929,"GJR-GARCH(1,1,1)-t"
29944,21.82506304342072,26.78141445113619,True,True,0.5422748741866508,0.020237834076507585,"GJR-GARCH(1,1,1)-t"
29947,12.273205576238208,17.229556983953678,True,True,0.0,0.9637729340819784,"GJR-GARCH(1,1,1)-t"
29965,6.6889239242471525,11.645275331962623,True,False,0.09574858885677924,0.936018051807682,"GJR-GARCH(1,1,1)-t"
29972,6.342779111795114,11.299130519510584,True,False,0.9999999999999942,0.2398661594639638,"GJR-GARCH(1,1,1)-t"
29974,-1.7222726345483999,3.23407877316707,True,False,0.19618484940846895,0.8528740569540482,"GJR-GARCH(1,1,1)-t"
29990,-0.08625764912134315,4.870093758594127,True,False,0.9999999999999998,6.416460915726357e-17,"GJR-GARCH(1,1,1)-t"
29997,-7.760970777894578,-2.8046193701791076,True,True,0.0,0.8438620568487477,"GJR-GARCH(1,1,1)-t"
30013,-4.467070909609227,0.4892804981062433,True,True,0.0,0.7169806425357588,"GJR-GARCH(1,1,1)-t"
30023,-3.366359854022452,1.589991553693018,True,True,8.522748583358978e-16,0.678092694013228,"GJR-GARCH(1,1,1)-t"
30040,-18.782213669768524,-13.825862262053054,True,False,0.9999999999998235,0.20631494920798885,"GJR-GARCH(1,1,1)-t"
30050,6.1812400073389915,11.137591415054462,True,True,0.0,3.4459569118178284e-15,"GJR-GARCH(1,1,1)-t"
30063,-3.9371794033405436,1.0191720043749264,True,True,0.8417979566713358,0.13526111489856807,"GJR-GARCH(1,1,1)-t"
30078,-5.1103767165932545,-0.15402530887778454,True,True,0.36584858741635845,2.9248573846592354e-10,"GJR-GARCH(1,1,1)-t"
30103,27.69694610292158,32.65329751063705,True,True,9.477675067946352e-14,0.968649113511103,"GJR-GARCH(1,1,1)-t"
30106,46.437230574958804,51.39358198267428,True,False,1.5501335097733017e-15,1.0,"GJR-GARCH(1,1,1)-t"
30125,-3.9152830905985283,1.0410683171169417,True,True,0.012370966861226053,0.9570361342254325,"GJR-GARCH(1,1,1)-t"
30128,88.38977289175115,93.34612429946662,True,True,0.0,0.6061169156178798,"GJR-GARCH(1,1,1)-t"
30134,-11.783844830367812,-6.827493422652342,True,True,0.0,0.9726841398859681,"GJR-GARCH(1,1,1)-t"
30169,-12.66034737902751,-7.70399597131204,True,True,0.0,0.0,"GJR-GARCH(1,1,1)-t"
30177,1.729157364687321,6.685508772402791,True,False,0.9999999999999997,0.20589408625211936,"GJR-GARCH(1,1,1)-t"
30183,26.898888555659735,31.855239963375205,True,True,8.23672900511499e-18,0.7970352734667778,"GJR-GARCH(1,1,1)-t"
30208,32.358684366548914,37.31503577426438,True,True,4.6527623804407636e-23,0.8348967187925631,"GJR-GARCH(1,1,1)-t"
30210,-7.316399136137342,-2.360047728421872,True,True,4.3225573346375864e-16,0.8857651727817101,"GJR-GARCH(1,1,1)-t"
30212,6.070875549794621,11.027226957510091,True,True,0.0,0.0,"GJR-GARCH(1,1,1)-t"
30215,7.179324343881227,12.135675751596697,True,True,6.69950281191185e-16,0.822329047712568,"GJR-GARCH(1,1,1)-t"
30224,-4.480673181855746,0.4756782258597241,True,True,0.0,0.949888050263832,"GJR-GARCH(1,1,1)-t"
30225,-3.471207621501968,1.4851437862135022,True,True,0.0,0.5929830787703549,"GJR-GARCH(1,1,1)-t"
30232,20.25859672117418,25.214948128889652,True,True,3.434396826529617e-14,0.9679883390790219,"GJR-GARCH(1,1,1)-t"
30244,8.57800551380355,13.53435692151902,True,True,5.663337742275917e-16,0.9747773469586178,"GJR-GARCH(1,1,1)-t"
30250,27.11431670902863,32.070668116744095,True,True,3.8138662884600135e-16,0.9839329401751827,"GJR-GARCH(1,1,1)-t"
30256,-7.5225274668412965,-2.5661760591258265,True,True,1.0329443920125085e-12,0.740295678303648,"GJR-GARCH(1,1,1)-t"
30272,22.311700979697484,27.268052387412958,True,False,0.5167944777163742,0.5499320928679239,"GJR-GARCH(1,1,1)-t"
30276,1.0173866146986903,5.97373802241416,True,True,2.1392067109498272e-19,3.871892739448154e-19,"GJR-GARCH(1,1,1)-t"
30279,-11.27411469455578,-6.317763286840311,True,True,7.635442928550941e-16,9.473052497272498e-15,"GJR-GARCH(1,1,1)-t"
30303,14.094079456983824,19.050430864699294,True,False,0.7013243137612504,0.6493378431193747,"GJR-GARCH(1,1,1)-t"
30304,7.039039783232029,11.9953911909475,True,False,0.0812497070168788,0.9593751464915724,"GJR-GARCH(1,1,1)-t"
30312,-2.2207027512917463,2.7356486564237237,True,True,0.0,0.8053810013600713,"GJR-GARCH(1,1,1)-t"
30313,10.617724936466054,15.574076344181524,True,True,0.0,0.7879031830196309,"GJR-GARCH(1,1,1)-t"
30325,7.753639510554139,12.70999091826961,True,True,0.0,0.9548529916148868,"GJR-GARCH(1,1,1)-t"
30327,15.18170060575002,20.13805201346549,True,False,1.1105950922066093e-13,0.999999999996663,"GJR-GARCH(1,1,1)-t"
30328,-13.76910704018448,-8.81275563246901,True,True,0.11908729127815128,0.0,"GJR-GARCH(1,1,1)-t"
30334,-0.055897322318216425,4.900454085397254,True,True,4.1787969530330594e-17,0.9849159724034765,"GJR-GARCH(1,1,1)-t"
30339,6.627337210496682,11.583688618212152,True,True,1.260242062971428e-18,0.8691273051278329,"GJR-GARCH(1,1,1)-t"
30341,-0.5752230192387415,4.3811283884767285,True,True,0.0,0.847439146033775,"GJR-GARCH(1,1,1)-t"
30350,-12.375654492276876,-7.419303084561406,True,True,0.0,0.0,"GJR-GARCH(1,1,1)-t"
30357,18.450178310977506,23.40652971869298,True,True,1.3212177287949487e-13,0.8270729537483578,"GJR-GARCH(1,1,1)-t"
30366,27.44878822606905,32.40513963378452,True,True,0.0,8.352937226366228e-25,"GJR-GARCH(1,1,1)-t"
30370,0.9059105850178462,5.862261992733316,True,True,0.9494074022006461,0.015343557457522567,"GJR-GARCH(1,1,1)-t"
30376,-4.828922992153796,0.12742841556167406,True,True,0.0,0.32802094593140296,"GJR-GARCH(1,1,1)-t"
30379,-1.9557993192988743,3.0005520884165957,True,True,0.0,0.9393124416836912,"GJR-GARCH(1,1,1)-t"
30383,-18.065183240491507,-13.108831832776037,True,False,1.0,9.972573386345396e-16,"GJR-GARCH(1,1,1)-t"
30384,-3.1583538571388914,1.7979975505765786,True,True,0.0,0.9594518529792588,"GJR-GARCH(1,1,1)-t"
30405,-12.055880785032038,-7.099529377316568,True,True,0.0,0.9035060018074182,"GJR-GARCH(1,1,1)-t"
30412,19.48003357593887,24.436384983654342,True,True,3.0432740812266874e-12,1.3167210868296389e-11,"GJR-GARCH(1,1,1)-t"
30416,26.718826485902138,31.675177893617608,True,True,8.024160512193462e-20,0.5167713477459605,"GJR-GARCH(1,1,1)-t"
30430,27.054594893889277,32.01094630160475,True,True,0.10813729999717514,0.7370213025655602,"GJR-GARCH(1,1,1)-t"
30443,-7.3444943749037,-2.38814296718823,True,True,0.0,0.15550403867958046,"GJR-GARCH(1,1,1)-t"
30454,-0.8528107635291899,4.10354064418628,True,True,0.4681395987163553,4.902566591121161e-11,"GJR-GARCH(1,1,1)-t"
30456,-16.51088194382958,-11.554530536114111,True,False,0.0,1.0,"GJR-GARCH(1,1,1)-t"
30471,8.540527565478126,13.496878973193596,True,True,4.381136756204555e-15,0.0,"GJR-GARCH(1,1,1)-t"
30474,-5.085464758903814,-0.12911335118834444,True,True,1.1610854578942304e-10,0.8627707038358555,"GJR-GARCH(1,1,1)-t"
30492,-8.896465332483185,-3.940113924767715,True,True,0.0,0.10617895896042963,"GJR-GARCH(1,1,1)-t"
30494,-0.7523498116355789,4.204001596079891,True,True,3.860208323992062e-12,0.7323145753303837,"GJR-GARCH(1,1,1)-t"
30498,52.63626625455141,57.592617662266875,True,True,9.045407767448737e-18,0.533206090836839,"GJR-GARCH(1,1,1)-t"
30512,7.605762134014736,12.562113541730206,True,False,0.42498720936956025,0.7875063953006547,"GJR-GARCH(1,1,1)-t"
30521,-20.63040615656716,-15.674054748851692,True,True,2.9030926257321137e-15,0.3591651994428552,"GJR-GARCH(1,1,1)-t"
30527,-18.086209083762725,-13.129857676047255,True,True,0.0,0.9340573633859235,"GJR-GARCH(1,1,1)-t"
30547,8.955521532120509,13.911872939835979,True,True,1.1116544543740715e-16,0.3400052177081456,"GJR-GARCH(1,1,1)-t"
30569,20.6660933667264,25.62244477444187,True,True,4.1198060443622693e-16,5.498444156731782e-16,"GJR-GARCH(1,1,1)-t"
30585,22.510281473354144,27.466632881069614,True,True,0.0,0.36230283731611174,"GJR-GARCH(1,1,1)-t"
30597,-0.4847858390454238,4.471565568670046,True,True,0.23915574957519478,7.75585287131767e-15,"GJR-GARCH(1,1,1)-t"
30598,9.837756186431857,14.794107594147327,True,False,1.1716577184539183e-14,0.9999999999999386,"GJR-GARCH(1,1,1)-t"
30604,6.350630655706527,11.306982063421998,True,True,5.871279128581692e-20,0.6083572556202724,"GJR-GARCH(1,1,1)-t"
30609,10.460509213166695,15.416860620882165,True,False,1.0,1.3991714678867359e-15,"GJR-GARCH(1,1,1)-t"
30620,19.485446531004243,24.441797938719713,True,False,0.20883588363271408,0.8955820581836429,"GJR-GARCH(1,1,1)-t"
30624,29.536326317552323,34.4926777252678,True,True,0.8761638704499598,1.2568463610014223e-18,"GJR-GARCH(1,1,1)-t"
30638,1.7801636566227224,6.736515064338192,True,True,3.9164458636559094e-11,0.7518670121931756,"GJR-GARCH(1,1,1)-t"
30641,20.754406899786055,25.710758307501525,True,True,2.560367019328871e-15,0.9328713510602362,"GJR-GARCH(1,1,1)-t"
30657,23.683902832997646,28.640254240713116,True,True,1.3379337530452468e-14,0.00023179167968255483,"GJR-GARCH(1,1,1)-t"
30658,34.9955615428784,39.951912950593865,True,True,2.3204952227591505e-15,0.9297060512479546,"GJR-GARCH(1,1,1)-t"
30692,-14.782875135923707,-9.826523728208237,True,True,0.44644378273406155,1.6465082477975118e-13,"GJR-GARCH(1,1,1)-t"
30700,41.495046799977146,46.45139820769262,True,False,5.235484382155109e-16,0.9999999999999996,"GJR-GARCH(1,1,1)-t"
30720,34.72351269854378,39.679864106259245,True,True,0.0,0.41125881859761226,"GJR-GARCH(1,1,1)-t"
30729,-1.9134338894471998,3.04291751826827,True,False,1.3056912506134618e-14,0.9999999999999436,"GJR-GARCH(1,1,1)-t"
30730,14.425338053193942,19.38168946090941,True,True,1.3231576222092316e-13,0.997516232772948,"GJR-GARCH(1,1,1)-t"
30733,19.1512461205546,24.10759752827007,True,True,0.0,0.35370937973458416,"GJR-GARCH(1,1,1)-t"
30748,-26.83651592341738,-21.88016451570191,True,True,2.668334847606088e-16,0.0,"GJR-GARCH(1,1,1)-t"
30750,7.782208947864559,12.738560355580029,True,True,1.0293252808860608e-17,0.7695650667468139,"GJR-GARCH(1,1,1)-t"
30774,-16.40964226569903,-11.45329085798356,True,True,0.16953273689601603,8.250798208800314e-12,"GJR-GARCH(1,1,1)-t"
30789,21.910419788289186,26.866771196004656,True,True,0.4571476235702536,0.48342921685400037,"GJR-GARCH(1,1,1)-t"
30790,29.01949292771507,33.97584433543054,True,False,1.0,0.24978011360203894,"GJR-GARCH(1,1,1)-t"
30791,-2.453143380148898,2.503208027566572,True,False,0.2044793097832255,0.8962768400882243,"GJR-GARCH(1,1,1)-t"
30793,12.979726425576615,17.936077833292085,True,True,6.362325631510751e-16,0.44893337653564186,"GJR-GARCH(1,1,1)-t"
30794,-3.5762043402680668,1.3801470674474032,True,True,0.5712491707957419,0.0,"GJR-GARCH(1,1,1)-t"
30798,0.18191853498968058,5.138269942705151,True,False,0.0,1.0,"GJR-GARCH(1,1,1)-t"
30803,5.629143350427771,10.585494758143241,True,False,2.564059353196799e-14,0.9999999999986534,"GJR-GARCH(1,1,1)-t"
30805,-2.541282139041826,2.415069268673644,True,True,2.288993772065848e-15,0.5458338623406968,"GJR-GARCH(1,1,1)-t"
30816,20.303754588903022,25.260105996618492,True,True,3.741301856547847e-15,0.6542976957309202,"GJR-GARCH(1,1,1)-t"
30824,17.296550361908412,22.252901769623882,True,False,0.9999999999999994,0.4397686021920052,"GJR-GARCH(1,1,1)-t"
30852,9.925178477994443,14.881529885709913,True,True,1.1859825662863675e-20,0.11095698477720871,"GJR-GARCH(1,1,1)-t"
30866,-16.96843151466033,-12.012080106944861,True,False,0.0,0.9999999999999774,"GJR-GARCH(1,1,1)-t"
30896,-4.506935695518706,0.4494157121967639,True,False,0.9999999999999123,6.794997242124551e-14,"GJR-GARCH(1,1,1)-t"
30908,10.851458258032618,15.807809665748088,True,True,1.1580690605532576e-14,0.0,"GJR-GARCH(1,1,1)-t"
30940,10.339511147869732,15.295862555585202,True,True,2.063818134423483e-09,0.7843895945747954,"GJR-GARCH(1,1,1)-t"
30965,-15.697209351526752,-10.740857943811282,True,True,0.0,0.8129936600493115,"GJR-GARCH(1,1,1)-t"
30974,25.327450578134123,30.283801985849593,True,False,2.184277266120959e-12,0.9999999997728584,"GJR-GARCH(1,1,1)-t"
30986,25.399133719998556,30.355485127714026,True,True,1.1019424705031247e-14,0.5445557420677944,"GJR-GARCH(1,1,1)-t"
30987,7.512289222483106,12.468640630198575,True,True,0.681357046654272,0.0,"GJR-GARCH(1,1,1)-t"
30999,12.166501554911662,17.12285296262713,True,True,6.5875170999883634e-15,0.9788599428048745,"GJR-GARCH(1,1,1)-t"
31004,10.296520115103704,15.252871522819174,True,True,0.0,0.77649415728498,"GJR-GARCH(1,1,1)-t"
31018,8.711435261047502,13.667786668762972,True,False,0.23956380493992302,0.8802180975300381,"GJR-GARCH(1,1,1)-t"
31024,-10.222458644673992,-5.266107236958522,True,True,2.493451645051833e-17,0.26506539985098526,"GJR-GARCH(1,1,1)-t"
31034,-5.364480741162275,-0.408129333446805,True,True,5.0958624900672194e-14,7.266998295414293e-13,"GJR-GARCH(1,1,1)-t"
31046,48.18626630178351,53.14261770949898,True,True,8.01300451576606e-20,0.24397064315164574,"GJR-GARCH(1,1,1)-t"
31047,-1.1873687325019162,3.768982675213554,True,True,4.2438951444988826e-16,0.19486859174488216,"GJR-GARCH(1,1,1)-t"
31054,-1.183328624597829,3.773022783117641,True,True,1.588392276260969e-13,0.8339972626610087,"GJR-GARCH(1,1,1)-t"
31055,14.67920589267337,19.63555730038884,True,True,0.0,1.8661132076368607e-15,"GJR-GARCH(1,1,1)-t"
31059,7.066849478209314,12.023200885924783,True,True,1.1599495644445912e-15,0.0,"GJR-GARCH(1,1,1)-t"
31060,6.1381545536271025,11.094505961342573,True,True,0.358385446052645,0.36121660781831705,"GJR-GARCH(1,1,1)-t"
31068,4.7272392211064815,9.683590628821952,True,False,0.7099976037396147,0.5101983820118133,"GJR-GARCH(1,1,1)-t"
31071,-6.357575579134796,-1.4012241714193259,True,False,1.0,0.0,"GJR-GARCH(1,1,1)-t"
31077,-36.22185279778678,-31.26550139007131,True,False,0.0,0.9999999999978476,"GJR-GARCH(1,1,1)-t"
31083,17.463942498796648,22.420293906512118,True,False,0.3106048102735846,0.6972586048115412,"GJR-GARCH(1,1,1)-t"
31097,56.16123438785278,61.117585795568246,True,True,0.0,1.3099268195871187e-14,"GJR-GARCH(1,1,1)-t"
31113,-2.3851889112862317,2.5711624964292383,True,False,0.9999999999976443,1.4842761844224416e-12,"GJR-GARCH(1,1,1)-t"
31119,18.038881502571126,22.995232910286596,True,True,3.2983305576867436e-14,0.8460105196410627,"GJR-GARCH(1,1,1)-t"
31133,-4.377747654613479,0.5786037531019907,True,True,2.7589761229803485e-18,0.7422493193385422,"GJR-GARCH(1,1,1)-t"
31138,-9.915283917010129,-4.958932509294659,True,True,1.3477365429269482e-14,0.9458108502050446,"GJR-GARCH(1,1,1)-t"
31144,-9.764367741109822,-4.808016333394352,True,True,1.8789106594460743e-10,1.6935342192246225e-10,"GJR-GARCH(1,1,1)-t"
31155,2.514710881965044,7.471062289680514,True,False,0.0,1.0,"GJR-GARCH(1,1,1)-t"
31156,-8.891097304449985,-3.9347458967345155,True,False,8.269989828545447e-12,0.9999999993388183,"GJR-GARCH(1,1,1)-t"
31157,26.948228904947648,31.904580312663114,True,True,1.8252961669451205e-12,0.9605654150684697,"GJR-GARCH(1,1,1)-t"
31170,65.95285249532819,70.90920390304366,True,True,1.4281775632401164e-14,0.9721009762864162,"GJR-GARCH(1,1,1)-t"
31173,9.510438114373532,14.466789522089002,True,True,0.0,2.7642420965029584e-15,"GJR-GARCH(1,1,1)-t"
31193,-2.518692039017818,2.437659368697652,True,True,1.602706534912492e-16,0.7987210668270315,"GJR-GARCH(1,1,1)-t"
31196,0.959471040179869,5.915822447895339,True,True,8.737776298463657e-19,0.9789697795759493,"GJR-GARCH(1,1,1)-t"
31202,5.037077357110061,9.99342876482553,True,True,3.998933479173717e-16,4.820958695492141e-19,"GJR-GARCH(1,1,1)-t"
31209,4.809412788856456,9.765764196571926,True,True,1.7959707569765886e-15,0.0,"GJR-GARCH(1,1,1)-t"
31236,18.055005583629942,23.011356991345416,True,True,3.8848926767673555e-15,0.5644603994332431,"GJR-GARCH(1,1,1)-t"
31242,15.402027882047465,20.358379289762933,True,True,0.3702979990482236,0.5978050360721778,"GJR-GARCH(1,1,1)-t"
31251,-12.984376423349506,-8.028025015634036,True,True,0.0,0.08436377186969261,"GJR-GARCH(1,1,1)-t"
31254,2.622786885073566,7.579138292789036,True,False,0.10168405699987017,0.9491579708494585,"GJR-GARCH(1,1,1)-t"
31258,14.944637927522413,19.90098933523788,True,True,5.68770370264028e-12,0.9155673955605388,"GJR-GARCH(1,1,1)-t"
31266,24.268998664097225,29.225350071812695,True,True,0.1591838571147052,7.272044069636947e-12,"GJR-GARCH(1,1,1)-t"
31267,16.95471679479366,21.91106820250913,True,True,2.119271600047352e-15,0.23458310619090594,"GJR-GARCH(1,1,1)-t"
31269,13.097115207119945,18.053466614835415,True,True,1.3097906874136055e-15,1.4332314344847904e-18,"GJR-GARCH(1,1,1)-t"
31279,0.3206656582799514,5.277017065995421,True,False,0.9999999999999997,0.2842159239911886,"GJR-GARCH(1,1,1)-t"
31298,28.893453828451854,33.84980523616733,True,True,1.8936689212749473e-16,0.9840615017230094,"GJR-GARCH(1,1,1)-t"
31302,-9.727568355694238,-4.771216947978768,True,True,6.017404576708716e-17,0.9754727768747223,"GJR-GARCH(1,1,1)-t"
31303,1.9042957871334885,6.8606471948489585,True,True,0.1764875106237096,0.0,"GJR-GARCH(1,1,1)-t"
31306,0.911382612025843,5.867734019741313,True,False,2.7205768253806556e-10,0.999999891097943,"GJR-GARCH(1,1,1)-t"
31320,3.0533691526383926,8.009720560353863,True,True,0.41585335165919174,0.0,"GJR-GARCH(1,1,1)-t"
31322,-1.6785791012253455,3.2777723064901245,True,False,1.0,0.0,"GJR-GARCH(1,1,1)-t"
31324,-9.75442532722419,-4.79807391950872,True,True,0.0,0.9639712335652283,"GJR-GARCH(1,1,1)-t"
31327,-1.7741710515090876,3.1821803562063824,True,False,2.2509084624370304e-15,0.9999999999999966,"GJR-GARCH(1,1,1)-t"
31331,19.79888963395564,24.75524104167111,True,False,8.73643124806317e-17,0.9999999999999997,"GJR-GARCH(1,1,1)-t"
31337,-5.05143864562595,-0.09508723791048013,True,True,7.46305272028981e-16,0.9710262616696351,"GJR-GARCH(1,1,1)-t"
31338,36.322195464825064,41.27854687254053,True,True,2.5728318709875476e-14,0.8243322812710537,"GJR-GARCH(1,1,1)-t"
31345,-10.28105526871332,-5.32470386099785,True,True,3.310077160622033e-14,0.7123784915901924,"GJR-GARCH(1,1,1)-t"
31347,17.664371694237204,22.620723101952674,True,True,1.2532783679689273e-20,0.6030681442465745,"GJR-GARCH(1,1,1)-t"
31348,46.311315442059346,51.26766684977481,True,True,6.807689689799851e-19,0.8503495756115006,"GJR-GARCH(1,1,1)-t"
31351,-12.790066808361779,-7.833715400646309,True,True,0.08803496350307283,1.129975108035753e-16,"GJR-GARCH(1,1,1)-t"
31359,-2.9774156957291567,1.9789357119863134,True,False,0.9999999999977478,4.0233437065856574e-13,"GJR-GARCH(1,1,1)-t"
31380,-7.589948542834975,-2.633597135119505,True,True,7.634715429211134e-20,0.4546249967573463,"GJR-GARCH(1,1,1)-t"
31389,4.332212840860706,9.288564248576176,True,True,5.650702589104614e-16,4.078556220843682e-14,"GJR-GARCH(1,1,1)-t"
31394,10.390924188729306,15.347275596444776,True,False,1.0,1.447309779140388e-15,"GJR-GARCH(1,1,1)-t"
31402,-0.02276247300110157,4.933588934714368,True,False,1.40734177216935e-19,1.0,"GJR-GARCH(1,1,1)-t"
31404,10.76025845641573,15.7166098641312,True,True,3.45711429816481e-15,0.9092442195898924,"GJR-GARCH(1,1,1)-t"
31406,-5.977472976565547,-1.0211215688500772,True,False,0.9999999999999999,2.2207154167638518e-17,"GJR-GARCH(1,1,1)-t"
31412,-6.51549272113326,-1.5591413134177898,True,False,6.635654487190938e-15,1.0,"GJR-GARCH(1,1,1)-t"
31415,-3.254906907566351,1.701444500149119,True,False,1.0,0.0769753557031165,"GJR-GARCH(1,1,1)-t"
31433,-22.163842654681645,-17.207491246966175,True,True,6.601761827889881e-14,0.9500568101348447,"GJR-GARCH(1,1,1)-t"
31434,0.21482746625810556,5.171178873973576,True,False,2.746639991530175e-15,1.0,"GJR-GARCH(1,1,1)-t"
31439,6.048031530507599,11.004382938223069,True,True,6.667807252966798e-16,0.6480172160848934,"GJR-GARCH(1,1,1)-t"
31443,-3.029218568232782,1.927132839482688,True,True,1.2204067236625025e-16,0.9812427482866354,"GJR-GARCH(1,1,1)-t"
31456,-21.212620931277797,-16.256269523562327,True,False,1.0,0.272014316900645,"GJR-GARCH(1,1,1)-t"
31462,-18.2789906884852,-13.322639280769732,True,False,0.9999999999999829,0.0,"GJR-GARCH(1,1,1)-t"
31463,-2.287402043993712,2.668949363721758,True,False,0.9999999999999978,0.21588184584509276,"GJR-GARCH(1,1,1)-t"
31471,10.457648495428085,15.413999903143555,True,False,0.4065658803734954,0.7967170598131487,"GJR-GARCH(1,1,1)-t"
31482,5.693023539435201,10.64937494715067,True,False,0.7833360517625252,0.6083319741215754,"GJR-GARCH(1,1,1)-t"
31497,1.9609731507007826,6.917324558416253,True,True,1.831164748277983e-20,0.774641128298215,"GJR-GARCH(1,1,1)-t"
31522,8.350849909749797,13.307201317465267,True,True,0.6520515975991039,0.20689507533228146,"GJR-GARCH(1,1,1)-t"
31527,34.750442262328946,39.70679367004441,True,True,0.0,1.175183140783485e-16,"GJR-GARCH(1,1,1)-t"
31528,51.59439127623733,56.550742683952805,True,False,0.9999999999999992,1.6727851020358153e-16,"GJR-GARCH(1,1,1)-t"
31554,-26.470731263523724,-21.514379855808254,True,False,3.7387011928571214e-14,0.9999999999994067,"GJR-GARCH(1,1,1)-t"
31570,-5.720857530777014,-0.764506123061544,True,True,0.9603765318313785,6.322062736193461e-09,"GJR-GARCH(1,1,1)-t"
31572,26.40187856211461,31.358229969830077,True,True,0.27894928309999617,0.0,"GJR-GARCH(1,1,1)-t"
31587,5.972596626591347,10.928948034306817,True,False,3.1626543139078862e-15,0.9999999999999818,"GJR-GARCH(1,1,1)-t"
31595,21.20447597522193,26.1608273829374,True,True,3.1787076052511137e-15,4.5752529113710917e-14,"GJR-GARCH(1,1,1)-t"
31601,45.08155895071371,50.03791035842918,True,True,0.0,0.9751972752685525,"GJR-GARCH(1,1,1)-t"
31609,33.9817796061905,38.93813101390597,True,True,2.8978277987070096e-15,0.0,"GJR-GARCH(1,1,1)-t"
31616,20.32582300940338,25.28217441711885,True,False,0.9999999999999719,0.2856787610067873,"GJR-GARCH(1,1,1)-t"
31627,-11.087373315408925,-6.131021907693455,True,False,0.9999999999990943,6.675139711665082e-13,"GJR-GARCH(1,1,1)-t"
31653,5.128975217503248,10.085326625218718,True,True,0.0,0.8040094781945086,"GJR-GARCH(1,1,1)-t"
31656,-8.5606333592305,-3.6042819515150306,True,True,1.0349629160662317e-07,0.5325062379787147,"GJR-GARCH(1,1,1)-t"
31671,-5.3081838532124905,-0.35183244549702053,True,False,3.169897282346973e-19,0.999999999999995,"GJR-GARCH(1,1,1)-t"
31689,9.670992970360654,14.627344378076124,True,True,3.249805274889792e-20,0.9784715754858652,"GJR-GARCH(1,1,1)-t"
31701,13.121760483651748,18.078111891367218,True,True,0.8333628685026857,0.03461783479235661,"GJR-GARCH(1,1,1)-t"
31714,-12.229749569376303,-7.2733981616608325,True,True,0.8811328743389769,3.900483579207109e-16,"GJR-GARCH(1,1,1)-t"
31719,-11.43404767003667,-6.477696262321199,True,True,0.0,0.9583352852425479,"GJR-GARCH(1,1,1)-t"
31733,-12.405394869960364,-7.449043462244894,True,False,1.0,0.4066542355242669,"GJR-GARCH(1,1,1)-t"
31736,19.771058369153245,24.72740977686871,True,False,0.2713745910505257,0.8643127044747363,"GJR-GARCH(1,1,1)-t"
31750,0.13347923520712257,5.089830642922593,True,True,0.0,0.982058464758895,"GJR-GARCH(1,1,1)-t"
31789,-15.799224127695815,-10.842872719980345,True,False,3.5002518332539836e-11,0.9999999988499622,"GJR-GARCH(1,1,1)-t"
31814,18.976010943371428,23.9323623510869,True,True,0.0,0.8603391948191041,"GJR-GARCH(1,1,1)-t"
31819,-12.030558504836545,-7.074207097121075,True,True,0.3093752510562549,0.46867070653612114,"GJR-GARCH(1,1,1)-t"
31836,5.728435499532198,10.684786907247668,True,True,0.36786719926384415,1.3877103458828184e-14,"GJR-GARCH(1,1,1)-t"
31854,9.71022395333817,14.66657536105364,True,False,0.999999999999996,0.500000000000015,"GJR-GARCH(1,1,1)-t"
31861,-2.886229665133598,2.070121742581872,True,True,4.633799038480324e-19,0.9530584519136723,"GJR-GARCH(1,1,1)-t"
31864,30.555939935701392,35.51229134341686,True,True,2.7152658937101285e-11,0.9551141258382643,"GJR-GARCH(1,1,1)-t"
31874,6.685314141087449,11.64166554880292,True,False,6.689405100782139e-14,0.9999999999998055,"GJR-GARCH(1,1,1)-t"
31883,4.67937954602235,9.63573095373782,True,True,2.3569820762804516e-13,0.8391159032271251,"GJR-GARCH(1,1,1)-t"
31914,11.20072551649156,16.15707692420703,True,False,1.0,0.0,"GJR-GARCH(1,1,1)-t"
31934,-3.2152577996082243,1.7410936081072457,True,True,0.0,0.6382949273910588,"GJR-GARCH(1,1,1)-t"
31941,4.317514380178267,9.273865787893737,True,True,1.6405254861441121e-12,0.9486526503474322,"GJR-GARCH(1,1,1)-t"
31944,-4.999793911320495,-0.043442503605024996,True,True,1.0664428330096968e-16,4.8300113051273434e-11,"GJR-GARCH(1,1,1)-t"
31949,34.58977974010919,39.54613114782467,True,False,0.010619004540253543,0.9946904977298743,"GJR-GARCH(1,1,1)-t"
31970,2.857479670812884,7.813831078528354,True,True,1.775703398046258e-17,0.017761672101236352,"GJR-GARCH(1,1,1)-t"
32009,33.14399847896642,38.10034988668188,True,False,0.9999999999969085,0.0,"GJR-GARCH(1,1,1)-t"
32012,10.358303530450794,15.314654938166264,True,True,4.970253585898773e-18,0.6362979891883711,"GJR-GARCH(1,1,1)-t"
32017,-15.977529194276713,-11.021177786561243,True,False,3.3744573392874575e-15,0.9999999999999548,"GJR-GARCH(1,1,1)-t"
32038,-1.8660441869742108,3.090307220741259,True,True,2.4360903703034903e-13,0.6532878530631695,"GJR-GARCH(1,1,1)-t"
32046,-10.891838523215334,-5.935487115499864,True,True,3.8723760599569676e-15,0.7490978539666179,"GJR-GARCH(1,1,1)-t"
32048,-5.282248796825222,-0.32589738910975186,True,True,1.545740754938366e-15,0.055484467925816794,"GJR-GARCH(1,1,1)-t"
32053,-21.458590346674157,-16.502238938958687,True,True,0.0,0.9604652469562129,"GJR-GARCH(1,1,1)-t"
32081,-11.814966771199444,-6.858615363483974,True,True,2.156453811181955e-13,0.9639750064493532,"GJR-GARCH(1,1,1)-t"
32082,-4.701002474758223,0.25534893295724714,True,True,8.39568265457916e-17,0.6265855987908184,"GJR-GARCH(1,1,1)-t"
32083,-3.8660718064872697,1.0902796012282003,True,True,0.0,0.7712435456200121,"GJR-GARCH(1,1,1)-t"
32108,-17.32611530263228,-12.369763894916812,True,False,0.9999999999999521,0.2580929216075932,"GJR-GARCH(1,1,1)-t"
32109,11.33144536884785,16.28779677656332,True,True,9.855745392151494e-15,1.7560934241458637e-15,"GJR-GARCH(1,1,1)-t"
32119,8.615209758465554,13.571561166181024,True,True,2.336067651399466e-11,0.0,"GJR-GARCH(1,1,1)-t"
32126,1.3752038965737974,6.331555304289267,True,True,1.314369542177712e-15,0.3748012472018292,"GJR-GARCH(1,1,1)-t"
32131,-7.378887973999085,-2.4225365662836147,True,True,7.281966643584413e-14,0.08970110885933842,"GJR-GARCH(1,1,1)-t"
32134,38.75421366087713,43.7105650685926,True,True,0.19490973304896658,0.7419020755598268,"GJR-GARCH(1,1,1)-t"
32155,-7.596081840181327,-2.639730432465857,True,True,0.6037795078510888,0.0,"GJR-GARCH(1,1,1)-t"
32173,42.4713481111473,47.42769951886277,True,True,0.40248629574400663,0.1302430357753181,"GJR-GARCH(1,1,1)-t"
32174,-8.325863033501196,-3.3695116257857265,True,True,8.270965494436688e-14,0.8984042931910445,"GJR-GARCH(1,1,1)-t"
32175,27.792142106400334,32.74849351411581,True,True,4.973895993486379e-14,0.9490656992333937,"GJR-GARCH(1,1,1)-t"
32182,7.4413327852722,12.39768419298767,True,True,4.88361395146881e-19,1.2276389542131244e-15,"GJR-GARCH(1,1,1)-t"
32186,61.962345418941496,66.91869682665697,True,False,1.0523900607774373e-15,0.9999999999999856,"GJR-GARCH(1,1,1)-t"
32195,-0.5622729042567247,4.394078503458745,True,False,3.0675133960916597e-16,0.9999999999999979,"GJR-GARCH(1,1,1)-t"
32200,-4.635240137411998,0.3211112703034722,True,True,0.09939110607933925,1.8154700951030034e-15,"GJR-GARCH(1,1,1)-t"
32205,11.637871893932099,16.594223301647567,True,False,2.3398596611746973e-15,0.9999999999999881,"GJR-GARCH(1,1,1)-t"
32209,18.92919154088104,23.88554294859651,True,False,0.9999999999999958,0.4995600961623583,"GJR-GARCH(1,1,1)-t"
32219,65.37235610055984,70.3287075082753,True,True,4.865255135053778e-15,0.045670210276852044,"GJR-GARCH(1,1,1)-t"
32235,2.798820326526922,7.755171734242392,True,True,3.185083784069293e-14,8.207353939203952e-13,"GJR-GARCH(1,1,1)-t"
32240,26.68200253737635,31.638353945091822,True,True,0.12690669927134868,0.818949224685252,"GJR-GARCH(1,1,1)-t"
32245,3.663475447786462,8.619826855501932,True,True,2.9892225176827703e-21,0.12470824365165457,"GJR-GARCH(1,1,1)-t"
32247,30.657943288942505,35.61429469665798,True,True,4.2655897719110585e-12,0.5596543531066066,"GJR-GARCH(1,1,1)-t"
32249,-8.095818877110922,-3.139467469395452,True,False,0.793630115589998,0.603184942204975,"GJR-GARCH(1,1,1)-t"
32254,39.98830103870215,44.944652446417614,True,True,4.26186777692164e-18,3.630596541415318e-15,"GJR-GARCH(1,1,1)-t"
32255,44.52157654243747,49.477927950152946,True,True,0.0,0.4827117557238902,"GJR-GARCH(1,1,1)-t"
32277,1.9220409477979352,6.878392355513405,True,True,0.012248749523903188,3.228818695065413e-16,"GJR-GARCH(1,1,1)-t"
32280,-11.274524113588125,-6.318172705872655,True,True,3.4580838372801384e-17,0.6409033448392103,"GJR-GARCH(1,1,1)-t"
32299,-6.983094396407861,-2.0267429886923907,True,True,0.0,4.90038208621106e-16,"GJR-GARCH(1,1,1)-t"
32322,-4.047736996896482,0.9086144108189877,True,True,2.8977005820250427e-15,2.6017513537959414e-15,"GJR-GARCH(1,1,1)-t"
32328,-7.850225303120535,-2.893873895405065,True,True,8.285862365937637e-14,0.9767673548345727,"GJR-GARCH(1,1,1)-t"
32330,-21.057375434540333,-16.101024026824863,True,False,1.4621292194958214e-16,0.9999999999999957,"GJR-GARCH(1,1,1)-t"
32342,30.696992346079494,35.653343753794964,True,True,5.8565239443954975e-16,0.16268646588085858,"GJR-GARCH(1,1,1)-t"
32352,32.9980366210723,37.95438802878777,True,True,0.136270411083284,0.0,"GJR-GARCH(1,1,1)-t"
32361,-10.22396564963488,-5.267614241919411,True,True,3.0187230966260712e-15,0.0,"GJR-GARCH(1,1,1)-t"
32374,-20.028008855654768,-15.071657447939298,True,True,0.0,0.955318458783127,"GJR-GARCH(1,1,1)-t"
32376,-18.329988085105995,-13.373636677390525,True,True,6.86658883341605e-09,3.2377657536269533e-09,"GJR-GARCH(1,1,1)-t"
32433,-5.739512813130755,-0.7831614054152851,True,True,0.19793414230770762,0.0,"GJR-GARCH(1,1,1)-t"
32452,20.77601626624396,25.73236767395943,True,True,1.2275885046483433e-15,0.7794201760429113,"GJR-GARCH(1,1,1)-t"
32461,52.1416426442782,57.097994051993666,True,True,0.027972535671118764,0.6710931853339637,"GJR-GARCH(1,1,1)-t"
32463,6.090341922094219,11.046693329809688,True,True,3.9258716327720217e-20,0.10052755132381773,"GJR-GARCH(1,1,1)-t"
32466,19.570275641022498,24.526627048737964,True,True,1.232713137856252e-10,2.169077311884037e-09,"GJR-GARCH(1,1,1)-t"
32470,-11.379540891000833,-6.423189483285363,True,False,0.8330321126738012,0.5090736768985431,"GJR-GARCH(1,1,1)-t"
32473,4.833148614113735,9.789500021829205,True,True,1.1642245194885614e-14,2.1217959346343678e-13,"GJR-GARCH(1,1,1)-t"
32474,3.0240687562040165,7.9804201639194865,True,True,0.0,0.34423916984347663,"GJR-GARCH(1,1,1)-t"
32534,9.353014311787122,14.309365719502592,True,True,0.0,0.0,"GJR-GARCH(1,1,1)-t"
32547,0.9317645548826441,5.888115962598114,True,False,0.0,0.9999999999924891,"GJR-GARCH(1,1,1)-t"
32590,7.081947466235217,12.038298873950687,True,True,4.173225018310056e-16,7.648498203800544e-16,"GJR-GARCH(1,1,1)-t"
32596,-4.646255805987074,0.31009560172839556,True,True,5.000602587415141e-12,5.866799392291585e-12,"GJR-GARCH(1,1,1)-t"
32597,8.253607042897254,13.209958450612724,True,True,1.1296750748200129e-15,0.7521080831606171,"GJR-GARCH(1,1,1)-t"
32611,41.39417571997948,46.350527127694946,True,False,0.0,0.9999999999999933,"GJR-GARCH(1,1,1)-t"
32614,-1.551108737686894,3.405242670028576,True,True,2.773593128453593e-16,0.0,"GJR-GARCH(1,1,1)-t"
32631,-5.816190065292904,-0.8598386575774342,True,True,2.8274189804896327e-19,0.44278161279787487,"GJR-GARCH(1,1,1)-t"
32635,-12.306354259651865,-7.350002851936395,True,True,6.503319622683037e-18,0.8013408856402541,"GJR-GARCH(1,1,1)-t"
32639,52.36417251793054,57.320523925646015,True,True,0.0,0.9561819064583014,"GJR-GARCH(1,1,1)-t"
32646,9.430460042700822,14.386811450416293,True,True,1.9774591323475212e-13,0.11063477505950545,"GJR-GARCH(1,1,1)-t"
32649,32.81779607756779,37.77414748528326,True,True,0.0,0.0,"GJR-GARCH(1,1,1)-t"
32653,-1.2519347187794114,3.7044166889360586,True,False,0.716558850954174,0.4138434632318014,"GJR-GARCH(1,1,1)-t"
32654,-15.10649074978522,-10.15013934206975,True,False,0.0,1.0,"GJR-GARCH(1,1,1)-t"
32662,-2.6837336826370404,2.2726177250784296,True,True,8.268304779625444e-12,0.9516337997615564,"GJR-GARCH(1,1,1)-t"
32676,-7.696734046647119,-2.7403826389316492,True,True,7.132281643436409e-15,3.2857378817721217e-13,"GJR-GARCH(1,1,1)-t"
32680,0.04164202924200211,4.997993436957472,True,True,0.5563932702820038,0.0,"GJR-GARCH(1,1,1)-t"
32686,-20.463238906540873,-15.506887498825403,True,False,0.9999999999997844,1.3160073185230364e-13,"GJR-GARCH(1,1,1)-t"
32690,5.601236894859502,10.557588302574972,True,True,0.2803454364684064,1.688717066236323e-10,"GJR-GARCH(1,1,1)-t"
32692,3.393119816818448,8.349471224533918,True,True,7.37808895051696e-15,0.9520796642131599,"GJR-GARCH(1,1,1)-t"
32693,-19.447630503376097,-14.491279095660627,True,True,0.0,0.758661920622818,"GJR-GARCH(1,1,1)-t"
32704,12.275790882172585,17.232142289888053,True,True,0.9876708139135381,8.049893416530403e-21,"GJR-GARCH(1,1,1)-t"
32709,2.5305784091807713,7.486929816896241,True,True,4.198665247313907e-14,0.9753281501734729,"GJR-GARCH(1,1,1)-t"
32712,-10.449504605261463,-5.493153197545993,True,True,6.229485740841678e-26,0.2770910299849966,"GJR-GARCH(1,1,1)-t"
32724,-2.900787677972442,2.055563729743028,True,True,1.0081124950621888e-13,0.961346735122062,"GJR-GARCH(1,1,1)-t"
32736,11.78709267794484,16.74344408566031,True,True,2.7175857254689907e-12,0.9646790766219524,"GJR-GARCH(1,1,1)-t"
32739,-5.735801582721415,-0.7794501750059446,True,False,0.0,1.0,"GJR-GARCH(1,1,1)-t"
32746,32.84243944070708,37.79879084842255,True,True,0.0,0.8498100220001509,"GJR-GARCH(1,1,1)-t"
32748,-16.387468520520322,-11.431117112804852,True,False,0.5027892389208122,0.6734579532684548,"GJR-GARCH(1,1,1)-t"
32750,1.3593712564419747,6.315722664157445,True,False,2.4161413042793115e-16,1.0,"GJR-GARCH(1,1,1)-t"
32751,-10.207579484346635,-5.251228076631165,True,True,7.044516838604137e-16,0.04973555954844203,"GJR-GARCH(1,1,1)-t"
32753,-0.24399284557612333,4.712358562139347,True,True,0.6213114040124155,0.0,"GJR-GARCH(1,1,1)-t"
32758,-3.5834947570933586,1.3728566506221114,True,True,2.8793328284466493e-09,0.9506739069902033,"GJR-GARCH(1,1,1)-t"
32763,1.2510289215252648,6.207380329240735,True,True,0.418670871988855,6.421222276906483e-10,"GJR-GARCH(1,1,1)-t"
32767,-2.2321721917497257,2.7241792159657443,True,True,0.7955878093199625,4.699432572255818e-18,"GJR-GARCH(1,1,1)-t"
