time_id,AIC,BIC,converged,stationary,alpha,beta,model
5,7.093662693009396,12.050014100724866,True,True,1.8467625632081794e-15,0.4801191799858456,"GJR-GARCH(1,1,1)-t"
11,-2.2535592180593262,2.7027921896561438,True,True,0.18949650242719424,0.1199931519938051,"GJR-GARCH(1,1,1)-t"
16,-3.2245497260901317,1.7318016816253383,True,True,0.5082954445158901,1.8599605660638052e-14,"GJR-GARCH(1,1,1)-t"
31,1.2375855714096122,6.193936979125082,True,True,5.475922485679027e-16,0.0,"GJR-GARCH(1,1,1)-t"
62,6.36622154517884,11.32257295289431,True,False,1.0,0.2864654985449545,"GJR-GARCH(1,1,1)-t"
72,5.178655817572318,10.135007225287788,True,False,1.0,0.0,"GJR-GARCH(1,1,1)-t"
97,11.773959213323641,16.73031062103911,True,False,1.0,9.007650125331352e-18,"GJR-GARCH(1,1,1)-t"
103,15.788426796440454,20.744778204155924,True,False,0.999999999999999,0.2532042780227459,"GJR-GARCH(1,1,1)-t"
109,22.97104368979213,27.9273950975076,True,True,0.0,0.6865589516424104,"GJR-GARCH(1,1,1)-t"
123,-21.17666684950064,-16.22031544178517,True,True,0.0,0.9906586397524221,"GJR-GARCH(1,1,1)-t"
128,15.371794834558143,20.32814624227361,True,True,2.084320684900381e-18,7.303231823231298e-14,"GJR-GARCH(1,1,1)-t"
146,16.420328899080022,21.376680306795492,True,False,0.9754669761597301,0.11410862637611668,"GJR-GARCH(1,1,1)-t"
147,-11.207342339820983,-6.250990932105513,True,True,1.609644029293186e-11,6.209754599827754e-10,"GJR-GARCH(1,1,1)-t"
152,20.29918689916534,25.25553830688081,True,True,0.0,0.8202033905457523,"GJR-GARCH(1,1,1)-t"
157,19.161902089422806,24.118253497138276,True,True,0.7889280576729042,3.2457467324502757e-12,"GJR-GARCH(1,1,1)-t"
159,-29.70284684171908,-24.74649543400361,True,True,0.24405546476649,3.70906597182248e-16,"GJR-GARCH(1,1,1)-t"
169,5.509070771318489,10.46542217903396,True,True,0.0,0.7785032398347801,"GJR-GARCH(1,1,1)-t"
207,47.96072773466609,52.91707914238155,True,True,0.38124132162468233,8.833168465435686e-16,"GJR-GARCH(1,1,1)-t"
211,1.1464195739400544,6.1027709816555245,True,True,0.0,0.9536314044496441,"GJR-GARCH(1,1,1)-t"
213,24.366221656721436,29.322573064436902,True,False,1.0,0.1762498740008414,"GJR-GARCH(1,1,1)-t"
218,22.367429222809623,27.323780630525093,True,False,0.0,1.0,"GJR-GARCH(1,1,1)-t"
227,24.798141117871737,29.754492525587207,True,True,2.723847075234999e-13,0.8126656410662324,"GJR-GARCH(1,1,1)-t"
229,-8.729835623325563,-3.773484215610093,True,False,2.41494264814329e-15,1.0,"GJR-GARCH(1,1,1)-t"
232,13.67191280256224,18.62826421027771,True,True,4.885939354942819e-12,3.908823851293057e-12,"GJR-GARCH(1,1,1)-t"
250,5.702239573198497,10.658590980913967,True,True,2.640267522797305e-15,8.265647069301871e-18,"GJR-GARCH(1,1,1)-t"
254,37.83737575687884,42.793727164594316,True,True,0.0,0.9136118320859449,"GJR-GARCH(1,1,1)-t"
256,21.301987725529727,26.2583391332452,True,True,0.0,0.9548074601704378,"GJR-GARCH(1,1,1)-t"
266,18.457900474879263,23.414251882594733,True,True,4.804423677149752e-16,1.9949578298437573e-18,"GJR-GARCH(1,1,1)-t"
273,-3.787714296159834,1.1686371115556362,True,True,0.0,0.40416103731793374,"GJR-GARCH(1,1,1)-t"
289,-0.03647036557081229,4.919881042144658,True,True,0.3071377470354493,8.076389073595898e-17,"GJR-GARCH(1,1,1)-t"
297,13.61353072078032,18.56988212849579,True,True,0.0,5.3935465684441776e-20,"GJR-GARCH(1,1,1)-t"
303,28.20156043412075,33.15791184183622,True,False,0.9999999999999999,0.28562184026902526,"GJR-GARCH(1,1,1)-t"
309,-0.45117817235408175,4.505173235361388,True,True,4.3062554550985326e-15,0.8615095874406565,"GJR-GARCH(1,1,1)-t"
310,58.72059954540148,63.67695095311694,True,True,0.0,0.9607060913537603,"GJR-GARCH(1,1,1)-t"
317,3.7598611425425297,8.716212550258,True,False,0.09480098760915914,0.9525995061954221,"GJR-GARCH(1,1,1)-t"
319,8.026741372034296,12.983092779749766,True,True,6.0323968933026585e-12,8.557156357225907e-10,"GJR-GARCH(1,1,1)-t"
325,4.130502404159586,9.086853811875056,True,True,2.7124309766453477e-22,0.947937043011564,"GJR-GARCH(1,1,1)-t"
326,37.32087584448317,42.27722725219864,True,True,0.556117743489082,0.0,"GJR-GARCH(1,1,1)-t"
335,9.107064183033598,14.063415590749068,True,True,5.180817114705683e-16,0.9488643842569414,"GJR-GARCH(1,1,1)-t"
337,8.888855986994256,13.845207394709727,True,False,0.0,1.0,"GJR-GARCH(1,1,1)-t"
358,33.84234352054882,38.7986949282643,True,True,0.0,0.6437736458212873,"GJR-GARCH(1,1,1)-t"
371,21.002109545467746,25.958460953183216,True,True,0.7985623036009862,7.403324488638675e-15,"GJR-GARCH(1,1,1)-t"
373,22.719493534298262,27.675844942013732,True,True,4.816516829979298e-17,0.9465396146353477,"GJR-GARCH(1,1,1)-t"
380,-1.875578837553764,3.080772570161706,True,True,0.0,1.1289641723022217e-14,"GJR-GARCH(1,1,1)-t"
381,7.742792152373891,12.699143560089361,True,False,0.0,1.0,"GJR-GARCH(1,1,1)-t"
411,2.7868615289279877,7.743212936643458,True,False,0.0,1.0,"GJR-GARCH(1,1,1)-t"
420,24.24948645886574,29.205837866581206,True,True,7.034358947121876e-15,0.9893014071812806,"GJR-GARCH(1,1,1)-t"
424,9.765716057087456,14.722067464802926,True,True,2.4803863565413645e-12,0.9824811693511114,"GJR-GARCH(1,1,1)-t"
427,39.82671668863391,44.78306809634938,True,False,0.0,0.9995310711833417,"GJR-GARCH(1,1,1)-t"
436,13.369903090368616,18.326254498084086,True,False,0.99999999999999,0.5000000000000013,"GJR-GARCH(1,1,1)-t"
438,-3.1597606540575747,1.7965907536578953,True,True,4.985861437916019e-12,0.5517052061938745,"GJR-GARCH(1,1,1)-t"
454,-5.152431357935676,-0.19607995022020575,True,True,0.0,0.9675071603540545,"GJR-GARCH(1,1,1)-t"
465,-3.5904890268280454,1.3658623808874246,True,True,0.49388015290354004,8.493364317757902e-15,"GJR-GARCH(1,1,1)-t"
468,-8.027493442845511,-3.071142035130041,True,True,5.964678794604296e-16,1.3922979610974142e-08,"GJR-GARCH(1,1,1)-t"
487,40.79346525342426,45.749816661139725,True,True,1.0168620561219659e-18,1.7008285357183331e-18,"GJR-GARCH(1,1,1)-t"
493,12.717347040130377,17.673698447845847,True,True,0.0,0.9346198550572409,"GJR-GARCH(1,1,1)-t"
506,15.190535824806183,20.146887232521653,True,True,7.053481161953508e-22,0.976583554019753,"GJR-GARCH(1,1,1)-t"
535,1.1859761905461585,6.1423275982616286,True,True,6.132184442090399e-15,0.0,"GJR-GARCH(1,1,1)-t"
536,25.032242553427917,29.988593961143387,True,True,6.361548276859424e-17,0.9558552201761016,"GJR-GARCH(1,1,1)-t"
539,-2.969772670003376,1.9865787377120938,True,True,0.18583657628177,6.404385943224133e-13,"GJR-GARCH(1,1,1)-t"
545,12.766940205030014,17.723291612745484,True,True,1.4071259839086065e-08,0.797558440900149,"GJR-GARCH(1,1,1)-t"
554,-2.120789108635563,2.835562299079907,True,True,4.0351819237913076e-16,4.8644449615112e-16,"GJR-GARCH(1,1,1)-t"
568,3.976329581458426,8.932680989173896,True,True,9.212122642611094e-15,0.9626740493277508,"GJR-GARCH(1,1,1)-t"
579,15.338684212187127,20.295035619902595,True,True,0.0,0.32549637469690534,"GJR-GARCH(1,1,1)-t"
589,17.431963908592113,22.388315316307583,True,True,0.528040139986131,1.895823617913914e-18,"GJR-GARCH(1,1,1)-t"
591,0.01083143929817254,4.9671828470136425,True,False,1.3332174549434277e-09,1.0,"GJR-GARCH(1,1,1)-t"
595,0.1812971718874241,5.137648579602894,True,True,7.242107873937677e-16,0.890180337772399,"GJR-GARCH(1,1,1)-t"
611,11.770494402103601,16.72684580981907,True,False,3.408298629312057e-13,0.9999999999896491,"GJR-GARCH(1,1,1)-t"
618,16.086743112544426,21.043094520259892,True,False,9.698686685155547e-13,0.9999999997333177,"GJR-GARCH(1,1,1)-t"
627,-0.8447865147854774,4.111564892929993,True,True,8.207588270288775e-14,0.9783091301859804,"GJR-GARCH(1,1,1)-t"
633,18.491746717573903,23.448098125289373,True,True,0.0,0.9686878224991299,"GJR-GARCH(1,1,1)-t"
640,32.134629678882284,37.09098108659775,True,True,0.07733305436078623,4.0270687042276494e-10,"GJR-GARCH(1,1,1)-t"
646,-14.097590306937487,-9.141238899222017,True,True,0.0,0.8277325821608007,"GJR-GARCH(1,1,1)-t"
650,20.67240646849774,25.628757876213207,True,True,2.980482675717148e-12,0.9865984177178375,"GJR-GARCH(1,1,1)-t"
652,-13.264066416412433,-8.307715008696963,True,False,5.167371518528779e-15,0.9999999999999767,"GJR-GARCH(1,1,1)-t"
659,1.830130986358057,6.786482394073527,True,True,5.888212937853256e-14,0.910075935474905,"GJR-GARCH(1,1,1)-t"
675,32.854509190864285,37.81086059857975,True,False,0.0,1.0,"GJR-GARCH(1,1,1)-t"
697,-0.12537317607754161,4.830978231637928,True,True,0.0,0.15539627712273804,"GJR-GARCH(1,1,1)-t"
709,45.93577128240734,50.892122690122804,True,False,6.039088848273571e-16,0.9999999999999833,"GJR-GARCH(1,1,1)-t"
725,7.010591237831529,11.966942645547,True,True,0.0,0.985708325613482,"GJR-GARCH(1,1,1)-t"
728,49.924374097992406,54.88072550570787,True,False,5.03541518791218e-15,0.9999999999999918,"GJR-GARCH(1,1,1)-t"
735,21.092855186260174,26.049206593975644,True,True,0.0,0.6819688649816581,"GJR-GARCH(1,1,1)-t"
745,41.23974815238204,46.19609956009751,True,True,2.1473187601708933e-16,0.9675935234738776,"GJR-GARCH(1,1,1)-t"
746,-6.710388174757927,-1.7540367670424573,True,False,1.0,9.325873406851318e-19,"GJR-GARCH(1,1,1)-t"
748,18.71532945691338,23.671680864628854,True,True,5.195685319003401e-19,0.6867993712758107,"GJR-GARCH(1,1,1)-t"
753,26.13310766767373,31.0894590753892,True,True,0.40329307946417764,5.7320194361355074e-15,"GJR-GARCH(1,1,1)-t"
785,28.890474534655716,33.84682594237119,True,True,2.635737994854452e-16,1.534086035156775e-15,"GJR-GARCH(1,1,1)-t"
817,16.779893595962466,21.736245003677936,True,True,0.3495039745297601,4.877568759543104e-18,"GJR-GARCH(1,1,1)-t"
840,9.944248884715075,14.900600292430545,True,True,6.207903520530124e-15,0.3860741605194407,"GJR-GARCH(1,1,1)-t"
841,18.240780793423433,23.197132201138906,True,False,0.9999999999999851,3.5027093030993873e-13,"GJR-GARCH(1,1,1)-t"
852,2.391425438007065,7.347776845722535,True,False,0.0,0.9999999999999302,"GJR-GARCH(1,1,1)-t"
854,17.534588344701273,22.490939752416743,True,True,2.831635281445243e-11,0.35978123444906723,"GJR-GARCH(1,1,1)-t"
868,56.43971447641114,61.396065884126614,True,True,4.558690377507456e-16,2.761907271157206e-14,"GJR-GARCH(1,1,1)-t"
886,53.00716966399888,57.963521071714354,True,True,4.977990110876055e-15,0.4981553927162039,"GJR-GARCH(1,1,1)-t"
895,18.536845998108298,23.493197405823768,True,True,4.1619739603975364e-12,0.8063463283253631,"GJR-GARCH(1,1,1)-t"
904,14.989332249377016,19.945683657092488,True,True,9.371428532451566e-14,0.6325414503055888,"GJR-GARCH(1,1,1)-t"
908,-12.104062726108431,-7.147711318392961,True,True,2.3844980455643162e-08,1.1253496929954784e-08,"GJR-GARCH(1,1,1)-t"
947,1.0377117766275727,5.994063184343043,True,False,0.5162091717433669,0.5633610976459118,"GJR-GARCH(1,1,1)-t"
951,-12.161020909446421,-7.204669501730951,True,True,9.11738738346115e-15,0.9879454347266313,"GJR-GARCH(1,1,1)-t"
957,12.30555715914205,17.26190856685752,True,True,3.073092069558434e-19,1.129713332821798e-14,"GJR-GARCH(1,1,1)-t"
969,20.385833879350137,25.342185287065607,True,True,0.6964719641817461,5.376282218536131e-18,"GJR-GARCH(1,1,1)-t"
985,0.834228194715223,5.790579602430693,True,True,1.437940966434916e-16,0.30335328576840853,"GJR-GARCH(1,1,1)-t"
991,33.31046370299215,38.266815110707626,True,True,1.492162593495971e-14,0.10597222706866695,"GJR-GARCH(1,1,1)-t"
1000,-0.5368787471984309,4.419472660517039,True,True,7.58117382955229e-19,0.5713229681336484,"GJR-GARCH(1,1,1)-t"
1011,-12.581389599947887,-7.625038192232417,True,True,6.975586246978739e-12,0.9809940621880622,"GJR-GARCH(1,1,1)-t"
1016,-16.342435177898654,-11.386083770183184,True,False,2.700322872928264e-19,0.9999999999999949,"GJR-GARCH(1,1,1)-t"
1020,-19.114172965780284,-14.157821558064814,True,True,0.8268338435681046,3.8680533547749656e-19,"GJR-GARCH(1,1,1)-t"
1022,7.227810573808373,12.184161981523843,True,False,1.3144667777407256e-17,1.0,"GJR-GARCH(1,1,1)-t"
1028,37.490877341655136,42.44722874937061,True,False,2.011681841771249e-12,1.0,"GJR-GARCH(1,1,1)-t"
1037,4.883143610841325,9.839495018556795,True,False,0.0,1.0,"GJR-GARCH(1,1,1)-t"
1040,-3.2596362447486733,1.6967151629667967,True,True,1.319858369648013e-11,0.9593824255192287,"GJR-GARCH(1,1,1)-t"
1057,3.98416395274808,8.94051536046355,True,True,2.578957561208464e-12,2.3714176693026795e-12,"GJR-GARCH(1,1,1)-t"
1063,29.619655412733753,34.57600682044922,True,False,4.374393155983845e-15,1.0,"GJR-GARCH(1,1,1)-t"
1070,-0.2998247905412885,4.6565266171741815,True,False,5.765347642250065e-14,1.0,"GJR-GARCH(1,1,1)-t"
1075,-2.218550699893104,2.737800707822366,True,True,1.26462096508245e-12,0.8134372700599805,"GJR-GARCH(1,1,1)-t"
1100,-7.943091307159776,-2.9867398994443057,True,True,2.915035710710025e-12,0.9127341223186873,"GJR-GARCH(1,1,1)-t"
1107,13.524167421255942,18.480518828971412,True,True,6.162734191936966e-22,2.0971400466846216e-14,"GJR-GARCH(1,1,1)-t"
1119,-0.10731274448218642,4.849038663233284,True,False,0.4494506744346257,0.775274662783667,"GJR-GARCH(1,1,1)-t"
1125,20.41208885611966,25.36844026383513,True,True,0.0,0.29363037927240354,"GJR-GARCH(1,1,1)-t"
1128,-13.720945878338348,-8.764594470622878,True,False,1.0,0.4999999999999997,"GJR-GARCH(1,1,1)-t"
1135,21.7707808901488,26.72713229786427,True,True,0.0,0.6892955096445059,"GJR-GARCH(1,1,1)-t"
1142,5.200564339289869,10.156915747005339,True,True,1.2250403129860881e-14,0.7913106701497302,"GJR-GARCH(1,1,1)-t"
1149,-0.917146835863381,4.039204571852089,True,True,2.412441808363907e-15,0.9455961305021814,"GJR-GARCH(1,1,1)-t"
1158,-2.44431485926361,2.51203654845186,True,False,1.619610011799048e-13,0.9999999999978989,"GJR-GARCH(1,1,1)-t"
1161,11.379992339567268,16.33634374728274,True,False,0.9999999999999993,0.23473155332961823,"GJR-GARCH(1,1,1)-t"
1173,26.43523320700915,31.39158461472462,True,False,0.0,1.0,"GJR-GARCH(1,1,1)-t"
1176,19.37838132714444,24.334732734859905,True,False,0.99999999999997,1.132648647287447e-14,"GJR-GARCH(1,1,1)-t"
1178,-3.2606630086249133,1.6956883990905567,True,False,5.036057528926273e-15,1.0,"GJR-GARCH(1,1,1)-t"
1191,41.723089592840765,46.67944100055624,True,True,1.8060059621892666e-14,0.7786156025100028,"GJR-GARCH(1,1,1)-t"
1198,21.197251042011878,26.153602449727344,True,True,1.9020258134452197e-15,0.026924908933384045,"GJR-GARCH(1,1,1)-t"
1205,5.657836722236594,10.614188129952064,True,False,9.601209260344317e-17,0.9999999999998892,"GJR-GARCH(1,1,1)-t"
1209,54.216942628809605,59.17329403652508,True,True,0.0,0.9893876227636104,"GJR-GARCH(1,1,1)-t"
1213,-9.824973808833562,-4.868622401118092,True,False,8.519356721033584e-16,1.0,"GJR-GARCH(1,1,1)-t"
1215,24.44722753388318,29.403578941598646,True,False,0.0,1.0,"GJR-GARCH(1,1,1)-t"
1219,13.684427060062683,18.640778467778155,True,False,0.0,1.0,"GJR-GARCH(1,1,1)-t"
1227,8.64597025744607,13.60232166516154,True,False,1.0,0.0,"GJR-GARCH(1,1,1)-t"
1235,-15.073379245835454,-10.117027838119984,True,True,0.0,0.565891747357124,"GJR-GARCH(1,1,1)-t"
1239,-2.030355620563924,2.925995787151546,True,True,5.266634042580289e-14,0.8066908005884874,"GJR-GARCH(1,1,1)-t"
1242,-2.070591552199236,2.885759855516234,True,True,1.6375880543230727e-13,0.7716451127695089,"GJR-GARCH(1,1,1)-t"
1247,-1.4601739697211347,3.4961774379943353,True,True,3.574643564724257e-14,0.8219571765194461,"GJR-GARCH(1,1,1)-t"
1249,-22.466154642757203,-17.509803235041733,True,True,0.42324057728920744,0.11641528421325763,"GJR-GARCH(1,1,1)-t"
1255,8.872814291058527,13.829165698773997,True,True,0.0,0.0,"GJR-GARCH(1,1,1)-t"
1264,22.477589360094278,27.433940767809744,True,True,4.3190506591836635e-11,0.9839294735212325,"GJR-GARCH(1,1,1)-t"
1269,34.75247573208104,39.70882713979651,True,True,8.441650524723165e-19,5.221322873653062e-19,"GJR-GARCH(1,1,1)-t"
1273,40.79469512469109,45.751046532406555,True,True,1.42157272218639e-14,0.9540589018436698,"GJR-GARCH(1,1,1)-t"
1274,-3.759812043843773,1.1965393638716968,True,False,0.0,1.0,"GJR-GARCH(1,1,1)-t"
1280,23.522265216827932,28.478616624543402,True,True,0.0,0.9323635995858545,"GJR-GARCH(1,1,1)-t"
1289,6.306329572474855,11.262680980190325,True,False,0.534748900364825,0.7326255498175875,"GJR-GARCH(1,1,1)-t"
1291,28.89883385764969,33.855185265365165,True,False,3.85837526011159e-15,1.0,"GJR-GARCH(1,1,1)-t"
1292,0.6110118911362754,5.567363298851745,True,True,0.21696242663522883,0.283906211883615,"GJR-GARCH(1,1,1)-t"
1302,-10.135625183215708,-5.1792737755002385,True,True,0.0,0.48256264022931833,"GJR-GARCH(1,1,1)-t"
1310,-4.054745041880508,0.9016063658349616,True,True,0.0,0.5355892627603336,"GJR-GARCH(1,1,1)-t"
1321,3.2855895375959996,8.24194094531147,True,True,0.0,0.783196415378383,"GJR-GARCH(1,1,1)-t"
1322,24.99109975314822,29.947451160863693,True,True,3.745950364529659e-14,0.4653077377562308,"GJR-GARCH(1,1,1)-t"
1326,6.357708756713519,11.314060164428989,True,True,0.0,0.5174199607589594,"GJR-GARCH(1,1,1)-t"
1348,22.25986393372375,27.216215341439217,True,False,0.9999999999995535,0.18061676990709877,"GJR-GARCH(1,1,1)-t"
1350,-1.1328962836245697,3.8234551240909003,True,False,5.606268253127904e-20,0.9999999999999997,"GJR-GARCH(1,1,1)-t"
1359,11.726077611748028,16.6824290194635,True,True,1.881271732366448e-15,0.9933238145309347,"GJR-GARCH(1,1,1)-t"
1363,2.8249484465728845,7.7812998542883545,True,True,0.16799590362395653,2.965283328980555e-16,"GJR-GARCH(1,1,1)-t"
1365,-4.513911120716173,0.4424402869992967,True,True,1.3939462842678205e-15,0.7433023938101608,"GJR-GARCH(1,1,1)-t"
1377,-12.327923528109615,-7.371572120394145,True,False,0.43978907762520997,0.7801054611988608,"GJR-GARCH(1,1,1)-t"
1380,8.801292282187724,13.757643689903194,True,True,4.676778358710348e-16,0.8708996750083816,"GJR-GARCH(1,1,1)-t"
1392,5.648852234494395,10.605203642209865,True,False,1.0,0.278724590253781,"GJR-GARCH(1,1,1)-t"
1404,0.6527654535422673,5.609116861257737,True,True,0.0,0.3173060757597867,"GJR-GARCH(1,1,1)-t"
1408,4.4001642814742645,9.356515689189735,True,False,9.679136781055921e-21,1.0,"GJR-GARCH(1,1,1)-t"
1416,-4.907651349084489,0.04870005863098115,True,False,5.183308824468539e-13,1.0,"GJR-GARCH(1,1,1)-t"
1417,10.627571172240662,15.583922579956132,True,True,3.0477415404991254e-14,0.789350227155656,"GJR-GARCH(1,1,1)-t"
1427,3.6940895983855455,8.650441006101016,True,True,0.0,1.9619737770639665e-15,"GJR-GARCH(1,1,1)-t"
1430,7.216481315987963,12.172832723703433,True,False,0.0,0.999999991586491,"GJR-GARCH(1,1,1)-t"
1433,10.085391941417134,15.041743349132604,True,False,1.0916141016250247e-15,1.0,"GJR-GARCH(1,1,1)-t"
1459,33.88980948272518,38.84616089044064,True,True,0.2324207876280177,2.635719181943806e-16,"GJR-GARCH(1,1,1)-t"
1462,45.1479875501813,50.10433895789677,True,True,2.7060775760941718e-15,0.27463942848687933,"GJR-GARCH(1,1,1)-t"
1463,44.37519434542976,49.331545753145235,True,True,0.0,0.9803818875596702,"GJR-GARCH(1,1,1)-t"
1464,,,False,False,,,"GJR-GARCH(1,1,1)-t"
1468,9.272469664461772,14.228821072177242,True,True,7.688605301858597e-13,6.612700402938139e-12,"GJR-GARCH(1,1,1)-t"
1471,28.497166894621962,33.453518302337436,True,False,0.7845845605316035,0.4036935987689032,"GJR-GARCH(1,1,1)-t"
1477,7.612425746073116,12.568777153788586,True,True,0.0,0.0,"GJR-GARCH(1,1,1)-t"
1481,-9.79192315045266,-4.835571742737191,True,True,1.7287751354193245e-16,0.9137365310274081,"GJR-GARCH(1,1,1)-t"
1501,-0.9048921127799705,4.0514592949354995,True,True,0.5668628922476647,8.575585550819753e-21,"GJR-GARCH(1,1,1)-t"
1513,5.100665134246263,10.057016541961733,True,False,0.0,1.0,"GJR-GARCH(1,1,1)-t"
1521,22.193416737286338,27.149768145001808,True,True,1.311612346933999e-13,0.0,"GJR-GARCH(1,1,1)-t"
1524,21.598506011408862,26.554857419124332,True,True,2.93859207365914e-11,0.4999477442392603,"GJR-GARCH(1,1,1)-t"
1529,-8.792362386629389,-3.8360109789139187,True,False,0.0,1.0,"GJR-GARCH(1,1,1)-t"
1532,-4.790607491555509,0.1657439161599612,True,True,0.0,0.0,"GJR-GARCH(1,1,1)-t"
1536,42.43896347102981,47.39531487874528,True,True,8.590907298269217e-16,3.3147299731690654e-15,"GJR-GARCH(1,1,1)-t"
1541,12.0799563206654,17.03630772838087,True,True,1.922352332600772e-12,0.8619209349155178,"GJR-GARCH(1,1,1)-t"
1544,11.820610197000924,16.776961604716394,True,True,0.0,0.05816268813186453,"GJR-GARCH(1,1,1)-t"
1551,24.97415309245071,29.93050450016618,True,True,1.600637634165492e-12,4.2107369252197745e-12,"GJR-GARCH(1,1,1)-t"
1563,4.023609468192049,8.97996087590752,True,False,1.0,0.2960927147291239,"GJR-GARCH(1,1,1)-t"
1565,27.252877700962422,32.20922910867789,True,False,0.0,0.9999999999999996,"GJR-GARCH(1,1,1)-t"
1581,13.647363654756727,18.603715062472197,True,True,2.872959917499056e-14,0.7468174447429012,"GJR-GARCH(1,1,1)-t"
1587,0.23010181923399742,5.186453226949467,True,True,0.6392693567534338,7.27116020334282e-15,"GJR-GARCH(1,1,1)-t"
1600,39.39338207262148,44.349733480336944,True,False,0.0,0.9999999999999991,"GJR-GARCH(1,1,1)-t"
1640,10.870081775859692,15.826433183575162,True,True,0.42154128837933263,8.634432301182646e-18,"GJR-GARCH(1,1,1)-t"
1651,-4.852775030888019,0.10357637682745136,True,True,6.488371259119857e-13,0.8936346058159946,"GJR-GARCH(1,1,1)-t"
1658,6.438309840046032,11.394661247761501,True,True,5.908970501092115e-15,0.21258784567692549,"GJR-GARCH(1,1,1)-t"
1663,-6.989698052096756,-2.033346644381286,True,True,5.5224224064215606e-18,0.6685532528128911,"GJR-GARCH(1,1,1)-t"
1674,3.4167896866648526,8.373141094380323,True,True,0.0,0.0,"GJR-GARCH(1,1,1)-t"
1676,-6.486876128748484,-1.5305247210330144,True,True,0.9550165395621578,5.866538692589115e-17,"GJR-GARCH(1,1,1)-t"
1688,31.874914460783803,36.83126586849927,True,False,0.39135077163906246,0.6647268010273962,"GJR-GARCH(1,1,1)-t"
1707,14.043071698005338,18.99942310572081,True,True,0.30846556044059237,0.0,"GJR-GARCH(1,1,1)-t"
1712,-6.1199565005968,-1.1636050928813297,True,True,1.1288847976984973e-13,0.2163710693876701,"GJR-GARCH(1,1,1)-t"
1719,21.94652977060083,26.9028811783163,True,False,1.0,9.929751853096119e-18,"GJR-GARCH(1,1,1)-t"
1722,52.56822603993702,57.52457744765249,True,True,3.1603554948473305e-15,0.2724730218946307,"GJR-GARCH(1,1,1)-t"
1728,21.25377488587231,26.21012629358778,True,True,1.7227553368120842e-15,0.9374577622058726,"GJR-GARCH(1,1,1)-t"
1744,18.551904229736305,23.508255637451775,True,True,1.7756062739914665e-12,0.8951776032287748,"GJR-GARCH(1,1,1)-t"
1747,4.880296228868746,9.836647636584216,True,True,0.34656719787764156,3.2752964172938573e-15,"GJR-GARCH(1,1,1)-t"
1761,29.249487548921124,34.2058389566366,True,True,3.181407431435596e-14,0.6695334849675739,"GJR-GARCH(1,1,1)-t"
1787,-6.831183291888731,-1.8748318841732612,True,True,3.6637263796695127e-13,0.6033318046868966,"GJR-GARCH(1,1,1)-t"
1789,-5.6987749843499955,-0.7424235766345255,True,True,0.7526344441745985,6.963593032792553e-16,"GJR-GARCH(1,1,1)-t"
1797,18.523761604501278,23.480113012216748,True,True,0.0,1.1531660746881444e-15,"GJR-GARCH(1,1,1)-t"
1810,-5.6443157877236345,-0.6879643800081645,True,False,6.923876518331817e-13,0.9999999984160926,"GJR-GARCH(1,1,1)-t"
1813,35.809496716320965,40.76584812403644,True,True,0.0,0.8499987267655911,"GJR-GARCH(1,1,1)-t"
1816,36.94896608208788,41.90531748980335,True,True,0.0,0.0,"GJR-GARCH(1,1,1)-t"
1820,40.055029194085364,45.01138060180084,True,False,0.0,1.0,"GJR-GARCH(1,1,1)-t"
1822,0.4345890714110041,5.390940479126474,True,True,0.0,0.5779501884228995,"GJR-GARCH(1,1,1)-t"
1823,35.12166119756806,40.07801260528353,True,False,0.1955682152208198,0.8796831617979245,"GJR-GARCH(1,1,1)-t"
1826,-2.3641820500218103,2.5921693576936597,True,False,0.9999999999999993,0.0,"GJR-GARCH(1,1,1)-t"
1827,27.280181511348236,32.236532919063706,True,True,2.597111601337255e-15,5.865504221585092e-15,"GJR-GARCH(1,1,1)-t"
1841,30.560519656687536,35.516871064403006,True,True,0.0,0.0,"GJR-GARCH(1,1,1)-t"
1862,32.55821685609225,37.51456826380772,True,True,1.7013215017596167e-14,0.0,"GJR-GARCH(1,1,1)-t"
1866,15.33659362936713,20.2929450370826,True,True,0.0,0.0,"GJR-GARCH(1,1,1)-t"
1870,-0.5577527694709357,4.398598638244534,True,True,1.4923628097951128e-11,0.88846140656163,"GJR-GARCH(1,1,1)-t"
1875,-18.69722562406806,-13.74087421635259,True,True,0.09073278987013662,0.15777730371596138,"GJR-GARCH(1,1,1)-t"
1876,5.687351066701202,10.643702474416672,True,True,0.03689054103784416,0.9142725232174793,"GJR-GARCH(1,1,1)-t"
1879,14.791116442209415,19.747467849924885,True,True,0.6939079654324269,1.1032570703014928e-11,"GJR-GARCH(1,1,1)-t"
1890,6.929758429589497,11.886109837304968,True,False,0.0,0.9999999999999926,"GJR-GARCH(1,1,1)-t"
1904,16.585763824287163,21.542115232002633,True,True,3.1542037611387676e-15,1.1909486537212698e-17,"GJR-GARCH(1,1,1)-t"
1909,10.641406970550051,15.597758378265521,True,False,0.9167579026547531,0.3226458227503487,"GJR-GARCH(1,1,1)-t"
1920,4.4543931767030855,9.410744584418556,True,True,0.0,0.15608774513485593,"GJR-GARCH(1,1,1)-t"
1923,28.22183293117216,33.178184338887625,True,False,1.114958422996022e-14,0.9999999999999529,"GJR-GARCH(1,1,1)-t"
1930,32.086060993171024,37.04241240088649,True,False,0.5799631346844949,0.6356015849307607,"GJR-GARCH(1,1,1)-t"
1938,7.1140568629438325,12.070408270659303,True,True,2.0267009621170938e-13,0.9634740121563947,"GJR-GARCH(1,1,1)-t"
1946,23.489622468946138,28.445973876661608,True,True,1.8454932692473097e-15,0.5512245047500713,"GJR-GARCH(1,1,1)-t"
1948,-8.370848849392907,-3.4144974416774367,True,False,1.0,0.0,"GJR-GARCH(1,1,1)-t"
1956,-4.868635427965476,0.08771597974999423,True,True,0.0,0.7690902596455662,"GJR-GARCH(1,1,1)-t"
1962,-18.278878620796256,-13.322527213080786,True,True,0.0,0.609081747409656,"GJR-GARCH(1,1,1)-t"
1980,37.667788983134116,42.62414039084959,True,False,0.6966640365561049,0.5225477123784084,"GJR-GARCH(1,1,1)-t"
1981,17.099332679507096,22.055684087222566,True,True,0.0,0.6734501675496292,"GJR-GARCH(1,1,1)-t"
1991,27.153590936366506,32.10994234408197,True,False,2.0362968949221253e-20,0.9999999999999997,"GJR-GARCH(1,1,1)-t"
1998,24.526217819988172,29.482569227703642,True,True,3.572719216474503e-13,0.8263490614232237,"GJR-GARCH(1,1,1)-t"
2000,11.87449118566899,16.83084259338446,True,True,0.19385590394224658,0.19065964638857996,"GJR-GARCH(1,1,1)-t"
2006,18.88697762640115,23.84332903411662,True,False,1.1449027918388743e-14,0.9999999999997676,"GJR-GARCH(1,1,1)-t"
2010,8.107048559861344,13.063399967576814,True,True,0.0,0.0,"GJR-GARCH(1,1,1)-t"
2014,-5.410261264049719,-0.4539098563342492,True,False,3.067186262640414e-16,0.9999999999999908,"GJR-GARCH(1,1,1)-t"
2018,20.535543946868586,25.491895354584056,True,False,0.0,1.0,"GJR-GARCH(1,1,1)-t"
2027,19.914579962964485,24.870931370679955,True,True,0.0,0.6950839223958374,"GJR-GARCH(1,1,1)-t"
2037,8.147795742218774,13.104147149934244,True,True,3.4008629057489916e-14,0.4341406562067054,"GJR-GARCH(1,1,1)-t"
2046,-1.297579260943941,3.658772146771529,True,True,8.523441491526989e-17,0.9823057167722176,"GJR-GARCH(1,1,1)-t"
2058,20.950145539384913,25.906496947100386,True,True,0.0,0.9829458471823138,"GJR-GARCH(1,1,1)-t"
2075,12.533493762985891,17.48984517070136,True,True,0.05239398158218462,0.07969750434108534,"GJR-GARCH(1,1,1)-t"
2076,4.402129160182518,9.358480567897988,True,True,0.3834322089947042,3.3905655826964123e-22,"GJR-GARCH(1,1,1)-t"
2077,45.18128865001623,50.1376400577317,True,True,1.957930010981466e-20,0.24713406185965356,"GJR-GARCH(1,1,1)-t"
2085,9.48501139611333,14.4413628038288,True,True,0.0,0.5515797147523733,"GJR-GARCH(1,1,1)-t"
2086,11.872477664644475,16.828829072359945,True,True,0.21098969503010032,4.2070382388570606e-15,"GJR-GARCH(1,1,1)-t"
2088,11.497189963543857,16.453541371259327,True,True,3.1908012591830135e-13,0.8871934244559135,"GJR-GARCH(1,1,1)-t"
2102,25.57581512758703,30.5321665353025,True,False,0.9999999999999998,0.10483748523520801,"GJR-GARCH(1,1,1)-t"
2104,33.786334107222714,38.74268551493819,True,True,0.0,0.9830712484177075,"GJR-GARCH(1,1,1)-t"
2109,14.264867142811458,19.221218550526928,True,True,0.5008696742077491,9.09465813581412e-11,"GJR-GARCH(1,1,1)-t"
2117,-5.0991181328206565,-0.1427667251051865,True,False,1.0,0.07018213791433767,"GJR-GARCH(1,1,1)-t"
2118,2.0844910437864588,7.040842451501929,True,True,3.356187152507317e-13,1.4487549991165558e-11,"GJR-GARCH(1,1,1)-t"
2119,4.82573636299505,9.78208777071052,True,True,0.6276574305870664,1.3096536381411574e-16,"GJR-GARCH(1,1,1)-t"
2125,-12.80840957526949,-7.85205816755402,True,False,2.2282059469763544e-15,0.9999999999999822,"GJR-GARCH(1,1,1)-t"
2136,2.430952657970778,7.387304065686248,True,True,1.4094219958830832e-13,0.7144037450901767,"GJR-GARCH(1,1,1)-t"
2139,7.676506680795127,12.632858088510597,True,True,0.0,0.0,"GJR-GARCH(1,1,1)-t"
2146,33.19708466501774,38.15343607273321,True,True,3.9671360744704853e-13,0.9524657461852826,"GJR-GARCH(1,1,1)-t"
2169,1.836263808758499,6.792615216473969,True,False,7.395166904571677e-15,0.9999999999999929,"GJR-GARCH(1,1,1)-t"
2170,33.63686792033583,38.5932193280513,True,False,0.12500472620493433,0.9374976368623399,"GJR-GARCH(1,1,1)-t"
2172,21.097923044700575,26.054274452416045,True,True,6.959683253219057e-14,0.8587184768861947,"GJR-GARCH(1,1,1)-t"
2174,35.837193371835404,40.79354477955087,True,True,3.7410074181458787e-19,0.580623522340257,"GJR-GARCH(1,1,1)-t"
2178,24.81567121257587,29.77202262029134,True,True,0.0,0.7744437412607962,"GJR-GARCH(1,1,1)-t"
2181,-3.42681412995141,1.5295372777640601,True,True,1.6315328450022557e-10,4.948904854090364e-13,"GJR-GARCH(1,1,1)-t"
2183,-0.3050754056689797,4.65127600204649,True,False,0.3419039407640996,0.8290480296177226,"GJR-GARCH(1,1,1)-t"
2184,17.717815553321525,22.674166961036995,True,True,0.64376918145285,0.31210305033720903,"GJR-GARCH(1,1,1)-t"
2185,25.558965180605256,30.515316588320726,True,True,1.6867540279208065e-15,0.7700758100282037,"GJR-GARCH(1,1,1)-t"
2193,-2.8541620817523885,2.1021893259630815,True,True,0.0,0.7075604687541587,"GJR-GARCH(1,1,1)-t"
2196,-10.948443244861934,-5.992091837146464,True,True,0.0,0.9829341545628597,"GJR-GARCH(1,1,1)-t"
2197,35.76850799375498,40.72485940147045,True,True,0.43226903707650893,0.0,"GJR-GARCH(1,1,1)-t"
2199,-8.70648044645915,-3.7501290387436796,True,True,0.0,0.9634528149072237,"GJR-GARCH(1,1,1)-t"
2213,0.7719822302477759,5.728333637963246,True,True,4.427768571100863e-16,0.786843341121953,"GJR-GARCH(1,1,1)-t"
2219,5.790776790677263,10.747128198392733,True,True,0.0,0.7765042658138638,"GJR-GARCH(1,1,1)-t"
2239,10.694447781650174,15.650799189365644,True,True,1.468455926530001e-14,0.7754199435272151,"GJR-GARCH(1,1,1)-t"
2254,23.207372903520287,28.163724311235757,True,True,1.1371566022308241e-16,2.494211514600101e-15,"GJR-GARCH(1,1,1)-t"
2259,12.206743552187952,17.16309495990342,True,True,4.174240671673472e-13,0.9938859380085588,"GJR-GARCH(1,1,1)-t"
2267,-23.02633227471867,-18.0699808670032,True,False,1.0,0.0,"GJR-GARCH(1,1,1)-t"
2293,4.32815030025197,9.28450170796744,True,False,1.0,0.0,"GJR-GARCH(1,1,1)-t"
2303,10.44751060505607,15.40386201277154,True,True,1.5071599116879013e-15,0.42327119493908255,"GJR-GARCH(1,1,1)-t"
2312,11.676821154333963,16.633172562049435,True,True,3.8770174961664445e-13,6.528504433639119e-12,"GJR-GARCH(1,1,1)-t"
2329,7.581224378967296,12.537575786682766,True,True,0.0,0.6096785402157755,"GJR-GARCH(1,1,1)-t"
2331,10.310613726873424,15.266965134588894,True,False,0.5931397600616669,0.6678015559445438,"GJR-GARCH(1,1,1)-t"
2353,-8.681645151875117,-3.7252937441596465,True,True,0.0,0.08182136745002583,"GJR-GARCH(1,1,1)-t"
2366,10.198744394907894,15.155095802623364,True,False,0.27291493260633054,0.863542533696827,"GJR-GARCH(1,1,1)-t"
2374,15.11688601369547,20.07323742141094,True,True,4.322796018371111e-14,0.9596608079222241,"GJR-GARCH(1,1,1)-t"
2385,-6.48773919436719,-1.5313877866517203,True,False,0.9999999999999997,2.5734754507024007e-19,"GJR-GARCH(1,1,1)-t"
2390,3.7969937948684365,8.753345202583906,True,True,3.2132022799397676e-14,0.0,"GJR-GARCH(1,1,1)-t"
2392,29.509271872237502,34.46562327995297,True,True,3.657368177451482e-14,0.547736481928226,"GJR-GARCH(1,1,1)-t"
2410,34.889755161048306,39.84610656876377,True,True,2.044974710177301e-17,0.9894763969932662,"GJR-GARCH(1,1,1)-t"
2415,25.8955606972645,30.85191210497997,True,True,1.6761907595233736e-13,0.03940383303781772,"GJR-GARCH(1,1,1)-t"
2424,14.14853287463459,19.10488428235006,True,True,1.9944959874729254e-15,1.3673226967134316e-14,"GJR-GARCH(1,1,1)-t"
2433,17.25335736186474,22.20970876958021,True,False,0.0,1.0,"GJR-GARCH(1,1,1)-t"
2436,-20.763341567205543,-15.806990159490073,True,True,0.0,0.977324111917692,"GJR-GARCH(1,1,1)-t"
2439,35.15586897876226,40.11222038647773,True,True,0.6528626059480531,2.081379839346885e-18,"GJR-GARCH(1,1,1)-t"
2440,-19.31639175290332,-14.360040345187851,True,True,2.549702018271086e-16,0.022572496133246377,"GJR-GARCH(1,1,1)-t"
2444,18.476093804927054,23.432445212642527,True,True,0.0,0.9746989464583159,"GJR-GARCH(1,1,1)-t"
2447,25.733857559729287,30.690208967444754,True,True,2.113473384850462e-15,0.6211557419184814,"GJR-GARCH(1,1,1)-t"
2458,50.6872665187625,55.64361792647797,True,True,0.0,0.0,"GJR-GARCH(1,1,1)-t"
2463,13.405519878540822,18.361871286256292,True,True,0.0,0.0,"GJR-GARCH(1,1,1)-t"
2466,4.2892022368680855,9.245553644583556,True,False,0.554327117572053,0.6615010679460237,"GJR-GARCH(1,1,1)-t"
2468,17.392341270635903,22.348692678351373,True,True,0.0,0.9641999096489545,"GJR-GARCH(1,1,1)-t"
2479,-4.366359787994341,0.589991619721129,True,True,4.985138704853805e-09,4.421223717301302e-09,"GJR-GARCH(1,1,1)-t"
2489,42.178257503534326,47.1346089112498,True,False,1.0,0.0,"GJR-GARCH(1,1,1)-t"
2491,14.35796181723588,19.31431322495135,True,True,1.0419310721920383e-16,2.6891231136668444e-15,"GJR-GARCH(1,1,1)-t"
2502,10.039773218080867,14.996124625796337,True,False,5.2744180576986355e-12,0.999999999997188,"GJR-GARCH(1,1,1)-t"
2507,15.18907863878881,20.14543004650428,True,True,0.22176241416238052,1.8641296954392324e-17,"GJR-GARCH(1,1,1)-t"
2510,21.05445048730955,26.01080189502502,True,True,2.2228715567015658e-15,1.666905450758767e-13,"GJR-GARCH(1,1,1)-t"
2525,10.70247763107178,15.65882903878725,True,False,3.2936928838205407e-16,1.0,"GJR-GARCH(1,1,1)-t"
2534,4.742121506374655,9.698472914090125,True,True,9.180927351674501e-12,0.9469985096721604,"GJR-GARCH(1,1,1)-t"
2545,15.508212160996896,20.464563568712364,True,False,0.9999999999999893,0.2654147385055293,"GJR-GARCH(1,1,1)-t"
2553,21.139159072030168,26.09551047974564,True,True,0.0,0.6682897007381846,"GJR-GARCH(1,1,1)-t"
2559,-3.8710948479018654,1.0852565598136046,True,True,0.0,0.7894714845542583,"GJR-GARCH(1,1,1)-t"
2566,54.64004284895005,59.59639425666552,True,True,0.0,0.39130285613042853,"GJR-GARCH(1,1,1)-t"
2567,17.253849182203215,22.210200589918685,True,True,6.214739065521218e-19,0.8974257541558746,"GJR-GARCH(1,1,1)-t"
2568,-11.477338724329442,-6.520987316613972,True,False,0.999999999999555,0.4999999999998912,"GJR-GARCH(1,1,1)-t"
2573,9.70682242485454,14.66317383257001,True,False,0.0,0.9999999999999492,"GJR-GARCH(1,1,1)-t"
2582,11.002586715617094,15.958938123332564,True,True,5.0304697939433704e-15,0.9903668613889808,"GJR-GARCH(1,1,1)-t"
2591,28.766761035415705,33.72311244313118,True,True,0.0,0.9334831557278881,"GJR-GARCH(1,1,1)-t"
2593,16.268071355063245,21.224422762778715,True,True,0.0,0.694988567053391,"GJR-GARCH(1,1,1)-t"
2600,-10.222044083184255,-5.2656926754687845,True,True,0.6561122737741726,0.0,"GJR-GARCH(1,1,1)-t"
2631,6.943160170437384,11.899511578152854,True,True,0.0,0.19639961117915902,"GJR-GARCH(1,1,1)-t"
2643,14.481158946895217,19.437510354610687,True,True,1.6408339572676372e-15,0.0,"GJR-GARCH(1,1,1)-t"
2644,5.490757706559172,10.447109114274642,True,False,7.086983675973251e-19,1.0,"GJR-GARCH(1,1,1)-t"
2656,8.34819488816175,13.30454629587722,True,True,2.507713576415167e-17,0.6404102660166199,"GJR-GARCH(1,1,1)-t"
2657,-5.436023166790129,-0.47967175907465887,True,True,0.18770639256095972,0.3394653545920763,"GJR-GARCH(1,1,1)-t"
2659,7.762154531285969,12.718505939001439,True,True,1.051646436829614e-15,0.8134251671479223,"GJR-GARCH(1,1,1)-t"
2683,13.236953641053299,18.19330504876877,True,False,0.0,1.0,"GJR-GARCH(1,1,1)-t"
2709,-8.143251541576184,-3.186900133860714,True,False,1.0,0.0,"GJR-GARCH(1,1,1)-t"
2711,4.989604758230298,9.945956165945768,True,True,9.431817289748977e-16,0.37640904617958865,"GJR-GARCH(1,1,1)-t"
2717,18.942608203534846,23.898959611250316,True,False,0.0,1.0,"GJR-GARCH(1,1,1)-t"
2718,51.974200384046966,56.93055179176244,True,True,2.2135178841594243e-12,2.1717387471652315e-11,"GJR-GARCH(1,1,1)-t"
2740,4.7747521275020794,9.73110353521755,True,True,1.1892870299662672e-12,0.9842000423329095,"GJR-GARCH(1,1,1)-t"
2748,23.533323775186194,28.489675182901664,True,True,1.490555967923763e-15,0.0,"GJR-GARCH(1,1,1)-t"
2758,10.753164546721074,15.709515954436544,True,True,0.0,0.563673723205955,"GJR-GARCH(1,1,1)-t"
2772,12.161271088268363,17.11762249598383,True,False,1.0,0.0,"GJR-GARCH(1,1,1)-t"
2780,27.315162183778522,32.27151359149399,True,True,0.0,0.5118609962645305,"GJR-GARCH(1,1,1)-t"
2782,11.347890437016632,16.304241844732104,True,False,1.249192296053609e-18,1.0,"GJR-GARCH(1,1,1)-t"
2803,28.95050993563744,33.90686134335291,True,False,0.06437095908498675,0.9678145204575072,"GJR-GARCH(1,1,1)-t"
2811,-6.370011923011141,-1.4136605152956712,True,True,0.0,0.4818530623999467,"GJR-GARCH(1,1,1)-t"
2826,-1.1141092131253885,3.8422421945900815,True,True,6.249405931290351e-10,0.9839629721361575,"GJR-GARCH(1,1,1)-t"
2833,5.643484878763541,10.599836286479011,True,True,0.16508168600903492,2.103338356188948e-12,"GJR-GARCH(1,1,1)-t"
2844,8.412428339105915,13.368779746821385,True,False,0.7390327984233578,0.40233173422639074,"GJR-GARCH(1,1,1)-t"
2846,23.653757471689993,28.610108879405463,True,True,1.5160796567134272e-13,0.9083606005849285,"GJR-GARCH(1,1,1)-t"
2867,19.300439903873606,24.256791311589076,True,True,3.5369394711151205e-20,0.9662767604421981,"GJR-GARCH(1,1,1)-t"
2876,39.42646167249331,44.38281308020878,True,True,1.2228351439120756e-20,0.16529693276930926,"GJR-GARCH(1,1,1)-t"
2881,-2.490315574766065,2.466035832949405,True,False,0.0,1.0,"GJR-GARCH(1,1,1)-t"
2883,6.173324843964284,11.129676251679754,True,True,1.4916153407178962e-09,0.6943328776581686,"GJR-GARCH(1,1,1)-t"
2891,-8.998413581197347,-4.042062173481877,True,True,1.619786672049324e-15,0.4458518543738669,"GJR-GARCH(1,1,1)-t"
2892,10.588771836579884,15.545123244295354,True,True,0.10550093910365764,0.8736993326287829,"GJR-GARCH(1,1,1)-t"
2893,22.980372056488633,27.936723464204103,True,True,0.0,0.3075307412497331,"GJR-GARCH(1,1,1)-t"
2902,17.82817057441106,22.78452198212653,True,False,0.0,1.0,"GJR-GARCH(1,1,1)-t"
2903,21.419890411607057,26.376241819322527,True,False,0.8737552472940574,0.5066514538376997,"GJR-GARCH(1,1,1)-t"
2908,-3.3696520110003476,1.5866993967151224,True,False,0.0,1.0,"GJR-GARCH(1,1,1)-t"
2917,-7.550336481589415,-2.593985073873945,True,False,1.0,0.35652043664116706,"GJR-GARCH(1,1,1)-t"
2929,-7.498359319818707,-2.5420079121032373,True,True,1.3272253509800282e-14,0.004542393561043309,"GJR-GARCH(1,1,1)-t"
2932,10.38469833463232,15.34104974234779,True,False,0.0,1.0,"GJR-GARCH(1,1,1)-t"
2946,86.02638013243752,90.982731540153,True,False,0.999999999999999,0.4575056312370528,"GJR-GARCH(1,1,1)-t"
2956,82.94672085506735,87.90307226278283,True,False,0.9999996929411853,3.568582581535971e-10,"GJR-GARCH(1,1,1)-t"
2969,-5.066347711293609,-0.10999630357813928,True,True,0.06121706076604014,3.712967577465657e-15,"GJR-GARCH(1,1,1)-t"
2979,16.34603488319602,21.302386290911485,True,True,0.2595848815258248,0.0,"GJR-GARCH(1,1,1)-t"
2982,8.93709962425493,13.8934510319704,True,True,0.0,0.0,"GJR-GARCH(1,1,1)-t"
2992,14.451998511018669,19.40834991873414,True,False,0.0,1.0,"GJR-GARCH(1,1,1)-t"
2999,15.441610767245127,20.397962174960597,True,False,1.0,0.0,"GJR-GARCH(1,1,1)-t"
3001,-4.216534793338937,0.739816614376533,True,True,1.2319049144842065e-18,0.014668806562585925,"GJR-GARCH(1,1,1)-t"
3002,34.918204501273365,39.87455590898884,True,True,2.214049272137963e-15,0.8308000755299533,"GJR-GARCH(1,1,1)-t"
3008,10.314252385988908,15.270603793704378,True,False,1.5883445551232097e-14,0.9999999999998882,"GJR-GARCH(1,1,1)-t"
3009,10.211026850982817,15.167378258698287,True,True,1.3333504687474416e-14,0.9920511000593545,"GJR-GARCH(1,1,1)-t"
3012,18.755043682566274,23.711395090281744,True,True,0.0,0.7359606398606671,"GJR-GARCH(1,1,1)-t"
3017,5.283583293791118,10.239934701506588,True,False,2.345163143867755e-17,0.9999999999999999,"GJR-GARCH(1,1,1)-t"
3025,3.3480171308127904,8.30436853852826,True,False,0.9999999999999449,5.321135374938812e-14,"GJR-GARCH(1,1,1)-t"
3029,6.636317747430935,11.592669155146405,True,True,1.8115823728231625e-15,0.9517830969200729,"GJR-GARCH(1,1,1)-t"
3033,-3.948874288965282,1.007477118750188,True,False,0.0,1.0,"GJR-GARCH(1,1,1)-t"
3044,8.84788109994157,13.80423250765704,True,True,4.555284689392785e-16,0.8350744125224674,"GJR-GARCH(1,1,1)-t"
3046,-23.92235197145702,-18.96600056374155,True,False,1.0,0.0,"GJR-GARCH(1,1,1)-t"
3069,18.236439298686314,23.192790706401784,True,True,0.2912317420764889,3.89998941290147e-20,"GJR-GARCH(1,1,1)-t"
3092,17.99932989780228,22.95568130551775,True,False,0.0,1.0,"GJR-GARCH(1,1,1)-t"
3098,4.409794049512195,9.366145457227665,True,True,0.10746197787436919,3.459458947354815e-19,"GJR-GARCH(1,1,1)-t"
3108,14.84682331122229,19.80317471893776,True,True,0.3300551484198258,3.959618461180534e-12,"GJR-GARCH(1,1,1)-t"
3113,9.488228166671643,14.444579574387113,True,True,6.134004969869507e-14,2.0250740524058062e-12,"GJR-GARCH(1,1,1)-t"
3123,11.286281146992982,16.24263255470845,True,True,0.731969315311047,0.0,"GJR-GARCH(1,1,1)-t"
3130,11.51044514757191,16.46679655528738,True,True,0.40844563572467774,3.5402912906754157e-13,"GJR-GARCH(1,1,1)-t"
3135,4.113404325623273,9.069755733338743,True,True,1.9673833128581958e-16,3.5823179516167987e-17,"GJR-GARCH(1,1,1)-t"
3138,73.96960624622542,78.9259576539409,True,False,1.0,0.09950265790342708,"GJR-GARCH(1,1,1)-t"
3146,-3.5647565900137295,1.3915948177017405,True,True,2.058113125395267e-15,0.21399595602132593,"GJR-GARCH(1,1,1)-t"
3152,24.44903929857132,29.405390706286788,True,True,7.214046001097651e-16,3.299874456933426e-15,"GJR-GARCH(1,1,1)-t"
3154,4.865634204464232,9.821985612179702,True,True,0.0,0.9695280719266085,"GJR-GARCH(1,1,1)-t"
3160,-5.300293212641101,-0.3439418049256311,True,True,8.957725984150587e-15,0.5563113188721566,"GJR-GARCH(1,1,1)-t"
3179,19.246214523437146,24.202565931152613,True,True,0.0,0.3408503830016959,"GJR-GARCH(1,1,1)-t"
3187,33.96945327016035,38.92580467787582,True,False,1.1510424203275885e-15,0.9999999999999966,"GJR-GARCH(1,1,1)-t"
3211,14.310553269283748,19.266904676999218,True,True,0.6275456342541776,0.3299937927585317,"GJR-GARCH(1,1,1)-t"
3223,4.633962043030731,9.590313450746201,True,False,0.0,0.9999999999999999,"GJR-GARCH(1,1,1)-t"
3233,9.236766626775875,14.193118034491345,True,True,1.0986577941457822e-15,0.9427730644937113,"GJR-GARCH(1,1,1)-t"
3270,13.462060055091797,18.418411462807267,True,True,0.28643348041731226,5.644960581950955e-15,"GJR-GARCH(1,1,1)-t"
3280,16.63671720144427,21.59306860915974,True,True,5.8069421918859e-13,0.9535298214971086,"GJR-GARCH(1,1,1)-t"
3291,9.441321313675608,14.397672721391078,True,False,1.0,0.0,"GJR-GARCH(1,1,1)-t"
3318,10.103165968958823,15.059517376674293,True,True,1.1702626023729751e-20,0.4304890288077043,"GJR-GARCH(1,1,1)-t"
3322,13.263938341001726,18.220289748717196,True,False,1.7596509203188417e-14,0.9999999999998836,"GJR-GARCH(1,1,1)-t"
3323,-8.720477512525726,-3.7641261048102557,True,True,1.6410395054381065e-14,2.7238250986359896e-14,"GJR-GARCH(1,1,1)-t"
3327,-1.5950655410737777,3.3612858666416923,True,True,9.758798695206416e-16,0.5660296246297017,"GJR-GARCH(1,1,1)-t"
3328,32.03166389287523,36.988015300590696,True,True,0.0,0.8171657662483126,"GJR-GARCH(1,1,1)-t"
3333,37.0179089486531,41.974260356368575,True,True,0.4183774276167075,0.0,"GJR-GARCH(1,1,1)-t"
3367,17.562539825548527,22.518891233263997,True,False,0.0,1.0,"GJR-GARCH(1,1,1)-t"
3373,46.016883903793065,50.97323531150853,True,True,2.07449159142688e-15,0.42321226856723526,"GJR-GARCH(1,1,1)-t"
3378,30.184441143806986,35.14079255152245,True,True,0.0,0.617896251029157,"GJR-GARCH(1,1,1)-t"
3381,9.468759229988137,14.425110637703607,True,True,0.06397280130866617,9.558135043869997e-09,"GJR-GARCH(1,1,1)-t"
3384,14.018791183354466,18.975142591069936,True,True,0.0,0.9718114081743016,"GJR-GARCH(1,1,1)-t"
3389,30.890754731073912,35.847106138789385,True,True,0.08302735334761793,6.133849201036188e-10,"GJR-GARCH(1,1,1)-t"
3396,23.902769034363438,28.859120442078908,True,False,0.0,1.0,"GJR-GARCH(1,1,1)-t"
3399,33.47169840893897,38.428049816654436,True,False,0.9999999999999989,3.325272904416677e-20,"GJR-GARCH(1,1,1)-t"
3404,11.14324302798429,16.09959443569976,True,True,5.019883618977539e-12,0.768004371941381,"GJR-GARCH(1,1,1)-t"
3406,61.39716257517294,66.35351398288842,True,False,0.9999999999999994,1.8054610489446396e-15,"GJR-GARCH(1,1,1)-t"
3414,2.1114517229700827,7.067803130685553,True,True,0.0,0.0,"GJR-GARCH(1,1,1)-t"
3427,21.798628684503576,26.754980092219046,True,True,0.0,0.7959867575516176,"GJR-GARCH(1,1,1)-t"
3431,-5.085271443826503,-0.1289200361110332,True,True,0.0,0.9589891310177746,"GJR-GARCH(1,1,1)-t"
3445,-2.126286403096021,2.830065004619449,True,True,2.6797541044943316e-18,1.3394817470068256e-17,"GJR-GARCH(1,1,1)-t"
3457,5.169864193395494,10.126215601110964,True,False,7.809357804224548e-17,1.0,"GJR-GARCH(1,1,1)-t"
3465,-4.817083284370963,0.13926812334450744,True,True,0.0,0.0,"GJR-GARCH(1,1,1)-t"
3469,11.293068824854025,16.249420232569495,True,False,0.0,1.0,"GJR-GARCH(1,1,1)-t"
3484,18.53044498667763,23.4867963943931,True,False,0.9999999999663436,5.493536092799778e-12,"GJR-GARCH(1,1,1)-t"
3486,20.552428091140335,25.5087794988558,True,True,3.61936912350395e-16,0.14532223777726336,"GJR-GARCH(1,1,1)-t"
3513,21.167232846225005,26.12358425394048,True,True,0.5326645601259801,0.21163122994417768,"GJR-GARCH(1,1,1)-t"
3516,-1.4709809247992816,3.4853704829161885,True,True,3.690607636295026e-12,3.431490170405965e-11,"GJR-GARCH(1,1,1)-t"
3531,5.80874942820992,10.76510083592539,True,False,0.0,1.0,"GJR-GARCH(1,1,1)-t"
3536,19.43552829435835,24.391879702073823,True,True,0.0,0.6271272649268391,"GJR-GARCH(1,1,1)-t"
3552,14.535027725756864,19.491379133472336,True,True,0.0,0.3265977438668122,"GJR-GARCH(1,1,1)-t"
3564,-7.64416938076976,-2.6878179730542904,True,False,1.5734225292688278e-14,0.9999999999999788,"GJR-GARCH(1,1,1)-t"
3567,-5.538098148185366,-0.5817467404698959,True,True,0.32323874585184886,1.2826503968892389e-11,"GJR-GARCH(1,1,1)-t"
3580,26.01382353818156,30.97017494589703,True,True,4.0532493123614956e-14,0.3441999010709451,"GJR-GARCH(1,1,1)-t"
3587,27.387397685420478,32.34374909313595,True,True,0.0,0.6813970435229381,"GJR-GARCH(1,1,1)-t"
3596,10.957661136924257,15.914012544639727,True,True,1.0629934122325242e-13,0.7289630091380448,"GJR-GARCH(1,1,1)-t"
3601,45.160147431199775,50.11649883891525,True,False,1.4194507492441584e-13,0.9999999999859879,"GJR-GARCH(1,1,1)-t"
3607,7.498857032502045,12.455208440217515,True,True,2.295260628562088e-13,0.9427388587430656,"GJR-GARCH(1,1,1)-t"
3622,-3.316240558581139,1.6401108491343308,True,True,0.0,0.9591411319990425,"GJR-GARCH(1,1,1)-t"
3626,39.65321356133165,44.60956496904711,True,True,5.941100541185516e-14,5.217698230817388e-14,"GJR-GARCH(1,1,1)-t"
3640,2.3838583053133693,7.340209713028839,True,True,0.6477028476062942,2.4713400304438436e-20,"GJR-GARCH(1,1,1)-t"
3650,29.170548588861514,34.12689999657698,True,False,0.0,1.0,"GJR-GARCH(1,1,1)-t"
3655,2.896984358634416,7.853335766349886,True,False,1.0,1.4177452134066033e-18,"GJR-GARCH(1,1,1)-t"
3660,-7.3133329258674,-2.3569815181519296,True,True,1.2356080039434888e-13,0.9548760142657547,"GJR-GARCH(1,1,1)-t"
3661,21.270497550017616,26.226848957733086,True,True,0.0,0.8376875894195338,"GJR-GARCH(1,1,1)-t"
3668,7.297147645796716,12.253499053512186,True,True,0.6460750255952507,1.5223588975949442e-10,"GJR-GARCH(1,1,1)-t"
3685,9.798141937108964,14.754493344824434,True,True,3.2515371879562477e-15,0.005331051310025184,"GJR-GARCH(1,1,1)-t"
3686,-4.745854321824311,0.21049708589115923,True,True,5.38008575288145e-16,1.981003471165223e-15,"GJR-GARCH(1,1,1)-t"
3694,7.1582954374394205,12.11464684515489,True,True,4.1537436756164235e-11,0.8331636918583243,"GJR-GARCH(1,1,1)-t"
3703,11.63377587259059,16.59012728030606,True,True,1.2426248288139065e-16,0.9653041307723903,"GJR-GARCH(1,1,1)-t"
3711,17.391275960681007,22.34762736839648,True,False,1.0,0.0,"GJR-GARCH(1,1,1)-t"
3720,43.699808239754454,48.65615964746992,True,True,0.6501522942440806,0.1812294483071227,"GJR-GARCH(1,1,1)-t"
3721,7.948209988686143,12.904561396401613,True,True,0.31423372133910754,9.74811408955924e-14,"GJR-GARCH(1,1,1)-t"
3732,-0.9856062932085798,3.97074511450689,True,False,9.921029355354462e-16,0.9999999999999509,"GJR-GARCH(1,1,1)-t"
3735,11.781891290504255,16.738242698219725,True,True,0.0,5.983659901285583e-15,"GJR-GARCH(1,1,1)-t"
3737,8.45801112056073,13.4143625282762,True,True,2.5429559025756174e-12,0.991945374515817,"GJR-GARCH(1,1,1)-t"
3758,23.23067376657145,28.18702517428692,True,True,0.0,1.6748765227460884e-09,"GJR-GARCH(1,1,1)-t"
3762,25.513746213960555,30.470097621676025,True,True,0.0,0.4517493045864532,"GJR-GARCH(1,1,1)-t"
3797,10.341602264511293,15.297953672226763,True,True,2.9178374806163834e-16,0.3395279679975392,"GJR-GARCH(1,1,1)-t"
3804,-6.864066754326661,-1.907715346611191,True,True,0.730376272665728,6.454762464288633e-14,"GJR-GARCH(1,1,1)-t"
3836,9.868731856572406,14.825083264287876,True,True,1.2357468036105394e-14,0.9767245311902117,"GJR-GARCH(1,1,1)-t"
3846,21.33207958128756,26.288430989003025,True,True,0.0,0.0,"GJR-GARCH(1,1,1)-t"
3877,25.26441706756694,30.220768475282405,True,True,0.0,0.3256335456425606,"GJR-GARCH(1,1,1)-t"
3884,18.56503680354794,23.52138821126341,True,False,0.9999999999999806,0.5000000000000123,"GJR-GARCH(1,1,1)-t"
3886,17.595071633410747,22.551423041126217,True,True,0.22976581505845034,3.192298471234438e-11,"GJR-GARCH(1,1,1)-t"
3908,48.02768226586847,52.98403367358394,True,True,2.6095508841965434e-15,0.9244218160206933,"GJR-GARCH(1,1,1)-t"
3921,17.093457692897527,22.049809100612997,True,True,8.410483024923421e-17,0.6921320940424476,"GJR-GARCH(1,1,1)-t"
3922,-37.97064502779438,-33.01429362007892,True,True,1.268889410855344e-14,0.38387876143894656,"GJR-GARCH(1,1,1)-t"
3931,7.66658558132074,12.62293698903621,True,True,0.21774226281199002,1.2240835769716014e-15,"GJR-GARCH(1,1,1)-t"
3955,0.6187919840254104,5.57514339174088,True,True,0.0,0.6540275081713257,"GJR-GARCH(1,1,1)-t"
3957,-9.483776100925112,-4.5274246932096425,True,True,9.860524780347867e-08,1.9838727807002452e-06,"GJR-GARCH(1,1,1)-t"
3961,12.79026062082417,17.74661202853964,True,True,4.234782896716713e-15,0.36472539739293475,"GJR-GARCH(1,1,1)-t"
3962,6.564191616263646,11.520543023979116,True,False,1.2730429798004613e-15,0.9999999999999991,"GJR-GARCH(1,1,1)-t"
3974,21.718093203517196,26.674444611232666,True,True,0.822905394716442,0.07354951769743893,"GJR-GARCH(1,1,1)-t"
3987,-0.3868147904306376,4.569536617284832,True,True,8.152184147785144e-18,0.7116012427448603,"GJR-GARCH(1,1,1)-t"
3999,29.786756176000843,34.74310758371631,True,False,0.5816076216485248,0.6637835429596372,"GJR-GARCH(1,1,1)-t"
4004,16.95729333258227,21.91364474029774,True,True,0.0,5.096662527710587e-17,"GJR-GARCH(1,1,1)-t"
4013,13.974917015861404,18.931268423576874,True,True,1.821300645993963e-14,0.7582606317027757,"GJR-GARCH(1,1,1)-t"
4027,28.338957875480126,33.29530928319559,True,True,2.2544110498672387e-15,0.0,"GJR-GARCH(1,1,1)-t"
4031,-16.857370008643343,-11.901018600927873,True,False,0.0,1.0,"GJR-GARCH(1,1,1)-t"
4032,39.05787538781147,44.01422679552694,True,True,0.0,1.0783160915850671e-07,"GJR-GARCH(1,1,1)-t"
4034,-15.12096813357395,-10.16461672585848,True,True,1.0745386691999822e-12,0.7366244226963133,"GJR-GARCH(1,1,1)-t"
4037,7.735180549455941,12.69153195717141,True,False,0.9999999997753888,4.9618277718820146e-11,"GJR-GARCH(1,1,1)-t"
4038,-10.049101906953712,-5.092750499238242,True,False,2.144224400086548e-14,0.9999999999998922,"GJR-GARCH(1,1,1)-t"
4043,-3.184650577593839,1.771700830121631,True,True,0.0,0.9528976326762639,"GJR-GARCH(1,1,1)-t"
4052,6.70582104935149,11.66217245706696,True,True,2.887154182768327e-14,0.9261413911797168,"GJR-GARCH(1,1,1)-t"
4060,-17.15339261249568,-12.19704120478021,True,True,4.006274151428918e-14,0.9902774736418796,"GJR-GARCH(1,1,1)-t"
4067,23.977519688225723,28.933871095941193,True,True,0.0,0.8220203518112273,"GJR-GARCH(1,1,1)-t"
4069,8.716363763303267,13.672715171018737,True,True,3.152390464026919e-09,0.9697717152618022,"GJR-GARCH(1,1,1)-t"
4071,-19.973127312628307,-15.016775904912837,True,True,0.09886876218081737,0.240350434521995,"GJR-GARCH(1,1,1)-t"
4072,-0.8986444670151172,4.057706940700353,True,True,0.2313880098949002,0.0,"GJR-GARCH(1,1,1)-t"
4075,5.514625155493054,10.470976563208524,True,True,3.850324270331621e-09,0.9564720013809482,"GJR-GARCH(1,1,1)-t"
4079,32.42288532143729,37.379236729152765,True,True,4.086717914675225e-15,1.1892152163334659e-12,"GJR-GARCH(1,1,1)-t"
4084,20.30411030360513,25.2604617113206,True,True,9.899626385819979e-12,0.5524233685926108,"GJR-GARCH(1,1,1)-t"
4089,-2.1272076459253597,2.8291437617901103,True,True,0.8053536365388126,0.0,"GJR-GARCH(1,1,1)-t"
4091,50.33151409298381,55.28786550069928,True,True,0.7528282093800622,0.08124324478663765,"GJR-GARCH(1,1,1)-t"
4103,22.876231848802874,27.83258325651834,True,True,0.7557289198695998,0.01688161943788591,"GJR-GARCH(1,1,1)-t"
4106,24.04571824686642,29.002069654581895,True,True,0.008578745326265395,0.9171810507901349,"GJR-GARCH(1,1,1)-t"
4131,20.005243287583706,24.961594695299176,True,True,0.3487413749982842,1.1101117064705333e-15,"GJR-GARCH(1,1,1)-t"
4132,9.118881107455694,14.075232515171164,True,True,0.0,0.9646315336780616,"GJR-GARCH(1,1,1)-t"
4138,15.397253360345225,20.353604768060695,True,True,0.015030331184795628,1.6638797756314825e-14,"GJR-GARCH(1,1,1)-t"
4140,11.571610084407421,16.52796149212289,True,False,0.9999999999877751,1.2807038764666762e-11,"GJR-GARCH(1,1,1)-t"
4142,-18.20426341627119,-13.24791200855572,True,True,1.5369164834076418e-15,9.561257102879005e-15,"GJR-GARCH(1,1,1)-t"
4155,44.07514847503053,49.031499882746004,True,False,0.9999999991755621,5.248476637523162e-10,"GJR-GARCH(1,1,1)-t"
4156,39.78811016241181,44.744461570127285,True,True,0.0,0.6788594593354764,"GJR-GARCH(1,1,1)-t"
4158,14.885976582867292,19.842327990582763,True,True,0.0,4.764477654721765e-14,"GJR-GARCH(1,1,1)-t"
4159,14.892029304248808,19.84838071196428,True,True,5.2103737141507765e-14,3.1728762061557514e-14,"GJR-GARCH(1,1,1)-t"
4173,-2.933363737149353,2.022987670566117,True,True,2.513703603659253e-14,0.9548865294205433,"GJR-GARCH(1,1,1)-t"
4186,27.440265153360034,32.396616561075504,True,True,1.3911386103634239e-14,0.9653379073778461,"GJR-GARCH(1,1,1)-t"
4193,13.894518669373724,18.850870077089194,True,True,0.4200778438580838,2.124540088193926e-14,"GJR-GARCH(1,1,1)-t"
4201,10.99798261273358,15.95433402044905,True,False,0.11612316013433796,0.9419384199429383,"GJR-GARCH(1,1,1)-t"
4209,-0.7482470798831677,4.208104327832302,True,False,5.005662762167872e-15,0.9999999999999741,"GJR-GARCH(1,1,1)-t"
4219,1.0251243330211999,5.98147574073667,True,False,0.0,0.9999999999998678,"GJR-GARCH(1,1,1)-t"
4226,-7.364934090534501,-2.4085826828190307,True,False,0.0,1.0,"GJR-GARCH(1,1,1)-t"
4257,26.719563752379152,31.675915160094622,True,True,0.0,0.8056899941485637,"GJR-GARCH(1,1,1)-t"
4264,-2.6458832090081366,2.3104681987073334,True,False,1.0,1.962337332358438e-15,"GJR-GARCH(1,1,1)-t"
4265,12.929183410255382,17.885534817970854,True,True,5.079325506863467e-14,0.0,"GJR-GARCH(1,1,1)-t"
4266,22.167492285471763,27.123843693187233,True,True,0.48626872145809236,0.10407306601668351,"GJR-GARCH(1,1,1)-t"
4275,5.226759575980839,10.18311098369631,True,False,0.0,1.0,"GJR-GARCH(1,1,1)-t"
4293,1.1670929407625223,6.123444348477992,True,False,1.0,7.498541235051413e-20,"GJR-GARCH(1,1,1)-t"
4294,29.30037765655034,34.25672906426581,True,True,1.4846837750468178e-17,2.1209690493779193e-16,"GJR-GARCH(1,1,1)-t"
4302,3.7169425660003554,8.673293973715825,True,True,2.695670078613255e-17,0.934413679183072,"GJR-GARCH(1,1,1)-t"
4310,-13.870545160752336,-8.914193753036866,True,False,4.403821969654099e-16,0.9999999999999991,"GJR-GARCH(1,1,1)-t"
4318,3.5089613992321844,8.465312806947654,True,True,0.0,0.0,"GJR-GARCH(1,1,1)-t"
4329,30.584716383457945,35.54106779117342,True,True,1.1039814504527967e-13,0.977058113343007,"GJR-GARCH(1,1,1)-t"
4361,1.6433760012846417,6.599727409000112,True,True,2.6306371187885948e-21,0.09904223898579818,"GJR-GARCH(1,1,1)-t"
4364,6.929348834492492,11.885700242207962,True,False,1.0,0.0,"GJR-GARCH(1,1,1)-t"
4367,7.016876137424436,11.973227545139906,True,True,0.6375778884415347,7.789451881468643e-16,"GJR-GARCH(1,1,1)-t"
4371,-0.265701520965937,4.690649886749533,True,True,1.090384505207212e-06,0.6541155214030863,"GJR-GARCH(1,1,1)-t"
4377,7.808361400690841,12.764712808406312,True,False,0.09301545934312003,0.9534922703284434,"GJR-GARCH(1,1,1)-t"
4385,20.372029935828436,25.32838134354391,True,False,1.5189432229588446e-18,1.0,"GJR-GARCH(1,1,1)-t"
4388,-3.2229053900302524,1.7334460176852176,True,False,1.0,2.9706090872401615e-19,"GJR-GARCH(1,1,1)-t"
4400,29.967140025173663,34.92349143288913,True,True,1.5870542549790436e-13,0.9649012214445158,"GJR-GARCH(1,1,1)-t"
4403,-5.312340530376602,-0.35598912266113203,True,True,0.0,0.0,"GJR-GARCH(1,1,1)-t"
4414,-3.3514788593139464,1.6048725484015236,True,True,8.306658812603979e-14,0.9935665826658561,"GJR-GARCH(1,1,1)-t"
4431,10.980384973794365,15.936736381509835,True,True,0.0,0.970576605727155,"GJR-GARCH(1,1,1)-t"
4432,-6.05710363476852,-1.10075222705305,True,True,5.1711631555223697e-17,0.25335451709172685,"GJR-GARCH(1,1,1)-t"
4449,3.372580159932351,8.328931567647821,True,True,4.014459280222288e-14,0.5910782618930231,"GJR-GARCH(1,1,1)-t"
4457,18.200606055746555,23.156957463462025,True,True,1.9216128841379657e-16,0.2893254683152756,"GJR-GARCH(1,1,1)-t"
4460,4.048214617568608,9.004566025284078,True,True,9.065539478956303e-14,1.4962533782659055e-12,"GJR-GARCH(1,1,1)-t"
4470,-12.998688957325843,-8.042337549610373,True,False,0.9999999999994937,3.936522561472239e-12,"GJR-GARCH(1,1,1)-t"
4477,14.719836670758534,19.676188078474006,True,True,3.474974464594377e-17,0.3087924993010983,"GJR-GARCH(1,1,1)-t"
4479,24.92186972624998,29.878221133965454,True,True,0.0,0.0,"GJR-GARCH(1,1,1)-t"
4487,-0.033840132833166336,4.922511274882304,True,True,0.0,2.04658299757886e-12,"GJR-GARCH(1,1,1)-t"
4489,-12.061173411121136,-7.1048220034056655,True,True,0.0,1.21608463543239e-10,"GJR-GARCH(1,1,1)-t"
4493,8.45045674318283,13.4068081508983,True,True,5.622761880117857e-17,1.792896091547435e-16,"GJR-GARCH(1,1,1)-t"
4518,8.126740668731586,13.083092076447056,True,False,0.9999999997169828,9.664418285615188e-11,"GJR-GARCH(1,1,1)-t"
4543,-8.296634969184613,-3.3402835614691426,True,False,0.0,1.0,"GJR-GARCH(1,1,1)-t"
4547,25.402080279880355,30.358431687595825,True,True,9.896766027821146e-15,0.9794209455087707,"GJR-GARCH(1,1,1)-t"
4555,15.969816951179299,20.92616835889477,True,True,7.8417925671784e-15,4.9741587405398717e-11,"GJR-GARCH(1,1,1)-t"
4557,0.8556691313190115,5.8120205390344815,True,True,2.439140496174092e-16,0.7797006167213258,"GJR-GARCH(1,1,1)-t"
4560,40.63775256922409,45.594103976939564,True,True,1.8738447572973737e-16,0.46837210406824015,"GJR-GARCH(1,1,1)-t"
4570,-6.686489483516766,-1.730138075801296,True,True,0.9950852456308238,3.194606438372117e-13,"GJR-GARCH(1,1,1)-t"
4571,19.143880851818118,24.100232259533584,True,True,5.660887638776715e-17,0.7963603920410299,"GJR-GARCH(1,1,1)-t"
4587,7.131550503897176,12.087901911612647,True,True,0.061561508589076004,4.444042975701692e-12,"GJR-GARCH(1,1,1)-t"
4588,21.013827188698222,25.97017859641369,True,True,6.519929787689553e-15,0.2697978374752892,"GJR-GARCH(1,1,1)-t"
4601,27.5220735440654,32.478424951780866,True,True,0.0,0.7012157733824241,"GJR-GARCH(1,1,1)-t"
4603,-0.10716177739053556,4.849189630324934,True,False,5.267328001396472e-16,0.9999999999999998,"GJR-GARCH(1,1,1)-t"
4613,18.276193455247878,23.23254486296335,True,True,0.09444970021782062,2.3513231157611536e-10,"GJR-GARCH(1,1,1)-t"
4615,-7.279283924759383,-2.3229325170439132,True,True,6.592991756656193e-16,0.9219559207662075,"GJR-GARCH(1,1,1)-t"
4616,50.43966613703641,55.396017544751885,True,True,2.337584683661198e-23,0.9447683230561674,"GJR-GARCH(1,1,1)-t"
4618,25.03974439221316,29.99609579992863,True,True,2.4243737237420376e-14,0.8968824428728472,"GJR-GARCH(1,1,1)-t"
4622,16.233450928436888,21.189802336152358,True,True,5.044568787932346e-16,0.35168984139812787,"GJR-GARCH(1,1,1)-t"
4627,4.755342185500334,9.711693593215804,True,True,0.04088822969064007,0.06698569735874509,"GJR-GARCH(1,1,1)-t"
4630,-1.7577552472633986,3.1985961604520714,True,True,0.4688291165347505,2.4281623885057424e-15,"GJR-GARCH(1,1,1)-t"
4649,-19.607928424958303,-14.651577017242833,True,True,0.41391553511867113,0.0,"GJR-GARCH(1,1,1)-t"
4654,-7.027267088332124,-2.070915680616654,True,True,3.034499153729154e-15,0.9514935960327489,"GJR-GARCH(1,1,1)-t"
4661,9.238629827668023,14.194981235383493,True,True,1.9566685388626055e-15,0.27306007302363655,"GJR-GARCH(1,1,1)-t"
4667,21.79564979745232,26.75200120516779,True,False,0.35306378473363503,0.6685786419600637,"GJR-GARCH(1,1,1)-t"
4690,21.956675649135146,26.913027056850616,True,True,7.483588223600797e-20,0.782091136845096,"GJR-GARCH(1,1,1)-t"
4695,9.820023183912564,14.776374591628034,True,True,0.1692998423213434,0.0,"GJR-GARCH(1,1,1)-t"
4707,0.24290650680652526,5.199257914521995,True,False,1.4198824759083516e-14,0.9999999999998868,"GJR-GARCH(1,1,1)-t"
4713,-2.398802782619363,2.557548625096107,True,False,0.0,0.9999999999999999,"GJR-GARCH(1,1,1)-t"
4714,20.311204040533184,25.267555448248658,True,True,0.4810000144792277,2.3037849543161036e-14,"GJR-GARCH(1,1,1)-t"
4723,11.791378371096464,16.747729778811934,True,True,0.6703127390698735,0.06083075831115039,"GJR-GARCH(1,1,1)-t"
4724,-7.398749772652614,-2.4423983649371444,True,False,1.6479773013814323e-14,0.9999999999999012,"GJR-GARCH(1,1,1)-t"
4737,4.733733324160243,9.690084731875713,True,True,0.6206680852596214,5.477316763300345e-18,"GJR-GARCH(1,1,1)-t"
4739,-9.682630885080403,-4.726279477364933,True,True,1.8684355553053987e-13,0.8135564080619375,"GJR-GARCH(1,1,1)-t"
4743,42.88187793828763,47.838229346003104,True,False,0.620759602582954,0.6841934537064012,"GJR-GARCH(1,1,1)-t"
4746,15.469162479275955,20.425513886991425,True,False,0.8368517388434878,0.2769249994606871,"GJR-GARCH(1,1,1)-t"
4754,9.031601519209673,13.987952926925143,True,True,0.26365203197610093,0.17137579840292483,"GJR-GARCH(1,1,1)-t"
4762,38.67749620855979,43.63384761627526,True,True,0.011670518364946517,0.17969810731722766,"GJR-GARCH(1,1,1)-t"
4774,5.096926286247834,10.053277693963304,True,True,1.857484202107914e-16,3.5356505220788923e-15,"GJR-GARCH(1,1,1)-t"
4787,31.780100128135174,36.73645153585065,True,True,0.0,0.9058930680227334,"GJR-GARCH(1,1,1)-t"
4797,7.8054792763031955,12.761830684018665,True,False,0.9999999999999988,0.20729669441119716,"GJR-GARCH(1,1,1)-t"
4817,42.9574668201617,47.913818227877165,True,True,0.11052858419756015,7.205112975661346e-13,"GJR-GARCH(1,1,1)-t"
4844,34.128069894026964,39.08442130174243,True,True,2.0207881999983985e-13,0.6956074723890011,"GJR-GARCH(1,1,1)-t"
4849,36.882495869705025,41.8388472774205,True,True,0.8561954205362797,0.10809215956388477,"GJR-GARCH(1,1,1)-t"
4850,50.407029759122175,55.36338116683764,True,True,0.01316812798769124,8.09065594880532e-15,"GJR-GARCH(1,1,1)-t"
4851,7.04466410548274,12.00101551319821,True,True,4.0322021776215887e-16,0.2439418535946438,"GJR-GARCH(1,1,1)-t"
4858,-5.221433888633332,-0.2650824809178616,True,False,0.0,1.0,"GJR-GARCH(1,1,1)-t"
4867,-11.691742284223235,-6.735390876507765,True,True,1.6766518883225283e-15,0.6536775412591086,"GJR-GARCH(1,1,1)-t"
4869,28.186636045321208,33.142987453036675,True,True,3.398640503915056e-15,0.9878787029719627,"GJR-GARCH(1,1,1)-t"
4889,5.958677810981666,10.915029218697136,True,True,0.07159468488609544,0.8660491274869274,"GJR-GARCH(1,1,1)-t"
4902,36.866034562504694,41.82238597022017,True,True,0.08838129760852585,0.8613917304479665,"GJR-GARCH(1,1,1)-t"
4905,8.629471402361764,13.585822810077234,True,True,1.960510374448823e-16,0.9635861773018787,"GJR-GARCH(1,1,1)-t"
4910,2.654124962366179,7.610476370081649,True,False,0.9999999999999964,1.9782893596722472e-16,"GJR-GARCH(1,1,1)-t"
4913,2.9642155442508873,7.920566951966357,True,False,0.9999999999999986,8.20237288880312e-16,"GJR-GARCH(1,1,1)-t"
4927,38.64898516518191,43.605336572897386,True,True,6.856393285273467e-14,3.486227283610881e-18,"GJR-GARCH(1,1,1)-t"
4935,19.12755476827437,24.08390617598984,True,True,6.148726592158066e-16,0.0,"GJR-GARCH(1,1,1)-t"
4951,19.367752558421472,24.324103966136942,True,False,3.073569991133353e-15,0.999999999999997,"GJR-GARCH(1,1,1)-t"
4957,11.194259754047414,16.150611161762882,True,False,1.0,0.0,"GJR-GARCH(1,1,1)-t"
4958,2.5592456148423786,7.515597022557849,True,False,0.9999999999999675,0.026238240151621874,"GJR-GARCH(1,1,1)-t"
4962,17.991233754637697,22.947585162353167,True,True,8.143370387216079e-14,0.8899738289303724,"GJR-GARCH(1,1,1)-t"
4978,2.6397016731482417,7.596053080863712,True,False,4.273214246512951e-13,0.9999999999995949,"GJR-GARCH(1,1,1)-t"
4984,5.137632654386795,10.093984062102265,True,True,3.1132083935434224e-10,0.8800835237931663,"GJR-GARCH(1,1,1)-t"
4987,16.31131190054162,21.26766330825709,True,False,0.9999999999999432,3.2846926707652957e-15,"GJR-GARCH(1,1,1)-t"
4991,55.53173602473963,60.4880874324551,True,True,7.812946595727042e-21,0.5703628139894131,"GJR-GARCH(1,1,1)-t"
4995,47.770722663133405,52.72707407084887,True,True,1.0322841694700002e-15,0.16196603495516806,"GJR-GARCH(1,1,1)-t"
4997,41.37556980904001,46.331921216755475,True,True,2.2470926660516216e-13,0.9678175601182052,"GJR-GARCH(1,1,1)-t"
5020,-4.8152915547689545,0.14105985294651546,True,True,4.1064507180805294e-18,0.446210644685373,"GJR-GARCH(1,1,1)-t"
5025,44.697585883929484,49.65393729164495,True,True,1.0133133872899484e-19,0.5599000240809203,"GJR-GARCH(1,1,1)-t"
5032,-13.758135407161188,-8.801783999445718,True,True,0.0,0.9430241097613556,"GJR-GARCH(1,1,1)-t"
5046,6.817602949705636,11.773954357421106,True,False,0.9999999999999568,0.23242645178871627,"GJR-GARCH(1,1,1)-t"
5056,15.161775301043738,20.11812670875921,True,True,0.0,1.2912121035503973e-05,"GJR-GARCH(1,1,1)-t"
5063,19.608483829794512,24.564835237509982,True,True,3.652491008942229e-17,6.090380038985763e-17,"GJR-GARCH(1,1,1)-t"
5101,2.750146043962923,7.706497451678393,True,True,1.4177607261128097e-13,0.6399010252427855,"GJR-GARCH(1,1,1)-t"
5113,22.579662685459184,27.53601409317465,True,True,5.975099722135002e-15,0.8629960567866011,"GJR-GARCH(1,1,1)-t"
5118,17.286158524670657,22.242509932386128,True,True,1.0551083257049842e-13,0.8779217516793008,"GJR-GARCH(1,1,1)-t"
5124,-19.06226562709295,-14.105914219377478,True,True,2.283193398313531e-16,0.9257481635260889,"GJR-GARCH(1,1,1)-t"
5139,-2.387745665376883,2.568605742338587,True,False,0.9999999999392685,0.4486773014090854,"GJR-GARCH(1,1,1)-t"
5141,5.120998155824283,10.077349563539753,True,False,1.8343629455850317e-14,0.9999999999999918,"GJR-GARCH(1,1,1)-t"
5149,0.42342285306373384,5.379774260779204,True,True,5.149581272252603e-15,0.2992112582370683,"GJR-GARCH(1,1,1)-t"
5152,22.294208434201956,27.250559841917426,True,True,1.7469838576118687e-13,0.48558157056274787,"GJR-GARCH(1,1,1)-t"
5153,26.467049921577285,31.423401329292755,True,True,1.8435448690221476e-15,1.3044552267858426e-15,"GJR-GARCH(1,1,1)-t"
5163,15.781158188270725,20.737509595986197,True,False,0.9999999999999952,0.19957928379646966,"GJR-GARCH(1,1,1)-t"
5164,-10.422529211664624,-5.466177803949154,True,False,3.800750446843887e-15,0.9999999999982437,"GJR-GARCH(1,1,1)-t"
5171,-1.0625565962857806,3.8937948114296894,True,True,2.188733910550021e-14,0.3164504334395568,"GJR-GARCH(1,1,1)-t"
5173,33.463362170189775,38.41971357790524,True,True,9.260813931342739e-15,3.785289404824791e-14,"GJR-GARCH(1,1,1)-t"
5193,2.5052249929858146,7.461576400701285,True,True,0.0,0.9724107363552418,"GJR-GARCH(1,1,1)-t"
5206,-15.489755739275164,-10.533404331559694,True,True,3.2198457029466105e-14,0.9729191553167347,"GJR-GARCH(1,1,1)-t"
5213,4.003768155077818,8.960119562793288,True,False,0.9999999999998886,6.221786538527261e-14,"GJR-GARCH(1,1,1)-t"
5218,2.6729248974682847,7.629276305183755,True,True,0.3555353689933239,3.9794955448800635e-17,"GJR-GARCH(1,1,1)-t"
5232,23.772897130960693,28.729248538676167,True,True,0.0,0.9689613103027561,"GJR-GARCH(1,1,1)-t"
5235,8.865316902424144,13.821668310139614,True,False,0.9046842723900674,0.5476578638093407,"GJR-GARCH(1,1,1)-t"
5239,52.63895641597998,57.59530782369545,True,False,0.0,1.0,"GJR-GARCH(1,1,1)-t"
5245,-8.258083661866408,-3.301732254150938,True,True,1.3091503239989982e-18,0.9769125565354665,"GJR-GARCH(1,1,1)-t"
5249,20.758876357253556,25.715227764969026,True,True,0.0,0.06080064961557967,"GJR-GARCH(1,1,1)-t"
5266,34.894064777306966,39.85041618502243,True,True,5.826948514597417e-13,0.962373524431516,"GJR-GARCH(1,1,1)-t"
5285,20.373244537540934,25.329595945256404,True,False,1.0,0.0,"GJR-GARCH(1,1,1)-t"
5297,6.514687258138203,11.471038665853673,True,False,1.0,0.008502964639901727,"GJR-GARCH(1,1,1)-t"
5300,9.89037750665424,14.84672891436971,True,True,1.0303137332422153e-09,0.9762818313683945,"GJR-GARCH(1,1,1)-t"
5302,6.318035282147504,11.274386689862974,True,False,8.085185989257334e-15,0.9999999999998972,"GJR-GARCH(1,1,1)-t"
5303,35.73431081033972,40.690662218055195,True,False,4.251987169383025e-14,0.9999999999983987,"GJR-GARCH(1,1,1)-t"
5305,12.84486925048323,17.8012206581987,True,True,0.0,0.013564963103917258,"GJR-GARCH(1,1,1)-t"
5314,4.416172080946209,9.37252348866168,True,False,0.0,1.0,"GJR-GARCH(1,1,1)-t"
5340,16.515062979651166,21.471414387366636,True,True,0.02379494188517727,0.9719515023235914,"GJR-GARCH(1,1,1)-t"
5344,19.67404590301048,24.630397310725947,True,True,1.461084429936092e-15,0.6806385445182866,"GJR-GARCH(1,1,1)-t"
5347,-10.751074930692884,-5.794723522977414,True,True,0.0,0.0,"GJR-GARCH(1,1,1)-t"
5356,12.803209702041976,17.759561109757446,True,True,2.112626890210936e-10,0.9808593051767375,"GJR-GARCH(1,1,1)-t"
5368,7.076111879320572,12.032463287036041,True,True,0.7936304705597386,8.961850008800133e-18,"GJR-GARCH(1,1,1)-t"
5391,4.538291902933151,9.494643310648621,True,True,4.962133289663363e-14,0.9417132629388607,"GJR-GARCH(1,1,1)-t"
5392,-0.1067126237741789,4.849638783941291,True,False,0.9999999999987592,6.652371172517525e-13,"GJR-GARCH(1,1,1)-t"
5400,3.7856128258000847,8.741964233515555,True,False,0.9999999999999996,0.03970000860949297,"GJR-GARCH(1,1,1)-t"
5401,16.850835046221892,21.807186453937362,True,False,3.2501528099925146e-14,0.9999999999997522,"GJR-GARCH(1,1,1)-t"
5407,3.231040225183463,8.187391632898933,True,False,6.969103977060293e-14,0.9999999999992825,"GJR-GARCH(1,1,1)-t"
5417,38.27794548171069,43.23429688942616,True,True,0.0,0.0,"GJR-GARCH(1,1,1)-t"
5421,23.79188186091215,28.74823326862762,True,True,4.089817496940592e-15,3.8467651181007365e-14,"GJR-GARCH(1,1,1)-t"
5424,10.5658109593183,15.52216236703377,True,True,0.0,0.9815744912350634,"GJR-GARCH(1,1,1)-t"
5425,19.586604830530714,24.542956238246184,True,True,0.40575136343673096,7.2067909586711195e-12,"GJR-GARCH(1,1,1)-t"
5444,7.7227499001700055,12.679101307885475,True,False,6.628791613179774e-22,1.0,"GJR-GARCH(1,1,1)-t"
5458,19.343784007146624,24.300135414862094,True,False,3.8231082064431716e-15,1.0,"GJR-GARCH(1,1,1)-t"
5470,-19.997766452749886,-15.041415045034416,True,True,0.36527997444554805,5.81307116822982e-16,"GJR-GARCH(1,1,1)-t"
5480,-4.161100319089833,0.795251088625637,True,False,1.90317663233751e-13,0.9999999997535516,"GJR-GARCH(1,1,1)-t"
5488,1.7110329224530396,6.66738433016851,True,True,4.554609278092193e-16,2.8297660434768153e-05,"GJR-GARCH(1,1,1)-t"
5490,36.49485483416255,41.451206241878026,True,True,2.023252509855222e-13,0.9802596243875263,"GJR-GARCH(1,1,1)-t"
5496,2.2686666157164943,7.225018023431964,True,True,0.0,0.47321398678974946,"GJR-GARCH(1,1,1)-t"
5497,15.038014225817157,19.994365633532627,True,True,0.0,0.9785436466665431,"GJR-GARCH(1,1,1)-t"
5505,8.652059738553968,13.608411146269438,True,True,2.507663854903932e-17,2.656788836648726e-16,"GJR-GARCH(1,1,1)-t"
5510,6.876953897229377,11.833305304944847,True,False,1.0,0.49999999999908984,"GJR-GARCH(1,1,1)-t"
5512,-1.1934756072828083,3.7628758004326617,True,True,4.495660746201403e-11,0.9454500711166278,"GJR-GARCH(1,1,1)-t"
5513,2.7443257335073774,7.700677141222847,True,True,0.0,0.8623168882407023,"GJR-GARCH(1,1,1)-t"
5517,34.32618048378475,39.28253189150022,True,False,0.9999999999999645,1.624221701639574e-14,"GJR-GARCH(1,1,1)-t"
5532,-2.7801794820678936,2.1761719256475764,True,True,0.0,0.6262218286511375,"GJR-GARCH(1,1,1)-t"
5539,7.385269523580261,12.341620931295731,True,True,3.6659167725291974e-16,4.1025179929230675e-16,"GJR-GARCH(1,1,1)-t"
5580,35.27165491958755,40.22800632730302,True,False,1.3449582135096185e-15,0.9999999999999787,"GJR-GARCH(1,1,1)-t"
5598,-8.97831341370139,-4.02196200598592,True,True,3.1154141336078994e-13,0.27540948118551467,"GJR-GARCH(1,1,1)-t"
5601,30.318097104570583,35.27444851228606,True,True,0.0,0.36398707556115306,"GJR-GARCH(1,1,1)-t"
5609,-0.17526522656349286,4.781086181151977,True,True,0.01945135972789633,0.0,"GJR-GARCH(1,1,1)-t"
5611,28.3731849732441,33.329536380959574,True,True,5.945571445389896e-16,0.11567933842472518,"GJR-GARCH(1,1,1)-t"
5620,26.756045887537606,31.712397295253076,True,True,0.0,0.8997715368650683,"GJR-GARCH(1,1,1)-t"
5629,-14.526715226479254,-9.570363818763784,True,True,0.5407905058062834,1.9453397739426275e-19,"GJR-GARCH(1,1,1)-t"
5648,20.484739373803272,25.441090781518742,True,False,3.552477886580897e-15,0.9999999999999921,"GJR-GARCH(1,1,1)-t"
5658,6.436426635649575,11.392778043365045,True,True,1.608201462255489e-14,0.941579964819357,"GJR-GARCH(1,1,1)-t"
5663,-5.311517373188874,-0.35516596547340384,True,False,1.0,0.38845462299626676,"GJR-GARCH(1,1,1)-t"
5666,12.292481689015458,17.248833096730927,True,True,0.9835992230760838,2.2310207264222862e-18,"GJR-GARCH(1,1,1)-t"
5667,2.1882537546611776,7.1446051623766476,True,True,0.0,0.6298052636611053,"GJR-GARCH(1,1,1)-t"
5676,21.2181432290382,26.17449463675367,True,False,0.2961965921740151,0.851901703913315,"GJR-GARCH(1,1,1)-t"
5678,8.10584949804426,13.06220090575973,True,True,0.1393136937047974,2.1447238741475467e-12,"GJR-GARCH(1,1,1)-t"
5682,18.362153092011443,23.318504499726913,True,False,1.2046941035840231e-17,0.9999999999999928,"GJR-GARCH(1,1,1)-t"
5686,5.0754470669347675,10.031798474650238,True,True,0.17857925707240901,0.7919495968942979,"GJR-GARCH(1,1,1)-t"
5704,-6.1117347980604855,-1.1553833903450155,True,False,1.0,9.230198538470688e-19,"GJR-GARCH(1,1,1)-t"
5706,20.115662686254616,25.072014093970086,True,False,0.9999999999926766,8.524938562657769e-12,"GJR-GARCH(1,1,1)-t"
5728,39.12994984293396,44.08630125064943,True,False,1.054065513719192e-15,0.9999999999999999,"GJR-GARCH(1,1,1)-t"
5729,24.820917292084122,29.777268699799592,True,True,0.12544133665833787,0.3903394764854035,"GJR-GARCH(1,1,1)-t"
5743,5.39741796244874,10.35376937016421,True,True,1.7452008985524352e-10,0.9485853109622129,"GJR-GARCH(1,1,1)-t"
5749,9.834216732224931,14.790568139940401,True,True,0.0,0.0,"GJR-GARCH(1,1,1)-t"
5756,21.94497399185968,26.90132539957515,True,True,0.0,0.9788870582078856,"GJR-GARCH(1,1,1)-t"
5759,25.97890092713953,30.935252334855,True,False,0.6799162588768383,0.624505407182166,"GJR-GARCH(1,1,1)-t"
5763,21.543525169763388,26.499876577478858,True,True,0.13269327567442626,3.471425899732107e-17,"GJR-GARCH(1,1,1)-t"
5773,24.11896996625218,29.075321373967647,True,True,6.298005353425587e-20,0.9186529191643633,"GJR-GARCH(1,1,1)-t"
5777,-6.0424704124535715,-1.0861190047381015,True,True,1.1910738558335661e-10,3.729974848811294e-09,"GJR-GARCH(1,1,1)-t"
5787,85.24786308135155,90.20421448906703,True,True,0.03147979514488498,0.0,"GJR-GARCH(1,1,1)-t"
5790,30.35724758015833,35.3135989878738,True,True,0.0,4.3951404604306184e-15,"GJR-GARCH(1,1,1)-t"
5793,24.61234579352797,29.56869720124344,True,True,0.0,0.9586168130302507,"GJR-GARCH(1,1,1)-t"
5795,-0.08949357985713391,4.866857827858336,True,False,1.0,0.0,"GJR-GARCH(1,1,1)-t"
5803,19.032675248684924,23.989026656400394,True,True,1.35832582844648e-15,0.8206384364427669,"GJR-GARCH(1,1,1)-t"
5809,16.9635958810547,21.919947288770175,True,True,0.0,0.7452682434634941,"GJR-GARCH(1,1,1)-t"
5816,14.119312216022555,19.075663623738027,True,True,0.8540251824555519,2.0317828476452528e-12,"GJR-GARCH(1,1,1)-t"
5817,30.700319102147514,35.656670509862984,True,True,0.0,0.7067217839851623,"GJR-GARCH(1,1,1)-t"
5825,-11.976966675988052,-7.020615268272582,True,True,2.1887638809163834e-12,0.45679361056924206,"GJR-GARCH(1,1,1)-t"
5829,-2.431656886113654,2.524694521601816,True,True,0.0,0.17707662909567112,"GJR-GARCH(1,1,1)-t"
5831,-13.129421177341243,-8.173069769625773,True,False,6.138613211011301e-16,0.9999999999999993,"GJR-GARCH(1,1,1)-t"
5832,8.487286362940658,13.443637770656128,True,False,0.9595297832644891,0.07275073388879733,"GJR-GARCH(1,1,1)-t"
5842,15.69689823542699,20.653249643142463,True,False,1.0,0.4999999999999498,"GJR-GARCH(1,1,1)-t"
5846,16.922803472609374,21.879154880324847,True,True,7.154797821216552e-17,0.6958895524910685,"GJR-GARCH(1,1,1)-t"
5853,-10.372078238607362,-5.4157268308918916,True,True,0.0,0.0,"GJR-GARCH(1,1,1)-t"
5872,30.322128281080033,35.2784796887955,True,True,0.9882188972386375,7.873710383094402e-16,"GJR-GARCH(1,1,1)-t"
5878,-7.914221276816981,-2.9578698691015113,True,True,6.191539135074408e-16,0.885484637255637,"GJR-GARCH(1,1,1)-t"
5904,40.49226769348763,45.44861910120311,True,True,0.0,0.0,"GJR-GARCH(1,1,1)-t"
5907,-9.856944728158712,-4.900593320443242,True,True,2.616914503291234e-13,0.1655152152138249,"GJR-GARCH(1,1,1)-t"
5910,1.7395243926956958,6.695875800411166,True,False,0.0,1.0,"GJR-GARCH(1,1,1)-t"
5913,7.691502420296832,12.647853828012302,True,True,1.2855100932859395e-16,0.26050173715710667,"GJR-GARCH(1,1,1)-t"
5915,12.493939999582398,17.45029140729787,True,False,0.0,1.0,"GJR-GARCH(1,1,1)-t"
5916,12.239404372023051,17.19575577973852,True,True,0.2790644173251302,0.2408625121568805,"GJR-GARCH(1,1,1)-t"
5929,2.5679330377474034,7.5242844454628734,True,True,1.3143787556991066e-15,0.77148719390131,"GJR-GARCH(1,1,1)-t"
5932,7.207436730387542,12.163788138103012,True,True,2.01352333678917e-14,1.2035070835411654e-08,"GJR-GARCH(1,1,1)-t"
5934,0.9162487279338265,5.8726001356492965,True,False,0.9999999999999999,8.800926933704017e-18,"GJR-GARCH(1,1,1)-t"
5944,41.96614789224979,46.92249929996526,True,True,0.0,0.4621498998490476,"GJR-GARCH(1,1,1)-t"
5958,2.973003499194469,7.929354906909939,True,True,0.0,0.0,"GJR-GARCH(1,1,1)-t"
5975,-3.2695162068951475,1.6868352008203225,True,True,2.530251741097338e-15,0.8524275861436685,"GJR-GARCH(1,1,1)-t"
5976,14.97754684926204,19.93389825697751,True,True,0.0,0.0,"GJR-GARCH(1,1,1)-t"
5978,8.82793916828411,13.78429057599958,True,True,1.6116340814978948e-15,0.4754916082081125,"GJR-GARCH(1,1,1)-t"
5987,5.780127597348994,10.736479005064464,True,True,1.6873721166788796e-13,0.3975956984548006,"GJR-GARCH(1,1,1)-t"
6016,-4.817732884784302,0.13861852293116783,True,True,0.7076729298550224,8.838444467524416e-13,"GJR-GARCH(1,1,1)-t"
6020,14.339434203002224,19.295785610717694,True,False,1.0,0.5000000000011933,"GJR-GARCH(1,1,1)-t"
6029,41.4837211018578,46.44007250957327,True,True,2.800046145203669e-15,0.6442312239559307,"GJR-GARCH(1,1,1)-t"
6065,2.128617346634144,7.084968754349614,True,True,0.46587784587055925,0.0,"GJR-GARCH(1,1,1)-t"
6068,40.04405756855449,45.000408976269966,True,True,2.487749204462838e-12,0.8874174431163633,"GJR-GARCH(1,1,1)-t"
6070,-3.394931440460173,1.561419967255297,True,True,9.691301401983859e-14,0.0,"GJR-GARCH(1,1,1)-t"
6074,29.75159742353977,34.70794883125524,True,True,2.8866272982794737e-15,0.5638869868117002,"GJR-GARCH(1,1,1)-t"
6076,7.932314926392887,12.888666334108358,True,False,1.2111398282395665e-22,0.9999999999999987,"GJR-GARCH(1,1,1)-t"
6082,-1.9222402801023009,3.034111127613169,True,True,0.0,0.5765149025008957,"GJR-GARCH(1,1,1)-t"
6085,34.72265719654165,39.67900860425712,True,True,0.0,9.77783198310366e-05,"GJR-GARCH(1,1,1)-t"
6089,6.934414228838158,11.890765636553628,True,True,8.238617233501023e-19,3.4217712523968236e-19,"GJR-GARCH(1,1,1)-t"
6102,14.48072745699355,19.43707886470902,True,False,1.3085306230298313e-12,0.9999999999945686,"GJR-GARCH(1,1,1)-t"
6108,12.322231954629755,17.278583362345227,True,True,1.1128628781751914e-15,0.012041412652362514,"GJR-GARCH(1,1,1)-t"
6114,-11.02585714413203,-6.069505736416559,True,False,0.9046051601625474,0.5476974199187261,"GJR-GARCH(1,1,1)-t"
6115,-7.098545408665352,-2.142194000949882,True,True,0.30000707239953367,2.395597277184017e-22,"GJR-GARCH(1,1,1)-t"
6121,-13.525820712260685,-8.569469304545215,True,True,0.3989407647036808,8.16357670105187e-21,"GJR-GARCH(1,1,1)-t"
6134,4.564322498171743,9.520673905887213,True,True,4.58076680045598e-14,0.7854250233942967,"GJR-GARCH(1,1,1)-t"
6139,13.241012686791866,18.197364094507336,True,True,1.6267381427471767e-12,0.9774760720122827,"GJR-GARCH(1,1,1)-t"
6144,64.04065572964822,68.99700713736368,True,True,4.9848257656489384e-15,0.9728640042161403,"GJR-GARCH(1,1,1)-t"
6145,0.38125508920155227,5.337606496917022,True,True,4.563161048927227e-15,0.7494977493424407,"GJR-GARCH(1,1,1)-t"
6166,2.1663853004890328,7.122736708204503,True,True,2.2597518201985467e-19,0.960180373680549,"GJR-GARCH(1,1,1)-t"
6172,31.42527652055253,36.381627928268,True,True,0.0,0.9425700363425755,"GJR-GARCH(1,1,1)-t"
6174,40.598242927854656,45.55459433557013,True,True,2.8435251958532983e-14,0.9625756581073489,"GJR-GARCH(1,1,1)-t"
6177,13.045567095221942,18.001918502937414,True,True,1.817269708935122e-15,0.6905380987408163,"GJR-GARCH(1,1,1)-t"
6197,-1.8012515914943865,3.1550998162210835,True,True,3.0410766811694075e-16,0.923876518551617,"GJR-GARCH(1,1,1)-t"
6213,23.3403897189063,28.296741126621768,True,True,1.2421319139808915e-16,0.8999068010356315,"GJR-GARCH(1,1,1)-t"
6217,-1.8102768738056003,3.1460745339098697,True,False,1.0,0.4598127236391147,"GJR-GARCH(1,1,1)-t"
6235,-5.48038389800989,-0.5240324902944202,True,False,0.9999999999999958,0.017572664019370618,"GJR-GARCH(1,1,1)-t"
6256,16.355762752068706,21.312114159784176,True,True,3.2974491554140575e-16,4.2222148372743667e-16,"GJR-GARCH(1,1,1)-t"
6270,10.744402642204108,15.700754049919578,True,False,1.0,0.0,"GJR-GARCH(1,1,1)-t"
6272,20.673015310785676,25.629366718501146,True,False,2.0723165055193676e-21,0.9999999999999976,"GJR-GARCH(1,1,1)-t"
6274,-7.192710526792297,-2.236359119076827,True,False,2.1177488630587938e-20,1.0,"GJR-GARCH(1,1,1)-t"
6286,8.093952499004772,13.050303906720242,True,False,0.11970182111584725,0.9139461861171786,"GJR-GARCH(1,1,1)-t"
6287,7.857179458561992,12.813530866277462,True,True,0.581567812231905,0.10756180906970614,"GJR-GARCH(1,1,1)-t"
6296,47.55447597785134,52.51082738556681,True,True,1.2715602625205033e-13,0.9281857603535212,"GJR-GARCH(1,1,1)-t"
6316,59.46132676240971,64.41767817012519,True,True,2.1798934320454795e-23,0.9602443858975299,"GJR-GARCH(1,1,1)-t"
6324,-9.021747699531161,-4.065396291815691,True,True,2.1378667023552594e-14,0.9858603026756735,"GJR-GARCH(1,1,1)-t"
6325,14.343966886461917,19.300318294177387,True,True,2.3879308018464846e-18,0.9147210503794174,"GJR-GARCH(1,1,1)-t"
6342,-5.759956745691053,-0.8036053379755828,True,True,0.0,0.5747349990676204,"GJR-GARCH(1,1,1)-t"
6356,5.505692812842591,10.462044220558061,True,True,1.0370619989154342e-15,0.641207297759301,"GJR-GARCH(1,1,1)-t"
6359,5.128950586292378,10.085301994007848,True,False,5.359467238159343e-18,0.9999999999999984,"GJR-GARCH(1,1,1)-t"
6367,9.650317135408178,14.606668543123648,True,True,3.604046838902914e-20,0.12241439218240117,"GJR-GARCH(1,1,1)-t"
6382,8.23040772684647,13.18675913456194,True,False,7.052107588283196e-14,0.9999999999991496,"GJR-GARCH(1,1,1)-t"
6390,19.58338349009142,24.53973489780689,True,False,0.31542527355890393,0.8422873632205643,"GJR-GARCH(1,1,1)-t"
6398,58.98194847415819,63.93829988187366,True,True,0.0,0.8496000400302854,"GJR-GARCH(1,1,1)-t"
6403,-2.0810295946378474,2.8753218130776226,True,True,0.0,0.9720186693926376,"GJR-GARCH(1,1,1)-t"
6410,-0.494230080588256,4.462121327127214,True,True,3.667779136240272e-11,0.9465596656092495,"GJR-GARCH(1,1,1)-t"
6428,8.730151527927971,13.686502935643441,True,True,2.3479907049649434e-14,0.6713955577772602,"GJR-GARCH(1,1,1)-t"
6434,-3.356255727511737,1.600095680203733,True,True,3.1452043166665594e-10,9.934574301779973e-09,"GJR-GARCH(1,1,1)-t"
6445,-6.581232704195486,-1.624881296480016,True,False,0.9999999999997339,0.20328019607276548,"GJR-GARCH(1,1,1)-t"
6463,1.131803381205133,6.088154788920603,True,True,0.21495825495736562,0.3282027664555446,"GJR-GARCH(1,1,1)-t"
6476,11.27781438467349,16.23416579238896,True,True,1.6697947014827245e-14,0.9933913386241936,"GJR-GARCH(1,1,1)-t"
6480,3.9208364471517694,8.87718785486724,True,True,0.0,0.6894346192149886,"GJR-GARCH(1,1,1)-t"
6481,-2.5925659324037262,2.3637854753117438,True,True,0.0,0.16718229669886017,"GJR-GARCH(1,1,1)-t"
6482,-3.4325530179816646,1.5237983897338054,True,True,0.054896126684319355,1.2743264713713465e-14,"GJR-GARCH(1,1,1)-t"
6483,-5.995435236386868,-1.039083828671398,True,True,9.175055931073153e-13,2.2582712244295922e-11,"GJR-GARCH(1,1,1)-t"
6489,21.138981943846662,26.095333351562132,True,True,5.603257871863199e-17,0.9025471299767981,"GJR-GARCH(1,1,1)-t"
6493,9.290005496763513,14.246356904478983,True,False,2.4002073073959774e-16,0.9999999999999756,"GJR-GARCH(1,1,1)-t"
6494,10.980695404313416,15.937046812028886,True,False,8.182843587722144e-15,0.9999999999999973,"GJR-GARCH(1,1,1)-t"
6520,2.474213782018145,7.430565189733615,True,True,5.181664153896467e-10,0.9769250410718732,"GJR-GARCH(1,1,1)-t"
6523,16.17788717498549,21.13423858270096,True,True,2.879051561729941e-13,0.9857477945306383,"GJR-GARCH(1,1,1)-t"
6528,28.32969278867955,33.28604419639502,True,True,6.063959575212807e-16,3.6383182655686376e-15,"GJR-GARCH(1,1,1)-t"
6545,-4.968650040730719,-0.012298633015248583,True,True,8.81165367521994e-16,0.44426676720350566,"GJR-GARCH(1,1,1)-t"
6562,15.729115907500455,20.685467315215924,True,False,0.23976134075951516,0.8801193296203376,"GJR-GARCH(1,1,1)-t"
6566,-14.97996631530696,-10.02361490759149,True,False,0.0,1.0,"GJR-GARCH(1,1,1)-t"
6568,12.108503546359591,17.06485495407506,True,False,1.0,0.0,"GJR-GARCH(1,1,1)-t"
6585,14.330167238587082,19.286518646302554,True,True,7.052192524730087e-13,0.9713642262111158,"GJR-GARCH(1,1,1)-t"
6592,21.5271211772937,26.48347258500917,True,True,2.3357560511369074e-15,0.611699798094293,"GJR-GARCH(1,1,1)-t"
6599,24.82074935826995,29.77710076598542,True,True,0.31765634409695415,0.1850256175123417,"GJR-GARCH(1,1,1)-t"
6607,16.253784393339526,21.210135801054996,True,False,2.9144196998926005e-14,0.9999999999999225,"GJR-GARCH(1,1,1)-t"
6613,2.673068133067689,7.629419540783159,True,True,0.18226533637643602,0.04786336586248102,"GJR-GARCH(1,1,1)-t"
6617,9.109631151686337,14.065982559401807,True,False,1.0,1.0590217178898776e-18,"GJR-GARCH(1,1,1)-t"
6619,-9.521098138068968,-4.564746730353498,True,False,1.0252054425387742e-16,0.9999999999999999,"GJR-GARCH(1,1,1)-t"
6626,-10.226882978329435,-5.270531570613965,True,False,1.0,5.737024632809783e-18,"GJR-GARCH(1,1,1)-t"
6631,2.2834156250764774,7.239767032791947,True,False,0.8972576015068929,0.36804534661795857,"GJR-GARCH(1,1,1)-t"
6632,24.922553652374067,29.878905060089537,True,True,0.0,3.720799641184278e-13,"GJR-GARCH(1,1,1)-t"
6643,-3.811412138961991,1.144939268753479,True,True,5.85637213423487e-18,0.7273565069443723,"GJR-GARCH(1,1,1)-t"
6647,-20.752643391652512,-15.796291983937042,True,False,0.8573246769881594,0.5713354161525392,"GJR-GARCH(1,1,1)-t"
6648,15.50867802295775,20.46502943067322,True,False,0.0,1.0,"GJR-GARCH(1,1,1)-t"
6657,30.982131180850832,35.9384825885663,True,False,1.0,0.30382771395071595,"GJR-GARCH(1,1,1)-t"
6668,-3.0234591071194217,1.9328923005960483,True,False,0.3778090557647009,0.6646564969083726,"GJR-GARCH(1,1,1)-t"
6679,10.981992383188814,15.938343790904284,True,True,7.982788755259881e-14,0.0,"GJR-GARCH(1,1,1)-t"
6693,7.558206071378771,12.51455747909424,True,True,0.35097291057187363,0.3834417833186675,"GJR-GARCH(1,1,1)-t"
6696,12.394596382259738,17.35094778997521,True,True,0.0,4.269812364214576e-15,"GJR-GARCH(1,1,1)-t"
6723,-2.170960054165736,2.785391353549734,True,True,9.245763678148304e-15,0.9873504878040011,"GJR-GARCH(1,1,1)-t"
6729,44.91770501707447,49.87405642478994,True,True,0.7999650896033711,1.7858589811621128e-15,"GJR-GARCH(1,1,1)-t"
6730,-5.229956792556962,-0.2736053848414919,True,True,6.599107968318418e-13,0.49199779199011767,"GJR-GARCH(1,1,1)-t"
6740,19.52908736692977,24.48543877464524,True,True,1.033908799843515e-15,7.71093756692422e-15,"GJR-GARCH(1,1,1)-t"
6742,13.11760961839255,18.07396102610802,True,False,8.659663880714983e-16,0.999999999999998,"GJR-GARCH(1,1,1)-t"
6746,-13.520796234949795,-8.564444827234325,True,True,0.0,0.9550169577105517,"GJR-GARCH(1,1,1)-t"
6771,28.479444205502553,33.435795613218026,True,False,2.3798892984142083e-08,0.9999996480035962,"GJR-GARCH(1,1,1)-t"
6777,18.169118658900807,23.125470066616277,True,True,0.0,0.5814591130237873,"GJR-GARCH(1,1,1)-t"
6782,-0.8623417718758883,4.094009635839582,True,True,3.342193556602195e-13,3.6186811677942554e-13,"GJR-GARCH(1,1,1)-t"
6799,14.245206401933117,19.201557809648587,True,True,1.4741613305287042e-13,0.7492478918745046,"GJR-GARCH(1,1,1)-t"
6809,9.13115309656694,14.08750450428241,True,True,0.7071860445790904,1.1110279022156683e-16,"GJR-GARCH(1,1,1)-t"
6815,6.79270240970191,11.74905381741738,True,True,4.114638869850291e-16,4.829427376806401e-17,"GJR-GARCH(1,1,1)-t"
6819,6.835878123884415,11.792229531599885,True,True,8.31593691618968e-13,0.9686493072512962,"GJR-GARCH(1,1,1)-t"
6820,38.71399169916078,43.670343106876246,True,False,2.5476534126978054e-16,0.9999999999999998,"GJR-GARCH(1,1,1)-t"
6822,7.114998700616891,12.07135010833236,True,False,0.9999999999999714,0.5000000000000182,"GJR-GARCH(1,1,1)-t"
6823,2.955486052021623,7.911837459737093,True,True,0.9123696076028754,2.504632641605925e-10,"GJR-GARCH(1,1,1)-t"
6827,37.34390856382244,42.30025997153791,True,True,0.0,0.4145373574005501,"GJR-GARCH(1,1,1)-t"
6836,24.66877258762219,29.62512399533766,True,True,4.63390133508643e-19,0.41902877129839905,"GJR-GARCH(1,1,1)-t"
6846,12.744627265799759,17.70097867351523,True,True,0.0,0.6628687735381098,"GJR-GARCH(1,1,1)-t"
6850,16.761553804916247,21.717905212631713,True,True,2.5680309848159862e-09,0.9815882099845266,"GJR-GARCH(1,1,1)-t"
6854,14.744608170211823,19.700959577927293,True,True,9.600796423368008e-15,0.0,"GJR-GARCH(1,1,1)-t"
6859,9.407925196107687,14.364276603823157,True,False,1.2469134402412405e-15,0.9999999999999895,"GJR-GARCH(1,1,1)-t"
6895,-1.4383604188303885,3.5179909888850815,True,False,2.7009508868773145e-16,0.9999999999999993,"GJR-GARCH(1,1,1)-t"
6904,-20.035174693656664,-15.078823285941194,True,True,9.22952067932296e-09,3.7297076624852345e-07,"GJR-GARCH(1,1,1)-t"
6906,25.135667928175252,30.09201933589072,True,True,9.956453547912398e-16,0.6099534692888493,"GJR-GARCH(1,1,1)-t"
6909,6.478509713405426,11.434861121120896,True,True,0.0,0.8658914505964068,"GJR-GARCH(1,1,1)-t"
6914,26.7380984343745,31.69444984208997,True,False,3.7138419828031974e-11,0.9999999917640716,"GJR-GARCH(1,1,1)-t"
6917,27.62669923314101,32.583050640856484,True,False,0.0,1.0,"GJR-GARCH(1,1,1)-t"
6925,17.179803663995095,22.136155071710565,True,True,0.0,0.7144899117285871,"GJR-GARCH(1,1,1)-t"
6928,33.569160504210046,38.52551191192552,True,True,3.3061639269339954e-14,7.250952772827209e-06,"GJR-GARCH(1,1,1)-t"
6930,49.85335959904409,54.80971100675956,True,False,0.05591996321301617,0.972040018393486,"GJR-GARCH(1,1,1)-t"
6931,20.536694693260447,25.493046100975917,True,True,5.3230532758724965e-15,3.1374656945331677e-13,"GJR-GARCH(1,1,1)-t"
6932,24.801587973734176,29.757939381449646,True,False,7.657415101038687e-12,0.9999999983005161,"GJR-GARCH(1,1,1)-t"
6939,-10.632482418645445,-5.676131010929975,True,True,0.0,0.0,"GJR-GARCH(1,1,1)-t"
6940,2.9322930872748287,7.888644494990299,True,True,4.975038003027692e-14,4.928891308653354e-14,"GJR-GARCH(1,1,1)-t"
6941,16.2604023919128,21.21675379962827,True,True,0.23695208667180498,0.5141239180847809,"GJR-GARCH(1,1,1)-t"
6944,13.592490743126067,18.548842150841537,True,True,0.0,2.6640331208214722e-14,"GJR-GARCH(1,1,1)-t"
6961,5.684458106076775,10.640809513792245,True,True,1.2044562373190855e-19,0.13738327860405586,"GJR-GARCH(1,1,1)-t"
6965,21.703505545619926,26.6598569533354,True,False,0.9999999999988418,6.740324303410745e-13,"GJR-GARCH(1,1,1)-t"
6976,9.673445789508984,14.629797197224454,True,True,2.6036091045979786e-15,7.940422933490018e-14,"GJR-GARCH(1,1,1)-t"
6979,33.10263361324709,38.05898502096256,True,True,0.5175506093747885,0.4591377966735211,"GJR-GARCH(1,1,1)-t"
6999,26.29122628404886,31.24757769176433,True,True,2.3606008279649866e-15,0.7523047638711393,"GJR-GARCH(1,1,1)-t"
7005,0.27195047768686464,5.228301885402335,True,True,0.02862728213722662,0.8784107667997777,"GJR-GARCH(1,1,1)-t"
7008,9.912480159653683,14.868831567369153,True,False,0.1119770750675817,0.9440114624662076,"GJR-GARCH(1,1,1)-t"
7009,14.552959101541465,19.509310509256935,True,True,0.8800434642702077,9.106640105151242e-15,"GJR-GARCH(1,1,1)-t"
7013,11.83931725629066,16.79566866400613,True,False,6.593173215969879e-16,0.9999999999999992,"GJR-GARCH(1,1,1)-t"
7014,29.215819586200517,34.172170993915984,True,True,1.8883611527128323e-22,4.3461080938998104e-16,"GJR-GARCH(1,1,1)-t"
7028,17.757815143809268,22.714166551524738,True,True,0.5134560483154609,3.9171140164170366e-13,"GJR-GARCH(1,1,1)-t"
7041,16.42069908885211,21.37705049656758,True,True,0.2693633642594285,1.246888824686869e-15,"GJR-GARCH(1,1,1)-t"
7043,48.46924039525329,53.42559180296875,True,True,3.075429256034558e-15,0.9377871528301472,"GJR-GARCH(1,1,1)-t"
7051,-4.973225895202404,-0.016874487486933987,True,True,4.845144765151243e-16,0.4710845085559704,"GJR-GARCH(1,1,1)-t"
7054,20.639107811383806,25.595459219099276,True,True,0.3375184277944317,0.0,"GJR-GARCH(1,1,1)-t"
7055,-5.153427894470941,-0.19707648675547063,True,True,0.6191017397888651,4.599537947504583e-15,"GJR-GARCH(1,1,1)-t"
7107,20.131744586897057,25.088095994612527,True,True,1.0889522714279541e-14,0.6465377117836226,"GJR-GARCH(1,1,1)-t"
7122,-16.893737428845323,-11.937386021129853,True,True,0.0,5.9219283881514625e-16,"GJR-GARCH(1,1,1)-t"
7124,13.142355522878676,18.098706930594144,True,False,1.0,1.6383914711029576e-15,"GJR-GARCH(1,1,1)-t"
7133,13.309642660244931,18.2659940679604,True,True,0.0,0.8547579764180342,"GJR-GARCH(1,1,1)-t"
7150,29.082605441079437,34.0389568487949,True,True,1.0346026585390597e-19,2.248079411025656e-14,"GJR-GARCH(1,1,1)-t"
7151,15.167721050233913,20.124072457949385,True,True,0.36779291500075156,1.361014715519309e-09,"GJR-GARCH(1,1,1)-t"
7162,10.775421826238333,15.731773233953803,True,True,9.647734039196037e-18,0.9770542884647077,"GJR-GARCH(1,1,1)-t"
7180,-15.023072013663967,-10.066720605948497,True,True,0.6586626251866947,0.0,"GJR-GARCH(1,1,1)-t"
7194,-3.7253814977144373,1.2309699100010327,True,True,3.745707711353866e-17,0.8837610989906506,"GJR-GARCH(1,1,1)-t"
7195,21.247536996850275,26.203888404565745,True,True,2.283735112672662e-10,0.9655584636559489,"GJR-GARCH(1,1,1)-t"
7200,5.4348112941717215,10.391162701887191,True,False,0.06784419647247884,0.9660779017643482,"GJR-GARCH(1,1,1)-t"
7212,-4.226419242665642,0.7299321650498278,True,False,0.8281617564258145,0.5859191217870907,"GJR-GARCH(1,1,1)-t"
7213,19.538327920807234,24.494679328522704,True,True,1.8397425904944135e-16,0.0,"GJR-GARCH(1,1,1)-t"
7217,13.731714782836844,18.688066190552313,True,True,1.631123270443352e-14,0.842448120889448,"GJR-GARCH(1,1,1)-t"
7219,3.401691784918903,8.358043192634373,True,True,0.0,0.4124608578749507,"GJR-GARCH(1,1,1)-t"
7237,27.406672903942763,32.363024311658236,True,False,0.9999999999999998,5.304068677686834e-16,"GJR-GARCH(1,1,1)-t"
7245,20.34675760155434,25.30310900926981,True,True,0.0,9.759403910562214e-15,"GJR-GARCH(1,1,1)-t"
7249,11.327201676032962,16.283553083748433,True,True,0.058457000330476044,0.5434165787728213,"GJR-GARCH(1,1,1)-t"
7251,-1.6861255144034306,3.2702258933120394,True,False,0.9999999999999727,0.0,"GJR-GARCH(1,1,1)-t"
7258,25.50834238011212,30.464693787827592,True,True,2.6187519290619367e-17,7.546998678904414e-16,"GJR-GARCH(1,1,1)-t"
7260,17.498303164387956,22.454654572103426,True,False,0.0,0.9999999999999998,"GJR-GARCH(1,1,1)-t"
7261,16.157428893819272,21.113780301534742,True,True,2.4386599622548024e-17,0.8863607875419405,"GJR-GARCH(1,1,1)-t"
7270,-3.1000110670430097,1.8563403406724603,True,True,0.02717440475023756,1.7502179662816058e-17,"GJR-GARCH(1,1,1)-t"
7277,29.595791419226863,34.55214282694233,True,True,1.4287633880460923e-14,6.723411178801013e-14,"GJR-GARCH(1,1,1)-t"
7309,-6.153689471002306,-1.1973380632868356,True,True,0.6397825805954115,3.4275210531688705e-10,"GJR-GARCH(1,1,1)-t"
7310,22.871058098933933,27.827409506649403,True,False,0.0,1.0,"GJR-GARCH(1,1,1)-t"
7316,37.57252286678294,42.528874274498406,True,True,2.4138654633512376e-16,5.433444320856575e-16,"GJR-GARCH(1,1,1)-t"
7322,16.417677713590805,21.374029121306275,True,True,0.31483634923160375,3.7694643206798416e-20,"GJR-GARCH(1,1,1)-t"
7333,10.154917983241852,15.111269390957322,True,True,0.11932430577068846,0.11131613002360735,"GJR-GARCH(1,1,1)-t"
7343,20.837930239426406,25.794281647141876,True,True,9.633562108975344e-19,0.6945644244780674,"GJR-GARCH(1,1,1)-t"
7367,-3.0771388195476774,1.8792125881677926,True,False,4.9342429171977067e-17,1.0,"GJR-GARCH(1,1,1)-t"
7369,14.733752573023711,19.69010398073918,True,True,0.3334618887379185,0.38408716907153345,"GJR-GARCH(1,1,1)-t"
7373,10.369892001906944,15.326243409622414,True,True,0.6813799639287721,2.108220063968962e-15,"GJR-GARCH(1,1,1)-t"
7374,40.47471869121596,45.43107009893143,True,True,0.0,0.75010619893339,"GJR-GARCH(1,1,1)-t"
7418,4.547854226212472,9.504205633927942,True,True,9.66291929698616e-17,2.3496122040410803e-17,"GJR-GARCH(1,1,1)-t"
7444,12.312791086975318,17.269142494690787,True,True,6.323941513374439e-12,0.9312188019212728,"GJR-GARCH(1,1,1)-t"
7447,-0.4241805595234176,4.532170848192052,True,True,0.3182683885288166,4.356101773224032e-14,"GJR-GARCH(1,1,1)-t"
7458,5.981929166302365,10.938280574017835,True,True,2.31803060179248e-13,0.6615625901716199,"GJR-GARCH(1,1,1)-t"
7460,-8.857533346861661,-3.9011819391461913,True,True,0.0,0.0,"GJR-GARCH(1,1,1)-t"
7465,9.29059197005149,14.24694337776696,True,True,0.312989142970898,0.011682503079220422,"GJR-GARCH(1,1,1)-t"
7467,6.609523356704968,11.565874764420439,True,True,1.1106345516605312e-16,0.5596179724479937,"GJR-GARCH(1,1,1)-t"
7478,29.40006159026821,34.35641299798368,True,True,0.3212443226832676,1.2435620653717671e-15,"GJR-GARCH(1,1,1)-t"
7491,35.10305015819887,40.05940156591434,True,True,1.474150928870298e-18,0.8898096939748086,"GJR-GARCH(1,1,1)-t"
7512,8.014434600869336,12.970786008584806,True,True,0.0,0.8914787477222129,"GJR-GARCH(1,1,1)-t"
7517,1.2486586744118462,6.205010082127316,True,False,0.9999999999999977,2.0494179381415767e-15,"GJR-GARCH(1,1,1)-t"
7518,4.978290748407824,9.934642156123294,True,True,0.0,0.31022611140766054,"GJR-GARCH(1,1,1)-t"
7545,-1.6718716049498088,3.284479802765661,True,False,0.9999999994807163,0.2289453988293674,"GJR-GARCH(1,1,1)-t"
7548,11.613763048133709,16.57011445584918,True,True,3.726699941863345e-09,0.9763885637966829,"GJR-GARCH(1,1,1)-t"
7564,50.00444942553557,54.96080083325104,True,True,8.217431318309414e-14,0.9575532723140164,"GJR-GARCH(1,1,1)-t"
7566,9.39080888286029,14.34716029057576,True,False,1.0,0.0,"GJR-GARCH(1,1,1)-t"
7567,8.43949667563334,13.39584808334881,True,True,1.9920647739612893e-15,0.9779898147622079,"GJR-GARCH(1,1,1)-t"
7572,16.468809782187492,21.42516118990296,True,True,0.0,8.022380502214813e-15,"GJR-GARCH(1,1,1)-t"
7593,20.401748158675865,25.358099566391335,True,True,2.8766572025757776e-16,0.7500127668025413,"GJR-GARCH(1,1,1)-t"
7621,55.54599227186507,60.502343679580534,True,True,0.05065771516648176,0.5694954854398637,"GJR-GARCH(1,1,1)-t"
7624,20.941584208134643,25.897935615850116,True,False,2.6217878686583496e-19,0.9999999999999905,"GJR-GARCH(1,1,1)-t"
7629,9.905731253636807,14.862082661352277,True,False,0.9999999999999929,0.2922150203131595,"GJR-GARCH(1,1,1)-t"
7632,50.69417686448184,55.650528272197306,True,True,6.799848977189662e-18,0.8048682640483208,"GJR-GARCH(1,1,1)-t"
7653,24.147159481089723,29.103510888805197,True,True,8.892992113010509e-14,0.9130224262280671,"GJR-GARCH(1,1,1)-t"
7666,29.552519437203266,34.50887084491873,True,True,1.354598926103346e-13,0.981060978701906,"GJR-GARCH(1,1,1)-t"
7668,13.156395358623502,18.112746766338972,True,True,0.0,0.011997945012449775,"GJR-GARCH(1,1,1)-t"
7674,16.23823648413516,21.19458789185063,True,True,1.7556602224449425e-16,0.5965109529563942,"GJR-GARCH(1,1,1)-t"
7675,-2.477087256344465,2.479264151371005,True,True,9.906244018514217e-17,2.7888034356766e-20,"GJR-GARCH(1,1,1)-t"
7677,-12.534986871398978,-7.578635463683508,True,False,2.1287319844802935e-13,0.9999999999981427,"GJR-GARCH(1,1,1)-t"
7679,3.2375212257538806,8.19387263346935,True,True,2.11873350205478e-14,0.936235048511448,"GJR-GARCH(1,1,1)-t"
7686,3.0442257021944705,8.00057710990994,True,True,0.36697151813533274,0.1990584669871961,"GJR-GARCH(1,1,1)-t"
7709,13.164288234992272,18.120639642707744,True,True,2.319156983718166e-16,1.504645516337497e-14,"GJR-GARCH(1,1,1)-t"
7714,22.039532606360094,26.995884014075564,True,False,5.6456181526113645e-19,1.0,"GJR-GARCH(1,1,1)-t"
7716,8.419195566756855,13.375546974472325,True,True,1.0974651291944798e-12,0.9480241607503591,"GJR-GARCH(1,1,1)-t"
7743,22.697787249583985,27.654138657299455,True,False,4.254042656110243e-18,0.9999999999999616,"GJR-GARCH(1,1,1)-t"
7745,10.734967047721018,15.691318455436488,True,True,0.7050961141037099,1.633612242548788e-14,"GJR-GARCH(1,1,1)-t"
7747,-0.8098403370172171,4.146511070698253,True,True,6.912840512705288e-16,7.913548406717148e-14,"GJR-GARCH(1,1,1)-t"
7752,41.88590570873572,46.842257116451194,True,True,1.414708028498106e-14,0.5468054423062332,"GJR-GARCH(1,1,1)-t"
7758,-0.9282638984760538,4.028087509239416,True,True,2.1319498291827794e-18,0.5834774612098002,"GJR-GARCH(1,1,1)-t"
7759,6.570529210155197,11.526880617870667,True,False,1.0335609746189827e-13,0.999999999964496,"GJR-GARCH(1,1,1)-t"
7764,24.419225592877822,29.375577000593292,True,True,4.3419625306296826e-15,0.9549122749448071,"GJR-GARCH(1,1,1)-t"
7775,18.15911395152083,23.1154653592363,True,True,7.391168248526396e-20,0.9481691343106484,"GJR-GARCH(1,1,1)-t"
7783,-6.635383083475659,-1.6790316757601893,True,False,1.6578054616131089e-12,0.9999999999995717,"GJR-GARCH(1,1,1)-t"
7799,8.813929121859257,13.770280529574727,True,True,3.344193497444931e-21,2.412458790589599e-16,"GJR-GARCH(1,1,1)-t"
7811,1.6989206452121817,6.655272052927652,True,False,0.0,0.9999999999999639,"GJR-GARCH(1,1,1)-t"
7818,16.336618642801607,21.292970050517077,True,True,0.2033382142756209,5.790387125258809e-13,"GJR-GARCH(1,1,1)-t"
7821,31.198713253608567,36.15506466132403,True,False,1.0,0.0,"GJR-GARCH(1,1,1)-t"
7837,39.33655711731011,44.29290852502558,True,True,0.0,0.0,"GJR-GARCH(1,1,1)-t"
7843,10.369259551505344,15.325610959220814,True,False,2.3382198592939162e-15,0.9999999999999931,"GJR-GARCH(1,1,1)-t"
7845,-6.025426254097347,-1.069074846381877,True,True,0.0,0.865944484717368,"GJR-GARCH(1,1,1)-t"
7854,-4.0988836033177165,0.8574678043977535,True,True,0.0,0.0,"GJR-GARCH(1,1,1)-t"
7864,5.061138178608552,10.017489586324022,True,True,1.3770943069478676e-12,1.1832725233644144e-11,"GJR-GARCH(1,1,1)-t"
7874,20.212158521351192,25.168509929066662,True,False,1.0,0.0,"GJR-GARCH(1,1,1)-t"
7882,18.87347953827364,23.82983094598911,True,False,1.7232991279511797e-16,1.0,"GJR-GARCH(1,1,1)-t"
7883,4.681943238412842,9.638294646128312,True,True,0.3034175632483204,1.64446642074018e-14,"GJR-GARCH(1,1,1)-t"
7884,14.140917737171206,19.097269144886678,True,True,4.311601451855515e-09,0.9603230791924134,"GJR-GARCH(1,1,1)-t"
7885,1.3372371094851125,6.2935885172005825,True,True,1.2835394927567662e-23,0.8252676309522704,"GJR-GARCH(1,1,1)-t"
7897,8.531744363278445,13.488095770993915,True,True,7.566673271241296e-16,4.4900406474672984e-08,"GJR-GARCH(1,1,1)-t"
7909,8.251256698484648,13.207608106200118,True,False,0.615076619572794,0.4040323512920464,"GJR-GARCH(1,1,1)-t"
7921,22.423841207791853,27.38019261550732,True,False,4.560895088772032e-12,0.9999999999967938,"GJR-GARCH(1,1,1)-t"
7992,32.40466863930144,37.36102004701691,True,True,1.3793631148519607e-17,0.11838636288402628,"GJR-GARCH(1,1,1)-t"
8009,-5.68285103197001,-0.7264996242545401,True,False,2.97632553732571e-15,1.0,"GJR-GARCH(1,1,1)-t"
8011,6.1562329932102084,11.112584400925678,True,True,4.076973417870241e-11,0.9234051373555444,"GJR-GARCH(1,1,1)-t"
8014,18.27532893094573,23.2316803386612,True,False,1.0,0.482330286871373,"GJR-GARCH(1,1,1)-t"
8016,20.54588398091691,25.50223538863238,True,False,0.9999999999999999,0.48245045078693866,"GJR-GARCH(1,1,1)-t"
8032,10.28605311663424,15.24240452434971,True,True,1.8909101887605234e-15,0.37093281385321886,"GJR-GARCH(1,1,1)-t"
8044,10.071195969398897,15.027547377114367,True,False,1.0,0.29443018590722586,"GJR-GARCH(1,1,1)-t"
8068,7.039567925596569,11.995919333312038,True,True,5.6213114169402965e-14,0.8327899580124116,"GJR-GARCH(1,1,1)-t"
8070,10.364665312496387,15.321016720211857,True,False,1.0,1.208007747618525e-16,"GJR-GARCH(1,1,1)-t"
8081,-3.633583639258834,1.322767768456636,True,True,3.679675133196553e-18,0.9331305785352291,"GJR-GARCH(1,1,1)-t"
8085,20.527206614662163,25.48355802237763,True,True,0.27400236289773194,0.36653549963772053,"GJR-GARCH(1,1,1)-t"
8101,11.848552837167672,16.80490424488314,True,True,0.1832817109478478,0.0,"GJR-GARCH(1,1,1)-t"
8104,-4.736688295275663,0.2196631124398074,True,False,0.9999999999981316,1.4527811964194975e-20,"GJR-GARCH(1,1,1)-t"
8109,12.964396457654747,17.920747865370217,True,False,1.6725966887494869e-12,0.9999999999642892,"GJR-GARCH(1,1,1)-t"
8117,6.192655458691003,11.149006866406474,True,True,2.8887624868954826e-16,0.8970529182896151,"GJR-GARCH(1,1,1)-t"
8168,-2.542487734500156,2.413863673215314,True,False,0.11237317490178671,0.9345151195867558,"GJR-GARCH(1,1,1)-t"
8186,37.51847410264071,42.47482551035618,True,True,4.2639594487193104e-15,0.781354787472024,"GJR-GARCH(1,1,1)-t"
8190,29.159009609456923,34.11536101717239,True,True,0.047789740254940455,0.13958766963544086,"GJR-GARCH(1,1,1)-t"
8191,8.31060032562145,13.26695173333692,True,True,4.670035849739863e-15,0.9367382300881322,"GJR-GARCH(1,1,1)-t"
8192,-21.620281981902984,-16.663930574187514,True,False,4.88498130835069e-20,1.0,"GJR-GARCH(1,1,1)-t"
8196,-18.86593728803831,-13.90958588032284,True,False,0.9999999999999999,0.5000000000000001,"GJR-GARCH(1,1,1)-t"
8205,35.44149982056551,40.397851228280985,True,True,1.4185665554850524e-14,4.4677060719961634e-14,"GJR-GARCH(1,1,1)-t"
8211,40.79021989159626,45.746571299311725,True,True,3.1746578059711786e-12,0.9743363299296587,"GJR-GARCH(1,1,1)-t"
8219,20.22235123715723,25.1787026448727,True,False,1.0,0.4368253704399676,"GJR-GARCH(1,1,1)-t"
8222,7.307847852102901,12.264199259818371,True,True,3.196077286381388e-11,0.8749258209595564,"GJR-GARCH(1,1,1)-t"
8224,27.180740304534652,32.13709171225012,True,True,1.9001533392963278e-12,0.9681755430480544,"GJR-GARCH(1,1,1)-t"
8256,36.357623037181185,41.31397444489666,True,True,1.4985466894264633e-13,2.5114178492379023e-12,"GJR-GARCH(1,1,1)-t"
8271,-11.310643271146667,-6.354291863431197,True,True,1.140036593469105e-13,0.7938299509710933,"GJR-GARCH(1,1,1)-t"
8298,34.196732806167184,39.15308421388265,True,True,6.044969234917043e-12,0.0,"GJR-GARCH(1,1,1)-t"
8331,1.6212172924618855,6.5775687001773555,True,True,8.397640829484437e-16,0.9641605315366252,"GJR-GARCH(1,1,1)-t"
8346,30.074805655271174,35.031157062986644,True,True,0.1106893208333904,0.2598547589288372,"GJR-GARCH(1,1,1)-t"
8353,27.96250524324605,32.91885665096152,True,True,0.0,0.9576177051045041,"GJR-GARCH(1,1,1)-t"
8357,23.787095560021896,28.74344696773737,True,True,0.0,0.3618446010974778,"GJR-GARCH(1,1,1)-t"
8360,12.419464595623982,17.37581600333945,True,True,2.960921021530335e-13,0.5860462894080665,"GJR-GARCH(1,1,1)-t"
8365,22.100834150822394,27.05718555853786,True,False,0.016375553673980827,0.9918122231643619,"GJR-GARCH(1,1,1)-t"
8408,38.62636012399426,43.58271153170973,True,True,0.4802757495206142,2.8780746372154084e-14,"GJR-GARCH(1,1,1)-t"
8426,10.064695979112035,15.021047386827505,True,False,0.9999999999999994,3.3419775933180237e-16,"GJR-GARCH(1,1,1)-t"
8435,3.113094192056977,8.069445599772447,True,True,1.2040344616526902e-12,0.9539859093877227,"GJR-GARCH(1,1,1)-t"
8441,48.15399625496157,53.11034766267704,True,True,0.0,0.9182410110560509,"GJR-GARCH(1,1,1)-t"
8442,7.168559092029871,12.12491049974534,True,True,3.0262078107914325e-15,0.25764929638318457,"GJR-GARCH(1,1,1)-t"
8447,65.96161692880885,70.91796833652432,True,True,0.07760194312419577,0.7967209193586691,"GJR-GARCH(1,1,1)-t"
8448,17.0713637079446,22.027715115660072,True,False,2.0971987637025136e-15,0.9999999999999982,"GJR-GARCH(1,1,1)-t"
8454,25.146438044213692,30.102789451929162,True,True,0.0,2.2332310107905546e-08,"GJR-GARCH(1,1,1)-t"
8459,21.23926828965074,26.19561969736621,True,True,5.259113503930404e-14,4.311479979467958e-18,"GJR-GARCH(1,1,1)-t"
8476,-2.167704174418951,2.788647233296519,True,False,5.837313453350288e-14,0.9999999999994926,"GJR-GARCH(1,1,1)-t"
8481,8.770088889025152,13.726440296740622,True,True,0.052859434860274085,0.496260920717743,"GJR-GARCH(1,1,1)-t"
8518,34.26294980446682,39.21930121218229,True,True,0.3594832487023289,1.5191155823767415e-12,"GJR-GARCH(1,1,1)-t"
8524,1.1599460051395099,6.11629741285498,True,True,2.3035479500866013e-13,5.057959582982385e-13,"GJR-GARCH(1,1,1)-t"
8534,16.257636438527204,21.213987846242674,True,True,1.4767829858625744e-13,0.14189673361673522,"GJR-GARCH(1,1,1)-t"
8546,-5.575795287476939,-0.6194438797614694,True,True,7.989548487164916e-15,0.9865869134264517,"GJR-GARCH(1,1,1)-t"
8554,31.152068963915426,36.1084203716309,True,False,6.070424118140554e-14,0.999999999999289,"GJR-GARCH(1,1,1)-t"
8573,23.536128997011183,28.49248040472665,True,True,2.6058965189907826e-14,0.7748117449116566,"GJR-GARCH(1,1,1)-t"
8583,26.59812742494418,31.55447883265965,True,True,1.9801795152130043e-14,0.9544321666701604,"GJR-GARCH(1,1,1)-t"
8585,17.192614773860484,22.148966181575954,True,True,2.1554719534355376e-18,1.1930816443068693e-17,"GJR-GARCH(1,1,1)-t"
8587,9.98664024501318,14.94299165272865,True,True,1.9054914319229787e-21,0.6300172863927357,"GJR-GARCH(1,1,1)-t"
8590,3.8300094173643764,8.786360825079846,True,False,0.9999999999999981,0.44223205673804206,"GJR-GARCH(1,1,1)-t"
8607,29.205261954337928,34.1616133620534,True,True,0.0,0.8840342179139086,"GJR-GARCH(1,1,1)-t"
8611,41.37343278749195,46.329784195207424,True,False,2.569580327338846e-17,1.0,"GJR-GARCH(1,1,1)-t"
8613,-9.23897042994664,-4.28261902223117,True,False,0.004488980991961582,0.9977555095175371,"GJR-GARCH(1,1,1)-t"
8615,-6.786035959036145,-1.8296845513206748,True,True,4.39901451890136e-13,3.0228171292217107e-12,"GJR-GARCH(1,1,1)-t"
8618,23.877682292849887,28.834033700565357,True,False,4.092325827578681e-10,0.9999999999957996,"GJR-GARCH(1,1,1)-t"
8623,10.780541659652394,15.736893067367864,True,True,1.0711740266970171e-13,0.9471471675266265,"GJR-GARCH(1,1,1)-t"
8636,7.4590957002892795,12.415447108004749,True,True,3.4995972972846627e-12,0.9677123443222553,"GJR-GARCH(1,1,1)-t"
8647,30.923279228335378,35.87963063605085,True,True,0.0,0.8633432363865065,"GJR-GARCH(1,1,1)-t"
8652,-6.884780420480212,-1.9284290127647417,True,False,0.827911320431338,0.4672334209136472,"GJR-GARCH(1,1,1)-t"
8659,10.959656547782501,15.916007955497971,True,True,3.611698302215556e-13,0.8239569457644779,"GJR-GARCH(1,1,1)-t"
8661,14.719031603663687,19.675383011379157,True,True,1.1449880712069063e-16,0.0,"GJR-GARCH(1,1,1)-t"
8662,1.9995068424072482,6.955858250122718,True,True,0.0,0.6787255386398539,"GJR-GARCH(1,1,1)-t"
8664,6.65788291866521,11.61423432638068,True,True,3.303319653149673e-13,0.9686937782005596,"GJR-GARCH(1,1,1)-t"
8665,-10.819269059151736,-5.862917651436266,True,False,0.06431943771769318,0.967840281141154,"GJR-GARCH(1,1,1)-t"
8667,15.561981606961762,20.518333014677232,True,False,4.677209522322862e-20,0.9999999999999999,"GJR-GARCH(1,1,1)-t"
8675,-4.913881034913178,0.042470372802291934,True,False,1.0,0.0,"GJR-GARCH(1,1,1)-t"
8676,15.418746583979408,20.37509799169488,True,False,0.0,0.999999999999832,"GJR-GARCH(1,1,1)-t"
8696,0.9042336581059427,5.860585065821413,True,False,0.1438080813263562,0.9248005636974205,"GJR-GARCH(1,1,1)-t"
8702,28.978291197608257,33.934642605323724,True,True,1.872054838308302e-13,0.9843931036815706,"GJR-GARCH(1,1,1)-t"
8706,15.38503798359549,20.34138939131096,True,True,8.708892320803115e-15,2.4353665998327187e-13,"GJR-GARCH(1,1,1)-t"
8708,2.3357171157918604,7.29206852350733,True,True,3.895868859592084e-13,0.9138198487631267,"GJR-GARCH(1,1,1)-t"
8718,10.646137542578208,15.602488950293678,True,False,0.42703964302423053,0.7864801784878844,"GJR-GARCH(1,1,1)-t"
8721,35.42324151256566,40.37959292028113,True,True,3.100578682621673e-17,3.852785087245709e-07,"GJR-GARCH(1,1,1)-t"
8744,13.948035026435749,18.90438643415122,True,True,1.9908678540725989e-13,0.8172142379508278,"GJR-GARCH(1,1,1)-t"
8747,7.339543874180031,12.2958952818955,True,False,4.0215764785963877e-16,1.0,"GJR-GARCH(1,1,1)-t"
8749,5.692218472980679,10.648569880696149,True,True,2.4960460280975147e-16,0.0,"GJR-GARCH(1,1,1)-t"
8750,0.6553853800811744,5.611736787796644,True,False,9.607908762792212e-17,0.9999999999999981,"GJR-GARCH(1,1,1)-t"
8753,-6.227674945947658,-1.2713235382321884,True,True,0.0,0.94384115804127,"GJR-GARCH(1,1,1)-t"
8763,34.78906427746678,39.74541568518225,True,True,3.9842215608170254e-14,0.9195185467050914,"GJR-GARCH(1,1,1)-t"
8773,-9.702576724985647,-4.746225317270177,True,True,0.6891567395952838,0.0,"GJR-GARCH(1,1,1)-t"
8776,11.228324033453092,16.18467544116856,True,False,2.3357205526661315e-12,0.9999999999659609,"GJR-GARCH(1,1,1)-t"
8779,40.82251417736822,45.77886558508369,True,False,0.0,1.0,"GJR-GARCH(1,1,1)-t"
8797,13.969757168570187,18.926108576285657,True,False,0.9999999999998808,0.49999999999998046,"GJR-GARCH(1,1,1)-t"
8822,10.929106920969184,15.885458328684654,True,False,0.3576721023694312,0.821163948815285,"GJR-GARCH(1,1,1)-t"
8825,20.156648778597486,25.113000186312952,True,True,1.020552644829916e-14,0.9608637785031376,"GJR-GARCH(1,1,1)-t"
8840,11.657537792879495,16.613889200594965,True,False,0.0,1.0,"GJR-GARCH(1,1,1)-t"
8859,13.387482879471863,18.343834287187335,True,True,1.7454850387176938e-15,1.9471521606404214e-14,"GJR-GARCH(1,1,1)-t"
8891,26.97063038288883,31.9269817906043,True,False,0.9999999999999921,2.907437931157308e-15,"GJR-GARCH(1,1,1)-t"
8913,62.643355272747044,67.59970668046252,True,True,5.701593227137668e-16,0.9000965753857211,"GJR-GARCH(1,1,1)-t"
8918,-20.06980084247016,-15.113449434754688,True,True,0.4495377258389091,3.502695351794189e-16,"GJR-GARCH(1,1,1)-t"
8934,22.620697724261866,27.57704913197734,True,False,0.9999999999795312,8.868501880477409e-12,"GJR-GARCH(1,1,1)-t"
8937,18.881082783573127,23.837434191288594,True,False,0.32792940882412736,0.7589728941018297,"GJR-GARCH(1,1,1)-t"
8938,9.068760832146545,14.025112239862015,True,True,0.9556260768723104,1.8036383703562528e-16,"GJR-GARCH(1,1,1)-t"
8950,31.0162632349952,35.97261464271067,True,True,0.2747327479941104,3.2806175709314365e-13,"GJR-GARCH(1,1,1)-t"
8974,-6.450121601204103,-1.4937701934886327,True,True,4.09847589126399e-15,0.4798951256578012,"GJR-GARCH(1,1,1)-t"
8978,-4.211326155981755,0.7450252517337148,True,False,0.0,1.0,"GJR-GARCH(1,1,1)-t"
9000,-7.370665834627214,-2.4143144269117442,True,False,9.498001742616103e-15,0.999999999999909,"GJR-GARCH(1,1,1)-t"
9001,2.5599927558070448,7.516344163522515,True,True,9.38562100252711e-16,0.963705781842623,"GJR-GARCH(1,1,1)-t"
9021,-11.571012716194499,-6.614661308479029,True,True,0.105933013764162,2.0711522039049716e-20,"GJR-GARCH(1,1,1)-t"
9028,20.511212344307943,25.467563752023413,True,True,3.0224822723123893e-15,0.8976873698504002,"GJR-GARCH(1,1,1)-t"
9030,6.998416937920575,11.954768345636044,True,True,2.1298425288139723e-15,0.0,"GJR-GARCH(1,1,1)-t"
9037,8.96765424920158,13.92400565691705,True,False,1.0,0.02550906339552487,"GJR-GARCH(1,1,1)-t"
9038,29.17823773061542,34.134589138330895,True,False,1.240469641890094e-14,0.9999999999999598,"GJR-GARCH(1,1,1)-t"
9060,4.462870360263546,9.419221767979016,True,True,2.4400323633487755e-14,1.7266155953328798e-12,"GJR-GARCH(1,1,1)-t"
9064,19.284012589723112,24.240363997438582,True,True,4.369670603255245e-18,0.7623202800340685,"GJR-GARCH(1,1,1)-t"
9067,14.125136315086959,19.08148772280243,True,False,2.193661163450697e-19,0.9999999999999999,"GJR-GARCH(1,1,1)-t"
9072,8.079700162580913,13.036051570296383,True,True,0.0,0.5771148023682809,"GJR-GARCH(1,1,1)-t"
9076,8.138053440757105,13.094404848472575,True,False,0.7614302196683658,0.6192848899539382,"GJR-GARCH(1,1,1)-t"
9077,8.07886058185823,13.0352119895737,True,False,0.0,0.9999999999999991,"GJR-GARCH(1,1,1)-t"
9091,8.091642294707524,13.047993702422994,True,True,0.274983394249107,0.0,"GJR-GARCH(1,1,1)-t"
9096,6.5253791853997765,11.481730593115246,True,True,8.870222019562515e-22,0.9502095394647938,"GJR-GARCH(1,1,1)-t"
9100,18.308203573701984,23.264554981417454,True,True,0.0,0.9631994064163323,"GJR-GARCH(1,1,1)-t"
9114,5.626108822565815,10.582460230281285,True,True,1.579887148739494e-14,0.9636764503590908,"GJR-GARCH(1,1,1)-t"
9123,10.476911646693036,15.433263054408506,True,True,9.210041932374787e-15,0.8421374594788869,"GJR-GARCH(1,1,1)-t"
9138,36.40355086604332,41.35990227375879,True,True,1.088428877984795e-14,0.9484167820931704,"GJR-GARCH(1,1,1)-t"
9146,25.259579166355707,30.215930574071177,True,True,5.331613695158571e-07,0.861942582296763,"GJR-GARCH(1,1,1)-t"
9153,38.48176774003521,43.438119147750676,True,True,0.26404754855103174,0.7262082038844894,"GJR-GARCH(1,1,1)-t"
9160,1.7769924361740959,6.733343843889566,True,True,0.0,0.7093345088069954,"GJR-GARCH(1,1,1)-t"
9164,0.49062198339372287,5.446973391109193,True,True,0.0,3.035457602417527e-13,"GJR-GARCH(1,1,1)-t"
9166,-0.7684825995621072,4.187868808153363,True,True,8.685941404898262e-13,0.9387537739813494,"GJR-GARCH(1,1,1)-t"
9186,-10.711279992839863,-5.754928585124393,True,True,9.03412536801117e-19,6.207597248875208e-15,"GJR-GARCH(1,1,1)-t"
9190,-8.242685925681833,-3.2863345179663632,True,True,0.33302417542654716,1.7670668332450462e-16,"GJR-GARCH(1,1,1)-t"
9194,22.91089036088989,27.86724176860536,True,True,2.6124307135849215e-18,0.8559749311918959,"GJR-GARCH(1,1,1)-t"
9198,-25.389925184746104,-20.433573777030634,True,True,0.047464865135594024,0.0,"GJR-GARCH(1,1,1)-t"
9201,-1.0863042667056604,3.8700471410098096,True,False,1.0,0.06105059886052742,"GJR-GARCH(1,1,1)-t"
9205,-18.40047599309385,-13.444124585378379,True,True,0.320974741475649,1.849203494211753e-14,"GJR-GARCH(1,1,1)-t"
9207,-3.6288088985156044,1.3275425091998656,True,True,4.5024471216350485e-15,0.9353305095754572,"GJR-GARCH(1,1,1)-t"
9208,17.03904070714375,21.99539211485922,True,True,2.2899847581647853e-16,0.8116387308793753,"GJR-GARCH(1,1,1)-t"
9215,12.59043293276828,17.54678434048375,True,True,3.739933494513763e-14,0.8924102887738169,"GJR-GARCH(1,1,1)-t"
9219,7.618923698493973,12.575275106209443,True,True,1.7141073874107985e-09,0.9112357295879924,"GJR-GARCH(1,1,1)-t"
9222,36.34163725240479,41.297988660120254,True,True,6.381863147111472e-17,0.9241863590329173,"GJR-GARCH(1,1,1)-t"
9243,8.78336146510254,13.73971287281801,True,True,0.0,0.08632347006913939,"GJR-GARCH(1,1,1)-t"
9248,32.86879482543234,37.825146233147805,True,False,9.747336440180581e-13,0.9999999999898909,"GJR-GARCH(1,1,1)-t"
9266,16.63662051052544,21.592971918240913,True,True,3.228880037053146e-20,0.0,"GJR-GARCH(1,1,1)-t"
9275,8.525192146411008,13.481543554126478,True,True,1.7311422585513671e-15,5.5284493484171224e-15,"GJR-GARCH(1,1,1)-t"
9279,37.73457574316004,42.69092715087551,True,True,8.369251609558819e-16,0.9273631882052149,"GJR-GARCH(1,1,1)-t"
9281,-11.642718919692275,-6.686367511976805,True,True,2.0018243190131246e-15,0.6724787772002601,"GJR-GARCH(1,1,1)-t"
9282,0.6822805427393615,5.6386319504548315,True,True,0.0,0.15186920104970006,"GJR-GARCH(1,1,1)-t"
9285,47.57412321894745,52.53047462666292,True,True,0.35202715020738157,0.2261882709831238,"GJR-GARCH(1,1,1)-t"
9289,15.479826813183266,20.436178220898736,True,True,6.205450283655648e-17,0.798041299187751,"GJR-GARCH(1,1,1)-t"
9300,-20.471254477635817,-15.514903069920347,True,True,0.1931407127864606,0.0,"GJR-GARCH(1,1,1)-t"
9302,4.536633259436485,9.492984667151955,True,False,0.0,0.9999999999991779,"GJR-GARCH(1,1,1)-t"
9311,4.298716586839294,9.255067994554764,True,True,0.0,0.0,"GJR-GARCH(1,1,1)-t"
9312,17.89215260354498,22.848504011260445,True,False,0.0,0.9999999999999996,"GJR-GARCH(1,1,1)-t"
9329,-5.9064220815307,-0.9500706738152296,True,True,8.564713293722925e-17,0.6390238745585438,"GJR-GARCH(1,1,1)-t"
9343,20.568474679917163,25.524826087632633,True,True,0.3140312331741442,1.844884991350684e-13,"GJR-GARCH(1,1,1)-t"
9350,-20.424156448995454,-15.467805041279984,True,True,1.4030624586859894e-12,0.9768193213360307,"GJR-GARCH(1,1,1)-t"
9352,4.157267614293641,9.113619022009111,True,True,0.12023821268217529,0.0,"GJR-GARCH(1,1,1)-t"
9367,-1.7788264984788462,3.177524909236624,True,False,8.506620918822835e-13,1.0,"GJR-GARCH(1,1,1)-t"
9377,7.3679745163288,12.32432592404427,True,True,1.0089394930490912e-18,0.9647563455443583,"GJR-GARCH(1,1,1)-t"
9381,6.198926275500191,11.155277683215662,True,True,0.0,0.0,"GJR-GARCH(1,1,1)-t"
9396,-1.8779994116355674,3.0783519960799026,True,True,0.0,0.9856776484199065,"GJR-GARCH(1,1,1)-t"
9427,48.92597905013345,53.88233045784892,True,True,0.0634145546005077,0.8861618441170169,"GJR-GARCH(1,1,1)-t"
9431,-0.13296399062905095,4.823387417086419,True,True,0.0,0.6972380942001933,"GJR-GARCH(1,1,1)-t"
9438,24.65933706777176,29.61568847548723,True,False,1.948702447899658e-15,0.9999999999999931,"GJR-GARCH(1,1,1)-t"
9445,17.244510479374085,22.20086188708956,True,False,7.841260589018267e-20,1.0,"GJR-GARCH(1,1,1)-t"
9448,23.41518971316055,28.371541120876017,True,True,0.0,0.9766820596189725,"GJR-GARCH(1,1,1)-t"
9456,12.90836143125882,17.864712838974288,True,True,0.0,0.3112040355281386,"GJR-GARCH(1,1,1)-t"
9465,7.762665854289211,12.71901726200468,True,False,0.0,0.9999999999999999,"GJR-GARCH(1,1,1)-t"
9493,7.871762329380388,12.828113737095858,True,False,0.9417055598692261,0.5291472200653873,"GJR-GARCH(1,1,1)-t"
9496,12.234336827370509,17.19068823508598,True,True,0.0,0.9269358192375788,"GJR-GARCH(1,1,1)-t"
9501,6.663511338158003,11.619862745873473,True,True,0.29411306053206165,3.9368464189446423e-16,"GJR-GARCH(1,1,1)-t"
9518,-14.053306816265149,-9.096955408549679,True,True,1.6662930449380733e-08,0.9270928384979599,"GJR-GARCH(1,1,1)-t"
9557,46.203958641837026,51.16031004955249,True,False,0.0,0.9999999999666483,"GJR-GARCH(1,1,1)-t"
9564,41.407428392927486,46.36377980064296,True,False,1.0,0.26580660632796127,"GJR-GARCH(1,1,1)-t"
9583,0.41756052347590433,5.373911931191374,True,True,1.8664677336345002e-14,0.06781953523428377,"GJR-GARCH(1,1,1)-t"
9606,12.347904222223944,17.304255629939416,True,True,5.317738713563872e-14,0.794636467974846,"GJR-GARCH(1,1,1)-t"
9610,32.421372449662115,37.37772385737759,True,True,0.0,0.48381256644583337,"GJR-GARCH(1,1,1)-t"
9633,9.89397219220691,14.85032359992238,True,True,2.384268923234885e-09,0.9628494963847811,"GJR-GARCH(1,1,1)-t"
9640,-3.384952443461003,1.5713989642544668,True,True,0.0,0.9794138729020373,"GJR-GARCH(1,1,1)-t"
9659,10.089335220795215,15.045686628510685,True,True,1.5619219936985937e-15,1.1001275570869004e-17,"GJR-GARCH(1,1,1)-t"
9664,-0.6066795323808201,4.34967187533465,True,False,0.0,1.0,"GJR-GARCH(1,1,1)-t"
9665,16.96420981513046,21.92056122284593,True,True,4.026880010158581e-16,0.33223221788434015,"GJR-GARCH(1,1,1)-t"
9674,38.7207478109369,43.67709921865237,True,False,0.9999999994156381,2.8075745523692413e-10,"GJR-GARCH(1,1,1)-t"
9687,26.8087682222638,31.765119629979267,True,True,4.3751047708274474e-16,0.3139154451209829,"GJR-GARCH(1,1,1)-t"
9694,10.811404017173889,15.767755424889359,True,True,0.720222156574862,0.0,"GJR-GARCH(1,1,1)-t"
9700,-2.7950833105685398,2.1612680971469302,True,True,0.0,0.9376743390026562,"GJR-GARCH(1,1,1)-t"
9720,-6.420765952779533,-1.4644145450640629,True,False,0.9999999999999999,3.055857337764002e-16,"GJR-GARCH(1,1,1)-t"
9735,13.624714916822818,18.581066324538288,True,True,0.8413190848605636,0.0,"GJR-GARCH(1,1,1)-t"
9737,40.62888899387367,45.58524040158914,True,True,0.0,0.9759323553508605,"GJR-GARCH(1,1,1)-t"
9748,9.717571189577184,14.673922597292654,True,True,1.1917515830894233e-16,0.4913790899642755,"GJR-GARCH(1,1,1)-t"
9752,9.861557290495009,14.817908698210479,True,True,7.112422668262708e-20,5.180549389348675e-15,"GJR-GARCH(1,1,1)-t"
9759,0.15917599105878644,5.115527398774256,True,False,1.7711613665702313e-14,0.9999999999999688,"GJR-GARCH(1,1,1)-t"
9770,52.20932808333772,57.16567949105318,True,True,0.0,0.8725683240658398,"GJR-GARCH(1,1,1)-t"
9779,33.452306372531226,38.40865778024669,True,True,4.833590443189987e-17,0.8180789697611991,"GJR-GARCH(1,1,1)-t"
9787,30.513888697691737,35.47024010540721,True,True,2.8067755843056796e-15,0.9957934859672416,"GJR-GARCH(1,1,1)-t"
9797,14.698340069740928,19.654691477456396,True,True,2.777969584417734e-13,0.11430126221521292,"GJR-GARCH(1,1,1)-t"
9819,5.62629350227518,10.58264490999065,True,False,0.0,1.0,"GJR-GARCH(1,1,1)-t"
9822,14.432785065625376,19.389136473340844,True,True,0.023179469959529665,0.9335512068798678,"GJR-GARCH(1,1,1)-t"
9846,15.37884933523063,20.3352007429461,True,False,2.0799424758280566e-15,0.9999999999999988,"GJR-GARCH(1,1,1)-t"
9862,19.423763986402083,24.380115394117553,True,True,0.0,2.394284037407413e-16,"GJR-GARCH(1,1,1)-t"
9866,32.43297157653063,37.3893229842461,True,True,0.0,0.9255053743937698,"GJR-GARCH(1,1,1)-t"
9869,11.366664638533512,16.32301604624898,True,True,1.1148168539803357e-17,1.1041519671962553e-15,"GJR-GARCH(1,1,1)-t"
9885,27.767817821349915,32.72416922906538,True,True,0.0,1.3176723177899454e-13,"GJR-GARCH(1,1,1)-t"
9887,-12.295497079506315,-7.339145671790845,True,False,0.9999999966910884,0.3328137214145442,"GJR-GARCH(1,1,1)-t"
9889,-1.8486033588896333,3.1077480488258367,True,True,0.0,0.8881005794554097,"GJR-GARCH(1,1,1)-t"
9890,20.022435200685123,24.978786608400593,True,True,0.08921063182235626,0.8396756301209511,"GJR-GARCH(1,1,1)-t"
9914,-0.2277746542198642,4.728576753495606,True,True,1.2793383336998922e-13,0.7890105099401079,"GJR-GARCH(1,1,1)-t"
9918,17.433640765624958,22.38999217334043,True,True,5.510385552715526e-12,0.264951291179965,"GJR-GARCH(1,1,1)-t"
9932,45.20321777982593,50.15956918754139,True,True,0.3923014177163238,0.0,"GJR-GARCH(1,1,1)-t"
9935,28.589136659045543,33.54548806676102,True,False,1.0,0.0,"GJR-GARCH(1,1,1)-t"
9936,37.819982727638646,42.77633413535412,True,True,3.4534604762128912e-15,0.966741972934366,"GJR-GARCH(1,1,1)-t"
9940,5.0761567979018665,10.032508205617336,True,True,0.0,0.7517995783326787,"GJR-GARCH(1,1,1)-t"
9947,4.675313522019177,9.631664929734647,True,True,2.341959377269759e-13,0.9618436804235013,"GJR-GARCH(1,1,1)-t"
9960,20.406607678685635,25.362959086401105,True,True,0.7120905791497928,7.635529073564885e-14,"GJR-GARCH(1,1,1)-t"
9967,27.21798021114483,32.1743316188603,True,True,0.453271977717453,1.2352430290412328e-14,"GJR-GARCH(1,1,1)-t"
9970,13.932855904538833,18.889207312254303,True,True,0.4393285675242641,0.19437840150287736,"GJR-GARCH(1,1,1)-t"
9972,7.033984892306333,11.990336300021802,True,True,0.715204020742128,1.118959993165869e-15,"GJR-GARCH(1,1,1)-t"
9973,44.14671631832188,49.10306772603735,True,True,0.0,0.0969486900281233,"GJR-GARCH(1,1,1)-t"
9976,24.847481081788963,29.80383248950443,True,True,2.1377656928075686e-21,0.6181101564193716,"GJR-GARCH(1,1,1)-t"
9988,2.2169042657534757,7.173255673468946,True,True,2.5543826695679963e-16,0.574324753790075,"GJR-GARCH(1,1,1)-t"
9993,-0.31747025706125953,4.6388811506542105,True,False,2.2064419804055994e-14,1.0,"GJR-GARCH(1,1,1)-t"
10000,5.3257144103275,10.28206581804297,True,True,3.4191801932601326e-15,0.81980652541247,"GJR-GARCH(1,1,1)-t"
10005,17.300171304927613,22.256522712643083,True,True,0.0,0.9452120670115431,"GJR-GARCH(1,1,1)-t"
10017,51.70859220900835,56.66494361672382,True,True,7.799561449893167e-15,6.630658661740114e-14,"GJR-GARCH(1,1,1)-t"
10030,2.4875800071866507,7.443931414902121,True,False,2.0235769818653703e-15,0.9999999999999264,"GJR-GARCH(1,1,1)-t"
10035,10.147563484901898,15.103914892617368,True,False,4.178841693303686e-16,0.9999999999999905,"GJR-GARCH(1,1,1)-t"
10040,21.21461704140311,26.170968449118575,True,True,7.693199478079473e-13,0.982525754104816,"GJR-GARCH(1,1,1)-t"
10042,20.350678729695673,25.307030137411147,True,True,1.403842607056824e-14,0.7000872236265059,"GJR-GARCH(1,1,1)-t"
10045,26.54471237642081,31.501063784136278,True,True,0.0,0.9078376740584119,"GJR-GARCH(1,1,1)-t"
10070,-14.313741336446043,-9.357389928730573,True,True,0.0,0.7594515499407297,"GJR-GARCH(1,1,1)-t"
10071,18.809757197471033,23.766108605186503,True,True,9.200508469776306e-14,0.7799583875719776,"GJR-GARCH(1,1,1)-t"
10072,-1.8746369928683713,3.0817144148470987,True,True,3.967548137275023e-12,0.7859427627371625,"GJR-GARCH(1,1,1)-t"
10081,13.263279590519796,18.219630998235267,True,True,4.683590177431554e-18,0.06159390787024803,"GJR-GARCH(1,1,1)-t"
10088,31.483426111260595,36.439777518976065,True,False,2.874643094004767e-13,0.9999999999984431,"GJR-GARCH(1,1,1)-t"
10100,12.248001175068449,17.20435258278392,True,True,0.25482919326802567,0.0,"GJR-GARCH(1,1,1)-t"
10105,28.644085175676828,33.600436583392295,True,True,1.7624341229395033e-16,1.6412516075768118e-16,"GJR-GARCH(1,1,1)-t"
10111,6.8350306516065675,11.791382059322038,True,False,9.282996710831423e-16,1.0,"GJR-GARCH(1,1,1)-t"
10113,-3.2492482510134693,1.7071031567020007,True,True,9.968659174761096e-14,0.8962720840962459,"GJR-GARCH(1,1,1)-t"
10123,8.819079345248761,13.775430752964231,True,True,0.0,0.8406341544826441,"GJR-GARCH(1,1,1)-t"
10135,11.40370830231136,16.36005971002683,True,True,2.841686862581225e-20,5.564996964861297e-15,"GJR-GARCH(1,1,1)-t"
10150,18.717308577328147,23.673659985043617,True,True,8.56048288492685e-14,0.9454127034786687,"GJR-GARCH(1,1,1)-t"
10163,-1.7636035068728972,3.1927479008425728,True,True,0.0,0.0,"GJR-GARCH(1,1,1)-t"
10171,25.1349335377966,30.09128494551207,True,True,1.1428871375069908e-11,3.987415799121181e-08,"GJR-GARCH(1,1,1)-t"
10186,13.301608461434615,18.257959869150085,True,True,0.2643139482521762,0.4333969186174906,"GJR-GARCH(1,1,1)-t"
10191,10.213234692423095,15.169586100138565,True,True,0.0,0.663359589570854,"GJR-GARCH(1,1,1)-t"
10206,-10.308980151375785,-5.352628743660315,True,False,0.4122161124444479,0.7616525752121899,"GJR-GARCH(1,1,1)-t"
10209,18.72844151222569,23.68479291994116,True,True,0.0,0.9593653847012249,"GJR-GARCH(1,1,1)-t"
10220,-6.382124240789178,-1.425772833073708,True,True,2.9925977511776685e-09,0.979385633803878,"GJR-GARCH(1,1,1)-t"
10230,-4.354449616661871,0.6019017910535993,True,True,0.43783629809748975,1.2563527825918574e-15,"GJR-GARCH(1,1,1)-t"
10243,-4.887329398449438,0.06902200926603186,True,True,1.541740051174043e-21,0.0,"GJR-GARCH(1,1,1)-t"
10250,18.837932249884382,23.794283657599856,True,False,3.1453711207767624e-15,1.0,"GJR-GARCH(1,1,1)-t"
10262,17.371404652025014,22.327756059740484,True,False,0.9999999997664487,6.476817319647594e-11,"GJR-GARCH(1,1,1)-t"
10264,2.9669960722407644,7.9233474799562345,True,True,0.0,0.0,"GJR-GARCH(1,1,1)-t"
10291,2.1561839963101086,7.112535404025579,True,False,0.9999999993437113,4.829806569436609e-10,"GJR-GARCH(1,1,1)-t"
10311,14.404077448582782,19.360428856298252,True,True,2.4458988330240296e-15,0.027856247996167847,"GJR-GARCH(1,1,1)-t"
10321,41.025519052575014,45.98187046029048,True,True,0.0,8.224870196378166e-09,"GJR-GARCH(1,1,1)-t"
10326,12.391509965012425,17.347861372727895,True,True,0.0,0.9409113651185305,"GJR-GARCH(1,1,1)-t"
10336,10.347818316547752,15.304169724263222,True,False,9.694408592265227e-14,0.9999999999991755,"GJR-GARCH(1,1,1)-t"
10339,10.693641351321745,15.649992759037215,True,True,0.0,0.8973257576715742,"GJR-GARCH(1,1,1)-t"
10349,7.153417750301049,12.109769158016519,True,True,2.693384295308644e-15,0.5775686014130824,"GJR-GARCH(1,1,1)-t"
10364,25.979478397645334,30.935829805360804,True,True,1.579434377596279e-16,0.9204390356097911,"GJR-GARCH(1,1,1)-t"
10369,15.832117691335107,20.788469099050577,True,True,0.17335157640816132,9.53612709010925e-18,"GJR-GARCH(1,1,1)-t"
10389,25.89800084369548,30.85435225141095,True,True,0.7796954423151545,4.1465051012162193e-13,"GJR-GARCH(1,1,1)-t"
10403,17.568332630168147,22.524684037883617,True,True,1.2449913112926746e-20,0.9896160801859497,"GJR-GARCH(1,1,1)-t"
10421,1.2175990243700543,6.173950432085524,True,True,9.736114182203623e-16,6.017082974402363e-16,"GJR-GARCH(1,1,1)-t"
10433,15.800141992842846,20.756493400558316,True,True,2.1688996356156498e-16,0.40139810788029195,"GJR-GARCH(1,1,1)-t"
10448,23.968793534932693,28.925144942648167,True,True,7.493423395432893e-17,4.041883775138539e-15,"GJR-GARCH(1,1,1)-t"
10450,4.58522950423993,9.5415809119554,True,False,0.0,1.0,"GJR-GARCH(1,1,1)-t"
10455,6.4300475265457315,11.386398934261202,True,True,0.0,0.3757113012344309,"GJR-GARCH(1,1,1)-t"
10460,11.751183951020277,16.707535358735747,True,True,0.0,0.0,"GJR-GARCH(1,1,1)-t"
10461,41.91173254688893,46.8680839546044,True,False,0.9999999999999969,1.9802547201014492e-15,"GJR-GARCH(1,1,1)-t"
10480,-4.021355803764305,0.9349956039511653,True,False,0.9999999999999988,0.4999999999999999,"GJR-GARCH(1,1,1)-t"
10488,34.356076655045484,39.31242806276095,True,True,0.48847083847122175,2.606100039396632e-15,"GJR-GARCH(1,1,1)-t"
10491,3.39182624020153,8.348177647917,True,True,0.0,0.9660939673016079,"GJR-GARCH(1,1,1)-t"
10494,20.62932537424355,25.58567678195902,True,True,0.0,0.8611451722515249,"GJR-GARCH(1,1,1)-t"
10523,-0.28949223497880894,4.666859172736661,True,True,0.0,0.0,"GJR-GARCH(1,1,1)-t"
10530,1.9739833623699212,6.930334770085391,True,True,2.0608501743744703e-12,0.753263181960467,"GJR-GARCH(1,1,1)-t"
10546,20.013840438508865,24.970191846224335,True,True,0.0,0.9729346541174589,"GJR-GARCH(1,1,1)-t"
10547,9.145753423850048,14.102104831565518,True,True,2.0209989780802548e-12,0.9561111029736119,"GJR-GARCH(1,1,1)-t"
10554,-0.5495432349415132,4.406808172773957,True,False,0.5141077381375727,0.6547419374643776,"GJR-GARCH(1,1,1)-t"
10559,10.577019711143686,15.533371118859156,True,False,1.0799402692379667e-17,0.9999999999999999,"GJR-GARCH(1,1,1)-t"
10561,-2.698326278867224,2.258025128848246,True,True,2.2993008968652897e-16,4.176436821705196e-12,"GJR-GARCH(1,1,1)-t"
10572,5.043691645654501,10.000043053369971,True,False,0.9401817742630139,0.4491156904040506,"GJR-GARCH(1,1,1)-t"
10590,34.03935725872903,38.9957086664445,True,True,3.094290582144843e-20,0.8880156135156901,"GJR-GARCH(1,1,1)-t"
10604,-4.994982976121477,-0.03863156840600723,True,True,0.06890470592958854,0.574629794319646,"GJR-GARCH(1,1,1)-t"
10608,17.11631043227404,22.07266183998951,True,True,7.162834317456222e-14,0.45024640558159146,"GJR-GARCH(1,1,1)-t"
10610,15.925091302149758,20.881442709865226,True,True,9.193723103448515e-15,0.9860261926015079,"GJR-GARCH(1,1,1)-t"
10616,-3.9554330536356304,1.0009183540798396,True,True,0.0,0.2131024965115716,"GJR-GARCH(1,1,1)-t"
10619,14.499484915063357,19.45583632277883,True,True,0.0,0.7191218556289197,"GJR-GARCH(1,1,1)-t"
10628,-3.5900011036667614,1.3663503040487086,True,True,0.21087435219848966,0.7804624250945517,"GJR-GARCH(1,1,1)-t"
10633,4.867818345656939,9.82416975337241,True,False,0.999999999903822,3.5303065693548255e-11,"GJR-GARCH(1,1,1)-t"
10642,-5.388661709330222,-0.43231030161475203,True,True,3.3826189036569595e-14,0.3827094100359073,"GJR-GARCH(1,1,1)-t"
10661,2.4911250924276853,7.447476500143155,True,True,0.0,0.9870429120973316,"GJR-GARCH(1,1,1)-t"
10669,39.50011516483477,44.45646657255024,True,True,1.2273856395664927e-15,0.2060849282984832,"GJR-GARCH(1,1,1)-t"
10672,5.95885511265168,10.91520652036715,True,True,0.0,0.2974152508939367,"GJR-GARCH(1,1,1)-t"
10682,-2.0492618362575215,2.9070895714579486,True,False,0.9999999999999756,0.44632977792394396,"GJR-GARCH(1,1,1)-t"
10688,24.937978519946704,29.89432992766217,True,True,0.3537655846834941,2.8275106475781926e-15,"GJR-GARCH(1,1,1)-t"
10689,-4.147297463664685,0.8090539440507847,True,False,7.396919969928698e-17,0.9999999999999997,"GJR-GARCH(1,1,1)-t"
10701,11.083533872327518,16.039885280042988,True,True,0.0,0.31930496091355204,"GJR-GARCH(1,1,1)-t"
10702,21.69350712392703,26.6498585316425,True,False,7.89890799476184e-12,1.0,"GJR-GARCH(1,1,1)-t"
10703,-2.3489004460381935,2.6074509616772765,True,True,5.901953918596065e-15,1.6737260612118e-23,"GJR-GARCH(1,1,1)-t"
10708,16.603337353918,21.559688761633467,True,True,3.272722674781975e-16,3.376977592950582e-14,"GJR-GARCH(1,1,1)-t"
10709,14.613894689696403,19.570246097411875,True,False,0.9999999999977189,3.2601720473490984e-12,"GJR-GARCH(1,1,1)-t"
10725,26.642447360540135,31.598798768255605,True,True,0.6569180345529297,0.2578417283420538,"GJR-GARCH(1,1,1)-t"
10726,9.481459421976668,14.437810829692138,True,True,5.981438588236679e-17,0.9091153899103245,"GJR-GARCH(1,1,1)-t"
10734,6.933623393446723,11.889974801162193,True,False,3.3456923494774133e-15,0.9999999999999741,"GJR-GARCH(1,1,1)-t"
10745,12.228219345756536,17.184570753472006,True,True,0.058088540749553254,6.748414446676564e-12,"GJR-GARCH(1,1,1)-t"
10751,5.252214491735119,10.208565899450589,True,True,0.656661260910574,0.0,"GJR-GARCH(1,1,1)-t"
10765,34.52134577699875,39.477697184714216,True,True,0.0,0.3587043317152636,"GJR-GARCH(1,1,1)-t"
10767,33.39506260762006,38.351414015335536,True,True,0.1928803171418171,8.248794332920671e-19,"GJR-GARCH(1,1,1)-t"
10776,2.738164217931626,7.694515625647096,True,False,0.4771600279428258,0.6376505255251359,"GJR-GARCH(1,1,1)-t"
10779,-1.8977628992565236,3.0585885084589464,True,True,1.1382780947133422e-14,0.8933276180659656,"GJR-GARCH(1,1,1)-t"
10781,20.74735524004289,25.70370664775836,True,True,2.070811930055921e-14,0.9379003329608744,"GJR-GARCH(1,1,1)-t"
10789,53.64734788311999,58.603699290835465,True,True,0.7218011326169571,5.763581628688077e-15,"GJR-GARCH(1,1,1)-t"
10793,10.673407494425124,15.629758902140594,True,True,1.7007250079330898e-15,0.7792899746214083,"GJR-GARCH(1,1,1)-t"
10796,9.586539444449048,14.542890852164518,True,True,0.630805949785541,4.409876844607554e-16,"GJR-GARCH(1,1,1)-t"
10806,18.973057902893935,23.929409310609408,True,False,0.9999999999480758,1.5478094839432982e-11,"GJR-GARCH(1,1,1)-t"
10810,17.03728263469517,21.99363404241064,True,False,0.0,1.0,"GJR-GARCH(1,1,1)-t"
10816,13.959118265820072,18.915469673535544,True,False,0.0,0.9999999999999998,"GJR-GARCH(1,1,1)-t"
10827,32.32946269633254,37.28581410404801,True,True,0.0036434998506925096,0.5562143453220655,"GJR-GARCH(1,1,1)-t"
10840,-7.531629911303451,-2.575278503587981,True,False,0.0,0.9999999999999953,"GJR-GARCH(1,1,1)-t"
10849,30.978414908388892,35.93476631610436,True,True,8.70047460066546e-18,0.8137096590624371,"GJR-GARCH(1,1,1)-t"
10856,3.8916735067889725,8.848024914504443,True,True,0.0,5.4277521183044124e-15,"GJR-GARCH(1,1,1)-t"
10890,-0.9175038492462608,4.038847558469209,True,True,0.35904759853702034,1.4892930515665523e-11,"GJR-GARCH(1,1,1)-t"
10892,2.672184867092275,7.628536274807745,True,True,1.9152727850639762e-14,0.2611257703339428,"GJR-GARCH(1,1,1)-t"
10898,10.888647240087009,15.844998647802479,True,True,3.047111280116218e-15,0.8487398731899528,"GJR-GARCH(1,1,1)-t"
10899,29.407925155288844,34.36427656300431,True,True,0.0,0.6622681734815684,"GJR-GARCH(1,1,1)-t"
10929,12.927267529108843,17.883618936824313,True,False,0.4715528323648241,0.5684234697177493,"GJR-GARCH(1,1,1)-t"
10932,24.204187405759075,29.160538813474545,True,True,9.650308675333438e-14,0.6119027878439821,"GJR-GARCH(1,1,1)-t"
10934,-1.6550016721893996,3.3013497355260704,True,True,4.335908739785253e-19,0.5772494819459996,"GJR-GARCH(1,1,1)-t"
10938,2.1339145131362063,7.090265920851676,True,True,0.0,0.0,"GJR-GARCH(1,1,1)-t"
10941,-0.8371370878442903,4.11921431987118,True,True,0.44322115513791277,4.782809581975794e-21,"GJR-GARCH(1,1,1)-t"
10946,2.897399703972969,7.853751111688439,True,True,0.0,0.48968688456429815,"GJR-GARCH(1,1,1)-t"
10949,-2.8852167842676053,2.0711346234478647,True,False,5.626159104564624e-09,0.9999906494419638,"GJR-GARCH(1,1,1)-t"
10956,14.56207499223335,19.518426399948822,True,True,4.231429046637777e-12,0.9751689094381254,"GJR-GARCH(1,1,1)-t"
10964,36.801673130100646,41.75802453781611,True,False,0.34213528127148735,0.7728311669483391,"GJR-GARCH(1,1,1)-t"
10969,-26.55070420890611,-21.59435280119064,True,True,0.0,0.922248670411389,"GJR-GARCH(1,1,1)-t"
10985,-22.35951827861672,-17.40316687090125,True,True,0.0,0.024879724144195658,"GJR-GARCH(1,1,1)-t"
10987,15.104124138543792,20.060475546259262,True,False,4.7541941001036115e-17,0.9999999999999999,"GJR-GARCH(1,1,1)-t"
10994,2.6660916810984805,7.6224430888139505,True,True,0.38682424389661185,4.984463322402102e-16,"GJR-GARCH(1,1,1)-t"
11007,-7.225448474248303,-2.269097066532833,True,True,0.0,0.9145461611456469,"GJR-GARCH(1,1,1)-t"
11035,15.720063300706899,20.676414708422367,True,True,0.2646736222774423,5.1725169838551685e-11,"GJR-GARCH(1,1,1)-t"
11041,32.68495005240912,37.64130146012459,True,True,0.0,0.8195198464462119,"GJR-GARCH(1,1,1)-t"
11043,40.14321379802705,45.09956520574252,True,True,0.8964332195392853,0.0,"GJR-GARCH(1,1,1)-t"
11048,7.154318843802324,12.110670251517794,True,False,0.9999999999999878,0.49999999999999384,"GJR-GARCH(1,1,1)-t"
11052,23.54007711859144,28.496428526306914,True,True,5.294204944633568e-17,0.7417552624541476,"GJR-GARCH(1,1,1)-t"
11054,32.69692078244696,37.653272190162426,True,False,7.942796086399727e-20,1.0,"GJR-GARCH(1,1,1)-t"
11056,-18.48853525543352,-13.532183847718048,True,False,0.0,1.0,"GJR-GARCH(1,1,1)-t"
11059,9.603469144466928,14.559820552182398,True,False,1.0,0.4381097982153185,"GJR-GARCH(1,1,1)-t"
11060,15.985862921589767,20.942214329305237,True,True,0.0,0.9738437773240259,"GJR-GARCH(1,1,1)-t"
11062,44.85931744609263,49.815668853808106,True,True,0.0,8.7763243727675e-14,"GJR-GARCH(1,1,1)-t"
11070,4.769838467404549,9.726189875120019,True,True,1.0084967603028265e-14,0.7945718536367536,"GJR-GARCH(1,1,1)-t"
11081,26.180908992022687,31.13726039973816,True,False,0.9999999999999984,0.1230067304861749,"GJR-GARCH(1,1,1)-t"
11090,1.6710469736920057,6.627398381407476,True,True,0.0,0.9576366187877985,"GJR-GARCH(1,1,1)-t"
11096,10.216779912625437,15.173131320340907,True,True,0.15436747945769386,1.1073943868774878e-15,"GJR-GARCH(1,1,1)-t"
11111,-8.48017622059987,-3.523824812884399,True,True,0.0,0.20813578311339107,"GJR-GARCH(1,1,1)-t"
11113,51.80062271779965,56.756974125515114,True,True,8.283980641439632e-15,0.641475185769963,"GJR-GARCH(1,1,1)-t"
11120,-5.637332871770617,-0.6809814640551473,True,True,7.00500182643223e-18,0.46716778445858215,"GJR-GARCH(1,1,1)-t"
11121,52.95323100619843,57.909582413913895,True,True,0.0,0.7815104859739338,"GJR-GARCH(1,1,1)-t"
11122,19.211540669964425,24.167892077679895,True,True,1.7203842552108672e-18,0.5983620565966591,"GJR-GARCH(1,1,1)-t"
11137,20.803327186579043,25.759678594294513,True,False,0.0,1.0,"GJR-GARCH(1,1,1)-t"
11143,-17.09603831542476,-12.13968690770929,True,True,4.141650176681632e-15,0.1400925176806348,"GJR-GARCH(1,1,1)-t"
11151,5.780206943709436,10.736558351424906,True,True,0.39260773856084424,1.6627042824237272e-14,"GJR-GARCH(1,1,1)-t"
11152,7.4729749019340606,12.42932630964953,True,False,0.9999999670069786,7.067065626718408e-09,"GJR-GARCH(1,1,1)-t"
11178,9.581286785489596,14.537638193205066,True,True,0.783053162231854,0.0,"GJR-GARCH(1,1,1)-t"
11184,11.669497141940493,16.625848549655963,True,True,0.07693810454755787,1.5809363325810977e-19,"GJR-GARCH(1,1,1)-t"
11199,18.401313790911622,23.357665198627092,True,False,6.078746311197139e-09,0.9999989992456818,"GJR-GARCH(1,1,1)-t"
11227,2.350042624335167,7.306394032050637,True,True,9.238238122140093e-14,0.7919725255704682,"GJR-GARCH(1,1,1)-t"
11243,-3.7497584774489603,1.2065929302665097,True,True,0.0,0.9563401156330921,"GJR-GARCH(1,1,1)-t"
11248,7.067564221988873,12.023915629704343,True,True,7.909815313731193e-19,0.20307838639182868,"GJR-GARCH(1,1,1)-t"
11263,0.037602663184246765,4.993954070899717,True,True,0.3726717857973237,1.0053328223763843e-15,"GJR-GARCH(1,1,1)-t"
11264,16.945782834024364,21.902134241739837,True,True,0.669228511139415,7.559316032861156e-23,"GJR-GARCH(1,1,1)-t"
11279,20.820061947022147,25.776413354737617,True,True,2.732828764928507e-15,0.8728811815089745,"GJR-GARCH(1,1,1)-t"
11296,18.4247800015384,23.38113140925387,True,False,0.0,1.0,"GJR-GARCH(1,1,1)-t"
11303,20.62046570773071,25.576817115446175,True,True,7.693247619281852e-09,0.9234978744974195,"GJR-GARCH(1,1,1)-t"
11318,-10.891790107634385,-5.935438699918915,True,True,1.600126715105609e-13,0.7200938090636253,"GJR-GARCH(1,1,1)-t"
11325,-9.547529710255596,-4.591178302540126,True,True,1.6909930970936886e-12,0.8881415755325072,"GJR-GARCH(1,1,1)-t"
11327,48.463562252172906,53.41991365988838,True,False,0.0,1.0,"GJR-GARCH(1,1,1)-t"
11330,-0.881660709930955,4.074690697784515,True,True,8.890642279533786e-15,0.9944494537348818,"GJR-GARCH(1,1,1)-t"
11351,9.367242069542073,14.323593477257543,True,True,0.07338931292846183,0.0,"GJR-GARCH(1,1,1)-t"
11363,0.12587146781353553,5.0822228755290055,True,True,0.6425411226425044,5.366120212535263e-10,"GJR-GARCH(1,1,1)-t"
11367,5.796140379435901,10.75249178715137,True,True,0.0,0.7345236047347963,"GJR-GARCH(1,1,1)-t"
11374,-6.2048270971721315,-1.2484756894566615,True,True,0.10559581662805605,8.454270717910251e-16,"GJR-GARCH(1,1,1)-t"
11375,25.20478752943742,30.16113893715289,True,True,7.118927054363077e-20,0.9435081102891864,"GJR-GARCH(1,1,1)-t"
11389,-45.14767593215457,-40.191324524439096,True,True,2.0302879616681382e-13,5.5026666163923284e-14,"GJR-GARCH(1,1,1)-t"
11393,5.443515847427026,10.399867255142496,True,False,0.9999999999999981,1.863843435074102e-15,"GJR-GARCH(1,1,1)-t"
11405,,,False,False,,,"GJR-GARCH(1,1,1)-t"
11415,-4.32990442703354,0.6264469806819299,True,True,0.19644403505116553,5.603302307393164e-13,"GJR-GARCH(1,1,1)-t"
11419,26.605145116819692,31.561496524535166,True,True,9.491156940046885e-17,0.19698810004477743,"GJR-GARCH(1,1,1)-t"
11431,-2.8520924348037724,2.1042589729116976,True,False,2.0004986359229324e-18,0.9999999999999689,"GJR-GARCH(1,1,1)-t"
11433,5.721264447180374,10.677615854895844,True,True,1.392828312690487e-15,0.5868640387130789,"GJR-GARCH(1,1,1)-t"
11440,31.80689863839317,36.76325004610864,True,False,0.5831566200068684,0.48088991004272186,"GJR-GARCH(1,1,1)-t"
11449,8.497273380743255,13.453624788458725,True,True,0.7742615746456966,8.196384127891214e-15,"GJR-GARCH(1,1,1)-t"
11453,13.580738164789885,18.537089572505355,True,True,7.091974873614591e-15,0.7319053299268514,"GJR-GARCH(1,1,1)-t"
11475,15.030643839910628,19.986995247626098,True,False,2.4299651933971573e-15,0.9999999999999941,"GJR-GARCH(1,1,1)-t"
11481,2.92992431816619,7.88627572588166,True,True,1.0955100393058714e-13,0.9726019228197809,"GJR-GARCH(1,1,1)-t"
11487,-17.887676794897104,-12.931325387181634,True,True,1.075486242428103e-16,0.7369389758960015,"GJR-GARCH(1,1,1)-t"
11490,-17.132715367608895,-12.176363959893425,True,True,6.180699124167596e-16,0.535226362745692,"GJR-GARCH(1,1,1)-t"
11497,13.619288529766271,18.57563993748174,True,False,0.0,1.0,"GJR-GARCH(1,1,1)-t"
11499,25.82021315936546,30.776564567080932,True,True,6.401370489491323e-17,0.32070052152675305,"GJR-GARCH(1,1,1)-t"
11501,12.350880547606904,17.307231955322372,True,False,0.0,1.0,"GJR-GARCH(1,1,1)-t"
11504,26.050743609469734,31.0070950171852,True,True,4.874416254281843e-13,0.9831202687847033,"GJR-GARCH(1,1,1)-t"
11508,18.846310500400776,23.80266190811625,True,False,0.9999999999999997,1.3420775959092876e-16,"GJR-GARCH(1,1,1)-t"
11511,4.6559833362550105,9.61233474397048,True,True,1.7139149365414026e-11,3.390120360379803e-10,"GJR-GARCH(1,1,1)-t"
11541,-22.860279774588165,-17.903928366872695,True,True,0.02460051279363374,0.9094694971182268,"GJR-GARCH(1,1,1)-t"
11559,14.045306983128791,19.00165839084426,True,True,1.3436479342797856e-14,0.6445845825179196,"GJR-GARCH(1,1,1)-t"
11577,10.640825461979407,15.597176869694877,True,False,0.889603918631969,0.5551980463127998,"GJR-GARCH(1,1,1)-t"
11579,3.3390619207030774,8.295413328418547,True,True,3.967389854830027e-15,0.7543329680145147,"GJR-GARCH(1,1,1)-t"
11589,2.086944958887539,7.043296366603009,True,False,6.023659077201279e-17,1.0,"GJR-GARCH(1,1,1)-t"
11597,22.42217164662871,27.37852305434418,True,False,4.178862459143613e-16,0.9999999999999987,"GJR-GARCH(1,1,1)-t"
11607,-1.5870183413381973,3.3693330663772727,True,False,0.9999999999999986,0.5,"GJR-GARCH(1,1,1)-t"
11639,22.96615468349858,27.922506091214053,True,False,3.2688796194694536e-15,0.9999999999999966,"GJR-GARCH(1,1,1)-t"
11641,0.10188741052119887,5.058238818236669,True,False,0.7694079176511736,0.3139574471501937,"GJR-GARCH(1,1,1)-t"
11642,-11.287210589349364,-6.330859181633894,True,True,1.26625429912696e-12,0.8871737937178478,"GJR-GARCH(1,1,1)-t"
11655,26.05806746965451,31.01441887736998,True,False,0.9999999999999987,0.05850043760405924,"GJR-GARCH(1,1,1)-t"
11682,2.6528104427726262,7.609161850488096,True,True,3.1075506816183656e-15,0.9748293644504868,"GJR-GARCH(1,1,1)-t"
11686,40.32094817973898,45.27729958745445,True,True,0.45122520960639634,3.935112479085689e-15,"GJR-GARCH(1,1,1)-t"
11689,12.528144134761842,17.484495542477312,True,False,5.465696092163776e-17,0.9999999999999996,"GJR-GARCH(1,1,1)-t"
11700,49.20883852138622,54.165189929101686,True,True,2.275341753441361e-18,0.9793553678698973,"GJR-GARCH(1,1,1)-t"
11715,17.84722556879184,22.80357697650731,True,True,0.0,0.9670784054746181,"GJR-GARCH(1,1,1)-t"
11718,5.962102950647058,10.918454358362528,True,True,0.0,0.9574220686755913,"GJR-GARCH(1,1,1)-t"
11722,0.333086637409183,5.289438045124653,True,True,3.3052844365009654e-16,0.7330402593073857,"GJR-GARCH(1,1,1)-t"
11726,12.325334832562278,17.281686240277747,True,True,4.3852177078891456e-18,0.7833300846126966,"GJR-GARCH(1,1,1)-t"
11729,23.60044081714348,28.55679222485895,True,True,8.021067941817871e-22,9.51110665740301e-14,"GJR-GARCH(1,1,1)-t"
11730,13.17158103000587,18.12793243772134,True,True,8.688604935576124e-17,0.29012528829767303,"GJR-GARCH(1,1,1)-t"
11735,0.26054655516587744,5.216897962881347,True,True,0.0,0.0,"GJR-GARCH(1,1,1)-t"
11749,28.591654040623638,33.54800544833911,True,True,0.0,0.9257853887013677,"GJR-GARCH(1,1,1)-t"
11750,10.706854734564795,15.663206142280265,True,True,9.366821186270842e-19,0.869348481787075,"GJR-GARCH(1,1,1)-t"
11764,1.6672812407447566,6.623632648460227,True,True,0.31059720715819716,0.3610567381391455,"GJR-GARCH(1,1,1)-t"
11775,4.978039643134057,9.934391050849527,True,False,7.837314820573303e-16,0.9999999999999996,"GJR-GARCH(1,1,1)-t"
11786,10.224344091784115,15.180695499499585,True,True,0.0,0.9783901193381386,"GJR-GARCH(1,1,1)-t"
11792,2.88666798204725,7.84301938976272,True,True,0.31827126618637447,0.6324492256972476,"GJR-GARCH(1,1,1)-t"
11804,-7.152194818475856,-2.1958434107603857,True,False,1.0,3.6606081613231444e-14,"GJR-GARCH(1,1,1)-t"
11809,-17.22491555352578,-12.26856414581031,True,True,4.7267766377867824e-21,0.564105354000356,"GJR-GARCH(1,1,1)-t"
11812,14.683199032563987,19.639550440279457,True,True,0.0,0.9247887442080623,"GJR-GARCH(1,1,1)-t"
11844,-4.503439961756122,0.45291144595934796,True,True,0.0,0.5811329088677725,"GJR-GARCH(1,1,1)-t"
11852,38.883721219466736,43.8400726271822,True,False,0.1480405939690479,0.9259797030154772,"GJR-GARCH(1,1,1)-t"
11860,34.295109337826815,39.25146074554229,True,True,0.18110343389952085,8.074669956215704e-14,"GJR-GARCH(1,1,1)-t"
11864,5.658545783547414,10.614897191262884,True,True,1.636889356875707e-15,0.6338415140565123,"GJR-GARCH(1,1,1)-t"
11868,6.610441230879278,11.566792638594748,True,False,2.104108229687766e-12,0.9999999998674837,"GJR-GARCH(1,1,1)-t"
11869,3.678881485518435,8.635232893233905,True,True,6.146594789318573e-20,0.06487181732910965,"GJR-GARCH(1,1,1)-t"
11872,46.72454888033852,51.68090028805399,True,True,1.6877420321483062e-19,3.351588031979558e-19,"GJR-GARCH(1,1,1)-t"
11874,7.68483123464316,12.641182642358629,True,True,0.0,2.297722393642938e-15,"GJR-GARCH(1,1,1)-t"
11876,11.021103366301912,15.977454774017382,True,True,0.0,0.9520522089879514,"GJR-GARCH(1,1,1)-t"
11886,-6.045768614835911,-1.0894172071204409,True,True,1.841429946702282e-16,0.44351023376790033,"GJR-GARCH(1,1,1)-t"
11887,10.132079181353689,15.088430589069159,True,True,0.06091249504797716,0.21456711327440076,"GJR-GARCH(1,1,1)-t"
11893,19.014013355252516,23.97036476296799,True,True,9.980164943809945e-15,0.9697604037842719,"GJR-GARCH(1,1,1)-t"
11898,20.585008547553223,25.541359955268693,True,False,0.0,0.9999999999999982,"GJR-GARCH(1,1,1)-t"
11899,15.681902141479213,20.638253549194683,True,True,6.019082529331201e-13,0.9772410997258204,"GJR-GARCH(1,1,1)-t"
11904,-10.065238413774566,-5.108887006059096,True,False,0.9999999995170972,0.25414676800432323,"GJR-GARCH(1,1,1)-t"
11914,21.798292707430843,26.754644115146313,True,True,0.0,0.0,"GJR-GARCH(1,1,1)-t"
11920,1.4189374726931163,6.375288880408586,True,True,7.386486212347053e-15,0.7563723871324913,"GJR-GARCH(1,1,1)-t"
11940,1.4532062815312177,6.409557689246688,True,False,6.303822392268029e-19,1.0,"GJR-GARCH(1,1,1)-t"
11941,21.19806294011153,26.154414347827,True,True,3.562974243822896e-13,0.9658919951632248,"GJR-GARCH(1,1,1)-t"
11952,3.2901316186883633,8.246483026403833,True,False,4.46129113154048e-13,0.9999999999976519,"GJR-GARCH(1,1,1)-t"
11953,-7.8942676326787335,-2.9379162249632635,True,False,0.9999999998276463,8.699008499405353e-11,"GJR-GARCH(1,1,1)-t"
11959,0.5457028636171621,5.502054271332632,True,True,1.2855734319575614e-16,0.9899817720537158,"GJR-GARCH(1,1,1)-t"
11962,-24.73905551013683,-19.78270410242136,True,True,0.6603128168223567,4.569225053731149e-12,"GJR-GARCH(1,1,1)-t"
11981,0.744932032896136,5.701283440611606,True,True,4.1686190973646606e-17,0.43021672165395436,"GJR-GARCH(1,1,1)-t"
11985,21.903648625101003,26.860000032816473,True,False,4.340595323932198e-19,1.0,"GJR-GARCH(1,1,1)-t"
11987,18.890012370733068,23.846363778448534,True,True,0.0,0.9110769828079013,"GJR-GARCH(1,1,1)-t"
11994,25.65348225204174,30.609833659757207,True,True,1.4575709044514154e-14,0.4524792372546394,"GJR-GARCH(1,1,1)-t"
11995,46.44085821444367,51.39720962215914,True,True,0.0,0.9544910208731575,"GJR-GARCH(1,1,1)-t"
12011,-20.674901388118926,-15.718549980403456,True,True,8.714417282070979e-16,0.6421569602773707,"GJR-GARCH(1,1,1)-t"
12012,-13.310884832014239,-8.354533424298769,True,False,1.0,1.1917478480368921e-17,"GJR-GARCH(1,1,1)-t"
12021,-5.976641366422243,-1.0202899587067726,True,True,6.586025705738957e-16,7.482457716153402e-18,"GJR-GARCH(1,1,1)-t"
12028,26.812979906788215,31.769331314503685,True,True,0.0,0.9806429816096952,"GJR-GARCH(1,1,1)-t"
12030,-4.05985640553633,0.8964950021791402,True,True,1.1273303597315206e-16,1.5418330038906212e-21,"GJR-GARCH(1,1,1)-t"
12061,16.755528786087304,21.711880193802777,True,False,0.2774497626019381,0.8612751186990304,"GJR-GARCH(1,1,1)-t"
12065,17.745603704262212,22.701955111977682,True,True,1.8991211213955925e-16,0.6564089794673919,"GJR-GARCH(1,1,1)-t"
12073,5.464846171134802,10.421197578850272,True,False,1.980611049330585e-12,0.9999999999451691,"GJR-GARCH(1,1,1)-t"
12079,4.195012516607655,9.151363924323125,True,True,2.019481603367879e-20,0.5664004759735081,"GJR-GARCH(1,1,1)-t"
12102,3.2849290944184535,8.241280502133923,True,False,1.0,0.23602359918968205,"GJR-GARCH(1,1,1)-t"
12103,18.54381438386328,23.50016579157875,True,True,0.0,0.5551834824449315,"GJR-GARCH(1,1,1)-t"
12111,-1.1220508993702616,3.8343005083452084,True,True,0.0,7.542126624953454e-13,"GJR-GARCH(1,1,1)-t"
12114,31.173033397811505,36.129384805526975,True,True,8.530441222314174e-17,0.6387577686265351,"GJR-GARCH(1,1,1)-t"
12115,16.27387330027029,21.23022470798576,True,False,0.2366782971135765,0.8816608514414284,"GJR-GARCH(1,1,1)-t"
12131,8.500907368882476,13.457258776597946,True,True,3.0360945111046234e-17,0.44430401549538295,"GJR-GARCH(1,1,1)-t"
12135,-10.402959037436688,-5.446607629721218,True,True,3.009343995808736e-13,4.931920455484766e-15,"GJR-GARCH(1,1,1)-t"
12139,19.530807191919152,24.487158599634622,True,True,3.913264106293923e-13,2.3838145399180177e-16,"GJR-GARCH(1,1,1)-t"
12141,34.83965106623285,39.79600247394832,True,True,3.552349777310101e-11,0.8885129873283834,"GJR-GARCH(1,1,1)-t"
12147,33.61186682579582,38.56821823351129,True,False,0.0,1.0,"GJR-GARCH(1,1,1)-t"
12151,-12.987666360763466,-8.031314953047996,True,True,0.6325650281604329,4.5058053036446184e-13,"GJR-GARCH(1,1,1)-t"
12163,25.672169457391306,30.628520865106772,True,True,0.0,0.6299223415839231,"GJR-GARCH(1,1,1)-t"
12166,14.120836429133394,19.077187836848864,True,True,4.362132982514823e-14,5.103957053046964e-06,"GJR-GARCH(1,1,1)-t"
12176,3.66189123031233,8.6182426380278,True,True,0.0,0.983704502976022,"GJR-GARCH(1,1,1)-t"
12178,8.109323665910345,13.065675073625815,True,True,1.598648798812947e-14,0.6757934405500295,"GJR-GARCH(1,1,1)-t"
12182,17.219219549049928,22.175570956765398,True,True,1.0110310802500905e-19,0.0562693657821668,"GJR-GARCH(1,1,1)-t"
12206,-0.43864434194574997,4.51770706576972,True,True,6.584216134507553e-17,0.8793103604763575,"GJR-GARCH(1,1,1)-t"
12222,-6.735914903690169,-1.779563495974699,True,True,5.747766745007309e-16,0.0,"GJR-GARCH(1,1,1)-t"
12225,12.871545346818285,17.827896754533754,True,True,4.956452534769498e-13,0.6403950735568624,"GJR-GARCH(1,1,1)-t"
12229,18.346667532242577,23.303018939958047,True,True,0.0,0.6961984087056353,"GJR-GARCH(1,1,1)-t"
12234,-1.5043682296226315,3.4519831780928385,True,True,9.960301001582305e-14,0.9790852405090693,"GJR-GARCH(1,1,1)-t"
12247,34.72192237216264,39.67827377987811,True,False,0.9999999999987126,4.811653137362744e-13,"GJR-GARCH(1,1,1)-t"
12250,-8.953867695681723,-3.9975162879662527,True,True,3.225649221697503e-18,1.2335110348568267e-14,"GJR-GARCH(1,1,1)-t"
12254,5.555554215021816,10.511905622737286,True,True,1.52012663994941e-14,9.08747209806407e-13,"GJR-GARCH(1,1,1)-t"
12266,8.727966018454982,13.684317426170452,True,True,2.679316962426474e-12,0.9880319237723636,"GJR-GARCH(1,1,1)-t"
12279,-5.978293730332215,-1.021942322616745,True,True,0.0,0.958005819803015,"GJR-GARCH(1,1,1)-t"
12287,47.17971411946787,52.136065527183334,True,True,2.73993180293713e-16,0.9696327740865024,"GJR-GARCH(1,1,1)-t"
12291,17.55680099583676,22.51315240355223,True,False,1.9604820766856834e-16,1.0,"GJR-GARCH(1,1,1)-t"
12299,12.375307237887759,17.331658645603227,True,True,6.869261092753024e-17,0.8027181009406013,"GJR-GARCH(1,1,1)-t"
12309,22.335705743640656,27.292057151356126,True,True,0.07043666699819094,0.9097761068456699,"GJR-GARCH(1,1,1)-t"
12322,-3.69794491927334,1.2584064884421302,True,True,1.9046816984127068e-14,0.9100306006184837,"GJR-GARCH(1,1,1)-t"
12324,39.75558646517344,44.7119378728889,True,True,0.0,4.671711605848171e-13,"GJR-GARCH(1,1,1)-t"
12347,20.807592555238188,25.76394396295366,True,False,0.1714869665955498,0.8865256063561437,"GJR-GARCH(1,1,1)-t"
12348,-0.23248662405610432,4.723864783659366,True,True,0.0,0.3794729271791506,"GJR-GARCH(1,1,1)-t"
12352,-1.235015780787716,3.721335626927754,True,True,5.37934481526967e-13,0.7257490508551591,"GJR-GARCH(1,1,1)-t"
12358,13.386431865762603,18.342783273478073,True,True,0.936720446545838,1.256385707024465e-14,"GJR-GARCH(1,1,1)-t"
12395,-3.093169018171139,1.8631823895443311,True,True,0.0,0.14162474219851837,"GJR-GARCH(1,1,1)-t"
12399,2.1462995734244146,7.102650981139885,True,True,3.2131992972056767e-15,0.9024074044123224,"GJR-GARCH(1,1,1)-t"
12408,33.66517434691387,38.62152575462934,True,False,3.5767058020862125e-18,0.9999999999999994,"GJR-GARCH(1,1,1)-t"
12411,5.64785646229894,10.60420787001441,True,True,0.09988214630460679,0.40066192797894984,"GJR-GARCH(1,1,1)-t"
12419,10.834024693964833,15.790376101680303,True,True,3.4069294996404543e-14,0.32218599456359615,"GJR-GARCH(1,1,1)-t"
12420,39.74112673329671,44.69747814101218,True,False,7.619640053471986e-11,0.9999999728266006,"GJR-GARCH(1,1,1)-t"
12423,20.070961060149795,25.027312467865265,True,True,3.500233538875606e-19,0.9742947793333924,"GJR-GARCH(1,1,1)-t"
12428,14.776813481261254,19.733164888976724,True,False,1.0,0.4077951812465967,"GJR-GARCH(1,1,1)-t"
12436,19.86641799922178,24.822769406937248,True,True,0.3144992129297723,1.158143985105128e-15,"GJR-GARCH(1,1,1)-t"
12437,2.013390640396512,6.969742048111982,True,False,0.9999999999744308,9.344017215974552e-12,"GJR-GARCH(1,1,1)-t"
12444,-0.2679850749850523,4.688366332730418,True,True,0.22780604647381694,0.707508755408265,"GJR-GARCH(1,1,1)-t"
12465,21.046728088148495,26.003079495863965,True,True,0.0,0.8502900288624828,"GJR-GARCH(1,1,1)-t"
12481,-6.393950064704697,-1.437598656989227,True,False,0.5435107244697348,0.47194031636910977,"GJR-GARCH(1,1,1)-t"
12486,-4.714709161771644,0.24164224594382588,True,True,3.0684374230468783e-14,0.9191224860779542,"GJR-GARCH(1,1,1)-t"
12494,16.484192141273983,21.440543548989453,True,True,1.0057741875148922e-16,0.8888543266966523,"GJR-GARCH(1,1,1)-t"
12498,28.967677825094988,33.92402923281046,True,True,1.095015738358112e-15,4.4674911400069666e-15,"GJR-GARCH(1,1,1)-t"
12521,15.389059545848635,20.345410953564105,True,True,0.0,0.8835338338775044,"GJR-GARCH(1,1,1)-t"
12523,8.927803246512404,13.884154654227874,True,False,0.9999999999999815,1.1170449596780505e-14,"GJR-GARCH(1,1,1)-t"
12531,1.9308043772991983,6.887155785014668,True,False,0.9999999991779794,0.3904781182501212,"GJR-GARCH(1,1,1)-t"
12532,20.432604702577827,25.388956110293297,True,True,0.0265730978282154,1.631229465009054e-11,"GJR-GARCH(1,1,1)-t"
12533,8.85773246854022,13.81408387625569,True,True,1.3172157790999995e-11,0.7551971168599139,"GJR-GARCH(1,1,1)-t"
12535,1.3938313465167482,6.350182754232218,True,True,6.664222597856627e-15,0.8075705970405153,"GJR-GARCH(1,1,1)-t"
12537,-10.339725066136886,-5.383373658421416,True,True,2.123889930937906e-13,0.06675296885695267,"GJR-GARCH(1,1,1)-t"
12542,6.19040152096228,11.14675292867775,True,True,1.1202072889318441e-14,0.9854262296779236,"GJR-GARCH(1,1,1)-t"
12546,1.4934064463160652,6.449757854031535,True,True,4.68893775090543e-19,0.8256581626203615,"GJR-GARCH(1,1,1)-t"
12552,4.9494727002255505,9.90582410794102,True,True,0.0,0.9537626148780209,"GJR-GARCH(1,1,1)-t"
12559,7.749595873154159,12.70594728086963,True,True,1.4342253624748342e-13,0.9862205331139254,"GJR-GARCH(1,1,1)-t"
12577,-17.441550612917524,-12.485199205202054,True,True,0.9859937145782406,7.952181755742327e-16,"GJR-GARCH(1,1,1)-t"
12579,8.151110528274778,13.107461935990248,True,True,0.49615094688741757,0.14032994498647572,"GJR-GARCH(1,1,1)-t"
12581,5.644944118433752,10.601295526149222,True,False,1.0,0.3274788516592338,"GJR-GARCH(1,1,1)-t"
12583,15.306366462931132,20.262717870646604,True,True,1.0519980859251641e-13,3.4451903105518016e-13,"GJR-GARCH(1,1,1)-t"
12584,25.45872111828529,30.415072526000763,True,True,8.366896840366506e-16,3.245484364601461e-14,"GJR-GARCH(1,1,1)-t"
12585,1.5437864542088509,6.500137861924321,True,False,0.39861720071107387,0.8006913996900583,"GJR-GARCH(1,1,1)-t"
12588,-4.396323400377671,0.5600280073377988,True,False,8.813388652465148e-17,0.9999999999999993,"GJR-GARCH(1,1,1)-t"
12611,-25.77520813701036,-20.81885672929489,True,True,0.053664804877299924,0.7203784175703218,"GJR-GARCH(1,1,1)-t"
12633,5.173064843490817,10.129416251206287,True,True,0.0,0.0,"GJR-GARCH(1,1,1)-t"
12661,51.253950266166505,56.21030167388197,True,True,8.568218616986463e-15,0.6177673153576405,"GJR-GARCH(1,1,1)-t"
12666,-3.8431841113094336,1.1131672964060364,True,False,8.541713281496397e-16,0.9999999999999748,"GJR-GARCH(1,1,1)-t"
12669,31.890687512412534,36.847038920128,True,False,1.0,0.4452952460086401,"GJR-GARCH(1,1,1)-t"
12676,6.564580195097825,11.520931602813295,True,True,1.137576070073058e-16,0.8020597887144802,"GJR-GARCH(1,1,1)-t"
12691,21.124295004464038,26.080646412179508,True,True,0.0,0.0,"GJR-GARCH(1,1,1)-t"
12694,29.393211739012504,34.349563146727974,True,True,7.725139852334975e-19,0.5358905630340776,"GJR-GARCH(1,1,1)-t"
12703,3.6616971548149166,8.618048562530387,True,True,7.948488919598003e-12,0.9662631949283407,"GJR-GARCH(1,1,1)-t"
12704,4.930418640382692,9.886770048098162,True,True,0.5610912129889506,3.172104730896041e-17,"GJR-GARCH(1,1,1)-t"
12713,2.465637626671837,7.421989034387307,True,False,0.9451309444598085,0.5274345277697823,"GJR-GARCH(1,1,1)-t"
12717,39.615589546892224,44.57194095460769,True,True,0.7465288444123268,3.4045675364688255e-15,"GJR-GARCH(1,1,1)-t"
12718,44.893790891945805,49.85014229966127,True,False,0.0,0.9999999999991199,"GJR-GARCH(1,1,1)-t"
12726,6.632573408566547,11.588924816282017,True,True,0.0,0.9461704409745526,"GJR-GARCH(1,1,1)-t"
12728,20.500217283881785,25.456568691597255,True,False,0.0,0.9999999999999989,"GJR-GARCH(1,1,1)-t"
12730,19.254185161656963,24.21053656937243,True,False,0.4162117957099643,0.7400700851181294,"GJR-GARCH(1,1,1)-t"
12751,16.88113748751924,21.83748889523471,True,True,0.0,0.9861004105981792,"GJR-GARCH(1,1,1)-t"
12758,19.509612371584055,24.465963779299525,True,True,0.0,0.970016101501084,"GJR-GARCH(1,1,1)-t"
12760,10.494624285467584,15.450975693183054,True,True,1.6907812432437675e-17,6.412001379362606e-16,"GJR-GARCH(1,1,1)-t"
12780,19.737175793475945,24.693527201191415,True,True,6.761673866768737e-15,0.9876598812421036,"GJR-GARCH(1,1,1)-t"
12782,8.406176573200273,13.362527980915743,True,False,3.893813289110427e-16,1.0,"GJR-GARCH(1,1,1)-t"
12794,15.156129713236023,20.112481120951493,True,True,1.3198610626223475e-17,0.12174892961762836,"GJR-GARCH(1,1,1)-t"
12797,40.45543052438491,45.41178193210038,True,True,0.0,0.90239953382085,"GJR-GARCH(1,1,1)-t"
12822,9.840053374708715,14.796404782424185,True,True,6.334272224607774e-17,0.9452402338029179,"GJR-GARCH(1,1,1)-t"
12834,-4.897527369688849,0.058824038026621395,True,True,3.150281364420892e-15,0.949345654826132,"GJR-GARCH(1,1,1)-t"
12839,4.003738670918326,8.960090078633796,True,True,3.740845516720471e-15,0.0,"GJR-GARCH(1,1,1)-t"
12840,28.30211836692436,33.258469774639835,True,True,0.17376893185311945,0.15340899522672258,"GJR-GARCH(1,1,1)-t"
12852,21.227349343192397,26.183700750907867,True,True,1.1659352770596751e-17,0.9633741766077459,"GJR-GARCH(1,1,1)-t"
12859,-1.6070953492386764,3.3492560584767936,True,False,8.597560514111798e-09,1.0,"GJR-GARCH(1,1,1)-t"
12878,15.992503214788863,20.948854622504335,True,True,0.0,5.788016849136993e-17,"GJR-GARCH(1,1,1)-t"
12904,0.678817826381044,5.635169234096514,True,True,0.019341819226494916,0.8739744515991853,"GJR-GARCH(1,1,1)-t"
12905,15.545961503927584,20.502312911643056,True,True,0.0,0.4247412017905598,"GJR-GARCH(1,1,1)-t"
12920,-0.4935878321917322,4.462763575523738,True,True,0.15707065279080315,1.3223997085522002e-17,"GJR-GARCH(1,1,1)-t"
12923,30.802560143054194,35.75891155076967,True,True,6.549059027548569e-15,0.7339893695241363,"GJR-GARCH(1,1,1)-t"
12930,20.10707987713853,25.063431284853998,True,True,0.0,0.8550560381078974,"GJR-GARCH(1,1,1)-t"
12935,32.45344126285383,37.409792670569296,True,True,0.0,0.9701306883949342,"GJR-GARCH(1,1,1)-t"
12945,27.863533618971115,32.819885026686585,True,True,0.0,0.6913146350324617,"GJR-GARCH(1,1,1)-t"
12949,-3.1930354286419806,1.7633159790734894,True,True,0.1078964926450073,1.276658835952665e-13,"GJR-GARCH(1,1,1)-t"
12957,18.546013745723382,23.502365153438852,True,True,1.6617453177130715e-11,0.9758863559427197,"GJR-GARCH(1,1,1)-t"
12963,26.229336495908605,31.18568790362408,True,False,5.190051071227809e-16,0.9999999999999988,"GJR-GARCH(1,1,1)-t"
12964,-5.941356925226351,-0.9850055175108814,True,True,1.2909608250959587e-11,5.985443965291735e-10,"GJR-GARCH(1,1,1)-t"
12965,-19.03501389114252,-14.078662483427049,True,True,2.988258436958356e-15,0.6722254963817735,"GJR-GARCH(1,1,1)-t"
12981,52.02390626480731,56.98025767252278,True,True,0.3947781201197908,9.507723108153097e-17,"GJR-GARCH(1,1,1)-t"
12987,35.71426028462378,40.67061169233925,True,False,0.0,1.0,"GJR-GARCH(1,1,1)-t"
12991,-5.943443966353424,-0.9870925586379542,True,True,8.617483588073783e-13,0.7428000897416478,"GJR-GARCH(1,1,1)-t"
12996,4.902644363791451,9.85899577150692,True,False,1.1801024103205196e-18,1.0,"GJR-GARCH(1,1,1)-t"
12998,53.100542468338496,58.05689387605396,True,True,0.0,0.8731216906767731,"GJR-GARCH(1,1,1)-t"
13010,7.157367404874839,12.11371881259031,True,True,1.6708684557445416e-18,5.402053050427401e-18,"GJR-GARCH(1,1,1)-t"
13018,35.47037935832448,40.42673076603995,True,True,2.132787125703478e-14,0.9493898144256738,"GJR-GARCH(1,1,1)-t"
13019,4.0337881825824216,8.990139590297892,True,True,0.0,0.6685791794699646,"GJR-GARCH(1,1,1)-t"
13028,27.195210298143607,32.15156170585908,True,True,4.5246829407442897e-17,0.9595153494451317,"GJR-GARCH(1,1,1)-t"
13039,33.850087401404785,38.80643880912025,True,False,0.0,0.9999999999970739,"GJR-GARCH(1,1,1)-t"
13044,-19.22448904583569,-14.26813763812022,True,True,6.487157748131955e-18,1.4129942585145231e-16,"GJR-GARCH(1,1,1)-t"
13071,47.45863237655443,52.41498378426989,True,True,2.0935489030651952e-13,0.8923898539961097,"GJR-GARCH(1,1,1)-t"
13096,2.2616720363223433,7.218023444037813,True,True,3.011251605182494e-13,0.8128061053852418,"GJR-GARCH(1,1,1)-t"
13097,9.530692722056688,14.487044129772158,True,True,0.1572875448010422,0.31523047123344994,"GJR-GARCH(1,1,1)-t"
13102,24.543470224965162,29.49982163268063,True,True,7.890343489255479e-13,0.9692025829867795,"GJR-GARCH(1,1,1)-t"
13124,32.9521923471636,37.90854375487908,True,True,0.0,0.9387395419827069,"GJR-GARCH(1,1,1)-t"
13140,12.021475342080088,16.977826749795558,True,True,6.136036722674426e-12,1.1507444626731512e-15,"GJR-GARCH(1,1,1)-t"
13148,13.81829828097656,18.77464968869203,True,True,2.719379670226501e-16,2.3295366581576234e-16,"GJR-GARCH(1,1,1)-t"
13150,7.295608603111264,12.251960010826734,True,True,5.983421122341398e-10,0.9467895907146678,"GJR-GARCH(1,1,1)-t"
13159,24.25232463686025,29.208676044575718,True,True,4.682453830534688e-15,0.026059997597468524,"GJR-GARCH(1,1,1)-t"
13160,-1.3933933247155856,3.5629580829998844,True,True,0.4377619725289857,0.0,"GJR-GARCH(1,1,1)-t"
13163,12.50817207548826,17.464523483203727,True,True,9.791656405929722e-16,0.9621934687764646,"GJR-GARCH(1,1,1)-t"
13180,42.3760703380744,47.33242174578987,True,False,3.228315846356817e-14,0.999999999995525,"GJR-GARCH(1,1,1)-t"
13187,25.846709872806148,30.803061280521618,True,True,0.0,1.2387312289988454e-14,"GJR-GARCH(1,1,1)-t"
13196,31.83072303056866,36.78707443828413,True,True,0.0,0.8867488840219931,"GJR-GARCH(1,1,1)-t"
13207,16.05239043910835,21.00874184682382,True,True,6.861024167507673e-16,0.8491524653565212,"GJR-GARCH(1,1,1)-t"
13217,-14.456447293369074,-9.500095885653604,True,False,0.9773287732978524,0.5113356133513065,"GJR-GARCH(1,1,1)-t"
13235,10.281346045927323,15.237697453642793,True,False,0.9999999999999993,0.0,"GJR-GARCH(1,1,1)-t"
13240,6.7285086101914455,11.684860017906916,True,True,3.8604537745320395e-14,0.9714052737424993,"GJR-GARCH(1,1,1)-t"
13241,27.75900307755888,32.71535448527435,True,True,0.0,1.1722042083899996e-15,"GJR-GARCH(1,1,1)-t"
13269,18.178608893466716,23.134960301182186,True,True,6.761786391927371e-15,0.4060989247396181,"GJR-GARCH(1,1,1)-t"
13276,-9.999820631527701,-5.043469223812231,True,True,0.04497533407855871,0.9427299599854052,"GJR-GARCH(1,1,1)-t"
13279,16.189816837461798,21.146168245177268,True,False,2.8973110105473904e-18,1.0,"GJR-GARCH(1,1,1)-t"
13294,23.207579224524764,28.163930632240234,True,False,0.0,0.9999999999999998,"GJR-GARCH(1,1,1)-t"
13302,26.81225452528071,31.76860593299618,True,True,1.5365406941876818e-12,0.5039277040726765,"GJR-GARCH(1,1,1)-t"
13305,33.24414470479301,38.200496112508475,True,True,2.924566874313601e-15,0.6448344245093183,"GJR-GARCH(1,1,1)-t"
13316,34.372319276132465,39.32867068384793,True,False,0.0,1.0,"GJR-GARCH(1,1,1)-t"
13318,16.036368291956098,20.992719699671568,True,True,0.07769776915943542,1.6867303240661284e-15,"GJR-GARCH(1,1,1)-t"
13321,-0.8438982337566348,4.112453173958835,True,False,2.614730991472243e-13,0.9999999999609691,"GJR-GARCH(1,1,1)-t"
13324,11.848565516113045,16.804916923828515,True,False,0.9999999999999999,2.0280042030017315e-16,"GJR-GARCH(1,1,1)-t"
13328,1.547687789211377,6.504039196926847,True,True,2.538004215168647e-19,7.608379315153677e-15,"GJR-GARCH(1,1,1)-t"
13350,14.142735660653045,19.099087068368515,True,True,0.5007865406561285,0.22760919464782667,"GJR-GARCH(1,1,1)-t"
13354,-9.53736733592726,-4.581015928211791,True,True,4.799548989319703e-15,0.9771607429924971,"GJR-GARCH(1,1,1)-t"
13362,10.344705315662464,15.301056723377934,True,False,0.9888346839588367,0.1804549348911443,"GJR-GARCH(1,1,1)-t"
13368,0.048817465081960165,5.00516887279743,True,True,2.405534104555128e-13,0.4646246050404866,"GJR-GARCH(1,1,1)-t"
13377,13.265442598815149,18.22179400653062,True,True,1.332528796523094e-15,0.6783197970167485,"GJR-GARCH(1,1,1)-t"
13382,17.89472568973648,22.85107709745195,True,True,1.7798155600534135e-16,1.708027547217211e-12,"GJR-GARCH(1,1,1)-t"
13393,2.6750606915742825,7.6314120992897525,True,True,2.8632924753439e-17,0.249851821501304,"GJR-GARCH(1,1,1)-t"
13394,5.1514280181586365,10.107779425874106,True,False,0.0,1.0,"GJR-GARCH(1,1,1)-t"
13398,9.203466422239345,14.159817829954815,True,True,1.8558668771670627e-11,0.9265762599738311,"GJR-GARCH(1,1,1)-t"
13410,-31.419040739409922,-26.462689331694452,True,True,0.0,0.0,"GJR-GARCH(1,1,1)-t"
13417,26.65941500221517,31.61576640993064,True,True,1.6709288487999322e-16,0.6288081791844442,"GJR-GARCH(1,1,1)-t"
13421,-9.648590953466634,-4.692239545751164,True,True,0.21136233716705322,8.411189523346539e-13,"GJR-GARCH(1,1,1)-t"
13425,22.969380536649027,27.925731944364497,True,True,0.0,0.0,"GJR-GARCH(1,1,1)-t"
13432,12.292808988401928,17.249160396117396,True,True,0.0,0.9066137341524945,"GJR-GARCH(1,1,1)-t"
13436,33.22249382905309,38.17884523676857,True,True,0.0,0.9673160167620152,"GJR-GARCH(1,1,1)-t"
13451,-2.2480395018284796,2.7083119058869904,True,False,2.329310753995915e-19,1.0,"GJR-GARCH(1,1,1)-t"
13452,27.99795690381534,32.95430831153081,True,True,0.33701887822421744,0.30861248081025117,"GJR-GARCH(1,1,1)-t"
13473,-10.38509475499318,-5.42874334727771,True,True,0.0,0.9395936323650023,"GJR-GARCH(1,1,1)-t"
13480,18.30172363761877,23.25807504533424,True,True,0.4358136761757402,0.27639786842435915,"GJR-GARCH(1,1,1)-t"
13484,8.519207151977326,13.475558559692796,True,True,0.2520447796610442,2.428233497964538e-13,"GJR-GARCH(1,1,1)-t"
13488,10.66819595926626,15.62454736698173,True,True,0.06626011739951501,1.1103951699376456e-08,"GJR-GARCH(1,1,1)-t"
13491,-7.330433603647936,-2.3740821959324663,True,False,0.9999998920820783,4.169712125193403e-09,"GJR-GARCH(1,1,1)-t"
13495,17.032925875419647,21.989277283135117,True,True,2.451204128978508e-17,0.7240582429018397,"GJR-GARCH(1,1,1)-t"
13500,1.9400588479791416,6.896410255694612,True,True,1.795292233113261e-14,0.9646175345075892,"GJR-GARCH(1,1,1)-t"
13501,8.76256752427362,13.71891893198909,True,True,1.9182907311390307e-13,1.7700047244875972e-12,"GJR-GARCH(1,1,1)-t"
13503,29.96778703571121,34.92413844342668,True,True,8.011532583873108e-21,3.090889752126099e-16,"GJR-GARCH(1,1,1)-t"
13513,12.662907905156025,17.619259312871495,True,False,7.024856749582207e-15,0.9999999999999903,"GJR-GARCH(1,1,1)-t"
13514,14.704157856782933,19.6605092644984,True,True,4.435564554894992e-14,6.119554405332995e-14,"GJR-GARCH(1,1,1)-t"
13523,21.174348400165478,26.130699807880948,True,False,0.3926663339351482,0.7347274101207416,"GJR-GARCH(1,1,1)-t"
13529,19.929044273464775,24.885395681180245,True,True,0.5334363710100553,2.536295032802334e-17,"GJR-GARCH(1,1,1)-t"
13531,-11.280277485117619,-6.323926077402149,True,True,0.002184582902122495,0.0,"GJR-GARCH(1,1,1)-t"
13533,-25.120009324782913,-20.163657917067443,True,False,1.0,0.0,"GJR-GARCH(1,1,1)-t"
13552,8.186680567585604,13.143031975301074,True,True,0.0,0.654583465566591,"GJR-GARCH(1,1,1)-t"
13560,15.677317410248637,20.633668817964107,True,True,1.4918084453765738e-13,0.9391204147858923,"GJR-GARCH(1,1,1)-t"
13567,10.993194856262747,15.949546263978217,True,True,2.4471279946782037e-13,8.962621119981534e-13,"GJR-GARCH(1,1,1)-t"
13579,-0.7784070707320225,4.1779443369834475,True,True,4.187092483155223e-18,0.8496507509821148,"GJR-GARCH(1,1,1)-t"
13586,-2.137369488886698,2.818981918828772,True,True,0.0,0.573895918687381,"GJR-GARCH(1,1,1)-t"
13594,4.477216247798985,9.433567655514455,True,False,0.0,0.9999999999999921,"GJR-GARCH(1,1,1)-t"
13595,9.446284345504726,14.402635753220196,True,True,3.859972001069824e-18,0.2550592257774998,"GJR-GARCH(1,1,1)-t"
13598,-15.573166328234635,-10.616814920519165,True,False,0.6929292072516517,0.5439814493242641,"GJR-GARCH(1,1,1)-t"
13599,21.851374294337937,26.807725702053407,True,False,8.862511216756619e-13,0.9999999999697581,"GJR-GARCH(1,1,1)-t"
13602,20.990709623929064,25.947061031644534,True,False,0.4123038927993506,0.7938480535985913,"GJR-GARCH(1,1,1)-t"
13614,19.89894779048049,24.85529919819596,True,False,0.9999999997401214,9.7741311369e-11,"GJR-GARCH(1,1,1)-t"
13626,7.058819902469575,12.015171310185046,True,True,0.8873449016299958,1.447662834857483e-11,"GJR-GARCH(1,1,1)-t"
13627,5.140232600868016,10.096584008583486,True,True,2.8282642172478474e-08,0.9416902093770341,"GJR-GARCH(1,1,1)-t"
13643,0.31344660360690213,5.269798011322372,True,True,5.228979648627708e-18,1.7275132641244506e-14,"GJR-GARCH(1,1,1)-t"
13646,25.230098056188666,30.18644946390414,True,True,0.0,0.964648781238924,"GJR-GARCH(1,1,1)-t"
13650,19.15188479618909,24.10823620390456,True,True,0.0,0.8595885515692007,"GJR-GARCH(1,1,1)-t"
13655,4.352013392704164,9.308364800419634,True,True,0.0,0.1676577009942808,"GJR-GARCH(1,1,1)-t"
13662,-6.0906090075495705,-1.1342575998341005,True,True,0.0,0.48797540150148916,"GJR-GARCH(1,1,1)-t"
13663,0.22976818564832513,5.186119593363795,True,True,0.1777565773512064,2.027112807388995e-18,"GJR-GARCH(1,1,1)-t"
13673,18.708360593279007,23.664712000994477,True,True,0.018475513318324796,0.9157453100351427,"GJR-GARCH(1,1,1)-t"
13678,27.21977105873902,32.17612246645449,True,False,0.10463087748479596,0.8986969983010077,"GJR-GARCH(1,1,1)-t"
13699,23.09560258468131,28.05195399239678,True,False,1.0,3.2065197854706274e-21,"GJR-GARCH(1,1,1)-t"
13707,-2.646728091664052,2.309623316051418,True,False,2.311738358556869e-19,1.0,"GJR-GARCH(1,1,1)-t"
13710,-2.0030260561951074,2.9533253515203626,True,False,0.2257835544653807,0.8734609036866616,"GJR-GARCH(1,1,1)-t"
13720,19.945524678883764,24.901876086599234,True,True,0.22477094782933452,3.319493150584139e-16,"GJR-GARCH(1,1,1)-t"
13729,3.912768523213156,8.869119930928626,True,True,1.6122288439875406e-16,0.019103050972347314,"GJR-GARCH(1,1,1)-t"
13735,92.49563076163139,97.45198216934686,True,False,1.0959733083304561e-14,0.9999999999999267,"GJR-GARCH(1,1,1)-t"
13737,16.225871982537864,21.182223390253334,True,True,1.6580569405661902e-08,0.9401351276194174,"GJR-GARCH(1,1,1)-t"
13745,8.91890185563282,13.87525326334829,True,True,0.0,0.976548713425903,"GJR-GARCH(1,1,1)-t"
13762,-23.862599601214256,-18.906248193498786,True,False,0.0,1.0,"GJR-GARCH(1,1,1)-t"
13763,18.62888187264921,23.58523328036468,True,True,4.612835705230495e-15,0.8295195290298615,"GJR-GARCH(1,1,1)-t"
13771,2.628560292909377,7.584911700624847,True,True,2.2298046245389048e-14,0.8183360763647352,"GJR-GARCH(1,1,1)-t"
13775,22.601315049632547,27.55766645734802,True,False,0.0,0.9999999999999714,"GJR-GARCH(1,1,1)-t"
13791,14.891660766209684,19.848012173925152,True,True,4.391442015942868e-16,0.9633689891380119,"GJR-GARCH(1,1,1)-t"
13792,1.0699260776237924,6.026277485339262,True,True,0.0,0.9658908384416712,"GJR-GARCH(1,1,1)-t"
13798,-1.0576378427254554,3.8987135649900146,True,True,1.8236596813501982e-11,0.3583009780139003,"GJR-GARCH(1,1,1)-t"
13821,13.955171014272418,18.91152242198789,True,False,0.0,0.9999999580822918,"GJR-GARCH(1,1,1)-t"
13822,2.844469532564018,7.800820940279488,True,False,0.870221480501136,0.5648892597180414,"GJR-GARCH(1,1,1)-t"
13838,29.662885136135785,34.61923654385125,True,True,8.846708180317935e-20,0.7760360314588728,"GJR-GARCH(1,1,1)-t"
13851,48.86650874784065,53.822860155556114,True,True,0.25408451880428407,7.582293565522688e-13,"GJR-GARCH(1,1,1)-t"
13857,-0.7348554267965266,4.221495980918943,True,False,0.9999999957424173,0.06713853730414726,"GJR-GARCH(1,1,1)-t"
13861,14.191911059096949,19.14826246681242,True,True,6.292784311983367e-16,0.252924332457347,"GJR-GARCH(1,1,1)-t"
13868,28.770752978284992,33.72710438600046,True,True,0.0,0.7369212146800064,"GJR-GARCH(1,1,1)-t"
13872,15.383449362963201,20.33980077067867,True,True,7.3723717694222e-20,0.8273200634239537,"GJR-GARCH(1,1,1)-t"
13880,-7.363142021363309,-2.406790613647839,True,True,0.0,1.0412040813389236e-13,"GJR-GARCH(1,1,1)-t"
13891,9.146104265926475,14.102455673641945,True,True,0.014562231969778856,0.9069069364196104,"GJR-GARCH(1,1,1)-t"
13900,6.841220567092569,11.79757197480804,True,True,0.40575339348877243,0.0,"GJR-GARCH(1,1,1)-t"
13912,9.955705118233233,14.912056525948703,True,False,1.0980027791920816e-16,0.9999999999999998,"GJR-GARCH(1,1,1)-t"
13920,19.41696818194271,24.37331958965818,True,False,0.9999999999999707,0.004472866569307758,"GJR-GARCH(1,1,1)-t"
13928,11.387438336455082,16.34378974417055,True,True,0.0,7.333847807912001e-11,"GJR-GARCH(1,1,1)-t"
13936,-4.967263581704685,-0.01091217398921529,True,True,0.2470618435238516,0.0,"GJR-GARCH(1,1,1)-t"
13941,12.610382645241632,17.566734052957102,True,True,0.0,2.2135546574431004e-15,"GJR-GARCH(1,1,1)-t"
13948,37.388649315593355,42.34500072330882,True,True,1.6764392760095653e-16,0.6490680480594172,"GJR-GARCH(1,1,1)-t"
13949,16.673076176564216,21.629427584279686,True,True,4.414958961092783e-14,3.7562262551776065e-14,"GJR-GARCH(1,1,1)-t"
13960,-0.040157369895128525,4.9161940378203415,True,False,0.9999999951019934,2.681690728079954e-10,"GJR-GARCH(1,1,1)-t"
13968,16.06460055104132,21.02095195875679,True,True,0.0,0.5904379870593348,"GJR-GARCH(1,1,1)-t"
13971,-3.26842689646476,1.68792451125071,True,True,2.3556854489438195e-13,1.566692525831364e-12,"GJR-GARCH(1,1,1)-t"
13980,-5.36074971396398,-0.4043983062485097,True,True,8.136593999540229e-14,0.8194682133506265,"GJR-GARCH(1,1,1)-t"
13983,19.976527549383867,24.932878957099337,True,True,0.0,0.9950070013463362,"GJR-GARCH(1,1,1)-t"
13986,16.084710451548947,21.041061859264417,True,True,3.577284081107879e-13,0.908967114727616,"GJR-GARCH(1,1,1)-t"
13989,-5.033594547500389,-0.07724313978491892,True,False,8.675140236222876e-18,0.9999999999999799,"GJR-GARCH(1,1,1)-t"
14001,30.5898875415391,35.54623894925457,True,True,0.15360714278827323,0.5444293356868226,"GJR-GARCH(1,1,1)-t"
14004,6.06901493319085,11.02536634090632,True,False,5.889581382478598e-16,0.9999999999999925,"GJR-GARCH(1,1,1)-t"
14016,14.78692957857691,19.74328098629238,True,False,3.301228281806593e-16,0.9999999999999997,"GJR-GARCH(1,1,1)-t"
14021,8.480816887255441,13.437168294970911,True,True,0.0,0.7755834802370266,"GJR-GARCH(1,1,1)-t"
14054,-7.234024079477734,-2.2776726717622644,True,True,0.0,0.721484990404932,"GJR-GARCH(1,1,1)-t"
14061,7.184482808975023,12.140834216690493,True,True,1.3961498349162868e-13,0.9734972504074192,"GJR-GARCH(1,1,1)-t"
14065,0.3201562077299993,5.276507615445469,True,False,0.0,0.9999999999999998,"GJR-GARCH(1,1,1)-t"
14070,36.835467839781714,41.79181924749719,True,True,5.773725542567716e-13,3.2502646491520734e-12,"GJR-GARCH(1,1,1)-t"
14077,-13.390998947108592,-8.434647539393122,True,False,0.9999999999999984,0.5000000000025672,"GJR-GARCH(1,1,1)-t"
14079,8.908377157091632,13.864728564807102,True,True,0.6539234276919506,7.724056462333656e-20,"GJR-GARCH(1,1,1)-t"
14080,-5.882127783683593,-0.9257763759681232,True,True,4.501177888301706e-22,0.3774954146900598,"GJR-GARCH(1,1,1)-t"
14088,-10.859874568686749,-5.903523160971279,True,True,0.0,1.577884582661629e-07,"GJR-GARCH(1,1,1)-t"
14093,-7.053779811872136,-2.097428404156666,True,False,0.9984106098296971,0.4696700950473293,"GJR-GARCH(1,1,1)-t"
14105,9.887702205579313,14.844053613294783,True,False,0.9999999999999846,0.4999999999999188,"GJR-GARCH(1,1,1)-t"
14111,21.52222461871765,26.478576026433124,True,True,0.0,6.322230546216915e-07,"GJR-GARCH(1,1,1)-t"
14125,14.701707450613394,19.658058858328864,True,True,5.289518231192406e-14,1.853102147723096e-11,"GJR-GARCH(1,1,1)-t"
14126,44.311534431670765,49.26788583938624,True,False,1.852635734891287e-15,0.9999994235816312,"GJR-GARCH(1,1,1)-t"
14169,30.820257247299992,35.776608655015465,True,True,0.0,0.8316678329991374,"GJR-GARCH(1,1,1)-t"
14171,21.262934265981826,26.219285673697296,True,True,3.374214299118669e-16,0.7389828393555427,"GJR-GARCH(1,1,1)-t"
14176,9.639806353858528,14.596157761573998,True,True,9.887149484867729e-17,0.8314101599296673,"GJR-GARCH(1,1,1)-t"
14177,14.653551305013622,19.60990271272909,True,True,3.4576879133811257e-16,0.9228759763892317,"GJR-GARCH(1,1,1)-t"
14183,-3.941589820313993,1.0147615874014768,True,True,0.0,0.9087232265541106,"GJR-GARCH(1,1,1)-t"
14205,39.15184321740143,44.108194625116894,True,False,9.08013663784312e-24,1.0,"GJR-GARCH(1,1,1)-t"
14215,15.078873493634052,20.035224901349522,True,False,0.0,1.0,"GJR-GARCH(1,1,1)-t"
14218,-15.993094261634663,-11.036742853919193,True,True,0.0,0.0,"GJR-GARCH(1,1,1)-t"
14234,16.385183827242034,21.341535234957504,True,True,1.0610950824128315e-14,0.4008251652956313,"GJR-GARCH(1,1,1)-t"
14235,19.644363198914725,24.600714606630195,True,True,0.8430334689675242,0.0,"GJR-GARCH(1,1,1)-t"
14243,30.276275765951333,35.2326271736668,True,True,0.335044246286413,0.28441136698749414,"GJR-GARCH(1,1,1)-t"
14246,-0.7545928551153267,4.201758552600143,True,True,0.30690313351362136,0.2500329440387659,"GJR-GARCH(1,1,1)-t"
14247,16.018316338329072,20.974667746044545,True,False,1.0989858272412924e-15,1.0,"GJR-GARCH(1,1,1)-t"
14263,10.700742454178869,15.657093861894339,True,True,1.8008831811528212e-15,5.055858649304278e-16,"GJR-GARCH(1,1,1)-t"
14273,-2.767782333722856,2.188569073992614,True,False,0.0,1.0,"GJR-GARCH(1,1,1)-t"
14276,24.661478504520524,29.617829912235994,True,True,0.0,2.8711328033771874e-13,"GJR-GARCH(1,1,1)-t"
14278,18.908946074600394,23.865297482315864,True,False,5.10900542473212e-15,1.0,"GJR-GARCH(1,1,1)-t"
14279,3.3617806740954705,8.31813208181094,True,False,0.33540500511369586,0.7913608272372608,"GJR-GARCH(1,1,1)-t"
14280,-2.865464450338415,2.090886957377055,True,True,0.1894104349750853,0.0703510687526502,"GJR-GARCH(1,1,1)-t"
14285,-2.1081071134692877,2.8482442942461823,True,True,0.26861761828530545,2.6110874742631953e-13,"GJR-GARCH(1,1,1)-t"
14297,-16.20144264738839,-11.24509123967292,True,True,1.892250498226881e-13,0.4781860906744825,"GJR-GARCH(1,1,1)-t"
14305,15.94660734501199,20.90295875272746,True,True,0.0,0.0,"GJR-GARCH(1,1,1)-t"
14311,-12.216142764972197,-7.259791357256727,True,True,5.52423180312799e-08,0.7988988702698473,"GJR-GARCH(1,1,1)-t"
14312,-7.338816938442417,-2.3824655307269467,True,True,3.188408167110513e-16,5.2711270447940835e-15,"GJR-GARCH(1,1,1)-t"
14316,17.98162738357353,22.937978791289,True,False,0.0,1.0,"GJR-GARCH(1,1,1)-t"
14319,-17.265748313072198,-12.309396905356728,True,True,0.214675702107949,4.5651101343815596e-17,"GJR-GARCH(1,1,1)-t"
14326,5.3947749865099475,10.351126394225417,True,True,6.676268214097925e-16,0.7305347634943169,"GJR-GARCH(1,1,1)-t"
14341,-3.6237202955750654,1.3326311121404046,True,True,0.0,0.0,"GJR-GARCH(1,1,1)-t"
14350,32.588613595432086,37.54496500314755,True,True,1.355557633755429e-15,0.9833740384637544,"GJR-GARCH(1,1,1)-t"
14356,-13.47681369339426,-8.52046228567879,True,False,1.3231938892563952e-16,0.9999999999999997,"GJR-GARCH(1,1,1)-t"
14361,-21.295275146959348,-16.338923739243878,True,True,0.0,0.5529655038763436,"GJR-GARCH(1,1,1)-t"
14389,45.873440182271025,50.8297915899865,True,True,0.03683992329101357,2.7149309510830993e-15,"GJR-GARCH(1,1,1)-t"
14416,0.6643084738339287,5.620659881549399,True,True,4.574451111212693e-18,0.09769809185934901,"GJR-GARCH(1,1,1)-t"
14420,-5.150761177461746,-0.19440976974627588,True,False,0.49793535757588353,0.6878445661482813,"GJR-GARCH(1,1,1)-t"
14422,1.3117960485374542,6.268147456252924,True,True,0.48215811736085845,1.1354812182672487e-14,"GJR-GARCH(1,1,1)-t"
14423,22.275057264732524,27.23140867244799,True,True,1.907323139494402e-21,0.9671541786858228,"GJR-GARCH(1,1,1)-t"
14435,10.382724628713346,15.339076036428816,True,True,0.0,0.0,"GJR-GARCH(1,1,1)-t"
14442,14.522937335388457,19.47928874310393,True,True,0.7594960782844641,0.0,"GJR-GARCH(1,1,1)-t"
14445,-12.739523937576465,-7.783172529860995,True,True,0.3605403884181087,7.721158142303976e-21,"GJR-GARCH(1,1,1)-t"
14447,29.016486504013837,33.97283791172931,True,True,2.5979199238867845e-13,0.9918303695245105,"GJR-GARCH(1,1,1)-t"
14449,5.822238334847581,10.778589742563051,True,False,0.999999880071416,5.316085479200186e-08,"GJR-GARCH(1,1,1)-t"
14452,2.7183970462053715,7.6747484539208415,True,True,1.8617070101395045e-14,0.970035536161175,"GJR-GARCH(1,1,1)-t"
14464,-20.148159917623595,-15.191808509908125,True,True,1.5099728717696029e-10,0.9822093409977698,"GJR-GARCH(1,1,1)-t"
14465,5.215337621259643,10.171689028975113,True,True,5.629977176022142e-16,0.873201223928533,"GJR-GARCH(1,1,1)-t"
14476,43.178435324218086,48.13478673193356,True,True,0.31513928694644344,0.11671663210571383,"GJR-GARCH(1,1,1)-t"
14483,25.50896099389933,30.465312401614803,True,False,0.12362549437904238,0.9381872528105889,"GJR-GARCH(1,1,1)-t"
14487,0.574633395245236,5.530984802960706,True,True,0.8900775531329418,0.0,"GJR-GARCH(1,1,1)-t"
14494,8.018835900391416,12.975187308106886,True,True,1.4261645364824663e-15,0.11539930195379888,"GJR-GARCH(1,1,1)-t"
14501,6.658759040923186,11.615110448638656,True,False,3.97465455970023e-15,0.9999999999999939,"GJR-GARCH(1,1,1)-t"
14504,2.871581432383808,7.827932840099278,True,True,0.0,0.2535059165182844,"GJR-GARCH(1,1,1)-t"
14510,-1.4162640076100104,3.5400874001054596,True,False,0.0,1.0,"GJR-GARCH(1,1,1)-t"
14547,42.41221941567292,47.36857082338839,True,True,0.0,0.8570204228333761,"GJR-GARCH(1,1,1)-t"
14549,0.29953813161384346,5.2558895393293135,True,True,3.0983070655517947e-12,0.958016183426237,"GJR-GARCH(1,1,1)-t"
14561,10.970881992388268,15.927233400103738,True,False,0.0,1.0,"GJR-GARCH(1,1,1)-t"
14564,32.09906684171408,37.05541824942955,True,True,0.14130599887874137,2.24233436310668e-15,"GJR-GARCH(1,1,1)-t"
14572,-8.38679297006323,-3.4304415623477595,True,True,0.558347337611105,0.20209845812679844,"GJR-GARCH(1,1,1)-t"
14573,21.043036345797958,25.999387753513428,True,True,2.6675626734160334e-15,0.2147158257781135,"GJR-GARCH(1,1,1)-t"
14579,17.9151434503311,22.87149485804657,True,True,0.0,0.914342460236501,"GJR-GARCH(1,1,1)-t"
14582,44.164956959310615,49.12130836702609,True,True,0.0,0.8682612645165735,"GJR-GARCH(1,1,1)-t"
14601,6.4614797779735795,11.41783118568905,True,True,1.2046738889183033e-13,0.7449263575773101,"GJR-GARCH(1,1,1)-t"
14619,29.108164072621012,34.06451548033648,True,True,0.0,0.9716934806152143,"GJR-GARCH(1,1,1)-t"
14623,-0.14425649847625444,4.812094909239216,True,True,1.060598314837789e-15,0.776261051035713,"GJR-GARCH(1,1,1)-t"
14629,3.1843853711673322,8.140736778882802,True,False,3.225320819923101e-15,1.0,"GJR-GARCH(1,1,1)-t"
14632,39.1701972190084,44.126548626723874,True,True,0.0,0.8375603944203581,"GJR-GARCH(1,1,1)-t"
14635,19.79046033936467,24.746811747080145,True,True,0.0,0.9850818071444373,"GJR-GARCH(1,1,1)-t"
14646,10.318410909346353,15.274762317061823,True,True,6.1029847940976175e-12,0.9789955254167536,"GJR-GARCH(1,1,1)-t"
14648,19.45052729163432,24.40687869934979,True,False,0.9999998796231143,1.3141031155669295e-08,"GJR-GARCH(1,1,1)-t"
14697,35.27295436338818,40.229305771103654,True,False,2.355369996844651e-14,0.9999999999999771,"GJR-GARCH(1,1,1)-t"
14714,17.28310388426625,22.23945529198172,True,False,0.40927081101998,0.7953645945081166,"GJR-GARCH(1,1,1)-t"
14715,13.389532870803201,18.34588427851867,True,False,5.053444298434259e-16,0.9999999999999735,"GJR-GARCH(1,1,1)-t"
14721,8.903018252748634,13.859369660464104,True,True,0.0,0.4400265463364582,"GJR-GARCH(1,1,1)-t"
14730,-2.9836496521183697,1.9727017555971003,True,False,0.0,1.0,"GJR-GARCH(1,1,1)-t"
14733,8.968861290202641,13.925212697918111,True,False,0.45487129051352,0.7717653828044341,"GJR-GARCH(1,1,1)-t"
14738,15.749660013055738,20.70601142077121,True,True,2.8572586725926906e-20,0.5541289644715391,"GJR-GARCH(1,1,1)-t"
14740,11.791884920654343,16.748236328369813,True,True,0.374306450212868,0.29187328577064325,"GJR-GARCH(1,1,1)-t"
14749,-0.6690383682049088,4.287313039510561,True,True,0.0,0.9752184942649645,"GJR-GARCH(1,1,1)-t"
14751,36.76648024660393,41.7228316543194,True,True,0.0,0.9034922102052896,"GJR-GARCH(1,1,1)-t"
14752,-4.048396116088597,0.9079552916268732,True,False,0.852753451751359,0.5707422526265552,"GJR-GARCH(1,1,1)-t"
14754,21.52274873446342,26.479100142178893,True,True,9.296190854170754e-12,0.5734976138932586,"GJR-GARCH(1,1,1)-t"
14769,-8.270380533917063,-3.314029126201593,True,False,6.975743200424766e-16,0.9999999999999973,"GJR-GARCH(1,1,1)-t"
14795,23.266270051021944,28.222621458737414,True,False,7.693450479832146e-17,1.0,"GJR-GARCH(1,1,1)-t"
14797,12.452041889178687,17.408393296894157,True,True,0.5242150735163892,0.1007863228647625,"GJR-GARCH(1,1,1)-t"
14800,-13.617454774753458,-8.661103367037988,True,True,0.0,0.9711845023548878,"GJR-GARCH(1,1,1)-t"
14807,31.904870455294684,36.86122186301016,True,False,1.0,0.18170685884807145,"GJR-GARCH(1,1,1)-t"
14809,-5.53483770173661,-0.5784862940211397,True,False,1.0,0.4385024655063145,"GJR-GARCH(1,1,1)-t"
14810,-15.742046308178665,-10.785694900463195,True,False,0.0,1.0,"GJR-GARCH(1,1,1)-t"
14813,10.87485160849177,15.83120301620724,True,True,2.6039571185558123e-18,0.7614530221866689,"GJR-GARCH(1,1,1)-t"
14817,17.837537367288522,22.793888775003992,True,True,0.32942687816673877,2.625258000349482e-20,"GJR-GARCH(1,1,1)-t"
14836,41.44236162953262,46.398713037248086,True,True,1.8381440268761913e-13,0.8944577339664883,"GJR-GARCH(1,1,1)-t"
14838,22.774485414168147,27.730836821883617,True,True,5.2344591316948854e-15,2.024147965034703e-05,"GJR-GARCH(1,1,1)-t"
14842,1.4538482415944483,6.410199649309918,True,True,1.43108407297841e-22,0.7884428211824037,"GJR-GARCH(1,1,1)-t"
14857,-0.4899716927087745,4.4663797150066955,True,True,8.133925024939653e-10,0.9263606565733226,"GJR-GARCH(1,1,1)-t"
14866,12.402338451133422,17.358689858848894,True,True,1.9519985964455304e-14,0.795132719014756,"GJR-GARCH(1,1,1)-t"
14869,8.871256460183202,13.827607867898672,True,True,4.458774981993078e-15,0.9785254018938435,"GJR-GARCH(1,1,1)-t"
14886,-9.24210366369024,-4.285752255974771,True,True,2.050100375518742e-13,0.813869516655902,"GJR-GARCH(1,1,1)-t"
14895,-7.560567349326753,-2.604215941611283,True,True,2.8687218793094266e-12,1.0319988194164277e-11,"GJR-GARCH(1,1,1)-t"
14897,18.45698900105145,23.41334040876692,True,True,0.8755263417186784,3.5054320420908485e-17,"GJR-GARCH(1,1,1)-t"
14906,18.965710452209834,23.922061859925304,True,True,1.0560794950313303e-15,0.22742175997184266,"GJR-GARCH(1,1,1)-t"
14908,15.95793341201237,20.91428481972784,True,True,0.18004374142813148,0.7669524032140081,"GJR-GARCH(1,1,1)-t"
14909,4.853553707377252,9.809905115092722,True,True,1.5853012546063152e-16,0.4718122624729422,"GJR-GARCH(1,1,1)-t"
14912,-0.28554198328052394,4.670809424434946,True,False,0.5215405085982745,0.7042359469063494,"GJR-GARCH(1,1,1)-t"
14913,0.39760149126139055,5.3539528989768606,True,False,0.0,0.9999999999999992,"GJR-GARCH(1,1,1)-t"
14916,1.3211698909648444,6.277521298680314,True,False,1.0,0.0,"GJR-GARCH(1,1,1)-t"
14918,9.949461197741371,14.905812605456841,True,False,0.0,1.0,"GJR-GARCH(1,1,1)-t"
14924,19.010133451485558,23.966484859201028,True,True,2.944906517753811e-11,0.969337853559886,"GJR-GARCH(1,1,1)-t"
14926,4.426517171693174,9.382868579408644,True,True,5.11979308524601e-15,0.9234400123156058,"GJR-GARCH(1,1,1)-t"
14928,2.260942306663095,7.217293714378565,True,True,6.878378705071917e-17,0.9005988726737406,"GJR-GARCH(1,1,1)-t"
14951,9.87440509956814,14.83075650728361,True,True,0.2652050457889462,3.757958014536592e-15,"GJR-GARCH(1,1,1)-t"
14970,-3.1062172812679094,1.8501341264475606,True,False,4.589163457494874e-13,0.9999999999982598,"GJR-GARCH(1,1,1)-t"
14976,7.489213721087232,12.445565128802702,True,True,2.8444228751616428e-18,0.8598172973429318,"GJR-GARCH(1,1,1)-t"
14977,-0.1141388151377356,4.842212592577734,True,False,0.0,1.0,"GJR-GARCH(1,1,1)-t"
14979,11.047245978934374,16.003597386649844,True,True,2.99712313094609e-13,1.1110927742176578e-11,"GJR-GARCH(1,1,1)-t"
14982,6.137135820356339,11.093487228071808,True,True,5.127266083040212e-15,0.30543646049024525,"GJR-GARCH(1,1,1)-t"
14994,7.349058181716284,12.305409589431754,True,True,3.6806951728128864e-15,0.9724215359845872,"GJR-GARCH(1,1,1)-t"
14995,4.313757557954768,9.270108965670238,True,False,0.9313663593845276,0.11764433227366237,"GJR-GARCH(1,1,1)-t"
15008,22.404653568151275,27.36100497586675,True,True,1.2314511346373144e-13,0.3172067846351511,"GJR-GARCH(1,1,1)-t"
15010,1.3994792175454833,6.355830625260953,True,False,0.1257511201995238,0.8775766789229299,"GJR-GARCH(1,1,1)-t"
15035,-0.2588059715551907,4.697545436160279,True,False,0.9999999999999764,0.3197353135941275,"GJR-GARCH(1,1,1)-t"
15038,0.8724515742835024,5.828802981998972,True,True,0.1464418959253372,0.2818860526407716,"GJR-GARCH(1,1,1)-t"
15042,-12.302722724713202,-7.3463713169977325,True,True,0.0,0.36005765495501957,"GJR-GARCH(1,1,1)-t"
15048,-5.917677659428183,-0.9613262517127126,True,True,1.5363058837186066e-14,0.5342817968257783,"GJR-GARCH(1,1,1)-t"
15061,44.430592156620655,49.38694356433612,True,False,0.9999999999999997,0.0,"GJR-GARCH(1,1,1)-t"
15063,8.382013156814804,13.338364564530274,True,True,0.030747733899578425,0.0,"GJR-GARCH(1,1,1)-t"
15092,21.681311679080935,26.637663086796405,True,False,0.4436335703542046,0.7781832148221175,"GJR-GARCH(1,1,1)-t"
15122,11.717211839074881,16.67356324679035,True,True,2.897474419313212e-16,0.48544242879220906,"GJR-GARCH(1,1,1)-t"
15131,20.859309852118102,25.815661259833572,True,True,0.42069507494536723,7.788915258299199e-13,"GJR-GARCH(1,1,1)-t"
15132,12.450912779081877,17.40726418679735,True,True,0.8008234382367804,2.2210615757898372e-17,"GJR-GARCH(1,1,1)-t"
15139,-2.2752803938425927,2.6810710138728773,True,True,7.34546919640267e-17,0.05044217169198054,"GJR-GARCH(1,1,1)-t"
15147,23.697417549629062,28.653768957344532,True,False,0.906264163111754,0.5025858801784284,"GJR-GARCH(1,1,1)-t"
15155,61.89078140951227,66.84713281722775,True,True,0.0,0.9871882470546546,"GJR-GARCH(1,1,1)-t"
15163,1.1397898702837885,6.0961412779992585,True,True,0.10017084962626648,5.162679685154518e-26,"GJR-GARCH(1,1,1)-t"
15173,0.37362352578874614,5.329974933504216,True,False,0.9590739051292732,0.5204630474353558,"GJR-GARCH(1,1,1)-t"
15176,8.151073689068118,13.107425096783588,True,True,4.9597800732305494e-20,0.9703518497730288,"GJR-GARCH(1,1,1)-t"
15185,29.075629831110653,34.03198123882613,True,True,6.0681577777998575e-15,0.7422942424364132,"GJR-GARCH(1,1,1)-t"
15186,8.558343092827808,13.514694500543278,True,True,0.13123368891549728,0.7028387677107928,"GJR-GARCH(1,1,1)-t"
15194,-2.3098311651172985,2.6465202425981715,True,True,6.947959364316802e-17,0.8242277529426162,"GJR-GARCH(1,1,1)-t"
15209,15.896704414390207,20.853055822105677,True,True,1.0061554751360105e-14,0.23637882407682803,"GJR-GARCH(1,1,1)-t"
15216,9.133665953600733,14.090017361316203,True,True,0.13371971149191553,3.628002175624062e-19,"GJR-GARCH(1,1,1)-t"
15239,12.897714256511282,17.854065664226752,True,False,0.0,1.0,"GJR-GARCH(1,1,1)-t"
15246,30.937115251095562,35.893466658811036,True,False,1.5255659532237827e-13,1.0,"GJR-GARCH(1,1,1)-t"
15269,22.15324997899627,27.10960138671174,True,True,0.015737652234234786,0.944036259409071,"GJR-GARCH(1,1,1)-t"
15271,15.486812265697104,20.443163673412574,True,False,1.0,0.29653169062529544,"GJR-GARCH(1,1,1)-t"
15276,-0.10441567858291911,4.851935729132551,True,True,1.574202188319758e-08,0.9823114154829545,"GJR-GARCH(1,1,1)-t"
15280,13.597046003035473,18.553397410750943,True,False,0.28665900695494834,0.843518978617935,"GJR-GARCH(1,1,1)-t"
15288,24.331870716827375,29.28822212454284,True,False,0.0,1.0,"GJR-GARCH(1,1,1)-t"
15290,-12.033396125070158,-7.077044717354688,True,True,1.3407548149393704e-16,0.0,"GJR-GARCH(1,1,1)-t"
15291,4.8286046155333455,9.784956023248816,True,True,0.0,0.0,"GJR-GARCH(1,1,1)-t"
15319,12.342900953009263,17.299252360724733,True,False,0.8214822246972718,0.4208976879947198,"GJR-GARCH(1,1,1)-t"
15335,5.580995350672072,10.537346758387542,True,True,1.728927492101434e-14,0.4727142737445405,"GJR-GARCH(1,1,1)-t"
15341,21.87939808447545,26.83574949219092,True,False,0.9999999999999984,7.69233467260983e-16,"GJR-GARCH(1,1,1)-t"
15344,45.41353770726256,50.36988911497803,True,True,0.4493899851429397,3.3277934669630005e-17,"GJR-GARCH(1,1,1)-t"
15352,33.40984786511399,38.36619927282946,True,True,5.332658479470702e-18,0.2881460360885824,"GJR-GARCH(1,1,1)-t"
15353,11.659614269837968,16.61596567755344,True,True,5.416613246496265e-20,1.1947113341948226e-19,"GJR-GARCH(1,1,1)-t"
15365,7.167646908826875,12.123998316542345,True,True,4.959839845112466e-13,0.8976998827895648,"GJR-GARCH(1,1,1)-t"
15388,22.778997691745076,27.735349099460542,True,False,0.0,0.9999999999996261,"GJR-GARCH(1,1,1)-t"
15393,30.803223208807445,35.75957461652291,True,True,6.484777751401644e-20,1.114899458080595e-11,"GJR-GARCH(1,1,1)-t"
15400,30.813715576660435,35.7700669843759,True,True,0.0,0.942151098305843,"GJR-GARCH(1,1,1)-t"
15418,-9.434246765302529,-4.477895357587059,True,True,1.6263582030790634e-13,2.9661054071718323e-13,"GJR-GARCH(1,1,1)-t"
15433,-4.413365091362959,0.5429863163525113,True,True,0.3277965863190847,2.8138025952698536e-08,"GJR-GARCH(1,1,1)-t"
15448,6.641152164837031,11.597503572552501,True,False,0.9999999999286018,9.661706520787071e-11,"GJR-GARCH(1,1,1)-t"
15462,20.946964248868603,25.903315656584073,True,False,0.9999999999999981,1.0036394645652832e-15,"GJR-GARCH(1,1,1)-t"
15466,35.7027327444751,40.65908415219057,True,True,0.0,0.7379432147966427,"GJR-GARCH(1,1,1)-t"
15486,-14.180313863304274,-9.223962455588804,True,True,0.6099953099258717,1.1623010447887679e-14,"GJR-GARCH(1,1,1)-t"
15491,13.578069350794006,18.534420758509476,True,True,0.7313289855392615,6.588048159560047e-14,"GJR-GARCH(1,1,1)-t"
15499,23.059401650416973,28.015753058132443,True,True,0.27560004916560826,0.0,"GJR-GARCH(1,1,1)-t"
15516,-6.911893285233511,-1.9555418775180406,True,True,1.1299234154273044e-16,9.786309745780224e-16,"GJR-GARCH(1,1,1)-t"
15517,46.440018528136335,51.39636993585181,True,True,0.0,0.40566960851208966,"GJR-GARCH(1,1,1)-t"
15521,28.668192189764838,33.624543597480304,True,False,0.31446498219087593,0.7892396965299874,"GJR-GARCH(1,1,1)-t"
15525,12.294153769002408,17.25050517671788,True,True,1.0269212064177923e-18,0.20470180045670905,"GJR-GARCH(1,1,1)-t"
15529,14.835046759397791,19.79139816711326,True,False,4.241029887714403e-17,0.9999999999999931,"GJR-GARCH(1,1,1)-t"
15535,40.23817928080865,45.194530688524125,True,True,3.2426346843977063e-19,0.9577614938147225,"GJR-GARCH(1,1,1)-t"
15540,18.949284428050156,23.905635835765626,True,True,0.15910834539055507,2.3533954943984758e-15,"GJR-GARCH(1,1,1)-t"
15547,9.239867382085558,14.196218789801028,True,True,0.0,0.93006083233698,"GJR-GARCH(1,1,1)-t"
15548,3.561500232072575,8.517851639788045,True,False,8.969354933144587e-17,0.9999999999853186,"GJR-GARCH(1,1,1)-t"
15568,-1.46152130170913,3.49483010600634,True,True,0.466928539572164,0.23868365104444933,"GJR-GARCH(1,1,1)-t"
15584,41.18436685237806,46.140718260093536,True,True,6.337361126146988e-20,0.31725030826213546,"GJR-GARCH(1,1,1)-t"
15586,6.537759392738542,11.494110800454012,True,False,0.9999999832191084,0.3399325969991363,"GJR-GARCH(1,1,1)-t"
15595,2.2411269474868654,7.197478355202335,True,True,0.0,2.926631977592604e-12,"GJR-GARCH(1,1,1)-t"
15599,18.316158251648687,23.272509659364157,True,True,0.0,0.8733547354940359,"GJR-GARCH(1,1,1)-t"
15625,0.6933264917975936,5.649677899513064,True,False,2.8071933011155325e-17,0.9999999999999999,"GJR-GARCH(1,1,1)-t"
15627,10.457004135468187,15.413355543183657,True,False,1.981885057452772e-13,1.0,"GJR-GARCH(1,1,1)-t"
15633,24.228932081428916,29.18528348914439,True,True,8.198079440935545e-16,0.5513154234386584,"GJR-GARCH(1,1,1)-t"
15637,5.895926105467778,10.852277513183248,True,True,3.5597014301185675e-16,0.9842099602468452,"GJR-GARCH(1,1,1)-t"
15644,44.039905666384996,48.99625707410046,True,True,0.7580213700919017,1.1900573433981875e-15,"GJR-GARCH(1,1,1)-t"
15647,31.012131104176664,35.968482511892134,True,True,9.369858047294815e-14,0.7928340058948385,"GJR-GARCH(1,1,1)-t"
15671,18.82361664636486,23.779968054080328,True,True,4.337734673110693e-17,0.5628678815185773,"GJR-GARCH(1,1,1)-t"
15685,10.420050567135165,15.376401974850635,True,True,1.7692099889223813e-15,3.0420391084432284e-19,"GJR-GARCH(1,1,1)-t"
15687,37.69262430819519,42.64897571591066,True,True,0.0,1.1037045603242637e-16,"GJR-GARCH(1,1,1)-t"
15689,4.23535101550763,9.1917024232231,True,False,0.7177629718126746,0.584634949552936,"GJR-GARCH(1,1,1)-t"
15693,-6.688538123579356,-1.732186715863886,True,False,1.8653613666754062e-15,0.9999999999999472,"GJR-GARCH(1,1,1)-t"
15697,7.436984417635876,12.393335825351347,True,False,0.0,1.0,"GJR-GARCH(1,1,1)-t"
15703,9.998110737720141,14.954462145435611,True,True,6.280173740792364e-14,0.9617737381637442,"GJR-GARCH(1,1,1)-t"
15706,5.206584242189042,10.162935649904512,True,True,1.5342848630010395e-20,0.29451671527276807,"GJR-GARCH(1,1,1)-t"
15713,27.472225483724735,32.4285768914402,True,False,2.8804802340016015e-14,1.0,"GJR-GARCH(1,1,1)-t"
15715,2.306282626987251,7.262634034702721,True,True,5.735354934779905e-15,0.0467657477562859,"GJR-GARCH(1,1,1)-t"
15727,9.974024585863077,14.930375993578547,True,True,1.389179267660737e-15,0.9836042951061694,"GJR-GARCH(1,1,1)-t"
15728,6.370965876103861,11.32731728381933,True,True,2.4534426762396423e-14,3.3400688371538145e-13,"GJR-GARCH(1,1,1)-t"
15730,-15.750244957081627,-10.793893549366157,True,True,0.0,0.0,"GJR-GARCH(1,1,1)-t"
15742,12.555703376055146,17.512054783770616,True,True,8.321137103434551e-14,0.8338889478002329,"GJR-GARCH(1,1,1)-t"
15746,19.246437439174912,24.202788846890385,True,True,1.0311168706766536e-10,0.7929810800996763,"GJR-GARCH(1,1,1)-t"
15750,37.41801841488575,42.37436982260122,True,False,9.376408257543272e-13,0.9999999999855379,"GJR-GARCH(1,1,1)-t"
15757,44.841422413883826,49.79777382159929,True,False,3.1205107865821455e-15,1.0,"GJR-GARCH(1,1,1)-t"
15759,27.318642975942815,32.27499438365828,True,False,0.5185572108949338,0.7256537522322221,"GJR-GARCH(1,1,1)-t"
15765,13.636145154302884,18.592496562018354,True,True,5.241674999260031e-15,0.9647035665801402,"GJR-GARCH(1,1,1)-t"
15770,18.085524777471885,23.041876185187355,True,True,3.1201820768293627e-16,0.9818155133322831,"GJR-GARCH(1,1,1)-t"
15772,40.73889142273396,45.69524283044943,True,True,2.5633154427056853e-17,1.70587449099058e-15,"GJR-GARCH(1,1,1)-t"
15798,18.74374302617064,23.70009443388611,True,True,0.16071741361298522,0.7815905564231472,"GJR-GARCH(1,1,1)-t"
15807,4.722925639849109,9.679277047564579,True,False,0.9999999879999177,1.7954828191382422e-09,"GJR-GARCH(1,1,1)-t"
15818,-1.164192077697459,3.792159330018011,True,True,0.23792467056146424,4.200392660486516e-12,"GJR-GARCH(1,1,1)-t"
15823,19.608632022756073,24.564983430471543,True,True,3.5702609007289946e-19,0.885965305633548,"GJR-GARCH(1,1,1)-t"
15824,53.186981624548764,58.14333303226424,True,False,1.2879919745997495e-13,1.0,"GJR-GARCH(1,1,1)-t"
15836,-15.027020614424242,-10.070669206708772,True,True,5.716424477531901e-15,3.036088873448181e-16,"GJR-GARCH(1,1,1)-t"
15840,8.803745446828694,13.760096854544164,True,False,1.8563853622407107e-14,0.9999999999998941,"GJR-GARCH(1,1,1)-t"
15845,-0.029334861490397657,4.927016546225072,True,False,3.261430707452707e-11,0.9999999996896085,"GJR-GARCH(1,1,1)-t"
15846,-10.665749220477565,-5.709397812762095,True,False,0.2621481015944242,0.8689259492028003,"GJR-GARCH(1,1,1)-t"
15852,-3.6109581793275005,1.3453932283879695,True,False,0.0,0.9999999999636182,"GJR-GARCH(1,1,1)-t"
15853,10.31015053910744,15.26650194682291,True,False,1.0,0.0,"GJR-GARCH(1,1,1)-t"
15858,14.86945358751742,19.82580499523289,True,True,0.6855829422038918,0.0,"GJR-GARCH(1,1,1)-t"
15861,-8.853259773992761,-3.896908366277291,True,True,0.0,0.0,"GJR-GARCH(1,1,1)-t"
15872,14.339335747955497,19.295687155670965,True,True,8.41245160061611e-19,0.35172547787999175,"GJR-GARCH(1,1,1)-t"
15883,36.78410224574539,41.74045365346086,True,True,2.003373668234456e-10,8.338431615631879e-10,"GJR-GARCH(1,1,1)-t"
15894,13.384756212433151,18.34110762014862,True,True,0.004375812274311544,1.843073329657331e-18,"GJR-GARCH(1,1,1)-t"
15903,20.42351869838601,25.37987010610148,True,True,0.32612549653401285,0.60001036051514,"GJR-GARCH(1,1,1)-t"
15904,28.372691821766054,33.32904322948152,True,True,0.44785805103058246,0.0,"GJR-GARCH(1,1,1)-t"
15906,26.70898508473384,31.665336492449306,True,False,0.0,1.0,"GJR-GARCH(1,1,1)-t"
15907,-9.23221792865662,-4.27586652094115,True,True,0.17333235361909377,0.2911086047309116,"GJR-GARCH(1,1,1)-t"
15908,-1.4586949548430734,3.4976564528723966,True,False,1.0,0.5000000000008291,"GJR-GARCH(1,1,1)-t"
15920,9.856158541469302,14.812509949184772,True,True,0.0,0.26590751279621266,"GJR-GARCH(1,1,1)-t"
15934,5.016993929577444,9.973345337292914,True,True,0.3713595754574738,3.136714027998938e-14,"GJR-GARCH(1,1,1)-t"
15938,-13.650987344957809,-8.694635937242339,True,True,0.913220003182438,0.0,"GJR-GARCH(1,1,1)-t"
15960,26.682359052814938,31.63871046053041,True,True,3.7373996289563723e-19,0.5575876472017813,"GJR-GARCH(1,1,1)-t"
15965,13.99452760128597,18.95087900900144,True,False,0.0,0.9999999999999997,"GJR-GARCH(1,1,1)-t"
15966,20.266516388830382,25.222867796545852,True,False,8.700405963176248e-16,1.0,"GJR-GARCH(1,1,1)-t"
15982,23.655352880310136,28.611704288025607,True,True,0.7246941237317626,5.063867785279725e-12,"GJR-GARCH(1,1,1)-t"
15989,-2.5731889809757327,2.3831624267397373,True,False,0.921903218614604,0.3563980395546284,"GJR-GARCH(1,1,1)-t"
15991,7.410588739761273,12.366940147476743,True,True,0.030593327509111718,0.3264134262105513,"GJR-GARCH(1,1,1)-t"
16016,19.129113749119877,24.085465156835347,True,False,0.0,1.0,"GJR-GARCH(1,1,1)-t"
16017,8.690353148153235,13.646704555868705,True,True,1.471217867117988e-15,0.0,"GJR-GARCH(1,1,1)-t"
16031,-12.68283538562602,-7.726483977910551,True,True,2.744994844515016e-19,1.948904040484967e-16,"GJR-GARCH(1,1,1)-t"
16040,25.997467819768882,30.953819227484352,True,False,0.999999999999998,1.1390721490917645e-15,"GJR-GARCH(1,1,1)-t"
16071,21.946635649769586,26.902987057485056,True,True,4.111715546840938e-15,0.771979480736613,"GJR-GARCH(1,1,1)-t"
16081,33.45243309052974,38.40878449824521,True,True,0.3769338538311272,0.4185257503832636,"GJR-GARCH(1,1,1)-t"
16086,5.984484954388817,10.940836362104287,True,True,0.0,0.7252598665996339,"GJR-GARCH(1,1,1)-t"
16089,45.72577032719428,50.68212173490976,True,False,2.8490236687333213e-15,0.9999999999999979,"GJR-GARCH(1,1,1)-t"
16093,30.094811568303424,35.051162976018894,True,True,3.5042754751691875e-16,0.9614277108137578,"GJR-GARCH(1,1,1)-t"
16103,-0.6631359700972297,4.29321543761824,True,True,1.2641314475641034e-11,1.5257403672287502e-10,"GJR-GARCH(1,1,1)-t"
16113,18.264587772250508,23.220939179965978,True,True,1.384296803295452e-14,0.7177257594379929,"GJR-GARCH(1,1,1)-t"
16118,-14.226229612503989,-9.269878204788519,True,True,1.127496080070008e-11,0.08498447291719594,"GJR-GARCH(1,1,1)-t"
16127,51.78813134567544,56.74448275339091,True,True,1.5033102004672267e-13,0.5852200385717402,"GJR-GARCH(1,1,1)-t"
16138,30.232835199056225,35.1891866067717,True,True,0.24174192184961793,0.5161101325242007,"GJR-GARCH(1,1,1)-t"
16147,27.470054196601367,32.42640560431684,True,True,0.36417057936687436,0.47269218895279513,"GJR-GARCH(1,1,1)-t"
16149,2.897992865967341,7.854344273682811,True,True,0.0,0.0,"GJR-GARCH(1,1,1)-t"
16170,-13.284462116882292,-8.328110709166822,True,True,2.804107665460003e-12,0.8493423491497352,"GJR-GARCH(1,1,1)-t"
16172,7.621855806109284,12.578207213824754,True,True,0.0,0.67394713313976,"GJR-GARCH(1,1,1)-t"
16192,2.201342064232893,7.157693471948363,True,True,0.0,0.9566026935740065,"GJR-GARCH(1,1,1)-t"
16200,2.3530258110845175,7.3093772187999875,True,True,9.237641633861508e-15,0.0,"GJR-GARCH(1,1,1)-t"
16235,8.399264520687574,13.355615928403044,True,True,9.449404619358987e-21,9.801062588708208e-15,"GJR-GARCH(1,1,1)-t"
16240,28.330758471107586,33.28710987882306,True,True,8.445706019711172e-15,0.37764888092438126,"GJR-GARCH(1,1,1)-t"
16271,0.41630867795242743,5.372660085667897,True,True,0.5597035085837739,0.2803974656964218,"GJR-GARCH(1,1,1)-t"
16280,35.19409631476981,40.150447722485275,True,True,1.0806608380164534e-12,0.9672942726799185,"GJR-GARCH(1,1,1)-t"
16282,-0.3084006148172094,4.647950792898261,True,True,6.734991306792969e-08,0.9650907893517934,"GJR-GARCH(1,1,1)-t"
16288,-19.00422254606911,-14.047871138353639,True,True,2.7864181540746235e-13,3.5235680697829123e-12,"GJR-GARCH(1,1,1)-t"
16289,-1.5922526775248294,3.3640987301906407,True,True,0.042204841531922936,0.41288216122470317,"GJR-GARCH(1,1,1)-t"
16304,4.356776008042846,9.313127415758316,True,True,0.3501768817669906,2.6702122559199085e-15,"GJR-GARCH(1,1,1)-t"
16312,6.919689705216833,11.876041112932302,True,True,0.049195890880926074,6.691440309469118e-16,"GJR-GARCH(1,1,1)-t"
16320,-13.956491573809007,-9.000140166093537,True,False,0.0,1.0,"GJR-GARCH(1,1,1)-t"
16328,-3.4732599699066498,1.4830914378088202,True,True,2.501768808203974e-12,0.9668365601386434,"GJR-GARCH(1,1,1)-t"
16330,11.860204254671643,16.816555662387113,True,False,3.2043703189542513e-15,0.9999999999999983,"GJR-GARCH(1,1,1)-t"
16352,23.929305161277856,28.885656568993326,True,False,1.246615562905404e-20,0.9999999999999546,"GJR-GARCH(1,1,1)-t"
16357,18.423004138150127,23.379355545865597,True,True,0.0,0.9595190570068068,"GJR-GARCH(1,1,1)-t"
16367,1.972187782922358,6.928539190637828,True,True,4.771928189293949e-16,0.0,"GJR-GARCH(1,1,1)-t"
16374,-13.65979977836816,-8.70344837065269,True,True,0.0,0.5275753428530389,"GJR-GARCH(1,1,1)-t"
16402,12.003213251810532,16.959564659526002,True,False,4.290033124876727e-15,0.9999999999999742,"GJR-GARCH(1,1,1)-t"
16404,-6.584778591645936,-1.6284271839304658,True,True,0.0,0.4237143756813783,"GJR-GARCH(1,1,1)-t"
16428,16.145203964000377,21.101555371715847,True,False,0.14799834989106084,0.914689016419805,"GJR-GARCH(1,1,1)-t"
16429,2.9957699723448012,7.952121380060271,True,False,1.0,0.2983786030614587,"GJR-GARCH(1,1,1)-t"
16431,-6.992953854281261,-2.036602446565791,True,True,0.0,0.0,"GJR-GARCH(1,1,1)-t"
16438,13.595397600791738,18.55174900850721,True,True,0.08986229747698804,1.0433978284456567e-16,"GJR-GARCH(1,1,1)-t"
16454,1.3344774109080486,6.290828818623519,True,True,0.193628246009841,0.0,"GJR-GARCH(1,1,1)-t"
16460,1.3144361806628808,6.270787588378351,True,True,0.0,0.9807453121552397,"GJR-GARCH(1,1,1)-t"
16466,-10.855850260781626,-5.899498853066156,True,False,0.46282891869416337,0.7685855406529292,"GJR-GARCH(1,1,1)-t"
16479,6.762743661954318,11.719095069669788,True,True,3.701752766573158e-22,0.006658508889345956,"GJR-GARCH(1,1,1)-t"
16488,-6.884478162637375,-1.9281267549219052,True,False,0.31017800001736917,0.8449110000059576,"GJR-GARCH(1,1,1)-t"
16489,8.260854547683037,13.217205955398507,True,True,1.537006519138034e-15,0.04779613404019089,"GJR-GARCH(1,1,1)-t"
16499,-2.9252452779510207,2.0311061297644493,True,False,2.7293061667058074e-09,1.0,"GJR-GARCH(1,1,1)-t"
16500,-37.34462796376889,-32.38827655605343,True,False,1.0,0.2338947148231915,"GJR-GARCH(1,1,1)-t"
16504,22.09892065917819,27.055272066893657,True,True,0.0392439709216104,0.8962172429124446,"GJR-GARCH(1,1,1)-t"
16507,3.1981702740009954,8.154521681716465,True,True,9.399251516044671e-16,0.9763853828246924,"GJR-GARCH(1,1,1)-t"
16511,12.94897708287396,17.90532849058943,True,True,4.763997966066337e-18,1.1575318003689098e-17,"GJR-GARCH(1,1,1)-t"
16519,5.737060306963583,10.693411714679053,True,False,5.937041579759939e-13,0.9999999999967993,"GJR-GARCH(1,1,1)-t"
16526,14.759539677183934,19.715891084899404,True,True,2.3024029216880113e-12,0.9678090472250869,"GJR-GARCH(1,1,1)-t"
16556,-15.882619341040701,-10.926267933325231,True,True,6.0812550921703266e-15,0.8338446630331744,"GJR-GARCH(1,1,1)-t"
16560,-10.43569180155043,-5.47934039383496,True,True,5.0886078935258847e-17,0.06280393744651767,"GJR-GARCH(1,1,1)-t"
16570,9.288209728597916,14.244561136313386,True,False,7.747949338421049e-16,0.9999999999999988,"GJR-GARCH(1,1,1)-t"
16575,17.9466934153714,22.90304482308687,True,True,7.029027596133119e-15,0.8644021432472305,"GJR-GARCH(1,1,1)-t"
16594,23.411778828415912,28.368130236131382,True,False,5.646645300411279e-17,0.9999999999999648,"GJR-GARCH(1,1,1)-t"
16601,6.73722019456933,11.6935716022848,True,True,1.2653415979727878e-12,0.9748573217962049,"GJR-GARCH(1,1,1)-t"
16611,-13.882271117526095,-8.925919709810625,True,True,1.112002754973958e-13,0.7293203501298362,"GJR-GARCH(1,1,1)-t"
16614,20.176242890726954,25.132594298442427,True,True,0.08134089495769588,0.8514787158781665,"GJR-GARCH(1,1,1)-t"
16624,30.07187772986288,35.02822913757835,True,True,1.4961189964209746e-13,1.3546295432008646e-12,"GJR-GARCH(1,1,1)-t"
16629,12.875853786121073,17.832205193836543,True,False,0.0671102020507725,0.9664448989746154,"GJR-GARCH(1,1,1)-t"
16630,13.665717289971518,18.622068697686988,True,False,0.4310874050908792,0.7844562974519681,"GJR-GARCH(1,1,1)-t"
16637,12.164803275795398,17.121154683510866,True,True,0.0,0.17113144673272776,"GJR-GARCH(1,1,1)-t"
16643,6.655019790746108,11.611371198461578,True,True,6.987936651870999e-15,0.6089360313997928,"GJR-GARCH(1,1,1)-t"
16649,-0.1515685896337846,4.804782818081685,True,True,3.382941228020387e-17,0.6858648032775766,"GJR-GARCH(1,1,1)-t"
16660,9.424190402678386,14.380541810393856,True,False,9.344537155915573e-19,1.0,"GJR-GARCH(1,1,1)-t"
16666,-2.8532678220708974,2.1030835856445727,True,False,8.111207950866578e-16,0.9999999999999999,"GJR-GARCH(1,1,1)-t"
16676,34.532559784538066,39.48891119225354,True,True,0.07203052030473316,0.0,"GJR-GARCH(1,1,1)-t"
16679,40.382666708729516,45.33901811644499,True,True,3.210938565942315e-14,0.9788694905596415,"GJR-GARCH(1,1,1)-t"
16694,54.159438267173606,59.11578967488907,True,True,0.0,0.9121686010004338,"GJR-GARCH(1,1,1)-t"
16696,6.947480344323675,11.903831752039146,True,True,0.0,0.9711677443538561,"GJR-GARCH(1,1,1)-t"
16699,7.969553603354065,12.925905011069535,True,True,0.0,0.0,"GJR-GARCH(1,1,1)-t"
16704,24.170146504346597,29.126497912062064,True,True,0.0,0.6972575314926757,"GJR-GARCH(1,1,1)-t"
16706,-10.427101649694752,-5.470750241979282,True,True,0.0,0.9869123444575337,"GJR-GARCH(1,1,1)-t"
16707,2.996968576057718,7.953319983773188,True,False,1.0,0.44184948586669337,"GJR-GARCH(1,1,1)-t"
16721,17.66901954502062,22.62537095273609,True,False,0.0,1.0,"GJR-GARCH(1,1,1)-t"
16731,8.551146496183176,13.507497903898646,True,False,0.4168479995867085,0.6584872955059137,"GJR-GARCH(1,1,1)-t"
16733,-13.629014040072384,-8.672662632356914,True,True,0.0,0.8315102541018505,"GJR-GARCH(1,1,1)-t"
16745,9.80199136634898,14.75834277406445,True,True,1.1260928348842941e-13,0.9801028808047982,"GJR-GARCH(1,1,1)-t"
16746,-16.58770191585904,-11.63135050814357,True,True,0.3076356239360892,0.0,"GJR-GARCH(1,1,1)-t"
16753,10.371357245160254,15.327708652875724,True,True,0.0,0.0,"GJR-GARCH(1,1,1)-t"
16771,14.571688453159021,19.528039860874493,True,True,6.155482974453573e-17,0.31795840247478624,"GJR-GARCH(1,1,1)-t"
16774,48.71864774293399,53.674999150649455,True,True,0.0,0.5170313425356695,"GJR-GARCH(1,1,1)-t"
16792,8.407645109705395,13.363996517420865,True,True,0.0,0.9427788066942501,"GJR-GARCH(1,1,1)-t"
16793,36.6620377359109,41.618389143626366,True,True,5.173446872760739e-19,3.039973728317147e-14,"GJR-GARCH(1,1,1)-t"
16802,9.788576457878381,14.744927865593851,True,True,0.0,0.0,"GJR-GARCH(1,1,1)-t"
16811,4.211396140106293,9.167747547821763,True,True,4.87856275078105e-13,0.9923369527894533,"GJR-GARCH(1,1,1)-t"
16815,-6.1363691447505175,-1.1800177370350475,True,True,4.279707016481906e-11,0.9736157943178904,"GJR-GARCH(1,1,1)-t"
16816,-2.838317763520962,2.118033644194508,True,False,0.28840678316591084,0.7251803320590108,"GJR-GARCH(1,1,1)-t"
16823,-17.76706873940977,-12.810717331694299,True,True,0.0,0.0,"GJR-GARCH(1,1,1)-t"
16831,32.59022204109715,37.546573448812616,True,True,0.3763362007946419,2.9244385570126054e-17,"GJR-GARCH(1,1,1)-t"
16839,86.83853144084338,91.79488284855886,True,True,0.0,0.8566198642513738,"GJR-GARCH(1,1,1)-t"
16851,22.123804806515533,27.080156214231003,True,True,1.1846762293435177e-18,0.8176655777097013,"GJR-GARCH(1,1,1)-t"
16864,-12.71669291667272,-7.76034150895725,True,False,1.0,0.1643838857310504,"GJR-GARCH(1,1,1)-t"
16869,-16.151479938630168,-11.195128530914698,True,False,0.0,1.0,"GJR-GARCH(1,1,1)-t"
16877,1.8453472857075255,6.8016986934229955,True,True,1.3663948005219356e-10,0.9534435133966533,"GJR-GARCH(1,1,1)-t"
16880,17.760976467091083,22.717327874806553,True,True,1.1116245940265781e-14,0.6833640224202087,"GJR-GARCH(1,1,1)-t"
16900,0.17498711875034445,5.1313385264658145,True,True,0.0,0.6216927398701502,"GJR-GARCH(1,1,1)-t"
16910,18.27679130792648,23.23314271564195,True,False,0.8102379829195377,0.2485375553951143,"GJR-GARCH(1,1,1)-t"
16919,17.122072587886894,22.078423995602364,True,True,0.0,0.7999222122961832,"GJR-GARCH(1,1,1)-t"
16941,36.25774760664705,41.21409901436252,True,False,0.9999999999999669,2.832232194796344e-14,"GJR-GARCH(1,1,1)-t"
16943,29.019173769668058,33.97552517738353,True,True,7.606196047099157e-14,0.9377544263446714,"GJR-GARCH(1,1,1)-t"
16948,2.9485030088609587,7.904854416576429,True,True,0.19187705268590932,0.5094542291541949,"GJR-GARCH(1,1,1)-t"
16978,2.268579131732581,7.224930539448051,True,True,4.153475947932166e-11,0.9698372431024049,"GJR-GARCH(1,1,1)-t"
16987,26.76475891307139,31.721110320786856,True,True,0.07412321788273972,0.9090962523135282,"GJR-GARCH(1,1,1)-t"
16992,-17.82093215335619,-12.864580745640719,True,False,8.51920438870347e-13,0.9999999901717815,"GJR-GARCH(1,1,1)-t"
16999,5.732325400736489,10.688676808451959,True,False,1.0,0.0,"GJR-GARCH(1,1,1)-t"
17008,10.99682109861246,15.95317250632793,True,True,0.0,0.5632372196131886,"GJR-GARCH(1,1,1)-t"
17010,-3.8851230660435796,1.0712283416718904,True,True,1.6587034326750077e-15,0.43386718013245773,"GJR-GARCH(1,1,1)-t"
17013,-3.8555539608335465,1.1007974468819235,True,True,0.0,0.05918498051928716,"GJR-GARCH(1,1,1)-t"
17029,20.76424563927302,25.720597046988487,True,True,5.73594200058612e-17,6.016975544937792e-17,"GJR-GARCH(1,1,1)-t"
17031,10.522724378068729,15.479075785784199,True,True,0.0,0.7990322399556943,"GJR-GARCH(1,1,1)-t"
17034,21.376253933203053,26.33260534091852,True,True,2.379045748399213e-16,0.9745908587005405,"GJR-GARCH(1,1,1)-t"
17050,-0.07326594907671691,4.883085458638753,True,True,0.0,0.934739039482787,"GJR-GARCH(1,1,1)-t"
17053,39.5128060488226,44.46915745653807,True,False,1.9425570719965746e-11,1.0,"GJR-GARCH(1,1,1)-t"
17056,38.42836453525009,43.384715942965556,True,True,0.3511277452569371,0.37973819647325924,"GJR-GARCH(1,1,1)-t"
17058,57.61587834155436,62.57222974926982,True,False,0.9999999999999928,0.41769327592362127,"GJR-GARCH(1,1,1)-t"
17070,12.767919844029066,17.724271251744536,True,True,1.4068077931301761e-13,0.5977251644008664,"GJR-GARCH(1,1,1)-t"
17076,9.382125090983823,14.338476498699293,True,False,0.9999999957417864,1.79942700541729e-09,"GJR-GARCH(1,1,1)-t"
17078,14.944184052881033,19.9005354605965,True,True,7.673125015672555e-15,8.434862904351439e-19,"GJR-GARCH(1,1,1)-t"
17090,3.0656014687295556,8.021952876445026,True,True,1.1904716452290468e-13,9.850131866361817e-17,"GJR-GARCH(1,1,1)-t"
17091,11.805034711546917,16.761386119262387,True,False,1.0,0.3327648681109328,"GJR-GARCH(1,1,1)-t"
17093,-14.866236473255086,-9.909885065539616,True,True,0.0,0.0,"GJR-GARCH(1,1,1)-t"
17109,14.36248046257905,19.31883187029452,True,True,0.0,9.466102735104243e-16,"GJR-GARCH(1,1,1)-t"
17112,18.088360848130677,23.04471225584615,True,False,3.0993827328015852e-18,0.9999999999999997,"GJR-GARCH(1,1,1)-t"
17117,0.10879802552304518,5.065149433238515,True,True,0.88388024457657,0.0,"GJR-GARCH(1,1,1)-t"
17120,13.852457895204767,18.80880930292024,True,True,9.525289537418376e-16,0.6734964498124375,"GJR-GARCH(1,1,1)-t"
17157,8.781857824761667,13.738209232477137,True,True,7.656099790440192e-14,4.894024089390704e-16,"GJR-GARCH(1,1,1)-t"
17161,11.219525200317698,16.175876608033168,True,True,4.358571397972321e-15,0.844229805178119,"GJR-GARCH(1,1,1)-t"
17167,24.34117316423403,29.2975245719495,True,True,7.400173260265699e-15,1.5831197150581125e-20,"GJR-GARCH(1,1,1)-t"
17169,-4.301516896703841,0.6548345110116287,True,False,0.0,1.0,"GJR-GARCH(1,1,1)-t"
17172,22.78619526466409,27.74254667237956,True,False,4.4444821594985775e-15,0.9999999999999747,"GJR-GARCH(1,1,1)-t"
17179,-6.896636489200937,-1.9402850814854666,True,True,0.08341912944432096,0.0593671174455494,"GJR-GARCH(1,1,1)-t"
17181,35.30727863740131,40.26363004511678,True,True,0.0,0.9245159219436423,"GJR-GARCH(1,1,1)-t"
17191,25.04392787598246,30.00027928369793,True,True,0.45715404564275036,1.262623727638192e-19,"GJR-GARCH(1,1,1)-t"
17193,-7.924299368903881,-2.967947961188411,True,True,1.8209311103813405e-17,0.9508667054724189,"GJR-GARCH(1,1,1)-t"
17194,4.857008573310649,9.81335998102612,True,True,5.233659536662224e-14,0.46030622187151843,"GJR-GARCH(1,1,1)-t"
17198,-0.2529772870712055,4.7033741206442645,True,True,0.0,0.6405206683888894,"GJR-GARCH(1,1,1)-t"
17210,5.208659834353087,10.165011242068557,True,True,0.19601527428599494,1.4973629250131465e-14,"GJR-GARCH(1,1,1)-t"
17217,-3.0809828537764403,1.8753685539390297,True,True,0.0,0.0,"GJR-GARCH(1,1,1)-t"
17227,14.808533326283488,19.764884733998958,True,False,0.9999999999999947,0.499999999999937,"GJR-GARCH(1,1,1)-t"
17239,20.305983330643773,25.262334738359243,True,False,6.1215530034474536e-15,1.0,"GJR-GARCH(1,1,1)-t"
17244,1.6404915370222213,6.596842944737691,True,True,1.3571036358431183e-09,0.9588539326039351,"GJR-GARCH(1,1,1)-t"
17247,7.006209468132934,11.962560875848403,True,True,0.3878232580665944,0.0,"GJR-GARCH(1,1,1)-t"
17259,9.722994166039175,14.679345573754645,True,True,0.0,0.970633415674437,"GJR-GARCH(1,1,1)-t"
17264,2.5928771323948094,7.549228540110279,True,True,1.0773299046633891e-13,0.9895745423351877,"GJR-GARCH(1,1,1)-t"
17265,33.46957304882396,38.42592445653943,True,True,6.465466640935417e-19,0.6588122482515792,"GJR-GARCH(1,1,1)-t"
17293,47.653583853181416,52.60993526089689,True,True,2.2479965213203915e-15,0.5492020294729671,"GJR-GARCH(1,1,1)-t"
17295,1.1390078160142796,6.09535922372975,True,False,0.0,1.0,"GJR-GARCH(1,1,1)-t"
17305,10.052719059839378,15.009070467554848,True,True,9.983795454772636e-17,0.6691721820599017,"GJR-GARCH(1,1,1)-t"
17315,14.194239670096653,19.150591077812123,True,True,3.479313503269563e-16,0.11340427838869409,"GJR-GARCH(1,1,1)-t"
17324,50.192160363671604,55.14851177138708,True,True,0.253079544891511,4.34074064326394e-20,"GJR-GARCH(1,1,1)-t"
17328,11.804835002283603,16.761186409999073,True,True,3.88381470036669e-21,0.9926241268939402,"GJR-GARCH(1,1,1)-t"
17337,10.044069320742672,15.000420728458142,True,False,6.789983881712913e-19,1.0,"GJR-GARCH(1,1,1)-t"
17339,34.089450331321544,39.04580173903702,True,True,1.0231883639453478e-14,0.6594009461877437,"GJR-GARCH(1,1,1)-t"
17342,-12.603679893419905,-7.647328485704435,True,True,9.133401292167059e-17,0.5486911959300543,"GJR-GARCH(1,1,1)-t"
17355,-0.8573273132276196,4.09902409448785,True,True,5.486090810846207e-17,2.284274583437792e-23,"GJR-GARCH(1,1,1)-t"
17363,17.622232086816382,22.578583494531852,True,True,1.7118203211703343e-16,0.9564306525166271,"GJR-GARCH(1,1,1)-t"
17377,-10.691979403473027,-5.735627995757557,True,False,2.6495787524831844e-15,0.9999999999999984,"GJR-GARCH(1,1,1)-t"
17378,2.7517889270888993,7.708140334804369,True,True,0.0,0.0,"GJR-GARCH(1,1,1)-t"
17387,-15.60401759402086,-10.64766618630539,True,True,0.0,0.34341756295752457,"GJR-GARCH(1,1,1)-t"
17390,30.2912755761662,35.24762698388167,True,True,0.419890575941019,1.4609959318392738e-07,"GJR-GARCH(1,1,1)-t"
17395,10.216516778021296,15.172868185736766,True,True,0.11392647220223984,7.715294367978772e-15,"GJR-GARCH(1,1,1)-t"
17398,5.914514208291706,10.870865616007176,True,True,3.4675472740572496e-22,1.4021917378212447e-21,"GJR-GARCH(1,1,1)-t"
17421,29.788102844364197,34.74445425207967,True,True,0.0,0.6711240395426216,"GJR-GARCH(1,1,1)-t"
17424,-5.637263139098195,-0.6809117313827251,True,True,3.7488497815485626e-15,0.7887535242859498,"GJR-GARCH(1,1,1)-t"
17428,-4.308547360955544,0.6478040467599264,True,True,2.680143294744168e-16,0.922316812124908,"GJR-GARCH(1,1,1)-t"
17429,16.505921071714077,21.462272479429544,True,True,0.0,0.5407987357457635,"GJR-GARCH(1,1,1)-t"
17448,24.988238904717825,29.9445903124333,True,True,6.639673265144722e-16,0.64009651918421,"GJR-GARCH(1,1,1)-t"
17454,2.9016446890425165,7.8579960967579865,True,False,0.45930254292720574,0.716620871357054,"GJR-GARCH(1,1,1)-t"
17460,20.96895659360841,25.92530800132388,True,True,1.1521251018622096e-15,0.037010201478887464,"GJR-GARCH(1,1,1)-t"
17474,9.072143101129889,14.028494508845359,True,True,0.9413110669887129,3.097517065564337e-14,"GJR-GARCH(1,1,1)-t"
17486,14.034623059053967,18.990974466769437,True,True,0.09783803217812477,0.24618411411888017,"GJR-GARCH(1,1,1)-t"
17490,3.5964530887610557,8.552804496476526,True,True,1.948672239287244e-15,3.794543702688866e-14,"GJR-GARCH(1,1,1)-t"
17491,15.282623419375266,20.238974827090736,True,True,0.45886361422168914,0.19009806100441243,"GJR-GARCH(1,1,1)-t"
17505,6.924242467366102,11.880593875081573,True,False,0.3086563753392716,0.8456718123303637,"GJR-GARCH(1,1,1)-t"
17506,9.68282687668217,14.63917828439764,True,False,0.0,0.9999999999414957,"GJR-GARCH(1,1,1)-t"
17522,-0.29097821795592616,4.665373189759544,True,True,9.536787885818925e-10,0.9512830948223296,"GJR-GARCH(1,1,1)-t"
17528,-7.636783089579204,-2.680431681863734,True,True,8.173304498380067e-11,2.7799984536613927e-18,"GJR-GARCH(1,1,1)-t"
17530,-1.128512296662107,3.827839111053363,True,True,0.2360380118093109,0.0,"GJR-GARCH(1,1,1)-t"
17565,2.737681999408462,7.694033407123932,True,True,1.833550750422252e-08,0.9017900054829479,"GJR-GARCH(1,1,1)-t"
17569,-4.479220791765854,0.4771306159496156,True,True,0.2024001042988618,0.6867123484515884,"GJR-GARCH(1,1,1)-t"
17570,24.91445452540896,29.87080593312443,True,True,0.40196640178267806,3.28205839752833e-17,"GJR-GARCH(1,1,1)-t"
17578,24.162239203268378,29.118590610983848,True,True,0.21986137933096045,0.0,"GJR-GARCH(1,1,1)-t"
17584,15.661911026393664,20.618262434109134,True,False,0.0,1.0,"GJR-GARCH(1,1,1)-t"
17598,8.807698611142023,13.764050018857493,True,True,0.738757797069969,1.487361967165796e-08,"GJR-GARCH(1,1,1)-t"
17603,2.217947261134725,7.174298668850195,True,True,0.505418591402035,4.608892292540303e-13,"GJR-GARCH(1,1,1)-t"
17604,-4.1355065414835614,0.8208448662319086,True,True,1.09070539161081e-16,0.9389951337176073,"GJR-GARCH(1,1,1)-t"
17606,39.530084859882884,44.48643626759835,True,True,0.0,0.8939573373777762,"GJR-GARCH(1,1,1)-t"
17617,3.3573906454606526,8.313742053176123,True,True,0.2815967569729867,0.0,"GJR-GARCH(1,1,1)-t"
17626,41.971535178565524,46.92788658628099,True,True,0.0,0.9157969605914991,"GJR-GARCH(1,1,1)-t"
17634,30.092787380370428,35.0491387880859,True,True,2.5302582841017926e-14,0.6539606775060555,"GJR-GARCH(1,1,1)-t"
17639,-17.265385470258614,-12.309034062543144,True,True,2.8151409290377627e-14,0.5078335846508203,"GJR-GARCH(1,1,1)-t"
17643,14.01809624506497,18.97444765278044,True,True,0.0,0.8868669757080838,"GJR-GARCH(1,1,1)-t"
17644,44.055326197435214,49.01167760515068,True,True,0.0,0.9861277329922348,"GJR-GARCH(1,1,1)-t"
17670,-15.547934020125165,-10.591582612409695,True,True,1.267845796437552e-13,0.8770220467244703,"GJR-GARCH(1,1,1)-t"
17672,-1.1324154077897628,3.823935999925707,True,True,0.0,1.2777806226057464e-13,"GJR-GARCH(1,1,1)-t"
17676,12.768490460864186,17.724841868579656,True,True,0.0,0.9630834871700303,"GJR-GARCH(1,1,1)-t"
17695,-11.582437742484235,-6.626086334768765,True,False,0.9999999999999984,2.1501599403946934e-15,"GJR-GARCH(1,1,1)-t"
17698,9.109190881473058,14.065542289188528,True,False,1.5076992037589011e-13,1.0,"GJR-GARCH(1,1,1)-t"
17707,3.9786918822381345,8.935043289953605,True,True,0.0,0.9135649489608376,"GJR-GARCH(1,1,1)-t"
17708,10.21648318094596,15.17283458866143,True,False,0.0,1.0,"GJR-GARCH(1,1,1)-t"
17727,33.80941667168793,38.7657680794034,True,True,6.4230933321244255e-15,0.5408409011430538,"GJR-GARCH(1,1,1)-t"
17762,5.285253758120039,10.241605165835509,True,True,0.9045748513535067,1.2269114952436373e-12,"GJR-GARCH(1,1,1)-t"
17777,-18.690943115323115,-13.734591707607645,True,True,1.2326722210838147e-12,0.2763333824932646,"GJR-GARCH(1,1,1)-t"
17785,-2.5320337972137317,2.4243176105017383,True,True,0.7228061372420101,2.4136916312598595e-23,"GJR-GARCH(1,1,1)-t"
17791,45.58251281775496,50.538864225470434,True,False,0.4564008419280502,0.7184093883509303,"GJR-GARCH(1,1,1)-t"
17804,8.37883024293023,13.3351816506457,True,True,1.183062666436256e-20,0.5397300764912689,"GJR-GARCH(1,1,1)-t"
17809,-8.149353897429776,-3.1930024897143063,True,True,4.608690049304955e-22,0.07019215807789972,"GJR-GARCH(1,1,1)-t"
17813,28.400689690278693,33.35704109799416,True,True,0.6760559291904978,0.0,"GJR-GARCH(1,1,1)-t"
17820,10.101053847216262,15.057405254931732,True,False,0.2882781422251715,0.7188048946572582,"GJR-GARCH(1,1,1)-t"
17823,6.633177775324352,11.589529183039822,True,False,0.8573573489610821,0.5713213255194672,"GJR-GARCH(1,1,1)-t"
17825,-2.4651285585221885,2.4912228491932815,True,True,0.0,0.9678563230329918,"GJR-GARCH(1,1,1)-t"
17832,54.31673153172419,59.27308293943966,True,True,1.5741238961143364e-16,0.5371738685207794,"GJR-GARCH(1,1,1)-t"
17837,0.4800500695931156,5.436401477308586,True,True,1.5258521829721093e-16,0.9789934075490366,"GJR-GARCH(1,1,1)-t"
17838,9.468017138717036,14.424368546432506,True,True,5.157950686421706e-10,0.0,"GJR-GARCH(1,1,1)-t"
17841,19.71594395157449,24.67229535928996,True,True,0.0,0.26230346285923156,"GJR-GARCH(1,1,1)-t"
17852,24.380482910027496,29.336834317742962,True,True,0.14899823260128378,0.20334750833591983,"GJR-GARCH(1,1,1)-t"
17870,18.551351338163308,23.507702745878778,True,True,1.686082248563901e-14,0.8355688954770859,"GJR-GARCH(1,1,1)-t"
17872,-8.783215833000721,-3.826864425285251,True,False,3.8887429291331575e-15,1.0,"GJR-GARCH(1,1,1)-t"
17875,27.306781447698793,32.26313285541426,True,True,0.0,3.661861119052989e-18,"GJR-GARCH(1,1,1)-t"
17876,16.617190245401297,21.57354165311677,True,True,2.6042409711747588e-14,0.9526557479971307,"GJR-GARCH(1,1,1)-t"
17885,33.963763781722996,38.92011518943846,True,True,1.0706897401175075e-16,0.7353915555443232,"GJR-GARCH(1,1,1)-t"
17888,-24.48539392265895,-19.52904251494348,True,True,0.0,0.9659493253346354,"GJR-GARCH(1,1,1)-t"
17903,13.13776747950358,18.09411888721905,True,True,0.03376438276720665,9.587688447046912e-21,"GJR-GARCH(1,1,1)-t"
17911,4.388820843659223,9.345172251374693,True,True,0.7404970064415599,0.0,"GJR-GARCH(1,1,1)-t"
17914,-4.378313467026587,0.5780379406888834,True,False,0.9999855915964858,6.211369509018338e-06,"GJR-GARCH(1,1,1)-t"
17946,5.059777127644191,10.01612853535966,True,True,0.20507137068377118,0.0,"GJR-GARCH(1,1,1)-t"
17949,41.62964902029732,46.58600042801279,True,True,1.8403236288302487e-15,3.5985313093030623e-14,"GJR-GARCH(1,1,1)-t"
17951,-3.57596188667711,1.38038952103836,True,True,3.4898236157123217e-16,3.888196613339778e-15,"GJR-GARCH(1,1,1)-t"
17955,14.125031295628643,19.08138270334411,True,True,7.45032454473858e-14,2.357333431507306e-12,"GJR-GARCH(1,1,1)-t"
17957,0.7852607161642293,5.741612123879699,True,False,1.0,5.7123437840930074e-18,"GJR-GARCH(1,1,1)-t"
17966,4.004287317338919,8.96063872505439,True,False,1.0,0.0,"GJR-GARCH(1,1,1)-t"
17967,-14.140926960266363,-9.184575552550893,True,True,0.04926846497109467,0.49448424977059796,"GJR-GARCH(1,1,1)-t"
17971,-3.761152126333503,1.1951992813819672,True,False,0.9051025742320901,0.25878574081157163,"GJR-GARCH(1,1,1)-t"
17973,15.575298295291738,20.531649703007208,True,True,0.0,0.8804084166113431,"GJR-GARCH(1,1,1)-t"
17975,46.125596749231136,51.08194815694661,True,False,0.9999999999999953,0.15627380552995723,"GJR-GARCH(1,1,1)-t"
17983,1.691788628476008,6.648140036191478,True,True,0.3503716559151692,2.7269470968618185e-10,"GJR-GARCH(1,1,1)-t"
17987,26.50293373289487,31.45928514061034,True,True,3.628353823578735e-16,8.181280699534785e-19,"GJR-GARCH(1,1,1)-t"
17989,17.862834765962997,22.819186173678467,True,True,0.0,0.9691378650134053,"GJR-GARCH(1,1,1)-t"
17999,-10.958195356541871,-6.0018439488264015,True,True,0.0,0.41651992324546827,"GJR-GARCH(1,1,1)-t"
18000,-1.1267643316792828,3.829587076036187,True,True,5.5213114305431357e-17,0.37956251229811555,"GJR-GARCH(1,1,1)-t"
18007,9.389274958117197,14.345626365832667,True,True,0.0,1.5144522356720379e-15,"GJR-GARCH(1,1,1)-t"
18012,,,False,False,,,"GJR-GARCH(1,1,1)-t"
18020,-2.9334908862975944,2.0228605214178756,True,True,1.8448102473733098e-15,0.6536678528806719,"GJR-GARCH(1,1,1)-t"
18023,14.429283716370865,19.385635124086335,True,False,1.0,0.0,"GJR-GARCH(1,1,1)-t"
18029,-0.3647694421115304,4.59158196560394,True,True,3.590292391038425e-14,0.8690751338810371,"GJR-GARCH(1,1,1)-t"
18042,13.032296184966157,17.988647592681627,True,True,1.253948377801152e-15,0.1610302706958904,"GJR-GARCH(1,1,1)-t"
18059,-16.214008714247388,-11.257657306531918,True,False,1.2897480701404265e-14,0.9999999999999082,"GJR-GARCH(1,1,1)-t"
18072,4.875708275938459,9.83205968365393,True,True,0.270045585306513,1.2299285978920386e-12,"GJR-GARCH(1,1,1)-t"
18077,-2.4017987262693623,2.5545526814461077,True,True,1.8250876623751524e-21,0.3601013701298151,"GJR-GARCH(1,1,1)-t"
18082,24.236473934689393,29.19282534240486,True,True,0.5037989266120837,0.0,"GJR-GARCH(1,1,1)-t"
18088,-2.9437801136754267,2.0125712940400433,True,True,0.0,0.7616231805487513,"GJR-GARCH(1,1,1)-t"
18109,20.928328533816536,25.884679941532006,True,True,0.32089974058403686,0.0,"GJR-GARCH(1,1,1)-t"
18111,-2.4681388626680345,2.4882125450474355,True,True,0.044331801695547006,1.0715984845398925e-21,"GJR-GARCH(1,1,1)-t"
18129,3.8720809638987923,8.828432371614262,True,False,0.0,0.9999999999999825,"GJR-GARCH(1,1,1)-t"
18134,13.552385345330487,18.508736753045955,True,True,0.31158410788454927,0.08978576558291718,"GJR-GARCH(1,1,1)-t"
18141,19.33932683218327,24.29567823989874,True,True,3.78636118775053e-12,0.9200169385816217,"GJR-GARCH(1,1,1)-t"
18142,18.963148958183496,23.919500365898966,True,True,6.377711217090682e-20,0.9390598422311984,"GJR-GARCH(1,1,1)-t"
18147,17.245689407598423,22.202040815313893,True,False,9.537969819252519e-15,0.9999999999999735,"GJR-GARCH(1,1,1)-t"
18170,5.264196387312975,10.220547795028445,True,True,0.0,0.941415034068872,"GJR-GARCH(1,1,1)-t"
18174,44.24419740607199,49.200548813787464,True,True,1.7990439708632394e-19,0.3756333310811129,"GJR-GARCH(1,1,1)-t"
18177,47.37967036349508,52.336021771210554,True,True,1.807142973750092e-14,0.935851856129799,"GJR-GARCH(1,1,1)-t"
18178,1.3039070927533132,6.260258500468783,True,True,2.651898811950895e-13,0.814592303170554,"GJR-GARCH(1,1,1)-t"
18180,33.87374939571944,38.83010080343492,True,False,0.0,1.0,"GJR-GARCH(1,1,1)-t"
18184,11.385453860586765,16.341805268302235,True,True,0.5406435604036687,0.3321522801416982,"GJR-GARCH(1,1,1)-t"
18200,5.147065402330956,10.103416810046426,True,False,0.0,1.0,"GJR-GARCH(1,1,1)-t"
18203,12.359081306867656,17.315432714583125,True,False,0.32033197282325565,0.8398340135883718,"GJR-GARCH(1,1,1)-t"
18205,28.84950408687675,33.80585549459222,True,True,9.836079719482798e-14,0.9728802854222492,"GJR-GARCH(1,1,1)-t"
18212,17.026747944062368,21.983099351777838,True,False,2.108191828193297e-14,0.9999999999999126,"GJR-GARCH(1,1,1)-t"
18216,25.50868441818931,30.465035825904778,True,True,8.731528786345997e-16,0.6998384912100688,"GJR-GARCH(1,1,1)-t"
18218,10.924226766564509,15.880578174279979,True,False,1.0,0.0,"GJR-GARCH(1,1,1)-t"
18220,24.953815141495383,29.910166549210853,True,True,0.5121794636754213,0.30099270383659843,"GJR-GARCH(1,1,1)-t"
18222,25.297959766807374,30.25431117452284,True,True,0.523192337603919,6.536056397643504e-16,"GJR-GARCH(1,1,1)-t"
18224,24.618747045935542,29.575098453651016,True,True,0.0,0.7596023847689342,"GJR-GARCH(1,1,1)-t"
18231,35.45207313229693,40.4084245400124,True,False,0.8324363294231557,0.5837818352884824,"GJR-GARCH(1,1,1)-t"
18234,5.941939762582461,10.89829117029793,True,True,0.0,0.9706684491517029,"GJR-GARCH(1,1,1)-t"
18236,24.281234865941098,29.237586273656568,True,True,0.0,0.0,"GJR-GARCH(1,1,1)-t"
18242,-6.297913696785564,-1.3415622890700938,True,False,1.0,0.0,"GJR-GARCH(1,1,1)-t"
18247,14.297745994434969,19.25409740215044,True,False,0.9561933548627258,0.08014788145296141,"GJR-GARCH(1,1,1)-t"
18262,28.445583619776286,33.40193502749176,True,True,1.0706864014046642e-15,0.9706980609734618,"GJR-GARCH(1,1,1)-t"
18285,16.095451839846778,21.051803247562248,True,True,1.4476141190458666e-13,0.5914146025403229,"GJR-GARCH(1,1,1)-t"
18316,-3.7585077800960534,1.1978436276194167,True,False,0.035387904986480305,0.9823060475067606,"GJR-GARCH(1,1,1)-t"
18351,-10.183927080013845,-5.227575672298375,True,False,1.0,2.8218659087574104e-17,"GJR-GARCH(1,1,1)-t"
18358,13.905868018967118,18.862219426682586,True,True,7.12156195435118e-16,0.3252926169502455,"GJR-GARCH(1,1,1)-t"
18371,-3.0441621846205607,1.9121892230949094,True,True,1.1440286202892189e-11,0.9686458389893111,"GJR-GARCH(1,1,1)-t"
18392,-3.532118085079965,1.424233322635505,True,True,0.0,3.225483318462473e-13,"GJR-GARCH(1,1,1)-t"
18393,-1.9812468235925262,2.9751045841229438,True,True,0.008241345127020985,0.0,"GJR-GARCH(1,1,1)-t"
18400,-3.5859909715861455,1.3703604361293245,True,False,0.5834091695032635,0.7082954152519938,"GJR-GARCH(1,1,1)-t"
18402,-8.496867905015502,-3.5405164973000325,True,True,4.265256769156625e-15,0.0,"GJR-GARCH(1,1,1)-t"
18407,20.826873445818784,25.783224853534257,True,True,3.624983016997525e-15,0.9658640355448991,"GJR-GARCH(1,1,1)-t"
18425,13.438450278563312,18.394801686278782,True,True,2.3939381315650574e-17,0.9689806042596278,"GJR-GARCH(1,1,1)-t"
18427,21.931385666748916,26.88773707446439,True,False,0.26885007926480964,0.7847366490118751,"GJR-GARCH(1,1,1)-t"
18430,35.32458219367784,40.28093360139331,True,True,9.28214620914682e-22,0.8273835323334816,"GJR-GARCH(1,1,1)-t"
18445,,,False,False,,,"GJR-GARCH(1,1,1)-t"
18447,9.956355748879625,14.912707156595095,True,False,2.927967652880999e-14,0.9999999999999992,"GJR-GARCH(1,1,1)-t"
18471,6.412359262604032,11.368710670319501,True,False,7.576828001267721e-15,0.9999999999999538,"GJR-GARCH(1,1,1)-t"
18479,51.7548096799124,56.71116108762787,True,True,2.4574916720557174e-19,1.4088529892140648e-12,"GJR-GARCH(1,1,1)-t"
18483,25.54554515381946,30.50189656153493,True,True,0.0,0.9699567489817579,"GJR-GARCH(1,1,1)-t"
18491,30.269555910607025,35.2259073183225,True,True,0.0,0.0,"GJR-GARCH(1,1,1)-t"
18494,-9.469968272093162,-4.513616864377692,True,False,0.45667440270473725,0.7716627986473361,"GJR-GARCH(1,1,1)-t"
18495,-26.382232468184256,-21.425881060468786,True,True,1.958278377817523e-15,0.3990522217145606,"GJR-GARCH(1,1,1)-t"
18498,35.48350571494053,40.439857122655994,True,True,0.7082939097541087,9.078829958966229e-21,"GJR-GARCH(1,1,1)-t"
18500,-4.528719883424316,0.42763152429115436,True,True,0.0,0.217478798491501,"GJR-GARCH(1,1,1)-t"
18502,34.31426196110231,39.27061336881778,True,True,6.27471329163039e-13,0.0,"GJR-GARCH(1,1,1)-t"
18507,-6.992960380302012,-2.036608972586542,True,True,0.12285272725895206,0.2203509614035324,"GJR-GARCH(1,1,1)-t"
18509,0.9963919918158144,5.952743399531284,True,True,3.0197211081117655e-17,0.1759128687676789,"GJR-GARCH(1,1,1)-t"
18514,26.213143894371797,31.169495302087267,True,False,1.0,1.665184103363395e-18,"GJR-GARCH(1,1,1)-t"
18534,14.822328699494735,19.778680107210203,True,True,0.0,0.4256692734586002,"GJR-GARCH(1,1,1)-t"
18545,4.4379696035725384,9.394321011288008,True,True,3.4517170123436877e-17,0.6008068881362386,"GJR-GARCH(1,1,1)-t"
18560,6.335757498774876,11.292108906490345,True,False,0.0,1.0,"GJR-GARCH(1,1,1)-t"
18565,35.254864301022444,40.21121570873791,True,True,1.244788614358803e-23,0.14183364364285547,"GJR-GARCH(1,1,1)-t"
18567,-12.609470224401875,-7.653118816686405,True,True,5.3640979800847684e-11,0.9470245980107461,"GJR-GARCH(1,1,1)-t"
18582,19.523147110956657,24.47949851867213,True,True,7.712073683718909e-13,0.7435745791565848,"GJR-GARCH(1,1,1)-t"
18586,9.506514475991255,14.462865883706725,True,False,0.4410735479274349,0.779463226036083,"GJR-GARCH(1,1,1)-t"
18587,15.561854674106682,20.518206081822154,True,True,1.0933345530552434e-16,0.9796667497878923,"GJR-GARCH(1,1,1)-t"
18595,5.81353399655541,10.76988540427088,True,False,5.854996927084151e-12,0.9999999901631006,"GJR-GARCH(1,1,1)-t"
18597,38.513364936076705,43.46971634379217,True,True,6.7919877991516406e-15,0.541419921306922,"GJR-GARCH(1,1,1)-t"
18600,-0.2110744622197931,4.745276945495677,True,True,0.0,0.7887994561298919,"GJR-GARCH(1,1,1)-t"
18611,4.440863487108258,9.397214894823728,True,False,4.432133561362024e-18,1.0,"GJR-GARCH(1,1,1)-t"
18628,-8.01353396862718,-3.057182560911709,True,True,0.340383615084682,0.3582649355113377,"GJR-GARCH(1,1,1)-t"
18629,-8.035276268538421,-3.0789248608229514,True,True,8.296790109323128e-15,0.04437263956105485,"GJR-GARCH(1,1,1)-t"
18634,-3.5995754872459464,1.3567759204695236,True,False,1.5382610871155779e-15,0.9999999999999807,"GJR-GARCH(1,1,1)-t"
18640,12.656509683663419,17.61286109137889,True,True,2.0700341426082882e-11,4.050337813003303e-11,"GJR-GARCH(1,1,1)-t"
18653,21.16465618859248,26.12100759630795,True,True,0.0,0.6160350156979765,"GJR-GARCH(1,1,1)-t"
18656,61.83886627507709,66.79521768279255,True,True,3.737429430355486e-14,0.908921400768425,"GJR-GARCH(1,1,1)-t"
18662,1.886834635535143,6.843186043250613,True,True,5.759716586369791e-10,0.7163140672637377,"GJR-GARCH(1,1,1)-t"
18682,27.163742917464308,32.12009432517978,True,True,0.0,0.7069782485666798,"GJR-GARCH(1,1,1)-t"
18692,1.3860195032863274,6.342370911001797,True,True,5.838771626711451e-17,0.6105550082381176,"GJR-GARCH(1,1,1)-t"
18701,-1.031943431356222,3.924407976359248,True,True,1.8951443447575582e-08,6.344444035121989e-07,"GJR-GARCH(1,1,1)-t"
18703,9.299263037035502,14.255614444750972,True,True,1.0858381535594885e-12,1.3592014706095667e-11,"GJR-GARCH(1,1,1)-t"
18728,22.582758835345388,27.539110243060858,True,False,0.9999999999999947,0.0,"GJR-GARCH(1,1,1)-t"
18739,0.42024778057266055,5.3765991882881305,True,True,4.780494844320968e-09,0.9677146468260014,"GJR-GARCH(1,1,1)-t"
18742,50.048389500332064,55.00474090804754,True,True,0.026191625908305705,0.0,"GJR-GARCH(1,1,1)-t"
18748,38.564441973778656,43.52079338149412,True,True,1.6158844373770145e-14,0.9275308293268322,"GJR-GARCH(1,1,1)-t"
18764,35.95851370730987,40.914865115025336,True,True,5.016223982221116e-16,0.2632453111403165,"GJR-GARCH(1,1,1)-t"
18766,30.567229334191754,35.523580741907224,True,False,0.0,1.0,"GJR-GARCH(1,1,1)-t"
18792,15.94201863204494,20.89837003976041,True,True,1.1372137543461286e-16,3.345863719929717e-16,"GJR-GARCH(1,1,1)-t"
18794,0.7301911864605604,5.68654259417603,True,False,0.0,1.0,"GJR-GARCH(1,1,1)-t"
18808,-3.6504184945432954,1.3059329131721746,True,True,1.1899946302949814e-16,0.07156552545672565,"GJR-GARCH(1,1,1)-t"
18822,-3.501360147027107,1.454991260688363,True,True,2.9924220650963436e-11,1.5973494851669018e-09,"GJR-GARCH(1,1,1)-t"
18831,9.625602142871132,14.581953550586602,True,True,0.052412381584054465,0.8453686266643493,"GJR-GARCH(1,1,1)-t"
18836,-14.954968373472987,-9.998616965757517,True,True,2.4106497910284963e-12,0.9715894595341343,"GJR-GARCH(1,1,1)-t"
18844,33.94152651458312,38.89787792229858,True,True,0.06448400426171592,6.204357923079978e-15,"GJR-GARCH(1,1,1)-t"
18848,11.984604132219035,16.940955539934503,True,True,6.30444420708136e-15,0.9797116204911419,"GJR-GARCH(1,1,1)-t"
18865,26.415763230244625,31.372114637960095,True,True,0.059315096180738464,0.8714535754574528,"GJR-GARCH(1,1,1)-t"
18878,4.832627183846592,9.788978591562062,True,True,0.0,5.495766513637786e-12,"GJR-GARCH(1,1,1)-t"
18908,-8.506112619405272,-3.549761211689802,True,True,1.448514535408236e-06,0.6881887293006881,"GJR-GARCH(1,1,1)-t"
18911,39.88749683947761,44.84384824719308,True,True,0.0,0.21843158950027458,"GJR-GARCH(1,1,1)-t"
18912,25.04962666769771,30.00597807541318,True,True,1.536551573871508e-14,0.9669028409580094,"GJR-GARCH(1,1,1)-t"
18916,-10.853696269260894,-5.897344861545424,True,True,1.7830102955622807e-16,0.8240696796486806,"GJR-GARCH(1,1,1)-t"
18919,15.090123121926094,20.046474529641564,True,False,0.9999999999998925,3.367461709850937e-14,"GJR-GARCH(1,1,1)-t"
18928,29.48735700964226,34.443708417357726,True,True,0.0,0.98794135109967,"GJR-GARCH(1,1,1)-t"
18932,23.078655819815708,28.03500722753118,True,True,1.2241083913204677e-14,0.00290573775084426,"GJR-GARCH(1,1,1)-t"
18940,-6.15591928159111,-1.1995678738756403,True,True,1.6662306771392838e-12,0.9040196771604954,"GJR-GARCH(1,1,1)-t"
18944,26.17115853583376,31.12750994354923,True,True,0.0,0.7473343780835805,"GJR-GARCH(1,1,1)-t"
18949,-21.028317191428357,-16.071965783712887,True,True,0.0,0.7228800703616451,"GJR-GARCH(1,1,1)-t"
18955,6.422336873955301,11.37868828167077,True,True,7.333921204032963e-19,0.3487545891268415,"GJR-GARCH(1,1,1)-t"
18956,-19.75541932867882,-14.799067920963349,True,True,2.1055409505820704e-11,0.6660639948896984,"GJR-GARCH(1,1,1)-t"
18959,-1.3869351091410298,3.56941629857444,True,True,6.582353102018651e-12,0.9733881987435784,"GJR-GARCH(1,1,1)-t"
18960,31.869514020408673,36.825865428124146,True,True,2.233761877408736e-17,0.8740417685698479,"GJR-GARCH(1,1,1)-t"
18967,11.062268137316716,16.018619545032188,True,True,0.5430108075215575,0.0,"GJR-GARCH(1,1,1)-t"
18972,-10.22322096270564,-5.266869554990169,True,True,0.0,3.894873220772082e-15,"GJR-GARCH(1,1,1)-t"
18993,45.627674281974066,50.58402568968954,True,True,1.715611459841495e-17,0.8499540431914805,"GJR-GARCH(1,1,1)-t"
18996,23.95659426336356,28.91294567107903,True,False,0.0,1.0,"GJR-GARCH(1,1,1)-t"
18999,-16.534292869341815,-11.577941461626345,True,True,8.654528333873189e-18,0.8359458613308893,"GJR-GARCH(1,1,1)-t"
19033,4.061649860715233,9.018001268430703,True,True,2.842954454783298e-19,0.40871331297464725,"GJR-GARCH(1,1,1)-t"
19034,-4.558200891498338,0.3981505162171324,True,True,4.586415035101775e-16,7.195694473428572e-16,"GJR-GARCH(1,1,1)-t"
19050,-3.497700850869453,1.4586505568460169,True,False,3.5250013374068847e-16,1.0,"GJR-GARCH(1,1,1)-t"
19053,-2.515369859444867,2.440981548270603,True,False,0.9999999999999999,0.325328839047365,"GJR-GARCH(1,1,1)-t"
19062,4.205100633382031,9.161452041097501,True,True,0.0,0.9907568496223511,"GJR-GARCH(1,1,1)-t"
19065,4.444397774860022,9.400749182575492,True,False,2.187114216368576e-14,0.9999999999997112,"GJR-GARCH(1,1,1)-t"
19068,36.11582319199878,41.072174599714245,True,True,0.0,0.9539344539199147,"GJR-GARCH(1,1,1)-t"
19072,19.309262479456706,24.265613887172172,True,True,7.953004727981585e-12,1.7316732759059674e-10,"GJR-GARCH(1,1,1)-t"
19090,0.8850742745326912,5.841425682248161,True,True,1.5891852498133498e-16,3.3685378772920846e-14,"GJR-GARCH(1,1,1)-t"
19104,13.776187043853021,18.73253845156849,True,True,2.4301599474437064e-14,0.9586182033446315,"GJR-GARCH(1,1,1)-t"
19136,47.825011386862045,52.78136279457752,True,True,4.755274547558977e-21,2.246646189212413e-16,"GJR-GARCH(1,1,1)-t"
19147,30.14314712115279,35.09949852886826,True,True,2.454845490265208e-13,0.6874503112969349,"GJR-GARCH(1,1,1)-t"
19148,21.447621857435138,26.403973265150608,True,True,6.061997469205565e-17,0.796431541858539,"GJR-GARCH(1,1,1)-t"
19154,11.016693389143414,15.973044796858884,True,True,0.0,0.21932627963418302,"GJR-GARCH(1,1,1)-t"
19155,29.462910913650344,34.419262321365814,True,True,0.020722329682462376,0.09282784506245477,"GJR-GARCH(1,1,1)-t"
19157,26.518756289628783,31.47510769734425,True,True,3.504295653545727e-14,1.4314383793638876e-14,"GJR-GARCH(1,1,1)-t"
19164,33.61725004237874,38.573601450094216,True,False,7.27243846311719e-16,0.999999748042688,"GJR-GARCH(1,1,1)-t"
19176,7.308306316433155,12.264657724148625,True,False,0.7657658419930808,0.4092439387576229,"GJR-GARCH(1,1,1)-t"
19180,20.45221069365447,25.408562101369945,True,True,4.634275117927072e-15,0.7398550159748161,"GJR-GARCH(1,1,1)-t"
19204,19.868202095426863,24.824553503142333,True,True,3.3203485126367194e-11,0.0,"GJR-GARCH(1,1,1)-t"
19222,14.66122900436558,19.61758041208105,True,True,0.0,0.0,"GJR-GARCH(1,1,1)-t"
19226,21.776897154959503,26.733248562674973,True,False,5.351502918942219e-20,1.0,"GJR-GARCH(1,1,1)-t"
19230,5.971877370046677,10.928228777762147,True,True,0.41627212163835703,5.735673421543828e-16,"GJR-GARCH(1,1,1)-t"
19234,17.485720842480973,22.442072250196443,True,True,0.0,0.9431251261365369,"GJR-GARCH(1,1,1)-t"
19240,0.5594307549622446,5.515782162677715,True,False,0.0,1.0,"GJR-GARCH(1,1,1)-t"
19255,19.425605182450177,24.381956590165647,True,True,1.5754674144127067e-15,0.4629018979281786,"GJR-GARCH(1,1,1)-t"
19260,16.524813625907683,21.481165033623157,True,True,0.0,0.0,"GJR-GARCH(1,1,1)-t"
19262,31.344135581605617,36.30048698932109,True,False,1.0,1.7179054105185077e-22,"GJR-GARCH(1,1,1)-t"
19265,29.727790710630515,34.68414211834598,True,True,2.1822010993802532e-13,0.6932383498440549,"GJR-GARCH(1,1,1)-t"
19267,32.44857928629679,37.404930694012265,True,True,7.310688531334988e-23,6.609524951262361e-16,"GJR-GARCH(1,1,1)-t"
19271,12.236297869405714,17.192649277121184,True,True,3.751075161550297e-11,3.375219741400269e-11,"GJR-GARCH(1,1,1)-t"
19274,38.69986344474468,43.656214852460145,True,True,2.511799553836229e-22,0.9430197255225854,"GJR-GARCH(1,1,1)-t"
19281,-3.3966255859576293,1.5597258217578407,True,False,2.2490693829543035e-14,0.9999999999956964,"GJR-GARCH(1,1,1)-t"
19294,-10.206611999954564,-5.250260592239094,True,False,0.9999999999999999,0.06911556063753055,"GJR-GARCH(1,1,1)-t"
19300,62.430616796851,67.38696820456647,True,True,9.55880799829879e-15,0.9287372255340105,"GJR-GARCH(1,1,1)-t"
19309,28.825563883449334,33.78191529116481,True,True,3.6512015210122325e-16,0.23910077048233594,"GJR-GARCH(1,1,1)-t"
19333,19.465538813947923,24.421890221663393,True,False,6.875147924483394e-19,1.0,"GJR-GARCH(1,1,1)-t"
19358,-6.824391394497411,-1.868039986781941,True,True,0.3019179822981599,0.17131684614956677,"GJR-GARCH(1,1,1)-t"
19365,18.447235084574533,23.403586492290003,True,True,4.8494099126251e-16,1.6605364719189772e-16,"GJR-GARCH(1,1,1)-t"
19373,26.45122049478461,31.40757190250008,True,False,0.9999999999999999,0.270536790282982,"GJR-GARCH(1,1,1)-t"
19385,-14.006892369789604,-9.050540962074134,True,True,0.22911456692020318,0.11169444504489484,"GJR-GARCH(1,1,1)-t"
19386,0.6095873100723725,5.5659387177878425,True,True,0.832107361612235,0.0,"GJR-GARCH(1,1,1)-t"
19389,-10.798433949436834,-5.842082541721364,True,True,0.0,0.5128915882946642,"GJR-GARCH(1,1,1)-t"
19390,3.0231838897518184,7.979535297467288,True,True,7.172778277660686e-12,0.9548096865770126,"GJR-GARCH(1,1,1)-t"
19417,0.3525315090000216,5.308882916715492,True,True,0.0,0.25080465353182096,"GJR-GARCH(1,1,1)-t"
19428,33.17147497273869,38.12782638045417,True,True,7.690436595165655e-16,0.0,"GJR-GARCH(1,1,1)-t"
19434,4.885111420463026,9.841462828178496,True,True,5.363206578229362e-13,0.5434316974062969,"GJR-GARCH(1,1,1)-t"
19444,23.130766117472795,28.087117525188262,True,True,1.0541876468413523e-14,0.9579944798639641,"GJR-GARCH(1,1,1)-t"
19453,29.30196206448762,34.25831347220309,True,False,0.0,0.9999999999999999,"GJR-GARCH(1,1,1)-t"
19459,-6.015432023204099,-1.0590806154886288,True,True,0.0,0.4527471006372203,"GJR-GARCH(1,1,1)-t"
19466,-21.552294669832648,-16.595943262117178,True,False,0.2937084588134352,0.8531457705941272,"GJR-GARCH(1,1,1)-t"
19472,11.566064570057097,16.522415977772567,True,True,3.736144602911621e-18,0.9898881306664801,"GJR-GARCH(1,1,1)-t"
19476,-3.5449258088796256,1.4114255988358444,True,True,1.6498725921081995e-19,0.2823880415181742,"GJR-GARCH(1,1,1)-t"
19483,8.401762430871024,13.358113838586494,True,False,0.16368228446394192,0.9181588577680291,"GJR-GARCH(1,1,1)-t"
19488,9.305988382487136,14.262339790202606,True,True,6.408329606331652e-14,4.417578255738924e-13,"GJR-GARCH(1,1,1)-t"
19489,12.564581996124469,17.52093340383994,True,True,8.8957089582529e-16,0.3655310711458175,"GJR-GARCH(1,1,1)-t"
19491,26.001502813411747,30.957854221127217,True,True,1.7534861081524775e-12,0.9674332923379056,"GJR-GARCH(1,1,1)-t"
19493,13.598195847300175,18.554547255015645,True,True,1.0095323929194459e-21,3.261434010173282e-14,"GJR-GARCH(1,1,1)-t"
19495,-10.400087630810209,-5.443736223094739,True,True,4.33285852242385e-16,0.7862005750219477,"GJR-GARCH(1,1,1)-t"
19499,23.07115117232378,28.02750258003925,True,True,0.0,0.9056710504947935,"GJR-GARCH(1,1,1)-t"
19509,15.289400324031126,20.245751731746594,True,True,1.638297268612034e-17,0.021531690645684942,"GJR-GARCH(1,1,1)-t"
19512,41.37930825211957,46.335659659835045,True,True,0.0,0.0,"GJR-GARCH(1,1,1)-t"
19527,9.18615969554935,14.14251110326482,True,True,1.4065800956578258e-14,0.8982807779487453,"GJR-GARCH(1,1,1)-t"
19528,10.989369422534624,15.945720830250094,True,True,1.6903493089033913e-11,0.9444626120848217,"GJR-GARCH(1,1,1)-t"
19531,7.925063951429869,12.88141535914534,True,True,0.07026099916286041,0.6980157733391504,"GJR-GARCH(1,1,1)-t"
19532,24.11266890533116,29.06902031304663,True,True,1.8100104115946255e-14,0.7973385458963388,"GJR-GARCH(1,1,1)-t"
19542,26.233143316359623,31.18949472407509,True,False,0.0,1.0,"GJR-GARCH(1,1,1)-t"
19551,8.545326509169104,13.501677916884574,True,True,0.0,0.8466556675009143,"GJR-GARCH(1,1,1)-t"
19554,-3.167950220515973,1.7884011871994971,True,True,0.9789569588640389,1.7899110977644803e-14,"GJR-GARCH(1,1,1)-t"
19579,38.97884588635657,43.93519729407204,True,True,1.640102801823186e-14,0.6664377702961075,"GJR-GARCH(1,1,1)-t"
19580,17.582002526320505,22.538353934035975,True,False,1.0,0.45569571350164645,"GJR-GARCH(1,1,1)-t"
19597,41.062686401219366,46.01903780893484,True,False,0.0,0.9999999999999596,"GJR-GARCH(1,1,1)-t"
19603,7.858540079998046,12.814891487713517,True,False,0.6651549814334684,0.6435258105708077,"GJR-GARCH(1,1,1)-t"
19606,-15.053707642075004,-10.097356234359534,True,True,4.7538948531630326e-14,1.1269092300709118e-13,"GJR-GARCH(1,1,1)-t"
19612,6.144188096067243,11.100539503782713,True,True,5.2253173682443666e-12,2.003804291655089e-10,"GJR-GARCH(1,1,1)-t"
19614,-8.52611775096706,-3.5697663432515903,True,False,1.0,0.11852600405767473,"GJR-GARCH(1,1,1)-t"
19623,5.315452460485867,10.271803868201337,True,True,0.0,0.5045924075545789,"GJR-GARCH(1,1,1)-t"
19625,12.037409457595132,16.993760865310602,True,True,5.105979570591453e-21,5.1618790452284617e-20,"GJR-GARCH(1,1,1)-t"
19626,-15.98041697457839,-11.02406556686292,True,True,0.0,0.9288258335222841,"GJR-GARCH(1,1,1)-t"
19629,27.747283136264862,32.70363454398033,True,False,3.9300818997294094e-19,1.0,"GJR-GARCH(1,1,1)-t"
19636,25.008455773675372,29.96480718139084,True,True,5.082288721460276e-12,0.9708895140315247,"GJR-GARCH(1,1,1)-t"
19639,65.38981086260333,70.34616227031879,True,True,2.2472453855903337e-13,0.089602663657348,"GJR-GARCH(1,1,1)-t"
19647,2.139837521221313,7.096188928936783,True,True,0.17814475607487393,6.76110067068747e-17,"GJR-GARCH(1,1,1)-t"
19651,9.496804983014737,14.453156390730207,True,True,3.4883977437936325e-24,4.857278682017626e-24,"GJR-GARCH(1,1,1)-t"
19660,37.6130527783678,42.569404186083275,True,True,6.157527251125008e-16,0.9064681929285122,"GJR-GARCH(1,1,1)-t"
19678,-2.0352591290469135,2.9210922786685565,True,False,0.3375723847333166,0.7939493491136678,"GJR-GARCH(1,1,1)-t"
19690,2.444498347612539,7.400849755328009,True,True,3.9685384687534884e-15,0.916082722556066,"GJR-GARCH(1,1,1)-t"
19697,58.97088409363666,63.92723550135213,True,True,0.343834760669654,3.580420245538277e-12,"GJR-GARCH(1,1,1)-t"
19699,0.8874618573441726,5.843813265059643,True,True,9.785908250681721e-14,2.6115566191534106e-12,"GJR-GARCH(1,1,1)-t"
19725,90.85957591599197,95.81592732370744,True,True,8.574417561004873e-15,1.2525056781147337e-13,"GJR-GARCH(1,1,1)-t"
19729,43.099231339078415,48.05558274679389,True,True,6.99102434900835e-18,2.593745636359971e-13,"GJR-GARCH(1,1,1)-t"
19735,25.840775880430172,30.797127288145642,True,False,3.552285857551063e-13,0.9999999999965454,"GJR-GARCH(1,1,1)-t"
19747,1.353224474882687,6.309575882598157,True,False,1.0,0.20037701076259787,"GJR-GARCH(1,1,1)-t"
19765,11.277176650011405,16.233528057726875,True,False,0.15153880465150452,0.8863884043591136,"GJR-GARCH(1,1,1)-t"
19772,11.454827033747938,16.411178441463406,True,True,1.0168898976071723e-12,0.9754558072468966,"GJR-GARCH(1,1,1)-t"
19799,-1.6816404488147576,3.2747109589007124,True,False,1.0,0.0,"GJR-GARCH(1,1,1)-t"
19810,-7.058283503099254,-2.101932095383784,True,False,0.9999999999999932,0.05828521727686345,"GJR-GARCH(1,1,1)-t"
19815,-6.143873810983202,-1.1875224032677316,True,False,0.9196053346774942,0.2848665247048795,"GJR-GARCH(1,1,1)-t"
19817,-2.14228101473989,2.81407039297558,True,True,3.534495914724439e-13,1.9450941760267813e-12,"GJR-GARCH(1,1,1)-t"
19830,-4.086149864661394,0.8702015430540762,True,False,0.03223485021870017,0.9838825748906489,"GJR-GARCH(1,1,1)-t"
19839,23.89467564571197,28.851027053427444,True,False,0.6204101841377074,0.5035818485053803,"GJR-GARCH(1,1,1)-t"
19845,31.408764653258615,36.36511606097409,True,False,0.0,0.999999999999809,"GJR-GARCH(1,1,1)-t"
19871,-0.9479075696251691,4.008443838090301,True,True,2.6406863058036684e-20,1.4518903048020393e-12,"GJR-GARCH(1,1,1)-t"
19873,-12.077214915548723,-7.120863507833253,True,True,0.0,0.958185299363343,"GJR-GARCH(1,1,1)-t"
19876,-0.054285618156010074,4.90206578955946,True,True,1.1700412700252394e-14,1.87511035077827e-12,"GJR-GARCH(1,1,1)-t"
19883,17.053294389037557,22.009645796753027,True,True,1.548758159816431e-08,0.9405885383439276,"GJR-GARCH(1,1,1)-t"
19904,26.127841498520063,31.08419290623553,True,True,1.3089139276098023e-17,0.533817125612008,"GJR-GARCH(1,1,1)-t"
19915,1.8456971423757267,6.802048550091197,True,False,0.0,1.0,"GJR-GARCH(1,1,1)-t"
19923,3.421353698088021,8.377705105803491,True,True,0.4071255583078745,8.77729427941027e-17,"GJR-GARCH(1,1,1)-t"
19935,21.21512711889871,26.17147852661418,True,True,0.5825966098241746,0.10862726543771713,"GJR-GARCH(1,1,1)-t"
19949,-3.0876565275962164,1.8686948801192536,True,False,0.09055748093503316,0.9547212593820046,"GJR-GARCH(1,1,1)-t"
19955,11.517725453845276,16.474076861560746,True,True,0.0,0.9413920019772791,"GJR-GARCH(1,1,1)-t"
19977,19.55629115690955,24.51264256462502,True,True,0.17961114751016807,0.6015423422939455,"GJR-GARCH(1,1,1)-t"
19994,25.523922932080083,30.480274339795557,True,True,0.41538965117111026,0.16325833064833523,"GJR-GARCH(1,1,1)-t"
19999,17.596085876186223,22.552437283901693,True,False,1.0,0.18206804903015605,"GJR-GARCH(1,1,1)-t"
20008,5.183946218410718,10.140297626126188,True,True,0.0,0.45906114155646116,"GJR-GARCH(1,1,1)-t"
20017,-9.78197584639057,-4.825624438675099,True,True,0.16312642864387103,0.32228433633512804,"GJR-GARCH(1,1,1)-t"
20021,-2.7232283506648294,2.2331230570506406,True,True,1.192666632609421e-15,0.9477527617402366,"GJR-GARCH(1,1,1)-t"
20033,-8.20837928759454,-3.252027879879069,True,True,0.0,5.212926008620586e-15,"GJR-GARCH(1,1,1)-t"
20055,11.481120631080783,16.43747203879625,True,True,0.0,0.95951622251865,"GJR-GARCH(1,1,1)-t"
20057,15.795498531599167,20.75184993931464,True,True,6.696566213322405e-11,0.9623018679694999,"GJR-GARCH(1,1,1)-t"
20063,-26.22955141200584,-21.27320000429037,True,True,8.760795897027843e-20,0.709818130634425,"GJR-GARCH(1,1,1)-t"
20064,-31.051985738721413,-26.095634331005943,True,False,0.9999986561189079,8.645623574925885e-07,"GJR-GARCH(1,1,1)-t"
20078,-5.550021772498308,-0.5936703647828381,True,True,0.0,0.5224013387102939,"GJR-GARCH(1,1,1)-t"
20083,-16.617214399275294,-11.660862991559824,True,False,0.9999999999999996,0.3200324612568223,"GJR-GARCH(1,1,1)-t"
20084,34.2033767431157,39.15972815083117,True,True,0.79717365941052,8.726492321268726e-11,"GJR-GARCH(1,1,1)-t"
20086,37.25878113363696,42.21513254135243,True,True,0.0,0.0,"GJR-GARCH(1,1,1)-t"
20099,8.25255713889497,13.20890854661044,True,True,0.11383553632722539,3.364712170252202e-17,"GJR-GARCH(1,1,1)-t"
20127,14.378920136228654,19.335271543944124,True,True,1.2030131213303674e-14,0.7878092406493125,"GJR-GARCH(1,1,1)-t"
20128,17.062531980780626,22.018883388496096,True,False,9.777678464928585e-15,0.9999999999999694,"GJR-GARCH(1,1,1)-t"
20132,43.4968896759128,48.45324108362827,True,True,0.530589757244116,0.2567369759576663,"GJR-GARCH(1,1,1)-t"
20135,31.393618757269433,36.3499701649849,True,True,3.9505967755389203e-16,0.7084829042319348,"GJR-GARCH(1,1,1)-t"
20136,7.705933399814189,12.662284807529659,True,True,0.4005432304224641,0.2029003745705716,"GJR-GARCH(1,1,1)-t"
20164,26.731129650732377,31.687481058447847,True,True,0.2822623953367839,0.04952395873585594,"GJR-GARCH(1,1,1)-t"
20172,13.705918306953162,18.662269714668632,True,True,0.0,0.9623817375515265,"GJR-GARCH(1,1,1)-t"
20196,-11.765091882556618,-6.808740474841148,True,True,0.025325998815448655,5.522499370425399e-15,"GJR-GARCH(1,1,1)-t"
20199,10.71458288023289,15.67093428794836,True,True,0.07806114720269292,1.8638400578643543e-08,"GJR-GARCH(1,1,1)-t"
20213,-3.2985035360243344,1.6578478716911356,True,False,0.9999999999999998,3.718108103847736e-15,"GJR-GARCH(1,1,1)-t"
20214,11.482534861663407,16.438886269378877,True,True,0.7440932100517368,1.3592204919385406e-17,"GJR-GARCH(1,1,1)-t"
20225,6.6267520869987955,11.583103494714265,True,False,1.0,0.42090894270856655,"GJR-GARCH(1,1,1)-t"
20227,35.448083539324394,40.40443494703986,True,True,0.07873457725531065,0.8492507010737426,"GJR-GARCH(1,1,1)-t"
20234,-1.6130077620813008,3.343343645634169,True,False,0.9999999999999984,0.16444787311321307,"GJR-GARCH(1,1,1)-t"
20255,19.71574725277652,24.67209866049199,True,True,0.0,0.0,"GJR-GARCH(1,1,1)-t"
20265,14.78241471588665,19.73876612360212,True,True,0.0,0.9539508946416211,"GJR-GARCH(1,1,1)-t"
20268,9.432027947152,14.38837935486747,True,True,0.5819886588987923,4.79732624337726e-19,"GJR-GARCH(1,1,1)-t"
20271,51.40529637258356,56.36164778029902,True,False,0.999999999999999,0.17817457147005802,"GJR-GARCH(1,1,1)-t"
20306,4.91044901194296,9.86680041965843,True,True,4.912420579903232e-16,0.9855551111464758,"GJR-GARCH(1,1,1)-t"
20317,40.13912936642009,45.09548077413556,True,False,4.586070009982766e-10,0.9999999524546286,"GJR-GARCH(1,1,1)-t"
20323,17.19682267300617,22.15317408072164,True,False,0.6496268814832648,0.6751865592583793,"GJR-GARCH(1,1,1)-t"
20326,4.227889222321462,9.184240630036932,True,True,0.0,0.0,"GJR-GARCH(1,1,1)-t"
20327,-1.0618998687180792,3.894451538997391,True,False,2.4460224099002582e-15,0.9999999999999889,"GJR-GARCH(1,1,1)-t"
20329,4.761335557719894,9.717686965435364,True,False,0.25023768930554663,0.8748811553472213,"GJR-GARCH(1,1,1)-t"
20336,-1.0699550219165452,3.8863963857989248,True,True,3.6258686338825944e-15,2.938682837767201e-20,"GJR-GARCH(1,1,1)-t"
20341,16.2793644813089,21.23571588902437,True,True,2.0460809730309505e-16,0.0,"GJR-GARCH(1,1,1)-t"
20351,-11.883264214209717,-6.926912806494247,True,True,0.15824413220256905,0.0,"GJR-GARCH(1,1,1)-t"
20382,-20.25128850276529,-15.294937095049821,True,False,8.196001851682324e-17,0.9999999999999998,"GJR-GARCH(1,1,1)-t"
20384,-1.6596496019974936,3.2967018057179764,True,True,2.091988287072211e-13,0.7383503719249717,"GJR-GARCH(1,1,1)-t"
20405,12.33150054807803,17.2878519557935,True,True,1.842542975613586e-15,3.0480290912733144e-14,"GJR-GARCH(1,1,1)-t"
20406,-3.8694720291250917,1.0868793785903783,True,False,1.2431753006352524e-16,0.9999999999999996,"GJR-GARCH(1,1,1)-t"
20408,49.47612271716512,54.432474124880585,True,True,3.576925191727471e-15,0.9467763122158904,"GJR-GARCH(1,1,1)-t"
20410,-23.98129052122163,-19.02493911350616,True,False,0.999999999999999,6.389868878216418e-16,"GJR-GARCH(1,1,1)-t"
20415,1.4765809463081752,6.432932354023645,True,False,1.5724715957543882e-12,0.9999999998999632,"GJR-GARCH(1,1,1)-t"
20418,11.404207004111122,16.36055841182659,True,True,3.260585758786758e-15,0.8369051656390181,"GJR-GARCH(1,1,1)-t"
20430,3.2088071099180606,8.16515851763353,True,True,0.6267154244616249,4.582761425878851e-13,"GJR-GARCH(1,1,1)-t"
20434,39.323924693029596,44.28027610074507,True,False,0.45971797290984295,0.5426696932111289,"GJR-GARCH(1,1,1)-t"
20435,28.604890309702213,33.56124171741769,True,True,2.4866890441744383e-16,0.919739142402661,"GJR-GARCH(1,1,1)-t"
20439,20.426697323561683,25.383048731277153,True,False,0.0,1.0,"GJR-GARCH(1,1,1)-t"
20445,-5.236163035127824,-0.27981162741235366,True,True,1.947718265590984e-14,0.7924079925750037,"GJR-GARCH(1,1,1)-t"
20453,-20.72582385598895,-15.76947244827348,True,True,0.0,0.9265599532145774,"GJR-GARCH(1,1,1)-t"
20457,22.94940219568285,27.905753603398324,True,True,0.09135983258959973,2.9797159142400104e-13,"GJR-GARCH(1,1,1)-t"
20460,20.15253576020124,25.10888716791671,True,False,3.8416338013381014e-18,1.0,"GJR-GARCH(1,1,1)-t"
20469,-12.987997141179278,-8.031645733463808,True,True,0.0,0.5758908998151296,"GJR-GARCH(1,1,1)-t"
20474,0.3901982246988016,5.346549632414272,True,True,0.0,0.8872900816113336,"GJR-GARCH(1,1,1)-t"
20491,10.671351315452617,15.627702723168087,True,False,0.9999999999999978,1.903366952574685e-16,"GJR-GARCH(1,1,1)-t"
20498,41.536507857859014,46.49285926557448,True,True,2.312759613522171e-13,1.803160101112519e-12,"GJR-GARCH(1,1,1)-t"
20499,9.39773992643087,14.35409133414634,True,True,0.30361641014605956,9.494102831001777e-14,"GJR-GARCH(1,1,1)-t"
20550,8.015493383610746,12.971844791326216,True,True,1.3245566510322329e-14,0.9075477239928353,"GJR-GARCH(1,1,1)-t"
20551,-6.141463792936776,-1.1851123852213057,True,True,1.1708911306912037e-11,0.9544114862786797,"GJR-GARCH(1,1,1)-t"
20557,7.646820822378325,12.603172230093795,True,True,9.562219474949791e-11,0.9372670331695364,"GJR-GARCH(1,1,1)-t"
20559,-8.220653800243419,-3.2643023925279486,True,True,2.0418080808025006e-15,0.7450349857998497,"GJR-GARCH(1,1,1)-t"
20563,17.861310862388137,22.817662270103607,True,True,9.110345477107572e-14,0.6968671574574252,"GJR-GARCH(1,1,1)-t"
20568,-17.28889375376691,-12.33254234605144,True,False,0.999999998437237,1.0226679780514458e-09,"GJR-GARCH(1,1,1)-t"
20571,13.989894770606536,18.946246178322006,True,True,1.0125356025954685e-12,0.9808435939433304,"GJR-GARCH(1,1,1)-t"
20577,31.929637098967966,36.88598850668343,True,True,2.6569264521945545e-19,0.0020716707515716997,"GJR-GARCH(1,1,1)-t"
20581,15.774240540761921,20.730591948477393,True,True,4.32955470668293e-12,0.9025616274432324,"GJR-GARCH(1,1,1)-t"
20585,32.50071950282161,37.45707091053708,True,False,0.9999999999999993,4.089513274082943e-16,"GJR-GARCH(1,1,1)-t"
20597,9.349451073339935,14.305802481055405,True,False,3.54368362681148e-20,1.0,"GJR-GARCH(1,1,1)-t"
20603,62.01085715628686,66.96720856400233,True,True,0.5227985468077029,3.5636020973111455e-18,"GJR-GARCH(1,1,1)-t"
20630,-2.0215900902775346,2.9347613174379354,True,True,0.0,0.8511954020889198,"GJR-GARCH(1,1,1)-t"
20631,-11.810040939318611,-6.853689531603141,True,False,1.9400269013728406e-11,0.9999999998872637,"GJR-GARCH(1,1,1)-t"
20644,17.707893625214993,22.664245032930463,True,True,2.0440721751290676e-16,0.0,"GJR-GARCH(1,1,1)-t"
20651,26.246719893896266,31.203071301611736,True,True,3.198748911166793e-21,0.3751187909260983,"GJR-GARCH(1,1,1)-t"
20669,-8.349475805452517,-3.393124397737047,True,True,3.439141974092032e-13,0.4404087867748568,"GJR-GARCH(1,1,1)-t"
20673,12.230882738562155,17.187234146277625,True,True,0.0,0.8406392610900543,"GJR-GARCH(1,1,1)-t"
20678,39.34852778982063,44.304879197536096,True,True,6.671514422507982e-17,1.889909174159158e-18,"GJR-GARCH(1,1,1)-t"
20691,-9.795029153030875,-4.838677745315405,True,True,0.1915292509914452,1.0704367051109834e-10,"GJR-GARCH(1,1,1)-t"
20715,12.399483929954691,17.35583533767016,True,True,0.0,0.7110553448563546,"GJR-GARCH(1,1,1)-t"
20732,26.026647786655495,30.98299919437097,True,False,0.11568925843359697,0.8898741693036781,"GJR-GARCH(1,1,1)-t"
20734,14.415517528402445,19.371868936117913,True,True,0.9444059982162828,8.140673932780078e-18,"GJR-GARCH(1,1,1)-t"
20762,33.78992070098395,38.746272108699415,True,True,1.1962575628912711e-15,0.7186950095029475,"GJR-GARCH(1,1,1)-t"
20770,-11.98238982903051,-7.0260384213150395,True,True,3.7678598942567244e-14,0.8060412290227368,"GJR-GARCH(1,1,1)-t"
20776,24.77314132856279,29.72949273627826,True,True,0.2810660433343057,0.5433598789090412,"GJR-GARCH(1,1,1)-t"
20782,-11.491841478076648,-6.535490070361178,True,True,1.161664210016869e-12,1.256583132170786e-11,"GJR-GARCH(1,1,1)-t"
20785,55.26341252815915,60.219763935874624,True,True,2.017430274819437e-17,0.05294181819986792,"GJR-GARCH(1,1,1)-t"
20790,7.507336273553545,12.463687681269015,True,False,6.082901850509617e-16,0.9999999999999992,"GJR-GARCH(1,1,1)-t"
20796,0.15346370817218613,5.109815115887656,True,True,0.0,6.606175105362905e-15,"GJR-GARCH(1,1,1)-t"
20810,-16.703808377345783,-11.747456969630313,True,True,0.0,0.8306025802140192,"GJR-GARCH(1,1,1)-t"
20826,10.235150347532603,15.191501755248073,True,False,0.0,0.9999999999999986,"GJR-GARCH(1,1,1)-t"
20827,-2.617251291073341,2.339100116642129,True,False,0.999999999998079,9.892975777226202e-13,"GJR-GARCH(1,1,1)-t"
20837,0.40622863620355254,5.3625800439190225,True,True,8.029848246336999e-16,0.8705441638072718,"GJR-GARCH(1,1,1)-t"
20843,8.326415811678965,13.282767219394435,True,True,4.011694402957809e-18,0.9861966145700937,"GJR-GARCH(1,1,1)-t"
20851,38.77229569382769,43.72864710154315,True,False,0.9999990961799075,3.3132435865867194e-07,"GJR-GARCH(1,1,1)-t"
20858,1.9951554452537614,6.951506852969231,True,True,0.047179850898429576,0.926515232725462,"GJR-GARCH(1,1,1)-t"
20862,3.0261213836464638,7.982472791361934,True,False,0.0,1.0,"GJR-GARCH(1,1,1)-t"
20872,20.189438669524662,25.145790077240132,True,True,2.111403078848645e-11,0.9670896420407853,"GJR-GARCH(1,1,1)-t"
20881,11.244633106034193,16.200984513749663,True,False,8.12029091054398e-17,0.9999999989738223,"GJR-GARCH(1,1,1)-t"
20900,6.15389440044811,11.11024580816358,True,False,5.662581862538846e-21,1.0,"GJR-GARCH(1,1,1)-t"
20914,-5.813179174342139,-0.8568277666266688,True,True,1.4323335146235723e-13,0.966567699433164,"GJR-GARCH(1,1,1)-t"
20927,-7.198139920795189,-2.241788513079719,True,True,1.649201435785825e-14,0.9890387020977358,"GJR-GARCH(1,1,1)-t"
20928,26.513142064030365,31.469493471745835,True,True,2.3050237845795677e-17,5.762559461448919e-18,"GJR-GARCH(1,1,1)-t"
20935,-23.154377421922867,-18.198026014207397,True,True,2.134453657097996e-13,0.5062749123589397,"GJR-GARCH(1,1,1)-t"
20936,37.9254941382693,42.881845545984774,True,False,0.0,0.9999999999995745,"GJR-GARCH(1,1,1)-t"
20939,19.042675886642705,23.99902729435817,True,True,0.0,4.4600564244435154e-20,"GJR-GARCH(1,1,1)-t"
20944,-19.32111977749897,-14.364768369783501,True,True,0.3386846420168781,0.22332350275673613,"GJR-GARCH(1,1,1)-t"
20945,6.4118249858436265,11.368176393559096,True,True,2.0851956847258855e-13,0.6668737084979784,"GJR-GARCH(1,1,1)-t"
20950,15.22900607118612,20.18535747890159,True,True,1.470446143487478e-09,0.961049241069624,"GJR-GARCH(1,1,1)-t"
20953,11.309706123460504,16.266057531175974,True,True,0.05710645761016763,0.17921527996765155,"GJR-GARCH(1,1,1)-t"
20972,13.423695909561397,18.380047317276865,True,True,5.315193657215865e-14,0.9834608360904868,"GJR-GARCH(1,1,1)-t"
20973,6.348836251701216,11.305187659416685,True,True,3.874867802472674e-15,0.9939569484347883,"GJR-GARCH(1,1,1)-t"
20995,12.523328240245103,17.479679647960573,True,True,0.0,0.6529187730672331,"GJR-GARCH(1,1,1)-t"
20996,23.231492844906327,28.187844252621797,True,True,0.0,0.20266254509393247,"GJR-GARCH(1,1,1)-t"
21020,39.37815031527596,44.33450172299143,True,False,3.4245067403837856e-14,0.9999999999995706,"GJR-GARCH(1,1,1)-t"
21024,5.224850198021853,10.181201605737323,True,False,8.821215280415208e-16,0.9999999999999961,"GJR-GARCH(1,1,1)-t"
21038,29.865288052034,34.82163945974947,True,False,0.0,0.999999999999984,"GJR-GARCH(1,1,1)-t"
21040,1.3483236236341138,6.304675031349584,True,False,1.0,0.0,"GJR-GARCH(1,1,1)-t"
21051,17.681135795659756,22.637487203375226,True,True,1.0561316651347444e-18,1.930470216257486e-15,"GJR-GARCH(1,1,1)-t"
21053,-5.655669884623769,-0.6993184769082994,True,False,0.999999998713733,0.42941343123391074,"GJR-GARCH(1,1,1)-t"
21074,-2.0797399754644275,2.8766114322510425,True,True,0.0,0.9898212491082821,"GJR-GARCH(1,1,1)-t"
21079,24.520567469129723,29.476918876845197,True,True,0.2868463493776295,1.3230350844897636e-14,"GJR-GARCH(1,1,1)-t"
21083,49.26809541236077,54.22444682007624,True,False,0.3195655057948696,0.7775780976939399,"GJR-GARCH(1,1,1)-t"
21094,8.896286184504028,13.852637592219498,True,False,0.0,1.0,"GJR-GARCH(1,1,1)-t"
21099,18.968296713902387,23.924648121617857,True,True,7.756865456816105e-15,0.7869690748253027,"GJR-GARCH(1,1,1)-t"
21103,5.5082976557780405,10.46464906349351,True,True,0.4763028869734615,8.578257391951269e-15,"GJR-GARCH(1,1,1)-t"
21116,14.258343272643417,19.214694680358885,True,False,0.5995840851715499,0.7002079574142268,"GJR-GARCH(1,1,1)-t"
21121,9.722809591721761,14.679160999437231,True,True,4.0189847116738163e-13,0.9767074444188105,"GJR-GARCH(1,1,1)-t"
21136,33.78734214807659,38.74369355579206,True,True,0.0,0.9579086719239535,"GJR-GARCH(1,1,1)-t"
21139,0.8617982082587101,5.81814961597418,True,True,0.0,0.9658465314044935,"GJR-GARCH(1,1,1)-t"
21145,28.1330945966601,33.089446004375574,True,True,0.0,0.0,"GJR-GARCH(1,1,1)-t"
21148,-5.871425453824074,-0.9150740461086038,True,False,0.09401162650141363,0.952994186749567,"GJR-GARCH(1,1,1)-t"
21164,26.41811645200155,31.37446785971702,True,True,5.147707501464588e-16,0.8751808610523907,"GJR-GARCH(1,1,1)-t"
21169,-7.645504737280447,-2.689153329564977,True,True,3.2336316611653584e-16,0.0,"GJR-GARCH(1,1,1)-t"
21179,35.36542004089367,40.32177144860914,True,True,2.4210637624840976e-13,0.9330384423158942,"GJR-GARCH(1,1,1)-t"
21203,34.53894000496045,39.49529141267592,True,True,0.2576677577946946,2.4706061110064946e-17,"GJR-GARCH(1,1,1)-t"
21208,3.0024549008793393,7.958806308594809,True,True,7.936171536389236e-16,0.8148535053454447,"GJR-GARCH(1,1,1)-t"
21218,-1.5505898377268217,3.4057615699886483,True,True,8.490015868960252e-15,3.505149924431704e-14,"GJR-GARCH(1,1,1)-t"
21239,-12.552816310783168,-7.596464903067698,True,True,1.5178787753774527e-12,5.791713737419718e-11,"GJR-GARCH(1,1,1)-t"
21240,2.188579388425106,7.144930796140576,True,False,0.9999999999993708,3.347982244013514e-13,"GJR-GARCH(1,1,1)-t"
21243,-4.912963094977531,0.04338831273793886,True,False,2.1995417306747534e-14,0.9999999999999426,"GJR-GARCH(1,1,1)-t"
21246,-6.547542528595869,-1.5911911208803993,True,True,0.0,0.5904509394954713,"GJR-GARCH(1,1,1)-t"
21248,4.367299872063201,9.323651279778671,True,True,0.0,0.9621467427666207,"GJR-GARCH(1,1,1)-t"
21267,26.06441530687863,31.020766714594103,True,True,0.15370263039227466,9.63410625073771e-16,"GJR-GARCH(1,1,1)-t"
21272,19.691849159743406,24.648200567458872,True,True,0.4021643613964863,0.40100809477400995,"GJR-GARCH(1,1,1)-t"
21300,8.55469276559332,13.51104417330879,True,True,8.462888888597003e-16,0.760051370432671,"GJR-GARCH(1,1,1)-t"
21301,11.330608447520127,16.286959855235597,True,False,1.0,6.984196572333772e-19,"GJR-GARCH(1,1,1)-t"
21307,36.37889973747059,41.33525114518606,True,True,7.085168336015793e-13,0.8461317522931762,"GJR-GARCH(1,1,1)-t"
21326,1.130499519482468,6.086850927197938,True,True,2.7170752694888754e-10,0.8310726681586367,"GJR-GARCH(1,1,1)-t"
21328,-12.173554677959427,-7.217203270243957,True,True,0.5275462373929216,1.5497078668289055e-13,"GJR-GARCH(1,1,1)-t"
21329,19.4405327865626,24.39688419427807,True,False,2.526430127437368e-20,1.0,"GJR-GARCH(1,1,1)-t"
21344,19.226416872696106,24.182768280411576,True,True,1.2355697495259846e-08,0.0,"GJR-GARCH(1,1,1)-t"
21364,12.133802616695581,17.09015402441105,True,True,1.6016088996301244e-16,0.6067235855348069,"GJR-GARCH(1,1,1)-t"
21367,9.378204735391396,14.334556143106866,True,True,9.370334920902086e-18,0.7752280176375026,"GJR-GARCH(1,1,1)-t"
21368,22.837463029161544,27.793814436877014,True,True,0.950669977075919,3.893558179821953e-13,"GJR-GARCH(1,1,1)-t"
21373,35.93888939183142,40.89524079954688,True,True,0.422308304472425,0.4391383151473573,"GJR-GARCH(1,1,1)-t"
21391,9.207560822678392,14.163912230393862,True,True,1.491904074266468e-14,0.9731659378478373,"GJR-GARCH(1,1,1)-t"
21398,11.101161044818895,16.057512452534365,True,True,0.0,0.9702920328505623,"GJR-GARCH(1,1,1)-t"
21404,21.432610629210178,26.388962036925648,True,True,2.3839296311043358e-14,0.0,"GJR-GARCH(1,1,1)-t"
21428,16.148906194318194,21.105257602033664,True,False,2.401540897244382e-10,1.0,"GJR-GARCH(1,1,1)-t"
21431,8.095718391272186,13.052069798987656,True,False,3.3763631551273954e-16,0.9999999999999997,"GJR-GARCH(1,1,1)-t"
21434,4.512277774466224,9.468629182181694,True,False,0.9999999999999979,0.5000000000001679,"GJR-GARCH(1,1,1)-t"
21437,7.1342525454436645,12.090603953159135,True,True,0.20908222728105974,8.77937321646296e-19,"GJR-GARCH(1,1,1)-t"
21439,3.2444101105123337,8.200761518227804,True,True,5.307473295817134e-14,0.7916572071974619,"GJR-GARCH(1,1,1)-t"
21445,6.046309676562306,11.002661084277776,True,True,6.041415870163744e-15,0.6961682998999155,"GJR-GARCH(1,1,1)-t"
21446,3.3750746176623103,8.33142602537778,True,True,0.0,0.6935296073775993,"GJR-GARCH(1,1,1)-t"
21466,-15.702373889666422,-10.746022481950952,True,False,0.7240410578690752,0.31563018210364086,"GJR-GARCH(1,1,1)-t"
21486,50.51395881488088,55.47031022259635,True,True,3.539299382143257e-14,3.559130241300219e-13,"GJR-GARCH(1,1,1)-t"
21493,4.7706275557355085,9.726978963450978,True,True,0.0,0.3445357090183637,"GJR-GARCH(1,1,1)-t"
21507,12.247039575845559,17.20339098356103,True,False,2.2584712219140263e-12,0.999999999360848,"GJR-GARCH(1,1,1)-t"
21533,8.853266162154007,13.809617569869477,True,False,0.37945211573958876,0.6249431751342396,"GJR-GARCH(1,1,1)-t"
21555,18.9156603968326,23.87201180454807,True,True,0.0,0.8703740017894583,"GJR-GARCH(1,1,1)-t"
21601,13.275969743459038,18.23232115117451,True,False,0.0,1.0,"GJR-GARCH(1,1,1)-t"
21602,13.593784732343558,18.550136140059028,True,True,6.014923164433305e-16,0.6659837915999515,"GJR-GARCH(1,1,1)-t"
21614,-2.2291330024004274,2.7272184053150426,True,True,0.4863704259616944,1.11771018838894e-19,"GJR-GARCH(1,1,1)-t"
21621,23.940768817124543,28.897120224840016,True,False,1.371858707686796e-12,0.9999999999933514,"GJR-GARCH(1,1,1)-t"
21634,-2.744397915688662,2.211953492026808,True,True,3.587587950049447e-17,0.7736568815632066,"GJR-GARCH(1,1,1)-t"
21640,8.09200372456265,13.04835513227812,True,True,0.24578885584746174,2.651774465081313e-17,"GJR-GARCH(1,1,1)-t"
21645,31.181820838461242,36.13817224617671,True,False,5.9609773637506345e-12,0.9999999996644532,"GJR-GARCH(1,1,1)-t"
21647,8.835467777182348,13.791819184897818,True,True,0.41087367584484824,5.858968853611844e-12,"GJR-GARCH(1,1,1)-t"
21655,40.95855235065603,45.914903758371494,True,False,0.9999910678679028,4.00751373248923e-06,"GJR-GARCH(1,1,1)-t"
21657,11.63478481703542,16.59113622475089,True,False,0.7749130629321501,0.6125434685368024,"GJR-GARCH(1,1,1)-t"
21658,1.941799456073353,6.898150863788823,True,True,2.4464887485291085e-21,0.6746381431277564,"GJR-GARCH(1,1,1)-t"
21659,21.710453432939023,26.666804840654493,True,True,4.433018937672693e-15,0.9416364341516794,"GJR-GARCH(1,1,1)-t"
21685,13.713534983529861,18.66988639124533,True,True,0.0,0.9230469833156745,"GJR-GARCH(1,1,1)-t"
21693,11.075617987880353,16.031969395595823,True,True,0.44744362406188687,4.1095560794707814e-13,"GJR-GARCH(1,1,1)-t"
21695,-12.43434842841674,-7.47799702070127,True,True,0.0,0.5892720348947464,"GJR-GARCH(1,1,1)-t"
21716,-8.581144771922762,-3.6247933642072923,True,True,1.247433285128727e-13,4.774372149067155e-13,"GJR-GARCH(1,1,1)-t"
21718,13.70380900506736,18.66016041278283,True,True,0.0,1.468581685723834e-11,"GJR-GARCH(1,1,1)-t"
21732,42.420814552533436,47.3771659602489,True,True,0.0,0.42617025210382636,"GJR-GARCH(1,1,1)-t"
21734,5.591047572929876,10.547398980645346,True,True,4.1457273744805825e-14,0.945257539081678,"GJR-GARCH(1,1,1)-t"
21744,18.421475481799668,23.377826889515134,True,True,2.466780379895291e-11,2.5617726976641374e-10,"GJR-GARCH(1,1,1)-t"
21753,15.223664144869844,20.180015552585314,True,True,0.23469155679965062,1.48180532441044e-16,"GJR-GARCH(1,1,1)-t"
21762,26.948145273410816,31.90449668112629,True,True,4.916665921772035e-15,0.9732442692263706,"GJR-GARCH(1,1,1)-t"
21770,1.125745193378627,6.082096601094097,True,False,0.872629435966606,0.27529005827657693,"GJR-GARCH(1,1,1)-t"
21777,0.13597309379570888,5.092324501511179,True,True,1.4295456223903537e-14,0.9808614174264965,"GJR-GARCH(1,1,1)-t"
21805,24.874887802645496,29.83123921036097,True,True,8.581140592884759e-16,0.5577843130486297,"GJR-GARCH(1,1,1)-t"
21825,35.37405140081103,40.3304028085265,True,False,4.838594014487612e-16,0.9999999999999905,"GJR-GARCH(1,1,1)-t"
21834,9.497799348799031,14.454150756514501,True,True,0.412898813123301,1.1299393530120872e-20,"GJR-GARCH(1,1,1)-t"
21843,0.43848804857776713,5.394839456293237,True,False,2.140733182073901e-15,1.0,"GJR-GARCH(1,1,1)-t"
21848,-5.492544763695857,-0.5361933559803873,True,True,1.745700221730862e-13,0.689775266986198,"GJR-GARCH(1,1,1)-t"
21849,19.274606948556173,24.230958356271643,True,True,0.0,0.7805082401681924,"GJR-GARCH(1,1,1)-t"
21854,15.329017615122963,20.28536902283843,True,True,5.943271695188531e-17,0.0,"GJR-GARCH(1,1,1)-t"
21883,12.81467803168135,17.77102943939682,True,True,9.370182377126635e-13,0.9916059686757748,"GJR-GARCH(1,1,1)-t"
21884,18.3085534867721,23.26490489448757,True,True,2.1634649732192595e-17,0.10388434434575926,"GJR-GARCH(1,1,1)-t"
21886,8.725361388441389,13.681712796156859,True,False,1.5746038582601832e-17,0.9999999999794413,"GJR-GARCH(1,1,1)-t"
21888,26.967373433698405,31.92372484141388,True,True,1.5484169156710798e-14,5.634385295517878e-13,"GJR-GARCH(1,1,1)-t"
21890,28.7671159776691,33.723467385384566,True,True,0.0,0.657798891657747,"GJR-GARCH(1,1,1)-t"
21891,59.41877893531273,64.3751303430282,True,False,0.0,1.0,"GJR-GARCH(1,1,1)-t"
21897,16.90700857870403,21.8633599864195,True,True,8.957194419162677e-17,0.8234416402312383,"GJR-GARCH(1,1,1)-t"
21906,-5.987309178727525,-1.030957771012055,True,True,1.735755166069339e-13,2.307965387545514e-12,"GJR-GARCH(1,1,1)-t"
21911,6.69082634900197,11.64717775671744,True,False,0.9999999999999982,4.3815386892234025e-16,"GJR-GARCH(1,1,1)-t"
21920,24.50355068816186,29.459902095877325,True,True,0.7194779099775046,0.13399814751675468,"GJR-GARCH(1,1,1)-t"
21931,7.563329930209055,12.519681337924524,True,True,4.42376533768239e-15,0.864836839273207,"GJR-GARCH(1,1,1)-t"
21934,23.099811756215413,28.056163163930883,True,True,6.69418666063202e-16,0.5183699596945412,"GJR-GARCH(1,1,1)-t"
21988,29.338912420866002,34.29526382858147,True,True,0.0,0.985457264642494,"GJR-GARCH(1,1,1)-t"
21990,16.304814003315993,21.261165411031463,True,True,1.485597639881843e-20,0.7168011666365504,"GJR-GARCH(1,1,1)-t"
21995,-17.205993370657797,-12.249641962942327,True,True,4.628453785457337e-22,0.6292136024755597,"GJR-GARCH(1,1,1)-t"
22003,9.138559221156703,14.094910628872173,True,False,5.694405995899152e-15,0.9999999999999997,"GJR-GARCH(1,1,1)-t"
22008,37.708308159683995,42.66465956739947,True,True,2.793243192824002e-12,0.0,"GJR-GARCH(1,1,1)-t"
22011,21.225195684178065,26.181547091893535,True,True,0.0,0.8536973801629734,"GJR-GARCH(1,1,1)-t"
22013,-2.4788595791531094,2.4774918285623606,True,False,0.9999999999785898,0.1253859869145181,"GJR-GARCH(1,1,1)-t"
22014,22.903557909432553,27.859909317148023,True,False,2.219104820575645e-14,1.0,"GJR-GARCH(1,1,1)-t"
22023,15.04595435803734,20.002305765752812,True,True,3.282278067146137e-14,0.902086189066203,"GJR-GARCH(1,1,1)-t"
22026,7.288277658651793,12.244629066367263,True,True,0.08617966366266006,0.37618464602988494,"GJR-GARCH(1,1,1)-t"
22038,46.37908792910861,51.33543933682408,True,True,2.3333623248219695e-14,0.9766410301821072,"GJR-GARCH(1,1,1)-t"
22042,-2.7311058716319394,2.2252455360835306,True,True,0.0,0.9885058057714787,"GJR-GARCH(1,1,1)-t"
22047,35.4038336389595,40.36018504667497,True,True,1.7929826499711705e-14,0.6072675860634023,"GJR-GARCH(1,1,1)-t"
22064,23.025164615365128,27.981516023080598,True,True,0.2487270120221373,0.30887466696859667,"GJR-GARCH(1,1,1)-t"
22067,33.70834183827852,38.66469324599399,True,False,9.664919375344846e-18,0.9999999999999997,"GJR-GARCH(1,1,1)-t"
22076,5.391350713922746,10.347702121638216,True,True,0.8843210657393676,0.0,"GJR-GARCH(1,1,1)-t"
22079,38.57550478605171,43.531856193767176,True,True,1.5353586644516178e-14,0.7155831126504086,"GJR-GARCH(1,1,1)-t"
22081,-0.12282710066570601,4.833524307049764,True,False,0.42006122861095224,0.6910059187201318,"GJR-GARCH(1,1,1)-t"
22106,24.619561906839408,29.575913314554878,True,False,0.0,1.0,"GJR-GARCH(1,1,1)-t"
22115,18.968872838164224,23.925224245879694,True,False,0.9999999999999813,0.4999999999999827,"GJR-GARCH(1,1,1)-t"
22117,13.141193043587311,18.09754445130278,True,True,4.749805043069942e-28,0.1981912330776889,"GJR-GARCH(1,1,1)-t"
22120,13.75216982259254,18.70852123030801,True,True,4.739104488760581e-13,0.9213673898325258,"GJR-GARCH(1,1,1)-t"
22126,13.072879604777158,18.02923101249263,True,False,1.0,0.4953287563004875,"GJR-GARCH(1,1,1)-t"
22133,-12.031469604150093,-7.075118196434623,True,False,1.0,0.49999999999998274,"GJR-GARCH(1,1,1)-t"
22159,22.074779003396465,27.03113041111194,True,True,0.0,2.1475210982692765e-14,"GJR-GARCH(1,1,1)-t"
22166,48.009495316325584,52.96584672404106,True,True,4.185438424623608e-19,1.4319252187224112e-13,"GJR-GARCH(1,1,1)-t"
22169,20.171551712772963,25.127903120488433,True,True,0.2115952959930431,0.5591898619752633,"GJR-GARCH(1,1,1)-t"
22178,6.548917763216734,11.505269170932204,True,False,0.6585343282392554,0.36022863340395817,"GJR-GARCH(1,1,1)-t"
22188,12.831337190462683,17.787688598178153,True,True,5.074247455862892e-16,0.0,"GJR-GARCH(1,1,1)-t"
22193,-12.9727258044094,-8.01637439669393,True,True,3.5187501854771404e-16,0.599145857563191,"GJR-GARCH(1,1,1)-t"
22217,20.375360377796206,25.331711785511676,True,True,7.582444636291987e-17,0.9753329482585475,"GJR-GARCH(1,1,1)-t"
22249,19.141384646303532,24.097736054019002,True,True,5.330751061273787e-15,0.9398818550613199,"GJR-GARCH(1,1,1)-t"
22262,0.17599815989042256,5.132349567605893,True,True,4.900738029483371e-15,0.9433751665346516,"GJR-GARCH(1,1,1)-t"
22263,3.174235960661921,8.130587368377391,True,False,0.9999999999999998,0.03982131417316046,"GJR-GARCH(1,1,1)-t"
22277,58.0778486881576,63.034200095873075,True,True,0.7426026837335595,1.6647092793992307e-11,"GJR-GARCH(1,1,1)-t"
22289,28.693536146824904,33.64988755454037,True,False,0.0,1.0,"GJR-GARCH(1,1,1)-t"
22290,17.156847100051085,22.113198507766555,True,True,0.0,0.24288001695965358,"GJR-GARCH(1,1,1)-t"
22300,19.50981004120559,24.466161448921056,True,True,1.8636640547598216e-14,3.372885636760157e-14,"GJR-GARCH(1,1,1)-t"
22304,35.070845613077886,40.02719702079335,True,True,5.8477117056577895e-15,0.9916295130654789,"GJR-GARCH(1,1,1)-t"
22307,7.256491396712791,12.212842804428261,True,True,3.642785208028423e-15,1.1629516706356712e-15,"GJR-GARCH(1,1,1)-t"
22331,13.65376075751505,18.61011216523052,True,False,0.0,0.9999999999951062,"GJR-GARCH(1,1,1)-t"
22355,1.961055256900833,6.917406664616303,True,True,0.0,4.6898734575450013e-17,"GJR-GARCH(1,1,1)-t"
22377,19.264622860279005,24.220974267994475,True,True,3.0572321645590627e-14,0.48636337407738506,"GJR-GARCH(1,1,1)-t"
22384,41.49611624115168,46.452467648867156,True,True,0.0,0.9297048743404603,"GJR-GARCH(1,1,1)-t"
22385,22.873413342070222,27.82976474978569,True,True,0.0,0.923742622148507,"GJR-GARCH(1,1,1)-t"
22392,2.4770869686144525,7.4334383763299225,True,True,0.0,0.9121779061453072,"GJR-GARCH(1,1,1)-t"
22405,7.339049274806271,12.295400682521741,True,True,3.7276527996996165e-17,0.6200307662118234,"GJR-GARCH(1,1,1)-t"
22427,15.33722360487001,20.293575012585478,True,True,0.4064167622492732,0.4100459183423498,"GJR-GARCH(1,1,1)-t"
22440,2.621709843863716,7.578061251579186,True,False,9.370054964671725e-11,0.999999836708984,"GJR-GARCH(1,1,1)-t"
22441,28.915433432439492,33.87178484015496,True,True,0.39637151382954605,0.005175694215191053,"GJR-GARCH(1,1,1)-t"
22447,5.6025485676235665,10.558899975339036,True,True,5.182051288287159e-13,0.9768813654008999,"GJR-GARCH(1,1,1)-t"
22455,49.099238171588865,54.05558957930434,True,True,5.728341219484732e-14,0.7371627814688706,"GJR-GARCH(1,1,1)-t"
22466,16.971486453047238,21.927837860762708,True,True,1.0154894948118042e-18,0.7690450290464017,"GJR-GARCH(1,1,1)-t"
22487,-0.18144035743753406,4.774911050277936,True,True,5.582060734019771e-16,0.0,"GJR-GARCH(1,1,1)-t"
22495,3.102334482712834,8.058685890428304,True,True,0.0,0.0,"GJR-GARCH(1,1,1)-t"
22496,5.773810138069303,10.730161545784773,True,True,3.929960411979448e-13,0.6767470460337466,"GJR-GARCH(1,1,1)-t"
22498,9.15714197768538,14.11349338540085,True,False,0.9351501866624392,0.3813831917626975,"GJR-GARCH(1,1,1)-t"
22501,-4.4973465923132565,0.4590048154022135,True,False,0.08483115968624272,0.9575844202514089,"GJR-GARCH(1,1,1)-t"
22513,1.100712975429163,6.057064383144633,True,False,5.809388867247039e-16,1.0,"GJR-GARCH(1,1,1)-t"
22517,11.654786896532109,16.61113830424758,True,True,1.2642986835579861e-14,0.4612413300673578,"GJR-GARCH(1,1,1)-t"
22519,23.14655288444749,28.10290429216296,True,False,4.50673471477841e-15,0.9999999999999276,"GJR-GARCH(1,1,1)-t"
22532,25.54530718716409,30.501658594879565,True,True,1.9706533496322894e-15,0.5349876545722931,"GJR-GARCH(1,1,1)-t"
22542,30.57438876865057,35.53074017636604,True,True,2.692380986687656e-16,0.024226393659867635,"GJR-GARCH(1,1,1)-t"
22543,0.02364578662504435,4.979997194340514,True,True,0.4920428573349133,3.2959742825953726e-16,"GJR-GARCH(1,1,1)-t"
22548,1.6866636042994152,6.643015012014885,True,False,0.0,1.0,"GJR-GARCH(1,1,1)-t"
22585,-2.7969732941833847,2.1593781135320853,True,True,3.3864221298789744e-20,0.529138081056955,"GJR-GARCH(1,1,1)-t"
22590,36.20217938423338,41.15853079194885,True,False,0.0,1.0,"GJR-GARCH(1,1,1)-t"
22598,-5.249025296711007,-0.29267388899553737,True,True,1.1744196032422807e-13,0.09178194736368453,"GJR-GARCH(1,1,1)-t"
22616,-8.502407186427394,-3.5460557787119242,True,True,1.4766796947266067e-15,0.74266765550873,"GJR-GARCH(1,1,1)-t"
22621,8.091669051717952,13.048020459433422,True,True,2.8441338072393563e-13,0.9880294261157712,"GJR-GARCH(1,1,1)-t"
22622,7.37780330302866,12.33415471074413,True,True,0.3000891930800995,1.3764093028427368e-16,"GJR-GARCH(1,1,1)-t"
22627,12.739619085722351,17.69597049343782,True,False,0.0,1.0,"GJR-GARCH(1,1,1)-t"
22635,8.965148065857672,13.921499473573142,True,True,1.5926832414018949e-15,0.9444643959409796,"GJR-GARCH(1,1,1)-t"
22638,31.58043765322981,36.53678906094528,True,True,0.956560092237602,0.0,"GJR-GARCH(1,1,1)-t"
22649,42.107253207547636,47.0636046152631,True,True,0.0,0.9199258196431156,"GJR-GARCH(1,1,1)-t"
22666,17.631099896364677,22.587451304080147,True,True,0.0,0.9530300290040774,"GJR-GARCH(1,1,1)-t"
22671,18.05377553558142,23.01012694329689,True,True,3.1160687893802255e-15,0.3868135183715211,"GJR-GARCH(1,1,1)-t"
22674,-1.410828045915384,3.545523361800086,True,True,8.36602295272303e-17,0.9786996444720066,"GJR-GARCH(1,1,1)-t"
22678,0.320732555411567,5.277083963127037,True,True,2.6378503692029377e-15,1.8673016897785674e-14,"GJR-GARCH(1,1,1)-t"
22695,-9.47837974641837,-4.522028338702899,True,True,0.19179410641171607,8.420949722009526e-14,"GJR-GARCH(1,1,1)-t"
22697,21.96815183624253,26.924503243958,True,True,1.8699675897033252e-14,2.7593957081890527e-13,"GJR-GARCH(1,1,1)-t"
22725,9.195561350443828,14.151912758159298,True,True,1.4669086230903914e-15,0.409866870963816,"GJR-GARCH(1,1,1)-t"
22732,2.2252963917318205,7.1816477994472905,True,True,0.12540112964374436,0.23243940002647173,"GJR-GARCH(1,1,1)-t"
22749,19.942996670539646,24.899348078255116,True,False,2.3743502561054922e-17,0.9999999999995862,"GJR-GARCH(1,1,1)-t"
22750,-3.9393581473851746,1.0169932603302954,True,False,0.9999999999997797,7.870241419102614e-14,"GJR-GARCH(1,1,1)-t"
22752,-0.16765651717553887,4.788694890539931,True,False,8.103351222704363e-15,0.999999999999977,"GJR-GARCH(1,1,1)-t"
22759,5.9389183758686706,10.89526978358414,True,True,1.610578003719551e-12,0.9857054394775111,"GJR-GARCH(1,1,1)-t"
22766,19.23946814114074,24.195819548856214,True,True,6.2103122761538725e-15,0.5480974262294799,"GJR-GARCH(1,1,1)-t"
22780,10.237170073932525,15.193521481647995,True,True,0.0,0.8328580633492909,"GJR-GARCH(1,1,1)-t"
22794,24.51882841752729,29.475179825242755,True,True,0.7166366018783089,0.0,"GJR-GARCH(1,1,1)-t"
22798,7.853354071564516,12.809705479279986,True,False,0.14245663833907296,0.9032295822386923,"GJR-GARCH(1,1,1)-t"
22822,8.774459595624055,13.730811003339525,True,True,0.33497048226205967,0.0,"GJR-GARCH(1,1,1)-t"
22824,16.620879463588818,21.577230871304288,True,True,4.1562588557124263e-13,0.8686836022420381,"GJR-GARCH(1,1,1)-t"
22825,11.175673327390122,16.132024735105592,True,True,5.273511635901816e-13,0.85580112275221,"GJR-GARCH(1,1,1)-t"
22827,21.01009235467678,25.96644376239225,True,True,3.91564200925256e-16,2.700247876038243e-19,"GJR-GARCH(1,1,1)-t"
22828,-6.428620863186762,-1.4722694554712916,True,True,5.486019088420451e-15,0.4903450633338211,"GJR-GARCH(1,1,1)-t"
22829,8.920053406370686,13.876404814086156,True,False,8.567205466747055e-17,0.9999999999999949,"GJR-GARCH(1,1,1)-t"
22877,1.3328963365174324,6.2892477442329024,True,True,1.8736125118457813e-13,0.491785778696799,"GJR-GARCH(1,1,1)-t"
22879,-0.629955371084101,4.326396036631369,True,False,0.9999999996811524,9.609080992252928e-11,"GJR-GARCH(1,1,1)-t"
22884,17.148976808637954,22.105328216353428,True,True,1.2169550807582678e-13,0.9771737858157161,"GJR-GARCH(1,1,1)-t"
22887,32.972354512327676,37.92870592004314,True,True,4.036739410164216e-12,0.9402257518122487,"GJR-GARCH(1,1,1)-t"
22893,35.55266556908468,40.50901697680015,True,True,2.0127775936957678e-10,0.9679354502559213,"GJR-GARCH(1,1,1)-t"
22898,2.102445583736717,7.058796991452187,True,True,1.2173599866387832e-14,4.803296403740773e-16,"GJR-GARCH(1,1,1)-t"
22899,25.220446390185717,30.176797797901187,True,False,2.0737043029420783e-14,0.9999999999996032,"GJR-GARCH(1,1,1)-t"
22903,5.538323020111669,10.494674427827139,True,False,0.0,1.0,"GJR-GARCH(1,1,1)-t"
22907,7.021860043608122,11.978211451323592,True,True,0.8157360528868784,1.1004689246637354e-11,"GJR-GARCH(1,1,1)-t"
22909,52.809438061290834,57.76578946900631,True,True,0.3506212558340143,0.0,"GJR-GARCH(1,1,1)-t"
22912,13.372786692328322,18.329138100043792,True,True,6.906135234161999e-17,4.968126043401796e-16,"GJR-GARCH(1,1,1)-t"
22914,-1.5770948491764294,3.3792565585390406,True,False,1.0,6.319691116649145e-14,"GJR-GARCH(1,1,1)-t"
22922,2.7700299849245713,7.726381392640041,True,True,1.0625515614253133e-18,0.9664289119181924,"GJR-GARCH(1,1,1)-t"
22928,24.553537959118813,29.509889366834283,True,True,7.195433425443445e-15,2.83179040216519e-14,"GJR-GARCH(1,1,1)-t"
22941,19.277744617706265,24.234096025421735,True,True,2.0050749271623226e-14,0.0,"GJR-GARCH(1,1,1)-t"
22946,-16.747398410017816,-11.791047002302346,True,True,0.3358032668046116,0.2501035662591404,"GJR-GARCH(1,1,1)-t"
22947,24.074348397574795,29.03069980529026,True,True,1.8560821706312737e-15,0.9387238759476838,"GJR-GARCH(1,1,1)-t"
22962,17.177057295407838,22.133408703123308,True,False,1.8065783987935386e-23,1.0,"GJR-GARCH(1,1,1)-t"
22964,4.253275606148421,9.20962701386389,True,True,3.9760285448434634e-17,0.5913837363214283,"GJR-GARCH(1,1,1)-t"
22973,50.78204111118161,55.738392518897086,True,True,1.1027588292152108e-13,8.355981166698101e-13,"GJR-GARCH(1,1,1)-t"
22996,12.824475379846536,17.780826787562006,True,True,0.6670914756237091,3.533891056037903e-15,"GJR-GARCH(1,1,1)-t"
23001,23.327904647999667,28.284256055715137,True,True,1.3545466572666937e-15,0.8473713843550111,"GJR-GARCH(1,1,1)-t"
23017,3.866238773123488,8.822590180838958,True,True,0.0,0.42531734420787914,"GJR-GARCH(1,1,1)-t"
23019,8.823665083737717,13.780016491453187,True,True,0.07885112038412039,3.0434601787721695e-16,"GJR-GARCH(1,1,1)-t"
23028,-12.181410948286477,-7.2250595405710065,True,True,9.561671460669669e-18,0.4540518884450907,"GJR-GARCH(1,1,1)-t"
23030,-1.006971123802817,3.949380283912653,True,False,5.363043931602016e-15,1.0,"GJR-GARCH(1,1,1)-t"
23034,-5.893117540677082,-0.9367661329616119,True,True,0.8697713842350743,1.968574309371412e-11,"GJR-GARCH(1,1,1)-t"
23045,-2.2909690877193682,2.6653823199961018,True,True,4.928896982855494e-15,0.8541933574863136,"GJR-GARCH(1,1,1)-t"
23049,23.036984299711545,27.993335707427015,True,False,0.5430436613359478,0.6983004041953144,"GJR-GARCH(1,1,1)-t"
23054,-16.053299702499643,-11.096948294784173,True,True,2.4014819830031704e-14,6.120757075153432e-13,"GJR-GARCH(1,1,1)-t"
23062,13.111267974278478,18.06761938199395,True,False,2.412167673576045e-19,1.0,"GJR-GARCH(1,1,1)-t"
23069,7.783912124478392,12.740263532193861,True,True,1.0972967221374729e-14,0.8230637164936315,"GJR-GARCH(1,1,1)-t"
23088,6.581271133493649,11.53762254120912,True,False,1.0,0.0,"GJR-GARCH(1,1,1)-t"
23112,21.556156368452697,26.512507776168167,True,True,0.0,0.696191642800522,"GJR-GARCH(1,1,1)-t"
23130,42.78093892016119,47.73729032787666,True,True,0.017453892727826725,1.5880142726851188e-19,"GJR-GARCH(1,1,1)-t"
23132,11.280971473533429,16.2373228812489,True,True,5.999816866544541e-15,0.450459960822566,"GJR-GARCH(1,1,1)-t"
23136,22.62906838887369,27.585419796589164,True,False,9.926916055786366e-15,0.9999999999999963,"GJR-GARCH(1,1,1)-t"
23144,-11.21300220699634,-6.2566507992808695,True,True,1.780252927227417e-13,9.935035116560514e-13,"GJR-GARCH(1,1,1)-t"
23145,-12.357644990948849,-7.401293583233379,True,True,0.0,0.9596727128013098,"GJR-GARCH(1,1,1)-t"
23147,-21.082963460311603,-16.126612052596133,True,False,1.0,2.3768767757651713e-21,"GJR-GARCH(1,1,1)-t"
23153,-2.286724320675898,2.669627087039572,True,True,0.3034260027148529,2.079084223293867e-15,"GJR-GARCH(1,1,1)-t"
23156,-26.860733262951392,-21.904381855235922,True,True,1.3254540717609767e-15,0.2375581764070157,"GJR-GARCH(1,1,1)-t"
23170,-23.396396281004805,-18.440044873289335,True,True,0.0,0.8988952357519123,"GJR-GARCH(1,1,1)-t"
23179,30.21209164327054,35.16844305098601,True,False,0.0,1.0,"GJR-GARCH(1,1,1)-t"
23185,-1.8778261437604389,3.078525263955031,True,False,0.710309319214211,0.6448453403929143,"GJR-GARCH(1,1,1)-t"
23195,18.66060447141607,23.61695587913154,True,True,1.0920375869893271e-14,0.8695356219459742,"GJR-GARCH(1,1,1)-t"
23201,31.255125844475,36.21147725219047,True,False,8.990595905324506e-15,0.9999999999999545,"GJR-GARCH(1,1,1)-t"
23202,-8.200408970393909,-3.2440575626784387,True,False,0.9999999999999986,4.790213155165444e-16,"GJR-GARCH(1,1,1)-t"
23212,0.3346003808097997,5.29095178852527,True,False,0.9999999999999997,0.336431666112687,"GJR-GARCH(1,1,1)-t"
23217,31.34114528914613,36.2974966968616,True,False,0.999999999984593,6.416609814649416e-12,"GJR-GARCH(1,1,1)-t"
23220,9.458529482622108,14.414880890337578,True,True,0.22318591569377827,0.600807981702761,"GJR-GARCH(1,1,1)-t"
23226,11.72139224956156,16.67774365727703,True,True,1.9773118832009714e-14,0.9256331739678794,"GJR-GARCH(1,1,1)-t"
23228,9.57989775440693,14.5362491621224,True,False,1.8429553840738303e-14,1.0,"GJR-GARCH(1,1,1)-t"
23232,25.39198292513565,30.348334332851124,True,True,0.0,0.9275128779551293,"GJR-GARCH(1,1,1)-t"
23233,25.10214412824445,30.05849553595992,True,True,1.497733909143306e-18,0.6351062593363391,"GJR-GARCH(1,1,1)-t"
23243,16.77414541476754,21.73049682248301,True,True,0.7716576938468079,2.009738192458693e-14,"GJR-GARCH(1,1,1)-t"
23246,20.626601534430783,25.582952942146253,True,True,0.15002924911899562,0.0,"GJR-GARCH(1,1,1)-t"
23254,12.66505788030485,17.62140928802032,True,True,0.7039128240881661,9.667505168255397e-13,"GJR-GARCH(1,1,1)-t"
23265,3.415236795754886,8.371588203470356,True,False,1.4292053333170264e-13,0.9999999999998879,"GJR-GARCH(1,1,1)-t"
23274,35.55562634461308,40.51197775232855,True,True,2.07234589856566e-15,0.9824331179210161,"GJR-GARCH(1,1,1)-t"
23290,4.952356192511692,9.908707600227162,True,False,2.4314062930238676e-15,0.9999999999999962,"GJR-GARCH(1,1,1)-t"
23299,4.066454463804,9.02280587151947,True,True,0.2434492756163386,0.0,"GJR-GARCH(1,1,1)-t"
23312,13.428084626394163,18.384436034109633,True,True,0.0,3.864468386854187e-13,"GJR-GARCH(1,1,1)-t"
23317,26.15037456624288,31.106725973958348,True,True,3.698779101315824e-14,0.6510660176016161,"GJR-GARCH(1,1,1)-t"
23337,4.641967801687489,9.598319209402959,True,False,3.208367048965524e-17,0.999999999999999,"GJR-GARCH(1,1,1)-t"
23341,21.5221718330797,26.47852324079517,True,False,1.4786276040668385e-15,0.9999999999999972,"GJR-GARCH(1,1,1)-t"
23342,12.709008012659591,17.66535942037506,True,True,0.0,0.9083602715015436,"GJR-GARCH(1,1,1)-t"
23348,1.9313048955936942,6.887656303309164,True,True,0.21889510836118867,1.683829676715038e-14,"GJR-GARCH(1,1,1)-t"
23351,16.43425942755905,21.390610835274515,True,True,0.7473728925535364,1.6169767035299361e-15,"GJR-GARCH(1,1,1)-t"
23353,13.195214884746006,18.151566292461474,True,True,2.9964956225447985e-17,0.9240393186656191,"GJR-GARCH(1,1,1)-t"
23356,-3.6304001027929544,1.3259513049225156,True,True,1.2666832538229378e-14,0.7407491604323607,"GJR-GARCH(1,1,1)-t"
23366,-1.4183541672395599,3.53799724047591,True,False,0.9999999999996909,0.0,"GJR-GARCH(1,1,1)-t"
23386,12.433781378578066,17.390132786293538,True,False,0.0,1.0,"GJR-GARCH(1,1,1)-t"
23399,28.40744204543727,33.363793453152745,True,True,2.6276185100061174e-15,0.48448880323978544,"GJR-GARCH(1,1,1)-t"
23405,-2.078047249138283,2.878304158577187,True,True,1.1375928831300777e-09,0.9441202521874463,"GJR-GARCH(1,1,1)-t"
23417,23.378711312260883,28.335062719976353,True,False,0.5831768083572558,0.7084115958214555,"GJR-GARCH(1,1,1)-t"
23423,5.240093962605751,10.196445370321221,True,False,1.0,0.0,"GJR-GARCH(1,1,1)-t"
23426,17.918319923183276,22.874671330898746,True,True,0.0,0.7999548444146998,"GJR-GARCH(1,1,1)-t"
23427,3.4089512316839574,8.365302639399427,True,False,0.41907639082551523,0.6949768961500254,"GJR-GARCH(1,1,1)-t"
23462,-0.11183237064687646,4.8445190370685935,True,True,1.3976350809878698e-14,0.8959790112940652,"GJR-GARCH(1,1,1)-t"
23464,20.626207349739822,25.582558757455292,True,False,1.7137873545341658e-13,0.9999999999977429,"GJR-GARCH(1,1,1)-t"
23486,31.10860142729745,36.06495283501292,True,True,0.0,0.7688891145424464,"GJR-GARCH(1,1,1)-t"
23488,-0.46177974884372475,4.494571658871745,True,True,0.0,0.0,"GJR-GARCH(1,1,1)-t"
23490,2.851281675287435,7.807633083002905,True,False,0.0,1.0,"GJR-GARCH(1,1,1)-t"
23500,9.978627478964862,14.934978886680332,True,False,0.0,1.0,"GJR-GARCH(1,1,1)-t"
23503,44.62984959714194,49.586201004857415,True,False,0.0,0.9999999999999999,"GJR-GARCH(1,1,1)-t"
23504,11.881815389690226,16.838166797405698,True,False,5.387805509904732e-16,1.0,"GJR-GARCH(1,1,1)-t"
23520,23.434449997242936,28.390801404958406,True,True,9.259206848588093e-15,0.9044240123258428,"GJR-GARCH(1,1,1)-t"
23524,2.2988900007167565,7.2552414084322265,True,False,0.5576738561563618,0.5756633739151111,"GJR-GARCH(1,1,1)-t"
23531,26.561278192067117,31.517629599782587,True,True,0.0,0.31382477849338564,"GJR-GARCH(1,1,1)-t"
23536,5.170670252994849,10.12702166071032,True,False,8.149588247432381e-16,1.0,"GJR-GARCH(1,1,1)-t"
23539,2.2929008409249114,7.249252248640381,True,True,0.0,0.9705529641739385,"GJR-GARCH(1,1,1)-t"
23547,34.864109668880126,39.82046107659559,True,True,1.1682908670949212e-14,0.8128837617060171,"GJR-GARCH(1,1,1)-t"
23566,7.590081215152059,12.54643262286753,True,False,3.827492123662194e-12,0.9999999996892095,"GJR-GARCH(1,1,1)-t"
23579,-1.581875389781839,3.374476017933631,True,False,0.0,1.0,"GJR-GARCH(1,1,1)-t"
23598,2.965149735459091,7.921501143174561,True,True,0.0,0.11469216185857753,"GJR-GARCH(1,1,1)-t"
23600,21.30803365625345,26.264385063968923,True,False,0.0,1.0,"GJR-GARCH(1,1,1)-t"
23603,18.486647975792184,23.442999383507654,True,True,1.1471714893048065e-10,0.7613293267195416,"GJR-GARCH(1,1,1)-t"
23619,15.34048715640198,20.29683856411745,True,False,0.0,1.0,"GJR-GARCH(1,1,1)-t"
23624,-1.755853983074596,3.200497424640874,True,True,2.2693886041825605e-17,0.8991630125225765,"GJR-GARCH(1,1,1)-t"
23628,8.859372920451163,13.815724328166633,True,False,1.6227816407484442e-13,0.9999999999958787,"GJR-GARCH(1,1,1)-t"
23630,21.945487419785636,26.90183882750111,True,False,0.09773010041604625,0.9511349498254292,"GJR-GARCH(1,1,1)-t"
23637,-1.0219288999861806,3.9344225077292894,True,True,1.186948690066798e-13,0.8990917423542787,"GJR-GARCH(1,1,1)-t"
23639,18.42200075004356,23.378352157759032,True,True,4.643354769508911e-15,7.978840591445523e-15,"GJR-GARCH(1,1,1)-t"
23642,-5.458940704212708,-0.5025892964972378,True,False,1.5861768741153326e-14,0.9999999999998481,"GJR-GARCH(1,1,1)-t"
23652,15.17142424211998,20.12777564983545,True,True,1.3206694237866825e-13,0.05657589510462897,"GJR-GARCH(1,1,1)-t"
23656,9.096255013864747,14.052606421580217,True,False,0.999999999999999,8.016137535357132e-16,"GJR-GARCH(1,1,1)-t"
23658,19.648307859412434,24.604659267127907,True,True,2.1104071851030262e-14,0.4104898393675357,"GJR-GARCH(1,1,1)-t"
23683,4.401859121812118,9.358210529527588,True,True,2.5183785304445445e-18,0.9099381667241716,"GJR-GARCH(1,1,1)-t"
23708,-5.823720135076677,-0.8673687273612067,True,True,3.349446448613783e-16,7.217683543268503e-15,"GJR-GARCH(1,1,1)-t"
23724,25.87283292158265,30.829184329298123,True,False,1.0,3.89241112530904e-12,"GJR-GARCH(1,1,1)-t"
23736,26.648690246184863,31.605041653900336,True,False,0.5170118942303757,0.7414940528848142,"GJR-GARCH(1,1,1)-t"
23737,6.236002036517096,11.192353444232566,True,True,0.0,0.9817737941088401,"GJR-GARCH(1,1,1)-t"
23750,16.615070902832407,21.571422310547877,True,True,2.6803115097578135e-15,0.44299848550619686,"GJR-GARCH(1,1,1)-t"
23751,0.06051053237808546,5.0168619400935555,True,True,2.182659640068431e-12,0.970017188433605,"GJR-GARCH(1,1,1)-t"
23765,19.419921844175715,24.376273251891185,True,False,0.999999999999999,1.4271005706027697e-16,"GJR-GARCH(1,1,1)-t"
23768,42.63055544750881,47.586906855224285,True,True,3.322302847575912e-18,0.8943390376318447,"GJR-GARCH(1,1,1)-t"
23780,8.26039065922724,13.21674206694271,True,False,1.1116238697660827e-14,0.9999999999914866,"GJR-GARCH(1,1,1)-t"
23792,23.044145631759832,28.000497039475302,True,True,7.637098471762559e-16,0.13042068072583493,"GJR-GARCH(1,1,1)-t"
23794,11.484008439108322,16.440359846823792,True,True,0.0,0.8346044157965294,"GJR-GARCH(1,1,1)-t"
23796,12.847711580540672,17.804062988256142,True,True,0.0,0.938797213776474,"GJR-GARCH(1,1,1)-t"
23819,26.213231971226396,31.169583378941866,True,True,5.194930606940024e-20,1.336984379953897e-14,"GJR-GARCH(1,1,1)-t"
23821,14.052877322993599,19.00922873070907,True,False,0.9999999999999957,0.38541604311087235,"GJR-GARCH(1,1,1)-t"
23823,31.633762849383984,36.59011425709946,True,True,3.9720293157247684e-15,0.578673762642521,"GJR-GARCH(1,1,1)-t"
23828,1.0496344540570828,6.005985861772553,True,True,0.0,0.01919354648360854,"GJR-GARCH(1,1,1)-t"
23834,25.23225348751986,30.18860489523533,True,True,0.014143847079408276,0.8114501851989389,"GJR-GARCH(1,1,1)-t"
23836,4.331499271094696,9.287850678810166,True,True,1.4820189208107612e-18,1.6101044543426273e-15,"GJR-GARCH(1,1,1)-t"
23858,-17.383489921988076,-12.427138514272606,True,True,0.0,2.411626212679652e-13,"GJR-GARCH(1,1,1)-t"
23863,4.6724140110133145,9.628765418728785,True,True,0.786368637281756,1.317425215302555e-11,"GJR-GARCH(1,1,1)-t"
23873,23.932918982783374,28.889270390498844,True,True,0.0,0.7946313909753252,"GJR-GARCH(1,1,1)-t"
23892,20.111491664473693,25.067843072189163,True,True,0.6430247903092343,1.1347720891777253e-14,"GJR-GARCH(1,1,1)-t"
23903,6.099767280514251,11.05611868822972,True,False,0.0,0.9999999999999999,"GJR-GARCH(1,1,1)-t"
23940,15.917135389772053,20.873486797487523,True,True,0.0,0.13512635863232614,"GJR-GARCH(1,1,1)-t"
23955,32.15464964925067,37.111001056966145,True,True,3.317706407185873e-16,0.9891320695407055,"GJR-GARCH(1,1,1)-t"
23958,31.925454533554166,36.88180594126963,True,False,0.7221200931750658,0.638939953367487,"GJR-GARCH(1,1,1)-t"
23962,-1.527575466657602,3.428775941057868,True,False,2.3941513217027344e-15,0.9999999999999942,"GJR-GARCH(1,1,1)-t"
23967,12.465130729816746,17.421482137532216,True,True,0.7980987440740771,0.0,"GJR-GARCH(1,1,1)-t"
23972,14.576423628410426,19.532775036125898,True,True,1.7858617879409242e-13,0.9739508796627067,"GJR-GARCH(1,1,1)-t"
23994,24.176893936876464,29.133245344591934,True,True,9.687241099690367e-17,0.9227675261085585,"GJR-GARCH(1,1,1)-t"
24002,22.15306916095126,27.10942056866673,True,True,1.3869349921039305e-10,8.682760838205617e-10,"GJR-GARCH(1,1,1)-t"
24010,-20.31713523408348,-15.36078382636801,True,False,0.6135500902422432,0.47249847622792196,"GJR-GARCH(1,1,1)-t"
24014,0.4044983949223795,5.3608498026378495,True,True,3.791468691413291e-16,0.0,"GJR-GARCH(1,1,1)-t"
24021,21.348868732082625,26.305220139798095,True,True,1.0619477461478979e-10,0.8503316333007155,"GJR-GARCH(1,1,1)-t"
24022,6.740571340360013,11.696922748075483,True,True,0.4887741843520008,8.130055892876446e-17,"GJR-GARCH(1,1,1)-t"
24033,16.227284714902535,21.183636122618005,True,False,0.17623357339514586,0.9118832133024359,"GJR-GARCH(1,1,1)-t"
24034,14.21257297169229,19.168924379407763,True,True,0.0,0.8424486813441265,"GJR-GARCH(1,1,1)-t"
24048,-13.215726688479993,-8.259375280764523,True,False,0.6293524700645117,0.44735769182329593,"GJR-GARCH(1,1,1)-t"
24050,18.857251669029004,23.813603076744478,True,True,0.0,0.9016261234892579,"GJR-GARCH(1,1,1)-t"
24073,7.291120519671496,12.247471927386966,True,True,8.475772962919959e-15,0.8947345377323596,"GJR-GARCH(1,1,1)-t"
24078,31.81555332702776,36.77190473474323,True,True,2.6571888502248978e-14,0.9934027205865167,"GJR-GARCH(1,1,1)-t"
24085,12.175128573205571,17.13147998092104,True,False,0.0,1.0,"GJR-GARCH(1,1,1)-t"
24101,25.082105172660448,30.038456580375918,True,True,0.17203668915266063,1.1823313363368377e-11,"GJR-GARCH(1,1,1)-t"
24120,16.900559384480818,21.856910792196288,True,True,0.29711358264250237,7.296268365842975e-15,"GJR-GARCH(1,1,1)-t"
24123,2.9454720377865495,7.9018234455020195,True,True,0.758378485748537,8.151358978621877e-12,"GJR-GARCH(1,1,1)-t"
24127,1.315510276043515,6.271861683758985,True,True,0.0,2.523146542573428e-12,"GJR-GARCH(1,1,1)-t"
24131,16.90701820780341,21.863369615518884,True,True,6.2711039729863755e-15,0.7327174539653403,"GJR-GARCH(1,1,1)-t"
24143,55.69983623889043,60.6561876466059,True,True,8.160921781336641e-15,0.8634106025307894,"GJR-GARCH(1,1,1)-t"
24149,2.2436381164493486,7.199989524164819,True,True,0.963513382282226,9.5109271275175e-11,"GJR-GARCH(1,1,1)-t"
24157,15.113048526131095,20.069399933846565,True,True,0.6543581658208374,2.3591512106973557e-19,"GJR-GARCH(1,1,1)-t"
24161,26.659153925414305,31.615505333129775,True,True,0.3211756233475436,1.857386124297098e-15,"GJR-GARCH(1,1,1)-t"
24171,4.1030510504129545,9.059402458128424,True,True,2.659882105688313e-09,0.15916159910181218,"GJR-GARCH(1,1,1)-t"
24178,3.0701174046408255,8.026468812356296,True,True,3.9060008513683456e-14,0.0,"GJR-GARCH(1,1,1)-t"
24179,4.890963071792836,9.847314479508306,True,True,0.17720799455381409,5.3873251391848994e-14,"GJR-GARCH(1,1,1)-t"
24183,28.026804653436336,32.98315606115181,True,True,0.0,0.0,"GJR-GARCH(1,1,1)-t"
24198,21.938219987117407,26.894571394832877,True,True,3.2198300885346747e-10,4.723207759437876e-09,"GJR-GARCH(1,1,1)-t"
24220,9.054617901871957,14.010969309587427,True,False,2.1860953314559353e-17,1.0,"GJR-GARCH(1,1,1)-t"
24224,38.871660441575905,43.82801184929137,True,True,5.640037781111776e-16,0.7084102861868519,"GJR-GARCH(1,1,1)-t"
24253,3.4637434555676716,8.420094863283142,True,True,1.1326949002112864e-11,0.936642233009794,"GJR-GARCH(1,1,1)-t"
24259,48.881623673582496,53.83797508129797,True,True,1.1826710676813012e-14,1.3619642365262507e-13,"GJR-GARCH(1,1,1)-t"
24318,6.846233490202169,11.80258489791764,True,True,5.945805935099342e-15,0.6555977449516843,"GJR-GARCH(1,1,1)-t"
24334,3.398518231736375,8.354869639451845,True,False,0.0,1.0,"GJR-GARCH(1,1,1)-t"
24339,-5.917866893121552,-0.9615154854060819,True,True,0.5102819613356497,1.2648908430681646e-17,"GJR-GARCH(1,1,1)-t"
24341,-8.672764060418501,-3.7164126527030312,True,False,0.6127536031414677,0.4717600882365597,"GJR-GARCH(1,1,1)-t"
24349,69.36788712184435,74.32423852955982,True,True,0.013009798767561163,0.7886077321460522,"GJR-GARCH(1,1,1)-t"
24351,24.412534745384193,29.36888615309966,True,True,0.0,0.972090328584464,"GJR-GARCH(1,1,1)-t"
24357,8.892246550963282,13.848597958678752,True,True,2.3713062733024706e-19,0.7851519785854344,"GJR-GARCH(1,1,1)-t"
24384,20.183548614694985,25.139900022410455,True,True,1.3765327537353543e-14,0.7929644971458663,"GJR-GARCH(1,1,1)-t"
24385,-8.94979456885277,-3.9934431611373,True,True,0.0,0.0,"GJR-GARCH(1,1,1)-t"
24388,28.949154443570883,33.90550585128635,True,True,7.126985510473095e-16,0.9376740688508616,"GJR-GARCH(1,1,1)-t"
24393,3.9846501834384878,8.941001591153958,True,True,0.13143084607756475,9.248494734647632e-16,"GJR-GARCH(1,1,1)-t"
24396,8.75230068577784,13.70865209349331,True,True,4.128847267240005e-15,0.9359510054450273,"GJR-GARCH(1,1,1)-t"
24398,45.0022945425069,49.958645950222376,True,True,1.2261692041691721e-14,0.9181794414725809,"GJR-GARCH(1,1,1)-t"
24401,10.591461722587113,15.547813130302583,True,True,8.839444940182314e-13,0.9587521161196879,"GJR-GARCH(1,1,1)-t"
24402,16.60862015833522,21.564971566050687,True,False,1.0157976112893943e-14,0.9999999999999835,"GJR-GARCH(1,1,1)-t"
24406,29.42691885005202,34.38327025776749,True,False,0.8338795807529638,0.5830602083041052,"GJR-GARCH(1,1,1)-t"
24414,28.75400758994984,33.71035899766531,True,True,0.07245912766525443,4.9379380456850166e-23,"GJR-GARCH(1,1,1)-t"
24437,-26.81518008697156,-21.85882867925609,True,True,1.1642454479746338e-14,2.1061559391342525e-12,"GJR-GARCH(1,1,1)-t"
24443,-3.2383640911367806,1.7179873165786894,True,True,1.0293059031619088e-14,0.6297995582154207,"GJR-GARCH(1,1,1)-t"
24457,12.510743084534633,17.467094492250105,True,False,0.999999999994936,7.985769347875486e-13,"GJR-GARCH(1,1,1)-t"
24470,21.55540873752014,26.51176014523561,True,False,1.4027090534106108e-15,1.0,"GJR-GARCH(1,1,1)-t"
24473,5.467250314883907,10.423601722599377,True,True,1.3408334820387425e-09,0.9336015400876636,"GJR-GARCH(1,1,1)-t"
24497,14.769623909951317,19.725975317666787,True,True,2.361928347461114e-14,0.6888866501899408,"GJR-GARCH(1,1,1)-t"
24523,4.645460137045314,9.601811544760784,True,True,0.0,0.0,"GJR-GARCH(1,1,1)-t"
24535,-3.111218916433927,1.845132491281543,True,True,0.9881145951873282,1.45175088639642e-15,"GJR-GARCH(1,1,1)-t"
24572,41.8039590935803,46.76031050129578,True,True,0.3054006007993273,0.0,"GJR-GARCH(1,1,1)-t"
24573,-12.092485752673042,-7.136134344957572,True,True,0.8324557895924032,0.08815488315656418,"GJR-GARCH(1,1,1)-t"
24588,23.432910802095083,28.389262209810553,True,False,1.4595673967165045e-14,0.9999999999997872,"GJR-GARCH(1,1,1)-t"
24589,13.856772027821147,18.813123435536617,True,True,1.1874915314041578e-16,1.1985601966465552e-16,"GJR-GARCH(1,1,1)-t"
24590,0.6074049868053848,5.563756394520855,True,True,1.23572590181062e-14,1.5911118438799684e-13,"GJR-GARCH(1,1,1)-t"
24600,53.668985817237115,58.62533722495259,True,True,3.860479341497427e-11,0.9750841792924967,"GJR-GARCH(1,1,1)-t"
24661,26.121456592018518,31.07780799973399,True,True,1.3867704993713382e-15,0.9664084010139768,"GJR-GARCH(1,1,1)-t"
24662,7.773524369404352,12.729875777119823,True,True,0.0,0.8693828730690432,"GJR-GARCH(1,1,1)-t"
24680,7.704225473254372,12.660576880969842,True,True,0.0,1.8414313671657083e-14,"GJR-GARCH(1,1,1)-t"
24701,30.10424671150898,35.06059811922445,True,True,0.0,0.7451591680462579,"GJR-GARCH(1,1,1)-t"
24705,0.8577956811945686,5.814147088910039,True,True,0.0,0.0,"GJR-GARCH(1,1,1)-t"
24707,8.652273512425731,13.608624920141201,True,False,0.0,0.9999999999970232,"GJR-GARCH(1,1,1)-t"
24713,7.678020767431421,12.63437217514689,True,False,1.5763645090415776e-12,0.9999999992698972,"GJR-GARCH(1,1,1)-t"
24717,-17.440831026037287,-12.484479618321817,True,True,0.784389437507332,0.0,"GJR-GARCH(1,1,1)-t"
24725,-8.720194114336213,-3.7638427066207427,True,True,0.0,0.13001697919584965,"GJR-GARCH(1,1,1)-t"
24728,-1.6250516980925216,3.3312997096229484,True,True,0.0,0.9648216690506183,"GJR-GARCH(1,1,1)-t"
24730,33.422049267972845,38.37840067568831,True,False,0.0,1.0,"GJR-GARCH(1,1,1)-t"
24741,-8.56301722183045,-3.6066658141149794,True,False,5.813443699468294e-14,0.9999999999993846,"GJR-GARCH(1,1,1)-t"
24742,24.289865414981584,29.246216822697054,True,True,0.7083926388188535,4.9729280210176105e-20,"GJR-GARCH(1,1,1)-t"
24754,-2.270402312478968,2.685949095236502,True,True,0.0,0.7290589653662404,"GJR-GARCH(1,1,1)-t"
24766,-14.952522235045034,-9.996170827329564,True,True,0.344021486597028,3.6914143760485226e-13,"GJR-GARCH(1,1,1)-t"
24770,25.270086447044214,30.226437854759688,True,False,0.0,1.0,"GJR-GARCH(1,1,1)-t"
24775,15.774671895981468,20.731023303696936,True,False,0.9999999999999998,0.3964088346836664,"GJR-GARCH(1,1,1)-t"
24795,-1.6130190297300029,3.343332377985467,True,False,0.15373009262989892,0.8653120061590828,"GJR-GARCH(1,1,1)-t"
24816,6.128934763808084,11.085286171523554,True,True,5.695366072044222e-20,0.5451401868104652,"GJR-GARCH(1,1,1)-t"
24817,8.861083608458888,13.817435016174358,True,True,4.051094182268501e-15,0.0,"GJR-GARCH(1,1,1)-t"
24868,8.456728862109278,13.413080269824748,True,True,1.3840245680247736e-17,2.349817006444158e-17,"GJR-GARCH(1,1,1)-t"
24871,2.4608266008572794,7.4171780085727494,True,True,0.5032145161105533,0.0,"GJR-GARCH(1,1,1)-t"
24874,2.6199954125972376,7.576346820312708,True,True,6.625632882650525e-21,0.0,"GJR-GARCH(1,1,1)-t"
24878,49.205470176449445,54.16182158416491,True,True,0.0,0.9434375879683774,"GJR-GARCH(1,1,1)-t"
24879,-16.357505921583375,-11.401154513867905,True,True,3.302744701680783e-21,0.6283234204520965,"GJR-GARCH(1,1,1)-t"
24880,12.726283395712937,17.682634803428407,True,True,0.7441283382307433,3.5840369630540445e-15,"GJR-GARCH(1,1,1)-t"
24881,29.703131832093142,34.65948323980861,True,True,9.75883444801713e-15,0.9776738826631589,"GJR-GARCH(1,1,1)-t"
24894,13.033235880544195,17.989587288259663,True,False,1.0,0.0,"GJR-GARCH(1,1,1)-t"
24913,1.0109024185204873,5.967253826235957,True,False,0.22894089674963558,0.8179077829356461,"GJR-GARCH(1,1,1)-t"
24921,13.9217047611649,18.87805616888037,True,False,0.6189260456686172,0.6905369771790275,"GJR-GARCH(1,1,1)-t"
24929,10.545128695319104,15.501480103034574,True,True,0.0,0.7267027073894358,"GJR-GARCH(1,1,1)-t"
24933,12.45630107803209,17.41265248574756,True,True,0.0,0.5264434067294076,"GJR-GARCH(1,1,1)-t"
24949,33.41806111425042,38.374412521965894,True,False,0.999999999999823,7.284048205305761e-14,"GJR-GARCH(1,1,1)-t"
24989,14.582288241083013,19.538639648798483,True,True,6.360706891863738e-17,0.9711776425467598,"GJR-GARCH(1,1,1)-t"
24997,53.625092762908636,58.58144417062411,True,False,1.4210116479688436e-15,0.9999999999999982,"GJR-GARCH(1,1,1)-t"
25002,4.429887968551313,9.386239376266783,True,True,0.39208916856095843,0.4460276267643245,"GJR-GARCH(1,1,1)-t"
25010,29.930843814836347,34.88719522255182,True,True,6.222606081966281e-14,0.9639048156299722,"GJR-GARCH(1,1,1)-t"
25015,-4.401199191743935,0.5551522159715354,True,False,0.0,1.0,"GJR-GARCH(1,1,1)-t"
25018,32.143726843160465,37.10007825087594,True,True,0.7755958350136529,0.0,"GJR-GARCH(1,1,1)-t"
25019,-1.6835105362524807,3.2728408714629893,True,True,3.207808764873062e-16,6.241367665995413e-16,"GJR-GARCH(1,1,1)-t"
25023,33.93009448852608,38.886445896241554,True,False,2.717377139632964e-13,1.0,"GJR-GARCH(1,1,1)-t"
25025,23.68207663359669,28.63842804131216,True,True,1.1188050801101573e-13,0.956681428695079,"GJR-GARCH(1,1,1)-t"
25030,26.120643276058537,31.076994683774004,True,True,0.0,0.8943591617816373,"GJR-GARCH(1,1,1)-t"
25031,7.653180634080775,12.609532041796246,True,True,0.0,0.9513361413520981,"GJR-GARCH(1,1,1)-t"
25059,18.891636474162656,23.847987881878126,True,False,0.9999999999999777,3.189236224874148e-15,"GJR-GARCH(1,1,1)-t"
25085,-18.577195594196724,-13.620844186481254,True,False,0.20544456941161032,0.7968598671780674,"GJR-GARCH(1,1,1)-t"
25087,13.293726141386815,18.250077549102283,True,False,0.9999999857371223,1.1663666534435429e-10,"GJR-GARCH(1,1,1)-t"
25089,16.404629055535413,21.360980463250883,True,True,0.0,0.5861597502058703,"GJR-GARCH(1,1,1)-t"
25094,6.114079458292417,11.070430866007886,True,True,6.09519437554958e-14,9.509748031615378e-14,"GJR-GARCH(1,1,1)-t"
25107,29.07070390798157,34.02705531569704,True,True,0.0,0.847139041532025,"GJR-GARCH(1,1,1)-t"
25108,23.107886928506034,28.0642383362215,True,False,0.9999999999999691,0.0,"GJR-GARCH(1,1,1)-t"
25118,21.080493510026187,26.036844917741657,True,True,1.685276684185525e-14,0.0001185251548462227,"GJR-GARCH(1,1,1)-t"
25131,-5.238545294425837,-0.2821938867103668,True,True,0.6549244710601905,1.765474407735574e-10,"GJR-GARCH(1,1,1)-t"
25148,13.859714011836163,18.816065419551634,True,True,2.9089123124660992e-15,0.0,"GJR-GARCH(1,1,1)-t"
25150,26.773413024341114,31.729764432056584,True,False,1.0,0.5,"GJR-GARCH(1,1,1)-t"
25163,-7.647572276642489,-2.6912208689270187,True,True,6.504139077712419e-16,0.2994623495687741,"GJR-GARCH(1,1,1)-t"
25166,-11.152102827711293,-6.195751419995823,True,True,9.166932243249497e-06,0.9435773878271141,"GJR-GARCH(1,1,1)-t"
25176,-2.1802747335900747,2.7760766741253953,True,True,1.7122718847604758e-14,4.4144598630818045e-14,"GJR-GARCH(1,1,1)-t"
25177,23.772311966119858,28.728663373835328,True,False,0.9999999999997918,3.069165183062394e-13,"GJR-GARCH(1,1,1)-t"
25179,-4.183111941228354,0.7732394664871158,True,False,0.6460789495236768,0.6769605214740896,"GJR-GARCH(1,1,1)-t"
25190,-5.996402878763483,-1.040051471048013,True,True,0.06539114277178816,0.0346978473453315,"GJR-GARCH(1,1,1)-t"
25197,36.296133582020246,41.25248498973572,True,True,0.03688937000860336,0.44290471989990443,"GJR-GARCH(1,1,1)-t"
25219,27.831009537683023,32.7873609453985,True,True,2.935084784053459e-18,5.0842430864444186e-14,"GJR-GARCH(1,1,1)-t"
25220,22.17759764695231,27.13394905466778,True,True,6.349627669996373e-16,0.9843946319100585,"GJR-GARCH(1,1,1)-t"
25234,9.087521348282685,14.043872755998155,True,True,0.0,0.007005580574030096,"GJR-GARCH(1,1,1)-t"
25250,36.52331280848492,41.47966421620039,True,True,1.5207758239928212e-15,0.9397501907292608,"GJR-GARCH(1,1,1)-t"
25265,-8.66077554922855,-3.70442414151308,True,False,1.0,0.10274071400594771,"GJR-GARCH(1,1,1)-t"
25270,24.11247409296843,29.0688255006839,True,True,0.0,0.9071914730751695,"GJR-GARCH(1,1,1)-t"
25274,18.991301007300525,23.947652415015995,True,True,5.1022234879610695e-15,0.7384759711045703,"GJR-GARCH(1,1,1)-t"
25277,4.194565961110076,9.150917368825546,True,True,1.3437775932899655e-16,0.970653255154843,"GJR-GARCH(1,1,1)-t"
25282,9.995528168857229,14.951879576572699,True,True,1.668390504305882e-22,7.146076767681118e-23,"GJR-GARCH(1,1,1)-t"
25290,17.19089830780652,22.14724971552199,True,False,0.9236064854467434,0.17737072613060886,"GJR-GARCH(1,1,1)-t"
25301,8.425071123747808,13.381422531463278,True,True,6.094380672033577e-13,3.178654357293019e-13,"GJR-GARCH(1,1,1)-t"
25309,14.849662901286242,19.806014309001714,True,True,0.0,0.8322617467349114,"GJR-GARCH(1,1,1)-t"
25312,0.058870828308768,5.015222236024238,True,True,0.8609529760247648,1.5095156398955708e-10,"GJR-GARCH(1,1,1)-t"
25318,2.648095568320006,7.604446976035476,True,True,0.0589837165865685,2.336815980923931e-15,"GJR-GARCH(1,1,1)-t"
25331,-1.0034149181216474,3.9529364895938226,True,False,2.1136548482377726e-15,0.999999999999994,"GJR-GARCH(1,1,1)-t"
25334,14.375950187958262,19.332301595673734,True,False,3.679533531960985e-19,1.0,"GJR-GARCH(1,1,1)-t"
25335,4.524418578485609,9.480769986201079,True,True,1.329099197941451e-13,0.9367051846509198,"GJR-GARCH(1,1,1)-t"
25338,6.0445076793378245,11.000859087053295,True,False,0.0,1.0,"GJR-GARCH(1,1,1)-t"
25340,46.29319113995374,51.24954254766921,True,True,8.655239873202222e-16,0.9433219261156988,"GJR-GARCH(1,1,1)-t"
25344,-11.71657105262208,-6.760219644906609,True,True,1.845534818717043e-16,0.35719275075684925,"GJR-GARCH(1,1,1)-t"
25347,44.64945955269981,49.60581096041528,True,True,0.89733480651824,2.371216606620442e-14,"GJR-GARCH(1,1,1)-t"
25351,8.580457962225829,13.536809369941299,True,True,0.0,0.3563851726270301,"GJR-GARCH(1,1,1)-t"
25355,21.90358979416923,26.859941201884702,True,True,0.0,0.2274136297285525,"GJR-GARCH(1,1,1)-t"
25357,1.2515461227766682,6.207897530492138,True,True,5.2173251656908394e-15,9.988979091508565e-15,"GJR-GARCH(1,1,1)-t"
25359,3.7119927191103574,8.668344126825827,True,True,0.0,0.9745588068418164,"GJR-GARCH(1,1,1)-t"
25367,-11.331603949671809,-6.375252541956339,True,True,0.0435223724810869,0.9213317547902501,"GJR-GARCH(1,1,1)-t"
25369,21.018626406285573,25.974977814001043,True,False,2.2025315049018592e-18,1.0,"GJR-GARCH(1,1,1)-t"
25389,7.4829264368327415,12.439277844548212,True,True,0.0,0.9124692413292096,"GJR-GARCH(1,1,1)-t"
25399,29.709249178894062,34.66560058660953,True,False,0.310790727302125,0.7845699486234803,"GJR-GARCH(1,1,1)-t"
25403,3.0060083117403007,7.962359719455771,True,True,0.266298316812557,0.044197078293297165,"GJR-GARCH(1,1,1)-t"
25427,1.314055275777898,6.270406683493368,True,True,1.202395760715611e-14,0.6090901698055852,"GJR-GARCH(1,1,1)-t"
25429,25.73215931859885,30.68851072631432,True,True,8.417794622480875e-16,0.9740707655790918,"GJR-GARCH(1,1,1)-t"
25437,-12.543450893915747,-7.587099486200277,True,True,3.684860355959177e-20,9.933147760077437e-16,"GJR-GARCH(1,1,1)-t"
25439,-0.793200586444204,4.163150821271266,True,False,3.5010584358250234e-17,0.9999999999999999,"GJR-GARCH(1,1,1)-t"
25452,30.114421057336187,35.07077246505166,True,False,5.163593668996375e-12,1.0,"GJR-GARCH(1,1,1)-t"
25463,17.100912396765906,22.057263804481376,True,True,1.608812376321705e-11,0.8640673223777863,"GJR-GARCH(1,1,1)-t"
25467,8.944088791609499,13.900440199324969,True,True,5.999245406410213e-16,4.4727337945077694e-14,"GJR-GARCH(1,1,1)-t"
25474,5.803830344259779,10.76018175197525,True,False,0.7233473799546357,0.4740978747735726,"GJR-GARCH(1,1,1)-t"
25475,18.89504499677357,23.85139640448904,True,False,2.419704504860035e-14,0.999999999999897,"GJR-GARCH(1,1,1)-t"
25483,1.5000714225290857,6.456422830244556,True,True,5.135825453948994e-16,0.48176733521199816,"GJR-GARCH(1,1,1)-t"
25488,14.393439026136956,19.349790433852426,True,True,4.053388156083302e-14,0.7927214738676565,"GJR-GARCH(1,1,1)-t"
25489,16.86052625785305,21.81687766556852,True,False,0.20374016088967736,0.8981299410218105,"GJR-GARCH(1,1,1)-t"
25501,36.43913030335008,41.39548171106556,True,True,0.18979302587678565,0.59896770241379,"GJR-GARCH(1,1,1)-t"
25504,9.518667918126244,14.475019325841714,True,True,7.174131115961533e-12,0.7467137317912195,"GJR-GARCH(1,1,1)-t"
25525,6.959206748838996,11.915558156554466,True,True,0.1405311222732408,3.7078258788962534e-19,"GJR-GARCH(1,1,1)-t"
25551,8.06978716768813,13.0261385754036,True,True,0.13932530589641554,2.747558731118227e-13,"GJR-GARCH(1,1,1)-t"
25560,45.5642063182456,50.52055772596107,True,False,0.0,1.0,"GJR-GARCH(1,1,1)-t"
25569,12.997830786456607,17.954182194172077,True,True,0.36109456983349536,0.5017155406616343,"GJR-GARCH(1,1,1)-t"
25570,-15.774889688196101,-10.818538280480631,True,False,0.07014587554069524,0.9649270622296561,"GJR-GARCH(1,1,1)-t"
25575,-7.560664233883315,-2.6043128261678454,True,True,0.7017326566436286,0.028005053643676416,"GJR-GARCH(1,1,1)-t"
25580,20.194389717886644,25.15074112560211,True,False,1.0,0.0,"GJR-GARCH(1,1,1)-t"
25583,-3.2342608338072445,1.7220905739082255,True,True,7.133692123736957e-13,0.7520579881156132,"GJR-GARCH(1,1,1)-t"
25584,0.08898791310283549,5.0453393208183055,True,False,0.9999999999998705,3.06302802125813e-14,"GJR-GARCH(1,1,1)-t"
25599,6.809839861968104,11.766191269683574,True,True,7.723202643657039e-19,0.7544530895631172,"GJR-GARCH(1,1,1)-t"
25616,-10.060551745711678,-5.1042003379962075,True,True,3.6879547729882443e-10,0.5710679640891452,"GJR-GARCH(1,1,1)-t"
25617,14.0912617017394,19.047613109454872,True,True,0.3626032949321603,6.382798679040462e-19,"GJR-GARCH(1,1,1)-t"
25619,13.281376471623213,18.237727879338685,True,True,2.46118896315109e-20,0.6938360693216322,"GJR-GARCH(1,1,1)-t"
25622,-11.030996443401882,-6.074645035686412,True,True,3.8493905479578173e-17,0.479590622004954,"GJR-GARCH(1,1,1)-t"
25627,-24.637173848102414,-19.680822440386944,True,True,7.83403678567059e-13,0.0,"GJR-GARCH(1,1,1)-t"
25636,6.237363144405081,11.19371455212055,True,False,6.768242602613883e-17,0.9999999999999997,"GJR-GARCH(1,1,1)-t"
25638,-8.655869529521027,-3.699518121805557,True,False,0.2528617308484707,0.8735691345753536,"GJR-GARCH(1,1,1)-t"
25639,13.9891828001985,18.945534207913973,True,True,1.4285838908418892e-13,6.338454200088902e-11,"GJR-GARCH(1,1,1)-t"
25640,-1.1739709025243314,3.7823805051911386,True,False,1.8404004568738326e-16,0.9999999999999996,"GJR-GARCH(1,1,1)-t"
25641,12.907825026893352,17.864176434608822,True,True,1.513215715874738e-15,0.8496757264721221,"GJR-GARCH(1,1,1)-t"
25653,10.950268861119607,15.906620268835077,True,True,0.631703401813248,0.15589386938037553,"GJR-GARCH(1,1,1)-t"
25654,-0.9882188260368103,3.9681325816786597,True,True,1.528940989992445e-10,0.9144452327717137,"GJR-GARCH(1,1,1)-t"
25668,35.64092551044536,40.59727691816083,True,True,0.0,0.9475150492228314,"GJR-GARCH(1,1,1)-t"
25680,-5.074418219278531,-0.11806681156306098,True,True,0.06479904014240778,0.0,"GJR-GARCH(1,1,1)-t"
25683,42.784879957203955,47.74123136491943,True,True,0.401248786263274,2.802086080657223e-16,"GJR-GARCH(1,1,1)-t"
25687,-10.803305976480125,-5.846954568764655,True,True,3.597980463708663e-19,0.03423740845468727,"GJR-GARCH(1,1,1)-t"
25712,-1.6162993688960103,3.3400520388194597,True,True,4.579422581058164e-14,0.8615872875734732,"GJR-GARCH(1,1,1)-t"
25713,2.683192922248981,7.639544329964451,True,True,0.0,0.951768495616706,"GJR-GARCH(1,1,1)-t"
25716,12.441752637655563,17.39810404537103,True,True,3.1277040137204566e-15,0.9411163980671381,"GJR-GARCH(1,1,1)-t"
25730,7.763432783531492,12.719784191246962,True,True,8.508819687350122e-16,0.737188141334524,"GJR-GARCH(1,1,1)-t"
25731,-5.722219575856684,-0.7658681681412141,True,False,0.0,1.0,"GJR-GARCH(1,1,1)-t"
25745,-2.158568048315388,2.797783359400082,True,False,0.9999999999816872,5.222150410668671e-13,"GJR-GARCH(1,1,1)-t"
25751,36.04709149169688,41.00344289941235,True,False,0.1407288974618556,0.9296355512689333,"GJR-GARCH(1,1,1)-t"
25754,29.637029193914923,34.59338060163039,True,True,3.1887156539059256e-14,0.22449282901088158,"GJR-GARCH(1,1,1)-t"
25755,10.219385636554673,15.175737044270143,True,False,0.0,0.9999999999999774,"GJR-GARCH(1,1,1)-t"
25761,9.33374473616129,14.29009614387676,True,True,0.0,0.0,"GJR-GARCH(1,1,1)-t"
25766,4.1456372523487115,9.101988660064182,True,True,1.539133773878309e-12,5.220436483452548e-11,"GJR-GARCH(1,1,1)-t"
25772,7.570006817307413,12.526358225022882,True,True,0.0,0.9933331159542568,"GJR-GARCH(1,1,1)-t"
25773,21.952186490942193,26.908537898657663,True,True,0.056903053459878346,6.180328553807004e-15,"GJR-GARCH(1,1,1)-t"
25796,-5.155459265233134,-0.1991078575176637,True,True,1.7934570570680246e-16,0.021494675034933554,"GJR-GARCH(1,1,1)-t"
25799,7.154236802146585,12.110588209862055,True,False,0.0,1.0,"GJR-GARCH(1,1,1)-t"
25803,30.111848899168283,35.06820030688375,True,True,4.312737264829308e-16,0.7383960206755218,"GJR-GARCH(1,1,1)-t"
25813,15.534740643220871,20.49109205093634,True,True,3.220542226172609e-11,0.9917113858631772,"GJR-GARCH(1,1,1)-t"
25815,14.093008635719814,19.049360043435286,True,True,0.0,0.5556911493245072,"GJR-GARCH(1,1,1)-t"
25844,6.073636435252829,11.0299878429683,True,True,0.2739308969590064,0.2305627067594922,"GJR-GARCH(1,1,1)-t"
25854,12.46979988928268,17.42615129699815,True,True,3.715654896323013e-17,0.4927798117027041,"GJR-GARCH(1,1,1)-t"
25863,18.785596366444032,23.741947774159502,True,False,1.1237382286991929e-14,0.9999999999999838,"GJR-GARCH(1,1,1)-t"
25864,16.05445178322111,21.01080319093658,True,True,0.16894635583302,8.7310744688459e-19,"GJR-GARCH(1,1,1)-t"
25866,7.703072764175735,12.659424171891205,True,True,0.15547170023520893,0.6430423631530316,"GJR-GARCH(1,1,1)-t"
25876,21.83534893780275,26.791700345518223,True,True,3.223440794535298e-16,3.720594732299126e-21,"GJR-GARCH(1,1,1)-t"
25879,4.857750629296676,9.814102037012146,True,False,5.721657670270827e-15,0.9999999232968169,"GJR-GARCH(1,1,1)-t"
25894,24.69506621148842,29.65141761920389,True,False,1.0,0.0,"GJR-GARCH(1,1,1)-t"
25916,-0.11172450421291558,4.844626903502554,True,True,0.042484840684089864,8.047215978289438e-14,"GJR-GARCH(1,1,1)-t"
25918,41.19595920257206,46.15231061028753,True,True,3.393195677009067e-14,0.8652084436183157,"GJR-GARCH(1,1,1)-t"
25924,15.387803910568891,20.34415531828436,True,True,5.366414887207341e-15,0.7942560719252381,"GJR-GARCH(1,1,1)-t"
25971,1.762416669007079,6.718768076722549,True,False,1.0,0.19008812981827414,"GJR-GARCH(1,1,1)-t"
25993,17.0128478040184,21.96919921173387,True,True,1.6466832575682816e-18,0.1478857063468151,"GJR-GARCH(1,1,1)-t"
25999,25.366247220025862,30.322598627741336,True,True,0.8453195300757895,9.7198127652031e-22,"GJR-GARCH(1,1,1)-t"
26005,36.58614577019456,41.542497177910036,True,True,0.266391525518241,0.2191392778957918,"GJR-GARCH(1,1,1)-t"
26020,-9.641989095700627,-4.685637687985157,True,True,0.0,0.7534855568019116,"GJR-GARCH(1,1,1)-t"
26021,4.61375120416683,9.5701026118823,True,True,0.0,4.1022018315719364e-14,"GJR-GARCH(1,1,1)-t"
26024,-5.118300880891155,-0.1619494731756852,True,True,0.599360967588735,6.624528829450835e-16,"GJR-GARCH(1,1,1)-t"
26042,16.952350647497447,21.908702055212917,True,True,6.658951866260671e-16,0.9709235752594263,"GJR-GARCH(1,1,1)-t"
26052,19.53240900536705,24.488760413082524,True,True,1.6126248959588846e-14,4.2912516705409696e-19,"GJR-GARCH(1,1,1)-t"
26062,4.783185486435148,9.739536894150618,True,True,2.421743798705582e-12,0.8638499361683609,"GJR-GARCH(1,1,1)-t"
26069,49.21628178365426,54.17263319136973,True,False,0.9999999999999998,2.1826499623104948e-20,"GJR-GARCH(1,1,1)-t"
26081,27.144651013728968,32.10100242144444,True,True,4.074132738896734e-12,1.4285117613777723e-10,"GJR-GARCH(1,1,1)-t"
26082,6.578630482139061,11.534981889854532,True,False,1.0,0.33161044784977545,"GJR-GARCH(1,1,1)-t"
26091,13.502186954677914,18.458538362393384,True,True,0.2779432173107965,5.225735328758105e-12,"GJR-GARCH(1,1,1)-t"
26099,12.804553974021713,17.76090538173718,True,True,9.78892882833239e-13,0.1462497150264032,"GJR-GARCH(1,1,1)-t"
26106,16.63696988275002,21.59332129046549,True,False,2.669609613459834e-16,0.9999999999999993,"GJR-GARCH(1,1,1)-t"
26107,24.469702466719305,29.42605387443477,True,True,6.47697050474053e-13,0.5474957467114311,"GJR-GARCH(1,1,1)-t"
26125,21.169821175911792,26.12617258362726,True,True,1.962066968382991e-15,0.0,"GJR-GARCH(1,1,1)-t"
26147,27.015702082492083,31.972053490207553,True,False,0.42569207575786927,0.7146766972096363,"GJR-GARCH(1,1,1)-t"
26152,8.512215771147396,13.468567178862866,True,True,0.3966595350545615,4.796296011990143e-14,"GJR-GARCH(1,1,1)-t"
26155,16.652869868777046,21.609221276492516,True,True,0.08195115260057069,0.0046465887728486446,"GJR-GARCH(1,1,1)-t"
26159,31.142203189280682,36.09855459699615,True,True,9.94733789364652e-16,0.9932537868844475,"GJR-GARCH(1,1,1)-t"
26168,21.711308790708692,26.667660198424162,True,True,0.10962237889818349,0.07234280899432637,"GJR-GARCH(1,1,1)-t"
26170,13.953536272248975,18.909887679964445,True,False,0.9999999999999974,0.013008901690701282,"GJR-GARCH(1,1,1)-t"
26186,0.789385002984929,5.745736410700399,True,True,2.3299234367771397e-12,6.437900881468787e-12,"GJR-GARCH(1,1,1)-t"
26190,9.119246162485762,14.075597570201232,True,True,0.0,0.6780634548827192,"GJR-GARCH(1,1,1)-t"
26191,28.83128053587444,33.787631943589915,True,False,0.0,0.9999999999999966,"GJR-GARCH(1,1,1)-t"
26195,14.853625519805925,19.809976927521397,True,True,5.688148690221591e-17,0.2928218870571589,"GJR-GARCH(1,1,1)-t"
26197,-4.9514975452653545,0.0048538624501155425,True,True,8.707849644935154e-10,0.7512292148197628,"GJR-GARCH(1,1,1)-t"
26204,-5.576755013931294,-0.6204036062158238,True,True,1.0516273442478858e-18,0.725170315087578,"GJR-GARCH(1,1,1)-t"
26208,40.95342547653834,45.909776884253816,True,False,1.6796271458113287e-17,0.9999999999999936,"GJR-GARCH(1,1,1)-t"
26222,4.499119598425802,9.455471006141272,True,True,1.0563110187241718e-17,0.695380221104796,"GJR-GARCH(1,1,1)-t"
26250,9.842424434924274,14.798775842639744,True,True,0.144074677373779,0.0,"GJR-GARCH(1,1,1)-t"
26254,15.39335169925308,20.349703106968548,True,True,0.0,0.9684006717246538,"GJR-GARCH(1,1,1)-t"
26273,-10.209586136242915,-5.253234728527445,True,True,0.0,0.263374329398983,"GJR-GARCH(1,1,1)-t"
26277,15.013782102421914,19.970133510137384,True,True,5.292307691549101e-20,5.1300148432189886e-20,"GJR-GARCH(1,1,1)-t"
26292,37.47268616339934,42.429037571114804,True,False,6.9051028516082675e-16,0.9999999999999999,"GJR-GARCH(1,1,1)-t"
26307,23.339964290483657,28.296315698199127,True,True,0.0,0.0,"GJR-GARCH(1,1,1)-t"
26308,-0.5559678610681988,4.400383546647271,True,True,0.734550808386826,5.302063598220315e-15,"GJR-GARCH(1,1,1)-t"
26314,28.746385164653333,33.702736572368806,True,True,0.5525306283517204,1.9159883757397727e-14,"GJR-GARCH(1,1,1)-t"
26317,18.46002969242859,23.416381100144058,True,False,1.0,7.407345523023265e-17,"GJR-GARCH(1,1,1)-t"
26336,25.2848756620816,30.24122706979707,True,True,4.6467791155224714e-11,0.9907818564200243,"GJR-GARCH(1,1,1)-t"
26337,10.446899113363703,15.403250521079173,True,True,3.9824167730225035e-16,0.3627744715142434,"GJR-GARCH(1,1,1)-t"
26362,12.793658284246462,17.75000969196193,True,True,0.12388339981469278,0.0,"GJR-GARCH(1,1,1)-t"
26366,12.283209196517008,17.239560604232476,True,True,0.0,0.5542933335220117,"GJR-GARCH(1,1,1)-t"
26375,38.07795699058654,43.03430839830202,True,True,0.0,0.345102835948323,"GJR-GARCH(1,1,1)-t"
26387,31.67388492977087,36.63023633748634,True,True,3.578406419497508e-17,0.5644167309318353,"GJR-GARCH(1,1,1)-t"
26388,22.35888661935055,27.31523802706602,True,False,0.0,1.0,"GJR-GARCH(1,1,1)-t"
26400,-3.7312485727918485,1.2251028349236215,True,True,6.51294955574891e-17,0.0,"GJR-GARCH(1,1,1)-t"
26407,3.9548018281700976,8.911153235885568,True,True,3.09567394885687e-17,0.0,"GJR-GARCH(1,1,1)-t"
26410,2.2489595084612723,7.205310916176742,True,True,0.0,0.8681143401303822,"GJR-GARCH(1,1,1)-t"
26428,5.803889554236976,10.760240961952446,True,True,2.441105988444486e-14,1.6620629797316396e-13,"GJR-GARCH(1,1,1)-t"
26430,13.938467547586887,18.89481895530236,True,True,0.0,0.9062430873849128,"GJR-GARCH(1,1,1)-t"
26440,8.360615353137094,13.316966760852564,True,True,8.467158613739571e-11,0.8760024193901476,"GJR-GARCH(1,1,1)-t"
26447,1.7063898496671026,6.662741257382573,True,True,2.620067449925207e-16,1.7382946939896022e-19,"GJR-GARCH(1,1,1)-t"
26450,-19.01759325095106,-14.061241843235589,True,True,3.290639130382527e-22,1.743986538192626e-15,"GJR-GARCH(1,1,1)-t"
26455,-12.586052123006379,-7.629700715290909,True,False,3.095417014942136e-15,0.9999999999999923,"GJR-GARCH(1,1,1)-t"
26460,38.410889502685876,43.36724091040134,True,False,0.0,1.0,"GJR-GARCH(1,1,1)-t"
26471,9.12662439569678,14.08297580341225,True,False,1.6656529941058877e-14,0.9999999999999672,"GJR-GARCH(1,1,1)-t"
26475,-0.8950837880568283,4.061267619658642,True,True,2.162095105037576e-16,0.6242286144314135,"GJR-GARCH(1,1,1)-t"
26484,-1.6056156577705423,3.3507357499449277,True,True,0.0,0.9970901467303104,"GJR-GARCH(1,1,1)-t"
26488,12.661352554969042,17.617703962684512,True,True,0.6326051102065525,4.5036651222414136e-20,"GJR-GARCH(1,1,1)-t"
26494,-0.7076840659348722,4.248667341780598,True,True,0.0,5.089517409561869e-12,"GJR-GARCH(1,1,1)-t"
26503,0.03768987044099781,4.994041278156468,True,True,0.07539354242166814,0.7053249506051741,"GJR-GARCH(1,1,1)-t"
26522,-3.3904964221479794,1.5658549855674906,True,True,1.1134453533441521e-14,0.9462813889343493,"GJR-GARCH(1,1,1)-t"
26523,-10.281600466576286,-5.325249058860816,True,True,0.5994453390744038,3.3187867591781654e-17,"GJR-GARCH(1,1,1)-t"
26538,13.699758606529377,18.65611001424485,True,True,5.980483044438207e-17,0.8943567484208322,"GJR-GARCH(1,1,1)-t"
26555,13.443601061295759,18.39995246901123,True,True,5.036846910554278e-14,1.627154237127835e-14,"GJR-GARCH(1,1,1)-t"
26561,8.603499374170394,13.559850781885864,True,True,1.8979736379806312e-10,0.83010838196001,"GJR-GARCH(1,1,1)-t"
26562,40.21156189644573,45.167913304161196,True,True,0.0,0.4316390899062547,"GJR-GARCH(1,1,1)-t"
26568,-13.772822594925863,-8.816471187210393,True,True,0.0,0.8513894579832961,"GJR-GARCH(1,1,1)-t"
26572,7.643228727552642,12.599580135268113,True,False,0.8970244736997682,0.2327488561347696,"GJR-GARCH(1,1,1)-t"
26578,5.051744978895018,10.008096386610488,True,True,1.8286940474378475e-12,0.9901047262996722,"GJR-GARCH(1,1,1)-t"
26586,0.8273188963173208,5.783670304032791,True,True,2.4149237012668655e-13,0.05217747019909883,"GJR-GARCH(1,1,1)-t"
26595,33.2238969437623,38.18024835147777,True,False,0.22358263493487904,0.8882087466549825,"GJR-GARCH(1,1,1)-t"
26599,3.8889957245500337,8.845347132265504,True,True,1.3856825453327045e-12,0.9783867528747718,"GJR-GARCH(1,1,1)-t"
26603,-9.535694288679885,-4.579342880964415,True,True,1.0157381012606442e-12,3.882038656099308e-11,"GJR-GARCH(1,1,1)-t"
26606,20.21360875551198,25.16996016322745,True,False,0.0,1.0,"GJR-GARCH(1,1,1)-t"
26607,2.850667846629456,7.807019254344926,True,True,1.1670882343318602e-15,0.6769202243183352,"GJR-GARCH(1,1,1)-t"
26613,-10.455661967222582,-5.499310559507112,True,False,0.6772477151107691,0.32335366608703,"GJR-GARCH(1,1,1)-t"
26672,19.28611936043707,24.242470768152536,True,False,0.9999999999998452,0.35502026299398515,"GJR-GARCH(1,1,1)-t"
26678,26.91609840398006,31.87244981169553,True,True,0.0,0.41197689257221387,"GJR-GARCH(1,1,1)-t"
26693,16.30071124919962,21.25706265691509,True,True,1.5279329628513553e-10,4.036569423349731e-09,"GJR-GARCH(1,1,1)-t"
26707,44.552539348050324,49.50889075576579,True,True,0.0,0.0,"GJR-GARCH(1,1,1)-t"
26708,7.978956660869381,12.93530806858485,True,True,0.2564252194872534,2.6736703034932875e-16,"GJR-GARCH(1,1,1)-t"
26720,29.40407062007801,34.360422027793476,True,False,0.9999999994404161,1.41482253492651e-10,"GJR-GARCH(1,1,1)-t"
26752,11.661955973313258,16.61830738102873,True,True,0.0,3.0571821675420594e-15,"GJR-GARCH(1,1,1)-t"
26759,-1.2506398972555086,3.7057115104599614,True,False,0.9999999999999957,1.399073712607388e-15,"GJR-GARCH(1,1,1)-t"
26763,14.704706366920064,19.661057774635534,True,True,0.338470623800623,0.03428053429693391,"GJR-GARCH(1,1,1)-t"
26771,13.485083522723894,18.441434930439364,True,True,3.386837676431016e-14,0.8193016496917103,"GJR-GARCH(1,1,1)-t"
26786,-5.1427259131623515,-0.1863745054468815,True,False,0.0,0.9999999999993398,"GJR-GARCH(1,1,1)-t"
26788,16.912629908329556,21.868981316045026,True,True,0.5829697413527092,1.0086301728476472e-18,"GJR-GARCH(1,1,1)-t"
26798,-3.2732369251393614,1.6831144825761086,True,True,8.420268818871013e-16,0.9417191896941526,"GJR-GARCH(1,1,1)-t"
26804,1.3662972770245645,6.3226486847400345,True,True,1.4185252726755984e-11,4.137810643750541e-09,"GJR-GARCH(1,1,1)-t"
26806,12.989475270945793,17.945826678661263,True,True,0.0,0.8370318162269224,"GJR-GARCH(1,1,1)-t"
26813,13.756778429615512,18.713129837330982,True,True,3.2001842760240303e-16,9.25171717992014e-15,"GJR-GARCH(1,1,1)-t"
26830,26.175547424542017,31.131898832257487,True,True,0.0,0.62220720886881,"GJR-GARCH(1,1,1)-t"
26835,10.949450878828975,15.905802286544445,True,True,4.190965213528212e-19,0.7238053549499093,"GJR-GARCH(1,1,1)-t"
26837,6.6041424478557165,11.560493855571186,True,True,0.0,0.19689731052342202,"GJR-GARCH(1,1,1)-t"
26841,-4.295460978269073,0.6608904294463969,True,False,6.8221426239153695e-15,0.9999999999999993,"GJR-GARCH(1,1,1)-t"
26844,-5.014367020047466,-0.058015612331995925,True,False,1.0,0.0,"GJR-GARCH(1,1,1)-t"
26849,14.57746212377926,19.53381353149473,True,True,0.0,0.45147364380423427,"GJR-GARCH(1,1,1)-t"
26862,17.733701438244246,22.690052845959713,True,True,2.671003975058191e-15,0.9247595234197044,"GJR-GARCH(1,1,1)-t"
26864,7.951496343503907,12.907847751219377,True,True,0.16209602347325497,0.6657710182459307,"GJR-GARCH(1,1,1)-t"
26868,16.19983803694115,21.15618944465662,True,False,1.6135959947109484e-16,0.9999999999999993,"GJR-GARCH(1,1,1)-t"
26873,18.46005024215589,23.41640164987136,True,True,1.4221359186494793e-19,0.5366866461921618,"GJR-GARCH(1,1,1)-t"
26874,14.400613184974892,19.356964592690364,True,True,0.0,9.295469483205906e-06,"GJR-GARCH(1,1,1)-t"
26883,13.655371736684403,18.61172314439987,True,True,2.2734271814225644e-15,0.9881113077621739,"GJR-GARCH(1,1,1)-t"
26886,9.294579755382681,14.250931163098151,True,True,7.468666996204303e-16,3.108865935293313e-23,"GJR-GARCH(1,1,1)-t"
26889,-5.824031883819863,-0.8676804761043933,True,False,0.8073970407312434,0.5963014796343824,"GJR-GARCH(1,1,1)-t"
26891,-1.1732255619150518,3.783125845800418,True,True,1.4161831202076765e-16,0.9802167667657185,"GJR-GARCH(1,1,1)-t"
26903,12.113399076659334,17.069750484374804,True,True,1.3913755048992333e-10,0.9924046941405789,"GJR-GARCH(1,1,1)-t"
26905,-9.456875480822696,-4.500524073107226,True,True,0.0,0.5411831825310025,"GJR-GARCH(1,1,1)-t"
26937,-2.303359734911268,2.652991672804202,True,True,0.0,0.9722989942653175,"GJR-GARCH(1,1,1)-t"
26938,31.706216904798687,36.66256831251415,True,True,2.457263195505433e-19,0.8387089416643815,"GJR-GARCH(1,1,1)-t"
26944,4.252451135646826,9.208802543362296,True,True,6.9593976952126e-18,0.9819269123659047,"GJR-GARCH(1,1,1)-t"
26955,9.224179971488446,14.180531379203916,True,True,0.0,0.0,"GJR-GARCH(1,1,1)-t"
26956,10.259869563862583,15.216220971578053,True,True,7.278642359020517e-16,0.3452871411560912,"GJR-GARCH(1,1,1)-t"
26973,-6.080528367407538,-1.1241769596920683,True,True,2.0797857360768115e-15,0.8747241317446881,"GJR-GARCH(1,1,1)-t"
26997,-5.40810040552056,-0.45174899780509037,True,True,4.330992962733164e-15,0.009882185879317875,"GJR-GARCH(1,1,1)-t"
26999,7.482803374165667,12.439154781881136,True,True,0.0,0.9189501342933697,"GJR-GARCH(1,1,1)-t"
27003,-3.501857777645956,1.4544936300695142,True,True,0.07765930778149936,0.0,"GJR-GARCH(1,1,1)-t"
27012,-2.9418273336018004,2.0145240741136696,True,False,1.0,0.0,"GJR-GARCH(1,1,1)-t"
27013,5.270586650061491,10.22693805777696,True,True,0.1274028055560179,0.3912021488009415,"GJR-GARCH(1,1,1)-t"
27014,-2.5373055114321446,2.4190458962833254,True,False,0.17438691289862362,0.9128065435506901,"GJR-GARCH(1,1,1)-t"
27015,25.65658552597209,30.612936933687557,True,True,8.103269852780069e-13,0.8446008833078277,"GJR-GARCH(1,1,1)-t"
27019,4.701173760661897,9.657525168377367,True,False,0.0,0.9999999999999999,"GJR-GARCH(1,1,1)-t"
27020,6.328243792225333,11.284595199940803,True,True,0.26387035315811264,0.04383399975432132,"GJR-GARCH(1,1,1)-t"
27037,-4.742461332358712,0.2138900753567583,True,True,1.0811702759348022e-17,0.8485911257033577,"GJR-GARCH(1,1,1)-t"
27042,19.100129400496918,24.05648080821239,True,True,3.6508425129424586e-15,1.3048972368420856e-14,"GJR-GARCH(1,1,1)-t"
27060,17.21607547901671,22.17242688673218,True,False,0.0,1.0,"GJR-GARCH(1,1,1)-t"
27071,-7.380689972697645,-2.4243385649821754,True,True,6.830039184490877e-16,0.7236922453823494,"GJR-GARCH(1,1,1)-t"
27092,32.426336726932746,37.38268813464822,True,True,0.21622565668173685,2.442448498276807e-13,"GJR-GARCH(1,1,1)-t"
27094,4.784512270812225,9.740863678527695,True,False,0.8027075974126915,0.24306411386455193,"GJR-GARCH(1,1,1)-t"
27095,-7.2508485424244355,-2.2944971347089655,True,False,0.0,0.9999999999978597,"GJR-GARCH(1,1,1)-t"
27120,-4.313825619462321,0.642525788253149,True,False,0.2670107247553029,0.8664946376227495,"GJR-GARCH(1,1,1)-t"
27127,8.834076629331282,13.790428037046752,True,False,0.0,1.0,"GJR-GARCH(1,1,1)-t"
27135,22.563329483801322,27.519680891516792,True,True,0.4252472116967802,0.4362690521899252,"GJR-GARCH(1,1,1)-t"
27149,6.925440911563888,11.88179231927936,True,True,2.8421013082044176e-15,0.020047878639948582,"GJR-GARCH(1,1,1)-t"
27152,33.66971515204022,38.626066559755685,True,False,1.0,0.11719633613701207,"GJR-GARCH(1,1,1)-t"
27153,14.593686140417777,19.550037548133247,True,False,0.4351093892277275,0.782445281973162,"GJR-GARCH(1,1,1)-t"
27154,-0.6799459526697227,4.276405455045747,True,True,0.15845120428068174,0.3608295100993594,"GJR-GARCH(1,1,1)-t"
27158,-7.564115225913511,-2.607763818198041,True,True,4.986626803123185e-15,0.31469963870432227,"GJR-GARCH(1,1,1)-t"
27162,18.446089701198982,23.402441108914452,True,True,0.030065823118470992,0.0,"GJR-GARCH(1,1,1)-t"
27168,9.251949624258476,14.208301031973946,True,False,1.0,1.2720183024685628e-11,"GJR-GARCH(1,1,1)-t"
27174,-11.692493028898955,-6.736141621183485,True,False,0.9999999999999993,0.1888434627570593,"GJR-GARCH(1,1,1)-t"
27178,23.289994972856086,28.24634638057156,True,False,1.0,1.0586492360629179e-11,"GJR-GARCH(1,1,1)-t"
27181,-5.177686057242521,-0.2213346495270514,True,True,1.8885298152444013e-15,0.370521551247319,"GJR-GARCH(1,1,1)-t"
27182,-12.25979909520639,-7.3034476874909195,True,True,7.970891822447334e-17,0.606265774169942,"GJR-GARCH(1,1,1)-t"
27188,33.309638618926556,38.26599002664203,True,True,0.0,0.3939963168569923,"GJR-GARCH(1,1,1)-t"
27194,6.830102837187696,11.786454244903165,True,False,0.0,1.0,"GJR-GARCH(1,1,1)-t"
27208,22.222742025770575,27.179093433486045,True,True,7.102140412835159e-14,0.5579983968690294,"GJR-GARCH(1,1,1)-t"
27215,13.666098047765038,18.622449455480506,True,False,0.6178699927732769,0.6841270094061079,"GJR-GARCH(1,1,1)-t"
27240,25.1985223657903,30.15487377350577,True,False,1.0,0.0,"GJR-GARCH(1,1,1)-t"
27246,-4.0169772702652615,0.9393741374502085,True,False,0.7553911345655224,0.6223044327172268,"GJR-GARCH(1,1,1)-t"
27247,-23.59769142359061,-18.64134001587514,True,False,0.9658633995468215,0.5170683002265796,"GJR-GARCH(1,1,1)-t"
27270,1.48997612429479,6.44632753201026,True,True,2.2051858582250162e-11,0.9467688627719574,"GJR-GARCH(1,1,1)-t"
27278,34.96796986666287,39.924321274378336,True,True,5.764179441895268e-15,0.11243024209333484,"GJR-GARCH(1,1,1)-t"
27288,5.140537176776702,10.096888584492172,True,True,5.390538203062044e-18,0.7947104987734608,"GJR-GARCH(1,1,1)-t"
27289,12.667317819778146,17.623669227493618,True,True,5.612392315893661e-16,9.476321529353561e-19,"GJR-GARCH(1,1,1)-t"
27304,34.49276149323845,39.449112900953914,True,True,0.0,3.5701859291909124e-13,"GJR-GARCH(1,1,1)-t"
27307,14.733853813858603,19.690205221574075,True,False,1.0635514902964358e-15,0.9999999999999324,"GJR-GARCH(1,1,1)-t"
27313,-21.52362245397731,-16.56727104626184,True,False,0.0,0.9999999999999013,"GJR-GARCH(1,1,1)-t"
27317,4.857627913824537,9.813979321540007,True,True,6.99326115366517e-15,0.23811661269156736,"GJR-GARCH(1,1,1)-t"
27339,20.25484252864844,25.21119393636391,True,True,4.529671361570252e-15,0.9560852612128242,"GJR-GARCH(1,1,1)-t"
27361,7.791782613004215,12.748134020719686,True,False,0.9182994596137289,0.31558718789753276,"GJR-GARCH(1,1,1)-t"
27363,-4.334352742805052,0.6219986649104179,True,False,0.6371572038848312,0.6679466712257647,"GJR-GARCH(1,1,1)-t"
27398,6.495325761272923,11.451677168988393,True,True,1.6706400876743146e-13,0.0,"GJR-GARCH(1,1,1)-t"
27403,-11.446257749827382,-6.489906342111912,True,True,8.735992216048191e-17,0.2388411062855709,"GJR-GARCH(1,1,1)-t"
27406,-12.766391266555452,-7.810039858839982,True,True,2.485241005230155e-18,0.9219018509788418,"GJR-GARCH(1,1,1)-t"
27416,37.284736640570976,42.24108804828644,True,False,1.8501393510478765e-17,0.9999999999999993,"GJR-GARCH(1,1,1)-t"
27427,30.999562401649882,35.955913809365356,True,True,0.0,0.9202889532761621,"GJR-GARCH(1,1,1)-t"
27457,41.3117253956865,46.26807680340197,True,True,0.06881077281962795,0.7627513375863741,"GJR-GARCH(1,1,1)-t"
27467,-8.164753153217742,-3.2084017455022718,True,True,1.3648212035865677e-20,0.9906423632799208,"GJR-GARCH(1,1,1)-t"
27469,50.079596824422055,55.03594823213753,True,False,0.0,0.9999999999992957,"GJR-GARCH(1,1,1)-t"
27481,-0.4994531844163035,4.4568982232991665,True,True,1.3848801305542544e-12,1.2746584493296009e-11,"GJR-GARCH(1,1,1)-t"
27487,8.007474211648853,12.963825619364323,True,True,0.4940705722502886,3.054872301469053e-16,"GJR-GARCH(1,1,1)-t"
27493,7.862922180477998,12.819273588193468,True,True,0.0,0.5378428494914436,"GJR-GARCH(1,1,1)-t"
27496,9.276291604657036,14.232643012372506,True,True,3.0913254011714886e-14,0.0,"GJR-GARCH(1,1,1)-t"
27511,6.012758750683118,10.969110158398589,True,True,0.0,0.9099668904661019,"GJR-GARCH(1,1,1)-t"
27514,31.943998985827456,36.90035039354292,True,False,1.0,0.4293783424832229,"GJR-GARCH(1,1,1)-t"
27516,46.39479809470116,51.35114950241663,True,True,0.13421287137142074,0.0,"GJR-GARCH(1,1,1)-t"
27524,-3.482056035250988,1.474295372464482,True,False,0.0,1.0,"GJR-GARCH(1,1,1)-t"
27526,29.413798294069203,34.370149701784676,True,False,1.0,0.0,"GJR-GARCH(1,1,1)-t"
27527,4.193557800380841,9.149909208096311,True,True,1.5703244101960432e-19,0.8356591301038122,"GJR-GARCH(1,1,1)-t"
27534,16.14548867406908,21.10184008178455,True,True,0.0,0.0,"GJR-GARCH(1,1,1)-t"
27543,6.542034589990232,11.498385997705702,True,False,0.3426615567589777,0.8286692216205175,"GJR-GARCH(1,1,1)-t"
27561,8.279523974384848,13.235875382100318,True,True,6.848319115803183e-15,0.6640998417543271,"GJR-GARCH(1,1,1)-t"
27569,3.868928612519147,8.825280020234617,True,True,8.402942953480227e-15,8.025118045729846e-13,"GJR-GARCH(1,1,1)-t"
27581,32.96669632061594,37.92304772833141,True,True,1.1869066233710224e-16,0.135483941288882,"GJR-GARCH(1,1,1)-t"
27585,-14.720959441104444,-9.764608033388974,True,True,9.125518559020475e-14,0.9280687675180481,"GJR-GARCH(1,1,1)-t"
27593,13.124944067462991,18.08129547517846,True,True,0.4972506183928075,2.9515119980191326e-13,"GJR-GARCH(1,1,1)-t"
27595,25.38831543129754,30.34466683901301,True,False,0.5728026031780299,0.48234964042847583,"GJR-GARCH(1,1,1)-t"
27619,25.40803174134974,30.364383149065205,True,True,1.3715510956104669e-15,3.162479144932028e-14,"GJR-GARCH(1,1,1)-t"
27622,17.57834000496156,22.534691412677034,True,True,2.740438071569972e-15,0.5521226993869848,"GJR-GARCH(1,1,1)-t"
27627,-4.701148768501305,0.25520263921416486,True,False,0.0,0.9999999999999915,"GJR-GARCH(1,1,1)-t"
27664,31.49673985459955,36.45309126231502,True,False,1.355116208663293e-14,0.9999999999999766,"GJR-GARCH(1,1,1)-t"
27669,29.901564316138103,34.85791572385357,True,True,3.74683624872509e-15,0.0,"GJR-GARCH(1,1,1)-t"
27711,44.367903282666504,49.32425469038197,True,True,4.017438309133638e-14,1.655488740512338e-16,"GJR-GARCH(1,1,1)-t"
27722,-2.4844226112576706,2.4719287964577994,True,False,0.9999999999999822,9.401317624823961e-15,"GJR-GARCH(1,1,1)-t"
27752,3.3449493126021377,8.301300720317608,True,False,0.6131424084756569,0.4894161001032503,"GJR-GARCH(1,1,1)-t"
27757,-16.7390276682786,-11.782676260563129,True,False,0.9999999999999998,0.3205556791377479,"GJR-GARCH(1,1,1)-t"
27771,5.074474242328412,10.030825650043882,True,True,4.8189236462674116e-17,0.709820316163765,"GJR-GARCH(1,1,1)-t"
27784,7.902020434466994,12.858371842182464,True,True,1.155491562932217e-18,0.8498804685496473,"GJR-GARCH(1,1,1)-t"
27788,28.799065735027156,33.75541714274263,True,True,0.0,0.12016437752251566,"GJR-GARCH(1,1,1)-t"
27795,0.2381109764228917,5.194462384138362,True,False,1.0,0.4999999999999986,"GJR-GARCH(1,1,1)-t"
27799,12.441549556780132,17.3979009644956,True,False,0.4762761824602948,0.761861908766343,"GJR-GARCH(1,1,1)-t"
27810,7.544584195172578,12.500935602888049,True,True,0.0,0.9586315438633517,"GJR-GARCH(1,1,1)-t"
27815,28.54698110836882,33.503332516084285,True,False,2.234779779613812e-20,1.0,"GJR-GARCH(1,1,1)-t"
27822,-1.7477207903560306,3.2086306173594394,True,False,0.711917150661481,0.38794446611309275,"GJR-GARCH(1,1,1)-t"
27828,31.360169253084855,36.31652066080032,True,True,2.473271771094962e-19,5.759984300000462e-14,"GJR-GARCH(1,1,1)-t"
27833,-0.22706374800096008,4.72928765971451,True,True,0.3906681976505653,0.5279319645198218,"GJR-GARCH(1,1,1)-t"
27837,-0.2586501955518159,4.697701212163654,True,False,0.7088302757547498,0.561627498860606,"GJR-GARCH(1,1,1)-t"
27846,16.167470783632325,21.1238221913478,True,True,1.8288989556768651e-13,0.8683400285715654,"GJR-GARCH(1,1,1)-t"
27851,1.6798756737681284,6.636227081483598,True,False,0.5636153465027273,0.718192325366284,"GJR-GARCH(1,1,1)-t"
27854,12.546442621903527,17.502794029618997,True,False,7.675198025579902e-10,1.0,"GJR-GARCH(1,1,1)-t"
27857,7.289721665054617,12.246073072770088,True,True,5.5033041037440385e-09,7.888621688801884e-18,"GJR-GARCH(1,1,1)-t"
27868,-11.552779220410464,-6.596427812694994,True,True,8.568254351201436e-16,0.23162162534218536,"GJR-GARCH(1,1,1)-t"
27875,23.714801993530827,28.671153401246297,True,False,1.282257855686785e-13,0.9999999999987952,"GJR-GARCH(1,1,1)-t"
27876,15.211125242399744,20.167476650115216,True,True,0.0,0.9117799601360531,"GJR-GARCH(1,1,1)-t"
27886,7.80970606117568,12.76605746889115,True,True,1.5670241838377684e-11,0.0,"GJR-GARCH(1,1,1)-t"
27890,8.867220513527112,13.823571921242582,True,True,5.32870922165193e-16,0.1843320458504294,"GJR-GARCH(1,1,1)-t"
27891,29.323874946846185,34.280226354561655,True,True,0.128674973335751,0.1591241733967274,"GJR-GARCH(1,1,1)-t"
27910,32.92106274161925,37.877414149334726,True,False,0.7083007430643959,0.5781976712405438,"GJR-GARCH(1,1,1)-t"
27919,-4.869725952079197,0.08662545563627333,True,False,0.9999999999999994,1.8588022669668601e-16,"GJR-GARCH(1,1,1)-t"
27932,11.864216272055707,16.820567679771177,True,True,3.7280660493750265e-11,0.0,"GJR-GARCH(1,1,1)-t"
27939,-7.905172056663073,-2.9488206489476028,True,True,0.0,0.9266997215465981,"GJR-GARCH(1,1,1)-t"
27940,34.650938159638144,39.60728956735362,True,False,0.09698434325201324,0.9263965413393457,"GJR-GARCH(1,1,1)-t"
27956,4.710861655740592,9.667213063456062,True,False,0.9999999999999993,0.5000000000000004,"GJR-GARCH(1,1,1)-t"
27957,10.871291163766035,15.827642571481505,True,True,0.0,0.698880677435394,"GJR-GARCH(1,1,1)-t"
27962,-6.426999551597497,-1.470648143882027,True,True,9.457304286540496e-13,0.8113972960175042,"GJR-GARCH(1,1,1)-t"
27964,-3.0646327240666764,1.8917186836487936,True,True,2.949229710291292e-13,0.9553222301787526,"GJR-GARCH(1,1,1)-t"
27970,-3.396216489879155,1.560134917836315,True,False,0.447906445922918,0.7760467770385406,"GJR-GARCH(1,1,1)-t"
27974,5.307955207564818,10.264306615280288,True,True,0.0,0.9872886344759227,"GJR-GARCH(1,1,1)-t"
27977,-1.404045986640348,3.552305421075122,True,True,1.928237525229136e-17,1.1459056116317864e-19,"GJR-GARCH(1,1,1)-t"
27978,18.953675217280185,23.910026624995655,True,True,1.5102352160856658e-14,1.2897357044012262e-13,"GJR-GARCH(1,1,1)-t"
27981,6.342823585320454,11.299174993035924,True,True,7.222493721707542e-14,0.7690626526047776,"GJR-GARCH(1,1,1)-t"
27985,28.080006280785966,33.03635768850143,True,True,1.014503069003106e-14,0.8230819061913128,"GJR-GARCH(1,1,1)-t"
27989,20.78723145540901,25.74358286312448,True,True,1.6790833966829563e-16,0.009023270585100133,"GJR-GARCH(1,1,1)-t"
27994,-6.8014593365271665,-1.8451079288116965,True,False,0.9999999999996174,0.453899737866233,"GJR-GARCH(1,1,1)-t"
28002,-0.1418157008194001,4.81453570689607,True,True,0.0,0.6322266675806228,"GJR-GARCH(1,1,1)-t"
28020,0.7241012966708471,5.680452704386317,True,True,5.824275660501428e-16,0.3521765080731568,"GJR-GARCH(1,1,1)-t"
28022,9.670788560001377,14.627139967716847,True,True,3.054884646719059e-17,0.00765748827489132,"GJR-GARCH(1,1,1)-t"
28043,6.1600565011504305,11.1164079088659,True,True,7.906244272652482e-15,0.1369582277043308,"GJR-GARCH(1,1,1)-t"
28066,5.586993269125786,10.543344676841256,True,True,3.6759303740838725e-17,4.1350652553347076e-16,"GJR-GARCH(1,1,1)-t"
28070,16.048469844353924,21.004821252069394,True,True,7.288927555896773e-22,9.19940692297265e-21,"GJR-GARCH(1,1,1)-t"
28078,21.441806820829356,26.398158228544826,True,True,0.0,0.9661809673840296,"GJR-GARCH(1,1,1)-t"
28111,-1.6815936157657525,3.2747577919497175,True,True,5.431555804401315e-16,0.961758873995997,"GJR-GARCH(1,1,1)-t"
28121,24.096494412478023,29.052845820193493,True,True,1.60147026314721e-14,0.9849450071812347,"GJR-GARCH(1,1,1)-t"
28122,5.382094622123837,10.338446029839307,True,False,0.174403968726168,0.9127980156369161,"GJR-GARCH(1,1,1)-t"
28126,-0.7252827665933523,4.231068641122118,True,True,5.627808964505682e-16,0.9732500135760161,"GJR-GARCH(1,1,1)-t"
28186,10.488323050839092,15.444674458554562,True,True,5.495138753815117e-16,0.0,"GJR-GARCH(1,1,1)-t"
28190,17.982859084230235,22.939210491945705,True,False,0.9999999999999908,0.0,"GJR-GARCH(1,1,1)-t"
28192,40.563041996984296,45.51939340469976,True,False,1.1910233182145898e-14,0.9999991000280939,"GJR-GARCH(1,1,1)-t"
28200,29.38117306062349,34.337524468338955,True,True,2.4279672359213805e-15,0.911814778297045,"GJR-GARCH(1,1,1)-t"
28210,15.938456229558302,20.89480763727377,True,True,7.93797193373777e-17,0.9260063054152831,"GJR-GARCH(1,1,1)-t"
28217,11.76193756351499,16.71828897123046,True,True,1.6022201266302373e-15,4.004601201234594e-16,"GJR-GARCH(1,1,1)-t"
28225,2.761800949011203,7.718152356726673,True,False,0.999999999999301,0.039990645497249795,"GJR-GARCH(1,1,1)-t"
28244,6.047797623634599,11.00414903135007,True,True,1.1661680165347103e-15,0.024697333565774256,"GJR-GARCH(1,1,1)-t"
28256,17.923082380628102,22.87943378834357,True,True,2.070013678694118e-15,0.9295302831624983,"GJR-GARCH(1,1,1)-t"
28262,21.571554607086608,26.527906014802078,True,True,0.0,0.7117206113108739,"GJR-GARCH(1,1,1)-t"
28267,-5.469726299324893,-0.5133748916094234,True,True,2.0711795180293895e-15,0.9946326617804431,"GJR-GARCH(1,1,1)-t"
28292,50.67662415948212,55.63297556719759,True,True,0.0,0.9668777084372463,"GJR-GARCH(1,1,1)-t"
28319,26.831076631116346,31.787428038831816,True,True,0.0,0.8118813089256776,"GJR-GARCH(1,1,1)-t"
28323,8.2485854854286,13.20493689314407,True,True,0.0,2.1329139308414658e-12,"GJR-GARCH(1,1,1)-t"
28328,-9.46963601464573,-4.5132846069302595,True,True,0.0,0.15868021896780962,"GJR-GARCH(1,1,1)-t"
28342,9.380259054898712,14.336610462614182,True,True,0.20101937160853084,5.659595420137442e-15,"GJR-GARCH(1,1,1)-t"
28354,-0.9458814109549856,4.010469996760484,True,True,0.0,0.16587075271005056,"GJR-GARCH(1,1,1)-t"
28371,24.3083189215086,29.264670329224074,True,False,0.0,1.0,"GJR-GARCH(1,1,1)-t"
28379,30.46478695796428,35.42113836567975,True,False,0.5454168262162528,0.7128849473896819,"GJR-GARCH(1,1,1)-t"
28380,16.539903553799416,21.496254961514886,True,True,1.7352373624042784e-14,0.5524836976121155,"GJR-GARCH(1,1,1)-t"
28395,7.260863990703972,12.217215398419441,True,True,0.4477097806040899,9.318527361894723e-16,"GJR-GARCH(1,1,1)-t"
28401,-7.071828475542791,-2.115477067827321,True,False,0.21435531265690153,0.892822343670565,"GJR-GARCH(1,1,1)-t"
28409,24.648503860271468,29.60485526798694,True,True,0.0,0.0,"GJR-GARCH(1,1,1)-t"
28422,0.4862601697552744,5.442611577470744,True,True,2.750901714941386e-20,2.381611467750003e-16,"GJR-GARCH(1,1,1)-t"
28426,13.457681733361007,18.414033141076477,True,True,4.415498575984039e-12,0.6926074899497361,"GJR-GARCH(1,1,1)-t"
28429,8.504863806822684,13.461215214538154,True,True,0.03549838627141323,0.8465389791890631,"GJR-GARCH(1,1,1)-t"
28449,28.79459471642054,33.75094612413601,True,True,9.093283038959694e-14,0.9800567404643802,"GJR-GARCH(1,1,1)-t"
28474,33.0088459871359,37.96519739485137,True,True,1.2923415525782415e-16,0.7217361489423513,"GJR-GARCH(1,1,1)-t"
28475,-13.410293894167406,-8.453942486451936,True,True,1.3766741188596432e-15,9.757560463314772e-14,"GJR-GARCH(1,1,1)-t"
28484,17.053253884224965,22.009605291940435,True,False,0.4158140769098088,0.7626590970816142,"GJR-GARCH(1,1,1)-t"
28485,7.838664445417301,12.795015853132771,True,True,0.0,1.0365244903228681e-13,"GJR-GARCH(1,1,1)-t"
28499,3.124662841217633,8.081014248933103,True,False,0.13420629465735856,0.9328968526713143,"GJR-GARCH(1,1,1)-t"
28509,3.2230213862592976,8.179372793974768,True,True,0.02593797874710264,5.585478092396042e-16,"GJR-GARCH(1,1,1)-t"
28512,-10.530733047316883,-5.5743816396014125,True,False,0.9999999999999964,0.11330272916546452,"GJR-GARCH(1,1,1)-t"
28521,18.155145309028242,23.111496716743716,True,True,3.1977914508717954e-14,0.7551231958062156,"GJR-GARCH(1,1,1)-t"
28527,8.512251363003308,13.468602770718778,True,False,6.773877728247288e-17,1.0,"GJR-GARCH(1,1,1)-t"
28534,5.827845653095515,10.784197060810985,True,True,2.39209936216222e-15,0.9961058929418071,"GJR-GARCH(1,1,1)-t"
28539,-2.3528664255552805,2.6034849821601895,True,True,9.917233614607268e-13,1.7898310371547156e-11,"GJR-GARCH(1,1,1)-t"
28541,15.368088943416312,20.324440351131784,True,True,1.7074383810478698e-09,0.9099722693243479,"GJR-GARCH(1,1,1)-t"
28563,-19.31648191175502,-14.36013050403955,True,True,0.9971766429373519,2.484261699370422e-10,"GJR-GARCH(1,1,1)-t"
28572,-3.9705797750382708,0.9857716326771992,True,True,6.545668194346084e-17,4.429276486139971e-14,"GJR-GARCH(1,1,1)-t"
28596,22.119888556284888,27.076239964000358,True,False,2.053142964741936e-14,0.999999999999994,"GJR-GARCH(1,1,1)-t"
28619,48.80730161482608,53.76365302254155,True,True,6.764117088500173e-15,0.7587436970246311,"GJR-GARCH(1,1,1)-t"
28625,5.387811880886808,10.344163288602278,True,True,0.0,0.9534525630095914,"GJR-GARCH(1,1,1)-t"
28634,35.234117592269286,40.19046899998476,True,True,5.528547231528869e-15,0.1835463510618403,"GJR-GARCH(1,1,1)-t"
28635,4.9474726579184,9.90382406563387,True,True,0.0,0.9535743475480805,"GJR-GARCH(1,1,1)-t"
28656,42.21689254012585,47.173243947841314,True,True,4.538572134364411e-16,5.056813670476635e-16,"GJR-GARCH(1,1,1)-t"
28670,-1.0571188579606705,3.8992325497547995,True,True,3.048113602880768e-16,0.725485744610851,"GJR-GARCH(1,1,1)-t"
28676,10.773865893654158,15.730217301369628,True,True,1.3532696086910637e-14,0.7123781051743454,"GJR-GARCH(1,1,1)-t"
28697,24.903898631892755,29.860250039608225,True,True,1.1459655581171761e-18,0.7120601307787622,"GJR-GARCH(1,1,1)-t"
28737,14.92807326741152,19.88442467512699,True,True,1.7800748335411516e-14,0.979115410385304,"GJR-GARCH(1,1,1)-t"
28745,12.971627405396301,17.92797881311177,True,True,3.144129777509269e-15,0.39580504733253113,"GJR-GARCH(1,1,1)-t"
28757,-0.10991671186917884,4.846434695846291,True,True,3.341314698232712e-16,0.4239184086341729,"GJR-GARCH(1,1,1)-t"
28761,38.219929943478654,43.17628135119412,True,True,0.0,7.834903124560468e-13,"GJR-GARCH(1,1,1)-t"
28770,33.48732763457518,38.443679042290654,True,False,0.0,1.0,"GJR-GARCH(1,1,1)-t"
28775,29.073181223180274,34.029532630895744,True,True,0.0,0.9782475390733103,"GJR-GARCH(1,1,1)-t"
28779,2.4705798122298575,7.4269312199453275,True,True,0.0,0.9818551425542945,"GJR-GARCH(1,1,1)-t"
28801,32.21056648845492,37.16691789617039,True,True,0.0,0.8277776010511692,"GJR-GARCH(1,1,1)-t"
28820,47.99135763020082,52.94770903791628,True,True,0.44709280993474587,4.677838313447498e-10,"GJR-GARCH(1,1,1)-t"
28832,17.589111445191136,22.54546285290661,True,True,0.0,0.9284887881350786,"GJR-GARCH(1,1,1)-t"
28837,8.587991782006164,13.544343189721634,True,True,8.106185992456802e-22,1.3520503553693427e-22,"GJR-GARCH(1,1,1)-t"
28838,33.77955794800754,38.73590935572301,True,True,0.0,2.2687825609940885e-06,"GJR-GARCH(1,1,1)-t"
28839,24.757287757297323,29.713639165012793,True,True,1.5367172046732585e-15,0.5679816310607586,"GJR-GARCH(1,1,1)-t"
28841,19.312431733530303,24.268783141245773,True,True,1.1622599005101868e-18,0.9596354717642646,"GJR-GARCH(1,1,1)-t"
28868,-0.16533891119998856,4.7910124965154814,True,True,0.0,0.9809784618356697,"GJR-GARCH(1,1,1)-t"
28877,1.6926917075256824,6.649043115241152,True,True,0.7362122837102,1.9307711692772796e-16,"GJR-GARCH(1,1,1)-t"
28880,0.18411084899423713,5.140462256709707,True,True,6.639557616191346e-12,0.9592791188974447,"GJR-GARCH(1,1,1)-t"
28881,-8.820100185023389,-3.8637487773079187,True,True,3.1939482921462295e-07,0.976889113260454,"GJR-GARCH(1,1,1)-t"
28896,9.162392047677102,14.118743455392572,True,False,0.0,0.9999999999883006,"GJR-GARCH(1,1,1)-t"
28898,22.92703842702916,27.88338983474463,True,True,2.329779978927815e-20,0.1921618689859378,"GJR-GARCH(1,1,1)-t"
28930,42.937207520836395,47.89355892855187,True,True,0.32308253123334313,0.24329457324093806,"GJR-GARCH(1,1,1)-t"
28932,34.549520024430784,39.50587143214625,True,True,4.5675682949724767e-14,0.8960948198942356,"GJR-GARCH(1,1,1)-t"
28958,2.3890313643084102,7.34538277202388,True,True,0.0,0.9797284173390709,"GJR-GARCH(1,1,1)-t"
28959,-16.422372733765634,-11.466021326050164,True,False,0.0,1.0,"GJR-GARCH(1,1,1)-t"
28963,1.556797818985867,6.513149226701337,True,False,3.3070940458540555e-15,1.0,"GJR-GARCH(1,1,1)-t"
28969,3.8702573706386847,8.826608778354155,True,True,1.0302930274546544e-13,0.963692058013641,"GJR-GARCH(1,1,1)-t"
28983,5.169451421984963,10.125802829700433,True,True,5.62890280149201e-13,0.9466148198155201,"GJR-GARCH(1,1,1)-t"
28992,6.485131462094257,11.441482869809727,True,False,7.777667864138648e-14,0.9999999999991905,"GJR-GARCH(1,1,1)-t"
28993,-8.543240658659368,-3.586889250943898,True,True,1.3922045918256269e-15,0.8685616345282923,"GJR-GARCH(1,1,1)-t"
29003,-4.68036047250369,0.2759909352117802,True,True,0.0,0.0,"GJR-GARCH(1,1,1)-t"
29005,13.667234892545517,18.62358630026099,True,False,3.672983798607903e-15,0.9999999999999943,"GJR-GARCH(1,1,1)-t"
29012,-4.807701291034036,0.14865011668143424,True,True,0.0,0.8722608923097841,"GJR-GARCH(1,1,1)-t"
29026,11.28414525046702,16.24049665818249,True,True,3.522449775667752e-13,0.9498951175230884,"GJR-GARCH(1,1,1)-t"
29037,18.516256983560606,23.472608391276076,True,False,1.0,0.0,"GJR-GARCH(1,1,1)-t"
29046,12.644968569853694,17.601319977569162,True,True,3.1817114662825824e-19,0.38578381836113873,"GJR-GARCH(1,1,1)-t"
29048,18.367462707972585,23.32381411568806,True,True,0.9846335490355511,2.555754023510723e-13,"GJR-GARCH(1,1,1)-t"
29054,-11.94143049230663,-6.98507908459116,True,True,4.4309153046566805e-15,3.8710978373115955e-14,"GJR-GARCH(1,1,1)-t"
29064,24.90863777529316,29.86498918300863,True,True,2.46954597593486e-13,0.9815230869523638,"GJR-GARCH(1,1,1)-t"
29089,-2.521999803027782,2.434351604687688,True,True,0.12718815607856324,0.807693484394256,"GJR-GARCH(1,1,1)-t"
29106,25.72972716737611,30.686078575091585,True,True,0.0,0.09573848955834104,"GJR-GARCH(1,1,1)-t"
29120,-3.4881110095333163,1.4682403981821537,True,True,7.185416894118667e-17,0.9061859585435603,"GJR-GARCH(1,1,1)-t"
29138,20.44912979618272,25.40548120389819,True,True,1.243222231293691e-15,0.7249257310307838,"GJR-GARCH(1,1,1)-t"
29139,21.45983923274489,26.41619064046036,True,True,0.6352687796566248,1.316477752675337e-16,"GJR-GARCH(1,1,1)-t"
29145,41.52881582012913,46.4851672278446,True,True,0.0,0.926929284304131,"GJR-GARCH(1,1,1)-t"
29149,7.20841242831449,12.164763836029959,True,True,0.0,0.7804483781031228,"GJR-GARCH(1,1,1)-t"
29150,10.829435666835534,15.785787074551004,True,True,5.2437768438301405e-14,1.1447413372679527e-14,"GJR-GARCH(1,1,1)-t"
29171,23.45590534392411,28.412256751639575,True,True,2.0824721606365177e-18,0.8852731508445556,"GJR-GARCH(1,1,1)-t"
29219,9.474210862584643,14.430562270300113,True,False,0.0,1.0,"GJR-GARCH(1,1,1)-t"
29226,-10.696320332229504,-5.739968924514034,True,True,3.927710548254013e-15,0.7068408998716305,"GJR-GARCH(1,1,1)-t"
29228,-4.592541746548704,0.3638096611667656,True,True,9.81135759870572e-13,0.6105437714207265,"GJR-GARCH(1,1,1)-t"
29239,17.49508961270842,22.451441020423886,True,True,0.3148912380788551,1.1858223564253128e-08,"GJR-GARCH(1,1,1)-t"
29240,57.32362203822969,62.27997344594516,True,True,4.2209521679029595e-14,0.20694370598244555,"GJR-GARCH(1,1,1)-t"
29246,-4.2280592730935425,0.7282921346219275,True,True,0.0,0.3715170695262477,"GJR-GARCH(1,1,1)-t"
29252,-6.526193949556436,-1.5698425418409663,True,True,1.8708995897670802e-10,0.8195559709225095,"GJR-GARCH(1,1,1)-t"
29267,10.684018881561535,15.640370289277005,True,True,1.8382116396400195e-14,0.9961939761675951,"GJR-GARCH(1,1,1)-t"
29271,22.25950381150659,27.21585521922206,True,True,0.9136228089359335,7.164137155720963e-09,"GJR-GARCH(1,1,1)-t"
29280,5.7052864084058115,10.661637816121281,True,True,0.07458118108191486,0.4613750308644898,"GJR-GARCH(1,1,1)-t"
29296,3.113874846285075,8.070226254000545,True,True,0.0,0.988076066434062,"GJR-GARCH(1,1,1)-t"
29302,18.54498957363484,23.50134098135031,True,False,5.349413350667723e-10,1.0,"GJR-GARCH(1,1,1)-t"
29316,7.182530039239255,12.138881446954725,True,False,0.9999999999999999,0.03269122582183219,"GJR-GARCH(1,1,1)-t"
29330,,,False,False,,,"GJR-GARCH(1,1,1)-t"
29336,-3.5829113239267905,1.3734400837886795,True,True,1.9095590467475137e-11,0.9049859071374698,"GJR-GARCH(1,1,1)-t"
29337,32.09890029921465,37.05525170693012,True,True,7.264365464792721e-14,0.5824549923804103,"GJR-GARCH(1,1,1)-t"
29362,18.350609258696196,23.306960666411666,True,False,0.9999999999999982,0.3685292688112638,"GJR-GARCH(1,1,1)-t"
29374,34.889131426582146,39.84548283429761,True,True,0.0,0.0,"GJR-GARCH(1,1,1)-t"
29375,0.6016685643485378,5.558019972064008,True,True,0.0,0.9732175854148183,"GJR-GARCH(1,1,1)-t"
29380,35.58685203725843,40.5432034449739,True,False,0.0,0.9999999999999684,"GJR-GARCH(1,1,1)-t"
29429,12.968990255620634,17.925341663336102,True,True,0.8056412280184059,0.08428176635398059,"GJR-GARCH(1,1,1)-t"
29431,37.50530297247886,42.46165438019433,True,False,0.04026484149503928,0.9798675792524876,"GJR-GARCH(1,1,1)-t"
29441,-11.578276434400806,-6.621925026685336,True,True,0.817612365699914,3.4404148041269697e-16,"GJR-GARCH(1,1,1)-t"
29445,10.070589789313503,15.026941197028973,True,True,0.7571509948629361,9.020471836489502e-21,"GJR-GARCH(1,1,1)-t"
29448,-7.164854662565155,-2.208503254849685,True,True,6.511965212934853e-15,0.806868198145202,"GJR-GARCH(1,1,1)-t"
29480,-0.03811352871273499,4.918237879002735,True,True,7.837536252980627e-16,0.4235137339752514,"GJR-GARCH(1,1,1)-t"
29494,-4.221887737700186,0.734463670015284,True,False,2.301557843070217e-16,0.9999999999999986,"GJR-GARCH(1,1,1)-t"
29504,7.707764681924601,12.664116089640071,True,True,4.41377816236923e-13,0.7382506715432139,"GJR-GARCH(1,1,1)-t"
29507,-0.6882821140541164,4.268069293661354,True,True,0.18776440736018118,7.873843617365086e-17,"GJR-GARCH(1,1,1)-t"
29515,27.434558029588842,32.390909437304316,True,False,0.9999999999755734,2.1020254374839127e-11,"GJR-GARCH(1,1,1)-t"
29517,12.37825199738707,17.33460340510254,True,False,6.891788236864575e-14,0.9999999999997269,"GJR-GARCH(1,1,1)-t"
29548,22.823653402830818,27.780004810546288,True,True,0.5974056335895297,1.37230504025187e-17,"GJR-GARCH(1,1,1)-t"
29554,-8.321397572920485,-3.3650461652050154,True,True,0.5682456616390191,0.11326486611926945,"GJR-GARCH(1,1,1)-t"
29568,24.539678642838698,29.496030050554168,True,True,0.0,0.8305871282828192,"GJR-GARCH(1,1,1)-t"
29570,30.266701981640658,35.223053389356124,True,False,0.9999999999999942,5.007909329217234e-15,"GJR-GARCH(1,1,1)-t"
29577,0.840279366458816,5.796630774174286,True,True,0.0,0.9406785077021685,"GJR-GARCH(1,1,1)-t"
29583,-4.53768465773652,0.41866674997895004,True,True,1.5898756296677378e-07,0.7331573784390196,"GJR-GARCH(1,1,1)-t"
29590,2.3847143182466723,7.341065725962142,True,True,2.908536184112437e-11,0.8596711236727008,"GJR-GARCH(1,1,1)-t"
29592,18.583306632354144,23.539658040069614,True,True,5.355123327361253e-15,0.6683689897228828,"GJR-GARCH(1,1,1)-t"
29608,15.14113014227806,20.097481549993528,True,False,3.882359484263715e-10,0.9999999990938351,"GJR-GARCH(1,1,1)-t"
29614,2.0339255349665937,6.990276942682064,True,True,7.37313101208123e-18,0.9637171195987115,"GJR-GARCH(1,1,1)-t"
29616,18.13804315894849,23.09439456666396,True,True,3.056203686728576e-16,0.7418276701202458,"GJR-GARCH(1,1,1)-t"
29634,12.331444818385744,17.287796226101214,True,True,4.278018116189781e-15,0.9548668753968573,"GJR-GARCH(1,1,1)-t"
29644,27.695492908761018,32.651844316476485,True,False,7.312001220535308e-18,1.0,"GJR-GARCH(1,1,1)-t"
29649,1.3518700952368476,6.308221502952318,True,True,8.084170887551592e-19,0.23931443261040072,"GJR-GARCH(1,1,1)-t"
29656,9.913870001899538,14.870221409615008,True,True,2.8796606248012757e-14,0.8809185034212987,"GJR-GARCH(1,1,1)-t"
29664,18.62582026687842,23.582171674593887,True,True,3.2011877838659366e-15,0.0,"GJR-GARCH(1,1,1)-t"
29672,31.042168889501557,35.99852029721703,True,True,0.0,0.4856599829423004,"GJR-GARCH(1,1,1)-t"
29676,-1.9545385142574183,3.0018128934580517,True,False,9.63834200486636e-17,0.9999999999999994,"GJR-GARCH(1,1,1)-t"
29679,6.182365184003916,11.138716591719387,True,False,0.9999999999941254,3.1604272662498635e-12,"GJR-GARCH(1,1,1)-t"
29692,20.649006935999893,25.60535834371536,True,True,0.0,0.9770598978994457,"GJR-GARCH(1,1,1)-t"
29716,15.49095993654611,20.447311344261582,True,True,0.09475312695491486,0.0,"GJR-GARCH(1,1,1)-t"
29740,-1.2883768101333803,3.6679745975820897,True,True,0.11867081974703061,3.494508287650248e-17,"GJR-GARCH(1,1,1)-t"
29746,2.763285398548547,7.719636806264017,True,True,6.032081217553853e-16,8.043142188842307e-16,"GJR-GARCH(1,1,1)-t"
29761,1.2931925516790255,6.2495439593944955,True,True,6.481726210804776e-17,0.9457223829993489,"GJR-GARCH(1,1,1)-t"
29775,14.55492050504862,19.51127191276409,True,True,0.025459246932319542,0.9413765041719621,"GJR-GARCH(1,1,1)-t"
29786,28.707055004688257,33.66340641240373,True,True,3.695764386216359e-15,0.19981170829541778,"GJR-GARCH(1,1,1)-t"
29791,17.784762223060216,22.741113630775686,True,True,7.822423519165266e-12,2.9879893348761425e-10,"GJR-GARCH(1,1,1)-t"
29793,7.485615737327683,12.441967145043153,True,True,2.315932615987172e-15,0.0,"GJR-GARCH(1,1,1)-t"
29802,43.03150621208425,47.98785761979972,True,True,0.0,0.964304681042286,"GJR-GARCH(1,1,1)-t"
29819,7.700298821822144,12.656650229537615,True,False,1.0,0.09600327264394885,"GJR-GARCH(1,1,1)-t"
29823,14.153092416885624,19.109443824601094,True,True,0.0,0.6436386384184493,"GJR-GARCH(1,1,1)-t"
29824,15.62752601244183,20.5838774201573,True,True,0.5514300518500908,0.2671556927909743,"GJR-GARCH(1,1,1)-t"
29828,18.25966390358508,23.21601531130055,True,True,0.20644683337034558,0.6154592319123762,"GJR-GARCH(1,1,1)-t"
29842,-4.397473519169871,0.5588778885455987,True,True,2.4669163394306027e-19,2.0255576959835434e-18,"GJR-GARCH(1,1,1)-t"
29850,20.162696567962275,25.119047975677745,True,True,1.298255455382508e-14,0.8694506341950091,"GJR-GARCH(1,1,1)-t"
29853,-1.147198363319509,3.809153044395961,True,True,0.0,0.9748332021504473,"GJR-GARCH(1,1,1)-t"
29871,1.1830086101844977,6.139360017899968,True,True,0.1395982553267488,0.0,"GJR-GARCH(1,1,1)-t"
29872,23.455402969385954,28.411754377101424,True,True,0.8370819487127743,3.767257248315231e-09,"GJR-GARCH(1,1,1)-t"
29875,8.875065285972834,13.831416693688304,True,True,1.3154820415735673e-17,7.097234982232832e-17,"GJR-GARCH(1,1,1)-t"
29880,21.747809401907332,26.704160809622802,True,False,0.5003168268659739,0.7498415853352921,"GJR-GARCH(1,1,1)-t"
29885,-4.315974415379049,0.6403769923364209,True,False,0.9621270840785309,0.14519801386753267,"GJR-GARCH(1,1,1)-t"
29889,13.142733573239209,18.09908498095468,True,True,4.232664107956266e-14,0.3491541213424508,"GJR-GARCH(1,1,1)-t"
29906,10.55680261620872,15.51315402392419,True,False,3.4928074477335e-15,0.9999999999999942,"GJR-GARCH(1,1,1)-t"
29930,19.95169382846269,24.90804523617816,True,True,4.005323801409019e-15,0.7737701622950741,"GJR-GARCH(1,1,1)-t"
29932,38.60927616848208,43.565627576197556,True,True,0.0,0.5363140273791295,"GJR-GARCH(1,1,1)-t"
29941,-18.118902977882207,-13.162551570166737,True,True,1.154837583519245e-15,9.441023249870243e-15,"GJR-GARCH(1,1,1)-t"
29943,18.749496273594318,23.70584768130979,True,True,2.077161657382768e-15,0.33324785581058797,"GJR-GARCH(1,1,1)-t"
29944,15.428637132729461,20.38498854044493,True,True,0.6468082687955041,7.258207922210911e-12,"GJR-GARCH(1,1,1)-t"
29947,-3.6945022993106456,1.2618491084048244,True,False,1.0,0.10504667598014951,"GJR-GARCH(1,1,1)-t"
29965,-1.19762333355912,3.75872807415635,True,True,4.183923416919413e-15,0.500824595565182,"GJR-GARCH(1,1,1)-t"
29972,3.4098691489175774,8.366220556633047,True,True,8.179973777008819e-17,0.6597369784552293,"GJR-GARCH(1,1,1)-t"
29974,10.356920685774044,15.313272093489514,True,True,0.0,0.0,"GJR-GARCH(1,1,1)-t"
29990,-6.17893722612807,-1.2225858184126004,True,True,0.48344095351670313,2.676799226379711e-22,"GJR-GARCH(1,1,1)-t"
29997,12.949874557042143,17.906225964757613,True,False,0.0,1.0,"GJR-GARCH(1,1,1)-t"
30013,-3.3535800225274954,1.6027713851879746,True,False,9.774840060241938e-16,1.0,"GJR-GARCH(1,1,1)-t"
30023,8.306536577666234,13.262887985381704,True,True,1.6491747629147822e-13,9.277151665964676e-12,"GJR-GARCH(1,1,1)-t"
30040,-2.2327066729015925,2.7236447348138775,True,False,1.0,0.0,"GJR-GARCH(1,1,1)-t"
30050,-7.014205909245781,-2.0578545015303114,True,True,1.269102159958264e-13,0.8556953952316588,"GJR-GARCH(1,1,1)-t"
30063,31.734719095881573,36.69107050359705,True,False,4.688486214619521e-15,0.999999999999672,"GJR-GARCH(1,1,1)-t"
30078,16.124970633490523,21.081322041205993,True,True,1.0369231775627496e-14,0.8937596380929059,"GJR-GARCH(1,1,1)-t"
30103,17.5931037376944,22.54945514540987,True,False,0.9999999999978008,1.1466138591534511e-12,"GJR-GARCH(1,1,1)-t"
30106,33.44346747546687,38.399818883182334,True,True,1.2602058928370021e-15,6.0964834893568884e-15,"GJR-GARCH(1,1,1)-t"
30125,6.845014020562996,11.801365428278466,True,False,0.0,1.0,"GJR-GARCH(1,1,1)-t"
30128,88.2365452515869,93.19289665930238,True,True,0.0,0.6510715996407729,"GJR-GARCH(1,1,1)-t"
30134,-5.249224274589661,-0.2928728668741911,True,False,1.5074979142688124e-14,0.9999999999905937,"GJR-GARCH(1,1,1)-t"
30169,8.03144265497288,12.98779406268835,True,True,0.0,0.9248033458223176,"GJR-GARCH(1,1,1)-t"
30177,-10.426241538725296,-5.4698901310098265,True,True,0.06227467388204606,0.8834850749545392,"GJR-GARCH(1,1,1)-t"
30183,2.0038823218736574,6.9602337295891274,True,True,3.831406721741181e-11,0.9817015464401889,"GJR-GARCH(1,1,1)-t"
30208,26.09215540518598,31.04850681290145,True,True,0.0,0.9564009555867022,"GJR-GARCH(1,1,1)-t"
30210,1.6652498948599899,6.62160130257546,True,True,0.0,0.1639274691518727,"GJR-GARCH(1,1,1)-t"
30212,10.51433346987617,15.47068487759164,True,True,0.0,0.2837931032068919,"GJR-GARCH(1,1,1)-t"
30215,25.052474215855675,30.00882562357115,True,True,7.076570930320119e-15,6.049432272391567e-16,"GJR-GARCH(1,1,1)-t"
30224,-8.366885241607278,-3.410533833891808,True,False,1.0,0.22251462116134946,"GJR-GARCH(1,1,1)-t"
30225,11.333764009303382,16.290115417018853,True,True,1.067399107061476e-15,5.0515863170175044e-18,"GJR-GARCH(1,1,1)-t"
30232,13.408470002020355,18.364821409735825,True,False,0.9999999999998409,0.4167999613465434,"GJR-GARCH(1,1,1)-t"
30244,17.226735236351477,22.183086644066947,True,True,1.3422923140455568e-13,9.150784728870727e-14,"GJR-GARCH(1,1,1)-t"
30250,22.912686734545208,27.869038142260678,True,True,0.36805821434078495,0.6251694120583561,"GJR-GARCH(1,1,1)-t"
30256,19.144875995537273,24.101227403252743,True,True,1.9590044363850753e-15,0.9851469294449241,"GJR-GARCH(1,1,1)-t"
30272,20.519270510168603,25.475621917884073,True,False,0.0,1.0,"GJR-GARCH(1,1,1)-t"
30276,16.860531749263412,21.816883156978882,True,True,8.266126514487925e-15,0.9101878796665807,"GJR-GARCH(1,1,1)-t"
30279,23.341672891898526,28.298024299614,True,True,0.37251940209479545,0.0,"GJR-GARCH(1,1,1)-t"
30303,9.860532100286893,14.816883508002363,True,True,2.0048495274127546e-12,0.9386829975868376,"GJR-GARCH(1,1,1)-t"
30304,3.2320517437369087,8.188403151452379,True,True,6.560289619947815e-17,0.7085598892885661,"GJR-GARCH(1,1,1)-t"
30312,1.4863559930586927,6.442707400774163,True,False,7.363411118947504e-16,1.0,"GJR-GARCH(1,1,1)-t"
30313,14.980278284246712,19.93662969196218,True,True,6.219106186351752e-17,0.9079769077820468,"GJR-GARCH(1,1,1)-t"
30325,16.19178872337842,21.14814013109389,True,False,1.0,0.40203035660448055,"GJR-GARCH(1,1,1)-t"
30327,15.967034543809264,20.923385951524736,True,True,0.0,0.7688764481543274,"GJR-GARCH(1,1,1)-t"
30328,23.277694016929225,28.234045424644698,True,True,0.0,9.28135521576232e-13,"GJR-GARCH(1,1,1)-t"
30334,-1.0428332249993932,3.9135181827160768,True,True,0.15067613965358131,1.8965001839169813e-13,"GJR-GARCH(1,1,1)-t"
30339,4.513678907132455,9.470030314847925,True,True,5.44849360267944e-16,0.7455195244365449,"GJR-GARCH(1,1,1)-t"
30341,8.399986990073673,13.356338397789143,True,True,0.0,0.9732169656178522,"GJR-GARCH(1,1,1)-t"
30350,-14.485608495049291,-9.529257087333821,True,False,0.9999999999999882,2.7638710006002623e-15,"GJR-GARCH(1,1,1)-t"
30357,1.8629779583044783,6.819329366019948,True,True,0.0,1.524438953960342e-12,"GJR-GARCH(1,1,1)-t"
30366,14.206289023174783,19.162640430890253,True,True,6.060576158131879e-09,0.960499094538145,"GJR-GARCH(1,1,1)-t"
30370,10.057199173069264,15.013550580784734,True,True,0.02130026767605627,0.8733326437173916,"GJR-GARCH(1,1,1)-t"
30376,-3.8998307323996215,1.0565206753158485,True,True,0.0,0.19985056871308926,"GJR-GARCH(1,1,1)-t"
30379,25.940474291286073,30.896825699001546,True,True,0.26977187822089405,0.0,"GJR-GARCH(1,1,1)-t"
30383,12.383506343591403,17.339857751306873,True,True,0.612730934331975,1.8520448932525777e-12,"GJR-GARCH(1,1,1)-t"
30384,13.14906576351645,18.10541717123192,True,True,8.209362553136861e-17,0.5580761741091479,"GJR-GARCH(1,1,1)-t"
30405,6.818722243451121,11.77507365116659,True,False,9.15287915435072e-12,0.999999999600224,"GJR-GARCH(1,1,1)-t"
30412,48.73901421382371,53.69536562153918,True,True,0.0,0.7103297863661303,"GJR-GARCH(1,1,1)-t"
30416,18.666597077844525,23.622948485559995,True,True,0.0,0.9777256819657397,"GJR-GARCH(1,1,1)-t"
30430,32.94574196325993,37.90209337097539,True,True,2.4953811287425572e-14,0.8487691080128372,"GJR-GARCH(1,1,1)-t"
30443,4.612220909343389,9.568572317058859,True,True,2.641164778816509e-12,2.3038117393504712e-10,"GJR-GARCH(1,1,1)-t"
30454,22.67885322167027,27.63520462938574,True,False,0.0,1.0,"GJR-GARCH(1,1,1)-t"
30456,-17.828720709134206,-12.872369301418736,True,True,0.1181566049469827,0.0,"GJR-GARCH(1,1,1)-t"
30471,-8.929191752009366,-3.972840344293896,True,True,2.4955415841901148e-15,2.49570966015922e-15,"GJR-GARCH(1,1,1)-t"
30474,41.481726111592145,46.43807751930761,True,True,2.990338174549964e-20,0.8939510297508616,"GJR-GARCH(1,1,1)-t"
30492,6.287067814315893,11.243419222031363,True,False,0.9999999999996574,5.20332835357982e-13,"GJR-GARCH(1,1,1)-t"
30494,3.350232663941325,8.306584071656795,True,False,1.0,0.0,"GJR-GARCH(1,1,1)-t"
30498,42.91512036463666,47.87147177235212,True,True,3.8546759939032857e-16,0.7427237291208654,"GJR-GARCH(1,1,1)-t"
30512,-0.44896303853327524,4.507388369182195,True,True,6.537183415192123e-16,0.7895378623868018,"GJR-GARCH(1,1,1)-t"
30521,-7.6946327059601565,-2.7382812982446865,True,True,7.375074522011171e-18,0.0803569147470319,"GJR-GARCH(1,1,1)-t"
30527,0.15735448862970358,5.113705896345174,True,True,0.18735721044238532,9.093787620665694e-11,"GJR-GARCH(1,1,1)-t"
30547,14.156190623390541,19.11254203110601,True,True,2.2795841353489504e-16,0.3200164562471698,"GJR-GARCH(1,1,1)-t"
30569,21.66462543897117,26.620976846686638,True,True,2.230380177766893e-15,3.644588413775164e-18,"GJR-GARCH(1,1,1)-t"
30585,33.670918278741894,38.62726968645737,True,True,0.0,0.9798522567573223,"GJR-GARCH(1,1,1)-t"
30597,-10.094745567184297,-5.138394159468827,True,True,0.0,1.3479082640762093e-14,"GJR-GARCH(1,1,1)-t"
30598,6.563758937479653,11.520110345195123,True,False,1.0,1.222776631234152e-12,"GJR-GARCH(1,1,1)-t"
30604,5.313049223870376,10.269400631585846,True,True,1.435408228271401e-17,0.9086541634368538,"GJR-GARCH(1,1,1)-t"
30609,17.102506586626575,22.05885799434204,True,True,2.1184628427270054e-14,1.4783868716954107e-13,"GJR-GARCH(1,1,1)-t"
30620,1.9175013405476857,6.873852748263156,True,True,1.7838337502058782e-18,1.2691465351723279e-17,"GJR-GARCH(1,1,1)-t"
30624,24.45099792441663,29.4073493321321,True,False,4.1617763322865555e-14,1.0,"GJR-GARCH(1,1,1)-t"
30638,53.7470372886213,58.70338869633677,True,True,2.184784296500079e-15,0.17086634692055364,"GJR-GARCH(1,1,1)-t"
30641,8.181665718791383,13.138017126506853,True,True,0.33111029540135284,0.6662465652682522,"GJR-GARCH(1,1,1)-t"
30657,56.31490119616379,61.27125260387926,True,False,0.9999999999999751,1.025778341611213e-14,"GJR-GARCH(1,1,1)-t"
30658,21.516566888528857,26.47291829624433,True,True,0.0,0.3997062294353126,"GJR-GARCH(1,1,1)-t"
30692,4.944756587764683,9.901107995480153,True,False,0.0,0.9999999996586879,"GJR-GARCH(1,1,1)-t"
30700,50.847429524132075,55.80378093184754,True,True,0.0,0.1666440457545513,"GJR-GARCH(1,1,1)-t"
30720,28.64864659417328,33.60499800188875,True,True,1.4886964897670481e-15,8.1425994110849e-14,"GJR-GARCH(1,1,1)-t"
30729,-3.0338245418577294,1.9225268658577406,True,True,0.0,0.9269427662196591,"GJR-GARCH(1,1,1)-t"
30730,11.76165547919351,16.71800688690898,True,False,1.0,0.0,"GJR-GARCH(1,1,1)-t"
30733,22.20666616634018,27.16301757405565,True,True,5.925382628702843e-15,5.559051762407223e-14,"GJR-GARCH(1,1,1)-t"
30748,-29.78369225313874,-24.82734084542327,True,False,0.826526516825037,0.5867369337979064,"GJR-GARCH(1,1,1)-t"
30750,7.839960775822978,12.796312183538447,True,True,0.043880076739777694,0.5937632735811861,"GJR-GARCH(1,1,1)-t"
30774,10.641026226404577,15.597377634120047,True,True,0.0,0.8652183400687289,"GJR-GARCH(1,1,1)-t"
30789,15.010585756040744,19.966937163756214,True,False,1.0694026409415556e-13,0.9999999999882638,"GJR-GARCH(1,1,1)-t"
30790,9.676350913930207,14.632702321645677,True,True,0.0,0.0,"GJR-GARCH(1,1,1)-t"
30791,-10.786875172425603,-5.830523764710133,True,True,1.6314928928295942e-17,0.6341070386893111,"GJR-GARCH(1,1,1)-t"
30793,19.860419332359537,24.816770740075007,True,True,0.0,0.0,"GJR-GARCH(1,1,1)-t"
30794,4.626280667039389,9.582632074754859,True,True,0.309126447484711,1.5413363329812175e-16,"GJR-GARCH(1,1,1)-t"
30798,-5.6454060835558515,-0.6890546758403815,True,True,2.364044567951006e-16,8.362130580684618e-15,"GJR-GARCH(1,1,1)-t"
30803,4.3236213115429685,9.279972719258438,True,True,0.14555589206094124,0.36018820065210333,"GJR-GARCH(1,1,1)-t"
30805,-7.19288090413891,-2.23652949642344,True,True,3.293719848985012e-15,0.6277096459675738,"GJR-GARCH(1,1,1)-t"
30816,43.376697616601575,48.33304902431705,True,True,2.3090441359417877e-15,0.7107623257013956,"GJR-GARCH(1,1,1)-t"
30824,38.65195184799024,43.60830325570571,True,True,6.239536564892911e-19,0.44526768308178843,"GJR-GARCH(1,1,1)-t"
30852,33.23804692701802,38.19439833473349,True,True,0.05435186521803042,0.9213293615310769,"GJR-GARCH(1,1,1)-t"
30866,-7.966269799687822,-3.0099183919723522,True,False,1.0,0.0895259996076081,"GJR-GARCH(1,1,1)-t"
30896,9.23853204239218,14.19488345010765,True,True,0.5621535894953885,6.307491534365481e-13,"GJR-GARCH(1,1,1)-t"
30908,-0.6384222520097218,4.317929155705748,True,True,0.0,0.8901505350769006,"GJR-GARCH(1,1,1)-t"
30940,-0.2235841990966172,4.732767208618853,True,False,5.874493550972064e-16,1.0,"GJR-GARCH(1,1,1)-t"
30965,19.335768219642578,24.292119627358048,True,True,0.0,0.37318931075848705,"GJR-GARCH(1,1,1)-t"
30974,35.45339971588873,40.409751123604195,True,False,1.0,1.961493212156314e-20,"GJR-GARCH(1,1,1)-t"
30986,4.365753121950581,9.322104529666051,True,True,0.5202655968435144,1.8180891659294863e-13,"GJR-GARCH(1,1,1)-t"
30987,12.343504335077611,17.29985574279308,True,True,0.6580529386414229,0.15999785556220641,"GJR-GARCH(1,1,1)-t"
30999,-18.542952849084386,-13.586601441368916,True,True,4.605544400943176e-16,0.7926229742378313,"GJR-GARCH(1,1,1)-t"
31004,7.947661784710144,12.904013192425614,True,True,1.955727045037301e-14,0.9875903111650265,"GJR-GARCH(1,1,1)-t"
31018,-1.9550778061179894,3.0012736015974806,True,True,8.129297685869857e-12,0.8015285551440184,"GJR-GARCH(1,1,1)-t"
31024,12.804885107854268,17.76123651556974,True,True,0.0994888546257448,0.7710388632067973,"GJR-GARCH(1,1,1)-t"
31034,0.41779581254355236,5.374147220259022,True,True,4.386262528689055e-16,0.5282470098656586,"GJR-GARCH(1,1,1)-t"
31046,39.822269911886025,44.7786213196015,True,True,5.217288971976322e-17,0.5113757456569008,"GJR-GARCH(1,1,1)-t"
31047,9.398641470043476,14.354992877758946,True,True,0.0,0.982233967622089,"GJR-GARCH(1,1,1)-t"
31054,8.171606624715183,13.127958032430653,True,False,1.0,7.82851093879161e-15,"GJR-GARCH(1,1,1)-t"
31055,25.00482362009444,29.96117502780991,True,True,8.729501583484242e-14,0.9319942195997497,"GJR-GARCH(1,1,1)-t"
31059,-4.830674064767759,0.1256773429477107,True,True,0.0,0.9168558240381808,"GJR-GARCH(1,1,1)-t"
31060,30.79152596901551,35.74787737673098,True,False,0.23322501664855733,0.8229559906452272,"GJR-GARCH(1,1,1)-t"
31068,10.963217795035593,15.919569202751063,True,True,0.032188684192278674,1.4573975645996667e-14,"GJR-GARCH(1,1,1)-t"
31071,-4.903087594014401,0.053263813701068585,True,False,0.0,0.999999999999536,"GJR-GARCH(1,1,1)-t"
31077,-0.819131687435382,4.137219720280088,True,False,0.2065565010453802,0.8007317375792502,"GJR-GARCH(1,1,1)-t"
31083,16.969023799803935,21.925375207519405,True,True,1.425281962297127e-17,0.9527732849261542,"GJR-GARCH(1,1,1)-t"
31097,40.72645356100121,45.68280496871668,True,True,0.0,0.5735289402245951,"GJR-GARCH(1,1,1)-t"
31113,14.020145749297905,18.976497157013377,True,True,2.6676505198564946e-14,0.7782883779205462,"GJR-GARCH(1,1,1)-t"
31119,30.23472702624712,35.19107843396259,True,True,0.0,0.6350078422467689,"GJR-GARCH(1,1,1)-t"
31133,5.193937643120787,10.150289050836257,True,True,2.726678662000273e-16,3.5401203145357836e-16,"GJR-GARCH(1,1,1)-t"
31138,-3.067369312284857,1.8889820954306131,True,True,0.39299581084014157,0.17529008944734473,"GJR-GARCH(1,1,1)-t"
31144,8.537621148811974,13.493972556527444,True,True,6.4715051876075555e-15,2.3132743573285004e-14,"GJR-GARCH(1,1,1)-t"
31155,8.83610183060632,13.79245323832179,True,True,1.6767809419627464e-10,0.6720835710969167,"GJR-GARCH(1,1,1)-t"
31156,-1.9945662025999038,2.961785205115566,True,True,0.0,0.9663774404215068,"GJR-GARCH(1,1,1)-t"
31157,35.561177148755505,40.51752855647098,True,True,0.0,0.8648379441559303,"GJR-GARCH(1,1,1)-t"
31170,62.03216097810879,66.98851238582427,True,True,4.0015414428565223e-16,0.3632482422808852,"GJR-GARCH(1,1,1)-t"
31173,-0.31357686975345267,4.642774537962017,True,True,1.777146357416565e-17,0.512954030131737,"GJR-GARCH(1,1,1)-t"
31193,-19.313146758208497,-14.356795350493027,True,False,0.2000547144636508,0.899972642768031,"GJR-GARCH(1,1,1)-t"
31196,1.9688422703576034,6.925193678073073,True,False,0.0,0.9999999999999991,"GJR-GARCH(1,1,1)-t"
31202,9.482731946898673,14.439083354614143,True,True,1.0390312394388243e-13,0.755778068732739,"GJR-GARCH(1,1,1)-t"
31209,5.652789589655363,10.609140997370833,True,False,0.0,1.0,"GJR-GARCH(1,1,1)-t"
31214,-17.26286771486593,-12.30651630715046,True,True,0.0,0.9758990835526821,"GJR-GARCH(1,1,1)-t"
31236,18.855545446455444,23.811896854170914,True,True,4.619694586899903e-14,0.9355834890598055,"GJR-GARCH(1,1,1)-t"
31242,-10.677838448812466,-5.721487041096996,True,True,1.1488053090379487e-14,0.8024656283630495,"GJR-GARCH(1,1,1)-t"
31251,-2.7753143044523974,2.1810371032630727,True,True,7.421347096197132e-17,0.9567250423133424,"GJR-GARCH(1,1,1)-t"
31254,5.879057781312266,10.835409189027736,True,True,1.672793468984927e-12,0.40847305571738207,"GJR-GARCH(1,1,1)-t"
31258,6.779906744621154,11.736258152336625,True,True,3.4369137858572216e-12,0.9629111233247973,"GJR-GARCH(1,1,1)-t"
31266,19.137340337237298,24.093691744952764,True,True,2.669008933899126e-22,0.24274092644953857,"GJR-GARCH(1,1,1)-t"
31267,3.2641725731605167,8.220523980875987,True,True,1.9481593204375117e-14,0.7653987241844075,"GJR-GARCH(1,1,1)-t"
31269,6.246064971277615,11.202416378993085,True,True,0.09014006344380207,0.7216438515018939,"GJR-GARCH(1,1,1)-t"
31279,7.247992659764895,12.204344067480365,True,True,0.0,0.8113745794211339,"GJR-GARCH(1,1,1)-t"
31298,34.6715332583771,39.62788466609257,True,True,2.5764420242264514e-15,0.884841622569787,"GJR-GARCH(1,1,1)-t"
31302,-5.414750577221707,-0.4583991695062366,True,False,0.9999999999999784,2.7346124100624392e-14,"GJR-GARCH(1,1,1)-t"
31303,7.375118521724706,12.331469929440175,True,True,0.0,0.6453351503217166,"GJR-GARCH(1,1,1)-t"
31306,9.118900892638043,14.075252300353513,True,True,0.0,0.7971062294962729,"GJR-GARCH(1,1,1)-t"
31320,3.749377101987317,8.705728509702787,True,False,0.0,1.0,"GJR-GARCH(1,1,1)-t"
31322,7.487117655375905,12.443469063091374,True,True,0.0,0.8498905848158618,"GJR-GARCH(1,1,1)-t"
31324,20.711281881605125,25.66763328932059,True,True,1.680172630823937e-14,0.6780059368659113,"GJR-GARCH(1,1,1)-t"
31327,23.692942814567612,28.649294222283082,True,True,1.2204135038441208e-16,0.8433622910891954,"GJR-GARCH(1,1,1)-t"
31331,10.182306403831863,15.138657811547333,True,True,1.97592298391495e-08,0.9677566142112755,"GJR-GARCH(1,1,1)-t"
31337,30.367551454069567,35.32390286178504,True,True,4.654516281529202e-17,0.29404615131053224,"GJR-GARCH(1,1,1)-t"
31338,38.09834513301785,43.05469654073332,True,False,0.9999999999999994,0.2216750941524568,"GJR-GARCH(1,1,1)-t"
31345,10.216204783224319,15.172556190939789,True,True,0.13632735742828606,0.23385612782170592,"GJR-GARCH(1,1,1)-t"
31347,3.5831129050006254,8.539464312716095,True,False,1.0,3.665636426419019e-19,"GJR-GARCH(1,1,1)-t"
31348,21.71646207272385,26.67281348043932,True,True,0.0,0.9353881564212926,"GJR-GARCH(1,1,1)-t"
31351,-9.118458828008176,-4.162107420292706,True,True,1.7950506040442297e-12,8.681825486375207e-12,"GJR-GARCH(1,1,1)-t"
31359,-0.9688700933570509,3.987481314358419,True,False,0.8819399619142039,0.4387421938341335,"GJR-GARCH(1,1,1)-t"
31380,6.136310163102632,11.092661570818102,True,True,1.9354080878857435e-15,0.8129048185842048,"GJR-GARCH(1,1,1)-t"
31389,-1.3575403552272611,3.598811052488209,True,False,0.0,1.0,"GJR-GARCH(1,1,1)-t"
31394,39.700950386571556,44.65730179428702,True,True,0.7553236985812936,1.801564242932192e-17,"GJR-GARCH(1,1,1)-t"
31402,-0.2754904670272609,4.680860940688209,True,False,1.0,0.38020369043927593,"GJR-GARCH(1,1,1)-t"
31404,12.05966600709874,17.01601741481421,True,True,3.388947613488959e-14,0.6226833225215129,"GJR-GARCH(1,1,1)-t"
31406,21.268933661701396,26.225285069416866,True,True,0.11707143450213132,0.7871243053594235,"GJR-GARCH(1,1,1)-t"
31412,7.045365271082263,12.001716678797733,True,True,3.1200093617386435e-14,0.658965316753288,"GJR-GARCH(1,1,1)-t"
31415,28.003802613910867,32.96015402162634,True,True,3.8337429098687246e-12,4.126568200857406e-09,"GJR-GARCH(1,1,1)-t"
31433,-3.0160090881089765,1.9403423196064935,True,True,1.1871992656608397e-10,0.9569970471113625,"GJR-GARCH(1,1,1)-t"
31434,-9.379775353146186,-4.4234239454307165,True,True,1.896867205114619e-12,7.098623266123954e-11,"GJR-GARCH(1,1,1)-t"
31439,2.110562653012275,7.066914060727745,True,True,0.4393660540322962,0.0,"GJR-GARCH(1,1,1)-t"
31443,5.6894182897279375,10.645769697443408,True,True,4.4692468305581494e-15,0.9407850039663351,"GJR-GARCH(1,1,1)-t"
31456,2.5466763105252035,7.5030277182406735,True,True,0.0,0.8846937917939314,"GJR-GARCH(1,1,1)-t"
31462,19.43793795174779,24.39428935946326,True,True,0.0810175713715045,0.9006321515103644,"GJR-GARCH(1,1,1)-t"
31463,7.225972316913127,12.182323724628597,True,True,7.535451608930523e-17,0.6803767079681061,"GJR-GARCH(1,1,1)-t"
31471,4.241950233438988,9.198301641154458,True,False,0.0,1.0,"GJR-GARCH(1,1,1)-t"
31482,20.38990614269539,25.34625755041086,True,False,0.9578745075833126,0.39101077966242126,"GJR-GARCH(1,1,1)-t"
31497,11.758999923645472,16.715351331360942,True,True,2.210654715288091e-14,0.9762228631271239,"GJR-GARCH(1,1,1)-t"
31522,10.336141650093763,15.292493057809233,True,True,0.0,0.9748617993115349,"GJR-GARCH(1,1,1)-t"
31527,13.88233252491442,18.838683932629888,True,True,2.205282130622518e-17,4.810856069287116e-17,"GJR-GARCH(1,1,1)-t"
31528,36.783497122309065,41.73984853002453,True,True,0.0,0.969345699932668,"GJR-GARCH(1,1,1)-t"
31554,-15.735539266444853,-10.779187858729383,True,False,0.586179718081439,0.49512626198265625,"GJR-GARCH(1,1,1)-t"
31570,-8.568050068496756,-3.611698660781286,True,False,0.0,0.9999999971737186,"GJR-GARCH(1,1,1)-t"
31572,7.302655257125259,12.25900666484073,True,True,0.0,0.9808201910596535,"GJR-GARCH(1,1,1)-t"
31587,-5.595735327344826,-0.6393839196293563,True,True,1.3358881553174518e-18,0.9604709639947039,"GJR-GARCH(1,1,1)-t"
31595,13.153902782787831,18.1102541905033,True,False,5.658045042904274e-14,0.9999999999997037,"GJR-GARCH(1,1,1)-t"
31601,21.918373997214545,26.874725404930015,True,True,0.9882508871092849,1.6037820080064275e-17,"GJR-GARCH(1,1,1)-t"
31609,14.537016549847614,19.493367957563084,True,False,0.0,0.9999999999999988,"GJR-GARCH(1,1,1)-t"
31616,14.672860691650975,19.629212099366445,True,True,3.359282392500506e-15,0.0,"GJR-GARCH(1,1,1)-t"
31627,-0.1312300497554606,4.825121357960009,True,True,1.4657109591856018e-15,0.42295087347891347,"GJR-GARCH(1,1,1)-t"
31653,-3.1426515518392613,1.8136998558762087,True,False,0.38877026267594117,0.7966469692541214,"GJR-GARCH(1,1,1)-t"
31656,6.828625104866696,11.784976512582165,True,False,0.0,1.0,"GJR-GARCH(1,1,1)-t"
31671,10.353287303249143,15.309638710964613,True,False,1.0,0.49999999999999994,"GJR-GARCH(1,1,1)-t"
31689,17.395957654328686,22.352309062044156,True,True,1.206360603210152e-18,0.997759502287811,"GJR-GARCH(1,1,1)-t"
31701,1.0105083683949445,5.9668597761104145,True,True,2.7187268717168148e-17,0.9183806217033655,"GJR-GARCH(1,1,1)-t"
31714,-4.148057896105772,0.8082935116096976,True,True,1.2093802234416081e-15,7.631119418835197e-22,"GJR-GARCH(1,1,1)-t"
31719,2.509139257732997,7.465490665448467,True,True,2.3340099931384256e-18,0.8740744610287812,"GJR-GARCH(1,1,1)-t"
31733,0.700345305127632,5.656696712843102,True,False,0.998643180846967,0.5006784095765251,"GJR-GARCH(1,1,1)-t"
31736,9.986770348513677,14.943121756229147,True,True,9.122551016013869e-19,4.453890773546926e-16,"GJR-GARCH(1,1,1)-t"
31750,28.40738967147605,33.36374107919152,True,False,0.0,1.0,"GJR-GARCH(1,1,1)-t"
31789,3.7346191160519187,8.690970523767389,True,True,6.7775396182674296e-12,0.9408904756029653,"GJR-GARCH(1,1,1)-t"
31814,-3.618901775800449,1.337449631915021,True,True,1.0272958524931648e-11,0.0,"GJR-GARCH(1,1,1)-t"
31819,-0.99382522957983,3.96252617813564,True,False,3.0797940654017708e-18,0.9999999999999994,"GJR-GARCH(1,1,1)-t"
31836,6.589126572084076,11.545477979799546,True,True,1.199403536049719e-10,0.9293253279454594,"GJR-GARCH(1,1,1)-t"
31854,6.546943652224731,11.5032950599402,True,True,2.5534493308427476e-12,1.276076635872988e-10,"GJR-GARCH(1,1,1)-t"
31861,15.588899251853114,20.545250659568584,True,True,2.906872297354988e-15,0.6448048074201363,"GJR-GARCH(1,1,1)-t"
31864,28.216774137486762,33.17312554520223,True,False,0.0,0.9999999999994356,"GJR-GARCH(1,1,1)-t"
31874,14.874750867417657,19.831102275133127,True,True,5.795682005495992e-13,0.9275625440585027,"GJR-GARCH(1,1,1)-t"
31883,-2.5569569076995293,2.3993945000159407,True,False,0.9999999999999991,0.0,"GJR-GARCH(1,1,1)-t"
31914,51.62978341024205,56.586134817957515,True,True,0.0,6.748184221847578e-11,"GJR-GARCH(1,1,1)-t"
31934,10.360894398644234,15.317245806359704,True,True,0.0,0.9887872433776106,"GJR-GARCH(1,1,1)-t"
31941,39.858347089027475,44.81469849674294,True,True,0.0,0.0,"GJR-GARCH(1,1,1)-t"
31944,10.786704990886754,15.743056398602224,True,True,3.213046605698971e-15,0.8084768234232549,"GJR-GARCH(1,1,1)-t"
31949,19.3777770274137,24.334128435129173,True,False,0.7502733737856997,0.6248633131070888,"GJR-GARCH(1,1,1)-t"
31970,4.666212521837009,9.622563929552479,True,False,5.559739789990269e-14,0.9999999999978477,"GJR-GARCH(1,1,1)-t"
31984,-14.203633125078632,-9.247281717363162,True,True,0.0,0.8635733902382056,"GJR-GARCH(1,1,1)-t"
32009,43.13870407404768,48.095055481763154,True,True,0.0,0.9494175937595272,"GJR-GARCH(1,1,1)-t"
32012,9.62213389223703,14.5784852999525,True,True,2.485423727183327e-16,0.691297684440954,"GJR-GARCH(1,1,1)-t"
32017,-11.290292148407296,-6.333940740691826,True,True,1.027411187060054e-17,0.904413764249445,"GJR-GARCH(1,1,1)-t"
32033,36.5407501514004,41.49710155911587,True,True,0.0,0.3921737557794442,"GJR-GARCH(1,1,1)-t"
32038,16.378737844795157,21.335089252510627,True,False,8.424453405504209e-16,0.9999999999999983,"GJR-GARCH(1,1,1)-t"
32046,-7.319808824263998,-2.3634574165485276,True,True,0.005415292602382595,0.9631170691928108,"GJR-GARCH(1,1,1)-t"
32048,-0.4728653648128809,4.483486042902589,True,True,4.87167163149103e-15,0.9483559662856244,"GJR-GARCH(1,1,1)-t"
32053,6.0926705295591566,11.049021937274627,True,False,0.8638975729443266,0.39197959955485523,"GJR-GARCH(1,1,1)-t"
32081,1.1382622461522267,6.094613653867697,True,True,1.952668265524144e-20,0.4844491493867921,"GJR-GARCH(1,1,1)-t"
32082,13.13116492736704,18.087516335082512,True,True,9.490299682694659e-17,0.032368851698576624,"GJR-GARCH(1,1,1)-t"
32083,3.9003125455662317,8.856663953281702,True,False,1.0,3.94866767415031e-18,"GJR-GARCH(1,1,1)-t"
32108,4.642171120914254,9.598522528629724,True,True,1.0055148298146909e-14,0.6675510505058448,"GJR-GARCH(1,1,1)-t"
32109,23.373135480126535,28.32948688784201,True,True,7.14510638387124e-15,0.5920758835288187,"GJR-GARCH(1,1,1)-t"
32119,1.9543224745998238,6.910673882315294,True,True,0.0,0.0,"GJR-GARCH(1,1,1)-t"
32126,-7.086286506333462,-2.1299350986179917,True,False,0.3985365479154365,0.8007317260423185,"GJR-GARCH(1,1,1)-t"
32131,1.7137842047169993,6.670135612432469,True,True,1.4013680912626813e-19,4.1436440146658334e-18,"GJR-GARCH(1,1,1)-t"
32134,38.20368241875953,43.160033826475,True,False,1.5174928470769803e-15,0.9999999999999976,"GJR-GARCH(1,1,1)-t"
32155,4.11056862223759,9.06692002995306,True,True,0.03198058033433997,2.3701344993328197e-18,"GJR-GARCH(1,1,1)-t"
32173,46.88359738950452,51.83994879721999,True,True,1.7925818398552847e-17,0.6944981896799006,"GJR-GARCH(1,1,1)-t"
32174,11.05553358923697,16.01188499695244,True,True,1.395468527078467e-08,0.7650687157965407,"GJR-GARCH(1,1,1)-t"
32175,21.09141764667715,26.047769054392617,True,False,3.3963184962662395e-15,0.9999999999999909,"GJR-GARCH(1,1,1)-t"
32182,12.04407569242273,17.0004271001382,True,False,0.9999999999997902,3.031350211905165e-12,"GJR-GARCH(1,1,1)-t"
32186,62.17280548740946,67.12915689512494,True,True,0.7778141688164226,4.4173306813080274e-14,"GJR-GARCH(1,1,1)-t"
32195,11.968939577051852,16.925290984767322,True,True,6.239808453912997e-16,0.9466933276226176,"GJR-GARCH(1,1,1)-t"
32200,10.893973494886202,15.850324902601672,True,True,0.0,0.6754838520294288,"GJR-GARCH(1,1,1)-t"
32205,3.780164185649447,8.736515593364917,True,True,0.9772130540829228,0.0,"GJR-GARCH(1,1,1)-t"
32209,25.88918855064169,30.84553995835716,True,True,0.27262067939809786,0.36065678683772445,"GJR-GARCH(1,1,1)-t"
32219,73.78284957942746,78.73920098714294,True,True,1.5706696813290135e-13,0.9738893327680845,"GJR-GARCH(1,1,1)-t"
32235,8.510979966708513,13.467331374423983,True,True,0.3484691615343132,2.4584350189328e-10,"GJR-GARCH(1,1,1)-t"
32240,9.996911634812214,14.953263042527684,True,True,9.762575287677499e-17,0.09157446783201963,"GJR-GARCH(1,1,1)-t"
32245,4.73121202027407,9.68756342798954,True,False,0.8863640021784426,0.556817998910777,"GJR-GARCH(1,1,1)-t"
32247,38.59633661428871,43.552688022004176,True,True,0.11614004050361094,0.0,"GJR-GARCH(1,1,1)-t"
32249,-4.996192601467726,-0.03984119375225603,True,True,0.0109698051605715,0.0,"GJR-GARCH(1,1,1)-t"
32254,41.42680565413034,46.38315706184581,True,True,0.0,7.277003598827008e-13,"GJR-GARCH(1,1,1)-t"
32255,26.97606134414989,31.93241275186536,True,True,0.0,0.9368105568564215,"GJR-GARCH(1,1,1)-t"
32277,6.120128377089114,11.076479784804583,True,True,3.3137617711390037e-21,0.20538969916013783,"GJR-GARCH(1,1,1)-t"
32280,6.228916102157827,11.185267509873297,True,False,0.27301477040912453,0.7815299166195513,"GJR-GARCH(1,1,1)-t"
32299,22.91257569718745,27.868927104902916,True,True,0.03031231953255844,1.3962528194081184e-06,"GJR-GARCH(1,1,1)-t"
32322,7.927739453290561,12.884090861006031,True,True,0.0,0.0,"GJR-GARCH(1,1,1)-t"
32328,-11.30101592418221,-6.3446645164667395,True,True,0.0,0.0,"GJR-GARCH(1,1,1)-t"
32330,16.05849281311063,21.0148442208261,True,False,1.0,0.0,"GJR-GARCH(1,1,1)-t"
32342,17.193200702642656,22.149552110358126,True,True,0.0,0.9624920786517759,"GJR-GARCH(1,1,1)-t"
32352,11.841700148710204,16.798051556425676,True,False,0.0,1.0,"GJR-GARCH(1,1,1)-t"
32361,11.73540311029294,16.69175451800841,True,False,0.8620830915867871,0.568958454206627,"GJR-GARCH(1,1,1)-t"
32374,19.298951853687345,24.255303261402815,True,False,0.9999999999996396,9.523490471417493e-14,"GJR-GARCH(1,1,1)-t"
32376,14.230690577204786,19.187041984920256,True,False,7.322402924554736e-15,0.9999999999999813,"GJR-GARCH(1,1,1)-t"
32433,6.295350249248328,11.251701656963798,True,False,4.378007788149067e-15,1.0,"GJR-GARCH(1,1,1)-t"
32452,,,False,False,,,"GJR-GARCH(1,1,1)-t"
32461,31.351214046222527,36.307565453938,True,True,5.338772988762069e-15,0.17592140608864415,"GJR-GARCH(1,1,1)-t"
32463,31.211043385848175,36.167394793563645,True,True,0.0,0.8212329925284604,"GJR-GARCH(1,1,1)-t"
32466,16.765848549693338,21.722199957408808,True,False,0.8855629930815465,0.5572185034609163,"GJR-GARCH(1,1,1)-t"
32470,22.062519677029396,27.018871084744866,True,True,0.5867218042003793,0.20989510222054375,"GJR-GARCH(1,1,1)-t"
32473,20.202599352267825,25.158950759983295,True,False,0.9999999999999996,0.06721262907743361,"GJR-GARCH(1,1,1)-t"
32474,14.432145457480821,19.38849686519629,True,True,9.656535084340613e-12,0.8339411024174922,"GJR-GARCH(1,1,1)-t"
32534,11.244269152698376,16.200620560413846,True,False,2.0405455535748916e-14,0.9999999999998773,"GJR-GARCH(1,1,1)-t"
32547,1.7642192444751448,6.720570652190615,True,True,0.17422466097706407,0.6296140841066511,"GJR-GARCH(1,1,1)-t"
32590,10.27863697098961,15.23498837870508,True,True,2.138767478879476e-12,0.0,"GJR-GARCH(1,1,1)-t"
32596,26.034319213883087,30.990670621598557,True,True,1.7795605835424442e-14,0.9295650507925924,"GJR-GARCH(1,1,1)-t"
32597,-4.598560300287012,0.3577911074284579,True,True,6.3933215022740834e-18,0.6838503145853452,"GJR-GARCH(1,1,1)-t"
32611,27.840294960954893,32.79664636867036,True,True,4.951869125466308e-13,0.9420668524313798,"GJR-GARCH(1,1,1)-t"
32614,29.89801763074906,34.854369038464526,True,False,0.0,1.0,"GJR-GARCH(1,1,1)-t"
32631,27.31405625090964,32.27040765862511,True,False,1.4017473706813366e-15,1.0,"GJR-GARCH(1,1,1)-t"
32635,14.477899923431007,19.434251331146477,True,True,1.821575897797789e-16,0.8594726945660407,"GJR-GARCH(1,1,1)-t"
32639,42.39458716689627,47.350938574611746,True,True,5.38059606682282e-14,0.7581297955391142,"GJR-GARCH(1,1,1)-t"
32646,21.59812925798588,26.554480665701348,True,False,0.9178401658397211,0.363277475967339,"GJR-GARCH(1,1,1)-t"
32649,44.47739840307911,49.43374981079458,True,True,7.647598570428974e-14,0.3354256465955501,"GJR-GARCH(1,1,1)-t"
32653,-9.119891108781783,-4.163539701066313,True,True,4.370402525624397e-14,0.28592744927684705,"GJR-GARCH(1,1,1)-t"
32654,25.834955501437893,30.791306909153363,True,True,0.13451561137617662,1.069434611433823e-15,"GJR-GARCH(1,1,1)-t"
32662,19.36258505138674,24.31893645910221,True,True,0.0,0.8188763016397876,"GJR-GARCH(1,1,1)-t"
32676,-1.7606009343526647,3.1957504733628053,True,False,2.0623689857643114e-14,0.9999999999997866,"GJR-GARCH(1,1,1)-t"
32680,23.134807183586933,28.091158591302403,True,False,6.58430756946099e-16,0.9999999999999961,"GJR-GARCH(1,1,1)-t"
32686,12.05285306402537,17.00920447174084,True,False,1.0,0.056123884965387755,"GJR-GARCH(1,1,1)-t"
32690,-0.05850960641048886,4.897841801304981,True,True,6.040680484380009e-17,0.5527331255667431,"GJR-GARCH(1,1,1)-t"
32692,7.164612170127686,12.120963577843156,True,False,0.6881126182283396,0.6559436908858304,"GJR-GARCH(1,1,1)-t"
32693,2.4107534445997114,7.367104852315181,True,True,3.0355543038378207e-17,0.9468005009000058,"GJR-GARCH(1,1,1)-t"
32704,15.909760800961857,20.866112208677325,True,True,0.48402208622878073,0.0,"GJR-GARCH(1,1,1)-t"
32709,16.46365589634354,21.42000730405901,True,True,1.2924132373881858e-13,0.24566826456814683,"GJR-GARCH(1,1,1)-t"
32712,8.762005320865542,13.718356728581012,True,True,5.312645131931979e-17,2.2448964308586634e-17,"GJR-GARCH(1,1,1)-t"
32724,0.23595911853841223,5.192310526253882,True,False,0.0,0.9999999963077547,"GJR-GARCH(1,1,1)-t"
32736,19.957769702270518,24.914121109985985,True,True,7.795307117800774e-10,0.9868560802145082,"GJR-GARCH(1,1,1)-t"
32739,11.707545368768553,16.663896776484023,True,False,0.9999999999999998,1.912911394645393e-16,"GJR-GARCH(1,1,1)-t"
32746,32.23336550167129,37.18971690938676,True,False,0.0,0.9999999994337136,"GJR-GARCH(1,1,1)-t"
32748,-9.156553493531973,-4.200202085816503,True,True,3.4178480045413556e-15,8.304197611933181e-13,"GJR-GARCH(1,1,1)-t"
32750,18.36538590818287,23.32173731589834,True,True,1.7655209742358169e-12,9.218315419527418e-15,"GJR-GARCH(1,1,1)-t"
32751,8.341086751872707,13.297438159588177,True,False,0.5698336717759891,0.7086633040949484,"GJR-GARCH(1,1,1)-t"
32753,-4.139704790017323,0.8166466176981473,True,True,1.0570210212368183e-11,2.1848833122529456e-14,"GJR-GARCH(1,1,1)-t"
32758,-0.2915292054057872,4.664822202309683,True,False,0.6212791434124114,0.6269725920625617,"GJR-GARCH(1,1,1)-t"
32763,3.1396238966816394,8.09597530439711,True,True,2.1933124709743977e-17,6.399315829916288e-13,"GJR-GARCH(1,1,1)-t"
32767,3.4516364235749535,8.407987831290423,True,True,0.0,0.8608634657822358,"GJR-GARCH(1,1,1)-t"
