time_id,intercept,beta_daily,beta_weekly,beta_monthly,r2,model
5,0.001209841972451834,-0.2109410525820653,1.1652487952719353,-1.3453342544523859,0.05600695762044616,HAR-RV (OLS)
11,0.0003782965707014754,-0.2885285367790407,0.04541360677836035,0.014721667477917161,0.042971551716345036,HAR-RV (OLS)
16,0.0006865786931074801,0.5249671771586665,0.721336334111239,-1.651648081630469,0.35147446859084674,HAR-RV (OLS)
31,0.0009427358739868309,0.1586331408890735,0.4200175250732904,-1.1403637374179074,0.02182723914794793,HAR-RV (OLS)
62,0.0011817389430445638,0.16706004427269788,1.741968321346509,-2.928535340518142,0.4032220125368998,HAR-RV (OLS)
72,0.0021683288946245547,-0.1962786743873672,-2.1899066391804904,1.9295448234806352,0.24456277865779252,HAR-RV (OLS)
97,0.001519494739201252,0.22318958296402172,0.1534507349524114,-0.6491263526010836,0.04146239764562498,HAR-RV (OLS)
103,0.00032457298792323765,0.317577385672193,-0.2956232990603025,0.4807566064512614,0.33846633519349567,HAR-RV (OLS)
109,0.002477632359807926,-0.24240659990716223,1.5426881573399713,-2.850169032763292,0.27812389808270355,HAR-RV (OLS)
123,0.000307307978103892,-0.37767420850323996,-0.6364128487080212,1.202677448109873,0.16585744861037588,HAR-RV (OLS)
128,0.0012857880352800679,0.4677446659386918,-0.5229919732038373,-1.3937356105380712,0.21754672200604142,HAR-RV (OLS)
146,0.0029562027321430066,0.3856945951009246,1.5252859945571082,-3.073798672317738,0.4627708360785753,HAR-RV (OLS)
147,0.0004334486422475123,-0.006482824744051479,-1.5439518769216034,1.6009662735622268,0.09043367644800282,HAR-RV (OLS)
152,0.001293010537331577,-0.4442369997995173,0.71430189374285,-1.0233306908688165,0.19641412031477912,HAR-RV (OLS)
157,0.00020812586414894053,0.5897892325448664,-0.3526119739705125,0.5190694060340821,0.43238861050575694,HAR-RV (OLS)
159,0.0005258759718616469,0.003732107477738529,0.006063917410741498,-0.1647314040123602,0.015071466313318016,HAR-RV (OLS)
169,0.0010467289025926996,0.11306034991628783,-0.2465783916136471,0.03596002039171381,0.023041634260703048,HAR-RV (OLS)
207,0.0037909943095993433,0.24327640754604707,0.27306927540785897,-0.8982470177428998,0.1023036190794252,HAR-RV (OLS)
211,1.0681817176381699e-05,-0.10429757767571506,-0.8806853459401505,1.7558317659447016,0.0681207487266996,HAR-RV (OLS)
213,-9.358715186868441e-05,0.5839588321114094,-1.6255976968209476,2.500017187056763,0.2589901236580697,HAR-RV (OLS)
218,0.002000004441516659,0.06858180621860885,-0.19661237153527955,-0.5338462483726534,0.04341548761655323,HAR-RV (OLS)
227,0.003656819757011382,-0.33010661783692713,4.25609448677697,-6.446355001122642,0.46724948488716633,HAR-RV (OLS)
229,0.0006243905404901857,-0.286486902926549,1.5724712105010923,-2.705800424864305,0.11984624366155161,HAR-RV (OLS)
232,0.006363616580452036,0.34174784882220377,-2.4185431459012268,-2.7481604121387058,0.4882748259423624,HAR-RV (OLS)
250,9.589205410010052e-05,-0.06932243458828495,-0.33201176854783726,0.9793135871192346,0.05812334665165819,HAR-RV (OLS)
254,0.003460005463274329,0.38602575908772524,-0.41249493142796645,-0.8522302796316411,0.2625077031740253,HAR-RV (OLS)
256,0.0034444454114432935,-0.09814762104317269,1.0144946835194717,-3.334037801616408,0.3311454747403556,HAR-RV (OLS)
266,0.0017326208131439782,0.34621640390571407,1.5440551289703006,-3.23866956921951,0.4485560186562604,HAR-RV (OLS)
273,0.0007423218393784105,0.16562827790924456,0.9719382767653387,-2.0715241870731154,0.12529753214705885,HAR-RV (OLS)
289,0.0005877663895995453,0.2707553612493422,0.8921287625998083,-1.034383501636119,0.13741067562982,HAR-RV (OLS)
297,-0.00013972471534509938,-0.3100604814161397,0.7778476290058681,0.472970090514599,0.34142892284905313,HAR-RV (OLS)
303,0.0011443751526674013,-0.1843771214683977,2.151809081684682,-2.1812970576064714,0.31586598241655073,HAR-RV (OLS)
309,0.0007418352520150621,0.38182668068093095,1.6215473342656643,-2.8035118345318373,0.21039524344295923,HAR-RV (OLS)
310,-0.003413538303967754,-0.14270892152731432,-1.0047146554573894,2.76384807440804,0.14892817603338337,HAR-RV (OLS)
317,-0.00044013533591915173,-0.04238113333518921,-2.9048881219715925,6.122727891816057,0.29873794290997935,HAR-RV (OLS)
319,0.0013519836403384294,0.5180909844289661,2.905468814456489,-4.870986154700769,0.23772927609573913,HAR-RV (OLS)
325,0.0005869946882056904,0.024004995552285104,-0.9937881217877028,1.2041701928193005,0.07547802697274819,HAR-RV (OLS)
326,0.0016029896287221108,0.5080556936668352,-2.0049222674849974,1.618630245613268,0.4070955392225345,HAR-RV (OLS)
335,0.0007997377984824241,0.25831256095457367,-0.32299689179799235,0.17861548845482905,0.05317977190017631,HAR-RV (OLS)
337,0.00029288830110244673,-0.5227607911187466,0.7309664940741232,0.3697978444706003,0.10443240230784301,HAR-RV (OLS)
358,0.006730819928687526,0.5261029635756916,0.6105380897471758,-3.132277542299435,0.3401100766053027,HAR-RV (OLS)
371,0.001854239967750641,-0.11413240313335372,0.22476979155620463,-0.2177853692604308,0.012226120229534065,HAR-RV (OLS)
373,0.0019226461688942758,-0.11922742813899259,1.0081081056853773,-1.6658994291853744,0.11380855906417187,HAR-RV (OLS)
380,0.003971138301443336,-0.7211463968549945,3.609217103800665,-6.048142830349903,0.7637295315204288,HAR-RV (OLS)
381,0.0012282828751607393,-0.35397478399946336,1.9502450917869645,-3.123015745595911,0.22316468429389302,HAR-RV (OLS)
411,0.00046936117494855435,0.34933079182106425,-0.24767347746224094,0.05993107914337037,0.15071545597671554,HAR-RV (OLS)
420,0.001397514840618085,0.7757120645176145,-0.3464321061768852,-0.1896251692674118,0.43163094838697524,HAR-RV (OLS)
424,0.0006453165382284299,-0.07885568421867964,0.6426897179930882,-0.8128288594672549,0.03530002665843601,HAR-RV (OLS)
427,0.0064176544857626385,-0.03564078594315342,1.708294375998198,-3.2232243880635325,0.10038915371213142,HAR-RV (OLS)
436,0.0012643517620429426,0.12218197435391358,0.39199297263551314,-0.38003764104557547,0.05490664089104713,HAR-RV (OLS)
438,-0.0009454772130842609,0.05578061148604312,-2.353548262297674,4.148619728375741,0.5133216366032716,HAR-RV (OLS)
454,0.003083648432352394,0.17673397481179426,0.11870497362961929,-5.760012261704184,0.463334833929987,HAR-RV (OLS)
465,0.0017674641073453703,-0.32306055617427337,-1.1053240467992809,-0.17775434891087794,0.37124981772944554,HAR-RV (OLS)
468,0.0009665540143356636,0.1298935081590878,1.1679255493585752,-5.2305584772475795,0.4536668958616503,HAR-RV (OLS)
487,0.007895369556917059,0.25697153554283375,1.4523214803202686,-3.959286571867305,0.3052411828859337,HAR-RV (OLS)
493,0.001117129549328656,0.5738538014516444,0.8314125345251384,-1.3630250404028532,0.4484137858444932,HAR-RV (OLS)
506,0.0011027701162874084,0.17795608351525266,2.1684146211282185,-2.855216956023378,0.24135237413125643,HAR-RV (OLS)
535,0.0010848902685770758,0.009786617558756374,-0.01057708246325828,-1.1430487024104663,0.10272296343765563,HAR-RV (OLS)
536,0.003949665938337363,0.3418558006998427,0.9915246006662067,-3.152559857209372,0.14103299678060843,HAR-RV (OLS)
539,-0.000614917063669165,0.39868728797743014,-2.064908829905502,3.0323563118931887,0.3346087000964305,HAR-RV (OLS)
545,0.0006853638680360762,0.23067436671068858,-1.8225837067696673,1.1835102158811488,0.32605126441905474,HAR-RV (OLS)
554,0.0006696807019165329,0.01227653972351549,0.8624595385769971,-2.002537278785753,0.08811564444014774,HAR-RV (OLS)
568,0.003293548956766476,0.629045669214759,2.6045814679151635,-7.127710977269122,0.6659454670445504,HAR-RV (OLS)
579,0.0010420032950805768,-0.28139693051372017,-1.4979712797043898,1.9959592792510188,0.10669898418756651,HAR-RV (OLS)
589,0.0005370676444414267,0.915561218894254,-1.0390173870252104,0.7416045077339244,0.55190908913182,HAR-RV (OLS)
591,0.0029857868443285947,0.14621256788583933,2.2968309798674733,-6.665187573202003,0.24008923636383983,HAR-RV (OLS)
595,0.0016430141992057746,0.39788364043088537,1.3359276573701342,-3.278920759331357,0.3912879972454836,HAR-RV (OLS)
611,0.0009169485696715983,-0.29150559483796973,3.8466127026634824,-3.8623200729536435,0.200113672485967,HAR-RV (OLS)
618,0.0011952323973794775,-0.2618321401008712,-0.5310890433817151,0.40680398470280055,0.07667405603222055,HAR-RV (OLS)
627,0.0011722226846171704,0.29962831280396046,-0.3455502259265122,-1.3964375903487916,0.19144314781023752,HAR-RV (OLS)
633,0.0015071248092674234,0.0802064213526656,1.0989404876105537,-2.0111236726847266,0.19014637320254324,HAR-RV (OLS)
640,0.0005096293419920178,-0.1446856044230246,0.7056812247564068,0.013165061591873362,0.24250749810979688,HAR-RV (OLS)
646,0.0006829733964544501,0.2797459943435603,0.41285973388740504,-1.5067695916367567,0.15036153449586087,HAR-RV (OLS)
650,0.0014241744250110362,0.2920551054074855,1.2545362200405745,-2.3912222659685374,0.2229180567764899,HAR-RV (OLS)
652,0.0008603677980544933,-0.48921515937087984,2.0508937695095253,-3.264730418876108,0.17778391931204518,HAR-RV (OLS)
659,0.0015074840947758607,0.6700916066143758,0.7876868638227033,-2.1465632703076656,0.4962674284811267,HAR-RV (OLS)
675,0.0009260601697461117,0.25365022014018407,-1.7022728368563695,2.0247401528996587,0.1857597509624579,HAR-RV (OLS)
697,0.00041668335148064433,-0.11862690000779166,-0.8787028076619983,1.3146700656015773,0.036686423326076856,HAR-RV (OLS)
709,0.0034115036502740718,0.2848207826376479,-0.29668703873375235,-0.42416825232154654,0.09355094268047082,HAR-RV (OLS)
725,0.0014515660181115366,-0.38591132214025725,0.4247713418522672,-0.525679452561634,0.22226490836130253,HAR-RV (OLS)
728,0.010161666771344544,0.5979874015300486,-0.8029706727833386,-2.2796797209819455,0.4316010405765065,HAR-RV (OLS)
735,0.004814862066066202,0.44843026594667834,0.9882881441807763,-4.146285109733058,0.43830205669512035,HAR-RV (OLS)
745,0.003487184634387625,-0.036260885881194124,3.5013777964877653,-4.609684104385845,0.33992837961179323,HAR-RV (OLS)
746,0.0005313260269668032,0.4350256672369106,-1.6311390837494653,1.1639550638549216,0.306713234234525,HAR-RV (OLS)
748,0.004354129007409452,0.5349431146795454,1.6633222112075414,-4.746416020141021,0.5503698897674119,HAR-RV (OLS)
753,0.0022441421824602554,0.5670965841687097,-0.19693400682303164,-1.6412309424623293,0.20315674998562805,HAR-RV (OLS)
785,0.0022736077164096065,-0.13476709408922743,-2.5356214833434723,2.0697059843703904,0.30750080576020955,HAR-RV (OLS)
817,0.0008620032631031075,-0.11983827069840307,-1.8117384485689048,1.2895856308423883,0.18622229111645194,HAR-RV (OLS)
840,0.0004273224035581931,0.2329990268788598,-1.61971351247861,2.0121220850550694,0.18130894119954732,HAR-RV (OLS)
841,0.002335750154126984,0.01487384048294499,0.3730685654904945,-1.5093691251081163,0.09024981682869992,HAR-RV (OLS)
852,3.7033691696957316e-05,0.6123499555742736,-0.9472306381028182,1.119338109039052,0.38609762803683945,HAR-RV (OLS)
854,0.0016049020722148737,0.27294317769010423,0.1547852642446773,-1.563887778827814,0.10860313085829154,HAR-RV (OLS)
868,0.004236319453191256,0.032318102300597354,0.33551485074562487,-1.2882246760659593,0.055878488898019385,HAR-RV (OLS)
886,0.014180159361522011,-0.6281919740385086,4.27384432126998,-6.134863251392145,0.20172493860444107,HAR-RV (OLS)
895,0.00174290459798225,0.7643832839307497,0.23766321333414042,-1.9320757830955526,0.4540619035968715,HAR-RV (OLS)
904,0.0018360670179401347,0.0014570302338563338,-1.6844161473141366,1.0266578933267008,0.21688137764836368,HAR-RV (OLS)
908,0.0007055164303440858,0.3011606271907683,1.3557230395846103,-2.3830827786078688,0.2337453531362781,HAR-RV (OLS)
947,0.0007338207707795949,0.5046987376361913,0.15489791584140214,-1.221834390769305,0.2396355591064947,HAR-RV (OLS)
951,0.0011301289830866743,-0.4924928107954677,0.018862904006590908,-0.43044170987744546,0.5145809670350494,HAR-RV (OLS)
957,0.004034410887460349,0.35948535081722793,-1.1325100544693854,-1.6850357235765587,0.44538000367857766,HAR-RV (OLS)
969,0.007183405781488401,0.0898147765793027,3.703369350110372,-7.660548153902222,0.3136677374227069,HAR-RV (OLS)
985,0.0008718281503567926,0.2721196063085754,1.0014808832102244,-2.406789593505378,0.4211701502308294,HAR-RV (OLS)
991,-0.0015205154716702576,-0.4592888764620053,-2.6700592606993183,4.512409451567386,0.3150967121287619,HAR-RV (OLS)
1000,0.0018901761118067224,-0.07117975410718565,2.9492563955694484,-6.05362228545332,0.5759776679366193,HAR-RV (OLS)
1011,9.586267078413662e-05,0.3440628664179599,-0.6132094436521155,0.9187042490961663,0.17251201491867196,HAR-RV (OLS)
1016,0.00026168966792840297,0.16169247407560766,-0.5538409127306578,0.6396773492366926,0.05443152589163869,HAR-RV (OLS)
1020,0.0009341308828588267,0.061109649572011655,0.22373395173767416,-1.490347907412026,0.0814138091252774,HAR-RV (OLS)
1022,-0.0003957271233358036,-0.08343712693797901,-1.8810583793768818,4.144339365594593,0.10775069747300492,HAR-RV (OLS)
1028,0.0031875079578071223,-0.340361123436214,3.0120776974443104,-4.172298716595574,0.33635278136822633,HAR-RV (OLS)
1037,0.0003376041010593674,-0.30823821958079123,-1.8865433701421315,2.6072408145989225,0.20606822280677073,HAR-RV (OLS)
1040,0.0012170459236145932,0.4363214829751383,2.5591957529554206,-3.6684280398561233,0.3824332360573669,HAR-RV (OLS)
1057,0.0020278582570014175,-0.1694127479725832,0.9130941035388982,-1.8071715617547126,0.15451720345467002,HAR-RV (OLS)
1063,0.005988656540172596,0.35000378940006005,0.3334605128613478,-2.1989920307016995,0.15242423091764057,HAR-RV (OLS)
1070,0.001254960776652466,0.6142316469034668,-1.0683416479639267,-1.6309417149350312,0.4189634389299546,HAR-RV (OLS)
1075,0.001037867304211844,0.370773585307256,1.8216996972528545,-3.3921454050248387,0.20632577355711623,HAR-RV (OLS)
1100,0.000989973358266703,-0.14321157645965835,-1.302720934842566,0.7500687694232899,0.25992223258320546,HAR-RV (OLS)
1107,0.003760780158329144,0.45341199861881776,1.284222091377988,-4.952610328076723,0.3663866612860175,HAR-RV (OLS)
1119,0.0012170811607848187,0.5744227423798856,0.397752758924901,-1.963642210337043,0.29937291513680675,HAR-RV (OLS)
1125,0.0008746213643394075,-0.010751896548677519,-2.046992435618368,2.132192401599823,0.11851073180257399,HAR-RV (OLS)
1128,0.0007211213516927066,-0.12104389375217675,0.5094987639355294,-1.400521954918801,0.1229457257461205,HAR-RV (OLS)
1135,0.002289609714648413,0.27867048165643576,0.7853672498544884,-1.5644604887484423,0.18575971108703404,HAR-RV (OLS)
1142,0.0005364180924879284,0.5671572594394665,0.16254981360980858,-0.7049122466816325,0.23035396896031168,HAR-RV (OLS)
1149,0.0027346070314859913,0.12330186886954334,3.550483631716036,-8.010528675538513,0.4175038676735813,HAR-RV (OLS)
1158,0.0016527640084172302,0.4831810358033934,0.6714590056429756,-3.0767238758736424,0.17784863812969798,HAR-RV (OLS)
1161,0.0004339141522362018,0.30287664128488856,-0.3607730183744383,0.4026082529498184,0.1650498684305003,HAR-RV (OLS)
1173,0.002973212804016802,0.19919913963225738,0.8412682989847748,-2.279652729434104,0.19280842409900556,HAR-RV (OLS)
1176,0.0019464666059730525,0.3175101769625875,-0.9597905942118474,-0.07310947057204731,0.13792772717111912,HAR-RV (OLS)
1178,0.0013940639331033854,-0.44804497319184444,-0.43269486905708443,0.13220191008709348,0.35465837947259427,HAR-RV (OLS)
1191,0.0021498437671294505,0.4880593598705909,0.8141253822685482,-1.3098899784754106,0.24269176804962223,HAR-RV (OLS)
1198,0.003926240354347776,-0.0765156235964771,0.9821256803580065,-2.0655955019165697,0.16094551912867316,HAR-RV (OLS)
1205,0.002595662225465559,0.28264921305380764,-0.7794537745414323,-2.0326142134256573,0.2811601635958839,HAR-RV (OLS)
1209,0.006201765692681416,0.1140917370176112,2.208073761466368,-3.6174718806042225,0.24175455614112007,HAR-RV (OLS)
1213,0.000968264213045974,-0.2576973832719527,-2.6144471569266026,1.2867794088911404,0.43163677840549053,HAR-RV (OLS)
1215,-0.0014364423138662665,-0.1537168906851109,-2.2411474331410206,5.803568441817458,0.2966262053877041,HAR-RV (OLS)
1219,-7.073602868847158e-05,0.07179637177712943,-0.9656939867732182,2.3100570803118505,0.05479234886493434,HAR-RV (OLS)
1227,0.002696499744746859,0.5057628645768103,0.5118291870807439,-3.936519395694007,0.2530792446718668,HAR-RV (OLS)
1235,0.0010084541571809646,0.6247424870948604,1.7281279545058972,-5.751862572414033,0.4905613210267491,HAR-RV (OLS)
1239,0.0017503681470611673,0.5287519081769883,1.2105430017713625,-4.351172881898082,0.23172507597726388,HAR-RV (OLS)
1242,-0.00016073994912870566,-0.26300537994693124,-1.805463427907832,3.142127632415424,0.09792279342645971,HAR-RV (OLS)
1247,0.0012744714649752047,0.24567309798589496,1.4810945771525796,-3.187216762888269,0.21858355461725132,HAR-RV (OLS)
1249,0.0008503998804793042,-0.17638262335568652,2.7765286239313944,-4.0392538168794285,0.2733073840528657,HAR-RV (OLS)
1255,0.0006592404021795873,-0.07823849660278163,0.4164786114696494,-0.707475698437354,0.02008571023613681,HAR-RV (OLS)
1264,0.003917703056572724,0.21894685399640518,0.3475509719116959,-1.7980965926033876,0.17338946291123214,HAR-RV (OLS)
1269,0.0036298811962354504,0.36825301866289173,0.6378333908322615,-1.9736558200130148,0.1840930363473272,HAR-RV (OLS)
1273,0.0006387791428275598,0.07468025739180212,0.34226870740556964,0.155018763749932,0.09648162803342342,HAR-RV (OLS)
1274,0.0017896895831537476,0.7773086449589022,-0.5576405926427443,-2.570633324771312,0.47777045113025984,HAR-RV (OLS)
1280,0.0014627852179233654,0.19820730573649045,0.9097854794988185,-1.6501524462127548,0.05195762368489476,HAR-RV (OLS)
1289,0.0019606609460235238,0.10483499327216209,-0.6958670522687219,-0.16792779644608635,0.06671659670110897,HAR-RV (OLS)
1291,0.008544148214911444,-0.02942652978252275,2.998422462404146,-6.4475068495727115,0.3259321228458275,HAR-RV (OLS)
1292,0.00032635261045350374,0.05293421251994766,1.19837334733446,-0.723605340765805,0.249993012933183,HAR-RV (OLS)
1302,0.0019458971923276335,0.9455102075987266,-4.481383173680158,-3.606950487775134,0.5765889339518357,HAR-RV (OLS)
1310,0.0016237631969746977,0.30084171791052855,1.3727320675293666,-3.5846130503796667,0.2085373625647985,HAR-RV (OLS)
1321,0.0007996172574628349,0.022927174206528185,0.5433092139435984,-1.0156857868055944,0.057415771321710274,HAR-RV (OLS)
1322,0.004909950677564643,-0.6092966994176594,1.130412575914905,-1.7045406003208452,0.37502341719954724,HAR-RV (OLS)
1326,0.001286870933585306,-0.037814266526697116,-2.0368548586787503,1.3966517751138943,0.13091963839206655,HAR-RV (OLS)
1348,0.002380202310805675,0.4179947409411248,1.5071522020389072,-2.9337541322425746,0.3847380318624899,HAR-RV (OLS)
1350,0.000899294233446046,-0.15244745451831884,0.33250828870710675,-0.8893580477511178,0.11514285870557117,HAR-RV (OLS)
1359,0.0008238653172059914,0.10894815939249408,1.283462487148872,-1.8825224023152185,0.11485763221113177,HAR-RV (OLS)
1363,0.0010490288542352197,0.3969755696180499,0.21178538132053382,-1.2070596209404614,0.08465303022988857,HAR-RV (OLS)
1365,0.000877366835784413,0.241762723497143,1.9317272629894418,-2.8347342038048984,0.12083117894380246,HAR-RV (OLS)
1377,7.941309336646023e-05,-0.6706414677769207,1.589187252739493,0.040395875913350254,0.3630289451167108,HAR-RV (OLS)
1380,0.001807819697987479,0.4197821917953418,-0.3176103815854838,-2.105371071816704,0.3041145254177585,HAR-RV (OLS)
1392,0.0011441350477384758,-0.09322800606026675,2.0113033666263833,-3.0357411972752337,0.3334411487771921,HAR-RV (OLS)
1404,0.0007213342167501081,0.621708784658301,-2.852694479438432,1.660411868899938,0.3955906598603952,HAR-RV (OLS)
1408,0.003129153564563982,-0.19930156054853024,-0.5323998367595411,-2.9558414496112877,0.2998340004402086,HAR-RV (OLS)
1416,0.00027610091549436536,0.4836596858583014,-0.8574288072685985,0.8719126827599171,0.26707067496224113,HAR-RV (OLS)
1417,0.0024684710561553493,0.1315500092822394,-0.21318887993151792,-1.2439248831644665,0.11950080836738475,HAR-RV (OLS)
1427,0.0014031190181379044,0.051353307818548834,-1.170548208525098,-0.5336620366563123,0.1799810847384956,HAR-RV (OLS)
1430,0.000867252795334311,0.0027360522071315004,0.5597644105277475,-0.8920985834408639,0.03410813167467419,HAR-RV (OLS)
1433,0.0002672482111932737,-0.11757288778693466,-2.1419631817671436,2.987741926802931,0.16008877184326575,HAR-RV (OLS)
1459,0.008367176053740369,0.7569820592168337,-0.22030805266921272,-4.388284981005368,0.6075582300803478,HAR-RV (OLS)
1462,0.00488374056959008,0.28640437489243165,0.27601749047661817,-3.030932185641495,0.17795558219718688,HAR-RV (OLS)
1463,0.003062672446906954,0.25346851790310004,1.1712089129597945,-2.084193413211196,0.33755835403663603,HAR-RV (OLS)
1464,0.001311019249771022,0.6119486469461657,0.20053173205120872,-1.456419276358246,0.365247972417692,HAR-RV (OLS)
1468,0.0009373578017969984,-0.1905018064512286,-1.4609790422430706,1.0100255371109013,0.19839822256584239,HAR-RV (OLS)
1471,0.0033078947756927683,0.7125287881933487,-0.5693932766190279,-1.2893034481113346,0.5687521389252164,HAR-RV (OLS)
1477,0.000743917217390605,0.025774983618977457,0.2593448896450072,-0.4175400829374447,0.006673566926919117,HAR-RV (OLS)
1481,0.0006401854428456744,-0.3954002265251276,1.2808731946595113,-1.1736514075360849,0.3899456805857858,HAR-RV (OLS)
1501,-0.0002172839500056916,0.18826459385967934,-0.07558554669431244,0.9291716929289343,0.5426474465173285,HAR-RV (OLS)
1513,0.000812318058419936,-0.1807713696336173,1.9846899448237232,-2.908827303729765,0.3356249004760721,HAR-RV (OLS)
1521,0.006869131607299652,0.37818672523602226,1.0243208240825425,-6.02065976796845,0.34086269497671595,HAR-RV (OLS)
1524,0.0017081400094357863,0.0837019156519689,-0.8207520755606618,-0.25630008458017517,0.10954908212296222,HAR-RV (OLS)
1529,0.0008428785882250967,-0.0028796953224848832,0.2636389896388109,-1.0855398549862407,0.09842723147613341,HAR-RV (OLS)
1532,-0.00016410276862257028,0.45892074947081035,-0.4743455790975498,1.1128258865784806,0.27528138015995984,HAR-RV (OLS)
1536,0.007840679533410366,0.32813296766625727,0.5148063550748757,-2.7174604961903404,0.15841994139392956,HAR-RV (OLS)
1541,0.0016163300543881975,-0.10189632891914117,-0.43434689281179967,-0.08920277663146164,0.09440553668101948,HAR-RV (OLS)
1544,0.0009371543969073835,0.3319435579289891,-1.1523607364051296,-0.1806683425506448,0.31608596426192337,HAR-RV (OLS)
1551,0.0015169377262455302,0.42780745317649194,0.34253012577165626,-1.3844619323845269,0.2509132541767993,HAR-RV (OLS)
1563,0.0007344753251371366,0.5986636464148807,-0.08404696790248944,-0.8870993343571812,0.1828931515668687,HAR-RV (OLS)
1565,0.0081324851708568,0.12683361961775866,2.942255516453486,-6.8081264938047985,0.3912127913237773,HAR-RV (OLS)
1581,0.0012881574387519999,-0.3660432341530558,1.3635492029005476,-1.772781018414535,0.14388911313233477,HAR-RV (OLS)
1587,0.0008638428282644331,-0.20553657914549261,2.7202083085884086,-4.414628907193067,0.4943171394317738,HAR-RV (OLS)
1600,0.007521511473327211,-0.08080275314542133,3.349109808913998,-5.691210579619497,0.17467934596070334,HAR-RV (OLS)
1640,0.005711696806543806,0.6639642064230276,2.1351750062238257,-6.047097240943491,0.5474025187239718,HAR-RV (OLS)
1651,0.000837751756421027,-0.005878340343351106,0.6377976489170138,-1.6554353175471772,0.09648855595923123,HAR-RV (OLS)
1658,0.0008011568353679973,0.39567427033530517,-0.4193695435060581,-0.018110299721213724,0.12261702939816133,HAR-RV (OLS)
1663,0.0006704547456483611,0.291669212807485,-0.2793159681299633,-1.0025606098956046,0.10717062734418747,HAR-RV (OLS)
1674,0.0015289479331850706,0.258961975535916,0.028536141046807628,-0.8149909693998494,0.31628262457128187,HAR-RV (OLS)
1676,0.0015359237035219204,0.47408142564350175,1.4192491176827153,-3.4904122893899014,0.29438024760873105,HAR-RV (OLS)
1688,0.0030849509799781164,0.47435475088148665,0.39399777188852814,-1.716673863625258,0.35709750031794085,HAR-RV (OLS)
1707,0.0028530773615548146,0.23798607557084306,0.9199963180544108,-2.5455355465040297,0.07719927232100243,HAR-RV (OLS)
1712,0.0004138237364354842,-0.2258717340064833,-1.8852681802903406,1.918186819321872,0.1075078567364911,HAR-RV (OLS)
1719,0.0018545776818269031,0.4998555227863626,0.45773308554280445,-1.3282002816281706,0.3448180014603833,HAR-RV (OLS)
1722,0.0068157152640970714,0.0536598094056274,0.46501905059057647,-2.325807029921566,0.12724636929629862,HAR-RV (OLS)
1728,0.0022944889506614176,-0.0032503665726057677,3.197374059363381,-5.6773350399872315,0.4222208614295525,HAR-RV (OLS)
1744,0.0018933560898207588,-0.5453776290689283,1.4547741666944074,-1.3345850750570012,0.28380960515184206,HAR-RV (OLS)
1747,0.0008984519479227303,0.12218442115119024,0.7549213148929299,-1.7670062057569218,0.07296685853330942,HAR-RV (OLS)
1761,0.0034494435451602828,0.13738442115159413,-0.6976471037222947,-1.4009737320979767,0.17247863641058492,HAR-RV (OLS)
1787,0.0011213222652266192,-0.1734743497634868,0.5679778928276509,-2.1556110340230665,0.244056269122791,HAR-RV (OLS)
1789,0.0008562350862631451,-0.159444342256961,-0.7797194953155533,0.5398747460304363,0.09056299101511911,HAR-RV (OLS)
1797,0.0008235887207939484,0.19747767145922676,-0.5180007626783726,0.7303025296546329,0.03956847568545174,HAR-RV (OLS)
1810,0.0007176529261209215,0.7439325291597824,-2.2858958005712258,0.1800104176351367,0.23150317033475065,HAR-RV (OLS)
1813,0.0016057490402193882,0.2831955529986434,-1.4459712253718917,1.362076831793213,0.1972708202937481,HAR-RV (OLS)
1816,-0.00026550701747565103,-0.28796846678571825,-0.7757788642841978,2.0118973749426545,0.06140610142491665,HAR-RV (OLS)
1820,0.0006809305444088172,0.1282141137091777,-1.5370943082780335,2.2499899086841135,0.07101674113073442,HAR-RV (OLS)
1822,0.00040393599250472653,0.07985003619211237,0.7785847231988425,-1.038154040834052,0.09369717722373305,HAR-RV (OLS)
1823,0.0004479340385740416,-0.5542638372379318,0.29321697162001337,0.8943601979335316,0.2411617174613916,HAR-RV (OLS)
1826,0.0005766929234295522,0.33874113069691186,-0.7899105254711813,0.24133134685619312,0.22907514754367708,HAR-RV (OLS)
1827,0.001646067898321996,0.23203490403116364,-0.7029262838154211,0.4732617012749711,0.08950257341190104,HAR-RV (OLS)
1841,0.005217292608448436,-0.11437639821092904,-1.4401605546471061,0.1401056957187493,0.19861172884590972,HAR-RV (OLS)
1862,0.0034193888041095,0.26360452834592474,1.0595404593110154,-2.6275542724122647,0.22328263400510928,HAR-RV (OLS)
1866,0.003755616793567604,-0.4258146172702875,1.37071371038012,-3.4358688084445808,0.2242621254761431,HAR-RV (OLS)
1870,0.0010433713021067044,-0.12206954567028212,1.5528914604026316,-2.834952143654627,0.1701607407854746,HAR-RV (OLS)
1875,0.000322946544433645,0.06511370552873559,-1.3748542611366763,1.4197812310579037,0.03537381405091011,HAR-RV (OLS)
1876,0.0017254716705300721,-0.2609105725061315,1.5511644371354532,-1.730816565820245,0.08562717229467676,HAR-RV (OLS)
1879,0.0027774694824070838,0.5106238252392667,3.093737984016891,-5.511506575885933,0.24983858808745996,HAR-RV (OLS)
1890,0.0008506684468090059,-0.09459478576826727,-0.9553451117857252,0.9041710017881335,0.050329466208281604,HAR-RV (OLS)
1904,0.0009347273988220784,0.5455517696856245,-1.2031997864342638,0.5160303421618658,0.24903619413477063,HAR-RV (OLS)
1909,-0.000576181348885024,-0.430139684740257,0.27836375253822543,1.5919728137963167,0.4011948803354817,HAR-RV (OLS)
1920,0.0018099439756630092,0.10367294647602406,0.9298488435891862,-3.1230710958282377,0.2239972174738547,HAR-RV (OLS)
1923,-9.540246347502688e-05,-0.8282509069130454,1.1652610345217265,0.5586050680129135,0.3051475810818175,HAR-RV (OLS)
1930,0.0026298233489807396,0.3615231136493831,1.5252629667314115,-2.254599359351997,0.23973924090729126,HAR-RV (OLS)
1938,2.7022675198655152e-05,-0.6685350394137966,-1.2335211137231856,2.6779477275825427,0.40799211090284915,HAR-RV (OLS)
1946,0.002114415315961436,-0.23531352285808207,0.69221901359848,-0.5286389503533346,0.05355293071841227,HAR-RV (OLS)
1948,0.0006438859611502036,-0.057939255189618954,0.9702874930060441,-1.4922244986769209,0.0531209384383009,HAR-RV (OLS)
1956,0.0009485626249500411,-0.19463330370298984,2.1636881855386605,-2.855550340626412,0.2998787927728268,HAR-RV (OLS)
1962,0.0009306854435153619,0.5375363849705099,0.9661330561124217,-2.245004801269988,0.516783819991526,HAR-RV (OLS)
1980,0.003010157375309629,0.4337892596008843,0.2597849583510161,-1.267134993317243,0.144119213093573,HAR-RV (OLS)
1981,0.0007169132849578314,-0.5685968157394076,-0.15134243488367255,1.2015407617631872,0.2362037271632239,HAR-RV (OLS)
1991,0.002018258411565738,-0.08122404245359374,1.734920027794821,-2.99015867718285,0.04339214878707964,HAR-RV (OLS)
1998,0.0015941007721929623,0.4289323830993415,-0.8367923998329256,0.3348942087769722,0.2724924939383212,HAR-RV (OLS)
2000,0.0037531572613400295,0.4956313021334209,1.5723597866430434,-7.327958595380026,0.3415785001098687,HAR-RV (OLS)
2006,0.0023813640435262117,0.4994396876616786,2.602369360417897,-3.7370786304655423,0.31457857478114504,HAR-RV (OLS)
2010,0.0005154131568550124,-0.11175692646334962,0.851034030431616,-0.5146085682680621,0.04680195841092705,HAR-RV (OLS)
2014,0.0008912384756092522,0.06975916627471748,0.2621147932204567,-0.9725701096903575,0.04150776323833172,HAR-RV (OLS)
2018,0.0010863532928786482,-0.39001600396828107,-0.5615361305557507,0.8768894871112075,0.10744962580158579,HAR-RV (OLS)
2027,0.0025894126705163787,0.3063217185102312,1.2638824190791802,-2.9693034581527593,0.2799274526388934,HAR-RV (OLS)
2037,0.0006586581658094404,0.29457789799591644,-0.6725306082871715,0.34601200802524423,0.08488565628609968,HAR-RV (OLS)
2046,0.0011590449204448602,0.3816796846286249,0.3141242760183187,-2.1993836379523004,0.26278084973675087,HAR-RV (OLS)
2058,0.0036273048725487507,0.2952004996318217,1.8978877741057465,-4.522021855041663,0.27626441233339105,HAR-RV (OLS)
2075,0.0008221815141754235,0.5912017351426696,-0.018039831963679476,-1.2753564580800774,0.31266341000056175,HAR-RV (OLS)
2076,0.0007609560566396261,0.3832248602293143,2.1337373070740195,-3.0151512770398767,0.23390386408154284,HAR-RV (OLS)
2077,0.0041243570511553165,-0.003115471879048682,2.9027280794961103,-3.4947281907527645,0.2796423199064917,HAR-RV (OLS)
2085,0.0026549846259284974,0.23187677988581992,-1.517405440039798,-2.594138950850729,0.40659197571670314,HAR-RV (OLS)
2086,0.00056560811543896,0.31076986072621293,0.7348076396737848,-0.8622643636054049,0.15524035415267345,HAR-RV (OLS)
2088,0.0030641829967215086,0.09574294707070333,1.915159969003189,-6.2830782735739055,0.5317402603702399,HAR-RV (OLS)
2102,0.002859494504338184,0.48113017260236357,0.3354291371611163,-1.7721428457613146,0.2536387301962161,HAR-RV (OLS)
2104,0.0017607837526381355,0.044148447927027004,0.23737302811997837,-0.646227090794148,0.01090639380757552,HAR-RV (OLS)
2109,0.002446865834041745,0.5402262993411454,1.7006287539970977,-3.133040353166651,0.23905077332313474,HAR-RV (OLS)
2117,0.0016352193747453884,0.5831503427771271,-0.3456671880934845,-2.7676548628439863,0.4247337795918331,HAR-RV (OLS)
2118,0.0008652239381588893,-0.5255575980152631,0.3082038035671299,-0.34889652993038694,0.2746242857200031,HAR-RV (OLS)
2119,0.00309966618169397,-0.0301426371462703,0.33927163454365483,-3.029652049171959,0.1421401586900466,HAR-RV (OLS)
2125,0.0006740017481585452,-0.44290717669791013,3.740758614866616,-4.135414187875888,0.3975152682933728,HAR-RV (OLS)
2136,0.0011518987944646065,0.3019133319482725,-0.3554451375594492,-0.19432186275282198,0.10202208337706753,HAR-RV (OLS)
2139,0.002880528868726707,0.3032886871573086,2.302838136634129,-6.629519367984693,0.4621824695822775,HAR-RV (OLS)
2146,-0.00033594990222060887,-0.2116231758532095,-0.2323384120241157,1.4218983289354041,0.09915774034942704,HAR-RV (OLS)
2169,0.0014316288116943707,-0.312092301620799,1.9513526522893871,-2.8697754970405125,0.2049898129278327,HAR-RV (OLS)
2170,0.0017932003969381126,0.574117490885505,-2.0586979861049355,1.5043391718987533,0.3365254219646707,HAR-RV (OLS)
2172,0.005377898010803215,-0.2642230569028431,4.633779803623181,-8.202724939833022,0.5496837227412892,HAR-RV (OLS)
2174,-5.604272540469602e-05,-0.1393662017152033,-0.6685513931665081,1.6328544663927518,0.0445441752571194,HAR-RV (OLS)
2178,0.014103326539968096,0.883422317776909,3.1460501244713823,-11.398289305084496,0.4037430532885927,HAR-RV (OLS)
2181,0.000529413732432677,0.03548210762801524,0.46818881388502204,-0.7607083443005631,0.014171134103097782,HAR-RV (OLS)
2183,0.0010788766053926868,0.5685845337975781,1.4397223913709618,-3.14084649039672,0.25425100092175457,HAR-RV (OLS)
2184,0.0011278218485112402,0.309805929165701,0.5731573522358151,-0.7440562397251675,0.17654077110355548,HAR-RV (OLS)
2185,0.0007590287476627543,-0.3151136959917461,-1.6202628762876112,1.7474259759841893,0.1997272537639866,HAR-RV (OLS)
2193,0.0001350062313555483,0.09598786281051239,-1.252756316843491,2.193952040108162,0.09270226408123527,HAR-RV (OLS)
2196,0.0036290228611673926,0.42411263610821287,3.890321312515142,-11.51965346965445,0.6338705664248487,HAR-RV (OLS)
2197,0.0037496127650851916,0.08975176147292466,-0.7868385231222439,-0.45326981597356136,0.14268993155295628,HAR-RV (OLS)
2199,0.0014418461729762935,-0.03670591547614553,0.3121493646478979,-1.7061246062429787,0.14007217092602986,HAR-RV (OLS)
2213,0.005954356175701297,0.7732481692649449,5.947236331014544,-15.881146511972931,0.42373600840407044,HAR-RV (OLS)
2219,-0.001446496409639148,0.09784436516426642,-1.1668757563371042,3.6603210737042176,0.2241595161858867,HAR-RV (OLS)
2239,0.0013011996345218579,-0.35090511745114816,2.1987297667502186,-2.3519702649573704,0.22344938575863116,HAR-RV (OLS)
2254,0.01374519372924369,0.28693083028589306,4.925673530978435,-11.469207431404355,0.47787455465417716,HAR-RV (OLS)
2259,0.002867608936605668,0.11053714830281114,1.777333226956647,-3.822537295012221,0.3560288317157896,HAR-RV (OLS)
2267,-0.00011825335324118025,0.9043051996966345,-0.6154497327800841,0.9470244909381583,0.60761167176388,HAR-RV (OLS)
2293,-0.00035898211852980976,0.20399663633086407,-1.9997673686775617,4.507057853323787,0.4599262774054086,HAR-RV (OLS)
2303,0.001606004358231481,-0.424781674416975,-1.151699069557849,0.8276173472905888,0.27201209902119516,HAR-RV (OLS)
2312,0.0013789212131020542,0.4064786518263703,0.7238637214813746,-1.9641427387104666,0.3082696920814213,HAR-RV (OLS)
2329,0.00038850635304078177,-0.11188800083437087,-0.8083250647087288,1.3252109785513901,0.040493012402659456,HAR-RV (OLS)
2331,0.0018804499227163748,0.5357549450479205,1.5461241241892938,-3.023602016794719,0.219097043772018,HAR-RV (OLS)
2353,0.0007121595541152031,0.5133490018665137,0.2527929853349302,-0.9349478249173859,0.31068289229409884,HAR-RV (OLS)
2366,0.0006717286750556042,0.39106367598032615,0.19744861726832347,-0.4596102113394862,0.14549351079220296,HAR-RV (OLS)
2374,0.0026338231700632573,-0.01883984908778686,-0.14745202268278845,-1.7010757973593524,0.18833880238714218,HAR-RV (OLS)
2385,0.0011027612606545087,0.793259073254336,-3.033647580719484,-0.01499338045271248,0.4772119802305277,HAR-RV (OLS)
2390,0.0012231174115708082,0.1904383278345593,0.8302164632538078,-2.6602161100257407,0.1432359028420278,HAR-RV (OLS)
2392,0.002378070604488587,-0.20648603085662953,0.9296189887392193,-2.041526226454257,0.25360256842921214,HAR-RV (OLS)
2410,0.0022300994927231584,-0.32089069067716947,0.21344448105608818,-0.20752942424148108,0.0986974410778726,HAR-RV (OLS)
2415,0.0018586507439088116,0.11794265384038376,1.8950822493354542,-2.0989052509515393,0.2284438502592735,HAR-RV (OLS)
2424,0.0034326715289040048,0.258174714497909,1.1617291003959647,-3.4589349298629406,0.1810932605634763,HAR-RV (OLS)
2433,0.0003203542467344368,-0.0735222837614298,-3.0476528935030958,3.6624640451002106,0.285309548965037,HAR-RV (OLS)
2436,0.0002666905227693334,-0.5556567912120178,1.5483783160545777,-1.1554880189015933,0.3250361497804002,HAR-RV (OLS)
2439,0.001156353837946326,0.3547257086176018,-0.23594936808382638,0.18140829772933492,0.12249964830637794,HAR-RV (OLS)
2440,0.0008717605894280485,-0.20868651759154563,-0.60457272213392,-0.06108394725329941,0.3079500832721409,HAR-RV (OLS)
2444,0.002648814171448313,-0.050119169041382375,1.6068245174048519,-2.517760485594393,0.35777424628795207,HAR-RV (OLS)
2447,-0.0008707830193420314,-0.3205661894893248,-2.342891301050447,3.919691540284432,0.2837703126989305,HAR-RV (OLS)
2458,-0.000404173071511269,-0.16215112931387346,-1.284806621649527,2.1546425746312354,0.28262748569282137,HAR-RV (OLS)
2463,0.0021760260986250254,-0.22899338319291232,1.7884288506995123,-3.849596315841429,0.21416283302653893,HAR-RV (OLS)
2466,0.0007645225727114032,0.19594354572602551,-0.20004851405578888,-0.5162801622779061,0.06565617687876202,HAR-RV (OLS)
2468,0.0024010716244718573,0.4738865891014774,0.15606888766539628,-2.414634037290998,0.2806536450772792,HAR-RV (OLS)
2479,0.0007436509056336189,0.03060607480642191,1.9427771355465429,-2.5803518483422168,0.19729459482215927,HAR-RV (OLS)
2489,0.006600940333265636,0.14641733451056718,5.244132880397237,-8.668811046460473,0.465055006695021,HAR-RV (OLS)
2491,0.0037894772243645606,0.3361080287119513,2.477326428683652,-7.972510106114489,0.3019163481723506,HAR-RV (OLS)
2502,-5.408933236615457e-05,0.18736382108129498,-1.000946970690562,2.0173488135633884,0.05682772848762607,HAR-RV (OLS)
2507,0.0014700844443079062,-0.052226548706906156,-1.7221005529711189,1.423113423615698,0.1724248333824574,HAR-RV (OLS)
2510,0.006316280361199195,0.49570408602943483,-1.2014320947170378,-2.3819802511237436,0.40418665916558993,HAR-RV (OLS)
2525,0.0010603002830026017,0.7749377528729818,-0.8309261132601182,-1.3375752586637144,0.4549150920479137,HAR-RV (OLS)
2534,0.0004911203404023933,-0.20096583224526177,0.22744780448635676,0.16843156526369907,0.06077193411587123,HAR-RV (OLS)
2545,0.0008663867090875941,-0.1959931733776805,1.5708030747945565,-1.4469632074118433,0.20540362477710183,HAR-RV (OLS)
2553,0.0018150247728100696,0.41887508680531693,-0.3876207797330693,-0.6513294664001111,0.15983611547554777,HAR-RV (OLS)
2559,0.0017703113815437945,-0.28643484416325476,1.5044912662035512,-2.6086339487979364,0.1713994277944847,HAR-RV (OLS)
2566,0.00398737376687138,0.2072011458354197,-1.3287500414714486,0.6421247347953803,0.11978565327664126,HAR-RV (OLS)
2567,0.0011429417371599609,-0.02716188318754112,0.20172462161450322,-1.2425238034250388,0.10963795579119384,HAR-RV (OLS)
2568,0.0009260527464334584,1.0743653050629236,0.3186158197909016,-2.943637121275672,0.5357562437915604,HAR-RV (OLS)
2573,0.0017072590144416424,-0.05154720256080996,-2.057518699022172,1.1752267151100333,0.17734728538201994,HAR-RV (OLS)
2582,0.0017897064435647221,0.06375829727128683,1.716952465478603,-2.677251910551552,0.3028224789971521,HAR-RV (OLS)
2591,0.0022714676682147016,0.008357689555819163,2.265122617628448,-2.7810607615248912,0.19869473591085118,HAR-RV (OLS)
2593,0.0015446140709276992,0.2590848089157094,-2.2765428661330116,1.28721090191178,0.2361494400968518,HAR-RV (OLS)
2600,0.0002074426671972511,0.1117340527905409,-0.37087033340670955,0.5450026644911267,0.12572327076499668,HAR-RV (OLS)
2631,0.003678836172069699,0.18447304342792623,-0.0057449976330636865,-2.9577762595918173,0.25376911325120266,HAR-RV (OLS)
2643,0.003385682853357641,0.2276170551361774,1.5793370037645749,-3.7983924648028404,0.20881366571865034,HAR-RV (OLS)
2644,0.0011200875332415135,0.30929892442989987,1.488183354051856,-2.4660172915813012,0.0767230925831679,HAR-RV (OLS)
2656,0.0015782821561681187,-0.29340662339166174,-1.512496294451252,0.6250654676891184,0.24110713010950846,HAR-RV (OLS)
2657,0.000848746307235049,1.0006905823280843,0.9645501475924612,-2.1974101642278883,0.7354406059645036,HAR-RV (OLS)
2659,0.0012087857932538604,0.3172235714855969,-1.0113041722101812,-0.0858546009797242,0.21095310851139304,HAR-RV (OLS)
2683,0.00041208118728735935,0.04083165609527298,-1.9454416721139751,2.4825383817417146,0.1400905255857312,HAR-RV (OLS)
2709,0.0002043939217677062,-0.5424262801299481,-1.1929562652913548,2.064298679435579,0.1903219363239429,HAR-RV (OLS)
2711,0.0006254472997733627,-0.4238157017806477,1.3607386524960934,-1.0028382452692268,0.19752594708032578,HAR-RV (OLS)
2717,0.002512104711365591,0.5175559123801405,0.6438004401909742,-2.9612989150832183,0.2799430061985858,HAR-RV (OLS)
2718,0.001611219814473304,0.2072362929813646,-0.23150549095121536,0.3302934729674305,0.03717303085290635,HAR-RV (OLS)
2740,0.0007631456704323678,0.1757642133010136,0.4796498804121446,-0.9505019868211044,0.04043201984134459,HAR-RV (OLS)
2748,-0.00014924951985370778,-0.05387213755573332,-2.3460090993940033,3.9677453884114326,0.11784005437355227,HAR-RV (OLS)
2758,0.002827143862049612,0.009402867850843506,1.9130727380417403,-4.202927048240775,0.12341845610727464,HAR-RV (OLS)
2772,0.0027069227296138637,0.670111295337469,0.5458027399556142,-2.7847063087478956,0.6523890822909583,HAR-RV (OLS)
2780,0.01062944234390965,0.31391508478644187,2.417045560094615,-12.166088787366505,0.5010735851633854,HAR-RV (OLS)
2782,-0.00046627425947956915,-0.4088026216055861,0.42386471019433314,1.5270744855720357,0.33518852150228295,HAR-RV (OLS)
2803,0.00034761265419540593,-0.3896029984434412,0.2547526466431418,1.2539248848631384,0.42267997051401096,HAR-RV (OLS)
2811,0.0007482107226981695,0.2803817491605928,3.6202494284641293,-5.987482911973245,0.23184233839693547,HAR-RV (OLS)
2826,0.000557313451705728,-0.15356642645290072,-0.8033650124178385,0.33756269449845705,0.12257442514015815,HAR-RV (OLS)
2833,0.0008563572782598491,-0.039208883527379286,0.3557128392950749,-0.528592066275106,0.010122722540334195,HAR-RV (OLS)
2844,0.0016839869007771397,0.16720543407116534,1.8020120141249085,-2.9627437086863746,0.13789218413360949,HAR-RV (OLS)
2846,0.0037054963276152526,0.1445886140779276,0.2525625970331677,-1.4151211506876948,0.12149568100166186,HAR-RV (OLS)
2867,0.0016100837852961285,0.5976603166547876,0.4238399978074203,-2.310209669420321,0.3007522111475429,HAR-RV (OLS)
2876,0.0015212395489643264,-0.23649069137146678,-1.9262657827437055,2.4015490809211038,0.10156411913527053,HAR-RV (OLS)
2881,0.0005275237074939486,0.16117234945970527,-0.8502513078854033,0.8231959461526238,0.030628938716571907,HAR-RV (OLS)
2883,0.0028064626635608105,0.5131795477148786,1.589011251833789,-5.214902051675967,0.1972785658928714,HAR-RV (OLS)
2891,0.0007342405495830411,0.3907645365829823,-0.5277016869558544,-1.2964786667439063,0.23605853048868763,HAR-RV (OLS)
2892,0.0024681828862161527,0.35358367625364406,1.424173492815424,-2.6381516396367783,0.3388778685345959,HAR-RV (OLS)
2893,0.002048990300160496,0.2187177114860161,-0.934530517278614,0.3827315551295065,0.11634564044622697,HAR-RV (OLS)
2902,0.00553176121996,-0.0633673550070126,0.10157604598513903,-2.0290403061838305,0.13443730756287098,HAR-RV (OLS)
2903,0.003646155829670673,-0.09273545863423992,0.9286747625712197,-2.2366123628918673,0.11094803687427124,HAR-RV (OLS)
2908,0.0017495640207832283,-0.0652837112929744,2.125107106743702,-3.931725609637571,0.13632213616873545,HAR-RV (OLS)
2917,0.0007343355263157905,0.13777070382608286,2.1850294580399154,-3.6193257171770825,0.4461496479230457,HAR-RV (OLS)
2929,0.00047234886890732943,0.0753376022356709,-1.9428838984900132,1.5704795126916005,0.08965504809848335,HAR-RV (OLS)
2932,0.0009934146048171724,0.43235388552689125,-1.9269880127474677,0.7767965408905244,0.4868975939952519,HAR-RV (OLS)
2946,0.009556057570877486,0.6467580469963393,0.38243226180644413,-1.4556605919710885,0.4057844152838206,HAR-RV (OLS)
2956,0.006067912333920908,0.1610929816306927,0.20101853724772017,-0.46827700222678553,0.021269140942522635,HAR-RV (OLS)
2969,0.0011269673647245693,0.17464274704965985,-0.40340828175546073,-1.3507085978243585,0.13478454143522256,HAR-RV (OLS)
2979,0.002192970086957465,-0.1280958983811966,1.8504635408578922,-3.5632825564094674,0.22378332344298002,HAR-RV (OLS)
2982,0.0016292381556337278,0.05147918229694413,-0.24286620274280718,-0.27257105275592364,0.06552973952233787,HAR-RV (OLS)
2992,0.0013878539125211815,-0.12147719556366542,1.3058677175543654,-2.2051928896584654,0.12444868158767564,HAR-RV (OLS)
2999,0.0027988426584224027,0.4707717827863523,0.332694082798461,-2.4319725798313994,0.21661170556038245,HAR-RV (OLS)
3001,0.0025252077632790405,0.38600016776066653,2.2884196282660976,-4.400256339885874,0.49431696290178184,HAR-RV (OLS)
3002,0.0039510273918777,0.5438884127573893,1.542730169478019,-2.903380226246408,0.3574251185382896,HAR-RV (OLS)
3008,0.001879426751244913,-0.10716407872694804,1.5111896013461539,-3.9185924964903616,0.16857188095315856,HAR-RV (OLS)
3009,0.0012017877366432956,0.11671433608952436,-2.2686655949633963,1.3629149230831632,0.2066484309955855,HAR-RV (OLS)
3012,0.0017926787329338434,-0.10226545535765304,-0.7150025727352685,-0.14590271804437482,0.10470833587264472,HAR-RV (OLS)
3017,0.0015128992608814703,0.07946063342717774,-1.5648780911141404,-1.826419268863829,0.2791139594639319,HAR-RV (OLS)
3025,0.0016546468886430407,0.4190318318170772,0.795895000309197,-2.028822877992984,0.1960352489954491,HAR-RV (OLS)
3029,0.0014794268695344284,-0.057978361496418836,1.08721118465777,-1.8232212417216755,0.19410477578385654,HAR-RV (OLS)
3033,0.0016128772464109413,0.08465704045997016,-1.0489175980974113,-0.8281510396699218,0.14273082912583246,HAR-RV (OLS)
3044,0.0019661490376628463,0.07985337525403208,-2.955842959584183,0.48162511686117493,0.26071601015162005,HAR-RV (OLS)
3046,0.0005450701570104905,0.1189022611163932,2.2744907525219245,-4.73180477347356,0.26084401435894844,HAR-RV (OLS)
3069,0.0029540486822844632,0.5817189732292162,-0.4522020178624182,-1.146207865409234,0.3332219609910537,HAR-RV (OLS)
3092,0.0027617389173009233,0.3350149924100118,0.3772134153668685,-3.466530992216092,0.22123438845582977,HAR-RV (OLS)
3098,0.0015368172033399185,0.7203311140323383,1.5653583665618083,-3.2666847649331516,0.27292331926134017,HAR-RV (OLS)
3108,0.00043861064814412504,0.041458821956164106,-0.7136480457568896,1.0061947213732028,0.03688090857810111,HAR-RV (OLS)
3113,0.0002963544008790183,0.09239355314984157,-2.4459269667581323,2.7855641759143226,0.24167828529864654,HAR-RV (OLS)
3123,0.004192890819605111,0.3359543695531253,1.5349887458004234,-4.473315364447918,0.2765579582376252,HAR-RV (OLS)
3130,0.000810321785910123,0.5249737686807635,0.021238465950913804,-0.386399712476765,0.24024948394239343,HAR-RV (OLS)
3135,0.0012498458183637525,0.3832007254833561,2.2269169341721446,-3.4348660193096374,0.1901186210592718,HAR-RV (OLS)
3138,0.007755871972200633,0.865819532380423,0.2845558042634918,-1.8173168157985282,0.11853919475356112,HAR-RV (OLS)
3146,0.0001485561685538325,0.06149500145108245,-1.1879824536773183,1.716962318979839,0.02435381193591868,HAR-RV (OLS)
3152,0.0006652168724140665,0.9282917325608245,-1.367869060353489,0.931728803529805,0.34123930212363607,HAR-RV (OLS)
3154,0.0007636448937066417,-0.13983493012610843,0.10687097902983309,-0.5757803235680452,0.04574642216136027,HAR-RV (OLS)
3160,0.0012651741650594188,0.3685122539413486,-0.6521994571210139,-1.1231561795991745,0.2718291445604786,HAR-RV (OLS)
3179,0.004781306551813853,-0.20922112685016062,0.9282541368162556,-1.946792858113161,0.13208579745363058,HAR-RV (OLS)
3187,0.0029656301460174238,-0.0008606428451963871,0.45071709063946364,-1.1467720303092528,0.1496672623365265,HAR-RV (OLS)
3211,0.0011365119802946243,0.09203179937820458,1.9439948782532617,-2.6077216308620432,0.17261809054065946,HAR-RV (OLS)
3223,0.001634204630218552,0.21375900383335214,0.3922862288020973,-2.883706419827267,0.12803126280202826,HAR-RV (OLS)
3233,0.0002114394029057067,0.2198029184138231,-1.2737942831437046,1.5152271205374839,0.16148626556646017,HAR-RV (OLS)
3270,0.0036657214679754954,0.44982405673426185,1.27121788688799,-6.89635795653464,0.2834182027995623,HAR-RV (OLS)
3280,7.1522956114206115e-06,0.44108279565514075,-0.2533962955823797,0.6820030010955047,0.39219004395737234,HAR-RV (OLS)
3291,0.0015676885422356529,0.49833263545238327,0.889853201590213,-2.349774042352697,0.316062435526155,HAR-RV (OLS)
3318,0.0009596068006171207,0.05897202485176985,0.26045943278586803,-1.1122854918610798,0.03383565070154204,HAR-RV (OLS)
3322,0.0019851541212618697,0.045657339124294476,-2.6852916172060795,0.8388885821931782,0.4111170512552532,HAR-RV (OLS)
3323,0.00027637251132569515,0.13031458573269214,-0.6726062208674576,0.8584139558485829,0.03964433300368586,HAR-RV (OLS)
3327,0.0007520864324223756,-0.07467988312893359,1.2470328265898785,-2.14578335175059,0.23618683657283968,HAR-RV (OLS)
3328,0.002064824837412955,0.07359839463558339,2.4431650356435233,-2.6036504802445615,0.2814847675571239,HAR-RV (OLS)
3333,0.005275511349013726,0.14332766568461502,-0.5091196736827222,-0.6713899287663951,0.09445465932282782,HAR-RV (OLS)
3367,0.0016359656250945916,0.11140098098449776,0.4702249291951196,-1.5479580536160609,0.1135375088103604,HAR-RV (OLS)
3373,0.00439467421323516,-0.18042613499696103,0.1817320879043524,-0.5036460339474519,0.09516358001176406,HAR-RV (OLS)
3378,0.002150569813899608,-0.2410965556727095,0.16455675262808594,-0.3663099033871902,0.08660607653999253,HAR-RV (OLS)
3381,0.002385287236542132,0.2590248165452672,2.161048158474162,-3.8189032821283435,0.37134933286438354,HAR-RV (OLS)
3384,0.0023831274682254537,0.04629214363384,-1.7335311278094254,0.760566226795732,0.2012308452552689,HAR-RV (OLS)
3389,0.001241603845727675,0.028571062268392025,-0.5589408912087485,0.9977653752813276,0.018772383596062703,HAR-RV (OLS)
3396,0.00209834706799812,0.6879684098326553,1.100124102675654,-2.5275723513662363,0.31323211471244683,HAR-RV (OLS)
3399,0.0003122271186122528,0.0663464748189497,0.9858006817223742,-0.2828715518884179,0.44475496999379593,HAR-RV (OLS)
3404,0.0025185497338336745,0.6914178426880918,2.015327178072799,-4.844668219914921,0.6587114507235197,HAR-RV (OLS)
3406,0.00500814852834921,-0.08527785184419703,1.863169422209922,-2.6440216071123013,0.22415820978569534,HAR-RV (OLS)
3414,0.0003875386715466451,0.5195924069391173,-0.004808407653640698,-0.08141639444074629,0.25455817390490576,HAR-RV (OLS)
3427,0.002412393511854638,-0.04106330063203372,-0.42975700142763207,-0.6517344995627993,0.15688562895784985,HAR-RV (OLS)
3431,0.0004190152142404139,-0.2122974998380194,1.8823564188017303,-1.9815537285308538,0.12437917355931316,HAR-RV (OLS)
3445,0.0016352762400190489,-0.004033004329980006,2.308761278140165,-3.949680126533232,0.2884042122540631,HAR-RV (OLS)
3457,0.001367614836597655,0.42099065191972035,-0.5575778673225598,-2.3450651049162796,0.18102588868669156,HAR-RV (OLS)
3465,0.00046720321442001307,-0.2750381309635538,-0.5858051828265896,0.7387673911542728,0.08613587458268479,HAR-RV (OLS)
3469,0.002158848833155186,0.1395424149297943,-3.17933647613493,1.8069574865081162,0.3956528518050926,HAR-RV (OLS)
3484,0.003371262577808985,0.6254763127328671,0.057360698171123214,-2.7957647143432696,0.5951015445988352,HAR-RV (OLS)
3486,0.0025297486153897787,-0.6272816464108235,1.9025793712103074,-2.285148429177671,0.38153901800196166,HAR-RV (OLS)
3513,0.0024725873403752775,0.6244361829652403,-0.2795009675654183,-1.2705026975041802,0.34988383750305074,HAR-RV (OLS)
3516,0.0008089782402062288,-0.44357443160116133,1.4353681158319385,-0.9411285368759926,0.21737638550033866,HAR-RV (OLS)
3531,0.0005077240471536858,0.15781923924684574,-1.8760093061027214,1.8565106802756128,0.12986056009721125,HAR-RV (OLS)
3536,-6.363723259024553e-05,-0.09335693092414675,-2.8600096190791473,3.811331668030833,0.24509009090405387,HAR-RV (OLS)
3552,-1.1982418012117767e-05,0.0781094538864167,-1.8139059369727057,3.0884869818843153,0.2047471805385188,HAR-RV (OLS)
3564,0.0003870264353869528,-0.13697122059647704,-1.6647287622505555,2.173552586910954,0.12129349002290823,HAR-RV (OLS)
3567,0.0009837652111461758,0.2584729414513423,-0.6177910960035278,-1.3497900322996863,0.2569108289634582,HAR-RV (OLS)
3580,0.0008455392822254164,-0.13954754221376928,-1.1696116412974638,1.8630739909759564,0.15459972487469875,HAR-RV (OLS)
3587,0.006049008568975825,-0.1307852306106355,1.2712744084221157,-3.372350127769089,0.25269680067485656,HAR-RV (OLS)
3596,0.0004415937113207743,0.00499659147172986,1.1367317482208024,-0.559225742697744,0.4908719357488387,HAR-RV (OLS)
3601,0.00736273909667262,0.2361232669767071,2.2854415565023123,-5.260972797444072,0.2955430891610301,HAR-RV (OLS)
3607,0.0037960903403769612,-0.052995816184073744,3.3241767491933816,-6.291531502663841,0.36506513225718407,HAR-RV (OLS)
3622,0.0010474841246509263,0.3951136097037096,0.3067289357315365,-2.5069128160422784,0.30843359212831456,HAR-RV (OLS)
3626,0.008097379028058951,-0.32311608146661797,2.959721298345585,-4.813870209756209,0.3537056685662181,HAR-RV (OLS)
3640,0.001227144049762624,-0.055418300676792764,-1.7739508747601438,1.4773560376388428,0.15410731529572874,HAR-RV (OLS)
3650,0.002384925563688375,0.5396818968609182,-0.2776495273069981,-1.7038220696625024,0.2812655377453428,HAR-RV (OLS)
3655,0.0011752477622338836,0.29885616913603974,0.9383176959849052,-2.3313044638505933,0.2249122690635208,HAR-RV (OLS)
3660,0.0021240851097769405,-0.05092202799998585,-0.17636599742202164,-1.081019367294313,0.11239257610278441,HAR-RV (OLS)
3661,0.0017987623760039677,-0.11833079844355213,0.8986380443004953,-1.5334274983280196,0.0650370035734874,HAR-RV (OLS)
3668,0.0013762574053311457,0.5690794262723734,1.2236434957387614,-2.5218197401971043,0.15028329012911512,HAR-RV (OLS)
3685,0.0020093399339162236,0.49600971393478527,1.8988372573715824,-3.65067082748918,0.21786708383433684,HAR-RV (OLS)
3686,0.000981909890403706,-0.0657913669144201,0.6256130366636993,-0.905858904793938,0.032610638803470926,HAR-RV (OLS)
3694,0.0009372448965129597,0.15620808051656823,0.677607646621879,-1.4594286512492494,0.05308622128468521,HAR-RV (OLS)
3703,0.004129950301622911,0.4128375628982735,4.567791667990804,-7.83966447004727,0.6436752254503098,HAR-RV (OLS)
3711,0.0015849380929465386,0.031194459042440375,0.20004506741540504,-1.492653339904745,0.04649734472423139,HAR-RV (OLS)
3720,0.0045138615792587955,-0.05687278862316333,-0.6981505689747192,-0.5415951041248724,0.11546102815785608,HAR-RV (OLS)
3721,0.0023330876162630907,0.34714040979879013,-0.47272076007043173,-2.526700744855958,0.2673811204985419,HAR-RV (OLS)
3732,0.0038723134338829158,0.030022453216062457,0.23134680795818152,-6.142346237748052,0.29356829630907744,HAR-RV (OLS)
3735,0.0017944957872529392,-0.008532236744044411,0.5707421752546479,-1.569017291166757,0.09645919776002432,HAR-RV (OLS)
3737,0.0002791660809389619,-0.2501798669948237,-1.380500104441313,2.5160371892894733,0.09093170131069761,HAR-RV (OLS)
3758,0.0020682425201166126,-0.20532251991990322,1.5458698056335414,-1.8293083797230127,0.1420167087020654,HAR-RV (OLS)
3762,0.0024691492699629573,0.18910961688719516,-4.45692434751995,2.7878360781376403,0.718911869618619,HAR-RV (OLS)
3797,0.0015754939994423022,0.2926701488951398,0.5796010090412202,-2.1469180083738264,0.12718278281861795,HAR-RV (OLS)
3804,0.0005573029126407892,-0.3898431121720733,2.699665596801136,-3.1800098710483544,0.14183945447650492,HAR-RV (OLS)
3836,0.000790620741502416,-0.4546136683654184,0.7974059641596732,-0.597143022127921,0.18770207167639352,HAR-RV (OLS)
3846,0.0008943472180799473,0.3013526217409957,-0.5855396510378532,0.0064495436832615605,0.08695779296732631,HAR-RV (OLS)
3877,0.004933995544939881,0.18164919031648574,2.789681357494621,-6.30997183656239,0.2843138971205631,HAR-RV (OLS)
3884,0.004884613216233079,0.7016095256832755,-0.3543305507775365,-4.027461958537964,0.6017851248944874,HAR-RV (OLS)
3886,0.002430487279567929,-0.4690011217435651,0.6959220315966189,-1.2313318739999601,0.48019981782097687,HAR-RV (OLS)
3908,0.005374673152380259,0.0603913265778371,-0.5371267558868599,-0.3267337032216309,0.0629850729370619,HAR-RV (OLS)
3921,0.007014897909755887,-0.10097451682208994,3.171610103596495,-9.757374502439166,0.5974415052721597,HAR-RV (OLS)
3922,-0.00026245307000889647,0.5079753495646526,-2.19882959443173,3.2524752996727706,0.32845330546035933,HAR-RV (OLS)
3931,0.0015544390789981846,0.2402347149366987,1.1223728946723202,-2.354519985545426,0.1373529349536441,HAR-RV (OLS)
3955,0.0008945732838384679,0.36904014941300345,0.49438791168388635,-1.3595610079466587,0.21029864914122232,HAR-RV (OLS)
3957,0.0009803059674855672,0.05934136633970693,4.2841708202373106,-5.725646255851848,0.3680588444177394,HAR-RV (OLS)
3961,-0.0003454658972725437,0.20100276800779912,-0.7855781863757478,1.6125734418311133,0.4060235705142109,HAR-RV (OLS)
3962,0.0010680801451369288,0.2948140699320958,0.9697535596701699,-2.768004725602007,0.13450307252718996,HAR-RV (OLS)
3974,0.0012093050021890635,0.22421719098846055,0.5154889710746937,-1.01056563398624,0.07784367558766991,HAR-RV (OLS)
3987,0.0009438701082938968,0.5378466006904109,0.8392547457733552,-2.0469680314685936,0.1746232986852141,HAR-RV (OLS)
3999,-0.003762464363434916,-0.06875807947397704,-1.695868667490267,3.775461173796031,0.5756027322238911,HAR-RV (OLS)
4004,0.002655184795069951,-0.43995732555909445,3.191267671342378,-3.9776883901653384,0.3977044518519336,HAR-RV (OLS)
4013,0.001781760144505273,0.25134305704600635,0.12419013488979114,-1.988313569810261,0.15568469260151563,HAR-RV (OLS)
4027,0.002750569206571585,-0.08507975439120105,1.3114537552936483,-1.7133188243805608,0.14043408082272246,HAR-RV (OLS)
4031,4.232872058527207e-05,0.2784569510187872,-1.3797177349337337,1.6334367508460481,0.28153735765988697,HAR-RV (OLS)
4032,0.0024590864382657363,-0.21701288256181242,0.23320299520179757,-0.27488770706700927,0.04137177143108983,HAR-RV (OLS)
4034,0.0009773162324305574,0.07133203928033652,1.573610895274049,-2.7063840033088726,0.11301518606942718,HAR-RV (OLS)
4037,-0.0015271486921261755,0.04590305927869241,-1.803897976327901,3.7737116575525924,0.39836029409847495,HAR-RV (OLS)
4038,0.0005272649192792722,-0.06475910695923451,0.9370601684343147,-1.4002549721789326,0.04913437286245992,HAR-RV (OLS)
4043,0.0010970347667166292,0.5734406682525552,0.030406845882470113,-1.4162669659979548,0.4094086951449758,HAR-RV (OLS)
4052,0.0018313925928962148,0.22300931489657516,-0.24589359630922303,-0.7435901650811765,0.24797102592458897,HAR-RV (OLS)
4060,0.0015369078826480437,0.3051430244421305,0.6378613171004004,-2.66232300951769,0.2789226319710224,HAR-RV (OLS)
4067,0.001750611999696975,0.022779799489553304,1.484068414032031,-1.7622939005988036,0.08740712124149386,HAR-RV (OLS)
4069,0.001552671552959894,0.5828498632591359,1.7811162766894584,-3.6738751400502716,0.3343098771955586,HAR-RV (OLS)
4071,0.00034692171190774237,0.3458714016167643,-0.1714398901128653,-0.29825318706953285,0.18823875691718361,HAR-RV (OLS)
4072,0.0028193086099792737,0.5748244696442,4.0147042886930935,-8.181608671530592,0.4591899618576045,HAR-RV (OLS)
4075,0.002210133868020605,0.33889722208476225,0.43166998261992184,-1.6039951387855187,0.1663912714589586,HAR-RV (OLS)
4079,0.0036658165589625396,0.03202832932881923,0.9579569377511143,-2.0156631591725387,0.05454937887091427,HAR-RV (OLS)
4084,0.0014595879964290316,0.2911806836217951,-0.2546156630179768,-0.6260376588456813,0.14598291244247463,HAR-RV (OLS)
4089,0.0008859397488098911,0.21329072992757248,-1.7238499141965438,0.5925233378518555,0.2280172214474837,HAR-RV (OLS)
4091,0.014197231303694402,0.12589144118729892,2.0728874541859637,-5.4689085388790195,0.3094354414636541,HAR-RV (OLS)
4103,0.0018940876356800108,0.4354330857352053,1.394285745996946,-3.2244282676402016,0.33688433606711976,HAR-RV (OLS)
4106,-0.000536212532769211,-0.15357116114250255,-1.6999390590324173,2.9321081188200493,0.14478219761706468,HAR-RV (OLS)
4131,0.0005492512900445348,0.006207201945742106,1.1873099354190102,-0.8560391773777426,0.1279711655337331,HAR-RV (OLS)
4132,0.0022095105512139465,0.6046419517124801,0.09062394674259744,-2.2746809198583313,0.382269861570665,HAR-RV (OLS)
4138,0.0012062543326481208,0.4420009236570956,0.5525348750188319,-1.759976665093358,0.14759316890883667,HAR-RV (OLS)
4140,0.002073792108973058,0.789878771750393,1.8333084331486234,-4.0274918994786315,0.4885580271371085,HAR-RV (OLS)
4142,0.0007028383129847995,0.27071904473490777,-0.01968456184992462,-1.8905174639597493,0.15214215627088712,HAR-RV (OLS)
4155,0.0072623699419591976,0.2714651493244234,2.8549297970814487,-5.07076914628673,0.3103851226172718,HAR-RV (OLS)
4156,0.00557464903478655,0.0014801408378483873,-0.35001557443798204,-0.8441460604666797,0.07802955220533991,HAR-RV (OLS)
4158,0.0012895211716564118,0.5096952779182438,0.24483557936627703,-1.8995316322159579,0.21135892494795738,HAR-RV (OLS)
4159,0.0024884057082600252,-0.05970990836719141,-1.313425497730777,-0.21138952615060352,0.24664846456247003,HAR-RV (OLS)
4173,0.0021389245757575453,0.6438739568115607,0.7395132670232036,-6.911573564047407,0.5278289739624178,HAR-RV (OLS)
4186,0.001537606507542364,0.08603256015591823,0.24383934842821764,-0.32864537642857955,0.008013536893899387,HAR-RV (OLS)
4193,0.0014477327748322211,0.2733026189408505,0.7076632193210588,-1.941459722759153,0.1691841814174515,HAR-RV (OLS)
4201,0.0005837493278034861,0.49620785722826466,0.13079229522021543,-0.3859687824062879,0.24523428630168753,HAR-RV (OLS)
4209,0.0008053780413155517,-0.30623662092852916,3.1831979004504767,-3.7253631544579418,0.2733663339011241,HAR-RV (OLS)
4219,0.000723639240261029,0.3156308797159168,0.7566215068375635,-1.3545318589468232,0.287778556118518,HAR-RV (OLS)
4226,0.003182285077465058,0.14911336438297362,1.8581463717731688,-6.197420609607565,0.17795299269457798,HAR-RV (OLS)
4257,0.0025734422527792142,0.25928415775992986,4.3583443844652745,-6.920072567538096,0.3858531218858191,HAR-RV (OLS)
4264,0.0014923595418612563,0.5743866958714978,0.29596756193755724,-2.8276348163986196,0.4259423955320256,HAR-RV (OLS)
4265,0.0021637981118320356,-0.11992605466823539,1.0294393770410604,-1.7833420806849514,0.11502146570017979,HAR-RV (OLS)
4266,0.0017544263450304592,0.14342500283691675,1.7309468333360956,-2.430267223700648,0.182198431380593,HAR-RV (OLS)
4275,0.0009216076174512239,0.18672115326302002,0.08585808863773808,-0.6327736125939188,0.0531195277400911,HAR-RV (OLS)
4293,0.0006974726628071035,0.41963246251712794,1.2748398256890021,-1.8902957904994642,0.3642108623260598,HAR-RV (OLS)
4294,0.0023227175728530703,0.1022214220742479,1.1254375722108443,-2.231973707268522,0.062207769461337104,HAR-RV (OLS)
4302,0.003826825544545419,-0.022529073900985744,4.162783537978282,-10.125321721130955,0.3932029155004254,HAR-RV (OLS)
4310,0.0006422925985658601,-0.631165562211149,1.3797347677032386,-1.4565510240069732,0.22378435546405706,HAR-RV (OLS)
4318,0.0011371314025490158,-0.4066259924769217,1.9371323717038857,-2.0967042730955505,0.09057994118010859,HAR-RV (OLS)
4329,0.0010496225141193587,-0.04762489976959234,-0.6050877319308308,0.5976381806199167,0.028830305930119926,HAR-RV (OLS)
4361,0.0018119274305347008,0.03154066594879051,1.6202953288928497,-2.9585228751760115,0.0737319187318265,HAR-RV (OLS)
4364,0.0018920101764805677,0.4426947576156428,1.861750326140577,-4.432776373030745,0.2405896168959183,HAR-RV (OLS)
4367,0.0020117024600838215,0.04642957197105706,1.0240803544976735,-3.6114583174221586,0.19390254863609035,HAR-RV (OLS)
4371,0.00228248082403955,-0.04989840662204208,1.9133759883025874,-3.477014780385733,0.16570022333341672,HAR-RV (OLS)
4377,0.0007267614927394876,-0.12446797415133895,0.9009185433565969,-0.8014691924485562,0.03160205089713397,HAR-RV (OLS)
4385,0.0024901378456657084,0.017583576284865707,0.766373842798733,-2.7089262509854506,0.11687293332474047,HAR-RV (OLS)
4388,7.796026618405512e-05,-0.18559022889840535,-1.7251694319966617,2.531980162609536,0.1378838782734838,HAR-RV (OLS)
4400,0.0016097423346573682,0.11321716180811754,1.1964032907442734,-1.1535898992195524,0.2027404747342907,HAR-RV (OLS)
4403,0.00027614794553248816,-0.0671228373232473,-1.1705506162696124,1.6270209541155929,0.052644860938295346,HAR-RV (OLS)
4414,0.0002528345963051146,-0.5535545213648746,0.9271435799722466,0.031064591201903635,0.2650843717193748,HAR-RV (OLS)
4431,0.0015094720272771428,0.016360370540596178,1.807598625853597,-2.8592903896582906,0.2459083579681295,HAR-RV (OLS)
4432,0.00157689524507362,0.24735231389393095,-1.2211150270269235,0.5782154169581848,0.17738916648535763,HAR-RV (OLS)
4449,0.0007800761473140852,-0.10270618335726504,-0.7571887880351433,0.10621119947370256,0.10800603235569095,HAR-RV (OLS)
4457,0.0019125771914595508,0.22273848203858074,-0.39396604996412654,-1.2493661447491604,0.19901731908406295,HAR-RV (OLS)
4460,0.0006346857887264808,0.018935824505080787,1.2547402391723776,-1.3960405549230495,0.1061490072501412,HAR-RV (OLS)
4470,0.001107651402326167,0.3322976207938726,0.8780510834666588,-2.145578824580864,0.13207684356503802,HAR-RV (OLS)
4477,0.002754293704667561,0.8744674983933536,-0.2172471061507948,-3.1679710883510768,0.6342555222652313,HAR-RV (OLS)
4479,0.003022340689053705,0.2468364827520985,1.2681419720357636,-2.7672175711282243,0.24968857794494193,HAR-RV (OLS)
4487,0.0013426953463708934,0.035293860230980446,-4.820404952471606,3.174445995868693,0.5779899539546489,HAR-RV (OLS)
4489,0.0004255349443478436,0.5310051674178756,-1.1307123591576795,0.6011267824355534,0.198796630947232,HAR-RV (OLS)
4493,0.0017861565671433148,0.0030896022539127458,-0.9843539963825548,0.0860993810488464,0.11833651931689859,HAR-RV (OLS)
4518,0.0015098769555494421,0.020461641311770817,0.9397952998906933,-1.4041909526886729,0.0590819928029519,HAR-RV (OLS)
4543,0.0004338671223386984,0.32744384573513696,-0.8693542826892812,0.16628424232404376,0.1232183786048836,HAR-RV (OLS)
4547,0.002304109280053151,0.3632893009116076,-0.14069445853917917,-1.7257579086532353,0.26167029804842135,HAR-RV (OLS)
4555,0.0023321501131477844,0.22162520151131374,3.318887556469663,-5.387451484637142,0.4376594448938155,HAR-RV (OLS)
4557,0.00043885686618340945,0.004802212065305118,-1.0999134876140015,0.9625652388050813,0.09367677741050551,HAR-RV (OLS)
4560,0.0022836654432819353,-0.1267783871949741,0.08227383823753714,-0.20770313638374432,0.018959907612716043,HAR-RV (OLS)
4570,0.0007216407118322078,0.19584130553845314,1.611827199783478,-2.0710804414677924,0.23721176820163692,HAR-RV (OLS)
4571,0.0014437322967658498,0.3984036468198109,-0.9174440165330855,-0.21295726374298907,0.15177561187821198,HAR-RV (OLS)
4587,0.0006540183878665068,0.2725174721952198,-1.126126113799161,0.7388604747091578,0.1358160840120779,HAR-RV (OLS)
4588,0.0026197240383480057,0.24355935096228098,-0.5417353123148165,-1.0394935032611576,0.1436252975221468,HAR-RV (OLS)
4601,0.002216900090143333,0.1720936841975358,-0.5799329631565853,0.12595766555151908,0.04069495334333295,HAR-RV (OLS)
4603,0.0013071841750851123,0.07597334219610355,3.6026282043630418,-5.51307910563231,0.24657601134689344,HAR-RV (OLS)
4613,0.002038528846001894,0.5848420004828445,-0.3286780410877461,-1.8414364288860319,0.3711613543878033,HAR-RV (OLS)
4615,0.0007878633754348945,0.3240792653764464,-1.9781229504140236,0.8756777812823896,0.3271298876338803,HAR-RV (OLS)
4616,0.0061036966557128135,0.0938501023947863,0.5892630562845601,-1.4059627600723272,0.11392812349996961,HAR-RV (OLS)
4618,0.004112048397825075,0.04370301495822146,-0.37246911628836665,-1.6830990607909793,0.2707566348480531,HAR-RV (OLS)
4622,0.0020993114256057125,0.13783282239160452,0.8229470426943514,-1.6703331338176735,0.014191225995689227,HAR-RV (OLS)
4627,0.0009828192101116746,-0.04493955080825075,0.12672679569632417,-0.8082586737599615,0.04431004271233985,HAR-RV (OLS)
4630,0.00013948172446100334,-0.4481895421115192,2.595224595033773,-1.3740461128075427,0.3531644547164654,HAR-RV (OLS)
4649,0.0007311306477020977,0.2765409535600335,-0.9049898546443833,-0.8691968985832849,0.28227866424546544,HAR-RV (OLS)
4654,0.0007579307360231296,-0.2364905116040839,-0.08677331661037663,-0.5488866344560299,0.13606593940137557,HAR-RV (OLS)
4661,0.002102630006734123,0.580148404111755,-0.5428213362075194,-2.152693716123595,0.3636686713660229,HAR-RV (OLS)
4667,0.004205152101680503,0.003318480418540177,2.777884460020774,-6.416455964854222,0.3283980412076868,HAR-RV (OLS)
4690,0.002636629788830215,0.27865001731173195,3.260052095132668,-4.838137664518659,0.12426988839138364,HAR-RV (OLS)
4695,0.0016284932138971092,0.1902212409122498,0.40656152491268793,-2.1002980222897185,0.03884217443376192,HAR-RV (OLS)
4707,0.0008798931347766856,-0.23090404686309926,-2.583983273275665,2.6122891895846667,0.3252570288861317,HAR-RV (OLS)
4713,0.0006918619602351273,0.18003229366182608,-2.041520653625486,2.270155743738026,0.22560387359516698,HAR-RV (OLS)
4714,0.0014667338119378603,0.6236816835304987,0.024772417703947003,-1.4698074959631695,0.31498679919275996,HAR-RV (OLS)
4723,0.0024340737021340455,0.13311781831994798,2.169490537197836,-2.6274260088724746,0.524760846881352,HAR-RV (OLS)
4724,0.0012959545825617419,0.17452740936224218,-0.9083866298778065,-2.762606035897628,0.32834773704262255,HAR-RV (OLS)
4737,0.0013401194740085343,0.2898168127074595,0.09682098333670065,-0.4021329772956418,0.101427193531891,HAR-RV (OLS)
4739,0.0013507485007943814,-0.003015143998653193,-0.6985871372815553,-0.5839246908446708,0.2389726333991289,HAR-RV (OLS)
4743,0.0039068217759472175,0.3064514713877355,0.5568059370360521,-1.7917437984433113,0.19482902414390013,HAR-RV (OLS)
4746,0.002152432989447144,-0.023066799993092305,-0.7678802119380562,-0.6327374358691448,0.13520490362759507,HAR-RV (OLS)
4754,0.0005381284481722602,0.28760408580587,0.49844750719258457,-1.1723841940438902,0.10261061396097382,HAR-RV (OLS)
4762,0.003971754293736413,0.11658559016557397,2.460759479632434,-3.5369753286808883,0.20129640019042938,HAR-RV (OLS)
4774,0.0022915908334075947,0.07293844581432136,1.6786826174582838,-3.461039594230311,0.17335673720474598,HAR-RV (OLS)
4787,0.0020592455226678187,0.43479318571551845,-1.9522778174688038,1.1684843274740033,0.19935006323523863,HAR-RV (OLS)
4797,0.0011250668347842624,0.3608787476284772,0.018690899566373154,-1.511708405290885,0.15371413176055237,HAR-RV (OLS)
4817,0.006272089742338173,0.43900585350035687,0.5394930597975055,-2.6812816445289482,0.27708276791879827,HAR-RV (OLS)
4844,0.00300684798186054,0.11099344871620662,2.7878118510299315,-3.9137077791658004,0.29922790793239995,HAR-RV (OLS)
4849,0.007984041869512716,0.2678334821473078,3.2332859238693623,-5.804180608789728,0.40524500707360034,HAR-RV (OLS)
4850,0.008675825921182108,0.3717879060841868,-0.09680991393706528,-2.1836536732639136,0.40052282914721793,HAR-RV (OLS)
4851,0.0011108503333927709,0.158028115501929,-0.9339630193002244,-0.3482770240552685,0.11760213321635582,HAR-RV (OLS)
4858,0.0013384231224760216,0.6064293828083414,0.7968854548294401,-2.893229394525064,0.42748441785823554,HAR-RV (OLS)
4867,0.0007110009998379459,-0.12506045580687733,-1.879419771819093,1.1342001479237962,0.27383492394229514,HAR-RV (OLS)
4869,0.0024136925658351654,0.0684375462772649,1.602309323285377,-2.9932040150791455,0.14788534583250335,HAR-RV (OLS)
4889,0.0018938206939001665,0.31797654912687723,0.2745929026026863,-1.703704705610974,0.321756471287037,HAR-RV (OLS)
4902,0.002093846002707872,0.495324737598106,1.2363082999282384,-1.4869473710092653,0.6799260219904797,HAR-RV (OLS)
4905,0.003076580845103593,0.4009239831928287,3.6058480820439645,-8.65295542018708,0.5632772647292068,HAR-RV (OLS)
4910,0.000266954591752482,-0.21450515079560029,-1.493926526338909,2.180260612372135,0.08009681091419463,HAR-RV (OLS)
4913,0.0021753375996581737,0.15771611368814867,1.3779437066445814,-3.0872774558124223,0.10717556752903012,HAR-RV (OLS)
4927,0.0030433864163891622,0.2970981924827755,1.6326871683943902,-3.384162025502632,0.3412750861503916,HAR-RV (OLS)
4935,0.003803584000959065,0.2538697562236735,0.9149591829167734,-2.985375569128814,0.3065531682343222,HAR-RV (OLS)
4951,0.0012991506349368936,-0.03429626748528514,0.39404817618536914,-1.0091042386502629,0.04105615542614027,HAR-RV (OLS)
4957,0.0006204229477553467,-0.131341725437236,-0.32829766653900466,0.23729349382455403,0.03185561199680231,HAR-RV (OLS)
4958,0.001693436975608542,0.003193322605056626,0.679725432667497,-2.973297468210231,0.2551526315542607,HAR-RV (OLS)
4962,0.0015282232799966801,0.5607876094519194,0.8025423481613563,-2.1382906202493137,0.3613396089234022,HAR-RV (OLS)
4978,0.0006905737353157452,0.02940585220880764,0.6388017852038412,-0.8007699043152218,0.022123239469644562,HAR-RV (OLS)
4984,0.0013458892693232099,0.13343589968469444,0.38486308635554506,-1.7024860530580126,0.20277423811522288,HAR-RV (OLS)
4987,0.0004999513397773953,0.6042699382358449,-0.48641112619175736,0.25854173594662666,0.28956586440409404,HAR-RV (OLS)
4991,0.009587378113910404,-0.05737790966084945,0.5546958177625185,-4.627775750015504,0.20994690601781196,HAR-RV (OLS)
4995,0.007058109629820549,0.4503832772777958,-2.1908378448860732,0.37265786460003425,0.17782248688809488,HAR-RV (OLS)
4997,0.007508470696201227,0.3647928592163365,1.7834964759403755,-3.756315103572359,0.22725898868446082,HAR-RV (OLS)
5020,0.0011037927512112342,-0.010427769417810442,0.7179758208655512,-2.477994648642702,0.11478067097779299,HAR-RV (OLS)
5025,0.005021069215596315,-0.24010473892059736,0.48328337095340734,-1.8058919390336836,0.18787896973250584,HAR-RV (OLS)
5032,0.0012346909705908795,-0.10619705623593302,0.4429670008334231,-2.089764037261931,0.1446506534913875,HAR-RV (OLS)
5046,0.0005236508157887548,0.3815717207940266,-0.18328597989952378,0.1411746843663062,0.16668843952508183,HAR-RV (OLS)
5056,0.003087627478262907,-0.17698213883494132,-0.8512789800335134,-1.0205021607397615,0.23078359114258473,HAR-RV (OLS)
5063,0.0040634025544243925,-0.0035846219932625083,0.13385169314039524,-2.392130026850867,0.15605986104208958,HAR-RV (OLS)
5101,0.0007889105385134579,0.09181458237503214,0.5844069513052731,-0.9978572352190724,0.03419176156856718,HAR-RV (OLS)
5113,0.0012176454294070388,0.06972369038736456,-0.9446141030546042,0.13495603439863546,0.07803633188321679,HAR-RV (OLS)
5118,0.001374887664377214,0.871806094673619,0.4251336204982471,-1.8508067797586933,0.6250901146109946,HAR-RV (OLS)
5124,0.0004002868056943344,0.23144253693947822,-0.9850582406767983,1.026683558453798,0.15506157061288273,HAR-RV (OLS)
5139,0.00023530599207533984,0.18814065463955842,0.5434650252679876,-0.1900981077757885,0.20339339953348545,HAR-RV (OLS)
5141,0.0020989806948303246,-0.02689978169762954,-0.3509513456000377,-2.338358383684018,0.12277825468672843,HAR-RV (OLS)
5149,0.0012439650850574516,0.45503840804986145,-0.8300935725263483,-0.3830136298138645,0.2929569981943938,HAR-RV (OLS)
5152,0.002848411019591892,0.33742398957859854,1.8715443285992115,-5.626580586418699,0.3022945751468813,HAR-RV (OLS)
5153,0.0037908712912310782,-0.16218446537341732,1.6801435901351882,-2.9206504315182773,0.1133038360999945,HAR-RV (OLS)
5163,0.002658422089457365,0.560107522092706,0.1826182674058957,-1.4721955228702945,0.5631413520150108,HAR-RV (OLS)
5164,0.0004891858620895326,-0.5769780693166469,0.3823230509689077,-0.09295401724102662,0.25610596261593266,HAR-RV (OLS)
5171,-0.00029422627934956667,-0.12283623059154224,-1.7435956123955951,3.1348818954073536,0.12469207791712311,HAR-RV (OLS)
5173,0.006180375924925608,0.37757269226552975,2.0316750711278693,-5.393815682035676,0.3559584543712836,HAR-RV (OLS)
5193,0.002837125426890826,0.2705414178090845,2.8672231344229853,-5.017518997872606,0.4983017117314009,HAR-RV (OLS)
5206,0.0007709107414966669,0.06897978781995864,1.7613272152218329,-3.144834446561814,0.3141528699212436,HAR-RV (OLS)
5213,0.0029417444217916164,0.12092131447239297,1.480976236032561,-3.907608973173872,0.14988527215386827,HAR-RV (OLS)
5218,0.0017596515535855963,0.01109660460226213,0.32112882252581815,-1.7809338474495477,0.24360147135360333,HAR-RV (OLS)
5232,0.002582032092360998,-0.15823602157777594,-0.7296646705439208,-0.2675815370009365,0.19847674844949847,HAR-RV (OLS)
5235,0.0030847471164362128,0.7646820327970371,0.11356229593577216,-2.547849711764941,0.5456538939252633,HAR-RV (OLS)
5239,0.006569357504786615,-0.047921874595847215,2.650854836634538,-3.380015840949409,0.15319887859649717,HAR-RV (OLS)
5245,0.000878635576046837,0.5858025802822574,0.04839085092744777,-2.4690867976584103,0.39931963900166745,HAR-RV (OLS)
5249,-0.0011970475976472955,0.09093313254672707,-0.8070629990598566,2.27773935292471,0.378734800356487,HAR-RV (OLS)
5266,0.004199510868149875,0.16540231448884388,1.7878451325387994,-3.3836836759480753,0.25740186613530336,HAR-RV (OLS)
5285,0.002744538951873013,0.3792319822745444,0.6086578264650201,-1.9464311757935278,0.21484766460590998,HAR-RV (OLS)
5297,0.001275885570896839,-0.31788026106922235,-3.9303665581400637,3.1913874105163256,0.43674716813085956,HAR-RV (OLS)
5300,0.00010069014840325882,-0.4327258142586914,-0.3447450953094438,1.3813931088985203,0.22402991499416813,HAR-RV (OLS)
5302,0.0002739556899895664,-0.058087641971443935,-4.715279779952322,5.40520071940668,0.42154720464213224,HAR-RV (OLS)
5303,0.006410598431881898,-0.055170232825453185,0.6244781601152252,-2.0266576421920606,0.24120269509721504,HAR-RV (OLS)
5305,0.0007585849720526722,0.6065997637764328,0.09256015875076787,-0.1372445045985302,0.5752856157532162,HAR-RV (OLS)
5314,0.0006636108395884824,0.21922171128187867,0.08104002756732517,-0.4359047089247233,0.046308649800926194,HAR-RV (OLS)
5340,0.004984979426471089,0.5707155841706163,-0.32165640926600414,-2.423362364426529,0.46794163241887676,HAR-RV (OLS)
5344,-0.0003996477848469494,-0.34359632731728657,0.07830663339984889,1.3593157158095281,0.32051345313330293,HAR-RV (OLS)
5347,0.0006316484684025036,-0.15364381765430335,0.11441581800961699,-0.5163280070282887,0.0564240400120668,HAR-RV (OLS)
5356,0.0007441554486260784,-0.12584922306601065,-1.2554378339120345,1.7556120892151044,0.05593313708360326,HAR-RV (OLS)
5368,0.003498472420123713,0.8559775878994703,4.493856465455832,-10.190659570121076,0.5846231011703398,HAR-RV (OLS)
5391,0.0014770952594570248,0.08885636119094745,0.6125129722446102,-1.1341776337868192,0.06498877366181,HAR-RV (OLS)
5392,0.001355935486178405,-0.05148283120203914,2.483150527724293,-4.507142236720733,0.3196859397118511,HAR-RV (OLS)
5400,0.0009099472940506212,0.38285349112913175,-1.0818514128061718,-0.6279425651991533,0.12144678457183555,HAR-RV (OLS)
5401,0.001195552582267371,0.41479457985266716,-1.0907599977154394,0.4477058285134339,0.21108366390307065,HAR-RV (OLS)
5407,0.0015835373364257777,-0.08534930987908633,2.4134215406267066,-3.3624104443704574,0.1554809452696354,HAR-RV (OLS)
5417,0.005784100779400801,0.09363589159345405,2.862515929904042,-5.2062502325910875,0.4186361927995841,HAR-RV (OLS)
5421,-0.001134795790655797,-0.04791612768577419,-2.8105888525399054,4.104964173272948,0.4274957819481736,HAR-RV (OLS)
5424,0.0010589714378082893,0.20429220060639952,-1.631085130888799,0.4479108861026513,0.21166767884664284,HAR-RV (OLS)
5425,0.004170638385825147,0.2589229910760024,2.011563465812529,-6.503310172386633,0.4046839742147458,HAR-RV (OLS)
5444,0.0007625425542030019,0.5025465949642175,-1.085107560421302,0.62598303975001,0.2510500565114938,HAR-RV (OLS)
5458,0.001105480433524902,-0.053086213407344034,-2.0931086551413607,1.7933606176408352,0.11296075471432776,HAR-RV (OLS)
5470,0.00046833896851480037,-0.09345136050013546,0.6623891093430274,-1.417700702602261,0.03755370372322331,HAR-RV (OLS)
5480,0.0012309618279622218,0.1740846539086311,0.8197431045231262,-3.238988819233882,0.1815136306241275,HAR-RV (OLS)
5488,0.0011620823187878668,0.23298963419412888,-1.434771267474089,-0.06330772620539671,0.28114241018653663,HAR-RV (OLS)
5490,0.004510399843859423,-0.4060961383151423,4.251475864152672,-4.942375463757577,0.5210104661468133,HAR-RV (OLS)
5496,0.00144695371318679,0.28487978768754724,2.259678008798093,-3.6213739189924374,0.16050866892686055,HAR-RV (OLS)
5497,0.0017996855273759247,0.05838743847216263,0.3481345066332235,-2.145498605093991,0.18634096738381134,HAR-RV (OLS)
5505,0.0013594582866511972,0.2592346469600779,-0.12238682326174688,-0.7018302875944487,0.2399490294386628,HAR-RV (OLS)
5510,0.0006271060108583174,-0.3050406098298225,0.10904370163309979,0.3338847117861216,0.08700156518171243,HAR-RV (OLS)
5512,0.0025065607090679226,-0.006376732820967449,2.7076737671634556,-5.251997748895857,0.32314778978558256,HAR-RV (OLS)
5513,0.0008093539703926359,0.7611775719509387,1.026614044155835,-2.6784575421314125,0.31448225043256717,HAR-RV (OLS)
5517,0.00779048907059241,0.6905989484344758,2.554082809573716,-5.948405513514538,0.44461781308672765,HAR-RV (OLS)
5532,0.0003374412075487812,0.31148168358924533,0.9252847763930216,-0.813024772685091,0.4979721078894038,HAR-RV (OLS)
5539,-0.00152738356347201,-0.21541514049037835,-2.34223815928938,5.577864661779442,0.26821131529441233,HAR-RV (OLS)
5580,0.004847083194551974,0.24487090603020212,1.9169565699806839,-3.8013927118854403,0.38706115094073146,HAR-RV (OLS)
5598,0.0015506517053784745,0.4165707220822737,2.317070556194203,-5.003511637718534,0.2698444121539555,HAR-RV (OLS)
5601,0.002586186508605183,-0.15540076172296438,2.8128896855923937,-3.6630509320710543,0.38642129884497545,HAR-RV (OLS)
5609,0.00024561542383443383,-0.2175603228402225,-0.949679520455879,1.4385111802738315,0.08946254883703397,HAR-RV (OLS)
5611,0.005476612199901589,0.46445432231696804,-0.645244797062337,-3.033397816704708,0.47119416499271016,HAR-RV (OLS)
5620,0.004646195135779839,0.20579350552039002,3.0666583747453746,-5.197715925030456,0.3724481276233572,HAR-RV (OLS)
5629,0.0004751449157708639,0.24522911208785977,0.2666430594405746,-0.914780201699146,0.07558398820894396,HAR-RV (OLS)
5648,0.0016878461574407967,0.014268710031475371,-1.82823622125027,0.7103644959975148,0.22292541582449343,HAR-RV (OLS)
5658,0.0014068702717023865,0.3368159170840055,1.3941807137476063,-3.194034064175909,0.32368027155275425,HAR-RV (OLS)
5663,0.002373229232428977,-0.24071483686163156,-3.90755852279994,2.1892098334830035,0.5756963890066829,HAR-RV (OLS)
5666,0.0008893778783895346,-0.08394496713679822,2.0466088726096783,-2.059769473363252,0.3363423401780339,HAR-RV (OLS)
5667,0.002069583056272228,0.6161724984300917,-1.644306085519025,-0.49543680444784877,0.7093834462615187,HAR-RV (OLS)
5676,0.0028691137518343664,-0.4132394263258132,2.0048423392083,-3.2986098059142366,0.21779358387977477,HAR-RV (OLS)
5678,0.007227658360124491,0.08391798588700823,1.0496889179284716,-7.917345161619983,0.2105984977726867,HAR-RV (OLS)
5682,0.0006895617441617251,-0.22650133682394127,-0.7691755377331858,1.2813592700482956,0.09511231624845573,HAR-RV (OLS)
5686,0.001602111908007786,0.6857268069496201,0.891414497393697,-2.3237158235490996,0.468210567305159,HAR-RV (OLS)
5704,-0.00039171851177316616,-0.12643029737640146,-1.6347257900345589,4.494068328096571,0.5071056280634239,HAR-RV (OLS)
5706,0.0007852778930985016,-0.09047140387685067,-0.578137567210743,0.6635975405711646,0.026143572042454433,HAR-RV (OLS)
5728,0.004538324351162009,0.3171688824978785,-0.006983213279443734,-1.6607184810751416,0.13323713423410444,HAR-RV (OLS)
5729,0.0001383257848278853,0.3450266971120033,-1.0799437082600456,1.4485565559297813,0.1703628165181722,HAR-RV (OLS)
5743,0.0005796828849767613,0.04257495406085777,0.38255003828948,-0.170185357657679,0.03512451201782929,HAR-RV (OLS)
5749,0.00036665528012071104,-0.14340797018012302,-3.6601458172025683,3.750617701509682,0.4654959197072255,HAR-RV (OLS)
5756,0.0010173008110736445,-0.03081283063922558,0.00900152229884607,0.07369835548242634,0.0006072534790587669,HAR-RV (OLS)
5759,0.008688698478543415,0.14730439999161438,0.9201409744636372,-5.070428906442172,0.32692540339801035,HAR-RV (OLS)
5763,0.004938942837580441,-0.4577654969447266,2.519892190755549,-3.3763879677576663,0.37037387995637117,HAR-RV (OLS)
5773,0.005573268887178861,0.7192742297005078,1.646820104105471,-5.852768496665186,0.23759587061164644,HAR-RV (OLS)
5777,0.00036799883770685866,-0.39819159544995153,-2.8115344817661336,3.773605739035476,0.28330790598712385,HAR-RV (OLS)
5787,0.02432657853905644,0.2345160098345036,3.61785790515173,-5.357416435740861,0.4649959834119195,HAR-RV (OLS)
5790,0.0027922959693004144,-0.09735088112495792,1.3490957045520773,-2.0094985194044086,0.04934898092414741,HAR-RV (OLS)
5793,0.000562772197241841,0.12110660975557468,-0.1320243023306582,0.12101078438368384,0.014914196463325036,HAR-RV (OLS)
5795,0.000307333086033899,0.22527934844506425,-1.7046540565661257,1.991589001405021,0.18664297670156083,HAR-RV (OLS)
5803,0.0020180049586561145,0.0871422114613433,1.8009190025269708,-2.7991077362541237,0.11708935685878563,HAR-RV (OLS)
5809,0.00013150780189852122,-0.45147705046486997,-0.6052901041838232,2.347249283644799,0.20366789032153,HAR-RV (OLS)
5816,-0.0018679020541144632,0.5247836799350486,-2.0963511606567606,3.733875488929562,0.6597588711283757,HAR-RV (OLS)
5817,0.004459092394139721,0.15438197778037027,4.142944840870067,-6.485199291534309,0.5359865680876961,HAR-RV (OLS)
5825,0.00020339535954669487,-0.7956413551264533,0.5357804344893263,0.5590823358005022,0.4280252496298649,HAR-RV (OLS)
5829,0.00036615393610216744,0.43875510726576933,-0.9127496900247609,0.6620413653203895,0.15396835144004017,HAR-RV (OLS)
5831,0.00011492605587741912,0.027763231160358316,-2.3833875395702067,2.6509438768501803,0.20043631973820097,HAR-RV (OLS)
5832,0.00010911614240506563,0.4678385115139742,-0.0026260443854271287,0.26388540354615236,0.4644024177039927,HAR-RV (OLS)
5842,0.0019209160374195438,0.712738502704594,0.48255037551870184,-2.8390866303185294,0.4979035921153643,HAR-RV (OLS)
5846,0.002733638153435369,0.051802781265757325,0.8583876655823732,-3.2397697202972315,0.13596648915341092,HAR-RV (OLS)
5853,0.0009632384095191774,0.12529669524135936,-0.5391888790881417,-0.3882622270267651,0.05317471253368322,HAR-RV (OLS)
5872,0.0033306768330883096,0.049262578546402085,-0.28711931959290204,-0.9841409525635325,0.09565320442889458,HAR-RV (OLS)
5878,0.00032887511469671644,0.10497827566761282,-2.212900232274608,2.0269153119404573,0.26463308814291076,HAR-RV (OLS)
5904,0.00030204683734671414,-0.13918921898187683,-0.23031337720391135,0.9567061774027401,0.11268621076525831,HAR-RV (OLS)
5907,0.0014694267403579657,-0.19035875483280645,1.2163691210674819,-3.010270683685628,0.1924801742708565,HAR-RV (OLS)
5910,0.0012371983321977564,-0.5222299552156114,2.8484261014728487,-3.5237402625271677,0.25868548949639814,HAR-RV (OLS)
5913,0.002239044517779576,0.4053684110646977,-1.0130555154838183,-0.406524362283028,0.2087819351211928,HAR-RV (OLS)
5915,0.0034364340045577955,-0.16187525583912127,2.984411724148673,-4.80659679379342,0.3889544977222814,HAR-RV (OLS)
5916,0.0020497955094248865,-0.08398794229624575,2.5447985847446106,-3.590740938970567,0.41990218694900794,HAR-RV (OLS)
5929,4.5159130364880694e-05,0.15074845930228045,-2.633813733576964,3.2292600497659802,0.08217687108105842,HAR-RV (OLS)
5932,0.0005239923034496086,0.0555916325459298,-0.3085080609166878,0.844134931261101,0.04110656592932216,HAR-RV (OLS)
5934,0.0005012957344908337,0.4272200841482467,-2.0558488524717244,2.274882847104269,0.10098761722200789,HAR-RV (OLS)
5944,0.003618546228516534,0.043849278240992884,1.4617983005907913,-1.676773998471752,0.26406224094164277,HAR-RV (OLS)
5958,0.000615111786427269,-0.2151311722755143,-0.426676231848282,0.2813617270117705,0.07825474403168342,HAR-RV (OLS)
5975,0.0007224544421463271,0.3108279546639134,-0.04284457663970276,-0.49146608594581476,0.07661055308349496,HAR-RV (OLS)
5976,0.0012358094347811347,-0.2758473743422493,2.8178010718649786,-3.2564121935218378,0.20268166175947377,HAR-RV (OLS)
5978,0.002056285205035111,0.4702916023312149,-0.7168260535208892,-2.127665065274176,0.5028959241991815,HAR-RV (OLS)
5987,0.0006048789842234088,0.0968684788815308,0.34677984267956774,-0.4218451381840366,0.023922279442941452,HAR-RV (OLS)
6016,0.001544712051412558,0.5097654976532191,0.3100696399684417,-2.348660202769576,0.3148314986495069,HAR-RV (OLS)
6020,0.00044202721843632534,0.3064271059364936,0.31318986314977715,-0.11919647048047796,0.23718396394578756,HAR-RV (OLS)
6029,0.0014392566560986729,0.025277311443258312,0.29001145108722304,0.07426438692806434,0.09664434865955163,HAR-RV (OLS)
6065,-0.0007651262361830758,-0.29608956328430885,-2.7758779741099975,4.90035981969384,0.36684229338000673,HAR-RV (OLS)
6068,0.002458853127096002,0.24370730241759575,0.2237343957041439,-0.8638873788552125,0.08481324575789406,HAR-RV (OLS)
6070,0.0008375322932648056,-0.08058111865302851,2.4089935459796545,-3.014270815382729,0.14138480786943108,HAR-RV (OLS)
6074,0.006247269817229732,0.11332609753563526,3.362171467463434,-6.540506305227704,0.24750235733700798,HAR-RV (OLS)
6076,0.0004930628606058594,-0.19810028123155712,-0.21513784516977247,0.8787782622555443,0.13976744735982294,HAR-RV (OLS)
6082,0.0013776609055119547,0.42687897844601524,-0.329363061035129,-1.445096770638795,0.14753999904484005,HAR-RV (OLS)
6085,0.0015785440313571188,-0.08476631900199504,-0.7191998550750462,1.1389007449682471,0.019278738182789135,HAR-RV (OLS)
6089,0.0015097164576866346,-0.021971727757280856,2.2663579881926412,-3.9664914792680843,0.1496583878865979,HAR-RV (OLS)
6102,0.0009853027703194024,0.5965263386757874,1.879649911938667,-3.947565978838609,0.25738042600049815,HAR-RV (OLS)
6108,0.0011026994418497926,0.26335155142038774,0.4058893051781632,-1.6097459564498746,0.13995554267526933,HAR-RV (OLS)
6114,0.0011507149340196374,-0.23352705447098882,1.4267240162279748,-2.2411233032370674,0.15817863818310474,HAR-RV (OLS)
6115,0.0006153652079197018,0.6717210222810248,-0.8323177893955861,0.14156605442986836,0.4779081176732489,HAR-RV (OLS)
6121,0.0018243847414210086,0.41105777330280846,1.4013045124200572,-4.641238951162699,0.2881286000665986,HAR-RV (OLS)
6134,0.0024045189559512435,0.46047362006521525,0.8299631213887683,-3.932026012316014,0.29759054676119834,HAR-RV (OLS)
6139,0.001424168099095562,0.5984754077592523,1.3644423710747293,-2.6683913716002987,0.5037458510086286,HAR-RV (OLS)
6144,0.0049648636314367205,0.16993664628622057,1.60303097810224,-1.7566308722885393,0.4242908552193746,HAR-RV (OLS)
6145,0.0005058959422243616,0.315467238341297,-1.094568591786717,0.7956130728375722,0.2036575089552508,HAR-RV (OLS)
6166,0.0015854646435539744,0.2957682519765259,1.8405469305080182,-4.188596516779567,0.1376127217459152,HAR-RV (OLS)
6172,0.004111623452407073,0.14065601567520902,0.6874207215167751,-2.0297304866030212,0.08951928280453081,HAR-RV (OLS)
6174,0.004637421799717326,0.11731286333653047,1.1967111523862966,-1.954551315204222,0.08161694749602122,HAR-RV (OLS)
6177,0.0018553325626382057,0.12269427141078668,-0.23081198241731204,-0.5567234454088822,0.071766935974519,HAR-RV (OLS)
6197,0.0028263554616323743,-0.007089051289642875,1.1829711930858104,-5.343568374782394,0.2137375170898681,HAR-RV (OLS)
6213,0.0034009950245824172,0.00104109251814867,1.174709694893116,-2.3316134315322374,0.07826004968323474,HAR-RV (OLS)
6217,0.0004892305320054775,-0.19229192513841503,-1.2680160127584008,1.4729378336794516,0.08208850644864074,HAR-RV (OLS)
6235,0.00037900654577630304,-0.22886436646263433,-4.480216614512855,5.1856420636922715,0.3017336114013597,HAR-RV (OLS)
6256,0.0005280949930398739,0.08344686952413989,-0.7970766453854774,1.2064706850121032,0.022403954445142538,HAR-RV (OLS)
6270,0.001922873391637663,0.3573730160506452,1.7088137926423352,-3.6295271846483534,0.22221365697365547,HAR-RV (OLS)
6272,0.0011712532995020145,0.24234876965752686,-0.8148302872464475,0.14299211130070694,0.08788029045695167,HAR-RV (OLS)
6274,0.0008190656336508305,0.0227214954537482,0.5337374928482653,-1.166805052807106,0.03320176750824644,HAR-RV (OLS)
6286,0.0006083277726853549,-0.033830714275284786,-0.17238740748694065,0.4501415352465778,0.003724148186647791,HAR-RV (OLS)
6287,-3.364473014234686e-05,-0.5216722909437965,-1.9133160386864667,3.1932230690729915,0.20048388962761143,HAR-RV (OLS)
6296,0.005050246902005444,-0.004664718901891644,4.14039707364478,-5.5043964624249,0.47273368282984163,HAR-RV (OLS)
6316,0.011284014492110942,0.2272119020693925,3.2737189236880737,-5.373877090957116,0.4716838614227975,HAR-RV (OLS)
6324,0.0007946345693368552,0.7736122070767737,0.6197445656071895,-2.6224086692699253,0.46690900800307455,HAR-RV (OLS)
6325,0.0033127993884783683,-0.07727358639921948,3.8603225058693544,-5.331359549266132,0.38063289307306725,HAR-RV (OLS)
6342,0.00021171310322346952,0.2562980492945227,-0.30779418297053107,0.4847316817668717,0.09539604640336785,HAR-RV (OLS)
6356,0.0026598867060042873,0.09505178711116292,2.2995555472657507,-4.181679104697164,0.18325399245358043,HAR-RV (OLS)
6359,0.0023122271151548406,-0.480935835875149,1.4676571832818388,-2.5399664468395327,0.2550843245672135,HAR-RV (OLS)
6367,0.0011619186539731114,0.26800429455164454,-0.062198594540287755,-1.6071473671874303,0.149258924482487,HAR-RV (OLS)
6382,0.0016499472169233182,-0.02397369498558543,-2.877226750083231,2.391736321571855,0.4658204569909885,HAR-RV (OLS)
6390,0.0022064833722209806,-0.01984923186234982,-0.9100809558438554,-0.6138037392792797,0.25135126350624915,HAR-RV (OLS)
6398,0.01119165369360927,0.05667053789855756,2.590931188165886,-3.5339121201200725,0.5087208930075786,HAR-RV (OLS)
6403,0.0016693763253662424,0.8942320289669581,0.7541312115910253,-2.8689351497121764,0.6354448927845582,HAR-RV (OLS)
6410,0.0011158677160113867,0.48139466801904385,0.04560826125900119,-2.1027469407018717,0.33137101961138027,HAR-RV (OLS)
6428,0.0009581783905678969,0.07495901200531621,-0.8268590148349566,0.14509811164645148,0.07419545821172413,HAR-RV (OLS)
6434,0.0007196711166300442,-0.47280831080644825,2.6004555589551654,-2.4767305941832953,0.628111239656389,HAR-RV (OLS)
6445,0.0009049405176188962,0.6151640352354933,1.2709662087737559,-3.0009598371917843,0.2836039039985955,HAR-RV (OLS)
6463,0.0005500301224247026,0.24692564441181095,-1.442789077042637,1.5798521658938505,0.16947873132414315,HAR-RV (OLS)
6476,0.0013528903281874733,0.5877479535026763,-0.003138559277896358,-1.5280712897476254,0.32334069363856677,HAR-RV (OLS)
6480,0.0011565029712888113,0.1161930394386252,0.4692761726411507,-1.7345332976144803,0.17791229289081867,HAR-RV (OLS)
6481,0.0004550345553928505,-0.1505303486894197,0.700627216653881,-0.9155493386233228,0.0597700109064091,HAR-RV (OLS)
6482,3.730617119754027e-05,0.3364733113004984,-0.6628463363453185,1.08987099365436,0.29916212517919727,HAR-RV (OLS)
6483,0.001377401562641998,0.2893980974020475,-0.6353579654889885,-1.1204944936144112,0.1577754524149284,HAR-RV (OLS)
6489,0.0013623904833114037,0.305925308713972,3.681359479307174,-5.520556231405575,0.42256109440534484,HAR-RV (OLS)
6493,0.0021192398526538596,0.014452422830314216,3.4968761283629184,-5.998330574890453,0.3165690657601974,HAR-RV (OLS)
6494,0.0011479032345890951,0.3654083395812615,0.608518131664114,-1.8062378235264505,0.09841088027290701,HAR-RV (OLS)
6520,0.0014842665108463944,0.4698789886157611,0.006691912624175345,-1.4358366532824896,0.2132916739068781,HAR-RV (OLS)
6523,0.0017013258252614567,0.32763156276129446,1.107958759155885,-3.3668067372056085,0.23950966925475514,HAR-RV (OLS)
6528,0.005726795599921013,-0.38963149661866114,1.6145711909888805,-3.8980034524166776,0.29328311812781604,HAR-RV (OLS)
6545,0.0018743981091332933,0.32369351758886183,0.7124838556137558,-5.643216965777011,0.35283233948656856,HAR-RV (OLS)
6562,0.001882351643707248,-0.030744308969705224,1.4060320548007363,-1.74948175830702,0.08909053991782434,HAR-RV (OLS)
6566,9.736137345287926e-05,-0.14525016231095525,-1.147919114624533,2.1451398754121183,0.09715509106743503,HAR-RV (OLS)
6568,0.0037808162302429577,0.23129207390285916,-0.4785778285290132,-2.5467508764007163,0.20778129759688924,HAR-RV (OLS)
6585,0.004403478942637469,-0.3992954297427485,3.0969014368528316,-4.147683129386147,0.5364970938493048,HAR-RV (OLS)
6592,0.0008643016024557902,-0.016057258838665187,0.4972184766281285,-0.21416489656033655,0.062317821279232355,HAR-RV (OLS)
6599,0.0047521989587452265,-0.23048126393316856,0.32513982852105183,-3.161196101391521,0.28300989509288743,HAR-RV (OLS)
6607,0.00037562312207725093,0.21393827669738524,-3.0595207859010167,3.5069155277045465,0.3541803673182038,HAR-RV (OLS)
6613,0.0013922941552311353,0.236547928877795,3.1279897144572737,-4.6602333141367,0.4981344053486575,HAR-RV (OLS)
6617,-0.00018123898085626537,0.4149836039276576,-0.6244876290809597,1.226243887657601,0.2767827485335158,HAR-RV (OLS)
6619,0.0009589618712852617,-0.6201550547203531,-1.138302918701443,0.809328571212218,0.4816323498665154,HAR-RV (OLS)
6626,0.0014032484201577345,0.28603069853158725,1.2044396309920156,-4.710536449125627,0.30306309703305745,HAR-RV (OLS)
6631,0.00020502565818098677,0.35063242630828373,-0.5759333544751586,0.6790039585691598,0.1673899645772967,HAR-RV (OLS)
6632,0.006141612282931053,0.4256292369954103,1.4520011208893837,-5.20774356432668,0.29674346228512993,HAR-RV (OLS)
6643,7.779522326386125e-05,-0.0771728839726706,0.18433326608726835,0.5960531322724893,0.07963062957505873,HAR-RV (OLS)
6647,0.0013154512234328868,0.42678784358201316,1.3956667505253015,-3.2401441393489807,0.24991423352502184,HAR-RV (OLS)
6648,0.0015657042914280293,-0.14492034988902172,2.4774913443018365,-3.0916805502653966,0.13908229083559076,HAR-RV (OLS)
6657,0.0011948697950494237,0.13220590121205644,0.2450046510090443,-0.41343102681890737,0.02652363095071575,HAR-RV (OLS)
6668,0.0008373773596802665,-0.32467192564293185,0.025905701914295975,0.26986808875731333,0.10601749560140605,HAR-RV (OLS)
6679,0.00036499209830477054,-0.07690575813266576,0.010246015392722907,0.40476975913490465,0.010653589559662335,HAR-RV (OLS)
6693,0.0008405934167208841,0.4553677466791765,-0.34690506469638804,-1.132592686071601,0.2671895007235906,HAR-RV (OLS)
6696,0.00023650867781086133,0.11026296177198092,-1.3569116814135898,1.8046415265549156,0.228994313130936,HAR-RV (OLS)
6723,0.0008284610481009238,-0.23494440080207296,2.59728893314035,-3.3806439362402063,0.32994231769822147,HAR-RV (OLS)
6729,-0.0005124551740609122,0.3087453803131193,-0.18043413761278726,0.8603097407547545,0.3329837577112851,HAR-RV (OLS)
6730,0.0011569659200770799,-0.2839711108579822,-1.9429827754063616,1.222517843518835,0.4514509434491959,HAR-RV (OLS)
6740,0.0017130987412050996,-0.054837425025698376,-0.28375294729621503,-0.7167930890338157,0.16711079603908163,HAR-RV (OLS)
6742,0.003748147836440659,0.7080643790226139,0.8500616286528395,-5.372187787142036,0.30736119840185205,HAR-RV (OLS)
6746,0.0006672257228599107,0.7443285109378088,1.8164090828033477,-2.6460858780501897,0.31783681505329386,HAR-RV (OLS)
6771,0.003713142854678192,0.36379011401407074,3.8106537588084053,-8.587706636266384,0.2572686936945838,HAR-RV (OLS)
6777,0.004191600895972478,0.30396099127357207,-1.2655809531918107,-2.010036573020906,0.3905598446592008,HAR-RV (OLS)
6782,8.103238056862217e-05,-0.1166178555373528,0.48810339036856454,0.6596788881854949,0.20549512692164873,HAR-RV (OLS)
6799,0.001835527612129973,0.36097476984497806,0.6876718830095856,-2.1013416351274508,0.23138662926933173,HAR-RV (OLS)
6809,-0.001755862371689496,0.12403953131972273,-3.4994779888607894,5.414548334492228,0.12453935422714335,HAR-RV (OLS)
6815,0.001336906155475709,0.07662420738236284,1.354013234117302,-2.006084301380512,0.2061735906154898,HAR-RV (OLS)
6819,0.0020652971895550455,0.1991812087132989,-0.5913887140663932,-1.2048513080388252,0.16111657420546144,HAR-RV (OLS)
6820,0.0041187844552430415,-0.2532309587907163,1.627310402507863,-2.7264415789457774,0.12115651397276461,HAR-RV (OLS)
6822,0.0007701323400319013,0.26656905345042947,-1.0291991720342615,0.5574556579981088,0.10527462178276226,HAR-RV (OLS)
6823,2.9516400833439187e-06,0.17102419788285594,-1.8033140078444176,2.869365486375703,0.27461055888870967,HAR-RV (OLS)
6827,0.003937571492702198,0.2643405269245073,-1.0307960013673143,-0.3494805417727165,0.18055447041904726,HAR-RV (OLS)
6836,0.0024764627412763502,0.557432135751982,-0.42201425866391556,-0.20589914350096966,0.30236158647391,HAR-RV (OLS)
6846,0.0021567229861524677,0.07991413403407702,1.332388925709481,-2.773763147264598,0.2449616410278549,HAR-RV (OLS)
6850,0.0022514281354258318,0.032337133541974886,1.2093131511084654,-2.767071395932923,0.1347193626570261,HAR-RV (OLS)
6854,0.0011163021367392365,0.17988484645660693,1.478749156543683,-2.66426768176752,0.06827861300658644,HAR-RV (OLS)
6859,0.00045468559885027213,0.32527164472182224,-2.110028146885761,2.1349391704779817,0.31263240287113025,HAR-RV (OLS)
6895,0.0006086180618639964,0.0766295778609665,1.6640597174865397,-2.062760576847535,0.19387140730392838,HAR-RV (OLS)
6904,0.001132889023217347,0.2947855260539774,-0.17950483241998116,-1.6426873757204978,0.14294122181090518,HAR-RV (OLS)
6906,-5.655619648800873e-05,0.2947870570918365,-2.087847178058142,2.599878438548847,0.23154066294675013,HAR-RV (OLS)
6909,-0.0010105936737528991,-0.14731885404351822,-0.8249771945737242,2.9954528587443616,0.4192076380300507,HAR-RV (OLS)
6914,0.0036392778291742087,0.7100893655873738,0.4072925215791169,-2.1737194391873214,0.5126965953484393,HAR-RV (OLS)
6917,0.005203824277086945,0.7785704950602348,3.4439734155612824,-8.09723140596471,0.28004936567807737,HAR-RV (OLS)
6925,0.0008466951639783657,0.4075310960239265,-0.14090475209544617,-0.29039918117972086,0.1403421143148348,HAR-RV (OLS)
6928,0.002669767129288839,-0.20596629944106562,0.7484971843766689,-1.2398803247554082,0.04852206591763242,HAR-RV (OLS)
6930,0.00814921677814796,0.07988706402482919,-0.1920455360680582,-1.5721591753769266,0.06632202261924403,HAR-RV (OLS)
6931,0.0012484349530406031,0.040887591138701045,1.3089169697627507,-1.7621580588550958,0.13548285074515387,HAR-RV (OLS)
6932,0.004942960930462555,0.8154990972706858,-0.28891806460914404,-5.075723074438816,0.553479336211552,HAR-RV (OLS)
6939,0.0003554211312668447,-0.4155373790068732,-0.06985750943613844,0.6644986614163244,0.16335123948793484,HAR-RV (OLS)
6940,0.0009519997616663322,-0.1252748785743267,0.5090794050188505,-1.9651581501625879,0.16263907918373743,HAR-RV (OLS)
6941,0.0013492675235056155,0.3702111975849046,-0.7316170865050745,-0.2307137871571809,0.175379316039193,HAR-RV (OLS)
6944,0.0007521428099743666,0.40158069675709995,0.7304642367571657,-1.4353771737556018,0.2289344944873155,HAR-RV (OLS)
6961,0.0013086390731843118,-0.08289436977758972,1.0426429878380068,-1.7272059016670744,0.08833089148429873,HAR-RV (OLS)
6965,-0.0010210368547043404,0.2622149590331061,-0.6906317849911472,1.8263661036270842,0.3733673019301995,HAR-RV (OLS)
6976,0.0014002767542211083,0.09044420098549252,-0.9476672501434233,-0.4650018582399884,0.17685898410826406,HAR-RV (OLS)
6979,0.00033134366681341547,0.23449692953534418,0.32982663055486555,0.14775120022541316,0.21848401272188,HAR-RV (OLS)
6999,0.001038318358082572,0.6120142846333912,-0.5652525307740699,0.04747433670266815,0.2313291125602971,HAR-RV (OLS)
7005,0.00154122565867079,0.5251057275006377,1.8527090735948637,-3.398701363094108,0.31509597213920026,HAR-RV (OLS)
7008,0.00019222362249213135,-0.10334322187808982,-0.13479638666393884,1.1999872812044152,0.12590319032018082,HAR-RV (OLS)
7009,-0.0012962747587450935,-0.6266515259848282,-1.611169960595657,4.086777628711274,0.5419689001226216,HAR-RV (OLS)
7013,0.001358668237498549,-0.5680330185143846,4.458615199689041,-4.816021818909059,0.5032707110388924,HAR-RV (OLS)
7014,0.00021246543155646906,-0.33859223503457997,-0.7526203927806043,2.152910879049067,0.0776652013981125,HAR-RV (OLS)
7028,0.00023678938574398943,0.05705739669443852,-0.16577321968948944,0.7371298090049008,0.09618286900169803,HAR-RV (OLS)
7041,0.0015141698442276527,0.4260726831214584,0.13512360932757428,-0.9595613333503691,0.13118246495668984,HAR-RV (OLS)
7043,0.002457328875188483,0.0769957461951821,-1.4737633369698482,1.5761615261911728,0.11684802319228826,HAR-RV (OLS)
7051,0.0007197168403836457,-0.011773120393994555,-0.1374983778777925,-0.7001831437707592,0.07910232890957036,HAR-RV (OLS)
7054,0.0015298305977241538,0.17001775584222065,0.24514113469125198,-0.9346992439474552,0.0731459374799911,HAR-RV (OLS)
7055,0.00035284057849766827,-0.2122874611333246,-0.04427426316729452,0.3142418431142181,0.02904967843487194,HAR-RV (OLS)
7107,0.0016991438327803518,0.004736973057796206,0.8390394800604307,-1.9433511213587655,0.03813802190765703,HAR-RV (OLS)
7122,0.0010507399246309263,0.4423488481337369,0.11460115633542634,-2.6940512420307416,0.26374051008702515,HAR-RV (OLS)
7124,0.002369306672628525,-0.1063176914784992,0.9592696277741729,-2.9168673583027385,0.13175206013004537,HAR-RV (OLS)
7133,0.0014308449897674834,0.256550722501118,0.6926536461198852,-1.2024449877374908,0.10119420444289573,HAR-RV (OLS)
7150,0.004834620314378055,0.17421476619466553,0.24342363740343298,-2.350361920731905,0.13570834802371323,HAR-RV (OLS)
7151,0.003623190177372817,1.0107885573157198,0.04388447194134004,-3.004398052217361,0.5126127254550257,HAR-RV (OLS)
7162,0.001495193980326512,0.13471298396253156,1.5684437092239065,-1.9825203854342321,0.0741790366163061,HAR-RV (OLS)
7180,0.00022324557609920004,0.3190749662531159,0.2157067319825821,-0.02730106831566674,0.18192992612441772,HAR-RV (OLS)
7194,0.0008863128995804099,0.29485204198801895,-3.076679811617515,0.33327171630658037,0.3101069184624127,HAR-RV (OLS)
7195,0.003132439226970233,0.3362039489595761,-0.4976252627914819,-2.633738983693962,0.39307652411824356,HAR-RV (OLS)
7200,0.000848900207905096,0.1938078657203069,1.1520684425586811,-2.2457203119009277,0.3043250250213968,HAR-RV (OLS)
7212,0.0010040197642173457,-0.3570822182810902,3.8676091760971607,-4.971409286528614,0.5615532872339892,HAR-RV (OLS)
7213,0.0006777840117163084,0.10219102492489605,-0.9778285200782026,0.9815372852723558,0.03129637359471227,HAR-RV (OLS)
7217,0.002476327608996964,-0.20644658102357974,3.3214488161583855,-5.52744903064785,0.4569281979424894,HAR-RV (OLS)
7219,0.0009262424441799401,-0.2817984261536994,-1.4373715003678027,1.5007243549564124,0.1838002856347143,HAR-RV (OLS)
7237,0.0016289076933886156,0.09449807766821312,-0.5427009568117146,0.5870374281753369,0.019122278343092436,HAR-RV (OLS)
7245,-0.00026779916245664014,-0.18464259092155114,-1.9322300356532982,3.00099988351193,0.16507118814481647,HAR-RV (OLS)
7249,0.0016365550043961742,-0.6779935888729668,-0.27127267178485676,0.7460138857573176,0.3926202825456625,HAR-RV (OLS)
7251,0.001051576647468067,0.3074968038857517,0.6265816183039565,-1.968664195415719,0.1928698819851491,HAR-RV (OLS)
7258,-0.0009598757315934651,-0.2828183534907226,-0.49584745326923696,1.9877075352103375,0.23544375648237525,HAR-RV (OLS)
7260,-2.0006373107088124e-06,0.34812322119907413,-1.474660541543666,1.9762228166575664,0.1803519011162863,HAR-RV (OLS)
7261,0.0012026153051735201,0.152954348265185,0.7736607363745879,-0.9370148585418281,0.11573941417830558,HAR-RV (OLS)
7270,0.0025606723914920913,-0.11284949399637106,5.692913556099483,-9.824057219572573,0.3552648087608621,HAR-RV (OLS)
7277,0.003983923950930877,-0.36836752027776354,1.2238881247491007,-1.8757499268653628,0.18910150651095758,HAR-RV (OLS)
7309,0.0003685401206206059,-0.03799529478755578,0.07256252707401842,-0.21122732287154156,0.0039275274405221605,HAR-RV (OLS)
7310,0.0009635883383667215,-0.2035857725727458,2.4539844629543976,-2.999053609611745,0.3099981393703132,HAR-RV (OLS)
7316,0.004293835491826513,-0.21044328264610165,0.2730806141940513,-1.7925339806376852,0.2449719910594813,HAR-RV (OLS)
7322,0.002623707670778775,-0.2522286864982943,-1.5861546290727568,0.4296926800598142,0.24665691801210055,HAR-RV (OLS)
7333,0.0035528385745027796,0.34168276535605974,0.05943828112864946,-2.3043926961666927,0.18807988772227624,HAR-RV (OLS)
7343,0.002696457662638043,0.005074888756214777,1.3946061796018319,-3.612476337403559,0.17231204423207092,HAR-RV (OLS)
7367,0.0017643224715958826,-0.4932665220028916,1.6235784595963294,-2.851793060537433,0.3521242359888088,HAR-RV (OLS)
7369,0.0015250068142193564,0.29775613118512473,-0.18665577186943771,-0.8473807385431331,0.07676505065052708,HAR-RV (OLS)
7373,0.002616568527266227,-0.07648057145249952,1.9664005000851075,-5.629215267904425,0.4438946134500956,HAR-RV (OLS)
7374,0.0027297739596817824,-0.359641927687832,1.7844087988369384,-1.608087750035737,0.19957174960165125,HAR-RV (OLS)
7418,0.001082749321549677,0.38035565459714465,-1.8552947089765355,0.6359554786999176,0.13796176462382514,HAR-RV (OLS)
7444,0.0021553273778600578,0.3662069695741653,2.577400172215053,-5.054215266565943,0.21813031135038619,HAR-RV (OLS)
7447,0.0006177660335062253,0.352785860300539,0.3416986292784036,-1.55228249855133,0.1968347924724515,HAR-RV (OLS)
7458,0.0017122263628169565,-0.026171343679676752,0.24725551116931788,-2.847306674781001,0.22786416559934164,HAR-RV (OLS)
7460,0.0010788035316305748,-0.11252253142024086,0.08504250132114244,-2.1244321218205666,0.18181640113765518,HAR-RV (OLS)
7465,0.001834334650338376,0.6410622193466803,-0.2363386306192321,-1.130351797934623,0.39391471528238675,HAR-RV (OLS)
7467,0.0010883512388646264,0.6804028473389896,-0.7422832471467461,-0.3101673253107281,0.3627859480665314,HAR-RV (OLS)
7478,0.002258839726466193,0.0822673932685539,-0.8626123422676452,0.32996390926046537,0.07755931520905668,HAR-RV (OLS)
7491,-0.001059048330742194,-0.5914203262909885,-0.8776781549446558,2.659614333814367,0.20563431443779268,HAR-RV (OLS)
7512,0.0005485680389634039,-0.00744017173610596,-2.5878554959636304,2.2953277448509253,0.30972166824296876,HAR-RV (OLS)
7517,0.00041001215384376684,-0.3207730434780171,1.3574707780687096,-0.9853789636617031,0.18498578217351536,HAR-RV (OLS)
7518,0.0005559593436391904,0.6494842954122362,-0.35177769137624526,-0.5724912803262356,0.32976542345768267,HAR-RV (OLS)
7545,0.0008605015882255557,0.43924460143745764,-3.667405566537285,2.624077403923419,0.22735295119868904,HAR-RV (OLS)
7548,0.0022759467677039256,0.22846899286052122,1.3576489434702137,-2.876902735713097,0.349078300675856,HAR-RV (OLS)
7564,-0.0007006775532226762,0.48550172139337067,-0.06676159838673973,0.5835547114031892,0.5596128740262108,HAR-RV (OLS)
7566,0.00045686569779129175,0.15619962828276143,-0.9794230941273412,1.4380137047600796,0.07123808309418778,HAR-RV (OLS)
7567,0.0009975338119640118,0.36140758028737324,1.3761865316108273,-2.876387894227724,0.141983590147444,HAR-RV (OLS)
7572,0.0010565536325397916,0.26836113393228433,1.394712683421551,-1.863830729765639,0.13451135812186688,HAR-RV (OLS)
7593,0.0027026747435927416,0.40438930649002136,2.0480875624227664,-3.564115964052599,0.41242270139535697,HAR-RV (OLS)
7621,0.015797886851187312,0.5101641313697833,1.1876711669080111,-5.895929653072362,0.6413393885457974,HAR-RV (OLS)
7624,-0.00012087352713654998,-0.6935947470310118,0.5587221304284054,1.4275145630364252,0.2687851250341645,HAR-RV (OLS)
7629,0.001267484331331687,0.851241644167573,0.7720068764153805,-2.444083889757644,0.5657788298648909,HAR-RV (OLS)
7632,0.006120116632963527,-0.08012040627974255,0.13583223752205442,-0.7557173898177239,0.05937661987144871,HAR-RV (OLS)
7653,0.0015367758059601695,0.19072058363920655,-0.02435007056014582,-1.9603993503063935,0.11142666513271693,HAR-RV (OLS)
7666,0.004726365670512942,0.10757476815981236,1.2438756008930256,-2.9273157813042974,0.14395068519587573,HAR-RV (OLS)
7668,0.0012743371362641594,0.5606713691356232,-0.38219929551238696,-0.6553760791269716,0.35464541833642504,HAR-RV (OLS)
7674,0.0014840179015146318,0.5141660822817282,-0.1813613078011735,-0.2868767377614829,0.30337509734781687,HAR-RV (OLS)
7675,0.0006204364355559206,-0.7430267837212359,0.33112869625098784,0.6594747482333165,0.39297415099936606,HAR-RV (OLS)
7677,0.000636539569843764,0.30882389276289984,0.8397478950443373,-2.361223022259014,0.03992780691575715,HAR-RV (OLS)
7679,0.00024286308847116722,0.2518604409246075,0.29945130959649735,-0.20638499233138988,0.14370500173155554,HAR-RV (OLS)
7686,0.0001794458734315983,-0.0729895049538185,-1.0713132031313182,1.5772426789864653,0.06553959872730919,HAR-RV (OLS)
7709,0.0007317353789702029,-0.0796706943675733,0.7615465768560601,-0.7859792589652295,0.035035056012405086,HAR-RV (OLS)
7714,0.002644378440294854,-0.0030134314235592758,-1.0591885089469575,-0.2364270630420977,0.34121087635881653,HAR-RV (OLS)
7716,0.001578291454743042,0.1839562141480728,-3.1571751753164756,1.6617281376556035,0.32957064442991424,HAR-RV (OLS)
7743,0.0063238772422449605,-0.15117893264652263,0.45430311512388966,-2.666047468310217,0.3239194831902318,HAR-RV (OLS)
7745,0.0035572246355707144,0.5550261909021674,-0.263790436251397,-3.4145816329924656,0.6090131857248108,HAR-RV (OLS)
7747,0.0010793154156198569,-0.059846598933568536,1.0921793578031813,-1.7737474753187663,0.1260813770921082,HAR-RV (OLS)
7752,0.004632860478673494,0.060525294137775035,2.73555753915556,-3.9547479740717755,0.35646615193980524,HAR-RV (OLS)
7758,0.0009914240839005856,0.4335256014054919,0.22542299936273708,-0.8767058184538564,0.2008640400279158,HAR-RV (OLS)
7759,0.000184229360625684,-0.38844972996429566,-0.5857069321601246,2.121884220844337,0.36222601292890444,HAR-RV (OLS)
7764,0.0026693139907175215,0.5664311382365491,2.173762522230379,-3.8713403328941203,0.5280603975876834,HAR-RV (OLS)
7775,0.001304634131057339,-0.527526208156599,0.024630557168589418,0.442335086805383,0.2460560633426765,HAR-RV (OLS)
7783,0.00045553280247689963,-0.5865030327528072,-0.5984302171821011,1.1260091543438806,0.2533020955459757,HAR-RV (OLS)
7799,0.0011241307724564427,-0.11675752337730816,0.4315634001730325,-0.9650373267476261,0.06612632023196208,HAR-RV (OLS)
7811,0.000892748104696764,0.5199935904167776,-1.1028895780242598,-0.4286227212720252,0.3392171561327445,HAR-RV (OLS)
7818,0.001001216044599772,0.10740757418497375,-0.31103718115860124,-0.17466078876982663,0.036845312174744405,HAR-RV (OLS)
7821,0.0004948538032921723,0.11944654180718418,0.9688266701726023,-0.572497226239103,0.40761198863370385,HAR-RV (OLS)
7837,0.00338389336612854,0.36233127669693604,0.7927589746141387,-1.8137558045642708,0.2769867888289401,HAR-RV (OLS)
7843,0.00206600785570525,0.4118222850178345,1.0099622064765996,-2.75462856014917,0.19398760697540807,HAR-RV (OLS)
7845,0.002298809727817092,0.6606660611159996,1.5818643960262246,-7.307274411503749,0.5854268787327283,HAR-RV (OLS)
7854,0.0007471357395958235,-0.26033396393301655,-0.9471914557833282,0.4984265532243141,0.1824707116588612,HAR-RV (OLS)
7864,0.006193688915860167,0.41703804718491544,-0.1558322250804669,-5.34811359921741,0.43288337725761483,HAR-RV (OLS)
7874,0.0004365062184936207,-0.4117881339398562,1.8698043930977972,-0.9384280690537574,0.2535344482089942,HAR-RV (OLS)
7882,0.0018844244305552104,-0.28254349790454053,0.38050575306205026,-0.7234677369700696,0.13914835364626243,HAR-RV (OLS)
7883,0.000926541419627124,0.4822235291103142,0.625358380181924,-1.847698677822564,0.2515219162632354,HAR-RV (OLS)
7884,0.001557053546687354,0.535945545898602,-0.2409384654087725,-1.517611943574587,0.41634643420487005,HAR-RV (OLS)
7885,0.0016256202934190774,0.2897496983465483,1.901083644693455,-4.02739077843968,0.15275393214667787,HAR-RV (OLS)
7897,0.0010806821502059973,0.08152491716495466,-0.0495695184969408,-0.6814753017288238,0.07849247933531234,HAR-RV (OLS)
7909,0.0028555768680553826,0.08752584120103772,-0.46227390155937753,-4.071029274745349,0.36763091959215277,HAR-RV (OLS)
7921,-0.0007439511284915942,0.5939601440204499,-2.5810569889470205,4.597044285103495,0.4378681116787071,HAR-RV (OLS)
7992,0.003454084282344702,0.34745960440169604,-0.39496089700801007,-1.9104660598985386,0.2412317645838835,HAR-RV (OLS)
8009,0.0006861974919515555,-0.19852577704646923,2.8942510347540145,-3.3202998503740204,0.26366296338291306,HAR-RV (OLS)
8011,0.0012102791608094474,0.23555690638894455,0.09425074909338527,-1.258182880630126,0.12480478820101282,HAR-RV (OLS)
8014,0.003363693370611526,0.03498489195576,5.9933804529961385,-12.639984495083068,0.44632021168018454,HAR-RV (OLS)
8016,0.0008866461051491029,-0.09336158264602097,4.041287528306454,-5.1188412328059725,0.5670804738608941,HAR-RV (OLS)
8032,0.0004570835800727375,-0.3739261817514681,-2.3637838628854455,3.238855525043418,0.26214856515636686,HAR-RV (OLS)
8044,0.0011887421972134275,-0.0891994617064662,-1.0273328587852235,0.8949969208253945,0.11809883582804792,HAR-RV (OLS)
8068,0.00141552797913685,0.095868110793199,1.5921500588826851,-3.433659479140904,0.19146512331253318,HAR-RV (OLS)
8070,0.004997372220561058,1.144284603276684,2.7331542219489995,-8.442444881540263,0.8472861035154358,HAR-RV (OLS)
8081,0.0010450652267647979,0.2904151190978052,0.6603820524005231,-1.9999579411564692,0.08250173125926774,HAR-RV (OLS)
8085,0.0006233969699555141,0.5046236977471481,-2.371193348693274,2.60760528449676,0.29748744189220167,HAR-RV (OLS)
8101,0.0010155061502757886,-0.4365675039593387,3.9693605429794596,-4.063384492316527,0.28686637688304795,HAR-RV (OLS)
8104,0.0014000163981559193,-0.033242176329672475,1.6822372396690852,-2.485000462129768,0.07758321364089049,HAR-RV (OLS)
8109,0.001402939428970665,0.16537947724147806,-0.09437480357760736,-0.4900093728679501,0.08196999031054064,HAR-RV (OLS)
8117,0.0007031918681321245,0.6428300965732906,0.07090976778855473,-1.413628038902932,0.32720662789686816,HAR-RV (OLS)
8168,0.0012459768791587933,-0.10080978185470953,0.43421629299639886,-1.848125016997799,0.05937970437573736,HAR-RV (OLS)
8186,0.0019343261278047374,0.38411091850025325,0.1419932518923967,-0.4501179445743811,0.15778868534872514,HAR-RV (OLS)
8190,0.002213192864451809,0.41299292360295164,-0.13597091303463604,-1.19335648505571,0.20406032421958442,HAR-RV (OLS)
8191,0.0012845308649355215,0.15411805650432123,0.9639038749203243,-1.8371167702013287,0.09139785275078749,HAR-RV (OLS)
8192,0.0014074397867330163,0.08680381592341571,0.48401917246890735,-3.2175740299752866,0.21952173648676832,HAR-RV (OLS)
8196,0.0010532302005668709,-0.03109325219248239,0.6305778970620523,-4.118916170823742,0.1641400825550834,HAR-RV (OLS)
8205,0.002488284447836015,0.008554117053432097,0.05569699615257012,-0.22342455612700535,0.004558662909372235,HAR-RV (OLS)
8211,0.0051613154831124716,-0.23928412593526327,2.5539297405929484,-3.9473018521794043,0.3512567417965762,HAR-RV (OLS)
8219,0.004094155962645391,-0.3076354828595776,-0.48287692334111265,-0.4462616317213786,0.24517276207491678,HAR-RV (OLS)
8222,0.0009409630896787609,0.33517402322630074,1.5080770167811326,-2.242190087450553,0.5042796044379704,HAR-RV (OLS)
8224,-0.0014854406145657117,0.42939989839114795,-2.070843775982376,3.189164341217349,0.5902389580126406,HAR-RV (OLS)
8256,0.002526317528453459,-0.09705955252872872,-2.717064080357097,2.4289442747460535,0.25857920552811453,HAR-RV (OLS)
8271,0.0007309890542272527,0.17462795188243596,0.11084813572017749,-1.018514776867165,0.06353678539602725,HAR-RV (OLS)
8298,0.005270344373837601,0.2690233074613963,2.27613970252378,-3.221741195749064,0.5162945949474687,HAR-RV (OLS)
8331,0.0049921948896660025,-0.008622494250820978,-2.0685068866460083,-1.2968949532300647,0.37252645598474254,HAR-RV (OLS)
8346,0.0005270492847650768,-0.17561024175808732,-1.4129689779187853,2.1792689526045463,0.09327155328229642,HAR-RV (OLS)
8353,0.0021902176522671174,0.3366282377796791,0.09448046162095958,-1.6437505424625445,0.16678915765665814,HAR-RV (OLS)
8357,0.0009669602613060784,0.1730365677815579,0.45898841528941686,-0.6998947587743297,0.03512655032157175,HAR-RV (OLS)
8360,0.0012950857452830513,0.35423389865480615,-1.3250028126473032,0.4312359721729039,0.3295912893880888,HAR-RV (OLS)
8365,0.0031580998163925197,-0.2712298161280646,1.8800082025593488,-4.17000218567621,0.1962288050641422,HAR-RV (OLS)
8408,0.002497831242177955,-0.01408605746818525,-2.7067709722782833,2.6980165618906424,0.43033903085990044,HAR-RV (OLS)
8426,0.00018053850125850709,0.1675865419101933,0.5290701188778424,-0.08152417442376608,0.1829423222637051,HAR-RV (OLS)
8435,0.0005923162161050735,0.6552874431810738,1.147645413717849,-2.9392671756055275,0.46045215374906556,HAR-RV (OLS)
8441,0.004798852184616559,0.3790269962782446,0.4964120295909189,-1.7562424212268761,0.24114247393051713,HAR-RV (OLS)
8442,0.0019354446638533132,-0.2720034617106427,2.0425877972745474,-3.4540041372581802,0.14857300165732845,HAR-RV (OLS)
8447,0.007453257032048395,0.4966280056333316,0.9121910475039919,-2.1547472349806838,0.36527718033190715,HAR-RV (OLS)
8448,0.0019191867345096725,0.17942595415275248,0.36863142804630344,-1.9580234398245215,0.12855184577321865,HAR-RV (OLS)
8454,-0.00018828079013223772,-0.46574438077563957,-1.8275069074483397,2.9315181397368377,0.36075300899041307,HAR-RV (OLS)
8459,0.0013359734634891807,0.08054826582286895,-0.35362261948584633,-0.03456341181650577,0.02198785962332639,HAR-RV (OLS)
8476,0.0008038945665378155,0.9407653166246996,-3.4752650983420788,1.9711480720907146,0.5791876804023303,HAR-RV (OLS)
8481,0.003839128176942955,0.16889747354515777,-0.8187337986432164,-2.845184568495547,0.3193969840510631,HAR-RV (OLS)
8518,0.005715068259371018,0.6344535807918208,1.1588720263798116,-3.4896176492510778,0.5279726919605919,HAR-RV (OLS)
8524,0.0005321089210449078,-0.02143375605739321,0.697437796689192,-0.40476397833124517,0.2028190466325419,HAR-RV (OLS)
8534,0.004828782052775364,0.09269556613889446,-1.8803777284954615,-2.800441057247414,0.528445137849007,HAR-RV (OLS)
8546,0.001754828922491721,-0.39609371635144935,-1.4626280173102344,0.9331194036101322,0.43872315675379947,HAR-RV (OLS)
8554,0.0011917977620373203,0.051423890420413856,-0.055900172745996096,0.2712843457739006,0.008150371565904813,HAR-RV (OLS)
8573,0.0005598339366340676,0.2592824888545831,0.19629295758891485,-0.2985543669480242,0.07522104784976757,HAR-RV (OLS)
8583,0.0027667121002140018,0.21638333093533355,0.05850678965511846,-1.1719643460429903,0.09134865345616516,HAR-RV (OLS)
8585,0.0035530168657243043,0.1949902325838414,-1.7423048516133233,-1.2416108126185312,0.29424400659780825,HAR-RV (OLS)
8587,0.000617849665452347,0.2425939463316832,0.380148366639092,-0.5947105732494354,0.05480484785280881,HAR-RV (OLS)
8590,0.0009410265551742282,0.789662423990926,0.08128760699700144,-1.0575214807345383,0.38421149316486203,HAR-RV (OLS)
8607,0.002019296196648831,0.7831917257593811,-0.32042129142158293,-0.6897578915495246,0.445367243999242,HAR-RV (OLS)
8611,0.011809940262788051,0.5897573213044683,3.456253495441307,-7.62321802199789,0.3762065024188326,HAR-RV (OLS)
8613,-9.183563348260672e-05,0.005633753895451051,-0.9396323445099526,1.760754921673691,0.3466882086810894,HAR-RV (OLS)
8615,0.0007461905493121908,-0.18219378532905073,2.290930274033594,-2.5868606933139633,0.12506186091137428,HAR-RV (OLS)
8618,0.0014937951047568944,-0.2111727948494445,-2.9165714623450665,3.162176785173365,0.1978833142427725,HAR-RV (OLS)
8623,0.00034637901441464023,-0.10031584173021367,-1.2217852051433433,1.7393347761872389,0.04652776757639876,HAR-RV (OLS)
8636,0.0020283458436565977,0.2922026994469442,0.809220264326126,-2.2932369225834055,0.2320460263427303,HAR-RV (OLS)
8647,0.006308935316537115,0.24768894757685933,2.8210376548657563,-4.750968922051019,0.4343038907530128,HAR-RV (OLS)
8652,0.00044971684923155114,0.3696407506903144,0.5113121805722821,-1.3152357799144825,0.1972444033548426,HAR-RV (OLS)
8659,0.0005109623939956333,0.1661670299357127,0.34209484448828575,-0.11757628571623663,0.07308563306855409,HAR-RV (OLS)
8661,0.001260011680669699,0.36745666161928586,-1.1145067286500852,0.3446228440443587,0.12917009585483596,HAR-RV (OLS)
8662,0.001013399428571868,-0.03611082006949441,0.659029734472826,-1.1345660539576479,0.048537152109219384,HAR-RV (OLS)
8664,0.0010995106228598533,0.3622175868434108,0.6792300156478595,-2.0924365539095295,0.2503475978459849,HAR-RV (OLS)
8665,0.0014652690785139587,-0.5753114193055029,0.2986799447474716,-0.9093597325026672,0.4709887904108566,HAR-RV (OLS)
8667,0.001060541059296963,0.36495146465630973,-1.5044211256883282,0.5742592698944367,0.271313713179399,HAR-RV (OLS)
8675,0.0011428603769587761,0.4581933945700815,-0.8035784547199197,-0.3730916328543279,0.22090627261109486,HAR-RV (OLS)
8676,0.0035851879671387633,0.2414374617405966,0.6043804989058831,-2.417175835599821,0.130564379973094,HAR-RV (OLS)
8696,0.0009687299377130356,0.44276673126440785,0.8502803974189201,-1.929764920496868,0.510827218775741,HAR-RV (OLS)
8702,0.001278595447306601,0.4357412483816288,-0.9618548917677513,0.4989510285702859,0.1890682154242077,HAR-RV (OLS)
8706,0.00045537648505410014,0.12782656225434275,-1.0732928722000907,1.1916401237066852,0.07256528079027735,HAR-RV (OLS)
8708,0.0011050848840022133,0.5017190998566855,0.21981736640295824,-1.3203139460195152,0.2465545696466085,HAR-RV (OLS)
8718,0.0038121241816805283,0.730710190179902,1.3664438041516114,-6.408946697865581,0.4799743803397487,HAR-RV (OLS)
8721,-0.0007600474817501929,0.7655154478090146,-0.6555269885211158,1.0616675621252512,0.48540952637140744,HAR-RV (OLS)
8744,0.0015477923303683421,0.2853026496867144,1.1614076448608108,-2.7330394169331824,0.2055597860704188,HAR-RV (OLS)
8747,0.0011469638200762582,-0.10164372142854973,1.4702927117226245,-2.607189817241649,0.07542015775555222,HAR-RV (OLS)
8749,0.0007495990033671773,0.1532956752087408,-0.9673199622933388,0.7797208090760722,0.06794561099950414,HAR-RV (OLS)
8750,-4.976628690029879e-05,0.019787462560389484,-2.636368069654182,3.406592289375359,0.2586766085563199,HAR-RV (OLS)
8753,0.0009626179705362202,0.510545016986276,-0.2635585981468198,-1.5193481047647228,0.33052858731649404,HAR-RV (OLS)
8763,0.001962815690548308,0.08681114053000963,-0.4439439732345175,-0.3411990388934685,0.07699772974814378,HAR-RV (OLS)
8773,0.0029899558605090614,1.0254626856192959,1.9440898292384357,-6.769846897823726,0.7109431429752637,HAR-RV (OLS)
8776,0.002968915878529155,0.17005862475792138,3.864462469787763,-5.722196473359283,0.4555384568894284,HAR-RV (OLS)
8779,-0.004468666467024197,0.36566961793228375,-3.5450161279462935,7.294340180476324,0.2961600620143715,HAR-RV (OLS)
8797,0.0009912801660096019,-0.08752957355672139,-0.5223967662649406,0.5490583919335243,0.04939512711548144,HAR-RV (OLS)
8822,0.0009022743503831205,0.07214861781911361,1.111497513907199,-2.0854758609489723,0.13027458634381828,HAR-RV (OLS)
8825,0.0019588757871973096,0.17369084231806597,-1.410959708298243,0.2613423712081693,0.1737466896458143,HAR-RV (OLS)
8840,0.0015373592493095243,-0.12002374854980999,1.7589716732452512,-3.1127107345105167,0.23983083275201056,HAR-RV (OLS)
8859,-0.002777716891235062,-0.5039331626739375,-2.037446125793202,5.71685551985409,0.38353833270210336,HAR-RV (OLS)
8891,0.007737477235546952,0.6814608149901336,1.5388696913525153,-5.790465334276558,0.41281440170862094,HAR-RV (OLS)
8913,0.013065658567914416,0.07782638488606472,2.993684419351944,-5.25790825878225,0.4202235592443966,HAR-RV (OLS)
8918,0.0031695781937265974,-0.033789123420900825,-1.7437631633618444,-3.8805488437639193,0.4455877211073095,HAR-RV (OLS)
8934,0.0002493812550473514,0.3171833032554433,-1.0982990436996944,1.8863153918827544,0.27314566252309014,HAR-RV (OLS)
8937,0.0028917676002810375,0.45501594300516796,-0.24337254022990829,-2.499583977378102,0.5792593544653619,HAR-RV (OLS)
8938,0.0016196694105003553,0.8817969017838616,1.7328398930960534,-3.56746649453179,0.577372254201608,HAR-RV (OLS)
8950,0.0032058538919788903,0.3776387503479487,0.17440447733021724,-1.8379170599037067,0.16551319369326944,HAR-RV (OLS)
8974,0.00034535394442926945,-0.16856030477551692,0.7355590788636996,-0.5908145754177456,0.04050691443881127,HAR-RV (OLS)
8978,0.0006065796081872499,-0.3762573870509742,2.3026524623421913,-2.005688968275992,0.26388691955999666,HAR-RV (OLS)
9000,0.0015247288000956429,0.7771783203247237,2.1941156479295456,-4.181469143298816,0.6358546034604584,HAR-RV (OLS)
9001,0.000911748694260703,0.15274543382742434,-0.4969761409074349,-0.104700992857506,0.057757059555679446,HAR-RV (OLS)
9021,0.0007244073420175903,0.1782253824617128,0.036521169413893606,-1.358565132268926,0.11485042164111203,HAR-RV (OLS)
9028,0.0003639462937828552,0.16135781049960382,-0.8981581905836107,1.262222918567566,0.09026622351276137,HAR-RV (OLS)
9030,0.0021970090329891186,0.05590116235787786,-0.2973624587586323,-2.8881737390834354,0.23610926551606937,HAR-RV (OLS)
9037,0.0007323381361375852,0.4466837367016914,0.3140865207376228,-1.4194797529350203,0.15653565560715288,HAR-RV (OLS)
9038,0.0016000615399925288,0.008106040519931707,-4.0817776098642575,3.5729403346334143,0.5448168422301851,HAR-RV (OLS)
9060,0.0017024603678316061,-0.023215008672694135,-0.8058875012980224,-1.2461869836373631,0.2610336163424499,HAR-RV (OLS)
9064,0.0021107037226901493,-0.21325515802650988,3.110205743738251,-3.805518668106314,0.3596876632578313,HAR-RV (OLS)
9067,0.0018474966185262048,0.47852837383006624,1.0998948639379638,-2.9216879933739133,0.25759111398570256,HAR-RV (OLS)
9072,0.0015756434643469242,0.21827247511802458,1.3307175895923193,-2.5138923441475827,0.2578202423452518,HAR-RV (OLS)
9076,0.001328604215527322,0.2118838143535399,0.34254464539332535,-1.3470608529120383,0.09506776811079376,HAR-RV (OLS)
9077,0.0008120428255747108,0.006676013652107549,1.1064238422516697,-1.0665486635848969,0.1683663659930994,HAR-RV (OLS)
9091,0.0015548591593636534,0.39062929791362383,0.9493252810398114,-2.8082595899253158,0.19631396515742894,HAR-RV (OLS)
9096,0.003587157183932553,0.11201948547840443,0.01286907977039653,-3.2089814791047244,0.2826649236346146,HAR-RV (OLS)
9100,0.002669563645637047,-0.011436551838693028,1.3495859202625673,-3.0220200237570087,0.17735298223497797,HAR-RV (OLS)
9114,0.0007764770441913348,0.545057193365784,-0.1801791651332515,-0.6453921960026067,0.259025358976434,HAR-RV (OLS)
9123,0.0026848479725543276,0.10545140262100741,1.8106252018690705,-4.581553967540241,0.363422890683067,HAR-RV (OLS)
9138,0.0014532049745023692,0.0020236930737159123,0.0640635009151038,-0.03288766053193784,0.0004215674865446495,HAR-RV (OLS)
9146,-0.0011341999157852326,-0.5437607251555231,-0.653043510945921,2.7876011127146745,0.22867081425247981,HAR-RV (OLS)
9153,0.003112259178670798,0.5608461806208921,0.4047091760138843,-1.324717860597508,0.36950305744571466,HAR-RV (OLS)
9160,0.0010231446864887466,0.6325241883120852,1.5464363677100055,-3.005758595725467,0.3335451720310745,HAR-RV (OLS)
9164,0.000635578408683301,0.43736578772745793,-0.4047125235591197,-0.504299336956508,0.136965036233615,HAR-RV (OLS)
9166,0.0006339243002257928,0.37959230165119073,-1.2713185691627404,-0.8139616671979215,0.49760379459827286,HAR-RV (OLS)
9186,0.0005796414643786105,-0.8980690787177242,2.6604286298032376,-2.0651729271364254,0.45283913157251576,HAR-RV (OLS)
9190,0.000744279198183106,-0.2976421634640503,3.6238756069987925,-3.7914587862164755,0.7057256511884837,HAR-RV (OLS)
9194,0.002428692813551846,0.44293184229197624,1.0596522026430808,-3.1930520600558134,0.15279617380165778,HAR-RV (OLS)
9198,0.0005123516526803562,-0.5483475549020562,-4.35516080944798,4.484017184608309,0.7205669173875111,HAR-RV (OLS)
9201,0.0013263177199152685,-0.1270552744757606,-1.3600500565397828,0.809743265506,0.1463409040288267,HAR-RV (OLS)
9205,0.0015120432234901463,-0.11759435760419491,1.7088762620271003,-4.5572017473467925,0.18874512804757115,HAR-RV (OLS)
9207,0.0003601195929129258,0.15186631470818596,-4.441420432722953,4.140605448457581,0.4431266685695684,HAR-RV (OLS)
9208,0.00182505927564604,0.22262192438784995,1.4553961224395926,-2.614899836932583,0.15934360383549384,HAR-RV (OLS)
9215,0.001080226970270611,0.5121092677323854,0.045627674784618155,-0.9130224024423665,0.21700851471062255,HAR-RV (OLS)
9219,0.0027715179714858503,0.7692428414671117,0.08390877373539318,-3.4994936818392617,0.6828260870045333,HAR-RV (OLS)
9222,0.009365318196278352,-0.15020454928405325,0.1441835133406284,-3.3476367050510194,0.26880566482983237,HAR-RV (OLS)
9243,0.0020672342993508443,-0.10677752503120276,-0.03575858623605921,-2.3543705771093424,0.13690392185640476,HAR-RV (OLS)
9248,0.003567697614601716,0.29643028819519224,-1.2354887526994773,-0.062032430401133265,0.20382012536618832,HAR-RV (OLS)
9266,0.004037360965221523,0.5430836204805465,0.14748974113971158,-3.6899467462496003,0.3007292765231733,HAR-RV (OLS)
9275,0.0006979639424150428,-0.25479127915012467,0.23777430541220404,-0.28443266079147034,0.0519097277107583,HAR-RV (OLS)
9279,0.004251355231624668,0.3442860743247722,2.205941064505482,-3.8756229982262296,0.4142320891719735,HAR-RV (OLS)
9281,-3.7202146859728114e-05,-0.12745751433404168,-0.8550450863125664,1.770430383589395,0.18157331099310736,HAR-RV (OLS)
9282,0.001961340764522299,0.3768052856090729,1.9867837601619014,-4.080404979605584,0.49293161584687395,HAR-RV (OLS)
9285,-0.0023033212807807126,-0.20490951038985344,-2.553854139625445,4.267697537769628,0.3096563771886949,HAR-RV (OLS)
9289,0.0009778383929343632,0.5374679087578426,0.5959768824846448,-1.146809720921413,0.21214628427452042,HAR-RV (OLS)
9300,0.0003146645056977185,-0.33913481103584314,-0.5686923744670956,1.0268344423651308,0.11479131159381206,HAR-RV (OLS)
9302,0.0002797440419207265,0.35220156963692234,-1.2222448846980518,1.4309776690784415,0.20047090578736704,HAR-RV (OLS)
9311,0.0016834089060636524,-0.2511799118330277,-0.32220941501597644,-1.0426819974141384,0.16625457753521045,HAR-RV (OLS)
9312,0.002012772802838612,0.10372569622078781,-0.20889317361860021,-0.4013186565300285,0.022102738613097417,HAR-RV (OLS)
9329,0.0008328585147000273,-0.2159413900588472,-0.38123862709533823,0.06611761917609371,0.13673153228931312,HAR-RV (OLS)
9343,0.0014876026118904478,0.5340822417742317,-0.03332042597626805,-0.9537227873903235,0.2172680506628596,HAR-RV (OLS)
9350,0.0004262636822979127,-0.1501720071848082,-0.23727857468384436,0.045023813822120506,0.15581549065588662,HAR-RV (OLS)
9352,0.00043801606082893656,-0.1239091741279683,-2.9947224865780275,3.5953781493603874,0.21902926572525638,HAR-RV (OLS)
9367,0.0008575764057742386,0.26333914291169686,0.1267946524421455,-0.6385749688187277,0.047125734753859394,HAR-RV (OLS)
9377,0.0013257158236407447,0.46463656705789275,0.15730287079925154,-2.05238908431797,0.2703298940901191,HAR-RV (OLS)
9381,0.0003493389148539482,-0.2534682751823174,-0.736543812604975,1.3989448431528533,0.07647671155560487,HAR-RV (OLS)
9396,0.0008062392126932626,-0.37192884230709156,0.5661913569143937,-0.8894427934021852,0.1842127889460966,HAR-RV (OLS)
9427,0.006740701896003261,0.4346357134362942,1.38486007780264,-2.840279951649154,0.5432342156274992,HAR-RV (OLS)
9431,0.0001916629821276952,0.29164907963178854,-0.2900155232482925,0.6812846610410604,0.19038089447461526,HAR-RV (OLS)
9438,0.0013154064437113655,-0.20653633414573425,1.6123537616960788,-1.6093432284377907,0.146468003979899,HAR-RV (OLS)
9445,0.003998659195217138,0.4206729027253733,1.2632972529479456,-3.0937437814023676,0.23796078823698152,HAR-RV (OLS)
9448,0.0020218395309754573,-0.12498899804766898,0.7154729006417496,-1.39345655482618,0.06586176866520488,HAR-RV (OLS)
9456,0.002327609505440788,0.5233570611510705,1.005229971812426,-3.8304852812118337,0.39808858017977633,HAR-RV (OLS)
9465,0.0010663937614971506,0.2704644513943276,-1.2046169579396484,0.47170922971562246,0.1584180169192161,HAR-RV (OLS)
9493,0.001815321543163407,-0.2600378902071884,1.5776982461690827,-3.2412302370784984,0.32061357233455734,HAR-RV (OLS)
9496,0.0003353923043990084,-0.43785926945927445,-0.49552945717255503,1.323251611910842,0.18814182516705313,HAR-RV (OLS)
9501,0.0007354312188328722,-0.3976925756855686,1.2288304755055597,-0.7251308647833958,0.1376981846042139,HAR-RV (OLS)
9518,0.000761929995733622,0.3869611035411775,1.1475051621531591,-2.6336008415472314,0.472363672982945,HAR-RV (OLS)
9557,0.004769059673484996,0.3645547021015704,-0.5971172763787945,-0.7491127859494866,0.07538284935497563,HAR-RV (OLS)
9564,0.005808941551912557,0.355125952838236,0.4850533340821248,-2.1482685879028485,0.1614971592189247,HAR-RV (OLS)
9583,0.00040205379182858445,-0.19752894399219023,-0.8158429821939301,1.7045567733371858,0.1768768920130701,HAR-RV (OLS)
9606,0.002447965429745307,0.801234869912434,1.702927628032009,-4.428801600684002,0.45770275857550813,HAR-RV (OLS)
9610,-0.001746821569113854,-0.017473013393011973,-0.6455975276961368,2.2873567680478364,0.23001657166722822,HAR-RV (OLS)
9633,0.0013019850030359691,0.2088900981755684,0.2260492169821402,-2.0176930053874007,0.1334130537756909,HAR-RV (OLS)
9640,0.0019880992943248684,0.41998536659831653,-0.036090844937490374,-4.170124689371515,0.3711329428076847,HAR-RV (OLS)
9659,0.0007403677987962967,0.7944985736337774,-0.7039334574734454,0.07654277227697132,0.43588145279380763,HAR-RV (OLS)
9664,0.0007853433477460244,0.22303714497387467,-1.8865809072284045,0.3913658180029609,0.34686730419193035,HAR-RV (OLS)
9665,0.004630925539300582,0.36251166587311084,1.238659480368194,-4.341148166332425,0.27435581321181346,HAR-RV (OLS)
9674,0.001693618917812406,0.04538572587472611,-0.13471274703496286,0.4548807142464012,0.025623073387642914,HAR-RV (OLS)
9687,0.005442574972851305,0.5610794658223668,-0.11857797326680264,-2.84456911075764,0.3541885551228354,HAR-RV (OLS)
9694,7.72956757364682e-05,-0.402883530304168,0.9208410900435274,0.22903244186343102,0.29428031862888737,HAR-RV (OLS)
9700,0.0012719490011785864,-0.46193831539615826,-1.036190158713541,0.9465868688436151,0.40229318942411063,HAR-RV (OLS)
9720,-0.000713211753160641,0.11536044129399002,-2.667250757097234,4.263194200188754,0.4708713447948907,HAR-RV (OLS)
9735,0.0009302349806848084,-0.1412964737510903,0.6485312578104401,-0.6656056875380821,0.022570833587214234,HAR-RV (OLS)
9737,0.002048738032504666,0.24762271431300026,1.014545752390788,-1.4388541362918845,0.16453068864318277,HAR-RV (OLS)
9748,0.0018232651884199493,0.44755540635740093,-1.1995595489696513,-1.143208495143915,0.5060378272952119,HAR-RV (OLS)
9752,0.002226372760420367,-0.14218583712834088,-0.4005206393503806,-1.0044119106167715,0.26218472580066676,HAR-RV (OLS)
9759,0.0017465505820171885,0.1615080812355193,-1.0466748816841474,-0.5933710236624695,0.1622243907464358,HAR-RV (OLS)
9770,0.007284310206276318,0.3245178573754558,1.6639790099754281,-3.3403714959514255,0.47050238787444465,HAR-RV (OLS)
9779,0.0010295355349601038,0.1486157971707227,-2.836004389929602,3.3281532258348605,0.35610733715946263,HAR-RV (OLS)
9787,0.002890286297298668,0.11423669588013687,1.509255555948744,-2.6067554763479857,0.15207146773099356,HAR-RV (OLS)
9797,-0.00010836865995432184,0.03360791197422842,-1.7129873536278406,2.469778455338764,0.16549289394005773,HAR-RV (OLS)
9819,0.0015201075395728733,-0.589307257241833,-0.05108397727034697,-0.6404939866397964,0.4045213913342093,HAR-RV (OLS)
9822,0.001033712360032284,0.3496808727753089,0.9860671958489624,-1.8889497954341699,0.14402396267841033,HAR-RV (OLS)
9846,0.0035122605667606455,0.5546792877314427,0.31582336588081583,-4.4409096615213395,0.10711852316236736,HAR-RV (OLS)
9862,0.003614010869888765,-0.09379969846259227,2.643217819231856,-3.946153361320568,0.20492508055854253,HAR-RV (OLS)
9866,0.0029786306392510374,0.4502848150764579,-0.017984196499348126,-1.3772011523203054,0.2930625040434961,HAR-RV (OLS)
9869,0.0002130385937449094,-0.07226754979615932,1.0394739367638748,-0.4841733815899077,0.17920169203099023,HAR-RV (OLS)
9885,0.0016833447398509611,0.4094543604676374,1.6450953131008683,-2.7374592245742604,0.34421222243077265,HAR-RV (OLS)
9887,0.00037304105107463314,-0.03061102570402264,0.39617460270758403,-0.2819342868941137,0.017320187199590387,HAR-RV (OLS)
9889,0.001746512976359093,0.4819184815691329,1.5665076629110464,-2.568331669414283,0.3324080614331085,HAR-RV (OLS)
9890,0.0024380045569903173,0.5853259562310024,1.215154106272921,-2.556980236248079,0.29985956418338466,HAR-RV (OLS)
9914,0.00019506387495974418,0.39172620340732056,-0.6323934818238237,0.773671167778979,0.2165898624208492,HAR-RV (OLS)
9918,0.00020191918302793997,-0.3355720841503426,-0.5164343876295796,1.3231694761298625,0.08043529745640121,HAR-RV (OLS)
9932,0.005016838730118571,0.38273056858131055,0.24284968550154695,-1.6986767906637272,0.1658592172721871,HAR-RV (OLS)
9935,0.003063016478320208,0.17199873085168668,-0.4029686702492554,-1.5982878728899406,0.265758958956268,HAR-RV (OLS)
9936,0.004985878647798942,-0.21516206339876076,-3.1010801624928828,1.7001282185776176,0.25724869586172083,HAR-RV (OLS)
9940,0.00026989256912616187,0.1916213502278983,-1.5406164430324143,1.6072699371110009,0.07398607411561675,HAR-RV (OLS)
9947,0.000981891159215732,-0.2239204274671157,-0.5454708660651413,0.11598858559557429,0.12366930281199962,HAR-RV (OLS)
9960,0.009038965354895975,-0.11841961816512067,2.6419119165095077,-6.3849271461977475,0.31988797798130375,HAR-RV (OLS)
9967,0.002995950636497012,0.05037704730135682,1.4816527276952123,-3.414235033006965,0.16089376634243657,HAR-RV (OLS)
9970,0.008131497457287522,-0.49717154079087666,2.1561071009970556,-4.935663246162848,0.2943893913170633,HAR-RV (OLS)
9972,0.0014638938639934633,-0.22371254138496807,1.6242954945633996,-2.0565051348214967,0.14746651784976983,HAR-RV (OLS)
9973,0.006418505950584814,0.02507032692934728,0.5819312988583645,-3.0973045771549153,0.2720599207961132,HAR-RV (OLS)
9976,0.0034078550686482637,-0.4016868239008923,0.6082580461986201,-1.3937417804343601,0.19930765653288007,HAR-RV (OLS)
9988,0.0008574473591453891,0.22909303457326,-0.6594896302430547,-0.31320543158410485,0.26293360822850587,HAR-RV (OLS)
9993,0.0011767965478906386,0.028583791339400075,5.776068562231144,-7.279642572562182,0.22353102332073393,HAR-RV (OLS)
10000,0.0005800752982152639,0.5688155011750106,0.5743980351089545,-1.273486699265308,0.3153136254468374,HAR-RV (OLS)
10005,0.0019905763927597613,0.49898340938686003,1.6691435298088522,-3.3672189973726794,0.4494168296747769,HAR-RV (OLS)
10017,0.005801750205938091,0.029283665307795345,0.47570155969844435,-1.6375871856113342,0.1470672604120704,HAR-RV (OLS)
10030,0.002045343307964303,0.8999802907919413,1.8758054691775747,-4.842164892437007,0.38414842148668604,HAR-RV (OLS)
10035,0.0009606807465625154,-0.11415964367752833,1.437675915075563,-1.9573431921687796,0.08401615494129544,HAR-RV (OLS)
10040,0.0038398440958528645,0.07483227286506029,1.8943554557336402,-4.402382831310404,0.2711992387282226,HAR-RV (OLS)
10042,0.0030437639381879593,-0.03262525700133908,1.764317415479799,-3.8770794220373705,0.15487527229963194,HAR-RV (OLS)
10045,0.0014735400536204717,-0.17988717537399423,0.49718027822783584,-0.2590250636325043,0.05306583082459215,HAR-RV (OLS)
10070,0.00032958154010251763,0.5563495021089929,-0.6316972332541891,0.20332083331326684,0.30292306029853655,HAR-RV (OLS)
10071,0.0021607387404862684,0.6099537255848776,0.4967183517425068,-1.6344759472251504,0.2824667089217179,HAR-RV (OLS)
10072,0.0008985774111525124,0.3718933458525502,-0.1760001645860556,-1.1882018224812765,0.17774479332686544,HAR-RV (OLS)
10081,0.0003057475614941903,-0.09152952055328986,-0.4297465752377738,1.1634852059972116,0.015723682331196698,HAR-RV (OLS)
10088,0.0030783673799774183,-0.2115365288092842,-2.131718363544927,1.9571759210177377,0.12590542226405066,HAR-RV (OLS)
10100,0.0013707815348857136,0.3203996773776585,-0.32856328590006756,-1.4908444816350888,0.17876962480949787,HAR-RV (OLS)
10105,0.0014858797303134994,0.5649434347101756,-0.894897461570745,0.24160298063363445,0.33152262521297315,HAR-RV (OLS)
10111,3.477083902130539e-05,0.19906351745643616,-0.7539136331784655,1.7651088879055281,0.1693581058515431,HAR-RV (OLS)
10113,0.0004220241443189404,-0.39807504765485596,1.232593374426317,-0.9228312247351301,0.13685751037364546,HAR-RV (OLS)
10123,0.0012357607792266396,-0.17862499621753636,-3.5173735983725782,2.868470885933643,0.3493570572428282,HAR-RV (OLS)
10135,0.0015954179054903698,-0.024909526123142966,0.1955432181537679,-1.121787415079013,0.05883754716340406,HAR-RV (OLS)
10150,0.0018431484895782013,-0.4342542280302082,0.6451057679900599,-0.6794623645001544,0.17306738718502945,HAR-RV (OLS)
10163,0.0028098775937845204,0.166032411497375,0.6916870145405971,-6.159556825937459,0.27470713314136563,HAR-RV (OLS)
10171,0.003791568720721263,0.00704063775982961,2.7579181211902264,-6.098424285544287,0.42457049541882574,HAR-RV (OLS)
10186,0.002211425136049568,0.4298700300092909,-0.9024747899604808,-0.7607607316610848,0.19529376490256845,HAR-RV (OLS)
10191,0.0013531218573887577,0.21579658800142462,0.6565088867094642,-1.5351341242386558,0.09526195280835825,HAR-RV (OLS)
10206,0.00023103732248814366,0.21597004919364604,0.08908266617114617,0.06834076554347385,0.08381853135593365,HAR-RV (OLS)
10209,0.0032391634075737414,0.08712799273457839,-1.842726144397444,-0.706619257836477,0.5845618147681013,HAR-RV (OLS)
10220,0.0002132041819840089,0.29529293139844953,-0.5804699202505273,0.7170790787968246,0.12894965790372903,HAR-RV (OLS)
10230,0.001174837964349273,0.23362403908690815,1.7501052895722777,-3.7771782313004274,0.17617019815956647,HAR-RV (OLS)
10243,0.0007282719598274965,-0.007036446678841125,1.3656687242857906,-2.3178057127883185,0.16857221886636564,HAR-RV (OLS)
10250,0.0022467123767883432,0.2818172600042057,4.854611797029616,-8.177549230727085,0.37464767632504725,HAR-RV (OLS)
10262,0.006296891028303189,0.5269265604908314,3.8581574252647743,-8.379698157517417,0.4058659800501714,HAR-RV (OLS)
10264,0.0011392882503831066,0.1116490090273707,0.05522173175523115,-0.7351490442888134,0.07164721970465371,HAR-RV (OLS)
10291,-0.0003343862694065101,-0.31086528285839443,-1.2426920390988725,2.68176159242355,0.18721770986970898,HAR-RV (OLS)
10311,0.0017373157110639223,0.18254622270155638,-0.11895409279893687,-0.9819822949416622,0.21961666032193772,HAR-RV (OLS)
10321,0.00434514484204509,0.13826062558563673,3.0871890526994754,-5.494970333826648,0.3995815559823016,HAR-RV (OLS)
10326,0.0017957462083615164,0.43180432355796516,0.347073226405029,-1.670968553447908,0.2332407222240399,HAR-RV (OLS)
10336,0.0008891120560527837,0.3628683273144207,0.1056014154894408,-0.9737954132591546,0.1113187494244472,HAR-RV (OLS)
10339,0.001587849241400995,-0.05432152504571228,1.6298023014267635,-2.104104152578784,0.15246568947243244,HAR-RV (OLS)
10349,-0.0004260937092511802,-0.33591100442336924,-0.6811118586760425,2.4598306925405873,0.17344100374330673,HAR-RV (OLS)
10364,0.003779076717106124,-0.48636834380927546,-0.424815005850037,0.2091331661291739,0.28628448324988753,HAR-RV (OLS)
10369,0.0008009705355935504,0.3734994745296962,-0.10781350022814545,-0.43631590242107354,0.10788838347082508,HAR-RV (OLS)
10389,0.00026213197874036423,0.05754185195289426,-0.046836439334572655,0.9954219873542447,0.22473630446023196,HAR-RV (OLS)
10403,0.0014818582904859948,0.07277130585575872,-0.8376400881668923,-0.0627465800970255,0.2144024998150491,HAR-RV (OLS)
10421,0.0012605006176241267,0.059013532278309785,2.153124421628632,-4.186857989069373,0.11707698165968461,HAR-RV (OLS)
10433,0.005002759461260241,0.19826447585656326,0.20460950212559847,-3.032873521826292,0.442685102014181,HAR-RV (OLS)
10448,0.0019837678933073612,0.3157539621614672,-0.01710135050130246,-1.8702067620269174,0.29754588410519467,HAR-RV (OLS)
10450,0.001196671257823828,0.013595083739573917,-0.9437768425852746,0.19261601820542418,0.1044912839737222,HAR-RV (OLS)
10455,0.000645909798101512,0.1335348371838556,-0.22596315519659518,0.09856389561422957,0.016245214551704468,HAR-RV (OLS)
10460,0.000838152364706585,0.24058363796524354,0.6300284149194594,-1.3990234276148006,0.20139984767493702,HAR-RV (OLS)
10461,-0.0009015236913697917,0.35580454150700747,-0.05019222403960999,0.6617753426296086,0.7113009333675555,HAR-RV (OLS)
10480,0.0013612439396775828,0.11302798994428631,-0.9512922394805765,0.23496316082622465,0.08768080814403001,HAR-RV (OLS)
10488,0.005301284140066717,0.03176651573164578,-0.9308544453580234,-0.7322614594178236,0.16507390165195546,HAR-RV (OLS)
10491,-5.2090966297657746e-05,-0.07103004469095482,-1.7798105988986561,2.655418799902895,0.1110479314420062,HAR-RV (OLS)
10494,0.001101659001451057,-0.04991156356802038,-0.11090716143270815,-0.06610036939369429,0.021130291437979398,HAR-RV (OLS)
10523,0.0012841036992769328,0.06265653291886757,1.1460657220062953,-2.315660521346555,0.18753944643787746,HAR-RV (OLS)
10530,0.0013148799641462048,0.2849818007086361,0.38971831098434995,-2.6531103322534326,0.1435934004930276,HAR-RV (OLS)
10546,-0.00037591873395913505,-0.030059238473673835,-0.8041852379939884,1.911151682005917,0.07724853789676989,HAR-RV (OLS)
10547,0.0016682052540961697,0.49582277858335355,1.554221176444832,-3.003911915021471,0.4750940248614769,HAR-RV (OLS)
10554,0.0013284671583707907,-0.21714277996474812,1.699184273852143,-2.9762914777402014,0.12674798954022826,HAR-RV (OLS)
10559,0.001055518024858667,-0.009773999874400226,-1.1660238770732088,0.5448957587589244,0.15665980759863274,HAR-RV (OLS)
10561,0.0028700599980372513,0.3808019000359657,-0.06576869718358913,-2.128798932635554,0.2989781303590452,HAR-RV (OLS)
10572,-0.0006000399980434467,-0.12538880952080805,0.20000394336222616,1.3201992904677213,0.4042447636351809,HAR-RV (OLS)
10590,0.00441249649974462,0.6811403213824896,0.38061924027238137,-2.364301402534328,0.5891124514629604,HAR-RV (OLS)
10604,0.0026463156652468053,0.2875834765802696,-0.2120694500508271,-2.4261051870533112,0.29548035954533036,HAR-RV (OLS)
10608,0.0017743235742216988,-0.2687896698756477,2.4171887388127273,-3.486106935774393,0.1368225746983135,HAR-RV (OLS)
10610,0.001518828160668284,-0.003448902110973881,0.922784238807066,-1.686896422494313,0.047973588300470826,HAR-RV (OLS)
10616,0.0014389171787890574,-0.13303512134478343,2.0629089240352045,-3.622633809377037,0.15708215983707974,HAR-RV (OLS)
10619,0.002795758096275223,0.24941019772936585,-1.5474719659248504,-1.2402003628127822,0.3289440884361089,HAR-RV (OLS)
10628,-0.0003204015543699742,-0.26382259703969263,-0.038673064066505725,1.7888409205658216,0.14746562958601828,HAR-RV (OLS)
10633,-0.0006037760787060242,0.11613558717743659,-2.151789237608757,3.5802474936536206,0.17204639621912776,HAR-RV (OLS)
10642,0.000674900314104325,-0.19642414219518547,-0.8240145812367434,0.2830652113921905,0.16251282206615436,HAR-RV (OLS)
10661,0.0014111567410033362,0.2705052779916742,-0.9952049164288888,-1.760470636817872,0.28459799328302826,HAR-RV (OLS)
10669,0.010275175439696272,-0.23130342781532054,1.316598773989179,-3.469331612457029,0.30459235598125456,HAR-RV (OLS)
10672,0.004292989686685657,0.2963676697687848,-1.2087124335402204,-3.239362134758018,0.36070732864073485,HAR-RV (OLS)
10682,0.0015193086093808208,0.20839042493920276,-0.8216640558070458,-2.5603672801955053,0.21850108260158907,HAR-RV (OLS)
10688,0.0016406303177856595,-0.13808619851104062,0.21402932406362443,0.03276176734573506,0.015812395299343973,HAR-RV (OLS)
10689,0.0008239295538950614,0.5055048480375237,0.3814932258581092,-1.6601938795480553,0.2379406441009827,HAR-RV (OLS)
10701,0.0001626057106483245,-0.05971835974117139,-0.04042375587424407,1.031520315009037,0.08245418734391485,HAR-RV (OLS)
10702,0.0029788942862185226,0.37274912804385485,-0.12206252952247498,-1.929908410811232,0.15520125580373434,HAR-RV (OLS)
10703,-2.947349917520499e-05,0.2367224552067882,-1.4987549044835538,2.2193890258633693,0.07799740310838299,HAR-RV (OLS)
10708,0.0010582655732181588,0.225988183794537,-0.42938036880101577,-0.11300535025332634,0.10430475515172666,HAR-RV (OLS)
10709,0.0017555781865053878,0.6323319715124548,0.6766053144466542,-2.475612076814615,0.4370384576647999,HAR-RV (OLS)
10725,0.0016765598241134533,0.3216695461181345,-2.657706540298856,1.697862509742332,0.3180774553079202,HAR-RV (OLS)
10726,0.000761225532288225,-0.3623075651364149,-3.0355194790591633,3.1823647141055655,0.3720266333752298,HAR-RV (OLS)
10734,0.0005667068361460682,0.03444770867178063,-3.6597834216005554,3.4808513937944694,0.48292734625715916,HAR-RV (OLS)
10745,-0.0006452502737035624,-0.531759814703664,-5.239966200318179,7.234207307247738,0.6521805424213025,HAR-RV (OLS)
10751,0.0009878012916369886,-0.14430082683923537,0.11161455195081273,-0.2927904223267091,0.057794238252437236,HAR-RV (OLS)
10765,0.004549040286965913,-0.5146561893690282,3.4220522070950814,-4.21142646418382,0.3448486316727719,HAR-RV (OLS)
10767,0.0020854846019415503,-0.4821332365219321,-0.6682598405697737,1.3015207454575024,0.13998647007897902,HAR-RV (OLS)
10776,0.0018654607329452835,0.40636441879292395,1.3796031853437127,-3.1808936749031282,0.15160183148904816,HAR-RV (OLS)
10779,0.0007809799151065756,-0.23703017543606608,-0.13635463862798253,-0.02360079691947535,0.19209870340042423,HAR-RV (OLS)
10781,0.0010319195045450829,0.01773760883159634,0.1861125239592171,-0.31211120376417384,0.0028996029671449763,HAR-RV (OLS)
10789,0.0036836371994898105,0.6342825522420196,0.08782688183863202,-1.1245384246102883,0.39673798460927934,HAR-RV (OLS)
10793,0.001597334720305957,-0.3163723800888932,1.8141288735246461,-3.3962035551779546,0.14825026577097522,HAR-RV (OLS)
10796,0.0013921022961775283,-0.07526422280140009,2.3871998609573786,-3.0430184499219997,0.321461092899916,HAR-RV (OLS)
10806,0.0017352122290990506,0.2510269827107066,1.2171175301403934,-1.7938392056280423,0.20441453820112476,HAR-RV (OLS)
10810,0.0028338909544948546,0.04083393881373456,4.591845474849553,-5.942234448867609,0.3177917246079993,HAR-RV (OLS)
10816,0.0014022418957980898,0.0643724702876624,-0.7376930263645968,0.6019304332576554,0.026366272940778313,HAR-RV (OLS)
10827,0.0023233578688262894,-0.07103977217584691,1.193992194900411,-1.3507066801112892,0.14110729234154495,HAR-RV (OLS)
10840,0.0013971105670635559,0.18453231237889403,0.5849712718211353,-3.159585890432281,0.08828145944995469,HAR-RV (OLS)
10849,0.003452798568241498,0.12056055403626664,2.0420101314798904,-4.229348033377231,0.21129334781956943,HAR-RV (OLS)
10856,0.00030821415892167813,-0.1365239096978747,0.6637476948848109,-0.18002202086034308,0.016634747083808854,HAR-RV (OLS)
10890,0.0015255611681119193,0.7087595869967838,-0.3241312425599334,-2.342623013890669,0.4087165789032353,HAR-RV (OLS)
10892,0.0007552659371941103,0.47074023029426565,0.22697638342926174,-1.148109178626942,0.20903167104799258,HAR-RV (OLS)
10898,0.0019901524310695414,0.4896143378223693,1.0377684117066233,-2.841243567254068,0.2073812659814669,HAR-RV (OLS)
10899,0.007645164129968428,0.04501993725421729,3.0405067687521434,-4.749624680930715,0.5629954246770618,HAR-RV (OLS)
10929,0.0017701721774913011,-0.13065002502003195,4.09825535174121,-6.1855022358531935,0.433691552840752,HAR-RV (OLS)
10932,0.0022798706505415297,0.03920735474119019,1.2342134645993288,-2.0325889720908603,0.061686455166351295,HAR-RV (OLS)
10934,0.0007748375249000096,-0.30093216309611487,1.5137916883146547,-1.8310448906129133,0.19229336705490296,HAR-RV (OLS)
10938,0.0020668833292294005,0.3121030266464726,2.2557456238750415,-5.432094911020352,0.2834289076623382,HAR-RV (OLS)
10941,0.0003196258116283329,0.3663197771202383,-0.5712792865701971,0.491779889774589,0.1598112558207433,HAR-RV (OLS)
10946,0.001118784435859016,-0.391554545262123,0.6805635951725736,-0.9575353458569831,0.16749659461763033,HAR-RV (OLS)
10949,-0.00019562418737690157,0.15236766588600908,-1.175293732741817,2.045327541668888,0.27003333164900634,HAR-RV (OLS)
10956,0.002234255551921531,-0.349413594514251,2.0981532192457015,-2.990406758592499,0.20994332304631858,HAR-RV (OLS)
10964,0.001269162125352421,-0.1294726770815047,-0.1763028710802409,0.5369207326374932,0.014279855317097967,HAR-RV (OLS)
10969,0.000867836614752858,-0.016767467822828227,0.09051774934825696,-1.2151552371094718,0.09050866181150186,HAR-RV (OLS)
10985,0.0002663578274536138,0.3555194200595191,1.8140330937658489,-2.935841680103369,0.1868163620533917,HAR-RV (OLS)
10987,0.0009498725943053235,0.0847428527531521,0.9868065051078307,-2.5030188517034477,0.10193912812325157,HAR-RV (OLS)
10994,0.0011957581681217018,0.040990109897934994,1.764296097843314,-2.8828855714846666,0.20930017258203615,HAR-RV (OLS)
11007,0.0014161053059020556,-0.07033848444992973,-3.433741694047077,1.1318826744529513,0.49193033402859143,HAR-RV (OLS)
11035,0.002754423691763458,0.29586298723466786,-0.21549353439584884,-2.168280064690648,0.1355985370324807,HAR-RV (OLS)
11041,0.000351096955727545,-0.7239006469715038,0.5092915884063339,0.7197905947820727,0.5014401507941091,HAR-RV (OLS)
11043,0.007146214846106105,0.5588987289105454,2.9667037499627784,-5.268509090641016,0.5570755488091472,HAR-RV (OLS)
11048,0.0012615721590525084,-0.07408069213890568,1.5892649348877819,-2.0635395085236667,0.06650734078233189,HAR-RV (OLS)
11052,0.0014757531446932166,-0.13483437412517787,1.6055293154594383,-1.9988799248401137,0.07123283040446848,HAR-RV (OLS)
11054,0.0009757047327375838,0.269288405208517,0.24499736672716335,-0.12914469463068617,0.16644848352844877,HAR-RV (OLS)
11056,9.784521714248623e-05,-0.06204226986770348,-1.7753654298080623,2.4285502540928547,0.16003142385545743,HAR-RV (OLS)
11059,-0.0006799917603639011,-0.1613452541249026,-5.809660476249906,10.709787339761904,0.600069059316716,HAR-RV (OLS)
11060,0.002417939439267167,-0.2040563979317427,2.980074712083585,-4.327430022301237,0.37110309501439365,HAR-RV (OLS)
11062,0.005042169671100997,0.6611560213216315,0.5763493079231047,-2.4312781307013167,0.39978817087369356,HAR-RV (OLS)
11070,0.0010313079265165778,0.3412965731876836,-0.2512925566697197,-1.219493476006454,0.15244036668377514,HAR-RV (OLS)
11081,0.0032459977051705583,0.3275116431588284,1.8860632926713092,-3.5029800767113928,0.30195950062837984,HAR-RV (OLS)
11090,0.0012797067691913125,-0.009499499783797551,0.8725312784584751,-1.785452941949064,0.17263782405649997,HAR-RV (OLS)
11096,0.0011809063107885201,-0.2575547889710075,-0.8046469315830402,0.7340247799303876,0.1082971006252419,HAR-RV (OLS)
11111,0.0008040159917003414,-0.058574842797706465,0.8549590403312888,-1.6409416721449035,0.023863830748841464,HAR-RV (OLS)
11113,0.003015225273699499,0.5501601565582895,-0.2928529658156785,-0.27850749721442514,0.2657318852401518,HAR-RV (OLS)
11120,0.0009621378928871007,0.07505338787658147,1.608615954039833,-3.7383432663186453,0.15709598125982327,HAR-RV (OLS)
11121,0.008964594953406863,0.031220190776791595,2.812827954009363,-4.35144197954988,0.5379872518897719,HAR-RV (OLS)
11122,0.0015478269676021741,0.2910617408000527,0.5864973193631096,-1.9471095378899324,0.18026786634502767,HAR-RV (OLS)
11137,0.0005054992011208443,0.3989975056546145,-0.44289122591104363,0.5528898646086823,0.14985605923834577,HAR-RV (OLS)
11143,0.00115300563944646,0.9596509436483447,0.03667327462998138,-3.4893115615387282,0.5932674905232904,HAR-RV (OLS)
11151,0.0005954663263635861,0.4960500877250965,-0.10505806027859757,-0.18047534829838774,0.19232651246291965,HAR-RV (OLS)
11152,0.00030071341697599614,-0.3950836610420718,-0.8015831465591826,1.6477601848010293,0.11294677193436509,HAR-RV (OLS)
11178,0.0007268164389647341,-0.16051515993624318,-0.16016220749519663,0.3889093273700775,0.026775664517979747,HAR-RV (OLS)
11184,0.0013754553670838293,-0.10646964269346808,1.6986526886467135,-2.6012875454397193,0.04076433704331228,HAR-RV (OLS)
11199,0.005278302103817247,-0.21769143716153666,0.4490875083526884,-3.5687267506849984,0.2628286032106879,HAR-RV (OLS)
11227,0.0018311913437571944,0.8466141734318903,1.9891045718773512,-7.451230468320674,0.3988752361067741,HAR-RV (OLS)
11243,0.001668785843670975,0.0863820001588705,0.2503706477469616,-3.342358485456278,0.3550171476616777,HAR-RV (OLS)
11248,0.00033270814228707543,0.1704686314356425,-0.42309906730658636,0.374661143035417,0.029778791832368867,HAR-RV (OLS)
11263,0.0014007153652968575,0.06870676252326618,-2.4064153121819287,1.6194257821600206,0.3067503100041402,HAR-RV (OLS)
11264,0.005447673010957244,0.33898067651709607,2.988453734465175,-6.4323686983467425,0.3813968284254353,HAR-RV (OLS)
11279,0.0009117146627873902,0.2492444894652337,-0.8426951358929249,0.7739164381789854,0.10721416124229743,HAR-RV (OLS)
11296,-0.00037460799227292886,0.23664305983335215,-2.476387927055881,3.3981476289305825,0.375587623008824,HAR-RV (OLS)
11303,0.001310003224639032,0.36781804881574953,0.5031552402933951,-0.8912190175009811,0.12218056261129995,HAR-RV (OLS)
11318,0.0019960191588601585,0.4819075977255316,1.3545221013655009,-5.6409710629552885,0.5940491379239248,HAR-RV (OLS)
11325,0.0018931626960799583,0.5629716665171997,2.3411513684759964,-5.9732857636643555,0.40232631976800215,HAR-RV (OLS)
11327,0.007015012361754232,0.4448836933962116,1.0877356300943608,-3.1834468676587107,0.1884310223711163,HAR-RV (OLS)
11330,0.0010173629753886977,-0.08453508538087089,0.07825189830612489,-1.4818662486645384,0.07906779162425082,HAR-RV (OLS)
11351,0.001276334511419148,0.11118862951898417,-0.6817450738415876,-0.2865051164618852,0.1061684059530913,HAR-RV (OLS)
11363,0.0011504114517126205,-0.049839344312745414,-0.45963493343003925,-0.0953469240787243,0.06435859113865028,HAR-RV (OLS)
11367,0.0013278377114280908,-0.21611104848745977,-1.7580090189501725,1.0205571768592767,0.24174264534338974,HAR-RV (OLS)
11374,0.0012146638243859618,0.5258087810387451,1.9553769327228632,-3.708837811157452,0.35509816839036623,HAR-RV (OLS)
11375,0.005222754782764187,-0.2626947182394458,2.9066771319480815,-4.508585284997281,0.28279440827140534,HAR-RV (OLS)
11389,0.0004443222519262677,-0.6148878651994194,-2.0140278415221036,2.1226981282003456,0.5518588095289718,HAR-RV (OLS)
11393,0.0013665260022812293,-0.10864757779889332,2.167388175478407,-2.8755760362081935,0.09138001028927889,HAR-RV (OLS)
11405,0.00348920376897732,0.4663275176582086,4.765065725285177,-10.297796332229302,0.3952487363522631,HAR-RV (OLS)
11415,0.0006561594040966112,0.17424795800071724,0.8378308478347468,-1.3321673118268966,0.043087887975593375,HAR-RV (OLS)
11419,0.007597483911079196,-0.2629458554768481,2.7045202774722963,-6.632167060521893,0.4221296129466553,HAR-RV (OLS)
11431,0.002412232336462932,0.0731430514095437,3.0105922067370816,-5.97307755492573,0.1645563111787054,HAR-RV (OLS)
11433,0.0027687448372716895,0.33708063605678285,-2.558680741281327,-1.9731300425353793,0.4530655163301335,HAR-RV (OLS)
11440,0.01763410191700251,0.4455882497202714,3.3578510033805093,-10.998908727128146,0.3407085021916153,HAR-RV (OLS)
11449,0.0007147137658625298,0.19414110091898892,-0.22430441728583062,-0.3739662977337671,0.044274548333894326,HAR-RV (OLS)
11453,0.0016327540384517454,-0.11108838200802054,1.19390539093965,-1.2305171083094533,0.13823936840114215,HAR-RV (OLS)
11475,0.0019211506947744573,0.18332031318038738,-3.9336976075326042,2.723930751861654,0.4147659278672641,HAR-RV (OLS)
11481,0.0002663838901632164,-0.1626950424670141,-0.9368977161549006,1.8419116190575922,0.06321406945014574,HAR-RV (OLS)
11487,0.0004392992125894303,0.1496712949759775,0.16028126451660132,-0.8070896997359285,0.0503052191870047,HAR-RV (OLS)
11490,0.000985703660192899,0.522787841577761,-2.1149760270309605,-0.7061351631119942,0.5405183242402245,HAR-RV (OLS)
11497,0.0007033583589756298,0.2012668575848527,-1.6014532310569267,1.4685309297298916,0.15451398571548403,HAR-RV (OLS)
11499,0.0041477243259414025,0.30854899315873985,0.20643318634528907,-1.6765527407559961,0.1317171066242806,HAR-RV (OLS)
11501,-0.005004685065739862,-0.5066527963154455,-4.59832016604242,9.570859063207308,0.44973582987383953,HAR-RV (OLS)
11504,0.0030702091964617466,0.3326889018561262,0.24458520120060456,-1.4756656965368702,0.1547654174665657,HAR-RV (OLS)
11508,0.0025043069814495167,0.24744326031775932,-0.4046660819554754,-0.99408327674293,0.23721015268998402,HAR-RV (OLS)
11511,0.0008117379588905556,-0.18230953309927236,0.8007265205923668,-1.5217065744687344,0.10228661099816105,HAR-RV (OLS)
11541,0.00040477131227427144,-0.12096881772960992,1.7601762069254063,-1.9395691325839337,0.20140744288533796,HAR-RV (OLS)
11559,0.0013803082426565821,0.3091988267236437,0.036267218375357624,-1.7479506869175432,0.15199429483227944,HAR-RV (OLS)
11577,0.0019796944187083863,0.34105260445052693,1.3954186737118368,-3.8215118308276743,0.26150897611244495,HAR-RV (OLS)
11579,0.0009372531419140333,-0.07776360512769506,0.6144123002921742,-1.2679243250243868,0.08939299494165065,HAR-RV (OLS)
11589,0.000704298656957394,0.020388260772363498,2.1293431697500775,-2.7701041109203963,0.13782204036889334,HAR-RV (OLS)
11597,0.0029661859871103567,0.16568534444792882,-2.2591233562095456,-0.3542633350362854,0.5651819108812913,HAR-RV (OLS)
11607,0.0015904407444335754,0.34526854264127155,1.3169307672261752,-4.029204679331459,0.3327166084481338,HAR-RV (OLS)
11639,0.0005173921143359972,0.15682584543735226,0.8609796452093125,-0.36045422641707475,0.14840592954587084,HAR-RV (OLS)
11641,0.0012963260105411233,0.15393931837573774,2.7262324212114866,-4.432764098559622,0.48723443513569475,HAR-RV (OLS)
11642,0.001276574217332648,0.23467197908611923,1.3787962694297424,-3.4279940837446192,0.2565886227691131,HAR-RV (OLS)
11655,0.0010033243348708091,0.4584362201988809,-3.9185927506274028,3.9333567032871155,0.1467574500621277,HAR-RV (OLS)
11682,0.0002185824707706655,0.13050832754278602,-1.8184940426898273,2.5364872952273547,0.19904521620434867,HAR-RV (OLS)
11686,0.010838210863428281,0.2686347294074613,-2.2423021981212012,-0.8969695831581441,0.38650392025853153,HAR-RV (OLS)
11689,0.0002007103982407351,-0.45047694687364037,-3.290503864992885,4.43549446725946,0.41632799805793264,HAR-RV (OLS)
11700,0.0030535808018951763,-0.2759184866792265,0.8486953128373309,-0.664424703226128,0.3363998144571345,HAR-RV (OLS)
11715,0.00033657761626698234,0.0652272596489373,-0.35081533737837767,0.8377718207771202,0.06180475211991798,HAR-RV (OLS)
11718,0.0005004672894216862,-0.0600788528944591,0.022770341297056795,0.301663724591423,0.022225975557937927,HAR-RV (OLS)
11722,0.0016835998928694405,0.30628337677719336,-1.7640636968866008,-0.6839389591582874,0.29862960985287856,HAR-RV (OLS)
11726,0.0009907834871566246,0.581728822978245,-0.14438596601672027,-0.9184346883052137,0.28737644752415004,HAR-RV (OLS)
11729,0.0036947369176175793,0.08743830292625474,0.5645477920325322,-1.9969443141623535,0.1784657059667898,HAR-RV (OLS)
11730,0.002530771610619472,0.052084676828376905,1.6599838453073028,-3.816035046460591,0.07684303223389877,HAR-RV (OLS)
11735,0.0009550706993016621,-0.26671288953252376,-0.7514626404908507,0.2025914190622785,0.18453642715010743,HAR-RV (OLS)
11749,0.0019661522184470782,0.2377114506106774,-1.3769929751230696,0.20395571345420627,0.2333336526993871,HAR-RV (OLS)
11750,0.0009984812409114933,0.2672132446610188,-0.0812244323277107,-1.5638406087855987,0.22457073663592164,HAR-RV (OLS)
11764,-0.0001033202432977873,-0.32134600341533226,-1.9388678785880793,5.106899659074167,0.37044620722512034,HAR-RV (OLS)
11775,0.00015716393150500853,-0.22069015799873576,0.2493267084629649,0.797940862866,0.06063616074886946,HAR-RV (OLS)
11786,0.00035291654193614087,0.20127574104280962,-0.19646689106215537,0.30479800116630634,0.041686322519761565,HAR-RV (OLS)
11792,-0.00014292329699423556,0.6678402023797744,-0.6388071605746158,1.016808646637801,0.43707828844187857,HAR-RV (OLS)
11804,0.001988918065367876,-0.15212834072760456,-1.0107071602208784,0.5051075826686758,0.23197489685765293,HAR-RV (OLS)
11809,0.0007280253482437867,0.7243260548142986,1.4279886942423476,-3.764576065322437,0.5746482121337476,HAR-RV (OLS)
11812,0.0025163163503043977,-0.06196619196202149,2.641290841615127,-4.705560924330253,0.3663323318680324,HAR-RV (OLS)
11844,0.0007576091580773156,0.504383879427074,-0.5862101212657491,-1.7340680524111773,0.3040622354467061,HAR-RV (OLS)
11852,0.00038818560402283184,0.5855093776649741,-2.9470851917392418,3.2846870876624674,0.45812625134708185,HAR-RV (OLS)
11860,0.0015126205176878335,0.16526176930443257,0.39457729989941664,-0.6356913467218159,0.0325325982443565,HAR-RV (OLS)
11864,0.0018622075361307,0.7921471407455332,0.7863248348601564,-3.221406617396635,0.5352243331175952,HAR-RV (OLS)
11868,0.0007049407371530236,0.17337648226827285,-2.395038911549544,2.0154012904257863,0.2343408408795713,HAR-RV (OLS)
11869,0.0012307202683168928,0.4267899744368687,-0.9372268422880528,-0.7623753801930981,0.4189410249924823,HAR-RV (OLS)
11872,0.007765784198073713,0.210194196024286,1.5417500638909614,-4.174532316105676,0.272186703909307,HAR-RV (OLS)
11874,0.002270630116259935,0.3633282039219538,0.2669105938450864,-2.9778276292973733,0.3045087808013933,HAR-RV (OLS)
11876,0.0016436729083556968,-0.21998444241482779,0.2819281393890497,-1.077532760178971,0.13692868908260747,HAR-RV (OLS)
11886,0.000708602570719991,0.08535462921828257,1.7026895623941258,-4.69089485454029,0.21306480261532224,HAR-RV (OLS)
11887,0.0003682977224524496,0.06306699471260842,-2.0769346955431645,2.3959047167429866,0.16543816940577916,HAR-RV (OLS)
11893,0.0042251514348123536,-0.23639411140504957,1.9745629266665676,-3.7235197291116355,0.2516177699997021,HAR-RV (OLS)
11898,0.00187006502405561,-0.27898437365189543,1.7056349881506128,-1.641240969040827,0.23026508931719514,HAR-RV (OLS)
11899,0.001772337465242124,0.06890285672051825,0.04536016734082737,-1.44023332262672,0.0863061591794968,HAR-RV (OLS)
11904,0.0011487765059859257,0.15819048978414163,0.9646459466477922,-3.209405468786372,0.18067779156280772,HAR-RV (OLS)
11914,0.0032718484487781483,0.1280336719921885,-1.6923743777613542,-0.316284430167205,0.3049478351481243,HAR-RV (OLS)
11920,0.0012122199627802855,0.10812007635862858,-1.8806128381927583,0.062480093338642906,0.36331185126111454,HAR-RV (OLS)
11940,-0.0003024302132789854,-0.34329981379325164,-2.4024949359634564,3.8306165502842013,0.21614380840266156,HAR-RV (OLS)
11941,0.0018002024927390023,0.12948163894035655,1.1789465887740043,-2.322537782618063,0.1205333145428551,HAR-RV (OLS)
11952,0.0019919206664861305,-0.14132075720237283,-1.4830369494067266,-1.3630093275927972,0.27174722859331646,HAR-RV (OLS)
11953,0.0003861464226660178,0.3406242719886373,0.7044671906938551,-0.7578220731989196,0.33007922156525904,HAR-RV (OLS)
11959,0.0009772665527221138,-0.13505370699747776,1.3633287445689573,-2.2235579402988783,0.12675506075910947,HAR-RV (OLS)
11962,0.00032024947493230116,0.8391697009333252,-0.24716952632252054,-0.4397210681711932,0.5731074682616943,HAR-RV (OLS)
11981,0.0006140328076017575,0.3083503694141863,0.3184613527865667,-0.9932944843225024,0.11017187880224055,HAR-RV (OLS)
11985,0.0017280715269007273,0.3315442155313402,-0.8355715645383229,-0.41404707041216576,0.2419350413894441,HAR-RV (OLS)
11987,0.002067202965926226,0.1913928598294741,2.1522605903375007,-4.143272471035762,0.4129752184385802,HAR-RV (OLS)
11994,0.00227583495515225,0.10340061055001248,-0.018699983221263594,-0.4443894919695384,0.025293053359859763,HAR-RV (OLS)
11995,0.0013663957865322003,-0.17066482410090536,-0.6697674402304872,1.2332518959320011,0.03888270265641258,HAR-RV (OLS)
12011,0.000321250001894002,0.4869055815571047,-0.893293838746307,0.24301807794896657,0.2519054455552431,HAR-RV (OLS)
12012,0.0012596377627345262,0.14552530146607764,-1.175471031700371,-0.22768799789348138,0.21632846442116183,HAR-RV (OLS)
12021,0.0003536601844209376,0.3429938609652543,-1.23943338702409,0.8442259949648994,0.27814614097817414,HAR-RV (OLS)
12028,0.0018186944927234638,-0.30040158295336045,-2.90185070434566,3.124438753293699,0.23431838622338141,HAR-RV (OLS)
12030,0.0006288992314384596,-0.22717718564525488,2.186054224403329,-2.665592064290161,0.1515315252203494,HAR-RV (OLS)
12061,0.0036110373751247113,0.5500434911003452,1.847713943986825,-5.938862775948688,0.30808283088971944,HAR-RV (OLS)
12065,6.240043846501625e-05,-0.100630147090883,-0.5790968772396637,2.035227675132915,0.34466249560157847,HAR-RV (OLS)
12073,0.0019790988959773473,-0.24449770814528327,-0.13064331838481869,-0.6631687277140168,0.2413199768678218,HAR-RV (OLS)
12079,0.0009009338705834217,0.07903070849564263,-0.06657619796660807,-0.4184753829751755,0.02933570246628947,HAR-RV (OLS)
12102,0.0015962217172707592,0.25371662750099716,-1.1210408160379965,0.08570198109044103,0.09626116561155762,HAR-RV (OLS)
12103,0.0009497710004071984,-0.12369063111954486,-0.5667992777095257,0.46185869328628193,0.05892471116669484,HAR-RV (OLS)
12111,0.0017024005446823296,-0.0039184167245445,0.7652078493903818,-4.41120614771455,0.22904791544712655,HAR-RV (OLS)
12114,0.005523436091550905,0.1565669760485144,-1.113469530300174,-1.1663584993005813,0.2011848239633358,HAR-RV (OLS)
12115,0.0006130597477250147,-0.043248773303003946,-0.9987668037006432,1.3303716433272963,0.02511693717923924,HAR-RV (OLS)
12131,0.000584577912036013,-0.14038269172771858,-2.611970890943866,2.8944794831227907,0.15824946188767153,HAR-RV (OLS)
12135,0.001207778446465165,0.34104237682182115,-0.27203837265095787,-3.161393362105957,0.2508811360527168,HAR-RV (OLS)
12139,0.0048409326689811405,0.8158388603261436,2.5271007415528843,-6.036366864127771,0.7178815870755778,HAR-RV (OLS)
12141,0.0016770665483092936,0.10687340277557111,1.103866934003,-1.2876910485860606,0.07694423088627178,HAR-RV (OLS)
12147,0.005048526563783314,0.15375992176555797,-0.7040892428103618,-1.4915785870720875,0.15301703733843952,HAR-RV (OLS)
12151,0.0010251839950665281,-0.2423278817145242,-0.3276540229625826,-0.7012934743293475,0.18872519090331563,HAR-RV (OLS)
12163,0.001924939439386238,0.09298610845910137,-0.5138448640976914,0.07070915982765408,0.03221530850817178,HAR-RV (OLS)
12166,0.0014107300645718772,0.4707271333944694,-0.03812196017907199,-1.603852169106027,0.23323715104819742,HAR-RV (OLS)
12176,0.0020154556832981995,0.2005198103443372,1.7789013291841667,-3.8959805540369232,0.11253978114961583,HAR-RV (OLS)
12178,0.00203525688008743,-0.4256577255544392,0.7815901284942967,-2.120777436217387,0.28344729818315595,HAR-RV (OLS)
12182,0.0006731100952249796,-0.27818428662778993,0.35984057240933254,0.0397363902743848,0.05187037561091978,HAR-RV (OLS)
12206,0.0007728022407686524,0.050950518830833305,1.5288547696699513,-2.4844532130913417,0.23564810413164694,HAR-RV (OLS)
12222,0.00093821442446125,0.29865556703545015,0.769291838120087,-1.512944123854188,0.28318932131658736,HAR-RV (OLS)
12225,0.0018022594045968101,0.23264651337449957,0.1491301082819514,-2.566711931917134,0.22443702546065458,HAR-RV (OLS)
12229,0.0009395868694027698,-0.05187085412436132,-0.1496336217217722,0.67991802805981,0.07322367342459024,HAR-RV (OLS)
12234,0.001817287298239989,0.08968173096083017,-1.5018796449986027,-1.3755109057905557,0.4000068903391163,HAR-RV (OLS)
12247,0.007949443438853074,0.3640175566838892,1.610976685909097,-4.93906234689332,0.4197468275537758,HAR-RV (OLS)
12250,0.0003525762366997502,0.3011886386421951,0.8187230740413277,-1.366561538400951,0.20649108277654915,HAR-RV (OLS)
12254,0.002160204158067444,0.23922861290627082,0.24640164311290746,-2.709584538140197,0.12399395101362154,HAR-RV (OLS)
12266,0.0018392411615165247,-0.2557608526730147,0.6384058340417759,-1.2405647056602835,0.11809177729191622,HAR-RV (OLS)
12279,0.0011122263678245417,0.4250130810684704,-0.733213156416898,-1.065361661574673,0.28106369357957395,HAR-RV (OLS)
12287,0.00630714787103971,0.2050494493942673,2.0084902074533098,-4.283102777012822,0.17551487745848227,HAR-RV (OLS)
12291,0.00490053861214942,0.35008120026140305,-3.343604669955797,-0.48226473586276697,0.30330000497448717,HAR-RV (OLS)
12299,0.0015151274329796636,0.2520673987945382,0.8740204228164902,-3.3182585104412525,0.22989692956016272,HAR-RV (OLS)
12309,0.004538705896039167,0.02591259908774909,1.6437945609052254,-4.65501807598439,0.55285130110641,HAR-RV (OLS)
12322,0.0007653260460620032,-0.05960373041235585,2.388821103271906,-3.39110528193018,0.10689646040603873,HAR-RV (OLS)
12324,0.005531070250223379,-0.12191773062826508,0.6682681525077594,-1.2840909939176115,0.028767678544573183,HAR-RV (OLS)
12347,0.0032291386520602507,0.5317692282037162,0.7087859937469679,-3.479306109070548,0.3651829257181224,HAR-RV (OLS)
12348,0.0007047302508966762,0.1286006597006745,2.613526564304615,-3.7782005025387693,0.16001187311205844,HAR-RV (OLS)
12352,0.0007816422510745947,0.20953772516565483,-0.40731919681800277,-0.3550357651167095,0.11291343359380401,HAR-RV (OLS)
12358,0.0020431888513032593,0.6194559894337934,1.1154828481471517,-2.2254471025490132,0.2556136821142896,HAR-RV (OLS)
12395,0.0004404774152446699,-0.18064836405356274,-0.08208378320461396,-0.9366910198306014,0.08909141953387545,HAR-RV (OLS)
12399,0.0008697063540556007,0.16821927591783215,1.8905583606581104,-2.5309484195803504,0.19177838881875342,HAR-RV (OLS)
12408,0.0033614836384967236,-0.3131423798844563,2.38976322778759,-3.427489861906161,0.21487738451964322,HAR-RV (OLS)
12411,0.0023923296063417623,0.1559207728301989,0.5967290872919782,-3.7158925853500895,0.1288171948586484,HAR-RV (OLS)
12419,0.0014148283926875228,-0.0041407263523863275,0.40815906577371264,-0.8949973157917962,0.014257027209799822,HAR-RV (OLS)
12420,0.003355802815133308,0.6996066570893408,-0.598875305098979,-0.23552985302571566,0.4159434737496588,HAR-RV (OLS)
12423,0.0026016154811355405,0.14743134670633037,2.093752503766131,-3.5482425875406127,0.40425502941249036,HAR-RV (OLS)
12428,-0.0016707115701407103,-0.2053396239417681,-0.6080462784624152,3.1804552013224625,0.16617895986778275,HAR-RV (OLS)
12436,0.0033860189171293726,0.5014110273116504,1.972445589462507,-4.2925199921865165,0.3413579336436783,HAR-RV (OLS)
12437,0.0009348511796693661,-0.3410682672011791,-0.35831965871720073,0.3576446089795694,0.14176545711258903,HAR-RV (OLS)
12444,0.001924813095387442,0.2445718386583897,2.024233412169819,-3.583046514697686,0.44250807531771374,HAR-RV (OLS)
12465,0.003548196082098438,0.6932161105515335,0.18697289101285675,-2.8928856446346582,0.45987290079742116,HAR-RV (OLS)
12481,0.001596815912633173,0.34724357559971664,-1.458980003438861,-1.1928962554405385,0.26784273569680184,HAR-RV (OLS)
12486,0.000534708214305895,0.10906391642590235,-0.20021606577037288,-0.33390764371185694,0.05220613552149811,HAR-RV (OLS)
12494,0.001692853285913778,-0.056057932056001354,2.209589859343138,-2.670028291107514,0.18161701638540872,HAR-RV (OLS)
12498,0.004533041094408934,-0.30290577342377084,-1.5310425372854302,0.6813663990517821,0.2654800928417136,HAR-RV (OLS)
12521,0.0015940744026098266,0.2118258541917361,0.5655515857878398,-1.484108503081232,0.11717042553542367,HAR-RV (OLS)
12523,0.0007731475363228276,0.7511062861389476,-1.1263979084570133,-0.4805384886255445,0.4514331186064182,HAR-RV (OLS)
12531,0.0024589855008746654,-0.2756402678881168,1.14164364088218,-2.7605852169772658,0.14634764833470748,HAR-RV (OLS)
12532,-0.00019495118805940297,-0.4570927567699661,-1.9387750563503734,3.3148008431841265,0.33355189732012835,HAR-RV (OLS)
12533,0.0006579515116132056,0.601438979153685,-0.3471164798585187,-0.24750103571455045,0.2636876577529349,HAR-RV (OLS)
12535,0.001121519429125339,0.36191503436080197,-0.3075322412268666,-0.8630856677314912,0.11098969730559982,HAR-RV (OLS)
12537,0.0005141975362040889,0.20643185182896193,-0.1988350358864186,0.13635411581320034,0.03616015553576657,HAR-RV (OLS)
12542,0.0008019053750670671,0.7090110466894599,0.3228505350991311,-1.5841600087989844,0.3951524607735579,HAR-RV (OLS)
12546,0.0008371653766899216,-0.05987861047560847,1.624666894170129,-1.997740286031793,0.09547262511969667,HAR-RV (OLS)
12552,0.0006715577038077806,0.1890156243817093,0.004714833024763887,-0.715468746912305,0.06929976651793701,HAR-RV (OLS)
12559,0.0030176818356780575,-0.21482641244199066,3.444547625803417,-5.84107257808611,0.43864895702236373,HAR-RV (OLS)
12577,0.0012848580856925473,0.610638124996928,0.3254380867050808,-3.777056648946711,0.5152173536530678,HAR-RV (OLS)
12579,0.0004840612598918339,-0.20175297109334972,-0.5246013106217187,0.9469931141776091,0.05150307170892798,HAR-RV (OLS)
12581,0.000688462966388623,-0.09837937629162458,1.5979756866742454,-2.090192767111124,0.0963956285450005,HAR-RV (OLS)
12583,0.0014319722187338116,0.3158380042974518,-0.30163602349575247,-0.8486443273829707,0.12487826767935295,HAR-RV (OLS)
12584,-0.00018632221761828369,0.09580818399121134,0.3953960637635102,0.46994980871596304,0.3944264215911565,HAR-RV (OLS)
12585,0.00201688548927856,0.6288987549602183,0.7919283022787821,-3.810146992179846,0.3784583211466005,HAR-RV (OLS)
12588,0.001060309119335288,-0.1349006935013766,0.15098173329331147,-0.6036031800914013,0.04854996935467215,HAR-RV (OLS)
12611,0.0004373823632569982,0.13256834646541474,1.0878631009476458,-2.146801104599397,0.15831370980125692,HAR-RV (OLS)
12633,0.0027755016269054304,0.22495563377021693,0.8258426650298181,-3.644143801156555,0.2578236764851807,HAR-RV (OLS)
12661,0.004875606998483895,0.0011965658641197579,2.220123751082899,-3.2020864475557493,0.26112700213814954,HAR-RV (OLS)
12666,0.001316710592336862,0.3814575397131303,-1.5552190009835916,-0.10872112525902766,0.24824420736274277,HAR-RV (OLS)
12669,0.006053723229236056,0.27747436711432266,2.4350427657994937,-4.148244935708868,0.4385713681824359,HAR-RV (OLS)
12676,0.0006844137548965676,0.3541296895728625,-0.9837531770806226,0.4930602735244968,0.16710364227722763,HAR-RV (OLS)
12691,0.0002793637364881072,0.4545595638607532,-1.195669701850247,1.6562457683235041,0.2266532676400057,HAR-RV (OLS)
12694,-0.0002626490803992762,0.32031108074785747,-1.8169208619378963,2.3728515311619773,0.4218556292718887,HAR-RV (OLS)
12703,0.001364016580237454,0.6330681914449093,0.345437613000332,-1.8324197375581786,0.43156208748582814,HAR-RV (OLS)
12704,0.0004096578672698564,-0.24500464544787465,-0.3760209106105383,0.9425863742648578,0.09618940319393299,HAR-RV (OLS)
12713,0.001463024290036265,0.4782407770997079,-0.9353866681910148,-0.46149987596723924,0.5132141331484992,HAR-RV (OLS)
12717,0.004558840589617369,0.1133552722047706,2.1633090735311566,-3.337442434690004,0.16709477914840432,HAR-RV (OLS)
12718,0.0024150499358409116,0.041165835015216506,-2.7896782569467433,2.5680009161242814,0.27416302790332747,HAR-RV (OLS)
12726,0.002270718386409928,0.457492510984947,2.523058105787548,-4.987052682496872,0.4039654460885608,HAR-RV (OLS)
12728,0.00150124798396543,0.08900914594095907,0.9462672427290802,-1.8028562395654455,0.1582319330919948,HAR-RV (OLS)
12730,0.002509031033850047,0.48151323267362206,-0.040346579866700316,-1.3570827063801185,0.25775111525893724,HAR-RV (OLS)
12751,0.008701679742541065,0.8821166696179301,-0.589816817493606,-6.7551010496548525,0.6518539298688328,HAR-RV (OLS)
12758,0.0013978872840214468,0.2505449503829483,1.1729817256997292,-1.5598166257552317,0.07402525490763112,HAR-RV (OLS)
12760,0.0012018676896935875,0.017402559181322132,0.011678834144810468,-0.8473981766169364,0.05268220007185109,HAR-RV (OLS)
12780,0.002300925279432197,-0.25583138514257175,0.5610866931547905,-0.9963824582660599,0.0522459891318503,HAR-RV (OLS)
12782,0.0013959477607044025,-0.03381928919734387,0.3396074001427286,-1.0448264918848698,0.14054154833254862,HAR-RV (OLS)
12794,0.0009360885888811991,-0.11387892365141127,0.2979958324499726,-0.29025663090417686,0.016441691676159054,HAR-RV (OLS)
12797,0.002374773877596934,0.4303553916118885,0.9971224484339476,-1.3462920327603236,0.3139895610281229,HAR-RV (OLS)
12822,0.0032454259562502406,0.37590444623551744,-0.6121287896923246,-1.6390556993063012,0.2850485911166395,HAR-RV (OLS)
12834,0.00036848989489289075,-0.1877902565667974,-1.9189414652244676,2.7779421484862077,0.13325010641050883,HAR-RV (OLS)
12839,0.0017567532109475578,0.14186533773742768,-1.2894116875099142,-0.24213738303488253,0.1456727967924124,HAR-RV (OLS)
12840,0.0015838409712188688,0.07628544287165123,0.8361983884155576,-0.7834248038196653,0.10313028469796981,HAR-RV (OLS)
12852,0.001503325845118756,0.2618588277606611,0.5400971878298585,-1.7878821019408329,0.11343795440941251,HAR-RV (OLS)
12859,0.00196175297748267,-0.4719655576361563,0.7066206912363131,-2.3346041863218816,0.4483712101580166,HAR-RV (OLS)
12878,0.0028423544491367986,0.5670562276044858,0.0735112463738975,-1.5264570943170628,0.2912789596916908,HAR-RV (OLS)
12904,0.001366748958417201,0.6892297354034566,1.5905367513657278,-4.432457321468661,0.27487469590827185,HAR-RV (OLS)
12905,0.0027289595042350474,0.2892426685677852,-0.41861848134069213,-1.600003498752586,0.39119830241094156,HAR-RV (OLS)
12920,0.000659005180002949,0.20176207326214393,-0.7524798566924437,0.5883995038641234,0.05374905838131938,HAR-RV (OLS)
12923,0.0010320062653012504,0.06399032052227177,-0.16604801038873843,0.09083873732508153,0.005511413178149516,HAR-RV (OLS)
12930,0.003501258264616689,-0.07187462919875243,1.7268066549912895,-3.2297522211482823,0.21837619626531746,HAR-RV (OLS)
12935,0.003080119948893713,0.46265033488912694,-0.5344467272867515,-1.5117685810134325,0.3602938245561135,HAR-RV (OLS)
12945,0.0038026759771283046,-0.10857839582957463,2.0484700211753806,-4.132899504702372,0.12660353933380175,HAR-RV (OLS)
12949,0.003198007019759222,0.38723022884622293,1.1856460814005858,-4.717567641882121,0.1390141406489327,HAR-RV (OLS)
12957,0.0014774031653893235,0.4121457015095523,0.23764495280204573,-1.7175034399373008,0.19672096635209269,HAR-RV (OLS)
12963,0.001859132261573075,-0.2836812073581389,-0.17172750196991576,0.37708055340073465,0.07855412620755431,HAR-RV (OLS)
12964,0.0007195207160718166,0.3209201349563669,0.5770272596141244,-1.4883371872032276,0.06817499248126724,HAR-RV (OLS)
12965,0.0004278619618223927,0.3220132874812724,-0.7812646532014019,-0.3360956196154719,0.13331443796260756,HAR-RV (OLS)
12981,0.0070019308577431855,0.1658373496008001,2.9314441428812517,-4.020155019864733,0.4811103811017954,HAR-RV (OLS)
12987,0.0058653359901637,0.4259788092704982,-0.4475968496883824,-1.970332908573611,0.16743296506455585,HAR-RV (OLS)
12991,-9.889457565777165e-06,0.06944127559537049,-3.1794198313176714,4.800560342235888,0.28297832645268184,HAR-RV (OLS)
12996,0.0013305947339236723,-0.21653456201675791,-2.615828791874595,2.253441452430317,0.3225222018818442,HAR-RV (OLS)
12998,0.0017366235207727167,-0.43873235262119475,1.7000525751679685,-0.8953088114458309,0.24202055319638838,HAR-RV (OLS)
13010,0.0019046848517136712,-0.027429082560931035,-2.5638684590576672,-0.1469460797506632,0.30914516574549533,HAR-RV (OLS)
13018,0.005642531084906309,0.39114842128771127,-0.12329935247044,-2.798698499023324,0.3841518341516481,HAR-RV (OLS)
13019,0.0017809243742834499,0.07812629365266834,-0.40368178882919326,-0.7171341385157387,0.13194240449969707,HAR-RV (OLS)
13028,0.002216200803223913,0.18275413755438302,1.3271922458737566,-2.1983934807463115,0.2322841217357947,HAR-RV (OLS)
13039,0.003467022247474154,-0.5474161368401589,6.108145025869105,-7.163531301627113,0.5289930388204765,HAR-RV (OLS)
13044,0.0001578778086781318,-0.2278387612314948,-6.905515038711287,7.913137207814019,0.43848299931203216,HAR-RV (OLS)
13071,0.0003483462199699197,0.11020319261921406,-0.3076604644703505,1.3252925660566732,0.20064605238430322,HAR-RV (OLS)
13096,0.0007249203812443494,-0.006240974064193752,0.2540020160183353,-0.08271000991020766,0.009598685344318958,HAR-RV (OLS)
13097,0.0007961201027340995,-0.22665006647319716,1.7205353691951661,-1.502107780691289,0.12288069478726094,HAR-RV (OLS)
13102,0.0002714132586817601,0.21220871262476046,-2.1155739273564462,2.490338003046024,0.19359547760996376,HAR-RV (OLS)
13124,0.004511224603460769,0.6263407619258281,1.7688841670914504,-4.07309664684742,0.48982159362178757,HAR-RV (OLS)
13140,0.0016642113757857676,-0.3838966871284593,5.375170282468191,-5.919685856140834,0.49497128725846684,HAR-RV (OLS)
13148,0.004612428801112589,0.20738775396291603,2.9840587448444924,-6.173931434359258,0.4028463071743129,HAR-RV (OLS)
13150,0.001659788905492497,-0.3561298188968194,0.7018585163049971,-1.472883828117877,0.2040014894528881,HAR-RV (OLS)
13159,0.0040462880283061355,0.4583502250562563,0.8653594841443304,-3.8046114374297075,0.31889569294927134,HAR-RV (OLS)
13160,4.373477830349427e-05,-0.5255316598773306,-0.616090305625306,1.7986001733450616,0.25043650786539273,HAR-RV (OLS)
13163,0.0012488697796105845,0.3256424802170556,0.48762652003243845,-1.2840734994712384,0.12479601343185298,HAR-RV (OLS)
13180,0.004500188029991935,-0.08900226487694493,1.0488376641543535,-1.4330845578376148,0.05209417729755483,HAR-RV (OLS)
13187,0.008081436202304833,0.15306365394189836,-0.9487790013666393,-2.4002971564131377,0.27269209284439677,HAR-RV (OLS)
13196,0.004081075944076774,-0.17907320828655915,-0.6265327917576838,-0.36576624168616245,0.22914206262079317,HAR-RV (OLS)
13207,0.0018403496767060682,0.03530448917365415,2.6418273429561845,-3.200938819418734,0.38185170058436746,HAR-RV (OLS)
13217,0.001016563169913908,0.1739649331801704,-0.21689397772246366,-2.4987420720747124,0.2394371216574318,HAR-RV (OLS)
13235,0.001008912354893858,0.5750957605180677,-1.4675798097981503,0.2436413327344079,0.30164688060529077,HAR-RV (OLS)
13240,-0.0002852838897297711,-0.43139456217729993,-1.2002134345557876,3.1267838048453376,0.33366453227439963,HAR-RV (OLS)
13241,0.0030597979638208287,-0.2369023418664787,-0.7216549985408002,0.7827420684015324,0.0878118855053035,HAR-RV (OLS)
13269,0.0045266945766577055,-0.2432851348296824,-0.1560608021176081,-0.660419155186189,0.23638864403771087,HAR-RV (OLS)
13276,0.0006149781784493805,-0.1420971009222103,0.8825705130185381,-1.3219999587722306,0.03672952612219593,HAR-RV (OLS)
13279,0.00171503015909717,-0.1781684050630011,0.38121053478758826,-1.3050634388434776,0.2831832840757542,HAR-RV (OLS)
13294,0.001484830368004902,0.03783344696055834,0.43564127920660345,-1.3941118179140832,0.0589808213614097,HAR-RV (OLS)
13302,0.0017828561545174552,-0.05331405333219389,1.5647239420290298,-1.5450520977514763,0.1481224151491244,HAR-RV (OLS)
13305,0.005715120768291332,0.3068935656845732,0.09219998762027881,-3.4065855137130145,0.27985045034355593,HAR-RV (OLS)
13316,0.004922093252166769,0.2946408582279442,-0.11950263522686977,-2.4938454686312244,0.2398167386424478,HAR-RV (OLS)
13318,0.0026029294389152257,0.28551985099698785,-0.06820386046948124,-1.2860741264525455,0.06516780813567158,HAR-RV (OLS)
13321,0.0006889606443686405,-0.04669692693134075,0.5367875032141739,-1.0235519472045753,0.047286317841518266,HAR-RV (OLS)
13324,0.000757762536597785,0.2666630178263784,0.6218922203048727,-0.9475906870583878,0.06693446763857902,HAR-RV (OLS)
13328,0.0013029967418542393,0.3085051229331336,2.8180533307112547,-3.986466535298368,0.24161759360131785,HAR-RV (OLS)
13350,0.0003237126686677259,0.028521486705368318,0.08046387529493065,0.7548834030881246,0.21306703925664927,HAR-RV (OLS)
13354,0.0018064112364225985,0.40841203773483903,0.27259710356160083,-3.300437325409636,0.46754816300455204,HAR-RV (OLS)
13362,0.0020434627640468755,0.026861121981371944,3.2791282773429096,-6.547755269764601,0.2025374471217316,HAR-RV (OLS)
13368,0.001791709578855711,0.023707605104923157,-0.06145215817597427,-1.2709102986655914,0.13419978296057566,HAR-RV (OLS)
13377,0.003919354786336383,0.21218790926454925,1.7057033994990598,-6.113812466756523,0.3047384014601199,HAR-RV (OLS)
13382,0.0017417791919769683,0.3678228700687045,0.30562756563564897,-1.851978650986148,0.20568456950123948,HAR-RV (OLS)
13393,0.0008805719647006863,-0.2634625674425783,1.3939454252354078,-1.0575545484217659,0.1634099883500424,HAR-RV (OLS)
13394,0.0023969888106891647,0.5921408535042243,3.645488734355857,-7.523015672725526,0.2445566413887269,HAR-RV (OLS)
13398,0.0006660010618513613,0.16532676565084772,0.07929769156284476,-0.07647059949147168,0.03238306656633827,HAR-RV (OLS)
13410,0.0005366251090937271,-0.9600502685049979,0.906832794718793,-0.44402768709680174,0.24539743987997142,HAR-RV (OLS)
13417,0.0016937612474311086,-0.1810516716285449,-0.38061863733490553,0.3443588395839542,0.05643638418801222,HAR-RV (OLS)
13421,0.0002764171860535185,0.44535167105624407,-1.7211253026157214,1.5629053195802913,0.3684201012124013,HAR-RV (OLS)
13425,0.0015990422953566915,0.3946469124021157,-2.350232194449706,1.367768253699787,0.33060260014207343,HAR-RV (OLS)
13432,0.0016461036975236704,-0.04231990423069041,-2.752467383496981,0.9991047962840092,0.280343238336932,HAR-RV (OLS)
13436,0.0023501106207949453,0.2966188643714578,-1.9556441696693163,0.8267812607991998,0.40761064517286794,HAR-RV (OLS)
13451,0.0004460040318938025,0.11032927491474483,0.13329357552724821,-0.07618640311906782,0.011411827925287055,HAR-RV (OLS)
13452,0.001182720824963571,0.04170850664362805,-0.30338242209517213,0.481221343096955,0.008756958227365663,HAR-RV (OLS)
13473,0.0007926747601563462,0.43220743988329824,0.8694674164076702,-2.817790542249751,0.17874422669945844,HAR-RV (OLS)
13480,0.0018056998258390907,0.10730331858540575,-0.0364555347177703,-0.7965967495694644,0.06003863363888007,HAR-RV (OLS)
13484,0.0008305697452581836,0.14762972561300172,1.232198071616123,-1.7995786952194124,0.056764546836649665,HAR-RV (OLS)
13488,0.0012401704539479698,-0.34139482879953365,1.58681222698605,-1.5899471437000001,0.13149003385175462,HAR-RV (OLS)
13491,0.0003567917656811737,0.2791625360047162,-0.49892079141897383,-0.15725999698447632,0.09321543692439638,HAR-RV (OLS)
13495,0.0017660058090558193,0.3289814094055448,2.293735326701089,-3.5306675704653583,0.5863706766191841,HAR-RV (OLS)
13500,0.0021531671599086264,0.8734802311195906,0.5330799116142981,-2.9239043098398994,0.6209306739871997,HAR-RV (OLS)
13501,0.002658729458789164,-0.06936396508026989,1.8436603394145772,-2.8415354333387737,0.229559454660205,HAR-RV (OLS)
13503,0.0016002976171165888,0.32561268302091056,-1.06943340949978,0.7907218191332707,0.14041043062467917,HAR-RV (OLS)
13513,0.000979741730892871,-0.26282686973638214,1.9137685837369625,-2.2170342479831953,0.14255190426124387,HAR-RV (OLS)
13514,0.002528211786814355,-0.011300876438525283,2.5476549432387423,-3.9262070433407468,0.2325820197238223,HAR-RV (OLS)
13523,0.002247483128788522,0.557237339263822,0.3001366107777037,-1.3877144378140216,0.3184526225108434,HAR-RV (OLS)
13529,0.01282094768081986,0.6873314298889045,3.9241324774013484,-11.970500205503626,0.6804448685192086,HAR-RV (OLS)
13531,0.0005644671777405376,-0.050589548476970905,-0.3241821772644563,0.1607921751188988,0.019937019679860835,HAR-RV (OLS)
13533,0.0003771995253225689,-0.3522468459561779,-0.8321123190671351,1.366596237552334,0.15545090542511986,HAR-RV (OLS)
13552,-0.0003022959231748139,-0.4721876603042963,-1.398890963603479,2.8331604468612475,0.281989735475763,HAR-RV (OLS)
13560,0.0017080833161251209,0.40101452382496217,1.6365226460197089,-2.832759583876027,0.27386011804050137,HAR-RV (OLS)
13567,0.0006444492563790681,-0.25727756606625524,0.19135839253345074,-0.1948877701236511,0.06632839540644786,HAR-RV (OLS)
13579,0.00110309628637567,0.2565891813483457,-0.17367484292503177,-0.6484004088144357,0.11485288454179976,HAR-RV (OLS)
13586,0.001359081708045086,0.4657588179530185,-1.144665200693836,-2.4506982718131045,0.38952910369315574,HAR-RV (OLS)
13594,-7.712689708079469e-05,-0.16377499451342267,-1.3772929138999632,2.3751721209122416,0.08594133424668227,HAR-RV (OLS)
13595,0.0011831141364957013,-0.07501606977340608,-2.508084508469319,2.235224050131954,0.2510201037438735,HAR-RV (OLS)
13598,0.0006227176080085268,-0.2588190421810026,-0.553632199892397,0.1867806515987145,0.22246714770855713,HAR-RV (OLS)
13599,0.0014023982171404684,-0.03930008679012205,1.8179936588782248,-2.552914318318711,0.09243991090927761,HAR-RV (OLS)
13602,0.003038195192227375,0.4773713812906684,0.038237120720426176,-3.929600986611499,0.43709903424183705,HAR-RV (OLS)
13614,0.001192394623166583,0.49124511667754184,-0.06657335513547907,-0.6324538826069699,0.19752715321948533,HAR-RV (OLS)
13626,0.001854916896565331,0.17463390693326133,0.6979568640433335,-2.4497420603714986,0.1548175731902719,HAR-RV (OLS)
13627,-6.242050623171929e-05,0.06183785622447942,-0.20603943700129498,1.0687745097673136,0.12283954983358558,HAR-RV (OLS)
13643,0.0010126634159357817,-0.16643926642261203,0.4831886596162842,-0.655879963432389,0.038429665433945326,HAR-RV (OLS)
13646,-0.000327460380124189,-0.27924675892039275,-1.7057611583427734,3.99366968221953,0.3390817826725827,HAR-RV (OLS)
13650,-0.0017318549608039613,-0.12846785170278965,-1.8577348308582962,4.444033889628439,0.05774189579999456,HAR-RV (OLS)
13655,0.0009071267294572362,0.4893882997851979,-2.8603369886290753,1.6452435823038711,0.5087682724103955,HAR-RV (OLS)
13662,0.0006007729286764986,0.06541164107564106,1.5744946347555255,-1.8560017013671186,0.04355382131579599,HAR-RV (OLS)
13663,0.0004801160759461683,-0.1865091515318341,-0.25879847241848924,0.5198548161807685,0.025845655230926967,HAR-RV (OLS)
13673,0.001462580853703026,-0.5387260012051623,-0.3661586056791042,0.481545969676317,0.29663184772914,HAR-RV (OLS)
13678,0.0022393956144322437,-0.01969531358426977,1.3738053592251884,-2.323246405485447,0.0545718181753827,HAR-RV (OLS)
13699,0.0016792435767977387,0.5736251915993493,0.7412860331257292,-2.715687302478025,0.278478375926944,HAR-RV (OLS)
13707,0.0011531330288173636,-0.6943120905762477,2.9139572255082546,-3.5263127877032234,0.38301716771732064,HAR-RV (OLS)
13710,0.0009362581344074419,-0.2915669269789988,1.7752857095188783,-1.6649080393266105,0.166503046285568,HAR-RV (OLS)
13720,0.0007035063180839369,0.24499042540715302,-0.7670414536979018,0.6517653219383096,0.07089579965024251,HAR-RV (OLS)
13729,0.001472726460328334,0.49851337715073823,0.056723195277294636,-2.4517521487698533,0.21939845957314386,HAR-RV (OLS)
13735,0.006193633309765958,-0.012999219232653469,0.7297910874400899,-0.6734453603966727,0.02742979891715025,HAR-RV (OLS)
13737,0.0004827610298438858,0.218494261193989,0.31823321733812493,-0.19867456716215745,0.10416158661924435,HAR-RV (OLS)
13745,-6.911161479868446e-05,-0.24619709791636468,-0.5115709068873739,1.612277074753059,0.11610812679604732,HAR-RV (OLS)
13762,0.0019888662279775237,-0.032716358367915456,1.7312586625635107,-6.137094853729976,0.2900584421283209,HAR-RV (OLS)
13763,0.0007266973936732942,0.018923756619680567,-0.8999212901617388,1.2290997174529845,0.024535906382259554,HAR-RV (OLS)
13771,0.001508975652733412,-0.09580672946485393,2.7000335118475247,-4.115384515959344,0.32222794423288337,HAR-RV (OLS)
13775,0.002014306184350287,-0.07945652232285012,-1.6931999864241338,1.376033389470051,0.16310493164885465,HAR-RV (OLS)
13791,0.0019686935698438623,0.13890559095222965,0.8443159016890704,-2.1939164339446333,0.1631391947406169,HAR-RV (OLS)
13792,0.0008524926763160523,0.868609696780123,-0.35926047878993816,-0.6746473518258693,0.6523374982548052,HAR-RV (OLS)
13798,0.0021386286789970735,0.39417360822663217,2.5706235283013004,-5.650218150059708,0.3327585663888717,HAR-RV (OLS)
13821,0.0005046091326015264,0.12329076758901056,-0.9911649260404075,1.442570047259855,0.07557064158589899,HAR-RV (OLS)
13822,0.0006711441595081936,-0.1316366784681809,0.9931662744661405,-0.9406672978062562,0.046598941080691514,HAR-RV (OLS)
13838,0.0031388895701981666,0.4124150667044748,1.5375916494213333,-3.257092927240142,0.44746707549098286,HAR-RV (OLS)
13851,0.0019690537521491473,0.14138035375278377,-0.6032867433436737,0.6898243652864361,0.04581433651617817,HAR-RV (OLS)
13857,0.0010293381919789638,-0.10910703827107784,-1.5501162580589978,1.113197992806068,0.12360370952750865,HAR-RV (OLS)
13861,0.0020567696041911745,-0.1389213366486771,0.7341422264659423,-4.086248959123532,0.2503653521520698,HAR-RV (OLS)
13868,0.0003896209206982577,0.64269982549205,-0.8929346944053584,0.796272950046369,0.3948851403679833,HAR-RV (OLS)
13872,0.0013723307939605195,0.06876436164260473,1.3090476664373853,-2.653158311859811,0.2113416003255839,HAR-RV (OLS)
13880,0.00018777662826870487,-0.1185500173781242,-2.312431058003734,2.4740668519414672,0.24829500307285435,HAR-RV (OLS)
13891,0.0017357942194949644,0.31031019394964837,1.7129477882888586,-3.276871874179136,0.31489813998860106,HAR-RV (OLS)
13900,0.0018647096225153864,0.1711713496322514,2.336150461513015,-3.7630103922587375,0.19964475758056932,HAR-RV (OLS)
13912,0.0009242994282159691,-0.06349243598335853,-2.737745531202319,1.9464730794141885,0.28163512919352185,HAR-RV (OLS)
13920,0.0043402514555191595,-0.2365370369292968,0.8338454516529207,-2.8067261323558435,0.23243272665680625,HAR-RV (OLS)
13928,0.0014253862058878908,-0.0542883399730723,0.21957458356345327,-1.541502980106796,0.11081336936741126,HAR-RV (OLS)
13936,0.0008259395801865646,0.4748879189308991,0.24843068583021613,-0.7408681414580491,0.28435177939894907,HAR-RV (OLS)
13941,0.0015215036249992477,-0.3555517680728889,4.610469446641364,-5.167949230544986,0.44267540624782187,HAR-RV (OLS)
13948,0.003217182848681805,0.26854240376017596,0.9330544105174268,-1.5203537046822502,0.16913690500021739,HAR-RV (OLS)
13949,0.0019752519258170054,-0.13290417180376546,-0.5408816532719771,-0.950972445394801,0.169346990409042,HAR-RV (OLS)
13960,0.0007485942303344109,0.25960598839033333,0.5728397720988949,-1.5712087326950406,0.1421452246860776,HAR-RV (OLS)
13968,0.0011777632173883765,0.34493114409146874,-0.06510597572140131,-1.1961641188803678,0.15462218671330452,HAR-RV (OLS)
13971,0.0009812052165713552,-0.20731514982537794,-0.608336662077625,-0.019315469956752818,0.139765277692115,HAR-RV (OLS)
13980,0.0020852335394002043,-0.19564757523544274,-2.2288075660093276,-0.6893620472749092,0.41869647008625266,HAR-RV (OLS)
13983,0.0049316183845148735,0.026359240299206752,0.5250010027965717,-4.356854334512975,0.20197565916424598,HAR-RV (OLS)
13986,0.004387268761111775,0.5039323198981887,2.56510362144821,-6.4090620154287645,0.4703860540325827,HAR-RV (OLS)
13989,0.0012106848521618065,0.3763092430169816,-1.4417466226204108,-0.3259751152732695,0.2060410290209569,HAR-RV (OLS)
14001,0.003487205474944792,0.02961907256893528,1.9691995164794796,-3.551626686786255,0.540215871109031,HAR-RV (OLS)
14004,0.001278525899132921,-0.3278657310458177,2.3487794011342826,-2.9594337373836064,0.3519859652673544,HAR-RV (OLS)
14016,0.0034399683862646477,-0.04039135265583759,0.7037639631011362,-1.873206202154107,0.05751062252812922,HAR-RV (OLS)
14021,0.0023651117436160997,0.09494951878988372,2.7129510627913738,-4.720431001552127,0.3707134923609636,HAR-RV (OLS)
14054,0.001311410374451104,-0.20014218298689593,0.5813981142158128,-2.6073215119207545,0.18584048336847392,HAR-RV (OLS)
14061,0.001407053874842538,-0.04011655233565244,0.2377611430398905,-0.7211986002433317,0.028631228100234996,HAR-RV (OLS)
14065,0.00235848519597099,0.27349415180019965,1.4753759196785055,-5.090414699111845,0.2243279334674263,HAR-RV (OLS)
14070,0.004922519004461532,-0.16386490905797038,3.065616015067028,-4.724646961541625,0.7158516199135754,HAR-RV (OLS)
14077,0.00035911866289078557,-0.4636258632597068,-1.7038196033538444,2.1039056188847876,0.3098773152983213,HAR-RV (OLS)
14079,0.0043396947594857,0.153566935683981,1.1196895009390289,-4.698796221356885,0.2371307458346421,HAR-RV (OLS)
14080,0.0013427367769904353,0.5698762719004827,2.0131549072607924,-4.150764174064559,0.2630776400798518,HAR-RV (OLS)
14088,0.0007050365223146225,0.2091307762612755,-0.7066322311092745,-0.008972993651830352,0.18715584732780532,HAR-RV (OLS)
14093,0.0007733020732222875,0.3197616231575435,1.3386681151748,-2.3823217985958194,0.1735740600023178,HAR-RV (OLS)
14105,0.000567733098142119,0.44959460799500595,2.3126034601731345,-2.862612321317309,0.301423208289908,HAR-RV (OLS)
14111,0.0017612412526727258,-0.07448185608386616,-2.2965656357733772,1.9075545061057912,0.20067048673089138,HAR-RV (OLS)
14125,0.0041586413934591735,0.1178980404025794,1.1205638713892052,-4.089398736278462,0.24100156674559703,HAR-RV (OLS)
14126,0.013280370474628876,0.4757977251309933,2.064713652015994,-6.324688948831532,0.38451041428134014,HAR-RV (OLS)
14169,0.001276719618197197,-0.22863472964495976,-0.10789469393080069,0.5017226948634287,0.04338456568957061,HAR-RV (OLS)
14171,0.0053613873412827525,0.13891895286618763,3.097393457774903,-5.768340053677135,0.18201009980003335,HAR-RV (OLS)
14176,0.0009567819666051285,0.42114416993829107,0.2157125830278251,-1.0888826684159847,0.21153623336290206,HAR-RV (OLS)
14177,0.0018582758662718081,0.5466067942882368,0.6733991642665423,-2.8590612851980888,0.437884112510451,HAR-RV (OLS)
14183,0.0007778209826860396,0.5344599356403126,-0.6591779196694625,-1.7382105747702306,0.4554679231606813,HAR-RV (OLS)
14205,0.003934365417492643,0.616026047730518,0.22531622326503642,-2.2273186593781182,0.13581484662021248,HAR-RV (OLS)
14215,0.001106211832863138,0.018503114524085346,-0.02097555705005552,-0.2788178081463381,0.004652575115791424,HAR-RV (OLS)
14218,0.001096619436366213,0.001261370292050851,-0.7832831180629684,-0.40067993641086,0.10934417239684202,HAR-RV (OLS)
14234,0.00271823736455052,0.11827741256052823,2.3511437498924113,-3.7321067640418266,0.31719183068154655,HAR-RV (OLS)
14235,0.0016845492817950864,0.10019415828619344,1.2115460311299036,-2.157293940207166,0.1061762943348541,HAR-RV (OLS)
14243,0.0035929580995533177,0.6714612530741765,1.0087500321411367,-2.05563640556213,0.4379497228305089,HAR-RV (OLS)
14246,0.0006832240848825537,0.39959418516905815,0.04461148099678139,-1.1167130242779628,0.15795467108596495,HAR-RV (OLS)
14247,0.0008468486304434291,0.18191588735218595,-2.185719879082389,2.2209357580633258,0.23272420031523966,HAR-RV (OLS)
14263,0.000678978578113656,0.20051223063754128,-0.10473345210978784,0.0221659691922595,0.021383850389192105,HAR-RV (OLS)
14273,0.0010314629681869776,-0.3671210406419694,-1.7452749745634604,1.42273439135563,0.3763706006754769,HAR-RV (OLS)
14276,0.0006352341618010167,0.27510646008003387,0.46441157737603594,-0.06936970146669102,0.2512593381115308,HAR-RV (OLS)
14278,0.0004103142365689263,0.3227775358371369,-0.3194629354907059,0.5781642202578215,0.11646847991995146,HAR-RV (OLS)
14279,0.0006308888447386946,0.7630210597651561,-0.21626285119394972,-0.7003494381429747,0.49257382566416996,HAR-RV (OLS)
14280,0.0013934997466689652,-0.15774672446573915,0.826608827334933,-2.372400126820531,0.10180510458434988,HAR-RV (OLS)
14285,0.0019275213525640467,0.30715773023244397,0.5917301996767013,-2.9091214561214334,0.23250109619992765,HAR-RV (OLS)
14297,0.0003651702724875185,0.5743172090450765,1.4258059986761815,-2.1483032651519993,0.46971730408272205,HAR-RV (OLS)
14305,0.0015100362737200778,-0.11673680133738476,-1.115644535355966,0.413094634589247,0.14309498790956343,HAR-RV (OLS)
14311,0.0007698923079143848,0.1551557949529979,-0.2581454334995138,-0.9511315693128704,0.12256464845662807,HAR-RV (OLS)
14312,0.0007858310124864733,0.02445703749440419,2.149446778777346,-3.6603818884634514,0.18058509873652895,HAR-RV (OLS)
14316,0.0018120486474459527,0.22862311607577612,0.11719086865516282,-1.1030873725005736,0.08616942676084283,HAR-RV (OLS)
14319,0.0006647714279496269,0.28618078860814666,-0.8604217283747264,-0.21910415936562955,0.19851261200634596,HAR-RV (OLS)
14326,0.0013872519121735424,0.45904016084335486,1.0965882644754006,-3.8450381226111623,0.3695642065248723,HAR-RV (OLS)
14341,0.0004275348368656831,0.10319106795022684,-0.39639234088192693,0.5741813545808784,0.03203009919480493,HAR-RV (OLS)
14350,0.002392236581956612,0.22289761585896245,-0.45627410719795725,-1.0635515240223952,0.11548140589099443,HAR-RV (OLS)
14356,0.002046025228772856,0.5965871708904367,-1.8548184274174835,-2.373125175788446,0.35024665131347965,HAR-RV (OLS)
14361,0.0004671690962575004,-0.41849643594895847,-3.4316431480220473,3.867020352039641,0.3095349362470755,HAR-RV (OLS)
14389,0.00866279387142879,0.5912710959963585,2.150729701783309,-5.110527803136666,0.535182555969878,HAR-RV (OLS)
14416,0.00109520289193536,0.018980703638288313,0.6060385290751298,-1.8964665491544779,0.14275658548862824,HAR-RV (OLS)
14420,0.0006552308752162045,-0.26157964198996847,2.4707466795742046,-2.3898928195501417,0.5243952794736906,HAR-RV (OLS)
14422,0.0017974637872291079,0.11297405568853207,-0.14542771258784004,-2.4162117385631876,0.14881733527195817,HAR-RV (OLS)
14423,0.0016239318220003835,0.1562542472181075,1.134823986569083,-1.8890969315837447,0.29477557920072006,HAR-RV (OLS)
14435,0.0010823969961738745,-0.24121150201039054,2.1382740576070343,-2.9112095798061928,0.15926619830593036,HAR-RV (OLS)
14442,0.001732006817864517,0.17957926230544377,-0.830799857506811,-0.8681939076707879,0.1523928952629412,HAR-RV (OLS)
14445,0.0007882940184113503,-0.3825265134757962,-0.005540942193858103,0.17390801838619738,0.14417556603008153,HAR-RV (OLS)
14447,0.0021748574637578057,0.12301461772820073,3.4043756834193917,-4.88915570224811,0.31535267513409904,HAR-RV (OLS)
14449,0.0020618527327708053,-0.316279392414471,4.388985227939949,-7.041495675108102,0.442923410850937,HAR-RV (OLS)
14452,0.0012924576816146058,0.19420708216998173,2.4303998442172756,-4.2506219765706055,0.383026073399093,HAR-RV (OLS)
14464,0.0015073967419689449,-0.4146239916913998,0.8783778595982412,-1.9648778188669078,0.31445007791721347,HAR-RV (OLS)
14465,0.0007732089824261792,0.3898163801020588,-0.5296293821254912,-0.02836056595237213,0.1470925183042342,HAR-RV (OLS)
14476,0.004162779090593866,-0.22904889829356997,1.295436778041136,-1.4646602706407186,0.09450789138819116,HAR-RV (OLS)
14483,0.0013924043993277261,0.20053686273129603,-0.03145267656494899,-0.641450466876579,0.06623717108402416,HAR-RV (OLS)
14487,0.00040278335128666467,0.6186077188023156,-1.0494904295579857,0.887104970281441,0.44088546189835687,HAR-RV (OLS)
14494,0.00010785413592939404,-0.08766437706551251,-0.7794632440797099,1.6192129157291657,0.048871110484471014,HAR-RV (OLS)
14501,0.001053168037591871,-0.17265399855252217,2.7175609296905936,-3.0352580692028033,0.38376198783092796,HAR-RV (OLS)
14504,0.001254093169581155,-0.6367149604975114,-2.908827591529043,2.8968939780948464,0.42662120935241,HAR-RV (OLS)
14510,0.0035701377773080883,-0.15677880579433942,8.662049976301724,-14.94287902608704,0.3632906171442659,HAR-RV (OLS)
14547,0.003307244265476135,0.16549239857207287,-1.2738461638794596,-0.48688180489639177,0.21214318482286265,HAR-RV (OLS)
14549,0.002150022365817,0.15289243864929736,0.5307594244562959,-3.7925239164855595,0.3705317534043113,HAR-RV (OLS)
14561,0.0032570221736696525,-0.17943552033622803,2.5808163610137043,-4.964835903852961,0.16307043084236783,HAR-RV (OLS)
14564,0.001848206703145762,0.17571336763621773,0.9085217064360732,-1.414030543004126,0.13672969347734387,HAR-RV (OLS)
14572,0.0017080526809714475,-0.2685261855486291,-0.559296898711285,-2.1910825243877152,0.3345426950681294,HAR-RV (OLS)
14573,0.003491158356892686,0.3489281655637501,0.09470784129889687,-3.0316718400246097,0.25764347196304016,HAR-RV (OLS)
14579,0.0013706842929730265,0.13189268916080407,0.051112735627788265,-0.16207669605195207,0.013519562785036743,HAR-RV (OLS)
14582,0.007023294469525619,0.5294336381207042,-0.7631232035963691,-2.0215114594813426,0.381417993075576,HAR-RV (OLS)
14601,0.004587337620155598,0.7140163249895526,1.2996004370423884,-7.001379420799983,0.3691371707188035,HAR-RV (OLS)
14619,-0.0005139311597036924,-0.39828611596111346,-3.0223458846344915,4.361213466062073,0.3152706094146578,HAR-RV (OLS)
14623,0.0006254763149189601,0.5833966804335031,-0.3059259330255988,-0.6739589421617748,0.22788799315268693,HAR-RV (OLS)
14629,0.0013150470941729613,0.2858064014639163,-4.480361709408255,3.4575681279948776,0.5439699208782502,HAR-RV (OLS)
14632,0.005812902334434156,0.4215245849583039,0.9300746786602432,-2.840899156652551,0.3034959310970248,HAR-RV (OLS)
14635,0.0014688318680874776,0.058999623572937455,0.4629187996033039,-2.071694804226059,0.09504950665824474,HAR-RV (OLS)
14646,0.001607607074839102,0.1458560309498005,-1.7949124318443839,-1.3089086149977804,0.33263380281369936,HAR-RV (OLS)
14648,0.010582446774355464,0.12375447534724218,1.256634576054365,-6.569117957735919,0.21645392727447266,HAR-RV (OLS)
14697,0.0019133907444941008,-0.393156177275928,4.120814698296409,-4.048415952581543,0.5986915789590603,HAR-RV (OLS)
14714,0.0011890278525417937,-0.6473933638157773,0.7202702240859186,0.004423471597207018,0.29527350460578283,HAR-RV (OLS)
14715,0.0017587889756957116,0.43132978251320553,-1.877977734371976,0.2429251652536002,0.3312304849913903,HAR-RV (OLS)
14721,-0.0011177901281920236,0.11580366272608272,-3.187450782392438,6.724628548614818,0.33428231760329075,HAR-RV (OLS)
14730,0.001646712005389225,-0.5093939206942429,4.471275211492793,-6.357381184738264,0.2516701296820577,HAR-RV (OLS)
14733,0.0013534089708444295,-0.04159850780880111,-0.49353431530462966,-1.4036167423350032,0.2342102887562849,HAR-RV (OLS)
14738,0.0024174797879662384,-0.4474413836118408,1.9592410211610325,-4.646140350489647,0.33246247875501334,HAR-RV (OLS)
14740,0.003016427637565257,0.5876516643881471,-0.2555338989220708,-2.1789166184788495,0.5995457966652452,HAR-RV (OLS)
14749,0.004896880226749522,0.5765575201597415,-0.62906639134457,-6.567140223083248,0.5680563522521483,HAR-RV (OLS)
14751,0.002749045180640882,-0.13392955220929811,1.0321079935978628,-1.3162166253875833,0.04628942142556958,HAR-RV (OLS)
14752,0.0010201547166423038,0.6186550989299014,-0.08476419826903842,-0.5388364148872253,0.36617174739331704,HAR-RV (OLS)
14754,0.0005002055208913455,0.337192697407708,-1.2189573773024018,1.1122547427749634,0.2673587287129163,HAR-RV (OLS)
14769,0.0005792046676381171,0.11594926121836598,2.0236532690262905,-2.7432445993734835,0.10742907940806579,HAR-RV (OLS)
14795,0.008150171740829543,-0.025236571645563883,1.5449156257963406,-5.517670768584565,0.1238232460143166,HAR-RV (OLS)
14797,0.002535976361803673,0.3819622715542406,0.5544893936762303,-4.141516424268568,0.26994054941793755,HAR-RV (OLS)
14800,8.744774918152708e-05,0.3131906956218813,-0.5327953471581073,0.857099754605253,0.22605867870291707,HAR-RV (OLS)
14807,0.00456106127238493,-0.12120959359924185,-0.6635691656174689,-1.7066215039973325,0.2952246924779919,HAR-RV (OLS)
14809,0.0004573181542805734,0.15004752226010476,-0.7189333117311154,0.5456022005197497,0.04833426782127803,HAR-RV (OLS)
14810,0.0009037792460716036,-0.5876140401365565,1.0047040063039725,-1.5849748718506431,0.5351864314269177,HAR-RV (OLS)
14813,0.001212695396361681,0.39051550171172106,0.11736288917735771,-1.2199996080221713,0.1625371089395542,HAR-RV (OLS)
14817,0.0020521687764179153,0.16398912914507507,0.11500020187761673,-1.4124462151602193,0.06975307588117685,HAR-RV (OLS)
14836,0.005863973957887982,0.5976775889708856,1.0406864375060068,-2.4377067514395447,0.5256826734493509,HAR-RV (OLS)
14838,0.0030756217269898517,0.39299443681419854,1.04738168576993,-3.7927471203326397,0.2173937333053806,HAR-RV (OLS)
14842,0.001406046701900465,-0.1652438973072748,-2.0911600266411052,1.7736877763076668,0.22032198137070835,HAR-RV (OLS)
14857,0.0002265311228714992,0.2833106367140414,-1.7452985383956328,1.7982378676352235,0.35480246416807093,HAR-RV (OLS)
14866,0.0009903095077316696,0.11454521798305153,0.06784678607898581,-0.4148883263055855,0.014996863074495548,HAR-RV (OLS)
14869,0.0015977208929316786,-0.04965982731478627,1.9914331623583923,-2.840389795838906,0.2828887716755941,HAR-RV (OLS)
14886,0.0031679222812905925,0.47985543775379075,1.5183548817911887,-5.893403732192988,0.37197626982512166,HAR-RV (OLS)
14895,-0.0001946448403241505,0.09911889325778635,-3.0827084928017974,5.080872106890059,0.2474492305746011,HAR-RV (OLS)
14897,0.0014640042350450215,0.3765303162166842,-0.0012304396019561792,-0.8838406967651891,0.15358856149836164,HAR-RV (OLS)
14906,0.0020073837006088545,0.5048157409543955,-0.38664819751638846,-1.1656547108777326,0.3226407468763476,HAR-RV (OLS)
14908,0.001385743062110363,0.14050787590846914,1.8578493912605076,-2.7816408217049933,0.5758150655387543,HAR-RV (OLS)
14909,0.0013159000107324404,0.0328051047211532,1.9829561426321087,-2.7339857303624258,0.06605669503375478,HAR-RV (OLS)
14912,0.0007390175928933759,0.6484916446574676,-0.06605982294031093,-0.631444319854525,0.31287527901102186,HAR-RV (OLS)
14913,0.0007949286192167481,-0.3776355792871358,2.059821235873876,-2.460443892317574,0.3325403106491356,HAR-RV (OLS)
14916,0.0007622221584275644,0.3896978632054559,-0.5977311228777893,-0.0024609000997736774,0.11695124574296911,HAR-RV (OLS)
14918,0.0011332525824675243,-0.11499734967646201,-1.7929201627502516,1.1254362829695221,0.20421829983151119,HAR-RV (OLS)
14924,0.0019282404778991483,-0.29932114573927265,1.5910395510186974,-2.000213936693748,0.3568780648470812,HAR-RV (OLS)
14926,0.0009449089812921094,0.1022347507331109,-1.382622212260726,0.2551670822806198,0.31832791877552546,HAR-RV (OLS)
14928,0.002347208249120515,0.1683454239208777,-0.6303312604453408,-2.816233680711881,0.20774646477918546,HAR-RV (OLS)
14951,0.0004960748635235593,-0.0910316883303669,-1.917330575533231,2.2997798979929347,0.157630768764643,HAR-RV (OLS)
14970,0.0014461403815148844,-0.11703120252343552,0.6954214496881497,-1.6854418100851505,0.16988387327785281,HAR-RV (OLS)
14976,0.0016647775831054976,-0.2697272007563247,1.693152867261124,-2.3814780820298784,0.16098489320992448,HAR-RV (OLS)
14977,0.0001296184891748441,0.2524206433148808,-2.9460747765377273,3.5575198972813005,0.22571142838423797,HAR-RV (OLS)
14979,0.00269775935451648,0.07107124923860175,-0.7956529981232379,-1.0761184443570775,0.1260092975962549,HAR-RV (OLS)
14982,0.003129014311312869,0.298925208925196,-1.3284910786014437,-0.7929864171388818,0.26477145474921404,HAR-RV (OLS)
14994,0.0015788665406515213,0.5428936460898885,0.08050015986109593,-2.6547808936487396,0.3565743259538725,HAR-RV (OLS)
14995,0.0031255072286507386,0.17277212552554802,3.613552519797736,-8.847572320695363,0.4782270803003822,HAR-RV (OLS)
15008,0.0014212913775800602,0.103780448368672,-1.5895413615909595,1.5108430858111488,0.16251825463825476,HAR-RV (OLS)
15010,0.0011984952482346385,0.19713819767825835,-1.4961480961033122,-0.2391976599527652,0.36726691299750924,HAR-RV (OLS)
15035,0.0011838974301798505,0.049206263489998535,0.7288993913011783,-2.253771145234881,0.10469866300443509,HAR-RV (OLS)
15038,0.0015339067297462446,0.5255974395388716,0.20123953487089902,-1.74224046955886,0.28166581452900274,HAR-RV (OLS)
15042,0.0005367243276679071,0.4269879639944744,0.7076887496447494,-2.4907082541241463,0.34287083816477026,HAR-RV (OLS)
15048,0.0007960301394696122,-0.3047056894510644,-0.03216024579935209,-0.2726519154915871,0.15093701395990733,HAR-RV (OLS)
15061,0.002016082951293326,-0.46166558375776734,0.8313104916419007,-0.3089526599333161,0.23944156510378167,HAR-RV (OLS)
15063,0.0018445205414615435,0.6099138845347943,1.6824663777655224,-4.201658904188046,0.4910745297165292,HAR-RV (OLS)
15092,0.0027060085818924125,0.2570593122804695,1.9932812019660546,-3.252748624337466,0.33799202477316614,HAR-RV (OLS)
15122,0.002294468103456917,0.6727067424823753,-2.1907480183436476,-0.636938837720336,0.5437937597114619,HAR-RV (OLS)
15131,0.0018447573028920385,0.3321094207599473,-1.4915609513258767,1.060102027397765,0.24153241571657658,HAR-RV (OLS)
15132,0.0016306844719130317,0.18395739972890238,1.4295815038750246,-2.1366351556699437,0.17334466361317136,HAR-RV (OLS)
15139,0.0017180802561613442,-0.17761150108533375,-0.4175485814586053,-0.43779279946176497,0.1824663566490472,HAR-RV (OLS)
15147,0.003402670122487659,0.43286863667768744,0.9148611073949627,-2.6503431825568873,0.376669202656282,HAR-RV (OLS)
15155,0.007005994810189352,-0.32117256418054524,2.808569819805462,-2.9044824710053287,0.5044947855308717,HAR-RV (OLS)
15163,0.002982280145458849,0.2795455953128583,-0.6145056897373729,-3.2952870362228297,0.369098283685529,HAR-RV (OLS)
15173,0.0022337194482509627,0.5756797916899266,0.42217402201442233,-2.2837126378180868,0.7658945814531398,HAR-RV (OLS)
15176,0.0007471135805517445,0.11335581749728957,0.15989924547076437,-0.2522579902178364,0.010383875632795525,HAR-RV (OLS)
15185,0.001222221612410319,0.08844988579415157,-0.21035497128453234,-0.045322154357515396,0.01434463060560287,HAR-RV (OLS)
15186,0.0022460073332748708,0.20240478025012926,0.8503943930048729,-3.8939620805850854,0.0993041775396396,HAR-RV (OLS)
15194,0.0004342746173317744,-0.22153943528689998,-0.691807906190054,0.9186239813142366,0.08695801544915682,HAR-RV (OLS)
15209,0.0037356288298061014,-0.17568768293069414,3.279222016608952,-6.107961118876562,0.3299260817637997,HAR-RV (OLS)
15216,0.0023179721948340653,0.6348777308550968,-2.6237082628544006,0.2663786278666649,0.37328825173479196,HAR-RV (OLS)
15239,0.0024668352796055663,-0.05460447834061291,3.057013062306181,-5.30571240675604,0.26526549424248824,HAR-RV (OLS)
15246,0.005848385302106884,0.16514209201729366,-3.941524731563127,2.2404593527968486,0.6618321519304792,HAR-RV (OLS)
15269,0.002825724853124721,0.2777189309795094,-0.5510332609584635,-0.8313875989377919,0.16317652446695852,HAR-RV (OLS)
15271,0.00019526742839663538,-0.40932977339951776,4.738975917764846,-3.6377461636646946,0.6001036598421053,HAR-RV (OLS)
15276,0.0041265283701694515,-0.04743212901828442,-0.5550495925773618,-3.3760330922718005,0.41175508569564745,HAR-RV (OLS)
15280,0.0027352415996200257,0.5383307073789294,-1.44347037431807,-2.415438462871015,0.35794456593085755,HAR-RV (OLS)
15288,-0.001279539878388748,0.3758866961501071,-2.2714069706224334,4.513793456085718,0.390943067340365,HAR-RV (OLS)
15290,0.0011987143958802258,0.25818690776422165,2.296630354241095,-3.6254033518015243,0.1953836901963799,HAR-RV (OLS)
15291,0.0012736564992667332,-0.18290784393391407,-0.9049515821656959,0.22549420072137605,0.10197397272777942,HAR-RV (OLS)
15319,0.0017408232428146402,0.09935903924915754,-1.5360072120185095,0.7294483150069354,0.16016665383849282,HAR-RV (OLS)
15335,0.0017599077166629922,0.665405343204809,-0.3687589007184391,-1.4741799338008732,0.4368568542647686,HAR-RV (OLS)
15341,-0.0003414361101640454,0.2372080219093556,-0.9197100206475426,1.7409023296692687,0.20250844171823168,HAR-RV (OLS)
15344,0.0067666503117674096,-0.06104049171136102,1.9586304076557923,-2.967068202049667,0.1175471518308453,HAR-RV (OLS)
15352,0.004766371925934281,0.20741444931951084,1.61958133206161,-4.796167100079536,0.29041397936806745,HAR-RV (OLS)
15353,0.0015285854693694975,0.15789310712197221,0.8518046188799557,-2.661712874440206,0.07527264664089106,HAR-RV (OLS)
15365,0.0018827646955610108,0.1737088104087224,-0.7790621602798109,-0.6493089630000745,0.37019876586016276,HAR-RV (OLS)
15388,0.003420247150338014,-0.004085678621145538,1.4956242298406959,-2.5545440235037336,0.32143036354405496,HAR-RV (OLS)
15393,0.0016009077200451038,-0.2219507864170157,3.010997377298551,-3.915609245324085,0.40566608719661956,HAR-RV (OLS)
15400,0.003223658401188993,-0.09452580451747022,1.0593922603378179,-1.9541976481530647,0.10489362534745639,HAR-RV (OLS)
15418,0.0006625122211199047,-0.04769215018754058,0.0013330613761822208,-0.14035240575245997,0.009667314546541128,HAR-RV (OLS)
15433,0.0010104918424492274,0.2095337285784838,1.6579930622475554,-3.4391902455509453,0.12192432887523375,HAR-RV (OLS)
15448,0.0004919141433052344,-0.164073947027757,-0.06233663060230332,0.6930321212412323,0.05127478107385175,HAR-RV (OLS)
15462,0.002926959184476708,0.4266884784165423,1.8926567314356382,-3.5480051107249317,0.4114955895046327,HAR-RV (OLS)
15466,0.0021924802202130268,0.1334219702865801,0.3548536514115136,-0.7249370529943002,0.03892087092380958,HAR-RV (OLS)
15486,0.0010419827066179695,0.5484176876110706,0.6972710769728809,-3.0171816105701836,0.35929110259580344,HAR-RV (OLS)
15491,0.003248640108898444,-0.1371456056547377,1.769111964209261,-3.9473788805865713,0.25168354146378435,HAR-RV (OLS)
15499,0.002474686587093429,0.4105258687091262,0.4478100172977188,-1.9965671555264684,0.2284826829152663,HAR-RV (OLS)
15516,0.0006167096030508439,-0.029579854492030627,0.04093661770100812,-0.4282345731849427,0.043485624411243706,HAR-RV (OLS)
15517,0.0018257807360695464,0.6326416578226127,-0.09276124721073525,-0.46031112404803554,0.31087826620176284,HAR-RV (OLS)
15521,0.002950159982230631,-0.09482389577906139,-1.9667577813606683,0.29986982018491437,0.30139492782968924,HAR-RV (OLS)
15525,-0.00011776146375679054,0.4869857288799867,-1.2691799866645217,1.7615251197161448,0.2521080876900774,HAR-RV (OLS)
15529,0.007227799868750711,0.22635707290505863,-1.4535422369982638,-3.394193262324076,0.30755414011231086,HAR-RV (OLS)
15535,0.000502943077029665,-0.08301917382532563,-0.37661298824251094,1.0590993948921896,0.02318359005776649,HAR-RV (OLS)
15540,0.0026823309838414485,0.23226357634986183,1.6395084957703456,-3.0349194688454295,0.21388950718258015,HAR-RV (OLS)
15547,0.001215806971016033,0.5433779094067429,0.0886278118387892,-0.5762412308521061,0.22895797694389786,HAR-RV (OLS)
15548,0.00037423544344375686,0.15061748297608862,-2.098769833457509,2.684590071729699,0.15165396330862735,HAR-RV (OLS)
15568,0.0006810000649621695,0.11016025172898361,-0.9283795986860962,0.5976150865516732,0.06284696919040589,HAR-RV (OLS)
15584,0.009524104013978619,0.6185948317886217,1.6999544264174111,-5.3142657135476385,0.38356004394643384,HAR-RV (OLS)
15586,0.0005778887529756863,0.2503763455286235,0.32690477885351577,-0.3069335253285215,0.14418644115535106,HAR-RV (OLS)
15595,0.0009854410242695045,-0.13585928367188313,-2.152065412261127,1.7202758940314569,0.22572047831184971,HAR-RV (OLS)
15599,0.0005185515720305445,-0.029947406124490646,-2.6129880192837316,3.231141938876328,0.19569745518783455,HAR-RV (OLS)
15625,0.0013873443857403815,0.4700817284522844,1.1072216819713863,-4.1737901630853305,0.19752480167482456,HAR-RV (OLS)
15627,0.0013666999350680773,0.021098332687956918,0.03796081760277065,-0.46354655929869937,0.03766723109989867,HAR-RV (OLS)
15633,0.0015882474441645607,0.4870181067090427,0.7480475128185934,-1.4748669658009814,0.18247841151899868,HAR-RV (OLS)
15637,0.0004367893591858676,0.37942822254056324,0.06284330610042506,-0.25740675582455186,0.13359613154048477,HAR-RV (OLS)
15644,0.00401801552850452,-0.081228720016232,0.8257325387083254,-1.0831939996719182,0.041073327360373724,HAR-RV (OLS)
15647,0.0034202976787331375,0.5952829247750069,-0.002175038825957265,-1.0773142367244855,0.3201143184061427,HAR-RV (OLS)
15671,0.0009020747488446147,0.14501456328725582,-0.8214243066876528,0.512983681331585,0.02790801575665325,HAR-RV (OLS)
15685,0.000678202176269736,-0.30258460019304195,1.886664056650746,-1.506534011272619,0.18093413845168627,HAR-RV (OLS)
15687,0.004195406277929719,0.4559249926744488,0.3263600420332273,-2.0097239386301395,0.20951357234236812,HAR-RV (OLS)
15689,0.0024513479562523754,0.8889062106761345,5.923136816456192,-10.62825237898376,0.5862529569709714,HAR-RV (OLS)
15693,0.000761568509851868,0.6620877987842358,0.4079699712516328,-1.9864385707359484,0.31628411001994017,HAR-RV (OLS)
15697,0.0011776535016522535,0.176794446402584,1.8178247136136698,-2.7174250375792255,0.2560632311989469,HAR-RV (OLS)
15703,0.0005475627326560328,0.4587735197013798,-0.285147187480734,0.0182089024509611,0.159111066446337,HAR-RV (OLS)
15706,0.0009515229591562363,0.02486735784615862,0.03627642596943831,-0.670459202413844,0.06798510575384997,HAR-RV (OLS)
15713,0.0018182907236669542,0.13999054812483844,-5.1278831228334605,4.0252994664062705,0.6057889327936044,HAR-RV (OLS)
15715,0.000717891227012097,0.4949714095130974,-0.011031995866047584,-0.3432063907118012,0.20194146163515303,HAR-RV (OLS)
15727,0.0014580169520792947,0.4478565915520841,-1.696804408058856,-0.2566208786560489,0.5325054614903251,HAR-RV (OLS)
15728,0.0018658387671711685,0.3084483273690315,1.384981811952481,-3.469014882950066,0.29773033862815645,HAR-RV (OLS)
15730,0.00042729165151087633,-0.5780878593141071,-1.4619864137129204,1.7540277006281904,0.3409738679930737,HAR-RV (OLS)
15742,0.0042945517677462726,0.5625476086653423,3.845149569440994,-10.475264095805553,0.49269634084844893,HAR-RV (OLS)
15746,0.0012865832489379113,-0.24519669685095355,-2.7848123420646926,2.821366112456394,0.31019856580543625,HAR-RV (OLS)
15750,0.005189482194434354,-0.2811476479295517,1.368098049381873,-3.3084147678297176,0.24151145302360533,HAR-RV (OLS)
15757,0.00319775581576441,0.1578923480723755,-3.6270594709039967,3.0214815202449326,0.2738488014511775,HAR-RV (OLS)
15759,0.001329004674587289,0.24285458818842004,-1.0795408894298837,0.859893755711427,0.04948539070699676,HAR-RV (OLS)
15765,0.0005653531811475023,0.44604928355435874,-1.184619334191329,0.24830911417795187,0.24843024278810266,HAR-RV (OLS)
15770,0.002413313452900631,-0.27537950718703336,3.0404815230612057,-4.772989619607831,0.24935055268669037,HAR-RV (OLS)
15772,0.0035519889118174972,0.3145560534239763,0.1365752573445258,-2.3203077072925025,0.15688565551385014,HAR-RV (OLS)
15798,0.002170442371935182,0.11167914928142583,0.027609889644230834,-0.888113997183498,0.05175219914924656,HAR-RV (OLS)
15807,0.0009958819057769748,0.023012513219675963,2.336392599872342,-2.465720911723705,0.2934533018422222,HAR-RV (OLS)
15818,0.0010109629550494844,0.08133676204216905,-0.41806187143346074,-1.0921421548024846,0.13884746830705663,HAR-RV (OLS)
15823,0.0007354784190035271,0.6219656798599457,-0.2742337313087009,0.04089907931607201,0.28718864842180203,HAR-RV (OLS)
15824,0.004073387547587357,-0.30562710851453634,-0.5152047393424138,0.460740941543053,0.1193851855775534,HAR-RV (OLS)
15836,0.002572171499783976,-0.1675224405206463,2.344052004818694,-5.440332301259628,0.3085388835795446,HAR-RV (OLS)
15840,0.00120639751064745,-0.18775864100302933,-3.8572015168541323,3.7608206336001224,0.4818412196529076,HAR-RV (OLS)
15845,0.0010815076006885508,-0.03187974198132784,0.474849669315922,-1.1556957073264285,0.035186261522956785,HAR-RV (OLS)
15846,0.0007757897677480541,0.24173225375295618,3.011052677600643,-5.3717834890636444,0.40810879139795486,HAR-RV (OLS)
15852,0.0006804806944276637,0.39794681334020854,-0.7719600780798296,-0.17038586808530648,0.24267071648970606,HAR-RV (OLS)
15853,0.0008531560415713744,0.2022033030474633,1.1067079204417416,-1.404367079813399,0.051226503844838844,HAR-RV (OLS)
15858,0.0013741932197959875,0.06839433915208089,-0.5682075047116741,-0.8041625120201337,0.10713364593433461,HAR-RV (OLS)
15861,0.0010655937979412726,-0.18461770649929862,2.3234858555933893,-3.014594555747689,0.20235271500359908,HAR-RV (OLS)
15872,0.000777914844723783,-0.030831219582648603,-2.3974344769532054,2.3851104912786214,0.2511012081759063,HAR-RV (OLS)
15883,0.0016954986936690893,-0.10367155981650718,0.8049805074215146,-0.46394059586756337,0.03893056941499473,HAR-RV (OLS)
15894,0.002032139846983078,0.353677059900193,0.001077399344811436,-2.651963995610706,0.26388396219707366,HAR-RV (OLS)
15903,0.003720636245620057,0.5921236921796806,1.1661558163207817,-3.4879087070798707,0.5493051631009668,HAR-RV (OLS)
15904,0.005371126362074067,0.13121837536745384,0.33687827725997477,-2.559658929445478,0.1473204223263227,HAR-RV (OLS)
15906,0.0075749725784678545,0.5413183516401815,3.307367055088682,-7.427965067791351,0.32840129820939146,HAR-RV (OLS)
15907,-9.256672601023726e-05,0.4110233893511499,-3.4059877120135504,4.641999897728749,0.48741720211983064,HAR-RV (OLS)
15908,0.0006860303636852666,-0.042900218881460686,-1.9321802411402422,2.3095400280213196,0.17277255757783194,HAR-RV (OLS)
15920,0.0014006649212486007,0.3080778841541521,-0.5459843552994446,-0.6797609829207689,0.1579736718978878,HAR-RV (OLS)
15934,0.0009838960787044925,-0.3918833406529435,4.801830179309311,-5.831074196249404,0.46099036317973074,HAR-RV (OLS)
15938,0.0013564291064916234,-0.18097027286778006,1.7279314059786033,-3.0201100396134946,0.17666117852889285,HAR-RV (OLS)
15960,0.0025425437360586446,0.055857174716523565,0.5988974415927742,-1.0172782173242356,0.02937565821414989,HAR-RV (OLS)
15965,0.0012917480862531107,0.4031326917366428,-0.22852843411333185,-0.45389233222288144,0.114832724088203,HAR-RV (OLS)
15966,0.0015904802047848774,-0.016167767289677868,-0.00992692991888576,-0.024799860480691382,0.0007420282341092932,HAR-RV (OLS)
15982,0.001476727804326794,-0.019761198691293395,1.0444367396053962,-1.3992640262871343,0.05818877103062037,HAR-RV (OLS)
15989,0.0027408295267555612,0.2766420334352367,-0.83219239708591,-1.935522889310572,0.291815476914424,HAR-RV (OLS)
15991,0.0010501262947363078,0.2539952424809632,0.23960212513252413,-0.30315925970144103,0.10280883059636581,HAR-RV (OLS)
16016,0.001570183518565965,-0.025270392112900324,1.2251279240689015,-2.654562573871631,0.01974901979983823,HAR-RV (OLS)
16017,0.0002812805397925481,-0.04228484102589801,-0.9352538158697679,1.4173117729679867,0.10958015399199961,HAR-RV (OLS)
16031,0.0001479278930290267,0.1909115693213629,-0.8158291736883402,0.9908782898425974,0.10876880042946924,HAR-RV (OLS)
16040,0.0015061144626214817,-0.10303193489909314,1.8023120292408128,-2.610443649810369,0.08219286575989493,HAR-RV (OLS)
16071,0.0029744442319621835,0.10960588277489836,0.5465424290278533,-2.3740785030795877,0.3562082859816763,HAR-RV (OLS)
16081,0.001848159391847588,0.21890647436585986,0.28749443111675926,-0.28014447117747787,0.08932808497864908,HAR-RV (OLS)
16086,0.0010383795413512155,-0.12606674173238752,2.0626341759067985,-3.1350813282928898,0.1323781694593028,HAR-RV (OLS)
16089,0.006346043246296944,0.2420418887162749,-3.0411849010051446,1.5747254769912395,0.4893698242839173,HAR-RV (OLS)
16093,0.0036352855868866506,-0.09538888584201592,1.8597449693754466,-2.6689373121060562,0.14313525799941496,HAR-RV (OLS)
16103,0.004287022450673496,0.27433095000615887,-0.9418289061453207,-5.706900367873344,0.48070660224252726,HAR-RV (OLS)
16113,0.002013774044682797,0.5609365007699412,0.08400673772705236,-1.4455066181310732,0.2934053845798974,HAR-RV (OLS)
16118,0.0010245924993480078,0.15248055597823407,-1.8955442884873879,0.4247002478041644,0.20237160086834738,HAR-RV (OLS)
16127,0.00219229044526215,0.9012732809270707,-0.8657469041679651,-0.09047630765247966,0.4968625186670159,HAR-RV (OLS)
16138,-0.0003146563361975021,-0.10228146321933995,-0.20300506567570153,1.2393320358538067,0.21573823005424186,HAR-RV (OLS)
16147,0.005293150729170091,0.7860360573976785,1.4042959003680422,-5.5481415144932855,0.4359131414261048,HAR-RV (OLS)
16149,0.001762083388570036,0.3110254537261121,0.9648310025345235,-2.799507724637023,0.18403298147607283,HAR-RV (OLS)
16170,0.0009057267293280371,0.47671115663185276,-1.2596398715421562,-0.8586870913374292,0.38640750604680296,HAR-RV (OLS)
16172,0.004262779962945869,0.16691517242849802,-0.07730609072124528,-3.334651945624378,0.3705668747778821,HAR-RV (OLS)
16192,0.0004843963625355259,-0.11585999122284457,0.4794385644354404,-0.23839813728692552,0.03612251593209004,HAR-RV (OLS)
16200,0.0008338032828640972,0.39606046644142834,3.3848122321150673,-4.482717239753521,0.28719893271498287,HAR-RV (OLS)
16235,0.001631410027978183,-0.18368255226273406,-0.8848990947721102,-0.11314287544419094,0.23975771358223497,HAR-RV (OLS)
16240,0.0014286464415606854,-0.022407646886468634,-0.050736117033825884,-0.13233847662936643,0.00915300043349132,HAR-RV (OLS)
16271,0.0006990314721854122,0.07656311053363192,0.5387795945360737,-0.9698264041554071,0.019170514249366,HAR-RV (OLS)
16280,0.004126313317071183,0.10668829143888824,0.7041382604675079,-1.838210805442239,0.10677458530155959,HAR-RV (OLS)
16282,0.0017748243557047783,-0.12082688712938586,1.7360580331645434,-3.4143418405698065,0.08623237618421187,HAR-RV (OLS)
16288,0.00028795381099395876,0.2273688429651878,-2.250435363738954,2.1992924684837263,0.32112760318304534,HAR-RV (OLS)
16289,0.002907313637289478,0.08505336139743358,-0.316019343090459,-2.551351292511447,0.21256105013751148,HAR-RV (OLS)
16304,0.0009881887770528865,-0.07531185227460875,0.26665167578821547,-2.031050033872298,0.21719436495009625,HAR-RV (OLS)
16312,0.0015952428448675424,0.2007342577059545,0.39440620331572507,-1.6741838365704638,0.16254114376390916,HAR-RV (OLS)
16320,0.00019928762653562642,-0.10875817732490486,-0.9914626850080044,1.4311236757213428,0.06467630387079615,HAR-RV (OLS)
16328,0.0002545607348294584,-0.34852778497390985,-0.20046814909711447,0.782748346998941,0.23129398069711027,HAR-RV (OLS)
16330,0.0013629690479736974,0.23488497001263084,-0.26151597447028246,-0.354846979350162,0.17347929243545335,HAR-RV (OLS)
16352,0.0018444245905775167,0.23256343000079316,-0.5258699134566751,0.06883923959392513,0.04865379580560891,HAR-RV (OLS)
16357,0.0021945323185231,-0.43051146939445545,1.0048408870930028,-1.7233980840057623,0.24920221288594513,HAR-RV (OLS)
16367,0.001187849939676524,-0.3082823640524649,-1.2536386869586216,0.9027728255369731,0.23667197865996115,HAR-RV (OLS)
16374,5.601474609052043e-05,-0.08240858385643311,0.13919710615794334,0.9948130967145158,0.08393631958483394,HAR-RV (OLS)
16402,0.00040686604504166954,-0.3893108168759043,-0.22026614506540454,0.8890331305463289,0.14566066074473472,HAR-RV (OLS)
16404,0.00020510474542438347,0.38228991871960466,-0.3236988388421749,0.36972246056816244,0.17197915857725277,HAR-RV (OLS)
16428,0.0014977767163891526,0.391584970622194,0.7580397186943512,-1.9075900797039766,0.2742500900931697,HAR-RV (OLS)
16429,0.0009762758137338545,0.13125604940632682,-0.517874653126376,0.5083612946841949,0.028803168054568284,HAR-RV (OLS)
16431,0.0006674726900464769,-0.14898390845560983,1.0981876415465257,-1.5535979042532642,0.09030288692915012,HAR-RV (OLS)
16438,0.0032231939477395913,0.276538124405531,1.451818360098541,-3.1236288992675845,0.2477020649179067,HAR-RV (OLS)
16454,0.000913698354611318,0.6161750346125485,0.2679703974870239,-2.278451656082705,0.4173471335062039,HAR-RV (OLS)
16460,0.0007230925530558038,0.1332339796676667,0.037782396246184236,-0.8426601105891153,0.048937313126727,HAR-RV (OLS)
16466,0.001242900450171566,0.5227000095681905,0.7321647702663214,-3.478635708205881,0.38835895592627245,HAR-RV (OLS)
16479,0.0010022064027071299,-0.06406739634250559,0.22795998081383223,-0.25539603674860567,0.009381866396740657,HAR-RV (OLS)
16488,0.0005506324115138702,0.05108462523230095,0.2715415260758115,-0.5049735518157984,0.0023193425075705987,HAR-RV (OLS)
16489,0.0007982015517218593,0.644506577222276,-0.34173565211490453,-1.0526544335609267,0.40956164660160965,HAR-RV (OLS)
16499,-0.0011221342724405852,-0.09841863767585732,-6.286834043323882,9.976141789133623,0.3358076386313643,HAR-RV (OLS)
16500,0.00024150575325535947,0.13548128703565016,0.002835653295226649,0.03656447069905332,0.045311996869517146,HAR-RV (OLS)
16504,0.0018219377354259983,-0.07804385426890927,1.4695031368818985,-2.613078739835645,0.29272849669985235,HAR-RV (OLS)
16507,0.00032311546814036546,-0.028907981695207384,-0.8142234835428865,1.307579986268716,0.03643535518335572,HAR-RV (OLS)
16511,0.0010959142530976927,-0.002812610081851942,0.2952184034948712,-0.4233325314698705,0.0040069353320580925,HAR-RV (OLS)
16519,0.000679751075690447,0.37510268270860925,-0.2847167173389912,-0.5608066118367361,0.17751770371260855,HAR-RV (OLS)
16526,0.002549500777968692,0.006290145436524774,3.0118054830099767,-5.7948454688130555,0.5160188035625057,HAR-RV (OLS)
16556,0.0001817759014001724,-0.12782468101116232,-1.4594152721130942,2.472803171970061,0.19613310683746887,HAR-RV (OLS)
16560,5.513122707314857e-05,0.0897306088835789,-1.0636437816892164,1.7086910662211077,0.057920918379152364,HAR-RV (OLS)
16570,2.5962258485326818e-05,0.27649265709441934,-2.2568727517596634,3.1537614068852506,0.10487146775806178,HAR-RV (OLS)
16575,0.0024596516436377345,0.139763237152247,0.25843840118913564,-3.030070684473482,0.29568973270350163,HAR-RV (OLS)
16594,0.0007253573762306477,0.10664194806821123,0.7520844546308756,-1.1287094581553345,0.05135888898282637,HAR-RV (OLS)
16601,0.000804975353194161,-0.1984897001387783,0.8919282660063468,-0.6936047686274351,0.0844619807555228,HAR-RV (OLS)
16611,0.0009026424869403787,-0.3666439630701814,0.851734826714116,-0.9450340057989376,0.12781998747849355,HAR-RV (OLS)
16614,0.002549234770467205,0.7174299342000635,0.5552500796765556,-2.1675567880559536,0.40737173414706684,HAR-RV (OLS)
16624,0.0010034920256810974,-0.207286444787976,-0.3517443526941182,0.8804001806019242,0.022762573010004616,HAR-RV (OLS)
16629,0.004066292420037362,0.5199387276402251,-0.3126894512871172,-4.261385101580654,0.36069705289610576,HAR-RV (OLS)
16630,0.001929652866967591,-0.05551961058096935,2.59395946300575,-3.4271162613070647,0.554900773410632,HAR-RV (OLS)
16637,0.0009745097843627521,0.04075159495713469,1.389984636580118,-1.5544836503579098,0.15542270425949456,HAR-RV (OLS)
16643,0.0007948312553463194,-0.19622245361552668,-1.7902814899027522,1.2298731743649287,0.19617294007404085,HAR-RV (OLS)
16649,0.0009417076733529967,-0.039163773493684086,-0.4575904955316913,-0.16133247329084663,0.05694105181938669,HAR-RV (OLS)
16660,0.001057344118044184,0.3664578834908915,2.5233379031906678,-4.190303846808306,0.42158884818974807,HAR-RV (OLS)
16666,0.0008764815669244812,-0.26593627044342827,-1.1478964964851122,1.3737877195649868,0.13657987926016546,HAR-RV (OLS)
16676,0.004123522027170191,0.25063188923982715,1.5559666793952025,-2.2013976848875303,0.17535442416148694,HAR-RV (OLS)
16679,0.00391180553403795,0.5234977003134074,-1.24980944941395,-1.0632205514182016,0.3799051376061159,HAR-RV (OLS)
16694,0.002138241556319799,0.08553200294737026,0.7753746094058439,-1.1434375486405344,0.09046247172221633,HAR-RV (OLS)
16696,0.001415375681411957,-0.28774483886332297,1.978832118027586,-2.9955751970780207,0.14987988823399434,HAR-RV (OLS)
16699,0.002034677945847476,0.27193247399698406,-0.5057581878370181,-1.997352961378956,0.12627089279127102,HAR-RV (OLS)
16704,0.0022583969438643653,-0.00451642518833165,-0.899960773134122,-0.42191527302162757,0.14648309513473123,HAR-RV (OLS)
16706,0.0011464991188188504,-0.29103169172238963,0.898095013267538,-2.297262527142591,0.18624355204616383,HAR-RV (OLS)
16707,0.002257978914186577,0.4980879013948003,-1.4908334349527546,-0.19654040362385256,0.2145583745774542,HAR-RV (OLS)
16721,0.0037650864950272557,0.2605239398891033,0.8587742939871228,-3.592160380358492,0.06710054056318149,HAR-RV (OLS)
16731,0.0011517838980934477,0.4619441883006441,0.30371430784085085,-1.281133385733126,0.2798765182525603,HAR-RV (OLS)
16733,0.001268625852985132,-0.14713964806446653,1.3130857006910175,-3.0496450745625396,0.29231314228819516,HAR-RV (OLS)
16745,0.0007244578520772338,0.6207405169656321,-0.02066244173633322,-0.3232672887908728,0.35121280965301227,HAR-RV (OLS)
16746,5.832233637398859e-05,-0.46063322748220736,-1.4689262594226835,2.5984204773724926,0.2627593416422376,HAR-RV (OLS)
16753,0.0018846785713472437,0.30495527956199364,-0.6647432948546452,-0.941155442212467,0.23000860197088835,HAR-RV (OLS)
16771,0.002674766907254391,-0.17155895124769752,0.14652879386864104,-1.7268540184944956,0.15829121624880738,HAR-RV (OLS)
16774,0.003094511643803483,0.430234424034865,0.804862812368507,-1.1364746918200548,0.13385793687185765,HAR-RV (OLS)
16792,0.0010400660709847754,0.1228349560343624,-0.304891549808425,-0.3903721709116966,0.06414992625391436,HAR-RV (OLS)
16793,0.00779503250133907,-0.39242450946549207,0.36866093229620417,-1.881660315506287,0.2849881416931568,HAR-RV (OLS)
16802,0.001031565715434324,0.0186146599490291,-1.8409475691083252,1.2182788971313465,0.2752288138179946,HAR-RV (OLS)
16811,0.0002986025064362788,-0.4215658582428991,-0.18298846551254266,1.3659414931252232,0.15696143722080647,HAR-RV (OLS)
16815,0.0006228460343178541,0.4162242501817171,0.9542452764648768,-1.5453934496253026,0.30420137139710657,HAR-RV (OLS)
16816,0.00043485976404846946,-0.6828539036958559,0.8535441926155077,-0.10694662465088733,0.4558610857966987,HAR-RV (OLS)
16823,0.0005856004404596095,-0.6338912796362619,1.6100025390419572,-1.8147798367528505,0.3669615079528157,HAR-RV (OLS)
16831,0.00790925321678578,0.14922618779864308,-1.518246454618052,-2.2862705847519855,0.3577413360542647,HAR-RV (OLS)
16839,0.016354476896908988,0.13541308042535985,1.156364774622539,-2.0549487395167105,0.04448044348333924,HAR-RV (OLS)
16851,0.004538754322971345,0.3652944158431238,1.6681044448518083,-3.3901429609880784,0.638090447501914,HAR-RV (OLS)
16864,0.0013056037409341684,-0.16340506241487085,0.6550220746867516,-2.660247296138099,0.17559681199094734,HAR-RV (OLS)
16869,0.0014851909678015025,0.3576602260215379,-1.317603736135145,-2.0221903880724934,0.3736656225030589,HAR-RV (OLS)
16877,0.00125992335182611,0.40238502207848087,0.5079598758455516,-3.2597677911589327,0.400636060065928,HAR-RV (OLS)
16880,0.001060486329512785,0.5334901372649034,-0.4627125377773924,0.07174596524031529,0.20052460558129248,HAR-RV (OLS)
16900,0.0015976613676682069,0.4641056450275077,1.0848639222947354,-3.3710702252145084,0.43317723667259167,HAR-RV (OLS)
16910,0.0014517942178920622,0.5160924514598699,0.990406225145111,-2.265340027350214,0.2933211226816328,HAR-RV (OLS)
16919,0.001367981165112608,0.004209911638369863,-1.3018956768405416,0.5999283487704089,0.1560137355634087,HAR-RV (OLS)
16941,0.006366954155404924,0.409712692772179,1.512262197925222,-3.151539544913744,0.24056762756814853,HAR-RV (OLS)
16943,0.0030178253406645513,0.7762017256172546,-0.3524209012776106,-0.7769080139008162,0.45248049777181787,HAR-RV (OLS)
16948,0.0006976106246673092,-0.004993541273645783,-1.5264153473004591,1.1338693383064085,0.15112906567639117,HAR-RV (OLS)
16978,0.00137572627567591,-0.056599356773590834,-1.960526078712184,0.18487097014103182,0.4136083445912586,HAR-RV (OLS)
16987,0.0011257213734514198,-0.3149105646372972,-0.6956314896593812,0.9929745104749795,0.07274028211806238,HAR-RV (OLS)
16992,0.00022434623372010235,0.7671501476414652,-1.103227365272332,0.5085147753856496,0.581598122211507,HAR-RV (OLS)
16999,0.002199570480809748,0.6812812052717451,0.42150940930191627,-3.544566136348887,0.4528204494722583,HAR-RV (OLS)
17008,0.0012590291283914486,-0.02594878765584117,-0.07641904336308211,-0.27413559829719847,0.027253268944636866,HAR-RV (OLS)
17010,0.000945843136015782,0.2465447559962505,-0.5183163975347317,-0.2078920475596272,0.14382587546674508,HAR-RV (OLS)
17013,0.0016112522718639197,-0.16877783427646018,-0.5067087149903012,-1.0116064483467313,0.33894948141725467,HAR-RV (OLS)
17029,0.0009926485850876641,0.10706675665789878,1.0457638505885753,-0.975506614231118,0.22876539725349054,HAR-RV (OLS)
17031,0.0022517591390155073,0.13035232455442705,0.9028972193919086,-2.2390581685523414,0.06735847443478316,HAR-RV (OLS)
17034,-0.0022807656789176727,-0.32827418537783715,-1.3084147634047216,3.790286056841437,0.3053570569193732,HAR-RV (OLS)
17050,0.0011105210920512231,0.003075623491502162,1.701731250140042,-3.874532149214986,0.274435973449185,HAR-RV (OLS)
17053,0.002778002286689246,-0.03701346856103954,2.465265871603504,-3.8955313043178403,0.12043538410757038,HAR-RV (OLS)
17056,0.0022492199767388333,0.3406885787081852,0.6320855922504495,-1.0509691283655571,0.11786762994475286,HAR-RV (OLS)
17058,-0.002962935309038591,-0.07012278348441638,-1.593547329404051,7.982266309704758,0.8434457353523017,HAR-RV (OLS)
17070,0.0014654810617908986,0.4986866060321763,-0.8145927864007376,-1.3204086524447116,0.510666740955886,HAR-RV (OLS)
17076,0.0024997498535173236,0.4698911848786734,0.7490495630711432,-2.252743017166432,0.17284393976853518,HAR-RV (OLS)
17078,0.0006814175626147287,-0.33116640672770764,2.795497527028813,-3.4320056862314408,0.1251746802332585,HAR-RV (OLS)
17090,0.0009385982459514016,-0.36469388065074343,-1.100667730012571,1.0370671046453228,0.16306576685403307,HAR-RV (OLS)
17091,0.001307690129888248,0.4454637243016391,0.14775174231778387,-1.1429773687482188,0.20744419851155194,HAR-RV (OLS)
17093,0.0007857255986577294,-0.34457375604211493,0.09026030478307344,-0.4011122161072909,0.12724221100226218,HAR-RV (OLS)
17109,0.00011517893769058475,0.42409751988899436,-0.5178835516175544,0.8116323180542713,0.19843916153260865,HAR-RV (OLS)
17112,0.0009551515438286553,0.40979367577737075,-0.7110995813824349,0.14060376710989259,0.14326908270759653,HAR-RV (OLS)
17117,0.0013910831023040775,0.3772092394624935,1.790590167027818,-4.292040413273927,0.2580469446622986,HAR-RV (OLS)
17120,0.0020890852254781224,0.5603002480119023,1.1465595619270497,-3.169000740723767,0.18217999618640968,HAR-RV (OLS)
17157,0.003159896311096313,-0.2740039179862402,-1.264207770278431,-0.421696352263992,0.3690594328007045,HAR-RV (OLS)
17161,0.0008740383232068109,0.5018483475312473,-0.7991400010981964,-0.37688202265399506,0.3462547504403283,HAR-RV (OLS)
17167,0.0010065081839118804,-0.34923015218483844,1.2309681030921595,-0.9360384251543746,0.11425356868459313,HAR-RV (OLS)
17169,0.0006521657891666993,0.040709331644326,-1.6455053470083647,1.491482961478814,0.1583751356603046,HAR-RV (OLS)
17172,0.002701280994345716,0.22697088190135756,1.0522562135602604,-2.6442012629781333,0.13909861199158735,HAR-RV (OLS)
17179,0.0016932034724785883,0.5023476384375696,6.984962527600835e-05,-3.313857381815947,0.36139610200931127,HAR-RV (OLS)
17181,0.004629635306893575,-0.19744737733168571,2.5696068191785684,-3.644251142342255,0.24976909473608966,HAR-RV (OLS)
17191,0.0004864448800897083,0.4665734561839385,-0.9240583283848508,1.0574703587304952,0.21142941282333216,HAR-RV (OLS)
17193,0.00024806080077086545,0.3644523412297254,-1.5243128306865283,1.5718227419056081,0.25796396449809855,HAR-RV (OLS)
17194,0.0011399735157849704,0.370884734328918,1.4718613370168383,-3.038872488778975,0.20032900330862535,HAR-RV (OLS)
17198,0.0005998813430924759,0.11470475869969392,-0.5853138220653182,0.1330983286403326,0.06292010105232604,HAR-RV (OLS)
17210,0.0019534108658014224,0.5777237893662381,-1.1003605350843755,-1.4758390440680413,0.5005264950639157,HAR-RV (OLS)
17217,0.0008466994991413193,-0.5191857091268081,-0.22034723151949454,0.7473712898336995,0.20472274538434942,HAR-RV (OLS)
17227,0.0038841293754944637,0.4372911352301544,-0.5328558005912183,-4.061904240872927,0.4207363030877673,HAR-RV (OLS)
17239,0.0015822033813326368,-0.0786520835760004,1.989843881448001,-2.9714216335759525,0.11169216299496987,HAR-RV (OLS)
17244,0.0009594572732253426,-0.2083990845956822,-0.16461375110201842,-0.33265563453348224,0.11472288286295385,HAR-RV (OLS)
17247,0.000668721092696088,0.049826956591612036,-0.6322983291523389,0.8342018865274512,0.030171030047092207,HAR-RV (OLS)
17259,0.0007340129713067483,0.35734333503052484,0.007884370883620595,-0.9033694939280363,0.08712666498247035,HAR-RV (OLS)
17264,-0.0011864881396758615,-0.44372598963121646,-2.5146523661849742,5.817866219273989,0.2087399623723154,HAR-RV (OLS)
17265,0.001801565562976575,0.5613025689395252,0.7040063974001993,-1.5161147549783784,0.34447164032562216,HAR-RV (OLS)
17293,0.006310671481079886,0.2788445106280121,0.5072431501104249,-2.3022842583530267,0.1856303259469657,HAR-RV (OLS)
17295,0.001034443417581786,0.6767022390557157,0.056114514756104406,-1.8169489929749338,0.3377557362404612,HAR-RV (OLS)
17305,0.0013499557686324302,0.4473221950197326,1.1717568948829111,-2.5451648943750413,0.3156956332136055,HAR-RV (OLS)
17315,0.005897812442330175,-0.23510479126876663,0.8670240253678947,-4.241584400428875,0.500879273919296,HAR-RV (OLS)
17324,0.005685378437676298,0.2535558668460464,-1.3821263262131445,0.5878402993961371,0.2613110365827075,HAR-RV (OLS)
17328,0.0014837670182243756,-0.21400837370342435,-0.5145250626002952,-0.2476983929075951,0.11166561335242309,HAR-RV (OLS)
17337,0.002056984150185729,0.3120124939058462,1.6044745094881363,-3.2881161570922894,0.27157691288366215,HAR-RV (OLS)
17339,-0.0004240423976499836,0.0019256565072583302,-2.1046684802974216,3.649419042988754,0.2925577321864885,HAR-RV (OLS)
17342,0.0006751279492985137,0.26514165140133794,0.4271538604099187,-1.4072961130342536,0.07186907226148997,HAR-RV (OLS)
17355,0.0011008721761339953,0.07827954885073456,1.1190582901203099,-3.513249289567747,0.07381475011946403,HAR-RV (OLS)
17363,0.0006920710597323114,0.06719017111651947,-0.16313280613295467,0.20245246611011505,0.0059099552389014764,HAR-RV (OLS)
17377,0.0008348693645043245,0.35696750141751504,0.22126279808009872,-1.3401212156277396,0.14954661800342084,HAR-RV (OLS)
17378,0.0009136824497044202,0.43703706362362793,1.0065558052094215,-1.6757185655856057,0.38393290339410524,HAR-RV (OLS)
17387,0.0003495065559189429,0.0364762285755111,-1.4707505704164028,1.539600371889886,0.03782653944649039,HAR-RV (OLS)
17390,0.003460415705504985,0.6115074121431364,0.8426516166388549,-2.888907398926065,0.3188390142745058,HAR-RV (OLS)
17395,-0.0004853952963669553,-0.10043054019656196,-2.267016884550733,4.056572193459468,0.24805546480226315,HAR-RV (OLS)
17398,0.0013978558060646039,0.2573102651765711,-0.808992205981393,-1.8877553460967367,0.2558755072449368,HAR-RV (OLS)
17421,0.0011948075601774665,0.5196139599040286,0.17059852589815838,-0.4525129645050324,0.2633737169868434,HAR-RV (OLS)
17424,0.0004143003028385958,-0.3397459083104425,0.8598638829481859,-0.5050217729361456,0.082365456465752,HAR-RV (OLS)
17428,0.0008925063232512351,0.037184495463516085,0.7850522682678227,-2.0852318883557652,0.14495134578194302,HAR-RV (OLS)
17429,0.0015445760440534566,0.35874461114519884,-2.077892083328646,-0.010075594630338802,0.1878025818418666,HAR-RV (OLS)
17448,0.004419793736251072,0.12413770175704616,1.040411235823366,-3.091987841894457,0.13866118615302114,HAR-RV (OLS)
17454,0.0012152152608879319,0.5409720614095207,1.010511654624077,-2.6643614935387263,0.44670788588409827,HAR-RV (OLS)
17460,-0.0024871857753459396,0.001936439074711713,-3.6434105046407477,7.049076239792262,0.2436453402187332,HAR-RV (OLS)
17474,0.0018015052063510427,0.03048549531434001,-2.5975055155481606,1.8323650740612882,0.23989499552488747,HAR-RV (OLS)
17486,0.002492438228476175,0.13655677303643546,2.4664650732509656,-4.331174387570805,0.2884199907953764,HAR-RV (OLS)
17490,0.0017554890395789745,0.4219913040822429,0.3533955202327247,-2.645021616318627,0.2219238193376477,HAR-RV (OLS)
17491,0.004568932321285486,0.9899301870628788,1.815405303584074,-7.082115241744175,0.5402124229388798,HAR-RV (OLS)
17505,0.001931285358159531,0.26998832495306385,1.1553446170739574,-3.4483306313970226,0.2720130647846133,HAR-RV (OLS)
17506,0.000586569893914016,0.1111228092046825,-1.3424898749026997,0.8217479602090908,0.14604347062848266,HAR-RV (OLS)
17522,0.0011368507885987616,-0.1563587283872977,1.1307993727281023,-2.1627898859305166,0.251114622463833,HAR-RV (OLS)
17528,0.0010395451636400874,0.5122020508444198,1.7116335779359935,-2.632456171408614,0.23693174411386486,HAR-RV (OLS)
17530,0.0005189174272836191,0.20568947584029304,-0.5080897989641731,-0.1265388869423049,0.11821815018920279,HAR-RV (OLS)
17565,0.00036597890813353987,-0.009588851565172517,0.9516370738766341,-0.5818279242080219,0.2160247828819617,HAR-RV (OLS)
17569,0.00025022504539495073,0.1917293391159004,0.06286033911828708,0.03135522315307326,0.05679333799743813,HAR-RV (OLS)
17570,0.0016733516728564275,-0.15969822869616382,-0.1833758443319493,0.040396930795986885,0.05175619660659392,HAR-RV (OLS)
17578,0.005645010814140078,-0.399788061550407,3.867395870277513,-4.737157732987043,0.5138456131540503,HAR-RV (OLS)
17584,0.002834339414657474,0.1020478732425529,1.0871769181589408,-3.1299192710771813,0.10019033780819298,HAR-RV (OLS)
17598,0.0011232219839284073,-0.4348840462443279,1.2674437897869888,-1.346451788903647,0.1498804026555396,HAR-RV (OLS)
17603,0.0006504879490858104,-0.2730509068554631,1.0204418468107328,-0.8425029243132807,0.06940083936109309,HAR-RV (OLS)
17604,0.0009337965084725787,0.2022856887556942,-1.0120837176342072,0.1299439978782173,0.16243470157802664,HAR-RV (OLS)
17606,0.005061170848403066,-0.6087890996828413,1.2776229489106596,-1.209675319007062,0.4847797580955914,HAR-RV (OLS)
17617,0.0011218333874258202,-0.5288331900659698,2.6744983653444705,-3.5531814317761605,0.28972348813892435,HAR-RV (OLS)
17626,0.005604112011459128,0.5137952668034658,-0.41215586623752287,-0.9792384615539065,0.2358498898165966,HAR-RV (OLS)
17634,0.0049892736060665275,0.37312233278980295,1.7581868632465862,-2.920020821586918,0.4108917041349516,HAR-RV (OLS)
17639,-0.00012901680600028623,0.3284338123435165,-2.5731011754253097,3.253087730760134,0.6103256155731054,HAR-RV (OLS)
17643,0.002359240591136452,-0.3588231100253441,2.426211575352008,-3.2275997007972395,0.1639757063045264,HAR-RV (OLS)
17644,0.005078433627304809,0.18313051765247362,0.5318699163687431,-1.5539169057795519,0.08842523203923924,HAR-RV (OLS)
17670,0.0001279704552888489,-0.6584235505201517,0.14366413202844874,1.2378554244695068,0.2544376682449878,HAR-RV (OLS)
17672,0.0013901850385583487,0.42911219929615474,0.14361692610411192,-2.360140703445118,0.23971563298756815,HAR-RV (OLS)
17676,0.0013410604105271837,0.28432758464128327,0.9441296669111439,-2.682177850508613,0.33754849161805045,HAR-RV (OLS)
17695,0.0009341303941061252,0.4451358179801555,1.0343344535694143,-2.614108719573577,0.10780875395554557,HAR-RV (OLS)
17698,0.000834158511856909,0.02794590013297658,-1.0850404078091718,0.7930778301664139,0.08906313401529475,HAR-RV (OLS)
17707,0.0007243553176765007,0.3213540953135145,-0.45660058678635085,-0.6977942405056837,0.12010726065288302,HAR-RV (OLS)
17708,0.002839106942137272,0.24902927640249198,1.8319729539302274,-6.1506926895431855,0.20441720221322268,HAR-RV (OLS)
17727,0.0007263864062966531,-0.38220666340362264,-0.6030320000680109,1.502480478715064,0.11713203198118083,HAR-RV (OLS)
17762,0.000957103495028803,0.15104825954620837,1.3238480254224516,-2.7873258421632308,0.10785901854229396,HAR-RV (OLS)
17777,0.0009337051224005212,0.37602482309462876,-0.02690991805506404,-2.2861597949276034,0.2842427608577781,HAR-RV (OLS)
17785,0.0009773934760352525,-0.008291296153821464,-0.18855880284004478,-0.2990335901769873,0.033148492925750284,HAR-RV (OLS)
17791,0.002797449382633109,0.26981319704349016,0.5797857349719396,-1.291664982249464,0.11228579726670507,HAR-RV (OLS)
17804,0.0029915320327421543,0.7897689961638574,-0.12214783417183384,-5.7835390901605646,0.6427754138618249,HAR-RV (OLS)
17809,-0.0002630945376003065,0.03790696824032266,-1.3430464643024078,2.7358786316449106,0.09311163747978601,HAR-RV (OLS)
17813,0.0004934181442696496,0.1907482654764254,0.13248597967290432,0.25343023531082026,0.16207320407926318,HAR-RV (OLS)
17820,0.001050078637138728,-0.02263059623880933,0.5274262802213633,-0.6784160229500701,0.03838452054238006,HAR-RV (OLS)
17823,0.001071291763963835,-0.35349655860822743,2.6711158239941333,-2.6287911019179333,0.25088736804283485,HAR-RV (OLS)
17825,0.0016384447820308864,0.5284426908784,2.2839640100069385,-5.387468606147661,0.3811263040791477,HAR-RV (OLS)
17832,0.007882687430634618,-0.15253147266681216,2.024577796832323,-3.4402703933262404,0.2769809519743516,HAR-RV (OLS)
17837,0.0013675898708154987,0.43147698419222946,-0.969731675490551,-0.052791629706807786,0.25957842980991286,HAR-RV (OLS)
17838,0.0010403057178426315,-0.2133156815756055,2.419466604460445,-3.426085717086286,0.14344745927258362,HAR-RV (OLS)
17841,0.003866314893039594,0.2599307583430893,-0.8229594341952495,-2.5724837375790086,0.4086230802706623,HAR-RV (OLS)
17852,0.000689451414215621,0.44637150091979055,0.2729499613364504,-0.2740627853109219,0.35743885766126693,HAR-RV (OLS)
17870,0.0008293836352898118,-0.05326613776892552,-1.313595973545242,1.6095334686963798,0.07443506816952339,HAR-RV (OLS)
17872,0.0006221248177563397,0.05310324921159832,-0.4211245783656805,0.0074686903940055505,0.017693735930614074,HAR-RV (OLS)
17875,0.0031047023880821697,0.028875961469629178,1.0256553066234217,-2.739174045117598,0.12717903044492784,HAR-RV (OLS)
17876,0.0017693122407096435,0.09376730919604984,0.18190145482270553,-1.1816032279934285,0.07791250184659593,HAR-RV (OLS)
17885,0.00442413049537114,0.26616333540925585,2.7837064847536426,-5.094461531071825,0.2668479087665697,HAR-RV (OLS)
17888,0.00033916246194880614,0.09489195720429879,0.1068033116905247,-0.5850683330262649,0.03461508954255177,HAR-RV (OLS)
17903,0.0009162441410208978,0.14900164592743673,1.0424385890788237,-1.1394610246273207,0.1445943173451122,HAR-RV (OLS)
17911,0.0010040219760392658,0.60671367663327,-0.3883294676893546,-0.9313091160607765,0.31444356032436416,HAR-RV (OLS)
17914,0.0005740364532285176,0.7302290297074302,0.6020543301932486,-2.132198321886843,0.316723801615592,HAR-RV (OLS)
17946,0.00013435582416552604,-0.48051226158658034,-1.4630957600959347,3.057934545132248,0.2031214119652366,HAR-RV (OLS)
17949,-0.003039113999151193,-0.5859862632975321,0.3874049921985798,2.0536523538601643,0.35762188986991816,HAR-RV (OLS)
17951,0.00018597243587039855,-0.27813479503902944,-0.00517266210781564,0.9297378118223565,0.09504508295621605,HAR-RV (OLS)
17955,0.001097762985107211,0.018988129994321423,0.45403502464886814,-0.6413010779955607,0.01638142777561291,HAR-RV (OLS)
17957,0.002775231863189429,0.4949840502007794,1.9756336673703943,-6.4253665747310125,0.3007513721554306,HAR-RV (OLS)
17966,0.0005907503745609263,0.12987043207074525,-0.8487573061548341,0.5120015100176114,0.058715336507729976,HAR-RV (OLS)
17967,0.0005466906029363011,0.047512498033851096,0.6313238806647218,-1.3465560410599957,0.03576286894557168,HAR-RV (OLS)
17971,0.001197162188186926,0.687531396317342,-1.1382317289096944,-1.346254114856854,0.5649462079026242,HAR-RV (OLS)
17973,0.0017941002801138287,0.15430885287391083,1.824243388649466,-2.7755104747778416,0.17408552136875177,HAR-RV (OLS)
17975,0.003777733668907361,0.18477635516718308,1.025400214985235,-1.8946560645049617,0.1305470879177969,HAR-RV (OLS)
17983,0.0010034863271438435,0.016106108109383326,1.4361726931536625,-2.4396415275917946,0.05747118484013469,HAR-RV (OLS)
17987,0.0018217723500778653,0.5132540189083342,2.725192078849208,-4.258114602876257,0.34136336421786484,HAR-RV (OLS)
17989,0.004588428649098497,0.0758747297578067,-1.7431030520012236,0.11055140707401345,0.25493314761716745,HAR-RV (OLS)
17999,0.000486087456007203,0.2363577488438194,0.4229834253464124,-1.7145327045775607,0.09087114227537496,HAR-RV (OLS)
18000,0.001668693109174722,-0.4578712624076282,0.29563930536755656,-1.3970955675090757,0.21473353795583083,HAR-RV (OLS)
18007,0.0027039735063281506,0.036919388800607786,1.9387842204791,-4.995023704342687,0.28309452814782565,HAR-RV (OLS)
18012,0.0005723927659379386,0.3993153754753042,0.33366770171230964,-0.9822878276781266,0.11091151490280815,HAR-RV (OLS)
18020,0.0010872672673432578,0.2655818410412562,0.6466347624201221,-1.9638156947068979,0.3191146214782601,HAR-RV (OLS)
18023,0.003582973680154302,0.3190721231481027,1.168042088423117,-4.64133485766607,0.23168085658145077,HAR-RV (OLS)
18029,-4.8536807229279525e-05,0.16891909462286342,-1.941250247983045,3.3340618232315395,0.27031341721282365,HAR-RV (OLS)
18042,0.0009139770109253447,0.24630190657351012,-2.5233434868833013,1.6367705704863793,0.2897107003667866,HAR-RV (OLS)
18059,0.0015024259556441254,0.1996333744343182,-0.1591688232328714,-2.490625993112441,0.14415556858475986,HAR-RV (OLS)
18072,0.001032907471386199,0.5391251859931637,0.13870563331094155,-2.085065789005269,0.345800117548556,HAR-RV (OLS)
18077,0.001756639810460231,0.21194585048608458,0.22931349218929098,-2.0787323851972155,0.1827658948142038,HAR-RV (OLS)
18082,0.0010133971111886018,-0.5228034875702374,-0.7267627415092369,1.0788664492808462,0.12009369696475558,HAR-RV (OLS)
18088,0.0007053028091317062,0.15427395717401038,0.5436615901987016,-0.8017199826454873,0.0400140463298273,HAR-RV (OLS)
18109,0.0014625924868696956,-0.08433008168416345,0.19199785377398845,-0.9270048049162471,0.0969021172837875,HAR-RV (OLS)
18111,0.0005229091044942928,0.0010590017052794058,-0.0067616191313169954,0.15445756304627634,0.01129932356253427,HAR-RV (OLS)
18129,0.0008784757806490104,0.03124165364515672,-3.504544935826721,3.1253354476043107,0.3748345220308481,HAR-RV (OLS)
18134,0.0012586068464604952,0.7296588738962393,0.13787595968989907,-1.6716305745690698,0.4376554896623889,HAR-RV (OLS)
18141,0.0022233190296187255,0.34588167274504966,1.2267708210694053,-2.72892978236922,0.37347937938031006,HAR-RV (OLS)
18142,0.0019013249076030537,0.5900703698651657,2.73093881888713,-4.089151299142748,0.2628622408343434,HAR-RV (OLS)
18147,0.0020420658844999945,0.06568840822358077,-2.4508301370516845,0.5276128517009209,0.3050993344081906,HAR-RV (OLS)
18170,0.001888566675717058,-0.3370583801130667,0.096507801621258,-1.0780977519370034,0.27708357452735133,HAR-RV (OLS)
18174,0.005365107804604939,0.07516354795424858,0.47798940140755736,-1.9604494257293428,0.27047876801747806,HAR-RV (OLS)
18177,0.008164205421065815,0.0839638383282951,2.873369106356239,-4.736489179640339,0.3345603996898697,HAR-RV (OLS)
18178,0.00045515797893728473,-0.4669891740760144,2.3631651399188254,-2.3138672780970113,0.333686044430235,HAR-RV (OLS)
18180,0.008140538120766917,0.7887282303159463,2.3390713435997537,-5.401974689551845,0.6285950614555998,HAR-RV (OLS)
18184,0.0025417609354563323,0.8734810861589412,-0.4721046643957467,-1.958322895230766,0.4717247566094347,HAR-RV (OLS)
18200,5.581100171666892e-05,-0.019761045817497273,-4.003634470844794,4.7321664010558955,0.2558718805991772,HAR-RV (OLS)
18203,0.0020878295631840253,-0.16656585086819317,2.7171207488089295,-3.938012467446671,0.3023345079578049,HAR-RV (OLS)
18205,0.003048908495396154,0.35569815046930536,1.3907982641726233,-3.215250359544129,0.2403027355715649,HAR-RV (OLS)
18212,0.0017690577310603337,0.35280522570186723,-1.3149329282724345,0.1389519824216987,0.16728513705109838,HAR-RV (OLS)
18216,0.0028228585303416622,0.09162095414393094,0.4784020376848943,-1.6930041807549396,0.01935552035381749,HAR-RV (OLS)
18218,0.005241202972799635,0.22297854637761932,0.3865767887338061,-3.823850451480421,0.11869667959425212,HAR-RV (OLS)
18220,0.0024532487011838877,0.04345313305101705,-1.6881508707768007,0.6483874404499883,0.16264885480403035,HAR-RV (OLS)
18222,0.0028899340163532324,0.2003350878678202,0.5212891624120048,-1.8940864720691841,0.13042484947750266,HAR-RV (OLS)
18224,0.0015221614110822671,0.3038629126616557,-0.13827854243657578,-0.45251154947418604,0.0875267988368642,HAR-RV (OLS)
18231,0.0044306275960618886,0.3052698805113095,1.2183864519142458,-2.22849338370476,0.17103603828330094,HAR-RV (OLS)
18234,7.99725525362407e-05,-0.0668789394734267,-1.3757845150620318,1.9706415256555487,0.09436567394799011,HAR-RV (OLS)
18236,0.0043991870052063516,0.24076774093629755,0.6284663796395815,-2.8522880333239544,0.2185039080265181,HAR-RV (OLS)
18242,0.000786123005874214,0.1722300018602494,-0.15864042287181096,-0.3065576633954274,0.03137331942720334,HAR-RV (OLS)
18247,0.0011775083012093355,-0.14360686205550388,-1.3180742991174144,1.2279273817913157,0.08614262310796605,HAR-RV (OLS)
18262,0.0028085230260664527,0.35110790164139344,-1.5044115620897969,-0.21895818197245098,0.26039662993863955,HAR-RV (OLS)
18285,0.0024614031375951055,0.3451273403733815,0.8355572796098925,-3.0607909958429715,0.3072335668909366,HAR-RV (OLS)
18316,0.0005068255111204641,0.45346551360888865,0.6100763271434249,-1.0595176236588084,0.3017041185050492,HAR-RV (OLS)
18351,0.0006509817831882479,0.8163989623687986,0.8599224996545443,-1.7967195532271167,0.5760992901598352,HAR-RV (OLS)
18358,0.0018541650945989071,-0.004398666702753091,0.12389414085660147,-0.8100357493599845,0.0760868173377125,HAR-RV (OLS)
18371,0.0013022509988401315,0.9878942148169205,0.43879004843051006,-1.7922134744542197,0.5149203892981364,HAR-RV (OLS)
18392,0.0007015479941485861,0.11414921084061382,-1.3290108669497598,1.3010963074909474,0.13467122944293197,HAR-RV (OLS)
18393,0.0002455573491642933,-0.23678802667837165,1.2140014999934774,-0.5397140088624695,0.2636343271284488,HAR-RV (OLS)
18400,0.0011664399326799149,-0.13703672804699757,0.6187692860725194,-1.9377683083737505,0.19176388604465222,HAR-RV (OLS)
18402,0.0003948510909669605,0.18501731961888981,0.010233198342974922,-0.05928210570224024,0.036316246413187536,HAR-RV (OLS)
18407,0.0033287256887832416,0.11457890230601703,0.23909554786375153,-2.17576980607016,0.3529784499198103,HAR-RV (OLS)
18425,0.0017064609786397703,0.43803118046078254,-0.7943405767896472,-0.45812548001595244,0.22584247499596177,HAR-RV (OLS)
18427,0.004379462011305564,0.7685968023311294,4.377591333819625,-7.805579531113293,0.5979049418075952,HAR-RV (OLS)
18430,0.008051108415286704,0.6619966193302992,2.69956013901818,-6.570484907303088,0.5675905737509459,HAR-RV (OLS)
18445,0.0007351130657202165,-0.47052242810596623,1.2974029155666187,-1.3279786935025641,0.21947182222949202,HAR-RV (OLS)
18447,0.0007509873847693829,0.1496576563196287,2.466910705030367,-4.060020362000919,0.21929547794456117,HAR-RV (OLS)
18471,0.00029747588675084106,-0.37600682515424955,0.9285155063034951,-0.10953401449035471,0.16975709485740076,HAR-RV (OLS)
18479,0.0029292188159221553,0.02043948562885055,0.7258253510510947,-0.812053956245284,0.053466147233470984,HAR-RV (OLS)
18483,0.001982040791322419,0.33895671097047786,-0.6761695122929025,-0.2942121604908172,0.3013212958941309,HAR-RV (OLS)
18491,0.0031978096623863795,0.34535979523585975,-0.7649039476591795,-0.9753241229063518,0.29538255660595647,HAR-RV (OLS)
18494,0.0021128417562602917,0.47247463358079667,0.30353932249676374,-5.236349600757535,0.36883649731223855,HAR-RV (OLS)
18495,0.0002427657405192787,0.44542468364065796,-0.4487584296917997,-0.052046518494878624,0.17592880228927965,HAR-RV (OLS)
18498,0.003885262310083842,0.25925690880706465,1.6365743307361023,-2.6821509863345128,0.2218495453895981,HAR-RV (OLS)
18500,-0.0002601783856330485,0.05595397677440531,-2.0091575024137054,4.108818301973647,0.2985880333486699,HAR-RV (OLS)
18502,-0.0006248797106914578,0.03785373983952,-1.9613640937751076,2.959606727682179,0.19169312622233092,HAR-RV (OLS)
18507,0.001513489209142415,-0.01803264853563321,0.05570159948136322,-1.783795042496792,0.1505324661620917,HAR-RV (OLS)
18509,0.0032336484525232424,0.492491626473262,0.8370142311376243,-6.27422708947957,0.4103476804598716,HAR-RV (OLS)
18514,0.004628802007527816,0.3151182274008025,4.401654379800734,-6.990012198162757,0.19653577735781624,HAR-RV (OLS)
18534,0.0009722508259018061,0.25048740362365723,-0.31114922383095767,-0.44421616130744496,0.05164482813732296,HAR-RV (OLS)
18545,0.001630706138363349,-0.2679785405177225,2.430612840611984,-3.174412527216849,0.2939520305594908,HAR-RV (OLS)
18560,0.0019624871160000617,-0.06345559178101133,1.9982895479208906,-3.0787472741494755,0.3311653255464244,HAR-RV (OLS)
18565,0.0004622747765417137,-0.4211250183167373,-0.681661985156544,2.0563164502296956,0.18484956008940812,HAR-RV (OLS)
18567,0.0011061996673991385,0.0065650045349082906,1.4743351992258595,-3.843619559274237,0.29032815315947336,HAR-RV (OLS)
18582,0.005768678615860799,0.7762422460537275,1.080295656287354,-8.489944000943648,0.4670144771685921,HAR-RV (OLS)
18586,-0.0002944473705170092,0.31636743724356187,-2.2221927307647196,3.000805219475798,0.20851246649161348,HAR-RV (OLS)
18587,0.001465890947559177,0.53532305215928,-0.7209412353744115,-0.24101651547144765,0.364475746041487,HAR-RV (OLS)
18595,0.0013059681150420263,-0.20630454932525627,-0.4099794909174868,-0.021766313703087042,0.11671769280280586,HAR-RV (OLS)
18597,0.013488467815440126,0.2723033404578439,3.106719740445109,-8.69748887043211,0.35266941404150953,HAR-RV (OLS)
18600,0.00090553863640985,0.27301801027914446,-1.0791982698620073,0.08370613611371325,0.13125810191578668,HAR-RV (OLS)
18611,0.0012602391727041104,0.25416653283893537,1.0995033227362645,-2.2443056144445386,0.20959232081259804,HAR-RV (OLS)
18628,0.0017054319342663415,0.512474452409071,3.15925314267836,-6.295945443160105,0.5439474707018455,HAR-RV (OLS)
18629,0.001625577761561203,-0.2674574489942865,-1.5369341966942751,-0.8168264202423645,0.3354030227928958,HAR-RV (OLS)
18634,0.0014147800929439325,0.4007829457582253,2.843491709671058,-4.987628011709818,0.31837810893135166,HAR-RV (OLS)
18640,0.002010006167890533,0.023672635408028487,0.3837113503119158,-0.8899716906466866,0.06474343673305416,HAR-RV (OLS)
18653,0.0009629644088344887,0.7255341997907583,-0.9419077166082735,0.37332176223948244,0.2972001392133584,HAR-RV (OLS)
18656,0.010052471806812348,0.20690553635313833,2.915931032400565,-4.266953388877605,0.33175387247089694,HAR-RV (OLS)
18662,0.001580516457664598,0.43518207657827607,0.8817786189641166,-4.213086301895452,0.28008579062592154,HAR-RV (OLS)
18682,0.0005602938215661686,0.3547157798251757,-1.8008596998856927,1.9651456294755594,0.43636099262349437,HAR-RV (OLS)
18692,0.0019877347902086118,0.3861902913225444,1.093262553781517,-3.317751996425963,0.18243605936314466,HAR-RV (OLS)
18701,0.000487265168042511,0.01985994084491891,-0.9029266433481613,0.9338801083547994,0.060922559423700395,HAR-RV (OLS)
18703,0.0018334879253447134,0.6158956020703052,-0.5577448777953053,-1.1358387876629779,0.4128640701528923,HAR-RV (OLS)
18728,0.002581217226828113,0.18440774690053383,0.9092649473481389,-1.8791867669643267,0.04734401379234754,HAR-RV (OLS)
18739,5.288860889495666e-05,0.058463915740211536,-0.33700579282114335,1.0192981590054686,0.10716878783293216,HAR-RV (OLS)
18742,0.0038870777223415313,-0.3185677275431395,1.7453607853902096,-1.4106617130513137,0.31475171771305654,HAR-RV (OLS)
18748,0.005981691853865264,-0.06358411011574053,1.6396425772897025,-3.047725622372699,0.17203468375922226,HAR-RV (OLS)
18764,0.0036672105943363195,0.335522512913136,1.0484497905114334,-3.015513820813778,0.22661518851400897,HAR-RV (OLS)
18766,0.0002588021504879971,0.015032275998633639,-3.2717531331852157,4.246761192434124,0.20948607865248559,HAR-RV (OLS)
18792,0.0012465858741429914,0.026452842333650778,-0.36259527378494505,-0.4590648886058108,0.0757225722471947,HAR-RV (OLS)
18794,-0.0010516694661894563,0.19263400084761642,-3.3545700278945785,5.632040198083227,0.3513805460116033,HAR-RV (OLS)
18808,0.00039402626120938996,-0.06823300216918068,-2.9229392106953034,3.113945746296383,0.2758974844838742,HAR-RV (OLS)
18822,0.0012880477030044603,0.019347996298111906,-0.19342297458657054,-1.35488669853871,0.0951015106329196,HAR-RV (OLS)
18831,0.0016951613390830149,-0.18418518269362033,2.559134924283603,-4.754456981419343,0.2188601609432158,HAR-RV (OLS)
18836,0.0004368509005635944,0.23156196137554974,-0.39114501558819825,-0.06685573101561892,0.08468787868521066,HAR-RV (OLS)
18844,-0.00038657867440819644,0.4370251348087406,-0.9809105241420237,1.5670506084395215,0.19201302266546527,HAR-RV (OLS)
18848,0.001281642337796694,0.321281596081133,1.5737505489076615,-2.945928067503429,0.15994150921289918,HAR-RV (OLS)
18865,0.0008968752460910285,0.24180622646790811,-0.06498342549682726,0.16367986411102875,0.07441176962772189,HAR-RV (OLS)
18878,0.000349459346944132,0.5239501781223745,-0.8813200183788552,0.8356762482873253,0.2662039269295644,HAR-RV (OLS)
18908,0.0004511329803546773,0.1729148560431019,0.10907556616746614,-0.19488970958647395,0.027215633795124816,HAR-RV (OLS)
18911,0.00033141813345917296,0.20040493695430753,-1.253278209518205,1.7481575521705497,0.16768510962376126,HAR-RV (OLS)
18912,0.0020345110664404375,0.2155645667044347,1.0935324307149001,-1.7812601919526303,0.08275224981047213,HAR-RV (OLS)
18916,0.0003511749944483898,0.6939230027433151,1.043231207130797,-2.332735082504765,0.3255664557111869,HAR-RV (OLS)
18919,0.0010994880559351537,-0.003867653156719987,-1.1030520338714582,0.9958331469806161,0.05216493579855064,HAR-RV (OLS)
18928,0.003575876567224737,0.2570262713136442,2.025647206165524,-3.1156713957024644,0.5765649681655458,HAR-RV (OLS)
18932,0.0019728583752611556,-0.38022773765865503,4.064010547598469,-6.83358853871901,0.2833984146359887,HAR-RV (OLS)
18940,0.00029917614892032096,-0.18259588709792585,-0.5408740483394238,0.8805463415168095,0.04126530527599548,HAR-RV (OLS)
18944,0.0021100701357509907,-0.0687266999659846,-1.252772591527623,0.29995312322499723,0.1866395605329102,HAR-RV (OLS)
18949,0.0005865258854508224,-0.18966198815319546,-0.022343067584437826,-0.990658881659138,0.20063009712358149,HAR-RV (OLS)
18955,0.0007567306432418522,-0.09359379248097767,0.943041791583792,-1.1293569850753187,0.028240929495265132,HAR-RV (OLS)
18956,0.0017772742889816725,0.534532565984969,2.4041248681785783,-6.31833019785743,0.5792870114482369,HAR-RV (OLS)
18959,0.001167567374671523,-0.2517905036135428,2.0214914045890726,-2.770787544431402,0.16028053260708908,HAR-RV (OLS)
18960,-0.0024068307656406984,-0.8194926886458813,-0.8459694186303868,3.274620975848612,0.4246845528460492,HAR-RV (OLS)
18967,0.0009317452995521999,0.007278929488132283,0.5722570144824356,-0.554654331010889,0.03153078472331439,HAR-RV (OLS)
18972,0.00042049883712443157,0.07274508181899617,-1.9735348026285922,2.4140164634584744,0.3109693611631167,HAR-RV (OLS)
18993,0.006876850670469405,0.1986323648176189,1.6454082078046322,-3.546779136871001,0.1824227723196371,HAR-RV (OLS)
18996,0.003130424831525493,0.29370388083910626,1.3259991061838938,-3.0950051022154432,0.0832778395712942,HAR-RV (OLS)
18999,0.00019050775176560064,0.018190143175679067,-1.8647187870297077,2.2937316177678464,0.1644419607827785,HAR-RV (OLS)
19033,0.0008326027495559324,0.12935564136263691,0.8860103157471293,-1.586963750681171,0.11405310967619608,HAR-RV (OLS)
19034,0.0008864724483024057,0.1414634164784175,0.732555662509377,-2.020569993795339,0.04713513172371564,HAR-RV (OLS)
19050,0.0008222082950075139,0.02631532830322566,0.9287055216798672,-2.0358518847472373,0.15642523316247436,HAR-RV (OLS)
19053,0.0010091200755711813,0.46572771208946795,-0.1630699650223617,-1.1372478895940934,0.3032542748149881,HAR-RV (OLS)
19062,0.002228708420877871,0.4408123966688209,0.7568057547143672,-2.2269548378247186,0.2486241767039432,HAR-RV (OLS)
19065,0.0016792249088093472,0.25911773784341824,-1.083471442544081,-0.5711447177685111,0.16398266838525777,HAR-RV (OLS)
19068,0.006654708476002018,0.14452989063042007,0.34028988602896415,-2.1806589931081475,0.20885113909075959,HAR-RV (OLS)
19072,0.0022744486942693275,-0.24229098526278914,-0.20165482076849772,-0.7291816123403878,0.15558175449374445,HAR-RV (OLS)
19090,0.0009895044243307023,0.07805508745919522,1.6635540249843221,-3.250579162628844,0.10807498055933007,HAR-RV (OLS)
19104,0.0006393201988229708,-0.02967990700423194,0.06491734211884764,0.2405096735412366,0.030558711549326878,HAR-RV (OLS)
19136,0.002082445708366344,0.13624883434318646,-0.743065815471267,0.7714053631079305,0.03401856734000852,HAR-RV (OLS)
19147,0.0038677512854958674,-0.05635618561464844,0.5912711859336842,-1.7805319092748106,0.1544493971366212,HAR-RV (OLS)
19148,0.0022783065794255036,-0.06441614882144989,-0.5453812550186204,-0.36558097829567465,0.09226138886423474,HAR-RV (OLS)
19154,8.688406656415975e-06,0.1553637063038908,-2.5708195039991324,3.17664498322799,0.22214991735748835,HAR-RV (OLS)
19155,0.004712790382469249,0.5664172728640281,1.0036350526047952,-3.3348118605562664,0.3891766156325972,HAR-RV (OLS)
19157,-0.0018772277920926013,-0.4265636299650393,-1.3278771686034434,3.186152804083666,0.4233860928787382,HAR-RV (OLS)
19164,0.0034337531206969363,0.19681731958235685,-0.4191067825399072,-0.6072134746443991,0.08874178313754566,HAR-RV (OLS)
19176,0.0022142314583176595,-0.4734306679944298,1.441669459482329,-1.8534226623363745,0.18367905810260798,HAR-RV (OLS)
19180,0.0014476201392933587,0.2609542401711245,-0.34223143273894296,0.10482267795108818,0.054613460496208854,HAR-RV (OLS)
19204,0.0011901738623137333,0.06997780297526676,0.6384387835827497,-1.174058663844621,0.054815343979004894,HAR-RV (OLS)
19222,-0.0005919494827609493,-0.2756261766083541,-2.262379829228266,4.411627889283906,0.22806881307931692,HAR-RV (OLS)
19226,0.0028291329487748996,0.2597138912020271,-4.632425529349932,2.9737973780004276,0.5345526088885246,HAR-RV (OLS)
19230,0.0007159289094539881,0.2132333134257836,-2.3655938733674384,2.228913277535961,0.22239211152085858,HAR-RV (OLS)
19234,0.001332109992843002,0.3830430016078247,0.42597429162061906,-1.15420026093229,0.25010822638322505,HAR-RV (OLS)
19240,0.0014263001847089375,-0.023860093316411125,1.135957672973767,-1.9213875266236773,0.1626085784345399,HAR-RV (OLS)
19255,0.0008621896872307448,0.22770930659829067,0.5333412429490895,-0.5719194590901355,0.13695499884429008,HAR-RV (OLS)
19260,0.0036506475442935095,-0.027462045905260916,1.2586401022351112,-3.6767990741204897,0.1690287301816651,HAR-RV (OLS)
19262,0.001138073086806214,0.31484445404126127,-0.5090863336682395,0.684065817050252,0.17453007211672955,HAR-RV (OLS)
19265,0.001414055576104559,0.18426087272935873,-1.2976099279327582,0.6841102415069404,0.1417475587712621,HAR-RV (OLS)
19267,0.004606585293726953,0.5952738677314126,0.17406981653765596,-3.288500365520695,0.44255460087323495,HAR-RV (OLS)
19271,0.003485990197137699,-0.0026025435250735477,-0.40052401389723125,-1.6376746847559085,0.21811438474364409,HAR-RV (OLS)
19274,0.0022149749113641705,-0.16703389816981165,0.9055163946963782,-0.9750702711070021,0.04290293154372549,HAR-RV (OLS)
19281,0.0007202829769475975,0.5227765985501986,0.39020654367050833,-1.5146555828307005,0.28728649183898847,HAR-RV (OLS)
19294,0.0008135810536325219,0.357965006421209,1.7575331102704967,-2.485753423666922,0.4471241933962581,HAR-RV (OLS)
19300,0.014764471322877752,-0.02755387168560498,3.4630262838547026,-5.875911329388823,0.39365455366029345,HAR-RV (OLS)
19309,0.0016980137413942508,0.17672664584435321,1.3094209266970265,-1.6056856528081225,0.172627870380188,HAR-RV (OLS)
19333,0.003242995396104415,0.28786928457519073,-1.7370547674729917,0.08287524345137232,0.28044214027872827,HAR-RV (OLS)
19358,0.00021638169091108797,0.10224652120017744,-2.2533661665493248,2.5384153947158565,0.22165419827544475,HAR-RV (OLS)
19365,0.005173317429074,0.12112573046894214,3.981149353916837,-6.805559390915767,0.690288411442014,HAR-RV (OLS)
19373,0.001510553855414867,0.023100945144290924,-0.9337186673723363,0.8308934269881825,0.04835667021670209,HAR-RV (OLS)
19385,0.0009160919906851762,0.2507460690424309,0.37232871098906184,-2.0650847139532136,0.24524456540522588,HAR-RV (OLS)
19386,0.0005833023557061453,0.08460688111512689,-2.0883422806667986,1.8747964436569327,0.29152973429352735,HAR-RV (OLS)
19389,0.0010582302124160102,0.6041492397502836,0.15691226272102354,-2.249411709759689,0.248109811049804,HAR-RV (OLS)
19390,0.0010798063847085977,-0.228914479612173,0.5778871494508295,-0.9570773939323987,0.133401646403433,HAR-RV (OLS)
19417,0.0019025501720087367,0.4812057548338792,-2.4090271694406464,-1.228534630528133,0.3946837144329517,HAR-RV (OLS)
19428,0.0009797531365196251,-0.21762603596791033,-0.0532052984414188,0.6209571196643281,0.17156002304569262,HAR-RV (OLS)
19434,0.0018619274393340075,0.3372397604937128,-0.024946208861956976,-1.5947805536237816,0.16419371421419204,HAR-RV (OLS)
19444,0.003897063102167074,-0.4450936225388465,2.580204214480673,-3.6517280430142365,0.258681436925008,HAR-RV (OLS)
19453,0.0035742960673384215,-0.35450327326388786,3.8203027750059855,-4.289581990448423,0.21128539516593758,HAR-RV (OLS)
19459,0.0010968675377483932,0.27116252132700913,-0.48458907902226545,-0.9263317166876635,0.14614283307289844,HAR-RV (OLS)
19466,0.0007983768203801466,-0.09321986709028406,0.2793344335999768,-1.4514432294854724,0.1292239009806332,HAR-RV (OLS)
19472,0.00239889582469123,0.033851860941775315,1.5659160767043858,-5.565671951548051,0.2904391120243307,HAR-RV (OLS)
19476,0.0021004150458246735,0.1109955570744595,0.5620567273247107,-2.645541590723984,0.2416909462918687,HAR-RV (OLS)
19483,0.001679442070167689,-0.16158182381059985,2.5713516761795936,-3.5313875964296924,0.14120380589218084,HAR-RV (OLS)
19488,0.0026118913210237344,0.4986689995777813,0.5596011733458623,-4.530871776293443,0.36872312153682196,HAR-RV (OLS)
19489,0.0017790256184896736,0.18405958630475514,-0.9497689873710224,-1.1197561081864147,0.16752595732866715,HAR-RV (OLS)
19491,0.0032107796893364304,0.435912938185301,-0.8462310213696527,-2.0848807247286443,0.4188288819184621,HAR-RV (OLS)
19493,0.0013594352268137906,0.7004363689337098,0.7485598659548646,-2.512270335320295,0.4655499924819304,HAR-RV (OLS)
19495,0.0007121781138581178,0.24332993252899904,-0.014845992001010444,-1.6491544630011303,0.18319373149850549,HAR-RV (OLS)
19499,0.0010438290528398486,0.32392643987855807,-0.05419649986895028,-0.013403713621869894,0.11505692148392854,HAR-RV (OLS)
19509,0.001382883224521124,-0.15140918203845063,1.1536955098446453,-1.2477057288470592,0.08506547949536336,HAR-RV (OLS)
19512,0.002308184447976817,0.38952776679425744,-1.5161196450030938,0.9864687471891934,0.24737264260977498,HAR-RV (OLS)
19527,0.0010392664361964863,0.27335796880146274,0.07971829926224455,-0.9188953572686518,0.22118026448290284,HAR-RV (OLS)
19528,0.0014369438182721388,0.6278852184745126,0.38063677124768047,-2.6036117473459135,0.5965318096018408,HAR-RV (OLS)
19531,0.0037271852937755872,-0.4119328663810464,3.108380139727343,-4.110959641381626,0.44099155995354045,HAR-RV (OLS)
19532,0.002870139901851675,0.6127698127942597,0.7928215892396857,-3.028391652095438,0.5111287515457565,HAR-RV (OLS)
19542,-0.0003527741330724835,-0.337026484116894,-3.1289853470342535,4.4189345557415285,0.23509379375765294,HAR-RV (OLS)
19551,0.0011993378537724104,-0.04331711071479164,1.688486785735939,-2.561535473429276,0.08172921848235148,HAR-RV (OLS)
19554,0.0010433218005817249,0.2809997531800691,0.38362930314323274,-2.8607801239871793,0.26995776994172627,HAR-RV (OLS)
19579,0.003285150772609208,0.09033626743152018,1.819871639076087,-3.5297966492276434,0.3025310491275294,HAR-RV (OLS)
19580,0.003340028087095475,0.12479226694308718,2.1992164619678665,-3.9319054734866716,0.3847386766802898,HAR-RV (OLS)
19597,0.004324051626346038,0.2198015404089384,0.8689700967503712,-2.122837334253741,0.14037100825654747,HAR-RV (OLS)
19603,0.0009962666648116322,0.3705725764624489,-2.705327380053417,2.281446032205338,0.22388362904946058,HAR-RV (OLS)
19606,0.0011529018507829636,0.19960631506888601,0.6519644254519197,-2.2966019972434957,0.19645118419512198,HAR-RV (OLS)
19612,0.0026265902179549603,0.27537762037674196,-0.8171813045783265,-0.8511371073911196,0.35993934375646763,HAR-RV (OLS)
19614,0.0014183042045730456,0.24557387348393037,-0.05019048650872371,-1.6269433654474135,0.11691556986327523,HAR-RV (OLS)
19623,0.0010614440827667682,-0.32689531209321954,0.5121878863087136,-0.6748823853333223,0.15600846614146546,HAR-RV (OLS)
19625,0.0005560882881808251,-0.17790589979555382,0.23741587421505791,0.0797220680823992,0.028680576629812493,HAR-RV (OLS)
19626,0.0012826884308123703,-0.11256426787498094,2.630317637487404,-4.328049405947371,0.18853642199833476,HAR-RV (OLS)
19629,0.0020061970892848073,0.15347907474271252,1.3010574573840448,-3.4269734499434237,0.022539207251577875,HAR-RV (OLS)
19636,0.0024461986219567805,0.21510478432436683,-0.244715043943172,-1.356422358550267,0.11943604155571663,HAR-RV (OLS)
19639,0.001618795844586391,-0.29669676396319156,-0.6629051371370389,1.3836887598355418,0.08274570761328992,HAR-RV (OLS)
19647,0.0017938953108605402,0.0636143744938664,0.5445822100087965,-1.9075280270067527,0.15501477797883023,HAR-RV (OLS)
19651,0.0016401098217033237,0.010787985669521702,0.2831948186273494,-2.4188333538042626,0.14625228263498324,HAR-RV (OLS)
19660,0.00686880536738305,0.5250811424961234,-0.5375092626590503,-1.92883090138155,0.5285956092269237,HAR-RV (OLS)
19678,0.00038350701493802185,-0.24199203554062707,0.03234548991230102,0.39761558831600374,0.16707867189520131,HAR-RV (OLS)
19690,0.000675903207854903,0.22456976549432986,0.7845842546134717,-1.9664974736143448,0.19149985735773867,HAR-RV (OLS)
19697,0.00670859808859411,0.11012399363323461,1.4598269354469777,-2.802386955726857,0.16805225088844977,HAR-RV (OLS)
19699,0.0010143023302010355,0.06925304625077297,1.0813641642933471,-2.4215714731282345,0.09567079413068103,HAR-RV (OLS)
19725,0.011814576443038103,0.08009680522112265,-0.43086362234405995,-0.028453694214308767,0.06925781741932313,HAR-RV (OLS)
19729,0.005254283789929818,0.046114958883189894,-1.1961540107414974,-0.06303491058840738,0.21404673765580928,HAR-RV (OLS)
19735,0.003913607627955637,-0.03377917739267104,1.5985749179587792,-3.843367712105944,0.2174300802031045,HAR-RV (OLS)
19747,0.002220270229254707,-0.04209013294841638,-1.2790966438419724,-0.491688359344992,0.23408232034530518,HAR-RV (OLS)
19765,4.996032809552551e-05,-0.32625954248005207,-0.5134780028878421,1.4313448247211085,0.12156508515245423,HAR-RV (OLS)
19772,0.00023149402799090945,0.5436289859641108,-0.47123125619110906,0.8009898003921996,0.3517432819262082,HAR-RV (OLS)
19799,0.0015567050278843628,0.022608566356405964,-1.3362348861179418,0.27113001765229594,0.2719514938752301,HAR-RV (OLS)
19810,0.0002498977165609127,0.6929016517805326,-2.6458529811328426,2.181395836721831,0.3350852516681456,HAR-RV (OLS)
19815,0.0007849600540066577,0.23654363372939888,0.921453751480219,-1.4277537246776446,0.10796313442475802,HAR-RV (OLS)
19817,5.696010975963107e-06,0.09509460686415887,-0.18628187124057716,0.7793053076268182,0.4568942624844997,HAR-RV (OLS)
19830,0.0007579756492769484,-0.17541151019900647,2.574080229861393,-3.328422205676153,0.4226467636678276,HAR-RV (OLS)
19839,0.0016295169458803173,-0.5495825416057273,3.3831702969989705,-3.93300101625836,0.481697296565781,HAR-RV (OLS)
19845,0.005686767308572267,-0.20842505035277162,3.9750911642951308,-5.700510088777484,0.25945271367421585,HAR-RV (OLS)
19871,0.0014866467407917733,-0.45292973260536173,1.9628711442142537,-2.7247160471939935,0.14780603278206328,HAR-RV (OLS)
19873,0.0027055489740406345,-0.05657955305566589,3.7102254213039756,-5.697662113342547,0.35731188966283767,HAR-RV (OLS)
19876,0.0011907313246617443,-0.022962673306844077,0.20935692456600363,-1.1539399184985084,0.3046992708597437,HAR-RV (OLS)
19883,0.0018288841010796228,-0.029557529000861157,0.2924053219565588,-0.8244155880066127,0.023560744664408384,HAR-RV (OLS)
19904,0.0026423618542775564,-0.3157097960271099,0.9644261998329992,-1.103739853057924,0.1828301413114367,HAR-RV (OLS)
19915,0.00030621962113324455,0.08408695103457402,-1.8287639967988878,1.948160390999711,0.08996569380199027,HAR-RV (OLS)
19923,-0.00033567698898723654,-0.22797856041479395,-2.60191310563053,4.0364472271623235,0.1945575373273668,HAR-RV (OLS)
19935,0.0009998321669240006,-0.08025054237618491,0.6139956381629935,-0.37999697999060816,0.043099362975765665,HAR-RV (OLS)
19949,0.00017383772992860097,-0.6257326580631627,0.6751365365001784,0.7175943485526369,0.30173992898817736,HAR-RV (OLS)
19955,0.001909525164765768,0.2663018760492564,2.062168835200262,-3.369650816915452,0.06048360993551494,HAR-RV (OLS)
19977,0.0028326334406453537,-0.05716629821556807,-0.6602727102361554,-0.901313480711956,0.20910793258201765,HAR-RV (OLS)
19994,0.00699572357590718,0.08310024694842535,0.9561600864301603,-4.475355811099823,0.16119309798039305,HAR-RV (OLS)
19999,0.002442130721968146,1.1946651450197048,-0.43742446540956614,-1.1389292516467877,0.8455691086900875,HAR-RV (OLS)
20008,0.0017124299634931994,-0.20146828880200437,2.8505289426693667,-4.857280206974103,0.3207768496288169,HAR-RV (OLS)
20017,0.0003968818537601857,0.2173047659647798,-0.3740511948943933,-0.004199496872109798,0.060713316938924455,HAR-RV (OLS)
20021,0.003039467939025817,0.5521057247450414,3.6094500938174305,-6.598679283264701,0.6888684732584529,HAR-RV (OLS)
20033,0.001092923135566872,-0.1782711088957548,0.48691992373003645,-2.4879970867086527,0.21685789646074782,HAR-RV (OLS)
20055,0.0005420306059753024,0.41248745060659275,-0.15610411514904254,-0.24806861026425325,0.1314191425911908,HAR-RV (OLS)
20057,0.003964365352474863,0.706781032255334,1.6363999827794466,-5.525861571949546,0.5252092483441824,HAR-RV (OLS)
20063,0.0007666152504478476,-0.45701381743163827,1.7369019177772662,-2.281694572503093,0.19978006661759473,HAR-RV (OLS)
20064,0.00035514150105758226,0.17594963889788132,-0.4126004265700811,0.42367414382833113,0.10137438612060912,HAR-RV (OLS)
20078,0.0013816891525360343,0.32043349921123304,1.1492326417879726,-5.715665544464532,0.32253001317324126,HAR-RV (OLS)
20083,0.0005977598547657298,-0.049864785471554214,-0.31289632387743194,-0.24272082984314527,0.20358412301436546,HAR-RV (OLS)
20084,0.0008821124195965782,0.533285110149389,-0.49809235175585187,0.3886787048404087,0.20656700274712525,HAR-RV (OLS)
20086,0.003315699310475112,0.27024756028693936,1.628975114643613,-2.0863498591691014,0.1895619283656801,HAR-RV (OLS)
20099,0.001839511998286566,0.21183889736902065,0.910509056091934,-3.2552307180320996,0.19881194515967382,HAR-RV (OLS)
20127,0.0011051313861807235,0.24152318255415353,0.11165317000512587,-2.1330273788766485,0.08550388938193898,HAR-RV (OLS)
20128,0.0005965499493775178,0.11553619364306913,0.9588641521082474,-0.7756556057052342,0.18838560635547819,HAR-RV (OLS)
20132,0.0014594951482767133,-0.29740449847892514,1.0153850383517156,-0.542952730345736,0.1531977430524415,HAR-RV (OLS)
20135,0.0028590174997207922,0.33666705954602955,-1.10032366052395,-0.4716154863989412,0.2309629368354844,HAR-RV (OLS)
20136,0.0013873627176363792,0.6958449077218183,-0.12998527124552706,-0.9558412569872821,0.4702273256549986,HAR-RV (OLS)
20164,0.0022517457168766725,0.6171420067051064,-1.226684645527406,0.0806192050639063,0.38164834940604997,HAR-RV (OLS)
20172,0.0009243373725390082,0.4709921924826666,0.6185772026070362,-2.192541636458459,0.3336802747708276,HAR-RV (OLS)
20196,0.0015372068486392357,0.4092459891823737,1.2828137163046414,-4.366755423499163,0.13419833086537625,HAR-RV (OLS)
20199,0.0022935056369062226,0.8626822291893067,1.3163426496899722,-4.154483734695781,0.30123137217986984,HAR-RV (OLS)
20213,0.0007862512186316566,-0.14556961517991177,-0.29238852650174163,-1.022940821173275,0.1330950138932543,HAR-RV (OLS)
20214,-0.0002070448663831642,0.3098637510395033,-8.628380045636723,9.348572084929918,0.46813844647138625,HAR-RV (OLS)
20225,0.0008809876412477572,0.9657434909732321,0.28380664466998395,-1.7861111675278643,0.7269561134129343,HAR-RV (OLS)
20227,0.004653839988161563,0.36609217459066346,2.9288560647355695,-4.9849974145978395,0.3676502616398969,HAR-RV (OLS)
20234,-0.0006955195947063647,0.5222384969872236,-5.724291865996742,8.350944844106204,0.4753804197167858,HAR-RV (OLS)
20255,0.0005454161659676027,-0.6291813806105897,0.9911227471361092,0.0661312598637781,0.23691751434702757,HAR-RV (OLS)
20265,0.00137934414888176,0.05860724258829186,0.4855550222433672,-1.112172635558937,0.09327355326546516,HAR-RV (OLS)
20268,0.0015239937974270805,0.18492999308889582,-0.6166154976968283,-1.48387934618464,0.21614484103199527,HAR-RV (OLS)
20271,0.004696610129697757,0.6651463097812286,0.24648943701481485,-2.561395158054478,0.4277575864653621,HAR-RV (OLS)
20306,0.0011370640226882516,0.41725945388781555,0.5987284176164309,-3.0033155610992095,0.3075663864138828,HAR-RV (OLS)
20317,0.007523999746945696,-0.8511899923893854,4.22761993245574,-5.950547891167,0.308082119528308,HAR-RV (OLS)
20323,0.0004908523840892001,0.523595453248066,-0.9208088880467447,0.9862737070992205,0.28961031296238693,HAR-RV (OLS)
20326,0.002455544676396935,-0.08592431318511866,0.3039428574278724,-3.616473607637205,0.45399173120158665,HAR-RV (OLS)
20327,0.0011895105685058188,0.029497304087954885,-0.6125017456125662,-0.7351335739490819,0.12385650427066175,HAR-RV (OLS)
20329,0.0005954723720516933,0.31968310716833825,-2.3770621890506867,1.7797581725074294,0.4112998440899891,HAR-RV (OLS)
20336,0.0016803292654897727,-0.2686870337088042,2.120976470824863,-4.176565501047198,0.24912230556203085,HAR-RV (OLS)
20341,0.0018595984098813809,0.2364636719170425,0.0012371996124793672,-0.5899657563006107,0.1129332992865586,HAR-RV (OLS)
20351,0.0008741275541803183,0.399344008199522,-0.7923921252122959,-1.0268479175863146,0.2894766568272563,HAR-RV (OLS)
20382,0.0009140285509438106,0.08394441660091073,-0.23317467949761572,-1.0114453819528262,0.12449782667895937,HAR-RV (OLS)
20384,0.0022112948587958052,0.5454695386283166,3.0600958307762736,-6.297323209406187,0.20521222701157438,HAR-RV (OLS)
20405,0.0004701133381802699,-0.29012920552366156,0.97144168189186,-0.2592444153379185,0.025894140491740325,HAR-RV (OLS)
20406,0.0001910735212443168,0.6083458562085992,-1.421868330790161,1.4103438794595982,0.29940600604465695,HAR-RV (OLS)
20408,0.005115501977609873,0.49516564802983926,1.7471395142699384,-3.6586451185327404,0.4435683304316633,HAR-RV (OLS)
20410,0.0009622368904098565,-0.041074811666499914,-1.0257783211981761,-0.35657206470177494,0.42056724523415234,HAR-RV (OLS)
20415,0.0017555032419876637,0.1664474174328638,3.563959613136222,-4.797587561293202,0.32225549278718535,HAR-RV (OLS)
20418,0.002575802712550975,0.14859398176324418,3.0610785206915736,-4.695801973439188,0.3966753762709949,HAR-RV (OLS)
20430,0.0015966588973848708,0.0065849321265342795,2.296661704502796,-3.6740069945691847,0.26695272798181047,HAR-RV (OLS)
20434,0.006363597417829434,0.20787627873037887,0.8257517984334916,-2.3501901565899037,0.1012869167849334,HAR-RV (OLS)
20435,0.0018943786399689799,0.2765489500562326,-0.3912711640489792,0.32019320441155363,0.08922744006986472,HAR-RV (OLS)
20439,8.356335757346372e-05,0.41975080964157163,0.3491080643259913,0.2852669372544798,0.3841640320334929,HAR-RV (OLS)
20445,0.0007697487734625867,0.048372263788998164,0.3524252102019001,-1.4338746623544112,0.09211588057306952,HAR-RV (OLS)
20453,0.0004257374502773811,-0.527422042023146,1.931606582645554,-1.9811977166221066,0.2626649249453975,HAR-RV (OLS)
20457,0.0016168625206233636,0.3267505720305652,0.7574468322656999,-2.2227172867234923,0.23491416895144357,HAR-RV (OLS)
20460,-0.00034113401447596577,-0.37485597524127356,-2.643794743363727,5.5325105545949045,0.249789115586456,HAR-RV (OLS)
20469,0.0008885219576965316,-0.14703508438337298,-0.7462201015989303,-0.5875701875213291,0.4315046290680693,HAR-RV (OLS)
20474,0.0008363646165642925,0.5908121638387649,0.09728627462230849,-0.7189151369010699,0.18690474346875174,HAR-RV (OLS)
20491,0.002926337778851333,0.32810479039759793,-0.2864810489193117,-2.8111418177224268,0.31219157491003713,HAR-RV (OLS)
20498,0.0032090955086920875,0.11099409635670254,2.330584617530248,-3.2628039862921554,0.1703139680348298,HAR-RV (OLS)
20499,0.002310063608572152,0.16634698747308557,-1.115566974976467,-0.33342194353062327,0.25967338090240644,HAR-RV (OLS)
20550,0.0019362568510668534,-0.10176373565573367,0.5631275346507947,-2.775838772187204,0.2911652804560646,HAR-RV (OLS)
20551,-4.080365686099394e-05,0.26362279542137596,-1.2999633825060477,1.8465869192759978,0.2748408975129857,HAR-RV (OLS)
20557,0.0005822796203749698,0.26834741118852307,0.6245627711226455,-0.6719300800809508,0.26883528139340007,HAR-RV (OLS)
20559,0.0009218858497380801,0.40403838110531143,-1.1515519511897025,-0.0317606956062938,0.2690542519703507,HAR-RV (OLS)
20563,0.0017260858425118242,-0.09340436095412952,0.42055181163082844,-1.4006104175330976,0.10256259412412905,HAR-RV (OLS)
20568,0.0005090006664735132,-0.19253939654071958,-0.3673870887345757,0.325677125068348,0.09525611172857551,HAR-RV (OLS)
20571,0.0016066556313219448,0.18875771624642967,-1.408953325958489,0.2196235480148201,0.34271495378643746,HAR-RV (OLS)
20577,0.002603404716935256,-0.003144937299638676,2.065207635817345,-2.956895824384058,0.14147960554040784,HAR-RV (OLS)
20581,0.0014509081860248512,0.03249684808725896,0.08552037918673877,-1.1109115741890694,0.05783208675899487,HAR-RV (OLS)
20585,0.003349365423328635,-0.17130924469534767,0.6831509687902768,-0.9980617265916929,0.06656133690855115,HAR-RV (OLS)
20597,0.00028428012169892257,0.7160862883113156,-0.5404392166437963,0.5954286594692517,0.4236655124868486,HAR-RV (OLS)
20603,-0.005946644378494246,-0.24786443328539334,-2.2859839328481883,4.2171265645597416,0.34734974022881016,HAR-RV (OLS)
20630,0.000546139766968423,0.3276376681960169,-0.6172042910679547,0.46488193456020666,0.11018271828280146,HAR-RV (OLS)
20631,0.000441071503159644,0.12740731630752705,-1.816314388345125,1.6950713942278828,0.17821204051850847,HAR-RV (OLS)
20644,0.002101560239667146,0.19955843842979096,-2.033138710681577,0.6572665753879228,0.2305268684885049,HAR-RV (OLS)
20651,0.0029120015440715786,0.2753977617786955,-1.753897150277628,1.1678035811154905,0.4479900763263702,HAR-RV (OLS)
20669,0.0005581364528508745,0.12092885394628533,-0.13523068152672466,-0.21031162107565346,0.02290274718288665,HAR-RV (OLS)
20673,-0.0006092204826496404,0.16010565966869364,-1.220947040030596,2.432213185737841,0.3240365403128773,HAR-RV (OLS)
20678,0.003988781569756168,0.5313136572316246,0.1463703632354545,-0.9287057133310672,0.2871820847096017,HAR-RV (OLS)
20691,0.0011781237082169444,0.46526231641428156,-1.1581237871073657,-0.45382172531363096,0.3975138604017131,HAR-RV (OLS)
20715,0.00038076268252387486,0.2756928325273296,-0.9070708031368697,1.2430981430500734,0.09579646726775448,HAR-RV (OLS)
20732,0.0024226420643052053,0.16295683428363086,-0.056531596622752756,-1.0933768933064545,0.09375514976407295,HAR-RV (OLS)
20734,0.0008893131134626172,0.19222508000971492,0.7164171709901982,-1.1765962600102506,0.08611106479965402,HAR-RV (OLS)
20762,0.004614483616136378,-0.024290072374221094,2.8670924987582436,-5.230279604516521,0.17192756441311163,HAR-RV (OLS)
20770,0.0005531901816958522,0.3022356927401373,1.3696062996792238,-2.5219407765196853,0.5713234640263786,HAR-RV (OLS)
20776,0.003986990623891149,0.4483342143740931,0.41543129208977647,-2.04459452970553,0.23033759019845856,HAR-RV (OLS)
20782,0.00041978325963348237,0.026900289472314442,0.4231038583630867,-0.37988979508728293,0.01096695167861339,HAR-RV (OLS)
20785,0.006498231796085357,-0.09134854048638567,1.5356546124086046,-2.545079315339172,0.1485427307843996,HAR-RV (OLS)
20790,0.0011631169809253779,0.4913041555081794,0.7241240258178754,-3.846134025077321,0.23836045661555505,HAR-RV (OLS)
20796,0.0016449781508400272,0.13720822880584985,-1.1923355219621168,-0.679260287395357,0.24827569234183633,HAR-RV (OLS)
20810,0.000547676063605212,0.5131190769443361,-0.8464232244219752,-0.4939496646113739,0.2695506370138073,HAR-RV (OLS)
20826,0.000618600949511753,0.1209665637845037,-1.3272459736216609,1.1794567204870987,0.13604190708511588,HAR-RV (OLS)
20827,0.0010864111787627561,-0.5558017282762113,2.4156938979158213,-2.3351018961407095,0.2360254896852475,HAR-RV (OLS)
20837,-5.6004308665342866e-05,-0.14137754261924348,0.5604258122577697,0.8175764577249044,0.15667980790479374,HAR-RV (OLS)
20843,0.0015324256672093481,0.3977740330630847,0.3422575866449814,-1.4583388755297064,0.22321442606429398,HAR-RV (OLS)
20851,0.005294081604779326,0.2537372047230947,1.4871502700299868,-3.5517489360261316,0.17944900445879786,HAR-RV (OLS)
20858,0.0012323847355200806,0.3020592223746807,2.128469000463204,-3.330192687490481,0.3482319565080425,HAR-RV (OLS)
20862,-0.00024559593873445533,-0.18318204537605015,1.7654331632103981,0.09442821756553255,0.33439944185520043,HAR-RV (OLS)
20872,-0.000673934742344783,-0.5753350456740208,-1.063704842335798,2.792593273888224,0.29875479586222664,HAR-RV (OLS)
20881,0.006533972243974404,0.2853624189858182,6.30988315835572,-13.814667634351137,0.5367892192910417,HAR-RV (OLS)
20900,0.001090357462537417,0.15212033907360636,-0.34999331971236736,-0.7583953461533512,0.12227377689011021,HAR-RV (OLS)
20914,0.000892964999502803,-0.25944991188115024,-1.2150426080295733,0.8512825324821244,0.27904431604883384,HAR-RV (OLS)
20927,0.0011363640133721271,0.23152760019310695,0.5898315644721187,-1.8397390105857012,0.2335871833121067,HAR-RV (OLS)
20928,0.0020246929933291735,0.20146728195814348,1.5228004062684641,-2.4536669837410554,0.13639450613042536,HAR-RV (OLS)
20935,0.00023255059281308629,-0.08500514452271278,-0.29838957114301234,0.4070185875060919,0.01549802570860892,HAR-RV (OLS)
20936,0.0017099383337743426,0.19403506421183908,0.6819967825942538,-0.6668456722633094,0.33407384962177766,HAR-RV (OLS)
20939,0.001235750818576519,-0.4096875701643046,2.1255992194670714,-2.507938002082949,0.13960304380698862,HAR-RV (OLS)
20944,0.0009252672736533647,-0.05396567707025665,0.9049417881033932,-2.1631654346271185,0.1890845365538738,HAR-RV (OLS)
20945,0.0006956301217373965,-0.41701824263611514,1.1880738778102196,-0.8052037684431824,0.13635102935352938,HAR-RV (OLS)
20950,0.0005972088875743184,0.03070935602921362,-0.33299567471150365,0.2753044486009093,0.013243535377057802,HAR-RV (OLS)
20953,0.001272248378787295,0.01657344343711407,1.9284964201013723,-2.2865489827028838,0.41564611718363154,HAR-RV (OLS)
20972,0.0013298651405057925,0.3684475501413143,0.10257208119281336,-1.8812035115054062,0.22357751169041584,HAR-RV (OLS)
20973,0.00112471886110757,0.20912882531682397,1.285132429920693,-3.079888798327349,0.21863817789286422,HAR-RV (OLS)
20995,0.0020616197221323793,0.28177675246974465,0.6370137997573292,-3.118389020068048,0.38249734890741127,HAR-RV (OLS)
20996,0.0024886658450157515,-0.2716497500602274,0.14369968525485255,-0.6340365341685712,0.11394715994472471,HAR-RV (OLS)
21020,-9.233604076676924e-05,-0.33192938399862,0.36636885491662907,0.8575225448920183,0.10578527024833495,HAR-RV (OLS)
21024,0.0016346488877512408,0.7172028168141616,-0.8570093955296181,-1.7005565326556318,0.391862367272963,HAR-RV (OLS)
21038,0.0029921503043264758,-0.03716532892439486,-1.1360957096071942,1.1685156796034724,0.11533462314359799,HAR-RV (OLS)
21040,0.0006503872366728699,-0.364965770069605,0.8380963039472693,-0.6131372457479349,0.05992981805893349,HAR-RV (OLS)
21051,0.001955933763389225,0.06109301686824539,-0.29522537815184124,-0.782534850458908,0.08962308550068232,HAR-RV (OLS)
21053,0.0023270677273147067,-0.003328308446104144,-0.6775715569111955,-1.3303963500347082,0.3866000122217883,HAR-RV (OLS)
21074,0.00046315863656441026,-0.12711067645864613,0.20314197129488504,0.04715245383410195,0.016856309600897235,HAR-RV (OLS)
21079,0.006511257409438884,0.6226341269624794,0.7880936212515706,-4.520854230921251,0.4148406706290332,HAR-RV (OLS)
21083,0.005018535731349076,0.20017169363946383,1.2081140253584028,-1.8501904945060808,0.149822263830102,HAR-RV (OLS)
21094,0.003533435273101704,-0.43196605979204256,2.2326432025896685,-4.448193462906538,0.3835264246164337,HAR-RV (OLS)
21099,0.001814078428556702,0.38501441667740505,0.4844359957830149,-2.2944751383004505,0.22079552045441042,HAR-RV (OLS)
21103,0.0004937853606371929,0.1620997068191113,-1.1336939739461065,0.856961401286234,0.14300857192974725,HAR-RV (OLS)
21116,0.001941401180752716,-0.41306034371464445,1.8302752895165222,-2.2429243958181053,0.11183045022774607,HAR-RV (OLS)
21121,0.001965847982039987,-0.1447873668543581,0.5470470194445162,-1.780540127903948,0.11628611629055619,HAR-RV (OLS)
21136,0.007895568921919675,0.8489313174734797,0.8537633092668453,-7.355222718297822,0.5956939024715406,HAR-RV (OLS)
21139,0.0010464644914941735,0.3848276223911538,1.5891884206408355,-3.323561604935832,0.32790059041934705,HAR-RV (OLS)
21145,0.0021997335192278328,0.3133058889750752,1.8322761220685069,-2.2717426263797402,0.3424821500567402,HAR-RV (OLS)
21148,0.0008333221688810854,0.46679251475782,-3.622254600722942,2.284978005437423,0.5814886208550103,HAR-RV (OLS)
21164,-0.0007197332222802163,0.11400097342992686,-0.9580726542089006,2.8118616917246055,0.21556413145869435,HAR-RV (OLS)
21169,0.0005194515286277561,0.17533220056484583,0.9141024026875222,-1.9426014541771977,0.06208520169865395,HAR-RV (OLS)
21179,0.0035742347899685757,-0.1931690027808337,1.25387420056963,-2.588225280624802,0.18245966379060008,HAR-RV (OLS)
21203,0.004266835876427442,0.34640628765702336,2.303535361952047,-4.5605012429668905,0.33294399834326294,HAR-RV (OLS)
21208,0.0014567126620195444,0.13580487117856016,0.014601865641456158,-1.0216838701888664,0.15341741835048162,HAR-RV (OLS)
21218,0.0006522562106789932,0.20613339580587373,0.20757166178134537,-0.6277997982748642,0.0518743681777083,HAR-RV (OLS)
21239,0.0007792869386678039,0.16321737506982473,1.3064872990727872,-1.9889283872829056,0.08640192810117342,HAR-RV (OLS)
21240,0.004027859957517596,0.2126109013776129,-0.7060130820494426,-1.7530077330939389,0.29790721603784065,HAR-RV (OLS)
21243,0.0004377605093595288,0.004751435899780873,3.1937882369901494,-3.35083947881197,0.4383760377182142,HAR-RV (OLS)
21246,0.0012234137456260332,1.0060413611980223,-1.136332520411621,-1.468174783709732,0.704458445953916,HAR-RV (OLS)
21248,4.7408298451147345e-05,0.6262421490164067,-0.49112700358799444,0.6851178221553876,0.43187234414338227,HAR-RV (OLS)
21267,0.001999344639053551,-0.25933989934373936,-2.2638531598669434,2.0563000131907487,0.24803566430442214,HAR-RV (OLS)
21272,0.0023904038768725157,0.0716839501814014,1.911448414142444,-2.775565960701231,0.4584968214600659,HAR-RV (OLS)
21300,0.0018217601229793623,-0.06629949383995387,0.009945129182796886,-1.3111504114708699,0.10332142555710733,HAR-RV (OLS)
21301,0.0009277502443071206,0.29832028278061523,-0.4791370770882367,-0.32896665594919616,0.09541160039799301,HAR-RV (OLS)
21307,0.007632018518167083,0.5802626204190802,2.619586705079681,-4.455780445181752,0.5882974916747314,HAR-RV (OLS)
21326,0.0008809607791881021,-0.09646023883408765,1.804788882369741,-2.5031038105292645,0.11217798225124209,HAR-RV (OLS)
21328,0.0007885149490481427,-0.3300686173673462,4.318664505873543,-6.74808550008121,0.38460431500443204,HAR-RV (OLS)
21329,0.0014791511404120877,0.3239667999666375,-0.943684930584753,0.08237452753647784,0.1129939454728266,HAR-RV (OLS)
21344,0.0026320473830881773,0.1753188483772788,0.017745921480122995,-1.814347332498452,0.2347265990925409,HAR-RV (OLS)
21364,0.0009021519819372978,0.09729113100447367,0.5749728878636859,-0.9264356536978375,0.041191047471676345,HAR-RV (OLS)
21367,0.0035971319303363405,0.01619865877812083,2.9224931741695226,-5.729556116885439,0.17340895173408388,HAR-RV (OLS)
21368,0.004612379959648326,0.29193807759929785,3.2622386564838552,-6.696602078058099,0.4356117173913684,HAR-RV (OLS)
21373,0.005354677991770225,0.5581611231141715,-1.121606429206524,-2.123530953251202,0.35900685599047166,HAR-RV (OLS)
21391,0.0012277834861892062,-0.14561586232123228,1.909117998650895,-2.6277157331577707,0.09921476772638926,HAR-RV (OLS)
21398,0.0014377171610613488,0.4474683441515229,-0.7064656672044947,-0.08772617479085926,0.20140073428408622,HAR-RV (OLS)
21404,0.003622689241792599,-0.08759365612857964,1.788814514804552,-3.4992356271697864,0.27258042761559864,HAR-RV (OLS)
21428,0.0008087520388042237,0.11743513960923614,-1.5444428596591642,1.5088568535379734,0.1944555688267554,HAR-RV (OLS)
21431,0.002047273184559222,-0.10188880054343491,3.5896271983673045,-5.842416509013063,0.32184060282661986,HAR-RV (OLS)
21434,0.002108949509244025,1.019008828085238,2.031484903168534,-5.190960339069602,0.6659950192593267,HAR-RV (OLS)
21437,0.0015794419422884972,0.5553576782910614,0.13394902832743216,-1.5400372091917909,0.30507027450069424,HAR-RV (OLS)
21439,0.0019925234591343603,0.1688213116702536,2.147003982966137,-3.803930351804278,0.6642957127413822,HAR-RV (OLS)
21445,-5.220265189523018e-06,-0.19283054018029236,0.5080226027898064,0.4929884686250628,0.19152237672465788,HAR-RV (OLS)
21446,0.001317734391750424,-0.01460201512081198,0.39944853806875225,-1.7766197505229544,0.07948177452947391,HAR-RV (OLS)
21466,0.00048499341440475495,-0.13147787252193793,-1.613063351344462,1.394219855074069,0.1260630037805559,HAR-RV (OLS)
21486,0.0034299337973769948,-0.13982421624286887,-2.421923462741405,2.4468425201112356,0.12015062047742908,HAR-RV (OLS)
21493,0.000998618918976778,0.3943071175458456,0.15978182689926823,-1.2640412428124563,0.14617555379428915,HAR-RV (OLS)
21507,0.0014617510167612266,0.4086435196785557,0.35890056648017077,-1.3447540941194283,0.18607448928426906,HAR-RV (OLS)
21533,0.0021146984303589914,0.7604481494570748,-3.1832832230539343,0.05173453883783519,0.5878757207807139,HAR-RV (OLS)
21555,0.0012142164053773423,0.4194628548003373,0.8276329867325393,-1.4371060482313576,0.2078640378781339,HAR-RV (OLS)
21601,-0.0006089356554107048,-0.0398481093801843,-4.496982822488132,6.702482821492305,0.39444678861967775,HAR-RV (OLS)
21602,0.0023786066127418717,0.37003998107862507,-0.6393666053331194,-0.8674642502777155,0.2263464277288818,HAR-RV (OLS)
21614,0.0014665312903841183,0.008493065688915221,0.6078453119329429,-2.4921372082127506,0.11292243072763763,HAR-RV (OLS)
21621,0.005646205858787565,0.3595251610789212,0.34274941793823555,-4.09738013689874,0.23852065995020855,HAR-RV (OLS)
21634,0.0010991737825207918,9.224398570985994e-05,2.430658082415132,-4.154359617137473,0.20280204932495383,HAR-RV (OLS)
21640,0.00156193847320243,0.236783199861276,0.3500705507521051,-1.662876254804387,0.22591370266418753,HAR-RV (OLS)
21645,0.0028897206520618213,0.32385491270050765,-1.6596980248887367,0.6815620937708375,0.20367995680091233,HAR-RV (OLS)
21647,0.0018086566224541733,-0.18494617631448945,1.658839936445156,-2.772749207577566,0.16571491608134326,HAR-RV (OLS)
21655,0.004822461197607062,-0.3412665534437483,2.8098924740579214,-3.733758251740142,0.19533832108092342,HAR-RV (OLS)
21657,0.0015228388804464164,0.5327637971043215,0.7719447461185394,-1.9332829917428453,0.3315370969070647,HAR-RV (OLS)
21658,0.0014736011992509401,-0.16596786132672786,1.3149511582441589,-2.4443331479807218,0.17935631318254452,HAR-RV (OLS)
21659,0.0026341231383958065,-0.08974375577281828,1.2712585576287692,-2.2977127473381813,0.05135504062058571,HAR-RV (OLS)
21685,0.0011242409528810608,0.37283638499417915,0.8031668575495935,-1.6678910891450913,0.08745408777825336,HAR-RV (OLS)
21693,0.0020415866810740008,0.5492745708152627,-0.411696216760574,-1.899021406660758,0.34508426996885455,HAR-RV (OLS)
21695,0.001046667545017252,0.6197990338267709,0.320563572158778,-2.6900758932769646,0.3355996706293517,HAR-RV (OLS)
21716,0.0005916466732918204,-0.143484550389342,1.987136465708939,-2.2871163720256265,0.25053701450411214,HAR-RV (OLS)
21718,0.0012740455056597698,-0.37799716915960424,2.195010804194655,-2.5656752212817353,0.1355097035623779,HAR-RV (OLS)
21732,0.004555094144228307,0.17549433805648088,1.9243312429893393,-2.5331700025555275,0.45159111979128763,HAR-RV (OLS)
21734,0.0006065208455477873,0.42914610885288834,-1.3415181254145185,0.7052768525489232,0.28910720721248173,HAR-RV (OLS)
21744,0.00018924875250390613,-0.2708772917501061,-3.7867184806223984,5.056578191585258,0.2336885341869036,HAR-RV (OLS)
21753,0.002130631449177794,0.47767956337172507,-0.16421035420877506,-0.9371820644984635,0.3000390456768315,HAR-RV (OLS)
21762,0.0008176141551821369,-0.11086763441415627,1.26557931651939,-0.8104978065885751,0.31444956387837464,HAR-RV (OLS)
21770,0.0011283899270876012,0.06953812669905879,2.1518997127819084,-3.8304531190777813,0.19343720492178196,HAR-RV (OLS)
21777,0.0019455652148473875,0.4658878443329693,1.4900441941111189,-5.160010683852372,0.3198601526652537,HAR-RV (OLS)
21805,0.002706895711059468,0.08582671043349432,1.4666021594110203,-1.8261718345078894,0.2610270168285681,HAR-RV (OLS)
21825,0.008130562045717665,0.2664529582466703,2.9488757043118303,-8.213328388401736,0.3652173094279849,HAR-RV (OLS)
21834,0.0020811620797863053,0.31089526287161323,-0.6745950251669255,-3.0723344084622255,0.21974689620727839,HAR-RV (OLS)
21843,0.0013818874382982471,0.39644160040738036,-2.0793863050768726,0.17579562030446216,0.32099121840900335,HAR-RV (OLS)
21848,0.0005559441067377936,0.0162388390348054,-0.6611173446563876,0.9613251409023802,0.057367820310388784,HAR-RV (OLS)
21849,0.0004698775616095045,-0.26369804212339676,0.11414603219023228,0.6632429396178795,0.08436185421589915,HAR-RV (OLS)
21854,0.0013330979051540018,-0.18358712116199422,0.04981880228960529,-0.2136118395007211,0.043868162946816947,HAR-RV (OLS)
21883,0.001046760323056243,0.034389649766280825,1.5503175026459546,-1.933363640609155,0.10561616615589364,HAR-RV (OLS)
21884,0.004470805763323063,-0.0799044913893476,2.8469509739676644,-5.07188066827742,0.19236779559661787,HAR-RV (OLS)
21886,0.002041743509714924,0.26870223170087065,1.739690516173623,-4.445340674755803,0.251469167282789,HAR-RV (OLS)
21888,-0.00022486518931391858,0.36254500763072905,-1.4158300257692045,2.4851900979581476,0.3215780066839068,HAR-RV (OLS)
21890,-0.00018958234027622255,0.09072682038694223,-1.1266386406850373,1.9814041887338052,0.10342432330691187,HAR-RV (OLS)
21891,0.004406688407989414,0.41849597161750024,0.4653369996226081,-1.0195549905716954,0.2683046888613445,HAR-RV (OLS)
21897,0.0017036604413184948,-0.19725458137188,2.0517521038508377,-2.9997237618159662,0.31915702905442567,HAR-RV (OLS)
21906,0.002225040947013466,0.15718230625271962,0.5251839750476676,-3.0671003574656344,0.19845905578368594,HAR-RV (OLS)
21911,0.0009340957576154106,-0.16845446786265192,0.026583467107051492,-0.046045946686661864,0.034116969353916726,HAR-RV (OLS)
21920,0.0022186096105443406,-0.1511084646472491,-0.2215349753344872,0.11882671010069483,0.05612207756409959,HAR-RV (OLS)
21931,0.000743088516235635,0.16023610275501202,0.3491564689114689,-0.7773602259625666,0.03390849672138507,HAR-RV (OLS)
21934,0.001504043371467855,0.17159656710143842,-1.5845203629727795,0.5862818158786862,0.1877724898630312,HAR-RV (OLS)
21988,0.001702640267354645,0.25078532583886937,1.1446095038442496,-1.3600628498637963,0.20601493097976786,HAR-RV (OLS)
21990,0.0010051081561381699,-0.34584841335231953,1.366331008228311,-1.2424101447963634,0.10286786395509806,HAR-RV (OLS)
21995,0.0005615838197007077,-0.17861288462662056,-0.03711926379877212,-0.7717588102527634,0.12713699567432535,HAR-RV (OLS)
22003,0.001464578087768042,-0.18062892227750146,3.107928382687832,-4.506061802111226,0.12454641244870446,HAR-RV (OLS)
22008,0.0023743501584353828,-0.06890373060050478,0.3201496382574855,-1.053266892234016,0.02553299776408058,HAR-RV (OLS)
22011,0.001474635557375498,0.2247609077310291,0.1007687362833252,-0.6772054296763038,0.07116305019370972,HAR-RV (OLS)
22013,0.0005378731112163922,0.40227746402155057,-1.5089180678021243,0.9915494378835399,0.2000702839577032,HAR-RV (OLS)
22014,0.0008069689430187865,0.09165767934340989,-2.543891885079066,2.8653563578329853,0.15945085301495598,HAR-RV (OLS)
22023,0.0023834152232098506,0.17379664697517214,2.3158848529009655,-3.3981603822938267,0.5895598861256596,HAR-RV (OLS)
22026,0.0017599490040077865,-0.09326406249864327,0.4619992648415752,-1.558291797056547,0.1546632246824282,HAR-RV (OLS)
22038,0.0032029531146580453,0.2970334861157061,1.1088274077088598,-1.5312584961927886,0.19080593453271477,HAR-RV (OLS)
22042,0.0006453131217962682,0.33523647039647275,0.5252643881663945,-1.082380088112474,0.17860853072474314,HAR-RV (OLS)
22047,0.00452290965482651,0.18090913968579062,1.427144487469693,-2.8543041795899797,0.21783935338960192,HAR-RV (OLS)
22064,0.00506005592337406,0.3825598671207249,3.123720785983371,-6.303363060603209,0.1805552010433229,HAR-RV (OLS)
22067,-0.0006650101399389974,-0.05316551976969551,-2.4893649119126056,4.625585109458772,0.08398653224984409,HAR-RV (OLS)
22076,0.0011073603527189829,-0.05059293709122855,-0.04798582779189586,-1.2089697653582498,0.17832650568557884,HAR-RV (OLS)
22079,0.0028516743843854963,0.4526689875389539,1.0289030277166846,-1.922084105071266,0.3244467691810027,HAR-RV (OLS)
22081,0.00015676951728272107,0.06774134897390796,-0.5402768120399573,1.4195306322329788,0.07852164404175022,HAR-RV (OLS)
22106,0.0019248530002231715,-0.032204970283819835,-3.384392692464629,3.359273932527292,0.3117405884744264,HAR-RV (OLS)
22115,0.00015051950679172664,0.24130111079943783,-1.5437931843548092,1.830684704046475,0.3310823037877536,HAR-RV (OLS)
22117,-0.00042927326970972133,-0.07767785086270643,-0.31680825618001085,1.5342369449629396,0.2802733698545745,HAR-RV (OLS)
22120,0.0016282445995838657,0.63522146736394,0.6100464795078773,-1.9245832577072046,0.1785914806364136,HAR-RV (OLS)
22126,0.001206418094318193,0.39695051451648117,1.447174408877808,-2.8397220337252196,0.38592613187352687,HAR-RV (OLS)
22133,0.0008093421685719374,0.5498221934693647,1.9197093866725563,-4.280445568798028,0.2690667433686038,HAR-RV (OLS)
22159,0.006455405827759764,0.24634125363676562,0.696076447807743,-5.04144210355477,0.36185655197322875,HAR-RV (OLS)
22166,0.011811226439333883,0.4508486406112852,0.980416854580538,-3.7900078485408093,0.4057517901561858,HAR-RV (OLS)
22169,0.003848325286122411,0.04103302722338811,2.254509142247296,-4.510692480787831,0.27048311890547294,HAR-RV (OLS)
22178,0.0017195681372796764,0.5572268709610328,1.5775523474282698,-5.472569013491826,0.3629709178740912,HAR-RV (OLS)
22188,0.0009077273188320992,-0.12990583692967755,1.1320589885702455,-1.6311633622033583,0.08914850000650332,HAR-RV (OLS)
22193,0.0004100834980428686,0.39829841883693234,1.1973269626926681,-1.7733108657627767,0.3739803116403967,HAR-RV (OLS)
22217,0.002130934299247196,0.017158729806061493,0.3777017784020523,-1.3076953617422251,0.06023060365056332,HAR-RV (OLS)
22249,0.0022753656158745646,0.12505705636103023,0.9124014465217586,-1.4387198174629041,0.061732004220182324,HAR-RV (OLS)
22262,0.0005957897587219051,0.10808267161166735,0.4554211644659731,-0.7813160079577233,0.01181824102591933,HAR-RV (OLS)
22263,0.0021926209374508758,0.41556010933769655,-0.06278957045373723,-1.2076149639996905,0.38357659046504755,HAR-RV (OLS)
22277,0.0031976921714778972,0.1920273378490436,0.10341459978907597,-0.30061451572241643,0.033206984031786124,HAR-RV (OLS)
22289,0.004975988888059966,0.18290616213200916,1.251017157073762,-4.688283600439695,0.29493461329868753,HAR-RV (OLS)
22290,0.003912568707546665,0.05011458530958618,-1.1273402548235203,-0.5840170331420412,0.22618085158878998,HAR-RV (OLS)
22300,0.00102269386421268,0.23837172223401418,-0.6157449479594195,0.5601935571763732,0.05205942005723474,HAR-RV (OLS)
22304,0.0038220496719393185,0.07757521512039835,-1.240659273224661,0.17510313921405474,0.18950344886430825,HAR-RV (OLS)
22307,0.0008587214984840737,-0.48096920228886747,2.2909118433784155,-2.618209847410203,0.20471326745305174,HAR-RV (OLS)
22331,0.0007799589116638883,0.5395909870817723,0.8648366532375777,-1.5458535273665652,0.47732971051180595,HAR-RV (OLS)
22355,0.0038705574023801623,0.03412312594040117,1.5094361662575129,-7.5288653436412245,0.2713833356721024,HAR-RV (OLS)
22377,0.0016201231935923524,0.5640487574917887,1.49604967259563,-3.7737551415136172,0.16911622223507627,HAR-RV (OLS)
22384,0.004791071522846327,0.3661073196342216,1.234326384420818,-2.324702961678251,0.14824479574584548,HAR-RV (OLS)
22385,0.004656957374131055,-0.01042074821886017,0.4135784078890381,-2.3664909019905234,0.27559004372458507,HAR-RV (OLS)
22392,0.0015738168476948726,0.11614689539317245,2.719493475189382,-4.464083251820341,0.41399472855787633,HAR-RV (OLS)
22405,0.0005419002253513141,0.56912373816446,-0.08699096780859406,-0.6307471534309552,0.2699078542251889,HAR-RV (OLS)
22427,0.0024643536753469926,0.23308666695390096,-0.4006278600359696,-1.3792082255282145,0.18232425790037732,HAR-RV (OLS)
22440,9.76586380063585e-05,0.3754189884381132,0.9681398475219286,-0.3813661980702645,0.380781396771674,HAR-RV (OLS)
22441,0.004906074077889507,0.15279505642824676,1.2571905886559707,-4.663653567286677,0.1791564823448939,HAR-RV (OLS)
22447,0.0010468814690032552,0.4107091480376363,1.298741458943742,-1.7571204029241074,0.3771628811003648,HAR-RV (OLS)
22455,0.0034885606180243283,0.03653654713358345,-2.1824644929015533,1.6385541689599867,0.3683716391163746,HAR-RV (OLS)
22466,0.0023140024408618235,0.22642569375512805,-0.12872705408402163,-1.2866103836821743,0.12556773878772198,HAR-RV (OLS)
22487,-0.0010630403359873886,-0.3135732962094655,-2.5414139676415424,5.1521871284440595,0.3241259318922737,HAR-RV (OLS)
22495,5.7328249170352365e-05,0.015609465267898791,-1.9539420266408494,2.5831120248138744,0.1406550311205459,HAR-RV (OLS)
22496,0.0008075368502149053,-0.12516951891212244,-0.23301719230706514,0.2947518279899336,0.015025539572614877,HAR-RV (OLS)
22498,0.0018187683858920493,0.0732397716076696,1.619509659535321,-3.0614747400472524,0.42779261754093045,HAR-RV (OLS)
22501,0.0012487485491297359,0.6070452908776821,1.8720560428621338,-3.6725556035810127,0.23179334842470045,HAR-RV (OLS)
22513,0.0017954877655709774,0.25307749711225,0.2835720332118205,-2.0827296060986913,0.11437500423940228,HAR-RV (OLS)
22517,0.0024239732887296433,0.4735161509775933,-1.4265309237506754,-1.0642665059400145,0.5406541490153591,HAR-RV (OLS)
22519,0.0006950324255953616,0.19928425509595513,-2.163114368689059,2.3013463991011935,0.18106321147124782,HAR-RV (OLS)
22532,0.0024415602246743804,-0.13540437896338273,0.9503757195831017,-1.893872284916697,0.09004367919971934,HAR-RV (OLS)
22542,0.0071319634689783005,0.03700973102727439,1.3825753682801447,-6.391765815794559,0.3939819960430565,HAR-RV (OLS)
22543,0.0011493799816621342,0.0314676319079978,-1.8325886930964184,1.0292939327426764,0.2834839948578287,HAR-RV (OLS)
22548,0.0008783313669374223,-0.12837640949236928,2.682832841716266,-2.8466729624926255,0.32843395412138154,HAR-RV (OLS)
22585,0.0012053550675102014,-0.4281932158442764,-1.2668101257067612,0.13935391249357665,0.3203808410699791,HAR-RV (OLS)
22590,0.0021764096816227364,0.16804832304394549,0.07235995757400548,-1.639049093018293,0.1063577625770592,HAR-RV (OLS)
22598,0.0012657172047535275,-0.39749166379294,0.44392629817365037,-0.9933612209526478,0.20706612324472906,HAR-RV (OLS)
22616,0.001181449181467636,-0.21901856278969387,0.8066350970166767,-2.84834803731256,0.2090678588233058,HAR-RV (OLS)
22621,0.002202009439381116,0.05214274512540553,-0.287272094794506,-0.38686043652637825,0.06520665615091148,HAR-RV (OLS)
22622,0.0002516870691088623,0.2401296338645247,-1.2375222162155934,1.5211185868295056,0.12325709921260009,HAR-RV (OLS)
22627,0.0016361025287126964,0.4381540155960244,2.4011445199405315,-4.158819827744611,0.3953896069328079,HAR-RV (OLS)
22635,0.0005957258468656838,0.3822930221257749,-1.0947127380602877,0.6286538433715271,0.2177788351199964,HAR-RV (OLS)
22638,0.010024592282858527,0.14198322901318874,1.301897402708284,-4.827227188599952,0.30940997605923826,HAR-RV (OLS)
22649,0.00301127928718495,-0.13409179921164108,-0.6389350663773431,0.7152469724767065,0.03651505626364315,HAR-RV (OLS)
22666,0.0036189849905114524,0.3181357105241142,1.1062603742102852,-4.190870727085504,0.25144013672037313,HAR-RV (OLS)
22671,0.0021030884547354007,-0.1989325948628588,-0.28908134927252827,-0.6185497625351659,0.09205922335021144,HAR-RV (OLS)
22674,0.0005775003175097441,0.5538520955281236,-0.06379878564655367,-0.4276948195833685,0.2557158211626501,HAR-RV (OLS)
22678,0.0002777339042137169,-0.16993112981390915,-1.9384061096027774,2.773943607422468,0.135298386695471,HAR-RV (OLS)
22695,0.0016114494056143984,0.32816121771666246,0.14438629091810617,-2.4610252137523934,0.2631854399988657,HAR-RV (OLS)
22697,0.005585665827447404,0.23014289473642288,-3.401858674679352,-0.6955364123445616,0.4792183400062321,HAR-RV (OLS)
22725,0.0033026972559996024,0.36382681244752374,0.3578026504623386,-3.571109079744965,0.21072675428403087,HAR-RV (OLS)
22732,0.0002986969286253447,-0.0524332058862923,-1.8148620369565251,2.6811202521828363,0.20751817485749924,HAR-RV (OLS)
22749,0.0019678649092371592,0.17014468754306455,0.6181620387082364,-1.9323599263027382,0.15454424268930433,HAR-RV (OLS)
22750,0.0010411187722279532,-0.04869192536474571,0.33825022289942264,-1.8863416830691717,0.15579406740931545,HAR-RV (OLS)
22752,0.002969936838453753,0.31222634864687276,1.9766746887151172,-4.995839285106157,0.31536581300350663,HAR-RV (OLS)
22759,0.0013035152272212716,0.49728477369497026,-0.3005648916181103,-1.8425199196501862,0.3129096907580574,HAR-RV (OLS)
22766,0.0017546982393164415,-0.015675384728279153,0.343068481856015,-0.8097568335095355,0.016105564455546895,HAR-RV (OLS)
22780,0.001530337222497543,-0.026937208870118814,2.594867352605739,-4.126316216821505,0.2656176167502836,HAR-RV (OLS)
22794,0.00043868005479936654,0.20879894148178793,-0.7339717262047943,1.2848699967703427,0.10801571484848593,HAR-RV (OLS)
22798,0.0014431100387455767,0.25001627679074573,0.6164136657511684,-2.726529141739441,0.15628793245597417,HAR-RV (OLS)
22822,0.0030968824376359427,0.37489757566738313,0.2885283675164496,-2.542742896045842,0.22157634932981762,HAR-RV (OLS)
22824,0.001333346781019002,0.7893127408669586,-0.5154961658630162,-2.4162761146944884,0.6969729114181458,HAR-RV (OLS)
22825,0.0013836103595124061,0.16579567027588626,0.13261805693968923,-0.4877299397783848,0.04621968882067995,HAR-RV (OLS)
22827,0.0031508768132623008,0.2647011287722212,-1.009953066765391,-0.4187341322701391,0.16115809458504737,HAR-RV (OLS)
22828,0.000506557274540098,0.005136742751545536,-1.8939597940142165,1.7126334370838159,0.22477337935771025,HAR-RV (OLS)
22829,0.0026968240498628634,0.5678267641041002,1.3634045971655924,-4.793930912442273,0.3053276417214035,HAR-RV (OLS)
22877,0.001342412564419978,0.1141320522281516,-0.7979106568308179,-1.056616515926761,0.12997071018089879,HAR-RV (OLS)
22879,0.00048611244272589546,-0.4303894412747559,-4.739930791673301,5.665367339418827,0.5178219835241151,HAR-RV (OLS)
22884,0.00186103303051658,0.5003905832641175,0.1673334295136405,-2.286437596350384,0.2809581669753518,HAR-RV (OLS)
22887,0.0037805423209165724,0.10895181509321654,3.07365189568618,-3.8584985251276,0.28760660159809937,HAR-RV (OLS)
22893,0.004153827944285296,-0.21032133256930735,0.9251057260152223,-1.2712418728471147,0.08908836436058931,HAR-RV (OLS)
22898,0.0009380962051501072,0.08492661032987746,0.29668145181988476,-0.4257026448516855,0.019837164766755788,HAR-RV (OLS)
22899,0.0013859590220405447,0.32798034600547155,0.3417918616022477,-0.9251851670998019,0.07952055590068474,HAR-RV (OLS)
22903,-0.001729053274930445,-0.3628265317102488,-1.8371104161096363,4.800473890990477,0.1617993159596024,HAR-RV (OLS)
22907,0.0011927855196387028,0.5656514757880451,0.5570163329498548,-2.585952845351007,0.39432147706690146,HAR-RV (OLS)
22909,0.004872271843220062,0.3429829505089314,1.629253105440505,-2.3850211844843026,0.159631800484209,HAR-RV (OLS)
22912,0.0006167366927682754,0.07775954082982531,-0.998123150345443,1.2717655182682193,0.04366725208258215,HAR-RV (OLS)
22914,0.000336307187950409,-0.1443036562863329,-1.0888790494565086,1.5245748186781631,0.0734387881796561,HAR-RV (OLS)
22922,0.00082194629678855,0.4825851030224945,0.6107923476474615,-1.6299902303679459,0.4024052152668146,HAR-RV (OLS)
22928,0.003709484840603727,0.2115553366622984,-1.388069785321059,-0.20003900265185515,0.15822401689625398,HAR-RV (OLS)
22941,-0.00010494852088633135,0.4180918742188641,-0.9820422081965974,1.451217896904683,0.31100959665535144,HAR-RV (OLS)
22946,0.0006737243130099552,0.5352625401101506,-0.31388365569221793,-0.22958208276904452,0.23730190146409447,HAR-RV (OLS)
22947,0.0015760614969549903,0.15684718715010035,-0.295503562167594,0.316836953886546,0.023050009861603105,HAR-RV (OLS)
22962,0.0004867328395377142,-0.20416504614409045,-1.9284348808350296,2.878477250447326,0.07439828990147623,HAR-RV (OLS)
22964,9.444180827732909e-05,0.392607587359588,-1.2670161432140956,2.0541195452886707,0.3208951209785015,HAR-RV (OLS)
22973,0.0038977743133590754,0.11816820325332707,1.9953877709717542,-2.6837954893343032,0.32445864920512635,HAR-RV (OLS)
22996,0.003044278738105181,0.42355232560040607,-0.49734357379292704,-1.704285888170062,0.20012177954522625,HAR-RV (OLS)
23001,0.0030528542524636245,-0.15799142014817885,3.05261047676795,-4.41504233047575,0.2366587938541429,HAR-RV (OLS)
23017,0.0008173731040589874,0.5256145711983523,-0.2837550682200163,-0.8830997399197854,0.15730194427544442,HAR-RV (OLS)
23019,0.001253994649371047,0.06286088528063928,-1.0926950136429872,0.6219536071122687,0.12441909749356861,HAR-RV (OLS)
23028,0.0005252591934065077,0.1428364067139579,-1.547733731068585,0.8605461455577712,0.07738637883715571,HAR-RV (OLS)
23030,0.0007633693360114823,0.2833845929786008,-1.5150152180072678,1.0087828477280216,0.24825969862315633,HAR-RV (OLS)
23034,0.0004276902726582653,0.6497062235052063,-1.9898460149397588,0.6899410507954282,0.660699822145826,HAR-RV (OLS)
23045,0.0013871803893768155,-0.6948019345224722,-0.523400913645118,0.5770055139690224,0.5512958535738446,HAR-RV (OLS)
23049,0.0023929624027003676,0.01466612474271364,0.7157888164054408,-1.2283765150473789,0.03832476534731932,HAR-RV (OLS)
23054,0.0005803015560287999,0.008845277831840557,1.5984428335771435,-2.088321011538701,0.11105126764019113,HAR-RV (OLS)
23062,0.0005725840730638122,-0.08605162949975705,-3.307367579426934,3.6607798312053674,0.23938007830903363,HAR-RV (OLS)
23069,0.0024471904117581217,0.050658220272968534,1.7404450612481317,-4.077302648243654,0.18214752513516808,HAR-RV (OLS)
23088,0.0009308018744723246,0.3837440406061334,2.304016733427503,-3.997795739626543,0.46107222196052344,HAR-RV (OLS)
23112,0.0029701343058325894,0.49641936118209634,1.7590877864191605,-3.128081849625322,0.5056643264590219,HAR-RV (OLS)
23130,0.007604048694595834,0.5491282792410259,1.5173393859752187,-4.005707292061407,0.3613630126380364,HAR-RV (OLS)
23132,0.0014174240321567797,0.07995343871211219,0.7645959005145289,-1.4139871302295557,0.03768139082343991,HAR-RV (OLS)
23136,-0.0045817629091325215,-0.6355224006750407,-4.269097953876535,7.379362760360873,0.7941581893963671,HAR-RV (OLS)
23144,0.0009375465877634845,-0.3029126710428429,4.326626614100299,-5.152948181499053,0.38967702085970846,HAR-RV (OLS)
23145,0.0010726064084316084,0.824636965426821,1.010123974084204,-3.798839395002396,0.5641527468874772,HAR-RV (OLS)
23147,0.002175357456837632,0.011509569994654547,0.8001072972776215,-4.240371329920932,0.2059871607474799,HAR-RV (OLS)
23153,0.0009577728440382765,0.523588358715288,-2.595003246747722,1.0359754088539677,0.6428593731701752,HAR-RV (OLS)
23156,0.0007333374214197599,-0.10735584424397425,-1.7681353649060136,0.7610011003920777,0.26410901104975826,HAR-RV (OLS)
23170,0.0012638016104224682,0.07769732654562965,2.581176333284003,-4.384152170296276,0.661164029517328,HAR-RV (OLS)
23179,0.0026176374669803692,0.14094827486619468,-1.5169033578461923,0.4399222027046019,0.34588591564665994,HAR-RV (OLS)
23185,0.0027394507553529833,-0.387023265176849,-0.9379842848218921,-0.2211605403799374,0.36773817870463876,HAR-RV (OLS)
23195,0.0011881219783052815,0.8180734739006613,-0.07064712320019978,-0.8105216433034133,0.5800642705242216,HAR-RV (OLS)
23201,0.009749997718228286,0.2113436015293854,1.2442524111834068,-5.727539239264085,0.35872158271730326,HAR-RV (OLS)
23202,0.0003528337021380587,0.08539481074810847,-1.6041954600750408,1.3114656474075352,0.14491165238436832,HAR-RV (OLS)
23212,0.0006957485556222159,0.5272551715888231,-0.06171369077730493,-0.43272809693915754,0.2769501595811569,HAR-RV (OLS)
23217,0.0050019196548413,0.5392743921060347,1.043410042197668,-4.087373050584355,0.3489823355781808,HAR-RV (OLS)
23220,0.0027874286691181283,0.1165274615113553,2.9363557019485205,-5.018964571582576,0.28978743914011873,HAR-RV (OLS)
23226,0.0030566966920840565,-0.10307018292029631,4.679805460181667,-8.479024837755304,0.25763198143570065,HAR-RV (OLS)
23228,0.0006064047476303748,-0.24399377445518722,0.8152015905090932,-0.6716701002282751,0.0732614777613122,HAR-RV (OLS)
23232,0.002247174487940167,0.1792324325179608,-0.33718388617579653,-0.6632942154455563,0.09431918238478987,HAR-RV (OLS)
23233,0.002974370907084139,0.10907118531261063,0.6648671691353083,-1.5229557135058158,0.025392272742450595,HAR-RV (OLS)
23243,0.00460047301688796,0.4394831253302659,1.5956788166596065,-5.450952549598926,0.35852429382400286,HAR-RV (OLS)
23246,0.0031444244906606235,0.2591965854978642,2.1568313087672046,-4.3120118107003735,0.3540228612901991,HAR-RV (OLS)
23254,0.0015358748793971892,0.18477307157464753,1.9964453560839204,-3.300885669982253,0.17054075988269712,HAR-RV (OLS)
23265,0.0008312666863358655,-0.13468971866083904,1.4911703260683415,-1.963825594487464,0.04443987398585836,HAR-RV (OLS)
23274,0.00400891003698841,0.5084113902094579,-0.7095004408621113,-2.2211412195905837,0.44498057035543914,HAR-RV (OLS)
23290,0.0004898918403912337,0.49325212724729883,0.2832154484725509,-0.6013247881991467,0.23197345814296866,HAR-RV (OLS)
23299,0.00257322564698535,0.5860507965725256,1.2701766572729458,-3.552724139938757,0.6045057824057483,HAR-RV (OLS)
23312,0.0017524489275965532,0.015028987496471235,1.6035814026110926,-2.800977467427517,0.0821413519041655,HAR-RV (OLS)
23317,0.0009524323454174044,0.14477822605588594,-0.091148184678299,0.10861003821402504,0.01791276595642144,HAR-RV (OLS)
23337,0.0003673621049895787,-0.05247946624708773,3.3454523791304074,-3.485109560879118,0.2650545616905988,HAR-RV (OLS)
23341,0.0011579210297451093,-0.3528208907562802,0.8310756723754174,-0.6459744945049033,0.08941138204582466,HAR-RV (OLS)
23342,0.003615400955812714,0.442975476689903,2.1677506945077925,-4.782139418593104,0.2862728032329812,HAR-RV (OLS)
23348,0.0015932901557486321,0.01523368407129064,-0.49698275497402467,-1.2572168105719865,0.5522166331606682,HAR-RV (OLS)
23351,0.0014870483203384115,0.1747800484844638,-0.7567584943755954,-0.14241755999516992,0.12006774583238711,HAR-RV (OLS)
23353,0.0025782176464244654,0.4479745705973219,0.6065398821322785,-2.0195404296362542,0.1959291688195689,HAR-RV (OLS)
23356,0.0012724850640221696,-0.0402746054835979,1.8338044017301982,-3.7825313113868972,0.5317158406089164,HAR-RV (OLS)
23366,0.0008469503362865138,0.4070688453449892,-0.23012473642668863,-0.20027252051659022,0.1409258920131714,HAR-RV (OLS)
23386,0.0024888528598178425,0.48357527012004553,-0.9902754129107589,-0.6820157413508817,0.24834192715768588,HAR-RV (OLS)
23399,0.007580406296355667,-0.04105713800431151,-1.8372468786606584,-1.2606711393941015,0.2941232346684557,HAR-RV (OLS)
23405,0.0008550671139340678,0.15136670772217065,-0.21838952914058724,-0.39363673527083365,0.04004945982506969,HAR-RV (OLS)
23417,0.003402733665343329,0.38904702957506077,-0.26809228405777796,-2.1593924454350018,0.2544583829436716,HAR-RV (OLS)
23423,0.0016687634318834728,-0.052304255937174,2.832141254215162,-3.7550149817302025,0.37052379034428373,HAR-RV (OLS)
23426,0.00201030593631435,0.24814104788736935,-0.8327403442477623,-0.8115860301215747,0.20853755324400647,HAR-RV (OLS)
23427,0.0023739604975669317,0.588408245610892,-0.7210977410609218,-1.8756110476057049,0.4205642236847065,HAR-RV (OLS)
23462,0.000981874903877983,-0.4164254221112853,2.8620317103638144,-3.5367521686442664,0.28123775852026167,HAR-RV (OLS)
23464,-0.00020139634271203904,0.0066938197433860265,-2.9592466929312806,3.904620306909439,0.251046885883332,HAR-RV (OLS)
23486,0.0036406364776756027,0.11666658707645972,1.185150114200653,-1.9159798001589419,0.14658499634409206,HAR-RV (OLS)
23488,0.0004995756455613491,-0.05025933020777389,-0.5405203170429804,0.7024420604056106,0.01230739879078091,HAR-RV (OLS)
23490,0.0021268116594949137,-0.4128131039110628,2.5404267985443227,-3.411560870414576,0.5285974796501226,HAR-RV (OLS)
23500,0.0020868127501065536,0.0593017834138416,3.4527688640233536,-4.944432313256596,0.4960351475295198,HAR-RV (OLS)
23503,0.008331505745302843,0.8928513550875398,-0.28061720567554804,-2.95641685541153,0.4634390618793479,HAR-RV (OLS)
23504,0.003470353229748516,-0.262771373757715,3.4296363561203758,-5.63248237781518,0.43656776441444634,HAR-RV (OLS)
23520,0.0013132895723187263,0.2815855955488667,-0.9153520662712966,0.6189189933252315,0.15683750599356372,HAR-RV (OLS)
23524,0.0017267055386029876,0.5974498682541424,2.090898545547377,-4.20892474784338,0.6287624787285533,HAR-RV (OLS)
23531,0.0028568286943427674,0.21462778209152908,0.419613616605766,-2.3234067929003603,0.1720841773331433,HAR-RV (OLS)
23536,0.00020830355742663422,0.2833920762889071,-3.33956871249671,3.488424304887751,0.46915586547828314,HAR-RV (OLS)
23539,0.0017187639820452965,0.623958598046283,0.10244245587345979,-2.264856281252954,0.4033788009598378,HAR-RV (OLS)
23547,0.0017485744556400146,0.3156486771477193,-1.89118698737293,1.497774206851938,0.31160227136916463,HAR-RV (OLS)
23566,0.00044703556426488203,0.2541946287647521,-0.06055333618983715,0.13248888014551694,0.06743876752947775,HAR-RV (OLS)
23579,0.0005951385278908083,-0.46724199964745167,0.5987226624716475,0.25556915574953454,0.1620150885953493,HAR-RV (OLS)
23598,0.0008600942179878313,0.650019287958977,0.22821120748470552,-1.1222634912513132,0.5359337687104763,HAR-RV (OLS)
23600,0.0022288784090685027,0.5141484636123442,1.5379772827062594,-4.214185395647434,0.49637854897597145,HAR-RV (OLS)
23603,0.001000009296486537,-0.12545205341036195,-0.6779657845278696,0.8319805281777223,0.019714100486843522,HAR-RV (OLS)
23619,0.0003418418686124905,0.13167634982633286,-0.028373522661369888,0.6726418751164139,0.0709484690797505,HAR-RV (OLS)
23624,0.0004482795679276324,0.5440732904182048,-0.38919719633227623,-0.44626818779171096,0.3060302633310218,HAR-RV (OLS)
23628,0.002080576055779597,0.27917177231782664,1.2269777780136262,-3.447274133892383,0.20413457445237193,HAR-RV (OLS)
23630,0.0006346225428444721,-0.2694538805210167,-2.057566340386742,2.8931741036011305,0.12593506375911168,HAR-RV (OLS)
23637,0.0010792587690073461,0.14007788326375992,1.0728274405244296,-2.326298541293743,0.1646197142156891,HAR-RV (OLS)
23639,0.001921509712108263,-0.10214404370576634,1.5385242547467204,-2.2922253011574805,0.13204202345903548,HAR-RV (OLS)
23642,0.001609653370835097,-0.18160389806750563,-0.17992835527204754,-1.2426785364332247,0.26136090997848815,HAR-RV (OLS)
23652,0.0029069289999057567,0.22209875452709202,1.301608352377464,-3.4506481810615313,0.392623839743089,HAR-RV (OLS)
23656,0.001853316696876262,0.3873920252377923,-1.507616585183253,-0.41425255113316495,0.14078436594660648,HAR-RV (OLS)
23658,0.0006193727024753225,0.1654631381726751,-1.5271833033233642,1.8658797434484637,0.16152478728624076,HAR-RV (OLS)
23683,0.0016887493561211614,0.14985413993925983,0.07392647070785352,-2.090152112001799,0.14616084306851784,HAR-RV (OLS)
23708,0.0006487198938224129,0.4891217640384343,0.07070199579469949,-1.692076090624068,0.22451082473191974,HAR-RV (OLS)
23724,0.003632141216904949,0.7339688008870161,1.149222644176775,-3.7360843708010036,0.4166412455760454,HAR-RV (OLS)
23736,0.002253124773260946,0.1587237298830341,1.896536475301492,-3.1320002800174915,0.13699179364101388,HAR-RV (OLS)
23737,0.0011309829662257101,0.515090641296611,-0.7449478088720638,-0.6373354389284698,0.4349756386681076,HAR-RV (OLS)
23750,0.003580779021086012,-0.24649367813491718,3.464163078312738,-6.137961437762791,0.41199182664499445,HAR-RV (OLS)
23751,0.0008802674309077553,-0.22616459357135169,0.22816964276217158,-0.890490923091928,0.1745382132767297,HAR-RV (OLS)
23765,0.0004012530703205654,0.3125328259824077,-0.5779876125213683,0.8464759784768966,0.11556091706948168,HAR-RV (OLS)
23768,0.005585977459608234,0.14758847042831094,1.323078802699257,-3.0594531583873508,0.21148875176333048,HAR-RV (OLS)
23780,0.001080152792017697,0.0648808129947208,0.9397176563731218,-2.137408313927709,0.09792502689479043,HAR-RV (OLS)
23792,0.00650568900644618,-0.06052328464771003,1.2816711013240054,-3.7922182226949417,0.20096781814337483,HAR-RV (OLS)
23794,0.0037464530346542875,0.6996260933876061,0.6697328266928879,-4.459871489196855,0.37832600909642766,HAR-RV (OLS)
23796,0.0030018779115964247,-0.3147180814146439,2.938385663555055,-5.767264353064715,0.3792707449235826,HAR-RV (OLS)
23819,0.0016663779350316206,-0.3513083716077869,-1.9593612039385868,2.038959551845689,0.24626726735462579,HAR-RV (OLS)
23821,0.001808728325132865,-0.07513530153195022,3.4267562153642497,-4.690012908210275,0.17126922754616258,HAR-RV (OLS)
23823,0.002218602600242212,0.46108239217760505,-0.43558599959742117,-0.7477362855919696,0.17266439059423166,HAR-RV (OLS)
23828,0.0009496174239569371,0.3447492028107448,0.8845106987100926,-2.0388621447857136,0.05636795095760583,HAR-RV (OLS)
23834,0.003026816502374683,0.13170508428376373,1.3528614563959036,-2.7977204480269897,0.09525351968277684,HAR-RV (OLS)
23836,0.0015674773962727588,0.12790397918937374,1.1888661517366719,-3.1261831550154584,0.15127550439353799,HAR-RV (OLS)
23858,0.0005164638964148959,0.0162878303599729,-1.1582091699622015,1.1956876545846726,0.07798446005156046,HAR-RV (OLS)
23863,0.00037994190676626457,-0.17783381609683244,0.4439911319466944,0.3339651228548147,0.12413798733808024,HAR-RV (OLS)
23873,0.0008797152923174539,0.2986114190862448,0.2929989599115241,-0.5160237492345221,0.05529365114927032,HAR-RV (OLS)
23892,0.00296553747018761,0.7461276560220208,-1.666411290976251,-0.6437346991190847,0.2681718161642367,HAR-RV (OLS)
23903,0.0024841527592807527,-0.35775602159026654,0.9113444565141882,-2.3506192157232206,0.3686108651741594,HAR-RV (OLS)
23940,0.003246253872509917,0.34865497261595646,1.303696007555561,-3.5974061816855216,0.3000497150262784,HAR-RV (OLS)
23955,0.0021824154210056046,0.532677715995173,1.4336590408602263,-3.3526383608705443,0.4208277574796543,HAR-RV (OLS)
23958,-0.0008002923079310942,-0.8436085630176898,-0.22906857792916813,3.4263894905818355,0.3972642633375112,HAR-RV (OLS)
23962,0.0009655694187202043,0.12805187558330636,2.1674075079189796,-2.956765588159015,0.37604927223204343,HAR-RV (OLS)
23967,0.0009645419179726396,0.32264860648180577,0.41752152188996255,-0.7964367414656023,0.1441302695447224,HAR-RV (OLS)
23972,0.004359882713912782,0.11517802346363745,1.1817209381233833,-4.666402009206962,0.34976343022803613,HAR-RV (OLS)
23994,0.0010754703237593967,-0.7107335973808742,1.359278255192188,-0.31505004294788563,0.4336718861140305,HAR-RV (OLS)
24002,0.0005351153268275809,-0.179597154963871,-0.8528222631680176,1.284932303652081,0.11019010354201031,HAR-RV (OLS)
24010,0.001017422304534386,-0.4891681194988459,1.190340581536327,-3.1893455462935387,0.34712511671608093,HAR-RV (OLS)
24014,0.003792964978018144,0.10021144204347786,3.1490365556047446,-7.822155365150749,0.4534519729998129,HAR-RV (OLS)
24021,0.00044933095296476586,0.2658514217784319,-1.2468753516468565,1.2979342775457456,0.1815062080184351,HAR-RV (OLS)
24022,0.0015038514239120266,0.514875801454003,0.8759116822746771,-2.3778483950249183,0.37008875730421753,HAR-RV (OLS)
24033,0.0008416632666994198,0.1943957844506375,0.5901901535273247,-0.9164525801546104,0.09773176601541278,HAR-RV (OLS)
24034,0.001981718794957457,-0.06665310606039422,2.3856258703923903,-3.7259625752137966,0.3827323613904223,HAR-RV (OLS)
24048,0.0009384335652652991,0.24351598679708875,-1.426700277392275,-0.28360002171601073,0.3006092230615791,HAR-RV (OLS)
24050,0.0038636217462933165,-0.1658973146492525,2.2999656329913467,-3.517483954534853,0.22052214479333476,HAR-RV (OLS)
24073,0.0010001748757512718,0.26861391196043555,-0.056829911104678166,-0.9809762743749035,0.1257361376139855,HAR-RV (OLS)
24078,0.0049658419212980425,0.284967539456437,2.415954492604006,-5.443716922802876,0.34671110857779086,HAR-RV (OLS)
24085,0.0011382278592721457,-0.13739831780800582,-1.5880798923436912,1.4907614528027764,0.17621730797728408,HAR-RV (OLS)
24101,0.0019631660892042275,0.24351117312808074,1.132519350626537,-2.2607745679776,0.11738284939807553,HAR-RV (OLS)
24120,0.003750972544672149,0.7725785014868114,3.0992607887346275,-5.552260152317984,0.647587665426465,HAR-RV (OLS)
24123,0.0009041364917455537,0.43230192731845213,1.4620886469498466,-2.590177192919816,0.3384794199046417,HAR-RV (OLS)
24127,-9.616561856782256e-05,-0.4743935091706473,-1.5320257447005807,3.5390003793682494,0.3142810211138092,HAR-RV (OLS)
24131,0.0022801002469107394,-0.36142317826484427,-4.235242074676588,2.57713769048863,0.4700769986116541,HAR-RV (OLS)
24143,0.004254833406233468,0.08862783021167481,0.05748286723746493,-0.4525689364781471,0.008874311575942317,HAR-RV (OLS)
24149,0.0018394151642499557,0.359633265435699,0.2783102972215817,-1.7879875809060863,0.1661476056579475,HAR-RV (OLS)
24157,0.0009490591455353892,-0.015359693606109575,2.031567846918421,-2.7562442206679685,0.1293904316372697,HAR-RV (OLS)
24161,0.004081971775978296,0.5916756119202405,0.3539167641075504,-2.952377778280575,0.33890941351775994,HAR-RV (OLS)
24171,0.0017213968614483441,0.4561074495408991,0.842979273419636,-3.707009361631737,0.3221239096682973,HAR-RV (OLS)
24178,0.001929476531713074,0.7097751952097547,1.6334006693274277,-4.365958969321056,0.4599634522850865,HAR-RV (OLS)
24179,0.0020539224038104054,0.2744108941679908,0.22960727947082515,-2.4946057468562484,0.33839179275156195,HAR-RV (OLS)
24183,0.0014139537885153406,-0.3330188715512109,0.6856816006515667,-0.5566528215746978,0.07941440916572706,HAR-RV (OLS)
24198,0.00028045734045789345,-0.24076430309186891,-1.7994124713790878,2.434524096451118,0.11122154297941278,HAR-RV (OLS)
24220,0.0015174652964860145,-0.3383923420009911,-0.8909009592790511,-0.2108855802670897,0.22351831762876062,HAR-RV (OLS)
24224,0.0034383767801754407,0.3572216056885917,0.4524497589331382,-1.9910268867520227,0.16961909265916275,HAR-RV (OLS)
24253,0.0005316802344899564,-0.03687091439784208,-0.850839154286402,0.26462742009034157,0.0730648879239888,HAR-RV (OLS)
24259,0.007271961178420263,0.4001835465044807,0.6278962678007457,-2.5582496020473293,0.23494098797990903,HAR-RV (OLS)
24318,0.0014091584484930172,0.005661127271593439,3.374430680581718,-4.4076013521551065,0.1626764227595625,HAR-RV (OLS)
24334,0.001936996896140121,-0.1264006021606821,0.7628818725196064,-2.7734698072261135,0.06991473948208782,HAR-RV (OLS)
24339,0.0014051543970353636,0.3358756469046476,-3.738654180129007,-0.3905222289640782,0.4549026455925792,HAR-RV (OLS)
24341,0.0026218745966759844,0.16204604746904816,2.0813978047392947,-7.017308293617515,0.30507989909477917,HAR-RV (OLS)
24349,0.013954462828420642,0.8451953196495162,1.355265559265162,-2.9718080016538133,0.5697559783296908,HAR-RV (OLS)
24351,0.0013280501466342038,0.20383683662420296,-0.4102989529217136,0.04354525714806956,0.05144211928478881,HAR-RV (OLS)
24357,0.0004002697634432229,0.26435403268956525,-0.11294590248205255,0.07970907391199565,0.08989041372553497,HAR-RV (OLS)
24384,0.0029483917470645863,0.15101724192981358,1.0470770039252333,-2.7013422733999573,0.13835140581535688,HAR-RV (OLS)
24385,0.0023324361618972454,0.010739491328680403,2.8157566530393376,-5.408215183416475,0.43872680174578116,HAR-RV (OLS)
24388,0.005111799262184242,0.5059014645155772,0.8463633088975239,-4.767678297071248,0.4874272617574079,HAR-RV (OLS)
24393,2.9930407315553417e-05,-0.04353812632114193,-0.7761412036243146,1.4845835012404474,0.1807542468709793,HAR-RV (OLS)
24396,0.0025912747141011443,0.03889841899802381,1.8804214427766186,-5.335890185900615,0.27325753241574136,HAR-RV (OLS)
24398,0.00418553062406197,0.019279761730442057,1.5588920498616554,-2.760575595892312,0.24673035252584974,HAR-RV (OLS)
24401,0.0010077239908269729,0.03718925261005675,0.752631526277845,-1.507863102148039,0.08718051698856566,HAR-RV (OLS)
24402,0.0017988676560248456,0.2465329467693914,-1.0209768320767947,-0.4383456979126289,0.11642964273996104,HAR-RV (OLS)
24406,0.005022767823322401,0.6805399948723179,0.2400306540977335,-2.758219242071594,0.43177948999195725,HAR-RV (OLS)
24414,0.0035647714020580366,-0.08293944459695497,1.4544357994940313,-2.4165140402159833,0.27114044460215314,HAR-RV (OLS)
24437,0.0008096143202293378,-0.5876433905597472,1.569651845719664,-2.06467131375276,0.23274848869442233,HAR-RV (OLS)
24443,0.0006559616270913988,0.14964008514495017,0.504725483699959,-0.9417417610327365,0.04998689130171874,HAR-RV (OLS)
24457,0.0012801239112277766,-0.08890149640150428,-0.6379142456795882,0.470201585185585,0.0606526292479721,HAR-RV (OLS)
24470,0.0006925693560264126,-0.024396787443330136,-2.7245414515289705,3.4359375277882616,0.22683401852717067,HAR-RV (OLS)
24473,0.0011566982610481426,0.7676394460245982,0.08983295310233486,-1.1654261442518714,0.610403951740957,HAR-RV (OLS)
24497,0.0012578561242628855,0.019147388423588912,0.41705552764199116,-1.0989028554457938,0.019829458249166265,HAR-RV (OLS)
24523,0.00146535887792697,0.2992707691565095,2.7918773379628394,-6.574586599857685,0.4000633027524104,HAR-RV (OLS)
24535,0.00036435825786769666,-0.38281756035559344,2.478381230877817,-1.7758313148841463,0.21220390613528206,HAR-RV (OLS)
24572,0.010002571004648415,0.2521993509093346,2.3851950351556814,-4.692415161322387,0.2709883671072929,HAR-RV (OLS)
24573,0.0006270690788154487,-0.02472116635244719,-1.2456796614863197,0.1001779981486498,0.3076109203971421,HAR-RV (OLS)
24588,0.003129197629692205,0.1128408041243177,-1.1138186636547305,-1.057360054157371,0.20379289961202773,HAR-RV (OLS)
24589,0.0016187048356765253,-0.1560507816394311,0.041883335360598684,-0.5960937387490416,0.060521905483448046,HAR-RV (OLS)
24590,0.0007259051586495755,0.26535902206229084,0.0512350409856735,-1.1352225679088703,0.12155735894762276,HAR-RV (OLS)
24600,0.005293470916286428,0.51453853965034,1.5895936740993546,-2.592888545527865,0.3415333738129267,HAR-RV (OLS)
24661,0.0030323785814256993,0.06521416188339109,1.272672205079502,-3.2437093525484118,0.20330061232459418,HAR-RV (OLS)
24662,0.0031385847854920957,0.39670570879214023,0.08763034607702935,-2.377039378431106,0.22707690162533645,HAR-RV (OLS)
24680,0.0019581988898852674,-0.09330619373277929,-0.03365300353003797,-1.432726672754125,0.09422150781000072,HAR-RV (OLS)
24701,0.0036218052671305864,0.10311541766283124,1.7389349091964805,-3.6800168925966252,0.27904928361377335,HAR-RV (OLS)
24705,0.0007833426950382952,-0.06380679885880747,0.2862458220500161,-1.533732216234463,0.08972033408840407,HAR-RV (OLS)
24707,0.0011193851436788174,0.09754511808904341,0.6964439177923073,-1.2999599228128242,0.0855352192777119,HAR-RV (OLS)
24713,0.0008205992052189144,-0.042949404179313935,-0.6056181725210323,0.7622493840654687,0.021449836418132473,HAR-RV (OLS)
24717,0.00024771065221124107,-0.40201457263804646,-1.4304469863487677,1.8958019906586006,0.19415930870746068,HAR-RV (OLS)
24725,0.002770840333202745,0.15333280600258478,-0.3777401946093697,-3.1148621269864507,0.1901926675277672,HAR-RV (OLS)
24728,0.0021986723006283708,-0.10936141012226311,2.3509672060120734,-3.8295931078622756,0.3145438743485053,HAR-RV (OLS)
24730,0.0036049316386511958,0.0033178064498281807,1.7793280999869328,-2.8182162505191286,0.1615767076540764,HAR-RV (OLS)
24741,0.0013129711390709657,-0.10488428703417783,1.6137071670199428,-2.693729738737412,0.2945047199848321,HAR-RV (OLS)
24742,0.0023864732693365718,0.742183986903498,0.7120219364816013,-1.9637364703726126,0.5337838546743636,HAR-RV (OLS)
24754,0.0011244635979197261,0.31605653107594694,-0.9255649710932723,-1.4017682095310584,0.49676296386624585,HAR-RV (OLS)
24766,-1.4485536766396258e-05,0.03356975448649147,-4.244585370288387,5.615534149284505,0.5994358890813534,HAR-RV (OLS)
24770,0.004867814568258585,0.5686012118639614,2.304955909342309,-4.748253616610456,0.3998463129820887,HAR-RV (OLS)
24775,0.0021949830881015,0.512962704186029,-0.6710585837280922,-1.131662502148485,0.2930492508979946,HAR-RV (OLS)
24795,0.0022954564105996376,0.040069849721711605,2.4781312428814397,-4.853675550124089,0.22624885299229958,HAR-RV (OLS)
24816,0.002847342850520326,-0.14943978875701294,1.0474526748026274,-3.301894137122573,0.15545206509929343,HAR-RV (OLS)
24817,0.0016929895524920298,-0.03494141706441238,0.1211715415191037,-2.5806627298112055,0.26618357007935667,HAR-RV (OLS)
24868,0.001810387963143029,-0.04446318685831897,2.2347207131849034,-3.8811654047654165,0.1740641768580239,HAR-RV (OLS)
24871,0.0010570628390010996,0.6371995312635944,-0.21763816702105032,-2.249430619575171,0.4259416044711152,HAR-RV (OLS)
24874,0.0015678226643917011,-0.8639864428700602,-0.8539865063139865,1.8259647068985414,0.5537593174034479,HAR-RV (OLS)
24878,0.0027866038529511744,0.4383432686809989,-1.0707870419347394,0.5909630394511085,0.28161192334263296,HAR-RV (OLS)
24879,0.001317940659439614,0.2632533820594855,-1.1974894190071192,-2.036522481064301,0.25174303535957887,HAR-RV (OLS)
24880,0.002982756674002743,0.5981768630206131,1.613341430738248,-5.658429683234274,0.32862382805631607,HAR-RV (OLS)
24881,0.0010348995866008212,0.0005571916199277736,-1.444079340926264,1.6666549320136232,0.10745075750635169,HAR-RV (OLS)
24894,0.0032897029025946477,0.4030965159814441,0.14836100225667248,-1.789528735551459,0.41803623050806227,HAR-RV (OLS)
24913,-0.00013360786238447687,0.42458917192929474,-0.532633519585285,1.1034780102517496,0.341947069591512,HAR-RV (OLS)
24921,0.0011935261786156183,0.3790474153632819,-0.18891222571941413,-0.7505157288758053,0.12090638990521252,HAR-RV (OLS)
24929,0.0011310399504546257,0.11668692747638518,0.34309940236175723,-1.2584983891388453,0.0815890638958564,HAR-RV (OLS)
24933,0.0007345530040672493,0.596221474772189,-0.42680010613358094,-0.22567382819237344,0.28196835055045344,HAR-RV (OLS)
24949,0.003362296461922306,0.5459280304546565,-0.8908960921301532,-0.8805555802389589,0.4017891209218941,HAR-RV (OLS)
24989,0.002217705880765376,0.7694082619805029,-0.6014531536450669,-2.006184038069707,0.6064033485516245,HAR-RV (OLS)
24997,-0.00016769534422211114,-0.20107169855379042,0.14659620302038112,0.9018682562115616,0.12838955587307654,HAR-RV (OLS)
25002,0.0017213121703842137,0.4330360855975975,1.9444841587825903,-4.095752117062415,0.4190622981242914,HAR-RV (OLS)
25010,0.003070666721943983,0.39689344171011165,-0.7876481997996897,-0.24382553804317403,0.24265905259007448,HAR-RV (OLS)
25015,0.0005542839676019538,0.7703654304838083,1.1273080095963668,-3.548622103596987,0.37369496384952916,HAR-RV (OLS)
25018,0.0022559450323566305,0.24157954426720343,-1.1580240848004997,0.5140093173308912,0.1536992242276306,HAR-RV (OLS)
25019,0.0011247150177953959,0.466671021216382,1.7019938842387006,-2.4730092852096175,0.4248177467677131,HAR-RV (OLS)
25023,0.0030784156344166847,0.32447635953653253,-2.455950127410122,1.909726690341481,0.45081950463110465,HAR-RV (OLS)
25025,0.0020596177505049283,0.6303939848589618,0.9700777757217343,-2.4996560106366563,0.41698922747321865,HAR-RV (OLS)
25030,0.002249615841646689,-0.07647920449749912,0.6489147556641806,-1.7417894770705606,0.0970063184959351,HAR-RV (OLS)
25031,0.0011490395404980297,0.139361925622015,-0.01010173108518131,-1.2317710965624888,0.12277132753061071,HAR-RV (OLS)
25059,0.0006570730747237478,0.17650283464444372,0.7905916674747111,-0.8438135595994471,0.12882333168229043,HAR-RV (OLS)
25085,0.0005332755967733737,0.5685960495301015,0.1857730305578294,-1.2510452809219543,0.23117375439542875,HAR-RV (OLS)
25087,0.0023105890866884343,-0.3006691253815986,3.450507961354937,-5.2528751082925185,0.24667853145338314,HAR-RV (OLS)
25089,0.0006282753033845279,0.2439854033583447,-0.10528463504447264,0.3442297669241928,0.08910341811424072,HAR-RV (OLS)
25094,0.0006594074609425758,-0.34550199210540444,-0.8665887268147123,0.9740334370991925,0.192387493496311,HAR-RV (OLS)
25107,0.0022241202347921393,0.3949204744887428,-1.0410017326045475,-0.8307058765679913,0.2316053506566872,HAR-RV (OLS)
25108,0.003466221122442844,0.5334555620486406,0.921511534502155,-3.6296038799788026,0.25008088723531585,HAR-RV (OLS)
25118,0.003014684894152413,-0.04120388437260125,-0.10293408720979236,-1.753080483756087,0.16473760337492538,HAR-RV (OLS)
25131,0.0006401833654426643,0.14849117379695478,-2.0800476868193694,1.659234935291739,0.3276554356100201,HAR-RV (OLS)
25148,0.0007489397778677057,-0.21051397825069337,-0.19436611768471249,0.8741024372870341,0.28993724014698885,HAR-RV (OLS)
25150,0.006222419800768713,-0.016900840947719722,-0.47925418704548983,-4.381285900749248,0.3004627543749818,HAR-RV (OLS)
25163,0.0008567816553694493,0.15315532935701806,-0.3016570420257104,-1.0790329443694537,0.17487385905866404,HAR-RV (OLS)
25166,0.0024534464285430953,0.8424770541449047,1.0915511830805125,-5.665084244528573,0.5927638811484477,HAR-RV (OLS)
25176,0.000954727754527098,-0.15934345415329698,1.4890651064504008,-2.621412561342069,0.22512575755536757,HAR-RV (OLS)
25177,0.0031672766908687412,0.2813232138561058,1.4702811603433745,-3.503974596260029,0.17421391055634616,HAR-RV (OLS)
25179,0.0019147140762505285,-0.14866626407109534,4.428370366192038,-6.832704328880095,0.5025962111747835,HAR-RV (OLS)
25190,0.0009328135624185276,0.4663429805843388,1.7535750675202648,-3.7335280536808293,0.4423525916234542,HAR-RV (OLS)
25197,0.007570664964136136,0.5948868584121317,0.7531066993254378,-4.5013266859605086,0.46071738108142135,HAR-RV (OLS)
25219,0.0019384005806051864,0.31050077939044884,-0.8410251691966562,-0.3377714263668964,0.1647545831141901,HAR-RV (OLS)
25220,0.0008410810426497633,0.5419674858525309,-0.8857737197903802,0.4206138584307755,0.31350896322565835,HAR-RV (OLS)
25234,0.0012460540368061498,0.5018983922440704,0.5309841614509363,-1.946828917933927,0.2691946044338186,HAR-RV (OLS)
25250,0.005112434616372074,-0.3574421506077695,1.8848085597856015,-3.6419774979357578,0.2912782712530959,HAR-RV (OLS)
25265,0.002299585856212406,-0.13772637702692017,2.3024808897456253,-4.674953004171383,0.2481307823501142,HAR-RV (OLS)
25270,0.001657619266189831,0.4294594320479151,-0.13321407108275385,-0.5954228419422253,0.26999777487260235,HAR-RV (OLS)
25274,0.0012002850996423997,-0.28836414668172566,-0.5134833445048138,0.9207370199836645,0.08675213807949389,HAR-RV (OLS)
25277,0.0032676988902149654,0.5144954418175925,1.2769695645832584,-4.193059824204808,0.2287382650101648,HAR-RV (OLS)
25282,0.002087817449389365,-0.18116626223377763,-0.4162012449302679,-1.2111361797450533,0.17444586540616824,HAR-RV (OLS)
25290,0.0018211255279369288,0.22964763457549048,-1.6422989727688415,0.5755384794164109,0.30580230528828634,HAR-RV (OLS)
25301,0.0006804417228309492,-0.192619367217096,0.08975383126234981,0.14984174490995195,0.03138356536613418,HAR-RV (OLS)
25309,0.0009150223431911153,0.331764796511794,-0.21668516016194211,-0.43243482254683374,0.21086209195735695,HAR-RV (OLS)
25312,0.0019063444576707935,0.4806220314223922,1.2837040287102959,-3.388119212823574,0.2421037131324677,HAR-RV (OLS)
25318,0.0014912527168040952,0.39028199337552816,-1.5523883038976967,-0.8655705442141741,0.3702489771777163,HAR-RV (OLS)
25331,-0.00024334322045518745,0.037860084005511205,0.7548131185693745,1.1143048508115174,0.44027098189062774,HAR-RV (OLS)
25334,0.001893210417224805,0.5782511400123529,1.2828031018283526,-3.4316303607794527,0.3659892715173886,HAR-RV (OLS)
25335,0.0014713517340606873,0.23404813976172317,1.34093798235032,-2.6634931631249907,0.18805517179079678,HAR-RV (OLS)
25338,0.001064032376441545,0.4286138683556653,1.3382638716123165,-2.658520586138736,0.24775548750898446,HAR-RV (OLS)
25340,0.008169717147822336,0.6183882041922631,0.6949856390682422,-2.9806291359454624,0.5682486165319196,HAR-RV (OLS)
25344,0.0007718647606979377,0.32138398881689584,0.14630401161882828,-1.07088719057659,0.15385812790566789,HAR-RV (OLS)
25347,0.0032521726165112876,0.2609887744521704,0.4804533921081645,-1.1453631749343895,0.0746280358575494,HAR-RV (OLS)
25351,0.0012109014210961258,0.3362070956091287,0.44728946069357023,-1.8620958323458485,0.11167640857778593,HAR-RV (OLS)
25355,0.0016702287878292785,0.45369997696108577,0.060603443076054364,-1.2273546852425543,0.28100162465598655,HAR-RV (OLS)
25357,0.000849331275813524,-0.1899965276975496,-0.10915340832774606,0.3230720483904742,0.031188184661328666,HAR-RV (OLS)
25359,0.0021251214212175467,-0.15323623589377355,2.886639787975154,-4.724382942418734,0.41002281407832986,HAR-RV (OLS)
25367,0.000665388855142945,0.4606990783592149,0.8150786948322394,-2.340562384212244,0.24586828971873775,HAR-RV (OLS)
25369,0.0016778816389930052,-0.4307195235477728,0.2048548341580707,-0.7198770639744575,0.21402348155061857,HAR-RV (OLS)
25389,0.00259078114102302,0.8123055984234657,0.4800328844214228,-4.049253199204995,0.4943957030526881,HAR-RV (OLS)
25399,0.0012197648349470608,-0.21706022295031754,0.19392121108105415,0.24477699683371262,0.03903633483405755,HAR-RV (OLS)
25403,0.0013706927369275537,0.26698552714286417,1.322320035041809,-3.661997019294083,0.2060939998849245,HAR-RV (OLS)
25427,0.00030487514752805235,0.4652809390132283,0.3996340764613177,-0.7353787913139667,0.2090538554659721,HAR-RV (OLS)
25429,0.0032631891436058513,-0.1151102027991819,-0.2449211232741767,-0.787494876544388,0.2467893169227634,HAR-RV (OLS)
25437,0.0007239008506531729,0.3339470386739082,1.749770762658482,-2.7907710176819096,0.44587297006430704,HAR-RV (OLS)
25439,0.00016775669384213942,0.3912609063475452,0.3428784720653486,-0.14514544916342031,0.3011538159862681,HAR-RV (OLS)
25452,0.008068633623790785,0.11339141183984441,-2.678065058340517,-1.2420395818274328,0.3356505959238014,HAR-RV (OLS)
25463,0.0028330312676634003,0.34558197989102296,-0.008203874100602082,-1.5141525655034305,0.2787083053376376,HAR-RV (OLS)
25467,0.0007666931385805246,0.09548709513274031,-0.2210978852945491,0.17872109224052013,0.012174083672803926,HAR-RV (OLS)
25474,0.0012683543040209332,0.24417566124974466,2.0322194805351166,-3.5184317210610705,0.19453740400140795,HAR-RV (OLS)
25475,0.0019718434692653775,0.23110337613348172,2.611314711914902,-4.490331053931454,0.3171052981852508,HAR-RV (OLS)
25483,0.0001982537795452066,0.10015760640014397,-2.697774924155544,3.4891740576736345,0.36856202756607237,HAR-RV (OLS)
25488,0.002987629830053099,0.05250934787951691,0.07184959939596958,-3.1286963199220894,0.2517546256212484,HAR-RV (OLS)
25489,0.001267609914532515,-0.33657720452043044,2.6571281382148726,-3.265303201064987,0.45953347059961513,HAR-RV (OLS)
25501,0.0057297360078861085,0.27935334561415864,0.9824342380096802,-3.6636315119484757,0.20582200439316045,HAR-RV (OLS)
25504,0.0007037629215628486,0.26445824687815217,0.4136235710474928,-0.5687824022337837,0.07760344956550369,HAR-RV (OLS)
25525,0.0006417303676224939,0.11690940583081003,-0.5810344329272035,0.23954575387228216,0.051010535053614525,HAR-RV (OLS)
25551,0.0009409144734816583,-0.05533831637880603,-0.7368433886947678,0.4200412491286648,0.08481991370369146,HAR-RV (OLS)
25560,0.011927426279537304,0.6412907396914529,3.081314471228139,-8.428474869297391,0.487263975305548,HAR-RV (OLS)
25569,0.0050231733187151425,0.8950315499247488,2.5715247922542597,-8.929942140833242,0.6838168616048084,HAR-RV (OLS)
25570,0.0003877049747200267,0.5563416170049666,-1.1524064074299347,0.4023487305280191,0.3206543400167219,HAR-RV (OLS)
25575,0.0010431360454269015,0.06266883235428053,1.9854219341854238,-2.570555530853184,0.1545979888562402,HAR-RV (OLS)
25580,0.0019572919828546084,0.29195701878965263,2.3614987029630017,-3.3581337167233514,0.37721410314435433,HAR-RV (OLS)
25583,0.0010880161761675888,0.6067267652847261,-0.6421531429798499,-1.0560685192362946,0.4098151540053063,HAR-RV (OLS)
25584,0.0033343843488279554,0.4528466871033679,0.24785941263259748,-3.5929733401987223,0.3295928803530992,HAR-RV (OLS)
25599,-0.0006721571928605724,-0.5012121721516812,-1.6274551605423004,3.673182189435962,0.15100377132253573,HAR-RV (OLS)
25616,0.0007031733304087309,0.8323277404008655,-0.12197715090788863,-1.0293685237788808,0.5171782720846902,HAR-RV (OLS)
25617,0.001888393838746903,0.3243626600305057,0.4633996029074754,-1.076253888592031,0.2045736887767311,HAR-RV (OLS)
25619,0.0009815281323952902,0.25007955661552367,-0.13325877897066918,-1.3564508865755385,0.2921379846422174,HAR-RV (OLS)
25622,-2.904602996302004e-06,-0.5521759653718245,-3.9327182305007633,5.2220260643093805,0.5552858328835338,HAR-RV (OLS)
25627,0.00033469178252538593,-0.4860697288456936,-0.7246877461603248,0.9412598000441317,0.2508219874241382,HAR-RV (OLS)
25636,0.0013991395498916374,-0.504335502887203,2.9484525597170452,-3.1039889298247267,0.19508727932714098,HAR-RV (OLS)
25638,0.0007290922875699471,0.04514695147870822,1.3906939443625592,-2.0006409644603207,0.14088997727879682,HAR-RV (OLS)
25639,0.0006764930972034228,-0.2805743126178221,1.0629954522197664,-0.786947381507421,0.06907269247070602,HAR-RV (OLS)
25640,0.0007474328844925967,-0.0345114422864573,0.28062750029631733,-1.012217460069534,0.07154003244842055,HAR-RV (OLS)
25641,0.0018552629861173192,0.19632213285018027,0.28061214946980084,-2.528100725646198,0.2690256231143181,HAR-RV (OLS)
25653,0.0018139107641296595,0.18321039141452616,2.491245968390304,-5.459576896695597,0.52607259168998,HAR-RV (OLS)
25654,0.001683739890938785,0.18551528946101264,3.207596487152968,-5.948773559004369,0.2853965129961368,HAR-RV (OLS)
25668,0.003699539373530773,0.044970540838516274,0.6775060876991599,-1.7168952730353035,0.0739987527814916,HAR-RV (OLS)
25680,0.0007717528806010789,0.4737656015872633,-0.22462662659526345,-1.695258870295607,0.3454398801687215,HAR-RV (OLS)
25683,0.009039439760380711,-0.3207610838729445,3.0026777531553197,-4.774279161652038,0.3797032257710746,HAR-RV (OLS)
25687,0.0003317147106024922,0.15003371700605253,-2.4760493687990484,2.740879567130329,0.3314223351755261,HAR-RV (OLS)
25712,0.002096205291712318,-0.0878326193434078,3.54936331622274,-7.05261680666151,0.23531138949689012,HAR-RV (OLS)
25713,0.001174071366538343,-0.013312251766756421,-1.5026030748180488,0.9476672112756463,0.16142146386028378,HAR-RV (OLS)
25716,0.0019179211871083004,-0.1992297025653198,1.6556578087951672,-2.8307686821803673,0.27276077644693353,HAR-RV (OLS)
25730,0.0020131457196126655,0.30676039680650863,1.2936630811493952,-2.8604214023667978,0.16808930513288944,HAR-RV (OLS)
25731,0.0006487118714678106,-0.10937540372726429,0.26573553795145,-0.7655657927789993,0.1866995953863979,HAR-RV (OLS)
25745,0.0008094706620677546,0.42811275008294575,0.14455041851245576,-1.3556796834598244,0.20491863042366976,HAR-RV (OLS)
25751,0.0012575975158806488,0.20602209593962023,-1.740781804481943,1.9111221062800186,0.11383846615670912,HAR-RV (OLS)
25754,0.003146391911607152,-0.19726773227893238,-0.5692489893186288,-0.9378246336749567,0.1839433746123217,HAR-RV (OLS)
25755,0.000437117426832008,0.3073701435007451,-3.63148421961941,3.76908248442371,0.3771588464422978,HAR-RV (OLS)
25761,0.0008955700807095301,0.42445223762303963,0.8127837076367632,-1.681185087990496,0.3207396558264016,HAR-RV (OLS)
25766,0.0008552731563034209,0.09995610036555885,-0.674894804283546,0.029171093855420938,0.08500955158443046,HAR-RV (OLS)
25772,0.0009970106382841497,0.09035048156613834,-1.1016623848092653,-0.332136521892881,0.16694938751922006,HAR-RV (OLS)
25773,0.0024122879614829427,0.40830561738645454,0.9667729637957462,-3.184635358757732,0.25386856090137666,HAR-RV (OLS)
25796,0.000592957311824743,0.7541115694234791,-0.6955757572513454,-0.32261293767011023,0.5416445492329487,HAR-RV (OLS)
25799,0.0013861485813476543,-0.3588435677808315,4.467867728947152,-6.470521345395863,0.4039289960425908,HAR-RV (OLS)
25803,0.00594317702162777,-0.12265495294883857,0.21591891952994208,-1.3841089285078587,0.2145135314607579,HAR-RV (OLS)
25813,0.000538152090075269,-0.12285771840361923,0.8147317661449207,-0.4581047221526077,0.13610177275243274,HAR-RV (OLS)
25815,0.002051486751898183,0.5370865616722794,0.6030371838918982,-4.834977246377776,0.4231691471722252,HAR-RV (OLS)
25844,0.002867293586539266,-0.2393571954579388,2.530092772477915,-4.271262327250518,0.375369112454047,HAR-RV (OLS)
25854,0.0007762510246669973,-0.23409310627668625,1.3391772953700485,-1.08476148634363,0.13987836097350326,HAR-RV (OLS)
25863,0.00014667925839860659,-0.039611902416514265,-2.0719822259800296,3.142977287194683,0.12937219780964904,HAR-RV (OLS)
25864,0.001893817522920912,0.22502908782587194,-0.49562572011285977,-1.0332937658175845,0.19750982074726964,HAR-RV (OLS)
25866,0.0026184526448622355,0.6246578827385796,0.9160209951180829,-3.738365586312784,0.39144420249831935,HAR-RV (OLS)
25876,0.0008255357974184192,-0.17257054472549158,-0.5080464356108579,0.9382996011786597,0.029492296779658256,HAR-RV (OLS)
25879,0.0006197469484315491,-0.1139021644414701,-2.203571386163775,2.3516565992576606,0.11611559631904989,HAR-RV (OLS)
25894,0.0004572281365927927,0.9763665216817607,-1.2098732281425413,0.9344716188580229,0.3952107128377901,HAR-RV (OLS)
25916,0.0012157076717668439,0.4993356601115751,2.071185464464418,-3.654608479277399,0.6089263779666401,HAR-RV (OLS)
25918,0.005561788054504919,0.035621147437674916,2.762298026850993,-4.205447965844205,0.35160622701379807,HAR-RV (OLS)
25924,0.002613779056670598,0.1235667647182174,-0.7116976593725255,-0.97265633330469,0.16253893517765738,HAR-RV (OLS)
25971,0.001664905967291021,0.22117695189880046,0.5123388412379732,-2.8250765682309944,0.09538879891108176,HAR-RV (OLS)
25993,0.0021614846147510075,0.2949011765217517,-1.4407086384125873,-0.06142462835794138,0.2742485599317389,HAR-RV (OLS)
25999,0.0026960251940746876,0.11012268936620183,0.43628714028565774,-1.7274307074218964,0.06433920715462949,HAR-RV (OLS)
26005,0.0028202015558345577,0.41455312805642786,1.107217666597861,-2.07817937431983,0.137711551207092,HAR-RV (OLS)
26020,0.0006996693092112916,0.33817152964938046,1.7340006670632433,-3.305004818061102,0.35964571191101335,HAR-RV (OLS)
26021,0.0008042243708294556,0.24599232222481238,0.11116205037602861,-0.8292494299171121,0.0830342629802101,HAR-RV (OLS)
26024,0.001834924053759466,0.3787370966840706,-1.5293815589956221,-2.830919899852439,0.34552233905188134,HAR-RV (OLS)
26042,0.0011023299205880862,0.4544455997876553,-0.11487432897071226,-0.4509632511118389,0.1924570035505706,HAR-RV (OLS)
26052,0.0023988404538885125,-0.039633944283494184,1.874906534287016,-3.3682533658906206,0.14041789341126965,HAR-RV (OLS)
26062,0.0009144921746744115,-0.010253004924715741,0.18028174019174462,-1.1695191202940487,0.0807258129241375,HAR-RV (OLS)
26069,0.004103753954730217,-0.37348720997363455,0.12473550998343291,0.07231181464048758,0.1324149895611496,HAR-RV (OLS)
26081,0.0024538326931602852,-0.0958771117043761,0.2570578826315453,-1.6753262983242911,0.19268928801683072,HAR-RV (OLS)
26082,0.0030087111842149548,0.7511304818265803,-0.8520032412301772,-1.6525027838887236,0.41244490000392386,HAR-RV (OLS)
26091,0.0018779030033486696,-0.06397585105683462,1.6996655240032619,-3.2373684590556806,0.15193732918497016,HAR-RV (OLS)
26099,0.0002738852402757343,-0.12297240542807332,-1.6441848344054382,2.719743200945748,0.11116443550887589,HAR-RV (OLS)
26106,0.0006034040949530423,0.1602875659131554,0.8682981263910177,-0.6623168671093624,0.13833382168953212,HAR-RV (OLS)
26107,0.0009880078471518022,-0.22589234109961676,1.8661085012960048,-2.3755766153895768,0.1863920353357199,HAR-RV (OLS)
26125,0.00262010110145425,-0.29897919681010077,2.1158831557074325,-3.4117158238257805,0.10320670111203745,HAR-RV (OLS)
26147,0.0035569816736393837,-0.09190798365060733,0.8802638405142483,-1.812701068778476,0.051824931898956095,HAR-RV (OLS)
26152,0.0009047562683249565,-0.3280470745569785,-1.311657651173109,0.7108525186267629,0.139874828037717,HAR-RV (OLS)
26155,0.0019125185914700574,0.2773968983925822,-0.48806019635131537,-1.4279040346077612,0.19843653406391737,HAR-RV (OLS)
26159,0.006035533584541579,0.30355582178317086,2.3646469268200856,-5.311870861667195,0.2682817077096601,HAR-RV (OLS)
26168,0.0024271719355298104,0.2796125846961244,-1.1118051055486047,-1.5024415028078326,0.2324179253588291,HAR-RV (OLS)
26170,0.0015046304974737695,0.4741505135440831,0.5202602284251662,-1.9415611651587998,0.2782734713998958,HAR-RV (OLS)
26186,0.0006926977413768093,0.07383026553457472,-0.7254069797486423,0.06546302751288802,0.07496173852746413,HAR-RV (OLS)
26190,0.002389856771132931,0.48351469135394853,2.1874657112122122,-5.124961432813895,0.5252924969646545,HAR-RV (OLS)
26191,0.0025105802827589657,-0.09015750797811946,1.6784122615864394,-2.410692336157082,0.0839600904151877,HAR-RV (OLS)
26195,0.00039149415877169755,0.07414479622117022,-0.7255832066604648,1.423652435576714,0.10974562591868742,HAR-RV (OLS)
26197,0.0007740400114543541,-0.09220136228314485,0.4628904966448874,-1.1194918509527214,0.05099316893470629,HAR-RV (OLS)
26204,0.0012674203523466727,0.2857496836895501,1.3352469147168549,-3.2259523095017366,0.3042978821307576,HAR-RV (OLS)
26208,0.002665300168718385,0.4952787126627406,-0.10449503668494942,-0.6332241984184879,0.1429017223778195,HAR-RV (OLS)
26222,0.0006171466340843838,0.45330937604514426,-0.018937456655073806,-0.19634370090111042,0.18200758846983067,HAR-RV (OLS)
26250,0.0019995209031163437,0.01835206008140129,-0.5792334790349727,-0.5420969246328893,0.09167619244631109,HAR-RV (OLS)
26254,0.0006667403123857357,0.6349935777495479,-0.048206441619335405,-0.4128979827488519,0.3242592851935884,HAR-RV (OLS)
26273,0.002227040083449547,0.5751550670203273,2.6511896403808617,-5.465693291419721,0.42424748975003657,HAR-RV (OLS)
26277,-0.0011671297671577512,-0.21544705116446936,-2.4817339871137687,4.577278631699337,0.1940986404302243,HAR-RV (OLS)
26292,0.006418668088881405,-0.43265698374864714,0.9815731844533926,-2.818258140030153,0.33148618074771885,HAR-RV (OLS)
26307,0.004151542030838704,0.1926799573011045,3.2145089027529896,-5.834504706944577,0.3570274916785816,HAR-RV (OLS)
26308,0.000721678993904486,0.3471614609946079,-0.5604997678274692,-0.2662003107426826,0.18486286071265723,HAR-RV (OLS)
26314,0.0009163100611689857,0.15725087908986685,-1.0068059850141464,1.1202266821843472,0.1527832028245758,HAR-RV (OLS)
26317,0.0035797454834205857,0.2942755258979603,-0.6330341238572406,-2.6374489447798917,0.2566844641345799,HAR-RV (OLS)
26336,0.0016288447631135107,0.467627759235599,0.6535257494661332,-2.3263150809897626,0.15178258951706536,HAR-RV (OLS)
26337,0.0009256754470254938,0.22232217826986023,0.4385550359335522,-1.3745260951577303,0.14186204684603365,HAR-RV (OLS)
26362,0.0017184785861947827,-0.19314625058921128,2.4358882794138292,-4.314972854027054,0.1874089180711338,HAR-RV (OLS)
26366,0.0013954708251425092,-0.20333236226904947,2.931207069850412,-4.003062106813292,0.1529359520328919,HAR-RV (OLS)
26375,-0.004557631423505059,-0.1379743802357288,-1.4744009157348588,3.9759386141477284,0.353896777777034,HAR-RV (OLS)
26387,0.0011634621819221183,-0.3083151304207216,-2.0737031349970487,2.7470636719541175,0.1936536704418712,HAR-RV (OLS)
26388,0.0018234958680292887,0.1048650541861868,-0.13413007533064558,-1.4775189550598622,0.10038750471051283,HAR-RV (OLS)
26400,0.001399568770531963,0.24737544877099119,1.5653944637229134,-4.382671889468632,0.42377976272901496,HAR-RV (OLS)
26407,-0.0016291755571821909,-0.2568500851702391,-0.9965970234689296,3.877347373919207,0.7111567848127058,HAR-RV (OLS)
26410,0.0010603028639653278,-0.09790622668718463,-0.988958617587615,-0.05675525213279925,0.189415595464958,HAR-RV (OLS)
26428,0.00048785948907182806,-0.4633964198754903,-2.3433255305486567,3.142096013784366,0.24037957133837728,HAR-RV (OLS)
26430,0.0019359215530367767,-0.06715442394223749,1.6195160245287779,-2.7876167485700627,0.08243833868183426,HAR-RV (OLS)
26440,0.0009372651350078308,-0.37767507904750797,1.16564770751283,-1.06659964138845,0.11886755976221075,HAR-RV (OLS)
26447,0.0008610393637368508,-0.39394463030521804,1.024478659683147,-0.818569341272557,0.2546011921293465,HAR-RV (OLS)
26450,0.0007745810550436218,-0.005748719989245624,1.8913834935821239,-4.422972166681982,0.30284460962036497,HAR-RV (OLS)
26455,0.0005808630916155962,-0.3925749422773847,-0.25804872865527817,0.323574746484178,0.15339124482694733,HAR-RV (OLS)
26460,0.004982153478498031,-0.2980401580823437,-0.8070846863000571,0.23909099854090105,0.3434962094893681,HAR-RV (OLS)
26471,0.00022700242872075998,0.1282395859437385,-2.0270195855487825,2.9747764385755566,0.17677442935232024,HAR-RV (OLS)
26475,0.0007822602221036628,0.2636967872813134,0.8716247316418554,-2.0453498762133333,0.1920414410770992,HAR-RV (OLS)
26484,0.0007176272107793627,0.5763920644972651,0.41938075054365465,-0.9462116145630971,0.4691641248013517,HAR-RV (OLS)
26488,0.00341080761018508,0.43667618136666786,0.8937555816927013,-3.6368318225815655,0.3058265051412843,HAR-RV (OLS)
26494,0.0010007420385508541,-0.5096329427872471,0.682226698663219,-0.569541511928437,0.21283256087806868,HAR-RV (OLS)
26503,0.0018463467413083507,-0.21389925876169577,-0.8883130207653909,-0.736477785518097,0.27277220741114183,HAR-RV (OLS)
26522,5.5509378761486774e-05,0.5796820774821431,-1.641154347398666,1.760984422604982,0.27158117090656386,HAR-RV (OLS)
26523,0.0009816417063141132,0.7227274332525606,0.6341566967653487,-3.608145942643681,0.4149313641415969,HAR-RV (OLS)
26538,0.001262441922004377,0.7052698168890179,0.4962289342174714,-2.0673914381068292,0.3464084834740795,HAR-RV (OLS)
26555,0.0020057369560755323,0.2118680015972191,-1.7628154969695657,-0.10157781257040766,0.22697185707431744,HAR-RV (OLS)
26561,0.0016835746729243852,0.43381042010327525,0.3309223168441861,-1.5480264784998428,0.20654610980790167,HAR-RV (OLS)
26562,0.005463313864488185,0.28202106628820117,-0.6728181538895435,-1.3119007759735137,0.22226949566137477,HAR-RV (OLS)
26568,0.00041895294762819173,-0.023821195982410028,-1.5122698441923859,1.6134688214949873,0.2556041279596347,HAR-RV (OLS)
26572,0.00016269587602665153,0.153407836155622,-2.1124346435579633,2.9485568351033837,0.2153594543882662,HAR-RV (OLS)
26578,0.0019865370725396015,0.3067063691233199,-0.20968351531739926,-2.195062691666314,0.32391512556123603,HAR-RV (OLS)
26586,0.0012136242356545217,0.2299650711685676,2.17662883084356,-3.5103102574757337,0.2790691046246193,HAR-RV (OLS)
26595,0.008027450916322645,0.6011428461158239,-0.28208198813607366,-3.2766908261185144,0.3535549134463509,HAR-RV (OLS)
26599,-0.00040966641537723157,0.04009933334995832,-0.707269534381257,1.8478226932254633,0.3870048884920676,HAR-RV (OLS)
26603,0.0009806193442233834,-0.43870667692620396,1.0743634672379963,-1.3783970655189344,0.2672173516017978,HAR-RV (OLS)
26606,0.0031298620325390537,0.15370718232430683,4.117222955774383,-6.755906898823898,0.27970886919532634,HAR-RV (OLS)
26607,0.0015810065000850147,0.2940813153100246,1.3920215955467805,-3.7873789057289127,0.22942555300223566,HAR-RV (OLS)
26613,0.0011358526465165236,0.17119746853569276,-0.4787267960497872,-1.543176104962785,0.2458788949058155,HAR-RV (OLS)
26672,0.0004415553026266683,0.11040341355546039,0.33432243154102637,0.07503503367706818,0.1422790904991157,HAR-RV (OLS)
26678,0.0017568906338335539,-0.005868299702304143,0.7337041113443289,-1.1638130239436246,0.021941366115225014,HAR-RV (OLS)
26693,0.00031051650361394974,-0.26275270481758306,-1.2425509760626732,1.9820688323284013,0.14586545553722097,HAR-RV (OLS)
26707,0.005509123426780284,0.12302494260525881,2.5198577927353463,-3.513552596713542,0.201445877802928,HAR-RV (OLS)
26708,0.0015166965856692385,0.2073783957497213,1.398663203105414,-2.55998151091113,0.11291202604869466,HAR-RV (OLS)
26720,0.00106203483870487,0.22679302953314137,0.6598696257609751,-0.7033724004289991,0.11132406164637632,HAR-RV (OLS)
26752,0.003908695151808948,-0.2623295505813295,2.2858411974449226,-3.6484203145447607,0.17709053051800072,HAR-RV (OLS)
26759,-0.00015233810894769377,0.44160144428587556,-1.6095407514116435,2.2614896517085925,0.31596588637738565,HAR-RV (OLS)
26763,0.0004540923610711604,-0.10667698672272284,-1.7093690977816087,2.107904990252986,0.09468031345603356,HAR-RV (OLS)
26771,0.0036926047870426285,0.09624627930243256,0.8237068839907994,-5.113095000138627,0.2728779604161058,HAR-RV (OLS)
26786,0.0005526202171794222,0.10095725854022473,0.7077030471726306,-1.378785686233583,0.17754043972565114,HAR-RV (OLS)
26788,0.0014211228800739438,-0.02026633459862008,2.022904284597661,-3.704147686598759,0.19869553630907222,HAR-RV (OLS)
26798,0.00020505567954688734,-0.2514922623159351,0.35896636739365884,0.23661163153514125,0.1701122626535545,HAR-RV (OLS)
26804,0.0006521624659970291,0.18817134888241,-1.713188560606926,1.5814400345023767,0.3079544476827384,HAR-RV (OLS)
26806,0.0007171616363538018,0.02155314138247591,-1.0044313886733214,1.0157826264319436,0.0665010015199089,HAR-RV (OLS)
26813,0.005933819669133341,0.30553348616467396,3.748904399986448,-8.071712510482978,0.34369272653293115,HAR-RV (OLS)
26830,0.0007885031179604529,0.2518020470587378,-1.3332066593919476,1.5202015244266351,0.14544607126752274,HAR-RV (OLS)
26835,0.002541474613317511,-0.1157368725696454,-1.5044707502593317,-0.7968993503234301,0.35208851414555187,HAR-RV (OLS)
26837,0.0005845669589496746,0.2145344726161097,-0.8004972654471973,1.0560250844689332,0.16735547396865358,HAR-RV (OLS)
26841,0.00038573777255770974,-0.22976844537681912,-2.025843662050552,2.5448407156365294,0.24145660231442456,HAR-RV (OLS)
26844,0.0010206254665097664,0.34374527774176306,1.0644339454839449,-3.22411139427044,0.6684515813125043,HAR-RV (OLS)
26849,0.0007372382761276147,0.5661722734410909,-0.5005088223890922,-0.11433593871467623,0.23820049579462887,HAR-RV (OLS)
26862,0.001262356021352379,0.029046112750400754,0.7436244407037034,-1.5732672589918129,0.04350218874991019,HAR-RV (OLS)
26864,0.0006468798403501854,0.4966996233539929,1.512510941007453,-2.61979978027295,0.39399038674226694,HAR-RV (OLS)
26868,7.967641904752529e-05,0.31061392831192836,-1.6923461568324127,2.7317072452020006,0.45152481852169424,HAR-RV (OLS)
26873,0.0021584943786308024,0.19595092657305094,-0.06808131117793936,-1.2148928163273498,0.16446985001699055,HAR-RV (OLS)
26874,0.002166146043176204,0.22005128250962033,0.4757704849549653,-0.8260529002507868,0.070970546415283,HAR-RV (OLS)
26883,0.0011545070499777244,-0.23429998004462502,1.267884867912639,-1.1074743535479177,0.11198541208951496,HAR-RV (OLS)
26886,0.0038450818159230585,-0.008665894446952599,-0.8031539231994467,-2.404366143695581,0.2997956979047106,HAR-RV (OLS)
26889,-3.656643770211601e-05,0.3455688460800914,-1.6811867706793004,2.0646982576422146,0.5137376361443223,HAR-RV (OLS)
26891,0.0005696075975430276,0.6190499660248545,0.11926238713372511,-1.3357486496643736,0.39122651693137067,HAR-RV (OLS)
26903,0.002205217269567396,-0.07358051310924504,0.033327872215250354,-2.6714722350408335,0.2364594054715221,HAR-RV (OLS)
26905,0.001106899316477746,0.007930737870621445,0.32295426146031614,-1.779183203308877,0.15071227894165873,HAR-RV (OLS)
26937,0.0007441146948482107,-0.03682407200336514,-0.9557490580164425,0.2737465770339246,0.09192674887121499,HAR-RV (OLS)
26938,0.0010314404326730018,0.7874795560092549,0.020536020758859103,-0.5510458437143255,0.4791377700355517,HAR-RV (OLS)
26944,0.002151472425689097,0.5175506697422488,1.717531004613304,-3.460701773864701,0.5652442888059162,HAR-RV (OLS)
26955,-0.00022866131615621559,-0.12139444385260581,-0.8345301832860282,1.8815965091194387,0.2750038482057515,HAR-RV (OLS)
26956,0.000800053009649776,0.014287781936486117,0.03744828227163579,-0.05426979843491001,0.0003725610929120604,HAR-RV (OLS)
26973,0.0014949068669597623,0.3711042425364133,-0.005096628246550328,-2.744829511973577,0.2811160228358428,HAR-RV (OLS)
26997,0.0002714440684557791,-0.5779090228726462,-1.2563684137565712,2.0194191109967354,0.3378916021306785,HAR-RV (OLS)
26999,0.0026044086019749667,-0.23886769609889485,1.0653676103337015,-2.5626406621115607,0.1660603699575759,HAR-RV (OLS)
27003,0.0005438910221685991,-0.22352510397138906,1.3332163333692804,-1.0098499941377437,0.21138685680091374,HAR-RV (OLS)
27012,0.0018999655877559535,-0.03266217058694363,1.0022638447378474,-2.357631262860716,0.270111842133539,HAR-RV (OLS)
27013,0.00025860261241949356,0.006693366772585231,0.10890606063733416,0.490386373274582,0.07439102739918924,HAR-RV (OLS)
27014,0.0013526548636665144,0.0041174467583491095,1.4763272554552045,-2.656175521000994,0.23697423135067053,HAR-RV (OLS)
27015,0.0011866014677445105,0.4158603913223475,0.10480592878327238,-0.8324698985720203,0.12175272567656648,HAR-RV (OLS)
27019,0.001728894291467652,0.10890188126155313,-0.1130954643029709,-1.368998472259205,0.0702898559955133,HAR-RV (OLS)
27020,0.002786656586714947,0.5200237858990038,1.6993540569827659,-4.591677756635049,0.3144232757576755,HAR-RV (OLS)
27037,0.0013785138772337275,-0.2598512880012435,0.9319678789898171,-1.1733306427740493,0.42656930256382286,HAR-RV (OLS)
27042,0.0011138092592733355,0.20864166511709337,-0.7234117444455561,0.6817166921068705,0.07549592227713453,HAR-RV (OLS)
27060,0.0053590833730737955,0.6152929142156432,1.959155958797416,-5.586365277666756,0.35877302590918114,HAR-RV (OLS)
27071,0.0005386718709228971,0.4688104542122865,0.5133615923077346,-2.0662782424464745,0.23660035474257668,HAR-RV (OLS)
27092,0.0016391364105505948,0.6381742784973237,-0.572201302269217,-0.3749333795128985,0.4258880592878648,HAR-RV (OLS)
27094,0.001275023923381299,0.5968350603571757,1.571834461000404,-4.789437413280378,0.5016110705617092,HAR-RV (OLS)
27095,0.0013345630379085847,0.11548751659481148,-0.40033459992064935,-1.1912722048292443,0.18692932414195063,HAR-RV (OLS)
27120,0.001571815657295474,-0.4996629530079216,0.5816218818591202,-2.1363267838577444,0.43973403333216876,HAR-RV (OLS)
27127,0.00396541090289022,-0.2099335085624398,-0.9356436784990849,-1.7954570685596707,0.3941743181879982,HAR-RV (OLS)
27135,0.0018357681217890456,0.5053287416268143,0.13877638948711082,-1.2036650207407593,0.2523701726604226,HAR-RV (OLS)
27149,0.0007478746074323821,0.031845938252552025,-1.6900894352840994,1.6564778473117179,0.14506380607515657,HAR-RV (OLS)
27152,0.0021547132825767094,0.23783234206965104,0.7674614700799649,-1.2530585346573493,0.08119744203209922,HAR-RV (OLS)
27153,0.0013582652273551623,-0.47163482944421203,1.2759585749525788,-1.2757417133688385,0.2394112341545832,HAR-RV (OLS)
27154,0.0012935597375332095,0.26900517798695445,-0.0722142856522272,-1.0446037288539387,0.11514520735143785,HAR-RV (OLS)
27158,0.00018685739819060816,-0.04817293658792705,-0.1640453382087325,0.7223695600180968,0.17206879661715146,HAR-RV (OLS)
27162,0.0025394553011349125,0.3693200387456783,0.9521638789310698,-3.292366957176949,0.31075089952058566,HAR-RV (OLS)
27168,0.0009806465753722914,0.7920227683110772,-2.0956059248360086,0.679551967893981,0.4903003277106266,HAR-RV (OLS)
27174,0.00029035325969382897,0.039861472535723225,-0.2714375722979453,0.49477778581304427,0.009633039437242918,HAR-RV (OLS)
27178,0.003092728613560467,0.32813138604110126,0.3930315072610744,-2.1044845995186505,0.314356310003846,HAR-RV (OLS)
27181,0.0007404888739657844,-0.1489202120168919,-0.36348107385812656,-0.31979376739423315,0.1026401356087332,HAR-RV (OLS)
27182,0.0021095692851098376,0.24576423992260907,0.7398177720665634,-5.131503937300384,0.3168440961523449,HAR-RV (OLS)
27188,0.0006219659682677105,0.05429848569873801,-0.8282576236935364,1.1099842401902345,0.017107953006344045,HAR-RV (OLS)
27194,0.0023273953953842643,0.15616860967563861,-0.17599516065721343,-2.1564519766190555,0.13912959457633312,HAR-RV (OLS)
27208,0.0010100370561173953,-0.17549194525520703,-1.4941946328480402,1.933513112564043,0.05172349124520503,HAR-RV (OLS)
27215,0.002148379877609379,-0.04656823684043375,-0.30258494963757765,-0.5281696340310478,0.2500257743146175,HAR-RV (OLS)
27240,0.0022156815807046534,0.300314348705088,-0.3632365697965161,-0.26791415274023683,0.13517961623971841,HAR-RV (OLS)
27246,0.0019840874733862727,-0.04594892510684321,2.631570629400351,-6.02581980066618,0.2788631224907919,HAR-RV (OLS)
27247,0.0005591262242750061,-0.41751042743960387,2.897243534441146,-3.5145841710500676,0.33820906449919486,HAR-RV (OLS)
27270,0.0011477345455326378,-0.3338157791882702,2.1382680605657405,-2.309360886858828,0.18947019604768067,HAR-RV (OLS)
27278,0.0003054194549640672,-0.04927323844941454,-1.1657452900354484,1.9148715298526402,0.14336258336224195,HAR-RV (OLS)
27288,0.002755432505118909,0.4376590245955698,3.0664527990727692,-5.671401491023515,0.6111801462493858,HAR-RV (OLS)
27289,0.0017442847656163997,0.4546159729190108,1.793398882179901,-2.8221537069407723,0.7834194158698016,HAR-RV (OLS)
27304,0.002997518045313631,-0.04782614420508186,2.1146204091602008,-3.408106823509674,0.388540269072983,HAR-RV (OLS)
27307,0.0012249698843186001,-0.05925705492926606,1.7009035826038486,-1.9935381806604109,0.13802778926750148,HAR-RV (OLS)
27313,0.0009445850623931213,0.22480236757550243,1.5760849700088593,-3.3694013729121775,0.27617714320241205,HAR-RV (OLS)
27317,0.0020510293808450085,-0.20631518277008926,2.0446235080147206,-2.6606480764634868,0.1081834436160184,HAR-RV (OLS)
27339,0.0010748260133256755,0.25652647200915435,-0.4410412021886557,0.27327308126799366,0.06323448855661451,HAR-RV (OLS)
27361,-7.324209734444571e-05,0.3375117048313818,-2.4939480391104065,3.033861177647587,0.2638233000310555,HAR-RV (OLS)
27363,0.0016469159734908995,-0.2878778758501881,0.9966719932380996,-2.398167830507832,0.2506733428135667,HAR-RV (OLS)
27398,0.0008603612563390727,0.2402299648433009,-0.5712262822096812,0.15080403595473035,0.08535073664109849,HAR-RV (OLS)
27403,0.0012537575704122297,0.010218050313857654,-0.4162005567495495,-4.369736606097095,0.2932299880151473,HAR-RV (OLS)
27406,0.0008826957763993843,0.21436217613488598,0.8318600238776896,-2.206694540384144,0.16860797276643658,HAR-RV (OLS)
27416,0.003529297755252855,0.1244648436041023,2.2031046122826394,-3.332995027046291,0.4041423096036444,HAR-RV (OLS)
27427,0.002756250381882168,0.26038734805683,0.6315127158848349,-1.555792145622408,0.03632131339875033,HAR-RV (OLS)
27457,0.0004088837012478164,0.7248194833536032,-0.979783578440619,0.9394455295246296,0.5531377458078501,HAR-RV (OLS)
27467,0.0003069949879876278,0.20273258399274846,1.0283672002579638,-1.4601007828658035,0.13994809684247989,HAR-RV (OLS)
27469,0.01091695891259316,0.0834779449249654,4.028137709472152,-8.076111301634844,0.42663441878060915,HAR-RV (OLS)
27481,0.004784889553897903,0.38391720449432176,-1.0412951674896194,-8.878054168301283,0.6912331856496254,HAR-RV (OLS)
27487,0.0012770755036448996,0.010433956262374275,-0.5616778296493679,-0.00896996842985548,0.15093142671020476,HAR-RV (OLS)
27493,-9.553766738851059e-05,-0.1372701160648187,-1.1436030287440115,2.2046630702916814,0.047764683730824875,HAR-RV (OLS)
27496,0.0016863014437421258,0.059381619928334205,0.9820572957865894,-1.7240257840209008,0.09938028273671295,HAR-RV (OLS)
27511,0.005877609806695732,0.1903432526358646,4.0203021700590815,-9.281104841390219,0.5302982134345262,HAR-RV (OLS)
27514,0.005791200804103262,-0.2566892400752836,-1.5696811589912651,0.49546198418253184,0.3110000439904447,HAR-RV (OLS)
27516,-0.0012344670893363525,-0.6462615920404741,0.053618664398584204,1.5363181690116239,0.5973744323667838,HAR-RV (OLS)
27524,0.0005274198492479633,0.03223759535088409,0.6230731040672928,-0.7991451776142418,0.01849522436033224,HAR-RV (OLS)
27526,0.005267679537241663,0.1444677803911847,0.8956417839590312,-3.0551830765464127,0.1934723733754522,HAR-RV (OLS)
27527,0.001003806587950389,0.12279708164381219,0.037686871763760954,-1.6115323963182355,0.20457354060116606,HAR-RV (OLS)
27534,0.001713682584895702,-0.16761511033825008,1.2551485927634347,-1.7661906329780188,0.10919263345526797,HAR-RV (OLS)
27543,0.0025257806648683275,0.17072448554084518,0.5866202000159622,-3.8475489798990736,0.29535416316852536,HAR-RV (OLS)
27561,0.0019995674981758624,0.4930080864422545,0.16678564135105312,-2.9554322161579067,0.30874371650553867,HAR-RV (OLS)
27569,0.0029175613295798013,0.5197091656213866,1.0863434502807532,-3.9702666125817556,0.35537963019673435,HAR-RV (OLS)
27581,0.0048750126095255366,0.2067628547588213,0.24363237187310116,-1.9022869136397806,0.10436976589897562,HAR-RV (OLS)
27585,0.00028368363035292585,-0.6580534112929909,2.0869066623872246,-1.305490792049266,0.4246029594520847,HAR-RV (OLS)
27593,0.0009544702176602139,-0.32637576742664476,0.6167083637781431,-0.16857810949685265,0.168518235999225,HAR-RV (OLS)
27595,0.004078804036738114,0.24677340565696557,-1.410405300206697,-0.8190015166702451,0.29022862774014435,HAR-RV (OLS)
27619,0.0011775709859794096,0.31118831957410087,0.23014612075149696,-0.9402724052099722,0.116558381525254,HAR-RV (OLS)
27622,0.0008794406460953239,0.09383434548449551,0.2762212721818176,-0.5331022856247855,0.013705208100925348,HAR-RV (OLS)
27627,0.00033197862780999835,-0.3064164874935287,3.6510207294481822,-3.4738725459931894,0.15541485602364957,HAR-RV (OLS)
27664,0.0014115662554041253,-0.1688597198417083,-1.946201509070658,2.5894658577867373,0.07949134713578854,HAR-RV (OLS)
27669,0.0022516584579867624,-0.02677075995207389,1.305770535215633,-1.8370211454016592,0.03820596097025186,HAR-RV (OLS)
27711,0.004266767990292778,-0.11390154925311202,2.129388558311986,-2.9501074649709236,0.21993506194804036,HAR-RV (OLS)
27722,0.0014073802350702803,0.40516152139453837,1.5477395270511578,-2.9877393672598753,0.4310334811543215,HAR-RV (OLS)
27752,0.0008889657365358556,0.48722612220943723,0.7133025878715243,-2.170740420287655,0.2874344521482566,HAR-RV (OLS)
27757,0.0002955278297090161,-0.23365625520258315,-3.2599715639178735,4.025151827549772,0.30493021661249986,HAR-RV (OLS)
27771,0.000987751533598836,0.2495616921226041,-1.8126715180048274,1.1887326549066644,0.19711451640575361,HAR-RV (OLS)
27784,0.0016978490372860186,0.5730187101388342,-0.08127250051550639,-3.3124289039094554,0.3731556138207093,HAR-RV (OLS)
27788,0.00426853543294435,0.36593970644494533,0.9124080694476031,-2.3960858475024116,0.2173457255242408,HAR-RV (OLS)
27795,0.003468137134647998,0.2841709236533953,3.5882502934426492,-9.579660942211618,0.1499434564018104,HAR-RV (OLS)
27799,0.001903660634622651,0.2944784773257139,0.8446360991586896,-2.746085634883698,0.11542472197593334,HAR-RV (OLS)
27810,0.0001979733704055652,0.058254974454229225,0.35607514028139264,0.3912200443194851,0.13252232749626203,HAR-RV (OLS)
27815,0.0023209080278817225,-0.24884138557836616,0.806167666524927,-1.5107004125054235,0.0770955906260492,HAR-RV (OLS)
27822,0.00041778141616788964,0.3904194792254718,-0.3485999811916203,0.2685728382195748,0.09412055043088952,HAR-RV (OLS)
27828,0.0017540174442955375,0.6855332787979491,0.0969593458663553,-1.0974845630129522,0.3735914783007356,HAR-RV (OLS)
27833,0.00034534055233709357,-0.27569103484256785,-1.0299685114415513,1.7885844680347607,0.09705722583011034,HAR-RV (OLS)
27837,0.0009127373957489528,0.4330429261740555,-0.14122977944888437,-0.6407578749154604,0.12826602714622826,HAR-RV (OLS)
27846,0.0027415106177788398,0.18347416544381592,2.1994509900285366,-4.536306558700229,0.49046873772737865,HAR-RV (OLS)
27851,0.001108627351609862,0.5602917696480257,0.8545939415002661,-2.359502251227556,0.27304266040639524,HAR-RV (OLS)
27854,0.002461895611586189,0.08488619739380614,-2.6967877836097705,0.8357967333057892,0.29709634122437245,HAR-RV (OLS)
27857,0.002129315120261604,-0.03456503030540971,-0.26039298699745617,-2.2509919106642786,0.3456859958466919,HAR-RV (OLS)
27868,0.0016746241127288362,0.36643624602168634,0.6590205326725946,-3.097084718311499,0.3595552608714233,HAR-RV (OLS)
27875,0.00420856596848518,-0.08886613744115647,1.9999851268419846,-4.609097394334279,0.09471855049062927,HAR-RV (OLS)
27876,0.0036795411071001653,-0.02507213022445458,1.591578150537504,-4.0827955929543425,0.23424611857556743,HAR-RV (OLS)
27886,0.0026609585496759416,0.5759689781455091,2.9509756950085815,-5.610011329091555,0.42264001511054394,HAR-RV (OLS)
27890,0.0015826937714848866,0.38143201383461245,-0.2636267529108267,-2.232982712422047,0.3333441169104979,HAR-RV (OLS)
27891,0.0022672356146396355,0.5591998671303103,0.19885193674747392,-1.660296929517423,0.29473009626465385,HAR-RV (OLS)
27910,0.010714528875732307,0.8600881471767604,1.8261762488043636,-6.284842345668225,0.5554525032006197,HAR-RV (OLS)
27919,0.0017846957675805367,0.31618151560818014,2.2560640264016594,-5.000352917106397,0.3290327374829466,HAR-RV (OLS)
27932,-0.0011041097535805478,-0.11238830562145546,-2.284803198841834,5.42157288821883,0.5138262243445695,HAR-RV (OLS)
27939,0.00021789400138270843,0.2708816044383884,0.7424996503799486,-0.7730665803038388,0.2781516060030341,HAR-RV (OLS)
27940,0.005609628121665696,-0.037610496588180296,2.9968739214534006,-5.339014041197197,0.31315656960516713,HAR-RV (OLS)
27956,0.0011456533632861002,0.1781526857283835,-0.3424987984607242,-0.08657477181947754,0.048986580953095715,HAR-RV (OLS)
27957,0.0013804062557239098,0.10310347431475728,-0.9674358024308498,0.12613574858459953,0.11064775856523235,HAR-RV (OLS)
27962,0.0004883023253838478,-0.26273696514774497,0.8979332685740242,-0.691046052694519,0.06843442340978956,HAR-RV (OLS)
27964,0.0017545431628827838,-0.03782279783989539,1.7697002389906822,-5.051431581213065,0.347745406863727,HAR-RV (OLS)
27970,0.0003218049819160701,0.31780783251817457,-2.6282657767500375,2.2835976123270356,0.2037840323666784,HAR-RV (OLS)
27974,0.0026953726813330183,0.0838671365996824,1.8959229703464184,-3.7082634685140734,0.3894230453649353,HAR-RV (OLS)
27977,0.0005608694410981556,-0.6038775533142537,-2.5487884970191126,3.0812297344264987,0.3719086489154708,HAR-RV (OLS)
27978,0.0017870911662523608,-0.40721584158956375,3.043313706666455,-3.41425411286005,0.4779795133485283,HAR-RV (OLS)
27981,0.001823695782982344,0.48042684005381936,0.25095010452994004,-2.3596781474542805,0.31465817818909836,HAR-RV (OLS)
27985,0.0025399559546475624,0.046115418824766094,-1.885846355660034,0.9216078315918055,0.21738836246261017,HAR-RV (OLS)
27989,0.0021699762674813592,0.40629832282575695,0.14342284968604124,-1.5195380055120742,0.2326007336279604,HAR-RV (OLS)
27994,0.002279981778777135,1.0644881630148142,5.7844821297163005,-12.396386933773746,0.49140573823127154,HAR-RV (OLS)
28002,0.0005974501745876284,0.2188586152060405,0.5913034318679247,-1.7365295794716427,0.11930638710362784,HAR-RV (OLS)
28020,0.0002571570288461746,-0.00999765335505922,-3.688828963583255,4.47903775391014,0.25296973064507655,HAR-RV (OLS)
28022,2.1835620566508984e-06,0.4646779316801629,-0.9093556983384482,1.251543689618243,0.17981359971566624,HAR-RV (OLS)
28043,0.00103951849694317,-0.35571194120416705,-0.12849644182947353,0.11351316158080041,0.146594308067731,HAR-RV (OLS)
28066,0.0015597179386171512,-0.3327132203483194,0.5313836860235455,-0.7044191795338,0.1234816169738372,HAR-RV (OLS)
28070,0.0018354544354464918,0.09847158172232216,-0.5395055934918608,-0.6379499457335387,0.07205709087729206,HAR-RV (OLS)
28078,0.0016604312101520938,-0.3597892361836347,2.448359960928731,-2.5487856369644906,0.18060726247996428,HAR-RV (OLS)
28111,0.0009911305203226333,0.11761300141988522,2.091237469631763,-3.143727589213172,0.09711068375296872,HAR-RV (OLS)
28121,0.002888902257487433,-0.27423161777918675,-0.16067747414366174,-0.9939555101086308,0.17991595302730656,HAR-RV (OLS)
28122,0.0018776047297077792,0.698823282786194,-1.6181151766492716,-1.8513879212365203,0.40329158693664735,HAR-RV (OLS)
28126,0.0004599836923172504,0.5402960708414773,1.168007841331897,-2.1779773179422572,0.3486107608700568,HAR-RV (OLS)
28186,0.001978357264183512,-0.056501061157644764,1.2901246618552553,-3.638628805098733,0.19400119494535017,HAR-RV (OLS)
28190,0.0015148448204097115,0.0652044453357792,1.8121721482867177,-2.4194839352071007,0.09523542336563617,HAR-RV (OLS)
28192,0.00618195657100455,0.038645727150284456,2.983740527669703,-4.313490787516108,0.540187834493447,HAR-RV (OLS)
28200,0.0011358224401374966,-0.044619954416220804,0.31281840671317546,0.29985604112069425,0.12103938033282968,HAR-RV (OLS)
28210,0.001871393982994895,0.13726173173223016,2.7797796190034014,-4.537778641702198,0.23839675067244004,HAR-RV (OLS)
28217,0.0028910737767799356,0.28417512833645137,0.5547523556136704,-3.641633075407341,0.21870826176442026,HAR-RV (OLS)
28225,0.0008234526073577747,-0.23194880050638994,-1.439503293637209,1.729550960721188,0.1323402824191816,HAR-RV (OLS)
28244,0.001415591755859009,0.30424697275328966,1.9179663218179006,-3.0892464798579833,0.31715152751438547,HAR-RV (OLS)
28256,0.0012235634524099574,-0.22130317755679918,2.096239225993593,-2.482871313721318,0.10993862811145616,HAR-RV (OLS)
28262,0.0056056117845740385,0.10216010501118603,2.9093764162652964,-4.515922562447132,0.3279007179043779,HAR-RV (OLS)
28267,0.0005815842823481011,0.13795814647582028,-0.9386668629458953,0.6660606822807393,0.08771633041474447,HAR-RV (OLS)
28292,0.006461310605432228,0.3843006156814746,1.041376069553493,-2.3449491509399616,0.2075523490451917,HAR-RV (OLS)
28319,0.006194506210902624,0.5057052391808651,0.47323443635775975,-3.074634463838177,0.2630889661060436,HAR-RV (OLS)
28323,0.0014813342848603666,0.24305316973487076,0.17414061650572144,-1.5781485225286012,0.11809065005096786,HAR-RV (OLS)
28328,0.0005550994508333281,0.125575720908765,-1.3787728694173107,1.661626958191765,0.13173547660642515,HAR-RV (OLS)
28342,0.00017154259869035983,-0.12474403148403894,-0.18651408795027002,0.8168294653448032,0.032455280500293116,HAR-RV (OLS)
28354,0.00011596331811606427,-0.06831293625042036,0.49849846807133413,0.4575748435549035,0.13702716091081502,HAR-RV (OLS)
28371,0.003116774802796633,-0.44181345753202717,3.4008581214582376,-3.7962208828859736,0.28101869292110004,HAR-RV (OLS)
28379,0.0007965603309517766,0.3059239417873351,-0.10105328312758588,0.27909517790986277,0.12449005105154443,HAR-RV (OLS)
28380,0.0008011071521209832,0.2469508195099876,0.3571034957293785,-0.29100105204218846,0.15487181370800052,HAR-RV (OLS)
28395,0.0014473443881437287,-0.5500441947666103,1.7083449624990175,-2.380228997269219,0.26130347384759134,HAR-RV (OLS)
28401,0.0014752531144190933,0.4227390574497233,4.30623324727342,-8.343877165591069,0.5006080825087781,HAR-RV (OLS)
28409,0.0017061894278400473,-0.08712569552129042,-1.2284979521068808,1.2684799853049762,0.06536877747209391,HAR-RV (OLS)
28422,0.001326106940899188,0.1368795227124244,0.6487666031300097,-2.4626107017227055,0.14468095913306478,HAR-RV (OLS)
28426,0.0019753216724997507,-0.3977388407087293,4.578572620609247,-5.7122039856634,0.7035004591191107,HAR-RV (OLS)
28429,0.0020647709803786433,0.6707913406066036,1.7160964544318025,-3.3841847293768286,0.5530737106218734,HAR-RV (OLS)
28449,0.0021461047733896494,0.22199107438749452,0.634580336653468,-1.7546422543137141,0.07864817587640216,HAR-RV (OLS)
28474,0.004615029085375453,-0.16536338177867116,1.8243531718454482,-2.917013579649497,0.11671337003594695,HAR-RV (OLS)
28475,0.00022116362461099462,-0.3752481839927568,-0.48315779465930175,1.0625411717887487,0.17253161966949837,HAR-RV (OLS)
28484,0.0017501080798270428,0.6685418051657822,0.21049970519047212,-1.3178294062121265,0.3734670113894799,HAR-RV (OLS)
28485,0.0016636789519017016,0.6939366212356014,0.4649237684778174,-2.058434341857611,0.44466846314391284,HAR-RV (OLS)
28499,0.0009918346307590882,0.5200827204541215,0.12984558104595062,-0.9536489339046694,0.20838267086899032,HAR-RV (OLS)
28509,0.0012665024181847868,0.6803755111487674,-1.0615486656722979,-0.7367173241126389,0.37550002088477596,HAR-RV (OLS)
28512,0.0003650858668983024,0.1574974771647201,1.0888131622643458,-1.7202334002569837,0.18157597070264264,HAR-RV (OLS)
28521,0.0026580805660174275,-0.828915032577451,1.2314434547084006,-0.8762417744213663,0.3710321480629799,HAR-RV (OLS)
28527,0.0016288232250066487,-0.008346988386045558,-4.291773082522649,2.8981615693106275,0.48908515918467665,HAR-RV (OLS)
28534,0.0022899945876082486,-0.34747482734503415,4.066467254027288,-4.723476522762045,0.32713106884609755,HAR-RV (OLS)
28539,0.0031744663012261845,-0.13746715502969806,3.6382952005229625,-7.935000642625669,0.3987411947354197,HAR-RV (OLS)
28541,0.0020063263922118837,0.3081757683450899,1.0366814730217533,-2.432912473111857,0.09127912572841979,HAR-RV (OLS)
28563,0.000731117179459892,0.7727457273874343,1.0765991982775498,-2.663235361730185,0.674721686543821,HAR-RV (OLS)
28572,0.0013377466866417954,-0.2661981538517494,0.4883562137295755,-1.1272928302510428,0.13672048821366667,HAR-RV (OLS)
28596,0.0015549312165155761,0.11363356656089856,1.4423040177255473,-2.3030407024646022,0.3335636697040467,HAR-RV (OLS)
28619,0.004816478761735171,0.1499288926231226,1.6920177261378417,-2.8525418384289205,0.08803000786825121,HAR-RV (OLS)
28625,0.000200177723377289,-0.10985756425407486,-0.9269102811933239,1.7286060522044546,0.044500675092986164,HAR-RV (OLS)
28634,-0.0015335522942909597,0.16876114138906878,-1.2799823637026266,2.4350865427791066,0.3660886801031634,HAR-RV (OLS)
28635,0.0011511500932227918,-0.009630889600314345,-1.9024172335689769,1.8017169086409068,0.18124107740504913,HAR-RV (OLS)
28656,0.0029550805004029054,-0.11187477725029867,-0.8349946941634195,0.7787634935167829,0.07940167068078119,HAR-RV (OLS)
28670,0.0014685079443457804,0.48143159768671123,1.213172397485478,-3.562474482959059,0.3868398526366412,HAR-RV (OLS)
28676,0.00224509212864872,0.3960653604149795,-1.0597822562289712,-1.2623118697686517,0.2874211890947792,HAR-RV (OLS)
28697,0.005412558455439144,0.3432131062477407,2.0038165358110103,-5.69684093379397,0.34801944337802126,HAR-RV (OLS)
28737,0.0019079434304948746,-0.2422089192824168,-1.1870368784882084,-0.3019129937560432,0.3080329485111013,HAR-RV (OLS)
28745,-0.00017094157919497017,-0.1637893722101848,-1.5489046469652972,2.6467071446617467,0.18345330192603948,HAR-RV (OLS)
28757,0.001837029854247494,-0.271162625667919,-1.7276240901814381,0.3367438695954994,0.36726501191254235,HAR-RV (OLS)
28761,0.0016326316125442658,0.17474131111065247,0.4824823698133675,-0.4878228096482965,0.053931000473302015,HAR-RV (OLS)
28770,0.001835416477338302,-0.0705553126276909,0.49600116943186584,-0.10685676071148742,0.3268133538120528,HAR-RV (OLS)
28775,0.0020950181343748274,0.31160898958639166,0.3156389320302406,-1.2721391631646957,0.10549226959922053,HAR-RV (OLS)
28779,0.0013873347954479489,0.27953956147243064,-0.11224869447353625,-1.4766680195549982,0.07418886852248774,HAR-RV (OLS)
28801,0.005138913238073351,-0.38763431051878516,1.8903682707653848,-2.546348519306594,0.20120693473975648,HAR-RV (OLS)
28820,0.0025542826849818128,0.2945163697745121,-0.5791527541023275,-0.03820531029044966,0.09752879345402687,HAR-RV (OLS)
28832,0.007779555932201897,0.6621991162530554,0.5330869894013914,-7.293802787668521,0.3623245217848401,HAR-RV (OLS)
28837,0.0024642403740057243,0.6512092693576124,0.2880812011724574,-2.3298389731506113,0.3430975751066605,HAR-RV (OLS)
28838,0.004468353575075393,0.007973038190888094,-0.44460363168525263,-0.4278992166588681,0.23704246358079262,HAR-RV (OLS)
28839,0.0007978956148491294,0.3091270773387576,-0.581795043848947,0.6641228044877666,0.10892753639905461,HAR-RV (OLS)
28841,0.0007069008381586309,0.698277614874159,-0.5415258499820756,0.3797916316173118,0.44597119169917565,HAR-RV (OLS)
28868,0.000722342330146874,0.5696539171816649,-0.09141250173185617,-0.4685094699631913,0.3182810131600565,HAR-RV (OLS)
28877,0.0012545604794341738,0.0779313708860806,2.0747573966994253,-3.2840086096104146,0.13647328855966756,HAR-RV (OLS)
28880,0.00043454243908251747,0.004548546868118404,0.959819011766377,-0.6705931562988512,0.19889035538677402,HAR-RV (OLS)
28881,0.0010311251443799849,0.10290890054265975,-2.172754077204055,0.48397565129610043,0.3283639140885135,HAR-RV (OLS)
28896,0.0032742513042218046,0.20202708660355265,-1.7733494545351165,-0.6545104621152527,0.2152299374326191,HAR-RV (OLS)
28898,0.004052366092701352,0.1553429601956097,-1.0371002030023069,-1.2160623666778667,0.24326839156192437,HAR-RV (OLS)
28930,0.00576601773519827,0.34991282715488053,1.029488410398904,-2.6424611868923753,0.08330427652471306,HAR-RV (OLS)
28932,0.0018354152076490893,-0.08735402966356683,-1.0005019608949235,1.0642239137207352,0.08207056962339987,HAR-RV (OLS)
28958,0.001536031514416789,-0.596142583315517,0.06903758146351632,0.14814510448306994,0.3836448393407996,HAR-RV (OLS)
28959,0.00021695037727037823,0.5175875839840648,-1.8112692215515958,1.5852852001489952,0.4087010135462875,HAR-RV (OLS)
28963,0.0017014124730965385,0.563338257991008,1.703150250833192,-5.866474489982729,0.42090736621947267,HAR-RV (OLS)
28969,0.0006934333774182543,0.05412482701370309,0.8121278041582394,-1.5685201856106552,0.01800358019806725,HAR-RV (OLS)
28983,0.0008248019305444061,0.1164048821836422,-1.482303340156684,0.5953230862846147,0.14842402571820723,HAR-RV (OLS)
28992,0.0009516583555350602,-0.054929955639537925,-3.6251333848560456,3.189038569774005,0.45883596021273887,HAR-RV (OLS)
28993,0.0005991571249236718,0.10919107695092041,2.3082065601156803,-3.5214646215466603,0.06589337858577948,HAR-RV (OLS)
29003,0.001660369192557127,0.28311811475329096,3.138981060296269,-4.699907388823952,0.38647977472974937,HAR-RV (OLS)
29005,-0.00010292539819852246,-0.02735784503489838,-0.12837292851020154,2.0515821809934045,0.18342986113161475,HAR-RV (OLS)
29012,0.0005120770461014037,-0.3221984164992619,0.9583423091514587,-0.6880513722109063,0.09002264373390434,HAR-RV (OLS)
29026,0.0023266554621599856,0.3861325630503484,0.6855981367488204,-3.0158989376555185,0.4691941967612483,HAR-RV (OLS)
29037,0.0003157156910801372,0.017868997376625284,-1.5174837747556806,2.2177580388092633,0.053183435879419205,HAR-RV (OLS)
29046,0.0005592718605748248,0.11754407241485892,-1.0714353924593492,0.9848825750503776,0.06791975647090254,HAR-RV (OLS)
29048,0.00148904744069407,0.6570393477838832,-0.35345685798238824,-0.7801168566441721,0.4120496931507811,HAR-RV (OLS)
29054,0.0014126256580720604,0.6550748652397275,3.6786605791660456,-7.5127626598497494,0.4106496762494718,HAR-RV (OLS)
29064,0.0011642978401247366,-0.12128940946314347,-1.0527888741346678,1.3188401847734808,0.059597608574835426,HAR-RV (OLS)
29089,0.0014514223473797465,-0.09856489485761387,2.0113853804074457,-3.50281067036719,0.23122042219401462,HAR-RV (OLS)
29106,0.004563815489505094,0.2864259498511135,-0.5473097226821881,-0.8338002554014622,0.16971496640603134,HAR-RV (OLS)
29120,0.000912761755970564,-0.18097531688477966,0.5590512489804911,-1.3573958646130244,0.04240563074371628,HAR-RV (OLS)
29138,0.0014220532778905061,0.3071841656289233,-1.666825009485609,1.0977154007611374,0.17811857127312614,HAR-RV (OLS)
29139,0.0009334191528567685,-0.10698216400379867,0.006515084115864406,0.09645990502735152,0.00884820902371064,HAR-RV (OLS)
29145,0.004595527689749447,0.3168316628844669,1.1506759935024626,-2.815714144885858,0.1753038972548967,HAR-RV (OLS)
29149,0.0012565930948532035,0.3868069327183028,1.7311934678875052,-3.5469891286980735,0.33116175943242776,HAR-RV (OLS)
29150,0.004151153663954375,0.06500937313961162,-0.37701642215750875,-2.6332525514166467,0.6052024991853986,HAR-RV (OLS)
29171,0.002035519449791105,0.44999340872050314,0.01770957884994262,-1.4267903632504062,0.19125227299469905,HAR-RV (OLS)
29219,0.0013572328295638064,0.7015449215095936,-1.1449338569866336,0.10897712522304714,0.4830213505837222,HAR-RV (OLS)
29226,0.0016615183589140286,0.15310584974988725,2.2567725167508876,-4.7438342100661455,0.34417132210355084,HAR-RV (OLS)
29228,0.0013092184939192675,0.334375114338108,2.321067570944027,-5.5553816769723925,0.28951007680987306,HAR-RV (OLS)
29239,0.0015271654292703875,0.3432163744071661,0.8471522363706558,-1.989426339057205,0.21261740459053935,HAR-RV (OLS)
29240,0.003933894133501679,-0.4075407372885162,1.2370377544551654,-0.860107747718935,0.17122145972144454,HAR-RV (OLS)
29246,0.0007841792634423997,0.2736757416599413,0.8147043803090785,-2.0277334734171686,0.11386209680233839,HAR-RV (OLS)
29252,0.0009798592774704364,0.7502018670938827,0.5521678878082688,-2.8738811440141996,0.507266033101172,HAR-RV (OLS)
29267,0.0021858182986731803,0.42902893100983425,0.39557771713935885,-1.3502548264894458,0.2910886643963504,HAR-RV (OLS)
29271,0.0007132982336167345,-0.5758211236244498,1.028307783943423,-0.2563874833876948,0.43328561768650486,HAR-RV (OLS)
29280,0.00400574314703564,0.24047709425039618,2.693736615805557,-5.633800426919922,0.37271379144949424,HAR-RV (OLS)
29296,0.0012490091374977239,0.6127509515204085,-0.06420737326105475,-1.3338286621367748,0.3650227636977833,HAR-RV (OLS)
29302,0.0044577368802980345,0.20086721730878299,-0.7315815763505804,-1.475509766577304,0.15803329016227385,HAR-RV (OLS)
29316,0.0018954359084081076,-0.05305592417012312,1.4678263017144841,-3.145253713098144,0.14331087273175735,HAR-RV (OLS)
29330,0.002663604278969521,-0.2046343962860383,-1.7719506812048584,-0.2000343280591732,0.32979944487552093,HAR-RV (OLS)
29336,0.000573524761175176,-0.8741806867925811,-0.6689869239140213,1.8881412878842037,0.6528569685386298,HAR-RV (OLS)
29337,0.0071193647782542375,-0.07451353038395485,-0.41788277340362234,-2.075828464901223,0.19753150837644295,HAR-RV (OLS)
29362,0.0005760313202747854,0.37836200330056496,-0.06509509566854235,0.10677982606216743,0.10854058122473476,HAR-RV (OLS)
29374,-0.0008953442849780665,-0.1926794792234638,-1.7103326494675084,3.1182609461581023,0.11448855073688124,HAR-RV (OLS)
29375,0.0027605125568675322,0.4174122253232008,4.265463656525808,-7.626835604602391,0.5606871018678106,HAR-RV (OLS)
29380,0.0014785095073057996,-0.6239622050167553,2.027966057826002,-1.2704029451596948,0.3943689684273931,HAR-RV (OLS)
29429,0.0037932848220836686,0.8208621772178335,1.3619028282923344,-6.058586454701864,0.5247118917903802,HAR-RV (OLS)
29431,0.0014250470513811,0.45853295619868983,0.539906245425242,-0.7642131472768131,0.29048825315924276,HAR-RV (OLS)
29441,0.0008090390854856814,0.3829435177026702,-0.19831372528866897,-1.5514088928516288,0.1650702673944574,HAR-RV (OLS)
29445,0.0020015620368285117,0.27414435178852015,1.4245226963761344,-3.186086000003722,0.27016470381710633,HAR-RV (OLS)
29448,0.0007953155848635347,-0.008379706337155514,1.4432632973170374,-2.6980719694799555,0.16103840592531637,HAR-RV (OLS)
29480,0.000804711721686396,0.2519310796912391,0.2650752012931647,-1.0941186405369931,0.10719218249256901,HAR-RV (OLS)
29494,0.0004724738413970001,-0.040145115601299894,-2.239482593603858,1.7183692902354222,0.25180168629528277,HAR-RV (OLS)
29504,0.001589173014206202,0.2716316141620559,1.0087245842871781,-2.775282819235307,0.1459384549440852,HAR-RV (OLS)
29507,0.0020261222452568053,0.011718579009323183,0.935680957830903,-3.620453379198782,0.10924654289499847,HAR-RV (OLS)
29515,0.0007827143122228202,0.6825482623605402,-1.6536043541695875,1.515945191793079,0.32840080464811505,HAR-RV (OLS)
29517,0.0008611491430575845,0.5818130545470791,-1.4632840651027226,0.7433686936175287,0.40578694688371053,HAR-RV (OLS)
29548,0.002124893876050048,-0.03573033242475233,-0.4136764681246268,-0.3663808762092266,0.0754858184943259,HAR-RV (OLS)
29554,0.0007816875722420175,0.5063897840438761,1.6831265304509189,-3.0831143594989854,0.4819701280795584,HAR-RV (OLS)
29568,0.003591493862382767,0.01501409361994485,2.6920287709289723,-4.097470186987022,0.2727339423370282,HAR-RV (OLS)
29570,-0.0004155351029751634,0.469082437873937,-3.898380467754075,5.09521698460239,0.19401849882799316,HAR-RV (OLS)
29577,0.0014554353339841413,0.34929033902993384,-0.045623711050870264,-1.153797043977714,0.125791770683931,HAR-RV (OLS)
29583,0.0008910668513478106,0.16528908796253494,-0.3220125637582394,-0.6051772595439879,0.08732427472310988,HAR-RV (OLS)
29590,0.0004681238063074494,0.39077398186824125,0.18830922614945342,-0.38323708564084147,0.14941526712729758,HAR-RV (OLS)
29592,0.001074089762118985,-0.17786999791601651,2.0239490582879482,-2.273308999141724,0.1518501029625432,HAR-RV (OLS)
29608,0.0010811308951456052,0.5274063537569652,-0.4373920906527128,-0.5432725736777337,0.2887204127990769,HAR-RV (OLS)
29614,0.0006187037711928575,0.3541675323703831,0.9031439485706912,-1.802398016121312,0.10841877783734699,HAR-RV (OLS)
29616,0.0005717126345953988,0.16158596772007955,-1.6815578109914944,1.4671983628265828,0.18586615828011088,HAR-RV (OLS)
29634,0.0014375735177962002,0.06801034981547625,-0.8236312568770492,-0.5340012913150415,0.17872322880984148,HAR-RV (OLS)
29644,0.004283837152999787,-0.23553683107123355,1.290116976637858,-3.0318194785562635,0.2720446351501463,HAR-RV (OLS)
29649,0.0003781708656434554,0.1561686030066895,-2.940894386877824,2.9598441990533484,0.21356964346362262,HAR-RV (OLS)
29656,0.0009600772209930885,0.1935992881602825,0.8209179196933583,-1.7734462673065226,0.07942100237255822,HAR-RV (OLS)
29664,0.004011528052309194,-0.035370183943222354,0.9093167634002062,-4.988436201716263,0.3798498101603547,HAR-RV (OLS)
29672,0.0020299159187252363,0.8350391538582393,0.16874302526481352,-0.9692824107744705,0.6383198314629972,HAR-RV (OLS)
29676,-0.00018561322645640837,-0.03420363100435644,-2.177962553585462,3.7358309724032743,0.20115585755361576,HAR-RV (OLS)
29679,0.002503947083154813,0.5642833475525354,-0.15843109403901012,-1.8877671842892099,0.35822940837749795,HAR-RV (OLS)
29692,0.002679952316095156,0.027325567547138527,1.4397232862051017,-3.0677451568300658,0.20116019456616485,HAR-RV (OLS)
29716,0.0026211580341866827,0.07139737750761364,0.9766518923987574,-4.13963001547589,0.1981465960008223,HAR-RV (OLS)
29740,0.001075802756533884,0.4148883498344757,-2.3730312307250157,-0.10696586317934687,0.4801826933533273,HAR-RV (OLS)
29746,0.001506201084258967,0.13082312164380488,0.9777035968276289,-2.9620339069290442,0.14835351502303318,HAR-RV (OLS)
29761,2.150603077112688e-06,-0.4915420200617495,-2.408657350608417,4.228498424009275,0.298030213334592,HAR-RV (OLS)
29775,0.001604003935448039,0.19104329214506452,0.026136386685975066,-0.587225912829485,0.03539309554564041,HAR-RV (OLS)
29786,0.00701310678693225,-0.2438696325048854,3.312945366051542,-5.989480144540168,0.297652077056326,HAR-RV (OLS)
29791,-0.0014941294778391078,-0.2553958437682174,-1.5736629063427143,3.731611253936256,0.2520144416712693,HAR-RV (OLS)
29793,0.001496051041684945,0.2086072108185076,1.6966382398197928,-3.046805468104795,0.3754621707948437,HAR-RV (OLS)
29802,0.002009262980292913,0.08621286583272326,0.7652783767950091,-0.9146447920260429,0.03980422315143484,HAR-RV (OLS)
29819,0.0010269852960525436,0.5827471632080102,1.0687929122074158,-2.40071098543696,0.5581984511204232,HAR-RV (OLS)
29823,0.0004175688722778346,0.08919075980376827,-0.4888515167193174,0.7572052497289957,0.012954812219856393,HAR-RV (OLS)
29824,0.001391550272476145,0.7790279567042608,-0.7302987122524842,-1.2892872666873327,0.34673492861752087,HAR-RV (OLS)
29828,0.001055443469733687,-0.10008109446244703,-0.7254234474340963,0.7471609973894274,0.02653734717056644,HAR-RV (OLS)
29842,0.001620691121811095,-0.26833110741941407,0.8380151968836194,-2.1786439850442,0.2510030438719748,HAR-RV (OLS)
29850,0.0034052856979894883,0.24173710887757235,1.6374793590603718,-3.70677496459642,0.39359171070611676,HAR-RV (OLS)
29853,0.0015636559656462337,-0.0483682268677191,-0.1874972351290688,-0.671289849865186,0.07392901083804637,HAR-RV (OLS)
29871,0.00039050090270841676,0.18723005849754001,-0.023280874398384,-0.26270386693860154,0.0258667132563678,HAR-RV (OLS)
29872,0.0056050157976405115,0.5213755478084627,1.4790431111827538,-4.992586595590307,0.456905442717386,HAR-RV (OLS)
29875,0.0009610287876514292,-0.1579182157289556,-0.2243396777645646,0.2579905514079839,0.032579289103713216,HAR-RV (OLS)
29880,0.0046513362285384805,-0.02324143142937235,-0.9414694024201269,-1.0104661424331272,0.2567409790411066,HAR-RV (OLS)
29885,0.0010581755914671545,-0.2147830573743276,0.16465537061368374,-1.6983594373084028,0.31968593330175443,HAR-RV (OLS)
29889,0.002669060842427049,-0.037690872262026574,0.6047456829025715,-1.5489981396572028,0.06942985659221168,HAR-RV (OLS)
29906,0.00015268217035434696,0.8143975703095063,-0.571128086985425,0.5309917745208703,0.46675598480262537,HAR-RV (OLS)
29930,0.002431205519669273,0.44409246365253924,2.7293574464747237,-4.879179506182346,0.2660446201705844,HAR-RV (OLS)
29932,0.005422683941129167,0.17122493110081105,-0.669480131403341,-1.4441294998432876,0.18398877722523266,HAR-RV (OLS)
29941,0.00015423098891766883,-0.051766326783145966,-4.850915020445397,5.761958878021703,0.5740318257078127,HAR-RV (OLS)
29943,0.0020229691346307674,0.44721494386232385,-0.3206612297995387,-1.031838978387146,0.18153216288229268,HAR-RV (OLS)
29944,0.0037410005393628916,0.024266103010739004,1.1303556163058508,-3.0296093430595414,0.13608988957139945,HAR-RV (OLS)
29947,-0.00014916665096469746,0.018022932596318902,-2.3498693724161472,3.7693862959674274,0.12873738309866556,HAR-RV (OLS)
29965,0.003085897391443675,-0.14147356186687793,0.3776366233032684,-4.335734306363011,0.48995462007656376,HAR-RV (OLS)
29972,0.0026476244729585112,0.672198113308517,-0.021814253110540527,-3.1126492714155782,0.44310254753041667,HAR-RV (OLS)
29974,0.0032613692541628722,-0.011730394622592078,-0.04705996156805292,-3.911787217491293,0.31346536363659605,HAR-RV (OLS)
29990,0.000893676443651453,-0.12699165647757882,-2.708110174612858,2.1194140752213007,0.4410024304680279,HAR-RV (OLS)
29997,0.0017564242712845256,-0.21404385515844782,-1.4686453633137206,0.6499081625285551,0.21528459851342263,HAR-RV (OLS)
30013,0.0003708002092965069,-0.0541227843432853,-1.8099139197900673,1.802932436042778,0.08806049316644426,HAR-RV (OLS)
30023,0.0030244343335047,0.24808529809241445,2.458177745599788,-6.981207238812299,0.4669090720430483,HAR-RV (OLS)
30040,0.0011892161471776471,0.49119552446844084,-1.3387208447085714,-1.018323226856761,0.2230429913011187,HAR-RV (OLS)
30050,0.0005850984090782965,0.42389037588363426,0.9695596250459327,-1.595505451372096,0.2810641450435727,HAR-RV (OLS)
30063,0.0038648610360264516,-0.1635407630740948,1.514485749659363,-3.1947140526308697,0.21242174877741393,HAR-RV (OLS)
30078,0.0015478363119364557,0.10925827448748955,-0.30622035275291554,-0.43466477307852325,0.0470318616605333,HAR-RV (OLS)
30103,0.002619380428192223,0.006062080277098206,0.2894461626260029,-0.7483848539444347,0.03948156344570952,HAR-RV (OLS)
30106,0.002674751556200327,0.24647136282735635,-0.13398539295742157,-0.7116295345706458,0.11567053340505873,HAR-RV (OLS)
30125,0.0042395285613775315,0.034134752436469566,1.1493484422835074,-5.144248750798895,0.22718696960094809,HAR-RV (OLS)
30128,-0.0008164884498188165,0.09536417655156554,-2.9580561495973443,3.7041071804532635,0.1954645852205641,HAR-RV (OLS)
30134,0.0012854737822433934,0.019934518458675998,1.376592675528676,-3.483784640153783,0.07611248394722026,HAR-RV (OLS)
30169,0.0013587208094275188,0.22854028002037702,0.8741133624340945,-2.5203125882271813,0.11787162226967018,HAR-RV (OLS)
30177,0.0010779666232274315,-0.015066353999957862,3.0964383065035266,-4.670352798521444,0.2668347106914579,HAR-RV (OLS)
30183,0.0009529318172343456,-0.5081865231588056,-1.2232745347243212,1.546134335939262,0.3061152727361891,HAR-RV (OLS)
30208,0.0008270918614472263,-0.6138234129247374,-1.1981052470152593,2.2965595176872875,0.21583892775893587,HAR-RV (OLS)
30210,0.0016901153922146911,0.10465892987925732,1.9986003938687587,-3.565530723263082,0.516796790443825,HAR-RV (OLS)
30212,0.0016896224196781108,-0.026103160054121475,0.6734118408308849,-1.7963053576516705,0.10594560594824343,HAR-RV (OLS)
30215,0.004604365001421834,0.30516034476643056,2.3066966629119747,-5.082725650775984,0.4794357972977772,HAR-RV (OLS)
30224,0.0028153352546238224,0.3906571903638071,-1.779901318626488,-2.952097942662477,0.4000051580815952,HAR-RV (OLS)
30225,0.001935669084220162,-0.2104725891776662,0.3872144706295096,-1.8924700599818483,0.15701482951077395,HAR-RV (OLS)
30232,-6.460386758557217e-05,-0.8683477433872578,4.002587478445623,-1.7936681017193319,0.48175157559711046,HAR-RV (OLS)
30244,0.0031942234831210353,-0.11403386714004235,-1.1541098132524967,-0.488877627725642,0.20346203583701739,HAR-RV (OLS)
30250,0.0006516601567545605,-0.03574049600869762,-1.7746565262143523,2.149708090942713,0.18668913243652818,HAR-RV (OLS)
30256,0.0020899427245746616,0.13146989509104778,2.474221206226405,-3.467629194836651,0.258851548543897,HAR-RV (OLS)
30272,0.0022110643161245714,-0.13476866792598954,-0.7015333095188466,0.19324331871199768,0.10378380363652728,HAR-RV (OLS)
30276,0.001060431873469327,0.5152452160807922,2.246993682085214,-4.570030335034516,0.3551063910012373,HAR-RV (OLS)
30279,0.0019488065988609855,0.15433533934486157,1.53938612674555,-2.142612270612483,0.16195741617596882,HAR-RV (OLS)
30303,0.00268194025689699,0.12712877447371085,0.22808295771973008,-2.5860432567454366,0.33930969249856546,HAR-RV (OLS)
30304,0.0007560497725697281,0.45952141384686596,0.13002564568807715,-0.6987397283185166,0.22601463884558826,HAR-RV (OLS)
30312,0.0019043514056096536,-0.1615950588085905,1.719542018729166,-4.785755046446968,0.1362374555540513,HAR-RV (OLS)
30313,0.0016192703750826944,0.5927383008242919,0.34693734236056256,-2.05480656525775,0.2551402322832991,HAR-RV (OLS)
30325,0.00033527738815284985,0.6324124961685654,-0.15231310668712783,0.1618957422985876,0.47824369814092804,HAR-RV (OLS)
30327,0.0010299883119532084,0.025012191308049526,-0.7214544009895483,0.7795014598991572,0.03634771797022607,HAR-RV (OLS)
30328,0.0036767854548446187,0.5399704047199486,-0.7113298617062869,-1.9859415505245366,0.3540129007446611,HAR-RV (OLS)
30334,0.0006645044212714309,-0.05564622646637025,0.911556254633286,-2.241892764499122,0.1483408078116717,HAR-RV (OLS)
30339,0.0006118102426495372,0.48090527761130525,-0.47710956934934534,0.10693965559539964,0.19658777520149395,HAR-RV (OLS)
30341,8.202712399086112e-05,-0.36383484095057644,-0.2744486729567295,1.1135881717546876,0.3142581058340497,HAR-RV (OLS)
30350,0.0003965122778001348,-0.11068955699382582,0.013828211239542323,0.16487561193904024,0.010746668661726133,HAR-RV (OLS)
30357,0.0023843782049207812,-0.5329938398048074,1.574949114215078,-3.283481510832579,0.4534627769224441,HAR-RV (OLS)
30366,0.0015912155913173315,-0.04850838901009318,0.42165132307264075,-1.2590704925686613,0.12166010103199132,HAR-RV (OLS)
30370,0.002086825186683004,-0.18329883079808823,2.030390011887775,-3.701388054593235,0.2378725502039143,HAR-RV (OLS)
30376,0.0006604509469141867,0.4049903067547315,0.41451008516905197,-1.802608659132515,0.14165860647418305,HAR-RV (OLS)
30379,0.002176172558920317,0.04381450947138298,0.9712101449987753,-1.7339022869679965,0.052285206977988885,HAR-RV (OLS)
30383,0.002703853654587827,-0.03967861234223606,1.115685275917233,-4.132815205859401,0.1837013314191862,HAR-RV (OLS)
30384,0.000552897518240909,-0.10845891855426058,-1.3103637354597082,1.5457932127075793,0.18219693340220533,HAR-RV (OLS)
30405,0.0021502383095756573,-0.05910576929865667,2.636047391890288,-4.770288471519947,0.3658011713437662,HAR-RV (OLS)
30412,0.005850952250928911,0.4569558837123177,0.9762634252513551,-2.3893777353262573,0.11305056075693931,HAR-RV (OLS)
30416,0.0010372270394674887,-0.24335239086815022,-0.44539866325193767,0.7449201506655536,0.06348432519697911,HAR-RV (OLS)
30430,0.0053470462547065625,-0.026725630820447346,2.617381841755538,-4.6113312874120815,0.4323230134998307,HAR-RV (OLS)
30443,0.0012187335660637198,0.460831556957332,0.020858560216788113,-3.256115072480379,0.32434936986418705,HAR-RV (OLS)
30454,0.001977849941604915,-0.04219306463909537,-0.42142891953826506,0.0859386563510435,0.05026742811838081,HAR-RV (OLS)
30456,0.00010573206055477239,0.26801557690102235,-0.07347845003823023,0.4820607427071227,0.09144957626020633,HAR-RV (OLS)
30471,0.00048281242542350523,0.11106875833757049,-0.6121098710242847,0.38386886431952205,0.032815979229799175,HAR-RV (OLS)
30474,0.00606798634838957,-0.025932249104154866,3.34572919426565,-5.252428262859991,0.5879022819173969,HAR-RV (OLS)
30492,-0.0003438609117307475,0.41972366087230384,-1.003466227944756,1.8330755237146654,0.2664393806245624,HAR-RV (OLS)
30494,0.0010463594767376849,0.3268168536424674,0.10364204402775701,-0.9808765482096613,0.148970214249051,HAR-RV (OLS)
30498,0.002778025654653207,-0.015451071613155048,1.0640507848233813,-1.412292726892869,0.08602306285421957,HAR-RV (OLS)
30512,0.00045193042939164075,0.04452666578110037,-0.715675562154325,0.5374190136082997,0.06116287399157283,HAR-RV (OLS)
30521,0.0006114625846012135,0.021373305667072056,1.2952859965672845,-1.692785776226994,0.09129842208315408,HAR-RV (OLS)
30527,0.0008581606670301095,0.5965759361310303,1.2187995756261352,-2.287325115955535,0.3883238359165604,HAR-RV (OLS)
30547,0.0013899100518862438,-0.0017511424511253357,-1.8943052409704295,1.3250376349632194,0.10292585526979581,HAR-RV (OLS)
30569,0.001752231344546691,0.4687203504842365,-1.2940463837711027,0.6979516715118058,0.33560466705515013,HAR-RV (OLS)
30585,0.00427013283061625,0.06352363899206102,1.6266918709336335,-3.3906806040082182,0.18016282021319774,HAR-RV (OLS)
30597,0.0014077322573561018,0.08308731933346752,0.5158566044023296,-2.5420907482245365,0.15091041977875008,HAR-RV (OLS)
30598,0.0032863803047708242,0.0876442019063357,1.2694447098391541,-4.672100908480203,0.09237425444967229,HAR-RV (OLS)
30604,0.001053272298434992,0.3777011939667035,0.12470342506906706,-1.0519859330884527,0.26524299809031104,HAR-RV (OLS)
30609,0.003764975472341321,-0.42018968897054665,2.4039925840115526,-4.5045346065089085,0.36604046785144173,HAR-RV (OLS)
30620,0.0014687696155553974,0.4020668348474717,0.816176050061401,-1.8347543761629943,0.2182287039426848,HAR-RV (OLS)
30624,0.0016568919273446169,0.0564932111027439,-1.223207507563809,0.1833574938674824,0.09095918310389228,HAR-RV (OLS)
30638,0.005072500336368865,-0.08264014283649908,1.38122146995065,-2.510788509010721,0.13514900975871535,HAR-RV (OLS)
30641,0.0007395326749394267,0.1844584513773207,0.768503523247031,-1.123211818363976,0.05334601921566973,HAR-RV (OLS)
30657,0.00604081205230475,-0.2357244654558794,1.0522908804699733,-1.8257571088118811,0.24691517170458077,HAR-RV (OLS)
30658,0.0031214598579731023,0.03762069540403194,2.302306228774679,-3.287549605464414,0.13652158155180916,HAR-RV (OLS)
30692,0.001521221001677143,0.06939888237760714,2.4424154913856553,-4.190292472316305,0.2268232909008302,HAR-RV (OLS)
30700,0.005035951305005778,0.5334203231287222,1.413958661176681,-2.5381788797297364,0.3311964089950229,HAR-RV (OLS)
30720,0.006787962308056315,0.3221794885217164,1.1703587751363036,-4.118494629160111,0.18768039179332663,HAR-RV (OLS)
30729,0.0010002381190497636,0.36991392814772683,2.5352100210237785,-4.178421910668953,0.5095135162792628,HAR-RV (OLS)
30730,0.001572279270408167,0.23405298357162416,2.1703494101277916,-3.895974609124906,0.19705631522853684,HAR-RV (OLS)
30733,0.004989716276751753,0.23007523101835434,2.0396758817003686,-4.377911066702369,0.19746065810271118,HAR-RV (OLS)
30748,0.0005074806501897655,0.11908759611755727,0.2512950660470369,-1.2747545198656849,0.0959140956125557,HAR-RV (OLS)
30750,0.0008418601955771281,-0.18315953145587197,0.08070744246104808,-0.3081742774625239,0.051102657490055825,HAR-RV (OLS)
30774,0.001117186342194599,-0.03826751897506703,-1.3009615686379228,0.932855588804395,0.06631045286921344,HAR-RV (OLS)
30789,-0.0007470124377244127,-0.23088049878809505,-0.44789728559390696,2.9062431621626037,0.5108073956604149,HAR-RV (OLS)
30790,0.0006890545353270067,0.37137412097131234,-0.4575238021217748,-0.07921150901708035,0.1309602516793572,HAR-RV (OLS)
30791,0.0009503893799041956,0.46760360903395326,-0.7449279331502687,-0.8141670123980727,0.24222347188414384,HAR-RV (OLS)
30793,0.0016424439432093647,0.22016399277807153,-0.612135147757994,-0.3278315439395728,0.15626972135654482,HAR-RV (OLS)
30794,0.0005967674609179477,0.6462526123334609,-1.112841181345447,0.6127980917594882,0.25539168801567014,HAR-RV (OLS)
30798,0.0007183523794906371,0.12181822922972108,0.7335460526887272,-1.6788804677167166,0.12994354501227545,HAR-RV (OLS)
30803,0.001134808827904721,0.07933934416297841,-0.5772630842327651,0.07049272574212445,0.05396134473208558,HAR-RV (OLS)
30805,0.0003455902224054201,0.011517472822936253,-1.2633184554203347,1.3437337712675101,0.03634940534062103,HAR-RV (OLS)
30816,0.00020718332156293828,0.16118574662092056,-1.21483150405908,1.742281027008831,0.1447994469864975,HAR-RV (OLS)
30824,0.0037458751659682913,0.07442078938663833,-0.17630975048511144,-1.0734653093681321,0.09983622469668663,HAR-RV (OLS)
30852,0.002126856325442503,-0.09818781397543365,-0.328292862802629,0.4841078758076793,0.012984673347234077,HAR-RV (OLS)
30866,0.0011307538799087465,0.5857187382695103,0.7666491055630121,-2.1819093376953864,0.46691002544435023,HAR-RV (OLS)
30896,0.0010817954411425702,0.055119590931398246,0.2551613747677243,-1.242143812209565,0.26358573298979293,HAR-RV (OLS)
30908,0.0005532536253766869,-0.3438388444143947,1.1393030918867246,-0.9315086091956645,0.21217048928355697,HAR-RV (OLS)
30940,0.0010575381075056448,-0.09908121791186449,-0.9492928547653734,0.04563733283012228,0.1284739129450866,HAR-RV (OLS)
30965,0.0011138951410763565,-0.03981700105153099,1.1499893311948144,-0.9191011859790668,0.06803493371063274,HAR-RV (OLS)
30974,0.0006054466401080598,0.1852334088544796,-1.494032261239782,1.9484417937163263,0.09408698905124724,HAR-RV (OLS)
30986,0.0008336517133203909,0.2634037284496142,-1.766925957615932,1.27233735257173,0.28631123629912425,HAR-RV (OLS)
30987,0.005058524905908078,0.333359770571034,1.6514854358873585,-4.723969287326267,0.38937803131115734,HAR-RV (OLS)
30999,0.0008574190179158004,0.6215988829187503,1.0400902981882607,-2.227375425160063,0.4175278920718606,HAR-RV (OLS)
31004,0.002071833782670516,0.39017637381876513,2.0974747388053188,-4.287693308900218,0.2999853170639115,HAR-RV (OLS)
31018,0.0023819746938371607,0.11252979399804967,2.357829054692833,-4.799617794774881,0.7061054806830015,HAR-RV (OLS)
31024,0.0025093836661720798,0.5817290821641663,1.7437223663030246,-5.363378811619439,0.38796840740640526,HAR-RV (OLS)
31034,0.0016746862910711376,-0.0688020999892858,1.763417718790648,-3.6082243229080557,0.22199460386394465,HAR-RV (OLS)
31046,0.0022268014203821454,0.2878871726787657,0.14779636547167702,-0.6669343051721115,0.09989864821425831,HAR-RV (OLS)
31047,0.00192258864853274,0.24429557050638057,1.0718990560191122,-3.36054556434388,0.15943426584932774,HAR-RV (OLS)
31054,0.0030644308587099516,0.7027673169101643,1.8820623080794694,-5.777380567062153,0.3637342666655181,HAR-RV (OLS)
31055,0.0035259623415462614,0.10197211763751059,2.487177661853048,-3.6959183569546954,0.1957730098588456,HAR-RV (OLS)
31059,0.001488071387232076,0.7651081262083842,0.6850361534924534,-2.797835780263764,0.367783665142678,HAR-RV (OLS)
31060,0.0029155605987732673,0.3365319964074208,0.3098582038198637,-1.397653976947239,0.12194097380298519,HAR-RV (OLS)
31068,0.0006941709414901127,0.23894238929437417,-0.6501154957894797,0.2421574769003329,0.07714301581840133,HAR-RV (OLS)
31071,0.0007410092394296736,0.11273017313452564,1.6692228048628404,-3.334956711492437,0.2567186892231198,HAR-RV (OLS)
31077,0.0007053127128827536,0.09377338582468692,1.194087012328198,-1.7307664981114887,0.05532831838849672,HAR-RV (OLS)
31083,0.0012213591730651932,0.2183051741703589,-0.8425257786286662,0.542224579910659,0.07383447319509107,HAR-RV (OLS)
31097,0.0026538569318337764,-0.3855661443290835,1.3012369022242138,-1.2956422823084288,0.10451894623534552,HAR-RV (OLS)
31113,0.0027060137987198734,-0.10721986712854557,-3.102244548000316,1.5007768765919092,0.38057148189276024,HAR-RV (OLS)
31119,0.0010730016841597263,0.11802206501462328,0.5988313181916627,-0.48168367511144444,0.15173387573387942,HAR-RV (OLS)
31133,0.0005381387264265165,0.07758099984893811,-0.8614421896522171,1.0884822982012712,0.0657335869997141,HAR-RV (OLS)
31138,0.001172678619564862,0.44629052697847527,-0.3384153344433376,-2.161704338070688,0.3319129129522074,HAR-RV (OLS)
31144,0.00047916083049888295,-0.0019935990012401273,-3.74472067294538,4.004109095548289,0.3035235585304802,HAR-RV (OLS)
31155,0.00161358627662076,0.38072053445614,0.9353631804991249,-2.4767358735270517,0.18934164728652914,HAR-RV (OLS)
31156,0.0005247656726119201,-0.22370815111857578,0.2318331072096192,-0.5038779277862774,0.06258578109232771,HAR-RV (OLS)
31157,0.008787120595391738,0.2765945617665131,0.6355316820617642,-3.866545696415107,0.4017773339296863,HAR-RV (OLS)
31170,0.0025114237900427812,-0.25628447951198435,-0.7345755368628766,0.9921064357771168,0.07941102441686188,HAR-RV (OLS)
31173,0.0008285143976465993,0.11651832201239665,-0.8050514143018058,-0.5022407021490797,0.17594485021207773,HAR-RV (OLS)
31193,0.0009135153205605096,-0.15278070433268234,0.7282873645914422,-1.9413429014732668,0.14743356599461122,HAR-RV (OLS)
31196,0.0011238370052243586,0.08209314246937738,0.5831023408242018,-1.5163122894305578,0.06639400663450035,HAR-RV (OLS)
31202,0.0012267571334534432,0.36846372921805703,-1.1852825130968798,0.49814352775079895,0.27188886730683537,HAR-RV (OLS)
31209,0.0005752737132068023,0.04280894914159857,1.0511984848375215,-1.5819193148956774,0.02589528930577889,HAR-RV (OLS)
31214,0.0002891697370560936,0.21130120234052613,1.5036251576377926,-1.767530572173078,0.38964239471770956,HAR-RV (OLS)
31236,0.0008959341331738527,0.00780339012559921,-1.857191924036771,2.1405452876142474,0.12276021600767906,HAR-RV (OLS)
31242,0.0007347386783663565,0.06810243948487092,-0.5137593672109942,-0.14204739699839408,0.052893111549308314,HAR-RV (OLS)
31251,0.0011509070883217714,0.1717907379698062,1.3862682138116877,-2.9502540103388943,0.19047407711778452,HAR-RV (OLS)
31254,0.000617658459979693,0.05406795051296254,-1.223423091726842,1.2679182468362336,0.05946035218710566,HAR-RV (OLS)
31258,0.0011770405601215501,0.45531939790058573,0.40144819110649,-0.9212177697101367,0.1964545765938155,HAR-RV (OLS)
31266,0.003716624008163648,-0.2888075458269684,4.150824522023749,-5.995924792633327,0.17032979062675946,HAR-RV (OLS)
31267,0.0034040302823731177,0.12308609164782647,-1.8665361873044586,-1.8347506990298494,0.3186615747355559,HAR-RV (OLS)
31269,0.0009738256565713518,0.25674885967608724,-0.97210652460026,0.21413167275879508,0.15583446153810687,HAR-RV (OLS)
31279,0.000298910534165757,0.08414316445126138,-1.9782330205749723,2.270961864647936,0.2599551790671084,HAR-RV (OLS)
31298,0.0045287368875832805,0.09571744099445557,-0.7745573222856068,-1.437719518045272,0.18721125325585575,HAR-RV (OLS)
31302,0.0013807180312088302,-0.6983807227892888,0.30119962680753665,-0.4260356610396391,0.5288885600764451,HAR-RV (OLS)
31303,0.0007526269475506459,0.14082312577920883,0.7624064864081392,-1.2891276483051992,0.05831831889236383,HAR-RV (OLS)
31306,0.002385355401708942,0.3614437135524815,1.8164152445102053,-5.755342571417825,0.30739670356978255,HAR-RV (OLS)
31320,0.0012126515585130352,0.13315061114833238,0.9841198648376857,-2.9388646705652963,0.12383807524293844,HAR-RV (OLS)
31322,0.0025035811835325958,0.03452717494494797,-1.9576004968220064,0.7106231329243149,0.2880107002896719,HAR-RV (OLS)
31324,0.0016506026212537133,0.4617047364000494,1.533625444637837,-2.4074518596263053,0.4972920192700675,HAR-RV (OLS)
31327,0.0031312909428432793,0.5083092374022602,1.4855057880083749,-3.121750101263894,0.24609187434806623,HAR-RV (OLS)
31331,0.002640857413651043,0.31953610620213396,0.8901626652107714,-3.754368570803484,0.35702628826469474,HAR-RV (OLS)
31337,0.0016236706592152263,0.42485394862541653,0.8222017211864647,-1.8664460825834983,0.3654572313906186,HAR-RV (OLS)
31338,0.001648488665901858,0.48025004483451733,0.4052090409307863,-0.5563418078307962,0.21816229588902825,HAR-RV (OLS)
31345,0.001084953710754473,0.14437966380663947,-0.7809804337694001,0.07653083930669602,0.05551555986737944,HAR-RV (OLS)
31347,0.0011752458362570342,-0.2511523516808109,1.7948491262920399,-2.286434096474577,0.12791038304273572,HAR-RV (OLS)
31348,0.003379307353982169,-0.5114442396018427,-1.6455551457159134,1.1131893415691145,0.531746354433329,HAR-RV (OLS)
31351,0.0005182361419367038,0.20350665175797475,0.5819643916451281,-1.0706762995329953,0.06943453161698088,HAR-RV (OLS)
31359,0.0010403271325370267,0.39237680273499764,0.7751580683306991,-1.9876165663211467,0.22234359302083884,HAR-RV (OLS)
31380,0.0007502186103750123,0.4164964547388181,0.1875399509014181,-1.0397388856456995,0.18314307585088674,HAR-RV (OLS)
31389,0.0008492960309554364,0.55749543148387,-0.9564447180376363,-0.6834179571173445,0.17857601092928654,HAR-RV (OLS)
31394,0.003447094005130583,0.48663843408144314,1.2879609995417711,-1.946946510151711,0.42820336727769903,HAR-RV (OLS)
31402,0.0009129578185791011,0.1505718783192778,-2.326759086746965,1.6279659082742968,0.24363884289652393,HAR-RV (OLS)
31404,0.001709387467445648,0.10109532484581092,0.7188040908495732,-1.7998577576238395,0.24591498070400963,HAR-RV (OLS)
31406,0.0002872544860659798,-0.4290374953037142,1.3327213847133024,-0.3130747237831044,0.5503206200803044,HAR-RV (OLS)
31412,0.0025872678808030202,0.35541631461681344,0.2984180279167007,-2.5154191878341785,0.24306018932883333,HAR-RV (OLS)
31415,0.002172799761883287,0.6375956294172043,0.8805639725322187,-2.8997510371539748,0.3973680844652022,HAR-RV (OLS)
31433,0.00019160444910147146,-0.15192124370321408,-2.2997744350395743,3.410652564629304,0.2981512406604252,HAR-RV (OLS)
31434,0.00112316033744451,0.09973270498371985,0.7273400140982571,-2.3937449859603213,0.17657507053307164,HAR-RV (OLS)
31439,0.0008567320056169867,-0.2859187990383207,1.253993094098044,-1.5064005902197546,0.06930833972233974,HAR-RV (OLS)
31443,0.0015619251732373503,0.2540609274016805,1.0804810366354114,-2.9865366535130344,0.1018569290660103,HAR-RV (OLS)
31456,0.0005215970691017331,0.24925681131275598,0.1246582482422196,-0.8746455021038009,0.07566969843258642,HAR-RV (OLS)
31462,0.004974869638176326,0.34896919098562784,1.4909284895005093,-4.438349207799165,0.2813636812093815,HAR-RV (OLS)
31463,0.001329220811150392,-0.2697713348936308,3.19592107146246,-4.020268892177648,0.3042222538965288,HAR-RV (OLS)
31471,0.00018916561622136965,0.4437124823687293,-1.1498009447653295,1.5873967904416133,0.11629042836104464,HAR-RV (OLS)
31482,0.002472696693335007,0.11329041780388138,2.0419561577112586,-2.6181609517130937,0.3008066015534998,HAR-RV (OLS)
31497,0.0028431657029748614,0.2619369138334119,1.8972948666734424,-5.048591663591625,0.46689166558337936,HAR-RV (OLS)
31522,0.0006367217764950851,0.5166351981133644,0.9660339066395713,-1.591809723802881,0.22537200842477523,HAR-RV (OLS)
31527,0.0005618420185673877,0.12163400644307863,-0.5392383052049698,0.7699007554436633,0.0785535641267393,HAR-RV (OLS)
31528,0.0012248695239372885,0.19367189140514932,0.10091496313753848,0.128442545912819,0.08839907068355257,HAR-RV (OLS)
31554,0.0007748992876349182,0.5872351623196161,0.9991707270453709,-2.3138125924843354,0.29571787760486434,HAR-RV (OLS)
31570,0.0007490677218103205,0.2445207168274164,1.7542294840090074,-2.911881686404724,0.2378811792757869,HAR-RV (OLS)
31572,0.0007896807331473261,0.06071800349795464,1.5659057653570327,-1.3554396789795418,0.3968379721556268,HAR-RV (OLS)
31587,0.0002355396727342884,0.41480177134993224,-0.6659653073125851,0.6089981612905915,0.23590345157936565,HAR-RV (OLS)
31595,-0.00022010189263809874,-0.18505848141609596,-2.0930009865036685,3.1849882922357415,0.20958991409709826,HAR-RV (OLS)
31601,0.004608253114670982,-0.1402424504380461,1.3561389824258665,-2.2230755942878107,0.11244793063785741,HAR-RV (OLS)
31609,0.000682198453283133,-0.8720676883550869,1.776735100772554,-0.3148503836191624,0.47691491344201187,HAR-RV (OLS)
31616,0.007612055418645267,0.6058201165065338,-0.9778153615952943,-5.1977078588677905,0.25771182526487124,HAR-RV (OLS)
31627,0.0009624465823564433,0.41294457782790045,-0.22828824236939071,-1.1995188059311703,0.14753331215866383,HAR-RV (OLS)
31653,0.0005335559831987481,0.37918398075719567,-0.4133336269646719,-0.26456382523631633,0.11126118608752011,HAR-RV (OLS)
31656,0.0012602651861562699,0.06493912943644299,-1.3912873469348603,0.22944867713264205,0.2416844106688092,HAR-RV (OLS)
31671,0.0015354398030933112,-0.26848326622626995,-2.4694151394058808,2.4535603694020542,0.23241009804282908,HAR-RV (OLS)
31689,0.003923834845120898,0.7343362171008141,0.9724546711764713,-4.6760308193487825,0.5077235327931258,HAR-RV (OLS)
31701,0.0016857125636223513,0.20309800366910594,1.498629080671444,-2.72184263028799,0.17706259678970604,HAR-RV (OLS)
31714,0.0009718194243835175,0.11220124993400972,0.7322371961420663,-1.7244904133683174,0.03455423214986486,HAR-RV (OLS)
31719,0.0011225390817551618,0.8498801156808345,1.4480681125832642,-5.021366114819107,0.5671041409228594,HAR-RV (OLS)
31733,0.0014863418401594663,0.3383703610960058,-2.8290684690700854,0.8515561657506994,0.604767473406141,HAR-RV (OLS)
31736,0.0018126517943104223,0.21693811530001741,-1.2788994742199753,0.4648986266724019,0.15885970045536535,HAR-RV (OLS)
31750,0.004084067893522552,-0.004557688949209412,1.6110722980445258,-3.5761857363152125,0.18680505488868693,HAR-RV (OLS)
31789,0.0005626797113382955,0.1709955123293893,1.0555419814570626,-1.1605088657721736,0.15883752625926129,HAR-RV (OLS)
31814,0.0011201739048672388,-0.1721292382262586,0.37078823803295424,-1.2242375224242101,0.13560686537831934,HAR-RV (OLS)
31819,-2.3549483334063244e-05,-0.06301513764559419,-4.2931580810309145,5.197624774183888,0.3718914239908815,HAR-RV (OLS)
31836,0.0019341738285872045,0.33570832593525646,0.7924123824483871,-2.905927527408022,0.2632749245690258,HAR-RV (OLS)
31854,0.0009575631984114791,-0.18011101034661292,0.853190238905528,-0.6377366016025605,0.06459352981298916,HAR-RV (OLS)
31861,0.0006611244495042468,0.1806164304644029,-2.684968187372547,2.3759883134504944,0.46357122921547733,HAR-RV (OLS)
31864,0.0020062427991975936,0.004063082198708824,1.1054811190147158,-1.2131894160411167,0.07295369487871073,HAR-RV (OLS)
31874,0.0028079774673371413,0.6262948528657031,1.553318678352353,-5.464674009958385,0.5741737586557607,HAR-RV (OLS)
31883,0.002175505848005031,0.41682315015948807,0.8716098401628519,-3.681723277735027,0.21789673180477376,HAR-RV (OLS)
31914,0.007223968339918202,0.618957923073989,0.4000693427466008,-2.5840989520348385,0.2783218036834919,HAR-RV (OLS)
31934,0.0007238354098716981,0.24413093349630924,0.4805111036276113,-1.0401256491786022,0.1726413657016138,HAR-RV (OLS)
31941,0.002097015168502813,0.001765862784704618,2.1068815349251397,-2.5888867449764894,0.1807120956371736,HAR-RV (OLS)
31944,0.0015106660163495401,0.2927589957251359,-1.5939857466417726,0.02297372787240115,0.32710840901901306,HAR-RV (OLS)
31949,0.004503111638332478,0.016365737962898266,3.0032988834404986,-5.082925081643748,0.5934644868273031,HAR-RV (OLS)
31970,0.0010319187290843677,0.7338014278386453,1.106672586354335,-2.9280238032764565,0.6129047032036691,HAR-RV (OLS)
31984,0.00021359679841154638,0.3313283932320238,-1.8100922731877311,1.778168068768995,0.2694062308401888,HAR-RV (OLS)
32009,0.013584757265292811,0.31334124853365325,4.127317428426848,-7.290656583657103,0.7054410250129296,HAR-RV (OLS)
32012,0.00782633134242978,0.6566306747812611,2.2972755361560546,-9.90916625726742,0.418948869306508,HAR-RV (OLS)
32017,0.0005379074949656144,0.19867728020687447,-0.11421788647441133,-0.8580786442530832,0.0849538330627444,HAR-RV (OLS)
32033,0.005162061224262698,0.01806871471635494,0.4540058047868695,-2.9452003018445123,0.1376798229442111,HAR-RV (OLS)
32038,0.00268477781871063,0.18119923260696294,-0.09605902807955036,-2.0296715530186122,0.0897840150623318,HAR-RV (OLS)
32046,0.00042926638933165153,-0.07178798560376032,-0.38423465130089196,-0.04042712894759451,0.06864217848667709,HAR-RV (OLS)
32048,0.00010626190805520001,0.04254822682418706,-1.6607416344693569,2.650028210640292,0.10009050402644215,HAR-RV (OLS)
32053,0.0005618298985088393,-0.22296925224483438,-1.6675785632558,1.7307072213291945,0.17835919125078037,HAR-RV (OLS)
32081,0.0022947496915919057,0.5957187235736736,0.425339090494945,-3.802631810124187,0.46458707608257876,HAR-RV (OLS)
32082,0.003239397368056674,0.03361838722343441,-1.8454039533834383,-0.5518341345268459,0.30030701152113015,HAR-RV (OLS)
32083,0.0001853951240348702,0.4412676818117551,-0.7668220875439402,1.1747333145973675,0.19283733327431085,HAR-RV (OLS)
32108,0.001240526628825639,-0.017207563593733242,-0.694903630825054,-0.20358946758236096,0.13678460463445874,HAR-RV (OLS)
32109,0.005552934821169716,-0.762421500658606,2.807450269638316,-3.5835579868088434,0.6928219210276718,HAR-RV (OLS)
32119,0.0008179009498328006,0.3850890439344511,-0.6971413421583168,0.055471533609010915,0.18975991103483691,HAR-RV (OLS)
32126,0.0007163618265588744,0.0044824408075327705,3.3045366382357133,-4.556828955411281,0.5517229489936988,HAR-RV (OLS)
32131,0.0019094739580773194,0.7623266415271975,0.5727254910378423,-3.431537450993741,0.39698133276697256,HAR-RV (OLS)
32134,0.0008282697235507126,0.9227519590658843,-1.492423460181985,1.2408110576515612,0.4405403339432078,HAR-RV (OLS)
32155,0.0018474916918129088,0.2576509877714872,0.947980258448017,-2.809572294203963,0.19166782401338067,HAR-RV (OLS)
32173,0.0013227142077399084,0.24831923674773312,-0.7585630356455315,0.7691318950485868,0.10788768198909127,HAR-RV (OLS)
32174,0.0006548589041335915,-0.09636537827955526,0.8111468904021311,-0.7895087847665103,0.04000752184445355,HAR-RV (OLS)
32175,0.0028368225280824486,-0.09002088305076525,2.5722786160430755,-4.013598733900657,0.2606281524097829,HAR-RV (OLS)
32182,0.00045694896875219596,0.47462684293713275,0.20872044521491692,-0.15134917572612025,0.2899373690702578,HAR-RV (OLS)
32186,0.00630541460529593,0.40199787303600176,0.7489364165936395,-1.78718015218415,0.14547429937048106,HAR-RV (OLS)
32195,0.0008175273053270129,0.12256865946763516,-1.3071310213794698,1.0197439384615135,0.09815699301332947,HAR-RV (OLS)
32200,0.0012920317576052393,0.5228129844724987,-0.009124648034826488,-0.831238105216961,0.24988008044294652,HAR-RV (OLS)
32205,0.005567268483852867,0.4924316957912635,-0.9734837417612825,-6.220928401992821,0.559767365600891,HAR-RV (OLS)
32209,0.0017888249724131138,0.1660114500114552,0.021767457211536168,-0.8545027571167316,0.04384996175712752,HAR-RV (OLS)
32219,0.005153007530284249,0.39121887686941187,0.7228254594170214,-1.4828453250291806,0.2588421194269177,HAR-RV (OLS)
32235,0.0016888013559331967,0.16274922978229509,1.074817827278345,-3.1702182653041096,0.1924366208025634,HAR-RV (OLS)
32240,-0.0010937275224313894,-0.5145525208436845,-1.6743136544350945,3.8956866420376626,0.22719121228487194,HAR-RV (OLS)
32245,0.0011058190832816336,0.5576415906704089,0.15774179401443028,-1.5175703228321338,0.30376122551700824,HAR-RV (OLS)
32247,0.005240184487598125,0.3460180657225782,2.069335156379433,-2.942634948731153,0.3418020126253938,HAR-RV (OLS)
32249,0.0005243064966154838,0.3970695421057359,1.3612824176663327,-1.7620872270445755,0.3541890376506641,HAR-RV (OLS)
32254,0.007342510946042933,0.4578767867756458,0.532674723978336,-2.9371869401395982,0.18641646606091655,HAR-RV (OLS)
32255,0.002295650768051343,0.5235043391233508,0.6509892794924111,-2.3952539108843145,0.5242826922673959,HAR-RV (OLS)
32277,0.0010739319587110107,-0.03883432809247499,-0.32192158639401086,0.31623117393342937,0.01175290685022612,HAR-RV (OLS)
32280,0.0010123421667650764,0.38438946721625356,0.9275379343584433,-1.4972344926340326,0.19669145719849257,HAR-RV (OLS)
32299,0.0033058983735711135,0.02910830178180253,1.1324514855835057,-3.167275357661773,0.15376243249721655,HAR-RV (OLS)
32322,0.0007774286279267842,0.17277495095715698,-0.733775553754165,0.5429731448146812,0.04253753146541306,HAR-RV (OLS)
32328,0.0005293985142993157,0.11984533550131926,-1.0588890230394452,0.7155636312159609,0.09204145020234211,HAR-RV (OLS)
32330,0.002292245826808679,0.7415169173309142,1.8388807439205168,-4.058587181325781,0.5515594234015979,HAR-RV (OLS)
32342,0.0019439784440328932,0.053866409859994885,-1.559672081895494,1.604535756408899,0.11757237205450521,HAR-RV (OLS)
32352,0.0024233346055978575,0.0122031790848004,0.7282917551490733,-1.7010716436065585,0.09991767678762153,HAR-RV (OLS)
32361,0.0015087590243060506,0.03084028403717523,-1.6986982349262356,1.5404666702745653,0.11472117673820803,HAR-RV (OLS)
32374,0.0020446203046747677,0.3632052008671444,1.4540150142117232,-2.471205428486835,0.22275137478369966,HAR-RV (OLS)
32376,0.0016967685888859706,-0.00484611501845242,-0.4832976447482715,-1.1529285432465537,0.16128038190629257,HAR-RV (OLS)
32433,0.0014668088066470911,-0.0697458915566847,2.559613385501793,-4.388972051995889,0.10222912752609004,HAR-RV (OLS)
32452,0.0020821227400168113,0.8298904443315254,0.28612596125016343,-4.126643198745106,0.6335946476837049,HAR-RV (OLS)
32461,0.008809186762834978,-0.1555684958985297,-0.38596681929744836,-2.4205797448963606,0.6146015029796155,HAR-RV (OLS)
32463,0.003695745210731597,-0.15393704342133296,0.30991957686206495,-0.6176805124708666,0.04100334521429483,HAR-RV (OLS)
32466,0.006102075538977488,-0.5156845333354829,3.0903436837493157,-5.467533374469973,0.4567620086069565,HAR-RV (OLS)
32470,0.0018336657733728353,0.07485033974084278,-1.039707208150939,0.3668215639702279,0.08836581011138356,HAR-RV (OLS)
32473,0.0021677302122084215,0.3381115071356347,0.9735498496659808,-2.5254656581544808,0.30521936401334426,HAR-RV (OLS)
32474,0.0008372763306971413,0.319867605035968,0.2788834545095216,-0.8294467698877445,0.1723489873038535,HAR-RV (OLS)
32534,0.0027749567546515733,0.02250189725980369,-0.8738899848662407,-1.331523761916358,0.1834722619972209,HAR-RV (OLS)
32547,7.866967976793163e-05,0.16484503701858919,-0.7180300579420984,1.0639579490759539,0.11780964797940707,HAR-RV (OLS)
32590,0.0015994588009057638,0.11077742148284508,0.049821438979112176,-1.5415436195535879,0.08517247034550335,HAR-RV (OLS)
32596,-0.0005400330152275871,-0.24922769367620848,-3.678545265391371,5.033707940020324,0.2770868561546542,HAR-RV (OLS)
32597,0.0014880687089736922,0.45029722135763595,0.57686602200992,-3.340407825944259,0.18447620369305617,HAR-RV (OLS)
32611,0.0037931398984394813,0.004834913913252516,1.5845019744150666,-2.2904119921497856,0.07606130198309968,HAR-RV (OLS)
32614,0.0004154532877343332,-0.018453383292671502,-1.1775900643343449,1.6310112395062544,0.12351211750339819,HAR-RV (OLS)
32631,0.0010723804748670352,-0.2498099089556547,1.356567776751806,-1.1064791873220607,0.11300839642992488,HAR-RV (OLS)
32635,0.0010633381599960774,0.5003045732135125,-1.51554529931214,1.0161867674490963,0.39857130497661564,HAR-RV (OLS)
32639,0.003600454622141572,0.3485532946218755,-0.872236537505851,0.12242615334307916,0.1568053177816563,HAR-RV (OLS)
32646,0.0024200979590756756,0.24280910599617445,0.9224386975835701,-2.0411087169134,0.13022812735387934,HAR-RV (OLS)
32649,0.0021206398307123367,-0.4900785431792071,0.941285252462833,-0.3473669515984674,0.29958095998844914,HAR-RV (OLS)
32653,0.0015552153310814925,-0.10393627853481376,-0.6666794388175656,-1.4417431112644938,0.2631651887372737,HAR-RV (OLS)
32654,-0.0012184278964000688,-0.12886292773405825,-3.2981113343010375,5.965850268562084,0.3599118542667916,HAR-RV (OLS)
32662,0.0008959240731520111,-0.2566093977480776,-3.3875953832003365,3.9481898948100396,0.35176834265479584,HAR-RV (OLS)
32676,0.0012492400041040123,-0.10954244243018946,0.6523530601553089,-1.597831860701044,0.15332275902895043,HAR-RV (OLS)
32680,0.003146605283893176,0.5888664377587115,2.31331305565053,-4.907804827073418,0.29385609814932656,HAR-RV (OLS)
32686,0.0012320411078652772,0.5322351025081735,0.5531627099921971,-2.0816685460739746,0.2753760698921841,HAR-RV (OLS)
32690,0.0009087898789862656,0.2983594448661135,-1.5122825610001314,0.37873705599754415,0.13805695704023535,HAR-RV (OLS)
32692,0.0027503800021364336,0.5509976462411716,1.2664762692593703,-3.348912551126324,0.2440708650063903,HAR-RV (OLS)
32693,0.0008743917866335341,-0.28424771387924685,0.6552988804691389,-0.9951923946896211,0.1187324821939374,HAR-RV (OLS)
32704,0.0026517793721120148,0.8552393641321728,0.4804028619514239,-3.2946711753447846,0.599502029824104,HAR-RV (OLS)
32709,0.0013187238168838032,0.13926313086505293,-1.3008590786252374,0.5250017725731959,0.19922466912102021,HAR-RV (OLS)
32712,0.00015674969287991845,-0.20883262851275067,-1.2290287681392438,1.9500771614970618,0.05565295830563044,HAR-RV (OLS)
32724,-0.0015529747942799425,-0.5522967282287424,-0.6713871504300079,3.4157839232078544,0.5675532508113195,HAR-RV (OLS)
32736,0.002436407792425806,0.1730223956808056,-0.8081382661785286,-0.5831137640145109,0.1309021373859346,HAR-RV (OLS)
32739,0.0013963741109212875,0.3539431686194273,0.27008550359208905,-2.0574321804717233,0.21202693431619413,HAR-RV (OLS)
32746,0.003434159411909815,-0.0956335791437962,-1.1499556383527008,0.4010098777138176,0.25938693237895916,HAR-RV (OLS)
32748,0.0011487362753368454,-0.0677470292722822,0.39026725302633447,-3.0627281506592854,0.16304142929449095,HAR-RV (OLS)
32750,0.0016639672863281178,0.4706579734097562,-0.4172731530095337,-1.470840519792706,0.4425557666730393,HAR-RV (OLS)
32751,0.002702869141297086,0.43595320525916387,2.3041872256778024,-5.13345279555828,0.36910195827800296,HAR-RV (OLS)
32753,0.0007400642360566351,-0.14244264401876422,-2.324585569979451,0.8656796247345793,0.32276428089142983,HAR-RV (OLS)
32758,0.0011885928807242514,0.6825678465697584,0.48228079158637405,-2.3150008304395886,0.3514742599090599,HAR-RV (OLS)
32763,6.877102506764774e-05,-0.43698329089637045,0.826765318326565,0.3669350910720858,0.1624865214263852,HAR-RV (OLS)
32767,0.0018305978108689208,0.5147729062387539,1.196237723139894,-3.6060625705780804,0.5272119034195238,HAR-RV (OLS)
