time_id,intercept,beta_daily,beta_weekly,beta_monthly,r2,model
4031,0.0003278614878836261,0.009515836476446821,-0.49738867483239824,-0.21060593078856799,0.05399179186795544,WLS-HAR-RV (λ=0.05)
31214,0.0003413083742603338,0.12146435645485203,-0.4367284814340642,-0.9763296264526807,0.0913028473110512,WLS-HAR-RV (λ=0.05)
24766,0.0002589147355010278,-0.010765326755829476,-1.6398346292712143,1.3141371017571402,0.11127617876898821,WLS-HAR-RV (λ=0.05)
25570,0.000409508139755535,-0.17575066507541837,2.6708556820982547,-3.5532376243928274,0.28166291047418746,WLS-HAR-RV (λ=0.05)
8196,-0.0001718903746851104,-0.11536792080325764,-1.1381683768366802,2.7693803261564107,0.110745281434944,WLS-HAR-RV (λ=0.05)
26450,0.0003302259741003513,-0.3054598214342968,-0.7994324066713919,0.47136228545393694,0.18940735652161156,WLS-HAR-RV (λ=0.05)
5831,0.0003620033100710108,-0.5021236832838822,2.8328104730487316,-2.982620195791798,0.3518607808526556,WLS-HAR-RV (λ=0.05)
10985,-0.00011221495009156206,-0.1351591937076946,-6.129252565520013,8.57551942695079,0.6398514906059264,WLS-HAR-RV (λ=0.05)
20351,0.0001825375150506537,0.35898483943514786,-1.150808240485123,0.7032596761139537,0.21264374715966927,WLS-HAR-RV (λ=0.05)
20453,0.00037048581258437044,-0.007378257379055574,1.7545620289510502,-4.283052493600141,0.13841621289077932,WLS-HAR-RV (λ=0.05)
3046,0.0002514599206204385,-0.03282294102162085,1.2014543901921502,-1.690902440296404,0.04678825371183093,WLS-HAR-RV (λ=0.05)
19495,0.00041099198014365253,-0.06134130167299407,3.0890714899738363,-3.9568103109357082,0.30583356009296614,WLS-HAR-RV (λ=0.05)
13217,0.00023743862839069768,0.5403879206354825,0.09444759294149024,-1.1825170413556727,0.30644819988999383,WLS-HAR-RV (λ=0.05)
23034,0.0010663299342068137,0.02858374713254924,1.8353933800188214,-6.996896891833337,0.23237296165429377,WLS-HAR-RV (λ=0.05)
29494,0.0002971998325102734,-0.007976079767236915,-0.5687842318447713,0.3697078051253682,0.038087309657865664,WLS-HAR-RV (λ=0.05)
21169,0.00017392812843986587,0.029631048172524672,-1.432401740957169,0.7664276090102664,0.07547128717152651,WLS-HAR-RV (λ=0.05)
11886,0.00017389372521049262,-0.7042914638309509,-1.3152553977550507,2.13238851762019,0.5141337951477902,WLS-HAR-RV (λ=0.05)
15846,0.0002707784608651933,0.23750550356484368,1.0968002872556595,-1.782768897151816,0.2397318981991251,WLS-HAR-RV (λ=0.05)
31071,6.298487527650463e-05,-0.1582769306583167,-1.0753388427569082,2.0817966845417892,0.046595591484197785,WLS-HAR-RV (λ=0.05)
10220,-0.0001581512838397327,0.16475563826114442,-0.6982375164849106,1.8920611281760196,0.17641201193079692,WLS-HAR-RV (λ=0.05)
1235,0.00017496658054098495,-0.3289877454979965,-0.6495341314616981,0.5820542494816412,0.12941824185815942,WLS-HAR-RV (λ=0.05)
12965,0.0004261874518916748,-0.0715457253019974,1.426327056496126,-2.502132712072056,0.09883410757079614,WLS-HAR-RV (λ=0.05)
24573,0.00023219575941487558,1.0025649535327155,0.4418070359278807,-2.2437150086680133,0.6744398897198538,WLS-HAR-RV (λ=0.05)
22616,0.0009842728801307294,0.4765967014860514,1.6497261435766783,-5.511755812921284,0.5091176560216483,WLS-HAR-RV (λ=0.05)
27467,0.0006123116643707259,-0.47668573037709705,3.7179529503576307,-5.431817442659201,0.40546501330241247,WLS-HAR-RV (λ=0.05)
25680,0.0006239757394657549,0.3371615386452085,1.882996125891117,-4.876417097806339,0.4726592660470288,WLS-HAR-RV (λ=0.05)
2891,-0.0001512910107554376,0.2458557264749316,-1.6716359518887551,2.9329931253044705,0.11703702383697012,WLS-HAR-RV (λ=0.05)
19554,0.0005052940504795769,0.7338226201384657,0.586592211517097,-2.9635733807759728,0.42575889377500375,WLS-HAR-RV (λ=0.05)
27406,-8.208946269121112e-07,0.030441235654434046,-1.066969967876352,1.8411326665026244,0.07248369543807465,WLS-HAR-RV (λ=0.05)
11809,-0.00036715512271199495,-0.27493147764272846,-6.1701766416506665,10.80469739672457,0.3106807981486628,WLS-HAR-RV (λ=0.05)
16500,0.001582828221187041,0.23415078606544293,1.1275920097997592,-8.500697576255808,0.3055004700970342,WLS-HAR-RV (λ=0.05)
26308,0.0009136524982444256,0.7024114445883607,1.6490101440281175,-6.134103318680448,0.444662857118696,WLS-HAR-RV (λ=0.05)
12486,0.00039752702521567547,0.20353332515383252,-2.845190897934497,1.7227547906373761,0.26138514484029907,WLS-HAR-RV (λ=0.05)
5749,0.0005719668396950922,0.015746964758112804,0.31920818179725163,-2.3144782031851645,0.16154543098491203,WLS-HAR-RV (λ=0.05)
20935,0.0011437362117130135,-0.10234926181792003,2.6059078209436786,-6.2935353472052045,0.3777334739473195,WLS-HAR-RV (λ=0.05)
27627,0.000217034075295495,-0.021458077263037494,0.52900549412385,-0.5954800836059044,0.02353381667077359,WLS-HAR-RV (λ=0.05)
16869,0.0002418134239978552,0.44688177821517566,-0.22279452397780108,-0.5216283309934124,0.1577799596774867,WLS-HAR-RV (λ=0.05)
2600,0.00034805955535804184,0.6865103862409174,0.057841309048779876,-1.2897202005528556,0.47293949411953207,WLS-HAR-RV (λ=0.05)
12011,9.9349250875153e-05,0.27952485893102996,-0.38107608614402955,0.39762458909235265,0.06858007160016655,WLS-HAR-RV (λ=0.05)
1587,0.0005333263156494035,0.16244524108550565,-2.105224770881514,-2.153442650464782,0.4132967597088779,WLS-HAR-RV (λ=0.05)
8435,0.0004484323728920177,0.2700626920516443,-0.3797253883176508,-0.7955963610667316,0.16105956634707308,WLS-HAR-RV (λ=0.05)
24871,0.00014026863712290826,0.6528753829979351,-3.1753663659223146,2.861433898669836,0.5433676640656708,WLS-HAR-RV (λ=0.05)
1377,0.00036097893035874347,-0.2640043851099162,-3.177765489913438,2.784789137079307,0.5073518401372101,WLS-HAR-RV (λ=0.05)
12135,0.0003680719618815606,0.34556592219614984,1.106780992449743,-2.152750778548279,0.3430951965198712,WLS-HAR-RV (λ=0.05)
26841,0.00026967625608226206,0.228073353594253,-1.1357277196934916,0.315451458849043,0.257867418270848,WLS-HAR-RV (λ=0.05)
4173,0.0003944945668835143,-0.1330357031151773,-0.47787452855933843,-0.4875042561502247,0.2000946442604894,WLS-HAR-RV (λ=0.05)
21695,0.00027038106623498347,-0.5381200391525413,-1.9476165012300346,1.8945084158640308,0.5403818483205332,WLS-HAR-RV (λ=0.05)
20078,0.00036093860034994596,0.07588662186867155,0.719874747097086,-1.5700469171469442,0.021705613312083982,WLS-HAR-RV (λ=0.05)
5032,0.00033708908688821553,0.16092596163500147,-1.762144816805353,0.6290866793279962,0.26324194260342615,WLS-HAR-RV (λ=0.05)
17951,0.0009873282930699815,0.5683650312497569,0.10587634519076194,-3.9670043500331014,0.3253983305179925,WLS-HAR-RV (λ=0.05)
9021,0.00020842074703859089,-0.38639779642964195,1.859462544342939,-2.136102114465957,0.175683015008831,WLS-HAR-RV (λ=0.05)
27527,0.00014066388566651953,0.48660193945615116,-0.8513505886235186,0.46502160876182974,0.19702670198901429,WLS-HAR-RV (λ=0.05)
16823,0.00020462846702369965,-0.13602345552709336,0.24465577822222281,-0.08122719792093605,0.018089884160696235,WLS-HAR-RV (λ=0.05)
12206,0.0003343166752556784,-0.1500676839743544,0.6876457238103993,-0.9804849409112981,0.044121389379433884,WLS-HAR-RV (λ=0.05)
13491,0.0006015507028768807,0.22297411373109605,-0.9896359332163207,-0.7364157944860172,0.2383454027296762,WLS-HAR-RV (λ=0.05)
14769,-0.00012146342019822871,0.2702916911130014,-0.7683373746041615,1.7808315582497243,0.19626310422996496,WLS-HAR-RV (λ=0.05)
20631,0.00018692981169140011,-0.20221814296625726,0.7890406541995516,-0.5014702430334821,0.02097750658264963,WLS-HAR-RV (λ=0.05)
17914,0.0003271188873572833,0.6769785244099648,0.814179157386501,-1.4262232447586325,0.42542370519593864,WLS-HAR-RV (λ=0.05)
27970,0.00034989516329960373,-0.4713971777051813,2.61652953674474,-3.4582981641187502,0.3208194460525501,WLS-HAR-RV (λ=0.05)
7447,0.0006694294240470182,0.036346566416292324,1.1425597994337593,-3.0672116239536353,0.1805888956434759,WLS-HAR-RV (λ=0.05)
9207,0.00019697264958199262,0.14240328655700904,-0.658890091101006,0.6869079437089147,0.05030665590581107,WLS-HAR-RV (λ=0.05)
27403,0.00031898701316543593,0.4034578544625967,-1.5235344087024907,-0.007691978854647896,0.15524320802964797,WLS-HAR-RV (λ=0.05)
20551,0.00047528037852363086,0.029270777207937648,2.989192186908263,-4.757032185871896,0.30280085575949145,WLS-HAR-RV (λ=0.05)
28563,0.00027959435536330257,0.7029464399189913,0.3948582556120044,-2.623593203065001,0.44442741285959775,WLS-HAR-RV (λ=0.05)
18178,0.0002901212032591263,-0.18084910233966842,1.6068220424487727,-1.4529259696974686,0.29377128100533356,WLS-HAR-RV (λ=0.05)
25015,0.0005031079834968104,-0.20869032424165024,1.7095744516648177,-3.1676329317222063,0.1595503442489955,WLS-HAR-RV (λ=0.05)
24253,0.0004021730525262983,0.39891640416011526,0.44557650444839103,-1.7110539662426796,0.3081809319484309,WLS-HAR-RV (λ=0.05)
19949,0.0004025522281215168,0.12270234248153583,-0.19224915298880663,-1.0367271751215006,0.08663988446138149,WLS-HAR-RV (λ=0.05)
26937,0.0004000252542174681,0.3673102612468493,0.2294602912369853,-1.0802119882661092,0.2434117833931776,WLS-HAR-RV (λ=0.05)
13473,0.0004065462109123936,0.055386125787945426,1.4954386771005064,-2.4828924520019484,0.1305616966136185,WLS-HAR-RV (λ=0.05)
7677,0.0004388257188912691,0.4471927892534272,0.44090517505291704,-1.7416198320364515,0.2105646878015477,WLS-HAR-RV (λ=0.05)
468,-7.083936128025992e-05,-0.10605709793991709,-1.5210759977525405,2.612091721449854,0.16023100451215677,WLS-HAR-RV (λ=0.05)
14312,0.00035346011786604884,-0.029280097682506664,-0.8712580971721422,0.39523566381673214,0.11135977884997872,WLS-HAR-RV (λ=0.05)
10938,0.0005605440515731501,-0.2165140425672598,0.6023931366149913,-1.348094536258935,0.11009653496192073,WLS-HAR-RV (λ=0.05)
5206,0.0006257813897556613,-0.07108220447748942,-0.5988056575306591,-0.41126883897894007,0.09486859574585738,WLS-HAR-RV (λ=0.05)
454,0.000594508063799398,0.5724489873605181,-0.2939328555020342,-1.9463053730756918,0.3655087909510688,WLS-HAR-RV (λ=0.05)
6566,0.00038464811253511254,0.0003256450680781579,-2.4324225402993367,1.722279803887807,0.30803038631440327,WLS-HAR-RV (λ=0.05)
10628,0.0003905014481563261,-0.21898322259614061,-0.27842172652742164,-0.3467874506436,0.10936877789945554,WLS-HAR-RV (λ=0.05)
11487,0.0006431540424216377,0.35267051401295485,0.21142730116872355,-2.317034581459073,0.23949016695314984,WLS-HAR-RV (λ=0.05)
2139,7.508573279330346e-05,0.163631804563681,-1.076988471295202,1.9544191805125344,0.14956788949254862,WLS-HAR-RV (λ=0.05)
31209,0.00010681305274490513,0.3985518469191415,-1.4708193231061533,1.717223565621806,0.19069931797402806,WLS-HAR-RV (λ=0.05)
7051,0.0002708175721889803,0.9838382561401807,-4.924141810553399,3.398697355833543,0.5072554294659228,WLS-HAR-RV (λ=0.05)
18628,0.00029460998865151773,0.42062106735533156,-0.20475638296235465,-0.49935740426330105,0.14878811732925634,WLS-HAR-RV (λ=0.05)
24010,0.000435085062732154,0.4766580528390382,0.28698665806542945,-1.9906204290423668,0.20083845930932898,WLS-HAR-RV (λ=0.05)
26523,0.0004518264459718362,0.2906383373713381,0.18614855836406752,-1.9663946784149722,0.14682860391020813,WLS-HAR-RV (λ=0.05)
17825,-0.0002536855082411652,-0.5226084101716031,-1.9492196629779903,4.030480447300688,0.16902823167676162,WLS-HAR-RV (λ=0.05)
16031,0.000847627739940052,0.5401568046774468,-1.2798531718974573,-1.8766426105288443,0.25093547394108096,WLS-HAR-RV (λ=0.05)
12030,0.0005421687452123818,0.24732521611591413,-1.591942238837164,-0.4891024697669032,0.282636188283525,WLS-HAR-RV (λ=0.05)
7854,0.0005021620941626039,-0.1356511242931896,1.397442373798834,-1.7771080204546454,0.13588115905157794,WLS-HAR-RV (λ=0.05)
11330,0.00028018523221853917,-0.027357655276671368,1.2201042991519513,-2.526388754769169,0.12999312593071644,WLS-HAR-RV (λ=0.05)
10682,0.00031919373048083896,0.35943994027779186,-0.7745607001495812,-0.2377405996622869,0.1717221913233008,WLS-HAR-RV (λ=0.05)
1249,0.0005442470322106,-0.1563050355539696,2.3211849276596532,-3.062279167385077,0.2851833809323149,WLS-HAR-RV (λ=0.05)
25772,0.001328273621746656,0.45060983769537166,-1.3315979372133593,-2.524448047767552,0.4904092556192543,WLS-HAR-RV (λ=0.05)
19466,0.0001739167938430348,0.3388205191439179,-0.4685898831867905,0.3621641717289782,0.13558993342940862,WLS-HAR-RV (λ=0.05)
1663,0.0005551122185089943,0.3863360234665289,0.6467909002355432,-3.021167418783143,0.19724850809137795,WLS-HAR-RV (λ=0.05)
23708,3.116731046716055e-05,-0.015524066688539121,-0.31472224891436645,0.9342172372778417,0.12103648944863421,WLS-HAR-RV (λ=0.05)
27919,0.00036863868596721875,0.8210836241367458,-1.1710691842874672,0.20620290987405127,0.35001021126871923,WLS-HAR-RV (λ=0.05)
3465,0.00027438155031638185,0.17716780391216788,0.5247896897859449,-0.8735488119536967,0.088844129204942,WLS-HAR-RV (λ=0.05)
5497,0.0004565136510856444,0.20109501194119267,1.1754325156001268,-1.7770543285553368,0.2887375676697459,WLS-HAR-RV (λ=0.05)
4293,0.00036568565452878814,-0.19701248464675591,-1.462020369102221,1.003987705389667,0.14169776396087608,WLS-HAR-RV (λ=0.05)
19810,0.0009832788787832484,0.43933291793887785,1.339775271054548,-5.0192333067413,0.4560203717162937,WLS-HAR-RV (λ=0.05)
229,0.00035693687320920755,0.19228311364072165,-0.8812452956559201,-0.2664908750983363,0.09589866778380551,WLS-HAR-RV (λ=0.05)
17670,0.00029139552497743426,-0.3566848337731978,-0.07442281582864771,-0.0566612632089505,0.16177952615622582,WLS-HAR-RV (λ=0.05)
30729,0.00032732672870492547,0.1087992052860704,1.9320588552371003,-2.7407099714253955,0.3790655844595844,WLS-HAR-RV (λ=0.05)
20810,0.00013742522898189157,0.15270754361564004,-0.6304219262867858,0.6261342763163152,0.03549872368661944,WLS-HAR-RV (λ=0.05)
31984,0.00047843899708079497,0.17300545203520232,-0.4523001138805266,-0.6209663479034424,0.14048934254309198,WLS-HAR-RV (λ=0.05)
26844,0.0003057125407343955,0.18737884273503003,0.0857717225802287,-0.9964218081394322,0.08076895972369147,WLS-HAR-RV (λ=0.05)
12782,0.0004922887612569284,0.3185987425578592,0.21711313001872679,-1.867576291193116,0.10207031301763725,WLS-HAR-RV (λ=0.05)
31570,0.0001806448172365336,0.8496179356904611,-0.3439888543656027,-0.41872903248507115,0.5204281661441419,WLS-HAR-RV (λ=0.05)
30512,0.0002923625897824696,-0.43706113957594944,-3.0773979049477838,3.271038940305062,0.3501274236766452,WLS-HAR-RV (λ=0.05)
10840,2.9734497862802264e-05,-0.20962104997818848,-1.778231520739756,2.5263959438140637,0.0871334311830474,WLS-HAR-RV (λ=0.05)
27784,0.0004420577158700849,0.5083210371883848,0.18948669962044395,-1.689510016049954,0.25418637752397255,WLS-HAR-RV (λ=0.05)
9030,0.0008428598067576003,-0.2118865646236613,-0.22940485598560123,-3.230305968467067,0.3627171745224801,WLS-HAR-RV (λ=0.05)
29037,0.0006492209259656576,-0.01897153855985603,1.595653366200703,-3.3649024252581814,0.31794974145636135,WLS-HAR-RV (λ=0.05)
4038,-0.00048670438395113984,0.21843611687744546,-3.888093099937181,6.2339866120268566,0.13000062748489472,WLS-HAR-RV (λ=0.05)
11952,0.0008853926066632682,-0.10703121245584647,3.14578917882101,-5.349973504792261,0.21055305788681344,WLS-HAR-RV (λ=0.05)
4310,0.0005704577324904924,0.4860060586309981,0.8822639137718998,-2.0937679988283744,0.2340259275700749,WLS-HAR-RV (λ=0.05)
29740,-3.7934021335216735e-05,-0.35457915512195537,-2.1273624843987236,3.1333045694796446,0.261194960483935,WLS-HAR-RV (λ=0.05)
24341,0.0008854951102997589,0.3077893396581844,1.043435296231489,-3.9085768335573237,0.3417035475923348,WLS-HAR-RV (λ=0.05)
16992,0.0009196846461796581,0.1792728588568795,3.814251437799194,-7.693753890417117,0.6692131047914842,WLS-HAR-RV (λ=0.05)
25427,0.0007753999277392203,0.6216758437788119,1.7975478239155005,-4.61560927272174,0.6282154749567335,WLS-HAR-RV (λ=0.05)
5297,-8.878441078141112e-05,0.4679924907931405,-0.7350754115489255,1.304435383878574,0.22006346619909878,WLS-HAR-RV (λ=0.05)
3146,2.5778993105976506e-05,0.02582259092099439,-0.7137559366661475,1.8584980287137103,0.05072488993836455,WLS-HAR-RV (λ=0.05)
11750,0.00058760349064672,0.1937486762742073,1.5922811877482554,-2.5033115516456164,0.27706784273842633,WLS-HAR-RV (λ=0.05)
11120,0.0004926807006094863,0.23595085494372386,0.8790785078174778,-2.249293823375556,0.23338408649609443,WLS-HAR-RV (λ=0.05)
17707,0.001209323433786704,0.04884118010311867,0.0060535514454771455,-3.0800803816924534,0.20955939268003876,WLS-HAR-RV (λ=0.05)
23624,0.00044580317059481165,0.033426795925760186,1.256796126099197,-1.8378111875993348,0.06265866814018795,WLS-HAR-RV (λ=0.05)
6428,-7.413801810256289e-05,-0.20282036435002856,-2.498857949256734,3.767210247787067,0.23363248094530897,WLS-HAR-RV (λ=0.05)
32547,0.0004223755540813782,0.10725185365291741,0.7677398223344226,-2.6025003815918506,0.1698222717554826,WLS-HAR-RV (λ=0.05)
4449,0.0002130412641831194,0.2272434413129824,0.672175869027286,-0.5876804713096218,0.22801026795192492,WLS-HAR-RV (λ=0.05)
4724,0.00032342193574700425,-0.09392145718572605,0.885299607527287,-1.919668122263824,0.10825754046315672,WLS-HAR-RV (λ=0.05)
14004,0.0006940924684367349,-0.14271993274290318,3.312664643675893,-4.239014977422841,0.3185797944183293,WLS-HAR-RV (λ=0.05)
5907,0.0005385810419920664,0.5084435885734118,0.7937878396492479,-1.936025531208966,0.23691446074216083,WLS-HAR-RV (λ=0.05)
20196,0.0005027256832243056,0.23799567982926792,-0.18179598130522545,-0.5922851502515507,0.0648388261271513,WLS-HAR-RV (λ=0.05)
3431,0.0015243845936017194,0.2756677049980442,1.0123649424461396,-5.5087728423540065,0.457256788418108,WLS-HAR-RV (λ=0.05)
6217,0.0007275887599414003,-0.027479882419750915,1.3075500606819044,-2.897115991050103,0.07583452857833328,WLS-HAR-RV (λ=0.05)
18445,0.0003310518692565945,0.6262451813098197,-1.627356597339436,0.6032433817271367,0.3874558486850671,WLS-HAR-RV (λ=0.05)
18494,0.00038759537132142035,-0.10700795562230056,-0.5082364965229552,0.12736105245866386,0.05232246335127111,WLS-HAR-RV (λ=0.05)
1481,7.993882833411101e-05,-0.23530715505530267,0.6093915813646954,0.16928297271994647,0.05637735689927137,WLS-HAR-RV (λ=0.05)
18949,0.0011140805188633357,-0.1103423532374566,2.216623135988311,-6.132614936925746,0.2626018864134191,WLS-HAR-RV (λ=0.05)
25437,-0.00012873661615853056,0.2379979671121761,-0.8772361148347971,1.6985072261775709,0.3235712519904519,WLS-HAR-RV (λ=0.05)
17777,0.0008117556938465535,0.16182285551834888,0.5797073148708943,-2.8538057925465297,0.18395292839135746,WLS-HAR-RV (λ=0.05)
15448,0.00023763181330391898,-0.4239365043493831,-1.4181579979998842,2.172710741527544,0.2459760716405608,WLS-HAR-RV (λ=0.05)
1822,0.0002256799716493796,0.05188317815005404,-0.5283095807775365,0.28952839592944757,0.024630782736889345,WLS-HAR-RV (λ=0.05)
27071,0.0002727951506515616,0.10536154154204712,1.0148261519763018,-1.3391957414449096,0.11257817690053917,WLS-HAR-RV (λ=0.05)
29441,0.0004394683686646998,0.09080814327182564,-0.04502873371619587,-1.4219220975654834,0.09680716791462995,WLS-HAR-RV (λ=0.05)
13880,0.0003525376747502036,-0.23466998056331043,0.5502670803230765,-1.317869092379055,0.10218671397661361,WLS-HAR-RV (λ=0.05)
6324,0.00104083502510875,0.8953940368859422,3.1357209596219966,-7.214180581766189,0.40579594033921995,WLS-HAR-RV (λ=0.05)
6626,0.0005212488948254162,-0.5207947407707673,-0.22039178046389857,-0.18155424812992485,0.3360070686991494,WLS-HAR-RV (λ=0.05)
23054,0.0005306729139677659,0.14880091400860415,-2.633058192628687,1.5185035649134206,0.3482538004323442,WLS-HAR-RV (λ=0.05)
25163,-0.0001265522947924166,-0.21325131135267011,-3.943713172982708,5.2069965767616875,0.16435411404437672,WLS-HAR-RV (λ=0.05)
9664,0.00041848754197138687,0.4423763665486067,-0.1625279470716064,-0.6981828110402252,0.1793027905427954,WLS-HAR-RV (λ=0.05)
30443,0.0005191972055344599,0.44869329922331275,0.9923653981305229,-2.6641493981345636,0.3297001173115268,WLS-HAR-RV (λ=0.05)
22076,0.000568126295235246,-0.2646810242322782,1.3157176597479912,-2.3849401035019415,0.16497286565358715,WLS-HAR-RV (λ=0.05)
11577,0.000318476869370723,-0.022055079581473604,-0.2980222375320871,0.24686976476194628,0.01317843207861269,WLS-HAR-RV (λ=0.05)
10969,0.0009035725869944455,0.268720925181193,0.7191371767877531,-2.827074273758765,0.26803188211791595,WLS-HAR-RV (λ=0.05)
14908,0.0006365563342254952,0.4208404320800949,-0.4486669863602313,-1.1812502311642905,0.2191854392765954,WLS-HAR-RV (λ=0.05)
6723,-0.0002532299730321503,-0.621269721510872,-1.8384851285405734,4.390472648746635,0.34448994612897343,WLS-HAR-RV (λ=0.05)
27181,0.0006161899396353096,-0.6135370107800142,2.079849830858123,-3.209694767820495,0.5058527421857799,WLS-HAR-RV (λ=0.05)
17264,0.0011751435183048726,0.5563609488272958,1.2684003077622605,-4.664737499288114,0.29209044989353594,WLS-HAR-RV (λ=0.05)
13421,0.0008478469238327349,0.07219378063039714,-1.2768089374761726,-1.2920625668250483,0.2973712250280546,WLS-HAR-RV (λ=0.05)
11607,0.00029044700461824165,-0.2280950145698251,0.8259890793452789,-1.012290429545061,0.11310543062691303,WLS-HAR-RV (λ=0.05)
31814,0.00034428195802626,0.2884520053523437,-0.12688811259826327,-0.689547362084004,0.09871191628773968,WLS-HAR-RV (λ=0.05)
20973,0.0009441864253657486,0.03525262382735983,0.43782310806612657,-2.8665646415947457,0.2211699869151702,WLS-HAR-RV (λ=0.05)
31456,0.0008070254460683763,0.28949514912078383,0.5253634304362966,-3.159210081265151,0.19257231617219772,WLS-HAR-RV (λ=0.05)
554,0.0004136368930350665,-0.6029213316014351,1.7320584824281076,-1.748371442864993,0.29808389356919174,WLS-HAR-RV (λ=0.05)
13861,0.0014596071248556826,0.7002910496823952,-0.21966093521159324,-5.307574903433448,0.6482972650476428,WLS-HAR-RV (λ=0.05)
10230,0.00017588544745545423,0.09541812620469205,-2.5726872943566486,2.785718604351561,0.3645926083760951,WLS-HAR-RV (λ=0.05)
2075,0.0013247050258027144,0.34077192162503184,2.4097356517118493,-6.374581037817827,0.27102634267607895,WLS-HAR-RV (λ=0.05)
5987,0.0007222279393454847,0.3663743951677343,-0.06777298943097265,-1.5596597029423547,0.18691367873613118,WLS-HAR-RV (λ=0.05)
25640,0.000273082328207297,0.37902115598376085,0.6247789730800868,-0.9452771549139447,0.2397936123711638,WLS-HAR-RV (λ=0.05)
21614,0.0006912946975565972,0.41674094819791635,0.7070315086421123,-2.0820290027222166,0.21850883231491314,WLS-HAR-RV (λ=0.05)
4543,0.0012949625289746859,-0.17855578714540346,4.412870166988894,-7.376042388237309,0.45841630749620454,WLS-HAR-RV (λ=0.05)
9947,0.00028408755123644986,0.2799901193841014,0.22000169492588265,-0.4900540366977722,0.07446785714467252,WLS-HAR-RV (λ=0.05)
20213,3.095171239504718e-05,-0.42966562042514034,-3.1511961116849787,4.982911036522064,0.4587001785473569,WLS-HAR-RV (λ=0.05)
4754,0.00043554241985866896,-0.12078291034354245,1.8254650920394504,-2.416761297436831,0.06285605619271184,WLS-HAR-RV (λ=0.05)
17387,0.0008282032528727061,-0.008849140130934114,-1.0995646449438996,-1.6482044025456517,0.3084233787183336,WLS-HAR-RV (λ=0.05)
1292,0.0008976951758571533,0.01074006446320825,1.0545855690297845,-2.663766151269665,0.1533200479237823,WLS-HAR-RV (λ=0.05)
15934,0.0007420443750499173,-0.40287575946835663,-2.5271082719012505,0.9589974010171891,0.31382017067207835,WLS-HAR-RV (λ=0.05)
16594,0.00054986286837084,0.12196381916706091,-1.6526351493099365,0.615759650828093,0.27754895398377377,WLS-HAR-RV (λ=0.05)
9166,0.00019224805048306343,-0.22787050527701336,-0.0969296807327858,0.46865232984653166,0.035695434987067176,WLS-HAR-RV (λ=0.05)
10701,0.0003252620119832904,-0.22402930530483578,0.4308479912567418,-0.1383512552174532,0.040222513313246444,WLS-HAR-RV (λ=0.05)
26603,0.0006486362416254709,0.11557477228629578,0.4599084345253537,-1.560339226383809,0.0860709302374758,WLS-HAR-RV (λ=0.05)
18567,0.00032337566282420957,0.7974245705972383,0.9978809476723646,-2.5020304505698476,0.29413269288752586,WLS-HAR-RV (λ=0.05)
20568,0.0008066441766504519,-0.0077011827532829195,0.4213707741415578,-2.288383528620872,0.11377794753423565,WLS-HAR-RV (λ=0.05)
21328,0.0009867726352939862,0.021886898517225844,1.4984893473827117,-3.697937839045999,0.10419167972428467,WLS-HAR-RV (λ=0.05)
16643,0.000437465343745711,0.3201880309362071,1.4712250232735022,-2.239871653281584,0.2673777007893011,WLS-HAR-RV (λ=0.05)
1676,0.0009218844224629849,0.48965318984322737,1.9386246981171749,-3.5747410876109202,0.4216437977034332,WLS-HAR-RV (λ=0.05)
15693,0.0003593053253442492,0.08541103312552101,1.0029714377653733,-1.694209933370065,0.25596604395356337,WLS-HAR-RV (λ=0.05)
28354,0.0006734042490282072,0.4166846489494224,-2.111379553229307,0.5571038503267871,0.24210523626560798,WLS-HAR-RV (λ=0.05)
21995,0.0003495111181776706,0.14678089247765522,-0.317262833255768,-0.41831156338869196,0.13705261646625966,WLS-HAR-RV (λ=0.05)
13971,0.00020040475062896833,-0.5216196332788681,-2.1723467011502815,2.9625566146092215,0.4137135321381499,WLS-HAR-RV (λ=0.05)
8009,0.0006036931814733108,-0.04136689804077217,0.8599289782144757,-1.9576022744164547,0.0793084444384986,WLS-HAR-RV (λ=0.05)
3008,0.0015010624656871237,0.206552202938172,1.5213076812597373,-5.8525737857364595,0.19805719009132083,WLS-HAR-RV (λ=0.05)
25367,0.00027203272825234673,-0.32308520636235594,-5.050918300997584,5.192838988351464,0.5588660842698955,WLS-HAR-RV (λ=0.05)
20491,0.0004915848729388509,0.04191139495989945,-1.9978362318595209,2.004088433434641,0.27187172201226106,WLS-HAR-RV (λ=0.05)
14646,0.001417173764628685,0.12241943488785038,9.267891150867701,-15.10523493496234,0.48786442781538697,WLS-HAR-RV (λ=0.05)
19678,-0.00028534291158069115,0.510896097956565,-0.8318587533045522,1.89129304304377,0.40252959182540804,WLS-HAR-RV (λ=0.05)
10000,0.0005918259270663512,0.38738015566015976,-1.0524738182285338,-0.24533422438000302,0.20948190751252926,WLS-HAR-RV (λ=0.05)
16815,0.0006332951724242677,-0.04073864463857717,-3.2556506866826993,2.508991541728323,0.3060647529551287,WLS-HAR-RV (λ=0.05)
15042,0.0003034582308048372,-0.07942528308055183,-0.31979704627129124,-0.04065559539551725,0.05307881171429729,WLS-HAR-RV (λ=0.05)
21103,0.0017789191701206596,0.517096030990355,0.041484139095672834,-5.7450724572225305,0.6243205689464915,WLS-HAR-RV (λ=0.05)
14895,0.0008158325053181038,0.5619015951665868,-1.3553725595615818,-1.0323913930188815,0.33532372415633815,WLS-HAR-RV (λ=0.05)
7309,0.0006642921467486002,-0.2317549839420787,-0.23417761685442295,-1.6010790801328292,0.1991762677589728,WLS-HAR-RV (λ=0.05)
18111,-8.170475808155515e-06,0.2537994743580151,-2.911877219891964,3.4923458439567527,0.16869744048157997,WLS-HAR-RV (λ=0.05)
32328,0.0002810279826146979,0.3949287723120844,-1.0468004719555395,1.0136737242210245,0.23160867926698414,WLS-HAR-RV (λ=0.05)
30177,0.0001534343114226999,0.035085722044725,-2.6238838825420956,3.7307528189466486,0.3159842984014387,WLS-HAR-RV (λ=0.05)
3017,0.00014947785447250704,-0.5148956804720165,-1.9682219320391843,3.2491102730841854,0.3886754834320554,WLS-HAR-RV (λ=0.05)
29003,0.0007189320463341274,0.635944822020316,0.24864850746317302,-1.9653198065187243,0.37944355101738014,WLS-HAR-RV (λ=0.05)
8271,0.00025028877144773565,-0.8522656832673633,2.151801374162024,-1.2311331374560617,0.5107558349983852,WLS-HAR-RV (λ=0.05)
14635,0.0007690286091102097,-0.248607550601419,0.5476722182658428,-1.6782365841719729,0.34708778729222856,WLS-HAR-RV (λ=0.05)
6631,0.0011370022613249756,0.3257084439046375,-1.1986269949784552,-0.8280942588958884,0.29628616268872165,WLS-HAR-RV (λ=0.05)
14452,0.0002895679818554686,-0.20731858160594557,-2.0739517912016456,2.1315810433959763,0.18241192854512167,WLS-HAR-RV (λ=0.05)
25799,0.0009074057836278032,-0.18414495895906857,-0.9828050647745774,-0.674254265494321,0.33575244506748614,WLS-HAR-RV (λ=0.05)
8615,0.0005708526179384287,0.15441905134751835,0.8184274237387035,-1.6573035274857921,0.08979957973585562,WLS-HAR-RV (λ=0.05)
7818,0.0005627272242325412,-0.8019049241683608,2.541356040125859,-2.4097438656581076,0.39392374627228466,WLS-HAR-RV (λ=0.05)
17161,-0.00013666434628804928,0.2509677997397039,-0.8349799674080823,1.7794692710478532,0.30781951033120336,WLS-HAR-RV (λ=0.05)
15845,0.000869679994187739,-0.23449065521598328,-0.328243918338906,-0.531480672630681,0.20303299183701318,WLS-HAR-RV (λ=0.05)
4377,0.0008436575273406936,-0.14907505664752782,2.0320274783517314,-3.684821399036001,0.3048101150330379,WLS-HAR-RV (λ=0.05)
28422,0.0002668106376051879,0.07216237118501594,-0.6351544676492372,0.3797085122868284,0.046916993590098155,WLS-HAR-RV (λ=0.05)
1875,0.0008029386962397109,0.0606772252559143,1.20144622367932,-2.4961321466975095,0.1401598936079128,WLS-HAR-RV (λ=0.05)
2000,0.00043974008667888796,0.06835948945554544,0.8945396018633733,-1.1239452453423742,0.09036455192056458,WLS-HAR-RV (λ=0.05)
17804,0.000507919513602349,-0.045827737584165716,-0.8805446765290283,0.12845821453741768,0.252818296272024,WLS-HAR-RV (λ=0.05)
14176,0.0010889717870898252,0.2720529021299465,0.3254729777504721,-2.463032949309696,0.17819974431644892,WLS-HAR-RV (λ=0.05)
7369,0.0010280851618491016,-0.11221278297068657,1.5528643635851762,-2.9651966355257837,0.1281233753036335,WLS-HAR-RV (λ=0.05)
20837,0.00022104690780928488,-0.3707821483995977,1.1767136156723543,-0.7563060662136457,0.12960604606553916,WLS-HAR-RV (λ=0.05)
19955,0.0009478988331271478,0.27621629610533294,1.3282491147504056,-2.825841375379015,0.3590249725856849,WLS-HAR-RV (λ=0.05)
7122,0.0007527821033117567,0.13837374667330926,1.852953258101778,-3.1838138627981034,0.15719926921430316,WLS-HAR-RV (λ=0.05)
5663,0.0002250998580158986,-0.403751225732495,1.5958803971495261,-0.7285389648371995,0.16559160060558675,WLS-HAR-RV (λ=0.05)
27857,0.00045668454727931367,0.5252138242926699,1.4663903943417833,-2.752757774704838,0.6137914304381245,WLS-HAR-RV (λ=0.05)
27247,0.00041876796252330906,-0.05593517507619417,-3.6979462745751555,3.5110312066670026,0.5314559481981582,WLS-HAR-RV (λ=0.05)
2385,0.0004976385396993888,-0.5660872213847102,2.8608753296534015,-2.9036058037231864,0.11437363288537428,WLS-HAR-RV (λ=0.05)
17528,0.0011282000734709461,0.5320429265023743,0.7361431085147936,-2.8274810787610263,0.2772771593777539,WLS-HAR-RV (λ=0.05)
11111,0.00047405395879469836,-0.13469997114606816,-2.563827699855937,1.7954167143572568,0.2730586829971371,WLS-HAR-RV (λ=0.05)
17210,0.0007226964900067059,0.23552776290113947,-0.1400705235540799,-0.9417095949574541,0.09163066934910136,WLS-HAR-RV (λ=0.05)
8032,0.0009354117071183926,0.3480367355144977,0.09113792967818268,-1.7410616205229612,0.14097547491516393,WLS-HAR-RV (λ=0.05)
27752,0.0008565772198547116,-0.04086309842912984,-0.11995197647351963,-1.1391839516656026,0.09153697322244803,WLS-HAR-RV (λ=0.05)
4958,0.00046498823275311545,0.12798078065969692,-0.13778639623537053,-0.589997756246464,0.05685200965957726,WLS-HAR-RV (λ=0.05)
22829,0.000745919656499854,0.5375193465352608,-1.8437838080272442,-0.11754072536510773,0.40232590836621906,WLS-HAR-RV (λ=0.05)
13627,0.00035691246081905384,0.2829475198938408,0.36497432911623373,-0.4480409009672969,0.1369337241819797,WLS-HAR-RV (λ=0.05)
22513,0.0010955758411069472,-0.06671893821316183,0.7143007151687621,-2.305067347330166,0.15179103384825932,WLS-HAR-RV (λ=0.05)
29120,0.0007579851357164957,-0.46660030740825365,-2.98244481181531,1.8703657693639153,0.592657345491566,WLS-HAR-RV (λ=0.05)
25639,0.002342521818849819,0.30689494010726037,4.830277948897798,-10.992623238694282,0.26125171882408593,WLS-HAR-RV (λ=0.05)
4654,0.0001306067761235184,-0.1617589459354538,0.5146470947794206,0.1440532252172941,0.12684878711799363,WLS-HAR-RV (λ=0.05)
2440,0.0005416270413994463,-0.44328268240031227,0.9710536667303973,-1.2824588556749563,0.20644572065855682,WLS-HAR-RV (λ=0.05)
14297,0.0005425895328757352,0.6680482748138962,-0.7709030667877659,-1.078435713430979,0.6195912068410305,WLS-HAR-RV (λ=0.05)
18447,0.0004983334248387262,0.23390278699491507,-0.19360339881446853,-1.1365496286001773,0.10200621733582815,WLS-HAR-RV (λ=0.05)
22495,0.0005260252119064267,0.0356942335116,0.800110266949932,-1.2604471023817339,0.04877717334907927,WLS-HAR-RV (λ=0.05)
1870,0.0008744365081881671,0.422910296752334,-0.14170902691582365,-1.5449589753929653,0.24614794729552603,WLS-HAR-RV (λ=0.05)
25766,0.000766013373699441,-0.2080805413166527,1.3472471395693315,-2.676212363222258,0.19355267752267924,WLS-HAR-RV (λ=0.05)
28993,0.0005516865731235666,0.22073778335589506,-0.8657810855668004,-0.2805380195307982,0.18165158111015944,WLS-HAR-RV (λ=0.05)
19871,9.001444779347279e-05,-0.41410179511622475,-0.8890853480534193,2.3844198203600837,0.19320226279138508,WLS-HAR-RV (λ=0.05)
8744,-0.00013929822562367718,0.4340615726945569,-2.1291948330007764,2.8691107491033967,0.12099973389029328,WLS-HAR-RV (λ=0.05)
30597,0.001273544938977017,0.3588263739536235,1.6835672676565498,-4.556855468586948,0.4171144579175682,WLS-HAR-RV (λ=0.05)
17999,0.0007522648066214777,0.3771750734087033,2.5005840144248963,-5.035293479504311,0.3673936977606759,WLS-HAR-RV (λ=0.05)
17672,0.000394494904319748,0.018563488009462635,1.3457695472578521,-1.3440210018950265,0.264495502985431,WLS-HAR-RV (λ=0.05)
25176,0.000521330833629306,0.33329831330504117,-0.01298364315336542,-0.9432186489804057,0.17061220747089578,WLS-HAR-RV (λ=0.05)
4489,0.0016166667989772473,0.4365970881141771,-1.234995919745776,-2.9815124607169974,0.5415710068277392,WLS-HAR-RV (λ=0.05)
26362,0.000635134359641608,0.6587631255259475,1.1654940061887062,-2.269877189079275,0.24734631906293159,WLS-HAR-RV (λ=0.05)
1392,0.00027212874392320397,0.0004702259887778828,-0.9056513745322265,1.0372837965934545,0.045617490422134144,WLS-HAR-RV (λ=0.05)
19358,0.0011101366048504833,-0.17879090807529327,-0.9464719663948165,-0.6352683019926989,0.2722906138263289,WLS-HAR-RV (λ=0.05)
24127,0.0008321058036340418,-0.007091044699306512,-0.06731065407345532,-0.5660418837144614,0.05740861502040184,WLS-HAR-RV (λ=0.05)
2969,0.0004131984345403704,0.22770674704303315,-1.2115467748157251,0.7904203858713752,0.15552650989300432,WLS-HAR-RV (λ=0.05)
25879,0.00020697576118641113,-0.16314583027567764,-0.7199471291637214,1.6430060304768048,0.059528880477751844,WLS-HAR-RV (λ=0.05)
24334,0.0008314822512043647,0.23865287297570628,0.6914467422415416,-2.4155439459131536,0.17291160390810756,WLS-HAR-RV (λ=0.05)
8747,0.0004391289111752583,-0.07789017833778145,-0.5211265237852931,-0.36524202059975897,0.08692114115132077,WLS-HAR-RV (λ=0.05)
16802,0.00021118610925269693,-0.26851518110273986,-0.1354971966649817,0.9732974168417508,0.1027380271154984,WLS-HAR-RV (λ=0.05)
13699,0.00037027597137287996,0.37856072947256436,0.03460005354835627,-0.5734961498282837,0.1293928319209945,WLS-HAR-RV (λ=0.05)
31144,0.0005949339244018093,0.2914687161721594,-1.8263511881392536,0.7158920814197498,0.43489556570580146,WLS-HAR-RV (λ=0.05)
10892,0.000319093998322774,0.434039237962549,-3.494053746676329,3.0772562748203907,0.24226640730781523,WLS-HAR-RV (λ=0.05)
10480,0.0011515802266212787,0.05780248122947377,1.8262566682447041,-3.2568808619101666,0.2676268351252653,WLS-HAR-RV (λ=0.05)
13560,0.0010795549622525623,-0.24986786578873482,0.07241251855738051,-1.760904261337982,0.14195002745628327,WLS-HAR-RV (λ=0.05)
31254,0.000162568553033809,-0.7690523264912908,-2.8512751261906106,4.37034576811167,0.32445669050672965,WLS-HAR-RV (λ=0.05)
17193,0.0006358116573553613,0.27215781177596154,-2.048766284259438,0.4777111972309126,0.20160385448155926,WLS-HAR-RV (λ=0.05)
24014,0.0009573287760316049,0.13121127409686525,2.390394860652077,-3.7709614627940473,0.29886331864805815,WLS-HAR-RV (λ=0.05)
21239,0.00117376582034173,0.39259771761405815,-0.7590468696957027,-1.9724829483284145,0.37905686643785796,WLS-HAR-RV (λ=0.05)
12552,0.0007529587060079203,-0.5884399775947655,-0.5174961948120986,-0.663445840383218,0.5448816431472495,WLS-HAR-RV (λ=0.05)
29054,0.0019070723785766877,0.3461107624021478,-1.3516170127354976,-3.904463742605392,0.43072984702235184,WLS-HAR-RV (λ=0.05)
25265,0.0006517907598165495,0.09037365566695778,0.49048553191555283,-1.7945673648595526,0.11107845499491742,WLS-HAR-RV (λ=0.05)
17117,0.0009636313212596816,0.17797291918362032,2.2733239311271363,-4.348497310749952,0.2342032038242371,WLS-HAR-RV (λ=0.05)
4131,0.0008382018134326286,0.06489939421985044,2.873935927803993,-4.269201073389413,0.6230438936206167,WLS-HAR-RV (λ=0.05)
5910,0.001001556243606492,0.15579780096402587,-2.113565428355681,0.18344257755190685,0.33110908158403063,WLS-HAR-RV (λ=0.05)
18029,0.0005816510408963127,0.4762987380067385,0.0028140731714068057,-1.3828855665148647,0.2591943001935788,WLS-HAR-RV (λ=0.05)
7512,0.0008213382507894586,0.2026932883253931,-1.0680977976156338,-0.46034004713635307,0.30542763055579536,WLS-HAR-RV (λ=0.05)
2826,0.0005851906392007843,0.4391003333301441,-1.3390207599979551,-0.14136015639334742,0.41376298655613053,WLS-HAR-RV (λ=0.05)
6619,0.0008522242104299961,0.20126163923454665,0.5814790202398,-2.5876628885960686,0.13593361924567193,WLS-HAR-RV (λ=0.05)
6434,0.00175368190038292,0.7516138355643266,0.6821785873102928,-5.246113165887911,0.48447577789252727,WLS-HAR-RV (λ=0.05)
18200,-0.0003489230119375309,-0.8154814142763066,1.1139041163823864,1.1975949339088037,0.4713900001624418,WLS-HAR-RV (λ=0.05)
24157,0.0011318828963886082,0.4611506973261488,-0.7690039579097812,-2.454475439507753,0.3855526512489107,WLS-HAR-RV (λ=0.05)
17239,0.0005430992052515907,0.32170098885176684,-1.4076245425488023,0.8909225606951732,0.1866888729916163,WLS-HAR-RV (λ=0.05)
4367,0.0015422816405406066,-0.08344962411768518,0.9015205381772277,-4.160325657509304,0.187275989394596,WLS-HAR-RV (λ=0.05)
20669,0.000286304530690983,0.028427754149852134,-1.636043833004714,1.5468014033866737,0.12241474648987027,WLS-HAR-RV (λ=0.05)
5793,0.0015851328645737537,-0.126416205669889,-0.10361895252003395,-2.585449240818596,0.26827021026278863,WLS-HAR-RV (λ=0.05)
29507,0.0010273226508325246,0.2827752951224403,-0.5814206354778324,-0.9791360156806759,0.18401824423877722,WLS-HAR-RV (λ=0.05)
14810,0.00024706995698188126,0.04187429248468941,-0.6684385270825588,0.7625557931417326,0.03611264753129373,WLS-HAR-RV (λ=0.05)
6730,0.0016573602014914833,0.26037100705955013,-2.100705904975149,-1.590027624772222,0.5191813228279669,WLS-HAR-RV (λ=0.05)
5706,0.0007771104199914233,0.026638284266240285,1.5389423667873061,-2.935656114840656,0.13013882380395392,WLS-HAR-RV (λ=0.05)
22828,0.00011665634090575325,0.16133053056470542,0.9642974157432028,-0.36049986324157074,0.1650363460587959,WLS-HAR-RV (λ=0.05)
31522,0.0012114262153263165,-0.1913075730968684,2.0446637215552275,-3.9150093543631734,0.20973753832056707,WLS-HAR-RV (λ=0.05)
10941,0.0002806697713272914,0.20113759199020362,0.3589262649860565,-0.5802187794393262,0.06268229327010477,WLS-HAR-RV (λ=0.05)
27962,0.00273022150585497,0.5148646087915821,0.5303703448752766,-5.767885712431093,0.41274617799240443,WLS-HAR-RV (λ=0.05)
23265,0.0012155860495543281,0.8835016897614175,0.5706221501151996,-3.611376268919481,0.31035014400387717,WLS-HAR-RV (λ=0.05)
18020,0.0008555620338317161,-0.05111288324009572,-0.0814104176871655,-1.5191809682416766,0.13528688258341737,WLS-HAR-RV (λ=0.05)
8623,-0.0003123094298659172,-0.1541883963396998,-0.016396043999424736,1.5917001645899962,0.26075143061199113,WLS-HAR-RV (λ=0.05)
32597,0.0002794878256569571,0.059520690415220935,0.6954173578698771,-1.1256930315890084,0.02226523135631231,WLS-HAR-RV (λ=0.05)
26062,0.0006082515352274818,0.2149372831911483,2.2522600723767696,-3.5526656457190073,0.24956701879511733,WLS-HAR-RV (λ=0.05)
15671,0.0008702199126942253,0.2934182732774632,-1.4465577276477866,0.1397282408056748,0.29713727113273813,WLS-HAR-RV (λ=0.05)
25338,0.0006162501180977953,-0.2240065694669476,2.0941257125054746,-2.8384305916659986,0.20071220416317848,WLS-HAR-RV (λ=0.05)
16575,0.0012903232514981868,0.08720961625842776,2.0366898078445543,-4.521120475891212,0.3190392386054015,WLS-HAR-RV (λ=0.05)
26903,0.00028692386851410885,-0.5253211710839528,-0.8097099610700113,1.5341639545376808,0.21747760976243036,WLS-HAR-RV (λ=0.05)
24048,0.0016150008517278346,0.08690571783468995,0.8519386955401066,-2.9277445937446367,0.1785955521979573,WLS-HAR-RV (λ=0.05)
31389,-0.0001370624144493929,-0.14445344483591496,-1.9930705619028835,3.350536619576209,0.12087806973257087,WLS-HAR-RV (λ=0.05)
21716,0.0004499687845610651,0.2360357472287411,0.4461996735404842,-1.3787513436204535,0.1153945866481354,WLS-HAR-RV (λ=0.05)
23539,0.0004764291984747112,0.28653459908122425,0.06155320087918986,-0.33027056987253306,0.09799043302202426,WLS-HAR-RV (λ=0.05)
32048,0.0008021341021341901,0.10034389945078631,0.00795883837294653,-2.4037786510068466,0.1599887508884199,WLS-HAR-RV (λ=0.05)
22877,0.0003528251632160756,0.030170250569220916,0.6413800032082716,-0.9078555817867517,0.12237336742811311,WLS-HAR-RV (λ=0.05)
947,0.0005606195272643527,-0.27030029903641806,0.25888880938235026,-0.8568981184848103,0.15376825743595535,WLS-HAR-RV (λ=0.05)
7572,0.0006920295320372381,0.12130434531230638,-2.794292379397718,1.5945083610024344,0.30609100231166253,WLS-HAR-RV (λ=0.05)
13513,0.00044578093840749657,0.03216149385106954,0.10087250680506399,-1.3427092657429325,0.041477874674378135,WLS-HAR-RV (λ=0.05)
18692,0.0013054448522726004,-0.043843226559276,-0.5070954244355121,-1.544924577249681,0.2668475570980464,WLS-HAR-RV (λ=0.05)
1302,-0.00016181522920583787,-0.054160712391371775,-0.6105626850714787,1.736170055287835,0.3725019445506249,WLS-HAR-RV (λ=0.05)
26568,0.0002010646402100462,0.4599948043977725,0.538105735449262,-0.3598282267252503,0.07121576632735249,WLS-HAR-RV (λ=0.05)
31380,0.0008649638009484736,-0.2572248463885023,3.2537608327181733,-4.609765379122387,0.26792839134524127,WLS-HAR-RV (λ=0.05)
22405,0.000725818875453967,-0.6511958946473234,3.3567007782314198,-5.400145810924981,0.5316657280346627,WLS-HAR-RV (λ=0.05)
30303,0.0009859947367069793,0.15401667006481742,1.1065371309344558,-1.940312486684607,0.0525255007056068,WLS-HAR-RV (λ=0.05)
31471,0.0014228579609595505,0.4035394545006813,2.3749464095947257,-4.741973984506856,0.22325088251859637,WLS-HAR-RV (λ=0.05)
19065,0.0005207394029633618,0.17485110067614146,0.16144984653773614,-0.4762250079753274,0.01999516344053409,WLS-HAR-RV (λ=0.05)
9160,0.00043050410873346983,0.6175311630664436,1.9593885786701617,-3.3207759115693434,0.5499735881899791,WLS-HAR-RV (λ=0.05)
27120,0.0006625542869893213,-0.07734837649475695,-0.5649768135232761,-0.22592288821287546,0.08960316038077776,WLS-HAR-RV (λ=0.05)
5101,0.0005925190638143325,-0.09124312539541711,1.3021019392564477,-1.902827361214346,0.24010984251448497,WLS-HAR-RV (λ=0.05)
7460,0.0002891377149547651,0.13468393714405205,-0.08703221883973483,-0.3391248524132295,0.023389372970571087,WLS-HAR-RV (λ=0.05)
9993,0.0007033289850670733,-0.49305685667267707,2.411800122827495,-3.1968254220437258,0.3176048992747117,WLS-HAR-RV (λ=0.05)
22548,0.001633235575940554,0.1992482218156793,-0.020552790982294233,-3.801303043653278,0.2536934597333955,WLS-HAR-RV (λ=0.05)
6493,0.00035602616398452313,0.8359147842976704,-1.4572078094028704,0.9067700493856871,0.2914093827439658,WLS-HAR-RV (λ=0.05)
4557,0.0005761696627382768,0.031100875540851756,1.013050441840795,-1.982610767550337,0.12950866111098613,WLS-HAR-RV (λ=0.05)
19626,0.0013756669745923413,0.36333287663649594,0.6075358785251037,-3.764008847833856,0.12578814307664554,WLS-HAR-RV (λ=0.05)
2109,-0.00047106498019156343,-0.42345845428767426,-1.8316632418380565,3.790613245627546,0.21691419767282683,WLS-HAR-RV (λ=0.05)
23423,0.0005221334822525809,0.9283540549712834,-1.3303307102236512,0.01512957968297901,0.5014357227956934,WLS-HAR-RV (λ=0.05)
3233,-0.00019162365914225578,-0.36796515396007423,-1.9913422246732742,3.6833062502733958,0.19306057892301587,WLS-HAR-RV (λ=0.05)
14285,0.0013856973942314678,0.5912729334496033,0.01407962102455651,-2.6976984610703645,0.373497143924825,WLS-HAR-RV (λ=0.05)
3044,0.00045938106347080676,0.22410547376912915,1.933253270096913,-2.5863938341668202,0.11085119650252284,WLS-HAR-RV (λ=0.05)
26020,0.0008766697296150744,0.28630169586234483,1.3092824075697707,-5.093878535600105,0.25778943286642353,WLS-HAR-RV (λ=0.05)
23228,0.0008104649261520362,0.00814231323594692,-0.7347378189988754,-0.7719367573697555,0.14391133056118277,WLS-HAR-RV (λ=0.05)
22013,0.0001867398719745963,-0.0630889371687366,0.05772636077142107,0.48175817814146904,0.0405069522253273,WLS-HAR-RV (λ=0.05)
27795,6.968586171926576e-05,-0.24657239558075206,-1.8280094925596897,3.1619651879641633,0.1204865409622119,WLS-HAR-RV (λ=0.05)
32126,0.00011855459045102552,-0.25504236786071666,0.21939181608657954,0.47914442340834396,0.09793459105932556,WLS-HAR-RV (λ=0.05)
3123,0.0010111517702005002,-0.008071915111399508,0.8722426655056562,-1.9578392298213587,0.08711416786775739,WLS-HAR-RV (λ=0.05)
31653,0.0010223341656210153,-0.735681933480809,1.7143151352652857,-2.965832781268326,0.44003035797852597,WLS-HAR-RV (λ=0.05)
26849,0.0014231722580904669,-0.1406762985063561,0.7417432681034888,-2.3573427051618667,0.12037194407580398,WLS-HAR-RV (λ=0.05)
7251,0.0005568559689848474,-0.042709423186613776,-0.2456208473256637,-0.7723512030402206,0.142282327110674,WLS-HAR-RV (λ=0.05)
8797,0.0013338244238436541,0.0516399496728131,-2.1958507077675025,0.18925134472723748,0.23906634120469916,WLS-HAR-RV (λ=0.05)
15907,0.0006869946837274605,-0.0583903205626556,0.12396717452986883,-1.6911813892599386,0.11914720947092639,WLS-HAR-RV (λ=0.05)
6102,0.0002639420829066403,0.22743202689440478,0.13309378816991013,-0.20430763453509215,0.08636985512297046,WLS-HAR-RV (λ=0.05)
24705,0.00035708589239201373,0.29825073668293905,0.006404003712678963,-0.6953797490259598,0.07079836925877347,WLS-HAR-RV (λ=0.05)
25318,0.0004966699081126222,0.38448261834671554,1.1509384703716758,-1.8401532193893084,0.33488171777270914,WLS-HAR-RV (λ=0.05)
5392,0.0005617048317076283,-0.44809775804296437,0.35784060408097584,-0.47301945273346974,0.2794340574013402,WLS-HAR-RV (λ=0.05)
24523,0.0004131049698021573,0.1782628636398901,-2.439490027464624,1.0276251360963284,0.20862742898694453,WLS-HAR-RV (λ=0.05)
26786,0.00026001207407165056,-0.13850555538224088,0.5278137765867287,-0.45060861115494366,0.018886289371105147,WLS-HAR-RV (λ=0.05)
23202,-0.0004238825613053659,0.012156944622011369,-6.018583338777488,8.37877028240917,0.31727220864668093,WLS-HAR-RV (λ=0.05)
26021,0.0012780368181055444,-0.1315824556395527,-1.2024319984917324,-0.9528720971530362,0.258403624513016,WLS-HAR-RV (λ=0.05)
12395,-9.117195087615226e-06,0.2797737318943861,-0.7637566572804473,1.2582956960933587,0.2635315698579074,WLS-HAR-RV (λ=0.05)
14422,0.000269996853606663,0.0061804163437539795,1.0927099749723264,-1.2572079942400407,0.038839533208779975,WLS-HAR-RV (λ=0.05)
1070,0.00026011180451680885,-0.5018943061745161,0.22190451444951487,-0.3277396196814286,0.2491102398936358,WLS-HAR-RV (λ=0.05)
25654,0.00021066565539933313,-0.1441033031245435,-0.9708174547004387,1.1988636943227071,0.08953658131242348,WLS-HAR-RV (λ=0.05)
9887,5.821576739207179e-05,0.34828973391506546,-4.031497057543612,4.687065199754561,0.35562412157915213,WLS-HAR-RV (λ=0.05)
3955,0.0004803152462175912,-0.03324330020985903,1.7449209312778369,-2.0938852578252103,0.07200724644834289,WLS-HAR-RV (λ=0.05)
18940,0.000580585258321916,0.3349683964702117,1.4447177315812612,-2.503163362481807,0.29649705912377555,WLS-HAR-RV (λ=0.05)
17169,0.0011134649257617012,0.28923493345764334,-0.36905171951589577,-1.385611358234835,0.24300809555375247,WLS-HAR-RV (λ=0.05)
18184,0.0008212010359846384,-0.18574360758639258,-2.43549315294114,1.7235658060073982,0.21780190215210105,WLS-HAR-RV (λ=0.05)
17639,7.443640847997163e-05,-0.21952998101903257,-1.0979119249574039,1.6494764193841678,0.23686911305280633,WLS-HAR-RV (λ=0.05)
4072,0.0008219134927421333,-0.30443737722115227,0.0014124056836439802,-1.8842069399403663,0.2633335854274488,WLS-HAR-RV (λ=0.05)
22178,0.00039559795795053294,0.40464739236450875,1.152564990580171,-1.9904419173730448,0.40265005116653585,WLS-HAR-RV (λ=0.05)
309,0.00013324156177222393,-0.3669439019715834,-0.6472356178300123,1.3535331546605955,0.10380690220391997,WLS-HAR-RV (λ=0.05)
27886,0.00043339622176995056,-0.019157258206076104,-0.5535237798302892,0.5317171038300766,0.01853541942185588,WLS-HAR-RV (λ=0.05)
25745,0.0005132686254720512,0.22373667509980255,1.5271702179498046,-2.4672009834446618,0.37509920755842263,WLS-HAR-RV (λ=0.05)
5629,0.00022703999633829863,0.086835354728084,-0.1812968415788403,-0.23908078649721629,0.029166151288826936,WLS-HAR-RV (λ=0.05)
9367,0.00025000528011475233,0.5314632970186739,0.3868423013248149,-0.31573702679493254,0.4617775887548933,WLS-HAR-RV (λ=0.05)
29583,0.0002915550633035583,-0.16327040005772456,-0.6028044014723255,0.1756321984097583,0.08346375415129215,WLS-HAR-RV (λ=0.05)
1239,0.0009881302882201177,0.02166903046140192,0.5701135208221836,-2.530625676379189,0.13427622327967104,WLS-HAR-RV (λ=0.05)
12073,0.0030196113205191123,0.24748514851061335,0.0041095568742952615,-4.564407865436619,0.25457676268912455,WLS-HAR-RV (λ=0.05)
14623,0.0011034745455764557,0.189776031483477,1.4458369450298727,-3.9418080456417273,0.18691730067025902,WLS-HAR-RV (λ=0.05)
6445,0.00039000275867936973,-0.2170370642454534,0.7713819960617511,-1.2950281051470867,0.07305835833673402,WLS-HAR-RV (λ=0.05)
10633,0.0021519034086199245,0.3829388734984598,-0.5141643220244771,-4.092037644106521,0.18468306153443248,WLS-HAR-RV (λ=0.05)
10460,0.0005367425638790357,-0.31827550302840185,-0.7954914174104704,0.21445827648888,0.1959705750710936,WLS-HAR-RV (λ=0.05)
21074,0.0025694847787620665,0.37385269366945095,1.0620830872755365,-6.412855302441394,0.39278189054758683,WLS-HAR-RV (λ=0.05)
14449,0.0009356152942000234,-0.3799866590269453,0.2445506875960105,-1.497448630304642,0.4251061306947487,WLS-HAR-RV (λ=0.05)
2811,0.00014853242024651827,-0.41097826312191776,-0.948931693976615,1.2791085201006263,0.1794941119948783,WLS-HAR-RV (λ=0.05)
8365,0.0027945234531226463,0.4373864747428074,0.007716191477990186,-5.84778722801029,0.3828776062553544,WLS-HAR-RV (λ=0.05)
5020,0.00029354671791465226,0.10115651090252789,0.3993415843762463,-0.5405743358196178,0.009864785493680972,WLS-HAR-RV (λ=0.05)
25234,0.00024362308365438772,0.03801085596381485,-0.7052249861523304,1.0863849702544355,0.05612915612311953,WLS-HAR-RV (λ=0.05)
12923,0.00021271041350147586,-0.2159812163697102,0.6680442479480639,0.27245699365708975,0.17650582536693382,WLS-HAR-RV (λ=0.05)
22678,-3.714411585499871e-05,0.21255477227037653,-1.1778220243056783,1.8228133395413948,0.11534855446902981,WLS-HAR-RV (λ=0.05)
11,0.0010714512603575872,0.23509085264681642,0.568403420739527,-4.659103654744484,0.15476370837735065,WLS-HAR-RV (λ=0.05)
6410,0.0002911802909020067,0.06069035091217547,-0.2687541304046766,-0.0762215762593565,0.03311189745012966,WLS-HAR-RV (λ=0.05)
17194,0.0005011136016160583,0.32001671558459005,0.5325763229967508,-1.2746380270151483,0.1375759522311215,WLS-HAR-RV (λ=0.05)
5347,0.0005390744852479545,-0.1745190503336645,0.5873136717483793,-1.3957495152272903,0.09215102591290614,WLS-HAR-RV (λ=0.05)
29947,0.0001476960535300342,0.7980412673223681,-0.9019864107653494,0.8041219474593285,0.5298654679413819,WLS-HAR-RV (λ=0.05)
4460,0.0009345246538973561,-0.2624853965091975,0.9915385939293972,-2.3127412213925442,0.17251083796614852,WLS-HAR-RV (λ=0.05)
32195,-7.100599623324679e-05,-0.07405706274366546,-1.0099180407263377,2.044505233426127,0.10639741984083717,WLS-HAR-RV (λ=0.05)
1712,0.0011690657244966217,0.18390032015547808,2.3174292210707503,-5.956380891663891,0.3363772930904668,WLS-HAR-RV (λ=0.05)
27939,0.000887632897263542,-0.3055302456991052,0.08199294724317574,-1.4775522435360997,0.18129508347322476,WLS-HAR-RV (λ=0.05)
20234,0.0003413347556065762,-1.4470801517200347,14.712093539088114,-13.199932600764782,0.4688523430676038,WLS-HAR-RV (λ=0.05)
1948,0.001120792300678877,0.24725204130040512,1.3896053723099042,-3.1577357062213225,0.373457964497374,WLS-HAR-RV (λ=0.05)
23490,0.00047225430819664976,-0.01269499708421192,-0.7434084323303709,1.0595068892770778,0.03261517955705817,WLS-HAR-RV (λ=0.05)
14733,0.0006554194769805602,0.033706769686317875,0.6135173908858638,-2.7354686170968425,0.13758522630324832,WLS-HAR-RV (λ=0.05)
5245,0.0004179048931164789,0.18630855705354518,-0.48949809707895175,-0.6001990092089163,0.08902722920121886,WLS-HAR-RV (λ=0.05)
21601,0.0003327220197422305,0.12234012992408806,-0.018009516518503813,0.26076621313043535,0.05736014072172857,WLS-HAR-RV (λ=0.05)
6909,0.00016524064928043677,0.05026613920285215,-0.09461936036022374,0.40645522167503184,0.0508775128670248,WLS-HAR-RV (λ=0.05)
26606,0.0003506111312059782,0.11202377381260567,-3.199593445519711,3.5205241155596205,0.28073503130427546,WLS-HAR-RV (λ=0.05)
19417,0.0012653570177809268,-0.09513214040046065,-0.8292210174381482,-3.5150389880954647,0.5655249287629235,WLS-HAR-RV (λ=0.05)
13044,0.0009816192208090884,0.5198599381318635,0.6938542165172414,-2.726846664402728,0.36083749586659253,WLS-HAR-RV (λ=0.05)
30334,0.0006608966803902537,0.3924071157556359,1.3122496957240268,-3.6674685582540687,0.13611321009831712,WLS-HAR-RV (λ=0.05)
3223,0.0004563656298069204,-0.5342934531289374,-0.302916290001384,0.8722071270633585,0.28802104985827715,WLS-HAR-RV (λ=0.05)
10455,0.0009182526271775111,-0.31096808107412466,0.8741148250844897,-1.9321925973082181,0.16086398699097704,WLS-HAR-RV (λ=0.05)
317,0.0007529225504018245,0.719849375150121,1.831328148760575,-3.165245667430476,0.3438654724291662,WLS-HAR-RV (λ=0.05)
6643,0.0012520380922019722,0.6698778279229195,0.105301396182639,-4.81935660669359,0.611481740374882,WLS-HAR-RV (λ=0.05)
12166,0.0013810380886294298,0.1180628656438489,1.2889842348499876,-4.3423750058414505,0.17922628319217182,WLS-HAR-RV (λ=0.05)
27014,0.0009741572206437594,-0.13456845679690502,0.7777484102710102,-1.9417708274501497,0.14784635425533332,WLS-HAR-RV (λ=0.05)
380,0.000811240092309205,-0.011278585812466952,-1.349928943941821,0.7071005372263953,0.1035848922122804,WLS-HAR-RV (λ=0.05)
29614,0.0009590866411456917,0.4139539186908787,0.12566950919750153,-3.0996637802362796,0.23098791304534105,WLS-HAR-RV (λ=0.05)
31173,0.0016879421234254031,-0.23529818654192766,1.9034074952359492,-5.242145340726906,0.3812273611711283,WLS-HAR-RV (λ=0.05)
4774,0.0005080478536339969,0.08611676640536456,0.08847297979044677,-0.4609321660440663,0.04469511892323075,WLS-HAR-RV (λ=0.05)
1213,0.0005300984801857372,0.2668250040490383,0.9658655944127057,-3.3125657244296884,0.3204718262904621,WLS-HAR-RV (λ=0.05)
14976,0.0006992360547776063,0.1406777589954002,-0.7928691663935454,0.48941415007125044,0.06722783942258881,WLS-HAR-RV (λ=0.05)
30212,-0.0004989576451852434,-0.3303379951399368,-3.7155037227965013,5.657100140473263,0.27855355259506875,WLS-HAR-RV (λ=0.05)
11682,0.00047868682414374433,0.2089235836630883,1.6443697036348803,-2.853296203889657,0.17186080211853083,WLS-HAR-RV (λ=0.05)
9914,0.0006922463951038833,-0.10251232632495218,0.434144663167344,-1.2661365765666355,0.061225247978431985,WLS-HAR-RV (λ=0.05)
31883,0.0004216464592023941,0.1861654776075044,-2.5463158952108933,2.2778365405022543,0.23385904831125404,WLS-HAR-RV (λ=0.05)
11589,0.0005344947956060734,0.4817390728055817,-1.2014348999020958,-0.42782298986325945,0.1000120231789533,WLS-HAR-RV (λ=0.05)
411,0.0006149733236122709,-0.18393501167569057,-1.5362689009830577,0.3587985978625726,0.23656906360769403,WLS-HAR-RV (λ=0.05)
26522,0.0003840353037989212,0.09081449690451675,-2.954355826008627,2.4422197053530628,0.2557048389250962,WLS-HAR-RV (λ=0.05)
13294,0.0009616924647810837,0.08069015602957044,0.7835843153928563,-2.210715383538461,0.08606459633630792,WLS-HAR-RV (λ=0.05)
7217,0.0005677196902769338,-0.17996108703886005,2.3896870881987025,-3.39559950849722,0.31505166858152467,WLS-HAR-RV (λ=0.05)
26798,0.0007686911530972102,0.06955122318621805,-1.89804349825914,0.35415061465229125,0.20291402169827033,WLS-HAR-RV (λ=0.05)
22798,0.0007148850477799616,-0.13241550592202725,0.9462488002065195,-1.8489823100939298,0.09053215578357554,WLS-HAR-RV (λ=0.05)
15697,0.0002494476143243911,0.43193967586914994,-2.1088923022653576,2.0485849319135316,0.29753309698635066,WLS-HAR-RV (λ=0.05)
19915,0.0005721273269115088,-0.27801656109564155,1.6470038312218926,-2.8193370880038326,0.12767871466328817,WLS-HAR-RV (λ=0.05)
152,-0.0006300914980726727,-0.03543562573932401,-2.5962724146509304,4.6617555617410655,0.48926753936458756,WLS-HAR-RV (λ=0.05)
9431,0.0011749362777283274,0.46419950530164344,-0.84130765390515,-2.5940397082054534,0.43394971201159527,WLS-HAR-RV (λ=0.05)
13354,0.0007365948425634545,0.4390393664872427,1.5734743678928607,-3.4858905689059485,0.22855073984361118,WLS-HAR-RV (λ=0.05)
25525,0.0001456798660883199,-0.5795224767844227,-0.19650972969470454,1.085253628244788,0.4450884614985191,WLS-HAR-RV (λ=0.05)
3962,0.002846008255158408,0.32597259596990913,0.37680841496360573,-5.541584778497765,0.37886313164472696,WLS-HAR-RV (λ=0.05)
4613,-0.00040661954003438683,0.26931695131691424,-1.2453565938483067,2.5175851641261238,0.15389001955394488,WLS-HAR-RV (λ=0.05)
28210,0.00038380306903941156,0.3309019330758663,-0.08353337010488701,-0.33627814057301925,0.11140457926041336,WLS-HAR-RV (λ=0.05)
16235,0.0011073246888113563,-0.7361107477194145,1.9175564245688894,-2.433388246870102,0.40938783538738976,WLS-HAR-RV (λ=0.05)
21024,-0.00033860258591633414,-0.3474930073326281,-1.6434401283087552,3.208049548145207,0.5477780152782488,WLS-HAR-RV (λ=0.05)
25619,0.0009730447988207352,0.2898158791531863,-0.29698971420156406,-1.5669947972266756,0.2105863730678479,WLS-HAR-RV (λ=0.05)
7518,0.0005532916438878581,-0.11244682659075553,1.0590399564706217,-2.0669044351508434,0.1064292154360339,WLS-HAR-RV (λ=0.05)
31331,0.0010646790641526435,0.189255027130839,1.5454697890470073,-2.6727132254336063,0.4324200055363171,WLS-HAR-RV (λ=0.05)
24717,0.0009344063889053973,-0.004301296041075448,-1.753025184623767,-0.4611534172171019,0.25301791672635454,WLS-HAR-RV (λ=0.05)
18959,0.0009173173466372747,0.11561014944271306,1.8346776427944718,-3.8199594347506887,0.4136193342037364,WLS-HAR-RV (λ=0.05)
30790,0.0008873940550713687,0.6124291718115862,0.5588579513915548,-1.8962806064418183,0.408508819340487,WLS-HAR-RV (λ=0.05)
12182,0.0011983583035155496,-0.40332467265332866,1.5347391377339195,-2.245017218937038,0.15894599209215687,WLS-HAR-RV (λ=0.05)
28983,0.0011173842080303934,0.4600584539661506,1.1830363325642868,-4.481715775712243,0.3485758804345753,WLS-HAR-RV (λ=0.05)
2567,0.00033510192333662697,0.11866140467204746,-0.11560118134000019,0.07013451820628777,0.010520502301351375,WLS-HAR-RV (λ=0.05)
1321,0.0006530039992511516,-0.13056615367144914,0.7174787071224416,-1.1333837875246617,0.10464233388024424,WLS-HAR-RV (λ=0.05)
15433,0.00040002328200853946,-0.08604014954995629,0.6170917965825757,-0.8676074510163354,0.015660273456391427,WLS-HAR-RV (λ=0.05)
19090,0.0005666688098981357,-0.6008949849037035,2.0170180854511224,-2.06252049696654,0.2416201466494089,WLS-HAR-RV (λ=0.05)
10243,0.0005254582379975249,0.05129106705182931,-0.6323639437847233,0.31602521019007485,0.07663670927410882,WLS-HAR-RV (λ=0.05)
17490,0.0003556602463383003,-0.3846415588725299,-1.6563694078204148,1.8863241815972198,0.2657802175426208,WLS-HAR-RV (λ=0.05)
11059,0.0006675087464357497,0.15491047260471413,-1.1872901956810893,0.0873070337798878,0.1885858716951584,WLS-HAR-RV (λ=0.05)
17569,0.0007351995950652833,0.17330463468263485,0.26551412175625266,-1.2072086148813552,0.06171762139741799,WLS-HAR-RV (λ=0.05)
29906,0.0007905649547327408,-0.3874782856439709,-1.005866320792146,0.8897771529277894,0.313364946570001,WLS-HAR-RV (λ=0.05)
4089,0.0007935962552048899,0.26644272817947434,0.6711119888760495,-2.2698719215411605,0.44786446828833126,WLS-HAR-RV (λ=0.05)
26889,-4.966142668475388e-05,-0.11289447954342509,-2.596654351421787,3.5757185720779234,0.32216246545088933,WLS-HAR-RV (λ=0.05)
27981,0.0001787051687337833,0.36231905702409006,-0.5401822972383453,0.5566489565681747,0.21162535305068808,WLS-HAR-RV (λ=0.05)
10890,0.0006869046692697479,0.4712287195058595,-1.398872571098268,0.37885912697567303,0.2306907706733079,WLS-HAR-RV (λ=0.05)
1350,0.0007457350471945011,-0.5135545957961678,0.08921600868802557,-0.5984093710957343,0.31276634120147073,WLS-HAR-RV (λ=0.05)
6274,0.00035929576308746115,0.41612963083447246,1.2121864669734967,-1.8714042635484647,0.26579687992872414,WLS-HAR-RV (λ=0.05)
11920,0.0005379127013705063,0.08093355780531816,-0.32746385663861166,-0.6275976007860815,0.07715113567093523,WLS-HAR-RV (λ=0.05)
22487,0.0008351925037486094,-0.3176435534889376,0.5765786271048017,-1.254337825238606,0.18187559013544297,WLS-HAR-RV (λ=0.05)
29819,0.0010565491607608733,-0.04548741272344601,1.020341287927911,-2.0940638922678283,0.08909002711916147,WLS-HAR-RV (λ=0.05)
6483,0.0015585250568386146,0.07844187608271329,0.18825509624395198,-3.187033541154874,0.15983024153364744,WLS-HAR-RV (λ=0.05)
2331,0.0008032828413223244,0.2547949597564076,1.05249595772202,-1.664569138668583,0.1424790064432757,WLS-HAR-RV (λ=0.05)
8664,0.0007216044122334586,-0.07971160628925598,1.156054883454438,-2.2886867073048247,0.11893069185339566,WLS-HAR-RV (λ=0.05)
29974,0.0004956983496001421,0.32937046094401584,0.5987733222947329,-0.9412642173814274,0.19298684552328527,WLS-HAR-RV (λ=0.05)
11263,0.0010112143892635108,0.16835498894643053,-0.48098367755730265,-0.5985591362168446,0.12951826522526821,WLS-HAR-RV (λ=0.05)
17708,0.0016613423446520106,0.031179432833562885,3.6304588771588246,-7.145335566558278,0.44902314883226624,WLS-HAR-RV (λ=0.05)
29316,0.0007409298992449164,-0.1033340610893157,-0.22925073917854144,-0.33137688714919444,0.05045996116271112,WLS-HAR-RV (λ=0.05)
9869,0.0005149813602879593,0.5437080725987933,0.5940704669293845,-2.3382670470260583,0.35016482408307503,WLS-HAR-RV (λ=0.05)
5958,0.0008882579046907682,0.21118949271559045,2.4060806955783747,-3.66995611515497,0.2070566849189639,WLS-HAR-RV (λ=0.05)
29089,0.0005632357186960903,0.39443274174134757,0.9890403394057342,-2.4689481196629255,0.4255486279947974,WLS-HAR-RV (λ=0.05)
8587,0.0006702252910561881,0.15311621277077822,1.739485051731084,-3.5041570605174006,0.33552926310417386,WLS-HAR-RV (λ=0.05)
10349,0.0009439874571890608,0.32972404345086015,0.8986040248774059,-3.5057390660159915,0.16349174961384827,WLS-HAR-RV (λ=0.05)
13928,0.001712375955985267,0.4952169488687652,1.2298496594150539,-5.0607586347986135,0.4031547634706638,WLS-HAR-RV (λ=0.05)
27851,0.0007865681698677573,0.04094710606110115,1.9375720278368205,-3.246024005723136,0.20705711762767476,WLS-HAR-RV (λ=0.05)
31719,0.00030036378998695367,0.07795347290520552,0.2505975716541162,-0.9828946808137528,0.0927957341550818,WLS-HAR-RV (λ=0.05)
6481,0.0005229101108732555,-0.12399541203328623,-1.1527759162816718,-0.4530253429186793,0.23290727281119517,WLS-HAR-RV (λ=0.05)
11227,0.0006294090574613734,0.2590539404636282,0.28954641248295054,-1.3348231187381556,0.2213310404950527,WLS-HAR-RV (λ=0.05)
12299,0.0003385972223410139,-0.388900766420865,-2.528215471721039,2.2993905048659418,0.37209910882333896,WLS-HAR-RV (λ=0.05)
13324,0.0008305238126348636,-0.18233209256637703,2.4141017101124724,-3.3625304349949774,0.25232851610538143,WLS-HAR-RV (λ=0.05)
15728,0.0010756843310492105,0.5906920521190028,1.0386282546160972,-2.807851280510228,0.17884667738657833,WLS-HAR-RV (λ=0.05)
17983,0.00023035967170063334,0.399294146617855,0.2063871022016882,-0.8012776640764405,0.19831112481296542,WLS-HAR-RV (λ=0.05)
1255,0.0010077887733748285,0.15127824706548695,0.13531299354184645,-2.6007504613293912,0.12957928552166031,WLS-HAR-RV (λ=0.05)
31059,0.0005675845175791522,-0.13145802254511646,0.846941498319555,-1.1472588964150665,0.12172013602792564,WLS-HAR-RV (λ=0.05)
24728,0.0014031955391640085,0.2082287002962382,0.10940337348091722,-1.7151093862656928,0.056747790551833766,WLS-HAR-RV (λ=0.05)
16504,0.0003686032372382006,-0.07358985774403733,0.8204743966853292,-0.5583211610021501,0.13487459788228706,WLS-HAR-RV (λ=0.05)
16877,-0.00020013279437604422,-0.4462496998215632,2.368698636972046,-0.04493829133986038,0.27596545820619534,WLS-HAR-RV (λ=0.05)
13598,-4.497264737284023e-05,-0.16365413348521798,-3.0107053420368355,4.727586304359479,0.36455466884801613,WLS-HAR-RV (λ=0.05)
12103,0.000754544738829808,-0.4042955839713986,0.7301350802037552,-1.25123368683103,0.3136237335991663,WLS-HAR-RV (λ=0.05)
19472,0.0010240043035394638,0.09621770270314989,0.9599994076684257,-3.903439845926485,0.1362453773465191,WLS-HAR-RV (λ=0.05)
31402,0.0010295308274470621,0.03514516702312619,-0.9718434768508272,-0.2690435769834821,0.11306065557666378,WLS-HAR-RV (λ=0.05)
12348,0.000960340449274708,0.3505430563702666,2.427340431581251,-4.355659808694492,0.6250000400767749,WLS-HAR-RV (λ=0.05)
10494,0.00015047814124788096,-1.0788638351642093,0.9903658602373084,0.46626577871475183,0.2471492587003623,WLS-HAR-RV (λ=0.05)
30999,0.0003395052299988199,-0.4184147816409614,-0.09554238346027918,0.5298075867449091,0.14901752239484767,WLS-HAR-RV (λ=0.05)
10070,0.0001746029628352354,0.4279107598676663,-1.2070340651081592,1.429449409926729,0.21699147711284006,WLS-HAR-RV (λ=0.05)
7418,0.0006719981551612715,0.06374440798004288,2.6584138898864227,-4.115628268265872,0.5732596146786324,WLS-HAR-RV (λ=0.05)
10616,0.0005617168891362214,-0.27867331216172037,-0.11638782782383644,0.05064113895823359,0.09062461527230081,WLS-HAR-RV (λ=0.05)
22914,0.0006252634037175897,0.031302415769138815,0.9589145999493704,-1.9470015646283119,0.2279665345510412,WLS-HAR-RV (λ=0.05)
11812,0.0006712601498068142,-0.12375448489129873,1.481969030372516,-2.0818862709019137,0.06537872077529738,WLS-HAR-RV (λ=0.05)
27561,0.0005581922459123331,0.3974555004412046,1.2941474981545018,-2.207920025000067,0.2729957299402179,WLS-HAR-RV (λ=0.05)
21658,0.0007560965039633888,-0.13967679616292739,0.3035382397918713,-0.8145611994114083,0.0648008150847813,WLS-HAR-RV (λ=0.05)
6145,0.0007784242321210063,-0.3472128700246563,0.007844962432104419,-2.2357291342694507,0.3120978134284479,WLS-HAR-RV (λ=0.05)
14857,0.0010853506551674703,0.6053832449328588,0.6234902973566065,-4.367075315812992,0.4241802269933421,WLS-HAR-RV (λ=0.05)
14416,0.0005013958463040492,0.2708507273531748,0.17169149324834893,-1.5063993469058115,0.1416919870747858,WLS-HAR-RV (λ=0.05)
19647,0.0019517379339195945,0.3634372998455305,1.670017501581838,-5.229121299761041,0.39323774979358295,WLS-HAR-RV (λ=0.05)
18507,0.00032607206488848733,1.0024200784293105,-0.22361695020664168,-0.9633447091600534,0.7114122656917976,WLS-HAR-RV (λ=0.05)
28881,0.0006405441441018726,-0.06388160894630904,2.7368517229672653,-4.690852578417941,0.1872555346748921,WLS-HAR-RV (λ=0.05)
31034,0.001433769000604176,0.15273067163673795,3.6017941773905635,-7.989713644527771,0.20671005937958242,WLS-HAR-RV (λ=0.05)
9381,0.0008007169620409627,0.09968336099600586,1.8329118362832304,-3.3678585004445365,0.2763366657869054,WLS-HAR-RV (λ=0.05)
11243,0.0005189789480291466,0.0762996562781709,-0.6320405945830356,-1.4423681605009877,0.21994793504407362,WLS-HAR-RV (λ=0.05)
15365,0.0008348630161754485,0.3177151331701255,-0.4187794123908448,-0.562214132436781,0.1384053503397834,WLS-HAR-RV (λ=0.05)
15689,0.0007240695366490125,0.5747697779779637,-1.4633614301010927,-0.24736068528234229,0.2980932903819574,WLS-HAR-RV (λ=0.05)
14977,0.0022710714523613844,0.5520394842304,2.1607031595616215,-7.053599638602266,0.46153675657925497,WLS-HAR-RV (λ=0.05)
30750,0.0009086553662048167,-0.29528146988350235,0.37993957654412575,-1.4041116189888676,0.24549735422528207,WLS-HAR-RV (λ=0.05)
13737,0.0014232670733758089,-0.2311224562504094,-0.7540183207790221,-1.3461245781147513,0.2588591040368672,WLS-HAR-RV (λ=0.05)
20928,0.0016048627169397887,-0.01548240020128922,-1.4005026490740233,-0.708873783088581,0.2785799894668861,WLS-HAR-RV (λ=0.05)
5302,0.000485789540594768,0.1801775280468481,0.029103112664771058,-1.3890686006606667,0.29991198009962905,WLS-HAR-RV (λ=0.05)
23017,0.0008719289886798675,-0.4976424518092402,2.4830540478281242,-3.133505388537275,0.19137106541726046,WLS-HAR-RV (λ=0.05)
30798,-1.1617025879425861e-05,0.20748238272719233,-0.1549038128513647,0.7863121309677309,0.26022674737412943,WLS-HAR-RV (λ=0.05)
20099,0.0008071162685754597,0.5244050818347046,0.8596982682965305,-2.964251292004379,0.33357085206391124,WLS-HAR-RV (λ=0.05)
5513,-4.06560241332493e-05,0.07944190051800533,-1.4371213884216112,3.1551105277734743,0.22064624836004276,WLS-HAR-RV (λ=0.05)
19830,0.0006421733212453454,0.2000106366324378,0.47712446092966937,-2.564993529554459,0.13276577539071444,WLS-HAR-RV (λ=0.05)
18147,0.000723299210732045,0.09744602018394068,-2.1284909096235687,0.6564990340977075,0.2298061444621854,WLS-HAR-RV (λ=0.05)
1468,0.0006590618022795739,0.10820597189916793,-0.09281635871172783,-0.5147846182898215,0.04166747186756903,WLS-HAR-RV (λ=0.05)
15765,0.00031601119203894935,0.05425315803915021,-0.19874582420309894,-0.3058889035101837,0.0266665546988909,WLS-HAR-RV (λ=0.05)
14909,0.0004600005333493466,-0.06361818219008207,-0.7447622518851413,0.9020637755870936,0.03765132171901964,WLS-HAR-RV (λ=0.05)
29554,-0.000171091198438592,0.6220006386843424,-4.262419988138854,5.9902985132242135,0.11168149469254518,WLS-HAR-RV (λ=0.05)
15418,0.0002700850166451454,0.09052165025947746,-0.8562762184896997,1.0116881840445784,0.05940894525975038,WLS-HAR-RV (λ=0.05)
9123,0.0006705159576529142,0.04019855913253761,1.3161552032252057,-1.6730332088273014,0.13304535947925522,WLS-HAR-RV (λ=0.05)
16511,0.001485461274626169,-0.2987727578069421,1.8665309192138615,-3.576427202523645,0.2166257467789845,WLS-HAR-RV (λ=0.05)
2711,0.0008249672213527588,-0.21188798940400563,1.3611648452746252,-2.1526607468942403,0.07810256806340854,WLS-HAR-RV (λ=0.05)
15548,0.0005588043752573022,-0.3274853005687004,-1.3101031359405013,1.1401008706800893,0.1721484233328413,WLS-HAR-RV (λ=0.05)
5932,-0.0010470939555412518,-0.20831155952642075,-1.9069704585328071,4.771428016186272,0.09844554468210709,WLS-HAR-RV (λ=0.05)
24879,0.00028934526606132113,0.23490183165762482,-2.186643247820162,2.2971102799709113,0.19194493020475545,WLS-HAR-RV (λ=0.05)
25716,0.00044314562109901894,-0.038244646817032255,1.4737828677120886,-1.3266180986609635,0.4521689054506065,WLS-HAR-RV (λ=0.05)
21139,0.0013014268463911757,0.2787050153906822,0.7026166145638121,-2.7876062942537443,0.23671209023608775,WLS-HAR-RV (λ=0.05)
30225,0.0020684614748929654,0.3669363808196593,-1.1156648658630024,-5.2087448002535455,0.29405269558135416,WLS-HAR-RV (λ=0.05)
3130,0.002005744902789272,0.3559001275608781,1.7812550467739585,-4.284697365459235,0.29555924360589303,WLS-HAR-RV (λ=0.05)
32249,0.0004900001929228784,0.33824868206887465,-0.7068715211819567,-0.08792287398734794,0.11637361213879949,WLS-HAR-RV (λ=0.05)
12111,0.00021787025864169592,0.14749809283608384,-1.1734875482018545,1.1764889332136437,0.1587203978292775,WLS-HAR-RV (λ=0.05)
381,-7.225468477653772e-05,-0.2867791895699904,-0.7253710092924319,1.9929173025616709,0.12075073604893283,WLS-HAR-RV (λ=0.05)
11070,0.0005356770116913608,-0.06464882237465606,-0.18647646255995226,-0.3243007321367515,0.025478465461457267,WLS-HAR-RV (λ=0.05)
545,0.0010969672612223503,0.11007229559611106,2.0482498148981034,-3.738837527134089,0.13228461758227672,WLS-HAR-RV (λ=0.05)
9819,0.0010215183970238707,0.123591127382932,1.1206552473534042,-3.100735255786885,0.1379481901188362,WLS-HAR-RV (λ=0.05)
23226,0.0009600579277754673,0.07404806843475806,1.2282474925123787,-2.606419668511196,0.02592261832326237,WLS-HAR-RV (λ=0.05)
16753,0.0016836867503569777,0.1565206058973669,-1.8852170097467833,-0.5191198207252304,0.31327024098638423,WLS-HAR-RV (λ=0.05)
10708,0.0006884020454983649,-0.12319604564376041,-3.0523508421125443,2.3722006616225055,0.530178015608666,WLS-HAR-RV (λ=0.05)
2199,0.0008850035075089554,0.3105858869766029,-0.46414203233780327,-0.8448881985240283,0.16827090817502688,WLS-HAR-RV (λ=0.05)
19690,0.0002300319635871361,-0.1963111995100129,0.7924221605331747,-0.47583010562279987,0.06978192906753689,WLS-HAR-RV (λ=0.05)
13160,0.0005063304194607347,0.5340226597606235,0.6475662548472644,-2.054393508255631,0.3163885260197079,WLS-HAR-RV (λ=0.05)
6108,0.0019622124243366284,-0.05758385032447765,0.1917030251957912,-5.384495624567101,0.33257322765352126,WLS-HAR-RV (λ=0.05)
26447,0.0009489199848440144,-0.014934379329180963,0.9722872263872834,-2.2501136048895334,0.094559340705891,WLS-HAR-RV (λ=0.05)
7686,0.0006651234292724817,0.19061329405473867,-0.11608792184316358,-0.7792344059322962,0.05697626341054862,WLS-HAR-RV (λ=0.05)
7759,0.0005997975311539663,-0.1334423859610289,0.3299714664014507,-0.4807205161486306,0.025246124904154232,WLS-HAR-RV (λ=0.05)
9493,0.00047029140550083437,-0.780707083489952,-1.1341401046288182,1.6512825994779918,0.5768794095632286,WLS-HAR-RV (λ=0.05)
18393,0.0004980115650984947,0.006685560823139036,-0.9657301382466664,0.2129980425977821,0.16971046243361387,WLS-HAR-RV (λ=0.05)
4570,0.0008041016019369668,-0.17315208363618836,1.4284183215443218,-2.4955171957427407,0.11091907779818944,WLS-HAR-RV (λ=0.05)
28963,0.0007667850466736448,-0.17434841705696055,2.3952064542738336,-3.407375010608094,0.49228876222122875,WLS-HAR-RV (λ=0.05)
424,0.0010249094352613227,0.04797900275671718,0.522696014705916,-2.3292167915857527,0.11093603971417465,WLS-HAR-RV (λ=0.05)
7679,0.0007905096004041155,0.39639814868956297,1.671008153666285,-6.25480544786063,0.1371404628009102,WLS-HAR-RV (λ=0.05)
17604,0.0007879051770318935,0.31548189854259645,2.1438717699605485,-3.563549757766082,0.4498344492084494,WLS-HAR-RV (λ=0.05)
19386,0.0005864356679918349,0.0961006137662253,-0.07557844218905396,-1.3583705956838075,0.07485755393218585,WLS-HAR-RV (λ=0.05)
29716,0.0006988562032391558,0.14380500034005522,-0.5165921613756018,-0.6320243146163945,0.06687493303970982,WLS-HAR-RV (λ=0.05)
8750,0.0011614924910389275,-0.14300465502123444,-3.537972218017859,2.497163201847485,0.31738482427955683,WLS-HAR-RV (λ=0.05)
9186,0.0012299456906727283,-0.01885004395580667,0.5301495137135693,-3.087917623390309,0.11584959991255361,WLS-HAR-RV (λ=0.05)
28401,0.0006952677561248519,0.15132928412035518,1.2282691775684695,-2.5480140249107115,0.20224834444290274,WLS-HAR-RV (λ=0.05)
10491,0.0010538286379769232,0.381388933584,-1.7854251522136442,0.32125848553017755,0.23781058077862294,WLS-HAR-RV (λ=0.05)
17429,0.0006625373291223435,-0.14377578653564646,0.26174523746949657,-1.5837613060939657,0.07623879410863421,WLS-HAR-RV (λ=0.05)
14183,-2.7158394086777534e-05,-0.43633975668996217,-1.5176263474486031,4.519803160888422,0.229910420899348,WLS-HAR-RV (λ=0.05)
27964,0.00033351846012012276,-0.5283957538606666,0.04207223711873197,-0.22872721998263404,0.2771806006063152,WLS-HAR-RV (λ=0.05)
16731,0.0008117275360097331,0.3340223522482203,0.5971319763553138,-1.5269230364771955,0.2193253060752134,WLS-HAR-RV (λ=0.05)
12611,0.00011753056840995823,0.12600848527944394,-0.46238340703027025,0.7844482380009169,0.015016001739890261,WLS-HAR-RV (λ=0.05)
11056,0.0004795953873635677,0.19536131830591497,-1.9092796853240832,0.6416843547038108,0.23163722901904726,WLS-HAR-RV (λ=0.05)
5976,0.0006011928604575001,0.19609952583071757,0.2663762149955733,-1.1258654347659212,0.03176298329928495,WLS-HAR-RV (λ=0.05)
32046,0.000279498113702439,-0.13049815441612755,-1.9013444373911303,1.6010621256956026,0.29519873174232725,WLS-HAR-RV (λ=0.05)
23153,-0.0002756210789527242,-0.1945649287143981,-1.6760678584714856,4.219378194366552,0.14987901435445694,WLS-HAR-RV (λ=0.05)
32753,0.000483910400507058,0.17132319272902022,0.009761653013632576,-0.7995871123666678,0.05694493430148906,WLS-HAR-RV (λ=0.05)
3846,0.0010602949535932467,0.31953911108301286,3.9188719790251625,-6.285437319778859,0.45577548079658414,WLS-HAR-RV (λ=0.05)
12481,0.00013947792418253773,0.02020795712170267,-2.19841726197185,2.483559796324929,0.20405553812743094,WLS-HAR-RV (λ=0.05)
1000,0.000645722419243379,0.017409850236161765,-1.7250959263890924,0.2860900383900824,0.2869239358225071,WLS-HAR-RV (λ=0.05)
20563,0.0006826276840758273,-0.003585602907438513,-0.3874104858881214,0.12059899895960569,0.031503306281563725,WLS-HAR-RV (λ=0.05)
10100,0.000588233625938353,0.2289763934222924,0.7071895760911688,-2.126461202544198,0.13105402672046085,WLS-HAR-RV (λ=0.05)
12234,0.0006932867543445545,-0.058273979959634764,0.24715285823487637,-1.4926090436664115,0.0951495518636517,WLS-HAR-RV (λ=0.05)
28002,0.0008847747116561093,0.14943084400996562,0.035069783823398204,-1.8394195970586027,0.15289094382594548,WLS-HAR-RV (λ=0.05)
13321,0.0014156214449347832,0.8172660133567041,-4.232441526739664,-0.2843068527600874,0.5660617780755098,WLS-HAR-RV (λ=0.05)
32053,0.0002691282988550624,-0.17953083055630875,1.0867897034702667,-1.1291608332016385,0.07557331407857049,WLS-HAR-RV (λ=0.05)
2390,0.0011898670125225176,0.23536921058986343,2.240395831141649,-4.2841387252849135,0.2603028588949198,WLS-HAR-RV (λ=0.05)
18739,0.0010985283384858937,-0.0864717664153306,0.8680569070461553,-2.5156941129739674,0.22277280424164148,WLS-HAR-RV (λ=0.05)
23780,0.0002241017740130599,-0.4505632274304615,-3.0268013778794813,3.557474085902455,0.378628900876801,WLS-HAR-RV (λ=0.05)
24913,0.0005227753994536163,-0.04434401833163752,0.36159699149448665,-0.4322100896659618,0.007325247761658771,WLS-HAR-RV (λ=0.05)
19765,0.00153845265519263,0.0422107153539761,1.4221023844116445,-3.8688186687649835,0.08807636515828232,WLS-HAR-RV (λ=0.05)
21326,0.0007108475224425217,-0.04856236400269832,1.5233949948871168,-3.2330208795319035,0.16461733492528674,WLS-HAR-RV (λ=0.05)
2867,0.0016603446415243634,0.01606735252225634,0.9596266282411419,-4.269589691061967,0.3628603425264426,WLS-HAR-RV (λ=0.05)
7458,0.00046812141058752475,-0.5547155141912494,-0.1851395149193765,0.3404622425563917,0.2859851745284687,WLS-HAR-RV (λ=0.05)
13662,0.0013285470285585522,-0.21019745668775908,2.588244653836865,-3.9011211012416944,0.1477040142851701,WLS-HAR-RV (λ=0.05)
22133,0.0006582861073685236,-0.006612132504444003,0.7077158714045508,-2.6569379343916255,0.19762212463015394,WLS-HAR-RV (λ=0.05)
26868,0.0005959509164220335,0.25584330821501505,-2.766014134602029,2.6989920626845727,0.22053767541757063,WLS-HAR-RV (λ=0.05)
3270,0.0005469923849766697,-0.43234365242298733,1.4507617825494021,-1.2688273411246904,0.18470542597165152,WLS-HAR-RV (λ=0.05)
10929,0.0009173711222960439,-0.47108128858048315,3.2589985984988954,-4.08007136204276,0.32163651947135774,WLS-HAR-RV (λ=0.05)
908,0.0014222081449747723,0.8945453359991239,1.0463678448904221,-6.63140583667444,0.6305420735458117,WLS-HAR-RV (λ=0.05)
14549,0.0014292216218750602,-0.09221473469864253,2.2370069907194847,-3.6210149259191184,0.28099392436860027,WLS-HAR-RV (λ=0.05)
11431,0.0005798814818152357,0.7180824807141669,0.4035821722439469,-1.4802052441689086,0.5386851390534363,WLS-HAR-RV (λ=0.05)
20172,0.00042341673293707635,0.013595058988416599,0.05422095264349572,-0.7282607644340526,0.017813175704229356,WLS-HAR-RV (λ=0.05)
18944,0.0015320005955172975,0.1281379555320908,0.7403767244601435,-2.2382796003645065,0.10789826610213182,WLS-HAR-RV (λ=0.05)
27003,0.0005956122624648806,-0.27475348263145444,-0.810931087143551,0.5311821706967528,0.16695737832374047,WLS-HAR-RV (λ=0.05)
12904,3.2328283180247785e-06,-0.3545028171052895,-3.6665067158218743,4.787773264467059,0.26477821825564696,WLS-HAR-RV (λ=0.05)
15637,0.0007935187879352123,-0.06627225178449463,0.7401226352438807,-1.6645206788818432,0.06435609810509202,WLS-HAR-RV (λ=0.05)
13500,0.00040500368308858106,0.2788670370155712,-0.26769653858469755,-0.2839419926863315,0.09677136447883328,WLS-HAR-RV (λ=0.05)
23656,0.000524297386167247,0.4310977370682194,-0.3513681113873095,-0.719713066753482,0.13435540602598195,WLS-HAR-RV (λ=0.05)
10934,0.001004255617331584,0.0017159330009717587,-2.618333633315012,1.1302052895889565,0.288369824671439,WLS-HAR-RV (λ=0.05)
19876,0.000859505775886377,0.2637702357510539,-1.4292574304202634,-0.4553117541811843,0.12041083349537673,WLS-HAR-RV (λ=0.05)
2058,0.0007556443888272091,0.1652386786604523,-0.41674483807765605,0.050691792711684946,0.045249798713571376,WLS-HAR-RV (λ=0.05)
26024,0.0005205927420865227,0.14789070225278622,-1.2052662861970045,0.8787336531463229,0.046834974982451705,WLS-HAR-RV (λ=0.05)
3516,0.0019189902822846707,0.15545860533277808,1.545630925545604,-4.402430950850968,0.2100610270643486,WLS-HAR-RV (λ=0.05)
26170,0.0011742548476063811,-0.0020985118237703913,0.5380584370331896,-2.0565701749183454,0.07921488869156856,WLS-HAR-RV (λ=0.05)
5929,0.0003195366040192659,-0.36385394231421864,1.0347331618634001,-0.29360026273488005,0.2230276904097407,WLS-HAR-RV (λ=0.05)
23156,0.0011703557253099327,-0.23630617914653687,1.24530819050501,-3.155477781527254,0.15372906333831293,WLS-HAR-RV (λ=0.05)
26613,0.00043567704561573063,-0.3428540417113396,-1.168275031888789,1.2089495753303037,0.1609723294225741,WLS-HAR-RV (λ=0.05)
11959,0.00046924030575254904,-0.18805815374939147,1.6592862079341208,-1.961711298198187,0.12542259656703236,WLS-HAR-RV (λ=0.05)
12178,-0.00018416693674432776,-0.18561248284726542,-0.3257257839425693,1.5755830730216769,0.28981174603389936,WLS-HAR-RV (λ=0.05)
27149,0.0008661008835580291,0.08687486527928294,0.0027918239264668188,-0.8754703035609421,0.072661010807484,WLS-HAR-RV (λ=0.05)
30312,0.0011283521124341458,-0.4777202669038603,0.8327816685476795,-1.8525593350909937,0.2146576547624961,WLS-HAR-RV (λ=0.05)
17428,0.0002648076959556692,0.26191158191973296,-0.4813861474420922,0.2233370828944159,0.10349363146552903,WLS-HAR-RV (λ=0.05)
6940,0.0006886626764839683,0.37046309695132157,1.5443192251488758,-3.486348045027421,0.3578600382170777,WLS-HAR-RV (λ=0.05)
2659,0.0006429083139037644,0.2463912319230364,-0.23132711622621127,-0.5890336622029976,0.09895426207889202,WLS-HAR-RV (λ=0.05)
29823,0.0006365496654802385,-0.3263276550749032,1.6239627909193028,-1.491152805476628,0.3129329481973413,WLS-HAR-RV (λ=0.05)
4739,0.00030527841903786753,0.7014963025109789,-0.5765988979719383,0.12857546607266407,0.4152404079806722,WLS-HAR-RV (λ=0.05)
18836,0.0005666001186355133,0.3195294856120225,0.6330224503950237,-1.584526027593094,0.17312914350761177,WLS-HAR-RV (λ=0.05)
7444,0.001310141367857843,-0.3887629608220266,-0.9202722182836036,-1.8085531674291655,0.43923210532612633,WLS-HAR-RV (λ=0.05)
23751,0.00037225051520949775,-0.026450762208641957,-1.835869934907644,2.2521641333949125,0.22725991746235785,WLS-HAR-RV (λ=0.05)
5825,0.0007071513502213625,0.14920436656169161,1.0796604731309472,-2.5019672311119594,0.06239506605262379,WLS-HAR-RV (λ=0.05)
12115,0.00012500310649875745,0.08450448872085053,-1.5050838523183363,2.018800852989256,0.14383955565879192,WLS-HAR-RV (λ=0.05)
13798,0.0008366571979001441,-0.018701752631013414,-0.255716389384264,-1.2406999022660952,0.053996201179844494,WLS-HAR-RV (λ=0.05)
27182,0.0004615202177511929,0.6323652243926495,-1.3408628667288842,-0.07773435375843574,0.44310228033875676,WLS-HAR-RV (λ=0.05)
11374,0.00047745304628623117,-0.28530925677076246,4.389763468064006,-5.055757341076803,0.4344604129338129,WLS-HAR-RV (λ=0.05)
2463,0.0005564850543775756,0.019256224031342098,2.0984788378885484,-2.806854453736731,0.16214212744083145,WLS-HAR-RV (λ=0.05)
11318,0.0006139198740806315,0.6150931485446184,0.6408212559124755,-2.0553922134740676,0.38309387562721986,WLS-HAR-RV (λ=0.05)
10661,0.000504160132650039,0.02892660037754763,-2.625674758828557,2.311755924084017,0.24203493357716466,WLS-HAR-RV (λ=0.05)
21148,0.0007138051743894912,0.032668425363556824,-1.719061271138342,0.7871489894125717,0.21309315408750895,WLS-HAR-RV (λ=0.05)
22996,0.0012923852590549924,0.7601526333969536,1.5640343072966743,-3.6877266247836125,0.5226719924066845,WLS-HAR-RV (λ=0.05)
13594,0.00041051137626751716,0.2652742263896435,0.08397482276305653,-0.6223860081949946,0.07663941419401255,WLS-HAR-RV (λ=0.05)
18109,0.000371789397730504,0.5992456807489859,-0.6336105874431999,0.033343482608378494,0.3038808127814735,WLS-HAR-RV (λ=0.05)
26837,0.0009832412720175074,0.2289646430069405,1.076255281732145,-2.5538910364209713,0.29868418123708373,WLS-HAR-RV (λ=0.05)
7545,0.0008604257716998656,0.22436567911013136,1.7314609506724945,-3.1743444963019964,0.2652098411999142,WLS-HAR-RV (λ=0.05)
23524,0.0014870680342888916,0.18229283859807677,0.954932414561211,-3.9346377377995743,0.20822912056178766,WLS-HAR-RV (λ=0.05)
12309,0.0007604644291220031,-0.046192303783630886,-1.957951264277984,0.7681990984447737,0.2885896161735715,WLS-HAR-RV (λ=0.05)
26475,0.000884584634085587,0.5860537237407025,1.4367747571213143,-4.070303431238086,0.3402091017242609,WLS-HAR-RV (λ=0.05)
13980,-0.00010755462821944282,0.14071254071331174,-0.49567211747468654,1.4001800424873703,0.3499351576583143,WLS-HAR-RV (λ=0.05)
12065,0.0035152700610429407,0.21004739355547275,2.585224617687458,-8.814611643707154,0.18254413493751442,WLS-HAR-RV (λ=0.05)
9456,-0.00018335454538565503,0.1566182191395253,-1.5518137004948067,3.4422826197021728,0.2238631385900155,WLS-HAR-RV (λ=0.05)
817,-0.0001972120783119388,-0.4563571055746516,-1.1097946380977801,2.3189962219622218,0.6341780238940331,WLS-HAR-RV (λ=0.05)
12834,0.0005128469888701676,0.220206644622091,-0.5499636825951821,0.27248702150243825,0.06802699902471443,WLS-HAR-RV (λ=0.05)
7180,0.0013518902067926638,0.23940661570000768,-0.11978364236205907,-3.63534532525449,0.28801045384718993,WLS-HAR-RV (λ=0.05)
6089,0.0015178646409199027,0.5010775669453315,-0.001603123815032692,-2.700408348033391,0.22387424631789477,WLS-HAR-RV (λ=0.05)
4851,0.0009011959178188414,0.10132008912629809,0.6843338883372115,-1.359352314151241,0.051900535922347446,WLS-HAR-RV (λ=0.05)
26804,-4.493711032250064e-05,-0.01220420708573572,-2.0206947991461144,2.98220917668719,0.07403347513929559,WLS-HAR-RV (λ=0.05)
7151,0.0013101675356026014,0.0943488108217609,1.260282996381955,-2.663060765202423,0.3483354826303613,WLS-HAR-RV (λ=0.05)
15858,0.0015792880912236938,0.34041745337462753,3.0413397652248033,-7.627560059364365,0.3131886802319709,WLS-HAR-RV (λ=0.05)
21391,0.0004247292972939617,0.20384919973576418,-0.8115654009151785,-0.07133401961696179,0.13788940636232538,WLS-HAR-RV (λ=0.05)
26708,0.0007128763100387027,0.6182897922694488,-0.9495405197344567,-0.07918282797228099,0.22209874124157647,WLS-HAR-RV (λ=0.05)
15010,0.0005645611744131353,-0.1555274913751168,0.5687901928697336,-1.5091584293191929,0.21318349488339428,WLS-HAR-RV (λ=0.05)
19699,0.00040814115209165914,-0.3163522940643127,-1.410299150580904,1.2495119165132098,0.23157527192398764,WLS-HAR-RV (λ=0.05)
5598,0.0004133277599856232,-0.1060913423618466,-2.2742455461279474,1.865194383922076,0.22431788043829715,WLS-HAR-RV (λ=0.05)
7373,0.0005808633223609554,0.6816315570218605,0.31292179510973356,-1.2712991208363003,0.39873847458186795,WLS-HAR-RV (λ=0.05)
1075,0.0014880958768124202,0.23400383933649402,1.8484970865339436,-5.4503120908892235,0.3079436759434321,WLS-HAR-RV (λ=0.05)
21208,0.0011874124280530402,0.307411949803088,-0.3664150381270581,-1.2122404906505886,0.11415933342494144,WLS-HAR-RV (λ=0.05)
30183,0.0007312501122900424,-0.1422631774441894,1.4507008273622135,-1.5171797708309835,0.10014170061723904,WLS-HAR-RV (λ=0.05)
21931,0.0006364133115475842,-0.05497525013356827,0.15554585556313785,-0.3319989726970062,0.01115451744272955,WLS-HAR-RV (λ=0.05)
7343,0.00044869614531025813,0.01792541689935893,-1.7529902407845952,1.7852838380306149,0.11840550260979399,WLS-HAR-RV (λ=0.05)
25085,0.0021565140428148433,-0.5198043376793068,2.6693155089536713,-5.823402030946157,0.4239351317630644,WLS-HAR-RV (λ=0.05)
16282,2.4637018260535107e-05,0.16137636923231716,-1.9454874529700128,2.539761166039729,0.12973020336445018,WLS-HAR-RV (λ=0.05)
1417,0.001549916250949324,0.6295576665781167,0.9161920224057309,-4.569859741129044,0.30995077559790907,WLS-HAR-RV (λ=0.05)
17259,-0.0005151872246669501,0.3626545426872661,-2.3691201262166555,4.813823719905091,0.2980407535937175,WLS-HAR-RV (λ=0.05)
15742,9.091589210583409e-05,0.8505102791138929,-0.11014426223009477,-0.08764610495443412,0.5632689747994418,WLS-HAR-RV (λ=0.05)
13912,0.00023118313938620656,0.2910523463589627,0.2831326265872931,-0.08435615188618159,0.1843235893609828,WLS-HAR-RV (λ=0.05)
27524,0.0007303888806227462,0.2212263806014731,0.42445363040391226,-1.1822219001041565,0.1144375119784603,WLS-HAR-RV (λ=0.05)
26152,-0.0001559618761185214,-0.31784658822097567,-0.5807801812837738,2.867818665604271,0.21550943891064134,WLS-HAR-RV (λ=0.05)
29252,0.0007318679366421978,-0.4636286225674433,3.541369288291614,-5.328603603091334,0.3938727849682033,WLS-HAR-RV (λ=0.05)
30232,0.000783260636401202,-0.12387127639475264,0.5343091359108683,-1.5962646480499163,0.06680900521992217,WLS-HAR-RV (λ=0.05)
28868,0.0006333400006649272,0.5130573038937117,-0.70988038113108,-0.309639201675743,0.29027987079281026,WLS-HAR-RV (λ=0.05)
5,0.0010618742730452546,0.6660178263511644,-0.0797705816932498,-1.531338091873254,0.39725825064326137,WLS-HAR-RV (λ=0.05)
9377,0.0006602060467060828,-0.351300225433802,3.1252414135222537,-3.138812173163436,0.32011803423421137,WLS-HAR-RV (λ=0.05)
1938,0.001284652985959784,0.10859399604259436,0.6954908637159027,-3.933760716172855,0.15642799852256872,WLS-HAR-RV (λ=0.05)
24033,0.000435190144603686,-0.09828881807538463,-0.8445828912508564,0.5222892188935913,0.09676874473000896,WLS-HAR-RV (λ=0.05)
337,0.0011595303494673355,0.6574229507334574,0.6134946181899793,-3.0568665679403133,0.45844561711975573,WLS-HAR-RV (λ=0.05)
26806,0.0003845725843653113,0.3391226720762942,-0.46968664147481526,-0.015464772273996508,0.11765711968086223,WLS-HAR-RV (λ=0.05)
15276,0.000910348882531183,0.35698451414121163,0.33297030318366344,-1.3229342306052478,0.10134486143970411,WLS-HAR-RV (λ=0.05)
27868,0.0006012299082810855,-0.3727384566193803,1.439391115616379,-2.056511446162631,0.20509240496916203,WLS-HAR-RV (λ=0.05)
4158,0.0011156241263672114,-0.09302172030170984,-0.7665339487893901,-2.2617228915242817,0.2966702049725243,WLS-HAR-RV (λ=0.05)
319,0.0012103926873663156,0.31297120553823443,0.3423211417689054,-2.786790955462831,0.13956164227811196,WLS-HAR-RV (λ=0.05)
15341,0.0009298707651435005,0.17322141851993975,0.7461375148660906,-3.449781813585409,0.22708951257400112,WLS-HAR-RV (λ=0.05)
9302,0.000368926718199928,0.6045139981090425,0.1808246922156717,-1.4097736618516084,0.4502318465767192,WLS-HAR-RV (λ=0.05)
32690,0.00021585363863569495,0.011850182831426886,-1.6108636646183416,1.7839868715175202,0.06609497097388783,WLS-HAR-RV (λ=0.05)
6854,0.002112841017283012,0.4044544507813079,0.6155072216460127,-5.602541330165499,0.4415382179547006,WLS-HAR-RV (λ=0.05)
15216,0.0015753470333347425,-0.1431179635843037,-2.766876167259096,0.8982247657977269,0.24404155510093573,WLS-HAR-RV (λ=0.05)
8524,0.0007698590792237165,-0.18531209110841437,1.4637544967018803,-2.680463682240208,0.13308949113427537,WLS-HAR-RV (λ=0.05)
26494,0.0004408643115625839,-0.14296411095764855,-2.4350063636213393,2.4819799353784586,0.27181518125044,WLS-HAR-RV (λ=0.05)
20083,0.0004652367508913495,-0.14572022417067787,1.5781547276847432,-1.803167575522155,0.12054387506065456,WLS-HAR-RV (λ=0.05)
31320,0.0007572679262714103,0.7682077593367915,-0.16367897838631051,-1.418004312320369,0.6658614105460536,WLS-HAR-RV (λ=0.05)
26973,0.0001751448318887354,-0.1264353985746282,0.17233753990550543,0.3495148348997606,0.10287924071401999,WLS-HAR-RV (λ=0.05)
16978,0.0009832552545393069,0.010076470882493622,-0.108135695713234,-1.7500463989435828,0.1280849634054546,WLS-HAR-RV (λ=0.05)
9281,0.0006235691111571053,0.07343121328470244,0.8752672293243245,-2.0024007736885583,0.09905561984195643,WLS-HAR-RV (λ=0.05)
3721,0.0031546284305353665,0.6538866108470694,2.4940359903035967,-9.067511451389947,0.3257088126831824,WLS-HAR-RV (λ=0.05)
11987,0.0008176866395594369,1.0613877067240507,1.485151617680431,-4.5555103550061755,0.34166921655813676,WLS-HAR-RV (λ=0.05)
8426,0.00017205343878874994,-0.32666042823104696,0.36748617847878406,0.5217980878259252,0.07556131591466209,WLS-HAR-RV (λ=0.05)
29149,0.0003227443932873474,0.08634960046458164,0.8132104657688295,-0.7291053074607277,0.16379806062678226,WLS-HAR-RV (λ=0.05)
20644,0.0018696764668242518,-0.0664405722167719,1.7464844263737422,-4.030565541670571,0.22689405679293417,WLS-HAR-RV (λ=0.05)
9846,0.001657786408767663,0.11111376556926512,1.8313789258470825,-3.649454103218929,0.4116442315743707,WLS-HAR-RV (λ=0.05)
24661,0.000713777565381289,-0.16274357798939088,-1.401984151635813,0.7373371770080653,0.32295314793831975,WLS-HAR-RV (λ=0.05)
30023,0.0005296057425775119,0.7734254338458797,0.3156851865574817,-2.210029063453441,0.25879031126812,WLS-HAR-RV (λ=0.05)
26277,0.0006517416405324357,-0.233813584571735,-1.4408605330498798,-0.020348775498947314,0.2773341388596653,WLS-HAR-RV (λ=0.05)
27095,0.000291671236359618,0.0900345800597942,-0.8547399463803287,0.4262505392819737,0.13217820402764824,WLS-HAR-RV (λ=0.05)
3457,0.00020866209953569834,0.6535353454389029,-1.0156651012856894,0.2154303620519436,0.39955268183937565,WLS-HAR-RV (λ=0.05)
8573,0.001665565671501396,0.23300230423378282,2.0340084007064254,-3.721788128579528,0.24714841423218803,WLS-HAR-RV (λ=0.05)
23642,0.001122242708065905,0.39820525052852584,1.0897853170657306,-2.748037004864002,0.389091886253797,WLS-HAR-RV (λ=0.05)
27094,0.0006161576221642127,0.12221927043142654,-2.5450481636110167,1.534464740239091,0.11102677873081179,WLS-HAR-RV (λ=0.05)
20445,0.0006903422539415958,0.3642060019268134,0.7031053818586149,-2.8623923543074676,0.19191001173935485,WLS-HAR-RV (λ=0.05)
3154,0.0007772713496922948,0.536897438654703,0.3141004766504234,-2.4759170161913406,0.14817624536334262,WLS-HAR-RV (λ=0.05)
7200,0.000992839176609559,0.2043384768639866,1.0693254963945087,-2.439252085037475,0.10171980232563427,WLS-HAR-RV (λ=0.05)
18402,0.00028809261460946786,0.0284621025855035,-0.31416889787759195,0.3334475870342673,0.0018722015260532743,WLS-HAR-RV (λ=0.05)
4797,0.0008485940047834677,0.37206334008788894,-1.67775692424736,0.23222579641169494,0.38114598915367315,WLS-HAR-RV (λ=0.05)
26763,0.0013120894000080026,0.24947219437644436,-2.0153337091060886,-0.020695104626625938,0.2601916144555819,WLS-HAR-RV (λ=0.05)
24396,0.0013938954025347664,0.5987351976546631,1.983567647706136,-4.855235642191206,0.3410553612775348,WLS-HAR-RV (λ=0.05)
9190,0.0008876191159920424,0.26558705551883327,0.6669658388157731,-2.8418401254464896,0.13380694541897364,WLS-HAR-RV (λ=0.05)
27168,0.0008443751063543935,0.16865075240117683,0.1958127561760178,-2.42660694184757,0.07203568851253905,WLS-HAR-RV (λ=0.05)
16431,0.000764823273447476,0.17065251763566633,-0.16469510109305086,-1.441191876795613,0.1906057061911659,WLS-HAR-RV (λ=0.05)
2118,0.0007147340697344063,0.2229860883493331,-2.470970619016912,1.4651616140165187,0.30931231554552385,WLS-HAR-RV (λ=0.05)
6693,0.00034167502892335644,0.4911466045876688,0.8558055047493486,-1.4420982425701634,0.2997816921628781,WLS-HAR-RV (λ=0.05)
3804,0.0005456483896096494,-0.13425473393941526,0.1991772832352276,-0.7515619783884897,0.0743533737399873,WLS-HAR-RV (λ=0.05)
26999,0.0019275525504640705,-0.11592461274803884,-0.902779741754244,-1.2074136843907786,0.32226033991679204,WLS-HAR-RV (λ=0.05)
14738,0.0014034532343783625,-0.22709035435021532,1.9469816871635774,-3.6991574666986593,0.19437582483071492,WLS-HAR-RV (λ=0.05)
30940,0.002447020867621722,0.06542768991017087,0.45024106195874536,-4.215359928107528,0.21607741094729438,WLS-HAR-RV (λ=0.05)
1529,0.0008905528283212063,-0.0947774326514931,-1.2450378905849595,0.11417177384336108,0.21254685913502225,WLS-HAR-RV (λ=0.05)
30896,0.0009589521593047913,0.5012805452788502,0.9581175292329074,-3.099150516630355,0.4764165627985888,WLS-HAR-RV (λ=0.05)
17946,0.0015987270554258452,-0.1314530857697409,1.0739920268412133,-3.2195350337183273,0.298200218883507,WLS-HAR-RV (λ=0.05)
30370,0.001125504167307637,-0.3495410541700278,2.5530206760670393,-3.7454735863080626,0.13219821159897338,WLS-HAR-RV (λ=0.05)
18701,0.0004055427616764071,0.04346656148893746,-1.157016722066864,0.9397326077768138,0.10325191613487128,WLS-HAR-RV (λ=0.05)
22907,0.00040562266272797765,0.07889414943073518,-1.1486308521053803,1.007223089479648,0.08086210279389194,WLS-HAR-RV (λ=0.05)
5164,0.0005335222312793288,-0.023899826081402068,1.1443023962558276,-2.4538858310768643,0.04442468124976362,WLS-HAR-RV (λ=0.05)
22780,0.0006737859006371123,-0.0033525285356095064,0.9471294983421418,-1.7242103595242086,0.17334090811940217,WLS-HAR-RV (λ=0.05)
9940,0.0003487911063941366,-0.5274482425259465,2.151704995800963,-1.758179823932394,0.23472915524978977,WLS-HAR-RV (λ=0.05)
16271,0.001043480228164821,0.4091895376731962,1.5106854636068234,-3.4674388018155082,0.2589062404845217,WLS-HAR-RV (λ=0.05)
18848,0.0006432182198389312,0.5161112845703211,0.1830398072785607,-1.2095039513062578,0.32563579702233436,WLS-HAR-RV (λ=0.05)
4905,0.0005346861914516855,0.19529253515895917,-0.9070548020676529,0.0406385681476395,0.10173494848588738,WLS-HAR-RV (λ=0.05)
22759,0.0022019699846228817,0.15386438190256496,0.9289920280200545,-5.496569825038393,0.2577884240869802,WLS-HAR-RV (λ=0.05)
28126,0.0005953637115504708,0.3603490603632005,1.3029652475364064,-2.8984853032587132,0.0774461520865799,WLS-HAR-RV (λ=0.05)
103,0.0014816556823184224,0.560011304799103,1.3014625906591522,-3.0237038211388065,0.4836833066463062,WLS-HAR-RV (λ=0.05)
27799,0.00028770823509261206,-0.05189185465072542,-1.2613059118288545,1.6523162515461833,0.0897615394067347,WLS-HAR-RV (λ=0.05)
11393,0.0021641905822441286,0.18613874829112795,2.877243171682966,-6.172611219305853,0.4373524109574113,WLS-HAR-RV (λ=0.05)
2717,0.0024289126666734435,-0.07826486561140199,1.1125508864713418,-3.0507969818011325,0.26850856438975523,WLS-HAR-RV (λ=0.05)
4388,0.00047874086604926004,0.22010088859775956,0.005344380151621975,-0.7836247640791794,0.04205003256376627,WLS-HAR-RV (λ=0.05)
23144,0.00031817102417141857,0.6605789447957459,-2.9174368135134836,2.6431648970318005,0.42523029064346884,WLS-HAR-RV (λ=0.05)
30341,0.0009105136493897045,0.15950509800787327,0.6834457917560575,-1.9787368423690113,0.22039386367447789,WLS-HAR-RV (λ=0.05)
17971,9.29949175147732e-05,0.14326461959168185,-0.30584583386437425,0.7146290754037564,0.02401163148266905,WLS-HAR-RV (λ=0.05)
22496,0.0006550895943059055,0.23990622661683553,-0.3801404521185558,-0.25880236968694653,0.10923828741223118,WLS-HAR-RV (λ=0.05)
16289,0.0006014226449211594,0.3046943808822722,-0.7187317423395703,0.2092329334468847,0.14769449787642586,WLS-HAR-RV (λ=0.05)
15048,0.0014276328807098534,-0.2961566718400621,0.47767709427791494,-3.396081023339896,0.48961715846067233,WLS-HAR-RV (λ=0.05)
32083,-1.4833803048075857e-05,-0.132792119381084,-1.0035207086090083,2.4488774506862927,0.06336226883505669,WLS-HAR-RV (λ=0.05)
31018,0.0001143655877994666,0.652136307429861,-1.4760337583170793,1.6973841416938995,0.31229180505390963,WLS-HAR-RV (λ=0.05)
20972,0.0008937915852122317,-0.040264636903875856,0.6478076441146494,-1.9117690947734587,0.11657269377201662,WLS-HAR-RV (λ=0.05)
22732,0.0009571333256457126,-0.030514932391340358,0.5740397169759246,-1.5672328742350474,0.06362982328300137,WLS-HAR-RV (λ=0.05)
25312,0.0013454692697109267,0.10013768752030378,-0.7479619291939463,-1.0008266087043909,0.12391209337524112,WLS-HAR-RV (λ=0.05)
27543,0.000196991698364856,0.5221051987946359,0.040823016612796685,0.048767433839245256,0.32817044007494567,WLS-HAR-RV (λ=0.05)
27496,0.001137868675859647,-0.035916056594394535,-0.2544712673084182,-0.7700295292077113,0.14832919728044014,WLS-HAR-RV (λ=0.05)
28267,0.00033159354365500365,0.10327676228139751,-1.1823304937220702,1.528580787734851,0.07961967687545424,WLS-HAR-RV (λ=0.05)
3135,5.1399249422388546e-05,-0.1315031210410265,-4.104445127084452,4.857660485517907,0.47263537102802966,WLS-HAR-RV (λ=0.05)
29793,0.0003641063482499575,-0.1135621550704215,0.9717507770095111,-0.7209478442732036,0.09189105546871001,WLS-HAR-RV (λ=0.05)
17070,0.0028248820416714366,0.617515594358031,3.0511335630636505,-5.244331693597059,0.798320346385576,WLS-HAR-RV (λ=0.05)
26891,0.002646295153625717,0.33742642224679265,4.106241235139967,-11.41036028141603,0.5956674240009225,WLS-HAR-RV (λ=0.05)
18077,0.0018737792565517485,0.5221105045338805,-0.8857932333771426,-1.574828041077835,0.43991353497553887,WLS-HAR-RV (λ=0.05)
6367,0.0010591562857790978,-0.12068857866317825,-1.7978155445022583,0.2865098050881276,0.29788222914366724,WLS-HAR-RV (λ=0.05)
13720,0.0002486600183707183,0.009630421984464036,0.3497404126624625,-0.06519318684555714,0.09998593521702903,WLS-HAR-RV (λ=0.05)
29676,0.0010133323322604228,0.08864119830010964,-1.492049674987375,0.1857334025829538,0.21722040935256848,WLS-HAR-RV (λ=0.05)
26720,0.0004813194623534703,-0.6895587220316073,0.6456251897712927,-0.11473815398402143,0.34137557248841954,WLS-HAR-RV (λ=0.05)
12222,0.0009257953897732626,0.44591035997095974,0.9812577847406421,-2.5586012657460966,0.29894573454407813,WLS-HAR-RV (λ=0.05)
2136,0.0012639706740034326,-0.09560115177313101,2.5070697387921177,-3.754336568674486,0.3107829940232243,WLS-HAR-RV (λ=0.05)
2881,0.0003868359888763098,0.24142549149977455,0.35025951303215597,-0.35509288346518353,0.12299520166057032,WLS-HAR-RV (λ=0.05)
28992,0.002442603660200926,0.6358855382350243,2.139560179663272,-6.45162094640972,0.520168856630786,WLS-HAR-RV (λ=0.05)
23312,-0.0003900142246771128,0.9713356133517944,-6.091390517113058,6.916688619319956,0.35551173927967716,WLS-HAR-RV (λ=0.05)
7212,0.00038893352965333573,0.31867430740920233,-0.12848316186967385,-0.3388998632894028,0.07950605466882266,WLS-HAR-RV (λ=0.05)
24590,0.000582403165299049,0.01869814588037398,0.2109005250005325,-0.844355763056765,0.031893472975986104,WLS-HAR-RV (λ=0.05)
26578,-0.0004884070311656903,-0.7952414443481609,0.0397030013554589,2.451178047527384,0.3179285145659406,WLS-HAR-RV (λ=0.05)
12131,0.0013924224776505937,0.33878309167396337,1.8896785641651215,-4.690350278059469,0.4693149783795014,WLS-HAR-RV (λ=0.05)
31944,0.0016537397903183897,-0.26124639209839484,2.480278133093397,-5.1649677525207744,0.38178072921338113,WLS-HAR-RV (λ=0.05)
24929,0.00039748678231580833,-0.0038860460698086478,3.1046882812760623,-3.549551263396097,0.1398258294652326,WLS-HAR-RV (λ=0.05)
2466,0.00033911821078700375,0.38892201819622657,-0.31721064478541694,0.00829303692878458,0.11175687439362891,WLS-HAR-RV (λ=0.05)
24021,0.0012654962911484526,0.4608294893775341,0.9247070741475946,-2.6493783617277398,0.46685020492464446,WLS-HAR-RV (λ=0.05)
16679,0.001492874958698338,-0.05829138624098051,-0.30363449051376556,-1.8652507462914976,0.15914524001856623,WLS-HAR-RV (λ=0.05)
3694,0.00024909387416439856,-0.7264557119852784,-1.188254879620651,2.251608287348614,0.44494201742920036,WLS-HAR-RV (λ=0.05)
1923,0.0011994807005832311,0.15864070640126834,1.6362396818400509,-3.424830953624043,0.15116982311180338,WLS-HAR-RV (λ=0.05)
9194,0.0016074400693036114,-0.011869189456277148,2.3215228079135914,-4.670380668843002,0.20152068735823891,WLS-HAR-RV (λ=0.05)
23500,0.0035094305180229813,0.43325845008109354,1.710641279359339,-7.6805725480876355,0.5015854218688724,WLS-HAR-RV (λ=0.05)
273,0.0010036366043074212,0.34851903631686076,0.21869814397980425,-3.1405623364031587,0.22317234938557684,WLS-HAR-RV (λ=0.05)
30339,0.0012886670461928632,0.10626881332465338,0.4124773003437509,-1.9075378307660826,0.07634437883893141,WLS-HAR-RV (λ=0.05)
11953,0.000773010876394228,0.3652758373262756,1.1355218063410641,-2.6009187253461175,0.4045558973341069,WLS-HAR-RV (λ=0.05)
16103,0.00039530837769997056,-0.05121813916775209,0.3865411826189369,-0.20228912547600023,0.09773819997193478,WLS-HAR-RV (λ=0.05)
15353,0.0016342647106171804,-0.05783342661658227,-2.156318510565728,-0.4288478610707305,0.4393869389576105,WLS-HAR-RV (λ=0.05)
14928,0.0005279092155012177,-0.009549031706393743,0.06656441874917135,-0.5629473553275829,0.0463466787602651,WLS-HAR-RV (λ=0.05)
18534,0.0006427389029982942,0.4555023446394658,0.05989986111126111,-1.456683201866694,0.2896059220327609,WLS-HAR-RV (λ=0.05)
25569,0.0012684054000319427,0.5308874784642936,-3.35860945525611,0.5162462612194221,0.377366134858251,WLS-HAR-RV (λ=0.05)
12322,0.001916988989698162,0.2821171671361546,-1.009277658660816,-2.0020078188418715,0.5557746899705045,WLS-HAR-RV (λ=0.05)
29871,0.0006338447764682664,0.7422567094593344,0.8531609757282209,-3.4485775264702787,0.4038533666245673,WLS-HAR-RV (λ=0.05)
31595,0.0034292698466002677,0.3598563059414036,-0.10417468698350496,-3.411899167708926,0.27641573447358136,WLS-HAR-RV (λ=0.05)
17378,0.0018131209338486552,-0.30035050576371786,2.6613096623693173,-5.248764715254861,0.2918164530887005,WLS-HAR-RV (λ=0.05)
13822,5.078739702732936e-05,-0.3394803008649705,0.4147190436937863,0.696916557689998,0.1679027377112442,WLS-HAR-RV (λ=0.05)
9583,0.000844687929388024,0.4666674114740842,0.6582225347629764,-1.7601160890611967,0.1706130521249003,WLS-HAR-RV (λ=0.05)
23405,0.0036777886581683805,0.6587268889164045,2.392337198232819,-10.860406137745915,0.645699849118389,WLS-HAR-RV (λ=0.05)
17078,0.0010646931201149987,0.33495488094195874,0.4330960843410676,-3.2167574097520824,0.2498120523045464,WLS-HAR-RV (λ=0.05)
12991,0.00042633098470830924,0.6087965307647373,0.3720606024586998,-1.282742729052987,0.38193615257965996,WLS-HAR-RV (λ=0.05)
16149,0.0011964264041155728,0.4380833446861517,-0.1547686384741339,-2.2359364941459057,0.24757249298785866,WLS-HAR-RV (λ=0.05)
25638,0.004351394162012129,0.2893546015402775,3.5257182900264676,-7.924481319366479,0.3006654645188751,WLS-HAR-RV (λ=0.05)
15746,0.00013579356459047148,-0.3008694445579547,0.18645324926033857,0.8227810437293057,0.08661069051491044,WLS-HAR-RV (λ=0.05)
16374,-0.00020405187338177946,-0.033555564230869875,-4.135645066069995,6.392968899542493,0.23879418109280703,WLS-HAR-RV (λ=0.05)
1359,0.0008290594980872787,-0.1644758756223889,0.3965504416226634,-0.7426881263477431,0.34559392772462505,WLS-HAR-RV (λ=0.05)
17355,0.0005304859652786051,0.10406149197821447,3.0302441582318616,-3.8429942291260133,0.17222040253778992,WLS-HAR-RV (λ=0.05)
23823,0.0010026835825159947,-0.3834871282795169,-0.16236703973220423,-0.7281821048572044,0.34697567037777877,WLS-HAR-RV (λ=0.05)
1380,8.377291869926214e-05,-0.7120945992197096,1.2099258804867448,0.5243868736904463,0.4368229767482149,WLS-HAR-RV (λ=0.05)
30986,0.0005004517822940636,-0.4682184423047407,-0.8244520357033904,1.3453735116218692,0.2793117718264657,WLS-HAR-RV (λ=0.05)
31347,0.0015103182659859321,0.19786969850175937,1.4818058106691825,-3.9554678771137177,0.09534188563182355,WLS-HAR-RV (λ=0.05)
26944,0.0006020720427691109,0.46922185092429897,0.6782472465960689,-1.395773425612815,0.49219477770304754,WLS-HAR-RV (λ=0.05)
2006,0.0010540177974890288,-0.30682916508803626,-0.601275334367815,-1.5074334862527783,0.3510660609902756,WLS-HAR-RV (λ=0.05)
25131,0.0005214109082069089,-0.274725713818744,0.2590299510355337,-0.641517143437404,0.20388521724461706,WLS-HAR-RV (λ=0.05)
17363,0.000773405009888432,0.060777459379447174,-1.6132046936510234,0.7119554539146025,0.20422232540175778,WLS-HAR-RV (λ=0.05)
13567,0.00041315685979218035,0.21762338617837104,-2.182424834828268,2.138601175552277,0.3330776129395657,WLS-HAR-RV (λ=0.05)
6607,0.002538319498141524,0.2909960623005548,0.12431849515711368,-3.494885456714429,0.22534879132190588,WLS-HAR-RV (λ=0.05)
250,0.0008031974079514018,0.13160500169661563,-3.6677848339618024,2.485916722986955,0.4326360926572522,WLS-HAR-RV (λ=0.05)
20127,0.0006381724531096085,-0.17085876356703683,-1.005228262758072,0.5111722671626305,0.16650390229242407,WLS-HAR-RV (λ=0.05)
13010,0.00028568801123727444,0.3694455394863051,0.09248561178196474,-0.05643454309767253,0.23104060794165582,WLS-HAR-RV (λ=0.05)
15280,0.0009387717712728216,0.16969620543360472,0.15566310098633995,-2.030346369060459,0.10098157500357108,WLS-HAR-RV (λ=0.05)
18129,0.0009666166270524627,-0.18965757697557534,-2.8224377508445673,2.152438778419233,0.37872205636221834,WLS-HAR-RV (λ=0.05)
23274,0.00025111442117304065,-0.08514488033474664,1.156011630503134,-0.684445687692165,0.18681037140308698,WLS-HAR-RV (λ=0.05)
618,0.0005526020971591601,0.060901545105230374,-0.6987951651576256,0.5262737359597718,0.04999495702395251,WLS-HAR-RV (λ=0.05)
1890,0.0008458585166725728,0.6637393459831149,0.4899177089375037,-1.6809951054091394,0.5108044222772146,WLS-HAR-RV (λ=0.05)
23337,0.0008863621396566562,-0.1151888555370632,1.4736369825866076,-3.2086862522402892,0.16822136234188145,WLS-HAR-RV (λ=0.05)
1551,0.0017039335626147201,0.08501798853135618,0.023479815404189752,-2.1165767663933868,0.21315841004291802,WLS-HAR-RV (λ=0.05)
31306,0.0008118780357603946,-0.09362129802358117,2.4284015784175277,-3.430243817998691,0.18494155491309106,WLS-HAR-RV (λ=0.05)
20581,0.0011506010521428612,-0.05366889020990938,0.5692857288001353,-1.721018318759274,0.09121110316031056,WLS-HAR-RV (λ=0.05)
28635,0.0016177106263674662,-0.5378497579481164,1.3908437064534054,-2.553084741177534,0.1622480747827968,WLS-HAR-RV (λ=0.05)
22081,0.0015707127284393324,0.07399607755320194,0.5202400610471413,-1.8404670760395683,0.06241033749568692,WLS-HAR-RV (λ=0.05)
13207,0.0010059148511388132,0.4099612541289573,0.8212672706270677,-1.811805734542408,0.2065690514266426,WLS-HAR-RV (λ=0.05)
19528,0.0004484608061395692,0.07959630588863367,-0.3510801886608506,-0.03382313231069639,0.02194894825679139,WLS-HAR-RV (λ=0.05)
30803,0.0016185762160807787,0.2808575174076714,0.5376866115952377,-2.4535786577207555,0.31514334252573706,WLS-HAR-RV (λ=0.05)
31193,0.0009838901096207975,0.2561523482146345,0.9486271244509319,-2.4102310434726424,0.11137058899267216,WLS-HAR-RV (λ=0.05)
11981,0.0006090587529212852,-0.4368563614261449,-0.3820888094595572,-0.03940418320948488,0.27418984109752476,WLS-HAR-RV (λ=0.05)
22922,0.0003131992538134468,0.05133947501928222,-2.383110708925105,2.0260462484630497,0.25907328748054825,WLS-HAR-RV (λ=0.05)
16320,0.0014787622266097386,0.0005599995576166954,2.1979073328738954,-4.413359330150316,0.1895328710796942,WLS-HAR-RV (λ=0.05)
6065,0.00029998954193425113,0.3963019249243518,-0.3706838632321443,-0.024809341208570868,0.15968080729217005,WLS-HAR-RV (λ=0.05)
14279,0.0010646734296440353,0.3638789224548138,1.4211385184280543,-3.9194555333988825,0.27963398258278993,WLS-HAR-RV (λ=0.05)
10672,0.0023381429090140733,0.4877684873408398,-1.2569904619332137,-2.127156349805392,0.23819068901832197,WLS-HAR-RV (λ=0.05)
19509,0.0007576275221164715,0.10302938079215414,1.3959978153275183,-1.9553988174927646,0.17200900877090475,WLS-HAR-RV (λ=0.05)
20326,0.002092081592796743,0.42109415342160206,1.4953233685245606,-7.06349205580144,0.5324539511327704,WLS-HAR-RV (λ=0.05)
12704,0.0011152383137708294,0.16761157273970323,1.697153738821143,-3.130614481443718,0.24025555471506643,WLS-HAR-RV (λ=0.05)
13602,-7.868696791841204e-05,-0.6452280544904304,-1.2013208127118624,3.491194064639025,0.2721287882847673,WLS-HAR-RV (λ=0.05)
17491,0.0003063146915343399,-0.16686285082201519,-1.961338068434473,2.2455638858470053,0.2117951355315838,WLS-HAR-RV (λ=0.05)
15035,0.0006757373531674824,-0.523053745065669,0.6189579979549173,-0.756479681303465,0.26670948604962597,WLS-HAR-RV (λ=0.05)
23427,0.001029814228717796,0.23067044454543226,-0.10337647725149707,-0.5706281541875459,0.06287645029145583,WLS-HAR-RV (λ=0.05)
21329,0.0010894839508959037,0.24189527283392923,-0.5528319462022735,-0.5108056086378809,0.20921996081231187,WLS-HAR-RV (λ=0.05)
4714,0.00069526956044314,-0.1635081979733107,2.353004629473019,-2.887920172721651,0.1985596563529589,WLS-HAR-RV (λ=0.05)
10689,0.0004925237819795071,0.46701227004150686,-2.0796799798104373,1.32180286754068,0.17348295088200216,WLS-HAR-RV (λ=0.05)
13579,0.0023505513118279664,0.2018979110916751,2.221496476699839,-5.816515688868083,0.33619013436082057,WLS-HAR-RV (λ=0.05)
17109,0.0016932412818167074,0.4973324706777907,0.6281673617284458,-3.3300367063859824,0.46819122636859856,WLS-HAR-RV (λ=0.05)
11904,0.0003774895406897317,-0.0738442680305859,0.9838521406808455,-0.8496949543905805,0.045121468170832735,WLS-HAR-RV (λ=0.05)
30013,0.0013055662855653055,0.0327949600265193,2.396526440409086,-5.248876683386603,0.23427182280552528,WLS-HAR-RV (λ=0.05)
10291,0.0006113297743895992,0.43522117620485207,1.3370245091563329,-2.2118822525774906,0.2859654129920365,WLS-HAR-RV (λ=0.05)
26400,0.0008558748149391449,-0.07506631492338939,-2.1159284578829043,0.7749491126289151,0.2771145047846483,WLS-HAR-RV (λ=0.05)
30908,0.0025049712185469153,-0.03496759074634615,2.0653782472666866,-4.8533768295678605,0.3079268148852077,WLS-HAR-RV (λ=0.05)
19489,0.0008670390333315576,0.33243276153362117,1.2431509032070374,-2.285430594814524,0.2570652956949995,WLS-HAR-RV (λ=0.05)
20782,0.0007326838222634652,0.3738611851057611,0.9606824370671976,-2.4823779731718365,0.10046083625359115,WLS-HAR-RV (λ=0.05)
6823,0.0012675269660665238,-0.22903442738026383,0.4817861925678578,-2.149399807326748,0.2597105975138593,WLS-HAR-RV (λ=0.05)
26886,0.0010094308393079204,0.100181581235847,1.2298262745268769,-1.8411614260760283,0.02459454353321533,WLS-HAR-RV (λ=0.05)
22635,0.0020211316271458056,0.21373531131991338,2.4838322696997697,-6.177158436008769,0.3018642541120228,WLS-HAR-RV (λ=0.05)
23639,0.0008196626311774062,0.3106917109431254,2.1503265168411594,-3.05380243473388,0.11080390956821717,WLS-HAR-RV (λ=0.05)
6568,0.000552961206185969,-0.5055439629614886,0.9510013272197371,-0.40309483427281334,0.2792713565098295,WLS-HAR-RV (λ=0.05)
5666,0.00011558869917233593,0.4259346426777593,-2.305249514855313,2.766642791619303,0.5504912487593717,WLS-HAR-RV (λ=0.05)
17305,0.0013250598039841537,0.15756416148453758,-0.2727904963879999,-2.6882529580339427,0.23197754346144006,WLS-HAR-RV (λ=0.05)
27810,0.0002646146800999244,0.23684080370957852,-0.9450725713262128,0.7572458134677428,0.04811581213649463,WLS-HAR-RV (λ=0.05)
29746,0.0004824180340602526,0.6660927953815895,0.8539515930865902,-1.6687008596773552,0.3354658806782669,WLS-HAR-RV (λ=0.05)
15173,0.00126408437121763,0.5747007135191888,-0.41967764110991923,-1.4844297254052758,0.3397003152168747,WLS-HAR-RV (λ=0.05)
27890,0.00106166953946265,-0.18288854332519242,-1.4427629877539163,0.23136177948271863,0.2671696431960936,WLS-HAR-RV (λ=0.05)
3318,0.0009307834173644545,0.3905276052106232,1.374655499420137,-2.9347816611903665,0.3329232806414332,WLS-HAR-RV (λ=0.05)
20790,0.00023860842315984307,-0.2687092946299616,0.09534087047677411,0.22814323470902076,0.055029462497034554,WLS-HAR-RV (λ=0.05)
12521,0.001082439569982684,-0.21667904970435162,-1.3361304948847317,0.5421047391603719,0.2611491321340901,WLS-HAR-RV (λ=0.05)
21116,0.0007543594724096056,0.39687484465296746,-0.7990407184669985,0.42309845377588745,0.18645275705530162,WLS-HAR-RV (λ=0.05)
11722,0.0009508750235344349,0.23043047162796967,1.81467751805231,-4.198766543312751,0.28357378374163855,WLS-HAR-RV (λ=0.05)
5046,0.0003098058138631957,-0.3840068820495831,-0.5119023149976212,1.0216024838292657,0.13101731497857894,WLS-HAR-RV (λ=0.05)
15063,0.0012537573311646858,-0.04920758116068318,-1.0244686910567216,-0.6686705696162303,0.24328196871999752,WLS-HAR-RV (λ=0.05)
12537,0.0005268584354762955,-0.2581301287449949,0.2280879501002481,0.03552901373757886,0.05440507331364186,WLS-HAR-RV (λ=0.05)
4302,-0.0003996392248809612,-0.17206806654316745,-2.189165718096396,3.9501284056009345,0.16409956893443023,WLS-HAR-RV (λ=0.05)
22501,0.0010162941397016496,-0.058122848861165,0.3985879019058033,-1.4736650258786046,0.05592369817173071,WLS-HAR-RV (λ=0.05)
1658,0.0002785472252254265,-0.24878119618328917,-0.015099167976677264,0.5567534255101108,0.06888406971985117,WLS-HAR-RV (λ=0.05)
25687,0.000827007107646739,-0.34904198924948876,2.7452635292538,-3.2098217911881504,0.30477641431124625,WLS-HAR-RV (λ=0.05)
8938,0.0021598560623497915,-0.5795857975779758,5.973140444710943,-8.04021716663591,0.7058524749475816,WLS-HAR-RV (λ=0.05)
1242,0.0019216005679013903,0.30947685764667315,2.673724177211235,-4.88540620284008,0.491426924169181,WLS-HAR-RV (λ=0.05)
29590,0.0008060004597073575,-0.10307673984274043,0.8309285177437441,-1.9926607807323844,0.16103611569366527,WLS-HAR-RV (λ=0.05)
8117,0.0005628419598991817,-0.12674903898086134,0.5927853382151834,-1.5229111932973245,0.11030150134303929,WLS-HAR-RV (λ=0.05)
1142,0.0007052545688384104,0.4039508789464182,-0.02287175484556092,-1.451653609584798,0.1986167663890992,WLS-HAR-RV (λ=0.05)
17265,0.0035773388919173835,0.6214740582521515,1.9933884073954244,-6.452154516904378,0.4357842748605658,WLS-HAR-RV (λ=0.05)
29828,0.0003048456110949195,0.3386259519123844,-0.17944507562947484,0.12412700763320977,0.09988560609288999,WLS-HAR-RV (λ=0.05)
28186,6.958655404848483e-05,-0.17093519941600488,-0.6626374352343328,1.5237999901422234,0.04955320029026289,WLS-HAR-RV (λ=0.05)
17398,0.0001611407519772044,-0.2076732178307915,0.018322105698965363,0.7422726816926558,0.03505671486327466,WLS-HAR-RV (λ=0.05)
9988,0.00022520850616893323,-0.2640907777929668,2.2855573256124946,-1.515792555370632,0.42675779306822403,WLS-HAR-RV (λ=0.05)
31156,0.0010253074927481947,0.23968119745368158,1.0202835718084882,-2.7613411700042265,0.29562407932583845,WLS-HAR-RV (λ=0.05)
22899,0.0009878379538275877,0.27922245848493316,0.598586166330298,-1.353842179507203,0.1852503331677744,WLS-HAR-RV (λ=0.05)
24473,0.0006893682558451577,-0.33283674616874687,-0.3548794942794583,0.13415045131753398,0.18266764989007866,WLS-HAR-RV (λ=0.05)
30624,0.0008838492045455434,0.3352827318607124,-1.073572512764362,0.0028577794254646127,0.24886453833607602,WLS-HAR-RV (λ=0.05)
22750,0.0007250452156541836,-0.18784974603344926,1.1896314472498197,-1.3906299503346469,0.06324057801965899,WLS-HAR-RV (λ=0.05)
7883,0.0007703910028891937,0.24035801104749213,-0.2239601369309503,-0.6524617403969666,0.1234371364665443,WLS-HAR-RV (λ=0.05)
24073,0.0008865103437641338,0.7961954408822882,-0.28011421235806166,-1.4530150996464173,0.4870334431249137,WLS-HAR-RV (λ=0.05)
16304,0.0006643794672986487,0.2644421324700217,0.11725566097419016,-1.3255141906963528,0.1347472705135775,WLS-HAR-RV (λ=0.05)
17762,0.002409630568894424,-0.06159092981230257,1.8435436552825988,-5.847854847466586,0.31040626233125224,WLS-HAR-RV (λ=0.05)
13791,0.0013889840895559438,0.17884624378592567,1.3072080124460452,-2.6987988109437357,0.11568746453330936,WLS-HAR-RV (λ=0.05)
24817,0.0005265375483289289,0.09810099346539344,1.2763274890168872,-1.405271477088085,0.25222711501609607,WLS-HAR-RV (λ=0.05)
16556,0.0009495032186084024,0.6784013529688014,-0.23645628904357097,-0.5848540721306983,0.4164603435120652,WLS-HAR-RV (λ=0.05)
12523,0.0007677713152540928,0.43534241228551585,0.5914947308408899,-1.2044533556476567,0.4094446417914215,WLS-HAR-RV (λ=0.05)
13586,0.0006347555093504573,-0.134148259072967,-1.143339583836965,0.23752998823444937,0.1801924468906403,WLS-HAR-RV (λ=0.05)
746,0.001238009886712933,-0.24114328389899137,0.7913228745578822,-2.11980260819887,0.14518564137304668,WLS-HAR-RV (λ=0.05)
20410,0.001116244476897705,-0.36920716926606345,1.2949134835007476,-2.036350721607449,0.17333247679241703,WLS-HAR-RV (λ=0.05)
21990,0.0012753617261329355,0.3999057669345087,2.2327399723938446,-3.5526331451173347,0.39350539980682187,WLS-HAR-RV (λ=0.05)
11325,0.000971317330818351,-0.39534777478491645,1.2548844852173162,-2.374149423581897,0.19961377514507084,WLS-HAR-RV (λ=0.05)
18072,0.0016774379099878313,-0.09573406772590089,2.8710026056734472,-5.431094791619386,0.3335193474506797,WLS-HAR-RV (λ=0.05)
26905,0.0001658978596140286,-0.13826266671416498,-0.142584178098781,1.1828427127447148,0.14541775107327137,WLS-HAR-RV (λ=0.05)
29226,0.00012807291295276592,-0.27772583434198833,0.4609729328109087,0.4681346886712999,0.16902507332598227,WLS-HAR-RV (λ=0.05)
2102,0.00071575321706675,0.00079710584734718,3.9353689393373243,-4.883029073101891,0.4851523839800438,WLS-HAR-RV (λ=0.05)
6613,0.0004938716472251745,-0.12067149962238397,0.39912407201884853,-0.6424928759604873,0.02706339074531905,WLS-HAR-RV (λ=0.05)
18498,-0.0014140024712064503,-0.32115241185377347,-3.7807029418442224,6.410687494707599,0.6283748112563399,WLS-HAR-RV (λ=0.05)
62,0.0002501489669906879,-0.49649787713227733,0.30213122142829923,0.22708138778829912,0.20813557495305746,WLS-HAR-RV (λ=0.05)
21647,0.0007612949184868254,0.27238601082298314,-2.413934030048648,1.6846977131150345,0.21385892296513387,WLS-HAR-RV (λ=0.05)
17955,0.0029050287131554445,0.1878769240825363,3.3745504130702386,-8.028101179484704,0.5259340520951802,WLS-HAR-RV (λ=0.05)
7653,0.00020021749282042323,-0.3551512740804595,-0.7480410704630814,1.369709322676969,0.13832636323417813,WLS-HAR-RV (λ=0.05)
20796,-4.811041147474899e-05,0.34478251793101633,0.34153949563860003,0.2979717363291795,0.3744701459877653,WLS-HAR-RV (λ=0.05)
20900,0.0007560882820963862,0.28223897811166326,0.49395200522722177,-1.9009277323576146,0.12076057264055828,WLS-HAR-RV (λ=0.05)
24754,0.0013946848879738093,0.05486521475195778,3.6367070819807976,-6.14933462183731,0.4177095862163913,WLS-HAR-RV (λ=0.05)
29150,0.0009816772104682594,0.08679471975303808,0.36939013510123675,-1.4467721271897427,0.08248792082812695,WLS-HAR-RV (λ=0.05)
23028,0.00034285425282913596,0.37867228713440915,-0.8245133551559101,0.7515635685294102,0.21571985061587817,WLS-HAR-RV (λ=0.05)
9243,0.00042582953203882203,0.31299631319605975,-0.8243596342886519,0.48641557653903017,0.09530925796586398,WLS-HAR-RV (λ=0.05)
31242,0.0011837176836679165,0.16807066969270304,0.23534457881287785,-2.135352095526025,0.10509516177081135,WLS-HAR-RV (λ=0.05)
13614,0.00036402252048559,-0.027876277073531228,0.9004122626749694,-0.4161791600474205,0.2094665361414485,WLS-HAR-RV (λ=0.05)
4695,0.0020173169484830754,-0.14475935924985536,2.8529805863311832,-7.523889621596365,0.20308280438290438,WLS-HAR-RV (λ=0.05)
646,0.0011580020157776687,0.46902738555141615,-2.2905841830887588,-0.2591093767111736,0.4782745966816515,WLS-HAR-RV (λ=0.05)
6906,0.0011217397704711299,0.2915916587475773,-1.3459726942647938,0.270520671571301,0.2779669681954008,WLS-HAR-RV (λ=0.05)
3001,0.0010488283003426586,-0.1543815854366491,-0.9680280673080199,0.7393449964748896,0.13100599070242125,WLS-HAR-RV (λ=0.05)
10113,0.0004637394057959074,0.6110056927335601,-0.054206920129280356,-0.7708076390052565,0.2819129874759162,WLS-HAR-RV (λ=0.05)
19265,0.0011309946814419551,0.18509006794478167,0.7379920448987112,-1.3810722340450106,0.10695431270108824,WLS-HAR-RV (λ=0.05)
2366,0.0022472577667922446,0.0033034117496518,-1.8109043310516686,-1.554871562330201,0.4033565681128104,WLS-HAR-RV (λ=0.05)
17120,0.00073435562405752,0.32391105718433744,0.12657177185138746,-0.5787149391292115,0.14792996583407547,WLS-HAR-RV (λ=0.05)
17570,0.001275406227220921,-0.5249324002358718,-0.0912544265176281,-0.130576953913996,0.32198050256447464,WLS-HAR-RV (λ=0.05)
3552,0.0007055305529499139,0.02743670193415321,0.11552377915229439,-1.4050800557221275,0.1303741964261228,WLS-HAR-RV (λ=0.05)
32452,0.0018569197428027965,-0.1218687727226113,2.282167192271685,-5.517827437712947,0.29788120708472776,WLS-HAR-RV (λ=0.05)
30471,0.0013631767240186877,-0.4189732913496226,0.7467986569523198,-1.6538521750780137,0.2346020140658336,WLS-HAR-RV (λ=0.05)
7897,0.001003248313545595,-0.17570176187116035,1.6410709421850391,-2.729750094077737,0.08845704803346821,WLS-HAR-RV (λ=0.05)
12352,0.00034608367749236436,-0.17330437896571485,-1.6816285485837443,2.186869767507112,0.15184142254510713,WLS-HAR-RV (λ=0.05)
12533,0.0016152236912552738,0.697304350716573,-0.21226802379983578,-2.6627704282366893,0.3559954511641289,WLS-HAR-RV (λ=0.05)
30250,0.0010315023416554098,-0.22618771138806995,3.244001533264828,-3.6708547790912203,0.3656410210543488,WLS-HAR-RV (λ=0.05)
22331,0.0004864056487186094,0.7298262126719984,-2.665999577248587,2.1067593628483743,0.5760760628042545,WLS-HAR-RV (λ=0.05)
16488,0.0002675854921882534,-0.1628482364741662,-1.7738793333039093,2.186466220155043,0.260435079384167,WLS-HAR-RV (λ=0.05)
11449,0.0007427341240898185,0.10243663697172724,0.3452831226763654,-1.2651954241170078,0.010214501807026766,WLS-HAR-RV (λ=0.05)
19072,0.0018684392160593479,0.2374554950363941,0.17533080628450548,-2.375141329804333,0.22727504554791655,WLS-HAR-RV (λ=0.05)
14054,0.002754599590931236,0.36212077012987137,0.4732580209014978,-5.511374489878355,0.3850990442530404,WLS-HAR-RV (λ=0.05)
10987,0.0024141994453438106,0.38456946411390186,4.150252702843663,-8.237857802719097,0.28587631632464905,WLS-HAR-RV (λ=0.05)
5063,0.0005824025919777388,0.0038430566534535795,0.7074941161279438,-1.2414149460295025,0.011633161519166046,WLS-HAR-RV (λ=0.05)
15186,0.00044116371688342757,0.3269131873165696,-0.5531013987940689,0.44293822939919203,0.0760507166118296,WLS-HAR-RV (λ=0.05)
21834,0.0006997571223312979,0.27845961147362175,-1.8032371532926648,0.31539829948079656,0.284804346682175,WLS-HAR-RV (λ=0.05)
20858,0.0004020178243573537,-0.12807834594689532,-0.20603467402927614,0.11165318772202333,0.018966977773404836,WLS-HAR-RV (λ=0.05)
9352,0.0013198595727502795,-0.32658826610341385,0.6348479580863556,-1.566691191841267,0.23209829453830322,WLS-HAR-RV (λ=0.05)
26788,0.000930002852266587,-0.31516280419286735,0.9389369144822237,-1.1264948666157624,0.12013678028154551,WLS-HAR-RV (λ=0.05)
24707,0.001146127425888068,0.2511955287449863,1.763944285836737,-3.4055423663436395,0.4528327768201571,WLS-HAR-RV (λ=0.05)
29761,0.0007041143873657337,0.2770545828123569,1.1869958173204602,-2.1332980475971395,0.18042136139956588,WLS-HAR-RV (λ=0.05)
26222,0.0011899753874637044,0.6504105594065585,1.029867941986379,-2.8179219666917334,0.48112505099728453,WLS-HAR-RV (λ=0.05)
30569,0.0022904505851833717,0.5944342782884054,0.52954497938095,-3.037820623118661,0.4263222301002666,WLS-HAR-RV (λ=0.05)
2196,0.0003433624598652883,0.3397820221976851,-2.617797492920364,2.380089422674586,0.33694906200381725,WLS-HAR-RV (λ=0.05)
5444,0.0022534329555961756,0.3755685659257588,-0.048408640544965076,-2.805294076352227,0.27069778996430116,WLS-HAR-RV (λ=0.05)
5480,0.00010064141990392793,-0.17286362203609196,-1.2714229682401965,2.0932118184506208,0.09756672947189848,WLS-HAR-RV (λ=0.05)
18653,0.0002501441913117592,0.16527876824294155,-2.759161989528607,3.0826783997092555,0.2798618539588166,WLS-HAR-RV (λ=0.05)
11007,0.0002374959791559803,-0.08065757374287467,0.6660734603008661,0.07681466489970437,0.1558531960135947,WLS-HAR-RV (λ=0.05)
26091,-0.00011159514304156007,-0.3788433420202574,-1.9275676566216609,3.1910008071407203,0.10368981957802059,WLS-HAR-RV (λ=0.05)
16192,0.0010409083538309156,0.5373832125744207,-1.071664545379108,-1.113952685945,0.28607292270722406,WLS-HAR-RV (λ=0.05)
31627,0.0008808382984124843,-0.42111067254433,2.0159293005826977,-3.366533023719635,0.2078871485092978,WLS-HAR-RV (λ=0.05)
30272,0.004021426833436722,0.2616600195921353,0.635511783726435,-5.732042059268306,0.3812007198427124,WLS-HAR-RV (λ=0.05)
25971,0.0012858244533798572,-0.07248568796619917,1.269182418256083,-2.588768967898525,0.20850973510219584,WLS-HAR-RV (λ=0.05)
10421,0.0008829594210530564,-0.04398865872267014,0.44682377861455125,-2.4182760133758086,0.13017538681020036,WLS-HAR-RV (λ=0.05)
27162,0.0010472415591855464,-0.47353656857256354,2.079469372191656,-2.9407860281950295,0.15523579722727832,WLS-HAR-RV (λ=0.05)
13350,0.0027974911629509496,0.31395575647676816,0.274489904959885,-3.2001466046806186,0.23105084748158644,WLS-HAR-RV (λ=0.05)
23217,0.0018052427499482234,0.0033653032794080905,1.914518701733941,-3.9667341158446847,0.11443378174611762,WLS-HAR-RV (λ=0.05)
1841,0.00044970491943626176,-0.28172415223455616,2.2144179752471005,-2.0908930812128963,0.12673247068837645,WLS-HAR-RV (λ=0.05)
2525,0.0021575157825943106,-0.1308158861724647,2.9697903125878713,-7.366106151737739,0.18691424613264385,WLS-HAR-RV (λ=0.05)
3033,0.00010258284015483794,-0.06401651119960765,-2.017727821597193,2.61060832391105,0.0609331689354311,WLS-HAR-RV (λ=0.05)
26771,0.00041825197910582627,0.022212742580254536,-1.1482960680325098,0.8401812176799374,0.06757753139985057,WLS-HAR-RV (λ=0.05)
29842,0.0009769287794536192,-0.22454543048548442,3.1877934992662165,-4.0804986770108425,0.21111306635994487,WLS-HAR-RV (λ=0.05)
14326,0.0009983563816397614,0.5094651083229564,1.8718806305333122,-4.336230638731172,0.24002261421129512,WLS-HAR-RV (λ=0.05)
32175,0.0003539032267616284,0.09856167188327655,0.3771855111060021,-0.19625156154471698,0.11363767594070595,WLS-HAR-RV (λ=0.05)
2643,0.0007647233294646027,0.03673780813374288,-0.5396755447042644,0.37760334410134744,0.01793992997773919,WLS-HAR-RV (λ=0.05)
16404,0.0015928273633179007,-0.2121876195606779,1.336913914723222,-2.6373267773189597,0.269992545058341,WLS-HAR-RV (λ=0.05)
15271,0.0010762699481091063,-0.008283495152227692,-2.3033024009999505,1.1363011564724956,0.24872845827888967,WLS-HAR-RV (λ=0.05)
27622,0.001002625571691389,0.5723888364602386,1.703790155148945,-4.027628552361221,0.4699508021055313,WLS-HAR-RV (λ=0.05)
17034,0.0024596525802274205,0.10807297526457138,2.5233420320505666,-4.5511102640516805,0.1726909315977866,WLS-HAR-RV (λ=0.05)
1149,0.0005930618454260402,0.1645185589966588,1.243725987756957,-2.1278025582503517,0.13105287106813857,WLS-HAR-RV (λ=0.05)
6941,0.000670196822623539,-0.1806322756994099,-0.3093781298909827,0.4193150981523293,0.04145418355408814,WLS-HAR-RV (λ=0.05)
16811,-0.00030961252823461384,-0.34223056692470216,-0.829665703688401,2.7660211618252757,0.13154971889689782,WLS-HAR-RV (λ=0.05)
11718,0.000702572627756278,0.10452169920037248,0.7591378990053166,-1.330735793787005,0.165842849614794,WLS-HAR-RV (λ=0.05)
2010,0.000843098429054134,-0.10588060914673621,-0.5228473486770353,0.10257359318647363,0.06910124900794123,WLS-HAR-RV (λ=0.05)
11248,0.0006135304893803654,0.04427516926059375,1.0294998375433404,-1.5180913057949312,0.05988189837991609,WLS-HAR-RV (λ=0.05)
14886,0.0006609609443883203,0.10824812883588335,-0.568592791046177,0.025737809434245473,0.04840011503625363,WLS-HAR-RV (λ=0.05)
4414,0.00044518204596997015,0.3392139140755712,-0.39215497035250185,-0.2187822409075558,0.1387589082816234,WLS-HAR-RV (λ=0.05)
2803,0.002023571296419683,0.10661417963265547,0.871235454415914,-4.699017539533475,0.2914961143325234,WLS-HAR-RV (λ=0.05)
11351,0.0003219088703971782,0.2467437042845615,0.9432032131446048,-1.215978509820438,0.2399118031965427,WLS-HAR-RV (λ=0.05)
20945,-0.0002987586008146153,0.2584089250435091,-1.6888802983479696,2.845260485378318,0.12997608559826035,WLS-HAR-RV (λ=0.05)
26388,0.0004863342247760394,-0.09970836768643412,-0.8355878389077771,0.08603260436702742,0.09879080381056426,WLS-HAR-RV (λ=0.05)
15516,0.0008108883043215589,0.3143117939250063,-2.359594533746052,0.5297286353525443,0.22228785521204675,WLS-HAR-RV (λ=0.05)
30376,0.0008213665484307698,-0.10663340314494689,0.48937741899111137,-1.091135757647224,0.06333310121455882,WLS-HAR-RV (λ=0.05)
22824,-0.00014965958503720278,-0.035830446475286395,-1.2735866363532944,2.385757339852234,0.1618713947142365,WLS-HAR-RV (λ=0.05)
24497,0.0001563876657760523,0.07061989564288813,-0.6631425342537449,1.3607737731688436,0.059579882373342774,WLS-HAR-RV (λ=0.05)
23170,4.1325669766300406e-05,0.03325821013160293,-0.9730739395771619,1.695539260757624,0.09727408284882721,WLS-HAR-RV (λ=0.05)
18142,0.0007912292364954676,0.6700155348902079,-0.013606845836375503,-1.0493703750327144,0.4150114215337203,WLS-HAR-RV (λ=0.05)
17903,0.000698811720171496,0.30793513076646584,0.2574791244730406,-0.8258743496257984,0.09808684390328015,WLS-HAR-RV (λ=0.05)
16649,0.0021444147874614826,0.06334866267749759,-1.420827712204538,-1.3796504059630066,0.24184556599106444,WLS-HAR-RV (λ=0.05)
2683,0.0014870487289324625,0.3546224315705117,0.5210870078875967,-1.6798652764197746,0.23667789053815846,WLS-HAR-RV (λ=0.05)
19281,0.000978705879756922,0.09416308694922694,1.9704708646137523,-4.1669312332296995,0.4105154817614264,WLS-HAR-RV (λ=0.05)
5609,0.0009789661903900665,-0.012331462290119688,-1.1572631221888123,0.21176888396440785,0.1208644449409143,WLS-HAR-RV (λ=0.05)
17058,0.001065462554777232,-0.09676206533645877,-0.024888643680509026,-0.9903677025965607,0.24562365090862526,WLS-HAR-RV (λ=0.05)
7133,9.094892328117762e-05,-0.16558406733410896,-1.1574293032002247,1.8524778655541865,0.1550220213645921,WLS-HAR-RV (λ=0.05)
14629,0.0015935578703056758,0.17518321310950358,2.2379217665248663,-3.6793482075937467,0.25996578950321936,WLS-HAR-RV (λ=0.05)
24085,0.0015610166193148131,0.23774881418598565,-0.14669727422578682,-2.293050440949286,0.34159410074119734,WLS-HAR-RV (λ=0.05)
20323,0.0020694058056460575,0.3033541790733292,-0.7545597766989818,-2.0458918330455838,0.22198113532368102,WLS-HAR-RV (λ=0.05)
2657,0.0006615030371780338,0.6634363813216251,1.182692057920008,-3.050540571023504,0.36519251102824957,WLS-HAR-RV (λ=0.05)
22749,0.0003622950683878985,-0.576427699485745,2.7889292922222815,-2.119271138823634,0.3065190693443177,WLS-HAR-RV (λ=0.05)
169,0.000523783162744314,-0.27978533245490234,-0.021658161101575563,0.3479277524457895,0.07133696182118732,WLS-HAR-RV (λ=0.05)
25474,0.0011523242588178952,-0.22574727244469872,3.232762782679467,-5.075712771535219,0.15748704079944698,WLS-HAR-RV (λ=0.05)
2545,0.0005034593684680546,0.10423776045903296,-1.313048198168029,1.2263857299045569,0.10823887240088959,WLS-HAR-RV (λ=0.05)
31572,0.0006525479327811938,0.11353229241541452,-0.08045292495942012,0.015813902804449796,0.011228735133873458,WLS-HAR-RV (λ=0.05)
28217,0.0006622016939276101,0.3940275327489982,-1.896462567819322,0.5368662453712365,0.2696716290310023,WLS-HAR-RV (λ=0.05)
23637,0.002564220984393555,0.4310431468013203,0.00035092252252066913,-2.992686099574934,0.31121363940039126,WLS-HAR-RV (λ=0.05)
26607,0.00027416636737694316,-0.4034669156326725,-0.9464301873780113,1.379079022294155,0.20389192081650254,WLS-HAR-RV (λ=0.05)
6076,0.0018649014291819879,0.13066382063646295,2.0300458149321536,-5.469716124825005,0.13166582088825673,WLS-HAR-RV (λ=0.05)
9822,-0.0003022723976218281,-0.6157291450595991,-1.5386139868788942,3.6062681944495525,0.23594499902317567,WLS-HAR-RV (λ=0.05)
12021,0.00040051535408524804,0.3383572082463106,-1.1985704161028612,0.49037194650113425,0.22815758723997537,WLS-HAR-RV (λ=0.05)
11152,0.00038649163248344115,-0.0522208228869155,-0.6057700193519667,0.31391708443236893,0.053854111042760056,WLS-HAR-RV (λ=0.05)
21364,0.0007701548733853338,-0.34862251116936066,3.0424930090683646,-3.960381780753671,0.33898965289063254,WLS-HAR-RV (λ=0.05)
4219,0.001897177752296406,0.24026352897738795,1.8863547846132074,-4.642977301236929,0.2533946344631397,WLS-HAR-RV (λ=0.05)
17617,-0.0002691639395458893,0.5960597877291467,-0.259268411763104,0.9475184770503315,0.43519038893768247,WLS-HAR-RV (λ=0.05)
20953,0.0005172183190102871,-0.11480752463432321,-0.41975322203574783,0.09224266446499829,0.05445296827071455,WLS-HAR-RV (λ=0.05)
7367,0.0008188423592182638,-0.23070162847343348,0.9767018797982718,-1.9245099674060662,0.09117938923639157,WLS-HAR-RV (λ=0.05)
22262,0.001614842300748462,0.38008703502566327,-0.3181782354800471,-3.21513885015002,0.32912507312776873,WLS-HAR-RV (λ=0.05)
31,0.0008613424021392754,-0.1548329687643522,1.8039823689423944,-2.6790863736546924,0.22233329607018515,WLS-HAR-RV (λ=0.05)
24178,0.0007721230936592249,-0.3839002293673799,1.9357765264364244,-2.225200660312691,0.1052644131249234,WLS-HAR-RV (λ=0.05)
23967,0.0006646799240774923,-0.07363271968299043,-0.9567306605292666,0.9654403254623237,0.04386877511385989,WLS-HAR-RV (λ=0.05)
9096,0.0011416418607358458,0.08302640840134445,0.48664349218923253,-1.520875319593596,0.11826343940693806,WLS-HAR-RV (λ=0.05)
19385,0.0003421654520486452,-0.2001514483993689,2.278245901169056,-2.870771680565272,0.2849950704182478,WLS-HAR-RV (λ=0.05)
23821,0.0009482807311992681,0.21750527442344542,0.38273797274498966,-1.4684850421469013,0.08514854558808471,WLS-HAR-RV (λ=0.05)
21466,0.00018662864156481293,0.08498659424615802,-2.508152503512959,2.8972127452009113,0.41111021196806985,WLS-HAR-RV (λ=0.05)
6944,-0.0011935248207064666,0.28547161532590243,-4.555345217157261,7.359459754435838,0.3221359675843266,WLS-HAR-RV (λ=0.05)
13986,0.0013434535899691739,0.3239636531336514,-2.7855541207297807,1.354899525653807,0.34061796639394115,WLS-HAR-RV (λ=0.05)
14234,0.0012597540575035025,0.5220193334273727,0.4886290731568892,-1.901874682430851,0.4700349058138983,WLS-HAR-RV (λ=0.05)
10745,0.0008382264494552687,-0.2341090422675365,0.7071265447500719,-1.9270520913735896,0.1395722916684069,WLS-HAR-RV (λ=0.05)
30134,0.0005603189744896479,0.19847218609000747,0.1272719765638643,-1.1037980469103794,0.07945196058471438,WLS-HAR-RV (λ=0.05)
25731,-0.0002463658309962302,0.5059168385835506,-2.1228177903021517,3.666288403605945,0.324749006372239,WLS-HAR-RV (λ=0.05)
3961,0.0007580216495560869,0.10304938135087235,0.5954137922875857,-1.7742923980367709,0.17853988405606458,WLS-HAR-RV (λ=0.05)
29246,0.0005356412799025802,0.47700273099782375,1.108240999703496,-2.1844599201145396,0.3359799865547781,WLS-HAR-RV (λ=0.05)
16707,0.0027303621920372785,0.8242716964277169,0.886841414121724,-4.7089391954756366,0.521270866289308,WLS-HAR-RV (λ=0.05)
1544,0.0009559766160908915,-0.30621831240017583,2.0373938149048483,-3.0104622148451634,0.15016262669717417,WLS-HAR-RV (λ=0.05)
21718,0.0006864143148914573,0.4882366073134736,2.0761586435531103,-3.1540517502691374,0.5086191383096049,WLS-HAR-RV (λ=0.05)
26864,0.0006493184561624508,0.4257317457841213,-0.6523149082334918,-0.7237869147211499,0.4718183823832165,WLS-HAR-RV (λ=0.05)
23750,9.315749750424263e-07,0.2549110507353656,-0.21593169373066864,1.2054067446406045,0.12466875547577894,WLS-HAR-RV (λ=0.05)
5846,0.002634878675067672,-0.03929602762373934,2.841676525255292,-5.296273617721981,0.35260323716055086,WLS-HAR-RV (λ=0.05)
6939,0.0015733607389555968,0.4894109915760773,0.5260248568359474,-2.778463765511506,0.18670259100057118,WLS-HAR-RV (λ=0.05)
31554,0.00034756738200945425,-0.46477797756227646,2.546289508164658,-2.5296945717166603,0.4039862657027855,WLS-HAR-RV (λ=0.05)
3957,0.001426604689408353,0.024260543220891665,2.158310137020215,-4.984257749587823,0.3090976657948835,WLS-HAR-RV (λ=0.05)
21770,0.0013640573492633779,-0.2800437704243641,-0.9104469343405411,0.3204032259325568,0.15350612039089095,WLS-HAR-RV (λ=0.05)
24795,0.0008871660939355923,0.49784450929654256,1.5857103118713805,-3.043298047858638,0.1919514559365595,WLS-HAR-RV (λ=0.05)
6859,0.0014862787047699973,-0.48176382425118314,-0.9343784239597716,-0.10344175686801255,0.4065540517686659,WLS-HAR-RV (λ=0.05)
5458,0.000491355524780283,0.1850776009302359,-4.16022489085923,3.861083759450786,0.4891521237362628,WLS-HAR-RV (λ=0.05)
27619,0.00250707521631168,0.10674053376596106,-3.0552889450046328,-0.8608706886940585,0.2824007558187087,WLS-HAR-RV (λ=0.05)
18082,0.0019199292285161972,0.18886635429404613,-2.0595366047841996,-0.5775297359884762,0.3456571405031762,WLS-HAR-RV (λ=0.05)
30276,0.0003512468607796045,-0.17789982810339772,0.9102730173175801,-0.6991261648490545,0.10470866295435355,WLS-HAR-RV (λ=0.05)
18351,0.0007025050268313523,-0.05376556067658371,1.7322921585613875,-1.9257275345926135,0.17850646478953103,WLS-HAR-RV (λ=0.05)
13488,0.0009985263458693221,0.47722781935322445,-1.0640775685737403,-0.25687115189216736,0.37456670857380714,WLS-HAR-RV (λ=0.05)
1205,0.002358957289823336,0.434462638290438,1.265023789522794,-4.225977165294126,0.526683760240592,WLS-HAR-RV (λ=0.05)
18285,0.00014967932873360295,0.13121497642109795,-0.12976497244555352,0.6173885007157118,0.18855102996102613,WLS-HAR-RV (λ=0.05)
9889,0.0010106637623101796,-0.3880063252462496,1.4766740859766452,-1.5508206225249976,0.18713528121366285,WLS-HAR-RV (λ=0.05)
5532,0.0009393317764841739,0.7169762141189535,2.145354702965683,-3.8913860355836123,0.21866523580590225,WLS-HAR-RV (λ=0.05)
16630,0.0024178273900771438,0.16099871909904448,-0.33358026770636284,-2.077650761759807,0.3216282386252304,WLS-HAR-RV (λ=0.05)
17342,0.0014341644760818824,0.10615636767649372,-2.0839144001278784,0.913470216234477,0.27341035918929113,WLS-HAR-RV (λ=0.05)
2374,0.0015269724598946399,1.3161036581928565,0.30955002123386743,-3.396589386657855,0.5808451909899619,WLS-HAR-RV (λ=0.05)
2086,0.0020609824259632155,0.019151617181590794,2.2766649382390973,-6.352033831423502,0.32486823880654514,WLS-HAR-RV (λ=0.05)
5853,0.001194866955728394,0.0886469309820824,2.7377923954811085,-4.6694150751099635,0.45837695761947195,WLS-HAR-RV (λ=0.05)
9465,0.0007802776709721421,-0.002929796630666993,-0.28070515807925767,-0.2586599699038652,0.03744584469269474,WLS-HAR-RV (λ=0.05)
11735,0.0014082151940533578,0.9445797771831033,-1.894598331955779,-1.302480388633683,0.6607420132638318,WLS-HAR-RV (λ=0.05)
32534,0.001406394680994967,-0.14901615219438064,1.1873942664899595,-2.464381412160879,0.14798770544225348,WLS-HAR-RV (λ=0.05)
23185,0.002046769894217463,0.43275476302267163,1.4187234078204445,-3.57669252103241,0.3129538255548846,WLS-HAR-RV (λ=0.05)
31303,0.0004811485706599349,0.3550455452221909,-0.5470922289760776,0.21257032995394293,0.12951821217087356,WLS-HAR-RV (λ=0.05)
7745,0.002649543031955028,0.08533805298363817,0.8204272086191013,-5.247690121133592,0.21601660557092817,WLS-HAR-RV (λ=0.05)
8763,0.0009760683476993526,0.29794632355977674,1.228448066387909,-2.114446039466607,0.22532029735356784,WLS-HAR-RV (λ=0.05)
3531,0.0018921504013662657,0.6422799204802021,3.7896629425964727,-7.178990228876925,0.49330744105265045,WLS-HAR-RV (λ=0.05)
4844,0.0002605667457530736,-0.195189747618925,-1.5440786038650969,2.1223183973808353,0.16648714892426364,WLS-HAR-RV (λ=0.05)
10725,0.001762126523674753,0.5192782323958066,0.83984566648681,-3.195733347514962,0.3481932989637694,WLS-HAR-RV (λ=0.05)
28959,0.0006606949685255888,0.28164664148484475,-0.2742618903079368,-1.886662393493772,0.46598851918580797,WLS-HAR-RV (λ=0.05)
29875,0.001446039791790519,0.09239049948795797,0.9690321204035233,-2.4073216721535213,0.13105868469478732,WLS-HAR-RV (λ=0.05)
14572,0.00040440813370113413,0.19803480617516872,0.9337103929889481,-1.447040182327938,0.12516797846072292,WLS-HAR-RV (λ=0.05)
14093,0.0004957519967888338,0.441225265554719,0.29919576057762653,-1.2207534958288475,0.21219730817045213,WLS-HAR-RV (λ=0.05)
2479,0.0003398467913435577,0.09446497320368977,-0.7209050467034377,0.15531364164341505,0.051200097431897684,WLS-HAR-RV (λ=0.05)
26997,0.0001338202691577802,-0.42685853530284545,-2.3582298195733906,3.1687019960968392,0.24660953879625225,WLS-HAR-RV (λ=0.05)
9037,0.0013139362658433113,0.5963402635369431,1.3071257069668334,-6.876514664539933,0.3752701063813353,WLS-HAR-RV (λ=0.05)
10559,0.001809934110614204,0.2599421875798025,0.2103816496600135,-2.800624469863236,0.4209168053123389,WLS-HAR-RV (λ=0.05)
4209,0.00017415032473955947,-0.05041844962076221,-0.005415193645973176,0.36643753938359314,0.0045904639178507844,WLS-HAR-RV (λ=0.05)
25357,0.0013868873568082972,0.21404676009070944,-0.9751206252180908,-0.16726741298017006,0.17457409429521387,WLS-HAR-RV (λ=0.05)
2908,0.000926442072869135,0.4436421118035316,0.7671260254357274,-3.356006113484845,0.21409132914581597,WLS-HAR-RV (λ=0.05)
19434,0.0005069893881385489,0.10356130770235927,1.730013507267814,-2.5112692243154067,0.3464784858996457,WLS-HAR-RV (λ=0.05)
12411,0.00020901678062037874,0.22033703234867225,-0.2871639502852125,0.5985245012333905,0.08540982662777374,WLS-HAR-RV (λ=0.05)
21685,0.0014192493818636245,0.3653970150597578,1.257539208230284,-3.324316394038335,0.32471328447215353,WLS-HAR-RV (λ=0.05)
7194,0.0008994560008445332,-0.07722430943108514,2.1942351720239532,-5.490143210240954,0.2234956993319711,WLS-HAR-RV (λ=0.05)
18012,0.0010191630277032934,1.0820908434671137,-0.40492661148083253,-2.0591630925149174,0.31101170129014855,WLS-HAR-RV (λ=0.05)
12546,0.0004220390227405711,0.10685065278616956,-1.607434260160102,1.2733613065717149,0.14378065563721298,WLS-HAR-RV (λ=0.05)
5686,0.0009200610408573551,0.2187378892009703,0.36441737457051226,-2.1079349485210295,0.1431568720593721,WLS-HAR-RV (λ=0.05)
16910,0.0014890519694107259,0.72845637100593,0.46729125313303777,-6.1874017544909234,0.23620959674351416,WLS-HAR-RV (λ=0.05)
19614,0.0035084463300839135,-0.5196520554749555,0.1742149737537888,-3.12622096847402,0.3990968282878242,WLS-HAR-RV (λ=0.05)
17522,0.0013084805978778597,0.8142749760049363,-2.846541661348808,0.3810505023288071,0.22347889329020043,WLS-HAR-RV (λ=0.05)
11786,-0.0001986381024740851,-0.1413662434727863,-2.7932362580189767,4.188491519171641,0.26665441350952124,WLS-HAR-RV (λ=0.05)
3836,0.0006000492340730808,0.17693785205226858,1.8593825475160344,-2.471140548192705,0.2957493088963884,WLS-HAR-RV (λ=0.05)
4361,4.411519301608332e-05,-0.11905297385662404,-0.1982159453010118,0.9487190037407554,0.04662952898779327,WLS-HAR-RV (λ=0.05)
9518,0.000839657766713777,-0.06426511820032074,1.614033323167335,-3.9515964847382152,0.21001933225759484,WLS-HAR-RV (λ=0.05)
23317,0.001088761018746298,-0.1077067335080884,0.44301811800110835,-0.6485825060894723,0.018561249638830102,WLS-HAR-RV (λ=0.05)
2929,-0.00015731425324337953,0.2820017003944368,-2.6779456404823154,4.26535672560994,0.1996517163838819,WLS-HAR-RV (λ=0.05)
10554,0.0007766153344120883,0.20503072244880155,-0.3974249374845063,-0.1631589262530017,0.04482796586835969,WLS-HAR-RV (λ=0.05)
18600,0.00043168355474224355,-0.11559808765513549,0.6287062756963785,-0.8164516099371439,0.023495900372733303,WLS-HAR-RV (λ=0.05)
7270,0.0009053671972704745,-0.08478912019064118,0.5577818115905319,-1.0792005842158519,0.01996572322807688,WLS-HAR-RV (λ=0.05)
22193,0.0003373753431369843,0.36983355890141323,-0.5319617257711124,-0.4104430793297119,0.13552661199307448,WLS-HAR-RV (λ=0.05)
31077,0.0006521393989900537,-0.19704213769248016,2.726383957515717,-3.317837686134531,0.16034075539770498,WLS-HAR-RV (λ=0.05)
24741,0.00284621202914505,0.4627226685614385,0.35945280355311904,-2.5474466026081477,0.14312296334294816,WLS-HAR-RV (λ=0.05)
21883,0.0005396733655352199,0.36458910032273206,-0.09337625826606477,-0.814119120665727,0.3559996914003257,WLS-HAR-RV (λ=0.05)
25916,0.0007852051639988637,-0.519835914433346,1.6475116659830085,-1.2866627184404227,0.2696317736222421,WLS-HAR-RV (λ=0.05)
11541,0.00119693776195821,0.12403862427598343,0.2377809356424141,-4.785952423888391,0.19466562573296253,WLS-HAR-RV (λ=0.05)
2433,0.0015302450126069424,0.13118222320030543,0.6100829327150769,-2.2388761981630965,0.08959670220912153,WLS-HAR-RV (λ=0.05)
11844,0.0010423170023681641,-0.08854337105325609,2.9970631129615826,-5.864470480423918,0.16453556446782813,WLS-HAR-RV (λ=0.05)
29448,0.0005576444546666877,0.2903518854439337,-2.4885251492783627,1.8819658164379904,0.5138237613470711,WLS-HAR-RV (λ=0.05)
5601,0.0012122928344478596,-0.11922475303430247,-1.3739812553223412,1.200162244214162,0.16267902425695036,WLS-HAR-RV (λ=0.05)
2037,0.000596285461949581,0.026273825206174693,0.4085944687071284,-1.0679131218878068,0.048531644174224065,WLS-HAR-RV (λ=0.05)
535,0.0007373845554233694,-0.09914648898343291,-0.9276951298207856,0.6386576028852322,0.05676579681764804,WLS-HAR-RV (λ=0.05)
19606,0.0003643022795305831,0.23742151552564422,-1.1720360069332836,0.5128599874143304,0.1745465557033673,WLS-HAR-RV (λ=0.05)
11775,0.00032319086691737946,-0.4043552755263269,-0.5284817302173288,0.7112785616303843,0.16049193032975106,WLS-HAR-RV (λ=0.05)
7884,0.0009489615726267768,0.05917885911240205,-0.6205527754015263,-0.3184329909400244,0.11412156562573084,WLS-HAR-RV (λ=0.05)
652,0.0009400031723111172,-0.4347879430123194,2.938353879694499,-5.201808160587141,0.20536589847292908,WLS-HAR-RV (λ=0.05)
12012,0.0009320892243483627,-0.0734556514559957,1.6099339106265813,-1.907595558205126,0.1756723953059004,WLS-HAR-RV (λ=0.05)
18831,0.0002772507238284119,-0.4369180268052965,-1.43203343011699,2.312360269822969,0.1476033860960423,WLS-HAR-RV (λ=0.05)
21906,-2.063162109978506e-05,0.011549649478950777,-0.6728152072698139,1.923806273083417,0.05295221991039323,WLS-HAR-RV (λ=0.05)
2125,0.00031741398764032483,0.2035789240227046,-0.7388602092628189,0.44807760698787885,0.10061924212111728,WLS-HAR-RV (λ=0.05)
2329,0.0006077218271415857,0.27660541234430797,-2.078044890754897,1.6082827003082893,0.32556367663628794,WLS-HAR-RV (λ=0.05)
30692,0.00036252199555929313,-0.26339583280868034,1.0524208835892246,-1.3745095538640695,0.04404299546929369,WLS-HAR-RV (λ=0.05)
17957,0.0012625828258153267,-0.0886331895026137,0.4990555607989447,-1.4104278334426124,0.051573841096941075,WLS-HAR-RV (λ=0.05)
1433,0.0007552991500592131,0.4857777948029634,-0.5318628010837078,-0.5126613221020796,0.2087818693513207,WLS-HAR-RV (λ=0.05)
3445,0.0011385761206608685,-0.37805698688802136,-1.1242160310989946,0.30930599961907035,0.3107162282992473,WLS-HAR-RV (λ=0.05)
25019,0.00040896027109520123,0.6562899550020405,1.0009669181034084,-2.267577913864457,0.6106876282037126,WLS-HAR-RV (λ=0.05)
13650,0.0014572956136646195,0.1419776892635975,1.4100944924603798,-2.98047100311524,0.14459007759890152,WLS-HAR-RV (λ=0.05)
29853,0.002092623304051802,0.26034184047924624,1.6528238150113232,-3.011414187720761,0.1994869969043358,WLS-HAR-RV (λ=0.05)
32767,0.0005602950287039497,-0.19194747482020655,0.7166125506259424,-1.581522320641143,0.11588099398071305,WLS-HAR-RV (λ=0.05)
19488,0.000307540883025692,0.2238966648077377,-0.0010068501277441869,-0.06546220277039899,0.04483215576894095,WLS-HAR-RV (λ=0.05)
4071,0.0001314323269243982,-0.11140490659623213,-0.4489350571306525,0.8389487274222758,0.018810990453780096,WLS-HAR-RV (λ=0.05)
7566,0.0009765127821926791,0.09843292324159839,2.409131439978874,-3.119200556206846,0.31682878321047725,WLS-HAR-RV (λ=0.05)
3291,0.0016955685304653927,0.4567604100929235,-0.3584242518858618,-1.7188355780323739,0.2558709126137192,WLS-HAR-RV (λ=0.05)
4649,0.00033059348522969606,0.12966134335023802,0.1538360669010249,-0.4755066229205876,0.03226106167478693,WLS-HAR-RV (λ=0.05)
1962,0.00022199108273326002,-0.15137243796252312,-3.8865156446870706,4.452837795301497,0.03430388798627404,WLS-HAR-RV (λ=0.05)
6115,0.0003519709278773186,-0.11781025096704027,-3.0412253259828455,2.9069847914949674,0.3990741541150642,WLS-HAR-RV (λ=0.05)
5667,0.0006937116502454826,0.5149180152687065,-2.1082411054521484,1.2523890629716483,0.3606026869145229,WLS-HAR-RV (λ=0.05)
5124,0.0027672625647859406,0.5275863830631554,-1.80032886384624,-0.048011331007965286,0.3776633423492055,WLS-HAR-RV (λ=0.05)
29972,-0.00029513043102284047,0.20562438451792064,-1.2995899116876184,3.1734635454591182,0.5466248423098425,WLS-HAR-RV (λ=0.05)
6647,0.001977661200595924,0.26711995543182143,-0.7921452933694051,-1.5341554350759266,0.27828623664329466,WLS-HAR-RV (λ=0.05)
11433,0.001048699009200679,0.174418081539202,1.7332224075342082,-4.027573283994904,0.17560187133027438,WLS-HAR-RV (λ=0.05)
32704,0.0007622866301850192,0.09083828811788491,-1.0568846867652053,0.773824085832958,0.07917872004458137,WLS-HAR-RV (λ=0.05)
6545,0.00031285386111946174,0.5915234220748165,-0.08338180285733837,-1.018109095561461,0.2821364062564313,WLS-HAR-RV (λ=0.05)
5407,0.0018619785718473351,0.3656261272880602,2.932739497707575,-5.762319094437683,0.32760867576746844,WLS-HAR-RV (λ=0.05)
18500,0.0009300606685960834,0.3677171853198077,-1.2074110316995714,-2.3613618557291165,0.3402359342650645,WLS-HAR-RV (λ=0.05)
14273,0.0002701619274819075,0.17713605509546154,2.1112086937570043,-2.31173375500026,0.2367053636460149,WLS-HAR-RV (λ=0.05)
9077,0.0017244421845844819,-0.26194043208467604,2.9827460318511427,-5.02677722658599,0.4349625737767877,WLS-HAR-RV (λ=0.05)
25815,0.003250285404868135,0.33015655464901017,-0.5302893017641024,-4.889070552468033,0.29766724149207324,WLS-HAR-RV (λ=0.05)
25583,0.00031437737911775186,0.044502927680273835,-0.03960283019304678,-1.0815417719728613,0.08240760883047205,WLS-HAR-RV (λ=0.05)
13531,0.0017687751082651787,-0.03592172619264207,-1.7830791854101444,-3.382209382486889,0.40361394122005145,WLS-HAR-RV (λ=0.05)
27313,0.0003335580537332373,0.4403228998865872,-7.79438502568791,6.6916414493298415,0.31450321035497064,WLS-HAR-RV (λ=0.05)
14912,0.0006825604885281977,-0.36334511020333987,-2.322228256585557,1.1868786503782647,0.40654822117414835,WLS-HAR-RV (λ=0.05)
1016,0.00014176240700759394,0.10917905520898898,-1.5602192881999293,2.128314133062202,0.1347521655632299,WLS-HAR-RV (λ=0.05)
10321,0.0009121046403671126,0.09678042181663321,1.6494051608369886,-3.531509094802747,0.18604015331855983,WLS-HAR-RV (λ=0.05)
15703,0.001986542280098703,0.46109246013135047,1.5323859071474297,-4.627694386319747,0.33855667687445556,WLS-HAR-RV (λ=0.05)
29649,2.6511629574676955e-05,0.25869167307688984,-0.04796272663055817,0.47213198030900677,0.35527547340665044,WLS-HAR-RV (λ=0.05)
23299,0.0005247458992484531,0.18952880466749095,-3.5848855338837984,3.8094002263843887,0.26788880255204617,WLS-HAR-RV (λ=0.05)
7909,0.00027794488935959066,0.06379294258607786,-0.7811484865019056,1.1082578715274105,0.01757778911868979,WLS-HAR-RV (λ=0.05)
11184,0.0007384913997368263,-0.007986159184264294,-2.049285353651545,1.481212750788323,0.26717930872809414,WLS-HAR-RV (λ=0.05)
159,-5.5529234245978425e-05,0.6491994800117276,-0.8418558622189997,1.1117743944931364,0.5452927625419047,WLS-HAR-RV (λ=0.05)
7005,0.0021967418531545434,0.19890355885194885,1.448245546291448,-4.768655898360017,0.2595803913906587,WLS-HAR-RV (λ=0.05)
25483,0.0007695549556069598,-0.03674431618402957,-0.36392354484637823,-0.3568705557890682,0.06964396305286236,WLS-HAR-RV (λ=0.05)
28676,0.0019977898286941895,0.25556886203759116,-1.7841929934449645,-0.9351236459430922,0.3204995450572278,WLS-HAR-RV (λ=0.05)
8014,0.0008114945246613671,0.3005098150000535,0.1376103582821423,-1.7284674443468904,0.25965603369012125,WLS-HAR-RV (λ=0.05)
218,0.00031995272129565686,-0.02680437190575215,1.9045765448475886,-2.599475823222433,0.211860777552505,WLS-HAR-RV (λ=0.05)
17050,-5.950264388271601e-05,0.0637938320832142,-0.2790272070702956,1.3234410524165932,0.09888480654529808,WLS-HAR-RV (λ=0.05)
506,0.00101555937701635,0.30094177791693577,0.5138051409061296,-1.939244549458776,0.12220342179354438,WLS-HAR-RV (λ=0.05)
9396,0.00040392597544808826,-0.21762594188742002,-2.805423645026548,3.1299006365368838,0.23107224483689515,WLS-HAR-RV (λ=0.05)
20336,0.000274644393189759,-0.12219532534574155,-0.9069705564455857,1.2458604056539462,0.05736249182562092,WLS-HAR-RV (λ=0.05)
2181,0.0005868199302467543,0.4021438668657285,-0.217135635473321,-0.06089634562091107,0.1333614146757851,WLS-HAR-RV (λ=0.05)
8442,0.0007353473610484876,-0.4608645242020508,1.508261485702674,-1.7023945956432813,0.1963673574770297,WLS-HAR-RV (λ=0.05)
10604,0.0015942790800151673,0.222267138763598,0.7914667840118201,-2.713698201113832,0.18194796512323486,WLS-HAR-RV (λ=0.05)
9311,0.0008874337549009933,0.14713203091617083,1.52554262078527,-2.7928574097659324,0.15356915434719776,WLS-HAR-RV (λ=0.05)
15938,0.003157491492302407,0.23709842809126186,1.3976465384225334,-9.025960897345701,0.33258922462601614,WLS-HAR-RV (λ=0.05)
14510,0.00114405504198554,-0.49035527224593334,0.39729459536391537,-1.5644997911437497,0.3625640086670545,WLS-HAR-RV (λ=0.05)
17598,0.0006556696369893643,0.3474310050564031,-0.1727927060596588,-1.4197094730691044,0.313494800661134,WLS-HAR-RV (λ=0.05)
6657,0.00142054144587076,-0.28699357392398667,1.8480094063661734,-2.3727144594567857,0.28906998502010883,WLS-HAR-RV (λ=0.05)
18932,0.00016718156184787332,0.17258750300946596,-2.1362971307233045,2.7899361804123806,0.22242451577017197,WLS-HAR-RV (λ=0.05)
17506,0.00026048549169771496,0.11665131578237899,-1.544701663343849,2.06012180244607,0.1848318318423683,WLS-HAR-RV (λ=0.05)
11792,0.0006565547459119946,0.5140026560783831,0.12651697723535266,-1.1094576182932825,0.27239121899998997,WLS-HAR-RV (λ=0.05)
9091,0.0022310113650987743,-0.049383708065473965,0.5293739033597793,-4.346098654612993,0.4232249186436552,WLS-HAR-RV (λ=0.05)
536,0.0009077929098692571,-0.17730905316402903,1.7401427209474654,-1.6105752772341515,0.2698444842505623,WLS-HAR-RV (λ=0.05)
13533,0.0009542400104862092,0.2683205930224073,-1.3332003374820613,-0.5557179781392376,0.20724910058617285,WLS-HAR-RV (λ=0.05)
31404,0.0008772999672881639,0.19665844519986142,-1.064000935272365,0.33520064993351517,0.11483291313524469,WLS-HAR-RV (λ=0.05)
1119,0.0003373534384466662,-0.4424534885499273,-0.9685649851429787,1.7452282733102136,0.2318744036488044,WLS-HAR-RV (λ=0.05)
24443,0.0020688075072339386,0.36390817227058936,-2.2195108019748258,-2.851154235206646,0.38756560195653433,WLS-HAR-RV (λ=0.05)
30866,0.0004235635531487,0.108747541996632,-0.7637711982100965,0.10840586483048187,0.061385144818274506,WLS-HAR-RV (λ=0.05)
15818,0.0007432663533420449,0.20656732804362618,0.3950213360024253,-1.6280531284451074,0.16365397560330186,WLS-HAR-RV (λ=0.05)
9198,-7.180362410835376e-05,-0.707967918038682,-0.26199171356497397,1.8273650269585708,0.25001497209600965,WLS-HAR-RV (λ=0.05)
31874,0.0013224803668119732,0.07333663109996062,0.7953075368204526,-1.7943240088784704,0.23443283022016692,WLS-HAR-RV (λ=0.05)
14714,0.00041380961275080345,0.006694835497518118,-0.3734950949353076,0.68516141088248,0.0056167626479931565,WLS-HAR-RV (λ=0.05)
11090,0.0012912218335088686,0.5416344391083335,2.199335762711245,-4.250341090576686,0.34125126881189083,WLS-HAR-RV (λ=0.05)
2117,0.0007435088063915195,0.27638012006944257,1.954879831478022,-5.036204212522778,0.2430482629923839,WLS-HAR-RV (λ=0.05)
20055,0.001244104198956377,0.3145770187806642,-3.4946794364605793,-1.588526538284132,0.42613376871857855,WLS-HAR-RV (λ=0.05)
5424,0.0004858513814725948,0.6213838395307445,0.08427575269435805,-2.4586113638737896,0.563315889922948,WLS-HAR-RV (λ=0.05)
27174,0.0009102145676876925,0.18530337208982506,1.7744653780828477,-3.628873304656669,0.26039451537031055,WLS-HAR-RV (λ=0.05)
147,0.001889189638558699,-0.07544938561016529,1.4473540377789749,-3.6112442211723392,0.24362623009961926,WLS-HAR-RV (λ=0.05)
12428,0.00042217949448028686,-0.24072472848140125,0.4051719885110958,-0.7856371585160487,0.07819679211303765,WLS-HAR-RV (λ=0.05)
20265,0.0004120916073431766,0.3307459066746072,0.71220411365545,-0.7518942816387348,0.3960646824164873,WLS-HAR-RV (λ=0.05)
23212,0.0005746575738149442,0.018792836079548098,0.024725113675016397,-0.8632089535557863,0.04821449967644764,WLS-HAR-RV (λ=0.05)
6648,0.000660147777322613,0.600980479525074,-0.2704908510030123,-0.4415130743994887,0.3644525279943296,WLS-HAR-RV (λ=0.05)
28512,0.0005840012629084522,-0.22642349526153738,1.546493646534282,-1.6259244626808886,0.12174702057285736,WLS-HAR-RV (λ=0.05)
2644,0.0006215104051473647,0.05273748399043062,-1.9036331679748812,1.7372742912807213,0.16786992667412803,WLS-HAR-RV (λ=0.05)
18212,0.001831551158528611,0.2426284219210915,1.889661389538636,-3.89277708378317,0.1870565418910548,WLS-HAR-RV (λ=0.05)
17454,0.0009564020869376084,0.5693289227734208,1.145557195612772,-2.918802042431403,0.33934771531539376,WLS-HAR-RV (λ=0.05)
18059,0.0005940835422795199,0.01037243067032856,-0.55272643740026,-0.03582123186577302,0.043306455838361346,WLS-HAR-RV (λ=0.05)
29517,0.0030292792892633513,0.41465083240242934,-0.9706032844962382,-3.0147593230285574,0.3658245707295513,WLS-HAR-RV (λ=0.05)
2104,0.0011464089248629575,0.1944947332845059,2.1183084611754532,-3.2407643293647572,0.40718276371774764,WLS-HAR-RV (λ=0.05)
8974,0.00041625584535118367,-0.35223941927053076,1.8476280458121754,-1.7046646819823548,0.2407258251868355,WLS-HAR-RV (λ=0.05)
14361,0.0014039492978616733,0.2570621152843403,-1.8825004137982089,-1.314425362386547,0.5403792066877378,WLS-HAR-RV (λ=0.05)
32376,0.00035951806413519517,0.014567839294695864,0.12823109403856667,0.03420112647871889,0.013048772293974165,WLS-HAR-RV (λ=0.05)
5488,0.00023819909644458726,-0.5231889749921963,-0.01690317153264964,0.6765484115744502,0.18585119415941143,WLS-HAR-RV (λ=0.05)
22377,0.0010921265296370015,-0.12768425399880273,-2.2722681044531927,0.7726404308199202,0.3556426879968564,WLS-HAR-RV (λ=0.05)
31714,0.0009436182079034445,-0.3211297865916557,-0.602592962168596,-0.22451132050391048,0.23074163168442308,WLS-HAR-RV (λ=0.05)
31269,0.000401519825578268,-0.3008421170774024,-1.7183136392595268,1.9420152259782837,0.21921053680771396,WLS-HAR-RV (λ=0.05)
1477,0.00014063947881577915,0.40664658653499824,-0.911740978670695,1.3677033546093114,0.1683181872963455,WLS-HAR-RV (λ=0.05)
21734,0.0008490314674971706,0.14389806780340744,-1.2363390622200652,-0.2766168326652755,0.38164103916879855,WLS-HAR-RV (λ=0.05)
16507,0.0006745324429938397,0.022135800418937264,-0.23284629396907916,-0.023032994649824057,0.013203594711391209,WLS-HAR-RV (λ=0.05)
26955,0.0016858447098569741,0.5216531242699057,-0.10748398081448696,-1.4811264093067706,0.31591755287902,WLS-HAR-RV (λ=0.05)
18509,0.0034905961122113846,0.03672390995991038,3.1216311952283413,-9.97527291862978,0.22185165725258826,WLS-HAR-RV (λ=0.05)
26759,0.00016594893225013664,-0.1472760949536162,-2.150821273933928,2.7754588650033214,0.21661583006090468,WLS-HAR-RV (λ=0.05)
32712,0.001148940124852213,-0.17899635140931588,2.677722589237925,-3.4669223535870684,0.22011142607375356,WLS-HAR-RV (λ=0.05)
23030,0.0017401884182517244,0.32844276999675726,1.4339343389141392,-3.22004072635859,0.29718905597368017,WLS-HAR-RV (λ=0.05)
1521,0.002160389600976034,0.1375555424295848,0.14729092462297633,-2.1637674451633853,0.11172127358297956,WLS-HAR-RV (λ=0.05)
3211,0.0033600808645641296,0.37603202782505124,2.9193282906828797,-7.314185667624014,0.46113447087075043,WLS-HAR-RV (λ=0.05)
2709,0.00015178666700474587,0.1052699679232713,-2.7954116718695676,2.923659416989069,0.11118780279025697,WLS-HAR-RV (λ=0.05)
5795,0.001373269795782947,0.43848123916169945,4.153116229533099,-8.491012902033534,0.6526254438752634,WLS-HAR-RV (λ=0.05)
27307,0.0011772596970079836,0.08269623182919601,1.223364632620009,-2.1296747039840858,0.1763037719486198,WLS-HAR-RV (λ=0.05)
3655,0.0011937276722344889,0.024620598939719372,0.7559208291335883,-3.094936975214702,0.12294445165189061,WLS-HAR-RV (λ=0.05)
6679,0.0004691870386007468,-0.08465682902679249,0.23732911865719483,-0.21792892377026118,0.00825927032876106,WLS-HAR-RV (λ=0.05)
31819,0.000733481405238954,0.5461562751180814,2.0721995483749587,-6.545546269189807,0.48064684104976707,WLS-HAR-RV (λ=0.05)
24357,-0.00013784933950100928,-0.0085677499313001,-1.3499124570315155,2.4055012523160957,0.16368591011740652,WLS-HAR-RV (λ=0.05)
9205,0.00038655044617891466,0.0350616346814694,0.048886587636087026,-0.45890662332159315,0.027151626031704734,WLS-HAR-RV (λ=0.05)
1128,0.0016251373978635178,0.482833811024523,-1.032413204338187,-1.1778456464992835,0.32562937260480074,WLS-HAR-RV (λ=0.05)
25059,0.0013128438429982478,-0.15450339510758282,0.9810592414832076,-2.2300082636088714,0.09684397008117185,WLS-HAR-RV (λ=0.05)
14356,0.00016310776184327088,0.3449826775884313,-2.779734696761023,2.7212792368577023,0.38437954414394004,WLS-HAR-RV (λ=0.05)
11490,0.00038752914870775754,0.2642329528226405,0.841033286658889,-2.271737359855705,0.21879262913562814,WLS-HAR-RV (λ=0.05)
9797,0.0013316765422429016,0.42053498692998187,1.6424868042269058,-3.0191284434708074,0.4053269430991673,WLS-HAR-RV (λ=0.05)
21218,0.00024033710656372575,-0.2848215942738109,-0.23772739715728247,1.0378725456403157,0.0529404486815408,WLS-HAR-RV (λ=0.05)
14423,0.0024430183911449237,0.3100569930523556,0.9318349334340632,-8.443296411114932,0.4324992811726607,WLS-HAR-RV (λ=0.05)
17112,0.001416757578123705,0.5772155831469888,0.26784163128544397,-2.029566798870647,0.3194097212040007,WLS-HAR-RV (λ=0.05)
20225,5.594375050809277e-05,-0.2692487294089935,-2.1506069299905994,2.95572272757222,0.18273048537793202,WLS-HAR-RV (λ=0.05)
20033,0.0008695149153483215,0.20061780461397502,0.5606466155912044,-3.2698862206621797,0.27197821212376816,WLS-HAR-RV (λ=0.05)
1787,0.0005262234335217721,0.05821956495284324,1.1347991557693142,-1.9059067421791387,0.06961074508953369,WLS-HAR-RV (λ=0.05)
1810,0.0005610635153510738,-0.2057690582525286,-0.5164827834906638,0.06642273406305821,0.1972333842971512,WLS-HAR-RV (λ=0.05)
20770,0.000441198919107312,0.06249059210587108,0.8605888832188566,-1.3745725570276661,0.036014906107427413,WLS-HAR-RV (λ=0.05)
32750,0.0033966643806315694,0.21283443899289287,4.14658768226756,-10.338197763375316,0.2870676016935606,WLS-HAR-RV (λ=0.05)
16948,0.000558056650132653,-0.002659281751838809,-0.34672953247833643,0.42102036960139305,0.0033923557765276335,WLS-HAR-RV (λ=0.05)
21344,0.0007819667012093651,0.10230688518661811,0.5110284674421008,-1.3466020640371856,0.0647902775180994,WLS-HAR-RV (λ=0.05)
7465,-0.00015431684638713311,-0.2828404399642128,-2.6397274334852927,4.483053569012571,0.2675906699241136,WLS-HAR-RV (λ=0.05)
31351,-0.00011388109554585831,0.11375552471161574,-0.8334133346637118,2.2149184826627857,0.08539665667562713,WLS-HAR-RV (λ=0.05)
5539,0.0006497362681783683,0.4134983174694603,0.10910984589355821,-1.4434174386058811,0.15518171882439502,WLS-HAR-RV (λ=0.05)
18205,0.0015420937410512586,-0.05593842136512963,2.0070899069844708,-3.711055511297179,0.1674482420162815,WLS-HAR-RV (λ=0.05)
13762,0.0010254161589046298,-0.10308892933314184,3.2636501785374152,-5.82229171714353,0.4898298768057592,WLS-HAR-RV (λ=0.05)
12151,0.0005031879647118769,-0.11804766043103398,-1.1400696585798022,1.0955692405864985,0.09026810358032533,WLS-HAR-RV (λ=0.05)
25627,0.0007199496678331942,0.033898722274558236,2.8769580259162213,-4.070173941969707,0.305094490719953,WLS-HAR-RV (λ=0.05)
9164,0.0003625396114623706,0.6452670245187002,-0.059876247665422544,-0.3621204545047233,0.3637156505350331,WLS-HAR-RV (λ=0.05)
14218,-0.00015642731425280553,-0.27549474778522215,-2.054181071808749,3.41560141839427,0.07326468069550607,WLS-HAR-RV (λ=0.05)
297,0.0010723615735156091,0.11375094973144448,1.2636505210595308,-2.7354120411299605,0.11054584325054362,WLS-HAR-RV (λ=0.05)
20017,0.000588827120363175,1.2134786768790446,0.4705378106369061,-2.4647645877427053,0.6258125899143296,WLS-HAR-RV (λ=0.05)
30040,0.0005378885502293927,0.03303507488967894,0.09989942858556394,-1.102012008576701,0.08388688234080133,WLS-HAR-RV (λ=0.05)
8753,0.0003609824189318787,0.011011360664715296,-0.06943725304825389,-0.10691917032060702,0.008181990056590926,WLS-HAR-RV (λ=0.05)
10264,0.0008617254949619045,0.09609630776572868,1.784454844595756,-3.4800351523221167,0.11269417202007348,WLS-HAR-RV (λ=0.05)
31138,0.0001364337355825062,0.2316050121374077,1.0134640157588868,-0.9448240759060165,0.3207307226687195,WLS-HAR-RV (λ=0.05)
4627,0.0012398728727294995,0.07590248967574378,-0.4192879797231577,-2.177468055722683,0.18886714700252072,WLS-HAR-RV (λ=0.05)
26366,9.806082767245978e-05,-0.6573994101417371,-0.477287401648012,1.6501067657270299,0.3721167472342657,WLS-HAR-RV (λ=0.05)
16733,0.0008263750694221218,-0.10914066749861988,-3.356292865039495,1.3422786545660519,0.30085614803172,WLS-HAR-RV (λ=0.05)
12920,0.0013755722958201533,0.16963687665575564,1.2508207601792352,-3.964505567464261,0.1500364926031552,WLS-HAR-RV (λ=0.05)
17584,0.000445354639367191,0.03833014748815262,1.258697509946491,-1.954585975076621,0.06814467212601916,WLS-HAR-RV (λ=0.05)
3381,0.001532835693798823,-0.42838853052183506,1.9220027563043232,-3.207903184873218,0.13199180984510983,WLS-HAR-RV (λ=0.05)
5118,0.0020288442316131732,0.34539249079215967,0.5684122885969998,-2.0736078684577155,0.23125379961588244,WLS-HAR-RV (λ=0.05)
31047,0.0014860148969494875,-0.028224039167555844,2.592924908602217,-4.239194399657837,0.128312406043949,WLS-HAR-RV (λ=0.05)
4052,0.00026976269424766196,0.3170166815875718,-0.655954135797624,0.8704707232341723,0.07677511672775583,WLS-HAR-RV (λ=0.05)
13276,0.0005370142465841607,0.08891899582064339,0.4893048316883569,-2.1440885757663635,0.2051020154830112,WLS-HAR-RV (λ=0.05)
15730,0.0007056108148348656,0.0009252833984338769,-0.7461128190669943,-1.5397482183176054,0.190031028750124,WLS-HAR-RV (λ=0.05)
20064,0.0013348053083058842,0.34882952658044514,1.5330500680445207,-3.1788742083970334,0.3212202320554435,WLS-HAR-RV (λ=0.05)
17093,0.00012313503033692884,0.08970168678891291,-0.26833405881845646,0.8427326037706325,0.2575757890307311,WLS-HAR-RV (λ=0.05)
22752,0.000256250054509551,-0.3715859159868191,0.3127370237410342,0.534694911396322,0.2319342760982771,WLS-HAR-RV (λ=0.05)
20382,0.000499490258322445,0.09256099502518139,-1.190766571369727,0.11435577115906204,0.11987080823811513,WLS-HAR-RV (λ=0.05)
30456,0.00031727194375420824,0.2982040901893984,0.12364197044162267,-1.1831255606472584,0.07158094717949615,WLS-HAR-RV (λ=0.05)
31463,0.0013341878592300898,-0.27939335877840565,2.574326590952994,-3.6321119506714217,0.32354053311924114,WLS-HAR-RV (λ=0.05)
27837,0.0003577638184768986,-0.005853097619792061,0.033773264874860875,0.08415765131776835,0.004667520270666192,WLS-HAR-RV (λ=0.05)
24437,0.0006157841204479221,0.1364768758557026,0.5383561302108437,-3.2084391357837667,0.16466476340696867,WLS-HAR-RV (λ=0.05)
19815,-0.00041634209490695094,-0.50598457642661,-0.9066808813777945,2.78764791553864,0.4230755372633883,WLS-HAR-RV (λ=0.05)
2932,0.0006569858387812164,0.26821147884013646,1.7777019132630183,-2.4181389012340917,0.20339603390860939,WLS-HAR-RV (λ=0.05)
19294,0.0008215097906368513,-0.2493391701786434,2.38270243358818,-3.2829597625369895,0.20218371687308945,WLS-HAR-RV (λ=0.05)
15568,0.0008230959462341833,-0.13794769882647323,-0.751716087812306,0.46835499944020237,0.10628740460098085,WLS-HAR-RV (λ=0.05)
23356,0.0004796654526620364,0.389783989490437,1.8179618516576006,-2.496433453863876,0.24606803069673122,WLS-HAR-RV (λ=0.05)
1363,0.0017364962566333636,0.15870398432778654,2.2434379240376896,-4.314799353788152,0.2296539891812477,WLS-HAR-RV (λ=0.05)
23462,0.0017555003360923919,0.3309625634169641,-3.6550287903447365,0.836767692938996,0.3650295375499062,WLS-HAR-RV (λ=0.05)
17217,0.0010783831790344269,0.04877245016874076,0.2981567666855677,-1.9393120177016536,0.17292848964290952,WLS-HAR-RV (λ=0.05)
12559,0.0013013163009646023,0.01766909865815461,1.9242305982197117,-3.401696721139638,0.09209941616922679,WLS-HAR-RV (λ=0.05)
19389,0.0007703221016174614,0.022921666452467546,-0.22345546927192178,-0.3635636150461193,0.023505266425706828,WLS-HAR-RV (λ=0.05)
18792,0.0010582571306712461,0.46076777547812425,3.3590088657851003,-5.2327217795788705,0.3179009189777524,WLS-HAR-RV (λ=0.05)
2267,0.00022098885784254193,-0.4321999237124385,2.206967269398611,-1.23344063109151,0.33666299018051593,WLS-HAR-RV (λ=0.05)
30527,0.000541875876791585,-0.014707808822835573,0.41611535375463615,-0.9793985834162588,0.09275920749651778,WLS-HAR-RV (λ=0.05)
29941,0.001375144580152756,0.25921090669916386,2.162099491235443,-5.76838278908548,0.5261192686289786,WLS-HAR-RV (λ=0.05)
14105,0.0026078480835714794,0.013328607280814234,3.0100060602297143,-7.9546684757842465,0.19163858748520401,WLS-HAR-RV (λ=0.05)
2656,0.0012889154883518835,0.6538249727571402,-0.20957064756048194,-2.0852181785547073,0.38948328989477266,WLS-HAR-RV (λ=0.05)
26938,0.0009278185370134164,0.2722208503383364,0.6913168302144604,-1.488550975815806,0.08401935979563835,WLS-HAR-RV (λ=0.05)
16601,0.0007404652811979504,0.17329641130880516,1.6431016417496456,-3.224903673427545,0.2475781661738733,WLS-HAR-RV (λ=0.05)
3987,0.0003286493576666548,0.15599739891764164,-0.5400214902981345,0.3794953544907613,0.048459784612279067,WLS-HAR-RV (λ=0.05)
26307,0.00032659590365332876,-0.14919606485687048,0.2359846494473563,0.29320184841248564,0.1056376577411795,WLS-HAR-RV (λ=0.05)
27158,0.0014026135134857214,-0.08383985494613133,1.6860086994879284,-4.613877654331433,0.17937012216178505,WLS-HAR-RV (λ=0.05)
20734,0.000485669591391134,0.1344460919741942,-0.12444547606637019,-0.37354770302277734,0.042883794841234724,WLS-HAR-RV (λ=0.05)
22903,0.00015266104065054446,-0.2894454811125499,-0.12037318875561653,1.0431907932842652,0.33046464655892593,WLS-HAR-RV (λ=0.05)
8534,0.0005623200124485774,0.7147903174053061,0.35872543893039055,-1.7598557071482774,0.44375359688880767,WLS-HAR-RV (λ=0.05)
14754,0.001622647645702033,0.49284761775472496,1.9027485636937078,-4.44461593991566,0.5532960361809587,WLS-HAR-RV (λ=0.05)
438,0.0003845830543965589,0.15657740814570587,-0.6966976942473713,0.5750004244368417,0.04494456979791961,WLS-HAR-RV (λ=0.05)
13410,0.000803545436624192,0.20595388920184587,1.1911628968407313,-3.173153860099617,0.14420139029459367,WLS-HAR-RV (λ=0.05)
12291,0.00029782978493591406,-0.28507658557512106,1.3113670053363418,-0.8311882862328563,0.21918273052055082,WLS-HAR-RV (λ=0.05)
8667,0.0010725773273645221,-0.053821323809018995,-1.677747862086318,1.1674580861041006,0.15236656771139168,WLS-HAR-RV (λ=0.05)
14311,0.00045597522650424837,0.22663885646360288,1.0459123461405901,-2.030718672566582,0.21605451543545562,WLS-HAR-RV (λ=0.05)
20673,0.001159789248726704,-0.1911804999885302,0.4107184784152002,-1.2163132667564518,0.05191701442852048,WLS-HAR-RV (λ=0.05)
8652,0.0004886941357636948,-0.0387186692841021,-1.4855429845230652,0.5636492987506233,0.20653288662056324,WLS-HAR-RV (λ=0.05)
25403,0.0006613922358235605,0.267506507338574,0.6924868639374793,-3.511279264931403,0.15881834111253068,WLS-HAR-RV (λ=0.05)
1310,0.0008013292797547581,0.4807723023350954,0.1589091428379037,-1.0863130710229718,0.19957799351686867,WLS-HAR-RV (λ=0.05)
8696,0.0008307286771185806,-0.025965238789938214,2.937499529382345,-4.289697532729837,0.23219678912151342,WLS-HAR-RV (λ=0.05)
30256,0.0006261258670912002,-0.07229220871904449,0.2767785150203942,-0.7870131013347292,0.031640916174426326,WLS-HAR-RV (λ=0.05)
28527,-0.00010868453858257248,0.41076331724946846,-1.5995691897637072,2.26465261686717,0.2516440431814213,WLS-HAR-RV (λ=0.05)
13960,0.0009464053636317879,0.4505775181774378,4.505587181167068,-8.714281907631115,0.32441781717120743,WLS-HAR-RV (λ=0.05)
12577,0.00046556648177770117,-0.18941129937861131,0.6118856557468478,-1.4714664151372936,0.1103052508123692,WLS-HAR-RV (λ=0.05)
14752,0.00042702028781227983,0.3333719703308884,0.3643387339674882,-0.4592015371008061,0.22012891930238088,WLS-HAR-RV (λ=0.05)
18703,0.000421872941289795,-0.20599828851313737,0.3620458080194619,0.3451175312504573,0.15203617638047418,WLS-HAR-RV (λ=0.05)
20469,0.00043257294747099705,-0.32168197731740394,0.16399172038722265,-0.3670357504032117,0.13638766081350218,WLS-HAR-RV (λ=0.05)
23136,-2.2698956073184955e-05,-0.418347482867548,-2.605118541078678,3.7631372528305165,0.35838007657705995,WLS-HAR-RV (λ=0.05)
8192,0.0002848341863752155,0.42460409464736926,0.2704255357248344,-1.006979680839059,0.16199469696920477,WLS-HAR-RV (λ=0.05)
28475,0.0001877341003939667,0.3652792684698866,0.23469530439256286,-0.09977286986189701,0.28166835825702197,WLS-HAR-RV (λ=0.05)
23254,0.0007097861001183498,-0.0919332266152788,-0.8421715257263103,0.5034504840553917,0.09285665906992491,WLS-HAR-RV (λ=0.05)
28745,0.0020221614240472307,0.17395388303748466,1.0330597557993548,-3.281535732702948,0.27436604962937783,WLS-HAR-RV (λ=0.05)
30805,0.0003737147595029408,0.32953720418956456,-1.3751861647968224,0.5952763586814517,0.16424444714469943,WLS-HAR-RV (λ=0.05)
27956,0.0009446686416848668,-0.038110380336186044,0.8679533116224682,-2.3561232186128422,0.07666298316333364,WLS-HAR-RV (λ=0.05)
854,0.0018685068566326344,0.23092120975232486,-0.9664776975328084,-0.35921369237152756,0.19599543006653253,WLS-HAR-RV (λ=0.05)
20430,0.0008419057495187264,-0.33888335248854945,1.1948240168809046,-2.6362636945287496,0.21383918278847192,WLS-HAR-RV (λ=0.05)
10619,0.00041138444702197596,0.0823721370739068,-0.903937430156161,1.1259324043394767,0.04046481835803195,WLS-HAR-RV (λ=0.05)
25087,0.0034280051173516033,0.8093924971771105,-0.4156960731739301,-4.698969576910689,0.24091801527720147,WLS-HAR-RV (λ=0.05)
26191,0.0006632606364698498,-0.09486032416808818,-2.2456938418972365,2.4527103380713204,0.17416802546082566,WLS-HAR-RV (λ=0.05)
5314,0.0002613692840086864,-0.10108881186756591,-0.896697468210156,1.2879972010479448,0.11176102867878257,WLS-HAR-RV (λ=0.05)
11887,0.00015048681147754013,-0.22413384642477252,-0.9426511957538926,1.682468096546632,0.10428068295581128,WLS-HAR-RV (λ=0.05)
4951,0.0008274273833635829,-0.08926607062794596,-0.3311652930403801,-1.0743423755062835,0.15575090406119063,WLS-HAR-RV (λ=0.05)
2844,0.0004976758463724048,0.012637069820690303,-0.4407263510054324,0.24719790960076318,0.023655414942868713,WLS-HAR-RV (λ=0.05)
17244,0.0004766346497309729,-0.056212884874372024,-0.7622335216022714,0.3594918225536336,0.07338280707788158,WLS-HAR-RV (λ=0.05)
21367,0.0005508483483821321,0.01908361480042,0.24227321317829642,-0.772134847775438,0.010403270056446035,WLS-HAR-RV (λ=0.05)
26835,0.0010541003031774134,-0.1859250362390835,1.3469103107405191,-3.4427905469057127,0.24693333080719027,WLS-HAR-RV (λ=0.05)
30327,0.002130106638574658,0.04005939386147139,-0.9198141979114809,-1.0241452455760203,0.3616625594023213,WLS-HAR-RV (λ=0.05)
16987,0.0011148499100885442,0.7223950309697302,-0.11980064288705894,-2.100581831931344,0.5248641804394187,WLS-HAR-RV (λ=0.05)
32235,0.0017740138402612118,-0.01579521648805384,0.49683603393264186,-2.4056644781678855,0.2840209779657553,WLS-HAR-RV (λ=0.05)
5658,0.0026967462795216314,0.38082987991094563,-1.5508175190967384,-4.628969012109886,0.5332793926648387,WLS-HAR-RV (λ=0.05)
4723,0.0017740984974040077,-0.07549523781871405,1.9537782467945408,-3.4717635071682604,0.19417818664547992,WLS-HAR-RV (λ=0.05)
25712,0.0004344786319404215,0.5651783362265587,-0.8438369869472464,0.5381730823561606,0.22811774111240346,WLS-HAR-RV (λ=0.05)
13096,0.0008899695187869027,-0.03725698377428492,4.114643720214738,-4.46035994609219,0.49333208360248937,WLS-HAR-RV (λ=0.05)
28244,0.0009493240636387675,0.4717807693528467,-0.06300600141234536,-1.1118575208835768,0.23073132124935003,WLS-HAR-RV (λ=0.05)
15798,0.0017642877080996514,-0.07737437705902035,-4.256744565832795,1.6792333990082176,0.441273295512539,WLS-HAR-RV (λ=0.05)
2436,0.0004780532627475973,-0.18819919103067215,0.5089169433030916,-1.0624740815080915,0.08788784876732247,WLS-HAR-RV (λ=0.05)
27833,0.0003434638354216515,0.18174936549626552,-1.8928926629915084,1.8737395422814638,0.23920563138756923,WLS-HAR-RV (λ=0.05)
30494,0.0014146140628002834,0.33003043600224286,-1.5864723310200004,-1.367327766866983,0.38475231201122595,WLS-HAR-RV (λ=0.05)
13941,0.0018138377516893124,-0.17619633426511985,1.6917142931177556,-4.056703519072063,0.17166937715750152,WLS-HAR-RV (λ=0.05)
18495,0.0008420208187898868,0.07936476721571407,-5.782186350194705,3.4546151992174896,0.4051898319289656,WLS-HAR-RV (λ=0.05)
11143,0.00028503870859216687,-0.059640067591045086,-1.5259328378812995,1.880005382675021,0.10582764035992842,WLS-HAR-RV (λ=0.05)
27317,0.0016982940991345872,0.38863374241290616,2.7971309330225025,-5.845414532442262,0.5679349152170127,WLS-HAR-RV (λ=0.05)
20630,-0.0009022116934621973,0.11182804664564963,-1.4459392094682229,3.2290759604671164,0.35475386563868216,WLS-HAR-RV (λ=0.05)
28839,0.0005732304960558984,-0.5471970561267507,0.1535720084213572,0.5199430512182652,0.2843821201337532,WLS-HAR-RV (λ=0.05)
6822,0.0008622264956837762,-0.38133373296584117,0.96578042623615,-1.4546900302685664,0.3420766583618734,WLS-HAR-RV (λ=0.05)
18916,0.00038692291993707426,0.48031652271122766,0.03268896794372067,-0.9569818861699886,0.15525380599556382,WLS-HAR-RV (λ=0.05)
18629,0.0005212137627623412,-0.3605161076188975,1.321534469698876,-1.4102866898078863,0.15586472775333982,WLS-HAR-RV (λ=0.05)
4142,0.0009907764550765197,0.783120898234816,1.116531113746745,-4.217797170800777,0.699351700757787,WLS-HAR-RV (λ=0.05)
5512,0.0004157882965617141,-0.011139173030727952,-1.5612940573514418,1.3218500206221537,0.2396340802927086,WLS-HAR-RV (λ=0.05)
30793,0.0008628039425213835,0.2240352491145252,-0.025457505397153746,-1.0091267742552246,0.17072594443655786,WLS-HAR-RV (λ=0.05)
8918,0.00043981445530997843,-0.29788248069684936,1.872794875600415,-1.6508197815314507,0.30625344030041357,WLS-HAR-RV (λ=0.05)
951,0.0019263451179374119,-0.22175935894475884,1.8126657793265097,-4.447628182830789,0.23126624015271113,WLS-HAR-RV (λ=0.05)
7799,0.0006640729437834428,-0.18053855808485364,-5.168743704331836,4.434698083559509,0.635757927695471,WLS-HAR-RV (λ=0.05)
18000,0.0006502047489880078,0.01781243027554909,0.4704063946970466,-1.18286893954142,0.2207854167153961,WLS-HAR-RV (λ=0.05)
2219,0.00089209212222937,-0.08390384545424384,0.13575958854510256,-1.6097719813248181,0.1307040668895909,WLS-HAR-RV (λ=0.05)
13646,5.1343153583855404e-05,-0.31277054066150417,-0.19796909860076561,1.7936497858173015,0.3857785268273858,WLS-HAR-RV (λ=0.05)
8101,0.0009250726762750251,-0.03823176054034306,-1.6752823248217676,0.9866466751943321,0.19161722977611528,WLS-HAR-RV (λ=0.05)
23147,0.001294873565940071,-0.056626171129717046,2.133185272240865,-3.6622856791474367,0.16607965449426476,WLS-HAR-RV (λ=0.05)
4266,0.0007056218190761778,0.07620731191272877,0.7838636931802718,-1.3365955511712855,0.04706480052110462,WLS-HAR-RV (λ=0.05)
17448,0.00012555648237756294,0.694026845741817,-0.287194454626597,0.16830151171898805,0.554653221129883,WLS-HAR-RV (λ=0.05)
30350,0.0008932448444310547,-0.07236757722315766,-0.11011578186441828,-2.043997912814448,0.1876784759293757,WLS-HAR-RV (λ=0.05)
6819,0.0010685651490586457,0.03922557184942231,-0.607253446591058,-2.4942924008900187,0.26816602882398743,WLS-HAR-RV (λ=0.05)
16900,0.0009881746356710627,0.5501500748595693,-1.8977841793992138,-0.6255705982065284,0.4266158975737835,WLS-HAR-RV (λ=0.05)
18878,0.0023604782585269217,0.053949541825179,-1.0487633344884117,-2.9834853157774854,0.1850375347198122,WLS-HAR-RV (λ=0.05)
20559,0.0005248693356199571,-0.37993526943036104,1.9467639834155221,-2.7069085935195427,0.1889111233080153,WLS-HAR-RV (λ=0.05)
32751,0.0002482569897996347,-0.001278367940338224,0.9956156900097001,-0.541772156130557,0.1525573210413036,WLS-HAR-RV (λ=0.05)
25359,0.0018960273476460224,0.01727847538131875,0.05284849680699932,-1.6388557636425076,0.10106493406584593,WLS-HAR-RV (λ=0.05)
15486,0.0006584352003655953,0.005698068237551077,0.8609616144905641,-1.7629354088102798,0.06545267347146533,WLS-HAR-RV (λ=0.05)
6359,0.001559341256482218,-0.40100177735132714,-1.5164696435834366,0.8685317516644905,0.35988308659645707,WLS-HAR-RV (λ=0.05)
6286,0.001908283572340155,0.49169716503990857,2.0694481050255824,-5.9464335659965695,0.2670147724213249,WLS-HAR-RV (λ=0.05)
32119,0.000779433338342539,0.56040831255082,0.3452320813101284,-1.3753693526949504,0.22931483893235471,WLS-HAR-RV (λ=0.05)
12728,0.0005110925386037946,0.42364566785611313,-0.5563360977100504,-0.11638658886771053,0.34425986406525166,WLS-HAR-RV (λ=0.05)
25094,0.0013960725490521255,0.02658836470909196,-0.6062101200549808,-1.9301188886229474,0.39096546475557303,WLS-HAR-RV (λ=0.05)
27595,0.0031853691231573883,0.6347251806181193,3.6388048441830474,-6.442705626715203,0.3781938731638008,WLS-HAR-RV (λ=0.05)
5809,0.0011719166560070892,-0.11685644712149046,2.6688258058187246,-5.139839357565174,0.21662449031676823,WLS-HAR-RV (λ=0.05)
28958,-0.0003636367993327906,-0.19594470065468142,-0.12134269450652979,1.7656084711999258,0.20741239758537444,WLS-HAR-RV (λ=0.05)
24022,0.0012933666517874257,0.2504545893590027,1.6661924413702294,-2.7950893513714825,0.19360300083645698,WLS-HAR-RV (λ=0.05)
15595,0.00022967953407607953,-0.08199426161512739,-1.0681731679793791,1.2692530698477158,0.04080264262490174,WLS-HAR-RV (λ=0.05)
20914,0.001648132898404118,0.08398131291636328,2.058312630710875,-5.032718284921803,0.14779204685673342,WLS-HAR-RV (λ=0.05)
14077,0.0006826713507814895,-0.08215449666108675,-1.3470361755992597,1.223621903950995,0.16380192581779873,WLS-HAR-RV (λ=0.05)
12964,0.0012703622592176791,-0.10829027070681216,2.95270660647912,-6.041205739233567,0.27816195864873106,WLS-HAR-RV (λ=0.05)
25331,0.0016161213807780773,0.3036345291635933,4.43258439376011,-6.6022923865547956,0.5800594169793957,WLS-HAR-RV (λ=0.05)
1651,0.0004295404449703412,0.027533422102129432,-1.6319627516311825,1.0636083797943345,0.1358849021963333,WLS-HAR-RV (λ=0.05)
11962,9.2198248074997e-05,-0.013628890841507443,-0.44949902861905844,1.005985546135602,0.0330125417933933,WLS-HAR-RV (λ=0.05)
14445,0.0006390556451661662,-0.05085864992394224,-2.4230418684340407,2.746291844663689,0.3913496353080068,WLS-HAR-RV (λ=0.05)
17966,0.0004812069617794651,0.031156546464440216,-0.639331483568659,0.14841205724435247,0.13912285924426537,WLS-HAR-RV (λ=0.05)
1020,0.00024664840966600124,0.5176178463659424,-0.6907941276533456,0.5112094394382672,0.29851676729618637,WLS-HAR-RV (λ=0.05)
7213,0.001670926394475932,0.01151467276971332,1.337982055584168,-3.983273692258503,0.19007655137377844,WLS-HAR-RV (λ=0.05)
1789,0.000851156098906787,-0.030177917525776983,3.634129941460854,-4.8552275056693555,0.2816996016037704,WLS-HAR-RV (λ=0.05)
26204,0.0004455678264043521,0.2550146646498869,1.5094575179994232,-2.4105520157449067,0.23784562321141334,WLS-HAR-RV (λ=0.05)
25463,0.0012938377838922295,-0.2936343201743268,1.0291245075135245,-1.5097276635055155,0.1810998304199689,WLS-HAR-RV (λ=0.05)
19271,0.003221363325486095,0.10017173658155686,1.4876140851531658,-4.588405780166995,0.27922216810585365,WLS-HAR-RV (λ=0.05)
4226,0.0033621062302213378,0.01510482293227503,0.7808087746412848,-3.5856197683653295,0.12411930479805244,WLS-HAR-RV (λ=0.05)
31434,0.00043076441978176614,0.0037129116902910285,1.3082845776201992,-1.040978421868941,0.35757521016925686,WLS-HAR-RV (λ=0.05)
24535,0.0012029979211903926,0.06638187629056869,1.7154701460045156,-4.65281720297444,0.249069715478913,WLS-HAR-RV (λ=0.05)
16699,0.0028845432767764306,0.2102475529953252,0.11286372244078358,-5.550271015249483,0.21519275972506569,WLS-HAR-RV (λ=0.05)
16460,0.001086456431899135,-0.37592398544773054,-1.6226233222520356,1.0890980940465287,0.31233681836528826,WLS-HAR-RV (λ=0.05)
13989,-0.00045176853089688533,-0.1445249335170644,-1.3817104882013072,3.130582407045764,0.1377036440626398,WLS-HAR-RV (λ=0.05)
20691,0.0028024552765743495,-0.038201552595498685,1.2187016003037114,-4.414349306141524,0.18186934854992254,WLS-HAR-RV (λ=0.05)
31733,0.000952811843375592,0.07118668737884365,1.445426065638413,-3.3951315854075093,0.23640239591321088,WLS-HAR-RV (λ=0.05)
16560,0.000632154675073627,0.05869593852770679,1.396773977157011,-2.235265734292488,0.31966964799156106,WLS-HAR-RV (λ=0.05)
22622,0.0024230620539895604,-0.3032605489992211,0.9806609066406282,-6.646079663638245,0.44062162143692785,WLS-HAR-RV (λ=0.05)
26168,0.0018730503132485614,0.06373413827517456,2.7478008756278913,-4.570281149084895,0.3234490971756384,WLS-HAR-RV (λ=0.05)
19735,0.0036688521929317645,0.7024042526282751,0.0925844036976311,-3.18244311491302,0.3727927101654086,WLS-HAR-RV (λ=0.05)
11559,0.001874210929069611,0.07004375320238969,2.2519952686501017,-5.450142431664557,0.14467865662130008,WLS-HAR-RV (λ=0.05)
20995,0.0002832099544827518,-0.2653205448377909,-0.17770228061889273,0.6588869686488009,0.09091393231272926,WLS-HAR-RV (λ=0.05)
1022,0.0010070307399424638,0.24820773528083168,1.2085728564630256,-3.3204939421360247,0.2381281940698763,WLS-HAR-RV (λ=0.05)
29679,0.0016732137711044889,0.0031886250435713493,0.919959964091051,-2.189451322463643,0.13734785028831253,WLS-HAR-RV (λ=0.05)
12666,0.0009446896198768045,0.03289650630542489,0.4485488052198607,-1.5306375332819018,0.10429218030312903,WLS-HAR-RV (λ=0.05)
18042,-3.8019001866044404e-05,-0.13118082751149504,-1.139951679842244,2.121964992467357,0.1034722518958815,WLS-HAR-RV (λ=0.05)
14016,0.0012080930717039708,-0.047189686419395735,1.5161528285623647,-2.786165324884908,0.2896078046924032,WLS-HAR-RV (λ=0.05)
29336,0.0007533685535969666,-0.01961051951897519,0.09083925175493912,-1.6484132639237665,0.10630952701526941,WLS-HAR-RV (λ=0.05)
28539,0.0010842730266010148,0.11780121770610419,1.575868373494698,-2.0462634319144,0.22890069187407036,WLS-HAR-RV (λ=0.05)
11864,0.0008046035801487995,0.05868791353768724,0.5871814051686142,-0.717125117204966,0.03907970831088037,WLS-HAR-RV (λ=0.05)
15393,0.0011576874741742182,-0.045838930311197575,1.7652598822084298,-2.075337056284436,0.1363354498278918,WLS-HAR-RV (λ=0.05)
27511,0.0006831368126294327,-0.3793384440600572,-0.21502847370137776,0.7143991853433567,0.10583537734740034,WLS-HAR-RV (λ=0.05)
19527,0.0003831626130394862,-0.3607517767919894,-0.5825712620938848,0.9283521349808249,0.10327700677033003,WLS-HAR-RV (λ=0.05)
3922,0.00042741209643549095,-0.1582808516514826,2.2636267362426485,-2.702061413388821,0.11081235565416736,WLS-HAR-RV (λ=0.05)
10150,0.0034923861820416262,-0.18566834808396518,6.9820802335648535,-10.382728328508989,0.5587692804992718,WLS-HAR-RV (λ=0.05)
11764,0.00017640390341195858,-0.4331107680632576,-0.6231943300711656,1.8936647004375946,0.18993386468712492,WLS-HAR-RV (λ=0.05)
15836,0.0008139490621075007,0.25591364923086257,2.608441682886126,-4.229284638200572,0.15454672877108833,WLS-HAR-RV (λ=0.05)
8706,0.00045595500092564717,0.2035685493907581,0.879471794133361,-1.0298733621724276,0.28517580144473986,WLS-HAR-RV (λ=0.05)
30748,0.0007777837174210208,-0.17296549820283413,-3.569084939657082,1.8668874622553153,0.5089542799923561,WLS-HAR-RV (λ=0.05)
25755,0.0014241756642481814,-0.05252079461751556,2.733727331001661,-3.4991637549228094,0.1797463468287287,WLS-HAR-RV (λ=0.05)
8773,0.000931284676117293,0.06343151634667527,-0.6061732155870672,0.05719793158363762,0.07109815733668523,WLS-HAR-RV (λ=0.05)
1404,0.002643908914708418,0.39662659939280254,2.127330247011586,-8.035741431034888,0.20252432935109688,WLS-HAR-RV (λ=0.05)
27854,0.00129193098281402,0.29380493936800184,-0.24056619586841288,-1.3651048906833168,0.15971601300457983,WLS-HAR-RV (λ=0.05)
12250,0.0014675747702574894,0.2375155684777594,-0.6764838292041837,-2.1843055698167637,0.3168645088023967,WLS-HAR-RV (λ=0.05)
24050,0.0009882808895454462,0.24554093791704518,0.24662045649387482,-1.291957139539407,0.07542091832782827,WLS-HAR-RV (λ=0.05)
13097,0.0010212170651369345,0.18438741533085334,3.38268895528514,-4.765314685869749,0.6366402501053294,WLS-HAR-RV (λ=0.05)
5803,-0.0006794451180594887,0.16024916001212391,-1.9823210366730344,3.988932597068264,0.22183220629364298,WLS-HAR-RV (λ=0.05)
12713,0.0006663933131762068,0.14228494058732344,-1.2056223450075643,0.6432040486008924,0.1288635456001841,WLS-HAR-RV (λ=0.05)
16328,0.0005339937283314305,0.3291615764432023,0.44046610990584567,-1.0277241534431263,0.24427900066059527,WLS-HAR-RV (λ=0.05)
6632,0.0006785309371510446,0.22475598796955415,-0.010858054955451196,-0.17907709913856729,0.03480602100214436,WLS-HAR-RV (λ=0.05)
23683,0.00030799020277144906,-0.2482004041957488,-1.6676751875360425,1.9413835794110847,0.15639936041663516,WLS-HAR-RV (λ=0.05)
3685,0.0010577314084926695,-0.0795913841408798,0.4737007842147806,-1.2768779615471257,0.0634526746738101,WLS-HAR-RV (λ=0.05)
31854,0.0021768950662334305,-0.33858087687730004,0.9283625750265422,-2.2380339868245276,0.25702675331209524,WLS-HAR-RV (λ=0.05)
26197,0.0010905350594403547,0.09095723154794245,0.7892897161182706,-2.163474645750285,0.10147091908615857,WLS-HAR-RV (λ=0.05)
4004,0.0018768619458560017,0.16149522406663966,1.4169514470336824,-2.898663494089977,0.13749811602560136,WLS-HAR-RV (λ=0.05)
2631,5.009250380724853e-05,0.03920845024577554,-0.2737737042518396,0.9961352836830483,0.10356941944933906,WLS-HAR-RV (λ=0.05)
32352,0.0010476851768892557,-0.04548952715206409,-0.18372410208196213,0.05927933783148484,0.012967329843811104,WLS-HAR-RV (λ=0.05)
2185,0.001574226122930256,0.47663700518617413,1.003302434833102,-4.866033416995873,0.30738681735638795,WLS-HAR-RV (λ=0.05)
6777,0.0011055772802744711,0.39821785092811174,-0.2063323834523978,-1.2538687209596593,0.2180616480279851,WLS-HAR-RV (λ=0.05)
13019,0.0006590792382033949,0.3579383658045501,-0.4201218376696887,0.1959569921589454,0.12597016198442101,WLS-HAR-RV (λ=0.05)
627,0.00034298610629255124,0.12091906182237724,-0.8278226209183552,0.47890907610612365,0.05822036211957604,WLS-HAR-RV (λ=0.05)
2553,0.002772067598745975,-0.08262503247427627,1.6335128659022977,-3.477930798424085,0.17888665493010447,WLS-HAR-RV (λ=0.05)
22941,0.001524190774756136,0.14925350846450217,1.1529841545296726,-2.763339334830953,0.15207775045497562,WLS-HAR-RV (λ=0.05)
18956,0.0005386035126752717,0.04189719607508529,0.20729564983370258,-0.9787348219050869,0.13156637376112612,WLS-HAR-RV (λ=0.05)
13394,0.0008549967238808096,0.05372595445388051,1.42746958872919,-1.8280724752322755,0.18722542366290928,WLS-HAR-RV (λ=0.05)
3668,0.0024603206314664865,-0.016704844588979917,-0.18812418877965564,-1.9104989196220998,0.12842682735988187,WLS-HAR-RV (λ=0.05)
745,0.0008539574941964008,0.49613600561504106,-0.24938492262563994,-0.7715615128211857,0.25150674838540454,WLS-HAR-RV (λ=0.05)
30598,0.0010552975125734162,0.12407448066263732,1.2704703431284474,-2.53997694561904,0.13788976455188773,WLS-HAR-RV (λ=0.05)
14483,0.0018189206652467222,0.3720017439830821,1.1969003160212441,-3.704609029817643,0.25137431849105796,WLS-HAR-RV (λ=0.05)
16611,0.0008180977387742883,-0.12243579661500614,-4.374700160180351,3.310734493809703,0.5534494007682838,WLS-HAR-RV (λ=0.05)
15335,0.0011255308373135874,-0.018438018621146503,-0.3767637358758573,-1.3845664526159769,0.11729694591817508,WLS-HAR-RV (λ=0.05)
5149,0.00025721399841991343,-0.3490525985987436,0.19780018247535475,0.42514127858730966,0.10186288075163075,WLS-HAR-RV (λ=0.05)
27127,0.0011584368564513366,0.1459131091804374,2.2590068369325844,-2.7009201984700315,0.6027990929701259,WLS-HAR-RV (λ=0.05)
19034,-7.782390658244348e-05,-0.4193904468867939,-0.12196865744544583,1.5158712791773785,0.2948099807009219,WLS-HAR-RV (λ=0.05)
3327,0.0001109226567377832,0.42694363775879907,-1.0583898288527815,1.4713919125353527,0.1784740485206605,WLS-HAR-RV (λ=0.05)
1158,-0.0010566342355171647,-0.012014698313112221,-1.9468394611553062,4.50286071345284,0.10345808751993446,WLS-HAR-RV (λ=0.05)
6489,0.0009001593019039628,-0.08622577043718935,0.054968039629815335,-1.9220443298027607,0.14040255889968545,WLS-HAR-RV (λ=0.05)
3323,0.00122496713649258,-0.24236812734395968,1.493456994470825,-2.6372201553231807,0.29587775920106774,WLS-HAR-RV (λ=0.05)
31433,0.0008188577547791884,0.027182376547798124,1.595299289911824,-2.9075858821062255,0.10581771802670203,WLS-HAR-RV (λ=0.05)
28020,0.0021179039692547663,-0.0589164996134282,0.357259570989119,-2.7590672388677384,0.18238670053287398,WLS-HAR-RV (λ=0.05)
17876,0.0009254193806868319,0.45138474400531065,0.19803453732516219,-1.680983633094114,0.1881171891715293,WLS-HAR-RV (λ=0.05)
8011,0.0011081712108684247,0.09912073104586194,2.5908004120648984,-4.267924019269718,0.2489749935993918,WLS-HAR-RV (λ=0.05)
21437,0.0014622003593935977,-0.25050686922153376,0.5829318975765896,-1.5996825590775663,0.22155694801028925,WLS-HAR-RV (λ=0.05)
17820,0.001017942675977152,0.5179172911463095,1.3528645111503244,-2.617445042742809,0.3569679740828886,WLS-HAR-RV (λ=0.05)
11641,0.00013264816169386914,0.16594113649206155,-0.7914747847173498,1.1085360938580147,0.0452874992137392,WLS-HAR-RV (λ=0.05)
16519,0.0010427121050028043,-0.30613325038643335,0.8879763084559325,-1.9411956248310436,0.44519642129316295,WLS-HAR-RV (λ=0.05)
9028,0.0011096247863955824,0.06319427445259108,-0.41565008767612616,0.021891008398895795,0.024951321268935178,WLS-HAR-RV (λ=0.05)
11874,0.001960150129808402,0.15542769082664254,1.0170411364606986,-4.572902673936143,0.2360608102044306,WLS-HAR-RV (λ=0.05)
31133,0.0015170299318879375,-0.0010528637648276984,-0.006137905343704397,-1.446373890594706,0.08644415791554327,WLS-HAR-RV (λ=0.05)
22042,0.00027507940603636454,0.44673385056809767,0.8802043280837537,-1.0540499165019068,0.303127817428653,WLS-HAR-RV (λ=0.05)
32631,-0.00013079385523577226,-0.2238840679944131,-0.18184360595667204,1.5994061960430248,0.22286571815983092,WLS-HAR-RV (λ=0.05)
5916,0.0012436986615016613,0.6662441212091164,-0.7137631854189208,-1.1284464137598464,0.31242944873160516,WLS-HAR-RV (λ=0.05)
5425,0.0018134527161542983,0.03100549241131687,1.7391280925619177,-3.904428969892521,0.19342805980244293,WLS-HAR-RV (λ=0.05)
2444,-4.411603756346175e-05,0.27075460677722063,-1.0429536776950457,1.550704558642976,0.21639086475619274,WLS-HAR-RV (λ=0.05)
17888,0.00024382145723818188,0.27773149277163506,1.2780241081972394,-1.4543400958333885,0.35664543455942654,WLS-HAR-RV (λ=0.05)
12102,0.0013713482396278602,0.29861606418440245,0.6484894396469296,-1.7445553015979898,0.20501840455581577,WLS-HAR-RV (λ=0.05)
4060,0.00044948108059943923,0.629225189552789,0.14154178694283095,-1.1476066911117868,0.3389486955763408,WLS-HAR-RV (λ=0.05)
17530,0.0002919601778625081,0.08845812267836682,0.3097768311976518,-0.06347817854317031,0.06805932156238526,WLS-HAR-RV (λ=0.05)
12419,0.0009742116661232033,-0.4848123782865229,-2.0146367729270804,1.2806119741327642,0.48999545262164645,WLS-HAR-RV (λ=0.05)
18999,-0.0003795759352559207,0.3307300287223291,-0.5528770492248013,1.6516008553101076,0.23171246693673142,WLS-HAR-RV (λ=0.05)
12852,0.001331632941355967,-0.27868566894139524,0.10413310525666003,-1.0619726905950508,0.260923553831898,WLS-HAR-RV (λ=0.05)
303,0.0015697605413565832,0.5599302978865296,0.6014394481764346,-1.9999520600701628,0.35248819702427525,WLS-HAR-RV (λ=0.05)
15633,0.0009509898236308351,0.05963995014207004,1.2205436841008863,-2.1393054639858073,0.12302754202317179,WLS-HAR-RV (λ=0.05)
10072,0.0019014618989530749,0.47184330205366104,0.042616617437970516,-2.4967682650087437,0.3824527699336945,WLS-HAR-RV (λ=0.05)
19542,0.002346560832838285,0.0026424480273495986,0.10261157695885892,-2.980743889751243,0.2749672306341151,WLS-HAR-RV (λ=0.05)
15209,0.0008121056468069559,0.24218435268209149,-1.2603550760287443,0.6673518645833283,0.17184380607374927,WLS-HAR-RV (λ=0.05)
10530,0.0008382179476828264,-0.034616785448245986,0.8387719823635909,-2.2756723701997466,0.1225725267838792,WLS-HAR-RV (λ=0.05)
16614,0.0029298631023940234,0.31003216800474276,0.24843246012684217,-6.144304948160708,0.4097942968052448,WLS-HAR-RV (λ=0.05)
20406,0.0010788529453304736,0.5928090974560198,-0.04749500399824713,-1.6229120476105923,0.3607473849136308,WLS-HAR-RV (λ=0.05)
15757,0.0011653403909680383,0.6625066599950198,-0.7370283625708465,-1.9186324484677364,0.4359028074550214,WLS-HAR-RV (λ=0.05)
6782,-9.483610832722582e-05,-0.774912850622908,-0.8380868132089159,2.8648806299206595,0.43335343287276784,WLS-HAR-RV (λ=0.05)
24385,0.0007895653552696428,0.6644462996345455,-0.12319760114908324,-0.37822045230039814,0.3817218853029307,WLS-HAR-RV (λ=0.05)
22355,0.0008617730266838305,0.535631716740906,-1.6320978480760524,0.09220628527017039,0.5578993151150092,WLS-HAR-RV (λ=0.05)
13163,0.0005373623956431818,0.320492301669519,-1.0074163206432205,0.3801673143093136,0.16046370829840284,WLS-HAR-RV (λ=0.05)
8675,0.0023928656450902044,-0.32375719453745516,0.17949058477872176,-1.0237641855728405,0.24969064938223273,WLS-HAR-RV (λ=0.05)
26273,0.0013308447250089085,0.16390658698419308,1.0492928417689096,-2.5812133570529867,0.16453882327680036,WLS-HAR-RV (λ=0.05)
14065,0.0012377991172968926,0.3878633440165568,-0.030536367578341217,-2.4030084760766446,0.2479742558277115,WLS-HAR-RV (λ=0.05)
11048,0.0009003481942073277,0.08010370802463396,1.8119058079297443,-2.639704450805077,0.16169236403015008,WLS-HAR-RV (λ=0.05)
1037,0.0005087424193892727,0.070636332187029,-1.6866670699286261,1.6048917588814593,0.1518742325186554,WLS-HAR-RV (λ=0.05)
20057,0.0012079806045284488,-0.18510609551707935,-1.1598304048335022,0.6836998259017083,0.10143110616544937,WLS-HAR-RV (λ=0.05)
16666,0.0029463575979561257,-0.7405140844414758,3.444668665054137,-6.905091384899249,0.4681067759138339,WLS-HAR-RV (λ=0.05)
9000,0.0004975445180050208,0.08310889802346422,1.5531292762002349,-2.3945035544339044,0.15084098312505068,WLS-HAR-RV (λ=0.05)
7668,0.0033091875840858343,0.0322880032071654,1.261770715426446,-6.606443427245606,0.14597006086181852,WLS-HAR-RV (λ=0.05)
29943,-0.001916409436120003,0.1657435750068075,-2.1798642974573768,5.5219348674448945,0.26957640563861895,WLS-HAR-RV (λ=0.05)
22898,0.0005243128075690766,-0.21831814555691595,0.2846276873331558,0.2666752212252945,0.06871926084547497,WLS-HAR-RV (λ=0.05)
31656,0.0008922772155738853,0.5745833195585255,-0.021218732692347197,-1.0381917701385752,0.29933746697521135,WLS-HAR-RV (λ=0.05)
10326,0.0005796236099429999,-0.06058859121486695,2.5231160186799846,-2.3761411099428935,0.5529360096170026,WLS-HAR-RV (λ=0.05)
13792,0.0012613895974852266,-0.041906503363133986,-1.371024132218931,-0.10477290384426574,0.3041487937913201,WLS-HAR-RV (λ=0.05)
23579,0.0005754821025288487,-0.13811562804508887,0.13701207763073675,-0.3107922461883505,0.023641235788328885,WLS-HAR-RV (λ=0.05)
26155,0.002045507458446433,0.6016183816151406,-0.2805623205296348,-1.4588574298545653,0.29838900348179087,WLS-HAR-RV (λ=0.05)
5704,0.0005753166783751976,-0.003920541715063329,-0.2314767323177434,-0.2741982940736062,0.03526917560429421,WLS-HAR-RV (λ=0.05)
30620,0.003663250473621,0.5910994111732824,-1.8717921190802218,-3.026560735062925,0.5870994828897977,WLS-HAR-RV (λ=0.05)
18912,0.001230265583257237,0.11422650673609237,0.47980221562686265,-2.177329460261822,0.21303938595893535,WLS-HAR-RV (λ=0.05)
27289,0.0008854289154474958,-0.39445331643169734,0.7378882637504639,-0.5434938698140646,0.15513410030879027,WLS-HAR-RV (λ=0.05)
325,0.00121821538420509,0.3065519237956846,2.495749734196184,-3.4080121297885473,0.18030596822731038,WLS-HAR-RV (λ=0.05)
26555,0.0006261918045658361,0.13332122160777346,0.509423395893818,-1.2196886469330872,0.0998550980693812,WLS-HAR-RV (λ=0.05)
14001,0.000814268788343214,0.023411133722805132,-0.4944907854108208,0.28560100288198603,0.1273219205412306,WLS-HAR-RV (λ=0.05)
23972,0.0009685361735821611,-0.13521510149006652,2.1738725340538783,-3.21327360722637,0.24045104865651945,WLS-HAR-RV (λ=0.05)
8168,-0.0001556784581936651,-0.11314227667669434,-2.503295379362039,3.665095109699876,0.16750766249790328,WLS-HAR-RV (λ=0.05)
15132,0.0016134403077435234,0.6501604081207828,-0.8307545391458928,-2.834517752090645,0.5537656012316163,WLS-HAR-RV (λ=0.05)
24894,0.001668321044999041,0.19423285073099247,0.0475674650352485,-0.9155876832806162,0.05027188164091634,WLS-HAR-RV (λ=0.05)
8190,0.0006476986430581715,0.2517396463317249,-1.2603666063792647,0.7871211813248132,0.1722816968520824,WLS-HAR-RV (λ=0.05)
19459,0.0025064580249990623,0.6015833392617187,1.65935933778115,-6.652108044234754,0.40974322498486115,WLS-HAR-RV (λ=0.05)
23724,0.0014268424193854931,0.08293186917544383,-0.9369475289366888,-0.28885039365254256,0.1452297945844323,WLS-HAR-RV (λ=0.05)
6904,0.0007891058758529301,0.2864800704296139,1.7068705947720106,-2.786055070761469,0.2718508223353795,WLS-HAR-RV (λ=0.05)
7845,0.0009251911542284255,-0.18076853278812238,0.5064909555386703,-1.2760807934711664,0.09650223371787592,WLS-HAR-RV (λ=0.05)
7013,0.0017243750369752495,-0.2944459208147766,1.2121918286764153,-2.1738150050481813,0.09889907445100965,WLS-HAR-RV (λ=0.05)
15194,0.001184698041745754,0.23555735504132227,2.430380756060049,-4.436448985418686,0.31164023328045154,WLS-HAR-RV (λ=0.05)
16746,0.0007520682413874137,0.02707486184579584,0.043964064505227385,-1.867054540427589,0.09032204555986068,WLS-HAR-RV (λ=0.05)
12703,0.0009874386653396777,0.21688523985789374,-0.5824113301440406,-1.2658822779370373,0.24839109325883657,WLS-HAR-RV (λ=0.05)
20927,0.0006659638179607137,0.39028915753703997,-0.017800859367429145,-0.780051371076679,0.15879690113839728,WLS-HAR-RV (λ=0.05)
10949,0.0005331987471281518,-0.3483881405155906,1.2481784788264565,-0.5010313464442652,0.10934698937966125,WLS-HAR-RV (λ=0.05)
22289,0.0019582750746436712,0.09999623043640862,-0.3407336116927199,-1.0677704430046422,0.10063246377651935,WLS-HAR-RV (λ=0.05)
15462,-9.329160048102678e-06,-0.1736930031606342,0.3035262051591361,0.7635014681547707,0.17404220582414076,WLS-HAR-RV (λ=0.05)
30492,0.0009039679826050612,-0.2647924657197527,1.4153165710784859,-2.0535032632469514,0.09542400334987,WLS-HAR-RV (λ=0.05)
7864,0.0018978418987282875,0.09014405221410976,1.490233128570103,-2.574152071300219,0.12347002695327924,WLS-HAR-RV (λ=0.05)
15627,0.003498785551479401,0.3160162758791708,2.701220068688733,-8.880750266198381,0.4277567818316106,WLS-HAR-RV (λ=0.05)
31789,0.0009937786323556156,0.28566305243475487,0.38684363014114237,-1.4779020225369923,0.12945739819874058,WLS-HAR-RV (λ=0.05)
4867,0.0004996447553918326,-0.007193838361309675,-1.626568506881632,0.6941181403016106,0.1973201435311407,WLS-HAR-RV (λ=0.05)
9300,0.00046164829386047203,-0.20225877092664457,0.4116518357317377,-0.2040387361048323,0.040091706343331035,WLS-HAR-RV (λ=0.05)
3737,0.004771093338329202,2.7321670853224935,-0.1336071722191119,-9.219231514142445,0.20645085821173115,WLS-HAR-RV (λ=0.05)
4615,0.0007892261631331296,0.2268395205717294,0.48608454395811646,-1.150989005275175,0.1327916290580079,WLS-HAR-RV (λ=0.05)
15008,0.0010976518344028257,0.03457478852508717,-3.0258477865222417,2.024451751598452,0.25398089066065277,WLS-HAR-RV (λ=0.05)
29568,0.00046777336158336383,0.07151816097815086,0.6974981958923054,-1.5809536457173832,0.06283455587459019,WLS-HAR-RV (λ=0.05)
22695,0.001074304494171704,-0.20870671613407807,0.6600928177985467,-1.332413086333148,0.06377327522113374,WLS-HAR-RV (λ=0.05)
20405,0.0031261323911756416,-0.048224145996723075,0.7312297220853541,-2.1146059461707716,0.1359617733988635,WLS-HAR-RV (λ=0.05)
11389,6.034119231349168e-05,0.14575474247748738,-1.981959888868871,2.3784973614735887,0.06422854432372471,WLS-HAR-RV (λ=0.05)
1563,0.0045551134788884085,-0.1654572728389687,-0.0484689934940985,-6.758366435898871,0.38242139126511143,WLS-HAR-RV (λ=0.05)
21634,-0.0004625984938346372,-0.2962006191560717,-0.8294204609452221,2.644197191541725,0.1894954942091558,WLS-HAR-RV (λ=0.05)
19255,0.0012494850110188495,-0.01641501787832496,-0.7475459408125954,-0.17817096648585173,0.1995174279756814,WLS-HAR-RV (λ=0.05)
7055,0.0004784287763111867,-0.20737010338535838,-1.1086373748559917,1.4688325535631217,0.1414266978891009,WLS-HAR-RV (λ=0.05)
26599,0.002071801660441936,0.29325273124494133,0.8710633050022323,-3.5086641877961573,0.10054038398729115,WLS-HAR-RV (λ=0.05)
5391,0.0017046463779108044,0.2671457807261622,1.0643845595202868,-2.109989918630305,0.2991775350036694,WLS-HAR-RV (λ=0.05)
22392,0.0007783951833954929,-0.020387999513507442,-1.064339623882243,0.2471520352574006,0.1417124012094877,WLS-HAR-RV (λ=0.05)
12949,0.0002177956280125731,-0.027706402924741105,-0.09428640310631597,0.6158128808907443,0.064208579550323,WLS-HAR-RV (λ=0.05)
2740,0.000512241014446564,0.3973296837164627,0.6378807204063999,-1.746101277083149,0.2347416690180708,WLS-HAR-RV (λ=0.05)
16660,-0.00010510046800118452,0.22510153842582706,-1.8613382586794793,2.7596324587842562,0.10946995262208192,WLS-HAR-RV (λ=0.05)
27270,-0.0009796617691968008,-0.4861101714514338,-1.6235337467659887,6.619507204613773,0.2928774117968145,WLS-HAR-RV (λ=0.05)
21493,0.0003805296533100843,-0.0001322784212065513,-0.5522195170141462,0.5087071172713431,0.03391709871853876,WLS-HAR-RV (λ=0.05)
31024,0.00040207867108061734,0.6273320506685565,-0.7686402567615207,0.34887400643033467,0.4282389701239664,WLS-HAR-RV (λ=0.05)
28225,0.0006858405725250001,0.18736867401554258,-1.4208474204295864,0.8004058535761095,0.2457533265179307,WLS-HAR-RV (λ=0.05)
5400,0.00013365791730351513,-0.2475038085119592,0.7661329863041719,0.036551839723137414,0.36279184273165266,WLS-HAR-RV (λ=0.05)
16706,0.0009049380536619671,-0.5749811829253,-1.0178581393498662,0.6789365527743451,0.5037304673043805,WLS-HAR-RV (λ=0.05)
23962,0.0007751642613901503,0.2699010678751425,-1.6724707447030969,0.2527710562759715,0.25429281117117486,WLS-HAR-RV (λ=0.05)
14838,0.0004666414642251524,-0.050858288769280065,-0.44154148395078485,0.6168459659456528,0.012408023378209787,WLS-HAR-RV (λ=0.05)
14420,0.000667638419919788,-0.17558705247556125,-3.737320879094243,3.5121629497638867,0.31401572588875437,WLS-HAR-RV (λ=0.05)
24318,0.0020813451215441173,-0.19700407407217296,1.147762504774989,-2.856754755547063,0.10404376533687099,WLS-HAR-RV (λ=0.05)
18597,-0.0027787114907128724,-0.21029432166835618,-2.581058581002863,8.910262991197186,0.27247947741960554,WLS-HAR-RV (λ=0.05)
15852,0.0008050340004756883,-0.14914709431581005,-1.2825344357034876,0.5465931760462351,0.17766673205329075,WLS-HAR-RV (λ=0.05)
24339,0.0015343845244782939,-0.23138662451028794,-1.149733393351211,-2.4623116175664936,0.3872679718959553,WLS-HAR-RV (λ=0.05)
13451,0.0016920300369184494,0.2555667649454452,-1.7225035624197416,-0.6735356145403288,0.21183023681059665,WLS-HAR-RV (λ=0.05)
28499,5.369306569477769e-05,-0.3690256145872216,1.1622560471944463,-0.008629327112242624,0.47976458169123004,WLS-HAR-RV (λ=0.05)
9312,0.0014140800410951478,0.12354119908740267,-2.5978665706673802,1.1896671742491027,0.30019145493277544,WLS-HAR-RV (λ=0.05)
17090,0.0004111511495520988,-0.1425260015354382,-1.376012766593846,1.7894641618610638,0.0963478850481636,WLS-HAR-RV (λ=0.05)
30791,0.0006149470744066754,0.22181907680987104,0.7075916245882151,-1.3294275582027408,0.1352187431494043,WLS-HAR-RV (λ=0.05)
27957,0.0007532036473525867,-0.13540760818982353,0.19485728908177657,-0.22559345554542173,0.01509076678545529,WLS-HAR-RV (λ=0.05)
26586,0.001014612088765515,0.011752255950259105,0.6931453803666268,-1.3262513758026486,0.056328068073506876,WLS-HAR-RV (λ=0.05)
10709,0.001031695412411475,-0.24991088497209968,1.641290189967962,-2.103052000359426,0.13727859104845164,WLS-HAR-RV (λ=0.05)
16864,0.0006816423496842612,-0.28184459288135016,-1.398328689160625,1.362096557347857,0.13987794436010448,WLS-HAR-RV (λ=0.05)
8718,2.358509982657638e-05,-0.11405166249082711,-1.16379929119916,2.452043373039077,0.05115136027724965,WLS-HAR-RV (λ=0.05)
24393,0.0016133332960002267,-0.11739213773901158,1.0876780818235017,-1.9889861517770333,0.05775623222509785,WLS-HAR-RV (λ=0.05)
4603,0.0007388245662636762,0.43936476263906354,0.4490330101993689,-0.9599652588683435,0.2350840072577809,WLS-HAR-RV (λ=0.05)
18407,0.0010424491980355782,-0.021213814088204375,-2.6313855129209434,1.6459614974011874,0.39048997079287673,WLS-HAR-RV (λ=0.05)
20021,0.0026295253447280956,0.5123841539835334,2.0354186984569385,-5.482056675813854,0.3580638071934298,WLS-HAR-RV (λ=0.05)
20063,0.0008082609901391665,0.2723146930120527,1.575322649580665,-2.84872069736704,0.550705276387141,WLS-HAR-RV (λ=0.05)
32205,0.0011675407088533088,-0.24617867505585847,0.41924008468268903,-0.7656239513717166,0.1469292961615366,WLS-HAR-RV (λ=0.05)
31861,0.003390491926046096,0.01731112683487119,3.0044752393060037,-9.064401603483415,0.30724339929029143,WLS-HAR-RV (λ=0.05)
25002,0.0010048463435015005,0.45484170505057075,-0.678822848362982,-0.5307468243167766,0.2726308971695084,WLS-HAR-RV (λ=0.05)
29990,-0.00033449982788891805,-0.2797331113704315,-2.0783468382180477,5.1158350299971485,0.15707711859207207,WLS-HAR-RV (λ=0.05)
17076,0.002282415006981359,0.16669772953389925,2.6912048180361574,-5.949854037829214,0.3691114010865778,WLS-HAR-RV (λ=0.05)
19204,0.00041037385737651636,0.6297350901200618,-2.0468042148959986,1.7256643971750047,0.36995851406031643,WLS-HAR-RV (λ=0.05)
22427,-2.917106213934698e-05,-0.3328922725221341,-0.8118999134083458,1.8383957504324515,0.2643844060885636,WLS-HAR-RV (λ=0.05)
7675,0.0018748246190437058,0.41202187254960554,-1.52122344217497,0.6294251529809161,0.2417974363049874,WLS-HAR-RV (λ=0.05)
18662,0.0009640665036846225,0.4934235074539229,-1.084725016283977,-0.3811840490528237,0.21975834876544087,WLS-HAR-RV (λ=0.05)
465,0.0006068508232241094,0.414673949020819,-0.37033754871205793,-0.4621215815042127,0.18213503144047094,WLS-HAR-RV (λ=0.05)
17852,0.0016210278028893307,0.6037547566932757,1.1192330863016022,-3.72636514016191,0.5546596447012067,WLS-HAR-RV (λ=0.05)
13710,0.0013633908936581092,0.19321995617268176,0.678140047143671,-1.895989871917735,0.05019533092339101,WLS-HAR-RV (λ=0.05)
4069,0.0007500748478773958,-0.08285195776600572,-0.3202664863556224,0.4228077324484251,0.011249870575124499,WLS-HAR-RV (λ=0.05)
30224,0.003604144308105168,0.8240604881776938,-0.6497755411065333,-4.532188670674774,0.32159427927154194,WLS-HAR-RV (λ=0.05)
25025,0.0006229978523390612,0.5039901104172817,-0.2548814117562172,-0.33136371692783156,0.2868203427097219,WLS-HAR-RV (λ=0.05)
12532,0.006285073623316393,0.36894367123999355,1.9219758527294848,-6.587453421256232,0.3675213756144068,WLS-HAR-RV (λ=0.05)
29012,0.0013143327164876156,-0.2264115702959318,-0.04266650620098911,-0.7025858500986056,0.15223706585968555,WLS-HAR-RV (λ=0.05)
18634,0.0005835580813547704,0.1416544275527094,-0.41377419386560405,0.22651836418706076,0.039392560603524585,WLS-HAR-RV (λ=0.05)
23045,0.0018915957570470238,0.2520662094225284,2.44275608768218,-4.541566328482692,0.3592081045783826,WLS-HAR-RV (λ=0.05)
26862,0.0005186208590901124,-0.07989682903657212,-1.0445205263918718,0.9769855019645788,0.07038021791924787,WLS-HAR-RV (λ=0.05)
12859,0.0026066305661401096,0.41408237394200365,-1.5896499438872271,-1.1489583306219677,0.20022748638703491,WLS-HAR-RV (λ=0.05)
72,0.0033058444475679138,0.3726893271383351,2.3660216403264585,-5.264166028429506,0.4688450172670193,WLS-HAR-RV (λ=0.05)
27019,0.0011465601262557962,0.47882891563168417,-0.39980674633226587,-1.5873237479812423,0.27550175199089477,WLS-HAR-RV (λ=0.05)
15239,0.0008070549701197725,0.812046379185058,-0.44658287760123583,-0.609118687403297,0.5704341879667354,WLS-HAR-RV (λ=0.05)
8081,0.000814012617870389,0.12130546131446264,0.17825910754758403,-0.8826726176589431,0.09136209367284664,WLS-HAR-RV (λ=0.05)
3414,0.0009645343939261729,1.0914064129898948,-2.5465485937864267,0.8120219669530993,0.6634473659678304,WLS-HAR-RV (λ=0.05)
32739,3.496019925892745e-05,-1.08571543536432,-3.9085673243638634,6.393267019472093,0.3113207299196189,WLS-HAR-RV (λ=0.05)
15547,0.0011731192373335654,0.5087954242661945,0.5404117732832282,-1.2158205428672886,0.2822214268331201,WLS-HAR-RV (λ=0.05)
11994,0.001225367253044069,0.3630419826501343,1.2855603749419449,-2.3801368061293937,0.3881888277210821,WLS-HAR-RV (λ=0.05)
4103,-0.0004720286382929853,0.005800809021544804,-0.3759349041211474,3.143705613206446,0.08828619525160186,WLS-HAR-RV (λ=0.05)
22169,0.0003046099742433577,-0.05727437249586484,-1.617144503919359,2.1324912337037887,0.12328566242814054,WLS-HAR-RV (λ=0.05)
2982,0.0017889525759907027,-0.2887985629177148,4.887459738860535,-6.273653288047154,0.7007515347456887,WLS-HAR-RV (λ=0.05)
1501,0.0005404070900251724,0.805033734668233,-1.8312890917949531,1.2158170800476293,0.615965859168468,WLS-HAR-RV (λ=0.05)
25166,0.00037661369370909584,-0.1759163889813151,0.6031126840220083,-0.0036678283085413987,0.057194450740978064,WLS-HAR-RV (λ=0.05)
27288,0.0012616328199562673,0.12071661530814906,0.06586768862182762,-0.8414490282771289,0.024689394451165136,WLS-HAR-RV (λ=0.05)
109,0.0012390984249787324,0.4064444467114655,1.0823720422946603,-3.3599457790794705,0.13240026864042154,WLS-HAR-RV (λ=0.05)
4132,0.0015129872261574681,0.06521985036605135,1.7092671130707546,-2.3418229460151365,0.2846423305299203,WLS-HAR-RV (λ=0.05)
11642,0.001303549112758943,-0.11471140651876881,1.9548934319873752,-2.98759403397396,0.18429569967257609,WLS-HAR-RV (λ=0.05)
17198,0.0015142078155327733,-0.017147683758465624,0.7097276473640826,-2.0450995935774086,0.11364754155562884,WLS-HAR-RV (λ=0.05)
16831,0.002391378783852015,0.4493740484760966,0.6603568820582244,-2.728040226539169,0.2718747225289625,WLS-HAR-RV (λ=0.05)
26503,0.0012345852307258046,0.08882088477280177,0.8434189720534271,-1.4544753883714079,0.04625430727582969,WLS-HAR-RV (λ=0.05)
29850,0.0026323580488095922,0.8761929934450641,1.278134671039148,-3.7527988062328372,0.6092523198412443,WLS-HAR-RV (λ=0.05)
2833,0.0027507834353326425,-0.32857799508665614,2.502434787745592,-5.910690433448071,0.25142869542197366,WLS-HAR-RV (λ=0.05)
14715,0.0005842824487345136,-0.3435187222718437,-0.556684801895774,1.0511218736252705,0.1321803763258511,WLS-HAR-RV (λ=0.05)
32012,0.002006484137034855,-0.27658559228583235,-0.3047951022826576,-0.7738769815405848,0.21711673081662464,WLS-HAR-RV (λ=0.05)
24220,0.001912775755752868,0.48011329159412214,0.04223849416729042,-2.6913783663658624,0.29175637990525816,WLS-HAR-RV (λ=0.05)
25622,0.0007339052298443404,0.19514995208379238,1.4274868796485356,-2.5292933549779315,0.1819788152808015,WLS-HAR-RV (λ=0.05)
25309,-0.0010163937081616291,0.28926656418000474,-2.541471289425012,4.4425194395413055,0.47766839664315397,WLS-HAR-RV (λ=0.05)
12760,0.001250565417035715,0.5785703753710535,0.17806665874054262,-2.847673073202185,0.4507768408692613,WLS-HAR-RV (λ=0.05)
29965,0.0022637288297752624,-0.026882120096726355,4.22941543680854,-7.421375113855467,0.5930085254396675,WLS-HAR-RV (λ=0.05)
5773,2.838240703604384e-05,0.18760505200979283,-2.5632364570338844,3.5818412063690626,0.2667161139439542,WLS-HAR-RV (λ=0.05)
5510,0.0021820607480293607,0.26989680210813616,0.5829215220903263,-3.285636089789994,0.12644281551408776,WLS-HAR-RV (λ=0.05)
7783,0.0019240834647822056,0.26416640522791274,3.2287723533160384,-5.688936434525833,0.27461460016409667,WLS-HAR-RV (λ=0.05)
2593,0.0008160361263808685,-0.7956161644506914,0.5813107428351232,-0.45538237261494074,0.4958745480099582,WLS-HAR-RV (λ=0.05)
25335,0.002197593552781063,0.11593027683366885,-0.5325792399812486,-0.8699461378661175,0.14850959125586127,WLS-HAR-RV (λ=0.05)
9114,0.003099545373844576,-0.4916769950106015,0.3178143111109024,-2.6836688494208762,0.3082360630994081,WLS-HAR-RV (λ=0.05)
29375,0.0008434565008986739,-0.3098959696238539,0.5028689975735449,-1.7040851275994888,0.12859077140601471,WLS-HAR-RV (λ=0.05)
14341,0.0022113485000124023,0.4692536153096669,0.3539510885008549,-3.3330034600603544,0.4203360126815966,WLS-HAR-RV (λ=0.05)
21843,0.001706317419365961,-0.17317497837088622,0.12222422897579985,-1.041759704114996,0.08161326268215008,WLS-HAR-RV (λ=0.05)
29664,0.0007686456575292583,0.2679085307365751,-0.4492752734554427,-0.6702565792644382,0.08592382208165716,WLS-HAR-RV (λ=0.05)
24131,0.0008698419430603585,-0.21180191637720336,-0.6933020996285776,-0.33023812715229106,0.30786923122590737,WLS-HAR-RV (λ=0.05)
14926,0.0010674431111343877,0.5076569859333552,0.9517972213429257,-3.466783588723467,0.43120073908286194,WLS-HAR-RV (λ=0.05)
23603,0.001283865985840814,0.3089873029590471,0.3807034023250986,-2.472141779718798,0.12463360679448643,WLS-HAR-RV (λ=0.05)
32692,0.000503918585867028,-0.34464349808357814,0.232667441903952,0.13070811562821855,0.12366846686093602,WLS-HAR-RV (λ=0.05)
16570,0.0019549049967031475,-0.06032080828560129,-1.5972252812857313,-0.3203708847912011,0.3203386692989757,WLS-HAR-RV (λ=0.05)
16170,0.0016626243949853913,0.6052957178730329,0.03918563487406046,-2.4939820098008334,0.3775392645872375,WLS-HAR-RV (λ=0.05)
26337,0.0014913637306295344,0.03208800283757007,1.1024204669002242,-5.074164599727888,0.14614774204404724,WLS-HAR-RV (λ=0.05)
5829,0.0001500674131810847,0.35495349790426484,0.3434776399527998,-0.015496490844071592,0.3326233270273956,WLS-HAR-RV (λ=0.05)
18545,0.0009861161258032068,-0.9292543451588064,1.3134782035851098,-1.3552753548376089,0.5161602449148053,WLS-HAR-RV (λ=0.05)
2353,0.001958500249000868,0.4932119696434919,3.2709673679476694,-6.811217796591067,0.3324459106914268,WLS-HAR-RV (λ=0.05)
4889,0.0010303798500522266,-0.31004197537066763,-3.849859923166632,3.3983354311504383,0.425342021610539,WLS-HAR-RV (λ=0.05)
28426,0.0009466362610851466,0.3664162817331385,0.9721861003354137,-2.778284395956995,0.2788792337589364,WLS-HAR-RV (λ=0.05)
19476,0.001173415809352232,0.026157732837913727,2.4291030866584498,-4.344386709247145,0.3897212480749538,WLS-HAR-RV (λ=0.05)
19623,0.0011203528178770853,-0.12403180309661427,-1.3093316765546215,0.6309188674777395,0.1964423400271672,WLS-HAR-RV (λ=0.05)
31251,0.0012665280990611404,0.20583822195803012,0.20090469554819623,-1.8258445759736834,0.07795619256102715,WLS-HAR-RV (λ=0.05)
22023,0.0023530433163956492,-0.22155261981094515,2.0440801824882806,-5.258718422674967,0.3023705248641808,WLS-HAR-RV (λ=0.05)
2491,0.0007475762741471661,0.13016344575565666,-0.5281420296799095,-0.998041518560959,0.1363969321225884,WLS-HAR-RV (λ=0.05)
11639,0.0028269286587141503,0.46807328205279064,1.542645748840767,-3.68165244616814,0.3824308141937758,WLS-HAR-RV (λ=0.05)
16466,0.0010824619641130345,-0.034198165820662485,0.32801193205505497,-1.7685884578357804,0.10241035817472721,WLS-HAR-RV (λ=0.05)
16288,1.2791266254757181e-05,-0.009584829948559106,-1.4700538414468265,2.261214198530607,0.043177970434605584,WLS-HAR-RV (λ=0.05)
17421,0.00020143125217068875,0.25460602186216286,-0.5818946807513278,1.197934661419009,0.12539364741592374,WLS-HAR-RV (λ=0.05)
12279,0.0009239730393588216,0.2414614567844696,0.5526798660162007,-1.9761425113036504,0.16201745267945178,WLS-HAR-RV (λ=0.05)
6463,0.00012110357469259593,0.19091114707267043,-0.4234470315315314,0.9625959424119034,0.0772293143993592,WLS-HAR-RV (λ=0.05)
32245,0.00039097728737693717,0.30279012275919553,-2.240814545565664,2.273337962559893,0.48166251343326794,WLS-HAR-RV (λ=0.05)
18425,0.0010333177336796714,-0.4003514456011154,-0.13932436066500392,0.14516850105193174,0.1785769182276955,WLS-HAR-RV (λ=0.05)
30965,0.0008791573257334375,0.1651278812480667,-0.4491986998902314,-0.35925949737505747,0.06885641493880901,WLS-HAR-RV (λ=0.05)
6256,0.0005313342726636932,0.3496033368614893,-0.29990244176423697,0.3265020904257837,0.11408199956432696,WLS-HAR-RV (λ=0.05)
4477,0.001868304581666909,0.14104175328847687,1.5462811891732906,-3.5959107360506093,0.30993078544508057,WLS-HAR-RV (λ=0.05)
31587,0.003716660355762195,0.1669783928923397,3.0342912444712447,-8.04978946200701,0.4700446080617583,WLS-HAR-RV (λ=0.05)
15290,0.0021382387362020128,-0.5117282941353011,3.1796206343565663,-3.814670258934399,0.3656406357416585,WLS-HAR-RV (λ=0.05)
28342,-0.0004005308764985778,-0.49573122890192606,-1.8141047658799812,3.7840271385632493,0.20873025616458696,WLS-HAR-RV (λ=0.05)
3931,-0.00023277548064622075,-0.04545795435253602,-3.4129327597169166,4.650550207509968,0.29451198955358493,WLS-HAR-RV (λ=0.05)
591,0.0016525195759702787,-0.28444508243476285,-0.9533535527801098,-1.6682458497646984,0.376110253370164,WLS-HAR-RV (λ=0.05)
4201,0.0009793526779132613,-0.22570955134908385,0.6034139846277699,-1.0301104109242518,0.1198220335523158,WLS-HAR-RV (λ=0.05)
31462,0.0013678461889780917,-0.13657319797086903,1.1399308834999475,-2.7770655682693874,0.12453318529238311,WLS-HAR-RV (λ=0.05)
19234,-0.00035401104409213716,-0.24990192203541645,-0.19120115352350442,1.901833101525397,0.30878981617002377,WLS-HAR-RV (λ=0.05)
27977,0.0011211943128163063,0.49765159590718205,-0.22284767163601482,-0.8050364217701453,0.24825040118138453,WLS-HAR-RV (λ=0.05)
26488,0.0017733580850015553,0.5945402925609872,0.33510980698262727,-2.9851542022247934,0.46891340042201646,WLS-HAR-RV (λ=0.05)
27304,0.0013919101871473526,0.06058578280963264,1.1037772733156053,-3.793198524772415,0.1262637312254794,WLS-HAR-RV (λ=0.05)
2076,0.000687099616815537,-0.09330066704042432,-4.9232935145161125,4.5574261692216815,0.5936190780325038,WLS-HAR-RV (λ=0.05)
1956,0.0002566806686005815,0.07194892193840115,-0.5331585876911547,1.1345324203798053,0.08699045426932583,WLS-HAR-RV (λ=0.05)
6070,0.0009214550510961656,0.3982294400896554,0.4844938625456214,-2.627801340691052,0.11464485764843702,WLS-HAR-RV (λ=0.05)
15908,0.000651168141995565,0.22625035511319042,-0.2184348806177478,-0.31230096136095753,0.06207715042058204,WLS-HAR-RV (λ=0.05)
10642,0.000286203603173614,0.3552040350326813,0.5203043839426709,-0.49829110308254687,0.18107059415368942,WLS-HAR-RV (λ=0.05)
2170,0.00029310127236593594,-0.21247955030939306,-1.0966142447893221,1.7886423517351564,0.07598562630050198,WLS-HAR-RV (λ=0.05)
1274,0.0009431725703801729,0.5680297211174795,0.7600297992987869,-2.1723866781181873,0.5076510922451904,WLS-HAR-RV (λ=0.05)
32748,0.0008910605374700358,0.29254861766093354,2.041361500102038,-2.8037941299238094,0.21247620909323373,WLS-HAR-RV (λ=0.05)
27722,0.000863854055031938,0.1718335585036749,-0.07230663364159229,-1.6459438172408964,0.28089201390749796,WLS-HAR-RV (λ=0.05)
6177,0.0015973412381466582,0.12288728271501988,-1.8880977531034842,0.21710962824705304,0.4255366352606885,WLS-HAR-RV (λ=0.05)
10946,0.0007269376612019381,0.1340376098396509,-0.47360942589326793,-0.5192057479705077,0.09089958770495343,WLS-HAR-RV (λ=0.05)
14494,0.001367224685390954,0.02819353551887143,1.6475157265041522,-3.1258017765755657,0.2930536066936229,WLS-HAR-RV (λ=0.05)
9064,0.002017661566050687,-0.17079953901286773,-1.9322349098420686,0.28581700491336814,0.3410021958284569,WLS-HAR-RV (λ=0.05)
3974,0.0007130837866012647,-0.026095716283559584,1.2120305528991462,-1.3675489974792259,0.03428245891167081,WLS-HAR-RV (λ=0.05)
25796,-0.00010161222960569389,0.06646462577048862,-0.4523617161382025,1.4011304352095149,0.17088115930621028,WLS-HAR-RV (λ=0.05)
5213,0.001834804184806747,0.6614970506532034,-0.18411610649172028,-3.3782716709445966,0.5098336693308195,WLS-HAR-RV (λ=0.05)
4962,0.0014058162429104997,-0.26625142960968284,2.8360810093344138,-4.797165651288996,0.4109960260710507,WLS-HAR-RV (λ=0.05)
16,0.0009320651585450892,-0.29803237336885724,0.8982521229255078,-1.292506080025901,0.11633019899478159,WLS-HAR-RV (λ=0.05)
25751,0.00027792893545974394,-0.09550257581121807,-0.7389771095193941,1.0406403675663547,0.052322244808892915,WLS-HAR-RV (λ=0.05)
8822,0.0007528438161654356,0.10954505262888262,0.661424574944976,-1.2401887529401958,0.037339762124310893,WLS-HAR-RV (λ=0.05)
4913,0.0017888940027336888,-0.07426250600923241,-0.08161606281862843,-1.7198404077938434,0.28184466327260016,WLS-HAR-RV (λ=0.05)
13900,0.0014497047096365492,-0.18247286909733676,1.6722378437114798,-3.3185665844761947,0.3083643750423295,WLS-HAR-RV (λ=0.05)
14994,0.0015232515270683488,0.5509227846216085,1.1837927988575851,-4.355681739829555,0.3422090143535592,WLS-HAR-RV (λ=0.05)
1326,0.003529681092416846,0.020899674108568692,0.018553413687520948,-5.089393728497594,0.30012406246516166,WLS-HAR-RV (λ=0.05)
21398,0.00136831216564426,0.469856086187804,-0.21131538555879037,-1.0132200446713253,0.22517437694426268,WLS-HAR-RV (λ=0.05)
16880,0.0018522282377655206,0.738435741887139,0.7287683861841628,-2.196402430515002,0.4530466025531087,WLS-HAR-RV (λ=0.05)
24171,0.0019679436573217775,0.34563853616779977,-0.3103239422609385,-3.3857968657101445,0.4341393938653916,WLS-HAR-RV (λ=0.05)
23246,0.001557196553451821,0.25317949923961325,0.7028590760370507,-2.921281163082042,0.32253426692087916,WLS-HAR-RV (λ=0.05)
30521,0.0016014857690400033,0.2542260168100923,1.5295372642536162,-3.5607515261554026,0.20652608892912494,WLS-HAR-RV (λ=0.05)
21884,0.001242526943222602,-0.43499240359226066,2.399193401412121,-2.7595941229172665,0.27135022377352636,WLS-HAR-RV (λ=0.05)
21246,0.0009896388321192614,-0.39310320334563426,1.678638418880253,-2.1261561033182894,0.2706343506547959,WLS-HAR-RV (λ=0.05)
29656,0.0018063404774643142,0.1593295627825707,2.2274342487253294,-5.788181854484368,0.46856940989271234,WLS-HAR-RV (λ=0.05)
17695,0.000683244233121956,-0.12213206470072271,1.996218281938341,-2.099447045352895,0.14551979272398174,WLS-HAR-RV (λ=0.05)
28779,0.0005549482545695939,-0.270582902005307,1.5341381042212978,-1.7543346131261583,0.07676802265053817,WLS-HAR-RV (λ=0.05)
13745,0.0015781405947862107,-0.355391517309413,0.7106968074409874,-1.8623458596048397,0.3788511890604056,WLS-HAR-RV (λ=0.05)
7322,0.0010239487733850667,0.13691440535045935,-0.04911669736844948,-2.018240238088264,0.17640186999926388,WLS-HAR-RV (λ=0.05)
31345,0.0004465524528240495,-0.21193024289447934,1.1110179219507037,-1.428804000268388,0.057492736296730684,WLS-HAR-RV (λ=0.05)
5777,0.0015786577544790212,0.49755338807028987,1.6851749824031326,-4.878173374474112,0.34145308138118835,WLS-HAR-RV (λ=0.05)
32676,0.004360211864991331,1.2252492237740171,5.771685557887358,-12.147897195955132,0.4641364743155759,WLS-HAR-RV (λ=0.05)
14319,0.0014858586602989284,0.3158570105540295,1.4517152181394388,-4.080336826654641,0.2650442559585612,WLS-HAR-RV (λ=0.05)
31279,0.0009089887823193375,0.047899172864159706,0.30883315318050286,-1.4262187324090851,0.0882724949382947,WLS-HAR-RV (λ=0.05)
123,-0.00029860424474933197,0.06996181165807115,-0.42642135411678933,1.7118065452941444,0.30226275102982636,WLS-HAR-RV (λ=0.05)
9350,-0.0009616780660521313,0.17073676939553148,-4.002174326272447,6.712462760539589,0.433078590883175,WLS-HAR-RV (λ=0.05)
12531,0.0007037388478926917,0.7213942470807158,0.5973160034159973,-2.3073997053633044,0.36643998862049065,WLS-HAR-RV (λ=0.05)
11579,0.0003639621132475963,0.5550460549785395,-2.3764771254257786,2.3670707462972493,0.5145645422965436,WLS-HAR-RV (λ=0.05)
1247,0.0011203567561949494,0.4861501424097613,1.0224221927265371,-2.257921039901921,0.41223228165729797,WLS-HAR-RV (λ=0.05)
20826,0.004104103399268998,0.4384924310920806,-0.6238473138046021,-3.3598345238585683,0.3555572843708531,WLS-HAR-RV (λ=0.05)
20881,0.00021161621201070153,0.07558453526982431,0.15656962640260444,0.12897343414470272,0.11357722612273269,WLS-HAR-RV (λ=0.05)
11715,0.0019393851050092965,0.04551446795747944,0.22263567325564226,-2.237046527427143,0.1518894773816608,WLS-HAR-RV (λ=0.05)
18088,0.0011223680276184662,0.05474599807691025,2.221945152635997,-5.4565568624034055,0.1818065927050584,WLS-HAR-RV (λ=0.05)
9633,0.00099969957853744,0.19237142674921412,-0.21450487855963363,-0.8764268651862285,0.12910353618906356,WLS-HAR-RV (λ=0.05)
10776,0.0006785033821994691,-0.023547453339067905,0.02031939205196462,0.2670333813279131,0.015213436365799748,WLS-HAR-RV (λ=0.05)
6961,0.00258684469572249,0.11764723491602237,2.3889666081138183,-4.726096829574431,0.3045243199680344,WLS-HAR-RV (λ=0.05)
8583,0.0017978879821366194,0.41101830416999113,-1.0415671063514271,-1.155886887028347,0.4300058465703751,WLS-HAR-RV (λ=0.05)
21404,0.0017918729591125632,-0.08180919514737665,0.0895925054869614,-1.4531478231654107,0.13724213953386533,WLS-HAR-RV (λ=0.05)
11893,0.002082610658206191,0.10994157462016046,1.514913210452499,-3.5391997290185806,0.10352121866600161,WLS-HAR-RV (λ=0.05)
3567,0.00047760307296838866,-0.03367240617068141,-1.8931861600160944,1.6068529937126645,0.4084276193705939,WLS-HAR-RV (λ=0.05)
21434,-0.00018441447189334708,-0.12301930771224501,-1.15149198282546,2.475628622521351,0.07841282983384079,WLS-HAR-RV (λ=0.05)
17911,0.0006540770815022482,-0.09379823291496604,-0.16679584520173965,-0.1721258085152632,0.03109980097741194,WLS-HAR-RV (λ=0.05)
17377,0.0017373210948169436,0.5767984413817826,1.6218626480714142,-4.255198158002478,0.28463438302510624,WLS-HAR-RV (λ=0.05)
9038,0.0014404210724817742,0.08557889537573714,-0.14501595138340817,-1.391515318574465,0.12673361612408385,WLS-HAR-RV (λ=0.05)
3486,0.0004642737603885254,0.47751218345357854,-0.5389755679437817,0.32756009274500597,0.24350832701228353,WLS-HAR-RV (λ=0.05)
12437,0.0009335799313433806,0.48854671834722,0.056554061491417784,-0.7324348440841649,0.18056657653518793,WLS-HAR-RV (λ=0.05)
17785,0.0035321860821626765,0.1319709777153436,2.7184593247345537,-4.858842346674528,0.4578882732210282,WLS-HAR-RV (λ=0.05)
12840,0.001020298450752895,0.038596444655528375,-0.506993084225493,-0.568363049883198,0.18185055287509877,WLS-HAR-RV (λ=0.05)
23598,0.0008499244980483629,0.05845220282279993,2.1215013541030574,-3.933068183536887,0.08576703853498835,WLS-HAR-RV (λ=0.05)
19580,0.0010411125661467387,-0.3119863161706223,1.9156740576036608,-1.8499968343544264,0.14069537377037378,WLS-HAR-RV (λ=0.05)
7333,0.0011788435543875772,0.019224849629107903,1.6793483945102334,-2.159628634952584,0.10459388872914654,WLS-HAR-RV (λ=0.05)
11122,0.001168448588069027,0.46932689449160114,-1.064431704197612,-1.740913289205706,0.2430365865720734,WLS-HAR-RV (λ=0.05)
8665,0.0011648692220084305,0.7458665490213471,0.5566952649373083,-3.608048837650846,0.47748481372376916,WLS-HAR-RV (λ=0.05)
5878,0.0004331673459034808,-0.11918801746509947,0.8776729550970639,-1.3358306615377202,0.1278783253948096,WLS-HAR-RV (λ=0.05)
32433,0.0007856140245684023,0.7112764364431011,-0.23020502456551073,-1.9706302924821943,0.526341208117268,WLS-HAR-RV (λ=0.05)
6235,0.0025201831388952005,0.3675865156684189,-0.0014470360857765652,-1.996367883642303,0.19346845039822147,WLS-HAR-RV (λ=0.05)
3686,0.0005548834485617849,0.14455351821776444,-1.094492389515187,1.335547701856508,0.1828855370139567,WLS-HAR-RV (λ=0.05)
22440,0.0006858684647571632,-0.013181388569269044,-0.491815855630636,0.003135913339653351,0.05229658155877537,WLS-HAR-RV (λ=0.05)
2303,0.0025158373319753013,-0.1391883150492946,-0.15139209553729782,-1.6326427063276854,0.11299466980701856,WLS-HAR-RV (λ=0.05)
659,0.0010881363762125407,-0.28440249936315326,-2.674582712552669,2.327609140273803,0.3342669733569593,WLS-HAR-RV (λ=0.05)
15291,0.0017610174059728644,0.09101050628594942,2.0770083699454798,-3.3497831698109546,0.4720700972640025,WLS-HAR-RV (λ=0.05)
31055,0.0007756405770446768,0.5482430679617988,-0.30035032134744943,-0.3601497954185679,0.20771128360159485,WLS-HAR-RV (λ=0.05)
30050,0.001435182967890138,0.36644477222338306,0.5741053951170043,-2.3498307252257042,0.2297301932437109,WLS-HAR-RV (λ=0.05)
21640,0.001008837023253227,0.300622276394886,0.7878710251147633,-3.0529049424443664,0.3403074678547552,WLS-HAR-RV (λ=0.05)
29872,0.001813280867585372,0.1479279073840483,0.3677141264539524,-2.5151832511273793,0.1140791585401798,WLS-HAR-RV (λ=0.05)
9496,0.0012356491875477812,0.025564266078900763,-1.556852734425629,0.4393022383717521,0.18906738351274188,WLS-HAR-RV (λ=0.05)
11914,0.0030244486158295296,0.11777123965452636,-0.23282120615977364,-2.3023811268485566,0.16585146584286314,WLS-HAR-RV (λ=0.05)
5193,0.003468725331568135,0.7740304662108021,3.635459211391053,-11.818902407363383,0.2995975244010276,WLS-HAR-RV (λ=0.05)
25344,0.0011503814494831727,0.37422287404000776,-0.002623709340177194,-1.3555906794455177,0.2796958643799614,WLS-HAR-RV (λ=0.05)
9329,0.0021310939402360268,0.020055486295246703,0.657793290926777,-2.0842332004848485,0.09338741894377478,WLS-HAR-RV (λ=0.05)
10734,0.0005311490235250043,-0.0049060215407949696,-1.3531555032061107,0.6961535362047953,0.15555924506175312,WLS-HAR-RV (λ=0.05)
30357,0.0008950029926769811,0.14995174233282624,-1.0835112841408718,0.3145687534967554,0.14263424380620615,WLS-HAR-RV (λ=0.05)
23863,0.0007743941839852574,0.08882657761882443,-0.0970607268143755,-0.8856275122967828,0.15899412379590327,WLS-HAR-RV (λ=0.05)
1219,0.0007649059858608198,-0.03522057432965536,-0.065276291797155,-0.568855776571866,0.07964406835685367,WLS-HAR-RV (λ=0.05)
13891,0.00012295216945030748,0.06555012846190372,-2.4086126544025768,3.226391630113194,0.24645666655616638,WLS-HAR-RV (λ=0.05)
5978,0.0005847239209621387,-0.11784546475589751,-0.19892712120928885,-0.4664089040369017,0.06479750864374889,WLS-HAR-RV (λ=0.05)
6740,-0.00014232080981234417,-0.11394083266597,-1.3901096359390825,2.541629881088138,0.14236548751796652,WLS-HAR-RV (λ=0.05)
9275,0.00051385246794242,-0.07709300783363542,-2.4914504071598054,2.5486872447679136,0.25535130718942645,WLS-HAR-RV (λ=0.05)
12585,0.0014704795218557316,0.18612047923786532,-1.4573713757091562,-0.33346576821609264,0.42520007279531624,WLS-HAR-RV (λ=0.05)
29228,0.0005466878432321389,0.03876192309374118,0.03812616531665747,-0.9215204237922806,0.09935197311878019,WLS-HAR-RV (λ=0.05)
25653,0.0006605779638369359,0.1225148751719644,1.3667875025539957,-2.3386390864310513,0.3410819930633179,WLS-HAR-RV (λ=0.05)
24401,0.001669330660218325,0.6261229101502442,0.7727309633638555,-3.009914806882941,0.3079678219124029,WLS-HAR-RV (λ=0.05)
16721,0.0013735681036879598,0.322762329784549,-0.11106381775361707,-0.1914710065299456,0.08770338528393151,WLS-HAR-RV (λ=0.05)
25031,0.0005639885313722773,0.5126119804823376,-0.6016399216894476,-0.9910494061964816,0.19113041626397387,WLS-HAR-RV (λ=0.05)
21267,0.0013650011671962298,0.12314585813097989,1.8590653399071835,-2.890874019028579,0.10055015161087733,WLS-HAR-RV (λ=0.05)
17603,0.0011657750526006616,-0.06662518516067517,0.5658152796208277,-1.7518519249242148,0.11241892782176477,WLS-HAR-RV (λ=0.05)
13398,0.0002525533803196254,-0.2695054738820879,0.33535783128815067,0.15458873979954113,0.07344551399224397,WLS-HAR-RV (λ=0.05)
16200,-0.00047262475246495747,0.018698567749212996,-1.510035330355842,3.5813833977501037,0.134068922848809,WLS-HAR-RV (λ=0.05)
19104,0.0014932525886009712,0.13455419095668023,0.7208209274059773,-1.1297663121917145,0.15438250210649518,WLS-HAR-RV (λ=0.05)
17872,0.0006121111850289898,0.23843619334721963,0.12954809641277906,-0.42861119208400256,0.05905886949189121,WLS-HAR-RV (λ=0.05)
28877,0.0012411151557364228,-0.049435644182664176,1.7435027014767723,-2.6023251038050583,0.13221526999709332,WLS-HAR-RV (λ=0.05)
4264,0.0009495878049728156,0.4425750521754048,1.0050056849747337,-2.148035631756003,0.2064181949763929,WLS-HAR-RV (λ=0.05)
6325,0.0008845992150945263,0.38035302843689694,0.13504361506073714,-1.4638520979665857,0.25785309986078764,WLS-HAR-RV (λ=0.05)
1920,0.0019930349659103255,0.3398634282814795,-0.6714228931560957,-2.0301278562849863,0.26264199877485417,WLS-HAR-RV (λ=0.05)
6480,0.0050412505271132686,0.621666429795377,-5.04511702003137,-4.591419382716363,0.7574849521424077,WLS-HAR-RV (λ=0.05)
27398,0.001071098293991111,-0.05690217489841748,0.13072978840587882,-0.23423304166435316,0.004024036605901116,WLS-HAR-RV (λ=0.05)
26190,0.0011322874633244414,0.2365171627548899,1.5211149411438043,-3.565991460892614,0.24329293316013012,WLS-HAR-RV (λ=0.05)
26678,0.000652525758994642,0.33999911544031913,-0.31802005956178603,-0.20227292941133623,0.12816151142422916,WLS-HAR-RV (λ=0.05)
13501,0.0010728679371119327,-0.18636695140019027,1.7699501489588978,-2.809657024619432,0.101689342447983,WLS-HAR-RV (λ=0.05)
9694,0.000725662138480652,0.083236345013791,-0.33273440846210656,-0.8981795609840937,0.1282957615131497,WLS-HAR-RV (λ=0.05)
5470,-0.00018673485116446652,-0.2893902094810684,-3.646093242402631,6.753626970169984,0.6004542824283459,WLS-HAR-RV (λ=0.05)
697,0.0016431563523773586,0.07867857091020143,0.7306592330196066,-1.1222195854389743,0.062462605242920466,WLS-HAR-RV (λ=0.05)
6342,0.0008165772819098251,0.056855460794502,0.7353941183226103,-1.56208799059995,0.18048898910335165,WLS-HAR-RV (λ=0.05)
32017,0.0006843995338276554,0.24137559226006805,0.9600869704351278,-1.2533013953329988,0.131262085302277,WLS-HAR-RV (λ=0.05)
31236,0.00018229285750617677,-0.43963793433891285,-1.9855087696317537,2.9010411979703727,0.13414456051649526,WLS-HAR-RV (λ=0.05)
9748,0.000703635870783522,-0.011924051964684873,-0.9792364937391114,0.8090789117311299,0.03789198979306274,WLS-HAR-RV (λ=0.05)
16402,0.0016900610429940455,0.9514772921868452,1.3282616377218999,-4.2788364265162535,0.4683569878990581,WLS-HAR-RV (λ=0.05)
14601,0.0020468637124723067,-0.21527350895224753,1.7538325861785597,-3.3440979659909273,0.24220294995132263,WLS-HAR-RV (λ=0.05)
7517,0.0014541449043761895,-0.11400184270116619,0.8527132411657679,-2.1002804126778174,0.18802160337402496,WLS-HAR-RV (λ=0.05)
1581,0.0008445205171892637,-0.20361884754752865,3.414727837856303,-5.295757305588668,0.4898230955542132,WLS-HAR-RV (λ=0.05)
4587,0.0014228275904086644,0.5362698924624654,-0.10356614217893623,-1.8486509872649317,0.31554158943284527,WLS-HAR-RV (λ=0.05)
22598,-0.00038424256114631716,-0.49657712124814224,-2.4709230145489247,4.330767913072832,0.21696349721700592,WLS-HAR-RV (λ=0.05)
12535,0.0016458946187486874,0.6674853081247695,1.6258568474698112,-4.845647075198731,0.36860499393983637,WLS-HAR-RV (λ=0.05)
3703,0.0014448549418215008,-0.09572317108537187,2.989729684811941,-3.745228719752506,0.5187160640136237,WLS-HAR-RV (λ=0.05)
4858,0.0005868112318618512,0.3165912309070461,-0.2871359287561315,-1.3578468721958847,0.18366483167005987,WLS-HAR-RV (λ=0.05)
15727,0.0008550663601819985,-0.075172658948206,-1.2120945138682742,0.6209023822916293,0.13203624842933115,WLS-HAR-RV (λ=0.05)
6999,0.001173726497710775,-0.1657041649607915,3.310848735469634,-4.444806099938603,0.31731800608338523,WLS-HAR-RV (λ=0.05)
10206,0.0014505554834423299,0.3374851939438447,-0.6121633867042731,-2.1630877480228117,0.2359570573142058,WLS-HAR-RV (λ=0.05)
15861,0.0013781233325702229,-0.2645550167619467,-0.9397512244927018,-0.2133716825224342,0.2808129418191695,WLS-HAR-RV (λ=0.05)
19062,0.0008298775803582978,-0.33777044960212077,-1.4786414385116577,0.9702018720117891,0.3262933165070686,WLS-HAR-RV (λ=0.05)
3735,0.001270266304272669,-0.1291863762250416,-1.1196475663157648,-0.7647955599069743,0.2778503011805449,WLS-HAR-RV (λ=0.05)
19636,0.0024246316897155165,0.23048034463037625,-0.06936852847035424,-2.543317886893706,0.17203000947263603,WLS-HAR-RV (λ=0.05)
227,0.002094190389853171,0.17727666579814905,-0.6894096019759701,-1.1025576559803034,0.16524475785575876,WLS-HAR-RV (λ=0.05)
7716,-0.0018125030105659305,-0.4028377089468167,-4.005061624724297,7.629027438140046,0.42848126462844927,WLS-HAR-RV (λ=0.05)
17809,0.0008123129036945452,0.46692095091112756,0.8204369788538206,-1.963561908969639,0.5081851523433022,WLS-HAR-RV (λ=0.05)
3113,0.00249504974705482,-0.11849407742919063,-0.0865004938973235,-1.8401956531536403,0.16842386155208489,WLS-HAR-RV (λ=0.05)
5344,0.00046745843303207387,-0.0444155447519108,-0.40134335014460826,0.3704523651236662,0.02407432955557376,WLS-HAR-RV (λ=0.05)
20944,0.00046006381863007413,-0.10419927650331315,-0.8853005535406435,0.8853847919728732,0.08276789520842176,WLS-HAR-RV (λ=0.05)
2534,0.0005970310559746621,-0.20876622395363237,-0.4101931388416439,0.2690565349035115,0.1045591926069962,WLS-HAR-RV (λ=0.05)
13771,0.001330875970221611,-0.059296232679387405,1.905283207201803,-2.9115058855047153,0.3193871002947347,WLS-HAR-RV (λ=0.05)
20457,0.0005373830035794511,-0.23688016879982424,-0.2507320487402934,0.2688119480688021,0.08058133674723833,WLS-HAR-RV (λ=0.05)
7567,-0.00024241308890334044,0.1580520605005757,-2.599378165628041,4.38844840499824,0.4290089746939679,WLS-HAR-RV (λ=0.05)
26455,0.0008874124626730148,0.5194245473068365,0.625534456090998,-2.6751669435368557,0.4474720216738215,WLS-HAR-RV (λ=0.05)
10163,0.0011848161883546355,-0.027359320224799914,0.805574442953193,-2.264363323837013,0.2055084503733965,WLS-HAR-RV (λ=0.05)
14021,0.0016098849005806192,0.08809483339629096,1.4311433490599421,-2.992475914217061,0.4818930703577192,WLS-HAR-RV (λ=0.05)
6082,0.0013056040643751935,0.1041144746609724,2.2841472632991904,-3.5508482344334342,0.11534345231721421,WLS-HAR-RV (λ=0.05)
6585,0.0009985647741996653,-0.029469327256553688,-1.8596650718225656,1.715975798740258,0.10934587677558794,WLS-HAR-RV (λ=0.05)
3012,0.0011387541272665706,0.5528901681322012,-0.100071536600571,-0.5179577026531554,0.29547099411159217,WLS-HAR-RV (λ=0.05)
31266,0.003462157068273988,0.17880481241974713,2.982526789486804,-5.6324962869188235,0.6624953819544713,WLS-HAR-RV (λ=0.05)
2883,0.0016351874683748656,0.49456214383311287,0.20313934689549207,-2.79109002009976,0.32405580181677784,WLS-HAR-RV (λ=0.05)
2748,0.0010405971007055976,0.844089189922299,1.4499419171382133,-4.203311613153132,0.5724360552377893,WLS-HAR-RV (λ=0.05)
15584,0.0015666774631388867,-0.3419762440726097,1.196710518062142,-1.1537861234885605,0.08684122275330453,WLS-HAR-RV (λ=0.05)
7107,0.0019253747159398973,0.21353342002368905,-0.6229441114705616,-1.3986237510322879,0.19539023320364957,WLS-HAR-RV (λ=0.05)
26672,0.0011279201487782629,0.13211596904343612,3.4612334600254955,-4.934607211549918,0.7410345082373766,WLS-HAR-RV (λ=0.05)
2559,0.0038816974504484515,0.3705335876850366,2.3853222355874237,-5.818059380988497,0.3563296700862585,WLS-HAR-RV (λ=0.05)
25761,0.00013511267474525143,0.02876686222888783,-1.3561614781549591,2.253385648835315,0.1367658974977648,WLS-HAR-RV (λ=0.05)
5152,0.0009214695469914706,0.26817804631283504,1.2392953683483177,-2.7510531522060293,0.15381777340818437,WLS-HAR-RV (λ=0.05)
27493,0.0017545909620470587,0.2345146530269371,0.3666459694833335,-3.0729279568347247,0.16749815688516512,WLS-HAR-RV (λ=0.05)
29548,0.00027505284167738124,-0.46057200004189985,-3.3335336840052823,3.9875585155114166,0.28380109334566694,WLS-HAR-RV (λ=0.05)
31934,0.0005713013110158801,-0.22849527440978398,0.38138149956690587,-1.0351948278974092,0.14250032402722834,WLS-HAR-RV (λ=0.05)
9967,0.0006937562709074152,-0.036106456126223485,-2.9273870893400638,2.9832109405475444,0.330575771698417,WLS-HAR-RV (λ=0.05)
17676,0.0003892651787855512,-0.47133069697104923,1.0830321747889702,-1.1398216106980024,0.2382556224822997,WLS-HAR-RV (λ=0.05)
7885,0.0013296130702736267,-0.14569131064823324,1.550756045512617,-3.5495379270579366,0.2768814003727089,WLS-HAR-RV (λ=0.05)
21445,0.000469174795292566,-0.466225360518271,1.6097850741516126,-1.8848884340308956,0.12469851931246623,WLS-HAR-RV (λ=0.05)
19033,0.0008625958750329071,0.28226114185605183,0.8380277684466312,-2.488237696503899,0.19619501686589103,WLS-HAR-RV (λ=0.05)
17179,0.001000352241355381,0.20088636671020527,-1.6771089639768,0.5250326289584988,0.2168409558303488,WLS-HAR-RV (λ=0.05)
13949,0.001279935796856421,-0.15492554164401584,-1.812017860203215,1.6504062323208715,0.13630874038779472,WLS-HAR-RV (λ=0.05)
