time_id,intercept,beta_daily,beta_weekly,beta_monthly,r2,model
5,0.0008086587431542488,2.746437264738215e-05,-2.4296121453173303,1.912530950404372,0.2599563951248779,HAR-RV (OLS)
11,0.0005891502959766606,0.5202095485562297,-0.108856928895956,-1.5690637473702111,0.30431955936091026,HAR-RV (OLS)
16,0.0007486195756016126,0.08588036299991372,0.09546508989630509,-1.1261123842968583,0.16808689581980107,HAR-RV (OLS)
31,0.0005130606234024417,0.9574427994551098,0.6011856473874776,-2.0849322808326134,0.7256168966804586,HAR-RV (OLS)
62,0.0006018148073072497,-0.11122426025884304,0.6484452359203213,-1.643993377365542,0.12110943793898465,HAR-RV (OLS)
72,0.00010619172500515178,-0.2442016207987813,1.2537582678678894,-0.21958550644256114,0.2296207009932829,HAR-RV (OLS)
97,0.0021371801383403347,0.21661903033564353,-0.43966436918105356,-0.46572889644178306,0.08692177530807699,HAR-RV (OLS)
103,0.0009347055381431657,0.5729946915164041,0.17541121596642442,-0.9718599831351172,0.291002545441566,HAR-RV (OLS)
109,0.0007121960804940133,-0.29017571655663554,2.300464632932953,-2.486745586196492,0.3203269944556407,HAR-RV (OLS)
123,0.0021861448488089195,-0.12287548274949857,2.3569611194667983,-5.682372284288563,0.2561457937445659,HAR-RV (OLS)
128,0.0003980085135377362,-0.013632153690003448,-1.138875397077964,0.9829545030586277,0.051621363283776645,HAR-RV (OLS)
146,0.0026259758067870274,-0.010824199198483672,4.180708121885224,-5.582965520455327,0.5915726922809086,HAR-RV (OLS)
147,0.002189776794453215,0.0075219182670958834,2.1567227385066023,-4.378932757615213,0.18917249868671226,HAR-RV (OLS)
152,0.000740746544218277,0.3674217903848191,1.551370184365348,-3.5563001370639933,0.13073536708268652,HAR-RV (OLS)
157,-0.0002105721075616122,0.3743439476423983,-1.263312154341121,1.9725033917965065,0.23782486638201839,HAR-RV (OLS)
159,0.0016811497796033693,0.7952698318098362,1.9954723930021037,-3.984375835617523,0.5590329775890992,HAR-RV (OLS)
169,0.0005992108094292827,0.4295712106820102,1.1003840160128742,-1.6404493703906513,0.2658461231947826,HAR-RV (OLS)
207,0.002570589387015581,-0.05695537137800815,0.4229820197110964,-0.7598232613634076,0.07237652747457823,HAR-RV (OLS)
211,0.0013335519301982935,0.012739210159775747,-1.5494368457963905,-0.6928769066496315,0.17842034781558458,HAR-RV (OLS)
213,0.0017668350155472324,0.49187398979419,1.126322473979776,-3.172600224059094,0.20153779330762767,HAR-RV (OLS)
218,0.0001585448519699372,0.20493395302731884,-0.703866257529746,0.6513550573592284,0.06573832964050574,HAR-RV (OLS)
227,0.0014361527771242252,-0.26733824862792793,1.6910300755721905,-2.971223279795943,0.19189976259332653,HAR-RV (OLS)
229,0.0008907123763862096,0.12530461256072833,4.701370343112466,-11.372383259745428,0.36985682401105524,HAR-RV (OLS)
232,0.001642240162895532,0.4455938178693811,-1.273588996545874,-0.3653473477647052,0.30874406584869696,HAR-RV (OLS)
250,0.0003311972918023275,-0.08790891330660049,-0.3388332639191795,0.35895684417177376,0.02178105628509619,HAR-RV (OLS)
254,0.0030530555185876596,0.4386952240565493,1.742578531078853,-3.3655689049212896,0.2813839604567242,HAR-RV (OLS)
256,0.0006333275739814539,0.3652387914993368,0.9111324675828708,-1.5903486827662037,0.18792057969565823,HAR-RV (OLS)
266,0.0019193882649923585,0.1281812891260182,-0.1959757275310502,-0.9996356836904635,0.1029812221274563,HAR-RV (OLS)
273,0.000509973797344677,-0.1952090408023528,2.05941059001232,-2.5713228851098267,0.2691121136940955,HAR-RV (OLS)
289,0.0036301865163726114,0.22068612283922406,-0.3814661099125307,-4.421840248170048,0.3658762424829427,HAR-RV (OLS)
297,0.00029258294565378125,0.7390422982796439,-0.07386479885131902,-1.5522947161095042,0.35400177660179233,HAR-RV (OLS)
303,0.0009439831216113339,0.4673832706254291,-0.36797439090369377,-0.2927505169025593,0.3472793684594997,HAR-RV (OLS)
309,0.0005395803308795024,0.4851420109849942,-0.24778688532843307,-1.3867176171051936,0.2313593022240027,HAR-RV (OLS)
310,0.011808708355626482,0.5927520328407899,2.373869869149191,-9.233240383420725,0.3895989249457037,HAR-RV (OLS)
317,0.000863725198382348,-0.2537040074746159,3.0820569642218896,-4.076102857908673,0.18949749658059278,HAR-RV (OLS)
319,0.0010683295357487932,-0.6264190203518294,3.0010366499740257,-5.088057907588041,0.3331598221178669,HAR-RV (OLS)
325,0.0001014417239945997,0.2073270880079904,-0.06367573286458572,0.866848840428921,0.18906250368750743,HAR-RV (OLS)
326,0.008398316546381696,0.4215773924008983,1.8493852316615793,-6.290240551971092,0.483231672656787,HAR-RV (OLS)
335,0.00299706312029048,-0.23638330504659025,3.4880613119505512,-6.876972855291866,0.45671323982224143,HAR-RV (OLS)
337,0.00043776135042471003,0.3386447895342948,-0.5068072040856452,-0.8022538753019441,0.15676258810770471,HAR-RV (OLS)
358,0.0017005226189197116,-0.2368202115617077,1.5589891169431134,-1.698943246641497,0.09949914544168226,HAR-RV (OLS)
371,0.005732187167858278,-0.5391255075199864,2.9192761535782177,-5.31285766793534,0.3267560778098648,HAR-RV (OLS)
373,0.001043790423958124,0.1496515867812258,0.2207631823831237,-0.9720404845443227,0.14659576493420512,HAR-RV (OLS)
380,0.0005937274814596454,-0.28654796884917044,1.8963642610980018,-2.235944047402105,0.12130091691705569,HAR-RV (OLS)
381,0.0005134595259871072,-0.15296212895962102,-0.7567730328086051,0.5059376039842478,0.07198646187328661,HAR-RV (OLS)
411,0.0005188327055910002,0.012596010676214969,1.934677718244026,-3.2097248657277424,0.1764580698584748,HAR-RV (OLS)
420,0.0016166395615757128,-0.03651142764389347,0.8423768811809953,-2.4165968206627673,0.13076585638710103,HAR-RV (OLS)
424,0.00016119534585406006,0.12597326639940296,-0.9775662413712045,1.4568054052870458,0.055488786136124846,HAR-RV (OLS)
427,0.0047737306478252365,0.2189806701167859,1.5103808659746722,-2.6395522342065005,0.2628572830935666,HAR-RV (OLS)
436,0.0018124787769690995,-0.07069788598454604,-2.6338374168810033,0.5529867359371066,0.3203480872211647,HAR-RV (OLS)
438,0.001785500634585525,0.5325941724020752,1.1106281235455102,-3.483123866766387,0.38147641631107176,HAR-RV (OLS)
454,0.0006830874505342455,0.30564141857237304,0.34113912670874713,-3.5606882098897077,0.25587176815604007,HAR-RV (OLS)
465,0.0004482072555138416,0.19184941104977202,0.9517668388612309,-1.2803304370841004,0.1352996141250441,HAR-RV (OLS)
468,0.0005757640580079854,0.1431326153455143,-1.4304675306455499,-1.926769360898288,0.32269469438722276,HAR-RV (OLS)
487,-0.0029133622159683,-0.43510529287597527,-1.8874531618249455,4.317742463206194,0.2724755566493843,HAR-RV (OLS)
493,0.0009780184105158017,-0.03164367773395591,-0.9408819103372309,0.22135639422166736,0.07922283536041785,HAR-RV (OLS)
506,0.0002641221998243411,-0.4391345136914456,-2.1231439687215206,2.9184194785359105,0.32658766963875474,HAR-RV (OLS)
535,0.001269200863093315,0.33983308207699425,0.31728212878871176,-2.7627907555781963,0.46113343552473696,HAR-RV (OLS)
536,0.0005801020048804208,0.47023522659143224,-0.7054630634010066,0.2990938905314688,0.21851637323267825,HAR-RV (OLS)
539,0.0015379582580577888,-0.10331315417409598,2.509882267747966,-3.612889206441117,0.15675105510992426,HAR-RV (OLS)
545,0.0008359526359862073,0.22438134903548682,-0.4337487550272513,-0.9750682549424199,0.1716373775611547,HAR-RV (OLS)
554,0.0006900558086624111,0.35179921082656396,1.1422925450026582,-3.7659540258516238,0.17165617535116107,HAR-RV (OLS)
568,0.0018453745061561533,0.3345760674751745,0.42929721144163846,-3.4663065427725477,0.17985390026292192,HAR-RV (OLS)
579,0.000660675417579894,-0.4196728902637405,-0.14519553038696184,0.6426810086165126,0.10328304355454987,HAR-RV (OLS)
589,0.0017385686516478889,0.917573439789198,0.9573361003657763,-2.282277214324172,0.6047731089851425,HAR-RV (OLS)
591,0.000725655248430154,-0.10469801943010823,-1.4490551889153118,0.49296440970489575,0.1494998481093981,HAR-RV (OLS)
595,0.0006534085062107602,-0.18307911659921752,-1.1973239860951046,0.3335835628124817,0.2591547873873996,HAR-RV (OLS)
611,0.0009610418936521067,0.0713645412004917,2.56402540337685,-3.5789615147469305,0.26623651998731146,HAR-RV (OLS)
618,0.0007078137180139921,0.3551900635650851,-0.11893222799024206,-0.8710251858841965,0.26503739337288734,HAR-RV (OLS)
627,0.00038786122341311584,-0.018595801342212358,-0.6030038979421719,0.10127086364439813,0.07241070488553325,HAR-RV (OLS)
633,0.0005420625370667738,-0.0003153069109646575,-3.6494664395852308,3.2362212364257896,0.37972013154291406,HAR-RV (OLS)
640,0.0047705087713485715,0.19719592534286928,-0.4144253557095323,-1.4413500580650482,0.24517837480999938,HAR-RV (OLS)
646,-0.0002906072524856576,-0.6267450892545592,-1.9788293748514325,3.92423375255519,0.35388186145892464,HAR-RV (OLS)
650,0.001006797036329949,-0.05395278146714239,0.6042001490489162,-1.9040429825635616,0.0738486261692376,HAR-RV (OLS)
652,0.0004339299159000357,-0.3450124582985605,2.6226888466739813,-2.953358223226302,0.4787869953427939,HAR-RV (OLS)
659,0.000745867557761869,-0.08392526369406532,-0.486992150191668,0.562920852922317,0.023679641154983444,HAR-RV (OLS)
675,0.0009030000338403493,0.5061099238190159,0.8751179065591062,-1.9307792962635395,0.29768806191631814,HAR-RV (OLS)
697,0.0031481084602167373,0.3661672902831943,-0.02207253301355583,-2.734012773472774,0.2852673213273831,HAR-RV (OLS)
709,0.0029166335787622964,0.7685306324248826,2.691018230197553,-5.611251921316892,0.494046090881867,HAR-RV (OLS)
725,0.0010419897238235715,0.45629484306960394,-0.9812126556879424,-0.3179412650478217,0.3362821028481927,HAR-RV (OLS)
728,0.0030788178801208115,0.4898806745488449,-0.1487958565290446,-1.8603823093417717,0.4068310278716797,HAR-RV (OLS)
735,0.0028510823307245285,0.10249394498193341,-0.005312568925427641,-2.8891018481743784,0.20887755325531854,HAR-RV (OLS)
745,0.002005837591266084,0.0633443786151542,1.8725227403336233,-5.207485001621081,0.19085815155797892,HAR-RV (OLS)
746,0.0006826077627292359,0.30953100054724864,1.0368670557204365,-1.7656528275222276,0.14886302625820913,HAR-RV (OLS)
748,0.004997956456130628,0.40232495311161753,-0.3775803783448799,-2.7639129292745728,0.26613896111717317,HAR-RV (OLS)
753,0.0002778598042552314,-0.30488822646876557,0.09983080636066241,0.2684998659127361,0.09160629548358656,HAR-RV (OLS)
785,0.00416008866852689,-0.043220470006287336,4.826333637525973,-6.378634450446949,0.619078301035471,HAR-RV (OLS)
817,-7.189430574297702e-05,-0.1336873693812406,-0.5429844248143034,1.5963499037222788,0.172280638564681,HAR-RV (OLS)
840,0.00022390791031726912,-0.2085655318042818,-2.5703667906605756,2.8794851329922073,0.2617058430121628,HAR-RV (OLS)
841,0.0007608857528792153,-0.19168752623449592,-2.3757787455990993,2.476088370854753,0.28429052627477625,HAR-RV (OLS)
852,0.0006519485320978663,0.309609401011064,-1.3596293502682504,-1.565935276996909,0.47071429553204513,HAR-RV (OLS)
854,0.0007552612184814789,-0.5014704020144817,2.6584905149879674,-2.3451620696054643,0.3910841036321947,HAR-RV (OLS)
868,0.002377197651329664,-0.3043654842419802,3.8191997626242165,-4.408709768574459,0.3342646932915324,HAR-RV (OLS)
886,0.0005104163820102061,0.3433325440771463,-0.779912126291608,1.0248700985013601,0.22865944288154905,HAR-RV (OLS)
895,0.0014907132004099762,0.6082610875611052,0.27230656607534964,-1.891503940274039,0.32475707223867833,HAR-RV (OLS)
904,0.0023216400436560326,0.42706623370750996,0.8700602634364156,-2.7414665730326364,0.28340314665805955,HAR-RV (OLS)
908,0.0005278092160539473,-0.2768557832147633,0.898562382751299,-2.5122242174387655,0.22214960754611135,HAR-RV (OLS)
947,0.00028442242073693915,-0.3755289215523496,-0.5247538038023326,1.2731769050736257,0.10977088633904453,HAR-RV (OLS)
951,0.0006264856136818052,-0.400428621683376,-2.014259308291547,1.9287759607642672,0.2903253400667102,HAR-RV (OLS)
957,0.002067888849867672,-0.11870466002145878,-0.5477709306078957,-0.9285976520739028,0.1859061484177451,HAR-RV (OLS)
969,0.0027977425195275024,-0.09122984501708016,2.9925015558591817,-4.005241744281678,0.5461916028787677,HAR-RV (OLS)
985,0.0006982415445821676,0.29767790952577183,-0.18799709918593932,-1.8101794297708778,0.11703326419119586,HAR-RV (OLS)
991,0.0004645766064147542,0.4080794403212263,-0.02081291773863489,-0.18695089548846355,0.14291306363286294,HAR-RV (OLS)
1000,0.0004304772985019553,-0.006488390275665987,-1.7281860774094013,0.8503812990001831,0.13879821424510308,HAR-RV (OLS)
1011,0.002070514723229948,0.13279850398128887,1.5018933312752005,-5.987310345173841,0.11634309719478675,HAR-RV (OLS)
1016,0.00035913803306030314,-0.07683500182942027,-1.913385862360523,1.1642185911671747,0.29538012427782434,HAR-RV (OLS)
1020,0.00159370069447492,0.3661822399843796,1.5961925497523426,-5.344484531245204,0.3616228121709547,HAR-RV (OLS)
1022,0.0008236988336606189,0.16385435753849983,1.7095224884677709,-3.223944253066222,0.21562186347668855,HAR-RV (OLS)
1028,0.0019404399139481597,0.052988092987582475,2.363552097308239,-3.113227861284554,0.20962913390222582,HAR-RV (OLS)
1037,0.0028744090119230173,-0.4038184614707961,6.426936256986281,-10.153094583613925,0.4863471887661761,HAR-RV (OLS)
1040,0.0017934141243707777,0.13805010022404154,2.687913559758759,-5.371604240391861,0.21633981891457588,HAR-RV (OLS)
1057,0.0017757846363057111,0.02351156632937843,-3.247704121809922,0.4379408924460435,0.4016814959519963,HAR-RV (OLS)
1063,0.00031722809155450456,-0.23940421741185147,-1.8515682641120152,2.9721603421572116,0.14531172765929623,HAR-RV (OLS)
1070,0.00027645835770513444,-0.2579052540153986,1.4666388604994853,-1.569763115562159,0.08504813526158406,HAR-RV (OLS)
1075,0.0006199364542512464,-0.37513467064188016,0.4890919433951138,-1.3773581343576387,0.3096450456152502,HAR-RV (OLS)
1100,-7.691544935657164e-05,-0.045526995123412434,-2.476378508764134,4.680628962068965,0.20902393186021118,HAR-RV (OLS)
1107,0.0012750330866663302,0.26868182543889835,0.652840664119327,-1.2353313549261393,0.12734416839216178,HAR-RV (OLS)
1119,0.0009049751911272301,0.04407964723283334,-0.5514566374641965,-0.32233188447448424,0.09955702875067807,HAR-RV (OLS)
1125,0.003163694658785135,-0.2865260413312269,0.8393542213510456,-1.4977346491468422,0.1582245124172167,HAR-RV (OLS)
1128,0.000983154897802404,0.5861932426770701,-0.6469291763347056,-0.925941893223596,0.4203826594903153,HAR-RV (OLS)
1135,0.0009803684879670024,0.0027348786465352217,-0.7737070569259251,0.9561316716950781,0.027146186942901718,HAR-RV (OLS)
1142,0.0009992818978687762,-0.10454158443303194,0.6976191882751828,-2.178772632758412,0.10776744606962751,HAR-RV (OLS)
1149,0.00012116378194436026,0.019550805416234118,-1.1501949376886826,1.999114441071844,0.11210887740150943,HAR-RV (OLS)
1158,-0.0008673934320642608,-0.050115128460167205,0.18109566974020708,2.2106626438266264,0.25863163182966753,HAR-RV (OLS)
1161,0.002114735371443262,0.07321318163692139,0.7880314839728066,-3.516531773332279,0.18056121730446406,HAR-RV (OLS)
1173,0.002217944352369607,0.36223341303807943,-0.9797681278291377,-1.098411006610972,0.28687847554227774,HAR-RV (OLS)
1176,0.00438121679864331,0.41539995693456616,1.1853801058426656,-4.784057449596293,0.39053968730449296,HAR-RV (OLS)
1178,0.004821121777956956,0.7338073435250653,0.03937910919568921,-5.971548140162282,0.6265696417558384,HAR-RV (OLS)
1191,0.0035244806883851306,0.22425468744614904,0.7963649870782544,-2.4125263243187267,0.12735790781638578,HAR-RV (OLS)
1198,0.0015015096529469763,-0.2746706983047863,0.8050170971115955,-1.4179057448957948,0.11648684322485536,HAR-RV (OLS)
1205,0.0013287159656262017,0.20653630451688393,-1.1211339810055088,-0.3044689220690565,0.2645897081193864,HAR-RV (OLS)
1209,0.004683333524763158,-0.08329500962559161,0.1628230779399273,-0.6033948445691805,0.09680286124343485,HAR-RV (OLS)
1213,0.00040101595702183993,-0.3412558997227444,3.2655979233863883,-3.9507086723488487,0.18698700259221424,HAR-RV (OLS)
1215,0.000659748945721691,-0.02591621495981712,0.742463134695259,-0.963538004684577,0.021666220620404686,HAR-RV (OLS)
1219,0.0004884100881105075,-0.4507829419974668,1.8467585252061498,-1.9772166942339933,0.2370346846811492,HAR-RV (OLS)
1227,0.0015591955415579337,0.26833521986277853,0.8054767754178159,-3.627448070498589,0.3262931610082209,HAR-RV (OLS)
1235,0.0001909537747110065,-0.24806915874314203,0.7199129609453666,-1.954899210966797,0.08636890943559516,HAR-RV (OLS)
1239,0.0006032488916752844,0.15647126236067935,-1.492212307168029,-1.7546301861097626,0.26678335513359186,HAR-RV (OLS)
1242,0.0016531245812321537,0.2323224817228501,2.8166351726288448,-4.595291870825149,0.3861995732885727,HAR-RV (OLS)
1247,0.0015167738971825836,0.23497339681629206,1.9613893653229546,-3.3616169175480852,0.4085059971353461,HAR-RV (OLS)
1249,0.000320008385431046,0.34961464982159823,1.6816759971414312,-2.536028802260712,0.3331927126268074,HAR-RV (OLS)
1255,0.0005141540936095109,0.09826459445094607,0.7053211253594038,-1.6594220416410994,0.075732992607914,HAR-RV (OLS)
1264,0.0024443520362791007,0.2686960878868357,0.8534274226288396,-2.159272193770398,0.2016136918523973,HAR-RV (OLS)
1269,0.0005969751274710231,0.3424015050409278,0.25733651079111936,-0.49684328232294805,0.14355627364454038,HAR-RV (OLS)
1273,0.00034029152838736506,-0.14683405026283952,0.2715272282492758,0.48672337154516165,0.2060368812323985,HAR-RV (OLS)
1274,0.0007531455746796528,0.382756898621545,-0.1495420223360947,-1.3744355656790965,0.23223903635412657,HAR-RV (OLS)
1280,0.00034934888765440514,0.2687037248882005,0.797578422331108,-0.5424903442803637,0.3400972031043348,HAR-RV (OLS)
1289,0.0007164769875378276,-0.06891990220397323,0.12561778593858042,-0.2177241803057291,0.007912736997166436,HAR-RV (OLS)
1291,0.006917363760953211,-0.3387395651990351,4.387354113641194,-7.388880754955923,0.3883195561241719,HAR-RV (OLS)
1292,0.0008893629784937633,0.597454533597328,-0.9536016777340388,-1.4356815769050681,0.5929201511447486,HAR-RV (OLS)
1302,0.0009788767762302743,0.19655450254990256,1.6685452982509679,-5.519985721807627,0.4149066076456335,HAR-RV (OLS)
1310,0.0018937862656650715,0.22114208591962647,2.2462485269676957,-5.900461832464704,0.2141396098352133,HAR-RV (OLS)
1321,0.00014208596743983665,0.05189617768740345,-0.2312661857368368,0.6382678778615899,0.12891007442577895,HAR-RV (OLS)
1322,3.832061576099265e-05,-0.10616641260352173,-2.5806206636134625,3.480644544809623,0.29958733157440254,HAR-RV (OLS)
1326,0.0010301058149346078,0.3854545153939868,0.433918721225812,-2.8250134766143606,0.30127556790836973,HAR-RV (OLS)
1348,0.002372251532747221,0.5107664008782206,0.28890420780688597,-3.2725916110374023,0.39308374610374863,HAR-RV (OLS)
1350,0.0008261151898077347,0.07257140487875176,2.8010480720253925,-4.66856437120354,0.2528748327620599,HAR-RV (OLS)
1359,0.0009152268041357778,0.4127043372724691,0.3898984012481612,-2.547737745802238,0.23441832733159174,HAR-RV (OLS)
1363,0.001517979220613508,0.6413160330558774,1.9867823774505389,-3.9461703784380306,0.490993653744468,HAR-RV (OLS)
1365,0.0006509377592245646,-0.018877541809352617,0.28513905253543953,-0.30706398411409713,0.0030026907195698227,HAR-RV (OLS)
1377,0.0003201453297054803,-0.4319542446804807,0.7875772411130497,-0.8326028023435115,0.15095158676318388,HAR-RV (OLS)
1380,0.0007709248187184625,0.5970751953200369,0.295932242666493,-1.0972960064486732,0.07051623617182412,HAR-RV (OLS)
1392,0.0002594558367486629,-0.4219128252840418,-2.9830614663772743,3.5068788930662733,0.3055226056043878,HAR-RV (OLS)
1404,0.0012923158898908293,0.10739545206430558,0.13121945301920368,-2.3116297135756736,0.1076480601609624,HAR-RV (OLS)
1408,0.0013261009487923873,0.12848728046041333,-0.12980322515586407,-2.0355221871195437,0.1434897596529522,HAR-RV (OLS)
1416,0.001694268305993753,0.2750957042839332,1.8289523271376118,-4.110923201059705,0.13266104304509507,HAR-RV (OLS)
1417,0.00034051580075428195,-0.06466254352073358,-0.5145561150461991,0.7485270903485424,0.018387097637453276,HAR-RV (OLS)
1427,0.00021605747598266536,0.11926840176339434,-1.2981849781155177,1.6819077272486134,0.12897695819446775,HAR-RV (OLS)
1430,0.000256730111487952,0.11665691607117715,1.3404102235855475,-1.3142444990785114,0.40084004057874534,HAR-RV (OLS)
1433,0.0005986861959005837,0.2073125197376801,-0.15060972892225308,0.13013499015069072,0.039900901926016474,HAR-RV (OLS)
1459,0.0024059829907058785,0.22467017494785038,-0.5223276500861078,-0.7554038661815224,0.11520033041111877,HAR-RV (OLS)
1462,0.0017326527369108508,-0.18905503698452092,0.46367189736244196,-2.772308153001584,0.30270516104752954,HAR-RV (OLS)
1463,0.001835963680921205,-0.34483033536178787,1.3917593246163613,-1.7995500048438005,0.12514888818208314,HAR-RV (OLS)
1464,0.00069582066626526,0.3234250058163302,0.17004564140787512,-0.8188029290938026,0.13255627701871753,HAR-RV (OLS)
1468,0.0012074098536638423,0.3268126924023084,-0.561810569103971,-2.304076101451062,0.251472752693216,HAR-RV (OLS)
1471,-0.003096552589257134,-0.21326922343463398,-3.7951741671580304,7.067968083697177,0.6567373241337005,HAR-RV (OLS)
1477,0.0004150780262436716,0.01078122368778314,-1.3111152675410074,1.0409772274152382,0.12429191378344684,HAR-RV (OLS)
1481,0.00046340258863840605,-0.2302633448476699,1.721124988717245,-2.6737363726433205,0.2642066825428707,HAR-RV (OLS)
1501,0.00029292667390508754,-0.16991528877746184,1.173767067123073,-0.7145664182182018,0.19449727736903144,HAR-RV (OLS)
1513,0.002339545685040486,0.2042091204802845,-0.7787758973841203,-4.070602273574904,0.4113157818152412,HAR-RV (OLS)
1521,0.0022682007939810174,0.10142583805838529,-0.05095894744207263,-2.2581563277134094,0.4220273685964401,HAR-RV (OLS)
1524,0.001427888466112698,0.1724628303363953,1.2250555916486086,-3.294897374149534,0.1864497946417828,HAR-RV (OLS)
1529,0.0008246734249453063,-0.39347840686319363,2.5182450459705454,-3.3425030122853516,0.0908289242763618,HAR-RV (OLS)
1532,0.0014744428398084921,-0.06277248691365354,5.231085931490134,-10.223976540638503,0.3761010473792429,HAR-RV (OLS)
1536,0.002824457519336362,0.27320230940107854,1.6248636393164113,-3.634953491041876,0.35178175932499356,HAR-RV (OLS)
1541,0.00035269234755780897,0.22191503954506353,-1.628013467736638,1.8539461530215655,0.23663988403280956,HAR-RV (OLS)
1544,0.0005960391011997183,0.053575184264793185,-3.7433149297834327,1.6973341284158492,0.342032722879689,HAR-RV (OLS)
1551,0.0007610220756574808,-0.23790402483941767,0.9782858101824136,-1.0335141842466056,0.07356751420982843,HAR-RV (OLS)
1563,0.0013535450498686108,0.5517783861960247,1.3225291222461202,-2.9307115450402184,0.5909656613215828,HAR-RV (OLS)
1565,0.0011632819825076449,-0.006406477590120359,-0.10457125536694557,0.4084416662824355,0.00818114370609968,HAR-RV (OLS)
1581,0.00037135585615224916,0.1637720381205876,-0.35587903062929277,0.02122392632547604,0.03621251925271418,HAR-RV (OLS)
1587,0.00020414750195679477,0.5192429239732279,-0.38007528218257813,-0.5237122169329668,0.29248779344202347,HAR-RV (OLS)
1600,0.001534453650666047,0.3612455990047311,0.9616790303045105,-2.1805477583475703,0.13814208091117908,HAR-RV (OLS)
1640,0.002217206296301723,0.37431527253469754,0.9642807739399372,-3.387339910829967,0.2718034737717132,HAR-RV (OLS)
1651,8.378625197569327e-05,0.04040943284998712,-0.4817225986842393,0.9358277754041202,0.13031265040812978,HAR-RV (OLS)
1658,0.0005522511055833224,-0.2784074935163015,-1.4054847056253958,1.4632118383463588,0.14117702184263303,HAR-RV (OLS)
1663,0.0001380203724131371,0.24400031395100927,0.7361257040356878,-1.3190617655757042,0.06329893707234668,HAR-RV (OLS)
1674,0.0024445314734692363,0.11899098918036677,0.5947103119571961,-2.9586492420323105,0.14952837910417127,HAR-RV (OLS)
1676,0.0007494480138200461,0.13547308593036142,-2.516208101879889,1.0883940075874903,0.5219999086059046,HAR-RV (OLS)
1688,0.00169793231040812,0.13911849296691456,0.5703427475729644,-1.6200206973836608,0.07257270551216655,HAR-RV (OLS)
1707,0.0018671600986798868,-0.34215975674292853,1.2018580075972767,-2.399538680112102,0.2522475569881386,HAR-RV (OLS)
1712,0.00047123779826907964,0.15041372869836536,0.014980257440262212,-1.736549055953448,0.14166079849732371,HAR-RV (OLS)
1719,0.0030512777847273714,-0.21227529433943285,1.1757844470721417,-2.199365701505644,0.17953302306898855,HAR-RV (OLS)
1722,0.00955506929598089,0.11109001081557847,1.335929341035567,-2.894805644963206,0.3533142054870978,HAR-RV (OLS)
1728,0.00013118379369909667,-0.30357222528765576,-2.075019870932847,2.691245230753617,0.24051193783336022,HAR-RV (OLS)
1744,0.0003219786547384209,-0.36414843899649796,0.2800521175443218,0.8800844950608258,0.0784520509994524,HAR-RV (OLS)
1747,0.0008545085504623956,0.22536649825451097,0.6124947700800807,-2.3487035492731905,0.12809841985708248,HAR-RV (OLS)
1761,0.0012691516085966974,-0.20873963293471656,-1.1281000854060377,0.3111824010876826,0.20674366014061796,HAR-RV (OLS)
1787,0.0007696729249009994,0.0887412282759064,0.7019576793478821,-2.0509209501604437,0.17705139596856145,HAR-RV (OLS)
1789,0.000328053466573463,0.1831896722541745,0.21278059055268012,-0.40668404051067575,0.033533881848608615,HAR-RV (OLS)
1797,0.0024256235819394437,0.41818482931253925,0.9234251120537735,-2.2428245575484933,0.2902546732960397,HAR-RV (OLS)
1810,0.0006189449222073375,0.024224441295644862,-2.918024957169364,2.0223966186738216,0.280265723428594,HAR-RV (OLS)
1813,0.0027661633098689325,0.17757699664462276,-1.8477535747822118,1.119469673098536,0.24799423145862654,HAR-RV (OLS)
1816,-0.00016613632070481416,0.2486243533512179,-1.0408201705134346,1.7809386620940468,0.172666638929731,HAR-RV (OLS)
1820,0.0007080999305366507,0.3017171413279734,-0.3065225021783268,-0.15180679151748872,0.05624407527147646,HAR-RV (OLS)
1822,0.0004539563197435202,0.05901353936969941,-3.4782068324415367,1.7577892213724227,0.4315703502250783,HAR-RV (OLS)
1823,0.000965764211225627,0.4034392177528939,0.3639823810297633,-0.38548124259529665,0.3147775413313899,HAR-RV (OLS)
1826,0.0003110502025045464,0.19381013761323948,-1.292321709908578,1.3102529109992023,0.08645198972558488,HAR-RV (OLS)
1827,0.0012822082391436161,0.05891750778812137,-0.12738327212673248,-0.22400366073099023,0.12284315648303579,HAR-RV (OLS)
1841,0.0006665348684980145,-0.04043184630349634,-2.1678864357666354,1.4190733565215572,0.2550829145704723,HAR-RV (OLS)
1862,0.0028608770810744735,-0.6469065562537106,0.7904774656238334,-1.1172110151876797,0.5446470191540289,HAR-RV (OLS)
1866,0.0005919935472499702,0.29630473344877917,0.49304732754993064,-0.4630717578305614,0.2798526588915554,HAR-RV (OLS)
1870,0.0007210802360102055,0.24975905662371686,-0.9073199300419994,-0.3944976608664211,0.27318657440192784,HAR-RV (OLS)
1875,0.000791549247784515,0.23090764018016188,1.7629421426440104,-3.5437692232441513,0.6241879291881431,HAR-RV (OLS)
1876,0.002117996254759291,0.3634580904329221,1.2037147127106078,-2.3509608284652366,0.2634394344142308,HAR-RV (OLS)
1879,0.0024318082334261505,0.5974850759881736,1.3170181767551883,-4.4153714600022385,0.34235578943314027,HAR-RV (OLS)
1890,0.0009783169857758194,0.04134818998094685,0.7071702533495055,-1.6299662557878425,0.09088539201465151,HAR-RV (OLS)
1904,0.0008285710062653647,0.442995080848118,-0.812128287819635,-0.8856530794522357,0.23607846327271298,HAR-RV (OLS)
1909,0.0011601164909769267,-0.271661580758819,1.4352907299504398,-1.9059065630365444,0.12621211498049467,HAR-RV (OLS)
1920,-0.001494580049763181,-0.1728747996331164,-4.289502272106989,8.20676692781564,0.3304295560274022,HAR-RV (OLS)
1923,0.0006613678573918252,0.4362058006709355,-0.07094556142757241,-1.0094807520649896,0.18512931606334648,HAR-RV (OLS)
1930,0.0015905938132050848,0.20040434001961005,-1.2561327708860097,-0.10171376712781954,0.19390674360134352,HAR-RV (OLS)
1938,0.000755952932728246,-0.10225368422126377,1.497088196136299,-3.2916827585520423,0.18839057768174483,HAR-RV (OLS)
1946,0.004488463174078614,0.5247461157690634,1.653470535898194,-3.8822466493318553,0.6505936030796928,HAR-RV (OLS)
1948,0.0006124273502927738,0.03862153990277554,1.6861248045505661,-2.879538797101815,0.16045123306234688,HAR-RV (OLS)
1956,0.0008531985069531407,0.4207803671949939,-0.15777164905159669,-0.6088934412019819,0.1313621218076133,HAR-RV (OLS)
1962,0.001141484451103345,-0.011481703782934376,0.3105274494173125,-3.076439291998779,0.1869727807263356,HAR-RV (OLS)
1980,0.0016202599894647586,0.7360800330748667,0.12982494874918754,-1.57370412545065,0.4770097431533922,HAR-RV (OLS)
1981,0.0008286401783032164,0.10108584457565674,-0.3457345072686522,0.5511542261664922,0.028149210514957113,HAR-RV (OLS)
1991,-0.00014287122994997452,-0.07519154323221514,-0.9112025392991195,1.8870402453108244,0.2734664055942413,HAR-RV (OLS)
1998,0.0008357625584758635,-0.4830524255932192,2.579966536581077,-1.7966441116960907,0.40908228228886956,HAR-RV (OLS)
2000,0.00017447320366699638,-0.2940451077705988,1.633725252220911,-0.90963785347653,0.38674239396183274,HAR-RV (OLS)
2006,0.0005932310062687372,-0.07417442360438102,0.42351875051591786,-2.013950160536599,0.11600262913646608,HAR-RV (OLS)
2010,0.00047696524172424586,0.1470548391743372,0.08745442845470469,-0.5851212787763455,0.07216771455356408,HAR-RV (OLS)
2014,0.0012470265378025176,-0.12314536139684715,-3.2943749766615404,1.5890241948313026,0.6138321448348933,HAR-RV (OLS)
2018,0.0009863563602286066,0.3608038338780235,0.05753526406197007,-1.204007346206644,0.16049907324060153,HAR-RV (OLS)
2027,-4.0314282758881475e-05,-0.335446862864568,-12.524770441389977,14.07087574985376,0.6982515677982948,HAR-RV (OLS)
2037,0.0008570389923515205,-0.4007052914263898,3.305609585580987,-5.162281607508214,0.2609664867480579,HAR-RV (OLS)
2046,0.00025871321151496807,0.49678114024685827,0.09673920101840666,-0.8263098160492979,0.2318258623270668,HAR-RV (OLS)
2058,0.00135468559158122,-0.058646730895716426,1.3529640714943407,-2.5522629269411956,0.16169038362157107,HAR-RV (OLS)
2075,0.0007979109053555897,0.8481695130982494,0.28519227607553177,-1.7955340061341027,0.5756922542881933,HAR-RV (OLS)
2076,0.0007546144020083622,-0.3856013882353015,-0.08610729590398242,-0.6691121414172014,0.23677976459850392,HAR-RV (OLS)
2077,0.0020691455002522174,0.3753263924237482,0.16721773872622592,-1.805723593467909,0.16417797088090968,HAR-RV (OLS)
2085,0.0020039589185558843,0.5067952442590785,0.18478898848025094,-3.0408187985758803,0.30717928119598015,HAR-RV (OLS)
2086,0.0006349521277681652,0.5095533285304567,0.8750194529522622,-2.2066725433448973,0.2017221866567337,HAR-RV (OLS)
2088,-0.00031278715887313077,-0.15059098040198765,-1.5186160789502967,4.173138998631684,0.1791849099640851,HAR-RV (OLS)
2102,0.0004947830471294973,-0.023176954686611344,-1.6738489659552624,1.2093011813926273,0.1275345863088756,HAR-RV (OLS)
2104,0.002595027488200255,0.9153643225479312,-0.018913902175322628,-4.404165839385837,0.6285482618371883,HAR-RV (OLS)
2109,0.0006736549810908429,0.1077928055760699,1.3533888340258593,-1.7431349294566565,0.24966938250529092,HAR-RV (OLS)
2117,0.0005340752137391934,0.1363637340709545,0.2532484566005928,-1.690407294921322,0.11246187650514883,HAR-RV (OLS)
2118,0.0007872425135579544,-0.07883876558193284,1.7163240231403465,-2.5588942207033742,0.28661112015854084,HAR-RV (OLS)
2119,0.0011415488997416996,0.7169174299549738,0.5306258822261375,-3.1053042420042707,0.4674896166695037,HAR-RV (OLS)
2125,1.8227667188254893e-05,0.2619214267348631,-1.3223809779524047,2.562146172201949,0.46908789205811796,HAR-RV (OLS)
2136,0.0008450698951356001,0.019472747696356214,0.8417922455759198,-1.4597543271891589,0.09815180826544145,HAR-RV (OLS)
2139,0.0003425102331211017,0.409570155225242,0.49780650826653805,-1.6795079407646663,0.1714401482067771,HAR-RV (OLS)
2146,-5.102771649541707e-05,-0.048369101928825806,-0.7342928849031969,1.6947059706273404,0.16229530373695455,HAR-RV (OLS)
2169,0.0014230742530241384,0.20273502063041862,0.8182344786175866,-2.671909371401382,0.18369530172467563,HAR-RV (OLS)
2170,0.0039658972893921235,0.5524479122218404,0.04250146816320388,-5.361091595669721,0.4111910940244632,HAR-RV (OLS)
2172,0.0012362448100743206,-0.02316808568500821,1.6837526074608649,-2.275488792091969,0.1364866379222256,HAR-RV (OLS)
2174,0.0018313139641816076,0.318726746664441,0.1627094308510313,-1.8110108641369589,0.1352839547414708,HAR-RV (OLS)
2178,0.002390941090652579,0.0724198759767061,1.386818538649456,-1.9088842034278581,0.11928745654619066,HAR-RV (OLS)
2181,0.00271689997281709,0.765880383760444,0.9814112789081032,-5.490998341677767,0.5708120074226561,HAR-RV (OLS)
2183,0.0015568083071528247,0.32529004542525536,1.6844792608723798,-3.5246596689389618,0.2127099239236243,HAR-RV (OLS)
2184,0.0011748091261552355,0.18480722209276373,1.853778987568076,-3.4346856703098902,0.3100973757415352,HAR-RV (OLS)
2185,0.00038916935641307324,-0.461497676241124,2.524267452469519,-2.62692349349443,0.16998124590057362,HAR-RV (OLS)
2193,0.001044630811728595,0.0848711779407522,-2.9845214944680674,1.5009162769284932,0.37379729368400105,HAR-RV (OLS)
2196,-0.0001746294611125778,-0.1207423520408064,-2.0404429745051074,5.491361953548615,0.2714760411157282,HAR-RV (OLS)
2197,0.0003682660320809632,0.27415214095797963,-0.07292115380367127,0.2703810806557795,0.110898769603481,HAR-RV (OLS)
2199,0.0005381300653026107,0.17357924938919653,0.9102253155903732,-1.138324392591835,0.13792035806620062,HAR-RV (OLS)
2213,0.0008508343856289851,0.11267682494123402,1.5059786842413112,-2.604388069581688,0.0856640048414462,HAR-RV (OLS)
2219,0.0015386733932976249,0.03854923521004015,2.1180033774477938,-5.761545615050006,0.44529068652635617,HAR-RV (OLS)
2239,0.00015103354937605923,0.28131617786296453,-0.15384135741880112,0.27353711209940695,0.14813419247215953,HAR-RV (OLS)
2254,0.00032110743848834367,-0.048992758801193914,0.56250991592857,-0.8910110474258026,0.010686226638123686,HAR-RV (OLS)
2259,0.0005866540309105053,0.2259366413766358,-0.07060846396898662,-0.4577496567529501,0.06648172179864609,HAR-RV (OLS)
2267,0.0013842206628490363,0.3744754194600966,-0.885246242111841,-1.3323824790425807,0.2294839960755195,HAR-RV (OLS)
2293,0.0030970208798799096,0.20926598425122933,1.043219132485188,-5.678870116331066,0.16019246916923846,HAR-RV (OLS)
2303,0.002359191906503485,0.024296801973289088,1.3845565823324661,-4.033604816784333,0.20987646410393201,HAR-RV (OLS)
2312,0.0015447809176826733,0.35777358623673533,0.47000058522820154,-2.6265968950957217,0.2664477954522866,HAR-RV (OLS)
2329,0.0014261739470451426,0.44395081793850216,1.0633531230364741,-3.8445442660435787,0.25964050249855763,HAR-RV (OLS)
2331,0.0008267226584146331,-0.07621710627599022,-1.90776625964825,1.1974046414753756,0.2698646290622415,HAR-RV (OLS)
2353,0.0033566591572245282,0.7639559062516529,3.1636887987717017,-8.362379665478326,0.7918497707748648,HAR-RV (OLS)
2366,0.0008359752292190293,0.30485322345284593,1.1704161232074939,-2.3967300334750243,0.10127779662466174,HAR-RV (OLS)
2374,0.0020583916189361924,-0.2014896856075651,2.98363174541588,-5.73761293498813,0.5081305983327078,HAR-RV (OLS)
2385,0.0007631623169354361,0.29896850575743056,0.9385981366950603,-2.85680354168994,0.2058820443684506,HAR-RV (OLS)
2390,-0.0009416711707361725,0.10884337843680116,-3.8247800420019535,6.589938446448972,0.6499198512492753,HAR-RV (OLS)
2392,0.004357436226216008,1.2227901726595658,3.526096919075318,-10.177247574856972,0.28448422697574116,HAR-RV (OLS)
2410,0.0026365216158944034,0.15454851230903352,1.8653650402143518,-2.9934572461184548,0.13247756490174134,HAR-RV (OLS)
2415,0.0010905179679882209,0.1812935066491723,0.587810227308559,-1.719583993696805,0.16689174678837504,HAR-RV (OLS)
2424,0.00276272992931876,0.31242958140667276,2.1753899111759436,-4.374486100029098,0.31407708584824,HAR-RV (OLS)
2433,0.0013365894944589263,0.6342493115551189,0.03341948195395017,-2.1326781400576,0.3770806824397285,HAR-RV (OLS)
2436,0.00027474111733497843,0.014510635520053779,0.37996249296732754,-1.9841065848979138,0.058557078701986454,HAR-RV (OLS)
2439,0.0007280136019842069,0.07977861768035396,-0.28831382414537743,0.14523223166647703,0.04398526468426445,HAR-RV (OLS)
2440,0.0005478633165433241,0.31334518767852365,-0.10415639019063827,-0.9126137300436914,0.18987714178059,HAR-RV (OLS)
2444,5.045836889532322e-05,-0.06208079474887847,-1.9695858613039101,3.038242546266254,0.06662166045015805,HAR-RV (OLS)
2447,0.0004923627918461371,0.018588898213913036,-0.46183491961747325,0.7932528309366083,0.028269035659555408,HAR-RV (OLS)
2458,0.003743693084609768,0.3295576853449928,0.0025433916292945113,-1.7599660978009082,0.28640913716765404,HAR-RV (OLS)
2463,0.0012113692944081887,0.9342378448343475,1.803987462907422,-5.8088973542318705,0.5692826476908522,HAR-RV (OLS)
2466,0.0003279583341572929,-0.29753520492864916,-0.19601094093550814,0.7426458809573607,0.066561615396589,HAR-RV (OLS)
2468,0.0009341124052638906,0.3235264780092487,-0.935045828915331,0.2569631042810049,0.21815358939592133,HAR-RV (OLS)
2479,0.00048339943168834883,0.44096263790721885,-1.593530833991299,-0.10837284347108467,0.2972333753626556,HAR-RV (OLS)
2489,0.0015403128291196656,-0.20192500762761342,-2.488875702417511,1.1657567948927463,0.26413566052089865,HAR-RV (OLS)
2491,0.00026988038788062027,0.43290764367100604,-1.2077616896919317,0.7537084417722624,0.25183421001035744,HAR-RV (OLS)
2502,0.0010476952502516353,-0.15611689063890175,0.8462468117717529,-1.03525158187034,0.0528371213161003,HAR-RV (OLS)
2507,0.0013477806551230303,-0.15035502687459135,-1.3668439022648267,0.544288619663946,0.2732321323467918,HAR-RV (OLS)
2510,0.0007328622143511678,0.2681688015888208,0.09060680157089548,-0.3729292767111997,0.06869331090240571,HAR-RV (OLS)
2525,0.0004006929012166925,0.1272726908388907,1.9944337841579516,-2.789592403119091,0.19257633330710888,HAR-RV (OLS)
2534,0.0008405551311448699,0.13315865574248947,0.06910155255107142,-1.181612866119201,0.18985554044417685,HAR-RV (OLS)
2545,0.0004006888668660417,-0.17078396416821556,-2.6796257486423007,2.844803986976089,0.28695903025723213,HAR-RV (OLS)
2553,0.0012246693953816097,-0.2736836511043438,2.691473802553653,-2.862730995954217,0.12802285249174616,HAR-RV (OLS)
2559,0.000844953287600617,0.18240603628879137,0.7709486445632002,-1.0625675133390433,0.13522813624594066,HAR-RV (OLS)
2566,0.0023224679756173295,0.4968615488599223,0.8505357253483934,-2.025631938827063,0.3190758564137961,HAR-RV (OLS)
2567,0.0004010762279781704,0.22039997572130546,-0.9783427334625949,0.8239883553198114,0.04513904465690666,HAR-RV (OLS)
2568,0.0009960268728289108,0.35942063351449516,0.48079051662804617,-1.9347712571492637,0.3484749341906538,HAR-RV (OLS)
2573,0.0024210519775502153,0.4828725843774326,1.3237564230988088,-3.773022863988072,0.14349215301556983,HAR-RV (OLS)
2582,0.0023653104811657277,0.21227500736177005,0.47572905421969935,-2.508293125757691,0.13125333961269425,HAR-RV (OLS)
2591,0.0016753846721027743,0.1051175183591852,2.5202399281625305,-3.80058289678047,0.33712041250719904,HAR-RV (OLS)
2593,0.0004731945386788237,-0.3823020594675384,-0.8399240521295079,1.268701550107186,0.21508459819582193,HAR-RV (OLS)
2600,0.0003877249914762968,0.6561523536848458,0.380718566953472,-1.780386986523736,0.4026537131443706,HAR-RV (OLS)
2631,0.0007611412369448024,0.23537022712496122,-0.2570017706924188,-0.6617346570566791,0.07371111393726948,HAR-RV (OLS)
2643,0.00019943851724592613,0.08107238241299808,0.10156247126454027,0.3919938518463337,0.34091943899746524,HAR-RV (OLS)
2644,0.0006354972402412657,0.6051615682294239,0.20661158087144849,-1.3013941986132982,0.2548944861351955,HAR-RV (OLS)
2656,0.0013007669706038801,-0.010373719579386594,0.4164078080856374,-2.1962574830113395,0.14775408075449792,HAR-RV (OLS)
2657,0.0010787487823603224,-0.36561389747579026,2.850757872550969,-4.891500416864846,0.45819090138594376,HAR-RV (OLS)
2659,0.0008486075368877037,-0.22812421476297803,-0.020664323165496518,-0.34428844790414936,0.06987339744736976,HAR-RV (OLS)
2683,0.001744459963512481,0.19188200882236942,0.6341009590143731,-2.3768730348835243,0.15734445914114625,HAR-RV (OLS)
2709,5.808337389119416e-05,0.13057261312500326,-0.9096091317526498,1.2475100821698484,0.09773295386398939,HAR-RV (OLS)
2711,0.0005196061423940987,-0.10294796618489341,1.8210366746736584,-2.6390778664455534,0.08182037643312234,HAR-RV (OLS)
2717,0.002270080148943512,0.34770022770623255,0.799639389958485,-2.9310623587970226,0.41897466910624814,HAR-RV (OLS)
2718,0.001036378951484591,-0.19541624637994287,1.2015492459267274,-0.7293159808211036,0.28539749101797107,HAR-RV (OLS)
2740,0.0002614577498965143,-0.593311940797392,5.810438447566548,-9.263816165532319,0.49022040503039466,HAR-RV (OLS)
2748,0.00028990988566528653,0.4990663503631794,-0.5295059205600884,0.5232190199188599,0.24736600429259925,HAR-RV (OLS)
2758,0.0017422646156882954,0.25279240757834914,1.7504027402389126,-4.408196546962721,0.2935020277514232,HAR-RV (OLS)
2772,0.001876325582444007,0.0862835813043214,-4.347266597723968,2.608856958979747,0.5741713377017328,HAR-RV (OLS)
2780,0.001724256568678475,0.2239466769549969,2.1529528555810535,-3.6743906617907025,0.3812199161728096,HAR-RV (OLS)
2782,0.0003867319454317459,-0.2304721060106727,-0.46170483606377966,1.1482022311732931,0.16645779356482127,HAR-RV (OLS)
2803,0.0003097656750766642,0.07693966948581955,0.2301762123458058,-0.0937410473045328,0.02716094613059672,HAR-RV (OLS)
2811,0.0004004250790349083,0.6284583469515641,-0.056488916241116405,-2.3730558182897563,0.4434284516028495,HAR-RV (OLS)
2826,8.996315338008899e-05,0.40629983668845543,-1.4800357754670848,2.111034012859069,0.13378540144258066,HAR-RV (OLS)
2833,0.001247752106794062,-0.11966693578714625,1.9445066862710922,-2.6358694554666955,0.17412080906869565,HAR-RV (OLS)
2844,0.0005959380130898126,-0.17501300763413963,-0.7138981297087519,0.4795054977657842,0.10554222570010086,HAR-RV (OLS)
2846,0.0031154407334167233,-0.3272952018801469,1.3920464658990717,-2.769598696056323,0.15677126970544752,HAR-RV (OLS)
2867,0.00032814499446513025,-0.448947100518712,-0.2810331601931926,0.846142093004953,0.19599913470975228,HAR-RV (OLS)
2876,0.002665584012937595,0.3118543546585721,1.1739641197518864,-2.609260040561702,0.1712856502495712,HAR-RV (OLS)
2881,5.866187854908591e-05,-0.5219312029170392,-2.905967254801511,4.846534924921078,0.32364398940347516,HAR-RV (OLS)
2883,0.0005265137901971511,0.11891611598319274,-1.2488968288269886,0.9736765113711618,0.1032731410368174,HAR-RV (OLS)
2891,0.0002257149206055111,0.5112105264797112,0.7699464513756709,-1.8973353201438232,0.3091876842098127,HAR-RV (OLS)
2892,0.0018283422977635887,0.23912085955345833,1.3121791011636557,-3.3297178632411804,0.23895092119430983,HAR-RV (OLS)
2893,0.0013075056688537708,-0.4499752723055813,1.3461398209992264,-2.929113628756631,0.37326957420878837,HAR-RV (OLS)
2902,0.0019833573338658055,0.16629002695521453,0.23336640404774245,-1.15247088983607,0.04321389917267571,HAR-RV (OLS)
2903,-0.00012615128664674412,0.10338446239205719,-1.9670064704925074,2.784954203262473,0.26999443211225516,HAR-RV (OLS)
2908,0.0008301396817102107,-0.07526175792392746,0.881748221209443,-2.5772441908953145,0.1463800215099934,HAR-RV (OLS)
2917,0.0011022708744553912,0.5319274310324998,0.6051364733535703,-1.854984490032698,0.30227622595549364,HAR-RV (OLS)
2929,0.0007021752521541411,0.15048122782902798,-0.469863167338884,-0.82447495672589,0.13062371615091395,HAR-RV (OLS)
2932,0.00035283799201953607,0.2596522837814446,0.8570522584679371,-1.0996702045630309,0.1361770780669701,HAR-RV (OLS)
2946,0.002992717058373864,0.3802018965827335,0.9950504388561575,-1.4331086275587235,0.3156588742484604,HAR-RV (OLS)
2956,0.0020682185384993546,-0.2221593042093958,-0.03336950193484928,0.6032275728643273,0.13456594357481289,HAR-RV (OLS)
2969,0.0007294683565308977,-0.4459214114021275,1.5098366910021868,-2.3801845820300684,0.30123436272280635,HAR-RV (OLS)
2979,0.0013099282842879787,-0.23561591307823326,-0.6772928192637173,-1.7255142290011625,0.4019703223402302,HAR-RV (OLS)
2982,0.0013459935450456212,0.12091702181517798,2.801686543473929,-3.995062960415789,0.20396401477648562,HAR-RV (OLS)
2992,0.0013496452792549842,0.6882037190248559,0.8268055987553004,-3.445713646582826,0.3998787165559682,HAR-RV (OLS)
2999,0.0006178754030593468,0.1820463404005649,-1.110503353851057,-0.12348328518747465,0.1511054406675444,HAR-RV (OLS)
3001,0.001617412087401689,0.3164721800111128,0.22338840172075536,-1.9475691411982625,0.16507041386782284,HAR-RV (OLS)
3002,0.00011074354467481703,-0.17698454501456667,-0.5511513861969524,1.416097486096004,0.07087655017935302,HAR-RV (OLS)
3008,0.00040112283473423037,0.3835636297300728,1.1006133289286575,-2.4765271484696454,0.4120295165851897,HAR-RV (OLS)
3009,0.00044281511816033514,-0.0703031839523809,1.4551923090924574,-1.6521991589658653,0.1163401001089096,HAR-RV (OLS)
3012,7.16962304303276e-05,0.1520651173968057,-0.29862229787106737,0.906793532753575,0.14399310144340172,HAR-RV (OLS)
3017,0.0008626988826563708,0.4117876978952342,-0.000472394925564501,-3.0578962581592175,0.33250737585816503,HAR-RV (OLS)
3025,0.001206508492334144,-0.4882421625037014,0.6733980134756997,-1.4768309328751168,0.2758128030031949,HAR-RV (OLS)
3029,0.0028375315281024887,0.4514039076384391,2.679049957982455,-5.656859551789974,0.2547227688024917,HAR-RV (OLS)
3033,0.001193678451125657,0.2936305694581353,1.7244718176641658,-3.3794432380234523,0.23871982797249935,HAR-RV (OLS)
3044,0.002674459004884525,0.14856258003905162,-0.8725025528576333,-3.0236592992062703,0.2895180965381847,HAR-RV (OLS)
3046,0.0006047523747150153,0.02478307910831423,2.970994437072851,-5.38248442920543,0.4538238020192745,HAR-RV (OLS)
3069,0.001183468263482213,0.2841509127573972,-0.9061589814957963,0.31439973309462477,0.11913192446986498,HAR-RV (OLS)
3092,-7.899436992127079e-05,0.16884869333590288,-1.58712166193855,3.356253055560696,0.3480043769518133,HAR-RV (OLS)
3098,0.0019997910720323695,0.5321387788620323,6.222242048828307,-8.874473065747127,0.2335086517141084,HAR-RV (OLS)
3108,0.00023038454858191246,0.4986193739104948,-0.9328497937242128,1.1924958596447555,0.24722318972116242,HAR-RV (OLS)
3113,-0.00019906795997653667,-0.18697505579649118,-1.3520112883185478,2.46332159720174,0.3752584879095511,HAR-RV (OLS)
3123,0.0020633045113079857,0.028205710212625596,0.655324373775213,-3.826298009152434,0.2026408373084133,HAR-RV (OLS)
3130,0.004293323360617766,0.4036613117181726,1.03377309561344,-5.836381747735991,0.38485648088811697,HAR-RV (OLS)
3135,0.00034319017569365786,0.15472497183496903,-0.7937012491959268,0.3267801641593336,0.057069202053764534,HAR-RV (OLS)
3138,0.003908161626708705,-0.24864369679332152,2.6646374594485027,-3.344514079661588,0.3529447979337832,HAR-RV (OLS)
3146,0.00023194553760818426,-0.015667160941925662,1.6798472945869638,-3.6519681899872194,0.07347607260791922,HAR-RV (OLS)
3152,0.002918819253852378,0.31900791259943034,2.080302579043029,-5.070955063353899,0.2546417782226611,HAR-RV (OLS)
3154,0.0006424889211093401,0.06887673683084328,-1.8964054469755527,0.4520960759146806,0.195867214673625,HAR-RV (OLS)
3160,0.0019970102085505267,-0.23061572344609327,1.0595074916556548,-3.1990996756307215,0.24928692369781247,HAR-RV (OLS)
3179,0.0010535940582909514,0.045794858039859554,-0.051948996836790884,-0.09511655559211413,0.002645988514561215,HAR-RV (OLS)
3187,0.001223059544312457,-0.36351521084455707,0.9737068024071225,-1.0459454194300564,0.12914749358449584,HAR-RV (OLS)
3211,0.0006532971256344446,-0.025775129080997147,0.7808787788328907,-1.4636069663098836,0.0173737712940778,HAR-RV (OLS)
3223,0.0008185581052940231,-0.0316888687058248,-0.9733979555988431,0.22649128486799142,0.07507567371039903,HAR-RV (OLS)
3233,0.00042588046433312046,0.23847810087372506,-1.3172597502938865,0.025971533203580144,0.34751704652469595,HAR-RV (OLS)
3270,0.00099762487905229,0.11713381184393426,0.254059272613253,-1.799877879650402,0.10678009989294779,HAR-RV (OLS)
3280,0.0014105416343880585,0.3622806594506009,1.1841861278574806,-1.8314132752559191,0.29405706456168135,HAR-RV (OLS)
3291,0.0010258407338417346,-0.03300626154826649,-1.3094871866907605,0.7239422665459551,0.13794855551433527,HAR-RV (OLS)
3318,0.001152543921390599,0.09133069356091697,2.713849603387521,-4.3993125595730405,0.42467790293299157,HAR-RV (OLS)
3322,0.0013847968729428337,-0.17146053859783056,0.931666284478904,-2.1982068104891557,0.10956703548234503,HAR-RV (OLS)
3323,0.0007500182845401045,0.02669972291079499,-1.7626717176250206,1.1611388127826858,0.10231801170130095,HAR-RV (OLS)
3327,0.00048386368983128206,0.2020593375819713,1.5079194741233637,-2.1797359897736284,0.32188473802469253,HAR-RV (OLS)
3328,0.010151497325389012,0.05306426515213596,2.0187147099791143,-3.8004490953292396,0.17113764013685961,HAR-RV (OLS)
3333,0.005043275347256208,0.02587819597897743,1.0338954009554913,-3.8749203779901644,0.26288862685055603,HAR-RV (OLS)
3367,0.001024083908657891,0.26746597824334356,0.3981158405564372,-1.2408234719951228,0.07010527513741782,HAR-RV (OLS)
3373,3.48278207539575e-05,-0.23579730615239322,-0.5044824371708488,1.4830315052601835,0.1777299726896051,HAR-RV (OLS)
3378,0.000823729456120162,-0.7511431114271709,-0.46732348090135833,0.8764507221681593,0.5167907629651596,HAR-RV (OLS)
3381,0.0009257815973834223,0.46561849426043816,0.06419882594709603,-1.1720089246626333,0.1536632915246936,HAR-RV (OLS)
3384,0.00043072300130430876,-0.24184521240756082,0.5891070369285973,0.10416558313260899,0.2862529521490017,HAR-RV (OLS)
3389,0.0006516995357147353,-0.22835766884183709,0.17963906435935478,0.4418375173179674,0.03541104424514718,HAR-RV (OLS)
3396,0.0016359121450550186,0.5531822736962236,2.727094873357408,-5.008636455415555,0.2582872944651716,HAR-RV (OLS)
3399,0.0032228683157616306,0.37815686924201514,0.3879423827652527,-2.2063027699678472,0.31738894726078093,HAR-RV (OLS)
3404,0.0012149316480581692,0.4820903495818139,0.309344412633205,-1.4786893237187435,0.16883701874858315,HAR-RV (OLS)
3406,-0.0007093142088910797,-0.06104806885357907,-2.4691660114680376,3.7240047741206426,0.36105550361732586,HAR-RV (OLS)
3414,0.0019700280241788724,0.44802708603978797,-2.6395369287821655,-0.9778605990036643,0.38816613871721184,HAR-RV (OLS)
3427,0.0017166984700498352,0.34560116939949,2.143036468760548,-4.48088502772975,0.25984002113069704,HAR-RV (OLS)
3431,0.0006460688197844784,-0.040204543502211976,0.5136724977924362,-1.892592728481765,0.24806857781559222,HAR-RV (OLS)
3445,0.0008775461199465589,-0.15295918490961413,-2.097844950620458,1.2681199456884278,0.2863364457979535,HAR-RV (OLS)
3457,0.00026442875340204023,-0.48426312539695865,1.1986498820956213,-0.8470568333323152,0.21680031419863532,HAR-RV (OLS)
3465,0.000355731276450121,0.37697092934573456,2.1423864274274083,-3.4603942814319355,0.2547706281777887,HAR-RV (OLS)
3469,0.0007767830734067569,0.4234535389044016,-0.850450640341905,0.4105611625894608,0.12840152967768514,HAR-RV (OLS)
3484,0.0010526494519273294,-0.5153038095373129,-0.23101907555071893,-0.4267648698032096,0.5344640761056185,HAR-RV (OLS)
3486,0.0012039500405794912,-0.020815011681106305,-0.1400035702615008,-1.0054302543399727,0.06567332446540608,HAR-RV (OLS)
3513,0.001703478227152264,0.46917347751884675,-0.6872032334405223,-0.4057721013347393,0.26967106229548,HAR-RV (OLS)
3516,0.0010387268096222085,-0.1774511673224959,1.2117338782704392,-2.2652566218052623,0.1812378633556344,HAR-RV (OLS)
3531,0.0001005576543950891,-0.10688092257632349,-0.8244272923769149,1.4209723496020445,0.03284182320154394,HAR-RV (OLS)
3536,0.0005950681893643366,0.18349370237082796,-0.8796792284895791,0.8303351279330662,0.07374759889500171,HAR-RV (OLS)
3552,8.833261697878723e-05,0.10795021745931814,-4.607936369812773,4.86797965638363,0.4099442018893841,HAR-RV (OLS)
3564,0.0011611021485677107,0.4605460366094852,-0.6339813857132992,-0.7448839404847175,0.3280249771352738,HAR-RV (OLS)
3567,0.00030800774125479486,0.12048207444734169,0.15193268264675236,-0.2447359225872494,0.03849098021300901,HAR-RV (OLS)
3580,0.002566342961360021,0.017850259112215515,1.1615071649045907,-1.6309638999195466,0.13153418423637953,HAR-RV (OLS)
3587,0.0019629964361942056,-0.024122089831779103,-1.6605901683893167,1.1487491968350256,0.15969505245362303,HAR-RV (OLS)
3596,0.000651209469090321,0.05106357010721939,0.008194744911056824,0.019395348714809937,0.004022071448092968,HAR-RV (OLS)
3601,0.0006174919593628131,0.16562911189204968,-2.064839527226802,2.581578841133338,0.11445582362081819,HAR-RV (OLS)
3607,0.0014350270069724436,0.4420179438520233,1.1592104074415703,-2.589290217448897,0.3371542428661829,HAR-RV (OLS)
3622,0.0008279227149351433,0.14854770023084718,-1.1961065171401728,-0.38303066073723346,0.1637713674550496,HAR-RV (OLS)
3626,0.004086487205086876,0.28399568693067023,2.5692911584263483,-3.431610511483817,0.3938249957859038,HAR-RV (OLS)
3640,0.0019723394045060485,-0.10085491273479304,-2.351645971136751,1.778702686813472,0.26016400895115643,HAR-RV (OLS)
3650,0.0009079100317120355,0.2453541086753279,0.4111672201731414,-1.9719471280058747,0.12593273140085826,HAR-RV (OLS)
3655,0.0004337574861037483,0.0699669741089891,-0.45684357203175496,0.012715537445803726,0.038053506236826906,HAR-RV (OLS)
3660,0.004877796225720189,0.48120163103747815,2.238239183259685,-8.046464193135959,0.3627267843015226,HAR-RV (OLS)
3661,0.0011426353511140483,0.31496648001213734,1.2689692973764524,-3.26382122463616,0.31388241965947705,HAR-RV (OLS)
3668,0.0007363472542224567,0.33313375385494937,-3.404260082157389,3.0990475571259344,0.334579563185036,HAR-RV (OLS)
3685,0.001253838696485533,0.2545397424776853,2.0300017996294253,-3.280713498357052,0.20238669777266283,HAR-RV (OLS)
3686,0.0024939829723560356,0.2321308104906315,2.5077394261158794,-4.105194567295972,0.25584296086451896,HAR-RV (OLS)
3694,0.0002530407951830803,-0.07085162372015559,-2.0528947926263466,2.378047053366526,0.15707163705864924,HAR-RV (OLS)
3703,0.0006166358485531773,0.29986362847443027,0.14812742933252662,-0.5350437058791218,0.08759983182339892,HAR-RV (OLS)
3711,0.0011214402771146071,0.5619573174007495,0.4077329885952463,-2.1901853515430023,0.5439253831653821,HAR-RV (OLS)
3720,0.0029980698101264476,-0.08502970336695045,-1.3592714119145664,-0.6189062341307259,0.552478692687108,HAR-RV (OLS)
3721,0.0009543573067159124,0.3327884399583388,-0.33449316235207727,-1.112522939091641,0.10280883694381293,HAR-RV (OLS)
3732,0.0028497404808173693,0.00323594752198641,-0.2708811247692102,-3.4696113245322993,0.4608430905906711,HAR-RV (OLS)
3735,0.0012419396330164362,-0.0329286308671689,4.142566972055722,-7.638630309883603,0.3698381939785482,HAR-RV (OLS)
3737,0.0015416278851238053,-0.1380198263828283,0.14925082176889037,-1.5320488182809167,0.1286701055038756,HAR-RV (OLS)
3758,0.001982265952457817,0.6461148962547193,1.1699804731585774,-2.8867479473994813,0.40456518622554294,HAR-RV (OLS)
3762,0.0030512298361899037,-0.16109760289843655,2.6665049843748685,-5.1558114083922355,0.22772376879381562,HAR-RV (OLS)
3797,0.001152308229959741,0.26390680251040427,-0.5564633473225553,-1.1564131296430946,0.21070581726161963,HAR-RV (OLS)
3804,0.0007524108210835654,-0.4798245681148759,2.750209739733318,-4.3150839837253825,0.3713513609852743,HAR-RV (OLS)
3836,0.0006728008942413642,0.19565769354261342,-0.8881819528097383,-0.21262806126267964,0.13752085431804495,HAR-RV (OLS)
3846,0.0009734186567855618,-0.10793084586661798,0.7616719433809447,-1.7835749360005604,0.1356118478307623,HAR-RV (OLS)
3877,0.0005537985584612403,0.0017325192198270778,-1.4968301726051403,1.8909259555386932,0.07775361564871508,HAR-RV (OLS)
3884,0.0016603232046588897,0.6087252923047459,1.5557617039069642,-2.823158352333485,0.4060710425548534,HAR-RV (OLS)
3886,0.004224270976865559,0.14307424321762494,-2.559671268159864,0.5642795337816426,0.3312365374507671,HAR-RV (OLS)
3908,0.004457662622960988,0.6590012491411052,0.9210091659895948,-3.907992527064151,0.4330460457013404,HAR-RV (OLS)
3921,0.0014272036864408982,-0.3125048685067976,2.6932755154110533,-4.464882163796416,0.5137483868329692,HAR-RV (OLS)
3922,0.00026899364155996523,0.00929554447084256,0.352083531423122,-1.3165735401801584,0.04762343240553235,HAR-RV (OLS)
3931,0.00023977303445899722,-0.39781844496779295,1.3415720533075808,-0.5560770245870802,0.4377372052133891,HAR-RV (OLS)
3955,0.0005097106339495162,-0.07975898519097178,1.8683012763230016,-2.644937794145232,0.182449880040358,HAR-RV (OLS)
3957,0.0017279942070718172,0.14826068054627373,0.9525989237112638,-3.588247990429382,0.10862167876854711,HAR-RV (OLS)
3961,0.0010474293320728626,0.2817274723789794,1.0627788424789293,-3.802833682872962,0.3741556151544583,HAR-RV (OLS)
3962,0.0011239280047721035,-0.24665603292505464,2.373949193288208,-3.291869668584683,0.37525399543563454,HAR-RV (OLS)
3974,0.001299387243499709,0.13912270193822146,0.9860935267059586,-2.4650769881774166,0.032838612161318226,HAR-RV (OLS)
3987,-0.00023141349216633842,-0.14043196166324773,-1.7101561887165333,2.9544140102098364,0.11478620356233082,HAR-RV (OLS)
3999,0.005439184331592781,0.2758236748458724,2.169454261665342,-3.753689483202265,0.20983063651973655,HAR-RV (OLS)
4004,0.0016850469127046236,0.45561618022413164,1.2407709595495673,-2.5056135451077566,0.48058990319267614,HAR-RV (OLS)
4013,0.0020881605587551796,0.3089541230457708,-0.572463878387973,-1.96895192775684,0.24761990148710866,HAR-RV (OLS)
4027,0.0032811637691755853,0.06343173333981496,1.594355458074211,-3.2644968437536974,0.20028843304045685,HAR-RV (OLS)
4031,0.00013753005662704772,0.26215340365809936,0.30030863239719113,-0.540365363508107,0.0863770823694997,HAR-RV (OLS)
4032,0.005593830324927452,0.24767747020265915,0.23456713801443563,-2.7907614287319578,0.20604028222256754,HAR-RV (OLS)
4034,0.0016983106358638492,-0.03532597477113765,1.802002470250381,-2.827164654640088,0.1543313031870207,HAR-RV (OLS)
4037,0.0006266900871168982,-0.5438321658729975,2.9302828278342616,-2.2372755678825875,0.597069082510078,HAR-RV (OLS)
4038,0.00023080523429242725,-1.0147089333428276,2.6825080739435108,-2.0665560883947904,0.6894089220494659,HAR-RV (OLS)
4043,0.0009564979099292766,0.1106417559986669,-0.8873959602655854,0.28205549737113167,0.07329804230014603,HAR-RV (OLS)
4052,0.002172582757112749,0.2729433593161455,1.233069995233762,-3.596518408776553,0.24770344398645372,HAR-RV (OLS)
4060,0.0007012709348867647,0.49710412874374116,-0.46977323126870296,-1.057363551648105,0.2669918230570304,HAR-RV (OLS)
4067,0.0019785730344565444,0.19974893846597866,-0.7194856584068656,-1.8083054760755983,0.20329759208367137,HAR-RV (OLS)
4069,0.0020101276119424537,0.1942684098561901,1.0947714968671218,-3.447278005988055,0.18230446255485078,HAR-RV (OLS)
4071,0.00048188943836126346,-0.3391772682714365,0.7637531967116598,-0.9015774061525335,0.10431957936806335,HAR-RV (OLS)
4072,0.0004321207798167843,0.06580761015217484,1.4295844431001474,-2.3486248649204216,0.10245471836471731,HAR-RV (OLS)
4075,0.001661609318530678,0.18416087640423315,1.618443293354926,-2.522616967561436,0.24100678424548816,HAR-RV (OLS)
4079,-0.0003627242019202312,-0.20241142694293557,-0.6663074781380482,2.2558847130943778,0.13472053299368314,HAR-RV (OLS)
4084,0.0009927674566994132,-0.08945182891117087,0.8102776305544216,-2.471023767789455,0.2487360499024882,HAR-RV (OLS)
4089,-0.00020986403116842476,-0.4621850758400778,-1.1893211238462085,2.873233687867832,0.16761012270097175,HAR-RV (OLS)
4091,-0.0011604305772114829,0.032963036519418,-0.7750647469188341,2.1404909600756543,0.10194137351312005,HAR-RV (OLS)
4103,0.00047863773695582033,0.5281545602557411,0.3143185965311962,-1.1518614091649775,0.21333320223363506,HAR-RV (OLS)
4106,0.00019559974140599332,0.18799805846332773,-1.0606559423637996,1.4755289002212442,0.4147590531878639,HAR-RV (OLS)
4131,0.0001944968920896495,0.8721435431352984,0.1695493285123428,-0.5793236491464613,0.581361744095622,HAR-RV (OLS)
4132,0.00284457535898274,-0.11146088537669192,0.41626483236848444,-2.864201391063745,0.21627988324843717,HAR-RV (OLS)
4138,0.00025944809470278263,-0.41355176931821014,-2.3738364321669305,3.422008858776048,0.20369631508472374,HAR-RV (OLS)
4140,0.0006189068411701159,0.06775872045594306,-0.26999166148826426,0.18928485649496338,0.0101366590270624,HAR-RV (OLS)
4142,0.0002911325858518813,0.7460115335323875,-0.716491593776721,-0.25092657026948806,0.45341206026957415,HAR-RV (OLS)
4155,0.004405309983123655,0.22487012180187008,0.4345173110276266,-1.893809426067722,0.06193198338839112,HAR-RV (OLS)
4156,0.0023072431579617817,0.4597737480302496,1.999440683784772,-3.6651278039715365,0.3465991285193226,HAR-RV (OLS)
4158,0.0010707526495540864,-0.09575560791430235,3.312934036667862,-4.986824039827553,0.3976963209448462,HAR-RV (OLS)
4159,0.0008194014229169084,0.5799650818391225,-0.2613349138315436,-1.0811067138878518,0.29818363770927936,HAR-RV (OLS)
4173,0.0006101981282345715,-0.01704567920345188,-3.7107105597722483,0.15325263958562152,0.48957341894777384,HAR-RV (OLS)
4186,0.004052958450016575,0.13342764028627746,4.604315989439222,-9.269957502074993,0.36234661862912143,HAR-RV (OLS)
4193,0.0002808308845624782,0.08699950236533639,-0.8051766450843636,0.9056908760494309,0.03411028302558805,HAR-RV (OLS)
4201,0.0020165967574584656,-0.11921553686458834,5.2753650800746055,-7.189422779473643,0.39447463634912405,HAR-RV (OLS)
4209,0.0004040890609645618,0.6206420651271377,0.04405567600909788,-1.8045067843097078,0.38712211291611964,HAR-RV (OLS)
4219,0.00023636348035455663,-0.01635250016171528,-0.11666271894191432,0.3287844605681793,0.006622940312727699,HAR-RV (OLS)
4226,0.0002775498741077252,0.26875635978038265,-0.865453261912426,1.3575578631083631,0.12351585364863549,HAR-RV (OLS)
4257,0.0005863171489017399,0.13606235799325384,-3.392687712853596,2.5302672302725644,0.3758097512712433,HAR-RV (OLS)
4264,0.0007562769853065674,-0.03270212840115807,0.932738016775185,-2.667647487790144,0.1787325026027643,HAR-RV (OLS)
4265,0.0016096411936253603,0.6685766301398754,0.2209255427174226,-2.8148069751108578,0.3946414450214667,HAR-RV (OLS)
4266,0.0013480471050568517,-0.03311441640430359,1.0979720768229093,-3.1725168104726564,0.08784276119771772,HAR-RV (OLS)
4275,0.002494683699540244,-0.09729219016233526,1.1307573860542919,-3.2209368559851947,0.1303849212960796,HAR-RV (OLS)
4293,0.00034909889232131086,0.4883094629011013,0.022311583761536635,-1.267201963178059,0.26039866626975494,HAR-RV (OLS)
4294,0.0017844405159140487,0.3047261232378842,0.5650398847131429,-2.3723870083646323,0.13941589607281513,HAR-RV (OLS)
4302,0.00044357039704552635,0.06618111017945857,-1.8054204651966994,1.4913030255930515,0.22634553498085597,HAR-RV (OLS)
4310,0.0005716990126870226,-0.17026346338983991,1.8657555564799877,-3.195995723024011,0.28910477206035545,HAR-RV (OLS)
4318,0.0005901615398824559,-0.050635621423857954,-0.4560410375043075,0.6993874094419709,0.016163859634551025,HAR-RV (OLS)
4329,0.001117279974651669,0.04775455019148282,-0.6061716201568481,-0.43974559065350693,0.08605173062114291,HAR-RV (OLS)
4361,0.00033676371940020755,0.4126279482484447,-0.824814676557428,0.22723300287616932,0.1777926767948642,HAR-RV (OLS)
4364,0.001593837900245257,-0.19583097991418555,2.8944609074676357,-5.435896768942595,0.3512726016046821,HAR-RV (OLS)
4367,-1.7675400418409783e-05,0.15560263960261694,-1.1685120289492583,1.750602828771864,0.21835734065415746,HAR-RV (OLS)
4371,0.00047100062992465753,0.21105127585592395,-2.697566070140103,2.8383258957296476,0.0794373834679637,HAR-RV (OLS)
4377,-6.0592754046479166e-05,0.10939507123865067,-0.7511070888770469,1.5042206461659993,0.23710551187935924,HAR-RV (OLS)
4385,0.0011112197044532857,0.4784850556093168,0.3252877757257819,-1.6812186657592407,0.24348050611087202,HAR-RV (OLS)
4388,0.000961349072961847,0.43917687788654297,0.035335771819058226,-1.945832183377503,0.227748275981269,HAR-RV (OLS)
4400,0.0037466245993903677,0.0746327147199818,2.4206231181833298,-3.803393183278136,0.4944874139320763,HAR-RV (OLS)
4403,0.0012899361925799721,-0.28140158892195666,-0.17693321160384667,-1.4281687934548062,0.5147881201088551,HAR-RV (OLS)
4414,0.0005538225256945628,0.13438359616503592,-1.037691379107366,0.10509267051013149,0.13434566742733578,HAR-RV (OLS)
4431,0.0009561785635281593,0.48454303834960105,0.01990560603079361,-0.8721381798656364,0.2084422148366749,HAR-RV (OLS)
4432,0.0007597110666692875,-0.09757473317561571,-0.6710085479776842,1.1826101006199874,0.09923696319759168,HAR-RV (OLS)
4449,0.000837013748489001,-0.2366424011919567,1.5012590640384738,-2.6095468767757106,0.11977838212246827,HAR-RV (OLS)
4457,0.00139226976640863,0.1692904808270882,0.3633776176709991,-1.913723083579579,0.1126478413405646,HAR-RV (OLS)
4460,0.0013399527279153846,0.3888866720960845,1.781661112620606,-6.369595677135429,0.4038629178627615,HAR-RV (OLS)
4470,0.0003579333972650268,-0.10972041059435725,0.7569656064055199,-0.5527766166527237,0.05516892430552256,HAR-RV (OLS)
4477,0.0008419933721438414,0.08006252849466064,0.7844346220792293,-1.7097009013898807,0.06769944619718926,HAR-RV (OLS)
4479,0.001959273033896816,0.15272693986045857,-1.3164941825755982,0.10269494109384603,0.12759293767543867,HAR-RV (OLS)
4487,0.0010709213773338016,-0.06076467019895775,0.5028219959728906,-1.3408725802029002,0.09537049432609102,HAR-RV (OLS)
4489,0.0003539075510914525,0.49509127122572677,-1.1908929758247342,0.3393387297766609,0.31341877184033995,HAR-RV (OLS)
4493,0.0006591556963441838,0.11751047022289342,1.8795772078070208,-2.63698300680252,0.11240736352470504,HAR-RV (OLS)
4518,0.0008648593481944394,-0.0791610990702601,0.22336812766689845,-0.3399275654013125,0.00856927187642531,HAR-RV (OLS)
4543,0.00018296297810577205,0.17920428157113558,-0.4750594027629202,0.5987999645849427,0.02292826696476502,HAR-RV (OLS)
4547,0.002089734372825518,0.44430914545884775,1.2150877184532378,-4.175680976501825,0.4006733376886815,HAR-RV (OLS)
4555,0.001512845166274806,0.08934965126481391,2.9112182994051,-5.263693880008197,0.13152171725382666,HAR-RV (OLS)
4557,0.0010418844018827732,0.5355864319960284,3.4622975546361965,-11.446646765135577,0.5916674728903029,HAR-RV (OLS)
4560,0.004122114257908739,0.014036051969683971,0.10603920033000813,-1.801552899526568,0.07740008485970107,HAR-RV (OLS)
4570,0.00047698544566437094,0.4784734966073809,-0.06566372179401969,-1.7408986856899693,0.25852127162849403,HAR-RV (OLS)
4571,0.0030067152848554882,0.5140446261745967,0.5331834001386837,-4.361167250190843,0.348319306663309,HAR-RV (OLS)
4587,0.0006209459540916483,-0.33037504015564084,-0.05785248596421156,7.167104200041241e-05,0.11734529203419419,HAR-RV (OLS)
4588,0.0004864490257702306,-0.5086562463612064,0.48462534845287153,0.4305115734321119,0.2384186871205718,HAR-RV (OLS)
4601,0.0006419351825507545,-0.3526823790853004,2.440378323663596,-1.866227749715588,0.4989558364817357,HAR-RV (OLS)
4603,0.001352177521529985,-0.09315400814991964,0.06228862148699926,-1.0941972982144663,0.06624553389999377,HAR-RV (OLS)
4613,0.001680809196697785,0.2929017147399954,0.2745367122375286,-2.921831520558759,0.14898051098973197,HAR-RV (OLS)
4615,0.0017974348897373668,-0.11220288928152122,-1.3970482133524342,0.023439169898932022,0.20518185399781996,HAR-RV (OLS)
4616,0.005982142264458548,-0.08339075219697642,-2.5208704949690315,1.472899924073301,0.3648871910382384,HAR-RV (OLS)
4618,0.0030246417372494765,0.1731955430435814,1.4341986971713594,-2.982924858342814,0.1540809867788283,HAR-RV (OLS)
4622,0.003852041254166153,0.3736762225060389,-1.2784201322462503,-1.459833832358767,0.3438728142860754,HAR-RV (OLS)
4627,0.0011982297385314765,0.5089131282421983,0.6514333564662321,-2.733615735544021,0.34707792454349673,HAR-RV (OLS)
4630,0.0012980026948408185,0.460333980477154,0.8971859781688185,-1.9381908328685031,0.2676033316299712,HAR-RV (OLS)
4649,0.0005628886073561642,-0.1705234798908239,0.2203868020773616,-0.8915701214938981,0.12646223633575515,HAR-RV (OLS)
4654,0.0010515697589277729,-0.266258585748633,2.2555035432694006,-4.215705427965245,0.1790177062541034,HAR-RV (OLS)
4661,0.0010041268495579393,0.3415066968654398,1.913580703677841,-4.167359311803764,0.31103073350136123,HAR-RV (OLS)
4667,0.0025377681299119815,0.10070458682035381,-0.32727981581241217,-2.165408451892297,0.1798991686799618,HAR-RV (OLS)
4690,3.292661168420423e-05,-0.04004012844985096,-1.338101175979618,2.0801409412709035,0.06696764527636279,HAR-RV (OLS)
4695,0.00039400948016836586,0.5514693536068964,0.21853433695802052,-0.9930103098805606,0.3220413940690283,HAR-RV (OLS)
4707,-0.00036191903833027227,-0.4109972934999213,0.3469087209800372,1.3481627624320096,0.18687001586565544,HAR-RV (OLS)
4713,0.0019532261995401693,-0.023224566658042782,0.3567002200192815,-1.1839957281872786,0.13689378312706224,HAR-RV (OLS)
4714,0.0010939531017842698,-0.40703467935165694,1.7273033344020827,-2.565525954504572,0.31370454623665234,HAR-RV (OLS)
4723,-0.0008398845859037698,-0.3280252777661982,-2.596610566926544,4.728234498826533,0.21928334426828067,HAR-RV (OLS)
4724,-2.094883995765461e-06,0.13322133946554732,-1.5198310233205299,2.07955869853706,0.19000075317157217,HAR-RV (OLS)
4737,0.0005131135733245957,-0.4840786337303695,-1.9627563196525437,2.8735773224629773,0.3779461612492452,HAR-RV (OLS)
4739,0.0005290692578443712,-0.018953222743814255,1.2246576726757046,-1.3844778467149301,0.06805891562041799,HAR-RV (OLS)
4743,0.0015111350163678756,0.66141384410479,1.3490236304776966,-3.0352343266052624,0.5111633636712969,HAR-RV (OLS)
4746,0.002042173190326833,-0.16088883697076758,-0.3363170189954918,-2.2891303473817093,0.17060232351292304,HAR-RV (OLS)
4754,0.00041834124683318966,0.2746385673704418,1.8441328459099693,-4.168177296740951,0.14474300855817912,HAR-RV (OLS)
4762,0.0028994633392169207,0.2139675292474664,0.21657462276167602,-1.5190954578634863,0.11409523440265013,HAR-RV (OLS)
4774,0.0005170962780382133,0.46224400862528336,-0.30734048779761636,-0.6233162031876178,0.2121035226141813,HAR-RV (OLS)
4787,0.0003932144289687629,0.2703492564326148,0.5772782064319246,-0.5397398907809586,0.16946688941413524,HAR-RV (OLS)
4797,0.0009771510852202344,0.6829398837457994,1.4719925659686157,-3.853486571991682,0.3778787964416628,HAR-RV (OLS)
4817,0.0023188991480293667,0.17453757692106928,0.11543348607195575,-1.0952616852865433,0.050817154630570016,HAR-RV (OLS)
4844,0.001153017805259927,0.07014889643900016,1.4427416586086501,-2.7991844564437414,0.15858946178649158,HAR-RV (OLS)
4849,0.0022077060652079252,0.36209167994927893,0.4448070962127225,-1.889393754573975,0.20058534305881648,HAR-RV (OLS)
4850,0.004182120211725758,0.19172568252214436,1.982398671082214,-3.219401035711738,0.11433367245560921,HAR-RV (OLS)
4851,0.0004794025243801283,0.08517882370937677,0.12548025347539277,-0.1144566239236,0.010056372900822619,HAR-RV (OLS)
4858,0.0004932615119592662,-0.02662501988684494,1.6095431401980458,-2.5501280632662806,0.08868832168041363,HAR-RV (OLS)
4867,0.0006603339822252676,-0.0686937964953846,2.0734382774125244,-3.2894322238715006,0.16336161029514595,HAR-RV (OLS)
4869,0.001236111359226741,0.20298984738497924,-0.2506687190234047,-1.1925739663256436,0.07468996600556177,HAR-RV (OLS)
4889,-0.0008371919072348413,-0.3198110220614185,-2.2046309874733887,5.506849190805804,0.13614459964328485,HAR-RV (OLS)
4902,-0.0011997203459869611,0.07267922091731115,-1.2751992246989818,2.7105817614813548,0.5282838640998202,HAR-RV (OLS)
4905,0.00036557696560586214,-0.578723518604197,1.9170350632428792,-2.019708476318099,0.264578894621589,HAR-RV (OLS)
4910,0.0019133748547180826,-0.14789256597693243,1.2509437605046032,-2.3973222143353095,0.1821703209722798,HAR-RV (OLS)
4913,0.0002682406922503165,0.24295881559062094,-0.06357841190865253,0.3839868209977664,0.06951042918266204,HAR-RV (OLS)
4927,-0.0016095942139162968,-0.1501949559873751,-3.496880411552625,6.3673243649230145,0.339400137283575,HAR-RV (OLS)
4935,0.00025446865726626674,-0.10579738788341465,-1.0371515653995604,1.4014304462823106,0.07866930842370445,HAR-RV (OLS)
4951,0.00028650773915481567,-0.21737852982826938,-0.773309485273799,0.9427873903383728,0.07471504432202347,HAR-RV (OLS)
4957,0.0020815604468520164,0.7709523473822261,-0.6911982372352563,-5.1590687116683345,0.44615784294424476,HAR-RV (OLS)
4958,-1.6788108302830167e-05,0.27017624676638985,-2.3200349057304437,2.928972674011796,0.34625842533932294,HAR-RV (OLS)
4962,0.0011408786088918771,0.4605311688595687,0.8546445480629197,-2.943682479907138,0.3105314500150168,HAR-RV (OLS)
4978,-4.037498938351384e-06,0.407221419876846,-0.3306900280452751,0.5737505579147283,0.41638232749944437,HAR-RV (OLS)
4984,0.002697727754110124,-0.18433906980211962,4.4660473643665854,-8.761044167781167,0.1524792513940546,HAR-RV (OLS)
4987,0.0004055576343530179,0.5128235494913448,2.830157865081178,-3.653297542397867,0.683239123061696,HAR-RV (OLS)
4991,0.00344464633271225,-0.09480502858177307,3.0825053366448936,-5.785103287366085,0.17890088681637462,HAR-RV (OLS)
4995,-0.0010352839571675045,-0.4621142681091244,-2.156564718876973,4.053595229280282,0.4190650239156247,HAR-RV (OLS)
4997,-0.0005420340139490095,0.3517632999526253,-1.0482669930062292,1.8199608325789962,0.320970663659502,HAR-RV (OLS)
5020,0.0012433559101134566,0.9287645177210483,1.6608061043467148,-5.8177472796371505,0.7326306933741804,HAR-RV (OLS)
5025,0.0004823272837826061,0.22852892511927536,-2.687594963023623,2.647869387655967,0.20229988521020448,HAR-RV (OLS)
5032,0.00043208606541815845,0.25902910422128733,-0.038309654882697664,-1.4025958509189798,0.21103114113571642,HAR-RV (OLS)
5046,0.0007399580778682977,0.35118184722132545,0.6571939229388016,-2.0361254338281087,0.2636646991249263,HAR-RV (OLS)
5056,0.001260176823859252,0.08090190965547457,1.347092204757839,-2.651471251572957,0.24632284608264665,HAR-RV (OLS)
5063,0.0009836797338842705,-0.20774329482914744,-0.6264886524777369,-1.4711449719457876,0.2542241423066024,HAR-RV (OLS)
5101,0.0002931472763519395,0.694653363278774,-1.3044339184644105,0.43486938689498156,0.4079826442988729,HAR-RV (OLS)
5113,5.4584263619499214e-05,0.5237933513216282,-0.5805112020007389,0.7465288131536457,0.4637008873937254,HAR-RV (OLS)
5118,0.0020565289221304763,0.21983657086689792,0.3758449540046538,-2.047822462125857,0.13652040068006632,HAR-RV (OLS)
5124,0.0018678393195178658,-0.2270538349221543,-0.6162715284879702,-0.23550322297879542,0.20896301717907595,HAR-RV (OLS)
5139,2.4120301379071906e-05,-0.31110033476670307,-1.5326076631462087,2.523548941919719,0.10211011189934238,HAR-RV (OLS)
5141,0.0009100801318811429,0.1511679638196621,-0.09765316444272787,-1.413405307692429,0.30470066320874145,HAR-RV (OLS)
5149,0.001302721890651895,0.08821677428885444,2.738234634777287,-5.223252982334391,0.1567954118726187,HAR-RV (OLS)
5152,0.0003651881880632838,-0.05957519260826774,1.9365479270171382,-1.6342337334187742,0.6337366837490779,HAR-RV (OLS)
5153,0.0022327908463879893,0.4301175215985221,0.46714577406767244,-1.2542055775058132,0.22555487594481993,HAR-RV (OLS)
5163,0.0007661395672074775,-0.13940428439739405,-0.6171516438720515,1.4942820587863102,0.258054057670168,HAR-RV (OLS)
5164,0.00018561967129221223,-0.31384377517044076,2.043459053507971,-1.1796555807383087,0.464087136756293,HAR-RV (OLS)
5171,0.0012648821506510506,0.19981933193590937,0.09422323582421388,-3.069637128652278,0.3320002241106984,HAR-RV (OLS)
5173,0.003009613144657919,0.39342367367595266,-3.14053374774063,0.3864341075012696,0.27935387938778944,HAR-RV (OLS)
5193,0.00036893250612699056,-0.18397218838020546,-0.29775646143158074,0.4047866252443983,0.047658383042185504,HAR-RV (OLS)
5206,0.0006669667956338401,0.19110591894719345,0.7906745387309421,-2.983839965333446,0.16420865433920606,HAR-RV (OLS)
5213,0.0012526069109241424,-0.2268375895221709,-0.6801927993209738,-2.215244441516869,0.35461919775631134,HAR-RV (OLS)
5218,0.0012231737697484478,0.2230570264584601,-0.45070442504577324,-1.8559930732054286,0.21218996608573715,HAR-RV (OLS)
5232,0.001988577439299857,0.09558454271343819,-0.9713349678640018,-0.7015687958481718,0.2381788997842451,HAR-RV (OLS)
5235,8.636245209319305e-05,0.05776175871755784,-1.3742957861049188,2.0466649719972425,0.12591002817603347,HAR-RV (OLS)
5239,0.0033355313259498887,0.3511990038665009,-2.6894117586585677,0.44907844107868167,0.38956826024327074,HAR-RV (OLS)
5245,0.00029918318851751113,0.12176067819439682,-0.5759792159705965,-0.8822461556523402,0.12731183711048455,HAR-RV (OLS)
5249,0.0022493068357575647,0.28568553500921606,0.5660352761026209,-2.7451855910572642,0.17101619775170063,HAR-RV (OLS)
5266,0.001449688019529109,0.305222189002319,0.969988710031997,-2.2168136940256575,0.11339577884713559,HAR-RV (OLS)
5285,0.002418567966230814,0.4340471360192702,1.4937882870187014,-3.3257991506968936,0.20466524856044288,HAR-RV (OLS)
5297,0.0005334035741238163,0.35214805472310945,2.059817185546582,-3.5343475636101283,0.3775975183283591,HAR-RV (OLS)
5300,0.0007388805905464583,0.18507196226537498,-3.925512308031207,2.51501357991505,0.5862325556007046,HAR-RV (OLS)
5302,0.00046248602589820135,-0.2963387669549793,0.2202749457042668,-1.293408394382665,0.2610903724395026,HAR-RV (OLS)
5303,0.002594665249133994,0.21490851692941965,0.5144504539969543,-1.3299182580951516,0.04597009947845421,HAR-RV (OLS)
5305,0.000912925564752798,0.2427504206766293,-0.10280637169457539,0.08091759052273398,0.0788653378917411,HAR-RV (OLS)
5314,0.00122464283500392,0.1764481261372454,-1.5105149636494861,-0.3666550645095378,0.2896373926751644,HAR-RV (OLS)
5340,-0.0007150291751949843,-0.6675313707982985,-0.5016239076431047,2.549873902244024,0.532345467888131,HAR-RV (OLS)
5344,0.002524872104015718,0.5444633605163888,1.3209873967363701,-6.12063623192461,0.42247228241106893,HAR-RV (OLS)
5347,0.0006827246304466944,-0.5425891653878535,-1.905485805764309,0.8443652225220626,0.5309376366713484,HAR-RV (OLS)
5356,0.0008330966317317313,0.31409776947590906,-1.691956013696821,1.674452178261476,0.11303217318570569,HAR-RV (OLS)
5368,0.0002938573981082106,0.3590025426281488,-0.494097367185788,0.7551368844556068,0.1828641180406415,HAR-RV (OLS)
5391,0.0009287933428349612,-0.10813231168244489,0.7445096250586523,-0.7146941600805574,0.024246772654770155,HAR-RV (OLS)
5392,0.0007675298714966521,0.159274282694542,-3.430548499849839,1.8760293703580904,0.49107135619073705,HAR-RV (OLS)
5400,0.0004848902975898334,0.10134940663746625,0.6040520179622102,-0.5683881459078219,0.10381136272645619,HAR-RV (OLS)
5401,0.000755199473101674,-0.3734214873443386,0.6061372521794348,-0.2577541243437682,0.141132158623952,HAR-RV (OLS)
5407,0.001007502339267496,0.026894956280761433,0.47371962617964364,-1.6911223039430012,0.1655471672642087,HAR-RV (OLS)
5417,0.002704616980429558,0.15176212392279104,0.8124305321993215,-3.00880402725847,0.1200772274499391,HAR-RV (OLS)
5421,0.0028483462229998025,0.14776737411968857,2.3111596927188764,-2.89736186098333,0.31051503729289875,HAR-RV (OLS)
5424,0.0002718947175798182,0.6815059084413468,0.05564897315098222,-1.134218450435048,0.4029884237997602,HAR-RV (OLS)
5425,0.0008536256727602012,-0.26152978311813474,1.061947171578164,-1.3654348800852396,0.10776497835683607,HAR-RV (OLS)
5444,0.0006755691418862931,0.529714430628787,-0.30141463863660484,-0.18198758419577074,0.24235027461232206,HAR-RV (OLS)
5458,0.00041218221109203305,0.24819093221954452,-0.2191379610237239,-0.014993113937595087,0.039877238380392255,HAR-RV (OLS)
5470,0.0007826334300174169,-0.1406751897416386,2.0937962714318443,-2.837828544079846,0.23114118455591037,HAR-RV (OLS)
5480,0.0008155775700374606,-0.15980288005890342,1.8427200291646,-2.636319665668131,0.19279892634881746,HAR-RV (OLS)
5488,0.0008292993760584017,-0.20911179660576884,-0.18934067624099926,-1.793629815062021,0.10140307035129636,HAR-RV (OLS)
5490,0.0016338719974164301,0.3454299029515226,0.5748844851697024,-1.6341021439485188,0.1277579580840973,HAR-RV (OLS)
5496,0.0013459168342411934,0.0036469495499051327,1.401132717071783,-2.11779359756493,0.053369196327003876,HAR-RV (OLS)
5497,0.0005145190957904326,-0.23679502238807412,2.1069933822845925,-2.785217434795081,0.23032228524535703,HAR-RV (OLS)
5505,0.003247503217672854,0.11487688403841902,2.6749822909560903,-6.312572325511784,0.376685157540279,HAR-RV (OLS)
5510,0.0008889236352321195,0.22300675717233054,0.25539642239704197,-1.5158879558814564,0.1307148212004271,HAR-RV (OLS)
5512,0.0005237099972390383,0.007191525817132476,1.292292838413606,-1.8202789561369908,0.05066667360483568,HAR-RV (OLS)
5513,0.0012805489215888526,0.4376618398426578,2.6120721316721665,-6.457624815319995,0.5191033864181711,HAR-RV (OLS)
5517,0.003932142249116826,-0.301120490480184,-0.910326634422034,0.21299674810657288,0.24807557900607302,HAR-RV (OLS)
5532,0.0009702221570923314,0.1561073960907656,1.3364947777655887,-3.2998381645229644,0.16404283725574742,HAR-RV (OLS)
5539,0.0006385747900934588,0.03926886108493238,0.3353723502736111,-0.9258687301188315,0.01302541347691799,HAR-RV (OLS)
5580,0.005013319887512641,0.17715923435997988,2.382013303651582,-4.455600328130635,0.3598532615986052,HAR-RV (OLS)
5598,0.00023264172526542786,0.5028483055349121,0.23157233261941595,-0.7067997142916815,0.19401579515551826,HAR-RV (OLS)
5601,0.005067805915027413,0.31453132519216587,1.7248677190530324,-6.881028642157045,0.3063223934840529,HAR-RV (OLS)
5609,0.0011737450245916732,-0.2809536021925718,-3.385714838909922,2.0151426711930087,0.6622982330348284,HAR-RV (OLS)
5611,0.002198550342254077,0.017842399361510785,1.7807262332755287,-3.3585407116414774,0.12884882693928446,HAR-RV (OLS)
5620,0.001715631487574605,0.7276308890354565,0.5582347775675099,-1.8469713811752657,0.42510562266182716,HAR-RV (OLS)
5629,0.00022994470521146214,-0.03418731841051982,1.7087052601924444,-2.4340412774149667,0.04043411775942474,HAR-RV (OLS)
5648,0.0006488080923752594,0.3911870264326326,-1.4199680608247784,0.878826113602408,0.2947581356751807,HAR-RV (OLS)
5658,0.00034077591977075845,0.2149459996738072,-0.5959168141153189,0.5626011120509193,0.06845948125155377,HAR-RV (OLS)
5663,0.0008963999299898669,-0.1416950523036858,0.45611024800907185,-1.1656525626165533,0.054584456755368604,HAR-RV (OLS)
5666,0.0005638456051580448,0.2534278852387033,-0.14682221317286515,-1.2100041288457715,0.091567576243192,HAR-RV (OLS)
5667,0.000658261573962889,0.04536132719301606,-1.5864610970277426,1.011790783208498,0.16334298391757973,HAR-RV (OLS)
5676,0.0005684471628616001,-0.0522167865971644,-0.19029662662125757,0.03611186239675791,0.018239611053863847,HAR-RV (OLS)
5678,0.0015085523190155109,0.34610836623800567,1.3491363465009432,-2.17469060442607,0.16024842414908358,HAR-RV (OLS)
5682,0.0017425937270283578,-0.6726647388727739,2.388927192891272,-2.583212934667382,0.24944607142433162,HAR-RV (OLS)
5686,0.00031540601029740535,-0.18229425472497449,0.2007900226342999,-0.397290469542394,0.042441631374969147,HAR-RV (OLS)
5704,0.0008791605004580299,-0.3595275614508144,0.07161222940787981,-2.3304181734118417,0.30384866392342536,HAR-RV (OLS)
5706,0.0009170059437374197,0.423965086569351,1.2048622282875803,-3.3380737853101943,0.22660760073385933,HAR-RV (OLS)
5728,0.003195897705062025,0.7788867302149878,-0.11695901821314791,-1.220270487740487,0.509615439109387,HAR-RV (OLS)
5729,-0.003290860502248186,-0.14561959128610413,-6.027574624227875,13.384506507328933,0.20805927641526156,HAR-RV (OLS)
5743,0.0003261330508501509,0.12812477677049358,-0.3852492768922793,0.32604084634459274,0.010600744254697592,HAR-RV (OLS)
5749,0.00016482508846518107,0.054949896199138495,0.8733135698186921,-1.6313268144640833,0.09099262436909517,HAR-RV (OLS)
5756,0.000429395605592093,-0.2631396935615241,-2.003937879019546,2.649940545033636,0.1568966011247982,HAR-RV (OLS)
5759,0.0018060960454260885,0.7040242195596251,1.2533324629933793,-2.927777476136083,0.4770395561905466,HAR-RV (OLS)
5763,0.0028283675483048594,-0.07287738329701975,1.8529579737454276,-3.610182441852191,0.20293024808527305,HAR-RV (OLS)
5773,0.0009969877055524172,-0.23738385112700106,4.25003758793263,-5.056371672976936,0.37513630836470224,HAR-RV (OLS)
5777,0.0019304941368087293,0.12368959239539126,-0.3487060040805643,-3.802021481320046,0.25336901635828735,HAR-RV (OLS)
5787,-9.640177989037003e-05,0.14184305522557558,-0.1266741166431178,0.8670244912616364,0.312522466564368,HAR-RV (OLS)
5790,0.0036796733468442244,-0.09909641628826278,0.644237215915832,-3.332418814252105,0.1909418858515861,HAR-RV (OLS)
5793,0.00012653970458996385,-0.6151519188685315,0.16252366351760328,1.3439622781508547,0.20477388305667477,HAR-RV (OLS)
5795,0.00016433577169374904,0.06761969022757039,-2.759223760457582,3.0381357265795734,0.3163966088075164,HAR-RV (OLS)
5803,0.0009207363649666226,0.17908346094461508,0.3686561903196788,-0.8001433467775169,0.02847376275565694,HAR-RV (OLS)
5809,0.001517141750149254,-0.1055310144681941,-0.773141743050733,-1.944761726397394,0.23738074727328906,HAR-RV (OLS)
5816,-0.00030976407757627984,-0.3952657304806243,-2.069350040832375,3.6875900943104347,0.1404835166400905,HAR-RV (OLS)
5817,0.003483605490714493,-0.31475865579527657,3.4248927650618723,-4.807465074441356,0.3738777829419171,HAR-RV (OLS)
5825,3.755890120113079e-05,-0.05789034209986212,-0.5556278982475235,0.9261022964393172,0.17564770637419225,HAR-RV (OLS)
5829,0.001687305637848149,0.5296663381277721,2.4642524575783624,-5.220736412805952,0.4175173661650845,HAR-RV (OLS)
5831,-0.0001594761091918347,-0.36012428181005424,-2.988467061401188,4.936947439909291,0.1700386155156437,HAR-RV (OLS)
5832,0.0007956669525481231,-0.08614190410133783,-1.2744492794379063,0.8471080610695864,0.14339936901543548,HAR-RV (OLS)
5842,0.001070236796121281,0.0900848832860515,0.955784348874845,-1.9069044260623964,0.4665211869388062,HAR-RV (OLS)
5846,0.000770878931885333,0.0118027457136145,-0.2714158881414016,-0.04260495649647843,0.02161665828382109,HAR-RV (OLS)
5853,0.0013271900201917374,0.24555259254097286,1.4307451162781832,-2.9335545751112453,0.34884680823647096,HAR-RV (OLS)
5872,0.002876197864055595,-0.14944477684912785,1.6112148225081093,-2.391622762155076,0.34035753781322764,HAR-RV (OLS)
5878,0.0003264097518395788,-0.1951397940982541,0.4890827858350848,-0.6161034750336539,0.05852089837440544,HAR-RV (OLS)
5904,0.0028546796342296303,0.29616437922402483,-1.5974865929764295,-0.5026755038895243,0.43548229108382297,HAR-RV (OLS)
5907,0.0004089613640673442,-0.0737735522162356,0.7479154893318831,-1.13707945551055,0.13780818642081094,HAR-RV (OLS)
5910,0.0007381931040142627,0.028646378491350512,0.8973782260856076,-2.022641697854856,0.09820604979305259,HAR-RV (OLS)
5913,0.0021596556802975517,0.3417898397472226,0.4405209426968034,-2.5388114046413843,0.1854484150794854,HAR-RV (OLS)
5915,0.00226326648834834,-0.17553482198524434,0.8717392621561411,-2.556361539132986,0.16820945716888414,HAR-RV (OLS)
5916,0.0017200010535616053,0.11206153081500184,-0.49539800646612275,-1.5868743326937353,0.1355702539705378,HAR-RV (OLS)
5929,0.000953471671318184,-0.5185271014199764,0.7409434703340949,-1.0761322685562897,0.4239527617986383,HAR-RV (OLS)
5932,0.0020592334338357613,0.4956253648471721,2.2919007677979013,-5.623373914652371,0.39415117162228985,HAR-RV (OLS)
5934,0.00010827768158912774,-0.3908652664542559,-2.072480709100564,3.4859309819574618,0.2079462269769221,HAR-RV (OLS)
5944,0.00040666803367844307,-0.1544598709485447,0.6121148990476352,0.042139249321321515,0.24549050284213136,HAR-RV (OLS)
5958,0.0006984384322672346,0.7152302261303274,0.2513138498664364,-1.2248066329193519,0.39731240441264715,HAR-RV (OLS)
5975,0.0012709476331719965,0.6455206977748089,0.7606769603785609,-3.8244858895141043,0.4578988922668611,HAR-RV (OLS)
5976,0.0008590114646199497,0.06345151047458135,0.09822618756993978,-1.1577263385888734,0.1344144080043551,HAR-RV (OLS)
5978,0.001003798556020629,0.6290099165325036,-1.4181096676093738,-2.0228022732732684,0.4335427281690194,HAR-RV (OLS)
5987,0.0007586346805424048,0.196075480769468,0.10980003805510796,-1.707921958986493,0.11840231303417093,HAR-RV (OLS)
6016,0.00047519041008512196,0.3431357698319848,-0.054926501538172356,-0.6215625798112627,0.1104007804092001,HAR-RV (OLS)
6020,0.0030585690162566012,0.08367403011745302,2.027795691905666,-5.126328061450023,0.19390587764317946,HAR-RV (OLS)
6029,0.002926848623361969,-0.34320023887107937,1.4622224049156207,-1.4164733751302725,0.14827669868392257,HAR-RV (OLS)
6065,2.4566565193912242e-05,0.21905752064858786,-0.3865232897699161,0.9231300668987513,0.10702247350799166,HAR-RV (OLS)
6068,0.0027921250992940898,-0.0787087822223103,-0.9427029390421928,0.2701749761512824,0.22676317355881703,HAR-RV (OLS)
6070,0.0015414790461756407,0.09414522896079558,1.393891243793258,-5.620313498552318,0.2379860444709445,HAR-RV (OLS)
6074,0.0004826398640628449,-0.5807766734831277,-1.0260133795177988,2.2896126192591577,0.2815876612265493,HAR-RV (OLS)
6076,0.001009229110995842,0.16050622883745214,2.169181947638878,-4.084796768901753,0.24026998792466647,HAR-RV (OLS)
6082,0.0010450983525312567,0.3468937946323737,-0.9612892827174879,-0.5865716877003755,0.24270202406795394,HAR-RV (OLS)
6085,0.001778190741421114,-0.10329854900595416,1.2114833348815968,-2.0058026523026378,0.11086272491695937,HAR-RV (OLS)
6089,0.0004253335779752477,0.1277704684429265,0.1360696075664806,-0.42313576640538525,0.0150279178193925,HAR-RV (OLS)
6102,0.0006809320321768675,0.4887960554024072,1.5545061854476665,-2.396095458730253,0.637521932836995,HAR-RV (OLS)
6108,0.000653359842461115,-0.19934759600666346,-0.3471496432809267,-1.1573605900220896,0.14208554383099536,HAR-RV (OLS)
6114,0.0012445640297790704,0.0938902717980621,1.4130671697537245,-3.328134682803382,0.1645803254207031,HAR-RV (OLS)
6115,0.0007663829368490822,0.051926367795187084,-0.8304891063636246,-0.23589071264107328,0.12315130524474704,HAR-RV (OLS)
6121,0.0012901423113457749,0.29100544691043867,-0.6479531327839656,-0.753996421685379,0.15595820510122538,HAR-RV (OLS)
6134,0.001464857387451545,0.0634114546365809,1.1478810738977816,-2.2079958393379595,0.15040452076892596,HAR-RV (OLS)
6139,0.0009453520377792337,0.34178175301501185,0.2963131915055857,-1.501407957282249,0.16558451626641346,HAR-RV (OLS)
6144,0.0016347274698502753,0.3488004477754195,0.6212347894548746,-1.2846299873618887,0.20646700949234476,HAR-RV (OLS)
6145,0.0006254953036887062,0.7164213329687049,-0.7338690707567723,-1.5740655181289935,0.47601222644517105,HAR-RV (OLS)
6166,0.000905483708503839,0.05931914497554701,1.4547594756102773,-2.370900721116204,0.3242820465368341,HAR-RV (OLS)
6172,0.0022228098070420843,-0.1686599986693085,2.8991615997424436,-3.5838593801625827,0.2306497514328495,HAR-RV (OLS)
6174,0.0025792567754730333,0.31764874489591294,0.8759016652769638,-2.0940041088640444,0.33991758209624323,HAR-RV (OLS)
6177,0.0015112366008491625,0.3128201354443995,0.866417579090529,-3.069748736455706,0.3899271485320944,HAR-RV (OLS)
6197,0.0002760175169917639,-0.14545858384735164,-0.3125762892597943,0.6014167631169758,0.021164376373908,HAR-RV (OLS)
6213,0.0015413032893755155,0.10719146704668507,2.5126788128738307,-3.3533909404786044,0.40626805437976043,HAR-RV (OLS)
6217,0.0018962382862944634,0.6914282578639412,3.5480239564461353,-7.274870673235676,0.3564037956794771,HAR-RV (OLS)
6235,0.0013675621427021248,0.49408982933642565,-0.8127804573985679,-0.34094345775555907,0.2419549391336736,HAR-RV (OLS)
6256,0.0017154279691607187,0.08330049352945063,1.867894359808216,-3.25345294887365,0.2678122954650426,HAR-RV (OLS)
6270,0.0010190814668636437,-0.16655581786459833,1.2587279488213805,-2.612142366513404,0.38791257556648273,HAR-RV (OLS)
6272,0.001702495510848911,0.47756940222511285,0.5160496311991682,-2.3018130007597497,0.2532769735174175,HAR-RV (OLS)
6274,0.0003572563411879696,0.2789464740383041,0.6427873067981075,-1.1826162912270848,0.08871806118882841,HAR-RV (OLS)
6286,0.0013802524543873604,0.20913421566143708,1.4844922004720584,-5.58453086844482,0.07801558533058262,HAR-RV (OLS)
6287,0.0003564948455560157,-0.041085563188530475,-0.476446966874144,0.8120218621247661,0.013145755527654068,HAR-RV (OLS)
6296,0.0008651850749638959,-0.38350428563443106,0.9623417184628666,-0.7858233761277379,0.153367271406335,HAR-RV (OLS)
6316,0.0008851203030309015,-0.07919485254642097,-0.896244974949354,1.2462227363490594,0.058393434506331166,HAR-RV (OLS)
6324,0.00026012586696990786,0.38721527344742473,0.13022380190653904,-1.3489184601870057,0.15785697127767917,HAR-RV (OLS)
6325,0.0006911652051327789,-0.02991831586018092,1.3321301735529965,-1.9962290349691854,0.10894299941745633,HAR-RV (OLS)
6342,0.0005004396409590826,0.36114521717805603,2.1794450048265963,-3.002164963756954,0.33205165535458625,HAR-RV (OLS)
6356,0.0014857347251255692,0.3209123405751858,-0.8930520815630036,-0.8690144753590072,0.3116149196086049,HAR-RV (OLS)
6359,0.001453952296932378,0.038715261125730066,-0.580100812672826,-0.7097545204271819,0.14519516691699574,HAR-RV (OLS)
6367,0.0009129569682138077,-0.3009207877599075,-0.17915759430205402,-1.1991235653780983,0.37142860616907203,HAR-RV (OLS)
6382,0.0008195996977891581,-0.13460578728673464,1.9186732596032086,-2.379418433052982,0.0879569062663309,HAR-RV (OLS)
6390,0.0010022725161165005,-0.3143126773123979,0.6627399518424703,-0.9792236148073266,0.08985321253246337,HAR-RV (OLS)
6398,0.00036139042225462716,0.32911035347071754,-0.7637588618267156,1.1794754469276367,0.3448786382808754,HAR-RV (OLS)
6403,0.0016234112989632792,0.19251629907798515,-0.9767779031198709,-0.31461787096745,0.16804275140812042,HAR-RV (OLS)
6410,0.0006638440867138961,0.20551921525200492,2.021268098338826,-5.294148526527011,0.10676521911313919,HAR-RV (OLS)
6428,0.0010166788722212093,0.18035400474875948,1.9021070021768292,-7.652271382212064,0.5163164130418965,HAR-RV (OLS)
6434,0.0005867078711124272,-0.02546307069148986,0.37904215877704955,-1.7910103840050948,0.11005182598892105,HAR-RV (OLS)
6445,0.00029810936675469146,0.06937802821138384,0.22549755158547516,-0.8379775646361811,0.02497100007561437,HAR-RV (OLS)
6463,0.0005593285101165029,0.6846096113063916,-0.8752646326866115,0.41555067925969,0.31873445492918795,HAR-RV (OLS)
6476,0.0006150846106515052,0.10279470709010688,-0.6662556384715137,0.5018312910781447,0.04392256853054155,HAR-RV (OLS)
6480,0.00040339282147856944,-0.15389531444223742,-2.354141720183764,2.8153375294359386,0.12041968776263445,HAR-RV (OLS)
6481,0.0012010910105904552,0.3793196947704876,2.812837757588806,-6.807750537963897,0.6030341888762787,HAR-RV (OLS)
6482,0.0006937971158634317,0.6151511719714733,-0.2439168282648333,-0.7135329920709581,0.31808183249169075,HAR-RV (OLS)
6483,0.0007216274420768035,0.12791534016797168,0.28956890374497096,-1.5081910619907275,0.1810858656895309,HAR-RV (OLS)
6489,0.00044527184945453586,-0.38289886070057383,0.2809776544063063,-0.11822944854147777,0.15479401869847076,HAR-RV (OLS)
6493,0.0012007693040693133,-0.35537840306623897,1.5101560172240793,-3.517635762928853,0.22106877410406744,HAR-RV (OLS)
6494,0.0006226648476812781,-0.1659176465022824,-0.21169419769467912,0.4929853142549177,0.01891969815377126,HAR-RV (OLS)
6520,0.00019810585826456176,-0.21137336232202808,0.4354811491358567,-0.023924034277315764,0.06997564720665939,HAR-RV (OLS)
6523,0.0016024323872033156,0.1139600579562297,0.7885850694379383,-3.4623751568758454,0.2670160930350556,HAR-RV (OLS)
6528,0.0010889055348644746,0.05610298746963461,-1.516815738794052,0.8142960896121582,0.090981355086867,HAR-RV (OLS)
6545,0.0003569734638855693,0.1539444230560847,-1.1858495886965401,-0.18320655779249317,0.24245474556873836,HAR-RV (OLS)
6562,0.0013015308241794816,0.20825588384696145,-0.6022735883060268,0.3221977944036146,0.02949923705477908,HAR-RV (OLS)
6566,0.0005683719438090577,0.004271564108905575,-0.09280068541360098,-1.9503971677662473,0.33900226111137965,HAR-RV (OLS)
6568,0.001636810703165677,-0.578967064115319,1.450112026503203,-2.7479640868045543,0.3457343281744042,HAR-RV (OLS)
6585,0.0021855338559336455,0.27812156975728447,1.0348557371416538,-2.9520276942582706,0.1134525220363718,HAR-RV (OLS)
6592,0.002804922699289926,0.2898837416858742,2.6361472397855605,-4.272695573186216,0.23514551152804053,HAR-RV (OLS)
6599,0.0012853537663893937,0.12262512244369249,-0.3336115239745101,-0.6575288342255095,0.06366353661121382,HAR-RV (OLS)
6607,0.0011477723572726178,0.17010725071080296,0.5219208203493805,-1.6240674224126117,0.09244411567256139,HAR-RV (OLS)
6613,0.0005678446001138764,-0.27652108424115035,0.7820511392755081,-1.8883757571249846,0.12405461680855145,HAR-RV (OLS)
6617,0.0007911960633188892,-0.05253924239769019,-2.2048676596447128,1.7884582036560328,0.18163045204587336,HAR-RV (OLS)
6619,0.00034629894231368654,0.11215631527121356,-0.333485167963098,-0.46082744766021694,0.04294452220849354,HAR-RV (OLS)
6626,0.0006425897274190415,0.1608786331594756,-1.7402180981058455,-0.011715329916353268,0.2804644853509971,HAR-RV (OLS)
6631,0.0007152671526164311,0.13115437104202837,0.25331275118733787,-1.7813549414345253,0.09473549923654578,HAR-RV (OLS)
6632,0.0010081904989286438,0.1868258892677809,1.0467066343808353,-1.6498556825162634,0.1218238523231111,HAR-RV (OLS)
6643,0.00017787076633418613,2.7236063659441903e-05,-0.17660958142900218,0.5558849571540982,0.027929910921853596,HAR-RV (OLS)
6647,0.0007493402609004455,0.06912369614487336,-0.6231818482949428,0.3839074462923501,0.03550724982054232,HAR-RV (OLS)
6648,0.0003285937975598431,-0.04233131338905559,-1.2298719868922392,1.7226687678680614,0.0827206217989821,HAR-RV (OLS)
6657,0.000807224103024386,-0.04206630148292291,1.1425182123135176,-1.433470656332219,0.03300503620753814,HAR-RV (OLS)
6668,0.0008361607363924102,-0.11427202219732346,1.3831095476061623,-1.4837414459240161,0.09614973499228618,HAR-RV (OLS)
6679,3.682641908214822e-05,-0.3186680979345757,-1.3782344168224914,3.424998961004028,0.2099442111515707,HAR-RV (OLS)
6693,0.0005611823935912347,0.30980901801578803,0.29478104154780826,-2.055990817937716,0.142758379958154,HAR-RV (OLS)
6696,0.000806357884359396,0.45162628642495145,-0.2028459553535138,-1.3435271826076398,0.21766494797188896,HAR-RV (OLS)
6723,0.00041998233459120376,0.026046614935792266,3.456668967562035,-4.4834017617464905,0.2457280406045229,HAR-RV (OLS)
6729,0.001438951903110728,-0.6081372549445576,0.13189597010154047,0.691710146851204,0.2840265352044131,HAR-RV (OLS)
6730,0.0005281622175176011,0.2950135261418471,2.561409739271922,-3.834232175538186,0.2462588019044334,HAR-RV (OLS)
6740,0.0007235848446308121,-0.5408611155734708,1.2638836765465862,-1.960584856100196,0.24105122415655678,HAR-RV (OLS)
6742,0.0010804476843901487,0.6102041548964541,0.4710385406014492,-2.624438188086606,0.36380225437356417,HAR-RV (OLS)
6746,-0.0006060277122688008,-0.0984464675194995,-2.546664198072129,6.258324837736465,0.19350824125601485,HAR-RV (OLS)
6771,0.0021321647065683674,0.4331251885523328,1.556005525258528,-5.071628098098329,0.2849719426132935,HAR-RV (OLS)
6777,0.0007681378600399713,0.03473148731855628,-1.3614399154753904,0.7138825451269808,0.12576458301977544,HAR-RV (OLS)
6782,0.0014192208602302947,-0.31021287474381043,2.0295355465224323,-2.8464230832536397,0.28208989281418617,HAR-RV (OLS)
6799,0.0009543422752152251,0.057350493957773876,-0.020641798892403196,-0.7057062087521372,0.028162793232881955,HAR-RV (OLS)
6809,0.003189722151916876,0.4291625709407789,1.0737725070364508,-2.5229840794608944,0.4031169442626953,HAR-RV (OLS)
6815,0.002038117211848916,-0.03280165264541712,-3.8630824288276346,1.620208330246801,0.4860100949889866,HAR-RV (OLS)
6819,0.0002025674930668905,0.26170353608834407,-1.9001643232991,1.818365488664446,0.1701370215093696,HAR-RV (OLS)
6820,0.003031872958799797,0.5381310388340244,2.052922426949075,-4.82817201855034,0.3278486210313839,HAR-RV (OLS)
6822,0.000645739303723023,0.1989881991571373,0.11200447845245565,-0.8753718646278459,0.055503460719597886,HAR-RV (OLS)
6823,0.00019790897896477925,0.13530206057134853,0.12591425812534635,0.26347534179343757,0.09623966740566314,HAR-RV (OLS)
6827,0.0014822557304859018,-0.284665565283666,-2.428744346587688,2.1136572705252012,0.29699978659211634,HAR-RV (OLS)
6836,0.002087270746135751,-0.35936731054022425,-1.4301800321643074,0.9825282620306974,0.32624279499521625,HAR-RV (OLS)
6846,0.006118152071835466,0.23663384394289091,1.0673601358967495,-5.01600831053345,0.2744512603500334,HAR-RV (OLS)
6850,0.0007935240733326877,0.559711444569915,-0.9463174161909267,-1.2537470818317766,0.4819056722935786,HAR-RV (OLS)
6854,0.0019153991353428215,0.028266422688857467,-0.1932789974462028,-4.0245613591263885,0.35616075465631747,HAR-RV (OLS)
6859,0.0008381859431080907,-0.3584571840378453,-0.633900425325836,0.40281972738249944,0.2420378929148015,HAR-RV (OLS)
6895,0.00010412427191024441,-0.2554517512438278,-0.6437627172344361,1.6734269379999547,0.03480929543162914,HAR-RV (OLS)
6904,0.0023510609808863256,0.25329750196231027,-0.8180593810214818,-6.396984980987718,0.39506877003494967,HAR-RV (OLS)
6906,0.0018114925766264346,0.47780507694403057,2.44526865146314,-4.35997451408416,0.2741535824671063,HAR-RV (OLS)
6909,-0.0001482959624326942,-0.13382018711675683,-0.6919711046292234,1.8312220026600834,0.4710476075839015,HAR-RV (OLS)
6914,0.00013760923220215064,-0.585814320301127,-2.480034989656185,3.586491291514722,0.4171571829911399,HAR-RV (OLS)
6917,0.0014854367350723317,0.2530155980462798,-0.34455800219465516,-1.027297082244421,0.20933484876835762,HAR-RV (OLS)
6925,0.0011003388978204362,0.08859951714540795,-0.7346096722837003,-1.3230299605728018,0.34678846161874544,HAR-RV (OLS)
6928,0.0005453890228007577,0.35770257071442446,-0.5560890993686967,0.32783642365989596,0.1179420539892182,HAR-RV (OLS)
6930,0.00040345483982858735,-0.1818764688358936,-0.1679792991337053,0.8052246856710278,0.05336438161566004,HAR-RV (OLS)
6931,0.0011941292956830854,0.6999840092615515,0.9005319933716732,-3.2836270265906267,0.25879301427364565,HAR-RV (OLS)
6932,0.0004911896177719255,0.7128963821509863,1.0194417694538693,-2.2085321700486884,0.509254121185079,HAR-RV (OLS)
6939,0.0003626577095301999,0.6982200221266103,-1.978085117723426,1.1099525925668612,0.7554846024385282,HAR-RV (OLS)
6940,0.0006843160290858604,-0.12900612414315646,0.14372556059208763,-1.2855285319609335,0.12239923526498098,HAR-RV (OLS)
6941,0.0006829890052228398,-0.29205359492184085,-0.8296787527377091,1.0215160771900185,0.09805395642473336,HAR-RV (OLS)
6944,0.001149577658601418,-0.11246760511266171,2.5519524207332456,-3.774440352952035,0.34577157202261655,HAR-RV (OLS)
6961,0.0013387580519238968,0.018128717013070863,1.5264626031680522,-2.932240236699497,0.35854490584609655,HAR-RV (OLS)
6965,-0.0007124876350959955,0.09656233786757064,0.7130381779733749,0.3622951320553543,0.6404284075978116,HAR-RV (OLS)
6976,0.0009721527495287197,-0.3087287125916247,-0.896213137162284,-0.3542121857574701,0.2420354225544301,HAR-RV (OLS)
6979,0.0012899615568252427,0.5333129376435748,2.255041555818622,-4.109713609869222,0.6365741570539758,HAR-RV (OLS)
6999,0.0008739537258839933,0.30119543679696925,-2.607260973521719,1.4017737000997739,0.2814436437788419,HAR-RV (OLS)
7005,0.0003779391410858722,0.09310008425601979,-1.5644987554119116,1.0531387979072737,0.2375806216532006,HAR-RV (OLS)
7008,0.0021123935255931777,0.3640340498735221,0.4217888191266007,-2.4370690957545946,0.23471719051051376,HAR-RV (OLS)
7009,0.0009153627509825523,0.11497764107990208,-2.066591289672699,0.3090890897315288,0.3454117521982928,HAR-RV (OLS)
7013,-0.0005068748375544568,-0.21421717267937834,-1.9728858204091084,3.703214310525339,0.20220802443030184,HAR-RV (OLS)
7014,0.0006362773563386513,0.45254948816285384,-1.5657129985533196,0.8991862998141525,0.37229836370878,HAR-RV (OLS)
7028,0.0007723238260857323,-0.6439589992138,0.679944237752194,-0.19660253849049175,0.22077122980667452,HAR-RV (OLS)
7041,0.002490599656731253,-0.03104945758070456,0.2947460825168675,-2.613250102807834,0.11324393005984357,HAR-RV (OLS)
7043,0.005951743560220943,-0.1912740612777879,2.6218730294432833,-3.113226215832589,0.20337471545595687,HAR-RV (OLS)
7051,0.00041059252922755814,0.0966672441911318,2.367848060100352,-3.23110891537372,0.13006162186344616,HAR-RV (OLS)
7054,0.00484618391197556,-0.27728814604563606,1.823970066140292,-5.563444590580845,0.4530519343919218,HAR-RV (OLS)
7055,-1.8736375330812482e-05,-0.8449333078127433,0.7010106990472009,0.9655297867900261,0.3385870513775362,HAR-RV (OLS)
7107,0.0011183606383707557,0.21561558217005855,1.1142828969492424,-2.377408515728633,0.21232396027056522,HAR-RV (OLS)
7122,0.00019867799569456192,1.05669172628204,-0.21099626298410146,-1.007682304689224,0.5272761317723718,HAR-RV (OLS)
7124,0.002787862390421559,0.24103165219110353,-0.2748007807245849,-1.9402947044340066,0.3147298220433685,HAR-RV (OLS)
7133,0.0014458613582237633,0.16018961055309672,2.208168971802922,-4.1748379256850825,0.16377814313649064,HAR-RV (OLS)
7150,0.004939352678764594,-0.01946019535916456,3.0530870712206784,-5.716949665009316,0.30522242183844006,HAR-RV (OLS)
7151,0.0019498013209336986,0.2716612344564536,0.227930397335106,-2.990854873783346,0.17793907501554374,HAR-RV (OLS)
7162,0.004467502951293099,-0.09582628608547733,1.1560549285777162,-3.6726001928142282,0.2240321970727357,HAR-RV (OLS)
7180,-0.00010094330936392379,-0.5975189940099832,0.5233286932864434,1.935007842345874,0.2385001158270722,HAR-RV (OLS)
7194,0.0005601806851743495,-0.010854523425615456,-1.3747782423427886,-0.25113399197492936,0.2860643304135866,HAR-RV (OLS)
7195,0.0004943432430528503,-0.18799230033880965,0.4360646272811291,-0.31551296372337084,0.02999117184776101,HAR-RV (OLS)
7200,0.0007270936456739675,-0.1440424910092109,1.330732297040705,-2.2408369754682385,0.2654784570279354,HAR-RV (OLS)
7212,0.00047495152435169736,-0.07971694286081209,0.021370213756909978,-0.4562830271939901,0.05787940400105973,HAR-RV (OLS)
7213,0.0006758429171869428,-0.22340864113352094,0.4445491915342269,-0.9921446390467235,0.08686741562097211,HAR-RV (OLS)
7217,0.0003119783390505607,0.7405548252550123,-0.40971875831009263,-0.5845199494065738,0.43650135520675226,HAR-RV (OLS)
7219,0.0008562050776046639,-0.3350934541958345,-0.12847773679550833,0.19078943359457928,0.1360451556344081,HAR-RV (OLS)
7237,0.002321411669447589,0.15323595009518823,1.4678382753037191,-2.3075728272339435,0.18522035307528784,HAR-RV (OLS)
7245,0.0013302883496056658,-0.22933488261695356,1.7040114201530852,-2.3913169827633634,0.2250747609474154,HAR-RV (OLS)
7249,0.0009959213573082035,0.19699986625203297,-0.7811125817197448,0.22355406753010088,0.11845703337702429,HAR-RV (OLS)
7251,0.00046771781038636065,0.7144684740996897,-0.49151977448090434,-0.7851400463817726,0.4930186492138351,HAR-RV (OLS)
7258,0.010650453476987789,0.37401927847998306,1.958973305002318,-7.031241816267011,0.3357214758100344,HAR-RV (OLS)
7260,0.000900855265785642,0.36745764658053365,-0.06556776332721259,-1.0282377448227638,0.15892144546921017,HAR-RV (OLS)
7261,0.001193740242358715,0.16206279779615798,-1.0363539627853668,0.35550279627171155,0.2384622838774727,HAR-RV (OLS)
7270,0.0012940522435350215,0.31186826128211165,1.0399970897538866,-3.021345728001822,0.23522725753490237,HAR-RV (OLS)
7277,8.263176722749063e-05,-0.24261755354202783,1.331778605323361,-0.28115126013711744,0.3861779529081366,HAR-RV (OLS)
7309,0.0006094201256208904,0.52381261753846,1.5530550974113975,-4.5474227344164335,0.3234668625844094,HAR-RV (OLS)
7310,0.0019024703234971712,0.2057757519732385,1.3790055931070266,-4.430655090417603,0.42663355449906804,HAR-RV (OLS)
7316,0.0019330575607093893,0.42629093212179425,1.2791409025775162,-2.248933768955559,0.30687773921151495,HAR-RV (OLS)
7322,0.0012704215660472836,0.14825819225106998,-0.18928891178172447,-2.958974191501923,0.203271889100907,HAR-RV (OLS)
7333,0.0006433725192138408,0.05913896724704499,-0.030835779065827948,0.140406631945294,0.009184688547774655,HAR-RV (OLS)
7343,0.0010429028305024904,0.23989067568149094,-2.2191860970587696,0.4114469241685108,0.2955627047130748,HAR-RV (OLS)
7367,0.0007856392612584319,-0.22008290056800212,2.073406803728246,-3.5484509244257922,0.1691561942867672,HAR-RV (OLS)
7369,0.00012280332425138664,0.040938389954214935,0.6803251573061722,-0.19988490225889222,0.245745672077602,HAR-RV (OLS)
7373,0.0006081313036680803,0.6337363554637166,-1.119282536701248,-0.09146056674908531,0.5102853353640733,HAR-RV (OLS)
7374,-0.000937955426126165,0.13827804082912196,-1.2409176522319139,2.5853802049590477,0.3875719281905051,HAR-RV (OLS)
7418,0.0012572790404325124,0.2891617852666254,1.748517476432839,-5.582066148829724,0.386421186601447,HAR-RV (OLS)
7444,0.0005924463514628501,-0.04845306819916217,-2.4578131926098816,1.2872569658918742,0.30752786216309036,HAR-RV (OLS)
7447,0.0004217681097320742,0.30045807922604806,0.5448438177289444,-1.8357457854142638,0.23442876123154754,HAR-RV (OLS)
7458,0.0006381128506208972,-0.0673364933595559,0.8459810876683064,-1.9764188922843589,0.1817888322461968,HAR-RV (OLS)
7460,0.0001879204855642605,0.27492705168773124,1.0940448567424033,-1.6613978423595719,0.3645918470890551,HAR-RV (OLS)
7465,0.0007616971988734112,-0.007457747957399731,2.216035909910237,-2.921452908173084,0.16178853039219432,HAR-RV (OLS)
7467,0.00041200075385006954,0.34157057989860745,-0.030523970881385476,-0.8308467454871735,0.1115709509209537,HAR-RV (OLS)
7478,0.001957023648235157,-0.09757893426808063,-0.01569582370405387,-0.9423829651498119,0.08688541433461594,HAR-RV (OLS)
7491,0.005116134162878794,0.31734216263264076,1.7027674045408698,-3.805095112902254,0.4350869631967289,HAR-RV (OLS)
7512,0.000473959115366114,-0.18653485487266047,-0.9210593433777192,0.7894184153968863,0.09422587991434817,HAR-RV (OLS)
7517,0.0011694832934207445,-0.25830450324845006,2.0150371214068477,-2.866728021597477,0.274781886236227,HAR-RV (OLS)
7518,0.0007566174422545949,0.3548617975265955,1.4305568920151965,-3.0636185146851047,0.26001896992644413,HAR-RV (OLS)
7545,0.0006666582595420171,-0.5526686832218345,-0.06841635762624786,0.14858217886932099,0.36646699693018125,HAR-RV (OLS)
7548,0.0006774552147176441,0.237643278540199,-0.3911214889253678,-0.01749908107836834,0.06098657020233611,HAR-RV (OLS)
7564,0.0006415247609107342,0.11944533463495158,-0.3777141721523203,0.8694750460703115,0.13208585526661276,HAR-RV (OLS)
7566,0.000686701467472399,0.07193464129958158,0.17522782027821798,-0.3332399741296018,0.0060303055681767415,HAR-RV (OLS)
7567,0.0001507533422428055,-0.09624501332725657,-3.149630309482724,4.703773239529888,0.4298602404548145,HAR-RV (OLS)
7572,0.000414032613556615,0.15700318418138826,-0.2747502540348142,-0.4374813470813227,0.044762177957452964,HAR-RV (OLS)
7593,0.001775140175178306,0.018536637565197925,0.4359442021365484,-3.5290567671236994,0.13415376287767755,HAR-RV (OLS)
7621,-0.0021528617409541013,-0.0922352478547834,-1.4889588825515965,3.5401552128758893,0.544527823837553,HAR-RV (OLS)
7624,0.0008769439819903181,0.013200862157756106,-0.5540784320955721,-0.03389955144653259,0.059106727134699444,HAR-RV (OLS)
7629,0.000530027259493444,0.34229768853436476,-0.43174048773207635,0.2597210609199029,0.08311841626097993,HAR-RV (OLS)
7632,0.009861089373143846,-0.2009457819626795,3.5272043850909482,-6.371505032012926,0.18213708500780912,HAR-RV (OLS)
7653,0.00022478913319524631,-0.29781499200767114,-0.2798316014006374,0.6071896940108198,0.04454293100978979,HAR-RV (OLS)
7666,0.005471090337718065,0.8909013462527847,1.7436530101421521,-6.835605879670227,0.4905733835152093,HAR-RV (OLS)
7668,0.0009772928953852501,-0.1302820352395839,0.2430007891874163,-2.041023937079712,0.28785334332890944,HAR-RV (OLS)
7674,0.0010263021545581451,0.28968567414690893,-5.154639589026491,4.764927466302075,0.3565105732248047,HAR-RV (OLS)
7675,0.002718245095655301,-0.16434443575008212,2.1360346527326852,-3.824221029338836,0.1091347100358735,HAR-RV (OLS)
7677,0.001376216252704498,0.11099846236775444,2.075105581084898,-10.558453415992865,0.4351867786610111,HAR-RV (OLS)
7679,0.0002598614053494471,0.4590851320182278,1.0002154888934365,-3.187955778418785,0.12525438645580766,HAR-RV (OLS)
7686,0.0005967947384912745,0.24650153188661036,4.148989536548311,-5.855319783631229,0.47516951748088354,HAR-RV (OLS)
7709,0.0004147276304063259,0.048603645296095635,-0.9763142519292212,1.2555413613970434,0.016954072984458723,HAR-RV (OLS)
7714,0.0011116982966342653,0.2930485763856762,-0.048966074586476505,-0.9380576821289413,0.12739406043448154,HAR-RV (OLS)
7716,0.0016752598666624717,-0.2786495617034537,1.6409100443651834,-4.380453444016345,0.30085327782272375,HAR-RV (OLS)
7743,0.0008837667472423865,-0.11802319353475887,-1.5792836301993733,1.828341058968023,0.08313773973391902,HAR-RV (OLS)
7745,0.00042830712656998844,0.5202819027586861,-1.7573315398466407,1.1954344698991917,0.23610949283762706,HAR-RV (OLS)
7747,0.0006854010304944289,0.14503100656759818,1.1475612192007576,-2.220509828424444,0.2949626802918466,HAR-RV (OLS)
7752,-0.00024397014090942262,-0.41561219062832705,-0.5284273307977325,1.796950542706212,0.2528253202279138,HAR-RV (OLS)
7758,0.0005235340800197118,0.06090018351940469,-3.0015159615333165,2.6135134343683486,0.2122319724696028,HAR-RV (OLS)
7759,0.0013708390337406613,0.2578194486819887,-0.15791890328074287,-2.60417008892473,0.15605463796689545,HAR-RV (OLS)
7764,0.0011732293370632697,-0.10532661036400767,0.3116845392735301,-1.284717562065014,0.056260627796343,HAR-RV (OLS)
7775,0.0012772180765842865,0.4259644454967664,0.6997818280980754,-2.547528775337288,0.19544216950185112,HAR-RV (OLS)
7783,0.0015884180560440764,0.08362535914271457,1.0176183124343032,-3.8377017933865636,0.21631704615306924,HAR-RV (OLS)
7799,0.0007580484884362145,-0.25754381755945466,-4.129085024040297,2.966338703574457,0.3498872688890794,HAR-RV (OLS)
7811,0.0008996866094387441,-0.3040429794804229,-1.680226163902301,1.270311983822242,0.3741780198777913,HAR-RV (OLS)
7818,0.0003154402865407723,-0.13140654532477597,-0.8730547611407414,0.9252492295582979,0.059549085144533276,HAR-RV (OLS)
7821,0.001197117082026574,-0.1376204407444598,2.089359621217834,-2.5490582553503134,0.22847879239044078,HAR-RV (OLS)
7837,0.004998003762515241,0.20201742612950915,1.7275671254265177,-4.902029183421067,0.2763248048162328,HAR-RV (OLS)
7843,0.0005918499359745826,0.016924881495068093,1.6875307147447123,-2.2203792702854726,0.31499612811586875,HAR-RV (OLS)
7845,0.0006183840418422801,0.06546694235282134,-1.1822498452423837,0.4026784009997484,0.19914859628805937,HAR-RV (OLS)
7854,0.00045058838144804397,-0.03002084938532618,-0.8862010304908288,0.28645641385825615,0.09224972485717442,HAR-RV (OLS)
7864,0.003384602208786365,-0.021618814904164514,2.2714583468808223,-5.010615973596179,0.2841856600084719,HAR-RV (OLS)
7874,0.0011886797292257971,0.004065982083413315,-1.7152674717946728,0.38046517420721826,0.2505977194430338,HAR-RV (OLS)
7882,0.0005135777410628292,0.26685892025584274,-0.7707735430188685,0.5555644967488,0.09099107225577763,HAR-RV (OLS)
7883,0.0008916094087201685,0.43766057151875043,-0.2479208603357539,-0.9482691021612458,0.19480950196557267,HAR-RV (OLS)
7884,0.0006062799922697515,-0.018835139838639832,-0.31208350540404123,-0.054210432269447995,0.03718340998331193,HAR-RV (OLS)
7885,0.0010434390000879981,0.10026142182749298,0.3527472196747343,-2.393954148909717,0.20933163173269753,HAR-RV (OLS)
7897,0.0005401790846348582,0.15800859034920117,-0.7827988698350073,0.194602721915013,0.0768418947828512,HAR-RV (OLS)
7909,0.0005276899447169242,0.34399428263653686,-2.367697309971218,2.0087361189998,0.1936939927668766,HAR-RV (OLS)
7921,0.0024959475755533932,0.054710676357570404,0.10606200137773347,-1.6254385830002547,0.13530193181512373,HAR-RV (OLS)
7992,0.0018699776922352807,-0.07712575051412084,0.14324856269012542,-2.125869931702634,0.30977003021614924,HAR-RV (OLS)
8009,0.0009630593310386801,-0.13848993662815273,0.7854357024632657,-3.8558033126233373,0.49355905131666855,HAR-RV (OLS)
8011,0.0005454857485781455,0.0057472505191514586,0.9961687917114417,-2.769301982709549,0.21497914381160632,HAR-RV (OLS)
8014,0.0007070597344718253,0.21851643418443129,-1.732551659433257,0.7063105934756853,0.28888047559936214,HAR-RV (OLS)
8016,0.0009199526234895429,0.21735995483169035,0.21353846484950456,-1.8021833319540619,0.15607337912255748,HAR-RV (OLS)
8032,0.0005082150174608514,0.3092009339504162,-0.5359483589501821,-0.7684810152005954,0.18532394735909097,HAR-RV (OLS)
8044,0.000559951637490491,0.18282350897878638,-0.11462016718008414,-0.00765583907347106,0.026431359635333385,HAR-RV (OLS)
8068,0.001210181348865873,-0.17272701743556795,2.110780621190088,-3.3696027640169324,0.15422044397705414,HAR-RV (OLS)
8070,0.00071712433117022,-0.03898023059192729,-0.8631991484367818,1.280685436223074,0.033754257427035084,HAR-RV (OLS)
8081,0.0012850867831056224,-0.15929704545335518,1.6004472224599244,-3.550398688934065,0.44798024765618116,HAR-RV (OLS)
8085,0.0031880937794224002,0.7331460374910413,1.8314251666328563,-3.902437464141828,0.5375189840325815,HAR-RV (OLS)
8101,0.0013274144850393193,-0.2309100095287621,0.928354725912941,-2.5137829968508956,0.16461888775945144,HAR-RV (OLS)
8104,0.003136004034143461,0.3109017261899516,1.5193069440856593,-4.0874570418461795,0.23107191086579226,HAR-RV (OLS)
8109,0.0005165027416893448,0.7262275376284169,0.18073809103897268,-1.1326035428183354,0.4373973438745342,HAR-RV (OLS)
8117,0.00021314058137630269,-0.33948655734384664,0.7155546024714513,-0.0175163896310358,0.101250369779049,HAR-RV (OLS)
8168,-0.0006164899275105266,-0.25893737525813604,-0.8269961895378719,3.057316067042138,0.05186863176206302,HAR-RV (OLS)
8186,0.003909827979833074,0.02519669911132834,-2.295434675041297,0.5299163910597373,0.31058052237251144,HAR-RV (OLS)
8190,0.0018103558362234443,0.3468892492795039,1.0905968980381293,-4.4159663872996315,0.25094448237799394,HAR-RV (OLS)
8191,0.0025113242607561243,0.7590538984782028,1.6078894255645575,-6.233704042676773,0.4839714925151347,HAR-RV (OLS)
8192,0.0004830667779475731,0.08232215397224721,-0.8851081537700147,0.420470259059751,0.0336026424327549,HAR-RV (OLS)
8196,0.00014227858301694114,-0.06946606405628818,0.18064073834855077,-0.5155856461971391,0.06542582323845925,HAR-RV (OLS)
8205,0.0007951421701159451,-0.6847770871968888,2.0002047244527836,-1.1285085265691652,0.2466674902425875,HAR-RV (OLS)
8211,0.0014663291699835107,0.11436438620859307,1.1142820662143627,-1.6932840369028046,0.24676563538287566,HAR-RV (OLS)
8219,0.0017018659433875984,-0.46381625657713543,0.8759405219578629,-0.640872418323641,0.1487789837322001,HAR-RV (OLS)
8222,0.0002761898688780555,-0.4028220082994437,0.3259770181717856,0.6952792308464313,0.2308878348444685,HAR-RV (OLS)
8224,0.00202465919701381,0.8509762312189585,1.8823325639233013,-4.703161296159179,0.5554035827998411,HAR-RV (OLS)
8256,-0.0018899689837029799,-0.48728583958389915,-0.28013565342058544,3.790321854678899,0.24921790723589687,HAR-RV (OLS)
8271,0.0004412286939131699,0.27847823081438744,-0.15070644207937023,-0.7567694902544407,0.0996280220916721,HAR-RV (OLS)
8298,0.002308166451705077,-0.2535766609118943,3.459103721340955,-3.6580973789247393,0.5216036439517363,HAR-RV (OLS)
8331,0.004467876649650553,-0.2313535167772715,-0.9284337358433585,-1.9520309795785507,0.45504115086225916,HAR-RV (OLS)
8346,3.099477105263364e-05,0.01481401838294218,-0.8620177830362168,1.6418856983297725,0.05441451007299858,HAR-RV (OLS)
8353,0.0007252711449339353,-0.06981402234158647,1.0326582686902106,-2.0606662164134053,0.1972979949054786,HAR-RV (OLS)
8357,0.0005148681289926766,0.019547964903774754,-0.6380476916811282,0.9086379189455291,0.016218561102211315,HAR-RV (OLS)
8360,0.0013223672379005249,-0.10829225887106175,1.3073571660928374,-2.4160011644629624,0.10023891149696973,HAR-RV (OLS)
8365,0.0007332192269194624,0.2940865896905651,1.1447630839485243,-2.2384041394259584,0.2491925868479815,HAR-RV (OLS)
8408,0.0021294602031497927,0.04924282703067941,0.013593743426399463,-0.3843927106403524,0.016220579216948416,HAR-RV (OLS)
8426,0.0007133753296117855,-0.24174596719628763,-0.19607274675252812,-0.5760126054123619,0.1400693806747737,HAR-RV (OLS)
8435,-0.00044911382985496714,-0.18439079360158667,-12.017664793964292,26.08156144583454,0.7153381023307952,HAR-RV (OLS)
8441,0.0018023409778922682,0.05525170077813603,0.4870644816226554,-0.7960814203503376,0.004392352460243831,HAR-RV (OLS)
8442,0.0003988783151989264,0.5888553625973442,0.16632191501451343,-0.7570698187889436,0.3065171392864524,HAR-RV (OLS)
8447,0.0046697964611730515,-0.28058295210413303,2.1899305484937335,-2.9337019481916293,0.22520377043073037,HAR-RV (OLS)
8448,0.00020137989173209454,-0.9178307725731925,-1.134293854162909,2.5802239693538387,0.5910221770969104,HAR-RV (OLS)
8454,0.003443343793612378,0.5777653118330137,2.060721716904321,-4.651711600904125,0.4420147657784105,HAR-RV (OLS)
8459,0.0007327591909322731,-0.1151588724871429,-0.8284152546904738,0.8178435266844489,0.06680555367164187,HAR-RV (OLS)
8476,0.001148110481771803,-0.10366122973989522,1.8398831205751323,-3.269621644042512,0.09775492402401287,HAR-RV (OLS)
8481,0.0014992460709585473,0.07316918228493954,0.7980118108783312,-1.8220212433386258,0.13795944568730878,HAR-RV (OLS)
8518,0.004530341943500134,0.055362490093429896,1.8108978126938395,-3.0258507512300223,0.0980795948991594,HAR-RV (OLS)
8524,0.0011481908485851014,0.14910373593542364,0.01239699980609843,-2.7695163849350664,0.2030919543013916,HAR-RV (OLS)
8534,0.000326622590079224,-0.05678232373674806,0.41830475459429983,-0.7135103887964932,0.07235385624303337,HAR-RV (OLS)
8546,0.0007072924475600823,-0.1315663709636353,-1.5515287653734695,1.7121483838700684,0.09774859779506972,HAR-RV (OLS)
8554,0.0029816584383031974,1.0402801003731719,0.4370610897539492,-3.1068480431649927,0.5092470668494467,HAR-RV (OLS)
8573,0.00019368320930930442,0.5644006527726124,-0.4648924639980427,0.6405055540220547,0.2685300768080715,HAR-RV (OLS)
8583,0.0027848679758634923,0.21898472941101627,-4.0088872068868,0.5158198208145546,0.4709754749500118,HAR-RV (OLS)
8585,0.0011532990120853106,-0.08868173352342038,-1.765024293088217,0.15805087167075715,0.3634548903125998,HAR-RV (OLS)
8587,0.00010074399944599681,0.03861247935210453,-1.9175551893205798,2.092136904728216,0.17902054618214713,HAR-RV (OLS)
8590,0.0007774814043797739,0.13596180319881118,0.15954981178359168,-0.9158587797491278,0.09348725277210901,HAR-RV (OLS)
8607,0.003122854282256087,0.41910840057173115,0.9662809259679643,-2.4301344591677423,0.34605973087756536,HAR-RV (OLS)
8611,0.0014540362679525236,0.7300388024041545,0.7489323676439699,-1.9882033242090167,0.47761785112355437,HAR-RV (OLS)
8613,0.0013795705060030525,0.2955575688839207,1.0049833647924948,-2.4887857082363496,0.1995936714002121,HAR-RV (OLS)
8615,0.0009592883951048814,0.15291350556971625,1.350777800695088,-4.209615363224051,0.17742584086955215,HAR-RV (OLS)
8618,0.004087544841031033,0.7735811137725901,1.2624793343155,-4.179138784504722,0.3773062996967099,HAR-RV (OLS)
8623,0.0009735825825129068,-0.12852204882023058,2.8906198733495594,-3.8608107651096732,0.2930519776894367,HAR-RV (OLS)
8636,0.0019672457129429914,0.6025525874194746,2.0650951904273422,-5.072225928929401,0.4205284694081548,HAR-RV (OLS)
8647,0.002476918333233282,-0.08393764107549141,-0.8938912148543292,-0.9523570551011696,0.36958035848743176,HAR-RV (OLS)
8652,0.0007879210032072958,0.08372872984200785,0.44194669207540876,-2.1763745341422194,0.06418485157818143,HAR-RV (OLS)
8659,0.0007014701873442077,-0.06095129519701725,-1.7528660915887546,0.8535671641846365,0.20118242753086957,HAR-RV (OLS)
8661,0.0027620785385620832,-0.12229482554834395,2.417454461955012,-5.058362690691808,0.416708703374966,HAR-RV (OLS)
8662,0.0005915019609044721,0.3457959560869778,0.07811407393138531,-0.4885780746230269,0.06866071351691916,HAR-RV (OLS)
8664,0.0003022486207276696,0.19513791316480925,1.2487900548637225,-1.4306761396923162,0.17299841535250104,HAR-RV (OLS)
8665,0.0010391116628493012,0.06804482664256903,1.7894706542138012,-3.5068662261662413,0.1348680708136082,HAR-RV (OLS)
8667,0.0012907653916333852,0.0044369147812303505,-1.6994493733821905,0.44508022508560563,0.2281412203551838,HAR-RV (OLS)
8675,0.0026170880176151568,0.017622249921649083,2.2024345522833864,-3.699642335652277,0.13561042194604045,HAR-RV (OLS)
8676,0.0028892697595326836,0.38403110495981413,0.37289761155783574,-1.7081475291551818,0.19634010633246146,HAR-RV (OLS)
8696,0.00012213524394065755,0.005496385300244328,-2.3649962244362883,3.603724887332841,0.13365633914151154,HAR-RV (OLS)
8702,0.0010707386307782978,-0.2201972168611121,1.2507387167898751,-1.1382233134202882,0.1717735006303437,HAR-RV (OLS)
8706,0.0005142874435942134,0.1238003793979939,2.545405671071241,-2.959215936853948,0.43114990573005185,HAR-RV (OLS)
8708,0.0016094978836047127,0.08301809803238094,1.8477715614737868,-3.640862854361678,0.3162398143987213,HAR-RV (OLS)
8718,0.0001769344575480288,0.2371711151148285,0.23272786152081976,0.12728739679255197,0.127221927459913,HAR-RV (OLS)
8721,0.004216185984159089,0.2744777254823589,0.30767406062368263,-1.7939243830894211,0.10242941890802726,HAR-RV (OLS)
8744,0.001948036123121404,0.09078447317873552,1.323042744040489,-6.00114241257373,0.35006133068954803,HAR-RV (OLS)
8747,0.00017012608562673757,0.8262455222686643,-0.07835307497762456,-0.8595903774701167,0.5581044818337886,HAR-RV (OLS)
8749,0.0005047976399354605,-0.11571616688497505,1.0445463020238739,-0.9855062611987249,0.0612752887139949,HAR-RV (OLS)
8750,0.0006920131980606865,-0.2976502886548083,0.07143153129417235,-0.1594644608528874,0.09500269514407156,HAR-RV (OLS)
8753,0.0012006177368369027,0.24681508583437461,1.2470570547383226,-4.7662331580101585,0.314800454229201,HAR-RV (OLS)
8763,0.0005669086077259174,0.4551924794055746,1.147084801690101,-1.8911454939448529,0.4950362655938194,HAR-RV (OLS)
8773,0.002172382030055955,0.05881057149024724,0.9003133672852628,-5.686477850248325,0.23044906089453898,HAR-RV (OLS)
8776,2.7449818604704775e-05,-0.1772503162575906,-1.0389710812265192,1.7773160997038873,0.3121560128630271,HAR-RV (OLS)
8779,0.0022829899931360613,0.20958341125437735,1.0169056591735974,-2.4904495311841193,0.2626567588234102,HAR-RV (OLS)
8797,0.003699227044424331,0.4091958228601236,1.715817984741072,-9.746660859232454,0.20735350662506158,HAR-RV (OLS)
8822,0.000835766556219548,0.38578448321939074,1.9271999077320248,-4.018470510920756,0.25167933180202195,HAR-RV (OLS)
8825,0.00134610579716338,0.035241703040813394,1.404333184804667,-3.1398754599165444,0.27349365094297295,HAR-RV (OLS)
8840,0.00014771979317262414,0.2581276887943529,-0.0957451509136807,0.19165933203103128,0.3790975989772659,HAR-RV (OLS)
8859,0.0010305520259008233,-0.1665985996507013,0.5485966787465417,-0.9601984967508627,0.06290995995395687,HAR-RV (OLS)
8891,-0.0007590233563024196,0.13659401307941904,-1.505938423503553,2.5582522678837605,0.27888037819634215,HAR-RV (OLS)
8913,0.00041407097399972516,0.22294415411715282,0.49893811297091384,-0.11876527198206532,0.3577339352464888,HAR-RV (OLS)
8918,0.00018563760806173562,0.10117627451896971,0.049786360352190695,0.24242444188388812,0.05400355749431551,HAR-RV (OLS)
8934,0.0006109273970702729,-0.004015871636549714,0.38591915647855873,0.050580471600326665,0.09293116256566025,HAR-RV (OLS)
8937,0.0005281665032422899,0.007135964647395913,-1.7405439140527421,1.798395125741111,0.13945561117937588,HAR-RV (OLS)
8938,0.001172045610679696,0.2321645066071321,2.135029225801046,-3.218149523368394,0.1368822554854623,HAR-RV (OLS)
8950,0.0016651515387439816,0.4135625599970596,0.01527145377264194,-1.5700990909203414,0.45284739987209777,HAR-RV (OLS)
8974,0.0006380290913439706,-0.37295413220691925,0.9019910267390187,-1.4074469818005557,0.16813356488832043,HAR-RV (OLS)
8978,0.00020716650155690156,-0.30995904877664093,2.187708573488222,-1.919778492676438,0.17317606673854025,HAR-RV (OLS)
9000,0.0003542675894120848,0.266327824433211,1.582356311574309,-2.285368159905833,0.253350980154856,HAR-RV (OLS)
9001,0.0011485141279264058,0.026012925718981502,0.0026545683593313107,-1.6927147476787745,0.13091708939471536,HAR-RV (OLS)
9021,0.00038106122243730515,0.4972376999751763,-0.8940088480041803,-1.8506601594095717,0.4425505226257166,HAR-RV (OLS)
9028,0.0029676519063137254,0.6754886259922942,3.2986262796847576,-6.591036746027559,0.5556137165804143,HAR-RV (OLS)
9030,0.0003319067256217739,0.32737892772345445,-1.4154995943919872,0.34984713008493284,0.3035848468268706,HAR-RV (OLS)
9037,0.0004634982950723467,-0.05122938766068519,1.522902090760348,-2.334344122992187,0.21327856388340338,HAR-RV (OLS)
9038,0.0012629046318719498,0.03920047842641893,0.8060361374607476,-2.137945654464072,0.1644506626911133,HAR-RV (OLS)
9060,0.000669076533430058,0.22160525414416915,-0.7027370461191462,0.10611785359437254,0.09038676342491925,HAR-RV (OLS)
9064,0.0008085436520299831,-0.34102922897601595,-0.5458334686677082,0.3103580756163481,0.18527311218116216,HAR-RV (OLS)
9067,0.0011377839919180224,0.2600102595329362,-0.40218547937465843,-0.8986014382912744,0.1315096290577633,HAR-RV (OLS)
9072,0.0011088032608962649,0.3403335288036259,0.4430375376399121,-1.5842314478140904,0.11679117648063542,HAR-RV (OLS)
9076,0.0007309473111429461,-0.044373417758558284,-0.2221730636725628,-0.37228771075342304,0.06614086473060399,HAR-RV (OLS)
9077,-0.00012803015597380625,-0.11105821733061474,-0.31107621363860327,1.3991450736410258,0.1293529344383868,HAR-RV (OLS)
9091,0.0006244517576600725,-0.36834605406915244,2.8922191508336494,-3.502865900172953,0.2758421475593378,HAR-RV (OLS)
9096,0.0015348720571898263,0.40209434657195836,0.3698766107262952,-3.506322012203808,0.28536848312595187,HAR-RV (OLS)
9100,0.0006693514895202823,0.4224817580829141,0.2096026631280763,-0.6193687222494055,0.18507068318629238,HAR-RV (OLS)
9114,0.0007436962763889606,0.07142581714390779,-2.956628183435436,3.1087287303759394,0.22197152691031097,HAR-RV (OLS)
9123,0.0011323867337016394,0.4277908729064267,0.2610123808893505,-2.1686484956122705,0.3105496239450981,HAR-RV (OLS)
9138,0.002556095642886765,0.5557979005176449,0.9856121183560812,-3.8939523643512586,0.4819359604616448,HAR-RV (OLS)
9146,0.0012006285297944223,0.17841344940772805,-0.193677266918722,-0.5789504107897163,0.07193083576540804,HAR-RV (OLS)
9153,0.002329560557902876,-0.2852734973373645,1.651620576992293,-1.9857890452550464,0.2214537768510143,HAR-RV (OLS)
9160,0.00020582664271304093,0.07556970774636704,-1.3212570124054532,1.6871052926523775,0.06771369903120639,HAR-RV (OLS)
9164,0.000617011227896514,0.6444560621103451,0.24285459335037995,-1.6496691400217598,0.33645382762525045,HAR-RV (OLS)
9166,0.0005711488622601355,0.15119761137291776,0.8247940848486127,-2.8264512535095125,0.3369234091176476,HAR-RV (OLS)
9186,-3.404256814300386e-06,0.026398597215831016,-0.9298495108988947,2.2917101263108255,0.09547518736525695,HAR-RV (OLS)
9190,0.0008778045975773295,0.4071149190150279,-0.09528747392606074,-1.9660030259024137,0.2084445397368938,HAR-RV (OLS)
9194,0.0012892107779246648,-0.14646708398430033,2.160647571250788,-3.866516928900346,0.32996868928149314,HAR-RV (OLS)
9198,0.0010454936648582255,0.19015848123595516,1.318812809236084,-2.967390587670113,0.1969886513046094,HAR-RV (OLS)
9201,0.00019062771261972654,0.14660824316716672,-1.666731257985245,1.764821045247289,0.0846742570906861,HAR-RV (OLS)
9205,0.00048018840667486543,-0.2273261316832951,-0.5626510609553312,0.12006237020533783,0.09313040266032613,HAR-RV (OLS)
9207,0.0002628956721775499,0.16588725584556288,-0.9081552390381589,0.0785941002814019,0.22775670602396714,HAR-RV (OLS)
9208,0.0005286889285827469,-0.38970280359677495,0.17586741811980747,0.1365990611258721,0.11752733327647658,HAR-RV (OLS)
9215,0.0011729079056605638,-0.063713452818276,0.6912316229768022,-1.7140594209490239,0.6866728790335133,HAR-RV (OLS)
9219,0.0009266974325996527,0.3416298653071081,0.2818388073561221,-2.134574014611675,0.20606665835519378,HAR-RV (OLS)
9222,0.0002588705608598926,-0.2475421731427004,0.7884038883627298,0.17542337532040012,0.15590592049063068,HAR-RV (OLS)
9243,0.0004838978207119676,0.6635149716888952,0.760722116803054,-1.2726545771651308,0.3593586306683848,HAR-RV (OLS)
9248,0.0015044662642161376,-0.20692310706519798,1.1216148673361603,-0.9492348271842863,0.24795519860111226,HAR-RV (OLS)
9266,0.0022953494244094073,-0.22642145774725508,2.3568950330221976,-3.6578886867490037,0.36455995711535993,HAR-RV (OLS)
9275,0.0009960051721929323,0.36355708407006804,2.3233890689740657,-3.918615050478575,0.40356736974666085,HAR-RV (OLS)
9279,0.0017270956269407965,0.3639136699467659,0.5946365237289978,-1.2348582596143687,0.15133408925130076,HAR-RV (OLS)
9281,0.00036879185633140367,-0.24180528968937892,-1.7030967665883436,1.9525660773806108,0.21284916104285,HAR-RV (OLS)
9282,0.00042834697871079033,0.2635392722429353,-0.9214554153966776,0.9417868162786338,0.08471106182283439,HAR-RV (OLS)
9285,0.001832122013844225,0.48551600989967375,-0.4827225674053409,-0.5626812297745214,0.2803192848435625,HAR-RV (OLS)
9289,0.000770506705962695,0.33915593123709953,-1.0908442403025653,0.9967157317478977,0.11922753212295578,HAR-RV (OLS)
9300,0.00033259335267662375,-0.20367054299524825,0.4851268082076017,0.026455917356135283,0.042879861140044606,HAR-RV (OLS)
9302,0.00036450389985506694,0.5461172087466952,0.4417375238347202,-1.4959193217455757,0.2846726419540253,HAR-RV (OLS)
9311,0.0005402952688995715,0.03126482136342532,-5.706686323696165,5.182725928106878,0.5632539574720357,HAR-RV (OLS)
9312,0.0009655905245569328,-0.02001708343080307,-3.320163335946459,2.9462802159800736,0.2341370251441055,HAR-RV (OLS)
9329,0.00182918287018428,0.2191816359329949,1.407137566873899,-2.985633946909987,0.3472758279823114,HAR-RV (OLS)
9343,0.0017912872044988954,-0.20274525145140967,0.5903421633579718,-1.2681241854522756,0.05896186004186166,HAR-RV (OLS)
9350,0.000922278966220942,0.15496007577349638,2.1395745192226907,-3.839368443414002,0.2066219039602285,HAR-RV (OLS)
9352,0.0013321917546553048,-0.18396894315440404,1.0703452217795881,-1.9131215062272784,0.11664835327636514,HAR-RV (OLS)
9367,0.0014767376200734914,0.5907084120715574,2.9354893861940488,-4.812881653351285,0.6449809425168436,HAR-RV (OLS)
9377,0.00042314520221768036,-0.2863171418793066,-1.3149495573233272,1.2847541796230924,0.21351487700292993,HAR-RV (OLS)
9381,0.0006675193011460238,0.16737914695688522,3.473709760185376,-7.019802620795876,0.21726940037943776,HAR-RV (OLS)
9396,0.0029483579921427863,0.27446960208257914,1.5740783584680513,-7.461783736070109,0.43979512301938506,HAR-RV (OLS)
9427,0.005716678731797174,0.26561485306566407,-1.0017829101687308,-1.3981488783776714,0.2759882069814906,HAR-RV (OLS)
9431,0.0016994878942572114,0.4774170708067546,0.24019381100316428,-5.431440566035777,0.2849485866092678,HAR-RV (OLS)
9438,-0.00025132475301227074,0.17566584096317187,-2.4398566115703724,3.348187289009114,0.29236098772335717,HAR-RV (OLS)
9445,-0.001143229349706026,-0.23285415790481553,-2.091727572731838,4.1927583310852805,0.18314860257140453,HAR-RV (OLS)
9448,0.001051759989872613,0.2842131372417127,1.879921567704791,-3.274583199904204,0.2703938332720658,HAR-RV (OLS)
9456,0.00019650916997423476,-0.48672408740857526,-2.2674670430037764,3.4601005756670626,0.2089482735299757,HAR-RV (OLS)
9465,0.00020779038997529827,0.12191867686266662,-0.9743733072850049,1.1719466493202466,0.08663394084949472,HAR-RV (OLS)
9493,0.0010316028352530845,-0.1382181594496117,2.3836192686014837,-3.398199313178379,0.14514062229354663,HAR-RV (OLS)
9496,0.0012761557029827531,0.033340835564454115,3.768755191657288,-6.495257277752134,0.3811607841108694,HAR-RV (OLS)
9501,0.0024527020595572742,0.1311941699197001,-0.07594040874470553,-2.535470734880939,0.09924390340559919,HAR-RV (OLS)
9518,0.00045486032072980146,-0.22287599947851677,0.5619191566271522,-1.0884857953271945,0.33230693861668603,HAR-RV (OLS)
9557,0.0023948489112588893,0.46628650962275503,0.03468006267819723,-1.0690786287851366,0.18377698365063777,HAR-RV (OLS)
9564,0.001654680022148755,0.1506073894156698,2.2288301360674825,-3.0450525872097565,0.2111779629333107,HAR-RV (OLS)
9583,0.0007181516722563155,0.5576535931032176,-2.4340235850384744,1.548758420077128,0.3889392552321098,HAR-RV (OLS)
9606,0.0007321483459272417,-0.034527647765614365,2.4779964621874258,-4.477292805129752,0.37615032014075367,HAR-RV (OLS)
9610,0.0025858626951522925,-0.34041261056678446,2.271469419214726,-1.9853412702234878,0.40598919503570696,HAR-RV (OLS)
9633,0.0010726231782852654,0.2854094638345346,0.9903007682811666,-2.460128738558705,0.262971827204897,HAR-RV (OLS)
9640,0.0007733063516444237,0.39893729200007266,2.0484480805410765,-3.8138848053795966,0.4366937821304806,HAR-RV (OLS)
9659,0.001215426420016289,-0.07265182479339222,2.1282772614054046,-2.6262414082355403,0.09877008298895995,HAR-RV (OLS)
9664,0.0003019726748622607,0.1550093518799769,1.257613640000129,-2.2983475877107002,0.10035697813991418,HAR-RV (OLS)
9665,0.003961669514429405,-0.09411442191332133,-3.7295982775591523,0.44510554866945773,0.4640946777359888,HAR-RV (OLS)
9674,0.002527129651445257,-0.007177889236994704,0.402669754921499,-0.4747127517636575,0.020685356949991296,HAR-RV (OLS)
9687,8.814450915595315e-05,0.2887421855986561,-0.35482726078086924,1.096327858679321,0.13951534130959065,HAR-RV (OLS)
9694,-0.00013989630724532183,0.16429828935654447,-1.2294458283832443,2.1162846301955796,0.15515853556519943,HAR-RV (OLS)
9700,0.0009517412753444919,0.23100129137873765,-0.4405079224411761,-0.4052614350794051,0.10476702949788053,HAR-RV (OLS)
9720,0.0009301673151531095,0.35494943117856975,-1.3353404261243342,-0.4302856229939364,0.23328838486479708,HAR-RV (OLS)
9735,0.0008913035963372596,-0.5613569748108383,0.8961732501401736,-0.6819526079170684,0.2249095122896828,HAR-RV (OLS)
9737,0.0017335520655253592,0.011950700751842151,-2.131799293969961,1.8888616375232552,0.15452620986532772,HAR-RV (OLS)
9748,0.0012104242085763735,0.05720854155699541,2.6206802379406273,-4.303663793202362,0.2427734434494252,HAR-RV (OLS)
9752,0.0023742645550496487,-0.384347751562625,0.1294627168875705,-1.9513934860118627,0.409525517051172,HAR-RV (OLS)
9759,0.0007382945546414882,-0.020198819023826673,0.20115170821971007,-0.41338120798190015,0.009603583425481177,HAR-RV (OLS)
9770,0.00143712527864354,0.25438922849419365,-0.9932866682644006,0.9472024443612688,0.12191752714849169,HAR-RV (OLS)
9779,0.0020471795372756034,0.16173581043350693,-0.5538873734477339,-0.08928094120781918,0.07940197866517662,HAR-RV (OLS)
9787,0.0008684819832032275,0.009311923147609407,0.2006607282755803,0.10265036793610967,0.022851368399299465,HAR-RV (OLS)
9797,0.001573109949433721,0.056181101335504066,1.023730590059973,-3.542257145201549,0.1126221658203781,HAR-RV (OLS)
9819,0.00039190747406412166,0.282551225269045,-0.003429412920698316,-0.684487824750242,0.08970355625368986,HAR-RV (OLS)
9822,0.00038892256462024903,0.342254112417028,-0.553711178015428,0.2874030448198258,0.07175890265539164,HAR-RV (OLS)
9846,0.000296030922839278,0.5401764768573883,-1.2213747393003072,1.07279391281128,0.2688297626110545,HAR-RV (OLS)
9862,0.0025829049125068405,0.0026420981704783795,-0.5732240333927128,-0.6961893812954874,0.11313417296652062,HAR-RV (OLS)
9866,0.0029325140683874335,0.00418032207254353,2.584496028181344,-6.176860921175408,0.2983823754277264,HAR-RV (OLS)
9869,-0.00010366524125941001,-0.434449105623918,-2.3102407748101785,5.66232054455882,0.2523179606220173,HAR-RV (OLS)
9885,0.0009017624219615581,-0.050452904538964186,0.6899859511572564,-0.3465407637995937,0.09794690771423775,HAR-RV (OLS)
9887,0.0003400032693743576,0.054084890275331685,0.8099421410413113,-0.8956392836686804,0.055487988640214536,HAR-RV (OLS)
9889,0.0014999873784618304,-0.3621148182379901,1.7780282540062133,-2.736398464669423,0.20432885905846432,HAR-RV (OLS)
9890,0.0020576306438159792,-0.014308335494263214,4.184498367393555,-5.844086765558701,0.5986657056209628,HAR-RV (OLS)
9914,0.0006939417780253007,0.12975772437808325,-1.2474185192197582,-0.277466961690071,0.16266560157932874,HAR-RV (OLS)
9918,0.0008432242782028392,-0.07021382989196769,0.6644997712570484,-1.7921741324321097,0.18940064953859637,HAR-RV (OLS)
9932,0.0058772250266610725,0.4735300708001129,-0.06738239919570166,-2.0657021667030135,0.3216022204734815,HAR-RV (OLS)
9935,0.001954650296979546,0.3821322913485185,1.9201644267006042,-3.9948358773358286,0.3719442572282564,HAR-RV (OLS)
9936,0.0033742241823767087,0.4036453260395268,1.101427712080013,-3.5951735968319083,0.3024373858598689,HAR-RV (OLS)
9940,0.00024805488069500547,-0.06449059169940277,1.8097243890321377,-2.05026724770524,0.16818208290751824,HAR-RV (OLS)
9947,0.0005880691838675357,-0.18055650687593586,-0.5199302815679486,-0.2439636220000718,0.09741859227991279,HAR-RV (OLS)
9960,0.0022919298695757207,0.0660943363822915,0.566220938118531,-2.1026799227832758,0.009664167066076423,HAR-RV (OLS)
9967,0.0014488113558024285,-0.11247517853226259,0.08808402241146429,-1.1757819646108139,0.09778691639810555,HAR-RV (OLS)
9970,0.007518483962710836,0.4961855538960758,1.4585334823710006,-4.304652497875131,0.3965297436295686,HAR-RV (OLS)
9972,0.0008448477349817403,-0.4139629856665426,0.7773024470134131,-1.520972935353344,0.25721833208510314,HAR-RV (OLS)
9973,0.0015901838708730083,0.5513979063766319,0.615676320981911,-1.5375392989642576,0.27162731180687505,HAR-RV (OLS)
9976,-0.0008627440293347062,0.19982088293235986,-1.1459268585562699,2.3064513020039534,0.20867782512384736,HAR-RV (OLS)
9988,0.0012158617375855397,0.8118744120246973,0.1206678660463324,-3.3207571493926187,0.5141864649805916,HAR-RV (OLS)
9993,0.0005914361214876677,0.2609649291119749,1.3051292749284271,-3.2828888061142134,0.14769098538897085,HAR-RV (OLS)
10000,0.00063785062104392,0.09248903137579671,-0.7606691470020635,-1.3626912804632427,0.3016984302403386,HAR-RV (OLS)
10005,0.002343988085871874,-0.11753963777886901,-0.45954464928967265,-1.3094823572321954,0.2609540939006285,HAR-RV (OLS)
10017,0.0021570346307103997,0.3981649056556492,-0.719617625664277,0.2562681983667078,0.13461301378084578,HAR-RV (OLS)
10030,0.0016062887804169643,0.2627888972073239,2.458114065335832,-4.586801780476705,0.304616828947172,HAR-RV (OLS)
10035,0.0010180909497994057,0.1435958939286153,2.139142052709748,-4.628868739251746,0.20565083999558698,HAR-RV (OLS)
10040,0.0013321739753489536,-0.32598423185397185,1.4083765751180226,-1.9071747337575653,0.15180285130580495,HAR-RV (OLS)
10042,0.0036969055620306997,0.24788198560737879,0.6742501624979131,-4.701645321253768,0.25627982420962536,HAR-RV (OLS)
10045,0.0020298014336265864,0.07114074544987625,1.365733611611606,-3.2975332811062494,0.1602470011301701,HAR-RV (OLS)
10070,0.0007422237878673894,-0.30063014789576503,2.2692506913967883,-3.6770075987985313,0.26926014630531836,HAR-RV (OLS)
10071,0.00013322041721947747,0.37049775218290176,-1.8423096440377054,2.1493766046296563,0.12680986406194106,HAR-RV (OLS)
10072,0.002261705536977045,0.024715111577787222,1.9699809906429298,-6.180573475743015,0.23911661081479674,HAR-RV (OLS)
10081,0.0007555136838954258,0.0015002719986555132,0.6584544475042488,-1.3980291936051126,0.05273551377468122,HAR-RV (OLS)
10088,0.0021900552352691477,-0.05170758043585498,-0.2869886655311139,0.04249507949784814,0.02524393500423372,HAR-RV (OLS)
10100,0.0008747244190418932,-0.15551994420981535,0.4906440501271812,-2.2480230500148197,0.20716322951778932,HAR-RV (OLS)
10105,0.0036958633132776596,0.2945382914267122,-0.20991336672878314,-3.4851843512147487,0.4156687956364912,HAR-RV (OLS)
10111,0.0031368691212065574,0.5378801879417547,0.2283053995351496,-3.751552460576552,0.4200149191673015,HAR-RV (OLS)
10113,0.0012308776684270754,0.5180961001484452,1.4910071377826801,-4.73226419479949,0.18849751731200337,HAR-RV (OLS)
10123,9.612051085392724e-05,0.38809552420223054,-1.8041725103221669,2.3214812870300663,0.25218579557878884,HAR-RV (OLS)
10135,0.0019509747578571172,0.5712441785810721,-0.513432475279755,-3.1024957718998336,0.44389795470378357,HAR-RV (OLS)
10150,0.0008114366602733311,-0.05664669889965754,-0.40559654477849383,0.2247164742513645,0.04171500365488656,HAR-RV (OLS)
10163,0.0003496462233995311,-0.722645842300837,0.8619550650778073,-0.07487629233271398,0.41935568185263183,HAR-RV (OLS)
10171,0.00020691152076723467,0.623276792272895,-0.5095432242921822,0.573515660116448,0.2926384126289975,HAR-RV (OLS)
10186,0.0007216402352171444,-0.45692914981064925,1.4433987001005282,-1.121509223454692,0.23974732839681978,HAR-RV (OLS)
10191,0.00149811620046792,-0.09367747649470079,0.6803008815850211,-2.2350430708086857,0.10561704236844904,HAR-RV (OLS)
10206,0.0004637267463784322,0.18447161414542554,0.4842267878079325,-0.5838621654654773,0.07227155139986308,HAR-RV (OLS)
10209,0.0005977628457772035,-0.2353062366786801,-1.7324194536525546,1.7920859763308625,0.1944277784543179,HAR-RV (OLS)
10220,0.0005389033111110504,-0.12356503381392485,-0.5911282589415157,-1.6435243837732232,0.26659633912616587,HAR-RV (OLS)
10230,0.0001418350065330435,0.12240926884528995,0.32000809134112357,-0.16343835916632876,0.22018544983313948,HAR-RV (OLS)
10243,0.00017949940204970853,0.46655401332448593,-1.277023143734225,1.220571722189768,0.2541645027914665,HAR-RV (OLS)
10250,-0.0002740289893448859,0.35926627716239284,-4.550423983808319,5.9828997233903,0.29734616926808577,HAR-RV (OLS)
10262,0.002157933451323396,0.3233811294421708,2.3634169146964,-4.268799567525617,0.4812349963868585,HAR-RV (OLS)
10264,0.0007278899663592193,-0.2745216344653501,-0.8376441488779762,0.17627616437211946,0.20604953152831018,HAR-RV (OLS)
10291,0.0012461958115463296,0.3705625899906225,2.889836993147774,-4.61735823887912,0.6106391417486259,HAR-RV (OLS)
10311,0.0016973160247124677,0.3664174774128851,-0.5509024404240126,-2.344606445144053,0.19839201313890986,HAR-RV (OLS)
10321,0.0007152580103143731,0.06573186588787884,-1.1567904938719624,-0.27451429581756925,0.2085604450293136,HAR-RV (OLS)
10326,0.0016040520487269668,0.027461987218693886,-0.14526731378610613,-1.0383941315530367,0.13329593123083017,HAR-RV (OLS)
10336,0.0017500442877827066,-0.006435433172813343,2.4960050217044,-3.8107859490926494,0.13751411020569515,HAR-RV (OLS)
10339,0.0007495495434412837,0.2681792636781968,-0.3985637330532651,-0.5069327263563379,0.1293008567606173,HAR-RV (OLS)
10349,0.0004747043168656952,0.0008805796814112871,2.2300347635899973,-2.7105287801630658,0.3297153238614794,HAR-RV (OLS)
10364,0.00427565721184562,0.7367820458297576,0.9565395097547051,-5.48041530490243,0.46421931555232143,HAR-RV (OLS)
10369,0.00029781288223414745,0.20828948503516145,-1.661378648972521,1.7558302461068287,0.12745364743551701,HAR-RV (OLS)
10389,0.0019494734232601177,0.11650176330722944,0.08842118990178827,-1.3252543178550267,0.19922982936221645,HAR-RV (OLS)
10403,0.001899370435998368,0.11633076699944157,0.9374507915229923,-2.5648673246372353,0.11575922172487663,HAR-RV (OLS)
10421,0.00038982435589891764,0.05095613477442723,-0.6543603004732736,-0.1478977516128753,0.07091805789240535,HAR-RV (OLS)
10433,0.0011970631737587755,-0.20472394660811238,2.7476615623415386,-3.296601250040066,0.40093241718759676,HAR-RV (OLS)
10448,0.0008271397455315629,0.1748591987539453,-1.6325024059547792,0.22544089324071925,0.29297720633757474,HAR-RV (OLS)
10450,0.00042258553456174644,-0.4198778221184933,-0.6892127069840712,1.1827595736603278,0.15708314131597845,HAR-RV (OLS)
10455,0.0006560277879260275,-0.13911314859396087,-1.56306919616799,1.0946560515196238,0.2542721522796063,HAR-RV (OLS)
10460,0.0005277311341542448,0.17558872413729665,2.5059088435281027,-3.606707998295858,0.19225740243612321,HAR-RV (OLS)
10461,0.0035568618077377427,0.7345215371539275,1.7751894116468896,-4.411503112472216,0.5843057612481033,HAR-RV (OLS)
10480,0.00039582159837704245,0.21857130167330338,-0.02185784268116603,-0.5238215490952841,0.04289019421297302,HAR-RV (OLS)
10488,0.0020687747026286877,-0.007604591467358406,2.3889191036160193,-3.556587299144623,0.2074981239020689,HAR-RV (OLS)
10491,0.0009794042961250515,0.5024564439580305,1.0537949511391684,-2.262859926570552,0.20569990286782158,HAR-RV (OLS)
10494,0.0005874587276559135,0.5119911661026003,0.7342179020114297,-1.9951359069158765,0.2632143609922799,HAR-RV (OLS)
10523,0.000822448989927008,-0.1502676630547893,0.9811554620073849,-1.122847282082439,0.041943989840075635,HAR-RV (OLS)
10530,0.0007163332432640198,0.09563816870997403,1.836264027999679,-3.3581857893655163,0.1697160138938021,HAR-RV (OLS)
10546,-3.784213774988925e-05,-0.8491195684924114,-0.6091733377264438,3.248812381003702,0.48006977194386424,HAR-RV (OLS)
10547,0.001269767519641332,-0.364760869717716,0.5680686092243021,-2.0513652371712947,0.27229263817230176,HAR-RV (OLS)
10554,0.0004206855527191574,-0.06098149815368004,-1.3290885040171,1.9830302122799455,0.07040288410031403,HAR-RV (OLS)
10559,0.0009423013732405647,-0.014608211436675431,0.3845567581621024,-1.5393683830087292,0.10867821628688223,HAR-RV (OLS)
10561,0.002801551912993219,-0.07216464390160626,1.0457393837915976,-2.6993633619261366,0.1765208745762301,HAR-RV (OLS)
10572,0.00130164395975301,-0.13059989031185032,1.2053273606391437,-2.0960280242950167,0.11579997491382987,HAR-RV (OLS)
10590,0.003921376871340522,0.5406160248525594,0.6965159653541448,-3.503574199664445,0.3186493129911695,HAR-RV (OLS)
10604,0.0011555704093081532,0.26349913383649776,0.2707477504935205,-1.8357903373186177,0.15201427305396342,HAR-RV (OLS)
10608,0.0007231091329199476,0.7955789628008315,-0.23167920393752883,-1.0367291808954515,0.4649733089296506,HAR-RV (OLS)
10610,0.001903229865282369,0.24401332445407015,0.14350614776135662,-3.904020928063026,0.2636412127740755,HAR-RV (OLS)
10616,0.0006641556146854246,0.024008390597721647,0.9374061970532005,-1.8142147273567368,0.18183560306643887,HAR-RV (OLS)
10619,2.7357818106968877e-05,0.1691710198266326,-1.0481200802020194,1.996059714478822,0.06672601041706383,HAR-RV (OLS)
10628,0.0003189259962767229,0.2791651357364715,0.8848621787966806,-1.942160182350032,0.13491883714242559,HAR-RV (OLS)
10633,-0.001166494676953522,0.7643425163029128,-9.015157168991355,13.755331900044384,0.6259651361203448,HAR-RV (OLS)
10642,0.0011425090563323605,0.3617751795462119,-1.5902935130602553,-0.8203467466871761,0.4195040504940557,HAR-RV (OLS)
10661,0.0016541400977800008,0.6544340135570273,-1.0672209871495113,-2.886899430834606,0.3587609359854095,HAR-RV (OLS)
10669,0.0015577984070566948,0.4796813747696901,-0.734190633695503,0.013425674931035358,0.27358117234749535,HAR-RV (OLS)
10672,0.00019542927352377161,0.3872313320486692,-2.064390275753679,2.110514568507929,0.2270537619315096,HAR-RV (OLS)
10682,-0.00016809563388602683,-0.5561199808126663,0.20069856167119338,4.781427742980192,0.23412844833305624,HAR-RV (OLS)
10688,0.00010672438909636102,-0.40572607695144325,-2.1068953292556505,2.9945204610094254,0.5211304610346958,HAR-RV (OLS)
10689,0.0001943744018680732,-0.06559783820285263,-0.15554648273742905,0.6807185373534571,0.02512618222361962,HAR-RV (OLS)
10701,0.00010263366371810647,0.19552873482795843,-0.8031540688848918,1.4049946914953617,0.13242144863530836,HAR-RV (OLS)
10702,0.001149209426813264,0.36784673100735465,1.75575615576077,-2.982612379608749,0.23227716572126733,HAR-RV (OLS)
10703,0.0009103503175281445,-0.00845917570773236,1.1164910783055646,-1.8195428194092365,0.3383051614346716,HAR-RV (OLS)
10708,0.0008193062486953624,0.010658638543113438,-0.5046633338822548,-0.5418832191431456,0.13950199940825136,HAR-RV (OLS)
10709,0.001054324516482798,0.01258435167059092,1.1152193646862254,-1.9138011040619243,0.13779776056512305,HAR-RV (OLS)
10725,0.0004576509925119001,-0.22846139635524423,-1.7151712463839184,2.4585400384454847,0.13248063052752979,HAR-RV (OLS)
10726,0.0011445853626522696,-0.3863327049772599,-2.5824515363162748,0.8167571334110093,0.4988240337631167,HAR-RV (OLS)
10734,0.0005585853249514863,-0.07085581470350572,1.1121135630999766,-2.0153010457770755,0.20799703127887748,HAR-RV (OLS)
10745,0.0008123938825990227,-0.06915657635408426,0.9311850069595122,-2.2400804109822854,0.13556655837335774,HAR-RV (OLS)
10751,0.0008569525107556694,-0.02157039037752023,1.5954102427097134,-2.4961482370724126,0.035064008151740156,HAR-RV (OLS)
10765,0.001860945014501293,0.05459239355133113,-0.9948961944531407,0.6010876319943822,0.05123304784985139,HAR-RV (OLS)
10767,0.0016917915267892756,0.17932919828989596,-1.6719072343878851,1.3261299759097454,0.21908387959936793,HAR-RV (OLS)
10776,0.005016848423391319,0.24233080367358248,0.8366649522567313,-5.85128789542249,0.21344290162506308,HAR-RV (OLS)
10779,0.0009342479315726834,0.28443666051375127,1.372063644572655,-2.9278052938654513,0.43181159543397096,HAR-RV (OLS)
10781,0.00037667393047438743,-0.2633883503073575,0.5031685812488552,0.22109030140143227,0.13081189310291597,HAR-RV (OLS)
10789,0.0014298767021711334,0.08676971817247271,0.5989212257188097,-2.261136398533248,0.13752307540473185,HAR-RV (OLS)
10793,0.0006860937841849097,0.6417608029358683,0.7262272090367694,-1.8926036135019833,0.3955469649889747,HAR-RV (OLS)
10796,0.0012283688099391206,-0.1447064001634749,0.9383648875827632,-2.1569200754790794,0.08450956401468923,HAR-RV (OLS)
10806,0.0012429753830576844,0.36385556709238015,-1.3952645411175832,0.6193156557834898,0.14851782963296922,HAR-RV (OLS)
10810,0.0011803783029990485,0.1498820935824986,0.010194740292226733,-0.0796688440553201,0.01920446993517444,HAR-RV (OLS)
10816,0.0028205485265441663,0.16404548648242406,0.6925407339241262,-3.81549117758891,0.14066282282903453,HAR-RV (OLS)
10827,0.002524565269192501,0.1602217436753799,-0.3457558026077827,-1.1908980975723114,0.14420701108076583,HAR-RV (OLS)
10840,0.00035976640902695426,-0.30573603341881467,-2.250249837164658,1.5942367198953837,0.2635790320639635,HAR-RV (OLS)
10849,0.0007633362033556945,0.07438800031859696,-1.5653807167421712,1.0603939602666619,0.21907489794628632,HAR-RV (OLS)
10856,0.00010969658187932863,-0.05842955176466807,-0.7113236515604813,1.2716349698895961,0.04244288011304376,HAR-RV (OLS)
10890,0.0007354137878722962,0.04699217369722532,-0.22829266839150764,-0.689124709382798,0.09682756663330427,HAR-RV (OLS)
10892,0.0006739178083880939,-0.3031808063415091,-0.7631357286876493,0.4730103244286471,0.2191528455001026,HAR-RV (OLS)
10898,0.0007288101643436548,0.5445692275564811,0.9881728248424893,-2.754126660760882,0.3278529452045883,HAR-RV (OLS)
10899,0.0023936019946717403,0.18895392628636093,1.9167339137485393,-3.472941416672512,0.11462347985596089,HAR-RV (OLS)
10929,0.001066947290851198,-0.1391743201094694,3.055172059023708,-4.285649265583061,0.25983606545755655,HAR-RV (OLS)
10932,0.001549726164184573,-0.06645998171967514,0.8541757498464273,-2.011617869262181,0.11116499417228587,HAR-RV (OLS)
10934,0.0004930520716629313,0.6834996162056663,-0.15911676459633117,-1.017845889833667,0.46808141868377895,HAR-RV (OLS)
10938,0.00047519636343747065,0.4121305655480221,0.5586856043285908,-3.1969756160403406,0.17493278082103525,HAR-RV (OLS)
10941,5.977329191481762e-05,-0.22434519387571047,-0.8535511419574748,1.5031415328451603,0.17878928790574466,HAR-RV (OLS)
10946,0.0019817171249073193,0.5360118892548049,1.0929377805531069,-4.7512427763177145,0.3611718052151941,HAR-RV (OLS)
10949,0.001313136246781578,0.3904625183441219,-0.5018701827518077,-0.5977502022957695,0.22701875142456318,HAR-RV (OLS)
10956,-0.00024835017182393176,0.4200350118561749,-2.442999376437317,3.5702107731931507,0.3352559390811287,HAR-RV (OLS)
10964,0.0011664093476630773,0.23516230299247595,-1.4175455791609846,0.9678312205366633,0.40936802146858753,HAR-RV (OLS)
10969,0.0006179842810864909,0.3604241727078776,0.4636839795320351,-2.012476097992864,0.27726986959703304,HAR-RV (OLS)
10985,0.0005183693991802849,-0.004859855950545119,-0.5630019920909095,-1.695836911654467,0.26194268456820535,HAR-RV (OLS)
10987,0.00023226701066754625,-0.302521443455858,-1.1627515773783883,1.501200637958051,0.1380888125770967,HAR-RV (OLS)
10994,0.0009741877253404228,0.36126509774991467,1.96484616852223,-3.8929326473932857,0.6112433476451298,HAR-RV (OLS)
11007,0.0005152188038956292,0.39597699204412257,-0.3470425930310408,0.026184670047050357,0.14789610942692555,HAR-RV (OLS)
11035,0.0006339609967445107,0.3997675306240234,-1.3062967918510204,0.8444164434636189,0.2585722518651212,HAR-RV (OLS)
11041,0.0006320757738716664,0.4101673441987871,-0.07286822704846449,-0.26031056209958603,0.1410186933779527,HAR-RV (OLS)
11043,3.02133536241938e-05,-0.1088891270552708,0.20379458953072005,0.7333262206376728,0.14784388452570252,HAR-RV (OLS)
11048,-0.00095866683288197,-0.6865385849962325,0.19273935235036532,2.5263595067550617,0.642852680232006,HAR-RV (OLS)
11052,0.002185191993777768,0.2739168939822699,-0.0638905029827398,-0.8501333347879192,0.08568379742408161,HAR-RV (OLS)
11054,0.0010037159606700215,0.35863147068624235,0.5717470622922799,-1.314959726701265,0.3229957646550081,HAR-RV (OLS)
11056,0.00027396932213183747,-0.18185588490587704,1.824561079647582,-2.3858893821478144,0.1060105491315878,HAR-RV (OLS)
11059,0.0004095970049764836,-0.15394134229948384,-1.7461461730678056,1.6178674031704532,0.09667337001837428,HAR-RV (OLS)
11060,0.00024479571747642855,0.10024566761298337,-0.356981990349015,0.5927317419371024,0.0251135708395841,HAR-RV (OLS)
11062,0.005516232920459074,0.10140321395006377,2.1094677304570637,-4.733699913270099,0.3606570119960504,HAR-RV (OLS)
11070,5.5581754170743185e-05,-0.31872227977338935,-2.4978452126359842,3.380141238421443,0.23874780772966153,HAR-RV (OLS)
11081,-0.00041534802168163864,0.08412212195704233,-1.7047136764378483,2.878275289042104,0.11078061921006277,HAR-RV (OLS)
11090,0.00036249474902375864,0.5367283527540702,-1.3224705351131023,0.5149214404921353,0.44509705186790516,HAR-RV (OLS)
11096,0.0013454516369983565,-0.13803360033518672,2.3912405217487205,-3.9875142761784788,0.18286182408281126,HAR-RV (OLS)
11111,0.0008221611124635765,0.22219260929585927,-0.7065499213886168,-2.6232379148397458,0.4825315035864155,HAR-RV (OLS)
11113,0.007990378245240602,0.3703105658384566,1.0251756027025187,-3.8098449156405514,0.31580016248766063,HAR-RV (OLS)
11120,-6.95491470683436e-05,-0.4447477059455703,-1.8243602592887749,3.0573168145554943,0.1893034508983027,HAR-RV (OLS)
11121,0.0016787066961802526,-0.054998267132147706,0.6146781705581328,-0.7810930552013744,0.038446898789262995,HAR-RV (OLS)
11122,0.0006139768150501426,0.5312485163790426,-0.3387137855915828,-0.7051033206191459,0.2651569579560561,HAR-RV (OLS)
11137,0.0007177876344316145,0.18189959419059296,-0.38430974448113747,0.06793069333786483,0.0337876888786901,HAR-RV (OLS)
11143,0.0008874301894262499,0.5396987437368507,0.8730224210990531,-3.9442030693664676,0.23718656737914234,HAR-RV (OLS)
11151,0.0011760878541841875,-0.17704256043238217,-0.2287484316404243,-0.18582589139914657,0.07009889750125431,HAR-RV (OLS)
11152,0.0004892065403013801,0.3128489692692212,2.678136271142792,-4.298411646052747,0.19958909309006745,HAR-RV (OLS)
11178,0.0007705362410899244,0.32616555809202796,0.6072485979890097,-1.6529786804087983,0.1332800154669732,HAR-RV (OLS)
11184,0.001162029643834886,-0.10222113958739104,0.9444120383833199,-2.5685798656880885,0.10723650377766414,HAR-RV (OLS)
11199,0.0011201696478513818,0.03890196542032194,-2.6858882043555363,1.843775093792536,0.19730530836674354,HAR-RV (OLS)
11227,0.000260731448072081,0.17291990116583592,1.283805191627289,-1.6008624099295101,0.09444442781306839,HAR-RV (OLS)
11243,0.00040609345534968694,0.5945341478609443,-0.5875610777181273,-1.0066745764599128,0.402918659353281,HAR-RV (OLS)
11248,0.0008453157559058064,0.42588218994979676,-1.5623121840978993,-0.831594697855482,0.3283812335955454,HAR-RV (OLS)
11263,0.0005480266128886821,0.42382161063225304,-0.9703533888030527,0.420535255386416,0.2156058371303795,HAR-RV (OLS)
11264,0.0022251315753387202,0.15567702845094428,1.317211856087083,-4.650324904813707,0.19692637597637386,HAR-RV (OLS)
11279,0.003526525614960546,0.03493129531792869,2.0516959664729932,-5.866415465954514,0.37864929151498483,HAR-RV (OLS)
11296,0.0001160828674758573,0.013240050837796086,-0.177158958222645,0.8332173934315256,0.307137060133827,HAR-RV (OLS)
11303,0.0005124868619286996,0.17812591977707232,-0.9125012663419262,0.5742547376231497,0.07012693887664312,HAR-RV (OLS)
11318,0.0005894253760243204,-0.08313358690599171,0.5346180101502012,-1.385031342696562,0.07920960276336475,HAR-RV (OLS)
11325,0.0005498683040557246,-0.4055956238330222,0.6067375594039971,-0.7449514894981029,0.1595448238313455,HAR-RV (OLS)
11327,0.0011820829056193572,0.1781733982875146,-0.33155313606159326,0.3745534087904848,0.02693997158793615,HAR-RV (OLS)
11330,0.0002456825908118866,0.4318860775092348,0.4053865082485574,-1.2869562597629158,0.13561517364926912,HAR-RV (OLS)
11351,0.0007797284572542827,0.23185428664223484,-0.8775504399778711,-0.9378922075769498,0.28249691821696366,HAR-RV (OLS)
11363,0.0011088668172835351,0.3727678751483788,-0.21408022173588903,-0.5861459337915793,0.14261125378254236,HAR-RV (OLS)
11367,0.00031497029891003174,0.5375677112621461,-0.665441720915857,0.1988543132964679,0.26580926449892917,HAR-RV (OLS)
11374,0.0005763149865407411,-0.214981520848999,1.264847950666974,-2.124624809509552,0.10637172931061123,HAR-RV (OLS)
11375,0.0026583575915722323,0.003933733106297593,0.22293143409570249,-1.4156747966068053,0.06054124773795033,HAR-RV (OLS)
11389,-2.0507679671645746e-06,-0.43277423985350155,-1.0111413210634774,2.137692666553277,0.18104580799191727,HAR-RV (OLS)
11393,0.0005491475887700126,0.1473583669139015,-0.9888045530847264,0.389613354177318,0.06349964545598286,HAR-RV (OLS)
11405,0.0019055548207511663,0.3201800974232901,2.3811110939753584,-4.422466456111097,0.45942633070528727,HAR-RV (OLS)
11415,0.0012757410884207347,0.8277633425621177,-0.7062528669338604,-1.3123760997130964,0.6542991502959417,HAR-RV (OLS)
11419,0.0007170875974480274,0.010099523569992597,1.2782072950336723,-2.1609909943234307,0.3181950051479824,HAR-RV (OLS)
11431,0.0005910731802415564,0.48422498205048964,1.176317729785204,-2.2274180085892588,0.5211929546472782,HAR-RV (OLS)
11433,0.0007548790347123291,0.04029652154106152,2.5975942826564355,-3.5786812871105194,0.24757925168080996,HAR-RV (OLS)
11440,0.004015082963775266,0.7179438529368775,1.38704703582911,-4.154773040121622,0.4489270697331056,HAR-RV (OLS)
11449,0.0008600114003538581,0.3366522476319069,0.48617048596327805,-2.2099694234003815,0.12277189146539458,HAR-RV (OLS)
11453,0.00021180020716861456,-0.11522823459652172,-1.9562611051022416,3.051917990414853,0.162497493170216,HAR-RV (OLS)
11475,0.0004594575873246994,0.1373689067320232,-0.7426193960263388,0.6266152925325963,0.036168126042432025,HAR-RV (OLS)
11481,0.001169865429969065,0.2325802720567298,-2.2762526142451263,0.37968323268363524,0.301500953378782,HAR-RV (OLS)
11487,0.0002791276636264513,-0.18158327978001348,0.06218504958306656,-0.2216992075074874,0.04221573925731892,HAR-RV (OLS)
11490,0.0005942557519689355,0.22936457547141814,0.30220571151312337,-1.7779310091041272,0.24554467345867137,HAR-RV (OLS)
11497,0.0008661669233204682,0.12651417753962446,-1.2480434882045732,0.37535457650090864,0.13666579738999463,HAR-RV (OLS)
11499,0.0010943260715210392,-0.13430121052133898,0.40293369131352597,-0.23789467409426338,0.020598376127210383,HAR-RV (OLS)
11501,0.0018253208887359191,0.20379057031165604,0.5880409620580205,-1.6185539226596553,0.16280684779875532,HAR-RV (OLS)
11504,0.004901834731136223,0.49375063151148374,-2.8901254127140166,0.1332860152483517,0.2934947221149553,HAR-RV (OLS)
11508,0.0008114752040803159,0.02748639641948839,-1.4966369191546693,1.117376953578888,0.09322668977817872,HAR-RV (OLS)
11511,0.0007265966685426966,-0.23965744599927047,-0.065268982273744,-1.5705580615616492,0.28608419051607814,HAR-RV (OLS)
11541,0.00022332606610937162,-0.38772942351079076,0.578692037434853,-0.2669058519442774,0.12119747358684996,HAR-RV (OLS)
11559,0.0011345932867689902,0.4714027234494006,1.3491072710156047,-4.265108932279282,0.46294604085121516,HAR-RV (OLS)
11577,0.0009992715176667336,-0.06163695150872992,-1.3680163033293211,-1.563574078191857,0.3526428103000405,HAR-RV (OLS)
11579,0.00028245013573941597,0.45828558586307605,-0.122265076323595,0.04513664126817274,0.35414810878687963,HAR-RV (OLS)
11589,0.0006748922843395786,-0.09843578766646043,-1.452201188745701,-0.5388147727944995,0.21984978151136358,HAR-RV (OLS)
11597,0.0007768574985316076,0.17072018442007306,0.9954826521478166,-2.1918487011434022,0.12158728435761912,HAR-RV (OLS)
11607,0.0004125762506370619,0.32266831677984986,-1.8304225989113632,0.4533489018245648,0.3171578676849711,HAR-RV (OLS)
11639,0.0027603575259832766,0.075777856397689,2.276716987836225,-5.03594217339167,0.39885381451884083,HAR-RV (OLS)
11641,-0.0003209324895156667,-0.7010614016003568,0.5811969774709813,1.5114598686634748,0.6051191401180208,HAR-RV (OLS)
11642,0.0017819456696125922,0.3712619649533636,-1.9200208328787518,-0.9848500951426654,0.25567315264941326,HAR-RV (OLS)
11655,0.0028012508624708013,0.3128498487908759,1.6403144080184708,-4.661229132257894,0.3189336060182715,HAR-RV (OLS)
11682,0.0005962713449895304,0.12868367511361883,1.364546059029998,-2.4799270484730984,0.14603907475838562,HAR-RV (OLS)
11686,0.003727644506350014,0.47490527624779555,0.6616914413549315,-1.5303896960115932,0.27217657677947527,HAR-RV (OLS)
11689,0.0008041696596303535,0.39724075402576564,-0.00999171385341846,-0.2501016983682327,0.1010324634001244,HAR-RV (OLS)
11700,-0.003570790695055973,-0.3310227691572967,-1.4850268989009228,3.432018597097852,0.5494988765955549,HAR-RV (OLS)
11715,0.0011300537111052864,-0.0949161195813024,0.18876004970707772,-0.9261869846126781,0.03261041870316472,HAR-RV (OLS)
11718,0.0006984803343748917,-0.23527096703849712,-2.2089647755352804,1.8747475927990689,0.2657964661939277,HAR-RV (OLS)
11722,0.0004685080287398969,-0.2315788567813419,1.0782563601002932,-1.9686078928219317,0.1720335246271545,HAR-RV (OLS)
11726,0.0008119935770560135,0.41495214885648724,1.132841171042586,-1.550676800115136,0.3348641959134946,HAR-RV (OLS)
11729,0.0029130201690728925,0.06317841508639539,2.3022651951401327,-3.881780804094869,0.5649728725157412,HAR-RV (OLS)
11730,0.0008553091959224503,0.1328675333698137,0.1973473260323378,-1.1502802116010933,0.09144393555012553,HAR-RV (OLS)
11735,0.0002066916788192553,0.6082878344402176,-0.14487864143113288,-0.32756995776706943,0.32186951233664673,HAR-RV (OLS)
11749,0.000815402455793988,0.15036243660726473,-1.0754108743073747,0.49817312806256386,0.12229733687162558,HAR-RV (OLS)
11750,0.0007441297857511727,0.6858630372202167,1.2888493720504088,-3.208800015333695,0.6342312673977419,HAR-RV (OLS)
11764,0.00033486556939877796,0.005545588834479558,-0.3504030475714829,0.4464505185316203,0.005326989757400535,HAR-RV (OLS)
11775,0.00018962671391633724,-0.07339086124803743,0.7277829015383599,-0.4452368905696225,0.13335801444699713,HAR-RV (OLS)
11786,0.0007198244611870172,0.260942371556225,-1.5100722832322049,0.6513314377086289,0.1944367698114442,HAR-RV (OLS)
11792,0.001140031978740556,0.518704430976315,0.5280152177558295,-3.07848528309553,0.30642528823747683,HAR-RV (OLS)
11804,0.0007439916457655485,-0.15453962824521456,0.9820649781243505,-0.8897084777214161,0.03915215409076056,HAR-RV (OLS)
11809,0.0002732542667294674,0.3581864601081328,0.5828732665164356,-0.9567641430801581,0.1621723486137172,HAR-RV (OLS)
11812,0.0013198330152822215,0.07629433384992945,0.11217335430245234,-2.2897059699501767,0.3118072382364204,HAR-RV (OLS)
11844,-1.341626898835696e-05,0.24549769256323262,-2.5402044990584143,3.0391713741871778,0.30374395457177183,HAR-RV (OLS)
11852,0.00048475174920130273,-0.42752447717237363,1.5742046247087949,-0.9380035132766705,0.1072624457242145,HAR-RV (OLS)
11860,0.0011694316151921618,0.5781465633887366,0.4810209210930215,-1.5148888524775543,0.19284694940837266,HAR-RV (OLS)
11864,0.0003688327485681533,0.20994182396950128,-0.6163815544988128,0.7402632252722365,0.06346056991324223,HAR-RV (OLS)
11868,0.0007215787330633431,-0.4352022142161632,0.34491193821767074,-0.25506358644048266,0.15854068299644186,HAR-RV (OLS)
11869,0.0005905373140128161,0.585828320908269,0.49990316395118484,-1.6974668649869247,0.3700587333006592,HAR-RV (OLS)
11872,-0.00026281031797441485,0.151319739943872,0.4042723685458527,0.4890178401396844,0.38568121679371237,HAR-RV (OLS)
11874,0.0009161251611106086,0.16063341657402155,2.2786913741738486,-3.2531557240337676,0.14777074148528957,HAR-RV (OLS)
11876,0.0014129175338497262,-0.44265921176962,1.7009273703786132,-3.3921477405327916,0.3593038475507565,HAR-RV (OLS)
11886,0.00020279835502523086,0.2603066433604838,-1.1724569258558926,-0.709442154674008,0.403822629176388,HAR-RV (OLS)
11887,0.0003535444955561788,-0.2741179013880575,-2.2467350046809416,2.7339604123123262,0.2169188991605936,HAR-RV (OLS)
11893,0.0010919443867347443,-0.1613563400133757,0.7518282663701363,-1.3114115470124594,0.04116813781682305,HAR-RV (OLS)
11898,0.0005041264678283188,-0.11195825481571427,-0.15941016558118945,0.43846353768881235,0.016267004124149387,HAR-RV (OLS)
11899,0.00021769079270948552,0.3139974764944405,-0.18196935107386147,0.3436446922512113,0.12835521458754717,HAR-RV (OLS)
11904,0.00038630673827875264,-0.4800180066831512,-1.6631447094170604,1.904516783780833,0.38911188367477434,HAR-RV (OLS)
11914,-0.00036880671536797683,-0.03528350963417313,-4.304877579351151,5.5475062802613415,0.21548146668897905,HAR-RV (OLS)
11920,0.0003610842114628343,-0.17652607869579695,1.3569507411332546,-1.3433468266562816,0.10328065761008076,HAR-RV (OLS)
11940,0.001922900579615664,0.5076143691656725,0.576454162577978,-2.8407904967465134,0.3047080559895433,HAR-RV (OLS)
11941,0.0008754356090539552,0.19861354952357635,0.22297741523768447,-0.6360981841744348,0.04837200604354641,HAR-RV (OLS)
11952,0.0003781398361550808,-0.27925256267179516,2.5405215178716554,-3.2734859941737264,0.5271767700182487,HAR-RV (OLS)
11953,0.0006105586904178174,0.2438128395520563,1.6959119247425205,-2.8089955045982355,0.2224416092365955,HAR-RV (OLS)
11959,0.0001751784750656168,-0.06154511894844491,-0.7838048335261363,1.4905476898707133,0.02423463325899089,HAR-RV (OLS)
11962,0.0003998203897239182,-0.11336117268459994,-3.256963111983844,3.1260295474424264,0.3311839514670817,HAR-RV (OLS)
11981,0.00015904330001066018,0.2759235881971344,-0.9727261478875686,1.1091556638635014,0.1086266075741108,HAR-RV (OLS)
11985,0.002240171273043294,-0.1852561579546209,1.1582948475396626,-2.5793438935316777,0.17429058053515956,HAR-RV (OLS)
11987,0.00018657795831058307,-0.04334375864206155,0.023125931177975234,0.5481899447258698,0.038111626658933195,HAR-RV (OLS)
11994,0.0006316162410653625,0.5870334268247344,0.20117175559877198,-0.9338731535168819,0.3899380572374883,HAR-RV (OLS)
11995,0.0023950333308620383,0.11737539158067235,1.5287971839711165,-2.075975017855076,0.1343548170666865,HAR-RV (OLS)
12011,2.2458193069944222e-05,0.2715251754048988,-1.5109803261134713,1.7704714592420698,0.25295879079584116,HAR-RV (OLS)
12012,0.0006685874505976524,-0.11262085358870598,-0.19826264146242373,0.19369523448392917,0.022435260289258685,HAR-RV (OLS)
12021,0.00028315179716684055,-0.009334272016565835,0.8539267665839436,-0.9611651493472257,0.04639148465031584,HAR-RV (OLS)
12028,0.0021694673903880054,0.5054474130440406,0.39756938518967233,-2.322407255151959,0.317671224295346,HAR-RV (OLS)
12030,0.00023292538937988303,0.21285473687991913,-1.6300403803153847,0.8152565110710297,0.217774790765921,HAR-RV (OLS)
12061,0.0008173095651340525,-0.1931737013412426,0.5959233864543241,-2.1809958617694685,0.4290738111522603,HAR-RV (OLS)
12065,0.0009789626710499993,0.10159062485347527,0.6358047068968912,-1.7034010472312908,0.10604644010057873,HAR-RV (OLS)
12073,0.0008121729324472777,-0.13858163221027758,1.3758326567344146,-2.0166982556688486,0.07338750507951608,HAR-RV (OLS)
12079,0.002450245016061597,-0.12650223175239286,-1.2265703591236856,-1.9351909495110098,0.3811861273522559,HAR-RV (OLS)
12102,0.001410202265876492,0.5257217558763205,-0.13145452325877827,-1.623352474954256,0.39594196824600436,HAR-RV (OLS)
12103,0.00040411217835112595,-0.4244718833296593,0.21167977046850606,-0.02351108885739267,0.2193545718427703,HAR-RV (OLS)
12111,0.0003404189495522003,0.0872481906724208,-0.9261808011817944,-0.3298004280535511,0.27447729649250074,HAR-RV (OLS)
12114,0.0022065347480451675,-0.12226047861188549,0.3790611617297498,-1.2105734898294445,0.0793270373685564,HAR-RV (OLS)
12115,0.000685623220079261,-0.17776569267684317,0.05115250269924432,-1.4616985856810425,0.12648780901284906,HAR-RV (OLS)
12131,0.0004311039819825974,0.048783633548964964,0.5102257057102914,-1.1940825438697318,0.16814516448637729,HAR-RV (OLS)
12135,1.149564701979035e-05,0.20987956814375722,-1.4227385902510084,2.526066132901231,0.0687294118958548,HAR-RV (OLS)
12139,0.0009550698300328618,0.3537746623214512,0.6058102750742101,-1.0053468241802865,0.1399889107534511,HAR-RV (OLS)
12141,0.011840950560366669,0.6715715765814785,5.277445166311627,-21.714112122130782,0.43433990974915493,HAR-RV (OLS)
12147,0.0033310068909123327,0.2681857744170618,1.7134312530718918,-4.92415590363123,0.2597674659520678,HAR-RV (OLS)
12151,0.0009347762643585936,-0.06794554393563564,3.0241190667758375,-3.9737922448967082,0.28846995781844853,HAR-RV (OLS)
12163,0.002041334670829945,0.17699791907657075,2.09230448783965,-4.180280829147283,0.19018342295484403,HAR-RV (OLS)
12166,0.00042386622704062497,-0.6358281532668626,-1.5548613546412522,2.023316945752122,0.4451841057763528,HAR-RV (OLS)
12176,0.0010690155477398181,-0.0962051781031495,1.1171084788365415,-1.5366895733857961,0.06298871577732468,HAR-RV (OLS)
12178,0.0020405133672127063,-0.03385899363700252,-0.5814072637928962,-1.1782270614587482,0.13143680912459133,HAR-RV (OLS)
12182,0.002432800077399273,-0.13885892124484112,1.670009409480678,-4.540924189776095,0.38092411850751284,HAR-RV (OLS)
12206,0.000632177658093136,0.19349041147973076,1.2842094114329772,-3.314094757686844,0.3048319149209132,HAR-RV (OLS)
12222,0.0010505852009734318,-0.3766654474669606,2.722678942422843,-4.445781836793693,0.32464300644524646,HAR-RV (OLS)
12225,0.0003575062369593156,-0.11025129951607643,-0.8349469204195846,0.71919913798141,0.09177842978405015,HAR-RV (OLS)
12229,0.0009978259496126777,-0.4101772713544868,-2.175962900189104,2.2334834388924367,0.2745007942539399,HAR-RV (OLS)
12234,0.00019763307135483958,0.5150016062936186,-0.44056394561925694,0.046359120154566,0.34010189848854344,HAR-RV (OLS)
12247,0.0014336758781054472,0.33919084142338046,2.1297190579094023,-2.7300966320813584,0.17440889140439841,HAR-RV (OLS)
12250,0.0005584365656926223,-0.046372757528720276,-0.23756933420966658,0.1534500435102754,0.012157992236784931,HAR-RV (OLS)
12254,0.000736920654696649,-0.3482067917887222,0.5918875589387569,-0.7650969992083443,0.1394586628711637,HAR-RV (OLS)
12266,0.0009912368081510345,0.21527756387057392,-0.504899415879148,-0.4069367932797205,0.10910931372660992,HAR-RV (OLS)
12279,0.0010084866154110926,-0.07880095101255272,-0.5217955102602521,-1.3447620767433228,0.2384314013039015,HAR-RV (OLS)
12287,0.002949998933920653,0.5950408124266695,0.5502134388723692,-2.83839554635801,0.24880761666336504,HAR-RV (OLS)
12291,0.0008812507955664314,0.5715335671361186,0.0542207406420504,-2.1963709976283856,0.2979329352407033,HAR-RV (OLS)
12299,0.0005080527049748274,-0.0018384677076563876,1.094025285168759,-2.1332008297537417,0.08478987113177883,HAR-RV (OLS)
12309,0.002123911535745044,0.39706700293565406,3.167340880534663,-10.179636259167369,0.49931047279023155,HAR-RV (OLS)
12322,0.0018238110502232794,0.7997913555617203,-1.386624746328644,-2.7414840776628555,0.6874991063081122,HAR-RV (OLS)
12324,0.0007110430578490359,-0.2482297073791575,-0.2838110598399666,1.087229800378143,0.08767682163387591,HAR-RV (OLS)
12347,0.003441318795648318,0.007280736026079971,1.559493623797973,-5.763226185383889,0.1397545213563547,HAR-RV (OLS)
12348,0.00103028771475021,0.11800973049230752,1.8740784329854507,-3.640110744334316,0.31304118623404964,HAR-RV (OLS)
12352,0.00044768965309183287,0.24863730852380958,-0.1308816444483804,-0.20421674465809045,0.052168248472182155,HAR-RV (OLS)
12358,0.0006771630165297488,-0.7811820433691282,2.641988260132961,-1.6928016063409852,0.30911562554159855,HAR-RV (OLS)
12395,0.00010705966044646261,-0.03842529212153578,-1.5998626959252995,1.970489869740613,0.05339165637343879,HAR-RV (OLS)
12399,0.0005184762299378906,0.7489979212960307,-0.259203992834238,-0.6396503934042864,0.4592410408140214,HAR-RV (OLS)
12408,0.00023600400208044633,-0.44216324875834256,-0.36920204579130106,1.8233300101415522,0.36261844507530694,HAR-RV (OLS)
12411,0.0017804791232440204,0.17983424871528517,0.21841101334077617,-2.7291366473790437,0.19095760720030264,HAR-RV (OLS)
12419,-0.00016832344086722728,0.1547020212524966,-1.9804121653367746,3.0609611538286567,0.11612208161002657,HAR-RV (OLS)
12420,0.0026965056859364015,0.09593443397215683,3.0255159877618927,-4.2767199912056695,0.32520975674919206,HAR-RV (OLS)
12423,0.0004983282729637342,0.03011141543908086,-1.270049549531723,0.7011715137864515,0.08754581935089456,HAR-RV (OLS)
12428,0.0005496772917766542,0.19043467367182496,0.5525531061465845,-1.7683385955359188,0.10297273778841343,HAR-RV (OLS)
12436,0.0005344878416706208,-0.008190189460148638,0.7162046533650845,-0.7214677483038814,0.07854536968795567,HAR-RV (OLS)
12437,0.0013873828383963536,-0.058635226232320946,0.05727749518163272,-1.4135629075109473,0.24514102497339174,HAR-RV (OLS)
12444,0.0013897936636888203,0.22990478814843815,1.5613564030330063,-3.4793448825800315,0.442618396674627,HAR-RV (OLS)
12465,0.0020648312570457246,0.2900493589238464,1.4711001500411884,-3.789966960853962,0.12655097368398693,HAR-RV (OLS)
12481,0.0004528961177327075,0.157312750323031,0.8399399570088062,-1.5086603051212515,0.0658226176808604,HAR-RV (OLS)
12486,0.00044143782108718146,0.21966258792103552,1.2979642865141567,-3.049565536478748,0.1754406863278859,HAR-RV (OLS)
12494,0.0034194133775944284,0.430355473644076,1.8951053554701431,-4.865409438951635,0.4261032899080799,HAR-RV (OLS)
12498,-0.0007079902389970796,-0.43400912624719246,-2.987012303677932,4.8097961369262165,0.24455947664283428,HAR-RV (OLS)
12521,0.0013528346833976844,-0.03730001543491157,0.7115590488458755,-2.469693583724444,0.16895198927294075,HAR-RV (OLS)
12523,0.0006444244735648846,0.08474150293873317,-0.11987888681054924,-0.0034871630642683282,0.004383937743448141,HAR-RV (OLS)
12531,0.0006439215995837938,-0.25491650115588527,2.195895530475398,-3.001649856000346,0.22381764900873968,HAR-RV (OLS)
12532,0.0014018085033375663,0.2354716352035905,-0.026869557929147414,-0.6091815414222762,0.06083996431690797,HAR-RV (OLS)
12533,0.00026137543712094046,-0.3941242794752596,-3.406714031081953,4.51974605602627,0.3226305816990622,HAR-RV (OLS)
12535,0.0005754265030394387,0.24192611460270058,1.079377193864975,-2.099087625483535,0.16158467687419054,HAR-RV (OLS)
12537,0.0007503306512330591,0.07571812981626064,1.0521366107343908,-2.158255467720069,0.06912996177243202,HAR-RV (OLS)
12542,0.0007311528958926795,0.18103961313030748,1.1287233169987518,-2.1023455177477253,0.12969482689799372,HAR-RV (OLS)
12546,0.0011003036785146207,0.584188760276528,-0.7939871623138584,-2.3164702966176733,0.518609430179473,HAR-RV (OLS)
12552,0.0009924832772539452,0.4397692616634091,1.1248248420018918,-4.993016477185069,0.2045928858990358,HAR-RV (OLS)
12559,-0.0006799454403255318,-0.13511946695803195,-1.6090102255722551,3.8855049450780106,0.08923877219863086,HAR-RV (OLS)
12577,0.00038054263454489595,0.37983627185939695,-1.3798262580400924,0.449648686199951,0.4060044027341404,HAR-RV (OLS)
12579,0.0003874025827454885,-0.5320806498271579,-0.60457891044676,1.19474084602382,0.2075232626932868,HAR-RV (OLS)
12581,0.0008937619833901329,-0.15493235551545723,-1.368642079843685,0.16766773915365418,0.24615266390796242,HAR-RV (OLS)
12583,0.0006917199925117478,0.49108761356955527,0.6558386631984185,-1.6147204297006568,0.31867580141072416,HAR-RV (OLS)
12584,0.0012636362542519932,0.3239466402945874,0.583358582057647,-0.9437918149186431,0.1610921199048283,HAR-RV (OLS)
12585,0.0007920772466018659,-0.04936488682325657,0.23725939558685438,-0.5902136618041676,0.009944380881490078,HAR-RV (OLS)
12588,0.00038987768399712517,0.0997165231406191,-1.4790826420557388,1.7845105364476264,0.11213655963773483,HAR-RV (OLS)
12611,0.0006843453625676501,0.026890229617581286,0.3512931999309641,-3.349402268388895,0.4019919844838069,HAR-RV (OLS)
12633,0.0007746693088572066,-0.13118917274589892,0.8456698248208225,-2.024251343108088,0.25114708217649817,HAR-RV (OLS)
12661,0.001463552142808674,-0.4729263492395225,-0.5714029104442189,0.8916948090393974,0.21394073655368584,HAR-RV (OLS)
12666,0.0008986432996612725,-0.4252674931117367,-0.23340695800121758,-0.2170821090142879,0.21553445230089574,HAR-RV (OLS)
12669,0.002414817478369058,0.33755054785045707,-1.9080340528059159,0.6503572471552427,0.16199061394741887,HAR-RV (OLS)
12676,0.001162685023143243,0.014950645175872895,1.2286740927382787,-2.505941290140223,0.08373628113066356,HAR-RV (OLS)
12691,0.0013049157067535299,0.16188313925915745,-0.2285587062687191,-0.7944011141852375,0.04182270232511398,HAR-RV (OLS)
12694,0.0006285128620217309,0.26297639757842994,0.7052833743253685,-0.7344496462387333,0.3285044692365774,HAR-RV (OLS)
12703,0.0011365357194329205,0.25715844924763853,1.1482392579643437,-3.2525204814493267,0.2787058933915153,HAR-RV (OLS)
12704,0.00047639842090192345,0.132527104069978,0.45085980613075527,-0.6321085546051044,0.0465565339341385,HAR-RV (OLS)
12713,0.0010386292171631333,0.3546450326361853,-0.22033446975010818,-1.9445605650240005,0.19006899378202746,HAR-RV (OLS)
12717,0.002015424090370338,0.4775283110645092,-0.10311115929357817,-1.5486487490499363,0.20269651063984395,HAR-RV (OLS)
12718,0.0008688582897160252,0.4559857600643831,0.01637317275914077,-0.49327098214133186,0.12984291697590433,HAR-RV (OLS)
12726,0.0010284664302413209,0.7240579503187671,0.7930381304207972,-1.7602025503811987,0.5273767555512193,HAR-RV (OLS)
12728,0.0003590456342788537,0.18574210375194644,-1.0978032782338412,0.746947738636882,0.10825494226437371,HAR-RV (OLS)
12730,0.002210540079101407,-0.29773497998492154,1.8776701468374535,-2.5641279686589273,0.15177109673825295,HAR-RV (OLS)
12751,0.003707263043024246,0.25520571546339776,0.7777069808105832,-2.427563941200717,0.11950535712551924,HAR-RV (OLS)
12758,0.00033918667125560546,0.5920375913709398,1.507177892605137,-2.73205875517334,0.5031712456439763,HAR-RV (OLS)
12760,-0.0005367706155539046,-0.23345827127432162,-1.974000498492533,4.121338108415495,0.3514457017101268,HAR-RV (OLS)
12780,0.007143553220892251,0.1551015535311409,1.3943805441857382,-6.570233597934666,0.2532498578711022,HAR-RV (OLS)
12782,0.0002627048920471205,0.2828340845141095,-1.9634368070183525,1.4017511071805067,0.07587080988838013,HAR-RV (OLS)
12794,0.0009770055720546831,0.037041979224435306,1.6052879596566123,-2.1408830384091724,0.09674762651773472,HAR-RV (OLS)
12797,0.0004383261582183341,0.3241035899021735,0.34983645747979475,-0.10567748435379745,0.25622595473314846,HAR-RV (OLS)
12822,0.0013881022407273337,-0.0789078452701711,2.8088329465158193,-3.7808117716486787,0.27994978068776255,HAR-RV (OLS)
12834,0.0011903960989337508,-0.13564129041818115,0.8491519735952073,-1.9837191506853267,0.28579174095798043,HAR-RV (OLS)
12839,-0.0009295855746400914,-0.9715471164908406,-1.456766872783683,4.8573911681230335,0.33729680725680566,HAR-RV (OLS)
12840,0.0006619701749472477,-1.0037933234330279,1.2652667754136835,-0.5892424926655636,0.42238300279067276,HAR-RV (OLS)
12852,0.0010751203843667474,0.03547155897296331,-0.1455233138383416,-1.0708541204952955,0.18315427341717005,HAR-RV (OLS)
12859,0.0017260831298853273,-0.02484169302886386,0.43213302056510705,-2.2848520623002826,0.12170247275401158,HAR-RV (OLS)
12878,0.0006642441898551878,0.23727854800830764,-0.6517060145982925,0.3938455337329033,0.09979211440156677,HAR-RV (OLS)
12904,0.00022337626162584638,0.14087160177938968,-1.7263658006531521,1.9902304403447866,0.11984380568209196,HAR-RV (OLS)
12905,0.0014818373381326048,0.5093823740731599,1.1157600504266094,-4.237296127860667,0.3679027531493325,HAR-RV (OLS)
12920,0.0016647937496419467,0.026731659793200302,-0.13970380213489575,-3.1332587739528837,0.18228670561807525,HAR-RV (OLS)
12923,0.0013555766821699905,-0.19366815664178616,1.383784404521001,-2.3372088338356813,0.19906310655976067,HAR-RV (OLS)
12930,0.0014405084801963133,0.07362172562736657,1.230581312802709,-2.0069046619719586,0.05024906756289249,HAR-RV (OLS)
12935,0.0016688379834576628,-0.27559036910627505,2.951893049547082,-4.31931473560825,0.40889505248927305,HAR-RV (OLS)
12945,0.0027426485249767334,0.10712362360361964,2.6991419697887764,-4.105943496193265,0.262306514301028,HAR-RV (OLS)
12949,0.0012015444111813417,0.07130309911721436,-1.6655103472600503,0.5627624333203227,0.1385779346386402,HAR-RV (OLS)
12957,0.0007170802949900733,0.46173954075826323,1.0296245483171056,-1.666197360974554,0.2798294064396213,HAR-RV (OLS)
12963,0.0020823691864749264,0.34170521839053536,2.0301185429862167,-3.7482449326161373,0.3501863320799241,HAR-RV (OLS)
12964,0.0009998588189269798,0.07567279811464668,0.16371262864088176,-2.1928225828457673,0.11443568468667686,HAR-RV (OLS)
12965,0.00035386766047643744,0.3570117331809532,-0.5345718929454362,-0.9548674444758372,0.18203054690143106,HAR-RV (OLS)
12981,0.0019143364308984764,0.6815261767738836,1.2250030852485978,-2.008435985473941,0.5400975420446873,HAR-RV (OLS)
12987,0.0002561009172292025,0.14325875423778822,-1.214959159718837,1.7557887689873446,0.013070375689846148,HAR-RV (OLS)
12991,0.002238340953731395,0.13527550044370776,4.832071784962689,-13.875971471186878,0.3233764816439745,HAR-RV (OLS)
12996,0.0008764383054966664,0.1086911522192392,-0.9705083677693886,0.5105860756089992,0.07396311200737604,HAR-RV (OLS)
12998,0.0031675614632062725,-0.23131837433926616,2.800974200901277,-3.093589085229651,0.2075078987326946,HAR-RV (OLS)
13010,0.0005112103400495995,-0.649366199941493,4.061807961325911,-4.481441950933476,0.2598107980609511,HAR-RV (OLS)
13018,0.0011532548306947017,0.34249877102983156,-0.6613030081800052,-0.23356895475523196,0.22911363579662758,HAR-RV (OLS)
13019,0.0018751637891197153,-0.2626007724587973,-0.09503336319698763,-1.2915983188778961,0.2311570913355876,HAR-RV (OLS)
13028,0.0014729224673819751,-0.27245726888409333,-0.9924972354895465,0.447941889896587,0.20358391840647305,HAR-RV (OLS)
13039,0.0023832735738340835,-0.13617790682719708,0.34927961522673345,-1.327897384686196,0.2548011551786108,HAR-RV (OLS)
13044,0.0006343353796092132,0.48643976876714384,0.6642060313866563,-2.2964684431735214,0.27604228484016746,HAR-RV (OLS)
13071,0.0025171398804705813,0.15988816765471728,0.6065680850996384,-1.8423988916525613,0.16188317415360431,HAR-RV (OLS)
13096,0.00023966861551147833,0.03429443773494137,0.5913891969898011,-0.23139842827933882,0.16559334365844336,HAR-RV (OLS)
13097,0.0013703523761296576,0.12518758931128326,2.864628517222984,-4.514171672398773,0.48301532871640573,HAR-RV (OLS)
13102,0.00029048573941431444,-0.10603084246195534,-0.7766066191954766,1.2863766668440426,0.07362164320603426,HAR-RV (OLS)
13124,0.0024904491935758975,0.7572008889112942,1.716129469712122,-3.515762898199903,0.5227727018386628,HAR-RV (OLS)
13140,0.0010131425593264095,-0.014064478594344279,0.9160097679192352,-1.0437534511536941,0.03896497375150143,HAR-RV (OLS)
13148,0.0037161502902071757,0.42498267220998476,1.5438220553799042,-4.432489634283916,0.38231904538416317,HAR-RV (OLS)
13150,0.0002591749300770843,0.4370469538431135,0.36993781937762005,-1.200895041956798,0.14499166906436878,HAR-RV (OLS)
13159,0.0006059191438703503,0.36675679322219024,0.6493575567918455,-1.0881213362054503,0.1971330547509036,HAR-RV (OLS)
13160,0.00022300246067687252,0.3456943645659331,-0.5464138555261069,0.4738524771119515,0.12150651464863116,HAR-RV (OLS)
13163,0.0007073289698440151,-0.019284603384437035,-1.4033694219930615,1.0225998107684187,0.09585655795384684,HAR-RV (OLS)
13180,0.001723169171853398,0.0037754486793525055,0.22914015571920654,-0.6635854842447945,0.04477230747417216,HAR-RV (OLS)
13187,0.004817292853769798,-0.09401026089162035,0.4024383045841009,-2.534059901796147,0.20514077919234264,HAR-RV (OLS)
13196,0.0023492613711346634,0.19850438066774412,1.9690744088941894,-2.972794697691481,0.21811129578603405,HAR-RV (OLS)
13207,0.00041196441183222936,0.2336527425314047,0.3956083336574513,-0.3303635612814523,0.13530008547489292,HAR-RV (OLS)
13217,0.0006562192379136383,0.11253137921794534,2.2136698921854268,-4.4758740178499306,0.2902978248343071,HAR-RV (OLS)
13235,0.0012468144002688612,-0.03286644964771118,1.0849844486603555,-2.1404816711127026,0.12170447684000008,HAR-RV (OLS)
13240,-0.0014180331742003258,-0.09729676240458653,-3.1127451120865595,6.191066033524399,0.16486733502279416,HAR-RV (OLS)
13241,0.003007912089052602,-0.05931652037019221,1.4333983903289753,-2.22044973791235,0.17486489904164793,HAR-RV (OLS)
13269,0.00039023380952309713,-0.6422360223935479,1.1153208801231909,-0.062337761731261154,0.3277568775263707,HAR-RV (OLS)
13276,0.0002523873582120457,0.41020037625927896,-1.116702385060522,0.4470537107820305,0.359348974673283,HAR-RV (OLS)
13279,0.001336390837334494,0.052399492152268703,0.3223571344376617,-3.07883883301511,0.4040299775616685,HAR-RV (OLS)
13294,0.00045113522659186503,-0.1818507776356328,0.35464557907948957,-0.28688792435849075,0.022167201287226046,HAR-RV (OLS)
13302,0.00026972281035800847,-0.27960243939034035,1.3238437937517618,-0.46748686811628903,0.417652672575469,HAR-RV (OLS)
13305,0.002306743095545762,0.43816064981768216,1.2396789379995237,-4.427869005710283,0.40020110649072815,HAR-RV (OLS)
13316,0.01082629722402713,0.607313163640745,3.9957452889972442,-12.866787799969977,0.5380241250153202,HAR-RV (OLS)
13318,0.00018395859424344115,0.18106087228364076,-0.2574927485500089,0.5031200905800794,0.03854632973230776,HAR-RV (OLS)
13321,0.00032887502056548634,0.4923608198654607,0.25141582228306103,-1.8992489964610102,0.3134388587180388,HAR-RV (OLS)
13324,-0.00024305065481192373,-0.26520750635885404,-6.0808792888753995,9.333005546377104,0.510394786859103,HAR-RV (OLS)
13328,0.0014111225475850024,-0.14205644959813749,-0.2637256615413027,-0.5229646773654346,0.11134153026510674,HAR-RV (OLS)
13350,0.0004854892836750782,-0.4396670521614991,0.56255418622746,0.3690382446034398,0.17045656935398823,HAR-RV (OLS)
13354,0.00012222155280636968,0.2689232114457265,-0.31322270887506065,0.4303570690619752,0.07907973920233147,HAR-RV (OLS)
13362,0.0012633617812902176,-0.21987490817773012,2.032515759645702,-3.598040306572251,0.22169164817447773,HAR-RV (OLS)
13368,0.00013160165690799292,-0.456830415260311,0.6295412600573707,0.5613709229875203,0.1401859089825338,HAR-RV (OLS)
13377,0.000691946646721524,-0.13856820363468253,0.19849288391295952,-0.26499547171428556,0.03157270437881354,HAR-RV (OLS)
13382,0.0001863833112380394,-0.13221197517434075,-0.17375269309947428,0.8093377193561878,0.06426415277782527,HAR-RV (OLS)
13393,0.0028926309860018997,0.3310357211158759,0.648808126422062,-3.652681729772073,0.2224508879730599,HAR-RV (OLS)
13394,0.0011197449002306498,0.1815328254673617,1.359964660013337,-2.91019176842309,0.2171643373062816,HAR-RV (OLS)
13398,0.000557766643071395,-0.015949817919071452,0.9225984041350843,-1.6533372649012046,0.033667924273914185,HAR-RV (OLS)
13410,0.0004047513433097898,0.18385355601653386,-2.039866081494119,1.5084654202084806,0.32756626221373353,HAR-RV (OLS)
13417,0.0018384393391077435,0.31955227383109563,-0.5622257724036785,-0.04777648283532562,0.0927079107442208,HAR-RV (OLS)
13421,0.00023559570267485129,-0.28999297372889243,2.185084886666683,-2.381651583525821,0.13795166131125314,HAR-RV (OLS)
13425,0.0008460378884792262,0.2469726659008644,-0.92695102717451,0.08850258414119144,0.16219738048755517,HAR-RV (OLS)
13432,0.0007863692529708702,-0.17642786038191346,-4.475115748414849,2.7701513650080107,0.5928115876515048,HAR-RV (OLS)
13436,0.00024913523527049844,0.018344713815840442,0.7609835103726418,0.023599639887450674,0.11427974645877959,HAR-RV (OLS)
13451,0.0008862251834674808,0.18289535990450037,0.20424293390649884,-1.1980100221555408,0.06856343107210328,HAR-RV (OLS)
13452,0.0025107767641139736,0.5014581313683882,1.4385932493260523,-3.1967886705530484,0.3977284373076829,HAR-RV (OLS)
13473,0.00048771275001916115,-0.15817216715244764,0.7953346186991568,-2.2924489040210845,0.26524073388453506,HAR-RV (OLS)
13480,0.0010488715942954213,-0.04231192428374685,-0.28013026392881824,-0.6673107940956345,0.06383901863225383,HAR-RV (OLS)
13484,0.0013378082494205584,0.07873754269210848,-0.8555047028610869,-2.5748959257793365,0.3401499974060088,HAR-RV (OLS)
13488,0.00035618550004404075,-0.02286753812642478,-1.3343393329003224,1.68582105604651,0.06522155437986232,HAR-RV (OLS)
13491,0.00017292388691588032,-0.0401471234503388,-0.9579404646660861,0.8364059391900281,0.028341970471965294,HAR-RV (OLS)
13495,0.0002146172034882088,0.06619490559072654,-0.023926146792053182,-0.2029130470715751,0.0023383906740895855,HAR-RV (OLS)
13500,0.0006169460990443753,0.005532828136884661,-2.6325031158941092,1.910933105211333,0.3649801516481619,HAR-RV (OLS)
13501,0.0022562056146817502,0.0471450814998198,-2.1299726091495863,-1.8456270755535815,0.5511784597358278,HAR-RV (OLS)
13503,0.0011811524323204056,-0.1946500614143084,0.15222852085299182,-0.7511213059729547,0.2214746891539331,HAR-RV (OLS)
13513,0.0009568657107858441,0.31057415352504214,-0.12447976875940525,-3.7804008217483758,0.18832527617492056,HAR-RV (OLS)
13514,0.0004132330157348652,0.6125211961827396,-0.4523113532224246,0.1683298084881151,0.3220563024701226,HAR-RV (OLS)
13523,0.0011271855471245039,0.5700273424500545,0.1713862302894648,-1.5837631881289629,0.23590957289052505,HAR-RV (OLS)
13529,0.0023479217348699546,0.39575536879980133,1.7071696198610284,-3.0604032821922096,0.37431155237544556,HAR-RV (OLS)
13531,0.00033599309029436425,0.21046101341854453,2.5154318242802702,-3.551446027874903,0.29829728131718203,HAR-RV (OLS)
13533,0.0003869771642243795,-0.33081282238795584,-0.7054796798010354,1.1503651067413105,0.10361652895952467,HAR-RV (OLS)
13552,0.0019464380132309606,-0.010722609055055655,1.8033832162766816,-4.102081784184739,0.19645905220868387,HAR-RV (OLS)
13560,0.0008749916092927968,-0.14510166403544272,1.9597686287112295,-3.380417873945269,0.16754135844127904,HAR-RV (OLS)
13567,0.0013684232650283334,0.5227458602936014,-0.05021660205656442,-2.3663736225187484,0.3302944537700758,HAR-RV (OLS)
13579,0.001042667562975439,0.41262239572397996,1.4555120650489375,-3.2760543666411372,0.21303915785491023,HAR-RV (OLS)
13586,0.0013671323501860681,-0.17125511580456004,1.9436110050538742,-5.913510782061759,0.2851799668258751,HAR-RV (OLS)
13594,0.00036431770079183674,-0.196556732679151,1.0958323420068758,-1.0557342165692176,0.04556276068813092,HAR-RV (OLS)
13595,-0.0004589302282810543,-0.1005024477053952,-0.4952463488829403,2.7254978938483454,0.10190730933867254,HAR-RV (OLS)
13598,0.00045577002675487916,0.08576473957721144,0.6279721616296905,-1.6727257204508061,0.027366278130894428,HAR-RV (OLS)
13599,0.0017125886150560037,0.5255610558603208,0.208351305364744,-2.73049787198375,0.18422843646250897,HAR-RV (OLS)
13602,0.0005993489754084398,0.2695899021632274,-0.6178933718460468,-0.4299950329193479,0.11372153142258845,HAR-RV (OLS)
13614,0.001373916542230188,0.14054979510870044,1.7331966452644416,-3.052747948661342,0.2734536004330912,HAR-RV (OLS)
13626,0.002438758135150507,0.09256997151878563,-0.992579915512787,-1.4030524581057473,0.1871408573353136,HAR-RV (OLS)
13627,0.0014823444810782205,0.20763050335955457,0.9743745141073856,-3.222807179214875,0.13140532325117737,HAR-RV (OLS)
13643,0.0021476137029804096,0.3735874661177199,2.329455982119407,-4.789558021857852,0.5049220883019035,HAR-RV (OLS)
13646,0.0014007495251722132,0.175710670303823,0.9649052278826749,-2.254558682700872,0.06170113614983863,HAR-RV (OLS)
13650,-2.994675743830087e-05,0.008225417735621835,-0.6374459355002323,1.93321112177709,0.10786934577130536,HAR-RV (OLS)
13655,0.0009016632592185529,0.39527886647765476,-0.7528317080503272,-0.3374274537997165,0.1917054792542232,HAR-RV (OLS)
13662,0.001235156432371403,0.08302570713062561,1.459332245692433,-3.335310093076642,0.10549899622843739,HAR-RV (OLS)
13663,0.0014295632977539235,0.278247848931976,-0.24575111837780406,-2.394782879857199,0.2854198777511632,HAR-RV (OLS)
13673,0.0017698728486998721,-0.33714249336357155,-0.889113892267264,-0.1751565964636118,0.2580137445942551,HAR-RV (OLS)
13678,0.00014838915325433573,0.46548690886547617,-0.5898280696269887,0.751824891429201,0.17550933214915698,HAR-RV (OLS)
13699,0.0006509626081086526,0.37543766809061396,-1.106446212134344,-0.8462301584128298,0.39026684111284393,HAR-RV (OLS)
13707,0.003434838198097571,0.20038733881779275,1.6155407982005479,-6.849871649369914,0.4195351482150974,HAR-RV (OLS)
13710,0.0016749245523213553,-0.05189199929581097,0.5092592655289804,-2.361988390738751,0.10122103810601668,HAR-RV (OLS)
13720,0.0005204130423950351,0.35829131079886317,0.35810869006892965,-1.3385474532446913,0.1054400741277377,HAR-RV (OLS)
13729,0.0028538650464680596,0.3837715925843433,2.143080397054839,-6.753704932520915,0.3385834685767829,HAR-RV (OLS)
13735,0.002195520621413569,0.3689319393452321,-0.04155431679077606,-0.04162925856447933,0.280603861478254,HAR-RV (OLS)
13737,0.001025400970035038,-0.3657113688115157,-0.6880839280871661,-0.17757713559223143,0.2674733757611598,HAR-RV (OLS)
13745,-8.001467173413348e-05,0.05766986816992417,-2.3595254155186756,4.253440915594902,0.23757197024075694,HAR-RV (OLS)
13762,0.00045783158178381363,-0.017792611573080992,-1.6812537837319974,1.146408345434706,0.20888666751277574,HAR-RV (OLS)
13763,0.000818904102593908,0.4483111196938039,0.33127277343059136,-2.6311498883763575,0.27598137868687433,HAR-RV (OLS)
13771,0.0019516156288097715,-0.02021041466318939,1.5213258055104346,-3.9472430303270536,0.117824361776243,HAR-RV (OLS)
13775,0.0013449180313305068,0.36476366600025467,-0.014164474045560427,-0.8502943761696615,0.1733136624215007,HAR-RV (OLS)
13791,-0.0004711372064234808,0.10068244728748604,-1.8987639632545605,3.544986675278103,0.09391394498050343,HAR-RV (OLS)
13792,0.0016481188765375171,0.24185240229603125,2.3893702014323277,-6.473286424051296,0.4376000244868299,HAR-RV (OLS)
13798,0.0008377021981101262,0.28914193053316845,0.8814833413389525,-2.199081734220959,0.11297161676441192,HAR-RV (OLS)
13821,0.0005141711889507211,-0.8301001266801252,2.741098588623786,-2.7968623120184684,0.43637238010249724,HAR-RV (OLS)
13822,0.0004472801730177235,-0.180251663563197,-1.3025941594002763,1.4581138213094937,0.10714233707365561,HAR-RV (OLS)
13838,0.002009262972037969,0.005860432925497216,0.20235667454744388,-1.3645074582038073,0.04666939201511744,HAR-RV (OLS)
13851,0.0054673263734693524,0.05575975302766823,1.8893650620738454,-4.1949071660990125,0.1902976889966067,HAR-RV (OLS)
13857,0.0002783704333697236,-0.12872934796995306,-0.3863253283765774,0.5944980298817817,0.02145868734307521,HAR-RV (OLS)
13861,0.0002557684114259144,-0.29228309263794866,1.278483074446308,-1.1927654780329793,0.13730749084917038,HAR-RV (OLS)
13868,0.0026011229724699353,0.4416038260669189,4.004484746693661,-8.719440331805691,0.35561916643889335,HAR-RV (OLS)
13872,0.00043320472672431324,-0.019520917347147396,0.5429977413483327,-0.48595019180586974,0.03198188354339815,HAR-RV (OLS)
13880,0.00010821898754820529,0.5698365255609212,-0.6347883996503484,0.5036533743404518,0.22932395688320562,HAR-RV (OLS)
13891,0.0006137793162871732,0.5525124920921852,0.28388662625902317,-1.078315296632865,0.1603397179423931,HAR-RV (OLS)
13900,0.0006438187260343057,-0.010891091428620941,1.0834116626000623,-1.4250516805100673,0.08636440412445145,HAR-RV (OLS)
13912,0.0004603376568024921,0.3790511589552385,-0.9178805336851162,-0.16054984560344954,0.18639646411567268,HAR-RV (OLS)
13920,0.0016113795286392574,-0.31230616394835575,0.8330716782236514,-1.8983687668842393,0.2904870800586401,HAR-RV (OLS)
13928,0.0001867574671043532,-0.1649691150304176,-1.574442837296272,2.934260091365135,0.17499373108044558,HAR-RV (OLS)
13936,0.0006476098823917547,0.2739171696545042,0.10740520358152428,-1.1075657954470288,0.1549111229136373,HAR-RV (OLS)
13941,0.0012565367116903847,0.06207545750122745,-0.39560133501951,-1.5772447628752417,0.13113219847440782,HAR-RV (OLS)
13948,-0.0020182858113502802,-0.388165749596703,-3.156652448140628,5.21216577530498,0.39208365717619065,HAR-RV (OLS)
13949,0.0029284545050493656,-0.012725929544632461,0.4144966831899586,-3.254360725056385,0.14266513190637364,HAR-RV (OLS)
13960,0.0011941339471238529,-0.18507643240804006,1.0336037807131,-3.7632284482328866,0.36252746360045973,HAR-RV (OLS)
13968,0.0003514661968744838,-0.15847848300980913,-1.4246151736652144,1.3458377914527326,0.1759987863070408,HAR-RV (OLS)
13971,0.000972861318627922,0.6758205083281462,4.081308723531626,-7.630355995781468,0.4163709061746207,HAR-RV (OLS)
13980,0.00037287152081813226,-0.15773474041162458,2.805433289220596,-2.937653979524503,0.5878175872325331,HAR-RV (OLS)
13983,-0.0004534143177782001,0.24350952679734433,-1.0609526903245232,2.594666124529869,0.13478126675906887,HAR-RV (OLS)
13986,-4.4475932847939394e-05,0.1896099984414056,-1.1286255531816438,1.858258342135146,0.05204845515131151,HAR-RV (OLS)
13989,0.0006254790202782346,0.3947687186958874,0.7346763543097189,-1.6397435766794064,0.3593601379055855,HAR-RV (OLS)
14001,0.002152008881458624,0.8115642408682078,-0.10791151399428789,-3.3912967695058445,0.5621359783839637,HAR-RV (OLS)
14004,0.0003051809604959749,0.09904412512502173,1.2018989032398768,-1.3772318683811249,0.11057410185822347,HAR-RV (OLS)
14016,0.0011380577940835646,0.0342254997822345,0.09812441830977192,-1.350741127089131,0.07240377586638003,HAR-RV (OLS)
14021,0.0018752362374364097,0.3604300387104038,2.1872274492120853,-3.7911364095600053,0.23372435205914888,HAR-RV (OLS)
14054,0.0007889060652809306,0.2450039585961101,0.0064722984653340365,-1.220150491679453,0.07949944605553938,HAR-RV (OLS)
14061,0.000870510304823625,0.1065350171454743,-0.005371687992973939,-0.9895800326245734,0.0951790433367552,HAR-RV (OLS)
14065,0.0005630371644452688,-0.1304334051711874,-0.03507770123022591,-0.21885669267302427,0.055286944356554346,HAR-RV (OLS)
14070,0.00212066329341802,-0.21970648941642199,0.017449501854505,-1.6109097974972895,0.18068846423134322,HAR-RV (OLS)
14077,0.00035192626578433564,-0.06263172478018511,0.862296311771017,-0.45456896998352786,0.17969755602153847,HAR-RV (OLS)
14079,0.001183545286911213,-0.036555274525779925,-1.6283399301206782,1.5747964430307275,0.11131594825977964,HAR-RV (OLS)
14080,0.0004361796208045272,0.07845832729259467,-3.829557509995004,4.041373752638144,0.21361826605397327,HAR-RV (OLS)
14088,0.0010119303760902725,-0.09537119187652451,3.56302402852586,-5.476075256432669,0.33443991835728315,HAR-RV (OLS)
14093,0.0009566192937167325,0.16810921775026863,0.0908989686372168,-1.7786951466791079,0.11327132284186014,HAR-RV (OLS)
14105,0.0036921525298702603,0.2046378325794419,5.840342191748131,-13.699358094893002,0.3867755332865517,HAR-RV (OLS)
14111,0.0007386471806218308,-0.14198294542974335,-0.6118780043933272,0.9080818254036892,0.025745574242673874,HAR-RV (OLS)
14125,0.0035999471159808283,-0.07327034992338476,2.9730547019476905,-6.172820806911349,0.3599746370974124,HAR-RV (OLS)
14126,0.0017907178972929303,-0.07213304567843574,0.2763254198749224,-0.4829665852870509,0.022007548329858073,HAR-RV (OLS)
14169,0.0026145011059285537,0.5742671221825588,1.0227031126907469,-3.382776701101101,0.23548019372838336,HAR-RV (OLS)
14171,0.002047327866889677,-0.22346063249395653,-1.1392954921445004,0.216840636568153,0.5541435361622171,HAR-RV (OLS)
14176,0.0015211741952551147,-0.0842218696953098,-1.423524185975127,-1.2098235773128618,0.3130020537745951,HAR-RV (OLS)
14177,0.000581063678312158,0.446389381561361,1.8281368487482064,-2.323518298940193,0.3659069731393706,HAR-RV (OLS)
14183,5.53413911511571e-05,-0.3574547511460582,-2.0648926500835243,2.9080207303462067,0.20904599486551967,HAR-RV (OLS)
14205,0.0008150825816561552,0.4592126938913434,-1.069046701313686,0.23942634853082712,0.30292597018449974,HAR-RV (OLS)
14215,0.0017374992810145207,0.02630895162605482,0.367381235544892,-1.4915909696912737,0.024436545006406463,HAR-RV (OLS)
14218,0.00044926612563318845,0.17370339750818908,-0.6195159269952457,0.4560757234326774,0.05653867964242032,HAR-RV (OLS)
14234,0.0009633693021039542,0.37499974320218965,1.4469891170845055,-2.73870906046079,0.10884427657712681,HAR-RV (OLS)
14235,0.00028793269516674174,-0.5311365875491455,0.18418995415493444,0.5712242612874585,0.18217408192414675,HAR-RV (OLS)
14243,0.004399081811519209,-0.049741478816855485,0.5991519194129493,-1.4725298364548485,0.0691761071193322,HAR-RV (OLS)
14246,0.001633033795100403,0.35141485763693464,-0.3901297341327141,-3.1860623545866362,0.21764743896718064,HAR-RV (OLS)
14247,0.0024289084918516102,0.3606481125645234,0.7136756025140392,-3.5223921327898293,0.2879065405962379,HAR-RV (OLS)
14263,0.0003481525010458886,0.9096333331509503,0.5034087875622671,-1.3786332448228609,0.44627982389788,HAR-RV (OLS)
14273,0.0008405610407399928,0.5980558444695754,1.1018149503760637,-3.3866048303963803,0.44793251333044404,HAR-RV (OLS)
14276,0.00016651493460949829,-0.08400228026381992,-2.145235455292129,2.9428782325888703,0.15987011151279706,HAR-RV (OLS)
14278,0.0034871977705036236,0.0827343243105807,-1.1007952963069219,-1.9088439867131934,0.23846252179848104,HAR-RV (OLS)
14279,0.0006283313715978556,-0.19578949257282074,2.7163676915381627,-3.1288260772988283,0.19786623034333606,HAR-RV (OLS)
14280,0.0009892546635053418,0.1614439305530318,0.9453603836240744,-2.5733954704841606,0.12027671351611835,HAR-RV (OLS)
14285,0.0007096251772841324,0.5718037020941871,-2.0155518702944066,0.7231691042297105,0.37178678502582907,HAR-RV (OLS)
14297,-6.286554425539393e-05,0.06265104315048402,-1.8350955215358842,3.7027298411527134,0.1032191312725429,HAR-RV (OLS)
14305,0.0012319497236051478,0.08293404090346052,0.2539139869652117,-1.7589411644377118,0.10384628053840161,HAR-RV (OLS)
14311,0.00016160665732845158,-0.022782685111222747,-0.9663789545603174,1.5303572019659564,0.028701820445998005,HAR-RV (OLS)
14312,5.653085046638463e-05,0.15049942234796093,-0.32509549575247515,0.7421102719068113,0.0363716283097838,HAR-RV (OLS)
14316,0.00026650134975512367,-0.48965982322626206,-0.6238058285058173,1.8914883927798405,0.21997663691259306,HAR-RV (OLS)
14319,0.001611934467671391,0.434541787887974,0.7968266526974717,-3.5977422710754694,0.16489730491536492,HAR-RV (OLS)
14326,0.0004180660067888579,0.4376231688317059,1.1084631787468324,-2.658822493970651,0.30166243023092354,HAR-RV (OLS)
14341,0.00047925482850359573,0.14340041463273118,1.4849018212020262,-1.8944128576317933,0.1665648465571139,HAR-RV (OLS)
14350,0.00033455947905914127,0.27036096094715734,0.9640261134234318,-0.9282658831355581,0.2596884573017364,HAR-RV (OLS)
14356,0.00038869481807698807,-0.030833511568129548,-0.6581112146591535,-0.028365261612413317,0.10490973629745581,HAR-RV (OLS)
14361,0.0008535561830120626,0.13349373086717914,-0.44295051619809966,-0.5099564951188886,0.09579707075126065,HAR-RV (OLS)
14389,0.002880126241693439,0.2662945057565214,0.1951293383979587,-1.3582436474612274,0.12187875904951417,HAR-RV (OLS)
14416,0.0004892273009454289,-0.5697224925766012,3.1905718578138447,-4.107532180620486,0.468091943304363,HAR-RV (OLS)
14420,0.002388603877806753,-0.007285241588177028,2.8074805405440673,-6.122299541833347,0.2794749450317632,HAR-RV (OLS)
14422,-0.00013163211400881716,-0.20495469075622605,-1.3275509105687209,2.5318671466010416,0.21222718036985389,HAR-RV (OLS)
14423,0.00046546191023557796,0.4784125566607379,-0.022539004405432994,-1.2594107177683103,0.22827249550298012,HAR-RV (OLS)
14435,0.0005591189551302465,0.2849958008617273,0.29068337913837616,-0.9542977252163054,0.06717448591240038,HAR-RV (OLS)
14442,0.0008007131026983144,0.33399331575864183,0.9358290623584097,-1.5713082602934294,0.15538515312440648,HAR-RV (OLS)
14445,0.0010289997384851464,0.4952607076113684,-0.31587831844641934,-0.5294804906851885,0.24531565638079111,HAR-RV (OLS)
14447,0.0007325903579585191,-0.01524025483114744,-3.049134187809609,3.53424903199108,0.4195007762451469,HAR-RV (OLS)
14449,0.0008351606436963915,-0.6391327731960279,2.2113130551809776,-2.540931795023155,0.34449927947300707,HAR-RV (OLS)
14452,5.798135085052615e-06,-0.3559077987281567,0.1509245660713635,1.4172914154180596,0.09554143287807004,HAR-RV (OLS)
14464,0.0003473131793356447,-0.14867570418900622,-0.8573002647661139,1.01991021286713,0.06444193923927599,HAR-RV (OLS)
14465,0.0005060029112225082,0.09841699154218414,-1.3443413146497596,0.8771119953115761,0.15622397552153677,HAR-RV (OLS)
14476,0.000570444474965929,0.5517504086637024,-0.2640952055141301,0.13338772638556143,0.26867509321469496,HAR-RV (OLS)
14483,0.0014660241546637573,0.13678477404207776,0.15821939799217,-2.232323352844102,0.21137360187784693,HAR-RV (OLS)
14487,0.0011686480704280872,0.18459427645091572,-0.050219070617503636,-1.2073962462221495,0.12856997390182645,HAR-RV (OLS)
14494,0.0006197334260062053,-0.1674676836891802,-0.9985263745796931,1.01024919721591,0.07241500587037997,HAR-RV (OLS)
14501,0.0005719510035574911,0.3158565101212252,-1.6480796409624088,0.09183942701678327,0.1337226461207054,HAR-RV (OLS)
14504,0.002610879985543951,0.37827213527139014,-1.1740491968628173,-2.445828429519942,0.393176944409556,HAR-RV (OLS)
14510,0.0006979297101574759,-0.16617497883154322,1.2040683983206397,-1.797419736751513,0.14734646003106333,HAR-RV (OLS)
14547,0.0019285902847980822,-0.020870211172742705,-1.3775323002822542,-0.1059834461883773,0.19729850589374287,HAR-RV (OLS)
14549,0.0006381071020634182,-0.3572114167319423,0.15717520594197376,-0.5360358051504863,0.2614759902966073,HAR-RV (OLS)
14561,0.00123301216446196,0.4544185637706998,-0.7300977459018012,-0.9838708514781657,0.27854430845932354,HAR-RV (OLS)
14564,0.006406193035571958,0.2538716362728914,1.0260551700263392,-5.430724609804997,0.26371309919212205,HAR-RV (OLS)
14572,0.0010146498269060654,-0.05375732919753147,3.4339760948545184,-5.953697076502882,0.18517862442153155,HAR-RV (OLS)
14573,0.0011537693072245971,0.34462349842249107,1.137816156700341,-2.0736031680425184,0.2555027581185282,HAR-RV (OLS)
14579,7.061096680713406e-05,-0.1916173790062802,-1.8147613855757836,2.6972904931906045,0.1692984234819136,HAR-RV (OLS)
14582,0.011978487897845754,-0.020506235435366376,2.1026131935637107,-5.100422528932403,0.2994161757020394,HAR-RV (OLS)
14601,0.0015068924582972792,-0.013781734463412203,0.40572675838207506,-1.2151047974262417,0.010508301510597118,HAR-RV (OLS)
14619,0.0001441921474064253,-0.2880039317921706,-0.3518575714659876,1.167215804485863,0.1466324066949628,HAR-RV (OLS)
14623,0.000327260742398363,0.25459904621851337,1.3526380314875708,-2.13286297121877,0.140077930448536,HAR-RV (OLS)
14629,-0.0001571262405288753,-0.24245964414914206,-1.4739523193273396,2.7645873074774494,0.15642912098011275,HAR-RV (OLS)
14632,-0.0012590556138627024,0.04531127985556152,-1.6700150413389605,3.09580382051513,0.26202834012983656,HAR-RV (OLS)
14635,0.00019375895928328896,0.10791075565588555,-1.4526310044965627,1.6971430513811427,0.12249191913354562,HAR-RV (OLS)
14646,0.00011037555199090204,0.11108765646122112,-0.7548927054466212,0.7623274233349565,0.04814225833275931,HAR-RV (OLS)
14648,0.006158708735556871,0.24184647217459962,1.1889610029548765,-5.857923733152758,0.32685386210737766,HAR-RV (OLS)
14697,0.00706821881141236,0.7547706298046123,3.091951789208523,-8.975544268015913,0.3812655858733125,HAR-RV (OLS)
14714,0.00042744343187524976,0.35139200860614944,1.0082569872476546,-1.6167151300219862,0.2108623843570141,HAR-RV (OLS)
14715,0.000539423981719114,0.4079572952506035,0.7700751985541183,-1.1790452481866835,0.14134603081024177,HAR-RV (OLS)
14721,2.539074452409583e-05,-0.21994222918567602,0.10548649785979947,1.253385591277937,0.03363184594742186,HAR-RV (OLS)
14730,0.00036431272411044716,-0.08994429865835764,-0.7780399240780501,0.972361446359821,0.03395934607888085,HAR-RV (OLS)
14733,4.4884152812697174e-05,-0.3781986355844552,-3.1361354540800725,5.05336571597303,0.1415874989023458,HAR-RV (OLS)
14738,0.0005312724828966566,0.14955572552351884,0.7370096031792515,-1.18937049532763,0.148406017335442,HAR-RV (OLS)
14740,0.0011041293542876952,-0.06167039704612959,0.5722055698138102,-1.9627263039585539,0.10918460621962223,HAR-RV (OLS)
14749,0.0006078768161520824,-0.06112358039621655,2.8856007271188826,-4.156563109100374,0.12184654197772993,HAR-RV (OLS)
14751,0.00024426759894358445,0.3947415300805051,-0.6472813327815429,0.7550796206133932,0.2085245125288191,HAR-RV (OLS)
14752,0.0008706754631704547,0.43908973039644206,0.38590757999696496,-1.4137550864475583,0.23570008337177362,HAR-RV (OLS)
14754,0.0015156602622893763,0.2999855625677682,2.0904133895308825,-4.429401726513937,0.4614512234943249,HAR-RV (OLS)
14769,0.00032430654647943495,-0.10187714734856979,0.2660377463080035,-1.2610729326002292,0.14637106195042082,HAR-RV (OLS)
14795,0.0018989700647256348,0.21259198305184143,1.4569396863859077,-2.5573378668340645,0.3197986647008778,HAR-RV (OLS)
14797,0.0002985973930997766,-0.4911051689960652,0.5088909309780627,0.3101588293623443,0.22619045828193585,HAR-RV (OLS)
14800,0.0005200353604865478,0.7707179384821644,0.7521492330953381,-2.37806122415262,0.4850146172442842,HAR-RV (OLS)
14807,0.00033513719449491854,-0.8557927031149924,1.9399501019986214,-0.5640036084656224,0.5316805895567451,HAR-RV (OLS)
14809,0.0005149923077170012,-0.4443253126318197,1.0119671743343033,-1.7189926140054022,0.28244018681062755,HAR-RV (OLS)
14810,0.0005287746723105351,-0.44839060526825314,0.08671495269503951,-0.28205050929105036,0.1982307277404879,HAR-RV (OLS)
14813,0.0009405651536795251,0.36446361683610257,0.29981442465891206,-1.579363847511854,0.19072465084826362,HAR-RV (OLS)
14817,0.002575669880820761,-0.437813826571941,5.491657239404424,-7.638683552468211,0.5032782599853804,HAR-RV (OLS)
14836,0.0007049225587529775,0.3359615875383619,-0.1268328372501082,0.023547816789383294,0.10726936778626028,HAR-RV (OLS)
14838,0.00014462811426994577,0.12527173537039238,-0.45595934386986725,1.1311660368963845,0.08762367677072513,HAR-RV (OLS)
14842,0.0015516761313602466,0.13450348962100264,1.9774423481827017,-4.257602309470264,0.0991718214071502,HAR-RV (OLS)
14857,0.0009076229753112561,0.1435193330230882,0.9108453490382842,-2.7416730064334955,0.1256775578836984,HAR-RV (OLS)
14866,0.0016841002045795903,0.12146576202457582,-6.454693955928661,2.0670242383197683,0.6489437858467337,HAR-RV (OLS)
14869,0.0011917884933243458,-0.08895312780459422,1.771093230780581,-3.155202569919164,0.22249947660054015,HAR-RV (OLS)
14886,0.0017372327994932225,0.2732298539969664,1.7998575975012023,-5.251269553708761,0.23956542298310735,HAR-RV (OLS)
14895,0.00012822502939292544,-0.25876235123005586,-2.099578351586577,3.3203729649500078,0.12657492681429905,HAR-RV (OLS)
14897,0.0014725410166905708,-0.38146227839670477,0.4558520287533,-0.7228731455468258,0.18506792219930024,HAR-RV (OLS)
14906,0.0013614874128972416,-0.01162818217543555,0.791377002357736,-1.9834549776120314,0.07018220286590604,HAR-RV (OLS)
14908,0.0003923779215503158,0.182122125372439,0.4336939427421412,-1.1422694033068337,0.03259801596347145,HAR-RV (OLS)
14909,0.00042490286219055843,0.009256649684135471,0.6263451710816976,-0.4432626692339804,0.04912514365039411,HAR-RV (OLS)
14912,0.0008710841325452095,-0.3125919252499674,-0.20027332742843884,-1.5083603611391438,0.24845370332942707,HAR-RV (OLS)
14913,0.0006464584977934814,0.28136741794380415,-5.617442891378905,3.7740929846710194,0.5124452363874277,HAR-RV (OLS)
14916,0.0003359750619425453,-0.2439835966318712,-1.5731509265585657,2.0010441167624724,0.07067633747292246,HAR-RV (OLS)
14918,0.0007860814410329974,0.09238169126058186,-2.4754070751389565,2.0775242088719876,0.22686485089415365,HAR-RV (OLS)
14924,0.001923891344252393,0.23200619858658988,-1.9641678047534072,0.7012266893070205,0.2510877237515776,HAR-RV (OLS)
14926,0.0016060267808049517,0.5585207223806227,1.2835053568519217,-5.445833066683091,0.4588570972907501,HAR-RV (OLS)
14928,0.0014655314714580592,0.3060211710560026,0.20918531183969225,-2.9829595019501127,0.33267224177055155,HAR-RV (OLS)
14951,-0.00027615660358142405,-0.10661690997311642,-1.6887215613870195,2.8228007929852943,0.19932066606246035,HAR-RV (OLS)
14970,0.0010055760767614264,-0.3447927964302264,0.08032677760343641,-0.45839423530826484,0.16473450460176198,HAR-RV (OLS)
14976,0.001557912588665078,0.34880388875002083,0.723796485742078,-2.5602502095479225,0.2930459351452668,HAR-RV (OLS)
14977,0.00018042663716481486,0.3086538822701102,-2.4390051615867656,2.588939815063065,0.2381801104434037,HAR-RV (OLS)
14979,0.0020090984442574507,0.4192943452779358,-0.27933256551313357,-1.8426218563581067,0.3230529792639074,HAR-RV (OLS)
14982,0.002847980471734598,-0.3015893466599131,2.1149537391404536,-5.51181074708099,0.4504168514883181,HAR-RV (OLS)
14994,0.0004725109702665082,-0.37655564754988224,-0.4793033744846782,0.569219460082401,0.19348697281329086,HAR-RV (OLS)
14995,0.00030565161964773475,-0.1302132323912891,-1.9038367728811652,2.12774964925561,0.18026139890052018,HAR-RV (OLS)
15008,0.0024532708673860883,0.04591387017316047,1.1564122693651804,-4.883262742213765,0.21257406924825306,HAR-RV (OLS)
15010,0.00035055878762258906,-0.07591388713225511,-0.5103168397863769,-0.0768033010401481,0.05844708829680434,HAR-RV (OLS)
15035,0.0015477447861496397,0.1931774520189836,-1.4011951476896845,-2.162762710033514,0.29549814963704457,HAR-RV (OLS)
15038,0.0005510045907590463,0.410891193737229,-0.9265592240612015,1.1662391463151573,0.5383220460028967,HAR-RV (OLS)
15042,0.00034490295987766337,0.2592590770101478,0.39519364819646097,-1.6218212837429324,0.1467044958893997,HAR-RV (OLS)
15048,0.0008851308774320693,-0.09829439404410853,0.6638679879554186,-2.1190490246152676,0.22851881191328283,HAR-RV (OLS)
15061,0.0016188834008913989,0.5308935909477582,-1.0119792479700565,-0.3344755133215521,0.25380556441481494,HAR-RV (OLS)
15063,0.0013290428628048496,-0.2268419556116432,1.2396437940288756,-2.5733794389697757,0.15533644327046114,HAR-RV (OLS)
15092,0.00352064562900993,0.34351471507213427,2.5480919475219914,-5.499560027526447,0.3065367135889361,HAR-RV (OLS)
15122,0.0006930218227716718,0.11086064934752601,0.6353300447465591,-0.8214547732180247,0.04518337872825873,HAR-RV (OLS)
15131,0.0030131240222345907,0.3617867015626609,0.22680006668126362,-2.12299919816746,0.1772071101379986,HAR-RV (OLS)
15132,0.0002195098232294919,0.5776311758250855,-0.3223181115362838,0.24396783033857566,0.27634008562144796,HAR-RV (OLS)
15139,0.0009005164711527759,0.43468025802040855,0.5814901440783438,-1.1616463381107847,0.29723743079192366,HAR-RV (OLS)
15147,0.003264335435108551,-0.2991618286051658,3.508176488423346,-5.7296092114302315,0.1455282554115198,HAR-RV (OLS)
15155,0.006944339235581057,0.48432569201447684,0.8698948016880514,-2.212388961870345,0.2561344805672984,HAR-RV (OLS)
15163,4.63065505830327e-06,0.04408367089794561,-0.17789302284697656,0.8895971511871331,0.13250856485010265,HAR-RV (OLS)
15173,1.194428717415073e-05,-0.15303037964087898,-0.8015742962681482,1.6671034103643996,0.47942139092415226,HAR-RV (OLS)
15176,0.0001682166123887814,0.743977104851902,-0.3332905754050183,0.21110056011638167,0.46734562526553736,HAR-RV (OLS)
15185,0.0008635445371371299,-0.007854288094438597,-0.9526668471098663,0.35875309281840606,0.0991655945949369,HAR-RV (OLS)
15186,0.0005247983785988388,0.14551801272134038,-0.6004582264658853,0.09972858046112804,0.03389554577001985,HAR-RV (OLS)
15194,0.00043543828436974153,0.02997764020186152,0.9130635599278067,-1.5263120598284485,0.16864027940607096,HAR-RV (OLS)
15209,0.00017669422434542876,-0.04199338302585857,-0.17500917933676685,0.7622718022677784,0.05367024676962018,HAR-RV (OLS)
15216,0.0011908367385431897,-0.04821725235607939,1.8178117997463548,-3.493335075538194,0.12573954869542348,HAR-RV (OLS)
15239,0.0004640822859032684,0.026372212998197985,-0.3951038472590995,0.3391709115154288,0.020836115244413755,HAR-RV (OLS)
15246,0.00247310168570803,0.15009680980421258,-0.647550291527928,-0.46270381898591156,0.1313748178073525,HAR-RV (OLS)
15269,0.0004288457053115035,-0.12815194346383485,-0.4684719528096084,0.21037678110563862,0.04814846700994724,HAR-RV (OLS)
15271,0.0009573208152449431,-0.033152284087459814,1.8443350894508468,-3.856378832978344,0.5659967013245017,HAR-RV (OLS)
15276,0.0009978628172989668,0.4024245433883934,-2.0968917194083376,0.801087967945799,0.23933618118409272,HAR-RV (OLS)
15280,0.001617146925817119,0.7467971894232271,0.9051213428237279,-6.278472949218041,0.4112058090777716,HAR-RV (OLS)
15288,0.0016389229980238993,0.11918779010689756,0.5894214112851819,-1.7035173845552447,0.061821482716129195,HAR-RV (OLS)
15290,0.001766710294436131,0.4480539161757106,1.4032568138841786,-3.179814967792206,0.25574181782113903,HAR-RV (OLS)
15291,0.0008961719391878854,0.030453825309807777,1.3046768914332825,-1.5658133110393895,0.17935682294106658,HAR-RV (OLS)
15319,0.002099293067210862,0.5806490840160913,0.6804976158445564,-3.1319017981019006,0.34679314130853633,HAR-RV (OLS)
15335,0.00044798246778749394,-0.3254031420832697,0.5659660215977131,-0.46871361153218244,0.12686023438010874,HAR-RV (OLS)
15341,0.000180201349291686,-0.04495619623485746,-4.802530268473389,4.865788334351214,0.2352920843337465,HAR-RV (OLS)
15344,0.004906065746473072,0.31636122920398047,2.065793286781128,-3.6519148740982432,0.40034119018292336,HAR-RV (OLS)
15352,0.0010369529924131428,-0.0642369704588702,2.5927479462390277,-2.996698740114697,0.239085941049051,HAR-RV (OLS)
15353,0.0004236644196405946,-0.18130027508400548,-3.544385959800007,3.4843088824051183,0.23874927886967212,HAR-RV (OLS)
15365,0.0006033938415361843,0.25893528727236287,-2.3625032835428073,1.5492561392437365,0.3620586804564365,HAR-RV (OLS)
15388,0.006538700241834288,0.1354729403145142,0.456220220891681,-3.1482487795792626,0.13174121290707919,HAR-RV (OLS)
15393,0.0016207917697353225,0.1038843126582906,0.24199772200200387,-1.49649627783079,0.07142716739508748,HAR-RV (OLS)
15400,0.0013353898724066116,0.5767052108360043,1.6061365255357283,-2.6317441199826423,0.19963405930951195,HAR-RV (OLS)
15418,0.0006280802390990956,0.003856399692610389,1.211606787975884,-2.1941007630842257,0.22197067150824756,HAR-RV (OLS)
15433,-1.5871339116941e-05,0.24306231741427795,-0.6426956577005124,1.239202773086547,0.16608284998126965,HAR-RV (OLS)
15448,0.0005231364196576566,0.08840381378426965,0.9287630536930956,-2.246830290014864,0.11609853804391923,HAR-RV (OLS)
15462,4.607150209765725e-05,-0.36864914994423903,0.8051069592586034,0.32077603729124105,0.193583835845061,HAR-RV (OLS)
15466,0.0023975908729291723,0.3060086908220409,2.3259282972281645,-4.247284931392174,0.3823061549945317,HAR-RV (OLS)
15486,0.0007280481986222114,0.5767212782501324,0.887471469302343,-2.761003390742281,0.3245549437919196,HAR-RV (OLS)
15491,0.0013693342635078655,0.45897428410680435,-0.5326834710002218,-0.5646339933145474,0.2206134607543755,HAR-RV (OLS)
15499,0.0016648136660027176,0.13710478503258156,0.9137124556554719,-1.8378702250530181,0.09452102785881733,HAR-RV (OLS)
15516,0.0004908071525032496,-0.013497227316287833,-0.35022015541000073,0.1397650722092185,0.012512232817317948,HAR-RV (OLS)
15517,0.0011938346893799617,-0.450855872269187,-0.5909380970024475,1.0314568862153866,0.17859874950597132,HAR-RV (OLS)
15521,0.0015533213871570645,0.29406768525766114,1.427838158082621,-2.9111641653146716,0.22460997826529228,HAR-RV (OLS)
15525,3.525043105579535e-06,-0.24912285537509113,-0.060374105762734054,1.0694364021002323,0.08005381361718067,HAR-RV (OLS)
15529,0.0022534325692573727,0.40904737448599826,2.053609505999967,-3.8957965400614127,0.2649411888906289,HAR-RV (OLS)
15535,0.0012916059423037766,0.15067430336652549,1.6511920436543297,-1.9162482765287712,0.283159791316414,HAR-RV (OLS)
15540,0.001717889727850586,-0.006104024647008893,-2.2331006081048743,1.150970074897676,0.27999810064597497,HAR-RV (OLS)
15547,0.0037997499266944307,0.555693966534387,2.4800582369923125,-5.458305621249433,0.7709174442198667,HAR-RV (OLS)
15548,2.6475257321692308e-05,0.0188498536900305,-2.2400733497389154,2.8509176078175558,0.27453588809733187,HAR-RV (OLS)
15568,0.0014673311925916936,-0.0349439136355762,-1.5329745826046266,0.45577722900371853,0.1563791263275668,HAR-RV (OLS)
15584,0.0006658659751804479,0.37696628513476044,0.12348991843579848,-0.09481409832332875,0.2870604321263349,HAR-RV (OLS)
15586,0.0014045653422150245,-0.3804963673014149,-1.6877450193495385,0.7578305852410184,0.33325206442471556,HAR-RV (OLS)
15595,0.0010642297463601632,0.00022497489914080054,-4.054951323790959,2.0188069828729587,0.42150461705449904,HAR-RV (OLS)
15599,0.0015676796913412386,-0.009190505850481675,-0.801723569192492,-0.0480649017302221,0.15689641210838035,HAR-RV (OLS)
15625,0.001246724707389762,0.21189881307671785,2.677707526886225,-5.458527817348909,0.33518173134739293,HAR-RV (OLS)
15627,0.0008904550351721898,-0.11712191672339013,1.0729977387645233,-1.9751411861005228,0.10914826154769475,HAR-RV (OLS)
15633,0.0006167620082211706,-0.09436649144722033,1.0062293031290115,-1.122406625490902,0.033305973858865356,HAR-RV (OLS)
15637,0.000555645636948083,0.040837898011262364,0.5143743590449561,-2.0415679012719496,0.10057393891139588,HAR-RV (OLS)
15644,0.0019570174901923556,-0.24155837663144716,-3.586341822446343,3.4401704683814884,0.299214610225242,HAR-RV (OLS)
15647,0.004374144478909415,0.22359795045241382,1.3335378461228502,-3.7397527922411626,0.2067084069970463,HAR-RV (OLS)
15671,0.0004879688203535588,0.3046856760038207,0.6580636145578397,-1.8433007755667072,0.09188791515888484,HAR-RV (OLS)
15685,-0.0002070147750030416,-0.2285490794192657,-1.762834967050955,4.345528064794934,0.2128755745268398,HAR-RV (OLS)
15687,0.0031024118442326094,0.4106370180200921,1.1238092611329384,-2.51243760068111,0.24696052470471141,HAR-RV (OLS)
15689,0.0007809222011409735,-0.1469447028814779,1.0926483718219362,-2.003407204014472,0.10191888236933255,HAR-RV (OLS)
15693,0.0003212470961077473,-0.4780550873219553,-0.607687370407222,0.5012068987575049,0.3311337182367373,HAR-RV (OLS)
15697,0.0004968319266424814,0.07670504955297822,-0.6252119731322122,-0.16637950018628514,0.07420852202835782,HAR-RV (OLS)
15703,0.0011598439047869067,0.8677806127371124,-0.33835729904849765,-1.8716086184313505,0.5255047883775981,HAR-RV (OLS)
15706,0.0018416037645542014,0.3266359977436817,-1.9392705297670627,-1.4549909660700284,0.4438135538933249,HAR-RV (OLS)
15713,0.003085439348250532,0.25191674314109336,1.6636636370207274,-4.186375551543126,0.38663614267295954,HAR-RV (OLS)
15715,0.0008868293409935698,-0.41291919372410374,-4.106721836608012,3.8986888529488057,0.6365225126558944,HAR-RV (OLS)
15727,0.0006049389750108845,0.04273853407839847,-0.6606802534143642,0.07571909568403129,0.037921676979446706,HAR-RV (OLS)
15728,0.0013672703576103262,-0.14609445625482192,1.2643357440155274,-3.0635052186770593,0.26019691598241523,HAR-RV (OLS)
15730,0.0009908476919303123,-0.10785588108404055,0.1985664140208132,-3.710094306696644,0.18989108971877622,HAR-RV (OLS)
15742,0.0010284483988207754,0.2990383202841157,1.6365785896881877,-4.367830159375591,0.3807297013291743,HAR-RV (OLS)
15746,0.0004147960193861669,0.33663729619065025,-1.1581973515000898,-0.10854107494636978,0.23003189151743098,HAR-RV (OLS)
15750,0.0016320810034148841,0.39939766067209015,0.8309336810357354,-1.714206707467561,0.3122690896718552,HAR-RV (OLS)
15757,0.0002920596361123985,0.09722840871809212,1.0936630181614535,-1.4846263836526763,0.08381514746046992,HAR-RV (OLS)
15759,0.0009260837832547887,-0.1553864896050086,2.195018302370214,-2.596833405777467,0.25679941512985616,HAR-RV (OLS)
15765,0.0003484105702595392,-0.24684584058427658,0.4350497907699401,-1.1600932921917482,0.1545876006349859,HAR-RV (OLS)
15770,0.0016070174572213227,-0.01531390788280369,4.129359448223436,-5.665167965587452,0.3915492533931533,HAR-RV (OLS)
15772,9.866791733196281e-05,-0.215788679271277,-1.3240540466683282,2.1697397702395276,0.07794012499228309,HAR-RV (OLS)
15798,0.000756273488564331,-0.09774662698222579,-2.3750166726226762,1.9025395023867067,0.30300149820525046,HAR-RV (OLS)
15807,0.0007508822881089065,0.1719102588222524,1.730059696893762,-3.468063756781992,0.450879421151961,HAR-RV (OLS)
15818,0.00023949839662614283,0.21807270562644687,-0.33505799859184915,0.39590682662307597,0.06853859570476195,HAR-RV (OLS)
15823,0.0016001498184239319,-0.2161363280157296,1.9710810840460355,-2.6073915465035373,0.13154582457976038,HAR-RV (OLS)
15824,0.002777870320624592,-0.02321542234519277,0.915765878339102,-1.7933540460705668,0.14798809822269698,HAR-RV (OLS)
15836,0.0008070591764667429,-0.2352731519008326,-3.8293543484988875,2.8110842766698942,0.41051917476539845,HAR-RV (OLS)
15840,1.1063766196643037e-05,-0.14008973217838652,-5.408820326149239,6.355497266323945,0.5174665705121357,HAR-RV (OLS)
15845,0.0005915152102951623,-0.1519403050551278,1.35116702855758,-1.5637472630062934,0.0819338890601613,HAR-RV (OLS)
15846,7.211042983679651e-05,-0.1942419007256031,-0.7381378511630314,1.4997736511914928,0.06366010112784115,HAR-RV (OLS)
15852,0.0013975731676541506,0.20086423997678543,2.0570841443270185,-4.890102502222062,0.4184419961970526,HAR-RV (OLS)
15853,0.002075989823767047,0.33888201779267735,1.8442701878916798,-4.046811218834315,0.2325179953210792,HAR-RV (OLS)
15858,0.0003511038911860099,-0.16823636953205345,-1.0784209199707846,1.022560666693559,0.08510316246666016,HAR-RV (OLS)
15861,0.0024773428594778656,-0.1463055812806847,-1.0499705970123374,-3.2795314035411076,0.39931706518684384,HAR-RV (OLS)
15872,0.000974186264229224,0.16024182864083206,1.087893731848601,-3.019491565745273,0.1489598744822257,HAR-RV (OLS)
15883,0.011543850651235268,0.181672152569024,-0.8697142500502442,-4.028864846073822,0.41980594540516414,HAR-RV (OLS)
15894,0.0005273097302913716,0.40178991299269773,0.5893921656643124,-1.4721280790984206,0.21163308159623562,HAR-RV (OLS)
15903,0.0010236864717588041,0.48504034144045327,-0.9677782430955305,0.1939771324811893,0.3197026148400737,HAR-RV (OLS)
15904,0.001791701209059037,0.08173357947353978,-2.533628058686937,1.993012718718659,0.22588135691861488,HAR-RV (OLS)
15906,-0.0006169941210122877,-0.4390951177708335,-0.7192634206245546,2.1137550380076706,0.3820350301858967,HAR-RV (OLS)
15907,0.0009407904286522432,-0.02616552522720461,-1.2213998508159642,-0.07645267717731252,0.34351557915705644,HAR-RV (OLS)
15908,0.000847432311917265,0.0481347013186014,-0.27028365728029957,-0.6509111455993695,0.054048975795966125,HAR-RV (OLS)
15920,0.0009236073847409645,0.06518660639490459,1.6337999008910875,-1.7306238767968076,0.23470431568353478,HAR-RV (OLS)
15934,7.966542805995297e-05,0.09083068187495709,-0.23433439992232546,0.13732668484343785,0.012148432362897532,HAR-RV (OLS)
15938,0.0011084522286599887,0.052730136237971965,0.9772594246624281,-2.8336268740245933,0.3203270164827824,HAR-RV (OLS)
15960,0.002689889294908368,0.38713475650680723,-0.1676299383409927,-2.309719676064049,0.23309955557087247,HAR-RV (OLS)
15965,2.7469286248243876e-05,0.025987288361862027,-1.3890759756431257,2.5589892271937553,0.05772646010088478,HAR-RV (OLS)
15966,0.0015306738099699593,0.057563047893419546,0.3282977461184937,-1.1754953847553236,0.028027715888225502,HAR-RV (OLS)
15982,0.0015159064465543395,-0.13273884226925442,-1.6261975535339095,-0.3267452831829559,0.28808917362033126,HAR-RV (OLS)
15989,0.0012036911628132108,-0.09098934003230913,0.49317716849667276,-1.5340797929367738,0.36309379783871776,HAR-RV (OLS)
15991,0.004922993387455618,0.6921234461170634,1.349970008422636,-3.966168886287469,0.3026863041429859,HAR-RV (OLS)
16016,0.0020460454318178903,0.10028523311000681,1.5136359350661457,-3.888252115869115,0.3288215283034056,HAR-RV (OLS)
16017,0.0012428065383462102,0.9171136754527283,2.5162525506456537,-4.328429052717205,0.5481543696243081,HAR-RV (OLS)
16031,0.0004393361346013777,0.18091706862415802,0.3950669166002163,-2.4722461259172417,0.20114043948783267,HAR-RV (OLS)
16040,0.00038135234633623286,-0.22631319227886612,1.0851862855406107,-0.7984435777126033,0.098581411985882,HAR-RV (OLS)
16071,0.0012538593629295796,0.6202654244982708,-0.4305898667029917,-0.8013337702006567,0.39122861289199307,HAR-RV (OLS)
16081,0.0026124393810513014,0.26412247490577245,1.536321529892264,-2.6008645279311,0.2717227238643556,HAR-RV (OLS)
16086,0.0005371788297036883,0.4157373821676363,-0.035269953050252933,-1.5087970260435613,0.17239977347544488,HAR-RV (OLS)
16089,0.0037461341913041612,-0.16208654491377167,-0.818726917566964,0.23583084740797805,0.13880979423613304,HAR-RV (OLS)
16093,0.001497389062860282,0.46035263018343553,-0.0013429695727923407,-1.6418386830869862,0.2672539308357066,HAR-RV (OLS)
16103,0.0010176843177741647,0.1304871723322678,1.105191545750439,-2.446048626476636,0.14160435387767956,HAR-RV (OLS)
16113,0.001732812796562671,0.10095156301089664,-0.77054773872879,-0.16150264438093065,0.0994453246719913,HAR-RV (OLS)
16118,0.0011049537044138164,0.40750376765208096,0.7827077100490853,-2.3628515746815717,0.20945614729869166,HAR-RV (OLS)
16127,-0.0007952891176820343,-0.46615500385624054,-0.4070730446527272,2.3263003921906718,0.2239539913875631,HAR-RV (OLS)
16138,0.0003621209492419153,0.04879564227495181,-4.539798092627671,5.1499027154561885,0.5768844053479703,HAR-RV (OLS)
16147,0.0007029747526860987,0.3045934021710328,0.5496886925137471,-0.9531234052894207,0.11371728057947905,HAR-RV (OLS)
16149,0.0013430793630659341,0.5467844027136892,0.9007500818459123,-3.722942213107767,0.21010294477820202,HAR-RV (OLS)
16170,0.0003446164510301514,-0.20389906474490793,-0.6485200078913943,1.249506820653512,0.044953627717704614,HAR-RV (OLS)
16172,0.0009645044092509227,-0.2886966648450885,-0.3070146625976451,0.23329707753689938,0.0946781806211,HAR-RV (OLS)
16192,0.0010663395393588494,0.24792323966296048,0.4261476236325922,-2.1079425368242313,0.1579680441185667,HAR-RV (OLS)
16200,0.0002785652934675323,-0.4023969103842567,2.4456464544591476,-1.7388633460544476,0.47719227352603544,HAR-RV (OLS)
16235,0.00121319556926541,0.31127936755118596,0.41626945677837535,-2.4907550071133997,0.2018699383011755,HAR-RV (OLS)
16240,-0.00018081111074196466,-0.40108682467225465,-1.6445271933937387,4.373349313254261,0.4142794392994369,HAR-RV (OLS)
16271,0.0009734469037928875,0.03538195298803539,1.4671070289165073,-3.9519709460704435,0.24449076697737226,HAR-RV (OLS)
16280,0.00255175555618458,0.1508840546723547,-1.4660569921165596,-0.5923302649480728,0.20553492871851975,HAR-RV (OLS)
16282,0.000510407620668803,0.583111934630028,-0.45162660543351785,-0.18324981045651373,0.2331269201221864,HAR-RV (OLS)
16288,0.0008985545723630775,-0.18153430399965198,0.5709907531609496,-2.5597154844634296,0.3056677667616158,HAR-RV (OLS)
16289,0.0005379434177630149,0.13744931421888015,0.07077195065332631,-0.7499214965368761,0.07473890519926696,HAR-RV (OLS)
16304,0.00018251761918378615,-0.31870558793731824,1.0764393008826167,-0.14365746132178125,0.2170779337200378,HAR-RV (OLS)
16312,0.002198186104650879,-0.23733076630630354,2.118028984315182,-3.5580355341376757,0.2091385017580194,HAR-RV (OLS)
16320,-0.0005764622370599895,-0.44964780467040955,-1.726250554485165,3.8861843234738376,0.43691496333758684,HAR-RV (OLS)
16328,0.0009681245652059163,-0.11375524850533514,-0.03563171875356552,-1.2249240673469015,0.1351758815944465,HAR-RV (OLS)
16330,0.0015107100644750964,0.31005936664866063,-0.38888336818318736,-0.6032526867335616,0.09800911459319106,HAR-RV (OLS)
16352,0.0014162311144548675,-0.005210556070384726,1.1262748650808747,-2.23896398795591,0.07072361728115661,HAR-RV (OLS)
16357,0.000661945485684316,-0.20926434858180654,-2.9732930427049467,3.4205260695254514,0.26834780680605763,HAR-RV (OLS)
16367,1.4818196285292917e-05,0.45480916291608137,-0.6715466629148144,0.9975072675882459,0.27884207786967596,HAR-RV (OLS)
16374,0.0006121487609141738,0.6054717639180045,0.6628010000869855,-1.8924077315953118,0.39155384165751983,HAR-RV (OLS)
16402,0.0009870888409533847,0.006593407752196495,0.95607765571691,-1.9534811338486362,0.12254936879513356,HAR-RV (OLS)
16404,0.0010417701692066628,-0.3909319720688317,1.116967901953684,-1.6999280913812609,0.3722349456589058,HAR-RV (OLS)
16428,0.0005548408596668053,-0.32625398261475197,-2.7674431598573577,3.1510143017599717,0.21303167596796257,HAR-RV (OLS)
16429,0.0020250463338190154,-0.025089112907305783,1.2855719181787169,-2.3529743916083525,0.17391633353930525,HAR-RV (OLS)
16431,0.0006797039317667108,-0.07582701135471503,-1.7753041608193088,0.5590683326850601,0.22999204546989815,HAR-RV (OLS)
16438,0.0014477896089066895,0.11928991617819759,0.9588712157828103,-1.9012651728286851,0.11058506780474275,HAR-RV (OLS)
16454,0.0010430219729036815,0.8965315228589431,1.7098040488676784,-3.324636735297922,0.7449234793056008,HAR-RV (OLS)
16460,0.002703863813360365,0.03275040069190999,2.2645597052992468,-6.976376336932039,0.06739873053521583,HAR-RV (OLS)
16466,4.439911189152939e-05,-0.38305874628089315,-0.03793775711635439,1.5031893122064797,0.12954212391433606,HAR-RV (OLS)
16479,0.0011634727650460452,0.11956388874510356,2.371023001127978,-3.6016415059256772,0.23050398719949594,HAR-RV (OLS)
16488,0.00040181256413450266,-0.05585061405550769,-1.9179342408142541,2.008537487271841,0.08767180734581048,HAR-RV (OLS)
16489,0.0008074952880098596,0.5813948569364673,0.018689369192286476,-2.096539920393747,0.39601234298638976,HAR-RV (OLS)
16499,0.001717859936790994,-0.2022366218572798,1.3912686467584536,-3.6561235616291254,0.43238181844825807,HAR-RV (OLS)
16500,0.00042203467448962496,0.48971809703503605,1.3141949001833018,-4.057571584189658,0.6256763184879273,HAR-RV (OLS)
16504,0.00047734067786372016,-0.2196317399696966,-1.8151747628478216,2.0917542728318352,0.15808103730724055,HAR-RV (OLS)
16507,0.00043290009014919405,0.1971542816754188,0.7881793687275236,-1.1887147819606703,0.0743813409260814,HAR-RV (OLS)
16511,0.0008076753417869159,-0.08466098613908533,1.9494118884411153,-2.6254087042467953,0.15245150951935504,HAR-RV (OLS)
16519,0.0004619223962182731,0.029295259335336065,0.13657154487990894,-0.6216093419293736,0.029169739885725465,HAR-RV (OLS)
16526,0.003332847475624147,-0.45062999249651947,2.615618875250468,-6.782496145675362,0.5039420459814796,HAR-RV (OLS)
16556,0.0018772462721775671,0.5708564328283413,-0.542073498925342,-1.8316584384569687,0.4139871662581226,HAR-RV (OLS)
16560,0.0006817868780144222,0.39809801006428314,0.5406190693720516,-1.937339807164719,0.18086352285560614,HAR-RV (OLS)
16570,0.0015341411264444588,0.1623511114224898,0.04618312219130205,-2.3924029403401033,0.0984720209657779,HAR-RV (OLS)
16575,0.0007517607930357995,0.18668273916848308,-1.4154725200946776,-0.4405686170700689,0.3253386826038137,HAR-RV (OLS)
16594,0.0003767922441360873,0.3626522066856513,-0.08364567589511063,-1.06784623533987,0.06479082762702204,HAR-RV (OLS)
16601,0.00021182076347360906,-0.46642683149566216,-0.260612117232478,0.6004612901283078,0.21932267146640227,HAR-RV (OLS)
16611,4.7501979733897016e-05,-0.7237549251124857,-3.838009527845957,9.096779585783842,0.3802017634095547,HAR-RV (OLS)
16614,0.0006673835781690871,0.08467734482440847,1.7295759413740786,-2.372754730351949,0.16116062783569274,HAR-RV (OLS)
16624,0.0015986017390759721,0.3062847337841935,0.8596801514029909,-1.5624935733786842,0.08959269686686722,HAR-RV (OLS)
16629,0.00047902695171071015,-0.40848727005080376,-1.2448977491553634,1.4325980800500917,0.2747584571829439,HAR-RV (OLS)
16630,0.0006654507920544532,-0.25067945727665214,0.919653357914221,-0.6049563038453536,0.04618834231903668,HAR-RV (OLS)
16637,0.0006105162296662969,0.43918922014799416,-1.203391690675218,0.7075809775284371,0.18734233815429746,HAR-RV (OLS)
16643,0.0005490306470730594,0.4292222182038005,-0.3018543285184152,-3.3208659703606163,0.2176275176070298,HAR-RV (OLS)
16649,0.0004437180488755146,-0.08181522521450162,-2.0283378582602367,2.032924081192984,0.11484714397438367,HAR-RV (OLS)
16660,0.0009092045657775557,0.05366291284742653,-1.2319969837378202,-0.3813122063036797,0.15129330161150434,HAR-RV (OLS)
16666,0.0008952134755290925,0.4040180746332164,0.40770301552166854,-1.3228260300868797,0.22252671900458254,HAR-RV (OLS)
16676,0.001216516118180076,-0.34663305329957617,0.16487942179068044,0.35023950555921224,0.11330721607890337,HAR-RV (OLS)
16679,0.0011272210722375919,-0.008111675112696512,1.2948212368743537,-2.684362245114845,0.2643791963912806,HAR-RV (OLS)
16694,-0.0012563139973912284,-0.5321552150477489,-0.6238078878620446,2.900452673865633,0.6537849602259419,HAR-RV (OLS)
16696,0.00017582475270512505,0.49992800584317465,-1.5715935186041483,1.7889096530973125,0.24390647367289353,HAR-RV (OLS)
16699,0.0006101103881089396,0.1532886749287222,0.5522235774675542,-1.2381135571476074,0.02925950079195827,HAR-RV (OLS)
16704,0.0008280558839442983,-0.24545269599723474,-5.29972763152211,3.9466025221451906,0.48307367917545163,HAR-RV (OLS)
16706,0.00029107925438235223,0.17804560054349008,-0.38131909488149474,0.0749967437725775,0.05326550889842174,HAR-RV (OLS)
16707,0.0014344733333078363,0.5514507612563414,0.748247927388742,-2.412839281320025,0.3665456446156552,HAR-RV (OLS)
16721,0.002230937568872773,-0.8290718297168842,-3.091626664035334,2.229769223089953,0.24564969714409735,HAR-RV (OLS)
16731,0.000567497245159826,-0.09298300024684447,1.4103929941422941,-1.581211899858849,0.13826734364719762,HAR-RV (OLS)
16733,0.0006008851043455389,-0.21650064363038696,1.8761738290951198,-2.9335683259247696,0.08613966711641807,HAR-RV (OLS)
16745,0.0031418808690245265,0.4661390547936216,4.114749883041705,-7.814678956471685,0.49098417021820706,HAR-RV (OLS)
16746,0.00032050728013696456,-0.5899574087884816,3.1875792495249953,-3.2072839319861948,0.27955855985800293,HAR-RV (OLS)
16753,0.0009938567000334602,-0.14109059236684582,1.8727566920579206,-3.356314025827883,0.13603572680170972,HAR-RV (OLS)
16771,0.0005496734884480431,-0.22558242099849843,-4.422560741368905,4.748730422574122,0.41532275289214615,HAR-RV (OLS)
16774,0.0025177896529352843,-0.006201129692617736,0.29917116736041394,-1.1861859423396042,0.13070588187539478,HAR-RV (OLS)
16792,0.00214222809610279,0.13986056767330968,1.9075915879208079,-4.307454537260271,0.26672463321568585,HAR-RV (OLS)
16793,0.003955788915497215,0.11693755197451905,2.0872641948245185,-3.349488232742337,0.42278438676810093,HAR-RV (OLS)
16802,0.0004574492977046892,0.10735466977103109,-0.3287971134411828,-0.2143942133146695,0.04342449602361231,HAR-RV (OLS)
16811,0.00036762760176016214,0.22727367258238007,0.9628826859301677,-1.0932094153105272,0.1766359447591641,HAR-RV (OLS)
16815,0.0008801808369876436,-0.2677265532724983,-1.126694607915733,0.1915594624954151,0.22782674480174703,HAR-RV (OLS)
16816,-0.00026799647092842836,-0.5867400701430852,-2.252195547810783,4.2039342780087114,0.26424989817797173,HAR-RV (OLS)
16823,0.00039387270270269353,-0.18697032686401704,-1.5208857563380394,0.060701614327898,0.3664039858468544,HAR-RV (OLS)
16831,0.0016253295835225324,0.3534917809012985,-0.14752896953509775,-0.9221842094066343,0.1271419494498075,HAR-RV (OLS)
16839,0.004287243534795424,-0.017808721405221266,1.527610215725594,-2.1155445100658934,0.08870390971983155,HAR-RV (OLS)
16851,0.001152244190831709,0.571109546127759,0.19382552433017164,-0.8014700091201112,0.36367830244017463,HAR-RV (OLS)
16864,0.0009415390322424545,0.1217776424543342,-1.3133633231081445,0.24275947321926683,0.16673039367676612,HAR-RV (OLS)
16869,0.0005090470131482473,0.1794446340769309,-1.2571691589767466,-0.13870075175474317,0.10972375246253918,HAR-RV (OLS)
16877,0.0009484865319634974,0.24866085524052314,1.6160541445395697,-3.8591416848948334,0.2727042872910296,HAR-RV (OLS)
16880,0.0013760014203927516,0.1993853354042245,1.093530360579184,-1.7915667319340085,0.1895465293136238,HAR-RV (OLS)
16900,0.000550124122827777,-0.026048359360623996,1.187223941427836,-1.426543725279009,0.09075635972816953,HAR-RV (OLS)
16910,0.0004689735063257792,-0.4999675071082373,3.172612877081163,-2.8671460734879624,0.32110875256413685,HAR-RV (OLS)
16919,0.001944235286738323,0.4614674380055515,-0.15616336639606532,-2.608089168328671,0.07355479170078705,HAR-RV (OLS)
16941,0.002307535243258023,0.6345779307491144,-1.9766525366704153,1.3596909988594676,0.30330094358816706,HAR-RV (OLS)
16943,0.0009815846434386225,-0.5546416937677113,1.117735045003948,-0.22025509210506733,0.1918259498848971,HAR-RV (OLS)
16948,0.0008422858424303771,-0.31623093530019003,0.11677452445493486,-1.5938580937172413,0.2509907916167289,HAR-RV (OLS)
16978,0.0004388372987199288,0.32610527448987653,0.9865882754483654,-2.0051880211728017,0.09662031470239874,HAR-RV (OLS)
16987,4.723426168155658e-05,-0.34612808146172624,-0.08208475994256359,1.2065939813076982,0.08769603474092569,HAR-RV (OLS)
16992,-0.00013613651397938328,-0.08818837386916813,-1.418060081408651,2.7031408481617305,0.16489466211011272,HAR-RV (OLS)
16999,0.0005294780146113833,0.0056458229209813676,0.22166846630700549,-0.4317525034552715,0.0030462952914133146,HAR-RV (OLS)
17008,0.001986036307762944,-0.1740702623295393,-0.256799857065248,-1.199254060007313,0.24003041256490742,HAR-RV (OLS)
17010,0.00033122009288899886,0.17726352489748093,-1.6122666091410354,1.7609481887854215,0.1086973843000234,HAR-RV (OLS)
17013,0.0012923627790476662,0.2378141247978293,0.15595436470306678,-1.3442150298750066,0.056889012258501515,HAR-RV (OLS)
17029,0.0013296493857211241,-0.22039107330028554,2.743602617127434,-3.583802403313252,0.07301629482242755,HAR-RV (OLS)
17031,0.002202206703832316,0.22034058205447543,-0.6172231419423111,-0.9452405278169598,0.15838095410233144,HAR-RV (OLS)
17034,0.0020221268749038923,0.0919958423597922,1.5507425048168733,-2.8274498789176294,0.39135100553429747,HAR-RV (OLS)
17050,0.00018139721105399486,0.2609966826149218,1.024979579287751,-1.5736159164950023,0.2355949443624744,HAR-RV (OLS)
17053,0.004325559575008814,0.2964832713559567,2.544713801022728,-5.197751073726618,0.48487695535744757,HAR-RV (OLS)
17056,-0.0025139632395405798,-0.35652669156547145,-2.154446714052766,4.443638698736941,0.6542785941267475,HAR-RV (OLS)
17058,0.0008116640362426867,-0.3099304011225782,1.4802218003945453,-2.066023473717279,0.165506583809791,HAR-RV (OLS)
17070,0.0024030578395273965,0.062179675696937435,1.5721808692226973,-5.39895791811403,0.3523170837561447,HAR-RV (OLS)
17076,0.0014786117515628858,0.45894851017601473,1.0009414752151347,-2.2927486405775936,0.17300258117431766,HAR-RV (OLS)
17078,0.0004176685842617536,-0.03077825984340767,-0.9433782123606042,0.24027638998872758,0.14447333816790298,HAR-RV (OLS)
17090,0.001959024063302379,0.34177271119731123,0.7506175053656945,-4.044657710971525,0.2816634183659845,HAR-RV (OLS)
17091,0.0010017767004140486,0.22692947420196732,1.2265803332505647,-2.489897901144829,0.5159554195100846,HAR-RV (OLS)
17093,0.001028878084117149,0.7499447954020115,0.10518060032960352,-1.395200151309174,0.44349598054494477,HAR-RV (OLS)
17109,0.0011555660707692332,0.12784134712995776,2.477034376198252,-4.624345812765838,0.15181308232903556,HAR-RV (OLS)
17112,0.001346711115083324,-0.022208521919051077,-0.756471640103755,-1.007062553098077,0.2769051598858572,HAR-RV (OLS)
17117,0.0008347405110371877,0.33610411520752553,1.2557836575825305,-3.4932801799158266,0.3547445357752421,HAR-RV (OLS)
17120,0.0018292242140883687,0.33812542829637093,1.6308163138259548,-4.112021719138904,0.24606879682212957,HAR-RV (OLS)
17157,0.0035905791743959525,-0.18861342490153005,-1.8752990368275553,-1.081769864725953,0.46473419753144873,HAR-RV (OLS)
17161,-0.00010181124948957043,0.015455160920553664,-0.67012304656486,1.5976046497262844,0.5178687223957193,HAR-RV (OLS)
17167,0.0001628614309257025,-0.1221186034030115,0.17801782213338802,0.9289722514308891,0.14498711844816525,HAR-RV (OLS)
17169,0.00025309313326166085,-0.5360931258366413,0.3898187075622873,0.5919258978820161,0.3483033724442074,HAR-RV (OLS)
17172,0.0017691151801135533,0.05920229286177151,2.989374286135571,-4.769157771619142,0.3997775769252352,HAR-RV (OLS)
17179,0.001599074851395562,0.15368690422133896,0.5440276402531122,-2.671857436825453,0.2730894307466806,HAR-RV (OLS)
17181,3.935845818905264e-05,-0.1063476475825298,-0.16265056927878585,1.085636345017175,0.1860986032952665,HAR-RV (OLS)
17191,0.0005182904134398001,0.40057420795933446,-0.6357263744708332,0.02301588701938595,0.17139908661091197,HAR-RV (OLS)
17193,0.0001986184755632755,-0.5441949065133357,0.8391888390531042,-0.07501689645878945,0.19792647642471062,HAR-RV (OLS)
17194,0.00039975610726478654,0.3298996043889937,0.47509843057457424,-1.535291282785227,0.2298377993822499,HAR-RV (OLS)
17198,0.0006499968090115183,0.03784628602451373,-0.37458335961526595,-0.02177500408115518,0.0610137416724057,HAR-RV (OLS)
17210,0.0010218279808120857,0.13584048537193394,2.709341968652306,-4.753970678234014,0.3101958931499893,HAR-RV (OLS)
17217,0.0010868829677060936,0.1567867260370678,0.425075804809502,-2.2886080515890947,0.2829702887588502,HAR-RV (OLS)
17227,0.0006143082407236561,0.7460399228158473,-0.00922173171289209,-1.1795330494731688,0.5027426240750442,HAR-RV (OLS)
17239,0.0010539881854610442,0.18421057171213234,-1.0943656983348165,-1.6282493483631622,0.36686066443489085,HAR-RV (OLS)
17244,0.00013959812740081765,0.012595129855396129,-1.1751290539991313,1.82201035362241,0.07933379795311302,HAR-RV (OLS)
17247,0.0008226552544041438,-0.4783553523827057,3.5807355874198463,-4.076071150348176,0.2663293400767417,HAR-RV (OLS)
17259,0.0009572119114298798,0.5043286682312716,-1.2715421729131768,0.1953623526422289,0.3368326253465921,HAR-RV (OLS)
17264,0.0003808001915607072,-0.36522555238313603,0.0325375259750168,-0.12643929509453794,0.13727789774650467,HAR-RV (OLS)
17265,0.000643674610524837,0.35311829545119555,0.8920111290738635,-1.4286621066666467,0.12781507538450132,HAR-RV (OLS)
17293,0.0018300750614521906,0.24805509784809915,1.5527629175493483,-2.078925815882901,0.19967259093890766,HAR-RV (OLS)
17295,0.0012337840163169995,0.38062898876694273,0.5991945102522843,-1.5642988917152212,0.16220757381085416,HAR-RV (OLS)
17305,0.0011012058067105964,0.35898785674778844,-0.4638122732390988,-2.7851124157237965,0.2452957002982662,HAR-RV (OLS)
17315,0.0018495860765271265,0.2915278473646673,1.006002623870509,-2.5521850457536197,0.2027975419333129,HAR-RV (OLS)
17324,0.005361609705694654,0.5778476441293302,-0.33829832911128266,-2.4670235254559323,0.36814714792863146,HAR-RV (OLS)
17328,0.0015291796448923414,0.4649017018878589,-1.105386992447946,-1.1762035612029262,0.29847225517517695,HAR-RV (OLS)
17337,0.006841256895057829,0.42717916118854304,-0.8543974279089817,-4.404141799730235,0.46184168468620024,HAR-RV (OLS)
17339,0.001871591314105639,-0.28280580313712195,0.8912658176944164,-1.0780254742839184,0.0890708405689008,HAR-RV (OLS)
17342,0.0014038869583765919,0.25847688322953294,1.9120784214742987,-3.2211587727516746,0.20979332784475513,HAR-RV (OLS)
17355,0.00042227071527485864,-0.1671816118531521,-1.6409126990135041,1.009876192147114,0.19705920661398868,HAR-RV (OLS)
17363,0.0017418937499490371,0.1549055715350206,3.523253674408268,-6.725332899538129,0.3793353943778829,HAR-RV (OLS)
17377,0.0013797554950497016,0.3662021870031857,-0.4017811307177632,-1.730292565275469,0.33112962694189574,HAR-RV (OLS)
17378,0.0024083906325592565,0.4673807875080537,-0.20239866645605886,-5.709652651804928,0.45019709023112053,HAR-RV (OLS)
17387,0.00016530718450422132,-0.11654509486799496,0.17983841224777675,-0.34828766304859077,0.03777309360773262,HAR-RV (OLS)
17390,0.0012961562084004238,0.44230370268005015,0.7133391993937164,-1.5296843657490937,0.3317106691786553,HAR-RV (OLS)
17395,0.0013954610370609582,0.2797791235633607,-0.7983788322194878,-0.10006693003862788,0.1441715653896345,HAR-RV (OLS)
17398,0.0004417729088759943,0.37940872717256185,-0.8795544623899878,0.5613269146261615,0.16381299557692786,HAR-RV (OLS)
17421,0.0008301198504779205,-0.39033511206880667,0.835514356062656,-0.7088258345884555,0.17015457722670702,HAR-RV (OLS)
17424,0.00042202562546832457,0.6406199408269694,1.813923424774719,-2.9536206047549456,0.19118578576636025,HAR-RV (OLS)
17428,0.0007462614621974709,0.27828518814020115,1.463512655740866,-4.031722619113272,0.2725160989668902,HAR-RV (OLS)
17429,0.0013504187276199646,0.868701814960804,0.43212903948168524,-5.537503642991998,0.7179555256451178,HAR-RV (OLS)
17448,-0.0003915720552885861,0.14042413354041644,-1.3046832608311905,2.666466994495596,0.27303492165020926,HAR-RV (OLS)
17454,0.0010056409549520837,0.035141798081911535,-0.549296780681244,-0.3790929057095467,0.11996263273755026,HAR-RV (OLS)
17460,0.005476862504076252,0.4519307753513183,2.193689149855958,-8.509406887421449,0.2917144422255906,HAR-RV (OLS)
17474,0.0026897850277564812,0.681657081046724,1.9870850596283136,-5.862635612139188,0.4333911855790902,HAR-RV (OLS)
17486,0.0005780682695282641,0.2690098361255433,-1.2993311167935704,0.3247523927516306,0.2062990291333281,HAR-RV (OLS)
17490,0.0004019075159876863,0.05354311107505285,-2.0894032840077994,1.7028893447265958,0.19022274899530667,HAR-RV (OLS)
17491,0.0010039287177820311,0.3206150154129583,0.4002121903385756,-2.545211174026828,0.21942244500245456,HAR-RV (OLS)
17505,0.0008600051368017157,-0.35460873311256097,-1.273833638694546,1.1918294833636038,0.2450892891077926,HAR-RV (OLS)
17506,0.0019615076457960502,0.31806454662587963,3.24036517941981,-5.833402773630779,0.4600932871767839,HAR-RV (OLS)
17522,7.919202139924648e-05,-0.26767540581619165,-0.9119125688469738,2.266070381332914,0.04808036425800044,HAR-RV (OLS)
17528,0.0011275203590449573,0.09374316838372876,2.2462437640538955,-3.821622099868628,0.4053588294706447,HAR-RV (OLS)
17530,0.0010098231088293027,0.1501503288562711,0.016775561842036213,-1.4756017861944057,0.1022374491055944,HAR-RV (OLS)
17565,0.002115746062874266,-0.1619019288053625,0.8946760037023949,-4.340113539774837,0.6726381947040766,HAR-RV (OLS)
17569,0.00020405006909012658,0.056074827087687636,-1.1150746980528183,1.2286473784985263,0.06195353535399739,HAR-RV (OLS)
17570,0.0011013998108474442,0.14853287365226797,-0.7453415148986882,0.003931742370494429,0.08401459443987325,HAR-RV (OLS)
17578,-0.0001660089192756899,-0.4134764168874088,-2.2255900143204683,3.5819305447937215,0.19276465402406673,HAR-RV (OLS)
17584,0.0004484013371455916,-0.4759554306264685,0.40918300463848145,-0.652335219383456,0.24766747741947437,HAR-RV (OLS)
17598,6.010098358792015e-05,-0.10894079653915939,-0.11562269453439905,0.7921690895277139,0.04020396391782621,HAR-RV (OLS)
17603,0.0007215156094424613,0.1527378689172019,-0.05001165004992458,-0.7845818088959864,0.05826775062221623,HAR-RV (OLS)
17604,7.609003084956011e-05,-0.04962952906056356,-1.3383609865829673,1.879238993875434,0.22215579441726074,HAR-RV (OLS)
17606,0.0026715729502802084,-0.4250636768700406,3.155763771368228,-3.353134021779165,0.287315342080524,HAR-RV (OLS)
17617,0.0004119103466326581,0.2765799017908107,0.3469134682965904,-1.178476854118401,0.1156419182152133,HAR-RV (OLS)
17626,0.0036459671372159577,0.4643021294264833,0.13108445501386434,-1.69062656270032,0.22685550211814332,HAR-RV (OLS)
17634,0.004569521059289475,0.5698724168360383,1.135455225617056,-2.3384863486309424,0.44161681329449,HAR-RV (OLS)
17639,0.00021516424692438415,-0.16421820998431536,0.06874458804053557,0.24694051624363664,0.018584946891514464,HAR-RV (OLS)
17643,0.001393423034100233,0.3900693544834338,1.251771206573171,-2.2331067201369397,0.15216093969916078,HAR-RV (OLS)
17644,0.002281576967363999,0.9781545684408206,-1.868708558102944,1.1171130780691552,0.547581146122631,HAR-RV (OLS)
17670,0.0004715088004097028,-0.05874350016095299,3.410448237129631,-6.607787337271964,0.4557329890909757,HAR-RV (OLS)
17672,0.0012575403233211833,0.06408241734251116,1.6044717985949228,-3.677634218592283,0.20397392229046807,HAR-RV (OLS)
17676,0.0005301500920054628,0.1791679328659591,-2.8873429321886364,1.5194189418086406,0.35435547297985803,HAR-RV (OLS)
17695,0.0016284987040168105,0.5854889180095917,1.230347969078983,-4.396611578001175,0.35602867188418574,HAR-RV (OLS)
17698,0.0003261548884121266,0.04213797908084737,-1.2329371147365822,1.3877788392839738,0.11057505347002972,HAR-RV (OLS)
17707,0.0004960418202178473,0.49079257272540094,-0.20941537558424694,-0.8490236481443076,0.22126161258597188,HAR-RV (OLS)
17708,0.0019626661340820637,0.4539202486558575,1.4250845273767103,-6.141062433924345,0.4016001770629801,HAR-RV (OLS)
17727,0.0009271730216602855,-0.2659274007951092,-2.7268346978330076,2.4897005773711713,0.32021691103610184,HAR-RV (OLS)
17762,0.0015117587863419995,0.1214020908737514,2.822659985587932,-5.540544140912183,0.23193380669677655,HAR-RV (OLS)
17777,0.00035843943496288765,0.4279043958732925,-0.22646430645261517,-0.5537848698343832,0.16631056015281775,HAR-RV (OLS)
17785,0.0008383069237033592,0.6188838468296382,0.5891243521985402,-1.5682371303856202,0.42646155481203885,HAR-RV (OLS)
17791,-0.0005286763476418858,-0.34501963884211856,-0.5709991682322741,2.11811905945952,0.19076380417657213,HAR-RV (OLS)
17804,0.0004316465869973362,0.14428227579164285,0.7165265826383375,-1.6510073771819576,0.1081639603287462,HAR-RV (OLS)
17809,0.0005004758417938099,0.4545871150256924,-0.6905343209499635,-0.3234264032876576,0.27273497496805876,HAR-RV (OLS)
17813,0.0017278477704750315,-0.06065595470869267,-0.20330835751421666,-0.03110794783644033,0.019286036393355355,HAR-RV (OLS)
17820,0.0005026262216760753,-0.44721756300407683,0.32565245451482644,-0.23716899994586857,0.20459256017754102,HAR-RV (OLS)
17823,0.0005539301868643888,-0.14337263607693349,1.6504270999258606,-1.9149618097817256,0.11426989907475593,HAR-RV (OLS)
17825,0.00017492007757339943,0.5141345928474521,-1.1387718279860894,0.8124009953267664,0.17655580956856476,HAR-RV (OLS)
17832,0.002339397217808902,0.4381620630288511,0.4715478386638247,-1.772159024976971,0.24555013812592708,HAR-RV (OLS)
17837,0.001076239745557299,0.23672082920352472,-2.6015315485278796,2.159529889060242,0.2169011362858605,HAR-RV (OLS)
17838,0.0008429868353448723,0.20019704195857657,0.026183737155014097,-1.4583349035456583,0.11147236282342943,HAR-RV (OLS)
17841,0.001434007210272016,-0.03177200983606208,2.1908278405713215,-5.411859500393553,0.3443159069723366,HAR-RV (OLS)
17852,0.0001410871148679633,0.23744433037970017,0.07868095604789815,0.2958650271454416,0.13253114248529752,HAR-RV (OLS)
17870,0.00011360101086345582,-0.3928793270519854,-0.08614763935396386,1.1739573064447009,0.13364491555865787,HAR-RV (OLS)
17872,0.0012019796805015027,0.635339147416266,0.9830806003313011,-2.868196991416663,0.4315410762952433,HAR-RV (OLS)
17875,0.0019924511326277925,0.017352439978153913,0.893055688812383,-2.4519815589803367,0.12088705656707455,HAR-RV (OLS)
17876,0.001089395516637504,0.12730670292790833,-1.5124254213365504,-0.06653899552919729,0.29643161872521606,HAR-RV (OLS)
17885,0.0007450060030140943,0.0018300033644878845,0.011239982612124971,-0.3198813359329626,0.030079175338031616,HAR-RV (OLS)
17888,3.443155228403195e-05,-0.3777359704616978,-0.615759624095653,1.558312152338108,0.1577719778680856,HAR-RV (OLS)
17903,0.0007836656850840517,0.18966679375105278,0.9911821541418802,-2.2280155260806276,0.13354196544782737,HAR-RV (OLS)
17911,0.0007170672101270285,0.10247391586174875,0.16357180585706105,-1.1711198985824054,0.10336959694720638,HAR-RV (OLS)
17914,-0.00025340074502827527,-0.5980649922029325,-7.041182593615678,11.322038496127073,0.5455168330209577,HAR-RV (OLS)
17946,0.00038583912363718785,0.5161965081021754,-1.5876440511192174,1.0263872882117657,0.3010112346204179,HAR-RV (OLS)
17949,0.004267275476060651,-0.13915504551294086,2.33085197149226,-4.586442374859651,0.2994042439503679,HAR-RV (OLS)
17951,0.0004769036362547134,0.31778737237686355,0.9721421148628766,-2.606384600982801,0.19518043899968418,HAR-RV (OLS)
17955,7.326783541892947e-05,-0.033517978517570844,-2.665138125060831,3.768701018945064,0.3406231102349856,HAR-RV (OLS)
17957,0.0010507987979864824,-0.18780385606930522,2.4201776932485153,-3.192196069832237,0.3660113361823546,HAR-RV (OLS)
17966,0.0005858902419608352,-0.1750957276687851,0.5241920490107723,-0.9515872329854973,0.02213157410927913,HAR-RV (OLS)
17967,0.0012742331388973078,-0.13676619253377648,1.617470980020321,-3.154765065927789,0.1181756467690267,HAR-RV (OLS)
17971,0.0004822550299298052,-0.01812984456940374,0.9537258716728476,-1.8870298318301992,0.16801479291126264,HAR-RV (OLS)
17973,0.0021444017699252006,0.23476253573536532,2.890639451233336,-5.3519089557523065,0.30300926968296993,HAR-RV (OLS)
17975,0.004254130733383638,0.6413874475777194,1.637211065867509,-6.4709058097083005,0.4029128030563518,HAR-RV (OLS)
17983,0.0007937548110031549,0.4746407081248385,2.7951135191279475,-5.648108503526165,0.5946013585585438,HAR-RV (OLS)
17987,0.0010589143542381217,0.20987380138230352,0.6070684040286017,-1.7542561192193447,0.023616286118276708,HAR-RV (OLS)
17989,0.002062887547588049,0.040819245442419196,-0.21668897756402766,-0.32203217402984813,0.016974834627912383,HAR-RV (OLS)
17999,0.0004806818400790124,0.09086978872033262,2.4444858836711174,-3.5853740276716306,0.26204266794424647,HAR-RV (OLS)
18000,0.0003903918537991041,0.13722388448533765,0.17691979008027925,-0.27609269661624924,0.021797632900011243,HAR-RV (OLS)
18007,0.001035682879898873,-0.1472169287267537,2.1283709771548454,-2.9116805819230174,0.23422963387801943,HAR-RV (OLS)
18012,0.0008880861301058501,-0.3336613474851084,4.506908136355143,-6.281204268650303,0.3864059389834513,HAR-RV (OLS)
18020,0.0006091757272350213,-0.012150270327658969,0.5496931308521673,-2.036012280765103,0.06548600640143709,HAR-RV (OLS)
18023,0.0028525103614746184,-0.04728176709766901,-1.1006646349286815,-0.2766025034853237,0.09230783479157367,HAR-RV (OLS)
18029,7.046918916827637e-05,0.7735602301145044,-1.2130902494403553,1.3608106862922154,0.49454702968547615,HAR-RV (OLS)
18042,0.000942734049935727,0.12025076700494976,-0.0007708075719010665,-2.282957073868823,0.11267565212963415,HAR-RV (OLS)
18059,0.0009552921727898423,0.03923958718250378,0.6295810646290423,-2.726585960619203,0.12178191966104923,HAR-RV (OLS)
18072,-5.1078265642216206e-05,0.0005718324036540383,-0.6926054246343134,1.6602184495110708,0.025017776384828827,HAR-RV (OLS)
18077,0.0015904043788071626,0.012058480205193609,1.0047820018520885,-2.8152480730478797,0.05879085710845455,HAR-RV (OLS)
18082,0.00152933738890155,0.25529781326841583,2.1929501833937484,-3.879343798171258,0.23092229723754554,HAR-RV (OLS)
18088,0.0003970760625015216,-0.32920688831952793,1.9058708823568353,-1.8069803794519586,0.09417186123084231,HAR-RV (OLS)
18109,0.0002198480539898591,0.12218518655813453,0.11679490987667568,0.12866725657034306,0.09718342155812665,HAR-RV (OLS)
18111,-3.632640865064798e-05,0.23068421884004525,-1.1883490817375042,1.9073637188090857,0.08333679496046853,HAR-RV (OLS)
18129,0.001143976632534603,-0.0842884152053083,-1.9335562253133292,0.10721141178866955,0.18714918366126398,HAR-RV (OLS)
18134,0.00015415163577669469,0.038541413115528174,-0.66698281931932,0.9412931604643049,0.04325748187946088,HAR-RV (OLS)
18141,0.002707074530705753,0.0871333933355102,0.45263514246652004,-3.083214844928078,0.11439890116057883,HAR-RV (OLS)
18142,0.00022033521005176363,0.07212241352910922,-1.125467441148145,1.7883602616449064,0.102756548946358,HAR-RV (OLS)
18147,0.0007395240789598249,0.5473974216305751,1.7890659710823629,-3.8510650204293384,0.3104715650152423,HAR-RV (OLS)
18170,0.0003228999545632218,-0.2612503145301193,-1.11627286616556,1.637707284945647,0.08392865584465958,HAR-RV (OLS)
18174,0.00028268670932627424,0.14336456597360023,-0.19794619398464147,0.7317277126544388,0.1831631736908299,HAR-RV (OLS)
18177,0.0012075206749657876,0.12086502637965153,0.017114895463667526,-0.15800667237402816,0.012516226629461724,HAR-RV (OLS)
18178,0.0002488628146907389,0.030594300795557524,0.8342781686852034,-1.5042508580184981,0.23012135948337187,HAR-RV (OLS)
18180,0.0074886691650462535,0.4835235250701009,1.6381339135367206,-5.438873766328331,0.2826213445919856,HAR-RV (OLS)
18184,0.0010887008168401244,0.03130402795970052,0.7010186455657366,-2.3349011922510265,0.29377470656990334,HAR-RV (OLS)
18200,0.0013473339102399815,-0.08117272478190192,0.7203112206577087,-3.303007563384503,0.32904240482649727,HAR-RV (OLS)
18203,0.0014274111043666635,0.11774525124390293,-0.9080882414376683,-0.36487526987453656,0.14480726441559166,HAR-RV (OLS)
18205,0.0010608118571325065,-0.2901685532461512,-0.11316854226437945,-0.4881103706490827,0.15953084308251497,HAR-RV (OLS)
18212,0.002176428842581863,0.677180250192195,2.5405085565997356,-5.278914488805136,0.5418923954425399,HAR-RV (OLS)
18216,0.0028050604598399793,-0.5099895208224189,2.751163737033198,-3.539813050109708,0.3264027760555648,HAR-RV (OLS)
18218,0.001070793823394891,-0.005778547570309129,0.0375934531269464,-0.8654145846564356,0.11244653309373365,HAR-RV (OLS)
18220,0.0016894520943983083,0.28276229900438554,0.35437934905313107,-1.808712187921375,0.11621086111572398,HAR-RV (OLS)
18222,0.0022379459214571257,-0.2276323960654982,1.6082428334502479,-3.975658757997527,0.11394152764994736,HAR-RV (OLS)
18224,-2.952995392518161e-06,-0.45763341294906046,-0.5829546990586513,1.7956681966558008,0.25386122679176226,HAR-RV (OLS)
18231,0.004769962073655824,-0.13469046304158236,0.3464970688504867,-1.0529642462613469,0.0812219512702611,HAR-RV (OLS)
18234,0.00039232641187798243,-0.3678945808178146,-1.7728784849047559,1.393791104608039,0.39410214818147526,HAR-RV (OLS)
18236,0.0004141656323219271,0.1874508913055267,-1.270102719488983,1.4061169795012822,0.284320224498518,HAR-RV (OLS)
18242,0.0025741761571997914,0.5576448798240473,-0.11391075337925449,-2.4970285884501866,0.39140060168600666,HAR-RV (OLS)
18247,0.0009288244026484096,0.20927735599539152,0.5593933014093697,-1.3492112217148013,0.11224110786009833,HAR-RV (OLS)
18262,0.002276318500630864,0.08029641094241559,-1.8774478778217407,-0.7866842265998445,0.20596907979655754,HAR-RV (OLS)
18285,0.0008168400874171239,0.5074544921215678,-0.47634658258982854,-0.4546801152578608,0.3191013158503252,HAR-RV (OLS)
18316,0.0006706959834349507,0.26421494541059803,0.5006380661777815,-1.4993537473905236,0.20523937256097413,HAR-RV (OLS)
18351,0.0010139531268786584,0.15266810110215845,-3.5981974219890343,1.547977088733437,0.35775782030172587,HAR-RV (OLS)
18358,0.00017269365680724165,-0.0003947578987662673,-0.49128556752947794,1.3571724535976724,0.1466215182172762,HAR-RV (OLS)
18371,0.0012050892467253033,0.3762840172285214,-0.002711286517113609,-0.7996013555317875,0.1546025386225488,HAR-RV (OLS)
18392,0.00042743522456335184,-0.055393616456914894,0.8895631824506334,-1.7846601134406872,0.03631293688666659,HAR-RV (OLS)
18393,0.00044816603350704204,0.46169832758247503,1.988426415675908,-4.636064657267552,0.2022703261407156,HAR-RV (OLS)
18400,0.0003553316079438337,-0.31018308587801546,0.17480792349489221,0.4124158980372564,0.06337330484102954,HAR-RV (OLS)
18402,0.0008430505178439088,0.35932489020422625,2.817375966405667,-5.90443010451042,0.37907550933705914,HAR-RV (OLS)
18407,0.0016698301992329983,0.4479345862809491,-0.30427060521729676,-2.2359198624573096,0.3235677423442198,HAR-RV (OLS)
18425,0.0004885786935671554,-0.10951254325711196,0.09663277856687597,-0.1241705803184964,0.012880148642217093,HAR-RV (OLS)
18427,0.0005113913417374438,0.43861175607158787,-0.06139232408817963,-0.0585899200526228,0.23787558105245277,HAR-RV (OLS)
18430,0.008405166583143385,0.3343678918594344,3.858728802002661,-7.964708938702431,0.7052536823867658,HAR-RV (OLS)
18445,0.00015707722917061842,0.3571598431628762,-2.4287887872859573,2.626998935678768,0.2934366505481234,HAR-RV (OLS)
18447,0.0005560265708251905,-0.0779709888723579,-0.16286852798372065,-0.8967284851468424,0.3384487184849049,HAR-RV (OLS)
18471,0.000279403644132509,-0.10208062648933135,-1.5831524420858385,1.7894702099596846,0.09696325606877843,HAR-RV (OLS)
18479,0.0038353806812150776,0.4957290692812884,-0.13055983370099855,-1.7592268306242724,0.23667019524069832,HAR-RV (OLS)
18483,0.000963361848330643,-0.2152726771734152,1.1679837951761138,-2.044079154834339,0.2153628928000122,HAR-RV (OLS)
18491,0.001712694409213763,0.05990498908093674,-1.4601577031975999,0.36618165243999157,0.12320229733824262,HAR-RV (OLS)
18494,0.0002951877853844618,0.13154049595158232,0.1726264526790532,-0.41053619202451863,0.02979040949540257,HAR-RV (OLS)
18495,2.5081497883519798e-05,0.3120415950990331,-2.503921634419103,2.7955172843757907,0.3666618759562533,HAR-RV (OLS)
18498,0.000373336405338735,0.13762831854572474,-0.642615056560631,0.7620181937106705,0.08391243086921996,HAR-RV (OLS)
18500,0.00025185871317162244,-0.011782683454477309,0.7746960425760417,-1.1957586763067545,0.04375996992958009,HAR-RV (OLS)
18502,0.002418575473834986,0.5324752435373954,0.29963617313054425,-1.5079706917706164,0.32582792549179085,HAR-RV (OLS)
18507,0.00022358040819927925,-0.39043198429890524,-0.8829493732326035,1.5965457676180101,0.16930974876304294,HAR-RV (OLS)
18509,0.0008246046909781766,-0.22680320531933343,1.7140760922566394,-2.293940009475252,0.08624560841003304,HAR-RV (OLS)
18514,0.002654221742444935,-0.01857501164305785,-0.3373676287295828,-1.8039656522023317,0.16009308947814394,HAR-RV (OLS)
18534,0.0003122544105456491,0.3945480612940241,-1.1871451568121185,0.6970953819863702,0.2600556014989416,HAR-RV (OLS)
18545,-3.080345465167458e-05,-0.09870311866592764,-1.9623313418718953,2.7064819262408712,0.12471292187905803,HAR-RV (OLS)
18560,0.00018510323430433466,-0.16559744097456128,-0.011841211391591777,0.7827998275367649,0.04360819759456247,HAR-RV (OLS)
18565,0.005559501124946907,0.49245053721229015,-1.0704524752359275,-1.6472175401494007,0.41128583911887595,HAR-RV (OLS)
18567,0.0006812298247353426,0.3304488438877576,3.971218127982917,-8.739853926479533,0.1773877824153134,HAR-RV (OLS)
18582,0.00020364052833136905,-0.7840531264164852,2.102768711653469,-0.6128271063436859,0.5380556648969265,HAR-RV (OLS)
18586,0.0008765540112388936,0.11510209012282768,0.8979760456656745,-1.2091966281495785,0.11938805755323101,HAR-RV (OLS)
18587,0.0014215536909877647,-0.29774286091395236,3.126432369843055,-4.066840028911953,0.2536709615088326,HAR-RV (OLS)
18595,0.0010238840608498528,0.3625751931275154,0.09027456237526965,-1.1018074452820752,0.2378312179674298,HAR-RV (OLS)
18597,0.0030181744210982303,0.48369428603946685,4.814632787115164,-9.90676627746874,0.46352219125639027,HAR-RV (OLS)
18600,0.0005107661498655454,0.1407796874425762,1.2696360277021563,-1.9667754412806675,0.10864980188424933,HAR-RV (OLS)
18611,0.0007931684863653175,0.15602398059131717,0.46183512557218886,-1.1052127269259464,0.057714343291274894,HAR-RV (OLS)
18628,0.0004066590052137807,-0.4161479804195043,4.261782441207902,-5.6602232908667105,0.48643433135045955,HAR-RV (OLS)
18629,0.0010415412129159089,-0.05266649112948783,-1.9399038554593544,-0.5092026365942327,0.2112765402593636,HAR-RV (OLS)
18634,0.0003937809231484112,-0.26220563688046195,-0.06846192267118595,0.6602534426748141,0.08080395367905946,HAR-RV (OLS)
18640,-0.0008037231888425474,-0.26891493884303397,-0.5043325240461625,2.4110408247482353,0.1249758419443664,HAR-RV (OLS)
18653,0.0011005298652963045,-0.2701542339332787,1.6178943899332041,-2.023219134396489,0.09574856498717799,HAR-RV (OLS)
18656,0.0017075699914914336,0.6757802276665442,-0.277362640551339,-0.03733089422028185,0.36056047025451077,HAR-RV (OLS)
18662,-0.0005659274284514054,-0.410791237335668,-2.1879763178137646,4.061853568556288,0.37586984209448193,HAR-RV (OLS)
18682,0.0007334086686239991,0.4503681579142101,0.29394706845350577,-1.1093236351256224,0.15074581342317672,HAR-RV (OLS)
18692,0.0011265409136126429,0.21648702307687628,-0.0194532656803188,-2.088694679257098,0.15417001182342605,HAR-RV (OLS)
18701,0.00013553222958652712,-0.1725532188190566,-2.329865747033065,2.651632430164142,0.24226511675717388,HAR-RV (OLS)
18703,0.002526441017301804,0.18061521747141387,0.8763442635820539,-3.49554616593246,0.14770653433067127,HAR-RV (OLS)
18728,0.0019129302121151349,-0.38371568705423215,1.4907449256632004,-1.7628192425248992,0.1310065347221262,HAR-RV (OLS)
18739,0.00023817303670722515,0.32109456125823027,-0.15591853543023246,0.21450116883979245,0.10396951749613959,HAR-RV (OLS)
18742,-0.0036325167537274205,-0.5481314550287434,-3.006113277174505,6.992290414720252,0.7657159222174512,HAR-RV (OLS)
18748,0.015053746172022927,0.04414282416934083,-1.6978368034411555,-2.9023999013906385,0.49151967506198513,HAR-RV (OLS)
18764,0.0013120228433836463,0.2046317441672196,1.727542580732711,-3.0251665790162376,0.30953133036053015,HAR-RV (OLS)
18766,0.004673929447028522,0.1773038113685315,2.3670986899516846,-5.742664646506518,0.3411187780014503,HAR-RV (OLS)
18792,-0.00024355092921372418,-0.029616366477524508,-2.518013283843619,3.7135131652619364,0.21182313704790423,HAR-RV (OLS)
18794,0.0029676146371850017,0.1736271186720353,-0.11797549292279563,-2.399787642725627,0.1913138360551241,HAR-RV (OLS)
18808,8.234604411805024e-05,0.05086312061011249,-0.5103942918822539,0.9926812821245884,0.10676245007220886,HAR-RV (OLS)
18822,0.0006697525984405437,-0.18172206799812962,0.5832347338413435,-0.364751202614932,0.059729704489328905,HAR-RV (OLS)
18831,0.00013220490508008165,-0.8310104065248527,2.0781098824930924,-0.521163891518242,0.4768624924668562,HAR-RV (OLS)
18836,-5.531332876292718e-05,0.3228578359037115,-2.183259516836862,2.712342367863161,0.15467823283582582,HAR-RV (OLS)
18844,0.00211971482169466,0.010225868194033655,2.1542836908529726,-3.3261255437536468,0.2186809099175332,HAR-RV (OLS)
18848,0.0005927577694131684,-0.021296210821919365,1.4171759928844387,-2.1652362045998137,0.12050149949721545,HAR-RV (OLS)
18865,0.003967874162878937,-0.2505051323238104,0.8693766673836524,-4.056654715663811,0.3025296698196094,HAR-RV (OLS)
18878,0.0009240677884965219,0.0008205142684035209,1.9024450353044977,-4.009031513741096,0.19397993559394244,HAR-RV (OLS)
18908,0.000631187337104448,0.1946888073814231,1.083737088216846,-2.5305210410161756,0.12498795909203775,HAR-RV (OLS)
18911,-0.00044283751665590986,0.5586019846270273,-0.66813572423434,1.1175783882783772,0.6249725015232901,HAR-RV (OLS)
18912,0.001006094995860045,0.32409871969751436,-0.15922902092969538,-1.7681318769599952,0.2248823605432736,HAR-RV (OLS)
18916,-0.00043715184088230605,-0.3922360371363681,-5.223171359960138,9.35771051869601,0.2673851392205071,HAR-RV (OLS)
18919,0.0008805072007331203,0.42081246141358775,-0.2071389586774528,-0.8216130431236399,0.37211741066391113,HAR-RV (OLS)
18928,0.0025661108459931075,0.10366268050266622,-0.8818519075043841,-0.008704127399734196,0.12158059222419748,HAR-RV (OLS)
18932,0.00039383913763864646,0.03505580140600346,0.17964978945551802,-0.928672110627271,0.05185597865641045,HAR-RV (OLS)
18940,0.0005580165838734648,0.1603438538900801,0.6255092788363441,-1.9825818607064236,0.30219585405100513,HAR-RV (OLS)
18944,0.001003903527906074,0.2548775540502419,0.9285478212255616,-1.9359862390487548,0.22055573629240377,HAR-RV (OLS)
18949,0.00015242010508486595,0.00031969606589651644,-2.569201418229178,2.4978444277987024,0.16960829944084832,HAR-RV (OLS)
18955,0.0015022201592905188,-0.009244238025017736,-0.30313038101787115,-1.5438303049431825,0.11095197399192613,HAR-RV (OLS)
18956,0.000610160508040991,0.3352645372498436,-0.9167946730306853,-0.37742612863808667,0.37151173420236006,HAR-RV (OLS)
18959,0.0002893954501017485,-0.07899994694809843,2.0525528981906893,-2.0054264165080813,0.05802978490824462,HAR-RV (OLS)
18960,0.005915448495348806,0.2200177928859879,2.631518150849142,-5.214301358985967,0.5398097609198862,HAR-RV (OLS)
18967,0.0006014320492403486,0.3219487073400544,0.3025854091914746,-1.0504841485856289,0.24726516203694626,HAR-RV (OLS)
18972,0.00018066965377575624,0.2990280157717688,0.0641305830263166,0.2367796322320435,0.30602013411647444,HAR-RV (OLS)
18993,0.0019097041205825135,0.033814708580105546,0.7672708296019332,-1.221561155318308,0.05140347854925453,HAR-RV (OLS)
18996,0.0028412244779529566,-0.09845205372918492,2.157565208254591,-3.7802863016396073,0.1584035097668398,HAR-RV (OLS)
18999,0.0005279376244532002,0.29183410081633304,0.07385145800149452,-0.34198551649660447,0.06790669748945322,HAR-RV (OLS)
19033,0.0014509907963318781,0.17962775427412003,0.10075510141519306,-3.400269057203173,0.3726963681603702,HAR-RV (OLS)
19034,0.0011803218126736081,0.6925401704064149,-3.509749937457688,0.6257355373330118,0.30120099871961237,HAR-RV (OLS)
19050,0.0005256238119678109,0.283442460992368,1.367276306809109,-2.694619696217136,0.3370365390667992,HAR-RV (OLS)
19053,0.0013873493482085839,0.6513680209301438,0.4296340438490527,-2.6299043236912625,0.1916881102356578,HAR-RV (OLS)
19062,0.0008376137382914621,-0.20767572342861895,2.5831831232516436,-3.3267931377001583,0.13186871235019793,HAR-RV (OLS)
19065,0.0005377167983181657,-0.14524372513008685,-0.26267078323977944,0.04074679374867092,0.04035369780856912,HAR-RV (OLS)
19068,0.0010631487462688313,-0.06405076105539119,0.6236037160931365,-0.4556728999284086,0.03813968676490864,HAR-RV (OLS)
19072,9.922552008886931e-05,-0.2803570381202342,-1.3637724445027692,2.70087269909238,0.08736690077275944,HAR-RV (OLS)
19090,8.408024788817447e-05,-0.44804327574498193,-0.13507425882248192,1.621204459119383,0.23225737597501805,HAR-RV (OLS)
19104,0.001294121689683034,0.15387884711902652,1.650484675009162,-2.4848365602407356,0.2109080383900176,HAR-RV (OLS)
19136,0.004776483773461761,0.11568805446691703,3.1363909093589313,-3.8388708130512246,0.4799954956347725,HAR-RV (OLS)
19147,0.0010498119859745306,0.1573360959253279,-0.39059501629022764,0.17092463544818934,0.028839244979746326,HAR-RV (OLS)
19148,0.0002459688108361578,0.13306191101351222,-0.9381192621120451,1.4245478845392265,0.08457013605358155,HAR-RV (OLS)
19154,0.0004988580114131861,0.3903974389606607,0.43272089606725983,-1.0526921410232066,0.12208311420467677,HAR-RV (OLS)
19155,0.0017961814736621087,0.33012209884060134,1.6822656131268712,-2.6884212810581984,0.16421642122947466,HAR-RV (OLS)
19157,0.003778469920140942,-0.07681961864874627,0.8385239097757133,-2.7913062230684753,0.1673690776516067,HAR-RV (OLS)
19164,0.0027837180509635603,0.10235718551928016,2.4227540455072547,-3.418184723736367,0.32937640573142113,HAR-RV (OLS)
19176,0.0014961070394284486,-0.08570014897257557,-2.4053003895434717,2.092262723733916,0.23944715896871027,HAR-RV (OLS)
19180,0.0015163727452572385,0.40831527084798086,1.3504201390974937,-2.496223619224793,0.1066278951670373,HAR-RV (OLS)
19204,-0.00021995617991394495,-0.42644341282717907,-1.6460607033284502,4.879227469758086,0.38334251875937175,HAR-RV (OLS)
19222,0.0014360998202361751,-0.04214041116905785,1.2855404806612603,-3.5982326831046794,0.28449859100617747,HAR-RV (OLS)
19226,0.0006915904669947612,0.1423555426361847,-0.7946866246433024,0.8777748006023687,0.03535294800895594,HAR-RV (OLS)
19230,0.0014575177019517565,-0.04843063264653768,-0.42190830590601935,-1.074919351575525,0.23661818986301675,HAR-RV (OLS)
19234,0.0007137535262026723,0.6310098973824098,0.4157775167910692,-1.884366442593749,0.2706712133880941,HAR-RV (OLS)
19240,0.0009454089974476253,-0.0557732906857684,1.5707809269384931,-1.8891964734150593,0.21051259512548393,HAR-RV (OLS)
19255,0.0012150444491394966,-0.03493321845328717,-0.07520409743055778,-0.822915223005803,0.033577270474992704,HAR-RV (OLS)
19260,0.002229037681036,0.6357337407157836,-0.08521705094786514,-2.4578852286014774,0.3727838596275562,HAR-RV (OLS)
19262,0.012499127568922415,0.291971329768034,2.102114663721277,-5.842891441123356,0.3244766546889135,HAR-RV (OLS)
19265,0.0006668913385203818,0.08066421777350187,-0.17246622562264857,0.3052903648871581,0.00979200753973497,HAR-RV (OLS)
19267,-0.0001515171679569063,-0.3882967338075546,-0.031595665205570556,2.0607486672787423,0.3231560176558652,HAR-RV (OLS)
19271,0.0012764022226758025,0.05954427267370034,2.069036091528747,-3.090900979972245,0.1786703002061295,HAR-RV (OLS)
19274,-0.00045915286003334727,-0.5751379097201418,-0.6091553657116231,2.3608250207270807,0.2548199420334325,HAR-RV (OLS)
19281,0.00047545584950543806,0.5856204388591619,0.33382152957266475,-3.316471805256066,0.31959651416384804,HAR-RV (OLS)
19294,0.0008412436109848343,-0.2717956291786468,-2.5862870852991,1.325662032017674,0.43489517268062805,HAR-RV (OLS)
19300,0.0022764330326824666,0.0014647044597251519,0.1431011223120601,-0.20056055290088295,0.0007819993204114528,HAR-RV (OLS)
19309,0.0017711059676925709,0.424166972731658,-1.1079268984228405,-1.3893294998174957,0.21599778418030025,HAR-RV (OLS)
19333,0.0025262646958836214,0.7250046608298681,-0.5345150253052582,-2.7358828107882713,0.2959899120884758,HAR-RV (OLS)
19358,0.0011535001801449831,0.32608264007176885,0.2840503074939047,-3.0635645319309566,0.21527853003171016,HAR-RV (OLS)
19365,0.0017677613640062042,0.24875041499189318,1.5823687870080216,-2.872940150086414,0.07575742905287552,HAR-RV (OLS)
19373,0.004744384635717622,1.2392684083588794,-13.443782732704257,5.327012497049117,0.7648924575320232,HAR-RV (OLS)
19385,0.0008740052981860267,0.4095183348414726,0.4692550211226146,-2.813932564798017,0.33216168364152776,HAR-RV (OLS)
19386,0.0013777829612652006,0.06561576718285246,0.9008864056521508,-4.9485054735958665,0.4123745984198428,HAR-RV (OLS)
19389,0.0007507595629448144,0.33737656529900373,0.6579917648726453,-1.8523997657669797,0.1482359470356257,HAR-RV (OLS)
19390,0.0015759013019422839,-0.32830537000789395,0.23530728367318543,-1.2912799725399493,0.22716340449717753,HAR-RV (OLS)
19417,0.00020396086203358844,0.11587264186951493,-0.41483487023068755,0.4090882948522,0.02088640330112934,HAR-RV (OLS)
19428,0.002689328025383759,0.12806369804035084,-0.7326729058464221,-1.2280398089089732,0.2179037051492091,HAR-RV (OLS)
19434,0.0006006176004558721,-0.14780204184788906,0.45533455341543594,-1.1612041128211856,0.07438667147774525,HAR-RV (OLS)
19444,-0.00045350024142923535,-0.6841633814220633,-1.1657401939970657,2.9518649003316497,0.3745823602630981,HAR-RV (OLS)
19453,0.008224637986613506,0.3052527097301825,2.638569777373785,-5.347322044413564,0.46731157636219367,HAR-RV (OLS)
19459,0.0013434337785187705,-0.07920285928049783,-0.19043252961838286,-0.9709221721520545,0.1101640509645504,HAR-RV (OLS)
19466,0.00013374500831755053,0.006821959760406998,-2.5841106400770983,3.224281393494662,0.1567780681016986,HAR-RV (OLS)
19472,-0.0006289811671291638,-0.21816277730802905,-0.5292688809611957,3.444079509013387,0.3660307828966478,HAR-RV (OLS)
19476,0.001669798290337916,0.3386715929624162,1.7995987384093879,-4.90584850934524,0.5295308018265397,HAR-RV (OLS)
19483,0.0016239287553417594,-0.027952239913426626,0.21887838288546133,-1.0041132133228536,0.026619594182092587,HAR-RV (OLS)
19488,0.0005467884507621264,0.11411175763271357,1.3474418820974237,-2.749489191801162,0.389315697587859,HAR-RV (OLS)
19489,8.125023413346882e-05,-0.18071827515599784,-0.21603207932854948,0.953454771243907,0.07020734807925577,HAR-RV (OLS)
19491,0.002749955107379438,0.21152764627517484,2.439236517789348,-5.186577131183784,0.11931949923024476,HAR-RV (OLS)
19493,0.0005592752210420733,0.537336772088772,-0.5365444214991156,-0.6299112830283866,0.42824170123399674,HAR-RV (OLS)
19495,0.00038740528526288846,0.09808078218821835,0.09482007976170714,-2.068872568067209,0.1634847851612652,HAR-RV (OLS)
19499,0.0028574850835654765,0.05450498540357756,0.5232262715934277,-3.7383026954328114,0.1736448081084263,HAR-RV (OLS)
19509,0.0024749190460669973,0.051386282170747574,1.8288382628405837,-6.203974123846089,0.15084446978493893,HAR-RV (OLS)
19512,0.0022419360699841772,0.06065873359684581,-0.2865578441553084,-0.5096233148313467,0.09684874583696457,HAR-RV (OLS)
19527,0.00043776463893300307,-0.23322486564730752,0.3209610803346695,-0.4807633512878702,0.10519168709866755,HAR-RV (OLS)
19528,0.0007149260643412774,-0.12498286270534756,1.3080219774617887,-2.1658930382229378,0.07706594246646581,HAR-RV (OLS)
19531,-0.00016710213049793074,0.264272572708836,-0.021911814792440254,0.6762903486032974,0.6935402926007659,HAR-RV (OLS)
19532,0.0011866694871926818,0.42582793232243016,0.19576296645411617,-1.9780590432105596,0.23514443036230903,HAR-RV (OLS)
19542,0.0014062355477287287,0.30719473567957234,-2.853039787567263,1.1360744380502656,0.18599616864150037,HAR-RV (OLS)
19551,0.00034849163624147534,0.3758961702397033,-0.9446811576525951,0.6521987323261265,0.17492885182038975,HAR-RV (OLS)
19554,0.0003353148703416081,-0.02385364203049345,0.8719944133152719,-3.024924304198908,0.17076491858416798,HAR-RV (OLS)
19579,0.0009856153848100506,0.1890515677694711,0.851572440577707,-1.7583227094981124,0.09986150323415488,HAR-RV (OLS)
19580,0.001921295184601061,0.04003755610132023,1.1780613850864285,-2.375317041660541,0.09675178302027254,HAR-RV (OLS)
19597,0.013974071764059542,0.8392144877447664,2.376804386166626,-9.174368116013248,0.6655581643351887,HAR-RV (OLS)
19603,0.0008939785710219803,0.3049266500221264,-0.3799906668285593,-0.6331531617371775,0.14309523703192883,HAR-RV (OLS)
19606,0.0004924220674629549,0.1564386815842057,1.2121624056997604,-2.2804484374460294,0.2694448696682564,HAR-RV (OLS)
19612,0.0011270304796034323,0.32268081683184807,0.44734684769461025,-1.5935830537008484,0.24329121437096135,HAR-RV (OLS)
19614,-0.00022736785807960316,0.4546593275772541,-3.48667691641895,4.263886479603208,0.5633734092618152,HAR-RV (OLS)
19623,0.0010824756194885447,-0.5936807608281657,-1.4277315031209175,0.8516916871200552,0.5271612546068193,HAR-RV (OLS)
19625,6.832754439378496e-05,-0.17989518187444062,1.2159042061315217,-0.38212855503573373,0.7353454569690696,HAR-RV (OLS)
19626,0.0011996668791173669,0.943431229973231,0.963155001740405,-6.9078756154559935,0.6259515091563315,HAR-RV (OLS)
19629,0.002040521303104022,0.6622659194126124,1.2754990325855917,-5.569913006107035,0.3889715466871708,HAR-RV (OLS)
19636,0.00033552345912405215,-0.10670694495150712,-1.7356207459372057,2.231873018746645,0.13936546059046662,HAR-RV (OLS)
19639,0.0015973915928135134,0.15487004544129757,0.5545786036485685,-0.3936631252977846,0.15581432588987443,HAR-RV (OLS)
19647,0.0015336108461995717,0.23546765324568406,-0.4262119803072262,-1.79999018707034,0.15634114333656302,HAR-RV (OLS)
19651,0.0020782202427486692,-0.1549477682145475,4.113872965640994,-7.3253187464449265,0.6009308310444039,HAR-RV (OLS)
19660,0.0005638933021101591,0.19778162505591035,-2.373166492658391,2.812793010492726,0.2253718197459883,HAR-RV (OLS)
19678,0.0002239242416148221,0.3538391594893807,-0.71112810335299,0.564806586822724,0.17462751387268183,HAR-RV (OLS)
19690,0.0004906052758078882,-0.21354350373770187,1.151290702387966,-2.292530377943018,0.2193269849798558,HAR-RV (OLS)
19697,0.004174461138555711,0.2805189479400856,0.06433885878958867,-0.88982519625779,0.10626872232665141,HAR-RV (OLS)
19699,0.000914421512146559,0.2843182305984755,0.028155543371286562,-2.2393089885793547,0.21746827171671057,HAR-RV (OLS)
19725,0.007679656387598779,0.2221709395074345,1.5867823540045844,-2.1304820283752104,0.14632771777179954,HAR-RV (OLS)
19729,0.0013069795030142956,0.2011231673190741,-1.1516713029045111,0.7511943831762609,0.10622344689764984,HAR-RV (OLS)
19735,0.0011010628089271597,0.04594220899125008,-0.12641170369791843,-0.427140043328018,0.04620492214843119,HAR-RV (OLS)
19747,0.00201791928857972,0.04729814520940088,-0.3575341967754918,-0.7792170935186322,0.13785396408013872,HAR-RV (OLS)
19765,0.0011809248762978044,-0.0140097902268765,3.093702059811303,-5.377043573878963,0.24402350158330255,HAR-RV (OLS)
19772,0.0034857874760312046,0.3482459060905372,-0.5279849612580914,-3.2414485486374662,0.1792995809776784,HAR-RV (OLS)
19799,0.0014503520867436362,-0.3159954301312778,0.056195211596902106,-1.3895217180452928,0.1802989139953215,HAR-RV (OLS)
19810,0.00032023962199804914,-0.22618720075522375,-1.1552848746379025,0.45768648300080994,0.17424223184050858,HAR-RV (OLS)
19815,0.0007614881266935444,0.026505152159072697,2.301241956659871,-4.0286365012736125,0.4869200081953914,HAR-RV (OLS)
19817,0.0013119043726791504,0.25064538424882754,1.154217169789868,-3.59908513253932,0.17183146842633734,HAR-RV (OLS)
19830,0.0003084417085415645,0.6714595724543274,0.08439153579015213,-1.7649188581183535,0.36449420800163546,HAR-RV (OLS)
19839,0.00021579274605815565,0.2540667552093897,-0.192297338540751,0.016663297875649782,0.05368453189756617,HAR-RV (OLS)
19845,0.0027855182625442614,0.030661567221313957,-1.2420087930011214,0.5813744136949179,0.11916072206308748,HAR-RV (OLS)
19871,7.165679887563586e-05,-0.11050228062759185,-0.7260389275721923,1.7811711002277901,0.0313077230996317,HAR-RV (OLS)
19873,0.0012318949500618455,0.015289656267488494,0.4072587796573561,-1.6693015792999797,0.09128563563715164,HAR-RV (OLS)
19876,0.001028400736155921,0.11307631485653766,-1.941502008739868,-0.49473357369439774,0.387737588067007,HAR-RV (OLS)
19883,0.001828223117730728,0.14460690293207262,-1.322617291584547,0.8558082870748129,0.20236381050488428,HAR-RV (OLS)
19904,0.007544466126831478,0.710891080307414,2.035565586413315,-6.758082391622292,0.5599273405176959,HAR-RV (OLS)
19915,0.0005489344778546494,0.08435473084498116,2.1121987645079505,-2.9913270525411972,0.1390918768749707,HAR-RV (OLS)
19923,0.0009005413006722134,0.693152064191783,-0.034062146261430004,-1.4623674919668848,0.391565851172502,HAR-RV (OLS)
19935,0.00281818758429583,0.3393166140682944,2.5759729246515315,-5.39575770520113,0.42751774686094024,HAR-RV (OLS)
19949,0.0004642657034442801,0.46168044539445596,0.2190265264341964,-2.9285714497266797,0.28537425535069005,HAR-RV (OLS)
19955,-6.288236513357469e-05,-0.8348252773106375,0.7775555019891005,0.7548092907892939,0.5904667210043598,HAR-RV (OLS)
19977,0.0006969258699516066,0.05456660694654891,-1.5969905634175756,0.8646352045386415,0.12809609915216025,HAR-RV (OLS)
19994,0.00035326999328712526,-0.3272819130201798,0.24832258036542687,0.6068169630342449,0.07528211817332153,HAR-RV (OLS)
19999,0.004285121697093864,0.6011368929139592,0.7648513778028493,-3.559806563992744,0.3753219073919283,HAR-RV (OLS)
20008,0.0006719522454268752,-0.32385031683503407,1.3611633100236529,-1.5641872503664678,0.21076157438659693,HAR-RV (OLS)
20017,0.0006737517786626132,-0.09067916879653724,3.1947326823568796,-5.156640357270445,0.4182762464687133,HAR-RV (OLS)
20021,0.0006824368411098721,0.5177272705842145,1.5745143228779315,-2.414829709125516,0.45517346749118115,HAR-RV (OLS)
20033,0.0006681852656211756,0.13672793565783276,2.6711588348736477,-4.21058066692717,0.3878326870067159,HAR-RV (OLS)
20055,0.00039693081388769344,0.01802068085625022,-2.48494706676013,0.72342798747233,0.16825381692407837,HAR-RV (OLS)
20057,-0.00021157957102023906,-0.7004901850464739,-0.8138067965720246,2.3105706278652063,0.47571518892017006,HAR-RV (OLS)
20063,0.0011762445474895477,0.09300812342333206,-0.25893314489722896,-1.7908172557710023,0.2233036691112621,HAR-RV (OLS)
20064,0.0001267535833598396,0.2285029605002805,-0.7334540965669444,1.151860520213491,0.11661881912967098,HAR-RV (OLS)
20078,0.0002543623573431783,0.3748470710973161,-0.22985656331730175,-1.1684261767108053,0.13587453170352692,HAR-RV (OLS)
20083,0.0008849765618801503,0.6083133349763692,-0.35249917119517926,-2.828874957601825,0.45218357205671966,HAR-RV (OLS)
20084,0.0025289231507424313,0.3717787495836986,0.19272597132123936,-1.8574839763510962,0.14296149901860833,HAR-RV (OLS)
20086,0.003181261194151824,-0.259921417423165,1.9584231994285315,-2.616464644749473,0.19948340866119696,HAR-RV (OLS)
20099,0.0002799087176890705,0.08766547653125076,-1.0847445547588919,1.0038775096704233,0.041286176963465926,HAR-RV (OLS)
20127,0.0005777150723410231,-0.51462431683575,2.446850066152347,-2.7066801495174815,0.22439746026736151,HAR-RV (OLS)
20128,0.002547362466947022,0.369471883891598,-0.552201285540648,-1.4323409640043616,0.21795238558399344,HAR-RV (OLS)
20132,-0.0011464909374154957,-0.30938113182751453,-1.2056616008376766,3.22318195201848,0.1555701561765681,HAR-RV (OLS)
20135,0.00012885347798214324,-0.04200739801212439,1.0262939202786279,-0.315167559928783,0.4637221044410026,HAR-RV (OLS)
20136,0.0009402910890876577,0.5714117463991507,0.09810600387977486,-1.2775744807667517,0.3052424193776805,HAR-RV (OLS)
20164,0.0024105526425671486,-0.10487017799551991,-0.9040649550917814,-2.103729679472766,0.23678912085665793,HAR-RV (OLS)
20172,0.00019006247549256352,0.31540126635336413,-0.7078057961790692,0.6650774496889102,0.10525517983440558,HAR-RV (OLS)
20196,0.0016658669839807428,0.26410433852600407,3.249226978724884,-7.089192953972418,0.43668308146037427,HAR-RV (OLS)
20199,0.0013202083515006261,-0.20171133466154675,0.6195980219217032,-1.938006173074962,0.08942277083065064,HAR-RV (OLS)
20213,0.0003413772808733718,-0.2684409499214868,1.7590087110388979,-2.6599261919268766,0.13062497926198757,HAR-RV (OLS)
20214,0.0035562050448636265,0.2840747388632845,-0.25007977150283356,-2.3379840330443598,0.2720985991738196,HAR-RV (OLS)
20225,0.00236328471512817,-0.03425492176949001,0.38422506675103396,-3.7444348571063646,0.14951622667869424,HAR-RV (OLS)
20227,0.0019838992637646125,-0.3160872277824656,2.432731188819669,-2.7214311592436866,0.2535580740532972,HAR-RV (OLS)
20234,0.0005071150287603704,-0.18983401245659112,-2.5568816176680143,1.0834101415655268,0.5012868612479895,HAR-RV (OLS)
20255,0.002333845269013199,0.37066699062828495,0.5225345617263172,-2.8434090291335754,0.2493771852963329,HAR-RV (OLS)
20265,0.00019103439494644458,-0.653290265058031,1.2861040983314587,-0.16225198348712244,0.23634312576711258,HAR-RV (OLS)
20268,0.0007530793096327006,-0.06848791344553827,-0.4430888401767259,-1.1721616232727754,0.17586865045148037,HAR-RV (OLS)
20271,0.00833848898716066,0.6802385439246964,1.1159054931072883,-5.295489479738946,0.41534454806295595,HAR-RV (OLS)
20306,0.0023067647993077842,0.35584820933471734,0.716947797182721,-6.27617391218734,0.3356317178599475,HAR-RV (OLS)
20317,0.00458491316147109,0.33210173374502694,-0.0022271877725855704,-1.6487802999463372,0.3352138929201479,HAR-RV (OLS)
20323,0.002164640645917363,-0.035413721881530656,2.39079867689764,-5.791196469530138,0.2865498934591726,HAR-RV (OLS)
20326,0.0009548675001804087,0.2572495417384855,2.123033929746729,-4.110654042534699,0.28629954593470475,HAR-RV (OLS)
20327,0.0006920423683982628,0.5279449013275569,-0.6399101176939387,-0.25999468461487135,0.31039549301113145,HAR-RV (OLS)
20329,0.0012616487439075425,0.7562111648616109,0.9940664560718552,-5.520608356140762,0.3612723553256022,HAR-RV (OLS)
20336,0.0006593942398326111,0.1502001512341013,-0.7589785955660593,0.26144267210617783,0.04823052421832208,HAR-RV (OLS)
20341,0.0032732072047943024,0.617783172203365,0.6878822109369981,-3.718049330110012,0.30418200789295025,HAR-RV (OLS)
20351,0.0002250567054630748,-0.1077856660801018,-0.3598836765840546,-0.48553579096214006,0.092712713229962,HAR-RV (OLS)
20382,0.0006739334816136546,0.3226321894591432,-0.9075721318369765,-0.8129456052542731,0.147633836497699,HAR-RV (OLS)
20384,0.0010716168620881308,0.5962834158129275,-1.38363869121365,-0.14363162408964225,0.15289696840065237,HAR-RV (OLS)
20405,0.002112208310953918,-0.34154097401527445,0.3292105242096901,-1.3196513365807103,0.21072210660528956,HAR-RV (OLS)
20406,0.0003289291576475536,-0.10264835242393544,-3.1965979936783677,3.565685885595083,0.3889514273258391,HAR-RV (OLS)
20408,0.0009843020717530226,0.38359566577937504,0.6961307688206996,-0.9950646014760244,0.16705179507484846,HAR-RV (OLS)
20410,0.0005630977540049061,0.022865972889210728,0.8888468961932268,-1.195905311023375,0.10245819210390017,HAR-RV (OLS)
20415,0.0016019544826171152,0.17378267992656707,0.10027258666829908,-1.914457864700899,0.17689352439733463,HAR-RV (OLS)
20418,0.001999425606929848,-0.07286819064904866,1.1999445613983442,-2.369393303716559,0.06719728980807693,HAR-RV (OLS)
20430,0.0015888000503751988,-0.2952479194741607,3.735332624804271,-6.094665673994761,0.47610232358906546,HAR-RV (OLS)
20434,0.0002095321620836344,0.06126474697176716,-0.9152060314172514,1.5366476333710186,0.43952068076135153,HAR-RV (OLS)
20435,0.0011019169082838926,-0.19396529546187502,-0.10092525225886573,0.306306643865186,0.0448380012969023,HAR-RV (OLS)
20439,0.0006348772701950402,0.20334097970721618,0.08845329280426831,-0.25263817893775686,0.032289234391481236,HAR-RV (OLS)
20445,0.0007999960035394566,0.4302795046609327,-0.11982822100898094,-2.117806900292468,0.28713334642190724,HAR-RV (OLS)
20453,0.00013310552102430387,0.1045623221431622,-3.746346413096733,3.927435175470295,0.4663652349923858,HAR-RV (OLS)
20457,-0.0003922279868685152,0.16669916972200588,-2.4907350974132836,4.096611747749162,0.24304164445244203,HAR-RV (OLS)
20460,0.0008987745877368899,-0.3466598447934118,0.15409998969055094,-0.9945234749009553,0.34484380228460243,HAR-RV (OLS)
20469,0.0010009333517676626,0.4935851926437999,-0.6948577351960639,-1.6488209798888365,0.2603023188158671,HAR-RV (OLS)
20474,0.0001947007899234179,0.2094821321490007,-0.12661189853757782,0.152802904639037,0.04161955505459147,HAR-RV (OLS)
20491,0.0010703423073633919,0.2677166843105568,0.12482374424486453,-1.5108196303130135,0.1429458841254052,HAR-RV (OLS)
20498,0.004851419601430106,0.18862968073182687,2.121929336010719,-4.342799219526901,0.4297147107473408,HAR-RV (OLS)
20499,0.0013571550587252357,-0.09956246678813409,-2.196599316684578,0.7491187631352596,0.31968906390359497,HAR-RV (OLS)
20550,5.4629642397538425e-05,0.2270113245375192,-0.31512651245096995,1.1194140042937322,0.08311132705514634,HAR-RV (OLS)
20551,0.00014196503890644962,0.29527267447921124,0.07545061099667759,-0.3782781154896645,0.11350810445059589,HAR-RV (OLS)
20557,0.0008006643406065589,0.00015780215212995552,0.2604502966134213,-1.0217779547283703,0.06487674142276656,HAR-RV (OLS)
20559,0.00024833795992883494,0.05534753895015133,-0.4780708566698143,-0.8012987756645475,0.0598450433659663,HAR-RV (OLS)
20563,0.0013892943571465937,0.3295923701439353,-0.014472431940560582,-2.067286291900184,0.1595805385430783,HAR-RV (OLS)
20568,0.00021441455350554891,-0.4763800182370918,-2.956602420318104,3.565168950092671,0.3080680129979343,HAR-RV (OLS)
20571,-0.00010491296794996196,-0.5899101761274463,1.0727293445959374,0.5385244463638256,0.31446386215911304,HAR-RV (OLS)
20577,0.002481414990651359,0.011108594175548098,-0.1973870669460389,-1.1382820481019467,0.12135059228777412,HAR-RV (OLS)
20581,0.00039697878159903824,0.22791419043764094,-1.4017518851996353,1.095586697049319,0.1223702781255831,HAR-RV (OLS)
20585,0.001987827811198716,-0.12651073676674013,1.2022292152830687,-1.6693145684263329,0.08780890110893103,HAR-RV (OLS)
20597,0.000400707277524721,0.319459831081375,-0.6858823042151041,0.434629836871508,0.13928414240793252,HAR-RV (OLS)
20603,-0.0023233748252550587,0.1937818766678418,-2.1737548775357505,3.9420290131346545,0.2226534403930417,HAR-RV (OLS)
20630,0.0013117275797425076,-0.37651962923499227,2.8594939938419666,-3.3156530496941863,0.2878523488374335,HAR-RV (OLS)
20631,0.00021113954785237328,0.343409699753111,0.6348896840809617,-1.2602893407398104,0.1901456356191048,HAR-RV (OLS)
20644,0.0013571127885926917,0.16391782940905902,0.4568924922211881,-3.7958768413888544,0.22210795968771235,HAR-RV (OLS)
20651,0.004613339216628618,0.1434002771369743,-0.9990166087821637,-0.8096074443555279,0.21790124554650447,HAR-RV (OLS)
20669,0.0015020328029354715,0.535934840191848,-0.3339178142163104,-3.1903815390653714,0.4962244643786127,HAR-RV (OLS)
20673,0.0008550822335410722,-0.20976377699929594,2.6806499290036547,-3.1609305978765994,0.28457694748202067,HAR-RV (OLS)
20678,0.0011027187438244893,0.04446151654100781,-0.48071154319753556,0.5099061881762756,0.01618008801782822,HAR-RV (OLS)
20691,0.0016781865634200414,-0.06924690091386762,0.9543932901480117,-2.8065873581833642,0.4411134722786283,HAR-RV (OLS)
20715,0.00047320893804628916,-0.4660180966550034,1.0765611175186818,-0.9676980014430543,0.1733931359199664,HAR-RV (OLS)
20732,0.0010175200720503133,-0.11690874375002124,0.1726478456014796,-0.4311502670015986,0.06926651617903634,HAR-RV (OLS)
20734,0.00024725822054510863,0.09351888798539428,-0.6985971279945183,0.6655481690082646,0.015428991138852544,HAR-RV (OLS)
20762,0.0012425327766244889,0.052546391125476634,1.6563156087923432,-2.5652264936292384,0.17841341578672276,HAR-RV (OLS)
20770,0.0002536416369846321,0.28541380629937635,-0.6716154610880372,0.15887970830128112,0.1382486275032968,HAR-RV (OLS)
20776,0.008826973577543583,0.44733587836944744,0.4703948125662576,-4.762551658167932,0.4888812986966843,HAR-RV (OLS)
20782,0.0004929973582677219,0.09678298992579185,0.8295015002622768,-1.412885767742873,0.13256887045533883,HAR-RV (OLS)
20785,0.003781913115663396,0.6872940327732064,1.212300735765845,-2.51352338314266,0.23630861588518448,HAR-RV (OLS)
20790,0.0009769089779462752,0.6438608384271844,1.00852129521474,-3.8724049698433447,0.25199413712122676,HAR-RV (OLS)
20796,0.0010624386125777001,0.06183236715673303,-0.7300006509490566,-1.5793256900824162,0.21154789754960557,HAR-RV (OLS)
20810,0.0003101983619501385,0.33381685368843833,1.9472653174303505,-2.7934799332809925,0.15779531084484244,HAR-RV (OLS)
20826,0.000702605279722272,-0.22021683743232576,-1.2995001701027282,1.4455233900987712,0.10147684754182995,HAR-RV (OLS)
20827,0.00021283111533317294,-0.3283023802052715,-2.631945320892866,3.5635364392218487,0.15671298298097702,HAR-RV (OLS)
20837,0.001040525635599988,0.18317608031115754,1.9920722067428338,-6.494178303563562,0.44238119873606097,HAR-RV (OLS)
20843,0.0003472610345547876,0.18894003222263625,-1.2530092896944713,1.598956085357507,0.10675781235909076,HAR-RV (OLS)
20851,0.0018738021399873138,0.30957703836971534,1.2640809820608119,-3.543494401794956,0.14011252127415308,HAR-RV (OLS)
20858,0.0013575799542351996,0.07935357214295614,-1.9450402080426743,-1.2819969376080924,0.31641866378674255,HAR-RV (OLS)
20862,0.0009925724943824425,-0.0787722600545013,0.13034372691951007,-1.283990199503287,0.09193078926328713,HAR-RV (OLS)
20872,0.0018671268916023807,-0.08405919096645065,-1.5449186342365957,1.1304736269196014,0.2542455220430294,HAR-RV (OLS)
20881,0.0002970797723820874,-0.3018198294987957,0.4097431498616915,-0.28058637651867385,0.06259865632074091,HAR-RV (OLS)
20900,0.0002754415947665243,-0.10602010864728655,0.45842244641695296,-0.3558725627628506,0.01619519033346073,HAR-RV (OLS)
20914,0.00013872206062731537,0.0041625356273420075,0.0018888016753608738,0.5473230670900316,0.033460664840212706,HAR-RV (OLS)
20927,0.0012129923602579632,0.4615157702028678,1.383831255717185,-2.6996235953825387,0.23274461860509832,HAR-RV (OLS)
20928,0.0019668670691612667,0.47702346152149133,-0.3152534838411376,-3.784008225968153,0.34992443435606113,HAR-RV (OLS)
20935,0.00021600878429121987,0.6439956803241011,-0.09592502225323474,-0.822495041724032,0.35093320340434675,HAR-RV (OLS)
20936,0.0017769544487050836,0.14265998126150606,0.06874128547185791,-0.11328658167630307,0.021135875940422322,HAR-RV (OLS)
20939,0.0023458216224334404,0.01261961832222568,1.0227131621307262,-2.7146127021454314,0.23266622199606846,HAR-RV (OLS)
20944,0.00016380881386674387,-0.12655134632611978,-0.35648518098258875,0.9105341358189036,0.035616828449830495,HAR-RV (OLS)
20945,0.001301261990085378,0.09619759167271329,-0.7958666930099758,-1.6695765717058348,0.2570540471796262,HAR-RV (OLS)
20950,0.0014437197011589252,0.6352703347479594,-1.3995228270457014,-3.1624956252965584,0.418117022567692,HAR-RV (OLS)
20953,0.00011227120663901156,0.5903438824466201,-2.018105745006836,1.9562290617704936,0.2809552036857489,HAR-RV (OLS)
20972,0.00046455793922690083,-0.15818852598318014,-0.05512539298555193,-0.11659079083705554,0.03969266674095251,HAR-RV (OLS)
20973,0.0005504636585845445,-0.35983011935700526,1.3341911338827617,-2.7652807349484037,0.23899199213368472,HAR-RV (OLS)
20995,0.001566709088334757,0.5959874854499438,2.328742162932103,-4.6328462364853635,0.40374159928336084,HAR-RV (OLS)
20996,0.002706338565616504,0.10257497405474231,-0.47507681345115693,-1.9161554953783866,0.09201722437975413,HAR-RV (OLS)
21020,0.0011717657553103385,0.4378974345849511,1.1741051035568875,-2.2675627567137204,0.40880183588988417,HAR-RV (OLS)
21024,0.004410246241215764,0.7458821980728755,5.368620378516196,-13.736853263953003,0.5287095185465107,HAR-RV (OLS)
21038,0.005083421542958001,0.3211812052732643,-1.0276843115466345,0.029893268791101768,0.2701753119838608,HAR-RV (OLS)
21040,0.0006108548149277524,0.09260988214113128,-0.49174583459999444,-0.8891834080565221,0.3425095816361825,HAR-RV (OLS)
21051,0.0014962670226270406,0.012931591770390508,-0.5336664700856564,0.015759039486006265,0.05485936593295071,HAR-RV (OLS)
21053,0.0010594943114453329,-0.1454900561106401,0.07774980817566468,-0.675303239930074,0.09649569853640405,HAR-RV (OLS)
21074,0.000939551698152535,0.44609846326175895,1.0259672893652025,-2.714634468130337,0.24691701761668472,HAR-RV (OLS)
21079,0.0015218379423354493,0.35314730043430104,-1.2358602481152006,0.7749257942973654,0.4116723393386966,HAR-RV (OLS)
21083,0.004807311782449192,0.5588466288098031,1.4573906922131532,-3.483232360087049,0.5796093639318318,HAR-RV (OLS)
21094,0.0009165194223648178,-0.11437282219384959,0.11094775065298115,-0.4275671482615596,0.03213007857497807,HAR-RV (OLS)
21099,0.0011698738740546376,-0.25086451538374094,0.6637689243437225,-2.02878946564942,0.1921785652463387,HAR-RV (OLS)
21103,0.00032173989622961025,0.1254910451723096,-0.7388786580523947,0.3770154550948555,0.06099316487670614,HAR-RV (OLS)
21116,0.0018824312078094822,0.4037704716165983,-1.1188586584328748,-0.6882469242058352,0.33279905228014783,HAR-RV (OLS)
21121,0.0005305937951988335,-0.2744296140584814,0.15922232469155922,0.07706360464732111,0.06677085488925871,HAR-RV (OLS)
21136,0.0007606876296888264,0.20006945270123533,1.8827218421295326,-2.171968204549797,0.5114393565507591,HAR-RV (OLS)
21139,0.0005149680429845213,0.25334601342535434,-0.11441839959638345,-1.380944428346977,0.20020678505127887,HAR-RV (OLS)
21145,0.0016501569948504735,0.33759346315163885,0.10901005580417933,-0.8829011575774521,0.1315329333657108,HAR-RV (OLS)
21148,0.0005130554277968966,0.13949777889049716,-0.014947830893661529,-0.6248032169200588,0.0512308526058437,HAR-RV (OLS)
21164,0.002537104885295175,0.7687721100570957,1.899758759060744,-4.085075606156737,0.6945975172751435,HAR-RV (OLS)
21169,0.00042161748452046704,0.3916162187268362,1.3509343091917787,-4.4402966113514175,0.4723603227302907,HAR-RV (OLS)
21179,-0.00017760731719560418,0.2791339626635376,-2.2273464302604298,2.993015279483875,0.13228648809649057,HAR-RV (OLS)
21203,0.00039838935921804384,0.3777024995656478,-1.000350566880534,0.9293256410504346,0.22612225510533335,HAR-RV (OLS)
21208,0.00144335788585195,0.7931222452936415,2.1130208650169466,-4.399972001672657,0.508173432757965,HAR-RV (OLS)
21218,0.00046316817745732956,-0.40228174341906114,0.807150331300916,-0.6820459240852454,0.16774240868298906,HAR-RV (OLS)
21239,0.00020607808077066728,-0.0019015956603861185,-1.1342054884032229,1.6791304887455918,0.05171043885210147,HAR-RV (OLS)
21240,0.003152819365852223,0.21988360383073316,3.1702803385282583,-4.801351269505593,0.6586145873272933,HAR-RV (OLS)
21243,0.0006866684905646571,0.1511279066651648,-0.13810627906692363,-1.1138440883485827,0.20555050190426039,HAR-RV (OLS)
21246,0.0003035920792027816,-0.3317845420712165,-0.3037829239057667,0.8601392891733863,0.07832997603764869,HAR-RV (OLS)
21248,-4.890600138172344e-05,0.35540036407293674,-0.7879587903353148,1.2827621183721267,0.21859543117426283,HAR-RV (OLS)
21267,0.002671913905064039,0.17692242872872815,-1.8076021319066593,-0.7788509961123292,0.269822172362303,HAR-RV (OLS)
21272,-2.6023686853894634e-05,-0.12795236152042275,-1.2450737299770112,2.1853032645883452,0.26897863443531955,HAR-RV (OLS)
21300,0.0012741140885720898,-0.09836827802831781,0.8789700980973679,-2.786523246059375,0.0590843661827285,HAR-RV (OLS)
21301,0.0012652841453092713,0.1850990258994043,-0.6433297791228467,-2.5251191865069718,0.20540986620846113,HAR-RV (OLS)
21307,0.0065580983027173105,0.19875147553654632,1.912669448543591,-3.456107935054901,0.43267861207634895,HAR-RV (OLS)
21326,0.00047931461256257033,-0.11615969073537152,0.09538915683939692,-0.939169730515575,0.05432405876137436,HAR-RV (OLS)
21328,0.0003266009720970431,-0.10837177036667064,1.325476605954514,-1.6810535315852495,0.05871673184174542,HAR-RV (OLS)
21329,0.0008632442716392417,-0.32731549176853625,1.1625697951562635,-1.6552141124709714,0.3046412764562615,HAR-RV (OLS)
21344,0.0036538202079758795,0.5282154919410765,0.766295463022238,-6.630422322777752,0.37216429840876175,HAR-RV (OLS)
21364,0.000509185803666874,0.11989987499396237,0.4783728129095803,-1.406590141753829,0.012676859014308262,HAR-RV (OLS)
21367,0.00025391187637291245,-0.19761473873643448,-0.46690228085512997,0.6582644982669092,0.040608695953745944,HAR-RV (OLS)
21368,0.0017017325977985315,0.3199057763120205,0.17625690264293903,-3.2678768971026613,0.2460663898445048,HAR-RV (OLS)
21373,0.001048352184783086,0.27442899514314345,-0.30629489224166473,-0.06410428247601674,0.054326313582915065,HAR-RV (OLS)
21391,0.0006664806335550853,-0.2090959037637633,0.4335952328140279,-2.1570773745911125,0.3465135394702452,HAR-RV (OLS)
21398,0.0015320689217274133,0.37747210561413413,0.4333289120603648,-2.1352989062375163,0.27291162098497923,HAR-RV (OLS)
21404,0.002561602355515678,0.5289391300280799,0.5511389712089736,-4.148689938077759,0.2894319937187717,HAR-RV (OLS)
21428,0.001758311546108371,0.40829396104459703,0.19531195062385998,-1.7511153223053026,0.1516838029971157,HAR-RV (OLS)
21431,0.0011168183576041346,-0.061173450599171474,-0.053459455961706315,-1.9424473917242429,0.23161785052202422,HAR-RV (OLS)
21434,0.00028359011576651103,-0.25421215449579165,-0.09590561612564327,0.21839614567249443,0.06350681419739479,HAR-RV (OLS)
21437,0.0009023442913219121,-0.14395725932500897,2.1636630079381556,-3.0938953473086155,0.1788880445942983,HAR-RV (OLS)
21439,0.0008149475903492656,-0.09769601826663928,2.0011642210799616,-2.553847307668984,0.12082435836227179,HAR-RV (OLS)
21445,0.00031288961537795704,-0.241385089315188,-0.3527349873665558,-0.06211250881891747,0.1470948782314504,HAR-RV (OLS)
21446,0.0015471417329818626,-0.027775609059319563,-0.5303434234256978,-2.3248967327707284,0.21433973629448722,HAR-RV (OLS)
21466,0.0008758416663869591,-0.02109199559494221,3.166392164316588,-5.8648460110295515,0.3733943071097311,HAR-RV (OLS)
21486,0.0011635868819653936,-0.30355658461590895,-0.778154085911586,0.9653400225576609,0.1631485897361885,HAR-RV (OLS)
21493,0.0015251862547695496,0.4362276620850671,0.2511887784367979,-3.820998550392869,0.31109403278146264,HAR-RV (OLS)
21507,0.0008245597376051496,0.05612609488338265,0.8489046808137974,-1.4638223648272326,0.05741288824425839,HAR-RV (OLS)
21533,-0.0009657593090180686,-0.2125163591174161,-1.6579864413826835,3.8841160754494237,0.3175031890279406,HAR-RV (OLS)
21555,0.0010661216571056678,0.4591257183025775,-0.25385346074450466,-1.1070761112434946,0.21248853632511433,HAR-RV (OLS)
21601,0.000493094342503888,0.33414564676643654,-0.6242995574110153,0.22988857544980917,0.1507102315313722,HAR-RV (OLS)
21602,0.003140671633971596,0.020070879466571347,-0.6526527103414244,-1.6930288051074287,0.2506368440882234,HAR-RV (OLS)
21614,0.00023731695460237496,0.21833465203387445,0.3203903328460013,-0.6677981251344255,0.08288751578015985,HAR-RV (OLS)
21621,0.001201727419686246,0.06645957776199456,2.465871370469832,-3.7882367573183866,0.3549962131744263,HAR-RV (OLS)
21634,0.0011877984480079817,0.03413226221435605,-0.8392341376426682,-0.7845546448218039,0.2204621704694919,HAR-RV (OLS)
21640,0.000571143209814757,0.8160653638249434,0.738324463751426,-2.374320212527684,0.5145063407504853,HAR-RV (OLS)
21645,0.002514685690665731,-0.13374275007947412,-0.8752222820518223,0.2675498596383311,0.08666862593276292,HAR-RV (OLS)
21647,0.0031620353197373574,0.1962770172448325,1.5115861794421193,-8.481736006519181,0.2926068311722617,HAR-RV (OLS)
21655,0.004827937552193004,0.42562661926292533,-0.37452790218302257,-2.154527484441081,0.25419900724795885,HAR-RV (OLS)
21657,0.0014702172437471971,-0.24293034685349968,2.7978914636915353,-3.7211910075937755,0.14690878049480505,HAR-RV (OLS)
21658,0.00012734266707744587,0.06168984044492598,-0.3517281741879668,0.995483290422267,0.12157770663438994,HAR-RV (OLS)
21659,0.0010836254135149555,0.008259244940752471,0.8216781310478547,-1.371639339133753,0.032163592005432284,HAR-RV (OLS)
21685,0.00041860391601385367,0.08113420546967794,0.8916361619981509,-1.5103470509357069,0.034616113855678865,HAR-RV (OLS)
21693,0.0007362731053385595,0.1300628276542571,-0.34465562531082305,-1.328261515650159,0.33270189915458837,HAR-RV (OLS)
21695,0.00045880145373032306,0.10935862666053948,0.07397361305974792,-2.1137203888282454,0.22648210900040722,HAR-RV (OLS)
21716,0.0007458716698906247,0.560266142005607,-1.928142230225761,-0.9110735675289449,0.39329651882920935,HAR-RV (OLS)
21718,0.0007334391959403477,-0.360232411707639,1.564016937106337,-2.601053176406512,0.33340786787600774,HAR-RV (OLS)
21732,0.00470012375422662,0.20013358268336578,0.4367405780805045,-3.1186220836609984,0.1521944786375352,HAR-RV (OLS)
21734,0.00045951926642667806,-0.7116155479567333,-0.29777713387297766,0.610273453092665,0.5037638719582206,HAR-RV (OLS)
21744,0.0011054375799682385,0.014278199970161583,-0.155345661413265,-1.0923935858649598,0.15777682572823448,HAR-RV (OLS)
21753,0.0015508329774428877,0.1369338186404895,0.8529387618011093,-1.3954073777482494,0.13693571816960726,HAR-RV (OLS)
21762,0.0018687387923643436,0.1400881442066988,0.9316585147656999,-2.2652139705244365,0.08665630139528768,HAR-RV (OLS)
21770,0.0008502144271999427,-0.3027934421214969,-1.0328026797345182,0.8299317981497158,0.23037765707827296,HAR-RV (OLS)
21777,0.00010972656852860238,-0.3230127261288264,-0.7568527703263009,1.6925086668660505,0.10071038345340078,HAR-RV (OLS)
21805,0.00014862261936563208,-0.4870235756182208,0.14786622247327463,1.5240523359464717,0.2904133035125539,HAR-RV (OLS)
21825,0.0044405675527477905,0.3563950582756377,-0.1201162805118332,-2.5565077536950094,0.18848234315671253,HAR-RV (OLS)
21834,0.0008437313506036435,0.30155537304709584,0.003156960980136403,-1.7244832469638252,0.13831954542932157,HAR-RV (OLS)
21843,0.0007476964051489261,-0.12377414065453786,1.8499272825653486,-2.034792915472787,0.32598960887965456,HAR-RV (OLS)
21848,0.0015246694850744574,0.1452328386341126,2.302508682257854,-4.967197592213964,0.2515870020173545,HAR-RV (OLS)
21849,0.0022823990686633685,-0.28577356942071447,-2.104629546661471,0.45298592508922053,0.38147719837229377,HAR-RV (OLS)
21854,0.0009811151529355543,-0.1668372020521231,2.078835825530415,-2.3061720332126194,0.18851455767032654,HAR-RV (OLS)
21883,0.0006028651167952824,0.2678348712858073,0.9810744982143772,-2.1958881334749636,0.25147332367239483,HAR-RV (OLS)
21884,0.0013507011736446472,-0.4495399048099905,0.8647683442304149,-1.4076854786275406,0.1890661553052243,HAR-RV (OLS)
21886,0.0017664475297144426,0.4117004833718403,-1.1605825860133883,-2.0326684321020796,0.23824317202968837,HAR-RV (OLS)
21888,0.002003638338618885,0.13185442679574494,0.9230201359831519,-2.9935818493363264,0.41389446925919227,HAR-RV (OLS)
21890,0.00035171436002383414,-0.05719369419577001,-0.6867186329500442,1.2928363110987275,0.039660440451008916,HAR-RV (OLS)
21891,0.0017073073564674885,0.7508821365947999,0.8446552335959762,-2.107959252398787,0.6921208522563691,HAR-RV (OLS)
21897,0.001398536487601309,0.9259118111455736,1.6443668656772978,-3.4126608151276256,0.5263054112845852,HAR-RV (OLS)
21906,0.0002650283811489048,0.01091280895245872,0.4578747593771848,-0.3802250990182928,0.020081562786064877,HAR-RV (OLS)
21911,0.0011072513238523296,0.3522355582997844,-0.4261386189992369,-1.1328761098559132,0.2476391041189615,HAR-RV (OLS)
21920,0.0026905569532744635,0.7058374236656012,2.4265265886957375,-4.070260551436462,0.564814084154069,HAR-RV (OLS)
21931,0.0008558739940795974,0.2245368223069711,0.3220192639596823,-2.2330821529523788,0.1687037744486588,HAR-RV (OLS)
21934,0.0005885118573584298,-0.2715393046009937,2.6865275164809392,-3.4170874612804845,0.2248134702826664,HAR-RV (OLS)
21988,0.0019923649020900935,0.29472991580965563,0.5822395008678882,-0.9710132207453439,0.0724436927008636,HAR-RV (OLS)
21990,0.0006757255526553507,0.28424748973208336,-1.4201829637602543,0.8734165200292531,0.13441746461262305,HAR-RV (OLS)
21995,0.000532038102753523,0.07606854600967268,2.966626086796398,-6.291552384674152,0.2644826147496191,HAR-RV (OLS)
22003,3.6944552683195668e-06,-0.43931356938104593,-1.976898042313834,2.909668728534077,0.11535618715358631,HAR-RV (OLS)
22008,0.0009555881097982332,-0.6945717729742118,3.4788524852783334,-3.3940343851413823,0.5330661936898082,HAR-RV (OLS)
22011,0.0009907620400516261,0.24585298112291346,0.2131880517998918,-1.3294553532514153,0.12517932699585854,HAR-RV (OLS)
22013,0.0008191374311382272,0.051195263511336776,-0.9859754618446535,-1.254847941226721,0.17762566839760852,HAR-RV (OLS)
22014,0.0014553043297835268,-0.01201418553189389,1.1652039812343022,-2.390171164883323,0.21272652419675298,HAR-RV (OLS)
22023,0.0016258945338320278,-0.14539040341245923,1.9618303341461518,-3.643410775113624,0.27510691561547973,HAR-RV (OLS)
22026,0.00018789308700741208,-0.2765824127911042,-2.220912148223244,3.2720509792378474,0.18788329103441748,HAR-RV (OLS)
22038,0.002909640769174584,-0.011326990433412652,0.021760325192869967,-0.6848009780979566,0.05739648096324723,HAR-RV (OLS)
22042,0.0007929680455343428,0.22222107196428087,2.006172423780328,-3.2008149619606083,0.35205936214994193,HAR-RV (OLS)
22047,-4.0663127077192004e-05,0.1219496133476074,0.4681251900992697,0.3220790887475278,0.3843290984351352,HAR-RV (OLS)
22064,0.0006879472175458489,-0.3294624781669906,-0.44584061997776603,0.8623936240239745,0.11306638030794647,HAR-RV (OLS)
22067,0.0011238798959505671,0.3651057807177601,2.0746687807097657,-3.4895187265538405,0.38821179050905796,HAR-RV (OLS)
22076,0.0004374965264465298,0.4558867394185279,1.4963153985301318,-3.406972525603559,0.2592585383488871,HAR-RV (OLS)
22079,0.0019201049809179425,0.21264184908223224,1.195586326055829,-2.450616785862488,0.26918100084747854,HAR-RV (OLS)
22081,0.001040304174028234,0.353882905987911,-0.6217480016402589,-0.2859684023603027,0.15075168784231996,HAR-RV (OLS)
22106,0.004948428495157553,-0.07586736731734586,-0.7433162450251778,-0.9233784628830327,0.1862705050374045,HAR-RV (OLS)
22115,0.0006700510556444115,-0.010055904618070361,-2.235829489984578,1.8169729429856494,0.2578703677902944,HAR-RV (OLS)
22117,0.00035120019967682897,-0.21739522359461497,0.2937989032167138,0.23326752838350182,0.22884865456997427,HAR-RV (OLS)
22120,-2.171704078897526e-05,0.09588402881080688,-3.0942354640026184,4.269225845573074,0.3252339006624081,HAR-RV (OLS)
22126,0.0008171435663360668,0.5476514826230212,0.9856752915278445,-2.7850911346558656,0.4969025488267209,HAR-RV (OLS)
22133,0.0006913170860802242,0.17920904535470145,-0.8619902356711346,-1.6003019209524156,0.43492569965015715,HAR-RV (OLS)
22159,0.0012722337586743699,0.515550279876164,-0.8797788429269036,-0.10037403722405336,0.2887857591956089,HAR-RV (OLS)
22166,0.002501677100572023,0.24117099183996532,0.5751475314853526,-1.441021525957179,0.04507828249838419,HAR-RV (OLS)
22169,0.00139870872761043,-0.020338855649969446,-0.7529256697186276,-0.17162343813949194,0.13414309470026398,HAR-RV (OLS)
22178,0.00010964489685455367,0.5501684660622769,-0.12104136764766639,0.2876368137826207,0.3792180590136187,HAR-RV (OLS)
22188,0.0006958640426929635,-0.08887727472279906,0.5233374486906811,-1.217972725720643,0.07100889924579623,HAR-RV (OLS)
22193,0.00031917855388031643,0.08086968739671502,0.3240810339486567,-1.2405139447263773,0.00599623685481987,HAR-RV (OLS)
22217,0.0002147523326659688,-0.31794525945384566,-0.7177062776626884,1.4701571471865633,0.22158456886450884,HAR-RV (OLS)
22249,0.0009639126346410723,0.09622794233878684,-0.41327161646059585,0.4178868129189728,0.011487252155583438,HAR-RV (OLS)
22262,0.0004809615451157812,0.09159362535582005,-0.9463274641455546,0.6884434586891923,0.026329470673105426,HAR-RV (OLS)
22263,0.0022332738500522144,0.06000817059601965,0.8306114902902113,-2.9868319248860877,0.180494609545643,HAR-RV (OLS)
22277,0.0012393889817748757,-0.09602257895048992,0.3465067861983744,-0.10079451249284482,0.010454069711486325,HAR-RV (OLS)
22289,0.001209801465250391,-0.011029531552390158,3.296361050970196,-4.253631044472957,0.3148584850300288,HAR-RV (OLS)
22290,0.0015539068619613051,-0.3687423658515345,2.3277646815240836,-2.437159695332219,0.2579764833036682,HAR-RV (OLS)
22300,0.0028979744743480628,0.5163127371133771,1.136530393659694,-3.528012435105659,0.3541555805143364,HAR-RV (OLS)
22304,0.003691755076465766,0.2595849476167371,0.6581358769636554,-2.439043249997417,0.17311925635976866,HAR-RV (OLS)
22307,0.0008473142296067958,-0.18488149111283644,2.660063519156338,-3.8240637148937466,0.3505339348861696,HAR-RV (OLS)
22331,0.0014691955232338648,0.1411432797878613,-1.0720406488960048,-0.8488388799145412,0.2686513278964563,HAR-RV (OLS)
22355,0.0004144381605696036,-0.11739221592245565,0.8016555434753356,-0.8894294052139391,0.03201429857066529,HAR-RV (OLS)
22377,0.0007291250486522382,0.2537235569602778,-0.2667122656758951,-0.6322642275892809,0.10958272156168403,HAR-RV (OLS)
22384,0.0009341406542009845,0.625111356694505,0.600839084600256,-1.2506813473768204,0.5041690182015239,HAR-RV (OLS)
22385,0.0024431588991144365,0.054500797208024324,2.6209852624693912,-4.187118642824353,0.41520425694914564,HAR-RV (OLS)
22392,0.0008475243081257608,0.10420071959862337,0.17533687499503414,-1.0253334220347203,0.07230033701918193,HAR-RV (OLS)
22405,0.00029830977911779195,-0.1796988608574321,-3.2669912402839905,3.0020613325884327,0.17926300767237124,HAR-RV (OLS)
22427,0.0015521933784450326,-0.12206208512976661,0.3757041755254188,-1.9626929081628228,0.43959704484242423,HAR-RV (OLS)
22440,0.0002636586430015047,0.08289988423448959,-0.828786916582498,1.025785200364918,0.03443050728186525,HAR-RV (OLS)
22441,0.001640586619217992,-0.4949339475891394,1.9605026262553715,-2.8941104098889205,0.34987575762670364,HAR-RV (OLS)
22447,0.0003977903687200381,-0.2662426055952771,-0.6409734720538787,1.2771432816212456,0.07922049768066552,HAR-RV (OLS)
22455,0.0024266962600654404,0.11229293164220233,-0.8796538698894794,-0.28650609517910375,0.18864374623131341,HAR-RV (OLS)
22466,0.0019155957178997765,0.43029309641854924,0.760655186006605,-2.523777032991046,0.2967581759416097,HAR-RV (OLS)
22487,-0.00013750924558152117,-0.25960680918527596,-2.894741572970564,4.167634006830182,0.3711930537988005,HAR-RV (OLS)
22495,0.00022689130097412283,0.32160576016054926,0.3173594879662432,-0.25311792315334325,0.14794743899843787,HAR-RV (OLS)
22496,0.0019897276285460626,-0.34343143213600985,0.2857355306773932,-2.763937934590477,0.5163679323451917,HAR-RV (OLS)
22498,0.00016424485153800447,-0.1081197935376748,-0.29926522605303313,1.2764531364410217,0.03384444978192935,HAR-RV (OLS)
22501,0.0006768098764779727,-0.18066460054285047,-1.8886292944197338,1.7057891059808379,0.19921622999490307,HAR-RV (OLS)
22513,0.0024172658644552904,0.18267119870887422,-0.8089608991440822,-4.461213320833366,0.4844062868445056,HAR-RV (OLS)
22517,-0.0008527272967079667,-0.38124636209864887,-4.336323068410665,9.705613178110264,0.19015819090191943,HAR-RV (OLS)
22519,0.0017662789649687564,0.5377479687626827,2.0725669135949922,-4.180023780643427,0.35485755051420353,HAR-RV (OLS)
22532,0.0005810966512721555,0.34450309820923813,0.48715841250274583,-1.2539749988846927,0.2270032333814742,HAR-RV (OLS)
22542,0.0019698570274252853,-0.10069610029090413,0.09970921654830744,-0.8471914501117954,0.10593855145747388,HAR-RV (OLS)
22543,0.0018010711096938963,-0.020400657469070896,1.6710465041291194,-3.9076497936293806,0.36343825815173103,HAR-RV (OLS)
22548,0.0008554670623781993,0.3151977349110005,0.7781388745187718,-2.868396495979101,0.25188829682119374,HAR-RV (OLS)
22585,0.0005969628653868446,-0.1294556416708345,0.5712471685125713,-1.68113444698174,0.10988736695243673,HAR-RV (OLS)
22590,0.0008495631843463802,0.146024414527151,-0.49215374035122794,-0.5141920639485182,0.12762642952951087,HAR-RV (OLS)
22598,0.0009804221946341815,-0.03295874619645896,0.8530376013867489,-1.4519388981326848,0.08311560781440519,HAR-RV (OLS)
22616,0.0008490951685636218,0.13291862564256227,1.9438503574636237,-4.345485886647447,0.34833134041867597,HAR-RV (OLS)
22621,0.0003737089464380607,0.1647723229050224,-0.21416132712131056,0.7313987098185971,0.1491230874599565,HAR-RV (OLS)
22622,0.0006846259099297696,0.8138450549454075,1.2717549057453996,-4.961669980303567,0.3881110832141689,HAR-RV (OLS)
22627,0.0004503543756887509,-0.2598719025092764,0.45809920420260863,0.09027177156278632,0.07545145668652231,HAR-RV (OLS)
22635,0.0009738956588467656,-0.5142466898797264,3.5955907928956266,-5.423834233253873,0.40028784500508485,HAR-RV (OLS)
22638,0.003858413006736351,-0.09788929118932263,1.3254918468373642,-2.3999810795788545,0.16983770234216156,HAR-RV (OLS)
22649,0.004840171180011643,0.46434765702399383,1.2066074928280952,-3.0669119947562273,0.28574176085076775,HAR-RV (OLS)
22666,0.0002497932658956857,-0.15158355345058147,-0.4963415353129024,1.4143874389212212,0.09564040741792867,HAR-RV (OLS)
22671,0.00028397956882846704,0.7892213155796648,-1.0076056295019478,0.7266327555381474,0.6191870800550742,HAR-RV (OLS)
22674,0.0014529200539074188,-0.07014508376590091,-0.12097675992948131,-2.4298591455178116,0.27661593727919964,HAR-RV (OLS)
22678,0.00014389341174589606,-0.1093646704208584,-0.021217169213605613,0.3391954955803194,0.02936892944827818,HAR-RV (OLS)
22695,0.0003898152712044508,-0.13678646589306753,0.016426799759546362,0.41351133474869367,0.03766291271602118,HAR-RV (OLS)
22697,0.0038233666038431455,0.3719822710878795,-1.6771287254353915,-2.584310459465608,0.3725335256741694,HAR-RV (OLS)
22725,-0.0004007069210554238,-0.09914581112567537,-0.008577293747592973,1.4785993455232762,0.5132607663718236,HAR-RV (OLS)
22732,0.0013219524210244843,0.26289011291197506,-2.045103174787985,-0.3862786641321577,0.22402022473422945,HAR-RV (OLS)
22749,0.0009645112577964232,0.2240768056682634,-0.19770785709285876,-2.0009568338173365,0.19741534762414215,HAR-RV (OLS)
22750,0.0005988454411661891,0.2534125856860902,0.8518949984126518,-1.842728894549314,0.2835661110029799,HAR-RV (OLS)
22752,0.0025335347297077457,0.357894338206356,1.2247543730443808,-4.199598335396381,0.26486191462312614,HAR-RV (OLS)
22759,0.0003975906319985564,0.3308644656566733,-1.1004134201110647,0.6647993457978443,0.13768079539554734,HAR-RV (OLS)
22766,0.0005066422120154498,0.3249944041621273,1.8262805427770779,-2.8549681658866435,0.4154393331895714,HAR-RV (OLS)
22780,0.0004966936929788027,0.19853279640602853,-1.935436968580109,0.9720565978608267,0.2924245044479211,HAR-RV (OLS)
22794,0.0010138796444124029,-0.1063699552858056,-5.004517706930285,3.8884934787933,0.5421000663791901,HAR-RV (OLS)
22798,0.0002780371515840312,-0.21491805892089053,-0.1639019769182365,0.6001436085037566,0.037879501834161666,HAR-RV (OLS)
22822,0.0008372806078818636,-0.1804083527739306,1.1185465549598095,-1.4475845846730637,0.12012544171706474,HAR-RV (OLS)
22824,0.0009336385952472717,0.31751236176295405,0.5479668647148855,-2.28965452942896,0.20887560135576388,HAR-RV (OLS)
22825,0.0008621479713070548,0.49386900763440805,1.8804544310696727,-3.174568615912936,0.1766796909689139,HAR-RV (OLS)
22827,0.0019031895554408814,0.3797556809236202,1.9549889358588257,-3.7699581835655507,0.4898877224018845,HAR-RV (OLS)
22828,0.00011844559270915377,0.1420500466151989,-1.7671084664113894,2.0877591805909383,0.21635865325732895,HAR-RV (OLS)
22829,0.00042239363199793247,-0.006193059706617803,-0.5695718875828444,-0.3741652135690871,0.11156252742574313,HAR-RV (OLS)
22877,0.0030784586021476504,0.5986385953255587,3.4479512951998057,-12.53433917758433,0.5086810544194034,HAR-RV (OLS)
22879,0.001859520170802197,-0.09050481986281762,-0.9040228214436612,-0.4660384339352696,0.1875033339125901,HAR-RV (OLS)
22884,0.0017399320551247305,0.27992107663225885,1.6482037851711762,-3.4547481122506176,0.22742926865337465,HAR-RV (OLS)
22887,0.0007957273826599083,-0.1902597123287775,2.1170181503932772,-1.4949136434156605,0.3712650102628774,HAR-RV (OLS)
22893,0.0018751070089027594,-0.1218521934533233,1.6340681312953165,-1.5875478486504062,0.24716116436629643,HAR-RV (OLS)
22898,0.000641913558285995,0.5093505196263193,0.9777370089563647,-1.800418000160512,0.2067661856441212,HAR-RV (OLS)
22899,0.000703500517136878,0.04482073774427725,-1.143205581886111,0.9687371658220029,0.05342178499037731,HAR-RV (OLS)
22903,-0.0007592418956363239,-0.27237878045643377,-0.6798026589431742,2.7819204160773805,0.291912327407186,HAR-RV (OLS)
22907,0.0005773636834467752,-0.13021975256556412,-0.5287709075471922,-0.27277613621312297,0.16828256776169692,HAR-RV (OLS)
22909,0.0011008952532980116,-0.5205272523697233,0.7140574982204065,0.01857174763766134,0.17174443953031726,HAR-RV (OLS)
22912,0.0017372999935429023,-0.3697359393680984,2.951801355566011,-3.8850261810083118,0.32311900046204534,HAR-RV (OLS)
22914,0.0006726054726985369,0.06869946535354503,0.7012173419152559,-1.8748547635868364,0.08559830483773667,HAR-RV (OLS)
22922,0.0006041229887376762,0.546246117924715,-1.2917239160017846,-0.45913664205560345,0.2380031283971945,HAR-RV (OLS)
22928,0.0021866678833921314,0.30034825469264476,-0.22482932240008113,-1.1623365897856632,0.08939134572259522,HAR-RV (OLS)
22941,0.0021864228968900856,0.470244571822695,1.990461651398228,-5.015450609299424,0.4470578494043652,HAR-RV (OLS)
22946,0.004220943891736772,0.046881154519937865,2.4322313687955637,-5.426820820139157,0.3344668708639842,HAR-RV (OLS)
22947,0.0022229503379094743,0.47597784040034957,1.2721685898169237,-2.6823102220587103,0.13621931566133183,HAR-RV (OLS)
22962,0.002579510335980842,-0.27289671929092496,1.036717294393174,-2.755265656329231,0.17380657980570158,HAR-RV (OLS)
22964,0.0006009224486130368,-0.20569838821669426,-4.231480356142825,2.1315863144939846,0.37992041168575663,HAR-RV (OLS)
22973,0.00014849537763590845,0.5272084556577992,-0.6322421774722091,0.8992351721520635,0.324159036603449,HAR-RV (OLS)
22996,0.001419602207051889,0.4847167878581813,1.3406199045944012,-4.074329284038346,0.44359831086701784,HAR-RV (OLS)
23001,0.002731935066297103,0.08941288103344718,4.1245677542811965,-7.004704102301062,0.44036233716612727,HAR-RV (OLS)
23017,-4.278472587409697e-05,0.12992640548984513,-0.03924645710243169,0.8683953181812428,0.18013539696901504,HAR-RV (OLS)
23019,0.0001464956931723996,0.5740991073877716,-0.6423222101559534,0.6435476462977286,0.42813317801493134,HAR-RV (OLS)
23028,0.0007169780096892332,-0.269577288262304,3.2482888673841144,-3.3621696874477296,0.26708788743200007,HAR-RV (OLS)
23030,0.0018908658828658339,0.21199180519488203,2.633865861127977,-4.870450751087072,0.5103535367406313,HAR-RV (OLS)
23034,0.0003263811842264062,0.011489756304692638,0.46051139714077516,-2.4939207312170706,0.1638188650863196,HAR-RV (OLS)
23045,0.001699389468790999,0.1502883971164095,-1.0456069784458804,-1.1421991991928124,0.1900914317188771,HAR-RV (OLS)
23049,0.001891778678916171,-0.48387907034242283,1.1800960694441947,-1.768880506807408,0.20025957073617418,HAR-RV (OLS)
23054,0.00014749816831130093,0.3559200673946289,-1.0424327737074754,0.7822925001636505,0.19970753037186484,HAR-RV (OLS)
23062,0.0032717739361291303,0.9084879765958516,0.15181703825981274,-3.909242855546517,0.5083317211315606,HAR-RV (OLS)
23069,0.0006197037940833285,0.38675803672148634,0.6605267054051879,-1.7159148356933878,0.2957261754750472,HAR-RV (OLS)
23088,0.0014039320133296684,-0.170492798080727,3.417819289138378,-5.866822905587453,0.2540589687893433,HAR-RV (OLS)
23112,0.006286989671949563,0.16796836627474349,-2.018582325666229,-2.813284910309022,0.5734782533002751,HAR-RV (OLS)
23130,0.0019348440181006672,0.3305586186527711,0.9413848003977789,-1.9827309444245236,0.288788039260511,HAR-RV (OLS)
23132,0.00013317927288413356,0.18381481146811313,0.21383038754595252,0.32298713511261595,0.3629402793287889,HAR-RV (OLS)
23136,0.0012311728515491324,-0.26074476165479266,1.5456100995485882,-2.3106785066473274,0.3533806132806422,HAR-RV (OLS)
23144,0.0009735521467173903,0.2844162888926695,-0.32692517862176307,-2.1109118078748,0.27307094779339314,HAR-RV (OLS)
23145,6.359220281386684e-05,0.019416627490148084,-0.9006392387176743,1.5422105074905768,0.05612085841987602,HAR-RV (OLS)
23147,0.0011073509573313093,-0.02736905754511348,-0.9865752826821326,-0.06506808093419159,0.4668626906132929,HAR-RV (OLS)
23153,-6.980433260704149e-05,-0.9148265034525477,-0.2738804724106412,2.739688850470881,0.4546694124395204,HAR-RV (OLS)
23156,0.0010286529176045476,0.12359369091724384,3.967247301518753,-6.159430116537146,0.44714940003840387,HAR-RV (OLS)
23170,0.0007619460327722068,0.6263309395868137,0.920853293022116,-1.7685899409113026,0.3210804626244673,HAR-RV (OLS)
23179,0.0023124261626306392,0.6588632003743874,0.7484849426305012,-3.5840397104542694,0.3412561199520108,HAR-RV (OLS)
23185,-9.060256487399823e-05,0.13366831823386874,-0.42098994774964893,1.8045259136067897,0.4183264482943039,HAR-RV (OLS)
23195,0.0007827350383577806,0.32887067003608556,-1.713433236523747,0.5086989852839934,0.23770150968786263,HAR-RV (OLS)
23201,0.004495992545054895,-0.5013490622186724,1.922575408423399,-3.850969079460975,0.33383694699591926,HAR-RV (OLS)
23202,0.0008232955811912283,0.7283098900360572,0.08090155214432482,-5.88522565331002,0.35776768320428776,HAR-RV (OLS)
23212,0.000727965705481224,-0.09120752277492586,-1.8431168388611903,0.7272589491344992,0.4130428541720762,HAR-RV (OLS)
23217,0.0004067417143108502,0.5049965560873023,0.35645603404996923,-0.5767997995573844,0.2913331515057249,HAR-RV (OLS)
23220,-0.0004320457532045719,-0.07471800486046018,-1.7547130493879228,3.2128380542851005,0.09002230014420354,HAR-RV (OLS)
23226,0.0003484159672235835,-0.11081424116411254,0.04268776359236961,-0.19657171348286984,0.03219114003479118,HAR-RV (OLS)
23228,0.0011846675803102663,0.16754979154088592,-0.022045390931265896,-3.490820642381255,0.38134303161890537,HAR-RV (OLS)
23232,0.0015627265367656848,0.49277809102049525,1.6473548670857796,-3.1478248151746433,0.26104348775529074,HAR-RV (OLS)
23233,0.007213570600322011,0.10134502264728458,2.9425702349641956,-6.105139256104996,0.28600861270748956,HAR-RV (OLS)
23243,0.0010454819422680678,0.22694543950971438,-0.9719650412716179,-1.9295910131691214,0.38399564401124575,HAR-RV (OLS)
23246,-0.00020657947593798415,0.22698027211851982,-1.2196025046327919,2.109463610290887,0.2861303363023173,HAR-RV (OLS)
23254,0.0006415679567795022,0.39776746124621626,-0.541128253403799,-0.7037806007439217,0.2647035573167096,HAR-RV (OLS)
23265,0.0008332186573196055,0.1720853025947864,0.10648168067679153,-1.7730906619202749,0.10216115826909022,HAR-RV (OLS)
23274,0.0017883274684525633,0.17017838329665927,2.187098340992769,-5.223840071955365,0.27031102148330655,HAR-RV (OLS)
23290,0.0006796415205667704,0.31136747650101515,-0.6927806279510604,0.23549183382275007,0.12985733890325857,HAR-RV (OLS)
23299,0.001704004690478882,0.454658292914289,-1.631938424862844,0.7452425930812584,0.22592097725115867,HAR-RV (OLS)
23312,0.0002719392749184125,0.519317587073395,-0.48228314482129475,-0.07019890914530064,0.2178699766280029,HAR-RV (OLS)
23317,0.0007557207215632849,0.3651235073622044,0.4376710087044811,-0.9098658851350026,0.17131343542312327,HAR-RV (OLS)
23337,0.00023073884824149768,0.018622057568810833,-0.26007020990743834,0.23618663823028468,0.00817339116653748,HAR-RV (OLS)
23341,0.001072635445307015,0.2874503757780976,0.61225661072319,-1.2752856455883816,0.09142747386039363,HAR-RV (OLS)
23342,0.0017177964433752674,0.2428600417519343,-1.0363624161131497,0.305071225513881,0.19339365498270822,HAR-RV (OLS)
23348,0.0008041037179008297,-0.006567199514820702,-0.3200542986356698,-1.2187111940622821,0.09471773648965831,HAR-RV (OLS)
23351,3.135805325922851e-05,-0.15969097875066343,-1.1814273511283377,2.0286770543815065,0.18903573065845247,HAR-RV (OLS)
23353,0.0018939507558688303,0.17511445071516973,-0.05762980684443597,-1.321006141062942,0.07851651093855028,HAR-RV (OLS)
23356,0.0005623085237219897,-0.24372669541976258,-1.700277963513488,1.03338419323941,0.16985542571992607,HAR-RV (OLS)
23366,0.00045646305734811486,0.46306109679277746,-0.8119819125030038,0.5780166556272744,0.17492108511750226,HAR-RV (OLS)
23386,0.00473121217763944,-0.21803676280025083,-0.6147525278717048,-1.8967950878110993,0.23027262586757058,HAR-RV (OLS)
23399,0.0019325881872880102,0.20334050400628836,-1.1956779659017185,0.830071379226482,0.18226272321113246,HAR-RV (OLS)
23405,0.0005469034777995207,-0.32184682557732963,0.9504279089974114,-1.1762159009559352,0.11960200826886669,HAR-RV (OLS)
23417,0.0008772010868162891,-0.10286819050588773,0.3160351385451361,-0.5127079486449704,0.02198112086931958,HAR-RV (OLS)
23423,0.0007367753257491476,0.10472487488151849,1.8963697957122156,-3.0466605760373175,0.16390504836659525,HAR-RV (OLS)
23426,0.00027327233182605537,-0.14282535788714623,1.0731602482926346,-0.6875644495947792,0.20999713693417799,HAR-RV (OLS)
23427,0.0014409113365643038,-0.10801386598944623,0.7880876772852876,-1.4172891616122654,0.03906717069516097,HAR-RV (OLS)
23462,0.0010766708150685542,-0.29881307736221957,-0.14657061302963226,-1.5376477849887702,0.22376199940653918,HAR-RV (OLS)
23464,0.0008452617407341003,0.4066513364516691,-0.061670122353087414,-0.3251078251000561,0.12656842386885137,HAR-RV (OLS)
23486,0.0016199642335380405,-0.8245895622241199,2.4634787613532456,-1.6702811223318557,0.6181040177693571,HAR-RV (OLS)
23488,0.0013776824624001393,0.4100173798839425,-0.08687155220089915,-1.8907896559675996,0.17225437446020553,HAR-RV (OLS)
23490,0.0015270951244915427,0.11947384143926638,-0.5700900967043738,-1.783300570950686,0.2066643957666897,HAR-RV (OLS)
23500,0.00044106096188285636,0.3961933799325093,0.2833339036365131,-1.239366987941641,0.17292025999873573,HAR-RV (OLS)
23503,0.002136478430700347,0.3513257423332723,0.7404167562253064,-1.251468543068968,0.16685176418271774,HAR-RV (OLS)
23504,0.00168542449577152,0.19957858544628235,-1.6769150832103505,0.03567635797126634,0.1678191625133576,HAR-RV (OLS)
23520,0.0007673524716726914,-0.08778246337537203,-1.0131343248169091,0.8713740775374172,0.09452981978713493,HAR-RV (OLS)
23524,0.0011948141705381168,0.12217075476836303,2.235413141668598,-4.377442077965597,0.290052424937318,HAR-RV (OLS)
23531,0.0018456474914756375,0.030137605023322456,0.29404443818649023,-1.0741710106384936,0.04066383397746187,HAR-RV (OLS)
23536,0.0005421658124752577,0.06732022872695878,0.6616668235408705,-1.798551719392829,0.11225418133108234,HAR-RV (OLS)
23539,0.0013071760162283986,-0.24622722279711443,1.942721366346612,-3.6362481483479585,0.17312565073638797,HAR-RV (OLS)
23547,0.0016962351620881254,0.6130063192415028,-0.19606664606416002,-1.4539040697800152,0.3248038418635759,HAR-RV (OLS)
23566,0.000520790664794058,0.6591959006099477,-0.5125264682451417,-0.3712992501591998,0.35895072345435597,HAR-RV (OLS)
23579,0.002656830948632769,-0.05607491221671145,-0.1399958557673473,-3.317464460687617,0.22131782368999486,HAR-RV (OLS)
23598,0.0008985952764652477,0.11298798236098027,0.9305893374583725,-4.285161536666276,0.25543131002847175,HAR-RV (OLS)
23600,0.0024648942393875207,-0.05036567008805812,1.9443804575000907,-3.128582100243845,0.1929395218975507,HAR-RV (OLS)
23603,0.0009750634067619672,-0.09765782654658921,1.6566500656399916,-3.054468074015292,0.055129823330375305,HAR-RV (OLS)
23619,0.0019659302648847798,-0.4757063620440488,1.103537447084432,-1.3266480018388718,0.28781969165865917,HAR-RV (OLS)
23624,0.000792661575965524,0.41888107511947226,1.540239870938121,-3.3624847452009057,0.2729732238358896,HAR-RV (OLS)
23628,0.0003863457573089734,-0.15282940685745014,-1.5049711983124174,2.1454021406702553,0.12479503367582234,HAR-RV (OLS)
23630,0.0005265662042195723,-0.04172350879437354,-1.5187948646673406,1.3259876565465203,0.1399739296436282,HAR-RV (OLS)
23637,0.00014889341223740126,-0.031167916486922846,0.06932150516890317,0.5631105890551237,0.056108006700527735,HAR-RV (OLS)
23639,0.0005694286190643877,0.02566207803179491,0.8309452214682203,-0.8536722020570634,0.1735207060641446,HAR-RV (OLS)
23642,0.000291695838124645,0.060104836049368844,-3.490748161490692,4.2703552839015,0.21026301853675966,HAR-RV (OLS)
23652,0.0008521009072991642,-0.3535241282343982,-0.47956937046622256,0.9957137405127452,0.08148139311554181,HAR-RV (OLS)
23656,0.0007052666869896007,-0.5165602118629861,-0.10460226493944197,-0.42993711909542215,0.36777644119411645,HAR-RV (OLS)
23658,0.0013656873158339727,0.5327485379967274,-1.621696764015998,-0.7583518096312335,0.373089421072338,HAR-RV (OLS)
23683,0.0007103662966407641,0.389208726169296,0.3978033462749584,-2.802125201071309,0.2515963596049978,HAR-RV (OLS)
23708,0.0004290524347806187,-0.6356962234589557,4.168469970289319,-5.592538737114223,0.4335664774332968,HAR-RV (OLS)
23724,0.0026102693246858825,-0.32895156298041,-0.746022312827225,-3.0345742545926635,0.45804330667071147,HAR-RV (OLS)
23736,0.003109108981472458,0.5621498779058233,0.8305645730022092,-3.901128131211664,0.26957336600178616,HAR-RV (OLS)
23737,0.000653329068913616,0.12025255994438838,-0.9294688715884502,0.4605632618787987,0.08918696047214614,HAR-RV (OLS)
23750,0.0018453640181649439,0.05824344600054531,-0.05301838990162622,-1.6708586746835576,0.11563337270699636,HAR-RV (OLS)
23751,0.0008923567868541284,0.006803347390195511,-1.95365209080471,0.19177955098133959,0.28909351010774575,HAR-RV (OLS)
23765,0.0029093651090587045,0.15952509886722774,-2.6824372317311234,0.3430327285159127,0.5683090801839232,HAR-RV (OLS)
23768,0.00292324749514829,0.34602274749253487,0.938992129897917,-2.0377529801258905,0.3041953158984252,HAR-RV (OLS)
23780,0.000575223557034997,0.07146519838811165,-0.010482785139322492,-0.8991390027193609,0.041900596508760324,HAR-RV (OLS)
23792,0.003797492379159736,-0.03480506361858363,1.4993306400946191,-3.379022353710755,0.4405993701373814,HAR-RV (OLS)
23794,0.001128556519984268,0.23289835843634582,-0.5003055777394784,-0.507708573313241,0.10842670563877543,HAR-RV (OLS)
23796,0.0013691378710893568,0.4383647159601112,-0.5979372500948288,-1.767635054892515,0.25346708991024014,HAR-RV (OLS)
23819,0.001861178309582066,0.006938777330223163,-2.0494494373246175,-0.008576217858010882,0.3964317213808559,HAR-RV (OLS)
23821,-4.9016970603649786e-05,0.08334059109030661,-0.8460038540120002,1.58803784358469,0.10894303720015375,HAR-RV (OLS)
23823,0.0015111816748700376,0.5696838347765959,2.137066158958795,-5.190317442454531,0.3501551756290481,HAR-RV (OLS)
23828,0.000899194755316498,0.3656791493063417,0.8426877563030601,-2.04695745600167,0.14966297829804442,HAR-RV (OLS)
23834,0.0011782256109252917,-0.09499335003365225,0.23333245931590502,-0.7498353766813664,0.02946593341523729,HAR-RV (OLS)
23836,0.0004479313155309832,-0.3346100773765817,1.1859879975030476,-0.8244472006065324,0.1945406191014556,HAR-RV (OLS)
23858,0.0009177752707206031,-0.11456934192248484,2.2769405264336005,-3.581741798720573,0.2465082981115263,HAR-RV (OLS)
23863,0.0013895764167149267,-0.009199648396644618,0.9850980129582635,-4.874332143995242,0.24886340258882078,HAR-RV (OLS)
23873,0.0015428625332602388,0.16756006625598888,0.18927385727208113,-2.57776906142894,0.2176511995879138,HAR-RV (OLS)
23892,0.0011842293680488281,0.3311191611460358,0.9609581899482292,-2.172538225280475,0.16236442000139684,HAR-RV (OLS)
23903,0.001385240845988317,-0.17239677136538872,0.340122196832079,-1.700908305316291,0.14181439751669533,HAR-RV (OLS)
23940,0.0020966696155990364,0.25002240236246176,-1.3520224008541701,-1.4918527540017008,0.5622197489948619,HAR-RV (OLS)
23955,-0.0011485068418590715,0.030622815488662084,-1.056186187635598,2.5822710673906326,0.402675912270515,HAR-RV (OLS)
23958,0.001150797314931007,-0.08272091534648203,0.24137003053554817,-1.2527855750387045,0.1541036149931464,HAR-RV (OLS)
23962,0.0005106351120788297,-0.05479569706899414,-0.641699718380778,0.3984894010575554,0.04239506421092576,HAR-RV (OLS)
23967,0.0009213997177795893,0.1445150467163218,-0.07549874584345401,-0.7066456188097634,0.04161096624507343,HAR-RV (OLS)
23972,0.0013226184628648537,0.14784614204026908,-0.11078376696643644,-1.9148923876794193,0.2919604406895866,HAR-RV (OLS)
23994,0.0053390240827496695,0.27011475628021936,0.04726838874500361,-3.8645072170504693,0.2948116235365955,HAR-RV (OLS)
24002,0.0028796667697048106,0.6026993388320605,1.6468344022133825,-3.7728920465861995,0.41991164412340587,HAR-RV (OLS)
24010,0.00020490318956991195,0.38472529673960487,-0.15464017920711648,-0.680378188758781,0.16978083690614754,HAR-RV (OLS)
24014,0.0008214777480206213,-0.011097615148445712,0.21110962683950607,-1.264546993660409,0.06582520676844816,HAR-RV (OLS)
24021,0.00043548270522300527,0.3747482802727287,-0.8604433984560018,0.5464678496715395,0.11122320978157507,HAR-RV (OLS)
24022,0.0011443689221897675,0.3515130723312612,-0.0874170384928109,-1.3745297416493614,0.14507961172117967,HAR-RV (OLS)
24033,0.0005576258390238879,0.8427461278541231,2.2999774628494922,-3.662270880404311,0.3785357157816511,HAR-RV (OLS)
24034,0.000547357927626696,0.40395389699790746,-1.4659694179197462,0.09484827411892316,0.303173016234785,HAR-RV (OLS)
24048,0.0007830513626481451,0.34050317538475555,1.002924512893354,-2.5888374851201372,0.1305666212593235,HAR-RV (OLS)
24050,0.0011964650291827464,0.21425005126384813,0.1834586640228515,-1.555189627169116,0.11802485423758757,HAR-RV (OLS)
24073,0.003825671012503602,0.5010548970374404,3.7397077446030424,-10.325394060398127,0.5512976886818804,HAR-RV (OLS)
24078,0.000639358045473912,-0.4505283887800112,1.4400721082939911,-0.9803947390560644,0.1952700419231902,HAR-RV (OLS)
24085,0.0003903610383669843,-0.4924507330946741,3.7844238745986276,-3.8525739066952154,0.38865864006442574,HAR-RV (OLS)
24101,0.0005346415540085404,0.2534345868633766,-0.6287842651399042,0.530724297310329,0.07258111605541528,HAR-RV (OLS)
24120,0.001231058131501251,0.39295261576010054,1.3219488052341237,-3.183365897330715,0.162770398922219,HAR-RV (OLS)
24123,0.00013468571145696767,-0.8640073624054422,4.046702620228674,-2.6090585211569555,0.4500972108944933,HAR-RV (OLS)
24127,0.0007231925231277182,-0.2498295984168189,-2.27117416584922,1.9363416566976301,0.27843449655473396,HAR-RV (OLS)
24131,0.0007993513580707295,0.3629266892592283,-0.48079316473723255,-0.7221225081183522,0.16202358649560822,HAR-RV (OLS)
24143,0.0017829267333948592,-0.35015826626608876,1.297175240634676,-1.1631041624877674,0.14369843602101984,HAR-RV (OLS)
24149,0.002758839161350439,-0.06204381578261506,1.5992822006104281,-3.1505928043498144,0.20134205731640376,HAR-RV (OLS)
24157,0.0004545983837870387,0.5735050317335842,0.5944826576575211,-1.5938953999954417,0.2404311234824148,HAR-RV (OLS)
24161,0.003695878195659084,0.1714249662394854,1.9393376687859811,-5.170181985949379,0.32669345171115405,HAR-RV (OLS)
24171,0.00045361743994176907,-0.29836539139237106,-1.1052141096352677,0.9349328392128513,0.18584086688311285,HAR-RV (OLS)
24178,0.0004214616169880721,0.35974438843030465,0.41568606620483395,-1.1987187580753889,0.2128800335516976,HAR-RV (OLS)
24179,7.853397555359894e-05,0.17068926535189377,-1.080902416578505,1.5368011834414834,0.10450144582339371,HAR-RV (OLS)
24183,0.0010295415825927767,0.4008161499783783,-0.23724236793447628,-0.7386896450744538,0.09215138327415062,HAR-RV (OLS)
24198,0.0019062931365178247,0.732468710295479,1.9184710282948787,-4.551532669554762,0.5310923586710916,HAR-RV (OLS)
24220,0.0009036121072746484,0.09414984853013048,0.3844828809242582,-1.388159538253058,0.1251998494588784,HAR-RV (OLS)
24224,0.0007316660779268355,-0.27103160294440737,0.22891025570877238,-0.279131411727393,0.08244119442591435,HAR-RV (OLS)
24253,0.0004705988439309448,0.2644238606071084,0.5712438783654874,-2.632549981727819,0.24402851430448091,HAR-RV (OLS)
24259,-0.0016888493935128487,-0.4203517366220632,-0.3307105935768512,2.476875414265311,0.434402697558127,HAR-RV (OLS)
24318,0.002415362672585296,0.12391667349848413,-0.47328611193265746,-3.232546035908951,0.17996294223141096,HAR-RV (OLS)
24334,0.00044561332371254546,-0.06210949429537438,0.8956199700406651,-1.4358611857914272,0.07854435618808076,HAR-RV (OLS)
24339,0.0007396663527011919,0.04736952995661606,0.21834950134239456,-1.8017023783933899,0.12748577984138143,HAR-RV (OLS)
24341,0.00010636060274979785,-0.19814084097083906,-0.4479693823311261,0.9725579186419393,0.024965892293712266,HAR-RV (OLS)
24349,0.006794706485021637,0.03397448124434954,2.093625170601673,-3.1856684217756253,0.3654643930437028,HAR-RV (OLS)
24351,-0.004075398800675275,-0.12232780636443628,-6.617764133336685,11.971462752103434,0.4287735286350567,HAR-RV (OLS)
24357,-0.00024509855031264936,-0.8233531561745535,0.2730233742460746,1.7009642189307161,0.39203854474207345,HAR-RV (OLS)
24384,0.0014407805868618608,-0.00972908944328681,1.0714915014021302,-1.819712139557268,0.1493761780895958,HAR-RV (OLS)
24385,0.0014413885447293175,0.43815958081153167,-0.49199811642872715,-0.6973896536774862,0.17916382568064448,HAR-RV (OLS)
24388,0.0011845843571626977,0.2748538681668695,-0.4773210434260695,-1.1522361510848496,0.17546164298546274,HAR-RV (OLS)
24393,0.001088806904317992,-0.22456230052100015,2.78994450213181,-3.3134581702024954,0.1456060341683345,HAR-RV (OLS)
24396,0.0004864484217416375,0.044374376734245026,2.631615419662684,-3.1208385268590506,0.4420284484671878,HAR-RV (OLS)
24398,0.0035580387768086646,-0.22300222364916386,-0.8632004566769798,-0.5527705649279884,0.465564822903918,HAR-RV (OLS)
24401,0.0014011385615368178,-0.4893917511229267,2.066605471828808,-3.294400051967741,0.20778623094619342,HAR-RV (OLS)
24402,0.003532355514580274,0.04109994348722405,2.1731154622493714,-7.3852732511429595,0.12686331449606492,HAR-RV (OLS)
24406,0.0025191602563633102,-0.23845180584664977,2.0684026704214324,-2.562149737087915,0.1261295102054556,HAR-RV (OLS)
24414,0.002710855495961139,0.4721505251366247,0.29066977119053394,-3.826973364576775,0.2653182933293685,HAR-RV (OLS)
24437,5.961042050721277e-05,0.4259388157327193,0.9240870333662284,-0.43671844053892306,0.5545054446732719,HAR-RV (OLS)
24443,0.0007053579360615396,0.1772111818612471,0.41189886912873885,-1.4897493042905756,0.06761070397739688,HAR-RV (OLS)
24457,0.0008491586658765618,0.498040169652242,-0.003664657419402473,-0.4627167944863747,0.2024606642171196,HAR-RV (OLS)
24470,0.0006338240352981343,0.24450169448403894,-0.36324973151188344,0.37966439086135273,0.07413585323099559,HAR-RV (OLS)
24473,0.0006439007181581035,0.19001088876626884,1.206732427951014,-2.3838668620269607,0.06349925089438313,HAR-RV (OLS)
24497,0.000540580684968072,0.6276220090508619,-0.09704876199339918,-1.059227218494133,0.3172049361822801,HAR-RV (OLS)
24523,0.0007719098774937969,-0.06818085405156044,-1.6094853259748318,-0.52445283543857,0.2561434205188876,HAR-RV (OLS)
24535,0.002074635865082461,-0.2596616067050091,-0.1348552975779258,-3.970016404078119,0.2520105430102312,HAR-RV (OLS)
24572,0.0058360197369164545,-0.07114650991620186,0.21122030213267484,-2.127723770783785,0.12258800772646916,HAR-RV (OLS)
24573,0.0005410536261389598,-0.07526462734040064,-1.523287593288229,-0.03173934639430187,0.2606543304376059,HAR-RV (OLS)
24588,0.002325297806219113,0.008252848576864587,1.8314364592421037,-3.648838178053276,0.0745534821608066,HAR-RV (OLS)
24589,0.004293591211290024,0.1620546183649673,2.649710869249076,-7.259477265886259,0.30309323297521606,HAR-RV (OLS)
24590,0.0006650890864367586,-0.16784670931720858,2.5489076389030263,-3.5201026654498544,0.2955253467301472,HAR-RV (OLS)
24600,0.004860576932892157,-0.12894987788052617,1.3711518667696072,-1.8531257295766888,0.1046174056482645,HAR-RV (OLS)
24661,0.0005374110663782933,0.25494505675673207,-0.855449155531169,-0.3129165538078249,0.1949605410101376,HAR-RV (OLS)
24662,0.0032245897530241143,0.40086282791535977,-0.6550068641111662,-1.9234009589044287,0.3974049628277164,HAR-RV (OLS)
24680,0.0023874620951880293,0.1558751900655654,-0.7601254818751322,-2.516447210724561,0.37252449195826876,HAR-RV (OLS)
24701,0.0008525647525861502,-0.4463906011496022,-1.3766303209814659,1.6292774004016009,0.2788213018013642,HAR-RV (OLS)
24705,0.00012940504905271428,0.14012638035209293,-1.7326839633095996,1.4046767295039975,0.1586022671698042,HAR-RV (OLS)
24707,0.0008206194022541359,0.019822198411853034,0.8430019022489801,-1.9691753604001787,0.10153556854474677,HAR-RV (OLS)
24713,0.0009191247512975696,0.18947294987913724,0.44037854225905737,-1.8043412159380545,0.13638852363726905,HAR-RV (OLS)
24717,-1.6720253225307818e-05,0.32726778841220056,-5.219107028470128,6.4682558237405505,0.43424222909952026,HAR-RV (OLS)
24725,0.0017345029868700928,-0.24647253631459085,0.3728102681798541,-1.0302816467854445,0.1114700170072026,HAR-RV (OLS)
24728,0.00021644012504612643,-0.6667309133313947,1.350781795365085,-0.03659072419323406,0.246340191628602,HAR-RV (OLS)
24730,0.0013548095372823967,-0.25150650611281844,0.5582612188033507,-0.5852379044917075,0.061914138028408394,HAR-RV (OLS)
24741,0.0013948694926055995,-0.49310875285318967,-1.4948418165487267,1.247035029221681,0.5280952559261041,HAR-RV (OLS)
24742,0.005696760411657694,0.2585550836169261,-0.08503388705812753,-3.4309724587031516,0.2548420631453322,HAR-RV (OLS)
24754,0.0005156840282873623,0.08995868238716079,2.06476214229148,-2.6579080332043565,0.1946034310869611,HAR-RV (OLS)
24766,0.0002795864529584851,-0.5575607093333586,1.0226262300145872,-1.5222853653264004,0.3902911784507601,HAR-RV (OLS)
24770,-0.0017363385931556997,0.0016531244229581463,-5.164417328359303,7.685079471372548,0.5040636578532884,HAR-RV (OLS)
24775,0.0030025994286808797,0.44948629306533605,1.745883200214343,-8.482324658987782,0.3281856180057301,HAR-RV (OLS)
24795,0.0003788596933805287,-0.3841532676435412,-0.307460493217804,0.7981127093477546,0.11283699244136058,HAR-RV (OLS)
24816,0.0017516503723218693,0.052643351438528496,-1.584349224106547,-1.9746373940255628,0.297555993339914,HAR-RV (OLS)
24817,0.0007024919551980746,0.4716942422918769,-0.29410814273009356,-1.3926107541531094,0.17846734021825184,HAR-RV (OLS)
24868,0.0014235694278695058,0.5546982691783566,2.1544944100724552,-6.19999656660813,0.543944990588082,HAR-RV (OLS)
24871,0.00043021407504939915,-0.026767075815939942,-0.12067743628324157,-1.6944895143522012,0.1801150079568562,HAR-RV (OLS)
24874,0.0004033689740851656,0.3330065154015448,-0.5705448306767698,0.7912178028681535,0.10771596755128343,HAR-RV (OLS)
24878,0.0015099176158677996,0.4564920657224127,-1.4668076777349368,0.31072766749796854,0.3044732589098459,HAR-RV (OLS)
24879,0.0003380800125805315,-0.11821676413884001,-0.3639303213920048,0.574617314575129,0.01805919327819705,HAR-RV (OLS)
24880,0.0003956064469420753,0.22993292199669202,0.11815011281227675,-0.72565753576882,0.06341159984546585,HAR-RV (OLS)
24881,0.0014780300444369916,0.0641018821610933,2.3191553942553798,-3.3196492934398263,0.09343737325080104,HAR-RV (OLS)
24894,-0.00022910154438194035,0.6056499708744141,-1.5552906237485955,2.017415281361116,0.5387423441656705,HAR-RV (OLS)
24913,0.0005280209992065072,-0.1869595849889605,-1.1233964702274553,1.2115334418818393,0.1415377859075755,HAR-RV (OLS)
24921,0.0005051771042177769,0.12947093320473482,-0.35993226550710583,0.5382475426308911,0.02227871113730029,HAR-RV (OLS)
24929,0.0003601902401847903,-0.10245235745421097,-0.7856961760544435,0.6314281876523904,0.04989950390845255,HAR-RV (OLS)
24933,0.0007807359267230948,0.16771073177285917,-1.2451147727275116,-0.07493454652925424,0.16259833409761337,HAR-RV (OLS)
24949,-0.0018437880098657212,0.08188879545091894,-2.2292835259197354,4.010921222397795,0.6465637723201711,HAR-RV (OLS)
24989,-0.0005739773087933703,-0.35178551417305143,-3.229793737526086,5.463363973951329,0.2702089264635278,HAR-RV (OLS)
24997,0.0012868037494164206,-0.1558321495811543,1.0370514007132714,-1.0251219494262658,0.09383175907615493,HAR-RV (OLS)
25002,0.0016209555108606852,0.26828678514539,-0.09301706641652041,-2.6966791633831835,0.2689045044567443,HAR-RV (OLS)
25010,0.0015575406566975024,0.24378056205794965,-0.6397332150420828,-0.12413647160027674,0.10044187627437084,HAR-RV (OLS)
25015,0.0002584878221564915,-0.09850233319593858,1.2537947881299507,-2.775811128182362,0.1651995204037986,HAR-RV (OLS)
25018,0.0013251559658532396,0.05099833662307682,-0.3302613026572694,0.3187745872146554,0.007650114859532597,HAR-RV (OLS)
25019,0.00029556686079645087,0.22165084452591663,0.43505847007797915,-1.133271446835787,0.08175545822260766,HAR-RV (OLS)
25023,0.0002951398251925649,-0.0493910789634283,-0.17904298716717054,1.2585863492649927,0.37164734743711314,HAR-RV (OLS)
25025,0.0006103390639069048,-0.06073427082921826,0.8664204264566813,-0.783572949804738,0.07413677875754299,HAR-RV (OLS)
25030,-2.2200569472585947e-05,0.29252152530443154,-1.2918245346965398,1.7854277226989803,0.24586381169733262,HAR-RV (OLS)
25031,0.0006687234094688504,0.3804889564681095,0.938044820734379,-2.8111221760262324,0.4011319577818562,HAR-RV (OLS)
25059,0.0010118253606958142,0.45002420190235515,0.5724239501010874,-2.2763797082296318,0.23739698324383518,HAR-RV (OLS)
25085,0.0004074161399668277,0.2294294026229611,-0.5272900413515915,0.1872351125489437,0.0554706734701389,HAR-RV (OLS)
25087,0.0008413795962917951,0.18258473940235898,-1.2637532512059826,0.8820317708007681,0.034676316326871626,HAR-RV (OLS)
25089,0.0012266229105947204,0.15669901547067447,0.46074203278720494,-1.6823336901120485,0.09407822886955552,HAR-RV (OLS)
25094,0.0004817689327262546,-0.03516090810681568,0.9955920568959951,-1.5154327706602397,0.035934996556078236,HAR-RV (OLS)
25107,0.002204872917865874,0.3453064468065245,3.4771235170395682,-6.0278516358419525,0.23367842300498198,HAR-RV (OLS)
25108,0.0011721173762725698,-0.13458841725059315,1.1997627615042221,-2.0468472989153867,0.11808099432480279,HAR-RV (OLS)
25118,0.001134904703407228,0.04615688405740135,-0.5337604145307987,-0.7507518042014395,0.04998812954356735,HAR-RV (OLS)
25131,0.0006091198379121973,-0.0711663062641382,-1.6661600292873056,0.5329256528004888,0.20451686526076174,HAR-RV (OLS)
25148,0.003931259914327274,0.02415549018846747,-0.7942348367033106,-0.08294629276048865,0.17784898576581076,HAR-RV (OLS)
25150,0.0005949755685893235,-0.5700546754598981,0.31896023038398985,0.11966060261615587,0.2731008550684356,HAR-RV (OLS)
25163,0.0004299106921229967,0.4071736409987297,1.014632443475873,-2.3238883091010485,0.27221682630090993,HAR-RV (OLS)
25166,0.0014451454596722344,0.4458662553054258,1.1553167544589873,-3.287468718478588,0.2256335664451986,HAR-RV (OLS)
25176,0.00012594835994551485,0.5339929641450332,0.46077254794683203,-1.033331835397851,0.12494925244043509,HAR-RV (OLS)
25177,0.0022290157180386303,0.15746265483675081,3.336322907619922,-5.5923612558368685,0.14585191033907552,HAR-RV (OLS)
25179,0.001472738546071372,0.09002429081005468,0.02411192853786681,-2.2440833657291694,0.28089642956542094,HAR-RV (OLS)
25190,0.0022965033156833324,0.4395655119080777,0.6000758199418701,-3.712756223294489,0.27938693860882924,HAR-RV (OLS)
25197,0.0028526467817476028,0.19571718271623442,-0.04144068291699465,-3.891474562162907,0.2204497058267415,HAR-RV (OLS)
25219,0.0004381863082519303,0.13116676138053573,-0.7716832213453667,0.9078173799263993,0.05766028811823787,HAR-RV (OLS)
25220,0.0015615359785533284,0.13121389239881584,1.255986629224158,-2.908532533369887,0.061371864867798775,HAR-RV (OLS)
25234,0.00050197799390053,0.26557504334052806,0.9295007794234217,-1.6429507378590515,0.08863108087181015,HAR-RV (OLS)
25250,0.0013096605650384347,0.2048345081553945,0.7687103138994427,-2.3443122797029985,0.1495608588659878,HAR-RV (OLS)
25265,0.0008130331927545754,0.39803756141405006,0.23009749210097863,-2.984943525743093,0.2869040215304043,HAR-RV (OLS)
25270,0.0012019372782219777,0.20821623699523525,-2.447110062682258,1.7149141745289291,0.17617062908629522,HAR-RV (OLS)
25274,0.001006525582626882,0.49172743724551315,-0.2844248021598571,-0.8065772678960701,0.18983239112862826,HAR-RV (OLS)
25277,0.000699115380821053,-0.24629769580655056,-0.27065356597343393,0.5042191562125076,0.06646235541607137,HAR-RV (OLS)
25282,0.00018816876325700442,-0.4877333981435262,2.0232107091801605,-0.9681499475548339,0.3231092346497504,HAR-RV (OLS)
25290,0.0006020860584732992,0.08449637747145151,-0.9360839447523068,-0.4631158111323279,0.13709889186636326,HAR-RV (OLS)
25301,0.0015467584653686682,0.26903007867679385,0.9297752487512401,-2.990015070135276,0.30771035915516964,HAR-RV (OLS)
25309,0.0007072927282473999,0.18451247289764278,-2.800564514791785,2.002216827673611,0.27794911154613233,HAR-RV (OLS)
25312,0.0014859268783527827,-0.01738907034575248,1.4035533596162448,-3.4570411933347893,0.16895567488519736,HAR-RV (OLS)
25318,0.00014544849301246864,0.12731638222252548,-1.6010646566368691,1.8985049053315137,0.14841612801545834,HAR-RV (OLS)
25331,-0.0008465878147911048,-0.06483194394498604,-2.502651449689952,4.5548821059000675,0.3577911836194275,HAR-RV (OLS)
25334,0.0009383215819143268,0.5182256030528125,-0.7484439001462344,-1.0231707779477173,0.25342238235191183,HAR-RV (OLS)
25335,0.0004862899533049698,-0.1629195949987866,1.3412611922295579,-0.7898496919119797,0.03770072829748872,HAR-RV (OLS)
25338,0.0001988033672307295,0.7469328848026238,-0.8419502796135823,0.2319016128984957,0.4349421793495296,HAR-RV (OLS)
25340,0.01879092044907201,0.6570701481220932,1.1720897000221524,-7.522371423560743,0.3717836600069728,HAR-RV (OLS)
25344,0.0007937235867692381,0.24823428833683944,2.0758588848973205,-3.4975835096538836,0.33323808649701825,HAR-RV (OLS)
25347,0.0031673201384220385,-0.09764515707845092,3.990754770586235,-4.810583115749427,0.6161471909066556,HAR-RV (OLS)
25351,0.000956774073293876,0.3922487939155854,0.0191468310093601,-1.5755933658771961,0.21989358498687162,HAR-RV (OLS)
25355,0.0017921474225935275,-0.08725493484604853,-0.9724023014595291,-0.7068268109157911,0.44354826851038975,HAR-RV (OLS)
25357,0.0015998788957186194,0.07410579985286453,0.7423808123542355,-2.1329766515583732,0.09906510428491744,HAR-RV (OLS)
25359,0.001139063727528051,0.15656495341959187,0.3832134345325695,-1.2817946939071625,0.04264342904431817,HAR-RV (OLS)
25367,0.0004709823442584846,1.1357088494235726e-05,-1.1839247616130855,-1.1512008043871154,0.20949730758738128,HAR-RV (OLS)
25369,0.000689989360818764,-0.19949610346271227,1.2113486585997217,-1.636630192508978,0.1034462736588625,HAR-RV (OLS)
25389,0.0013403048031250984,-0.07923443012511079,-1.200972821179458,-0.5419465530602046,0.448523988363943,HAR-RV (OLS)
25399,0.0013373303389760418,-0.2887285210479527,-1.6758082649240003,1.8492829818452436,0.21048780446020932,HAR-RV (OLS)
25403,0.0002691430688458844,-0.2437639127367518,2.2242989735646748,-2.68303711942813,0.35688373844666,HAR-RV (OLS)
25427,0.0006636401843799047,0.27179819680496253,2.1254115527870017,-4.56975813580449,0.623818951567437,HAR-RV (OLS)
25429,0.0026406462107247206,0.15368798979683967,-0.13922519529387412,-2.4348855063967267,0.1271498806499436,HAR-RV (OLS)
25437,0.0004645850328888046,0.2109309156752089,0.5861918667548361,-1.1281376850920357,0.06061206616453574,HAR-RV (OLS)
25439,0.0010914503885087082,0.09465839312279979,3.1249693025961824,-5.048160161006157,0.34463941651646157,HAR-RV (OLS)
25452,0.0014941053505759501,0.2759735883751696,-0.5786774838717612,-1.2848181748615595,0.3348651379730373,HAR-RV (OLS)
25463,0.000810051425720195,0.07259847550116903,-0.8247392013329149,0.4177846581640205,0.06390181729915645,HAR-RV (OLS)
25467,9.587369082836026e-05,-0.04569458163741423,-0.5660965058885077,1.0780368984886197,0.06860357389898575,HAR-RV (OLS)
25474,0.00048431864967332725,-0.12234918593918043,2.1974488027842183,-2.7748061065838745,0.11495354012311265,HAR-RV (OLS)
25475,0.00033841988625757835,-0.05406792398969764,-0.01797509217508264,0.632006057209546,0.05367230070779072,HAR-RV (OLS)
25483,0.001790680341005733,0.056728820718603294,-0.022174770975155633,-2.7946219920438886,0.221537092500106,HAR-RV (OLS)
25488,0.0006501034338069521,1.178760699462267,-1.0953061145806378,0.17714226695658775,0.592180318038188,HAR-RV (OLS)
25489,0.00032176821027121304,0.44968333531761984,-0.2686663429298129,0.5863862614269713,0.3518645378837396,HAR-RV (OLS)
25501,0.0007600462241739814,0.0031255074913386378,0.10261665333375711,0.1564699057575583,0.05724188031283217,HAR-RV (OLS)
25504,0.0011605863494944884,0.7356082730320994,-0.2382155572196486,-1.5125401651497572,0.44881086762731737,HAR-RV (OLS)
25525,5.944527517799233e-05,-0.03605486433943732,0.6998657569988783,0.004977989433844532,0.19247480205821432,HAR-RV (OLS)
25551,0.0014720630862144536,0.27315092304163574,1.1116033381613768,-2.8591103555633115,0.2663072949806613,HAR-RV (OLS)
25560,0.0013168394734061409,0.4680323164797268,-0.008350857467870898,-0.7775530775780567,0.23413979658749284,HAR-RV (OLS)
25569,0.00031801343095162954,-0.01709369112248346,-0.5633651394775933,0.8298929221596122,0.010217709217908877,HAR-RV (OLS)
25570,0.00048652162052627334,0.25199504989977756,1.1416193873026548,-2.8670373747160576,0.0829998857453067,HAR-RV (OLS)
25575,0.0005151109026537294,0.6098192459918481,-0.9521752081325868,0.035086415401762716,0.3725774126659458,HAR-RV (OLS)
25580,0.0009302255523122175,-0.15880881289912208,1.82704476680714,-2.7815504724463107,0.12627731552031363,HAR-RV (OLS)
25583,0.0011356528109241334,0.14092013821604904,4.887820424649919,-7.689398847451665,0.3868691386051297,HAR-RV (OLS)
25584,0.0013238831888869346,0.010686458585164689,1.2265560781783336,-1.9508742385728501,0.0742757944246315,HAR-RV (OLS)
25599,0.0010591942672547783,0.3467011334174926,-0.7522219299858893,0.20793650971900024,0.19962798917826508,HAR-RV (OLS)
25616,0.000816436801800972,-0.19712397216098393,1.4152650156819655,-2.377036693083038,0.1807268376031348,HAR-RV (OLS)
25617,0.0006195493752554991,-0.5226467495056815,-0.05332273664459569,0.8615435720731087,0.24224911577744157,HAR-RV (OLS)
25619,0.0011501169855185778,0.33013307526884145,1.4479575495256438,-4.259439584339406,0.27883056937031747,HAR-RV (OLS)
25622,0.0008999181888784332,0.49118069916942314,0.5256401657262916,-2.471713901054791,0.5169997702556453,HAR-RV (OLS)
25627,0.0002499536035138504,-0.24610800159410323,-0.7308401647817014,1.2641996331208434,0.03513949802526983,HAR-RV (OLS)
25636,0.00027054247904811425,-0.3526283452468413,-0.6088254367960185,1.4281964993641454,0.1877022678044925,HAR-RV (OLS)
25638,0.001435110841360541,-0.1381817363653892,1.7037934301489162,-2.2469991107237384,0.10952112664980163,HAR-RV (OLS)
25639,0.0006049387333481402,0.1456123176578412,-0.1809213393137884,-1.4285226329706642,0.06337927707679647,HAR-RV (OLS)
25640,0.000516584891726132,0.5499700636503612,2.5772399023996844,-5.84642421816368,0.5986149094576749,HAR-RV (OLS)
25641,0.000902479438626777,-0.19360741025565947,1.9677892876700902,-3.218104824965899,0.25024085962829024,HAR-RV (OLS)
25653,0.00017153478813316175,-0.43356379994090694,-1.1176717235141924,2.553574945613777,0.18405370374546737,HAR-RV (OLS)
25654,0.00130421108692977,0.49831063346253945,1.395890821563698,-3.4928909308093106,0.34462340832706484,HAR-RV (OLS)
25668,0.0030161812522194486,0.19144483819872066,1.4598474875725211,-5.1482448611886324,0.2492744875832522,HAR-RV (OLS)
25680,0.0004506160511624233,0.34139303336235804,2.038164686049427,-6.561674817263663,0.4058342679253859,HAR-RV (OLS)
25683,0.0026946450819728017,0.004429513679785712,0.14569577717998503,-0.5208448318787079,0.007940263182549923,HAR-RV (OLS)
25687,0.0010809005140699273,0.5046172010428115,1.2079121668727537,-4.5674259259937955,0.4285718728131537,HAR-RV (OLS)
25712,-0.00044393304940193126,-0.6101225057930632,-2.208072901053139,4.323245629011014,0.4025416294488331,HAR-RV (OLS)
25713,0.000521325824859918,-0.2630512031822129,-2.315857131538559,2.974375588915547,0.20085281744138495,HAR-RV (OLS)
25716,0.0006439353428048305,-0.20911551010857393,0.1014365695009185,-1.2960721996227054,0.30377657941476865,HAR-RV (OLS)
25730,0.0007451421796723152,0.06309184585201928,0.9882993875225359,-1.3160449091577826,0.10330662374900201,HAR-RV (OLS)
25731,0.0010797739605494614,0.5851894437707716,0.5402676707888908,-3.331910262513149,0.3906886922699875,HAR-RV (OLS)
25745,0.00019752286591773817,-0.041841137703636753,1.1934301496521265,-1.0671213894600549,0.0843828775836507,HAR-RV (OLS)
25751,0.0011716029918201617,0.2568683520022728,-0.7532036917849263,-1.5963861275352582,0.305571903084218,HAR-RV (OLS)
25754,0.0009608496564308702,0.5557541319182403,2.254030619464753,-3.273260291308805,0.42334796251514784,HAR-RV (OLS)
25755,0.0009853410064228963,0.06949730714927863,-1.0454973249432158,-0.04281113249164037,0.11734351337618232,HAR-RV (OLS)
25761,0.0008699260574004087,0.5184779621033662,-2.0843918335339495,-0.24441873869714992,0.33099738140625135,HAR-RV (OLS)
25766,0.0014414133343246711,0.09666254979555809,2.708729167707258,-5.7776265878594915,0.3605396894349391,HAR-RV (OLS)
25772,0.0001349534677233335,-0.07969142990951729,0.03365399144739878,0.1792000913512773,0.036351948213449226,HAR-RV (OLS)
25773,0.0006724458896329674,0.04628999085127556,0.28740642584002735,-0.4162768454628414,0.006205601517918269,HAR-RV (OLS)
25796,0.0003165523461190154,-0.10342452830924012,1.8023060717862947,-1.5736215808161318,0.7262122578526469,HAR-RV (OLS)
25799,0.0010922103768523316,0.16952887644730602,3.8203348282219425,-7.087499819797721,0.3123405062553183,HAR-RV (OLS)
25803,0.0014339900498722348,0.04903591657782784,-1.2155957800640604,0.7275849718580938,0.11433299150114984,HAR-RV (OLS)
25813,0.0012937429475436226,0.565961574441201,0.6838665432435103,-3.0758074856538538,0.43380342490818624,HAR-RV (OLS)
25815,-0.0005478982089806349,-0.11325945407450701,-2.717418646926762,4.481796735979934,0.21674643648111636,HAR-RV (OLS)
25844,0.001227082378393805,0.16500911369506982,0.7868982987235729,-2.2053464820358326,0.0938350087529558,HAR-RV (OLS)
25854,0.00014117480948395376,0.24868551694073224,0.27767670270095296,-0.8317873404326147,0.16410892911720276,HAR-RV (OLS)
25863,0.0011058396717496268,0.1620002457483672,-3.616178680879998,2.7293542902959045,0.45621603340563666,HAR-RV (OLS)
25864,0.000750981270179049,-0.1422071153904788,0.21879817781278116,-1.016258478687232,0.10923366619386499,HAR-RV (OLS)
25866,0.0008139363731796872,0.07816307544163749,-2.7838588948498595,0.1025457076808991,0.41847000405946966,HAR-RV (OLS)
25876,0.002225362132425651,0.6078890336466802,-0.8829987951655007,-1.3814787394929322,0.497093107373786,HAR-RV (OLS)
25879,0.0008402959295234933,-0.3110490371979238,2.0976962441179787,-4.074829374633811,0.19138567608105683,HAR-RV (OLS)
25894,0.0011413289464840188,-0.2894273567673548,-2.160501180675727,1.5753470594319516,0.1907929215390658,HAR-RV (OLS)
25916,0.002434574033059963,0.8766609930142344,1.8122715280097605,-5.973118310426866,0.44391971144269604,HAR-RV (OLS)
25918,0.0008996099339150332,0.23897172169279582,-0.009177644694348758,0.09744841696013103,0.07846826303703991,HAR-RV (OLS)
25924,0.001656315257831494,0.4943166694408073,0.8056541320997492,-4.1205749048386995,0.1928604836549911,HAR-RV (OLS)
25971,0.001379538648885023,0.29785603835995117,-0.9687394517286427,-0.564107120137727,0.13466411354945784,HAR-RV (OLS)
25993,0.0009938066055544797,0.4843537049266601,0.926283623087232,-2.2660125369461235,0.42853262158815253,HAR-RV (OLS)
25999,0.0012354643417015853,0.20673535446420446,-0.31151744936112014,-1.1835614267318673,0.1392656782406816,HAR-RV (OLS)
26005,0.0007011796983762419,0.1268105406045115,0.513325093002707,-0.7582232712436066,0.04456981903960977,HAR-RV (OLS)
26020,5.324377384898987e-05,-0.42879745766296956,1.9622003654091487,-0.924361354778548,0.26431546447659393,HAR-RV (OLS)
26021,0.0005858769332396535,-0.05337178733903199,-0.45406414104122345,0.2346458902448651,0.03110676945976909,HAR-RV (OLS)
26024,0.0005280927881537649,-0.43859539945105325,0.7795703702274598,-0.8813904348883888,0.1845208840347169,HAR-RV (OLS)
26042,0.004944361802043989,0.2769214000251072,-1.5109332220245446,-3.1637543828170127,0.44831970564797763,HAR-RV (OLS)
26052,0.000456838887130084,0.39148933506050976,-0.8647652807645301,0.2710945138617989,0.18770988950356526,HAR-RV (OLS)
26062,0.0004586358689734846,0.4644201157094853,1.060323839532741,-2.7776321610334427,0.17305912542157564,HAR-RV (OLS)
26069,0.0003256313913511939,0.022176925095269813,0.5177196502053206,0.21485428735785758,0.3188531090600679,HAR-RV (OLS)
26081,0.0008725565014496964,0.36823562564130125,-1.174212277868115,0.5166923961933745,0.4891272545593438,HAR-RV (OLS)
26082,0.0014046604184019178,0.5955562606707386,0.6519381157790967,-2.1726827062098746,0.47959366381346413,HAR-RV (OLS)
26091,0.0006156848175385013,-0.06314523029555433,1.8818868959841253,-2.0902364482300335,0.20727720932424976,HAR-RV (OLS)
26099,0.0019849954852062543,0.00996893231273124,1.6871575164533037,-4.011697231564261,0.32270096161362605,HAR-RV (OLS)
26106,0.0014495811334040492,0.1488246090438106,1.0420431657292255,-2.659581803484389,0.2562550581277472,HAR-RV (OLS)
26107,0.0003368348584616251,-0.29662851388138123,1.81318148295654,-1.2827713925606115,0.39317505908328976,HAR-RV (OLS)
26125,0.0008509778619297159,0.03267353587439318,0.5099388198233429,-0.6084278939313031,0.009522263489274985,HAR-RV (OLS)
26147,0.0032261616149955935,0.17901084214606985,0.9537068334067764,-4.411698781902113,0.33020042836037067,HAR-RV (OLS)
26152,0.0006099972114681561,0.3461711441251834,0.12449881911256028,-1.2859707243976242,0.17386138899720538,HAR-RV (OLS)
26155,0.001859931894090062,0.1625623719532749,-0.12748970634346235,-1.4477800765877742,0.21225225284227422,HAR-RV (OLS)
26159,0.001202322721267916,-0.521755136827977,2.494104056540429,-2.1097279394985424,0.5560731978446298,HAR-RV (OLS)
26168,0.0015929290173194984,0.19852345135293156,0.162655638418027,-1.4318796644725853,0.19354978033512638,HAR-RV (OLS)
26170,0.0004775108797197119,0.30254860262466904,0.06000315162966502,-0.4043216250644136,0.07473725578279322,HAR-RV (OLS)
26186,0.0013256607093565984,-0.36825004628947705,2.105306367696999,-2.9513387956096935,0.2278949888091779,HAR-RV (OLS)
26190,0.0005927679149211548,0.04183459202864249,-0.47202252993774046,-0.18750544005618297,0.05688831051335519,HAR-RV (OLS)
26191,0.0008948566931673831,-0.051199797897935155,-2.2706467312487755,0.4785840612074268,0.28382972505099957,HAR-RV (OLS)
26195,0.004215388628639372,0.6973053746325433,1.5126492861668392,-5.361711288923266,0.33991512969187254,HAR-RV (OLS)
26197,0.0008086108522041053,0.04316145953118486,0.6512692848637907,-1.6940371721578429,0.09867455944769454,HAR-RV (OLS)
26204,0.00033282711586576853,0.6574157808968804,-0.4800499866016502,-0.38125923930177036,0.3818520583206356,HAR-RV (OLS)
26208,0.0003030574353088133,-0.05290464640569217,-0.4306123738450006,1.2001901324236766,0.04491946392577251,HAR-RV (OLS)
26222,0.00030304670484647704,0.6914185285193897,-0.8869655831364122,0.46638443651113454,0.42123573032338435,HAR-RV (OLS)
26250,0.0008460107136532738,0.17181013599715236,0.014219636929470647,-0.39585152802680024,0.03672863546323235,HAR-RV (OLS)
26254,0.001707426030698135,0.24169263077624284,0.23479803864586446,-2.366408925275611,0.17983966853425193,HAR-RV (OLS)
26273,0.001450139463459834,0.43432215530832263,0.3468672685370817,-2.637083955197188,0.466057254167331,HAR-RV (OLS)
26277,0.00015411169778427585,0.09232743248876564,-2.6543518146493623,3.2256728355141626,0.24095374802109504,HAR-RV (OLS)
26292,-0.00013227636792980898,0.2782500742913636,-2.97520702160519,3.5612593038744036,0.48637342651143645,HAR-RV (OLS)
26307,0.000950519219303091,-0.23254070323206727,3.7428346918186834,-3.897619999962694,0.2852751467534477,HAR-RV (OLS)
26308,0.0005027330460915169,0.32824915733725785,0.4730701100066975,-2.4172152639724214,0.31027034673606335,HAR-RV (OLS)
26314,0.0017798257780012377,0.10901923628482627,2.7248105287626574,-3.9733266235487066,0.27812923522643773,HAR-RV (OLS)
26317,0.0034295357892807554,0.14631495840818964,3.1311786814240947,-5.2587018782253665,0.7887500154200525,HAR-RV (OLS)
26336,0.0010861442975828627,-0.20882005120781338,-0.8826503835554951,-0.2163506799883751,0.31203039739781047,HAR-RV (OLS)
26337,0.0005183188559997707,0.1486844913213253,-0.9650443362313272,-0.3435219520073919,0.12224672512495693,HAR-RV (OLS)
26362,0.0005307528542635589,0.11219571039089084,-0.6316764172905476,-0.15461273453163532,0.15527154056077497,HAR-RV (OLS)
26366,0.0006384001106049823,0.2472978288010834,1.8604898967858028,-3.4312480366677756,0.11400368811594419,HAR-RV (OLS)
26375,0.0013541777855721904,0.27890059284656693,0.5385675034108632,-1.5448481799738416,0.1167899772796327,HAR-RV (OLS)
26387,0.00047445985263930377,0.0012344675690364388,-1.5071415605731557,2.2938665637352904,0.15034070775028674,HAR-RV (OLS)
26388,0.00018446186462554512,-0.023803914226091204,-2.2467271971547516,2.4761716238265468,0.08216404394265486,HAR-RV (OLS)
26400,0.0005134005092513746,-0.49023887925197496,-2.6230486397646926,2.4317459358212354,0.38416813178087994,HAR-RV (OLS)
26407,0.001471580425482739,0.1040743587315768,-0.6535343096578111,0.10234730745691611,0.08192856739036791,HAR-RV (OLS)
26410,0.00016520932057057408,0.3433130481834974,-1.2078640615650773,1.6816732549915054,0.158656357950698,HAR-RV (OLS)
26428,0.0016385138957752178,0.15190409718956113,0.6295454049444511,-2.635693157933256,0.26717066178151294,HAR-RV (OLS)
26430,0.0014855584998435668,0.5378101577421093,0.29182060299680446,-1.7199453057130494,0.34306887718675894,HAR-RV (OLS)
26440,0.0005822403799504161,0.38929476506867366,0.6617183092414751,-2.1316609987284343,0.23873939860599902,HAR-RV (OLS)
26447,0.000637012955250372,0.21656318916594533,-0.13407734123281378,-0.8784470918780302,0.0741168412152593,HAR-RV (OLS)
26450,0.0002065225940805573,0.20176853063314862,-1.2357154684436402,0.8545723265458628,0.20207311321061805,HAR-RV (OLS)
26455,0.0005295291574535488,0.4450712898564334,0.3458374773506808,-1.6875974191133545,0.24242364593428978,HAR-RV (OLS)
26460,0.002596626790309108,-0.37239160844257124,-1.3420431731305633,1.4563026791411537,0.22240385975151344,HAR-RV (OLS)
26471,0.0011775312203568728,-0.1589567455149667,-0.801407279278456,-0.5074868173745765,0.17943586617202534,HAR-RV (OLS)
26475,3.2998957993123426e-06,0.13431447805682004,-0.21304263060657563,1.3649380333666918,0.08562502347380141,HAR-RV (OLS)
26484,0.000802880750276632,0.4373874164510138,-1.7935415166007829,1.3526430244781729,0.267221219872645,HAR-RV (OLS)
26488,0.0006137705797073627,0.17984159737464686,0.7672173095890724,-1.1144605445174658,0.03820618472163295,HAR-RV (OLS)
26494,0.003442357565067555,0.7461751329287831,-0.31014123507007874,-8.377620999641366,0.4682380787747794,HAR-RV (OLS)
26503,0.00026089020712703693,-0.2064392262780359,-1.014103859080873,1.657151243314351,0.06582136849467424,HAR-RV (OLS)
26522,0.0003323930474503533,0.09131577201349175,-1.1187941995448711,0.040852613944506566,0.11285409412697411,HAR-RV (OLS)
26523,0.0005753010641300183,0.04323873526192805,0.9190372467395311,-3.9831929911731456,0.1130226900777499,HAR-RV (OLS)
26538,0.0006895002042257563,-0.4209495949024077,1.0191944331217702,-1.7940071369060955,0.2182516678170907,HAR-RV (OLS)
26555,0.0007588462760544671,0.15374110164440744,-0.8218604784296432,-0.536235196874078,0.12913934830430218,HAR-RV (OLS)
26561,0.0031786660410608957,0.5728717926872625,-1.04866144577881,-2.9510036517682012,0.40381569899260206,HAR-RV (OLS)
26562,0.0018804755377618424,-0.08792474208368195,0.32483546387765905,-1.1892358893972792,0.09999576706131208,HAR-RV (OLS)
26568,0.00019501919362807603,-0.17372031731439733,-1.227636159088459,1.6478463617477686,0.04287964265860755,HAR-RV (OLS)
26572,0.0003672381776995906,0.05826638999797162,-1.497190493682529,1.892572670826743,0.06971713464269469,HAR-RV (OLS)
26578,0.0014313938077829063,-0.2058112325116247,-0.5453538614975395,-2.034721789360641,0.39953772706783974,HAR-RV (OLS)
26586,0.001447197444158545,0.724754023654034,2.702501261101732,-6.195784544266223,0.5194799405318498,HAR-RV (OLS)
26595,0.00438737609106486,0.6593879657208974,2.860225717502111,-4.7257695959070825,0.6826545354306253,HAR-RV (OLS)
26599,0.001384147737766008,0.6673342505604279,1.1708869657467549,-3.5531886902087213,0.38437548659042553,HAR-RV (OLS)
26603,0.0004000603754257101,-0.15622971434978922,-1.2541586265857236,1.49796493902636,0.05899600115959369,HAR-RV (OLS)
26606,8.438471368558492e-05,-0.03741382061357369,-0.7676884435154522,1.5321914503213119,0.05133388072222089,HAR-RV (OLS)
26607,9.308291122122822e-05,-0.3619244215999125,-2.322058925943728,3.616146126296276,0.21647991541968292,HAR-RV (OLS)
26613,0.00021160435719866017,-0.43944093296046854,1.2855024898134295,-0.7948658579407805,0.16268492742280127,HAR-RV (OLS)
26672,0.0010083740887493497,0.3570996606427692,2.8778618415499944,-4.716444858677013,0.32204300601938285,HAR-RV (OLS)
26678,0.0007530429420587769,0.07150625208934708,1.4538481000533316,-2.3846786793313366,0.06626567666816408,HAR-RV (OLS)
26693,0.0025484807120777254,0.8487043527858878,0.9298992925167786,-4.740348204344076,0.6823396458970243,HAR-RV (OLS)
26707,0.0032030536145321135,0.17216454854766478,1.920569281545085,-3.662349901774001,0.3295603077482765,HAR-RV (OLS)
26708,0.0011087482468661262,0.13957859679235218,-2.0137643581484688,0.800646414332213,0.3300556500581445,HAR-RV (OLS)
26720,0.0005774436468167453,0.11220027095618751,0.748932962771961,-1.886743322272053,0.06317926138006436,HAR-RV (OLS)
26752,-0.00017512282041587618,-0.5003659687555989,-2.263330192350428,4.414064646221178,0.411014822225796,HAR-RV (OLS)
26759,0.0013277587448683385,0.2606158735353504,-2.6418106553172365,0.3642360066056467,0.5255683121179116,HAR-RV (OLS)
26763,0.002320766408459237,0.3041516008440187,3.0444741703770486,-8.623190656802945,0.3638525277211375,HAR-RV (OLS)
26771,8.412720101257413e-05,-0.019189889157072166,-0.8336818515962716,1.8565757481117549,0.08529234194099578,HAR-RV (OLS)
26786,0.0005200777248398086,0.30684704099727284,0.7144736976535603,-2.1948556131445205,0.24848905014089873,HAR-RV (OLS)
26788,0.0009070016477720582,0.37177968469636447,3.8953935518512535,-5.814315072028883,0.6770876678869022,HAR-RV (OLS)
26798,0.0009651089348696246,0.36077683086302503,1.585343647823578,-4.536079529324312,0.45619832082192935,HAR-RV (OLS)
26804,0.0007449498978039062,0.4480955675657662,-0.6011282330608662,-0.6710282321450081,0.1970958364312585,HAR-RV (OLS)
26806,0.0005618666773851519,0.3716731982626244,0.9292590662360378,-3.257202354130433,0.4390250703735933,HAR-RV (OLS)
26813,0.0020446745053905595,-0.10249782501286164,1.6664173884987896,-3.0665223521705323,0.19664843993968295,HAR-RV (OLS)
26830,0.0017873193179567095,-0.28790813812168164,0.25413769094157435,-2.199480062208545,0.22587548270629532,HAR-RV (OLS)
26835,0.0005552798707247013,0.24224142867669102,-0.4900876108981742,-1.2679344818120455,0.27851620654807485,HAR-RV (OLS)
26837,0.000747116667561941,-0.04302993796349979,-1.5750570716448462,1.215389630006264,0.19871175923009832,HAR-RV (OLS)
26841,0.0003723014870663737,0.48590971190503335,0.9683448695965735,-3.629751626376189,0.32582161632836215,HAR-RV (OLS)
26844,0.0006925168401496976,0.275891694635039,-2.2977636043495657,-2.4313163368352226,0.3846891575371312,HAR-RV (OLS)
26849,0.0019327161609488013,-0.4245228360884832,1.5860508552248882,-3.8288573927535756,0.8109932119188699,HAR-RV (OLS)
26862,0.001193014891745945,0.5119227075667074,0.7618156264245911,-3.7159881693220362,0.2875673784464716,HAR-RV (OLS)
26864,0.0003569437137840611,-0.6994550659161922,-3.4883795214515585,4.04778126899453,0.4165508315584785,HAR-RV (OLS)
26868,0.001624361474765799,0.8115364687659556,0.35806512562210124,-3.332837004509906,0.48510549351933696,HAR-RV (OLS)
26873,0.0008672872197228387,-0.48232635169124216,1.179293950073507,-1.1347341688150996,0.2191217103338472,HAR-RV (OLS)
26874,0.006660213678526768,-0.20035576758720988,0.7103164141222771,-3.5811996667986485,0.22178190899222983,HAR-RV (OLS)
26883,0.0009418582591634681,-0.10736394476632458,1.288982820469624,-1.5600616454391838,0.04331642298003169,HAR-RV (OLS)
26886,0.0010607157877763097,0.14950405609733966,1.5597562855127127,-2.0257378105282253,0.1878887361945616,HAR-RV (OLS)
26889,0.0005380573651648395,0.21408822851851322,-0.8664157484787954,0.3011227643468698,0.12233297293181344,HAR-RV (OLS)
26891,0.001181225609682411,0.5052960419034119,1.2229437603254198,-6.663956618556238,0.3189033300307941,HAR-RV (OLS)
26903,0.0012131073509568356,-0.06906533333228454,1.1170627040448013,-3.3354345731633335,0.2668292958589834,HAR-RV (OLS)
26905,0.001432053047016572,0.11720083421778982,1.2927852786646588,-6.0358641663821935,0.2721678674990886,HAR-RV (OLS)
26937,0.00015619022951311243,-0.1719029813876338,-0.7887807263941431,1.321698724548785,0.03078380633244837,HAR-RV (OLS)
26938,0.0005746386331895797,-0.02568610406789478,0.8007391997504304,-1.1132538324082435,0.02976891451248609,HAR-RV (OLS)
26944,0.001659996733145605,0.8556694588855049,1.1992207471310663,-4.076517311219359,0.5901187446677394,HAR-RV (OLS)
26955,0.0014103371477412413,0.3638778681860168,1.1056853479590463,-2.391736205945329,0.1623589593694873,HAR-RV (OLS)
26956,0.0007164172646354861,0.2809896855327459,0.12301092831645291,-0.09562305435019142,0.26706415598672073,HAR-RV (OLS)
26973,0.0004409665482588732,-0.5067741048863863,0.5033899913389374,-0.34567674073891225,0.275150041759595,HAR-RV (OLS)
26997,2.2069076951990077e-05,0.05754153689846902,-1.2416330301428573,1.9307149882469137,0.07199007029874893,HAR-RV (OLS)
26999,0.001703343640587631,0.022296766403829563,2.9887506150262038,-4.286254216678635,0.2668198831323009,HAR-RV (OLS)
27003,0.00022890354512804267,-0.12076482962785276,-0.8991242588503963,1.4474267007558042,0.05423067220366251,HAR-RV (OLS)
27012,0.0029068415035522184,0.306735341142268,1.7877227049209945,-4.651629278670388,0.38607441524276476,HAR-RV (OLS)
27013,0.0006976889230130439,0.307272254531207,-2.196762947954495,0.6234396963265669,0.5184605092923311,HAR-RV (OLS)
27014,0.0003343289721263415,0.6111465984459027,-0.5157251579740649,-0.021091585231518717,0.26442976513328087,HAR-RV (OLS)
27015,0.0007592330536622645,-0.0925878139546979,1.116595766514616,-1.464595934975597,0.05823364164562561,HAR-RV (OLS)
27019,0.0007277064713992229,0.05123999279375314,0.46555456277266294,-1.5448252199954127,0.02168100065248746,HAR-RV (OLS)
27020,0.0004668410716376258,-0.4852600197188183,0.19818367777456347,0.7518649960722459,0.16197847556881162,HAR-RV (OLS)
27037,0.000763011409246299,-0.25207869794600224,1.4240494276375022,-1.6186534104566905,0.0919990308657368,HAR-RV (OLS)
27042,0.001890143484510378,0.4936805035629808,-0.41604792101040855,-1.2486120849230784,0.29297102897145066,HAR-RV (OLS)
27060,0.003007782315139717,0.5685997111673202,3.9815799720241234,-6.433842693724234,0.4705816991090135,HAR-RV (OLS)
27071,0.0010498989167019679,-0.2497217983704743,3.016627086365907,-6.148469820132425,0.512934632189859,HAR-RV (OLS)
27092,0.0004284262934553766,0.4307615789438334,0.6155551899240932,-0.70668566282084,0.25632427937043223,HAR-RV (OLS)
27094,0.00017650302646796302,0.20974171248950177,-0.19171603237627516,-0.20998443753064716,0.060951117574390756,HAR-RV (OLS)
27095,0.001122779864971816,0.3795489538498267,-0.3027900832604964,-3.5006661609964795,0.2750042716613489,HAR-RV (OLS)
27120,0.0010416235888530414,0.19350170960792032,1.8807228505071854,-4.527938919432349,0.15182374407710908,HAR-RV (OLS)
27127,0.0014787188971688001,0.3997341854378795,-0.8867041341506992,-1.2372316043204425,0.4484483769648382,HAR-RV (OLS)
27135,0.00129049454391561,-0.09856516611990868,-2.182407782309675,2.219311738619945,0.22674036724649826,HAR-RV (OLS)
27149,0.00044193266265078214,0.24001102151014175,-0.9458691383851574,0.42381400463934316,0.16591094892529523,HAR-RV (OLS)
27152,0.001349825828866818,0.2912284654979759,1.7268607656996913,-2.223608997629896,0.22630898985740666,HAR-RV (OLS)
27153,0.0008471709992237829,0.30274727642392624,-0.8109856309799143,-0.1867241988489135,0.12833793888748235,HAR-RV (OLS)
27154,0.0016809460730114853,0.43210420856096093,1.3623467390686363,-3.9696239631749917,0.35879967722518213,HAR-RV (OLS)
27158,0.0008607510020895049,-0.11045881553462836,0.29820205995038873,-1.80743066184136,0.5125348030277839,HAR-RV (OLS)
27162,0.0015655121168997922,0.20722893905322126,0.03599143274680061,-1.693126781043563,0.1340693658564327,HAR-RV (OLS)
27168,-0.00017463602140792511,0.11258948176345089,-2.023385649658282,3.880850650383596,0.2488647640605004,HAR-RV (OLS)
27174,0.00041581993098253314,0.15129571987693582,0.20502069506771706,-0.6949963814431409,0.05009086899024329,HAR-RV (OLS)
27178,0.0027792880471336954,0.10943708416676313,2.4262975885118525,-4.028390314690686,0.5958806182154487,HAR-RV (OLS)
27181,-0.00013387491411843074,-0.2397108271519281,-4.269204304236748,7.360835799418882,0.3123434921310769,HAR-RV (OLS)
27182,0.0006345599687111352,-0.13876157864049032,0.9593875391615655,-1.9342314056992853,0.09027880267690724,HAR-RV (OLS)
27188,0.001510946463695094,-0.28217228012249257,3.112442285964085,-4.436233336099904,0.2289872253316999,HAR-RV (OLS)
27194,0.0005561048923191443,-0.03716548022127963,0.1279351161889552,-1.0421453271053802,0.06401708002525996,HAR-RV (OLS)
27208,0.00038142567437160545,0.07542692605482935,-1.1029540564813125,1.288460183587669,0.07934547837298556,HAR-RV (OLS)
27215,0.0006854658760441719,0.253051363237864,-0.11374334915886303,-0.16984347831719543,0.050283361905257284,HAR-RV (OLS)
27240,0.0034429707806907764,0.31510289989811796,1.8301425166943512,-3.040392882782243,0.27738671767445533,HAR-RV (OLS)
27246,0.00022829210748406055,-0.6808839020853714,-1.8656946251384432,3.0322160324479053,0.43128277773145574,HAR-RV (OLS)
27247,0.0012324184058032503,-0.18916277177868865,1.4807572059657863,-3.77423650344354,0.22632604892591557,HAR-RV (OLS)
27270,0.0021147187759543665,0.19265793767309386,3.1688984874969566,-7.020977355671132,0.40747930267450716,HAR-RV (OLS)
27278,0.002938689289915207,0.5564821691541789,0.06571767303840215,-1.28421202925658,0.2219041184185998,HAR-RV (OLS)
27288,0.000846947189192144,0.1665925490948886,1.3805149585335783,-2.1709836636799857,0.28623222033126605,HAR-RV (OLS)
27289,0.00033073749833323926,0.03712713324813137,-0.4637511099286108,0.9819223225938348,0.036720247937803596,HAR-RV (OLS)
27304,0.0002768143130094424,0.2424557216109635,0.4094947690518493,-0.38871832262074957,0.1490333672946006,HAR-RV (OLS)
27307,0.0008970738823756525,0.5081908178440852,2.4910738562596464,-3.8357237819718373,0.5163390710656992,HAR-RV (OLS)
27313,0.0006896915264131009,0.2684711308385837,2.3790808276959505,-4.045905572102761,0.44478976172259077,HAR-RV (OLS)
27317,0.0010971371571779215,-0.0469941043984845,1.111297124183398,-2.4879126522053436,0.09206347677770443,HAR-RV (OLS)
27339,0.00032088049382314715,-0.2193143729207286,0.441572853339101,0.2519722416202508,0.40607046017397497,HAR-RV (OLS)
27361,0.00037254393727397694,0.12632699606869058,0.4490398619529314,-0.5240036956422384,0.04280866082453638,HAR-RV (OLS)
27363,0.0015740487150081774,-0.4304550435830016,1.3020180943397122,-1.5877257994575458,0.1439443100096549,HAR-RV (OLS)
27398,0.001359895442233088,0.3656191095139213,-0.023797510088428453,-1.181886880093537,0.20866040154350973,HAR-RV (OLS)
27403,0.00044659524377109157,0.6397786963348833,0.1687855097377482,-5.411369852518456,0.4184829991074728,HAR-RV (OLS)
27406,0.0005340305942830542,-0.39542563529281227,-1.7605131051423546,0.8860614408111883,0.3727874086917966,HAR-RV (OLS)
27416,-0.0002416050323073842,0.3783441997652397,-2.5192132651008396,3.088489551588741,0.4418264701992476,HAR-RV (OLS)
27427,0.0021123999974722255,0.5276752208490229,0.7879796626186267,-1.999286625790133,0.26578402348551855,HAR-RV (OLS)
27457,0.0015951409234835358,0.23803938354781587,0.4974943064417569,-1.027230465352692,0.07519855452042878,HAR-RV (OLS)
27467,0.00017595317894581293,-0.2918026256347863,-5.4071874471525,5.748687396505392,0.44669412790414054,HAR-RV (OLS)
27469,0.0008395105848493004,-0.16197248820459298,-2.4562455693562066,2.6663672504057647,0.20023997865126342,HAR-RV (OLS)
27481,0.0008218502067343899,0.28503580146298946,-0.5056782096930306,-1.660645645949967,0.11560573780140859,HAR-RV (OLS)
27487,0.0024209044832375322,-0.15094216592663312,0.12492810458003334,-1.7870523560599325,0.19624684891627786,HAR-RV (OLS)
27493,0.0009139149562481356,-0.016086229242875175,0.36513272424309584,-1.3942341981966684,0.21037780795762973,HAR-RV (OLS)
27496,0.0023401210721805225,0.4495593281771981,1.6409439027265897,-5.08560683772387,0.2809533810674819,HAR-RV (OLS)
27511,0.0011118246146165829,-0.03671933618063567,-0.285694818868226,-0.29054248090554047,0.12784687348530233,HAR-RV (OLS)
27514,0.002178433658050281,0.3547617079623086,-1.2410079458464194,1.059272616563434,0.2086006394625447,HAR-RV (OLS)
27516,-0.0009179844173672274,0.16659213965319283,-0.7245031860424124,2.1562987202007187,0.3239150776154517,HAR-RV (OLS)
27524,0.0006353876459954378,0.28910560036934024,-1.3475467894596944,0.8452266315322081,0.20403070311321347,HAR-RV (OLS)
27526,0.0008111052533817257,0.20321568117602812,0.3518634069736182,-0.5174069241942357,0.039289859100657076,HAR-RV (OLS)
27527,0.00022777015396381698,0.1601759325517453,-1.5685989929709414,0.5528432571767764,0.18698319427728116,HAR-RV (OLS)
27534,0.0012834488528496073,-0.10243075025392676,2.10949906824811,-2.9960515935445033,0.11700121271241859,HAR-RV (OLS)
27543,0.0014586240115313166,-0.12958099852935823,-0.3277992004808943,-2.5135537870664946,0.16510714945812355,HAR-RV (OLS)
27561,0.001013841230828327,0.21587865908679194,1.6395024137888643,-3.3733924822987387,0.2025846090947525,HAR-RV (OLS)
27569,0.0007938782483494168,-0.6585278251465205,-1.7262409961846288,2.2647266353593096,0.36257533466320946,HAR-RV (OLS)
27581,0.0018204665842427592,0.22596249567429214,0.7433175517005778,-1.8253027601207237,0.1712810247454808,HAR-RV (OLS)
27585,0.00016896582241571363,-0.0110451186022187,0.3866479655949367,0.1975549545475208,0.08872417803500943,HAR-RV (OLS)
27593,0.0017478109155429594,0.39683289884374084,1.8943966426354848,-5.458241437110075,0.316402553992164,HAR-RV (OLS)
27595,0.001457609436070289,-0.22065978702104774,1.6894537669721634,-2.2850537695053568,0.17463600914233135,HAR-RV (OLS)
27619,0.001248975574649834,-0.08565386753052617,1.10099742871866,-2.2029950862022356,0.11966814655222491,HAR-RV (OLS)
27622,0.000744320177620214,0.34834101410620916,1.191577611547069,-2.9160944225364833,0.18315396192545996,HAR-RV (OLS)
27627,6.686336658781638e-05,-0.5170668589948941,-2.1817806267829556,3.7153062991955155,0.21783090259118953,HAR-RV (OLS)
27664,0.0036923121161266696,0.17044780316053187,-1.1867738986773093,-0.3575807423510666,0.20792209117096894,HAR-RV (OLS)
27669,0.003966240002936276,-0.5144487807602065,0.21993677225743793,-1.4378685520694974,0.35532873078234517,HAR-RV (OLS)
27711,0.009762027476746359,0.10064983274983168,0.5970464169306,-4.198093142110144,0.23700106309903035,HAR-RV (OLS)
27722,0.0007583291937000449,-0.16226454776142848,1.6591798917094571,-3.180013924632541,0.18585014762633856,HAR-RV (OLS)
27752,0.000870040642029381,0.01562999432692905,0.13235909630372733,-1.4842195755836705,0.0675282972718595,HAR-RV (OLS)
27757,0.001715150359806274,0.08665052711527549,-0.8143241966468437,-3.157603985819036,0.30105634892895716,HAR-RV (OLS)
27771,0.002170120724358263,0.9922088288401512,-0.5277682897935474,-2.5981852693683303,0.7110175327018196,HAR-RV (OLS)
27784,0.0006374087044901329,0.6723366453797139,-0.6297804069775463,-1.8124350566470122,0.30147059848409163,HAR-RV (OLS)
27788,-0.0021658103639080953,-1.206771111533852,-1.4768337164415126,5.774006110149342,0.24430976126591308,HAR-RV (OLS)
27795,0.0002908259915058201,0.33020596431543225,-0.006611656442389258,-0.8536683740230344,0.0934378841014406,HAR-RV (OLS)
27799,0.0011388549326176484,-0.006319205533405707,2.290421091836172,-4.718164876678138,0.17538062216368322,HAR-RV (OLS)
27810,0.0010137594618197274,-0.15984046027711993,-0.15995966980482224,-1.6017636068440049,0.18233597766943088,HAR-RV (OLS)
27815,0.002875248383223556,-0.11029057501855918,-2.1237675628051123,-0.5313770086245713,0.3327601242095112,HAR-RV (OLS)
27822,0.0010372366580611871,-0.05967348997448678,-0.7257553245853618,-0.1836657841640703,0.13631254384347824,HAR-RV (OLS)
27828,0.002169215626388818,0.11507639348631037,0.08989641667805903,-1.6707149744368612,0.06379371053280625,HAR-RV (OLS)
27833,0.0014175818035929858,0.4530109909184944,1.3054663864730673,-4.487842259777667,0.23135079401022007,HAR-RV (OLS)
27837,0.0009956025155918842,0.3199802469468244,1.8043719273091214,-3.2770617485140296,0.2860601703094259,HAR-RV (OLS)
27846,0.001167021640639316,0.07493054374372618,2.1148892700611652,-2.2908935608746956,0.27308265912219876,HAR-RV (OLS)
27851,0.00035630607383662716,0.11384623443753952,-0.325930153524336,0.026049567640415022,0.02157286194997976,HAR-RV (OLS)
27854,0.0014493861665028046,0.45698289559025335,-0.41255034105803867,-1.5237783811270793,0.3877542810323329,HAR-RV (OLS)
27857,0.0002253521845115307,0.07833262437139335,0.3879942302742783,-1.271690210206292,0.017983537084886203,HAR-RV (OLS)
27868,0.0007901015939337311,-0.37140782293856184,-0.5917590895627773,-0.46317263120174973,0.2526791231911948,HAR-RV (OLS)
27875,0.002094177533726189,0.17940261842567468,1.9197421682017295,-3.154023073305813,0.3418646540849978,HAR-RV (OLS)
27876,0.0008680502396405482,0.168932899998169,-1.273652125105126,0.7771596937975825,0.10816543527865063,HAR-RV (OLS)
27886,0.0005703146673127215,0.18651704944893732,1.8947229337889033,-2.8227839756870696,0.17545630166202053,HAR-RV (OLS)
27890,0.0018359605316937999,-0.21192726503996448,-0.907090544323133,-1.6010792453827034,0.3726030497465378,HAR-RV (OLS)
27891,0.002634605544847505,-0.075564960070882,3.075501459188407,-4.6135567220627545,0.3360370967673756,HAR-RV (OLS)
27910,0.0009437096322104614,-0.09826898307422284,-1.6951697697889787,1.7481983840053865,0.18187286177575834,HAR-RV (OLS)
27919,0.0009513719952150354,-0.07895916385924619,-0.07747167427387902,-3.403983263694891,0.19142849546763807,HAR-RV (OLS)
27932,0.0027732753877844083,0.5499579834740643,0.5851949961184469,-2.7707619436621176,0.3151314683362302,HAR-RV (OLS)
27939,0.0005355626675799018,0.03722045389562545,0.15005285471379412,-0.9115914572556443,0.03422567406083232,HAR-RV (OLS)
27940,0.0014614023005054377,0.4625540104547849,-0.5903934891538288,-0.505191875174553,0.2984673467489557,HAR-RV (OLS)
27956,0.00048574272525951645,0.32015957457104477,0.30711298734440634,-0.9287132317652028,0.05611231241171799,HAR-RV (OLS)
27957,0.0009466130780319364,0.13786741824409013,0.2682951640638245,-1.3443324536818577,0.11086370987043848,HAR-RV (OLS)
27962,0.0006188475365413268,0.9008773078907405,-0.23375873070316666,-1.856480460678069,0.6776879885380951,HAR-RV (OLS)
27964,0.00030150943951473563,0.11068402332562426,1.364030253581238,-1.9240578940689257,0.08091863162964608,HAR-RV (OLS)
27970,0.0001602878452940669,-0.043020619480113466,0.2973562612002533,-1.7897312227474989,0.12020090878973155,HAR-RV (OLS)
27974,0.001440009579063678,0.38184237251628583,-0.08677816778112946,-1.0204075021797678,0.1847662389849528,HAR-RV (OLS)
27977,0.0007742811579605871,0.04957210017956572,-3.5576483491700133,3.0106689229550923,0.22465576588452163,HAR-RV (OLS)
27978,0.002011196655048294,0.47559667007053574,0.34619504153406844,-4.270618087021824,0.3151398097849988,HAR-RV (OLS)
27981,0.0022806271563492442,0.48436297995774164,1.1926508754732033,-4.88650958674619,0.21691046996809826,HAR-RV (OLS)
27985,0.0005032865115734861,0.7463331827015991,-0.1609273749978295,-0.7634474061840393,0.41150446275494024,HAR-RV (OLS)
27989,0.001626605470652208,0.31796254159865517,1.166794495561431,-2.9520192993188905,0.24199939122914138,HAR-RV (OLS)
27994,0.0007029450565174519,0.6202055766041779,0.3483149769399886,-1.505451982575475,0.38142628090074815,HAR-RV (OLS)
28002,0.0005161551344237767,0.0417751300574886,-0.16748572771483172,-0.7406357441120186,0.053903265593187255,HAR-RV (OLS)
28020,0.001237815605239172,-0.175437519543072,2.2057440608431564,-3.432238323396862,0.2840859003836359,HAR-RV (OLS)
28022,0.0002828311341906875,-0.3946627713056465,-0.6536073053698661,0.8598198468969254,0.20117417109130264,HAR-RV (OLS)
28043,0.0010090801492570749,-0.13052060703820792,-1.59253257408166,0.7635039369185405,0.3808060152728514,HAR-RV (OLS)
28066,0.0006508800458684415,0.1937692011571391,-0.06151466490082777,-0.14859552947845162,0.03051436321123102,HAR-RV (OLS)
28070,0.0005658883921128775,0.4313290713015114,0.6518425588610646,-1.6017544225619864,0.17550716204094774,HAR-RV (OLS)
28078,0.0013001116164883626,0.2633307094651886,0.48422287646032913,-1.4025194757019976,0.17645102209911534,HAR-RV (OLS)
28111,0.0006167085252409245,-0.028895880789494392,0.7250086945643068,-1.1535092298612653,0.047382544758400424,HAR-RV (OLS)
28121,0.0016409483953100214,-0.12578851287023776,1.536254425758805,-3.2110821127258724,0.09207967586427068,HAR-RV (OLS)
28122,0.0023590636079459464,0.007234537997360378,2.6332068821651284,-5.106126544185725,0.38260404354710975,HAR-RV (OLS)
28126,0.00038279612010252225,-0.013980382078087071,1.8271730481042938,-2.9486392424062076,0.23290981679659994,HAR-RV (OLS)
28186,0.0004293502830811612,-0.132201353970921,0.13924439183297913,-0.1270984735306853,0.0188053100677692,HAR-RV (OLS)
28190,0.0007135085030573469,0.17789977239603635,-0.658744247893154,0.27344397025000167,0.050719204951943375,HAR-RV (OLS)
28192,5.768141927183748e-05,0.7169110867771248,-0.5624917893581701,0.9028689588919945,0.4258821171088054,HAR-RV (OLS)
28200,0.0009450977829917342,-0.8043915598302319,0.957558891867881,-0.3761374934268389,0.43691644726314827,HAR-RV (OLS)
28210,0.0006100927771142855,-0.08719031484472466,-0.7740011375923006,0.5429796547554792,0.04241551206106953,HAR-RV (OLS)
28217,0.0007288812103397174,0.10169179997801474,1.8368769645123755,-3.096374091083787,0.09887576090140549,HAR-RV (OLS)
28225,0.0005121008222320845,0.06481631265639033,1.9404081747014081,-2.7260353981251177,0.10371350486447561,HAR-RV (OLS)
28244,0.0018562016192998233,0.24247177159294447,0.6288528903341132,-3.7403741256413685,0.11006031128183313,HAR-RV (OLS)
28256,0.0005996769851298526,0.05070023082923158,-0.7737685328806788,0.0906936778704196,0.09913117935091509,HAR-RV (OLS)
28262,0.002363774295287968,0.061279975650561036,1.5695482574226811,-2.0314234943340415,0.07603028312028415,HAR-RV (OLS)
28267,0.0011440081084379851,0.14860688475068207,-3.1892281281981067,0.05522302420186942,0.39980904731263733,HAR-RV (OLS)
28292,0.0054542469089204106,0.75681874824762,1.7484032633436297,-3.8934305063428143,0.5603010064816849,HAR-RV (OLS)
28319,0.005746697214312493,0.18367535575352142,-0.6682734798330681,-1.4604733888399366,0.15054125986032918,HAR-RV (OLS)
28323,0.0008645553027672294,0.02954588367521409,-0.11660273531458332,-0.8910931538259568,0.06767310230620338,HAR-RV (OLS)
28328,0.00044993943803332153,0.18083774085465565,-0.25046473574757877,0.5000724550954437,0.05974680793390086,HAR-RV (OLS)
28342,0.00016312969781344532,0.26068994866953393,1.3963075029524321,-1.2718716009883229,0.2562407831229965,HAR-RV (OLS)
28354,0.0012729875878437198,0.17014679158026522,3.340827305706292,-5.266650703180239,0.4115631073595951,HAR-RV (OLS)
28371,-0.0010804251325242347,0.5317888301855008,-1.2758288957406492,2.0320934600595577,0.5269706668937533,HAR-RV (OLS)
28379,0.004008868476320626,0.1841913252352972,2.181354516415983,-4.3744016570585496,0.3265070374309025,HAR-RV (OLS)
28380,0.002468350814831189,0.05197190729590555,1.7182736058692432,-2.9735272380365885,0.346110537328712,HAR-RV (OLS)
28395,0.0008507914193120948,0.035861291048532834,1.7806156614068311,-2.706396277277521,0.29312664145155753,HAR-RV (OLS)
28401,0.00028760724915685845,0.020511428027557566,1.337470629825381,-1.3469279390787738,0.2838424528062955,HAR-RV (OLS)
28409,0.002297683240695036,0.6892383702113699,-0.2314482573405059,-1.4101866975258228,0.27977056612336837,HAR-RV (OLS)
28422,0.0004321920831762148,0.0068028463594947885,0.987017999628815,-2.553527245365562,0.23147009113192307,HAR-RV (OLS)
28426,0.0005967870342244563,0.26813497252363644,0.5172137282711872,-1.455130278489715,0.1012041896723388,HAR-RV (OLS)
28429,0.0012023798080057033,-0.003396012630038073,-0.14252902119537963,-0.511071796528558,0.07439753829295026,HAR-RV (OLS)
28449,0.0009030929038589573,-0.10307824772400141,-0.7053698265351014,0.1521668969878192,0.09328362662601275,HAR-RV (OLS)
28474,0.0027610981915899076,0.9010399206603776,0.08755197001317888,-1.4983868729187446,0.48034485023129325,HAR-RV (OLS)
28475,0.0005440859540792365,0.750988868069179,-0.32293454154856394,-0.8334711110696746,0.3629399791987655,HAR-RV (OLS)
28484,0.0008954703635421829,0.14777067426393897,-0.06534376300679468,-1.2258627986891306,0.07673972453477407,HAR-RV (OLS)
28485,0.001905295111235606,0.3161401543824749,0.24579909437103153,-3.202104486893747,0.21208384210688946,HAR-RV (OLS)
28499,0.0007402226853461056,0.33920032669186695,0.8864030560818718,-1.7210659113890612,0.16903233968764053,HAR-RV (OLS)
28509,0.0013861064890894332,0.0003042448483119773,1.2289877544361933,-2.934121168458414,0.11597925463225578,HAR-RV (OLS)
28512,8.64842968539015e-05,0.006567392453272634,0.03303240499562521,0.5027941058572274,0.1419331719459288,HAR-RV (OLS)
28521,0.000935274449866647,0.06818040855462623,0.14548658291165734,-0.2695081155659014,0.004119454553878299,HAR-RV (OLS)
28527,0.0005968143862539281,0.4606561341271786,0.9415154592927575,-1.8753842753305188,0.3200600265053205,HAR-RV (OLS)
28534,0.0010728744608184263,-0.4881862636721998,0.5286614610556879,-0.13317702460370717,0.2194844780751123,HAR-RV (OLS)
28539,0.0018769948043618838,-0.044906970776197805,-1.0129801695968164,-0.18867191289761165,0.22861444078926052,HAR-RV (OLS)
28541,0.0015881309713444741,-0.1481612449302212,0.1287430398705952,-1.4807189774224399,0.17969340800228262,HAR-RV (OLS)
28563,9.520923767446046e-05,0.37788052798281374,1.1780747696124871,-1.9726481206317341,0.19195403824197022,HAR-RV (OLS)
28572,0.0002928285516089444,0.03256402566442213,-0.7422872858642865,0.8164711504824099,0.02127351375123976,HAR-RV (OLS)
28596,0.0019114927352849084,0.5310818302627877,-0.050130411042005996,-2.7538268618623634,0.33713965430593207,HAR-RV (OLS)
28619,-0.0009503802242321288,0.5368808268118217,-1.4478169724437966,2.9067853575043063,0.33386331648130607,HAR-RV (OLS)
28625,0.0015267577513548626,-0.10131147261194752,1.3440738854190024,-1.5568788257132251,0.05789526390620481,HAR-RV (OLS)
28634,0.001983446741673643,-0.20150024991920729,-0.03294987545438145,0.10476556872881133,0.053051245800170954,HAR-RV (OLS)
28635,0.0010486360244932533,0.676846402004594,0.05952535591808872,-1.3293330956505232,0.41209375012026195,HAR-RV (OLS)
28656,0.0034673914528327255,0.60914627487768,2.8376829306831053,-4.323060099281044,0.3966318641209472,HAR-RV (OLS)
28670,0.0006605416686287771,-0.35831506576436806,1.6401908173114008,-1.9117495409867833,0.15814013739701327,HAR-RV (OLS)
28676,0.0011327120803134192,-0.04299762215775918,2.1034151615902,-3.2778401789618234,0.14545449121904053,HAR-RV (OLS)
28697,0.0008013616403516211,0.18100118322694997,-0.167798525640634,-0.19363003772454088,0.02352276690170385,HAR-RV (OLS)
28737,0.000514289292403969,0.1516331600630429,0.06750032655492463,-0.5454380993938354,0.02957781227094458,HAR-RV (OLS)
28745,0.0006150078692814458,-0.40090987333349964,-1.5995874403337818,1.836258207810106,0.2690971762873453,HAR-RV (OLS)
28757,0.000944767819131282,-0.3392258724357365,-2.9402331402305837,2.0476092958224834,0.5226491076891193,HAR-RV (OLS)
28761,0.0036611279788504687,0.29862175252628886,1.0959968927611792,-2.5843162230905654,0.7423501603102911,HAR-RV (OLS)
28770,0.0008427060855009394,0.5201558180275819,-0.5682544250393781,0.5624700106359595,0.2418615839161653,HAR-RV (OLS)
28775,0.0005640002195355276,0.42123051525353,-0.02378670049617322,0.17263279767943712,0.4715234830417351,HAR-RV (OLS)
28779,0.0003621465536748535,0.15901042508621363,-0.01072875653308962,-0.19106898587558707,0.018942461840800062,HAR-RV (OLS)
28801,0.0008641405189924572,-0.019692868386375396,0.6799984919877847,-0.2018421416267404,0.15010872253135832,HAR-RV (OLS)
28820,0.0029449466102702063,0.18368041517284256,-0.36245357814174106,-2.0157900927804326,0.1679439094123918,HAR-RV (OLS)
28832,0.00032817904888702654,-0.0013644708092220045,-1.9256155928866616,2.3300132318491564,0.08677559879744001,HAR-RV (OLS)
28837,0.0003864433743675798,-0.061930750500747526,-0.03987627723119908,0.35277217929834914,0.004852198080271153,HAR-RV (OLS)
28838,0.0021368647072007784,-0.16748935752928656,1.544046469500311,-2.1022227185132816,0.12156078479570842,HAR-RV (OLS)
28839,0.0012863590129960675,0.09126208243947977,2.192321463403183,-2.772315880257697,0.45385452024864004,HAR-RV (OLS)
28841,0.0011301547732374523,0.11856863185993195,-0.7482442745588578,0.020580366605468137,0.10712445295199857,HAR-RV (OLS)
28868,0.0003816993062260781,0.05509888910042395,-1.1767829289001472,0.674567897279735,0.12098765652619137,HAR-RV (OLS)
28877,0.0016671545680196284,0.34621709749878293,-0.22806491794244232,-2.437329164340686,0.20599943498924111,HAR-RV (OLS)
28880,0.0016689662408479883,0.3492587220418441,4.174799996816751,-9.455380757580798,0.26503002966656664,HAR-RV (OLS)
28881,0.0005257182323150497,-0.20938627575961097,-1.3920867992020234,0.4049857394355041,0.3028557660240765,HAR-RV (OLS)
28896,0.0011114806549876986,-0.0037161455771086366,1.4690446398047388,-3.0548663054251373,0.21780412602462906,HAR-RV (OLS)
28898,0.002706624395507276,0.4666395181758123,2.21012848360919,-4.998489336728425,0.41036582904022334,HAR-RV (OLS)
28930,0.006358911300091989,0.17358070435672612,1.8834022921646887,-3.3198253931782085,0.3203731753511202,HAR-RV (OLS)
28932,0.0027458960922402582,0.23110682655521045,1.1959086187425103,-2.8642635568041452,0.281160429333581,HAR-RV (OLS)
28958,0.0007538159672723397,0.583425591118828,0.7709298309191687,-1.676323008857598,0.5027748935960048,HAR-RV (OLS)
28959,0.0005055433579450678,0.011091908495341942,0.567442291519346,-1.3117834610735013,0.0693047549897422,HAR-RV (OLS)
28963,0.00045062278888791,0.006301208748433178,0.8149472075101729,-1.2713082211943398,0.054167657525609925,HAR-RV (OLS)
28969,0.0005586368684558274,-0.02737020939809484,2.3241701732181888,-3.3719266418613514,0.5212190467528623,HAR-RV (OLS)
28983,0.000621143139506759,0.04393287752215371,0.7892300971084408,-1.6661683897053297,0.12868822196158203,HAR-RV (OLS)
28992,0.0011105003596123461,0.31526630034200315,-0.31006703977511907,-2.690867494848878,0.24418344060810204,HAR-RV (OLS)
28993,-3.7586893472941725e-05,-0.37666756615873154,-2.241737710704144,3.393459744723526,0.1857258803995142,HAR-RV (OLS)
29003,0.0008208931480899455,0.08560017134269224,1.5278595996008835,-2.8300361338052604,0.18156955441468414,HAR-RV (OLS)
29005,0.0006025884169029729,-0.14475818128550988,-1.8762910808887034,1.2874816421051198,0.2441727319367324,HAR-RV (OLS)
29012,0.001956387023795911,0.5112106829293577,1.758879927486006,-4.340695072945184,0.5711385656120761,HAR-RV (OLS)
29026,0.005547511646227285,0.3891682273316282,-0.5985575028184948,-5.240112746720757,0.49401182829151014,HAR-RV (OLS)
29037,0.00036383999655281507,0.16156460415428353,2.4491113448636965,-3.552572444281741,0.11095983928473396,HAR-RV (OLS)
29046,3.5304525033768522e-06,-0.4453169374035864,-1.682687452611157,2.9752878494841526,0.21028369349354514,HAR-RV (OLS)
29048,0.0011392475786485409,-0.23218536992572697,1.463907551961568,-2.1195766127847513,0.16996179789057386,HAR-RV (OLS)
29054,0.0007608643311780729,-0.06626903611435889,0.8068715821536881,-3.112658517138567,0.24928601266471584,HAR-RV (OLS)
29064,0.0004448354351732082,-0.2556481932223988,-0.5593396463265387,1.183084703129166,0.10603008487143606,HAR-RV (OLS)
29089,0.0002530055029044016,-0.4172456649068709,0.7592029641246135,-0.17133313478724416,0.14066088895077766,HAR-RV (OLS)
29106,0.008816244976322017,0.17660122326524702,0.4369725756108389,-4.503792891600828,0.12224961566184334,HAR-RV (OLS)
29120,0.0002706851791841471,0.3487057892062935,0.18393019070230615,-1.0482872730577906,0.13933761171078607,HAR-RV (OLS)
29138,0.0009534133154511649,-0.15075632643268183,0.1050004443977238,-0.6631049467935813,0.04823520235664669,HAR-RV (OLS)
29139,0.0019510975955513176,-0.23925021529521254,-0.5829363915797247,-0.23095367630397906,0.26617044339795726,HAR-RV (OLS)
29145,0.0013938283382620522,0.16409730478340823,1.5986370815455313,-2.0178954973146728,0.2550630629714824,HAR-RV (OLS)
29149,0.00019412288963793382,0.14680951437373926,0.10905032078482008,0.15254772786001403,0.15848914263977298,HAR-RV (OLS)
29150,0.00110656245932916,-0.3943295058575646,-0.1352373669475717,-0.8173953833761827,0.35986482159372424,HAR-RV (OLS)
29171,0.0023180476630290476,0.26389575572376084,2.43635805419155,-5.4676764236939395,0.36042934336771293,HAR-RV (OLS)
29219,0.0014033735088116919,-0.17976934604511113,1.362786003446897,-2.4490558511719986,0.1326688866168686,HAR-RV (OLS)
29226,0.0009438140070721968,0.6523421164928235,0.6031760313220874,-1.5584576218834907,0.28105144648165925,HAR-RV (OLS)
29228,0.0006360660231722562,0.14732961895155092,-3.139908678264713,1.8508631670327584,0.3315434921194026,HAR-RV (OLS)
29239,0.0014956403827838432,0.026571453819275052,-1.3908080516617445,-0.4285490353809358,0.17657045834515028,HAR-RV (OLS)
29240,0.00494799196547702,0.5354724054254015,3.4567575650828006,-7.467047834554132,0.45721420122448164,HAR-RV (OLS)
29246,0.0006089348703774316,0.21443269345179697,1.5044146538324974,-2.408708706116569,0.2532817476057433,HAR-RV (OLS)
29252,0.0006329250698382421,0.32143889177297036,0.9431784995694255,-3.205760261602259,0.21040198699975843,HAR-RV (OLS)
29267,0.004115416897887037,-0.01613838877338967,1.899263636264516,-4.403985469582584,0.2366562929905437,HAR-RV (OLS)
29271,0.0017464406932781705,-0.059656043721419624,1.0646038243678402,-2.7275655671047616,0.11507577294113691,HAR-RV (OLS)
29280,0.0036375941497128017,0.06717830299276473,1.3084519164505246,-4.991027463382418,0.217853188384718,HAR-RV (OLS)
29296,0.0007640546458236905,0.18450586275876943,-1.2487033027311458,0.6628874200278532,0.15917157456713726,HAR-RV (OLS)
29302,0.0003024030283151337,-0.3364924705393578,-2.232431626868913,3.650929178680498,0.3338150720283217,HAR-RV (OLS)
29316,0.0006137631583853504,0.005953502222285981,-1.8992201628362033,1.3922138245894318,0.13691841902117718,HAR-RV (OLS)
29330,0.000437840448423675,-0.49915898440272144,-0.1882917013931179,0.2975265317423467,0.22875741808308547,HAR-RV (OLS)
29336,0.0005058315320337117,0.0016509088111369221,0.09008220144797918,-1.8378103393690899,0.09741926536266576,HAR-RV (OLS)
29337,0.0009822161470843219,-0.2060889690601064,-0.13181891215564392,-0.1697031444580585,0.09571060754121885,HAR-RV (OLS)
29362,0.001798884319020669,0.03574359681882269,0.140724076630925,-1.5213500640004491,0.3114885480407471,HAR-RV (OLS)
29374,0.0021630694461377015,0.39583953714788633,0.4170691930054901,-2.1222517948952633,0.3204403103275709,HAR-RV (OLS)
29375,0.0005808610108795165,-0.21470450625505713,1.2138974896414365,-2.2085723256466396,0.23829434127270754,HAR-RV (OLS)
29380,0.0034312911805645246,0.39021775986732227,0.38710591038292597,-2.280429066991257,0.16539639900634018,HAR-RV (OLS)
29429,0.00013182763689757818,-0.6952279469462824,1.2698538945111844,-0.18601745203975129,0.3266721031586858,HAR-RV (OLS)
29431,0.0061265145492306,0.3848118399328922,1.6495803791529335,-4.560746786472078,0.3985988773243888,HAR-RV (OLS)
29441,0.0001616354522292357,-0.08092168949724114,0.8240285424208423,-0.7715991529314894,0.08024384111018823,HAR-RV (OLS)
29445,0.0009342581098648418,-0.15153427265516273,-2.746242477200945,2.06112549674833,0.3016026783726513,HAR-RV (OLS)
29448,0.0006042067662161663,-0.3074775079520091,1.8684095617895013,-2.096225133045357,0.15913089655828105,HAR-RV (OLS)
29480,0.0008673246370930713,0.35646249203971325,-0.3276125480330584,-1.1242663819292287,0.1831164015234067,HAR-RV (OLS)
29494,0.0002387275402679577,0.48516206291699193,0.4906193738450525,-1.4944156135597535,0.2917475599699211,HAR-RV (OLS)
29504,0.0008174257005172355,0.23414404590375018,0.7998885597019473,-2.2436225123381175,0.10828892340888618,HAR-RV (OLS)
29507,0.001116456562698996,-0.07612499404967805,1.2359951613651416,-3.1149220659456933,0.1728423180402543,HAR-RV (OLS)
29515,0.0011502987877067094,0.11833002798250968,0.030857370129507122,-0.5727560763608501,0.017579674328972672,HAR-RV (OLS)
29517,0.0019789219347999916,0.4555963565693336,1.8519274227036642,-4.423468074832191,0.2747467907500204,HAR-RV (OLS)
29548,0.0004471417625889617,0.0945872061982892,-1.6481289150434633,1.3904414026937022,0.16680736352068593,HAR-RV (OLS)
29554,0.0009209867096878353,0.13271182765828352,-0.9268255692407077,-1.0737937186223008,0.13394300121838532,HAR-RV (OLS)
29568,0.0005241121475028264,0.21991428316688358,-0.6136582948206342,-0.1761370693064652,0.0836988065672678,HAR-RV (OLS)
29570,0.002397814870902643,0.2597235958134065,-0.2905484751398557,-1.8146295168546693,0.12679659071162042,HAR-RV (OLS)
29577,0.00041598951140323873,0.18859536514834624,-0.25474007676527216,0.5601600600316021,0.0511018001905954,HAR-RV (OLS)
29583,7.505903548835698e-05,-0.5212285373525035,1.2160297592950056,-0.18950510401500242,0.440376136723733,HAR-RV (OLS)
29590,0.00057750676131686,-0.07361873234084954,0.5634263153834393,-1.492403303110677,0.060056703681372836,HAR-RV (OLS)
29592,0.000654056074608193,0.16513460567363156,0.6907470812750071,-1.5700814295138108,0.07898087475540039,HAR-RV (OLS)
29608,0.000530726888412787,0.03497593543046896,-0.6730085684001222,-0.22925373683881717,0.07417555961089628,HAR-RV (OLS)
29614,0.0003432284205542608,-0.02841146856292187,0.5766574915588152,-1.741239339725066,0.08271828471619547,HAR-RV (OLS)
29616,-2.1035960657109557e-05,0.04617498256556309,-0.8013832019540679,1.6442852191474908,0.08416681615139499,HAR-RV (OLS)
29634,0.0015219719967229754,0.17067371634206768,0.7567900687029848,-3.823911679258569,0.2128686321729738,HAR-RV (OLS)
29644,0.0008297612013965602,0.33071930245232734,-1.683152478872369,1.075676687284957,0.3445961579166066,HAR-RV (OLS)
29649,0.0003101703536056357,-0.06485845036077251,1.0722769276768644,-2.0293857618847078,0.09303657512277674,HAR-RV (OLS)
29656,0.00139845453624147,0.10338528210521998,2.7968379140122703,-6.23660183651479,0.3501036866701239,HAR-RV (OLS)
29664,0.0010734310357466861,0.4855306960645088,0.157934842601696,-2.833916505561838,0.2827964892257936,HAR-RV (OLS)
29672,-0.007618396122256488,-0.5725253315746874,-3.101049817974536,10.379488279307719,0.8753402627986019,HAR-RV (OLS)
29676,0.0005776870331264234,-0.10391760946916119,-0.4869464850819485,0.4260692112362443,0.032580553645813026,HAR-RV (OLS)
29679,0.0022807873246716544,0.3548257762992085,0.777525378551285,-2.9487980281695205,0.19026968486156637,HAR-RV (OLS)
29692,0.0014885692844695728,0.28562357187263065,-1.060434720123805,-0.420192258869308,0.39806924838538493,HAR-RV (OLS)
29716,0.0003900235355508557,0.10820256096939429,-1.605361042299021,1.6302180188262825,0.13307307713608318,HAR-RV (OLS)
29740,0.00017853760641707616,-0.2909639421088856,-0.5440296055354528,1.4029399286500464,0.10792072273982811,HAR-RV (OLS)
29746,0.0008629190644808204,0.43386529861317136,1.1053384195315552,-2.8446719030158687,0.13819859607607643,HAR-RV (OLS)
29761,0.0004010936129752816,0.9082142302067465,4.142599015461997,-5.668195505281664,0.45201770432806254,HAR-RV (OLS)
29775,0.0012901179488891796,0.26728178399613145,0.6472568708229358,-1.6813929576786069,0.05956959231156378,HAR-RV (OLS)
29786,-0.0001953744713638556,-0.3142809557013853,-0.42857557744740554,2.0778633257147607,0.17653338121312367,HAR-RV (OLS)
29791,0.0008126307184485107,-0.12738034223183337,-0.7322356117045525,0.4569911410375972,0.14150566884664162,HAR-RV (OLS)
29793,0.0006557632177470429,0.34064703894338305,0.5070152723298296,-1.4777159288006585,0.2094538865481851,HAR-RV (OLS)
29802,0.0020433113729234078,0.023842178613082785,1.872799279479766,-2.4777462291618324,0.16725869536293314,HAR-RV (OLS)
29819,0.0004932716245402527,0.13659784709606979,0.8862318953941134,-1.3575109375550027,0.0543689974713667,HAR-RV (OLS)
29823,0.0006613052368810344,-0.12970407538310272,0.2857202410025551,-1.0343470818893898,0.12154265685281007,HAR-RV (OLS)
29824,0.0009797154295134757,0.7021614567330942,-1.1732442545351836,-1.9541443200641413,0.44199720729780134,HAR-RV (OLS)
29828,0.0004740930633257262,0.1532965715227718,-4.761308217735632,4.525180961460573,0.47084056202557234,HAR-RV (OLS)
29842,0.0007368767481758121,-0.4128402565253716,-0.9804050975921846,-0.06370134041008269,0.19084646290233187,HAR-RV (OLS)
29850,0.003398449974461145,0.5211164521499634,1.8904145051125476,-4.462606465710204,0.2042448841892759,HAR-RV (OLS)
29853,0.0029524216052541946,0.17878932111755716,-2.3662861641109263,-0.19855955179868312,0.4052589030346714,HAR-RV (OLS)
29871,0.0007059837144516199,-0.13218268959251903,0.7228391025026545,-2.491251835122848,0.10455132585407667,HAR-RV (OLS)
29872,0.00231826932992057,-0.012035817972792299,3.2618542625629567,-6.779225221498665,0.3525661085986771,HAR-RV (OLS)
29875,0.0008862524462282049,0.15307502956982305,-2.0099408008853947,0.6400138942136699,0.1723206128149649,HAR-RV (OLS)
29880,0.002542970211509574,0.4653907122556157,1.1321441068596125,-3.6882819123116524,0.35870960142933317,HAR-RV (OLS)
29885,0.0010185113737821052,-0.15545008580737923,5.213701392959603,-8.449532351222311,0.5814374638994051,HAR-RV (OLS)
29889,0.0009309608957274291,-0.2791669845980053,-4.078853546111837,4.384826649761606,0.4377730502352277,HAR-RV (OLS)
29906,0.0009928512279217916,-0.07053513195971409,0.21632476001432532,-0.9637955607334615,0.07134205079014633,HAR-RV (OLS)
29930,0.0009336862483070417,-0.19819530312030614,0.4193707942511342,-1.1327083215792162,0.23242030671367875,HAR-RV (OLS)
29932,0.006063357655669644,0.7913474671204455,1.212976532590431,-4.380697184226073,0.580643727140646,HAR-RV (OLS)
29941,0.0009743687090902784,0.2848400089407753,2.2983633751922605,-5.834409611576849,0.4968392859686649,HAR-RV (OLS)
29943,0.0020564955668793323,0.015073845279121026,2.9915095647524512,-5.724654823867033,0.2702153607632345,HAR-RV (OLS)
29944,0.00045685463610186256,-0.2854938152105209,0.20510432471971957,0.3481426323272786,0.08300965771267954,HAR-RV (OLS)
29947,0.000428350730380969,-0.28338067385505367,-0.5645486438532906,0.6895396910787748,0.07011271960230614,HAR-RV (OLS)
29965,0.000683590027564555,0.10977639190318063,-1.5421213764297559,0.8858080048454984,0.21569644331437787,HAR-RV (OLS)
29972,0.0004523268060577868,-0.030142873365941236,0.8576319326642408,-0.7636341801256601,0.0993967703000217,HAR-RV (OLS)
29974,0.0006957048990700097,0.12971144431632478,0.5703902026574061,-1.228696329344382,0.08695905513321722,HAR-RV (OLS)
29990,0.0006711137374469378,-0.10542716416004634,1.1453357672016555,-1.8025049749475266,0.07237334305864807,HAR-RV (OLS)
29997,0.00041354578103920274,-0.10507757198511744,-1.2003533307890852,1.3570784980943067,0.07912730174349769,HAR-RV (OLS)
30013,0.0003478616806249808,0.09900386975863038,0.3221875183427545,-0.6544548215477659,0.01569687193301883,HAR-RV (OLS)
30023,0.00018948188008833638,0.48417422871269583,-0.13101889297802885,-0.042806119761845306,0.24856582489788037,HAR-RV (OLS)
30040,0.0005723305535722502,-0.8142322958014808,1.4510812634102024,-1.44774977517329,0.5869708779623115,HAR-RV (OLS)
30050,0.0008906538944561744,0.3184275513752105,0.016857296079947126,-1.594883949520196,0.16597891017172683,HAR-RV (OLS)
30063,-1.0036311712946521e-05,0.21632588565801217,-1.4363743029702922,2.109083600584833,0.17716481271659612,HAR-RV (OLS)
30078,0.001420472271981151,0.28434074312641083,-1.1666406764492625,-0.45943913174734563,0.25501169256716916,HAR-RV (OLS)
30103,0.0027388157247496296,0.0987666830354166,2.7609403133972967,-3.9213377365159974,0.5160206918214274,HAR-RV (OLS)
30106,0.0005417598128978525,-0.24039718698262255,1.6254476981499726,-1.2444516276959283,0.5123962331632024,HAR-RV (OLS)
30125,0.0018980318938306648,0.3059516386653338,0.3080167978944117,-1.7880046629666977,0.1584800311008403,HAR-RV (OLS)
30128,0.004442830637702237,0.09049024778745769,0.9767163952030133,-1.0094803725222563,0.26501491413810574,HAR-RV (OLS)
30134,0.0007507903293315595,0.07501144524419275,-1.9917106744877668,0.7660758972230002,0.2263119581658517,HAR-RV (OLS)
30169,0.0006790025167466367,-0.31951299551281337,1.3460784847929936,-1.685269962158638,0.10371056429322045,HAR-RV (OLS)
30177,0.0004218097948675978,-0.06612703588596705,-0.862125672242825,0.40839026923658306,0.13247601356259575,HAR-RV (OLS)
30183,-0.0009627800807658252,-0.35280228652920903,-0.2864895813315328,2.785963450830052,0.49576092040131003,HAR-RV (OLS)
30208,0.0035894135113288574,-0.12233842917172824,2.1862306938255953,-3.672014369065834,0.20295828225249368,HAR-RV (OLS)
30210,0.002252203691912004,-0.29288493967266216,5.04420739044751,-8.995833359277068,0.23379209543521995,HAR-RV (OLS)
30212,0.0006983190709654342,-0.1580014269178707,1.1933472294185767,-1.3623493382492082,0.037823241952718245,HAR-RV (OLS)
30215,0.0007227147079882901,-0.22005851064551105,-0.12592148229230196,0.2713435900769222,0.06155152738656444,HAR-RV (OLS)
30224,0.0022894102598360836,0.12922624600912017,2.4756994666298615,-5.881330398722734,0.5404270413499919,HAR-RV (OLS)
30225,0.0006440113775419072,-0.10431153496251214,-2.548435195069892,1.9804006102841285,0.4755485798851694,HAR-RV (OLS)
30232,0.0008405535838064017,-0.00502628397941619,0.18683210113124438,-2.2216954868911345,0.19727153027709177,HAR-RV (OLS)
30244,0.003746764537923213,0.10175138975060076,-0.8627493282517225,-1.5187013001468945,0.33469254645639657,HAR-RV (OLS)
30250,0.0003568643254965926,-0.17141845043000029,-2.2553979180373918,2.7238777253811173,0.16785242238672193,HAR-RV (OLS)
30256,0.0005519352233403119,-0.016195992278220755,0.8193811179327556,-1.2060931342649455,0.051480002502171884,HAR-RV (OLS)
30272,0.0006169349088149923,-0.6140363373041872,-1.3772444907162464,2.18348032259921,0.20163621999700865,HAR-RV (OLS)
30276,0.0008748568792506782,-0.2525200554932571,1.892940323072238,-3.2376313027111205,0.403198877300328,HAR-RV (OLS)
30279,0.0017681594830263598,0.2234195247433839,0.6775155345827688,-2.8635105851360048,0.15347643292198554,HAR-RV (OLS)
30303,0.0012266445355156325,-0.0027475313376513545,1.1719668008703727,-2.5029445610927374,0.12463030316761547,HAR-RV (OLS)
30304,0.0013852317294447052,0.23483306545945498,1.7204655407479819,-4.364101502920259,0.2148847719737077,HAR-RV (OLS)
30312,0.0011133751418171203,0.3105774676572121,-0.9948002784157677,-1.29623261129035,0.3368887468335944,HAR-RV (OLS)
30313,0.0017602762669858473,0.6796857280076537,1.3112213587437218,-4.159834880508209,0.39708511452843565,HAR-RV (OLS)
30325,0.0011109078884341363,0.3496151716394196,0.1618581141371106,-1.566978948619751,0.08550615482907753,HAR-RV (OLS)
30327,0.0010140337664192559,-0.1056367405905161,2.0158436850690844,-2.3705826042463416,0.1385301954367114,HAR-RV (OLS)
30328,0.0007045353519250674,0.15853696497794129,-0.37214616930215416,-0.5039121869573269,0.06122359692133328,HAR-RV (OLS)
30334,0.0002517009892350668,-0.2327839301220631,1.0630232629548886,-1.1652347728451828,0.05711795359858174,HAR-RV (OLS)
30339,0.0011082837529057094,-0.07253938327189677,1.6860240169653002,-2.2795320904726877,0.13070921873548824,HAR-RV (OLS)
30341,0.0007787574121614566,0.2299782959384822,0.5703657070071168,-2.0346426742385493,0.3316740362835515,HAR-RV (OLS)
30350,1.295510588422466e-05,-0.1099395705596528,-5.20530374182933,6.690512100557225,0.39217355079417826,HAR-RV (OLS)
30357,3.7242482370379256e-05,-0.15106128921919318,-1.654751566878919,2.5165215611708565,0.07211553399278037,HAR-RV (OLS)
30366,0.0017466089375513293,0.04150332166216086,0.38355948767219766,-1.6135991139506531,0.0686578904885552,HAR-RV (OLS)
30370,0.0008462762103663161,-0.12260053778106568,0.7842766165010431,-1.5966393602426305,0.12153180890730042,HAR-RV (OLS)
30376,-0.00012920126756141596,-0.0947572825243223,-1.2801829161672327,2.5004212252103115,0.07857501762686747,HAR-RV (OLS)
30379,0.0007245708777217006,0.2509737397379131,0.135498867983508,-0.19645642528162655,0.07076425407782283,HAR-RV (OLS)
30383,0.0013922368554238175,-0.20732672782009923,-1.8549396465998842,0.7973864094981831,0.2858743885833209,HAR-RV (OLS)
30384,0.0011259466535368128,0.39324522889735297,-0.6661034495818344,-0.6604504947451495,0.25447492499199764,HAR-RV (OLS)
30405,0.0009989578624961318,-0.08941935669506881,1.019405061586447,-1.995922607146569,0.09183361487876862,HAR-RV (OLS)
30412,0.005086259040805131,0.07788990798862945,3.6968240848094647,-6.839401636083775,0.5666912607901011,HAR-RV (OLS)
30416,0.0026579465831907236,0.11116346078716001,1.2584569223480577,-1.8825833042697582,0.08483934589815967,HAR-RV (OLS)
30430,0.0003300509120784099,-0.6535201097536607,-3.5461065240201908,5.034825676694342,0.5189795071705494,HAR-RV (OLS)
30443,0.0002047133567523554,-0.21481183708171753,1.5636712127105337,-2.0535949708593124,0.07830962301393973,HAR-RV (OLS)
30454,0.002487088118748133,0.31900080069463244,0.34962081114448984,-2.490487733114266,0.33679603245357026,HAR-RV (OLS)
30456,0.0004744211208699812,-0.05466409257727907,-1.703153431511974,0.6644611084769412,0.1545308024372536,HAR-RV (OLS)
30471,0.0011744663277290237,-0.10346081393777602,1.821190057249851,-3.5437747518490244,0.216689188778875,HAR-RV (OLS)
30474,0.0010272078485852648,0.07647461281302262,2.5470410695197656,-3.185330819973217,0.26564023407601367,HAR-RV (OLS)
30492,0.0005816674577170611,0.44888546914555066,-1.0331091893526996,-0.4847708913905654,0.28263574042520256,HAR-RV (OLS)
30494,0.0006081653757425748,0.16009762831206814,1.2972518270291131,-2.7043578965772257,0.17009516981790462,HAR-RV (OLS)
30498,0.0008616451285424863,-0.27761458637268543,0.91791573058577,-0.32824791075548965,0.29801814484947375,HAR-RV (OLS)
30512,0.0001707725116121614,-0.16268032110396366,-0.8278334092311596,1.6949471992703085,0.05997704364055112,HAR-RV (OLS)
30521,0.0018909693708553795,0.5188615656778314,-0.006414256661759321,-3.3238555753174017,0.24839051853282412,HAR-RV (OLS)
30527,0.0011719155779515715,-0.14354597988612397,-1.8991757663404862,-0.21222710930326083,0.27655681818817146,HAR-RV (OLS)
30547,0.00227046535636374,0.49821619744232853,-0.22218989093497732,-2.8433250013901277,0.20710580203998852,HAR-RV (OLS)
30569,0.0027891832631960272,-0.28130155925133593,3.6915900677068123,-5.258036951112103,0.8110381847515805,HAR-RV (OLS)
30585,0.0011009705219029882,0.17000906782838157,-0.08453841758559821,-0.036908324312411096,0.02354332805441306,HAR-RV (OLS)
30597,0.00029061694441854965,0.21323930725043472,-0.9530013037421584,0.5116887674688384,0.055516057304759614,HAR-RV (OLS)
30598,0.0011403349278711183,0.23250705424822948,0.5931613207938906,-1.9268540996593018,0.05214929954140446,HAR-RV (OLS)
30604,0.0016141706580391495,-0.007423900065569273,0.9410769596227462,-2.500449432225016,0.40555693578878005,HAR-RV (OLS)
30609,0.0011243442986028495,0.22584675101140855,1.391591138973106,-2.8801727615251633,0.2442927454638929,HAR-RV (OLS)
30620,0.0019526015211484174,-0.4032689516067083,1.1787912563729828,-2.9909633987313953,0.4263355795245828,HAR-RV (OLS)
30624,0.001310628093868903,0.9122424061491906,1.7330835408461496,-3.9615464523492077,0.5520927359956289,HAR-RV (OLS)
30638,0.0011542774445808936,0.7607128122946137,-0.9156515429235484,0.0016633241041492663,0.3690135676800558,HAR-RV (OLS)
30641,0.0008622407935674493,0.44600075287325813,0.28892559212173957,-1.206998579087632,0.15891140223625833,HAR-RV (OLS)
30657,0.0020423847220522578,0.01740711076921829,1.913155634229703,-2.64571465312071,0.2658512452939511,HAR-RV (OLS)
30658,-0.0021795384911666663,-0.19459843033138122,-1.508860892503697,3.6906260885948563,0.1650072234835147,HAR-RV (OLS)
30692,0.000749747908028429,-0.23283821119991732,9.126063272464426,-13.673306969373941,0.688159686405479,HAR-RV (OLS)
30700,0.0037410198272555787,-0.1334849273142692,2.6273976576495635,-3.834727520872427,0.1485153483720073,HAR-RV (OLS)
30720,0.007569203763038542,0.2167186907486144,2.4688851916324976,-6.355614739670513,0.40335783533428016,HAR-RV (OLS)
30729,0.00017185059945108326,0.02276246384580604,0.10464374606340723,-0.5155219093218644,0.016124742894127353,HAR-RV (OLS)
30730,0.0010392694927659264,0.3976176657133239,0.2135557867253854,-1.771832468800157,0.2279074356938482,HAR-RV (OLS)
30733,0.0023879338841785885,0.49814466484509634,0.696409210713199,-2.528932295962309,0.20305222823277747,HAR-RV (OLS)
30748,0.000934564653745934,0.2944965978283098,-0.8481312435227322,-1.5165974322824352,0.5226283890034682,HAR-RV (OLS)
30750,0.0005662374037551706,0.3956666241306431,0.2381620278885786,-1.284958135756725,0.14592034984080815,HAR-RV (OLS)
30774,0.0005814014492782156,0.23209894543281792,0.3947446992821633,-1.5928983009997735,0.25543536506604536,HAR-RV (OLS)
30789,0.0005397065650390034,0.06785579807067064,-0.19749797298181734,0.5644974139692827,0.030561137123434223,HAR-RV (OLS)
30790,0.0004025118976438576,0.34130133374156707,0.004617082813153095,-0.17102955373053108,0.10292929803739614,HAR-RV (OLS)
30791,0.0004189012559562385,0.3524595782174477,-1.2426211065232837,0.7187788931805156,0.12293445343191134,HAR-RV (OLS)
30793,0.0012734560083938382,0.5416746983054226,0.642867772032854,-4.3437855179608285,0.21199079998614923,HAR-RV (OLS)
30794,0.0010704749012236422,0.15511258901338587,0.37539151736324594,-1.5173977058633668,0.04544277357623039,HAR-RV (OLS)
30798,0.0004050829931291235,0.16312807872048657,0.4331136114036776,-1.344150061856705,0.10941529186719157,HAR-RV (OLS)
30803,-1.4566832210977901e-05,-0.03218537709448956,-1.067478425967629,2.4020231750524745,0.03970100670086052,HAR-RV (OLS)
30805,0.0007505144502529438,-0.03508259227460821,-1.5285873102684056,0.5063888745096713,0.20881796657885743,HAR-RV (OLS)
30816,0.0017708327916198933,-0.11110016482320771,0.4981109273635466,-0.7995042401504941,0.035765593582699706,HAR-RV (OLS)
30824,0.0023623986255227637,-0.025953998098189403,-0.04375728548821889,-2.407269055092127,0.17934173170708334,HAR-RV (OLS)
30852,0.0012530501905567062,0.04809493051676293,1.6564897586087555,-2.104848852267561,0.09874907013340439,HAR-RV (OLS)
30866,0.0011271519336769592,0.2841504175791426,1.8686889927625823,-5.441071804484368,0.31225117703704064,HAR-RV (OLS)
30896,0.0002636474963343718,0.31563060199757215,0.11366653638164767,-0.22366701625986843,0.1458116390719394,HAR-RV (OLS)
30908,0.0017681698819692515,0.503145702247447,0.24604846982490258,-2.805879227860505,0.41715809751837296,HAR-RV (OLS)
30940,0.0015299509478468522,0.06211825113854223,1.3217830451732462,-3.511776304227661,0.3893385302578989,HAR-RV (OLS)
30965,0.0008874265379539369,0.3609601637975949,-0.8627544003685192,-0.06243546727965732,0.25992491476816715,HAR-RV (OLS)
30974,0.00016856362650427017,0.30074016305981555,-2.2714121009633397,3.2347096440167,0.20729775263286632,HAR-RV (OLS)
30986,0.0008716219787248751,0.5480344326719979,0.6547782440474462,-1.7805092344152806,0.21926145514337092,HAR-RV (OLS)
30987,0.002489528234191147,0.17113605915521912,2.213972612111186,-3.7327472022541137,0.15787736171231925,HAR-RV (OLS)
30999,0.00035589191308951925,-0.01529435712665474,-1.1021211343418753,1.110207042978761,0.0635706357673057,HAR-RV (OLS)
31004,0.0024423544333685306,0.5145540316678388,0.15222127436069544,-3.7580768131296485,0.33498781661068355,HAR-RV (OLS)
31018,0.0004490307178265827,-0.16527137102266692,0.2644537958290754,-0.7085839472639884,0.0692725881837174,HAR-RV (OLS)
31024,0.0008490022884837633,0.12559003864538176,0.06637393476685569,-0.7446831505401534,0.056706184752794764,HAR-RV (OLS)
31034,0.0008047883565757167,0.5858548868084229,-2.3462513480245697,-1.1102608178545244,0.43305601888221823,HAR-RV (OLS)
31046,0.01900138736998628,0.13827931204142876,3.1293076366313866,-5.749966093401625,0.3629709757125291,HAR-RV (OLS)
31047,0.000578077995814967,-0.003436077368600302,1.074083091448907,-1.466021800060712,0.015496920885160637,HAR-RV (OLS)
31054,0.0007111786559785408,0.0771703154044257,2.3784261963825806,-3.9623287732981325,0.21267468397312328,HAR-RV (OLS)
31055,0.0007479680886477205,-0.09352951820370797,0.02364594689532558,-0.22425042967265432,0.020278848290630203,HAR-RV (OLS)
31059,0.0008916045939271052,-0.11260297215966955,1.4900608885797673,-2.1132275727810717,0.08584032375418771,HAR-RV (OLS)
31060,0.0013108986103093395,-0.02449481674288514,-2.528829657470757,2.953025006689873,0.14627633348802538,HAR-RV (OLS)
31068,-0.00020771182041161404,-0.42496401482019597,-2.937816329674675,4.219773707793205,0.31488998725676665,HAR-RV (OLS)
31071,0.0004401466224660216,0.027976582791187348,-1.900516278797555,-2.411968984445532,0.3102527796481138,HAR-RV (OLS)
31077,0.0007151555162211277,0.0777294149242309,-0.8391046889493374,-0.07327345654587003,0.2310781441500469,HAR-RV (OLS)
31083,0.001784997442007847,-0.10037517307093072,0.04699113834925328,-0.8146980326176723,0.11691346799237967,HAR-RV (OLS)
31097,0.0015935510128075485,-0.30783959423137286,0.5861457266230579,-0.7902871476103199,0.1042313400034941,HAR-RV (OLS)
31113,0.00307113609221435,0.49451371002390776,0.9076046107866698,-5.904856702467045,0.633640338638612,HAR-RV (OLS)
31119,0.0006421751349141498,-0.25635197466577375,-0.8464858705188034,1.5594714457517258,0.06401798017710036,HAR-RV (OLS)
31133,0.0013345548721452657,-0.17734060490991668,-0.6575798709499231,-0.7586075762677589,0.17566825607480774,HAR-RV (OLS)
31138,0.00025064183593588043,-0.16211731035631208,-3.242407796614508,2.913891153101777,0.3516341239203058,HAR-RV (OLS)
31144,0.0006966869339751067,-0.023482354983398842,-0.5348165896896101,-0.25904886079755934,0.059717474886209154,HAR-RV (OLS)
31155,0.002132143427700504,0.4697236449852575,0.6141645700424093,-2.5250431742472794,0.23707908502087505,HAR-RV (OLS)
31156,0.0008810845506752277,0.33967304091115624,0.12451472864419477,-1.9417555932078536,0.17613528753958707,HAR-RV (OLS)
31157,0.0012099825498081392,-0.014212332364274096,-0.0298719086339531,0.10107250026275938,0.002851597824168217,HAR-RV (OLS)
31170,0.005443334103434056,0.6683429002550678,1.1553548515449574,-3.774241140220084,0.5931036040170857,HAR-RV (OLS)
31173,0.0004999999978682348,-0.10969280946620863,0.34213581892317635,-0.8807924331162521,0.057012501230605195,HAR-RV (OLS)
31193,0.00013168726449646684,-0.2292932078878965,0.10458185129039455,0.6863374744936205,0.06728244787909332,HAR-RV (OLS)
31196,0.002155829549098385,0.15276095797175557,0.22917177626607865,-2.2309060829628224,0.3952532096503437,HAR-RV (OLS)
31202,0.0029005295908803197,0.02460840067622178,0.24572336574346543,-2.4161051717212803,0.2638711248551592,HAR-RV (OLS)
31209,-0.00043105509237618175,-0.06919600983935968,-6.5471518214665085,9.778945403150637,0.5116755933674754,HAR-RV (OLS)
31214,0.00027088960014698974,0.44242795697147286,-1.8545349242599203,-0.7734832359649702,0.24710397129384498,HAR-RV (OLS)
31236,0.0009523984821652477,0.10625171415050051,2.3349151381672044,-3.3918923999507644,0.39197232386669356,HAR-RV (OLS)
31242,0.0005781415570696861,-0.14750644239045657,0.4845015204468945,-1.2695443708434095,0.11028590724495269,HAR-RV (OLS)
31251,0.0008722334209771799,-0.11537952536229099,3.07908448719146,-4.609220203757596,0.20376008855401773,HAR-RV (OLS)
31254,0.0007283752350675527,-0.2684971317623511,-2.0684405618864656,1.325300710428962,0.28927303302163687,HAR-RV (OLS)
31258,0.001388640634333838,0.24967083751628957,-0.6425933446965625,-0.31603049466330685,0.14921331783950098,HAR-RV (OLS)
31266,0.002644726523818921,-0.18835316376518949,0.5112014318152001,-2.897426939178831,0.3981438243453732,HAR-RV (OLS)
31267,0.0018733590067627989,-0.3838728174488202,2.555838135664984,-4.330456028373867,0.22881176424804595,HAR-RV (OLS)
31269,0.0017091298660131678,0.06102719325363345,2.1133188129534703,-5.4389536475225615,0.2971272112243697,HAR-RV (OLS)
31279,0.0014187457756868376,-0.16880954266374645,3.132328424319712,-4.787395792252189,0.5416074995114604,HAR-RV (OLS)
31298,0.0006967440201585565,0.11996771465228921,-1.2699556805379617,1.4681022823708774,0.06731109578336636,HAR-RV (OLS)
31302,-0.0012775378726287093,-0.5642279243687279,-0.6463091228445875,3.902094561395495,0.2121971085416109,HAR-RV (OLS)
31303,0.0006595928426191795,0.20759258673835215,-0.5979153277156514,-0.4022770984663733,0.10865513814291805,HAR-RV (OLS)
31306,0.0006495071423976824,-0.07466745469399991,1.3465833501825515,-2.069927766608463,0.026332649393425722,HAR-RV (OLS)
31320,0.002027115765855646,-0.15573761135149608,2.5778126440399576,-6.653429985769538,0.3072353706529235,HAR-RV (OLS)
31322,0.0017154207691726093,0.05964761749640573,1.7836802724667986,-3.3060591531732775,0.41309649188713404,HAR-RV (OLS)
31324,0.0009960160354465673,0.018773436211295465,-1.0820418663277869,0.24982030422027113,0.15412913894876012,HAR-RV (OLS)
31327,0.0017397494464842156,-0.05687416574874329,1.128431974802248,-2.6520270889586732,0.08524505884395095,HAR-RV (OLS)
31331,0.0009174945511433608,0.4718183709363993,0.043754509052406965,-1.6964172827232402,0.22071859866103505,HAR-RV (OLS)
31337,0.0011802326121938401,1.0426243529115964,0.5601885709041825,-3.0052732505130413,0.5757273799480462,HAR-RV (OLS)
31338,0.003805998223572164,0.4018315063230261,2.30419618804427,-5.8868203692345675,0.36431729711091076,HAR-RV (OLS)
31345,0.0008190268400806787,0.3068442252725975,1.0273898423720809,-2.290049674743305,0.29733672765133723,HAR-RV (OLS)
31347,0.0005076413892922357,0.36381683423884664,-0.1973581666619419,-0.5084606139539877,0.1135866631820629,HAR-RV (OLS)
31348,0.0023604966546162676,0.4940239095031164,1.3250230038349764,-2.1611291075630814,0.3748512863953609,HAR-RV (OLS)
31351,0.00117354230601477,0.2948641610782359,0.8234198740390597,-2.915653034858099,0.1715667190381669,HAR-RV (OLS)
31359,0.0006465723983878182,0.04846641398096559,-0.848131874664336,0.40610628728202885,0.09732941341313028,HAR-RV (OLS)
31380,0.0004969405311737707,0.35411247758197045,1.26225340945391,-1.860261051462531,0.10425413586630694,HAR-RV (OLS)
31389,0.001231144816547395,0.1049865508863085,1.2923580793279479,-3.8904961203089865,0.09682117761382225,HAR-RV (OLS)
31394,0.0007721707659048239,-0.22628981981166957,0.3589010668551461,0.19884165498082138,0.053344154919512166,HAR-RV (OLS)
31402,0.0007390571882705323,-0.3334832643653322,-1.2775185425263897,0.7849566571803567,0.23109277624361724,HAR-RV (OLS)
31404,0.0006120191631445335,-0.10747912723198728,1.284382421552081,-1.5967200706317857,0.0912144672520181,HAR-RV (OLS)
31406,0.0013587822781521836,0.3874887432466179,2.1401205268697656,-3.8697832051341834,0.28116944094425833,HAR-RV (OLS)
31412,0.0031113342270556697,0.5050994080265743,0.17895850609026498,-3.2814728378498583,0.27873659232164405,HAR-RV (OLS)
31415,-0.0007137737770111214,-1.02696004986612,0.5034626480419981,3.80638549132505,0.5235982579792643,HAR-RV (OLS)
31433,0.0005274168898870863,0.21127487070728057,-1.206772901717355,0.5075290182848005,0.2388512153319553,HAR-RV (OLS)
31434,0.0020585045578559117,0.7767056555966141,0.5980287437399695,-4.01222413100659,0.5861985159532734,HAR-RV (OLS)
31439,0.0006151837970409693,-0.15705874839409917,0.6700598173399945,-0.8682884665724588,0.035199223791785084,HAR-RV (OLS)
31443,0.0007623079969462667,-0.22655305528695105,-0.08454379991042746,-0.3264533454825634,0.08117539107441585,HAR-RV (OLS)
31456,0.0006884044927155172,0.34064503812879665,0.8666341320113109,-3.275874334758292,0.15735741078630716,HAR-RV (OLS)
31462,0.0002583113926575738,-0.046359691730974435,-0.36426115922029045,0.8779581961407813,0.019390400369404426,HAR-RV (OLS)
31463,0.0019349522719837892,0.47651736994102734,0.22582372274663154,-3.953409400618522,0.32136332477920504,HAR-RV (OLS)
31471,0.00046435786445556235,-0.10469594953962039,-1.4988005373243378,1.5604750440042339,0.15490709315415585,HAR-RV (OLS)
31482,0.0020225990651421915,-0.7458277653439057,-0.7213853016865581,0.8094175501498413,0.5467127203175806,HAR-RV (OLS)
31497,0.000321827496926745,0.624947000954106,0.8621339236281942,-0.9078004654636387,0.7006541043028801,HAR-RV (OLS)
31522,0.0009585312071166072,0.04379269877308292,-1.55535709469196,-0.2363088135600192,0.19862577866192688,HAR-RV (OLS)
31527,0.0006729359254163138,-0.37449130724762025,1.2663416761137536,-0.8856496181008127,0.15478770535045505,HAR-RV (OLS)
31528,0.010783524840854585,0.41812561653028874,0.7780743308478588,-5.912988548181421,0.47036632501266296,HAR-RV (OLS)
31554,0.000420197293062796,0.0807647992816015,-1.9212321010523024,1.315883423878244,0.22090892233393578,HAR-RV (OLS)
31570,0.0005192729467056644,-0.15285079115017042,-0.7105598797785646,-0.786313019486947,0.2239653175370655,HAR-RV (OLS)
31572,0.0012596340189246977,0.12307103134231644,1.9144003968291599,-3.3176267329411138,0.2340725771536748,HAR-RV (OLS)
31587,0.0014810977594673165,0.20593269664981195,1.5251635248419604,-3.664458973929897,0.15991921138787557,HAR-RV (OLS)
31595,0.0006162974146543263,0.038224615022224184,-4.625880754924005,4.77247918924216,0.33659063029540437,HAR-RV (OLS)
31601,0.005412516731628132,-0.045824316485805976,-2.853854469314079,0.5929399081049456,0.4288618060804421,HAR-RV (OLS)
31609,0.004224961013567567,0.7129119923974455,1.2651067785621732,-4.463167304366277,0.5653036917646309,HAR-RV (OLS)
31616,0.0014689266120408752,0.22917980465459717,-0.559332741068198,0.025461945482581738,0.06406537783021726,HAR-RV (OLS)
31627,0.0012281162805864272,-0.05279057955691198,0.22669681220143922,-3.7554237386044527,0.2695850732325499,HAR-RV (OLS)
31653,0.0005189747558179547,-0.36795850667983787,-0.3639860241314906,0.2796225814129556,0.16336235679387334,HAR-RV (OLS)
31656,0.0007228508230451868,0.4864936232442863,0.7171340910716455,-2.1578726796467143,0.3686116003804518,HAR-RV (OLS)
31671,0.0004956895575696297,-0.07502925763501417,-1.6013040724178085,1.8168975174733717,0.1740902098201681,HAR-RV (OLS)
31689,0.0024275720458461544,0.2698685870453627,1.0240334536371432,-2.8613686823220106,0.1376906209943478,HAR-RV (OLS)
31701,0.001172971436243612,0.4860152621734512,-0.12635415223384583,-0.8556636924935772,0.25459888957529164,HAR-RV (OLS)
31714,0.0013449221394071938,0.08426903529041536,1.2058983354563004,-3.5114043125694656,0.16741087307367708,HAR-RV (OLS)
31719,0.00034967176309345894,0.626851801515582,-0.6687368271934206,-0.5811307867089357,0.3546178731694326,HAR-RV (OLS)
31733,0.0010730661159382947,-0.06797234444214739,-1.6381642229922566,-1.1349455768228092,0.3648319739415906,HAR-RV (OLS)
31736,0.0028232827975208908,0.5983563955054694,1.062570102535942,-3.7780866358881995,0.37671355433272935,HAR-RV (OLS)
31750,0.004706302481253149,0.37260839642149585,2.3956567001104943,-8.932366551044133,0.35966940315560425,HAR-RV (OLS)
31789,0.0015526982533807234,0.05751222696434421,-0.7311597060124368,-1.3289134389149992,0.20722100026381352,HAR-RV (OLS)
31814,0.0002224264996466737,-0.21847390114312232,-0.6118343160424812,0.9844226558074584,0.04048327349998326,HAR-RV (OLS)
31819,0.00039045245273164965,0.30590781391838584,1.1607071821048127,-2.4594046839944426,0.30402626655565923,HAR-RV (OLS)
31836,0.0006571261042098319,-0.4422497286615046,-0.6620587124316001,1.042818449633674,0.2549716713752045,HAR-RV (OLS)
31854,0.0019825554625905366,-0.1404683871905792,2.458673922347928,-5.109358178727372,0.1643797084274221,HAR-RV (OLS)
31861,0.0003855745714885862,0.6038962129713591,0.2782159273325488,-0.8076822385565828,0.3623468962992321,HAR-RV (OLS)
31864,0.006699098240727599,-0.01648854996577864,-0.7500548948782768,-3.0064998078148366,0.33276439231310195,HAR-RV (OLS)
31874,0.0012358318725004262,-0.06170215584723787,0.6078209941922633,-1.5589100100725852,0.35776521160618213,HAR-RV (OLS)
31883,0.0007466657012516848,-0.20182711249615393,1.4960581788772247,-2.4100216825847793,0.16659731866088723,HAR-RV (OLS)
31914,0.004030760568241846,0.5134120859017566,2.920965105655598,-5.061551973573623,0.5552657846176795,HAR-RV (OLS)
31934,0.00021682974238085311,0.7568236299943988,-0.8140945117137582,0.2911276282694114,0.3994163567208824,HAR-RV (OLS)
31941,0.0004733514458555015,-0.6273965818120947,-0.2697489768975191,1.6845227439711978,0.25032410804336025,HAR-RV (OLS)
31944,0.0017941754241835896,-0.05033216789702132,0.11794653430156443,-3.6725901705524024,0.17028621042442293,HAR-RV (OLS)
31949,0.0008266838458583603,-0.2699618967533083,-0.0204379669415779,0.47941412388462523,0.050821555841768506,HAR-RV (OLS)
31970,0.0005899836511618207,0.21826414140545705,0.37409741196002677,-1.755683973088158,0.15534034675227437,HAR-RV (OLS)
31984,0.000763368265876895,0.45246801813583126,-0.0028367929527284286,-3.0507787677454634,0.23944227086606928,HAR-RV (OLS)
32009,0.0017346969773204862,-0.031701427594255975,1.283406934225786,-2.389005287747404,0.12475344468191607,HAR-RV (OLS)
32012,0.0003219080851242232,0.4304958929119317,-1.523907996952261,1.80283031478515,0.3681549104855424,HAR-RV (OLS)
32017,0.0010244416433490117,-0.27429971676013365,0.07588640183685824,-0.6761478718968796,0.11389606843706179,HAR-RV (OLS)
32033,0.0037864683802745396,0.5401954452616985,2.126382601460235,-6.290808694806672,0.2594200654533043,HAR-RV (OLS)
32038,0.001110532619922595,0.4783539599613545,-1.1355876519034096,-0.9397741741795234,0.294481049757111,HAR-RV (OLS)
32046,0.00015538975123314294,-0.034684897496328776,0.6643805027578733,-1.1856006333637905,0.07489191965732911,HAR-RV (OLS)
32048,0.0006013088235979984,0.13571850688029222,1.683646667876205,-2.9984425407669377,0.3544072823044687,HAR-RV (OLS)
32053,0.00010536624518749652,0.01691507847879034,-0.8305921441118753,1.5532403168042999,0.07106381461673217,HAR-RV (OLS)
32081,0.0013427867896532411,0.2733791127420393,1.4399927544635984,-3.200320976152005,0.1251452221270435,HAR-RV (OLS)
32082,0.003620914709747773,0.014549140642106445,4.027035533188329,-8.620018510273866,0.40655315526929603,HAR-RV (OLS)
32083,0.0026923116715127683,0.26096487087609477,0.48570579360116795,-4.03621326930607,0.41281965399616893,HAR-RV (OLS)
32108,0.0010157913842767543,-0.6992926578177092,1.4505744031210015,-1.1703198457249933,0.33946644310574614,HAR-RV (OLS)
32109,0.007513154989361337,0.061475419480398245,0.5229773484044182,-6.350494805930598,0.4377428634706596,HAR-RV (OLS)
32119,-0.0003389630776498084,0.16677603666206972,-2.0064716118734736,3.371800359828734,0.15957149766166356,HAR-RV (OLS)
32126,0.0007971561224882262,0.2539285411285826,1.2942229802484655,-4.189093273669615,0.31330985187630445,HAR-RV (OLS)
32131,0.0005980033325283018,0.14545513640169927,-2.810856492290129,2.9948721052135285,0.26985154345823725,HAR-RV (OLS)
32134,0.0018082694723959806,-0.2102925211068078,0.4970231498493702,-0.6826640877100768,0.11897131239950032,HAR-RV (OLS)
32155,0.0018007043869508277,0.27702060959310687,0.5448324571134074,-2.523879230821906,0.16828857809896602,HAR-RV (OLS)
32173,0.0017049096739880218,0.27491201682429267,0.16621827202935885,-0.8203834807848774,0.10314061401498864,HAR-RV (OLS)
32174,0.0008467840531210183,-0.13080099157992897,1.2764971295623697,-2.3949352089164413,0.1577696738680614,HAR-RV (OLS)
32175,0.0015037069872171549,0.2592635553488651,1.848519436876588,-3.95753078703827,0.2794727511935098,HAR-RV (OLS)
32182,0.0006968815485554938,0.47120124516294515,-0.13435755956336243,-0.44593230438960535,0.17899105869144916,HAR-RV (OLS)
32186,0.003462933465979451,0.11945810573646827,0.313620730445286,-0.8765475740591542,0.01819904380298676,HAR-RV (OLS)
32195,0.0008863818352954386,0.03715338035073436,-1.3290133659453027,0.13862966157877543,0.18123036157794548,HAR-RV (OLS)
32200,0.0009139711136424909,0.4893805521241922,-0.8908268038533752,0.16050162886701141,0.2905454948124685,HAR-RV (OLS)
32205,0.0005505498302681466,0.02478739964681154,-1.3475205952205664,1.3724652145274647,0.07550800648232181,HAR-RV (OLS)
32209,0.0019775092847894742,0.47708278755413785,0.38046278511821197,-1.4624702625642492,0.16512813964681905,HAR-RV (OLS)
32219,0.004964101566569205,0.2912240544003915,2.110321268706207,-4.040187179558323,0.3791398485875579,HAR-RV (OLS)
32235,0.0011617064104169667,0.517790663068997,0.8164093098113306,-2.540824621532621,0.2286053321870345,HAR-RV (OLS)
32240,0.00014828527190025823,0.13551121835793073,-0.8388529942407958,1.415117059842911,0.2541865117816946,HAR-RV (OLS)
32245,0.0005813683165779403,-0.03359839639626613,-0.27582049779103246,-0.10170872192681288,0.025938120917317176,HAR-RV (OLS)
32247,0.0038632500232171872,-0.1425915366670314,3.6074986215331015,-5.225603948109757,0.35591914967417126,HAR-RV (OLS)
32249,0.00029779551436428386,-0.1966080322513674,0.0675490459560632,0.3990424140735569,0.04790172977795659,HAR-RV (OLS)
32254,0.00016853233963522152,0.17209149348887645,-0.9069168741684831,1.5298342412590262,0.1734052033580673,HAR-RV (OLS)
32255,0.00464467863440602,-0.1486103214998433,-0.13473722761065532,-1.8202426044372992,0.23563977969039862,HAR-RV (OLS)
32277,0.0006140597466454556,0.016276335584125428,0.8927622315548073,-0.7960904956430462,0.1114608302237805,HAR-RV (OLS)
32280,0.0007446986969433394,-0.13709786072622768,0.5505553052019678,-1.2660971719765801,0.05569681337928167,HAR-RV (OLS)
32299,0.0048570582966951485,0.26947106841645013,1.5379195975547728,-6.130213695786625,0.2535181194443361,HAR-RV (OLS)
32322,-2.2584074452631532e-05,0.16943853576340134,-0.3000620220554988,1.4948914811537461,0.31692980143699245,HAR-RV (OLS)
32328,0.0006194018046494109,0.40577088365148645,-0.05939287594963405,-1.422872878816191,0.2899470234068864,HAR-RV (OLS)
32330,0.0005850287438079382,-0.020605028459645066,0.3929107183876834,-1.128982414551636,0.032461757342737485,HAR-RV (OLS)
32342,0.0015934656063960443,0.1311633491995842,-1.232314555214419,0.8781297757656767,0.13572092507350475,HAR-RV (OLS)
32352,0.004055383818595193,-0.0007288142524960158,0.6709857160514294,-4.784837449281923,0.2877190171971026,HAR-RV (OLS)
32361,0.0011922470366361466,0.10869417285536634,1.0306310368383997,-2.083892253907251,0.05871378265885552,HAR-RV (OLS)
32374,0.0006099351583955636,-0.28710163557898527,-0.5456189917635776,-0.21069636375722042,0.18940682280505672,HAR-RV (OLS)
32376,0.0007713692433901207,0.11086145832127635,1.2168350070659326,-2.75086569239597,0.10746631568289078,HAR-RV (OLS)
32433,0.0007370075740768535,0.4434710189242254,1.3624114734668282,-2.6205330625102397,0.25147151528185685,HAR-RV (OLS)
32452,0.0008425610535066621,-0.06386296765855833,2.058702615365015,-3.8875904483729906,0.4016239363037397,HAR-RV (OLS)
32461,-0.0003080472524289073,-0.08361089934852814,-0.7865672155262586,1.781175543991012,0.18816047476906606,HAR-RV (OLS)
32463,0.0017469284105334896,0.34668529560948935,-0.5911201846999745,0.06098321534625073,0.14783302918493824,HAR-RV (OLS)
32466,0.0013948981994463079,-0.3706403894269941,-2.5496849504498296,2.8604996260361104,0.26241553855817024,HAR-RV (OLS)
32470,0.0015998228284134788,-0.1206740875287447,0.4618892729132028,-1.8836393066617532,0.16203360696672997,HAR-RV (OLS)
32473,0.0003388786959696423,0.10177122633681021,0.32906636851724913,-0.3262442828698582,0.026980108788221435,HAR-RV (OLS)
32474,0.0010935407396775235,0.11874061457321992,-1.7480323828944329,0.8598429941946112,0.2922611958318242,HAR-RV (OLS)
32534,0.001919738410996128,0.16697077934358867,0.6804186185324279,-2.979137094107187,0.12388584548058568,HAR-RV (OLS)
32547,0.0006422162378883902,0.4857576166683067,2.617213855103834,-4.43793706570211,0.2541929746039413,HAR-RV (OLS)
32590,0.002099376320078953,0.48968186818224657,0.4548178865523286,-2.5979186360802027,0.2971592507820394,HAR-RV (OLS)
32596,0.00038063165685529496,0.19717757902713953,-0.4874217907177369,0.7887713525398569,0.050898833496076046,HAR-RV (OLS)
32597,0.0005144041847941603,-0.011255930335707251,0.7813509641905054,-1.7832590567387707,0.051951992676176006,HAR-RV (OLS)
32611,-0.0006632103014201109,-0.21192483717865754,-2.0441620657272574,3.690261680670792,0.18409111152774804,HAR-RV (OLS)
32614,0.0017825939516148148,0.07908473348568082,1.2810751859958773,-3.0063018310027907,0.17344397432190306,HAR-RV (OLS)
32631,0.000797781257828296,0.28204371026577474,1.1180806082344572,-2.71680868800231,0.08771152513516034,HAR-RV (OLS)
32635,0.002478019856905109,0.2695886477305159,1.6349444946786231,-4.49601913093022,0.2913488319837114,HAR-RV (OLS)
32639,0.005217045984264419,-0.07301146233850386,3.6349224484358187,-6.563951625138268,0.6187762088296329,HAR-RV (OLS)
32646,0.0017387224193835525,-0.16130410877972912,0.9800069676638241,-2.4766840427177694,0.25184471499112704,HAR-RV (OLS)
32649,0.004528060841157076,0.2796780838530617,2.5268126219943103,-3.9245514613480967,0.3955583138560743,HAR-RV (OLS)
32653,0.001913444607295828,0.31773715145344356,2.8221384592158527,-5.192040982714689,0.3245656654132697,HAR-RV (OLS)
32654,0.001250021937490406,0.061126859099187185,-1.3346359573487725,0.1747931813632561,0.15556265990400864,HAR-RV (OLS)
32662,0.0009371542878319285,-0.32175577841773634,-0.03772560210984218,-0.03824126470990273,0.16879084743455208,HAR-RV (OLS)
32676,0.0013330367226550266,-0.2771147557522105,-0.041701800454307714,-1.13839666026285,0.1552679638916068,HAR-RV (OLS)
32680,0.000662747661910003,0.28616570989873047,-2.4006096690340732,1.9340259092127752,0.48309985484598905,HAR-RV (OLS)
32686,0.0005862841043377382,-0.05462933673602672,-3.2913972099381885,2.0007728533203393,0.4758721612929697,HAR-RV (OLS)
32690,0.0004367423605415864,-0.3903421630853091,-0.002465408838338623,-0.4518706201747026,0.22727083307678242,HAR-RV (OLS)
32692,0.0006576871718995744,-0.559094958990009,-0.0033638648089072687,0.3385020528946241,0.2826924697457711,HAR-RV (OLS)
32693,0.0012207631634909067,0.4838153031728649,-0.44543955297809834,-0.8961264243351655,0.26337064458526116,HAR-RV (OLS)
32704,0.0021843790020583593,0.14299003179616665,2.4055559089307383,-5.358285871204269,0.24107723849870155,HAR-RV (OLS)
32709,0.0006557471332110405,-0.22454992446287855,-1.4058004164569589,0.8884223535664096,0.27328104746240056,HAR-RV (OLS)
32712,0.0010899528059211774,0.11612693290596252,1.1180585352096344,-2.3340440984205357,0.25675759759013805,HAR-RV (OLS)
32724,0.0006941771069518359,0.6036534765153916,-0.23040406991793938,-0.21017913906754096,0.2556565051793348,HAR-RV (OLS)
32736,0.002612030815584,0.18620792948519627,2.7535030657479673,-4.829335249263237,0.36480924564472605,HAR-RV (OLS)
32739,0.0008286519906376979,-0.0658228403028543,1.6372484757245196,-3.846817148230806,0.1742586048853999,HAR-RV (OLS)
32746,-0.001294030397325625,-0.5140141323521571,-0.623327377909958,2.8811829904150295,0.2588305115362165,HAR-RV (OLS)
32748,0.00046381824003225136,0.2211725824835991,-0.8156020328809384,0.6419219950265316,0.07400921887935041,HAR-RV (OLS)
32750,0.0011480741473691534,-0.024067465668367427,2.677401480407524,-4.393108916955015,0.4943294398678175,HAR-RV (OLS)
32751,0.0012508990603409813,0.4187010103003176,-1.182309054968167,-2.309183487023832,0.3077540813852315,HAR-RV (OLS)
32753,0.0001371089456714314,-0.4347987846492518,0.3270656974947353,0.38961437301459656,0.11851245300371649,HAR-RV (OLS)
32758,0.000349765821804495,0.12706023534460884,-0.2048719966227535,-0.06958248525993128,0.03326399934833979,HAR-RV (OLS)
32763,0.0012028299743390841,-0.046428857062609276,0.8864752229453224,-2.050537374159676,0.22227005392181354,HAR-RV (OLS)
32767,0.0002561709790076188,0.33926724639248534,-0.0837182573564424,-0.5884006101506402,0.15663886645904845,HAR-RV (OLS)
