time_id,AIC,BIC,converged,stationary,alpha,beta,model
5,12.831403838154458,17.787755245869928,True,True,0.0,3.1266672262375556e-15,"GJR-GARCH(1,1,1)-t"
11,33.952506131781305,38.90885753949677,True,True,9.947450762865452e-14,1.0228866813402655e-12,"GJR-GARCH(1,1,1)-t"
16,4.017858513161325,8.974209920876795,True,True,1.8031666412624105e-13,0.9816952480762695,"GJR-GARCH(1,1,1)-t"
31,16.290809592414202,21.247161000129672,True,True,1.2717862409913211e-13,0.94255930823457,"GJR-GARCH(1,1,1)-t"
62,0.6646886895487025,5.6210400972641725,True,True,2.7608008570600866e-15,0.22798699784182705,"GJR-GARCH(1,1,1)-t"
72,36.894386771223125,41.8507381789386,True,True,2.4711545747890407e-15,0.6796147605623187,"GJR-GARCH(1,1,1)-t"
97,24.74752311183091,29.703874519546375,True,True,1.5966429771442124e-15,1.7267748859767543e-15,"GJR-GARCH(1,1,1)-t"
103,14.57301133254838,19.52936274026385,True,True,3.751981193094481e-13,0.9922948704582536,"GJR-GARCH(1,1,1)-t"
109,6.456481906130147,11.412833313845617,True,True,1.121446297691591e-16,0.130045126455363,"GJR-GARCH(1,1,1)-t"
123,4.826413340857281,9.78276474857275,True,False,2.727596985797302e-15,0.9999999999999915,"GJR-GARCH(1,1,1)-t"
128,5.149121472400761,10.105472880116231,True,True,1.3579347442280494e-12,0.5729398323964592,"GJR-GARCH(1,1,1)-t"
146,21.729270513484835,26.6856219212003,True,True,5.7196146660452316e-11,0.9685360118310788,"GJR-GARCH(1,1,1)-t"
147,11.666425169555545,16.622776577271015,True,True,2.9342710145240994e-13,0.9478268596122824,"GJR-GARCH(1,1,1)-t"
152,-5.508122904152248,-0.5517714964367784,True,True,9.047007565928565e-10,0.4458301113139103,"GJR-GARCH(1,1,1)-t"
157,16.108586928986018,21.064938336701488,True,True,0.0,0.9298131214063038,"GJR-GARCH(1,1,1)-t"
159,14.058034485625743,19.014385893341213,True,True,0.0,0.9069869930412431,"GJR-GARCH(1,1,1)-t"
169,23.83770952387052,28.79406093158599,True,True,0.0,0.8048020868013226,"GJR-GARCH(1,1,1)-t"
207,29.80099052415375,34.75734193186922,True,False,0.9002472089133423,0.15642139118307277,"GJR-GARCH(1,1,1)-t"
211,6.1651004619459755,11.121451869661445,True,True,1.5497992134354946e-17,4.5079807205608365e-18,"GJR-GARCH(1,1,1)-t"
213,8.235100375206356,13.191451782921826,True,True,8.864114474366751e-15,1.9030959649264204e-13,"GJR-GARCH(1,1,1)-t"
218,-14.155763405367175,-9.199411997651705,True,False,7.769368396334146e-11,0.9999999974844006,"GJR-GARCH(1,1,1)-t"
227,2.87694631128954,7.83329771900501,True,True,2.58830354017145e-12,0.9420172104904543,"GJR-GARCH(1,1,1)-t"
229,-2.6463861511664106,2.3099652565490594,True,True,0.7927040284152935,0.0,"GJR-GARCH(1,1,1)-t"
232,-6.233538286985848,-1.2771868792703778,True,True,0.0,0.8577836244609488,"GJR-GARCH(1,1,1)-t"
250,26.12704966584726,31.083401073562726,True,True,3.613045858212933e-11,0.9726869520590423,"GJR-GARCH(1,1,1)-t"
254,59.48368674189703,64.4400381496125,True,True,8.651983312963213e-14,6.445501528485332e-17,"GJR-GARCH(1,1,1)-t"
256,-13.300046367387022,-8.343694959671552,True,True,2.934448115591997e-11,0.9592481354995621,"GJR-GARCH(1,1,1)-t"
266,27.78719513431929,32.743546542034764,True,True,0.24375636420649013,1.439277542059702e-16,"GJR-GARCH(1,1,1)-t"
273,-10.408997638087353,-5.452646230371883,True,True,0.0,0.15270535913513664,"GJR-GARCH(1,1,1)-t"
289,6.979522656900221,11.93587406461569,True,False,0.0,0.9999999999999996,"GJR-GARCH(1,1,1)-t"
297,-2.244950092499632,2.711401315215838,True,False,0.2524827057911807,0.8175250258047446,"GJR-GARCH(1,1,1)-t"
303,15.88959308378892,20.84594449150439,True,True,0.3802526691262948,0.25224564244459435,"GJR-GARCH(1,1,1)-t"
309,-5.277011230154475,-0.3206598224390049,True,False,1.0,1.9423586313816103e-17,"GJR-GARCH(1,1,1)-t"
310,59.28393531603669,64.24028672375216,True,True,0.0,0.8381944472746317,"GJR-GARCH(1,1,1)-t"
317,-9.062432089636921,-4.106080681921451,True,True,3.39778038782716e-19,0.910765256849332,"GJR-GARCH(1,1,1)-t"
319,-14.743782631745937,-9.787431224030467,True,True,1.0970399371184343e-13,0.0,"GJR-GARCH(1,1,1)-t"
325,5.393698802750283,10.350050210465753,True,True,1.2714243244320772e-13,0.9730704971906147,"GJR-GARCH(1,1,1)-t"
326,36.81997458544943,41.7763259931649,True,True,5.216434315273098e-14,0.9864729183267097,"GJR-GARCH(1,1,1)-t"
335,16.453338477666932,21.409689885382406,True,False,6.045223944396743e-15,0.9999999999999779,"GJR-GARCH(1,1,1)-t"
337,10.94472946623431,15.90108087394978,True,True,0.0,0.946029817045847,"GJR-GARCH(1,1,1)-t"
358,8.203751125244123,13.160102532959593,True,False,1.0,0.02774965641409799,"GJR-GARCH(1,1,1)-t"
371,16.864059411438014,21.820410819153484,True,False,7.305110709057787e-16,0.9999999999999811,"GJR-GARCH(1,1,1)-t"
373,14.372280722326485,19.328632130041953,True,True,1.5876900493472647e-17,0.9937893570422365,"GJR-GARCH(1,1,1)-t"
380,5.955840411140338,10.912191818855808,True,True,0.0018540067175898233,0.9870566448330993,"GJR-GARCH(1,1,1)-t"
381,-7.155013771243286,-2.1986623635278164,True,False,2.0113395736688733e-17,0.9999999999999998,"GJR-GARCH(1,1,1)-t"
411,-3.7795918466948706,1.1767595610205994,True,True,0.746221350099845,0.0,"GJR-GARCH(1,1,1)-t"
420,34.78245576011628,39.73880716783175,True,True,2.6899615988771576e-15,0.0,"GJR-GARCH(1,1,1)-t"
424,15.177616101738604,20.133967509454074,True,True,0.16337449268220627,1.7687147513401154e-18,"GJR-GARCH(1,1,1)-t"
427,59.04088385831119,63.997235266026664,True,True,1.445736311344341e-15,0.02288890305991406,"GJR-GARCH(1,1,1)-t"
436,5.8228399067361885,10.779191314451658,True,True,1.8510539393228643e-15,0.629932105304807,"GJR-GARCH(1,1,1)-t"
438,-10.303277996209982,-5.346926588494512,True,False,0.6900073989232133,0.3121357358308329,"GJR-GARCH(1,1,1)-t"
454,-11.481482539381144,-6.525131131665674,True,False,0.0,1.0,"GJR-GARCH(1,1,1)-t"
465,1.0146655544463368,5.971016962161807,True,True,1.855864973876919e-10,5.777468499543963e-10,"GJR-GARCH(1,1,1)-t"
468,-13.365225166161533,-8.408873758446063,True,True,1.0780341998464819e-15,3.7783442671219997e-16,"GJR-GARCH(1,1,1)-t"
487,30.488193027411373,35.44454443512684,True,True,2.065836727586599e-15,0.9861743453846413,"GJR-GARCH(1,1,1)-t"
493,13.435107336450722,18.391458744166194,True,False,2.8314052731700543e-14,0.999999999999793,"GJR-GARCH(1,1,1)-t"
506,2.9237845929243527,7.880136000639823,True,False,0.024917650379627062,0.9875411748101867,"GJR-GARCH(1,1,1)-t"
535,-3.675014733484211,1.2813366742312589,True,True,1.4781847367559102e-14,0.0,"GJR-GARCH(1,1,1)-t"
536,16.528531415396618,21.484882823112088,True,True,5.1029007324966304e-15,0.8268871091458356,"GJR-GARCH(1,1,1)-t"
539,-7.55903112199913,-2.60267971428366,True,False,1.0629347935395737e-18,1.0,"GJR-GARCH(1,1,1)-t"
545,-8.995687202976253,-4.039335795260783,True,True,2.7429920324124977e-12,0.8459331843317285,"GJR-GARCH(1,1,1)-t"
554,-13.733085755170382,-8.776734347454912,True,True,0.4165861168177554,0.32599908153453094,"GJR-GARCH(1,1,1)-t"
568,5.329311477760868,10.285662885476338,True,False,4.955954029233512e-15,1.0,"GJR-GARCH(1,1,1)-t"
579,17.874987045591187,22.831338453306657,True,True,0.0,0.9927274584096505,"GJR-GARCH(1,1,1)-t"
589,22.8318836293324,27.78823503704787,True,True,0.028215759750680393,5.478240737213735e-13,"GJR-GARCH(1,1,1)-t"
591,-2.367128828305553,2.589222579409917,True,True,7.109344948911562e-15,0.8507731562995554,"GJR-GARCH(1,1,1)-t"
595,-25.907174469167913,-20.950823061452443,True,True,0.1829831766504429,0.7564158266749265,"GJR-GARCH(1,1,1)-t"
611,26.435158461391925,31.391509869107395,True,False,0.9999999999999778,0.5000000000000111,"GJR-GARCH(1,1,1)-t"
618,23.502468852044636,28.45882025976011,True,False,0.0,1.0,"GJR-GARCH(1,1,1)-t"
627,-6.709989420740893,-1.753638013025423,True,False,0.9999999999999994,5.262195762024012e-16,"GJR-GARCH(1,1,1)-t"
633,9.848416234156481,14.804767641871951,True,True,0.6130194413898011,0.003625611428451305,"GJR-GARCH(1,1,1)-t"
640,25.876208669217938,30.832560076933408,True,False,1.2318870604716542e-12,1.0,"GJR-GARCH(1,1,1)-t"
646,-3.68714463353637,1.2692067741791,True,True,2.120879526560238e-16,0.9971028126809219,"GJR-GARCH(1,1,1)-t"
650,-8.660352355260926,-3.704000947545456,True,False,0.9999999999886229,1.0857478747431534e-12,"GJR-GARCH(1,1,1)-t"
652,-9.808269871391673,-4.851918463676203,True,False,0.0,1.0,"GJR-GARCH(1,1,1)-t"
659,2.2704212665460926,7.226772674261563,True,True,0.0,0.7038517601675718,"GJR-GARCH(1,1,1)-t"
675,17.2596459498073,22.21599735752277,True,True,8.788160713986115e-15,0.9722276791503215,"GJR-GARCH(1,1,1)-t"
697,5.522046173491388,10.478397581206858,True,False,0.7266612555862751,0.6366693722069089,"GJR-GARCH(1,1,1)-t"
709,48.66386149201917,53.62021289973464,True,True,0.0,0.09291400328557485,"GJR-GARCH(1,1,1)-t"
725,1.9113445896223933,6.867695997337863,True,True,3.081723175496247e-11,3.9607591258352394e-09,"GJR-GARCH(1,1,1)-t"
728,37.996969165074304,42.95332057278978,True,True,1.8334909727569502e-13,0.0,"GJR-GARCH(1,1,1)-t"
735,23.45966105618459,28.41601246390006,True,True,0.04833354130597428,1.7977245645591284e-15,"GJR-GARCH(1,1,1)-t"
745,5.330304329809307,10.286655737524777,True,False,0.7728642169954402,0.6135678915022359,"GJR-GARCH(1,1,1)-t"
746,-2.9828759289611924,1.9734754787542776,True,True,1.0088996013668306e-14,0.6897052066378,"GJR-GARCH(1,1,1)-t"
748,30.54105060659294,35.497402014308406,True,False,0.49759530042739064,0.7512023497863047,"GJR-GARCH(1,1,1)-t"
753,-21.543820646137213,-16.587469238421743,True,False,0.30287446875289464,0.8485627656747703,"GJR-GARCH(1,1,1)-t"
785,51.64086339540627,56.597214803121744,True,False,5.4817872499024976e-15,0.9999999999999708,"GJR-GARCH(1,1,1)-t"
817,10.523087517484406,15.479438925199876,True,True,0.0,0.7376363403259879,"GJR-GARCH(1,1,1)-t"
840,1.0574122350632873,6.013763642778757,True,True,7.3250878926018e-15,0.8047805091840399,"GJR-GARCH(1,1,1)-t"
841,9.988917120071527,14.945268527786997,True,True,4.68517425603981e-15,0.5143042145797125,"GJR-GARCH(1,1,1)-t"
852,-6.8352197321048855,-1.8788683243894155,True,False,0.5800895268511427,0.7099552365744317,"GJR-GARCH(1,1,1)-t"
854,22.29526098923425,27.25161239694972,True,True,1.2732978595819192e-14,0.46055705867377744,"GJR-GARCH(1,1,1)-t"
868,41.407560964508555,46.36391237222402,True,False,8.724103328421607e-17,0.9999999999999988,"GJR-GARCH(1,1,1)-t"
886,59.49152152290463,64.4478729306201,True,True,2.6576911283045106e-12,0.9750702613878945,"GJR-GARCH(1,1,1)-t"
895,8.903804851420123,13.860156259135593,True,True,7.402351927679529e-19,0.7762832230210809,"GJR-GARCH(1,1,1)-t"
904,20.85283002065599,25.80918142837146,True,True,0.0,0.9246299099828734,"GJR-GARCH(1,1,1)-t"
908,12.509345201991728,17.465696609707198,True,False,3.351721916720999e-11,1.0,"GJR-GARCH(1,1,1)-t"
947,-20.257833748213287,-15.301482340497817,True,True,0.0,0.42329551917577773,"GJR-GARCH(1,1,1)-t"
951,12.821687149815816,17.778038557531286,True,True,1.2800554433803262e-13,0.5434690484253392,"GJR-GARCH(1,1,1)-t"
957,18.322284622035745,23.278636029751215,True,True,0.3437487356132454,0.5646634809878325,"GJR-GARCH(1,1,1)-t"
969,30.53178409755442,35.488135505269895,True,True,0.0,0.7421383277256276,"GJR-GARCH(1,1,1)-t"
985,3.0798631914302863,8.036214599145756,True,True,3.8355862771454637e-16,0.44823736244123596,"GJR-GARCH(1,1,1)-t"
991,2.3164717366033063,7.272823144318776,True,True,0.0,3.56711236000914e-15,"GJR-GARCH(1,1,1)-t"
1000,5.592666530486127,10.549017938201597,True,True,0.0,0.0,"GJR-GARCH(1,1,1)-t"
1011,7.340614311627737,12.296965719343207,True,False,1.0,5.420300222293001e-22,"GJR-GARCH(1,1,1)-t"
1016,-3.505238284187069,1.4511131235284012,True,True,8.829334155872983e-14,0.9360374219333563,"GJR-GARCH(1,1,1)-t"
1020,3.0914052536944503,8.04775666140992,True,True,0.8407684347573687,5.09883230904551e-19,"GJR-GARCH(1,1,1)-t"
1022,1.0500722752495477,6.006423682965018,True,True,3.659147373185555e-16,0.0,"GJR-GARCH(1,1,1)-t"
1028,27.275878210508296,32.23222961822377,True,True,5.808729844215224e-20,0.74327827145731,"GJR-GARCH(1,1,1)-t"
1037,6.539308927808008,11.495660335523478,True,True,0.4182882638900754,0.13679104236216194,"GJR-GARCH(1,1,1)-t"
1040,-3.2180828102228745,1.7382685974925955,True,True,2.945553728795261e-14,0.05412551376399812,"GJR-GARCH(1,1,1)-t"
1057,2.0589292073710332,7.015280615086503,True,True,0.6959285419974928,3.54331815587628e-11,"GJR-GARCH(1,1,1)-t"
1063,43.73422372024524,48.69057512796071,True,True,4.4254419983308816e-17,0.0,"GJR-GARCH(1,1,1)-t"
1070,-4.971343057248397,-0.014991649532927198,True,True,3.637960640859215e-14,0.826780611019886,"GJR-GARCH(1,1,1)-t"
1075,-1.5374761611736645,3.4188752465418055,True,False,1.0,0.19623932827843832,"GJR-GARCH(1,1,1)-t"
1100,-10.284668223285728,-5.328316815570258,True,False,0.0,1.0,"GJR-GARCH(1,1,1)-t"
1107,-7.75437179291761,-2.7980203852021397,True,True,0.250269718018481,0.4488342597670156,"GJR-GARCH(1,1,1)-t"
1119,2.9797076831944214,7.936059090909891,True,True,1.462429207450949e-19,0.7721048491607795,"GJR-GARCH(1,1,1)-t"
1125,10.062380816485906,15.018732224201376,True,True,0.0,0.9310059706843968,"GJR-GARCH(1,1,1)-t"
1128,8.339870882330375,13.296222290045845,True,True,2.1481289928086287e-15,0.24608753544347275,"GJR-GARCH(1,1,1)-t"
1135,42.40780186586485,47.364153273580314,True,True,1.8249939753342133e-15,0.8918202788668663,"GJR-GARCH(1,1,1)-t"
1142,8.151474191780782,13.107825599496252,True,True,3.09761380046443e-17,0.20697911892198345,"GJR-GARCH(1,1,1)-t"
1149,-17.484760882553765,-12.528409474838295,True,False,1.0,0.0,"GJR-GARCH(1,1,1)-t"
1158,11.227790314836676,16.184141722552145,True,True,0.29970950195432344,9.411924904326924e-14,"GJR-GARCH(1,1,1)-t"
1161,17.054219785307794,22.010571193023264,True,True,5.438862334249554e-15,0.012498006802602102,"GJR-GARCH(1,1,1)-t"
1173,33.24423469624802,38.20058610396349,True,False,1.0,0.005345114940823924,"GJR-GARCH(1,1,1)-t"
1176,15.549773354319424,20.506124762034894,True,False,0.0,0.9999999999999999,"GJR-GARCH(1,1,1)-t"
1178,2.035940914630107,6.992292322345577,True,False,1.2324215795272432e-17,0.9999999999999999,"GJR-GARCH(1,1,1)-t"
1191,48.40774523037142,53.36409663808689,True,True,0.0,0.0,"GJR-GARCH(1,1,1)-t"
1198,28.55788394804611,33.51423535576158,True,True,2.7222403416575043e-16,0.7841561249860071,"GJR-GARCH(1,1,1)-t"
1205,-3.1342718335125355,1.8220795742029345,True,True,0.0,0.0,"GJR-GARCH(1,1,1)-t"
1209,42.053424027536934,47.00977543525241,True,True,5.75094437554429e-14,0.8956902406268368,"GJR-GARCH(1,1,1)-t"
1213,18.08081640784703,23.037167815562505,True,False,0.9999999999999998,0.042280846052788146,"GJR-GARCH(1,1,1)-t"
1215,26.82509934600737,31.781450753722844,True,True,0.0,0.9225772278118013,"GJR-GARCH(1,1,1)-t"
1219,13.966393895399841,18.92274530311531,True,True,3.3528461111362815e-18,0.8889462339998695,"GJR-GARCH(1,1,1)-t"
1227,14.283128621856289,19.23948002957176,True,True,0.0,0.9657103231975513,"GJR-GARCH(1,1,1)-t"
1235,-4.781309834910946,0.17504157280452404,True,True,1.253503013377766e-14,0.9689257707803033,"GJR-GARCH(1,1,1)-t"
1239,-4.786020020340612,0.17033138737485842,True,False,1.0,0.0,"GJR-GARCH(1,1,1)-t"
1242,1.7860802543549212,6.742431662070391,True,True,0.0,0.8120973697469267,"GJR-GARCH(1,1,1)-t"
1247,7.4914375848974935,12.447788992612963,True,True,0.065572257149278,2.150499258838802e-20,"GJR-GARCH(1,1,1)-t"
1249,0.3173673155040948,5.273718723219565,True,True,0.0,0.9784326865819675,"GJR-GARCH(1,1,1)-t"
1255,10.159138098745515,15.115489506460985,True,True,1.766067822358844e-22,0.973363012963984,"GJR-GARCH(1,1,1)-t"
1264,10.700234246680399,15.656585654395869,True,True,0.0,0.0,"GJR-GARCH(1,1,1)-t"
1269,2.2845026356461027,7.240854043361573,True,False,0.22747805455423345,0.8862609727927552,"GJR-GARCH(1,1,1)-t"
1273,33.22156383652439,38.177915244239855,True,True,1.512901393559843e-14,0.9223469934366784,"GJR-GARCH(1,1,1)-t"
1274,-17.22092394998071,-12.264572542265238,True,True,0.0,0.0,"GJR-GARCH(1,1,1)-t"
1280,11.796895681589344,16.753247089304814,True,True,0.2558340976723938,0.7411505168670697,"GJR-GARCH(1,1,1)-t"
1289,1.527880683854141,6.484232091569611,True,False,1.0,0.26176866826505085,"GJR-GARCH(1,1,1)-t"
1291,44.04357322637519,48.99992463409066,True,True,0.0,0.0,"GJR-GARCH(1,1,1)-t"
1292,-1.6580097714937665,3.2983416362217035,True,True,7.509737800292381e-23,7.807679223600598e-14,"GJR-GARCH(1,1,1)-t"
1310,-1.0878089439339895,3.8685424637814805,True,True,7.212613168670122e-13,0.7566864221410088,"GJR-GARCH(1,1,1)-t"
1321,-0.09583405100103981,4.86051735671443,True,True,1.358185541706752e-13,0.3783879564183562,"GJR-GARCH(1,1,1)-t"
1322,33.93361386469054,38.889965272406016,True,True,0.43050667788858454,4.2357674479311986e-16,"GJR-GARCH(1,1,1)-t"
1326,-7.423340081063891,-2.466988673348421,True,True,7.787030211579106e-14,0.01403223402236915,"GJR-GARCH(1,1,1)-t"
1348,23.160411319001057,28.11676272671653,True,True,0.8835513103513633,4.119244999630544e-17,"GJR-GARCH(1,1,1)-t"
1350,3.3749652784505795,8.33131668616605,True,True,1.431646549158477e-16,0.9315230765442892,"GJR-GARCH(1,1,1)-t"
1359,9.850844555688145,14.807195963403615,True,True,0.0,0.9215509681240568,"GJR-GARCH(1,1,1)-t"
1363,-1.4536903454463541,3.502661062269116,True,True,0.0,0.913723582941737,"GJR-GARCH(1,1,1)-t"
1365,-3.1653340528498894,1.7910173548655806,True,True,5.392351136154454e-09,0.9636541338891157,"GJR-GARCH(1,1,1)-t"
1377,3.6008414395191704,8.55719284723464,True,False,2.2460227365537295e-15,0.9999999999999987,"GJR-GARCH(1,1,1)-t"
1380,1.814726793618652,6.771078201334122,True,True,3.955052581667738e-11,0.5642775603239483,"GJR-GARCH(1,1,1)-t"
1392,-4.764208924869383,0.19214248284608715,True,True,8.122296132756162e-22,0.4361425611583981,"GJR-GARCH(1,1,1)-t"
1404,5.099262179134625,10.055613586850095,True,True,2.0073361802556625e-12,0.7244356621977204,"GJR-GARCH(1,1,1)-t"
1408,6.972501594031401,11.928853001746871,True,True,0.0,0.7650626874091899,"GJR-GARCH(1,1,1)-t"
1416,5.427409291865256,10.383760699580726,True,True,0.6440570317634793,2.091896933969389e-09,"GJR-GARCH(1,1,1)-t"
1417,18.75541268512051,23.711764092835985,True,True,0.0,0.7285074828694756,"GJR-GARCH(1,1,1)-t"
1427,-9.02576128511707,-4.0694098774016005,True,True,4.96548663688807e-13,0.9286318851476538,"GJR-GARCH(1,1,1)-t"
1430,22.712073102020824,27.668424509736294,True,True,0.0,0.39620258229911887,"GJR-GARCH(1,1,1)-t"
1433,-8.377226055706846,-3.4208746479913756,True,True,0.0,0.6147754196154692,"GJR-GARCH(1,1,1)-t"
1459,35.60509261119536,40.56144401891083,True,True,0.5227678817742122,2.545959002246673e-17,"GJR-GARCH(1,1,1)-t"
1462,25.981853200684842,30.938204608400312,True,False,1.6705548628753502e-08,1.0,"GJR-GARCH(1,1,1)-t"
1463,47.56518198457492,52.521533392290394,True,False,0.9999999999999997,1.0323526395153587e-16,"GJR-GARCH(1,1,1)-t"
1464,7.310546732084227,12.266898139799697,True,False,1.7876144348497914e-14,0.9999999999993838,"GJR-GARCH(1,1,1)-t"
1468,-0.7982208905068191,4.158130517208651,True,True,0.0,0.17553988516234012,"GJR-GARCH(1,1,1)-t"
1471,23.169004935034064,28.125356342749534,True,True,0.0,0.48995483093847814,"GJR-GARCH(1,1,1)-t"
1477,7.015062389684446,11.971413797399915,True,True,0.0,0.9601600157695778,"GJR-GARCH(1,1,1)-t"
1481,-9.633917304384159,-4.677565896668689,True,True,0.04824031408584651,0.6997785127600199,"GJR-GARCH(1,1,1)-t"
1501,0.8905064946345558,5.846857902350026,True,True,4.6110715218821045e-15,0.017807364872389573,"GJR-GARCH(1,1,1)-t"
1513,11.232054892255817,16.188406299971287,True,True,0.0,0.9732861190537926,"GJR-GARCH(1,1,1)-t"
1521,12.538932335626711,17.49528374334218,True,True,0.0,0.0,"GJR-GARCH(1,1,1)-t"
1524,10.97469608259485,15.93104749031032,True,True,1.7719511538681972e-20,8.35988139117555e-16,"GJR-GARCH(1,1,1)-t"
1529,18.290781227539913,23.247132635255383,True,True,8.212792076027146e-13,0.9671106838579331,"GJR-GARCH(1,1,1)-t"
1532,-7.904752142628869,-2.948400734913399,True,True,3.9170619923819245e-25,8.693444649588593e-16,"GJR-GARCH(1,1,1)-t"
1536,18.55665299590943,23.5130044036249,True,True,6.720860866641162e-13,0.0,"GJR-GARCH(1,1,1)-t"
1541,12.856083711088587,17.812435118804057,True,False,0.9999999999999571,0.2692236464979071,"GJR-GARCH(1,1,1)-t"
1544,8.768814902953594,13.725166310669064,True,False,1.0,0.1288297419426659,"GJR-GARCH(1,1,1)-t"
1551,14.759109987990868,19.71546139570634,True,True,0.0,0.5814368416328453,"GJR-GARCH(1,1,1)-t"
1563,13.942146262869546,18.898497670585016,True,True,4.963147071956852e-15,7.51952837390328e-14,"GJR-GARCH(1,1,1)-t"
1565,44.27494337918939,49.231294786904854,True,False,1.7451020195290227e-21,1.0,"GJR-GARCH(1,1,1)-t"
1581,21.61873205549704,26.575083463212508,True,True,0.0029918203887392553,2.1497293401913345e-19,"GJR-GARCH(1,1,1)-t"
1587,-30.78239613339632,-25.82604472568085,True,True,0.3064291457568523,0.28610988399159853,"GJR-GARCH(1,1,1)-t"
1600,11.197657428698113,16.15400883641358,True,True,0.0,0.0,"GJR-GARCH(1,1,1)-t"
1640,0.10222600832270068,5.058577416038171,True,True,0.8875727812339971,9.13423953351155e-12,"GJR-GARCH(1,1,1)-t"
1651,0.2836012972051307,5.239952704920601,True,False,1.0,0.0,"GJR-GARCH(1,1,1)-t"
1658,5.958588401291443,10.914939809006913,True,True,9.200564607017598e-15,0.20644214391597845,"GJR-GARCH(1,1,1)-t"
1663,-2.3770905518548453,2.5792608558606247,True,False,4.314509859391279e-15,0.9999999999999987,"GJR-GARCH(1,1,1)-t"
1674,15.51478709596771,20.471138503683182,True,True,7.581813234392748e-15,0.7302625370288773,"GJR-GARCH(1,1,1)-t"
1676,18.822705246888063,23.779056654603533,True,True,9.251822018505537e-14,0.9616624461010852,"GJR-GARCH(1,1,1)-t"
1688,27.616052593337763,32.572404001053236,True,True,0.1956363511488289,6.428228893913772e-13,"GJR-GARCH(1,1,1)-t"
1707,8.806169769680846,13.762521177396316,True,True,0.6128971041684734,6.019080453706253e-21,"GJR-GARCH(1,1,1)-t"
1712,7.993699000559859,12.95005040827533,True,True,0.0,0.19589286374710477,"GJR-GARCH(1,1,1)-t"
1719,29.662341768727135,34.618693176442605,True,True,4.657382097030759e-16,0.2240313756992185,"GJR-GARCH(1,1,1)-t"
1722,49.83999542322176,54.796346830937225,True,True,3.2895496167194603e-19,0.5106692107505455,"GJR-GARCH(1,1,1)-t"
1728,-0.05820829078780676,4.898143116927663,True,True,1.1368561882623598e-14,0.6381632953374542,"GJR-GARCH(1,1,1)-t"
1744,39.316583600494965,44.27293500821044,True,True,0.0,0.37279834830684583,"GJR-GARCH(1,1,1)-t"
1747,-6.950044873548194,-1.9936934658327239,True,True,0.24702964506902514,0.1328818167053956,"GJR-GARCH(1,1,1)-t"
1761,5.94686894049762,10.90322034821309,True,True,1.3289010035681265e-15,0.6632138378063642,"GJR-GARCH(1,1,1)-t"
1787,-11.366357985004154,-6.410006577288684,True,True,0.16253332017580693,1.0126745393931838e-17,"GJR-GARCH(1,1,1)-t"
1789,9.245397122656856,14.201748530372326,True,True,0.0,0.29808567660038476,"GJR-GARCH(1,1,1)-t"
1797,32.524752004042966,37.48110341175843,True,True,4.445819854958756e-14,0.6528812594989803,"GJR-GARCH(1,1,1)-t"
1810,-4.410805251756042,0.5455461559594283,True,False,0.02094045354876018,0.9895297732256003,"GJR-GARCH(1,1,1)-t"
1813,52.020790068948564,56.97714147666403,True,True,0.0,0.9738180527535404,"GJR-GARCH(1,1,1)-t"
1816,67.46815521414615,72.42450662186161,True,True,7.143685894518412e-16,0.9051760203873505,"GJR-GARCH(1,1,1)-t"
1820,2.819404213037606,7.775755620753076,True,False,0.9999999992894834,4.454369627009331e-10,"GJR-GARCH(1,1,1)-t"
1823,41.97258173514709,46.928933142862554,True,False,1.0640840211421095e-22,0.9999999999999996,"GJR-GARCH(1,1,1)-t"
1826,-5.714014101235762,-0.7576626935202917,True,True,3.962115220103403e-18,0.9721539411179814,"GJR-GARCH(1,1,1)-t"
1827,40.4062927696516,45.36264417736707,True,True,3.156128567531421e-18,0.0,"GJR-GARCH(1,1,1)-t"
1841,13.369764064983862,18.326115472699332,True,True,0.03493683879905844,0.5510366276764233,"GJR-GARCH(1,1,1)-t"
1862,24.889941267835283,29.846292675550753,True,False,1.0247258514814929e-16,0.9999999999999999,"GJR-GARCH(1,1,1)-t"
1866,33.46635633636953,38.422707744085,True,True,7.98910815400381e-21,0.7919676739400259,"GJR-GARCH(1,1,1)-t"
1870,-3.4897399163504303,1.4666114913650397,True,True,2.624866705198573e-12,0.4599901408100231,"GJR-GARCH(1,1,1)-t"
1875,4.8047340690902764,9.761085476805746,True,True,0.8551707214307626,7.19938366942807e-10,"GJR-GARCH(1,1,1)-t"
1876,-6.922220261206039,-1.9658688534905693,True,True,2.905394268797628e-13,0.9844605436911716,"GJR-GARCH(1,1,1)-t"
1879,20.398655389157557,25.355006796873027,True,True,5.9197401691778825e-15,0.3120920056841633,"GJR-GARCH(1,1,1)-t"
1890,15.316472001170542,20.272823408886012,True,True,0.19782037183160506,0.7763472178835586,"GJR-GARCH(1,1,1)-t"
1904,-7.660238635918557,-2.7038872282030866,True,True,1.521232849242115e-20,2.1274221831983272e-16,"GJR-GARCH(1,1,1)-t"
1909,3.687542645737514,8.643894053452984,True,True,0.005534281450286912,0.967567084884116,"GJR-GARCH(1,1,1)-t"
1920,1.7246522256364347,6.681003633351905,True,True,0.0,0.9089513029015831,"GJR-GARCH(1,1,1)-t"
1923,8.653307045040005,13.609658452755475,True,True,1.5021548494492733e-16,0.924318901199469,"GJR-GARCH(1,1,1)-t"
1930,49.54976187157333,54.5061132792888,True,True,0.40731703303870476,4.2090034076315107e-19,"GJR-GARCH(1,1,1)-t"
1938,-6.8300253154551385,-1.8736739077396685,True,True,0.0,0.9649815516140705,"GJR-GARCH(1,1,1)-t"
1946,27.31242118569893,32.268772593414404,True,True,8.294959558348113e-12,0.9076471026462251,"GJR-GARCH(1,1,1)-t"
1948,-5.9768363224403345,-1.0204849147248645,True,False,0.9554412688916936,0.5222793655556165,"GJR-GARCH(1,1,1)-t"
1956,1.9372911986895502,6.89364260640502,True,False,0.9999999999999997,0.4626743852705262,"GJR-GARCH(1,1,1)-t"
1962,5.236899339850277,10.193250747565747,True,False,7.789499706987928e-14,0.9999999999998367,"GJR-GARCH(1,1,1)-t"
1980,28.749459639567107,33.70581104728257,True,True,2.9509707977579135e-14,0.0,"GJR-GARCH(1,1,1)-t"
1981,37.61955025057484,42.575901658290306,True,True,1.609416534541008e-14,0.803825632552454,"GJR-GARCH(1,1,1)-t"
1991,18.095696667250397,23.052048074965867,True,True,2.9259769770972715e-12,0.9205497182334232,"GJR-GARCH(1,1,1)-t"
1998,44.471734026056545,49.42808543377201,True,False,0.9999999999991733,5.149683407606804e-13,"GJR-GARCH(1,1,1)-t"
2000,16.689422479004634,21.6457738867201,True,True,0.0,5.3963319376508454e-14,"GJR-GARCH(1,1,1)-t"
2006,-8.88709742079164,-3.9307460130761704,True,True,0.6514404131807086,3.954217015818649e-15,"GJR-GARCH(1,1,1)-t"
2010,17.4582453204888,22.41459672820427,True,True,1.338413908811721e-14,4.1195898435205484e-14,"GJR-GARCH(1,1,1)-t"
2014,-8.040062248141243,-3.0837108404257734,True,True,0.2043539737095756,4.860632378266684e-13,"GJR-GARCH(1,1,1)-t"
2018,-0.7991091478092578,4.157242259906212,True,True,6.772702065734994e-21,0.9674496264575414,"GJR-GARCH(1,1,1)-t"
2027,20.487460537598206,25.443811945313676,True,False,5.658095438077851e-12,1.0,"GJR-GARCH(1,1,1)-t"
2037,17.028937405405657,21.985288813121123,True,True,0.0,0.9224382620814822,"GJR-GARCH(1,1,1)-t"
2046,16.274155412388833,21.230506820104303,True,True,4.412780963172147e-18,0.9782129348098696,"GJR-GARCH(1,1,1)-t"
2058,-8.220432848026977,-3.2640814403115073,True,False,3.456452508136239e-16,1.0,"GJR-GARCH(1,1,1)-t"
2075,12.059113594383632,17.015465002099102,True,False,0.0,1.0,"GJR-GARCH(1,1,1)-t"
2076,4.219865371848094,9.176216779563564,True,True,9.090080955429543e-19,4.173392019729556e-19,"GJR-GARCH(1,1,1)-t"
2077,35.562383748041725,40.51873515575719,True,True,3.9045035523128924e-11,0.9440074723424507,"GJR-GARCH(1,1,1)-t"
2085,-0.13459987012675967,4.82175153758871,True,True,0.4053246268040797,5.267905231158095e-11,"GJR-GARCH(1,1,1)-t"
2086,-8.313339446959205,-3.356988039243735,True,True,1.012933878942697e-13,0.7052625440216564,"GJR-GARCH(1,1,1)-t"
2088,14.60438537382061,19.560736781536082,True,False,2.5123677158656686e-13,0.9999999999998634,"GJR-GARCH(1,1,1)-t"
2102,-3.5241836091401986,1.4321677985752714,True,True,9.43035537605103e-16,0.05330752479055323,"GJR-GARCH(1,1,1)-t"
2104,8.617275322762872,13.573626730478342,True,True,1.2227522956726263e-18,0.8536913804033697,"GJR-GARCH(1,1,1)-t"
2109,2.2728604085292172,7.229211816244687,True,False,7.617898573194103e-11,0.9999999396263332,"GJR-GARCH(1,1,1)-t"
2117,-18.625137973968727,-13.668786566253257,True,True,7.459963601142606e-14,0.933199065549736,"GJR-GARCH(1,1,1)-t"
2118,26.018507275593386,30.97485868330886,True,True,2.3529371940125936e-13,0.9753921321775479,"GJR-GARCH(1,1,1)-t"
2119,8.759306421036827,13.715657828752297,True,True,1.0390982285999261e-15,0.706928045609143,"GJR-GARCH(1,1,1)-t"
2125,2.995885914793993,7.952237322509463,True,False,0.0,1.0,"GJR-GARCH(1,1,1)-t"
2136,18.226675452207004,23.183026859922474,True,True,2.2705261515116906e-12,0.920754717322947,"GJR-GARCH(1,1,1)-t"
2139,-12.054690292040185,-7.098338884324715,True,True,1.1665786267303904e-08,0.951064608180233,"GJR-GARCH(1,1,1)-t"
2146,20.447241190216083,25.403592597931553,True,True,0.6848123808269687,0.19807917564438698,"GJR-GARCH(1,1,1)-t"
2169,8.549789007553407,13.506140415268877,True,True,0.0,0.9682531061486364,"GJR-GARCH(1,1,1)-t"
2170,-8.270309470238178,-3.3139580625227083,True,True,3.423541349225982e-15,3.6324698628059407e-14,"GJR-GARCH(1,1,1)-t"
2172,13.295372362968397,18.251723770683867,True,False,0.9999999999999672,0.0,"GJR-GARCH(1,1,1)-t"
2174,28.24318254371186,33.19953395142733,True,True,0.0,3.7793412612647044e-08,"GJR-GARCH(1,1,1)-t"
2178,41.93900215013383,46.8953535578493,True,False,1.2129179157555652e-17,0.9999999999999999,"GJR-GARCH(1,1,1)-t"
2181,-7.082527894152658,-2.1261764864371884,True,True,2.6491904421723086e-11,0.9357544222399908,"GJR-GARCH(1,1,1)-t"
2183,2.3262637151254175,7.2826151228408875,True,False,2.1705278913909556e-14,0.9999999999998065,"GJR-GARCH(1,1,1)-t"
2184,-8.280904573493608,-3.3245531657781378,True,False,0.23774704895486515,0.8811264755122988,"GJR-GARCH(1,1,1)-t"
2185,-3.100290910140764,1.8560604975747061,True,True,9.133012660197627e-15,5.828618191690893e-14,"GJR-GARCH(1,1,1)-t"
2193,-3.8758137591910717,1.0805376485243983,True,True,0.03514207618644949,2.006005689617437e-22,"GJR-GARCH(1,1,1)-t"
2196,6.652129575359499,11.60848098307497,True,False,1.0,0.49999999999999994,"GJR-GARCH(1,1,1)-t"
2197,44.23433025973432,49.190681667449795,True,True,3.075709417826944e-23,1.1150774024062883e-16,"GJR-GARCH(1,1,1)-t"
2199,-13.688292984814524,-8.731941577099054,True,False,1.0,0.44846859964915603,"GJR-GARCH(1,1,1)-t"
2213,-11.700023265031415,-6.743671857315945,True,True,3.972943165098782e-11,0.9829377801633195,"GJR-GARCH(1,1,1)-t"
2219,-10.496577837521652,-5.540226429806182,True,True,2.1562768449521376e-12,0.9765345567217657,"GJR-GARCH(1,1,1)-t"
2239,1.7942309893130375,6.7505823970285075,True,True,2.2765931789483007e-16,0.049416447644339875,"GJR-GARCH(1,1,1)-t"
2254,-7.034592045129674,-2.078240637414204,True,False,0.0,1.0,"GJR-GARCH(1,1,1)-t"
2259,-2.1906290744789914,2.7657223332364786,True,False,1.04862162056716e-14,1.0,"GJR-GARCH(1,1,1)-t"
2267,-0.5615030944271666,4.394848313288303,True,False,0.1722804246327777,0.9138597876741652,"GJR-GARCH(1,1,1)-t"
2293,17.457817843329583,22.414169251045053,True,True,0.0,0.0,"GJR-GARCH(1,1,1)-t"
2303,-0.8900028038731591,4.066348603842311,True,False,1.0,0.29386577262012425,"GJR-GARCH(1,1,1)-t"
2312,9.728097189053809,14.684448596769279,True,True,2.4709886941267714e-15,0.9881356471021595,"GJR-GARCH(1,1,1)-t"
2329,-11.087406849520672,-6.131055441805202,True,False,5.320372813126527e-13,0.9999999971390879,"GJR-GARCH(1,1,1)-t"
2331,6.948875455863633,11.905226863579102,True,True,0.802935903750596,9.395749971765487e-21,"GJR-GARCH(1,1,1)-t"
2353,-5.3959743333504875,-0.4396229256350175,True,False,0.6781753470769456,0.6609123264622062,"GJR-GARCH(1,1,1)-t"
2366,27.923712005415723,32.8800634131312,True,True,2.5297715218207242e-14,0.9351354960526947,"GJR-GARCH(1,1,1)-t"
2374,-1.8003275874358522,3.156023820279618,True,True,2.344176290423683e-15,0.9174323325027222,"GJR-GARCH(1,1,1)-t"
2385,-4.39949211074687,0.5568592969686001,True,True,3.677357112067311e-15,0.0,"GJR-GARCH(1,1,1)-t"
2390,8.53277672542563,13.4891281331411,True,True,1.574197828795837e-20,0.039088981653685774,"GJR-GARCH(1,1,1)-t"
2392,22.157784339363708,27.114135747079175,True,True,0.34731000144406565,4.8444263670460054e-12,"GJR-GARCH(1,1,1)-t"
2410,29.734800225651973,34.69115163336744,True,True,7.25476450328197e-15,0.8304330742295875,"GJR-GARCH(1,1,1)-t"
2415,5.060337784077669,10.016689191793139,True,True,9.136200560466165e-19,9.628610258679371e-18,"GJR-GARCH(1,1,1)-t"
2424,0.5300308788040233,5.486382286519493,True,True,1.2654617777153292e-11,2.1601173933967447e-10,"GJR-GARCH(1,1,1)-t"
2433,27.56648047265461,32.52283188037008,True,True,0.20968618308009795,0.05240942039983563,"GJR-GARCH(1,1,1)-t"
2436,-14.991739501040463,-10.035388093324993,True,True,0.643504297670784,0.0,"GJR-GARCH(1,1,1)-t"
2439,40.692784804311444,45.64913621202692,True,True,1.0080476190516291e-13,0.8682103851957289,"GJR-GARCH(1,1,1)-t"
2440,-0.20954303018446474,4.746808377531005,True,True,0.70443034673285,4.291495263252171e-15,"GJR-GARCH(1,1,1)-t"
2444,-6.849102778638496,-1.8927513709230261,True,False,1.0,0.0,"GJR-GARCH(1,1,1)-t"
2447,1.3980745015301252,6.354425909245595,True,False,3.1887655006297574e-14,0.9999999999997531,"GJR-GARCH(1,1,1)-t"
2458,61.273327746818175,66.22967915453364,True,True,0.27829758608212624,0.26103198410954137,"GJR-GARCH(1,1,1)-t"
2463,-7.216455798369385,-2.2601043906539147,True,True,0.0,0.9180778243440458,"GJR-GARCH(1,1,1)-t"
2466,2.627523718937619,7.583875126653089,True,True,3.330708300744028e-14,0.9835769728181737,"GJR-GARCH(1,1,1)-t"
2468,7.8817737330732305,12.838125140788701,True,True,0.0,0.7108743338197124,"GJR-GARCH(1,1,1)-t"
2479,-8.270799567440832,-3.3144481597253623,True,False,8.465485788067047e-11,0.9999999963588881,"GJR-GARCH(1,1,1)-t"
2489,14.38515870936671,19.34151011708218,True,True,0.26302153566751346,0.6505604041346618,"GJR-GARCH(1,1,1)-t"
2491,-3.410028304763994,1.546323102951476,True,True,2.6113750312196217e-09,0.957212546670605,"GJR-GARCH(1,1,1)-t"
2502,-6.502014034625795,-1.5456626269103246,True,False,0.1168342759964948,0.9415828620017551,"GJR-GARCH(1,1,1)-t"
2507,13.983046476342558,18.939397884058028,True,False,0.16622697604389405,0.8545425411740297,"GJR-GARCH(1,1,1)-t"
2510,6.498850751117556,11.455202158833025,True,True,0.0,0.4185632118172984,"GJR-GARCH(1,1,1)-t"
2525,0.5017211416829657,5.458072549398436,True,True,1.574134352822948e-13,0.9265182647457114,"GJR-GARCH(1,1,1)-t"
2534,0.5542005450970606,5.510551952812531,True,True,8.000534098119442e-14,0.9482217097598469,"GJR-GARCH(1,1,1)-t"
2545,-7.821557975929256,-2.865206568213786,True,True,1.5985086479024735e-13,0.0,"GJR-GARCH(1,1,1)-t"
2553,20.17169571014204,25.128047117857513,True,True,0.012229497004298612,0.9190408957588517,"GJR-GARCH(1,1,1)-t"
2559,3.5851451357917536,8.541496543507224,True,False,1.803269293766895e-15,1.0,"GJR-GARCH(1,1,1)-t"
2566,43.42303896949125,48.37939037720672,True,True,1.1481300147093764e-14,0.9349489166688998,"GJR-GARCH(1,1,1)-t"
2567,13.893954351492296,18.850305759207767,True,True,1.6898350940295516e-15,4.895216073353631e-13,"GJR-GARCH(1,1,1)-t"
2568,-2.424184032846,2.53216737486947,True,False,1.0,0.0,"GJR-GARCH(1,1,1)-t"
2573,-5.669242793304573,-0.7128913855891028,True,True,7.406188269953847e-13,0.0,"GJR-GARCH(1,1,1)-t"
2582,-3.9606128802740947,0.9957385274413753,True,True,0.0,0.7334881718241121,"GJR-GARCH(1,1,1)-t"
2591,34.97981615351244,39.936167561227904,True,True,0.0,0.19001690277020392,"GJR-GARCH(1,1,1)-t"
2593,20.5723407370168,25.52869214473227,True,True,3.122821976742871e-15,0.0,"GJR-GARCH(1,1,1)-t"
2600,-5.441835636862805,-0.48548422914733536,True,True,7.596017471315905e-16,0.05070416038004397,"GJR-GARCH(1,1,1)-t"
2631,1.6405265772797577,6.596877984995228,True,True,2.661175787398194e-10,0.6523313602568926,"GJR-GARCH(1,1,1)-t"
2643,17.18207172704278,22.13842313475825,True,True,1.4969728284246975e-11,8.280393879458e-10,"GJR-GARCH(1,1,1)-t"
2644,8.109776136118127,13.066127543833597,True,True,0.8501297472423059,0.13382798194181755,"GJR-GARCH(1,1,1)-t"
2656,11.12426340719264,16.08061481490811,True,False,6.342209074751089e-15,0.9999999999999388,"GJR-GARCH(1,1,1)-t"
2657,-6.937173491508702,-1.9808220837932318,True,False,1.0,5.301267565837416e-16,"GJR-GARCH(1,1,1)-t"
2659,-5.295510190470576,-0.33915878275510636,True,False,1.0,0.0,"GJR-GARCH(1,1,1)-t"
2683,5.347548663252681,10.303900070968151,True,False,0.7947524935764401,0.6026237532117737,"GJR-GARCH(1,1,1)-t"
2709,-11.54557964074083,-6.589228233025359,True,True,4.1755982982253696e-15,1.3356159830431234e-13,"GJR-GARCH(1,1,1)-t"
2711,3.2668236936739543,8.223175101389424,True,False,0.9999999999999994,0.1469054561353021,"GJR-GARCH(1,1,1)-t"
2717,0.3264564904382059,5.282807898153676,True,True,1.6322679939589294e-14,0.21425796081784895,"GJR-GARCH(1,1,1)-t"
2718,49.73299760876041,54.68934901647587,True,True,0.4484810469042101,1.122375583403893e-17,"GJR-GARCH(1,1,1)-t"
2740,-2.9544731004787863,2.0018783072366837,True,True,0.0,0.9465773866120505,"GJR-GARCH(1,1,1)-t"
2748,14.17465187876544,19.131003286480908,True,True,0.13601858373277398,0.4592332766070396,"GJR-GARCH(1,1,1)-t"
2758,-5.8314668706855315,-0.8751154629700615,True,True,0.0,0.23212804807931536,"GJR-GARCH(1,1,1)-t"
2772,5.085374771549045,10.041726179264515,True,True,0.03886232397153579,7.327089513152997e-15,"GJR-GARCH(1,1,1)-t"
2780,16.982287867425033,21.938639275140503,True,True,1.4101701177403709e-16,8.158682179653111e-13,"GJR-GARCH(1,1,1)-t"
2782,18.14476175811459,23.10111316583006,True,True,2.5027171861382127e-16,0.7326961670456367,"GJR-GARCH(1,1,1)-t"
2803,18.636867771676247,23.593219179391717,True,True,3.812759720079741e-15,0.8443463800142746,"GJR-GARCH(1,1,1)-t"
2811,3.6332806928249877,8.589632100540458,True,True,4.912693931944681e-14,0.0,"GJR-GARCH(1,1,1)-t"
2826,-4.6097917639339485,0.3465596437815215,True,True,2.835296820417808e-14,0.0,"GJR-GARCH(1,1,1)-t"
2833,-0.7515377807336794,4.204813626981791,True,True,7.187247019132027e-15,0.2214151025096821,"GJR-GARCH(1,1,1)-t"
2844,7.508019207257242,12.464370614972712,True,True,8.273971513274196e-15,0.9826163349566266,"GJR-GARCH(1,1,1)-t"
2846,6.283859902894569,11.24021131061004,True,True,0.0,2.7622773406873628e-14,"GJR-GARCH(1,1,1)-t"
2867,-10.968049822642804,-6.011698414927334,True,False,4.0157147892326207e-16,1.0,"GJR-GARCH(1,1,1)-t"
2876,47.440394963445044,52.39674637116052,True,True,3.7148650028789925e-15,0.9813783928045493,"GJR-GARCH(1,1,1)-t"
2881,4.513909018576182,9.470260426291652,True,True,0.011429717800667415,0.9252992420887635,"GJR-GARCH(1,1,1)-t"
2883,8.933923806230084,13.890275213945554,True,True,0.0,0.8628030263574269,"GJR-GARCH(1,1,1)-t"
2891,-20.67033838681263,-15.713986979097161,True,True,0.6243473865887588,0.0,"GJR-GARCH(1,1,1)-t"
2892,17.74896522484207,22.70531663255754,True,True,0.36155204678710967,0.25655783985270986,"GJR-GARCH(1,1,1)-t"
2893,-2.2121094908513115,2.7442419168641585,True,False,5.667364392165337e-19,1.0,"GJR-GARCH(1,1,1)-t"
2902,19.612168778258898,24.568520185974364,True,False,4.813865947122472e-13,0.9999999999875167,"GJR-GARCH(1,1,1)-t"
2903,0.9084705510284046,5.864821958743875,True,True,0.0,5.672052050325998e-15,"GJR-GARCH(1,1,1)-t"
2908,4.202326529805189,9.15867793752066,True,True,0.4480902096612126,2.0315768496777092e-15,"GJR-GARCH(1,1,1)-t"
2917,13.418161874187305,18.374513281902775,True,False,0.06226711842238759,0.9599673644257376,"GJR-GARCH(1,1,1)-t"
2929,-14.869674231321834,-9.913322823606364,True,False,0.38925378920637116,0.8015665306946096,"GJR-GARCH(1,1,1)-t"
2932,8.196157053720839,13.152508461436309,True,True,5.285551185321294e-13,0.9310356168665708,"GJR-GARCH(1,1,1)-t"
2946,83.265003229909,88.22135463762447,True,True,0.05593652463829801,3.048163857029533e-17,"GJR-GARCH(1,1,1)-t"
2956,81.62938832562611,86.58573973334158,True,True,3.28569198172401e-14,0.7499829667497326,"GJR-GARCH(1,1,1)-t"
2969,7.856541346971452,12.81289275468692,True,True,0.3013842376774296,0.0,"GJR-GARCH(1,1,1)-t"
2979,4.112587707918765,9.068939115634235,True,False,0.0,1.0,"GJR-GARCH(1,1,1)-t"
2982,1.4066400951920048,6.362991502907475,True,False,1.0,0.0,"GJR-GARCH(1,1,1)-t"
2992,11.05884464632175,16.01519605403722,True,True,8.577179070476827e-14,0.41468712610676267,"GJR-GARCH(1,1,1)-t"
2999,1.4982269419470295,6.4545783496624995,True,False,0.2744053191661138,0.862797340420547,"GJR-GARCH(1,1,1)-t"
3001,11.444685641529686,16.401037049245154,True,False,6.345875693264866e-16,1.0,"GJR-GARCH(1,1,1)-t"
3002,24.982400240930055,29.93875164864552,True,True,0.19024092463264983,7.963269990229584e-17,"GJR-GARCH(1,1,1)-t"
3008,2.230526732058646,7.186878139774116,True,False,1.0765004926881125e-09,0.9999995582616334,"GJR-GARCH(1,1,1)-t"
3009,-12.007552390861491,-7.051200983146021,True,True,8.321578223469798e-15,6.151796735935618e-15,"GJR-GARCH(1,1,1)-t"
3012,41.66224460013285,46.61859600784832,True,True,1.2021828458606143e-16,3.974803942876339e-15,"GJR-GARCH(1,1,1)-t"
3017,0.7534037974823402,5.70975520519781,True,True,1.06676951343207e-19,0.8298354547907667,"GJR-GARCH(1,1,1)-t"
3025,12.492488238970806,17.448839646686277,True,True,0.0,0.1717034482378142,"GJR-GARCH(1,1,1)-t"
3029,15.514669291141685,20.471020698857156,True,False,0.0,1.0,"GJR-GARCH(1,1,1)-t"
3033,0.4963229004717764,5.452674308187246,True,True,5.9172346709958265e-15,0.6135766517004724,"GJR-GARCH(1,1,1)-t"
3044,-1.8519258266617964,3.1044255810536736,True,True,0.0,0.913488846351172,"GJR-GARCH(1,1,1)-t"
3046,-17.80784373559126,-12.851492327875789,True,True,0.0,0.01243028161757073,"GJR-GARCH(1,1,1)-t"
3069,9.685716403456802,14.642067811172272,True,True,4.1259322288940005e-13,0.8659166611947378,"GJR-GARCH(1,1,1)-t"
3092,-5.845446255691968,-0.889094847976498,True,False,0.0,1.0,"GJR-GARCH(1,1,1)-t"
3098,16.761624252309854,21.717975660025324,True,True,3.048754973213556e-12,1.3593662066714896e-10,"GJR-GARCH(1,1,1)-t"
3108,18.787472562008563,23.743823969724033,True,True,1.0128181901788717e-13,0.7239859540001129,"GJR-GARCH(1,1,1)-t"
3113,-0.9626611962224949,3.993690211492975,True,True,3.0438808057858057e-16,0.8694611055810042,"GJR-GARCH(1,1,1)-t"
3123,6.061729264735206,11.018080672450676,True,False,2.3442749368689148e-14,0.9999999999997753,"GJR-GARCH(1,1,1)-t"
3130,11.27288100596337,16.22923241367884,True,False,7.925526321783239e-16,0.9999999999999852,"GJR-GARCH(1,1,1)-t"
3135,-5.036062351033564,-0.07971094331809425,True,True,2.7881925057726605e-14,0.4782675609397798,"GJR-GARCH(1,1,1)-t"
3138,96.89311704920314,101.84946845691861,True,True,0.4794046455986417,3.438152647507587e-15,"GJR-GARCH(1,1,1)-t"
3152,21.173294057888352,26.129645465603822,True,True,0.0,0.9851171355026083,"GJR-GARCH(1,1,1)-t"
3154,-1.453801500315798,3.502549907399672,True,True,8.951709359875688e-11,0.7597687383064496,"GJR-GARCH(1,1,1)-t"
3160,7.910138527335711,12.866489935051181,True,True,0.761579229679521,0.011417967277653013,"GJR-GARCH(1,1,1)-t"
3179,42.885694355548,47.84204576326347,True,True,6.043249350852415e-14,0.5183155443982109,"GJR-GARCH(1,1,1)-t"
3187,20.500005410744215,25.45635681845969,True,True,1.0249327280375906e-16,0.0,"GJR-GARCH(1,1,1)-t"
3211,28.900753243267157,33.85710465098263,True,True,3.95542086778652e-14,0.9517973247254047,"GJR-GARCH(1,1,1)-t"
3223,-8.852896014656768,-3.8965446069412977,True,False,9.345474194580897e-17,0.9999999999999999,"GJR-GARCH(1,1,1)-t"
3233,-13.172885564363444,-8.216534156647974,True,True,0.0,0.0,"GJR-GARCH(1,1,1)-t"
3270,19.825681284828455,24.782032692543922,True,True,3.3974162432066503e-15,0.8221521034083148,"GJR-GARCH(1,1,1)-t"
3280,2.615533395242476,7.571884802957946,True,False,0.519663651259783,0.6953274810179133,"GJR-GARCH(1,1,1)-t"
3291,21.28668028841046,26.243031696125932,True,True,0.04509393465366338,2.636685030748612e-16,"GJR-GARCH(1,1,1)-t"
3318,0.20336522259514211,5.159716630310612,True,True,4.3803155041068225e-09,0.9574781074008485,"GJR-GARCH(1,1,1)-t"
3322,9.109789878744218,14.066141286459688,True,False,0.5917623271326635,0.7041188364336612,"GJR-GARCH(1,1,1)-t"
3323,-7.17553109441052,-2.2191796866950497,True,True,1.2828311327358805e-14,0.654415978447948,"GJR-GARCH(1,1,1)-t"
3327,8.509561497713776,13.465912905429246,True,True,0.6724734029543855,0.0,"GJR-GARCH(1,1,1)-t"
3328,39.92199344877826,44.878344856493726,True,True,7.49200027343529e-14,0.9473550619252776,"GJR-GARCH(1,1,1)-t"
3333,52.83227960510988,57.78863101282535,True,True,2.5307218083301896e-15,1.013366554574406e-16,"GJR-GARCH(1,1,1)-t"
3367,20.16874071491143,25.1250921226269,True,True,0.5376292440381704,0.1793587626096248,"GJR-GARCH(1,1,1)-t"
3373,55.11318960575967,60.069541013475146,True,False,0.9999999999999984,0.16397636454443773,"GJR-GARCH(1,1,1)-t"
3378,12.134671774080457,17.091023181795926,True,False,0.17177252988216107,0.9141137350591049,"GJR-GARCH(1,1,1)-t"
3381,-0.9972698606665116,3.9590815470489584,True,True,7.224823367494211e-18,2.7942725189510726e-16,"GJR-GARCH(1,1,1)-t"
3384,-2.086819312404547,2.869532095310923,True,True,8.392307726263209e-15,0.9042347018004353,"GJR-GARCH(1,1,1)-t"
3389,6.494593707861867,11.450945115577337,True,True,0.0,0.23811901226744506,"GJR-GARCH(1,1,1)-t"
3396,19.20067091158213,24.1570223192976,True,True,2.2040165399946684e-14,0.880244306910245,"GJR-GARCH(1,1,1)-t"
3399,52.60226696515344,57.55861837286891,True,True,2.9535315937745888e-18,2.8826603979427153e-17,"GJR-GARCH(1,1,1)-t"
3404,7.944177557896417,12.900528965611887,True,True,6.66904567309577e-22,1.0636666727503623e-14,"GJR-GARCH(1,1,1)-t"
3406,24.642009061685325,29.598360469400795,True,True,0.4260111662129541,1.1210484425741175e-15,"GJR-GARCH(1,1,1)-t"
3414,-14.663203920285614,-9.706852512570144,True,True,0.0,0.9728575820541039,"GJR-GARCH(1,1,1)-t"
3427,15.36750366210076,20.32385506981623,True,False,0.0,0.9999999999999989,"GJR-GARCH(1,1,1)-t"
3431,7.128494699103323,12.084846106818793,True,True,0.09639245996903541,0.394315575634045,"GJR-GARCH(1,1,1)-t"
3445,-2.3789683597648903,2.5773830479505797,True,True,1.4666281338783917e-14,0.42881598988429026,"GJR-GARCH(1,1,1)-t"
3457,-22.307822217650738,-17.351470809935268,True,True,0.0,0.18836360440797903,"GJR-GARCH(1,1,1)-t"
3465,-14.473446111139488,-9.517094703424018,True,True,0.0,3.704633563884845e-17,"GJR-GARCH(1,1,1)-t"
3469,22.606158852876582,27.56251026059205,True,True,2.176142668780962e-15,0.01833064387696979,"GJR-GARCH(1,1,1)-t"
3484,-2.337988256093052,2.618363151622418,True,True,0.20911790203241495,4.085470344289554e-17,"GJR-GARCH(1,1,1)-t"
3486,17.061117986711167,22.017469394426634,True,False,1.8384009550542773e-14,1.0,"GJR-GARCH(1,1,1)-t"
3513,12.759056523953959,17.71540793166943,True,False,1.1329712690818037e-18,1.0,"GJR-GARCH(1,1,1)-t"
3516,4.599254530764554,9.555605938480024,True,False,0.0,1.0,"GJR-GARCH(1,1,1)-t"
3531,5.5073704281432985,10.463721835858768,True,True,0.0,9.454732310268086e-12,"GJR-GARCH(1,1,1)-t"
3536,32.454835204433024,37.4111866121485,True,True,3.9541285909791244e-18,2.9894318268281327e-17,"GJR-GARCH(1,1,1)-t"
3552,6.695719328479344,11.652070736194814,True,True,0.0,0.9847210814161013,"GJR-GARCH(1,1,1)-t"
3564,5.670841352672589,10.62719276038806,True,True,1.4124831790793066e-14,0.9785352389600149,"GJR-GARCH(1,1,1)-t"
3567,-1.3139736412842726,3.6423777664311974,True,False,0.0,1.0,"GJR-GARCH(1,1,1)-t"
3587,50.497982164432706,55.45433357214817,True,False,1.0,0.10776644337785184,"GJR-GARCH(1,1,1)-t"
3596,19.10450923247184,24.06086064018731,True,True,3.346528850334668e-16,0.8732386131692709,"GJR-GARCH(1,1,1)-t"
3601,34.018548836370826,38.97490024408629,True,True,0.0,0.6634182577576501,"GJR-GARCH(1,1,1)-t"
3607,-8.642820355972543,-3.6864689482570725,True,True,1.0653282854316616e-11,0.8892476720469832,"GJR-GARCH(1,1,1)-t"
3622,-15.54646575865759,-10.59011435094212,True,True,6.468835313328058e-15,0.9662736142732751,"GJR-GARCH(1,1,1)-t"
3626,59.106557194492325,64.0629086022078,True,True,7.810077769557188e-15,0.9649489403942034,"GJR-GARCH(1,1,1)-t"
3640,13.836529628033244,18.792881035748714,True,False,7.782785920661255e-19,1.0,"GJR-GARCH(1,1,1)-t"
3650,31.85827119119821,36.81462259891368,True,True,0.13622901305416246,0.7752827767750784,"GJR-GARCH(1,1,1)-t"
3655,16.416791189429894,21.373142597145364,True,False,1.0,0.19571520783144225,"GJR-GARCH(1,1,1)-t"
3660,-7.7982067794336025,-2.8418553717181325,True,True,1.2762221236460481e-15,0.9784148836584836,"GJR-GARCH(1,1,1)-t"
3661,7.33798210373539,12.29433351145086,True,True,0.0,1.250677269368602e-18,"GJR-GARCH(1,1,1)-t"
3668,18.00259815658322,22.95894956429869,True,True,0.1405967139815527,0.26024718618439663,"GJR-GARCH(1,1,1)-t"
3685,8.345585241320878,13.301936649036348,True,True,4.451045169722209e-14,0.9809099747839224,"GJR-GARCH(1,1,1)-t"
3686,17.34403433496461,22.30038574268008,True,True,1.0887440855984018e-14,0.7902498847859366,"GJR-GARCH(1,1,1)-t"
3694,2.8626751107018436,7.8190265184173136,True,True,8.780184936641626e-15,0.6174589898693749,"GJR-GARCH(1,1,1)-t"
3703,17.52748722259736,22.48383863031283,True,False,1.0,0.0,"GJR-GARCH(1,1,1)-t"
3711,-6.54782978533747,-1.5914783776219998,True,False,0.9999999999999944,0.16293461366675543,"GJR-GARCH(1,1,1)-t"
3720,39.44951203061616,44.40586343833163,True,True,0.0,0.809266403453114,"GJR-GARCH(1,1,1)-t"
3721,1.7930089763223478,6.749360384037818,True,False,0.9999999999999968,0.2764122506706902,"GJR-GARCH(1,1,1)-t"
3732,3.863799007677292,8.820150415392762,True,False,1.0,0.0,"GJR-GARCH(1,1,1)-t"
3735,1.3372879041938504,6.29363931190932,True,False,0.0,1.0,"GJR-GARCH(1,1,1)-t"
3737,1.669703231115136,6.626054638830606,True,False,1.0,0.0,"GJR-GARCH(1,1,1)-t"
3758,21.786599210910495,26.74295061862596,True,True,1.197588641226235e-12,0.643913028385039,"GJR-GARCH(1,1,1)-t"
3762,15.95649261436223,20.9128440220777,True,True,0.0,0.9807267889818522,"GJR-GARCH(1,1,1)-t"
3797,3.1633952834102406,8.11974669112571,True,False,0.0,0.9999999999999979,"GJR-GARCH(1,1,1)-t"
3804,2.699051538738189,7.655402946453659,True,True,0.0,0.8198328462961536,"GJR-GARCH(1,1,1)-t"
3836,-11.365885093124305,-6.409533685408835,True,True,0.700737897189773,0.24295511830906819,"GJR-GARCH(1,1,1)-t"
3846,5.0216592608216,9.97801066853707,True,False,1.9652934939646933e-14,0.9999999999998648,"GJR-GARCH(1,1,1)-t"
3877,-2.9233812366579457,2.0329701710575243,True,False,0.9999999999999928,1.6655494929388882e-15,"GJR-GARCH(1,1,1)-t"
3884,19.998247798650947,24.954599206366417,True,True,1.5753673464185674e-16,0.9296896275666641,"GJR-GARCH(1,1,1)-t"
3886,39.25958130389243,44.2159327116079,True,True,0.21988631693243268,6.4202058769860246e-15,"GJR-GARCH(1,1,1)-t"
3908,42.47437203082134,47.430723438536816,True,False,0.9684371348607379,0.5157814325696296,"GJR-GARCH(1,1,1)-t"
3921,17.009643382659995,21.965994790375465,True,False,0.0,1.0,"GJR-GARCH(1,1,1)-t"
3922,-0.7772548170307765,4.1790965906846935,True,True,2.2636957209949307e-14,0.8431015249747339,"GJR-GARCH(1,1,1)-t"
3931,15.233786083603572,20.190137491319042,True,True,0.5585140855151427,0.0,"GJR-GARCH(1,1,1)-t"
3955,-7.1661727078671476,-2.2098213001516775,True,True,1.1225503994635132e-14,0.7417217399212215,"GJR-GARCH(1,1,1)-t"
3957,-1.6737732918893293,3.2825781158261407,True,True,0.0,0.5504474107649837,"GJR-GARCH(1,1,1)-t"
3961,7.001720191923145,11.958071599638615,True,True,2.169539895314483e-14,0.24150184588286247,"GJR-GARCH(1,1,1)-t"
3962,3.354095855956821,8.310447263672291,True,True,4.030758640701537e-16,0.010460804625326,"GJR-GARCH(1,1,1)-t"
3974,30.602302890363628,35.5586542980791,True,True,0.0,0.975908142299083,"GJR-GARCH(1,1,1)-t"
3987,-11.142395630863781,-6.186044223148311,True,True,0.7827452451689002,2.2281970984396356e-13,"GJR-GARCH(1,1,1)-t"
3999,33.168198891367034,38.1245502990825,True,True,2.6260647923339277e-14,7.863820622882476e-19,"GJR-GARCH(1,1,1)-t"
4004,-3.8853675069332816,1.0709839007821884,True,True,3.9536249546653393e-13,0.7971996811077491,"GJR-GARCH(1,1,1)-t"
4013,9.504367800913029,14.460719208628499,True,True,3.5498023970498536e-14,8.50814627459308e-14,"GJR-GARCH(1,1,1)-t"
4027,36.231397291650595,41.18774869936607,True,True,0.0,0.6290378689148634,"GJR-GARCH(1,1,1)-t"
4031,-19.302622273596093,-14.346270865880623,True,True,9.24904434046162e-16,0.0,"GJR-GARCH(1,1,1)-t"
4032,59.44437437024405,64.40072577795952,True,False,0.9999999999999996,1.5373642414848873e-15,"GJR-GARCH(1,1,1)-t"
4034,-1.6719924578580443,3.2843589498574257,True,True,0.0,0.9543770136224874,"GJR-GARCH(1,1,1)-t"
4037,37.767197734339405,42.72354914205487,True,True,5.2023481750366584e-17,0.7605051100527229,"GJR-GARCH(1,1,1)-t"
4038,9.253534249253878,14.209885656969348,True,True,0.22503800177807398,0.11688046718171562,"GJR-GARCH(1,1,1)-t"
4043,-4.813610624122603,0.1427407835928669,True,True,7.0149405208878e-13,5.195666252410147e-13,"GJR-GARCH(1,1,1)-t"
4052,29.39798216735412,34.35433357506959,True,True,0.12307920376898636,0.5724080712817731,"GJR-GARCH(1,1,1)-t"
4060,-13.979362840373312,-9.023011432657842,True,True,0.08329244459310087,2.1593054971796424e-19,"GJR-GARCH(1,1,1)-t"
4067,11.495145156030912,16.45149656374638,True,False,0.9999999978936115,6.446666586029464e-10,"GJR-GARCH(1,1,1)-t"
4069,20.867977286906473,25.82432869462194,True,False,0.0,0.9999999970733606,"GJR-GARCH(1,1,1)-t"
4071,-21.022653810165778,-16.066302402450308,True,True,0.1376943101701662,0.026478489317555632,"GJR-GARCH(1,1,1)-t"
4072,0.48071151913885934,5.437062926854329,True,False,0.9002689776812347,0.2249078088103683,"GJR-GARCH(1,1,1)-t"
4075,20.728358316711052,25.68470972442652,True,True,0.5786161100754629,3.380196157029105e-13,"GJR-GARCH(1,1,1)-t"
4079,5.111129209098335,10.067480616813805,True,False,2.2876257404806924e-18,0.9999999999999941,"GJR-GARCH(1,1,1)-t"
4084,19.74798383136165,24.704335239077118,True,True,0.0,0.9154542536260782,"GJR-GARCH(1,1,1)-t"
4089,4.754883614851513,9.711235022566983,True,True,0.0,0.0,"GJR-GARCH(1,1,1)-t"
4091,39.48128722424761,44.43763863196308,True,False,0.9999999999994034,0.2447123020352032,"GJR-GARCH(1,1,1)-t"
4103,-5.447783852546905,-0.49143244483143533,True,True,1.5086098823491622e-15,0.95003967680782,"GJR-GARCH(1,1,1)-t"
4106,31.115227579847307,36.07157898756277,True,True,0.0,0.9715068158013102,"GJR-GARCH(1,1,1)-t"
4131,25.848207634327434,30.804559042042904,True,False,9.447337015527338e-15,0.9999999999999887,"GJR-GARCH(1,1,1)-t"
4132,9.790378652484016,14.746730060199486,True,True,0.0,0.9304254265730845,"GJR-GARCH(1,1,1)-t"
4138,4.071886619416267,9.028238027131737,True,True,0.0,0.26658347380957104,"GJR-GARCH(1,1,1)-t"
4140,-8.078872207143096,-3.122520799427626,True,True,1.1278356205912009e-19,2.5931648030100347e-14,"GJR-GARCH(1,1,1)-t"
4142,-0.25299205508577494,4.703359352629695,True,True,5.5245334550238804e-15,5.007873184449345e-13,"GJR-GARCH(1,1,1)-t"
4155,45.214082289117485,50.17043369683296,True,True,5.121319959865273e-15,0.7005170029605977,"GJR-GARCH(1,1,1)-t"
4156,6.565402360562838,11.521753768278309,True,True,0.6903383980079493,0.0,"GJR-GARCH(1,1,1)-t"
4158,10.102147682588148,15.058499090303618,True,False,0.0,0.9999999999936442,"GJR-GARCH(1,1,1)-t"
4159,19.093919638853436,24.050271046568906,True,True,5.761584805614024e-14,0.3938449274825352,"GJR-GARCH(1,1,1)-t"
4173,-14.736055951440115,-9.779704543724645,True,True,0.0,0.5583497380372705,"GJR-GARCH(1,1,1)-t"
4186,21.04951285135686,26.005864259072332,True,True,3.067180510854302e-15,0.4463554817755148,"GJR-GARCH(1,1,1)-t"
4193,-2.0137501221986973,2.9426012855167727,True,True,0.8929759659196231,6.79058310624403e-14,"GJR-GARCH(1,1,1)-t"
4201,17.2326352348341,22.188986642549565,True,False,3.2233847092185468e-15,0.9999999999999946,"GJR-GARCH(1,1,1)-t"
4209,-0.44742299556863685,4.508928412146833,True,False,7.278846745377327e-21,1.0,"GJR-GARCH(1,1,1)-t"
4219,20.056173120039126,25.012524527754596,True,True,0.0,0.9697856196388356,"GJR-GARCH(1,1,1)-t"
4226,11.746417766138803,16.70276917385427,True,True,0.0,0.6656365560648057,"GJR-GARCH(1,1,1)-t"
4257,-3.0327909547628025,1.9235604529526675,True,True,0.0,1.0706062007801437e-14,"GJR-GARCH(1,1,1)-t"
4264,9.06028523252331,14.01663664023878,True,True,1.6001685088753164e-11,0.9700532373969366,"GJR-GARCH(1,1,1)-t"
4265,-4.82231968229571,0.13403172541976005,True,False,0.1818850161224304,0.909057491939057,"GJR-GARCH(1,1,1)-t"
4266,11.569404617525283,16.525756025240753,True,True,0.0,0.9942169696446387,"GJR-GARCH(1,1,1)-t"
4275,10.054473874278024,15.010825281993494,True,False,2.745645033049046e-10,0.9999999998165027,"GJR-GARCH(1,1,1)-t"
4293,11.27004230896523,16.2263937166807,True,False,1.987052097719493e-14,0.9999999999998597,"GJR-GARCH(1,1,1)-t"
4294,46.7901923641818,51.746543771897265,True,True,2.7600017592047276e-15,0.9731449799542811,"GJR-GARCH(1,1,1)-t"
4302,2.9776768156969116,7.934028223412382,True,True,1.5257899685038323e-12,1.727790098424504e-12,"GJR-GARCH(1,1,1)-t"
4310,-16.834863123489406,-11.878511715773936,True,True,0.3265718568845256,6.006841857996613e-14,"GJR-GARCH(1,1,1)-t"
4318,18.473552665946393,23.429904073661863,True,True,1.2928942725948435e-16,2.249456454452348e-18,"GJR-GARCH(1,1,1)-t"
4329,8.28655488635805,13.24290629407352,True,True,1.2484512033031654e-16,0.6005870460024214,"GJR-GARCH(1,1,1)-t"
4361,1.2513132944453442,6.207664702160814,True,False,0.0,1.0,"GJR-GARCH(1,1,1)-t"
4364,16.17388453560513,21.1302359433206,True,True,3.0386940655121535e-14,0.9674088306620515,"GJR-GARCH(1,1,1)-t"
4367,12.478305294194536,17.434656701910004,True,True,0.0,0.8294356729629621,"GJR-GARCH(1,1,1)-t"
4371,6.519091369323623,11.475442777039092,True,True,4.965943460946935e-16,3.969586847329396e-12,"GJR-GARCH(1,1,1)-t"
4377,-14.682927669335676,-9.726576261620206,True,False,6.046427851067169e-16,0.999999999999999,"GJR-GARCH(1,1,1)-t"
4385,17.21431369431123,22.1706651020267,True,True,1.8760319673797167e-14,1.5102576617644572e-13,"GJR-GARCH(1,1,1)-t"
4388,-16.811090567025076,-11.854739159309606,True,True,2.8092236010224454e-12,4.723786712823851e-11,"GJR-GARCH(1,1,1)-t"
4400,35.94149420041565,40.89784560813112,True,True,0.253872471238071,0.0,"GJR-GARCH(1,1,1)-t"
4403,12.866995875940892,17.82334728365636,True,False,0.9999999999997952,0.0864208883689851,"GJR-GARCH(1,1,1)-t"
4414,5.921891710028614,10.878243117744084,True,True,4.155800613835609e-15,0.033797345189671923,"GJR-GARCH(1,1,1)-t"
4431,-5.967760965231243,-1.0114095575157727,True,True,0.23485446012261818,3.568532266914387e-15,"GJR-GARCH(1,1,1)-t"
4432,6.241131375504373,11.197482783219844,True,True,0.0,0.9742579932755424,"GJR-GARCH(1,1,1)-t"
4449,-0.7601967622464052,4.196154645469065,True,True,6.42390795896636e-15,0.6027460310463849,"GJR-GARCH(1,1,1)-t"
4457,0.9902974292159499,5.94664883693142,True,True,0.7983867418199615,0.0,"GJR-GARCH(1,1,1)-t"
4460,5.676766612256264,10.633118019971734,True,True,0.0,0.9485313384696581,"GJR-GARCH(1,1,1)-t"
4470,-2.175447698976516,2.780903708738954,True,True,2.0325393128234387e-12,2.4656573242128342e-11,"GJR-GARCH(1,1,1)-t"
4477,2.4200411941105067,7.376392601825977,True,True,1.400801269207651e-16,3.9293106221761294e-15,"GJR-GARCH(1,1,1)-t"
4479,43.35937301829315,48.315724426008615,True,True,2.623715395546412e-16,0.8725828490882224,"GJR-GARCH(1,1,1)-t"
4487,-3.707537139010668,1.2488142687048018,True,True,0.0,0.19698501203404425,"GJR-GARCH(1,1,1)-t"
4489,10.457642998969202,15.413994406684672,True,True,4.73838745695076e-11,0.8688702663677567,"GJR-GARCH(1,1,1)-t"
4493,-13.595390580342102,-8.639039172626632,True,True,0.0,0.389411062299902,"GJR-GARCH(1,1,1)-t"
4518,12.898656567517856,17.855007975233324,True,True,0.0,0.951574127776383,"GJR-GARCH(1,1,1)-t"
4543,3.7627061421132275,8.719057549828698,True,False,0.0,0.9999999999999997,"GJR-GARCH(1,1,1)-t"
4547,15.43216558412019,20.388516991835658,True,True,1.107082228765351e-16,0.7188011330342038,"GJR-GARCH(1,1,1)-t"
4555,1.0027779904145326,5.959129398130003,True,True,0.09427154397402435,0.31856162323545006,"GJR-GARCH(1,1,1)-t"
4557,-11.982921770227541,-7.0265703625120715,True,True,5.199120765928918e-13,1.1107757162665352e-11,"GJR-GARCH(1,1,1)-t"
4560,23.857145706722182,28.813497114437652,True,True,0.09500890157189536,0.9029809845240048,"GJR-GARCH(1,1,1)-t"
4570,-5.402986497524278,-0.44663508980880806,True,True,1.0118261674340326e-19,9.827594478004164e-21,"GJR-GARCH(1,1,1)-t"
4571,19.420414062288483,24.376765470003953,True,True,0.0,0.06421216301872207,"GJR-GARCH(1,1,1)-t"
4587,1.663649300818534,6.620000708534004,True,False,3.40563040221665e-14,0.9999999999987252,"GJR-GARCH(1,1,1)-t"
4588,33.12097575062485,38.07732715834032,True,False,0.0,1.0,"GJR-GARCH(1,1,1)-t"
4601,33.5938742313363,38.55022563905177,True,True,2.706418489526922e-16,0.5823277868245131,"GJR-GARCH(1,1,1)-t"
4603,0.30999355827664843,5.266344965992118,True,True,2.4938872098931653e-12,0.0,"GJR-GARCH(1,1,1)-t"
4613,-0.41218125133479866,4.544170156380671,True,False,1.433783025663807e-17,0.9999999999999999,"GJR-GARCH(1,1,1)-t"
4615,14.250284039733623,19.20663544744909,True,True,4.0627464954046e-15,0.8641960691864511,"GJR-GARCH(1,1,1)-t"
4616,54.16486078362181,59.12121219133728,True,True,3.063490819425219e-17,2.2909442739358462e-18,"GJR-GARCH(1,1,1)-t"
4618,19.232129808688683,24.18848121640415,True,True,0.0,0.7706383480978046,"GJR-GARCH(1,1,1)-t"
4622,11.19594618477322,16.15229759248869,True,False,0.9999999999999394,0.25231895905477664,"GJR-GARCH(1,1,1)-t"
4627,8.393054366027828,13.349405773743298,True,True,6.512640065231298e-16,0.9792595214909833,"GJR-GARCH(1,1,1)-t"
4630,8.925354869468071,13.881706277183541,True,True,0.0,0.0,"GJR-GARCH(1,1,1)-t"
4649,-7.198489271798994,-2.2421378640835243,True,False,0.0,1.0,"GJR-GARCH(1,1,1)-t"
4654,-6.277984559293319,-1.3216331515778492,True,True,0.0,0.9547337950976793,"GJR-GARCH(1,1,1)-t"
4661,14.424843224737018,19.381194632452488,True,True,2.63140435276093e-14,0.9568129655312066,"GJR-GARCH(1,1,1)-t"
4667,9.099752940202142,14.056104347917612,True,True,0.5624899516489373,4.045644420279767e-13,"GJR-GARCH(1,1,1)-t"
4690,9.488865546233768,14.445216953949238,True,False,6.490703093598364e-18,0.9998682916789734,"GJR-GARCH(1,1,1)-t"
4707,5.078921664168721,10.035273071884191,True,True,1.81899205949128e-16,0.085728568905127,"GJR-GARCH(1,1,1)-t"
4713,3.6249277225733127,8.581279130288783,True,False,0.0,1.0,"GJR-GARCH(1,1,1)-t"
4714,-0.2235921317757228,4.732759275939747,True,True,1.7742701051090358e-13,0.23326325923137814,"GJR-GARCH(1,1,1)-t"
4723,-0.5984413024973101,4.35791010521816,True,True,7.44740378366859e-19,0.6511302763732406,"GJR-GARCH(1,1,1)-t"
4724,-29.543378367402937,-24.587026959687467,True,False,0.0,0.999999999999233,"GJR-GARCH(1,1,1)-t"
4737,7.809526664824154,12.765878072539625,True,False,0.0,1.0,"GJR-GARCH(1,1,1)-t"
4739,7.944547314630796,12.900898722346266,True,False,0.7001615853670701,0.6491790039018986,"GJR-GARCH(1,1,1)-t"
4743,26.68883851117299,31.64518991888846,True,True,8.161760496350896e-11,7.040011360522809e-12,"GJR-GARCH(1,1,1)-t"
4746,20.209527361458022,25.165878769173492,True,True,1.6256223492695406e-16,0.8689612820241231,"GJR-GARCH(1,1,1)-t"
4754,1.6636410885153694,6.619992496230839,True,True,0.4661426912108436,3.107223868979279e-14,"GJR-GARCH(1,1,1)-t"
4762,37.68865289375165,42.645004301467125,True,True,0.0,0.971821972693653,"GJR-GARCH(1,1,1)-t"
4774,7.170885098826996,12.127236506542467,True,True,0.28446863722340954,0.283017582157762,"GJR-GARCH(1,1,1)-t"
4787,11.360944923875989,16.317296331591457,True,True,0.0,2.1016006052639724e-13,"GJR-GARCH(1,1,1)-t"
4797,-3.8909519873647866,1.0653994203506834,True,True,2.4598381938643736e-16,1.5196153335877674e-20,"GJR-GARCH(1,1,1)-t"
4817,13.281289987510288,18.237641395225758,True,True,0.17361337258527354,0.11034322791418459,"GJR-GARCH(1,1,1)-t"
4844,12.215306173700668,17.171657581416138,True,True,4.2543399379172344e-14,5.589228015734504e-13,"GJR-GARCH(1,1,1)-t"
4849,12.24221928130047,17.198570689015938,True,True,1.8283500428170684e-16,0.0,"GJR-GARCH(1,1,1)-t"
4850,35.35287664331933,40.30922805103479,True,True,0.0,0.34805728753599174,"GJR-GARCH(1,1,1)-t"
4851,-0.9172347532745739,4.039116654440896,True,True,0.0,0.0,"GJR-GARCH(1,1,1)-t"
4858,22.25803387411931,27.21438528183478,True,True,4.0844596763889594e-14,0.0,"GJR-GARCH(1,1,1)-t"
4867,-14.662080692275932,-9.705729284560462,True,False,0.015324067879325904,0.9923379660603376,"GJR-GARCH(1,1,1)-t"
4869,10.26713689113764,15.22348829885311,True,True,1.5847737617150567e-17,0.5621565358793685,"GJR-GARCH(1,1,1)-t"
4889,10.00082791132512,14.95717931904059,True,True,5.151200374521695e-17,0.5883078434718733,"GJR-GARCH(1,1,1)-t"
4902,34.01026719475978,38.96661860247524,True,True,0.03801294873394589,0.8985272631117657,"GJR-GARCH(1,1,1)-t"
4905,-12.197147014413677,-7.240795606698207,True,False,0.529968831166048,0.7350155841715457,"GJR-GARCH(1,1,1)-t"
4910,1.776572245352778,6.732923653068248,True,True,2.011045747711576e-15,0.6338785239241694,"GJR-GARCH(1,1,1)-t"
4913,-6.219376279998638,-1.263024872283168,True,True,0.23006152519146875,0.5191559040889729,"GJR-GARCH(1,1,1)-t"
4927,29.030486975578295,33.986838383293765,True,True,4.537909569023612e-18,1.1143979635740978e-16,"GJR-GARCH(1,1,1)-t"
4935,-6.25675703056298,-1.30040562284751,True,False,0.0,1.0,"GJR-GARCH(1,1,1)-t"
4951,-1.3223951995955652,3.633956208119905,True,True,0.2991337234466723,0.0,"GJR-GARCH(1,1,1)-t"
4957,19.856912998697297,24.81326440641277,True,True,6.387765065536563e-13,0.4543369580460391,"GJR-GARCH(1,1,1)-t"
4958,-1.6662370207496657,3.2901143869658043,True,True,1.9440766161500478e-13,1.1561343127941567e-15,"GJR-GARCH(1,1,1)-t"
4962,6.699986015296214,11.656337423011685,True,False,0.26780813115493013,0.866095934420003,"GJR-GARCH(1,1,1)-t"
4978,14.725723420589574,19.682074828305044,True,True,3.6169189235937353e-16,0.6748947888085387,"GJR-GARCH(1,1,1)-t"
4984,18.633501906413613,23.589853314129087,True,False,0.35799656655663453,0.6887148244788605,"GJR-GARCH(1,1,1)-t"
4987,37.225331558036295,42.18168296575176,True,False,0.0,1.0,"GJR-GARCH(1,1,1)-t"
4991,25.545394195588848,30.50174560330432,True,True,1.8043671295228426e-13,0.9448586871761803,"GJR-GARCH(1,1,1)-t"
4995,39.98027321626358,44.93662462397906,True,True,7.540747695513053e-12,0.9741801685183212,"GJR-GARCH(1,1,1)-t"
4997,75.02778751543917,79.98413892315463,True,True,5.775344613583466e-16,0.8263278912897845,"GJR-GARCH(1,1,1)-t"
5020,-1.496633833197837,3.459717574517633,True,False,6.747423445697484e-13,0.9999999997187797,"GJR-GARCH(1,1,1)-t"
5032,-19.82996470553973,-14.87361329782426,True,True,2.3579787245283925e-15,0.8795339180946798,"GJR-GARCH(1,1,1)-t"
5046,6.073938208852783,11.030289616568254,True,True,0.0,0.8742961726364374,"GJR-GARCH(1,1,1)-t"
5056,12.130372408840048,17.086723816555516,True,True,1.5476420657565387e-14,0.22284671170256126,"GJR-GARCH(1,1,1)-t"
5063,11.629174043369707,16.58552545108518,True,False,0.0,0.9999999999999997,"GJR-GARCH(1,1,1)-t"
5101,-12.823154377955753,-7.866802970240283,True,False,0.0,1.0,"GJR-GARCH(1,1,1)-t"
5113,8.743066071487053,13.699417479202523,True,True,0.2964796545517845,5.865828991811764e-16,"GJR-GARCH(1,1,1)-t"
5118,17.510606706240836,22.466958113956306,True,False,1.0,0.0,"GJR-GARCH(1,1,1)-t"
5124,12.328386504689309,17.28473791240478,True,True,0.0,0.0,"GJR-GARCH(1,1,1)-t"
5139,-0.46088393383480586,4.495467473880664,True,True,0.0,0.959931598802121,"GJR-GARCH(1,1,1)-t"
5141,16.075966306141225,21.032317713856695,True,False,0.3672228805712059,0.8163885597184597,"GJR-GARCH(1,1,1)-t"
5149,10.925073770334727,15.881425178050197,True,True,8.650713347128747e-16,0.7186937449544435,"GJR-GARCH(1,1,1)-t"
5152,10.548110655197874,15.504462062913344,True,True,0.24818907606875662,0.21523076256797752,"GJR-GARCH(1,1,1)-t"
5153,41.475657504678125,46.4320089123936,True,False,1.719642405110265e-11,1.0,"GJR-GARCH(1,1,1)-t"
5163,6.947195556082234,11.903546963797705,True,True,0.08933356613764881,6.457738972572799e-16,"GJR-GARCH(1,1,1)-t"
5164,6.206875685177062,11.163227092892532,True,False,2.7279240398813906e-14,0.9999999999998292,"GJR-GARCH(1,1,1)-t"
5171,11.427027174734372,16.383378582449843,True,True,0.45094195578122,0.1294603570828504,"GJR-GARCH(1,1,1)-t"
5173,22.106313435641017,27.062664843356487,True,False,0.0,0.9999999999732285,"GJR-GARCH(1,1,1)-t"
5193,9.48107136579939,14.43742277351486,True,True,1.4621440405580593e-15,0.3454015641386192,"GJR-GARCH(1,1,1)-t"
5206,-8.207757832492675,-3.2514064247772048,True,False,0.9999999999999833,1.8868044105916587e-14,"GJR-GARCH(1,1,1)-t"
5213,5.700687553063803,10.657038960779273,True,False,0.8000732983509543,0.46547956636341054,"GJR-GARCH(1,1,1)-t"
5218,6.4280270418319505,11.38437844954742,True,False,0.2282012235710929,0.7999932701100565,"GJR-GARCH(1,1,1)-t"
5232,32.496511612947316,37.45286302066278,True,False,0.0,1.0,"GJR-GARCH(1,1,1)-t"
5235,12.285667668284194,17.242019075999664,True,True,0.012374633579357256,2.7981353277099125e-10,"GJR-GARCH(1,1,1)-t"
5239,65.14124088737874,70.09759229509422,True,True,0.3570198313787118,0.1880600351683487,"GJR-GARCH(1,1,1)-t"
5245,-2.2932209092747833,2.6631304984406867,True,True,0.0,1.537346386867311e-10,"GJR-GARCH(1,1,1)-t"
5249,23.471793340876786,28.428144748592256,True,False,3.843165134990392e-20,1.0,"GJR-GARCH(1,1,1)-t"
5266,18.080365523341904,23.036716931057374,True,False,0.0,1.0,"GJR-GARCH(1,1,1)-t"
5285,18.498859723992464,23.455211131707934,True,True,1.6660550731173215e-14,0.8811267653721989,"GJR-GARCH(1,1,1)-t"
5297,5.887570181945261,10.84392158966073,True,False,4.259629578111189e-15,0.9999999999999979,"GJR-GARCH(1,1,1)-t"
5300,6.14903538797413,11.1053867956896,True,True,1.0868903784277408e-12,0.9355686490593343,"GJR-GARCH(1,1,1)-t"
5302,-38.613147224008024,-33.65679581629256,True,True,0.0,0.00324061528996221,"GJR-GARCH(1,1,1)-t"
5303,37.995103599780336,42.9514550074958,True,False,0.9999999999999948,0.013863811226463402,"GJR-GARCH(1,1,1)-t"
5305,29.447853044674495,34.40420445238996,True,True,0.0,0.9298054111172378,"GJR-GARCH(1,1,1)-t"
5314,-4.149749670459531,0.8066017372559386,True,True,2.6710787447668524e-14,0.9541562164956437,"GJR-GARCH(1,1,1)-t"
5340,6.836313038030399,11.792664445745869,True,True,1.7585313229699353e-13,0.7992228867014843,"GJR-GARCH(1,1,1)-t"
5344,23.76113308598105,28.717484493696517,True,True,0.24861668140010743,0.07907402144106834,"GJR-GARCH(1,1,1)-t"
5347,-6.8140760838207335,-1.8577246761052635,True,True,5.5682926074225e-16,0.9672013254291142,"GJR-GARCH(1,1,1)-t"
5356,7.890133068118505,12.846484475833975,True,True,0.0,0.9671625633249189,"GJR-GARCH(1,1,1)-t"
5368,-9.39423099209078,-4.43787958437531,True,False,0.837357218235814,0.5813213889871632,"GJR-GARCH(1,1,1)-t"
5391,6.214324373110316,11.170675780825785,True,False,6.537179291340058e-20,1.0,"GJR-GARCH(1,1,1)-t"
5392,-16.494142249295063,-11.537790841579593,True,True,2.3258012835444734e-09,0.8968635630976023,"GJR-GARCH(1,1,1)-t"
5400,-12.536269346883142,-7.579917939167672,True,True,0.0,0.9558097126678002,"GJR-GARCH(1,1,1)-t"
5401,21.026264545727155,25.982615953442625,True,True,1.0052510473650468e-14,0.9746907011350137,"GJR-GARCH(1,1,1)-t"
5407,10.726306025085583,15.682657432801053,True,False,7.322421923385503e-14,0.9999999999955894,"GJR-GARCH(1,1,1)-t"
5417,22.557626222053777,27.513977629769244,True,True,1.6316970613932638e-13,0.5831034925123861,"GJR-GARCH(1,1,1)-t"
5421,41.89671087947472,46.853062287190184,True,True,0.0,0.0,"GJR-GARCH(1,1,1)-t"
5424,-11.74214659115075,-6.78579518343528,True,True,4.717321111727938e-16,0.6408559395059212,"GJR-GARCH(1,1,1)-t"
5425,13.64066294964259,18.59701435735806,True,True,0.027408953387677328,0.25341404924077837,"GJR-GARCH(1,1,1)-t"
5444,13.66269776728253,18.619049174998,True,True,0.0,0.9659193885812075,"GJR-GARCH(1,1,1)-t"
5458,-17.739975275916187,-12.783623868200717,True,True,0.0,0.9045526268452734,"GJR-GARCH(1,1,1)-t"
5470,-2.5598569068641694,2.3964945008513006,True,True,5.835838289679463e-13,0.9532489288986338,"GJR-GARCH(1,1,1)-t"
5480,13.513385499133907,18.469736906849377,True,True,9.710152977325869e-21,0.6541048928631945,"GJR-GARCH(1,1,1)-t"
5488,-9.953996524623832,-4.997645116908362,True,False,0.29099847509806126,0.847936212611755,"GJR-GARCH(1,1,1)-t"
5490,36.37841981619969,41.334771223915155,True,True,2.8956883408535956e-16,0.8598529391447145,"GJR-GARCH(1,1,1)-t"
5496,24.018658217300057,28.97500962501553,True,False,0.0,1.0,"GJR-GARCH(1,1,1)-t"
5497,12.120318569312241,17.076669977027713,True,True,1.2837735255091808e-09,0.8579920400020472,"GJR-GARCH(1,1,1)-t"
5505,4.798843167586806,9.755194575302276,True,True,3.6723491168981274e-16,0.1350289835696827,"GJR-GARCH(1,1,1)-t"
5510,10.485971424516189,15.442322832231659,True,False,0.9630774934858841,0.04920664423839613,"GJR-GARCH(1,1,1)-t"
5512,-3.874552827843889,1.081798579871581,True,True,1.947419888299449e-19,0.8721923596251276,"GJR-GARCH(1,1,1)-t"
5513,-5.987199954602108,-1.030848546886638,True,True,0.0,0.5319647413931367,"GJR-GARCH(1,1,1)-t"
5517,35.280842338257884,40.23719374597335,True,True,1.4305471297705847e-13,0.9734331819839616,"GJR-GARCH(1,1,1)-t"
5532,-7.324355562193919,-2.3680041544784487,True,True,0.21460765820561106,0.715217520230994,"GJR-GARCH(1,1,1)-t"
5539,8.781301367662579,13.737652775378049,True,True,0.1459210445392568,0.42913917278975194,"GJR-GARCH(1,1,1)-t"
5580,31.44419367063624,36.40054507835171,True,True,0.8162244598773293,0.14268226329577932,"GJR-GARCH(1,1,1)-t"
5598,-23.064542642052437,-18.108191234336967,True,False,1.3891862976011614e-08,0.9999999923300611,"GJR-GARCH(1,1,1)-t"
5601,14.973926701273179,19.93027810898865,True,False,1.2056980741054716e-17,0.9999999999998681,"GJR-GARCH(1,1,1)-t"
5609,10.061747795136148,15.018099202851618,True,False,0.9999999999999998,0.01675001424026365,"GJR-GARCH(1,1,1)-t"
5611,21.528919145230205,26.485270552945675,True,True,2.7067575089346676e-12,0.9312226795724724,"GJR-GARCH(1,1,1)-t"
5620,12.087541417626793,17.04389282534226,True,True,0.08331547440280485,0.8476870625251315,"GJR-GARCH(1,1,1)-t"
5629,-22.073503475027024,-17.117152067311554,True,True,2.178930080159788e-15,2.1754472857433003e-13,"GJR-GARCH(1,1,1)-t"
5648,12.652398469212457,17.608749876927927,True,True,4.20978192905025e-16,0.22274557415476337,"GJR-GARCH(1,1,1)-t"
5658,-1.2369595120342787,3.7193918956811913,True,True,0.5282340560335619,3.315968166985923e-08,"GJR-GARCH(1,1,1)-t"
5663,-0.4958204995841289,4.460530908131341,True,True,0.40326116546415686,8.202255533333159e-19,"GJR-GARCH(1,1,1)-t"
5667,-3.9847130802566753,0.9716383274587947,True,True,2.1630272276701133e-13,3.174721069802366e-17,"GJR-GARCH(1,1,1)-t"
5676,0.7737507894948674,5.730102197210337,True,True,0.07637349277238081,0.0,"GJR-GARCH(1,1,1)-t"
5678,0.844603067107867,5.800954474823337,True,True,5.449312947528228e-13,3.447437395001781e-12,"GJR-GARCH(1,1,1)-t"
5682,22.1484222095036,27.10477361721907,True,False,2.979491676020952e-11,1.0,"GJR-GARCH(1,1,1)-t"
5686,-6.188865803457034,-1.232514395741564,True,False,0.15797087815590366,0.8930803771206149,"GJR-GARCH(1,1,1)-t"
5704,-2.1247451973336666,2.8316062103818034,True,True,2.9348481925471205e-10,0.7619458353203273,"GJR-GARCH(1,1,1)-t"
5706,-3.4676132532443695,1.4887381544711005,True,True,1.6650965151060936e-17,0.8625833821178079,"GJR-GARCH(1,1,1)-t"
5728,40.8355918094677,45.791943217183174,True,True,6.590635130267867e-15,0.6325817100615103,"GJR-GARCH(1,1,1)-t"
5729,29.383909891425517,34.34026129914099,True,True,6.843646240655127e-14,0.0,"GJR-GARCH(1,1,1)-t"
5743,-13.9648302141631,-9.00847880644763,True,True,0.0,0.9866983813672331,"GJR-GARCH(1,1,1)-t"
5749,10.752289272911156,15.708640680626626,True,True,2.9165904581085127e-13,0.5931445193440797,"GJR-GARCH(1,1,1)-t"
5756,30.363224529208725,35.319575936924196,True,True,0.0,0.048579321175703315,"GJR-GARCH(1,1,1)-t"
5759,42.54213245320842,47.49848386092388,True,True,5.9347781661772314e-18,0.9814944316373001,"GJR-GARCH(1,1,1)-t"
5763,-3.6062012691641314,1.3501501385513386,True,False,0.9999999999999998,0.11393696029261088,"GJR-GARCH(1,1,1)-t"
5773,-7.621842345614819,-2.6654909378993494,True,True,2.8425848439829055e-15,0.213126377197578,"GJR-GARCH(1,1,1)-t"
5777,-8.98132313797992,-4.0249717302644505,True,True,0.020993524913325744,0.5716563995443902,"GJR-GARCH(1,1,1)-t"
5787,46.77082698735165,51.727178395067114,True,False,3.743142733593149e-15,0.9999999999999979,"GJR-GARCH(1,1,1)-t"
5790,3.5510376987897683,8.507389106505238,True,False,0.9999999999359332,5.934578381277739e-11,"GJR-GARCH(1,1,1)-t"
5793,8.98336308418199,13.93971449189746,True,True,2.3284488091061764e-15,0.8930247187363386,"GJR-GARCH(1,1,1)-t"
5795,-13.075014583493264,-8.118663175777794,True,True,6.455063336663281e-15,3.2122440389243987e-13,"GJR-GARCH(1,1,1)-t"
5803,19.40851913746015,24.36487054517562,True,True,0.0,1.6880984289462478e-12,"GJR-GARCH(1,1,1)-t"
5809,-3.178377217048755,1.7779741906667148,True,False,0.9397353363769009,0.5301323318106993,"GJR-GARCH(1,1,1)-t"
5816,8.836376097052868,13.792727504768338,True,True,0.2650743059642737,4.503057768823355e-18,"GJR-GARCH(1,1,1)-t"
5817,37.94246143306159,42.898812840777055,True,True,3.9551897090957646e-15,0.7681449701778803,"GJR-GARCH(1,1,1)-t"
5825,1.868958617890156,6.825310025605626,True,True,0.14003434284246022,0.5765411842520045,"GJR-GARCH(1,1,1)-t"
5829,4.984120323207989,9.94047173092346,True,True,1.3931094252759607e-16,0.318522839724079,"GJR-GARCH(1,1,1)-t"
5831,-21.815846407382914,-16.859494999667444,True,True,0.0,0.935210868553857,"GJR-GARCH(1,1,1)-t"
5832,9.830276549803603,14.786627957519073,True,False,0.0,1.0,"GJR-GARCH(1,1,1)-t"
5842,6.956368814663344,11.912720222378814,True,False,7.602548261053455e-15,0.9999999999987713,"GJR-GARCH(1,1,1)-t"
5846,8.168530892890809,13.124882300606279,True,True,1.2989046758789761e-19,6.258820215175879e-14,"GJR-GARCH(1,1,1)-t"
5853,-6.536708971304094,-1.580357563588624,True,True,3.763522066552499e-14,0.0,"GJR-GARCH(1,1,1)-t"
5872,43.51677493956736,48.47312634728283,True,True,0.12343881961692628,0.7927384165397294,"GJR-GARCH(1,1,1)-t"
5878,-1.4869387320234928,3.469412675691977,True,True,8.608468048157615e-16,0.015758997275935833,"GJR-GARCH(1,1,1)-t"
5904,15.745497936619405,20.701849344334875,True,False,0.9999999999999127,5.2163180437824925e-14,"GJR-GARCH(1,1,1)-t"
5907,-5.589152699059962,-0.6328012913444923,True,True,8.443974767819679e-10,0.7454978052854895,"GJR-GARCH(1,1,1)-t"
5910,18.159056767036684,23.115408174752154,True,False,0.1413722719108067,0.9293138640445974,"GJR-GARCH(1,1,1)-t"
5913,-11.35103709243998,-6.394685684724511,True,False,1.0,0.023038381246412592,"GJR-GARCH(1,1,1)-t"
5915,3.9590478064920127,8.915399214207483,True,True,0.0,0.0,"GJR-GARCH(1,1,1)-t"
5916,-7.487479018931577,-2.5311276112161067,True,True,0.0,7.613604964437687e-17,"GJR-GARCH(1,1,1)-t"
5929,14.397272231449282,19.353623639164752,True,True,0.0,0.8796715408785677,"GJR-GARCH(1,1,1)-t"
5932,-1.6647089102149426,3.2916424975005274,True,True,1.6504485931476993e-15,0.5855639467662229,"GJR-GARCH(1,1,1)-t"
5934,8.335887048141757,13.292238455857227,True,True,0.803769648573257,1.4473699369561288e-14,"GJR-GARCH(1,1,1)-t"
5944,49.56578139148473,54.52213279920019,True,False,0.07429571744543784,0.9291288918529238,"GJR-GARCH(1,1,1)-t"
5958,-7.80412244173543,-2.84777103401996,True,True,1.0860142509521616e-17,0.7456264795992394,"GJR-GARCH(1,1,1)-t"
5975,2.834206576462149,7.790557984177619,True,True,2.3426583932864527e-16,0.7026427734336539,"GJR-GARCH(1,1,1)-t"
5976,-2.9899513697381934,1.9664000379772766,True,True,1.2023636929127871e-11,8.64838171477216e-12,"GJR-GARCH(1,1,1)-t"
5978,1.0358471383980454,5.992198546113515,True,True,2.4787797223937504e-17,0.0,"GJR-GARCH(1,1,1)-t"
5987,-3.0871064841489506,1.8692449235665194,True,True,1.1788170450155429e-16,0.01838948515738686,"GJR-GARCH(1,1,1)-t"
6016,0.8174254212825325,5.7737768289980025,True,False,0.9999999999999997,0.27366005241281394,"GJR-GARCH(1,1,1)-t"
6020,15.404451227139502,20.36080263485497,True,True,1.47431281388192e-13,0.960199995533632,"GJR-GARCH(1,1,1)-t"
6029,59.579718528039685,64.53606993575515,True,True,0.0,0.8226507420493803,"GJR-GARCH(1,1,1)-t"
6065,-1.3048131885853707,3.6515382191300993,True,False,0.0,1.0,"GJR-GARCH(1,1,1)-t"
6068,46.68364025501972,51.639991662735184,True,True,8.134246989550126e-14,0.5900421530037525,"GJR-GARCH(1,1,1)-t"
6070,-17.64982830409275,-12.69347689637728,True,True,0.8437584519121679,0.0,"GJR-GARCH(1,1,1)-t"
6074,31.055514159972894,36.01186556768836,True,False,7.325378097397674e-15,0.9999999999999659,"GJR-GARCH(1,1,1)-t"
6076,6.386670798042967,11.343022205758437,True,True,0.0,0.6517604011206537,"GJR-GARCH(1,1,1)-t"
6082,2.4360415542740306,7.392392961989501,True,True,1.4018590255098663e-16,0.14979013623086476,"GJR-GARCH(1,1,1)-t"
6085,40.615068947025485,45.57142035474095,True,False,0.9999999999999759,0.16427615883586377,"GJR-GARCH(1,1,1)-t"
6089,-11.615310948871986,-6.658959541156516,True,False,0.67799061911183,0.661004690484358,"GJR-GARCH(1,1,1)-t"
6102,5.789056694092002,10.745408101807472,True,True,4.300920695647622e-14,0.007981097551981632,"GJR-GARCH(1,1,1)-t"
6108,36.391642748652046,41.34799415636752,True,False,6.290726790949832e-16,0.999999999999977,"GJR-GARCH(1,1,1)-t"
6114,28.730023189420685,33.68637459713616,True,True,0.0,0.9401100195733421,"GJR-GARCH(1,1,1)-t"
6115,-4.820137594277462,0.1362138134380082,True,True,2.9996283986980514e-15,0.7912002889640174,"GJR-GARCH(1,1,1)-t"
6121,3.1239249259981676,8.080276333713638,True,True,5.869977169415325e-15,0.8990251367844404,"GJR-GARCH(1,1,1)-t"
6134,18.289840249379147,23.246191657094613,True,True,0.368916844981748,1.6709990126876028e-17,"GJR-GARCH(1,1,1)-t"
6139,22.874672248943366,27.831023656658836,True,False,3.392244266198955e-12,0.9999999999987511,"GJR-GARCH(1,1,1)-t"
6144,48.07590351711896,53.03225492483443,True,True,0.718910162845436,5.269448644949778e-12,"GJR-GARCH(1,1,1)-t"
6145,-0.1633328195640562,4.793018588151414,True,False,0.9999999999972612,0.29586933171887725,"GJR-GARCH(1,1,1)-t"
6166,-3.7092456673343754,1.2471057403810946,True,False,1.0,0.18717887871214997,"GJR-GARCH(1,1,1)-t"
6172,19.61328609977312,24.56963750748859,True,False,0.3258347738295045,0.7574669674582715,"GJR-GARCH(1,1,1)-t"
6174,46.98995763139686,51.946309039112336,True,True,5.611913895675636e-15,0.9071143732913359,"GJR-GARCH(1,1,1)-t"
6177,22.80852603813417,27.764877445849635,True,True,9.111302693582242e-17,0.8573447133983733,"GJR-GARCH(1,1,1)-t"
6197,-18.365506058603067,-13.409154650887597,True,True,8.307437977778197e-22,0.06021253472044486,"GJR-GARCH(1,1,1)-t"
6213,4.552057031074915,9.508408438790385,True,True,3.828286667086718e-15,0.49986497685243014,"GJR-GARCH(1,1,1)-t"
6217,-2.4301146188523823,2.5262367888630877,True,False,0.0,1.0,"GJR-GARCH(1,1,1)-t"
6235,12.681446336021658,17.637797743737128,True,True,0.6327460745970386,1.8012365760336407e-23,"GJR-GARCH(1,1,1)-t"
6256,17.135968110809475,22.092319518524945,True,True,6.116497421109202e-13,3.1973660278159553e-12,"GJR-GARCH(1,1,1)-t"
6270,9.767420602089784,14.723772009805254,True,True,2.1543533706810167e-15,6.750052098811795e-15,"GJR-GARCH(1,1,1)-t"
6272,-3.6060407271224832,1.3503106805929868,True,False,0.2648704745810313,0.8675647627094858,"GJR-GARCH(1,1,1)-t"
6274,-7.993955012830533,-3.0376036051150628,True,True,1.7157238399579762e-12,0.9392475930844124,"GJR-GARCH(1,1,1)-t"
6286,-7.423650848142422,-2.4672994404269524,True,False,8.838649711616867e-15,1.0,"GJR-GARCH(1,1,1)-t"
6287,8.493102253133799,13.449453660849269,True,True,4.4102160288423585e-15,0.36018348631822983,"GJR-GARCH(1,1,1)-t"
6296,33.986279475176715,38.94263088289219,True,True,0.01852164102035257,0.14122489442430253,"GJR-GARCH(1,1,1)-t"
6316,45.38924306569379,50.345594473409264,True,True,2.9165087938819628e-15,0.831595507416931,"GJR-GARCH(1,1,1)-t"
6324,-1.844642290731592,3.111709116983878,True,True,0.030389385246764444,0.5665197336498441,"GJR-GARCH(1,1,1)-t"
6325,6.21814974115035,11.17450114886582,True,False,0.0,1.0,"GJR-GARCH(1,1,1)-t"
6342,4.800492390514519,9.756843798229989,True,True,6.389185812820641e-16,0.3230864542759735,"GJR-GARCH(1,1,1)-t"
6356,-15.40724098974136,-10.45088958202589,True,True,1.8121105620092801e-19,0.4202430815309489,"GJR-GARCH(1,1,1)-t"
6359,2.2257506888229273,7.182102096538397,True,True,6.108647728958776e-13,0.7375840405360784,"GJR-GARCH(1,1,1)-t"
6367,-0.9592899611196604,3.9970614465958096,True,True,0.0,5.508166081195471e-13,"GJR-GARCH(1,1,1)-t"
6382,2.35241688701743,7.3087682947329,True,False,1.0,0.4709209166554112,"GJR-GARCH(1,1,1)-t"
6390,2.1208153190217764,7.0771667267372464,True,True,0.8663821200772104,6.189313270918987e-17,"GJR-GARCH(1,1,1)-t"
6398,49.522784846722,54.47913625443746,True,True,8.481185127938563e-17,3.537159019598767e-16,"GJR-GARCH(1,1,1)-t"
6403,8.980999398176333,13.937350805891803,True,False,0.9999997675856281,7.806032434894292e-09,"GJR-GARCH(1,1,1)-t"
6410,-1.2025085867571619,3.753842820958308,True,True,0.0,0.6625416532922089,"GJR-GARCH(1,1,1)-t"
6428,-7.441315498800044,-2.4849640910845743,True,True,7.0312211768738985e-15,0.4851655997547662,"GJR-GARCH(1,1,1)-t"
6434,30.338467200879524,35.294818608594994,True,True,4.094085865437409e-13,0.9830958092202453,"GJR-GARCH(1,1,1)-t"
6445,17.29523963598578,22.251591043701247,True,True,0.4560790640116784,0.05187334530504797,"GJR-GARCH(1,1,1)-t"
6463,21.45133444643907,26.407685854154543,True,True,2.2029332016617225e-14,0.9683945462888746,"GJR-GARCH(1,1,1)-t"
6476,-3.367346018114361,1.589005389601109,True,True,0.6817966732267027,4.966698988608628e-07,"GJR-GARCH(1,1,1)-t"
6480,4.271943257211593,9.228294664927063,True,True,0.0,0.9384682808660179,"GJR-GARCH(1,1,1)-t"
6481,4.865183004979762,9.821534412695232,True,True,0.7355842196603906,8.2893333623961e-17,"GJR-GARCH(1,1,1)-t"
6482,-1.6789436433117508,3.277407764403719,True,False,5.895888716192572e-16,0.9999999999999983,"GJR-GARCH(1,1,1)-t"
6483,0.5165006309179567,5.472852038633427,True,False,0.9767081663370805,0.05422989877306099,"GJR-GARCH(1,1,1)-t"
6489,-8.451366776456982,-3.4950153687415124,True,True,0.0,2.0569454338934195e-15,"GJR-GARCH(1,1,1)-t"
6493,5.2651670694916,10.22151847720707,True,False,0.0,0.9999999998555033,"GJR-GARCH(1,1,1)-t"
6494,-0.7662622123641487,4.190089195351321,True,False,1.0,0.0,"GJR-GARCH(1,1,1)-t"
6520,-5.282969819488798,-0.3266184117733282,True,True,7.296123185602777e-20,0.82073883340723,"GJR-GARCH(1,1,1)-t"
6523,-10.295164313559255,-5.338812905843785,True,True,0.9625930602070456,6.741689365769189e-09,"GJR-GARCH(1,1,1)-t"
6528,7.658785082757872,12.615136490473342,True,True,1.1198430199312837e-12,0.5430528268353325,"GJR-GARCH(1,1,1)-t"
6545,-13.206797118158761,-8.250445710443291,True,False,0.7540361692657249,0.3773504208135598,"GJR-GARCH(1,1,1)-t"
6562,18.044710928351574,23.001062336067044,True,True,1.7649338078315336e-14,0.0,"GJR-GARCH(1,1,1)-t"
6566,-5.018716195941142,-0.06236478822567193,True,True,3.0949947029694906e-12,0.660099204069272,"GJR-GARCH(1,1,1)-t"
6568,9.412475852680434,14.368827260395904,True,False,0.0,1.0,"GJR-GARCH(1,1,1)-t"
6585,15.6220442846695,20.57839569238497,True,False,0.788364752539409,0.6058176237302749,"GJR-GARCH(1,1,1)-t"
6592,22.491504009057852,27.447855416773322,True,True,4.9117910229430604e-18,0.9722710662890599,"GJR-GARCH(1,1,1)-t"
6599,12.675691477017402,17.632042884732872,True,True,0.0,0.8465922119873392,"GJR-GARCH(1,1,1)-t"
6613,-6.383066016289945,-1.4267146085744749,True,True,0.3386243173066148,0.0,"GJR-GARCH(1,1,1)-t"
6617,-1.8813268740979279,3.075024533617542,True,True,1.890375169496989e-15,0.11488719827007825,"GJR-GARCH(1,1,1)-t"
6619,-0.6576428274644677,4.298708580251002,True,True,0.4454237796121357,3.200669397089872e-11,"GJR-GARCH(1,1,1)-t"
6626,-18.13461723491143,-13.178265827195961,True,True,6.176953688782301e-16,0.9796020909505221,"GJR-GARCH(1,1,1)-t"
6631,-32.90980905063923,-27.953457642923762,True,True,1.629061308523206e-12,6.308898473870828e-11,"GJR-GARCH(1,1,1)-t"
6632,7.63730636702381,12.593657774739281,True,True,8.510538964738559e-14,5.886476303130326e-15,"GJR-GARCH(1,1,1)-t"
6643,17.774203906678277,22.730555314393747,True,True,3.3916960253166973e-16,0.954339683404825,"GJR-GARCH(1,1,1)-t"
6647,0.26283029284519266,5.219181700560663,True,True,0.0,0.48415429625880746,"GJR-GARCH(1,1,1)-t"
6648,-0.39969483955307616,4.556656568162394,True,True,0.0,0.8771311495194354,"GJR-GARCH(1,1,1)-t"
6657,11.449639610897833,16.405991018613303,True,False,0.9999999999999987,0.0,"GJR-GARCH(1,1,1)-t"
6668,9.788700539417064,14.745051947132534,True,True,1.9165366444113313e-14,0.9766077533263391,"GJR-GARCH(1,1,1)-t"
6679,-3.4473779717281907,1.5089734359872793,True,False,0.31072744693936366,0.8446362765303173,"GJR-GARCH(1,1,1)-t"
6693,14.35314391519007,19.30949532290554,True,True,3.9883148355374585e-16,0.6263836530099318,"GJR-GARCH(1,1,1)-t"
6696,21.37178453801912,26.328135945734594,True,True,0.0,0.6653152756482242,"GJR-GARCH(1,1,1)-t"
6723,-16.496342305606632,-11.539990897891162,True,True,0.0,4.1540023267337826e-15,"GJR-GARCH(1,1,1)-t"
6729,55.01489075666405,59.97124216437952,True,True,2.063427290524941e-15,0.6056110845281127,"GJR-GARCH(1,1,1)-t"
6730,1.9482074891949157,6.904558896910386,True,True,1.9363692885673093e-13,0.9814727029641493,"GJR-GARCH(1,1,1)-t"
6740,14.845913384243104,19.802264791958574,True,True,0.0,0.9965617644554506,"GJR-GARCH(1,1,1)-t"
6742,5.262435475286116,10.218786883001586,True,False,1.0,0.0914474819174525,"GJR-GARCH(1,1,1)-t"
6746,4.12899305684118,9.08534446455665,True,True,1.0467798383907966e-10,7.489687673816065e-11,"GJR-GARCH(1,1,1)-t"
6771,16.52243867366315,21.47879008137862,True,True,0.676141537541563,0.0,"GJR-GARCH(1,1,1)-t"
6777,-0.3030651644850195,4.6532862432304505,True,True,0.0,0.829308694711095,"GJR-GARCH(1,1,1)-t"
6782,15.640791651728952,20.59714305944442,True,True,5.0396553680059975e-17,0.7439727196877862,"GJR-GARCH(1,1,1)-t"
6799,-4.246779085026127,0.7095723226893433,True,True,0.463252086140741,0.49460362950117637,"GJR-GARCH(1,1,1)-t"
6809,27.23627197430746,32.19262338202293,True,True,0.0,2.444953398604044e-13,"GJR-GARCH(1,1,1)-t"
6815,6.708699859080346,11.665051266795816,True,True,0.0,0.17102888070709182,"GJR-GARCH(1,1,1)-t"
6819,-0.3049517964282096,4.65139961128726,True,False,1.1880846191188135e-12,0.9999999996337099,"GJR-GARCH(1,1,1)-t"
6820,36.83987536342031,41.79622677113578,True,False,6.719828294619733e-14,0.9999999999993453,"GJR-GARCH(1,1,1)-t"
6822,3.6992478856028015,8.655599293318271,True,False,1.0,0.0,"GJR-GARCH(1,1,1)-t"
6823,18.597599557736338,23.553950965451804,True,False,1.0,3.3113785038611407e-16,"GJR-GARCH(1,1,1)-t"
6827,21.334082054901714,26.290433462617184,True,True,0.42306373651512164,1.1048449804852328e-18,"GJR-GARCH(1,1,1)-t"
6836,39.68640560172779,44.64275700944326,True,True,0.0,0.9483248267597175,"GJR-GARCH(1,1,1)-t"
6846,0.9315198561036198,5.88787126381909,True,True,0.31590022727841677,0.18399920113148396,"GJR-GARCH(1,1,1)-t"
6850,1.319565225799888,6.275916633515358,True,False,1.0,0.5000000000002459,"GJR-GARCH(1,1,1)-t"
6854,-20.50555391041462,-15.54920250269915,True,False,0.9283665180152014,0.507385640986252,"GJR-GARCH(1,1,1)-t"
6859,6.106206780653531,11.062558188369001,True,False,3.3545823358551974e-14,1.0,"GJR-GARCH(1,1,1)-t"
6895,-8.849076679691173,-3.892725271975703,True,False,1.0,2.9374039735841635e-20,"GJR-GARCH(1,1,1)-t"
6904,-2.9762341784359805,1.9801172292794895,True,True,0.07545086883853032,8.276475386794072e-14,"GJR-GARCH(1,1,1)-t"
6906,7.358401017800548,12.31475242551602,True,True,5.2840596592600535e-20,0.2619171697141681,"GJR-GARCH(1,1,1)-t"
6909,-8.533541055690065,-3.5771896479745955,True,True,1.2573947589210751e-08,0.5373321356858645,"GJR-GARCH(1,1,1)-t"
6914,12.692972033036725,17.649323440752195,True,True,1.41761289012113e-13,4.258836696999507e-15,"GJR-GARCH(1,1,1)-t"
6917,24.15615048922203,29.1125018969375,True,False,0.0,1.0,"GJR-GARCH(1,1,1)-t"
6925,10.590270370122212,15.546621777837682,True,True,1.052132890905587e-12,0.7173185817369433,"GJR-GARCH(1,1,1)-t"
6928,25.38019867536517,30.33655008308064,True,True,0.0,0.8126444708614301,"GJR-GARCH(1,1,1)-t"
6930,33.785482183507696,38.74183359122317,True,True,0.1864390082829554,0.24350077675860882,"GJR-GARCH(1,1,1)-t"
6931,-10.328696965160837,-5.372345557445367,True,True,8.301341532962056e-15,0.9938111500496208,"GJR-GARCH(1,1,1)-t"
6932,24.125270211412364,29.081621619127834,True,False,0.9999999987632053,2.7299151825233875e-10,"GJR-GARCH(1,1,1)-t"
6939,-2.17323174747478,2.78311966024069,True,True,8.918247899225062e-15,0.29529120116572477,"GJR-GARCH(1,1,1)-t"
6940,5.758779121954596,10.715130529670066,True,True,0.0,0.8306449148681817,"GJR-GARCH(1,1,1)-t"
6941,-2.214580860731129,2.741770546984341,True,True,0.3469185755629188,1.9663221406082975e-14,"GJR-GARCH(1,1,1)-t"
6944,10.408875183892674,15.365226591608144,True,True,0.0,0.0,"GJR-GARCH(1,1,1)-t"
6961,5.59671402554002,10.55306543325549,True,True,0.1432016581025116,2.1229843951681233e-08,"GJR-GARCH(1,1,1)-t"
6965,33.195827155096026,38.15217856281149,True,True,0.22663812545815812,0.0,"GJR-GARCH(1,1,1)-t"
6976,2.208671345332423,7.165022753047893,True,True,8.103412540930215e-14,0.49464985325049965,"GJR-GARCH(1,1,1)-t"
6979,11.699456714131909,16.65580812184738,True,True,0.7275462020112755,0.0,"GJR-GARCH(1,1,1)-t"
6999,10.989816925589938,15.946168333305408,True,True,0.0,0.6458694173335847,"GJR-GARCH(1,1,1)-t"
7005,4.113810465078867,9.070161872794337,True,False,0.0,1.0,"GJR-GARCH(1,1,1)-t"
7008,18.3123327947158,23.26868420243127,True,True,5.3007439279030105e-18,0.7731845231415615,"GJR-GARCH(1,1,1)-t"
7009,14.70296987614993,19.6593212838654,True,True,0.0,0.9485910050909636,"GJR-GARCH(1,1,1)-t"
7013,10.962545606453922,15.918897014169392,True,True,2.536237978234373e-15,0.5108240149757175,"GJR-GARCH(1,1,1)-t"
7014,33.89158326299537,38.847934670710835,True,True,0.577679426278976,0.0,"GJR-GARCH(1,1,1)-t"
7028,2.854973107639875,7.811324515355345,True,True,0.0,0.625469631906548,"GJR-GARCH(1,1,1)-t"
7041,17.061295285135955,22.01764669285143,True,True,0.8565092363376683,7.576915706930908e-20,"GJR-GARCH(1,1,1)-t"
7043,50.295222678353554,55.25157408606903,True,False,1.0,0.0,"GJR-GARCH(1,1,1)-t"
7051,7.2498028308052955,12.206154238520766,True,True,1.143397646849747e-19,2.6967412361594283e-19,"GJR-GARCH(1,1,1)-t"
7054,10.560473318590322,15.516824726305792,True,True,2.9512732439401683e-15,0.9720997984930202,"GJR-GARCH(1,1,1)-t"
7055,-10.987465629488973,-6.031114221773503,True,True,0.14310473167062585,0.28566564331372485,"GJR-GARCH(1,1,1)-t"
7107,19.005069552111543,23.96142095982701,True,True,7.365020801759728e-21,0.9178254614774652,"GJR-GARCH(1,1,1)-t"
7122,-10.276948629976733,-5.320597222261263,True,False,1.0,0.4081429544831908,"GJR-GARCH(1,1,1)-t"
7124,26.824707556976264,31.781058964691734,True,True,3.856534104158935e-17,7.574863103858679e-20,"GJR-GARCH(1,1,1)-t"
7133,11.605809797891888,16.56216120560736,True,True,8.92354729812343e-15,0.9837892401818991,"GJR-GARCH(1,1,1)-t"
7150,35.020984226804885,39.97733563452036,True,False,0.0,1.0,"GJR-GARCH(1,1,1)-t"
7151,3.1412061769359205,8.09755758465139,True,False,0.999999310851581,2.385682319064306e-07,"GJR-GARCH(1,1,1)-t"
7162,4.106361127132391,9.062712534847861,True,False,5.308210018898062e-16,1.0,"GJR-GARCH(1,1,1)-t"
7180,16.30670504450123,21.263056452216702,True,True,0.8301911804215986,0.03471742471370198,"GJR-GARCH(1,1,1)-t"
7194,-5.9471266938748,-0.9907752861593302,True,True,6.825111226485228e-11,0.9501430345432089,"GJR-GARCH(1,1,1)-t"
7195,-10.239142363345426,-5.282790955629956,True,True,0.0,0.6833151549463795,"GJR-GARCH(1,1,1)-t"
7200,6.6780579569969385,11.634409364712408,True,True,0.2723115387871935,0.47607663412381945,"GJR-GARCH(1,1,1)-t"
7212,5.036755858103579,9.993107265819049,True,True,0.17665431571534004,0.1563843928205896,"GJR-GARCH(1,1,1)-t"
7213,-2.142017887329672,2.814333520385798,True,False,1.0,0.0,"GJR-GARCH(1,1,1)-t"
7217,-1.8288330919680504,3.1275183157474196,True,False,0.0,1.0,"GJR-GARCH(1,1,1)-t"
7219,2.8529473238933747,7.809298731608845,True,True,0.5598531930628111,4.2363237493785305e-16,"GJR-GARCH(1,1,1)-t"
7237,56.89956450610569,61.855915913821164,True,True,0.0,0.9277451912158484,"GJR-GARCH(1,1,1)-t"
7245,18.08513171506859,23.041483122784065,True,True,0.9761970349473958,2.0890824527612828e-12,"GJR-GARCH(1,1,1)-t"
7249,21.37467041386519,26.33102182158066,True,False,1.0,0.36447737869138674,"GJR-GARCH(1,1,1)-t"
7251,-9.70810900546699,-4.751757597751521,True,True,0.6437639027076906,4.687251689629743e-16,"GJR-GARCH(1,1,1)-t"
7258,52.73938974085611,57.695741148571585,True,False,2.242253707478796e-16,0.999999999981973,"GJR-GARCH(1,1,1)-t"
7260,12.130302436355082,17.08665384407055,True,False,9.444505925176591e-17,0.9999999999999986,"GJR-GARCH(1,1,1)-t"
7261,30.15801757025598,35.11436897797145,True,True,0.0,0.9484473273883486,"GJR-GARCH(1,1,1)-t"
7270,0.5955085063502814,5.551859914065751,True,True,0.0,5.873129736617938e-16,"GJR-GARCH(1,1,1)-t"
7309,-5.772074089782166,-0.8157226820666956,True,True,6.65701948590999e-16,0.014720439139599877,"GJR-GARCH(1,1,1)-t"
7310,1.6664119794538461,6.622763387169316,True,True,5.1372873619215995e-14,1.1213847342001931e-13,"GJR-GARCH(1,1,1)-t"
7316,50.223177615009995,55.17952902272546,True,True,1.7511802355848444e-20,0.992053129493711,"GJR-GARCH(1,1,1)-t"
7322,-13.768484795436965,-8.812133387721495,True,False,0.15359755136741066,0.9232012243161267,"GJR-GARCH(1,1,1)-t"
7333,-1.147299432441864,3.809051975273606,True,False,0.0,1.0,"GJR-GARCH(1,1,1)-t"
7343,4.554566915343113,9.510918323058583,True,True,1.5518694654179235e-17,1.247466892012271e-16,"GJR-GARCH(1,1,1)-t"
7367,-7.944921810900187,-2.988570403184717,True,True,0.0,0.9459813153482977,"GJR-GARCH(1,1,1)-t"
7369,6.0130650154155365,10.969416423131007,True,True,0.7988611893031292,1.6447960947710607e-14,"GJR-GARCH(1,1,1)-t"
7373,2.786634059203813,7.742985466919283,True,True,5.214316451614722e-17,0.8972474889955241,"GJR-GARCH(1,1,1)-t"
7374,26.19877455649084,31.155125964206313,True,True,0.0,0.9692611459968078,"GJR-GARCH(1,1,1)-t"
7418,17.112789085593135,22.069140493308605,True,False,1.831191035789363e-20,1.0,"GJR-GARCH(1,1,1)-t"
7444,-0.5332358406902813,4.423115567025189,True,True,0.0,0.9385600361379663,"GJR-GARCH(1,1,1)-t"
7447,-4.60068353120586,0.3556678765096102,True,True,0.0,0.17539957065869577,"GJR-GARCH(1,1,1)-t"
7458,-25.070427184332672,-20.114075776617202,True,True,0.5586355598512508,3.3116645720944293e-10,"GJR-GARCH(1,1,1)-t"
7460,18.42654687079998,23.38289827851545,True,False,0.9999999999998582,4.2550217090633535e-13,"GJR-GARCH(1,1,1)-t"
7465,-7.862782472565364,-2.906431064849894,True,True,2.7568644121927143e-12,0.9555524475390249,"GJR-GARCH(1,1,1)-t"
7467,-4.846358910447243,0.10999249726822669,True,False,1.3498846468182804e-14,0.9999999999999252,"GJR-GARCH(1,1,1)-t"
7478,19.186809974351597,24.143161382067067,True,False,9.750778419952622e-16,0.9999999999999994,"GJR-GARCH(1,1,1)-t"
7491,32.5241764529669,37.48052786068237,True,True,2.761460863139692e-13,0.8299342326375209,"GJR-GARCH(1,1,1)-t"
7512,9.171012154824323,14.127363562539793,True,True,2.499687663130706e-14,0.5970528072000629,"GJR-GARCH(1,1,1)-t"
7517,-8.172842136480188,-3.216490728764718,True,True,2.881805209590804e-15,0.7840724778482631,"GJR-GARCH(1,1,1)-t"
7518,6.403200226471693,11.359551634187163,True,True,0.0,0.0,"GJR-GARCH(1,1,1)-t"
7545,15.459993970440856,20.416345378156326,True,True,1.0997861419933679e-18,0.690029036699425,"GJR-GARCH(1,1,1)-t"
7548,10.817441808037959,15.773793215753429,True,False,0.0,1.0,"GJR-GARCH(1,1,1)-t"
7564,57.09493031690541,62.05128172462088,True,True,2.2482153636932934e-15,0.9070834689458795,"GJR-GARCH(1,1,1)-t"
7566,15.487957098186405,20.444308505901873,True,True,1.777807006082998e-14,6.070695264051409e-13,"GJR-GARCH(1,1,1)-t"
7567,7.169840106247709,12.126191513963178,True,True,1.4150313643469381e-15,4.437626713332928e-14,"GJR-GARCH(1,1,1)-t"
7572,0.14808498715109053,5.1044363948665605,True,True,7.83504896380379e-15,0.9807824243698534,"GJR-GARCH(1,1,1)-t"
7593,-9.654765319323744,-4.698413911608274,True,True,0.5912170727518137,0.12342817357667842,"GJR-GARCH(1,1,1)-t"
7621,72.52143830164661,77.47778970936209,True,True,3.8411538875778464e-19,0.47554185542542177,"GJR-GARCH(1,1,1)-t"
7624,9.788201984976569,14.744553392692039,True,False,0.29972056454020257,0.850139717707862,"GJR-GARCH(1,1,1)-t"
7629,25.58049580214569,30.536847209861158,True,False,4.708036939678614e-15,0.9999999999999741,"GJR-GARCH(1,1,1)-t"
7632,45.67301361831848,50.629365026033945,True,True,0.0,0.0,"GJR-GARCH(1,1,1)-t"
7653,9.357855922634343,14.314207330349813,True,True,0.0,0.0,"GJR-GARCH(1,1,1)-t"
7666,19.34733614462201,24.30368755233748,True,True,1.1136442475475849e-13,0.014346458200379514,"GJR-GARCH(1,1,1)-t"
7668,-4.356254053615437,0.6000973541000327,True,False,9.789022398176088e-21,0.9999999999999998,"GJR-GARCH(1,1,1)-t"
7674,7.21778910534955,12.17414051306502,True,True,0.0,0.9610757893832674,"GJR-GARCH(1,1,1)-t"
7675,23.532828038695754,28.48917944641122,True,True,4.979130830498221e-13,0.9358504303954516,"GJR-GARCH(1,1,1)-t"
7677,-4.346391383166356,0.6099600245491139,True,True,8.694984212686379e-14,0.3744436122642768,"GJR-GARCH(1,1,1)-t"
7679,-22.026175422118442,-17.069824014402972,True,False,0.9999994676692947,8.117031378561562e-09,"GJR-GARCH(1,1,1)-t"
7686,3.6848629822398458,8.641214389955316,True,True,0.0,0.5109733360247877,"GJR-GARCH(1,1,1)-t"
7709,5.5823043420957585,10.538655749811229,True,True,0.27074556257359417,0.37393207674610063,"GJR-GARCH(1,1,1)-t"
7714,28.611113692201364,33.56746509991684,True,False,9.036161185981157e-16,0.9999999999999989,"GJR-GARCH(1,1,1)-t"
7716,-1.6076264146965116,3.3487249930189584,True,False,0.0,1.0,"GJR-GARCH(1,1,1)-t"
7743,25.01106395588464,29.96741536360011,True,True,1.769470108683614e-14,0.8339132564441093,"GJR-GARCH(1,1,1)-t"
7745,0.8435113415971642,5.799862749312634,True,True,0.0,0.06835215893245639,"GJR-GARCH(1,1,1)-t"
7747,-1.911975931640475,3.044375476074995,True,True,2.698081369483461e-11,0.9870287623178083,"GJR-GARCH(1,1,1)-t"
7752,42.25197252698952,47.208323934704985,True,True,0.7176241533081382,1.1096770287993959e-14,"GJR-GARCH(1,1,1)-t"
7758,10.51649772951819,15.47284913723366,True,True,0.41491074443638154,0.3742232860622898,"GJR-GARCH(1,1,1)-t"
7759,-13.055134508542682,-8.098783100827212,True,True,2.9805873554006134e-12,3.0643908368894957e-11,"GJR-GARCH(1,1,1)-t"
7764,22.29356960124215,27.24992100895762,True,False,5.065717772451701e-16,0.9999999999999989,"GJR-GARCH(1,1,1)-t"
7775,22.900315035209747,27.856666442925217,True,True,0.6612974747947649,2.992955204056138e-15,"GJR-GARCH(1,1,1)-t"
7783,6.760099509843913,11.716450917559383,True,True,0.0,0.0,"GJR-GARCH(1,1,1)-t"
7799,-2.372283683085442,2.584067724630028,True,False,0.9999999999998126,2.045869888400742e-13,"GJR-GARCH(1,1,1)-t"
7811,6.4216098967440605,11.37796130445953,True,True,0.0,0.6911329600270316,"GJR-GARCH(1,1,1)-t"
7818,4.820514846138771,9.77686625385424,True,True,2.3224693619651196e-14,0.9342927582639456,"GJR-GARCH(1,1,1)-t"
7821,16.23423842061204,21.19058982832751,True,True,6.86689338752589e-19,5.0530789818810196e-14,"GJR-GARCH(1,1,1)-t"
7837,36.25614543347197,41.21249684118744,True,True,0.0,0.9559754743847513,"GJR-GARCH(1,1,1)-t"
7843,-3.655866885762599,1.3004845219528711,True,True,1.500000514491285e-18,0.09906590643258566,"GJR-GARCH(1,1,1)-t"
7845,-1.1122244112785467,3.8441269964369233,True,False,0.858012748765439,0.16158238842764738,"GJR-GARCH(1,1,1)-t"
7854,-9.300316260662235,-4.343964852946765,True,True,0.08498165483624069,0.0,"GJR-GARCH(1,1,1)-t"
7864,9.75964063659778,14.71599204431325,True,True,0.35755517333557196,1.6145199004602074e-16,"GJR-GARCH(1,1,1)-t"
7874,17.171948475332044,22.128299883047514,True,True,3.864395397132603e-15,0.4694778261729588,"GJR-GARCH(1,1,1)-t"
7882,-5.277284175330003,-0.3209327676145328,True,True,9.388973439243276e-17,0.9766058373169632,"GJR-GARCH(1,1,1)-t"
7883,8.634993182556844,13.591344590272314,True,True,0.0,0.9726006567268314,"GJR-GARCH(1,1,1)-t"
7884,-2.429756538238756,2.526594869476714,True,True,0.0,0.0,"GJR-GARCH(1,1,1)-t"
7885,14.450008916022293,19.406360323737765,True,True,1.6608522573308032e-12,0.7411305083376953,"GJR-GARCH(1,1,1)-t"
7897,-0.006066327179262032,4.950285080536208,True,True,0.0,0.9786721220262881,"GJR-GARCH(1,1,1)-t"
7909,3.1546975602339202,8.11104896794939,True,True,0.0,0.8549026115663034,"GJR-GARCH(1,1,1)-t"
7921,18.84985959268584,23.806211000401312,True,False,0.9999999999999494,0.4979825748718791,"GJR-GARCH(1,1,1)-t"
7992,28.504251487851796,33.46060289556727,True,True,0.05393207189034378,0.32009511109988165,"GJR-GARCH(1,1,1)-t"
8009,-0.4550348585349866,4.501316549180483,True,False,0.0,1.0,"GJR-GARCH(1,1,1)-t"
8011,-15.727992087625669,-10.771640679910199,True,False,0.0,1.0,"GJR-GARCH(1,1,1)-t"
8014,-6.18950146444201,-1.23315005672654,True,True,0.7358379381910036,1.0677146003740932e-11,"GJR-GARCH(1,1,1)-t"
8016,10.900690511311655,15.857041919027125,True,True,1.94125243535632e-11,0.0,"GJR-GARCH(1,1,1)-t"
8032,12.833886531038127,17.7902379387536,True,True,2.9636167711163882e-12,0.770008900293287,"GJR-GARCH(1,1,1)-t"
8044,21.531306228960275,26.48765763667575,True,False,1.4645408788843733e-16,1.0,"GJR-GARCH(1,1,1)-t"
8068,3.8611151097940954,8.817466517509565,True,False,1.681037255094697e-13,1.0,"GJR-GARCH(1,1,1)-t"
8070,16.73544357946789,21.691794987183364,True,True,0.0,0.6007947482144554,"GJR-GARCH(1,1,1)-t"
8081,4.9710067263869675,9.927358134102438,True,True,1.180694791680906e-16,4.240982332925439e-14,"GJR-GARCH(1,1,1)-t"
8085,19.4412347518736,24.397586159589075,True,True,0.0,0.0,"GJR-GARCH(1,1,1)-t"
8101,19.36137166127363,24.317723068989103,True,True,4.1090612888138035e-10,0.9642890853824674,"GJR-GARCH(1,1,1)-t"
8104,0.9172793259473071,5.873630733662777,True,True,0.0,0.7075663453781329,"GJR-GARCH(1,1,1)-t"
8109,10.263059636381879,15.219411044097349,True,False,1.7688499102039237e-14,0.9999999999999893,"GJR-GARCH(1,1,1)-t"
8117,-2.4618592636344303,2.4944921440810397,True,True,6.920199582613529e-15,0.46460336266789426,"GJR-GARCH(1,1,1)-t"
8168,6.180449075433971,11.136800483149441,True,False,0.9999999999999992,0.0816317349112416,"GJR-GARCH(1,1,1)-t"
8186,39.73863112781862,44.694982535534095,True,True,0.09179508123529935,0.3837206615579784,"GJR-GARCH(1,1,1)-t"
8190,13.891390528608838,18.847741936324308,True,True,1.4251158509787716e-15,4.59191990937714e-15,"GJR-GARCH(1,1,1)-t"
8191,8.879255468789324,13.835606876504794,True,False,0.9999999999998113,6.965185580852423e-14,"GJR-GARCH(1,1,1)-t"
8192,-6.6246233882883345,-1.6682719805728645,True,True,0.13492214594404192,1.0169781794594247e-09,"GJR-GARCH(1,1,1)-t"
8196,-9.97255938510865,-5.016207977393179,True,False,1.0,0.08515764339846149,"GJR-GARCH(1,1,1)-t"
8205,22.552866074541143,27.509217482256616,True,True,1.555469136584917e-14,0.40690675656148384,"GJR-GARCH(1,1,1)-t"
8211,-2.8740416502061237,2.0823097575093463,True,True,0.2985710595286977,5.517014015311454e-15,"GJR-GARCH(1,1,1)-t"
8219,23.04518426780101,28.00153567551648,True,True,0.0,0.0,"GJR-GARCH(1,1,1)-t"
8222,21.616085237022467,26.572436644737934,True,True,5.014387179473512e-16,0.0,"GJR-GARCH(1,1,1)-t"
8224,22.326200681349512,27.282552089064982,True,False,2.332859051116166e-15,0.9999999999999923,"GJR-GARCH(1,1,1)-t"
8256,79.34697572300641,84.30332713072188,True,True,1.9418249651287324e-11,0.9594675299153703,"GJR-GARCH(1,1,1)-t"
8271,-0.22995321823806947,4.7263981894774005,True,True,1.6373978009731126e-19,0.8510464045874855,"GJR-GARCH(1,1,1)-t"
8298,38.52073445192395,43.477085859639416,True,True,3.865653234778497e-15,0.1340484530752395,"GJR-GARCH(1,1,1)-t"
8331,21.545204863139492,26.501556270854962,True,True,0.0,0.9725220303467398,"GJR-GARCH(1,1,1)-t"
8346,-1.9175982674563077,3.0387531402591623,True,True,0.0,0.0,"GJR-GARCH(1,1,1)-t"
8353,10.542577045388239,15.498928453103709,True,True,0.0,0.9438740449372576,"GJR-GARCH(1,1,1)-t"
8357,1.5889737842813538,6.545325191996824,True,True,6.18011924078397e-17,0.0,"GJR-GARCH(1,1,1)-t"
8360,13.07881459518623,18.0351660029017,True,False,6.771250107934418e-07,0.9999988092780198,"GJR-GARCH(1,1,1)-t"
8365,-3.4959800831693286,1.4603713245461414,True,False,6.389675952818078e-14,0.9999999999999001,"GJR-GARCH(1,1,1)-t"
8408,30.090871951521173,35.04722335923664,True,True,1.051250329081851e-15,6.550980835484069e-15,"GJR-GARCH(1,1,1)-t"
8426,6.991277155332893,11.947628563048363,True,False,5.858206062598806e-18,0.9999999999999729,"GJR-GARCH(1,1,1)-t"
8435,6.839402077878908,11.795753485594378,True,False,0.901005917068757,0.2798957671433669,"GJR-GARCH(1,1,1)-t"
8441,27.662619718763587,32.61897112647905,True,True,0.0,0.9379197868245527,"GJR-GARCH(1,1,1)-t"
8442,10.973767463434022,15.930118871149492,True,True,0.6613061413815029,0.11469695931515923,"GJR-GARCH(1,1,1)-t"
8447,47.5833751689598,52.539726576675264,True,True,1.8031768680121494e-14,0.830384525997731,"GJR-GARCH(1,1,1)-t"
8448,,,False,False,,,"GJR-GARCH(1,1,1)-t"
8454,45.19365947947918,50.150010887194654,True,True,1.7767796332857793e-19,0.744054788179781,"GJR-GARCH(1,1,1)-t"
8459,18.037700568740924,22.994051976456394,True,True,4.932386497089639e-14,2.9388340163545866e-11,"GJR-GARCH(1,1,1)-t"
8476,12.47978647472095,17.43613788243642,True,True,1.0859451218378802e-16,1.6618600400828356e-21,"GJR-GARCH(1,1,1)-t"
8481,0.3660185771317739,5.322369984847244,True,True,0.01997687625028539,0.504683423976209,"GJR-GARCH(1,1,1)-t"
8518,44.38887586558493,49.345227273300395,True,False,0.7155838982792017,0.6422080508603931,"GJR-GARCH(1,1,1)-t"
8524,-8.71942729624445,-3.763075888528981,True,False,0.9999999999999806,4.324549197244135e-15,"GJR-GARCH(1,1,1)-t"
8534,-1.0666788917359789,3.889672515979491,True,True,9.783270180051065e-15,2.918059272991226e-14,"GJR-GARCH(1,1,1)-t"
8546,2.5581608790085557,7.514512286724026,True,True,0.0,0.08038051514175427,"GJR-GARCH(1,1,1)-t"
8554,34.4738950531123,39.43024646082777,True,True,1.2769600948028878e-14,2.6697493600467197e-06,"GJR-GARCH(1,1,1)-t"
8573,10.368577031991304,15.324928439706774,True,True,1.5828214871383772e-18,0.930649566045035,"GJR-GARCH(1,1,1)-t"
8583,6.780523857126677,11.736875264842148,True,True,4.872174764230112e-13,0.8201717120774615,"GJR-GARCH(1,1,1)-t"
8585,-0.7799420306945706,4.176409377020899,True,False,0.40680663121403327,0.7563304273210473,"GJR-GARCH(1,1,1)-t"
8587,-9.013883737082772,-4.057532329367302,True,True,3.4119993314491024e-12,0.5717943540213872,"GJR-GARCH(1,1,1)-t"
8590,6.066571848734494,11.022923256449964,True,True,0.5329349570089262,1.0437148159348053e-16,"GJR-GARCH(1,1,1)-t"
8607,38.125217559984065,43.08156896769954,True,True,0.0,0.8477568191550683,"GJR-GARCH(1,1,1)-t"
8611,11.564576351575655,16.520927759291126,True,True,4.0172482720002713e-13,0.9688202551480923,"GJR-GARCH(1,1,1)-t"
8613,8.411159375959603,13.367510783675073,True,True,2.751872279093784e-14,0.9281811266961556,"GJR-GARCH(1,1,1)-t"
8618,44.10556717941339,49.06191858712886,True,True,0.0,0.9406058820609552,"GJR-GARCH(1,1,1)-t"
8623,0.2971878870495477,5.253539294765018,True,True,0.0,0.9591499756423857,"GJR-GARCH(1,1,1)-t"
8636,-6.9755796829241845,-2.0192282752087145,True,False,1.0,0.0,"GJR-GARCH(1,1,1)-t"
8647,31.46148399580931,36.417835403524776,True,True,0.23444962926699264,0.0,"GJR-GARCH(1,1,1)-t"
8652,-12.485347023536828,-7.5289956158213585,True,True,9.209778939196919e-20,0.6973206084820522,"GJR-GARCH(1,1,1)-t"
8659,2.635577461152689,7.591928868868159,True,True,4.8113679633073395e-12,0.7687568390730001,"GJR-GARCH(1,1,1)-t"
8661,21.447144708077246,26.40349611579272,True,True,0.3939709791274921,1.367149918346441e-16,"GJR-GARCH(1,1,1)-t"
8662,1.2829269628756297,6.2392783705911,True,True,0.3028648995027449,0.14584926018914393,"GJR-GARCH(1,1,1)-t"
8664,17.103245161732076,22.059596569447546,True,False,0.9999999999999999,1.030630385502133e-16,"GJR-GARCH(1,1,1)-t"
8665,-11.291043727836335,-6.334692320120865,True,True,3.409279287645899e-15,2.3577931000290606e-17,"GJR-GARCH(1,1,1)-t"
8667,13.437303226038452,18.393654633753922,True,False,1.0520569672042074e-13,1.0,"GJR-GARCH(1,1,1)-t"
8675,7.2101187558772875,12.166470163592757,True,False,0.0,1.0,"GJR-GARCH(1,1,1)-t"
8676,12.381229542344105,17.337580950059575,True,False,0.0,1.0,"GJR-GARCH(1,1,1)-t"
8696,-22.826891882363462,-17.870540474647992,True,True,0.0,0.0,"GJR-GARCH(1,1,1)-t"
8702,32.793339248705394,37.74969065642086,True,True,0.3234268727779975,9.192337160597846e-16,"GJR-GARCH(1,1,1)-t"
8706,4.8274592809070125,9.783810688622482,True,True,0.0,0.9748553348004387,"GJR-GARCH(1,1,1)-t"
8708,-15.737095711898753,-10.780744304183283,True,True,1.1289912363860109e-15,0.6300075111187841,"GJR-GARCH(1,1,1)-t"
8718,2.13077146835597,7.08712287607144,True,True,0.49846870186817543,0.36467175794006884,"GJR-GARCH(1,1,1)-t"
8721,34.12983063055712,39.08618203827259,True,False,9.522173274471192e-17,0.9999999727577675,"GJR-GARCH(1,1,1)-t"
8744,3.1643170529097873,8.120668460625257,True,True,1.602741475488368e-16,0.8823294637565801,"GJR-GARCH(1,1,1)-t"
8747,4.785554640489046,9.741906048204516,True,False,1.0,4.412363598456949e-18,"GJR-GARCH(1,1,1)-t"
8749,16.79898658409078,21.75533799180625,True,True,0.0,0.5330990458663588,"GJR-GARCH(1,1,1)-t"
8750,11.014353115200924,15.970704522916394,True,True,5.349158677577246e-21,0.9214191972133247,"GJR-GARCH(1,1,1)-t"
8753,-13.27362822164418,-8.31727681392871,True,True,8.562742558233006e-16,0.6553174350225538,"GJR-GARCH(1,1,1)-t"
8763,20.885329348367694,25.841680756083164,True,False,2.683690845684734e-16,0.9999999999999982,"GJR-GARCH(1,1,1)-t"
8773,2.887686168088413,7.844037575803883,True,True,9.46639991451617e-11,1.2297797006035637e-09,"GJR-GARCH(1,1,1)-t"
8776,19.677623881026797,24.633975288742267,True,True,1.392099325807371e-16,0.2841773995084008,"GJR-GARCH(1,1,1)-t"
8779,15.679324554265147,20.635675961980617,True,True,7.587449235817129e-16,0.0,"GJR-GARCH(1,1,1)-t"
8797,46.09095137483757,51.04730278255305,True,True,1.0065389886789099e-17,0.6766318056564808,"GJR-GARCH(1,1,1)-t"
8822,6.482365138224597,11.438716545940068,True,True,6.858940034918396e-11,0.9475190631389324,"GJR-GARCH(1,1,1)-t"
8825,13.063213143073934,18.019564550789404,True,True,4.09215184742865e-15,0.3843850006387175,"GJR-GARCH(1,1,1)-t"
8840,-7.433426675760067,-2.4770752680445973,True,True,0.0,0.14860233372523193,"GJR-GARCH(1,1,1)-t"
8859,1.2686726289433388,6.225024036658809,True,False,0.0,1.0,"GJR-GARCH(1,1,1)-t"
8891,21.356533935426263,26.312885343141733,True,True,0.5811137758289776,0.164043138751923,"GJR-GARCH(1,1,1)-t"
8913,38.97922560104567,43.93557700876114,True,True,0.0,0.0,"GJR-GARCH(1,1,1)-t"
8918,-10.595239381181113,-5.638887973465643,True,False,7.72808312514696e-16,0.9999999999999997,"GJR-GARCH(1,1,1)-t"
8934,22.099024354485323,27.055375762200793,True,False,0.7123268533318273,0.6438365733341035,"GJR-GARCH(1,1,1)-t"
8937,24.58591833654942,29.54226974426489,True,True,1.2303218871972284e-15,0.14781835881995803,"GJR-GARCH(1,1,1)-t"
8938,22.85394348385069,27.81029489156616,True,False,0.0,1.0,"GJR-GARCH(1,1,1)-t"
8950,25.101815663427445,30.058167071142915,True,False,1.0084038124149978e-15,0.9999999999999991,"GJR-GARCH(1,1,1)-t"
8974,-4.624031229875708,0.33232017783976175,True,True,0.061845514509171,0.0,"GJR-GARCH(1,1,1)-t"
8978,-1.9635587652463222,2.992792642469148,True,True,1.910460496092183e-21,0.08632979622484542,"GJR-GARCH(1,1,1)-t"
9000,-5.170519836718505,-0.2141684290030348,True,True,1.4436987582731243e-15,0.0,"GJR-GARCH(1,1,1)-t"
9001,16.54991360866476,21.50626501638023,True,True,3.1853668636948916e-20,0.569006636307753,"GJR-GARCH(1,1,1)-t"
9021,-20.546635622744994,-15.590284215029524,True,True,0.0,0.9618158636094248,"GJR-GARCH(1,1,1)-t"
9028,9.510611583055427,14.466962990770897,True,True,0.0,3.584868581302626e-13,"GJR-GARCH(1,1,1)-t"
9030,6.464414010107152,11.420765417822622,True,True,0.20420942100434838,5.831261948306885e-19,"GJR-GARCH(1,1,1)-t"
9037,5.218387286900617,10.174738694616087,True,True,2.4657623393303506e-15,2.3019449123118534e-17,"GJR-GARCH(1,1,1)-t"
9038,14.847724536181882,19.804075943897352,True,True,0.6321518622053008,3.338068994142813e-24,"GJR-GARCH(1,1,1)-t"
9060,7.144314792638454,12.100666200353924,True,False,0.08610860066615159,0.9569456996669351,"GJR-GARCH(1,1,1)-t"
9064,0.3070244458245881,5.263375853540058,True,True,0.0,1.2992242821072333e-14,"GJR-GARCH(1,1,1)-t"
9067,20.391666103997697,25.348017511713167,True,True,0.0,0.7129218221702788,"GJR-GARCH(1,1,1)-t"
9072,6.009520635154315,10.965872042869785,True,True,0.0,0.9636205478535042,"GJR-GARCH(1,1,1)-t"
9076,8.555718040611648,13.512069448327118,True,False,3.0576903519016867e-17,1.0,"GJR-GARCH(1,1,1)-t"
9077,20.44766892445849,25.40402033217396,True,True,0.4679139946303322,5.26269561513953e-13,"GJR-GARCH(1,1,1)-t"
9091,1.5091490586836365,6.4655004663991065,True,True,0.0,4.905421002952881e-10,"GJR-GARCH(1,1,1)-t"
9096,5.6236607883269105,10.58001219604238,True,False,0.020285252306667008,0.9898573738466674,"GJR-GARCH(1,1,1)-t"
9100,27.407419950042232,32.3637713577577,True,True,7.814929168730791e-18,0.9708086255449724,"GJR-GARCH(1,1,1)-t"
9114,-3.343205634952163,1.613145772763307,True,True,0.0,0.9208471643913546,"GJR-GARCH(1,1,1)-t"
9123,21.41439483059267,26.370746238308143,True,False,0.9999999999999881,0.44577170080381845,"GJR-GARCH(1,1,1)-t"
9138,-6.950709549827241,-1.9943581421117713,True,True,0.0,0.0,"GJR-GARCH(1,1,1)-t"
9146,20.09575457683345,25.05210598454892,True,False,0.9999999997846806,1.235796868610589e-10,"GJR-GARCH(1,1,1)-t"
9153,38.97089341954286,43.92724482725833,True,True,1.5047910178352247e-14,0.5436466417930497,"GJR-GARCH(1,1,1)-t"
9160,13.047211021504072,18.003562429219542,True,True,0.0,0.8556751691501656,"GJR-GARCH(1,1,1)-t"
9164,-0.3624346054915719,4.593916802223898,True,True,0.2069224870941912,0.20745923973898703,"GJR-GARCH(1,1,1)-t"
9166,-18.498016438002104,-13.541665030286634,True,True,0.0,0.9381309393800912,"GJR-GARCH(1,1,1)-t"
9186,1.5729442930589883,6.529295700774458,True,True,0.3682783285188263,1.1152418032143334e-14,"GJR-GARCH(1,1,1)-t"
9190,-4.466868459767305,0.48948294794816505,True,False,1.0,0.3102831459830159,"GJR-GARCH(1,1,1)-t"
9194,-0.06696323572168517,4.889388171993785,True,True,2.655134127816102e-17,1.1298523848070358e-07,"GJR-GARCH(1,1,1)-t"
9198,-15.568422621532491,-10.612071213817021,True,True,0.5019688266033248,0.34086524263625406,"GJR-GARCH(1,1,1)-t"
9201,-13.414667383935218,-8.458315976219748,True,False,0.9999988452862755,0.23151253057487864,"GJR-GARCH(1,1,1)-t"
9205,-5.371248392929914,-0.41489698521444396,True,True,0.0,0.9231443379815996,"GJR-GARCH(1,1,1)-t"
9207,0.6632806638429205,5.6196320715583905,True,True,2.653407542030612e-15,0.9864458786040982,"GJR-GARCH(1,1,1)-t"
9208,0.8400722401110752,5.796423647826545,True,True,5.056496123964448e-13,0.8821671451200228,"GJR-GARCH(1,1,1)-t"
9215,16.428558929445373,21.384910337160843,True,True,0.0,0.9751939170020016,"GJR-GARCH(1,1,1)-t"
9219,8.034557598770984,12.990909006486454,True,True,0.0,0.6871739456331609,"GJR-GARCH(1,1,1)-t"
9222,27.09729200338235,32.05364341109782,True,True,3.139459788744295e-20,0.8516308999366679,"GJR-GARCH(1,1,1)-t"
9248,24.898108641123436,29.854460048838906,True,False,5.913926428329625e-16,0.9999999999999467,"GJR-GARCH(1,1,1)-t"
9275,-4.011777838775572,0.944573568939898,True,True,0.8983606146604836,0.0755231914877543,"GJR-GARCH(1,1,1)-t"
9279,49.66562488037237,54.621976288087836,True,True,2.011564655717259e-13,0.9696698361784276,"GJR-GARCH(1,1,1)-t"
9281,-17.790946513445277,-12.834595105729807,True,False,1.1165168379618941e-11,0.9999999995342438,"GJR-GARCH(1,1,1)-t"
9282,3.966166271957846,8.922517679673316,True,True,0.0,0.8983923561107946,"GJR-GARCH(1,1,1)-t"
9285,30.75933175156464,35.71568315928011,True,False,0.9999999999999997,0.29091188694872044,"GJR-GARCH(1,1,1)-t"
9289,9.494055276882229,14.450406684597699,True,True,9.559850690343834e-15,1.9288776535586274e-13,"GJR-GARCH(1,1,1)-t"
9300,-19.41602835426825,-14.45967694655278,True,False,8.422343614890295e-12,0.999999999824803,"GJR-GARCH(1,1,1)-t"
9302,5.683544448863596,10.639895856579066,True,True,0.0,0.9874632267004185,"GJR-GARCH(1,1,1)-t"
9311,-1.7612626964143043,3.1950887113011657,True,True,1.169152669392396e-12,0.9047488502388659,"GJR-GARCH(1,1,1)-t"
9312,-4.650854425616654,0.30549698209881626,True,True,0.0,0.0,"GJR-GARCH(1,1,1)-t"
9329,10.228355611069587,15.184707018785057,True,False,0.9999999999999923,0.4999999999999972,"GJR-GARCH(1,1,1)-t"
9343,5.967611465194999,10.923962872910469,True,True,0.0,9.998162613152983e-11,"GJR-GARCH(1,1,1)-t"
9350,-22.048752487340174,-17.092401079624704,True,True,0.7377640080505266,0.0,"GJR-GARCH(1,1,1)-t"
9352,2.8108913828210706,7.767242790536541,True,False,0.5530909305433448,0.7234545347282654,"GJR-GARCH(1,1,1)-t"
9367,-4.639607610489588,0.3167437972258824,True,True,3.854542501501566e-16,0.0,"GJR-GARCH(1,1,1)-t"
9377,13.648175178237492,18.604526585952964,True,False,7.180655612336592e-16,0.9999999999999993,"GJR-GARCH(1,1,1)-t"
9381,-5.984638339346244,-1.028286931630774,True,False,0.0,0.9999999999820913,"GJR-GARCH(1,1,1)-t"
9396,2.089170095141206,7.045521502856676,True,True,5.356580218881348e-14,1.310438114362203e-12,"GJR-GARCH(1,1,1)-t"
9427,46.296772762406995,51.25312417012246,True,True,8.079401648126029e-10,0.9884093586632535,"GJR-GARCH(1,1,1)-t"
9431,15.010249704324648,19.966601112040117,True,False,0.0,1.0,"GJR-GARCH(1,1,1)-t"
9438,8.121920500341815,13.078271908057285,True,False,9.746515213541644e-17,0.999999999999999,"GJR-GARCH(1,1,1)-t"
9445,23.244961602767066,28.201313010482536,True,True,8.23409585222755e-15,0.9975198465778233,"GJR-GARCH(1,1,1)-t"
9448,-9.985203218683072,-5.028851810967602,True,False,0.6253949129185628,0.6873025430015665,"GJR-GARCH(1,1,1)-t"
9456,-8.197469573924849,-3.241118166209379,True,True,0.0,0.7971239034959954,"GJR-GARCH(1,1,1)-t"
9465,10.346953799258394,15.303305206973864,True,True,0.0,0.739303947622662,"GJR-GARCH(1,1,1)-t"
9493,-6.546700026669939,-1.5903486189544687,True,True,0.0,0.4361882496661538,"GJR-GARCH(1,1,1)-t"
9496,10.50449971854448,15.46085112625995,True,True,0.1128876536947951,2.1994012534736824e-17,"GJR-GARCH(1,1,1)-t"
9501,-1.9266555862420045,3.0296958214734655,True,False,2.973828803442314e-15,0.9999999999999974,"GJR-GARCH(1,1,1)-t"
9557,46.881378676942056,51.83773008465752,True,True,0.3228824570488281,0.4545571736095119,"GJR-GARCH(1,1,1)-t"
9564,14.841676893193956,19.798028300909426,True,False,1.0,0.08682015408940695,"GJR-GARCH(1,1,1)-t"
9583,6.4211460548256,11.37749746254107,True,True,8.87447100873406e-14,0.8138667300493596,"GJR-GARCH(1,1,1)-t"
9606,20.099446518441095,25.055797926156565,True,False,0.0,1.0,"GJR-GARCH(1,1,1)-t"
9610,37.73925295803341,42.69560436574888,True,False,0.0,1.0,"GJR-GARCH(1,1,1)-t"
9633,-4.654876801615973,0.3014746060994966,True,True,0.0,0.0,"GJR-GARCH(1,1,1)-t"
9640,-1.1485479339701783,3.8078034737452917,True,True,8.379696550681522e-16,0.962018792146455,"GJR-GARCH(1,1,1)-t"
9659,-3.47660881952401,1.4797425881914599,True,True,1.404626887783839e-17,0.9673162068744112,"GJR-GARCH(1,1,1)-t"
9664,-0.532847834136561,4.423503573578909,True,True,1.5124979995279527e-13,0.9155093076899901,"GJR-GARCH(1,1,1)-t"
9665,39.9875031377908,44.94385454550627,True,False,8.33184035200564e-15,0.9999999999999872,"GJR-GARCH(1,1,1)-t"
9674,58.73477142170269,63.69112282941816,True,True,2.529448634819924e-14,0.575342184989241,"GJR-GARCH(1,1,1)-t"
9687,57.590015433373026,62.5463668410885,True,True,1.3362240797142e-13,0.0,"GJR-GARCH(1,1,1)-t"
9694,-9.309169014790985,-4.352817607075515,True,True,3.3134973347609894e-12,0.7328226763047231,"GJR-GARCH(1,1,1)-t"
9700,5.266761571423132,10.223112979138602,True,True,3.843634221133614e-15,0.22663431551882038,"GJR-GARCH(1,1,1)-t"
9720,-7.548205089460161,-2.5918536817446913,True,True,1.2520228610021211e-11,1.2817707024583084e-11,"GJR-GARCH(1,1,1)-t"
9735,27.001582285493782,31.957933693209256,True,True,1.9773816483416773e-11,8.076000819482661e-10,"GJR-GARCH(1,1,1)-t"
9737,47.77775999222025,52.73411139993571,True,True,0.027769434280460983,0.9509889334730793,"GJR-GARCH(1,1,1)-t"
9748,-12.98917140836172,-8.03282000064625,True,False,2.2195115782002045e-12,1.0,"GJR-GARCH(1,1,1)-t"
9752,2.909526162787218,7.865877570502688,True,False,8.24611635558806e-18,0.9999999999999999,"GJR-GARCH(1,1,1)-t"
9759,4.348564596695137,9.304916004410607,True,True,0.0,0.9595080307380254,"GJR-GARCH(1,1,1)-t"
9770,78.55357329563643,83.5099247033519,True,False,3.320295977528498e-15,0.9999999999999957,"GJR-GARCH(1,1,1)-t"
9779,44.734643317634934,49.69099472535041,True,False,0.9856710994703245,0.5071644502648378,"GJR-GARCH(1,1,1)-t"
9787,19.991535657537263,24.947887065252733,True,True,0.0,0.9115889059053988,"GJR-GARCH(1,1,1)-t"
9797,2.402629866048457,7.358981273763927,True,True,3.331895424705883e-13,0.7795184263368551,"GJR-GARCH(1,1,1)-t"
9819,-2.496847398678522,2.459504009036948,True,False,1.2602537386732338e-14,0.9999999999998563,"GJR-GARCH(1,1,1)-t"
9822,-2.2315687882426865,2.7247826194727836,True,True,7.6746293398843e-12,8.65214954748284e-11,"GJR-GARCH(1,1,1)-t"
9846,34.596813522053964,39.55316492976944,True,True,0.0,0.0,"GJR-GARCH(1,1,1)-t"
9862,19.07571546080287,24.032066868518335,True,True,0.8605214486850907,0.0,"GJR-GARCH(1,1,1)-t"
9866,-1.8157301820781306,3.1406212256373394,True,True,8.501427785322207e-16,0.1869654647656205,"GJR-GARCH(1,1,1)-t"
9869,-6.443672441489696,-1.4873210337742258,True,True,2.9725957979651947e-12,0.9765605906617015,"GJR-GARCH(1,1,1)-t"
9885,22.767116311067504,27.72346771878297,True,True,6.633437196741206e-13,0.9851694948803639,"GJR-GARCH(1,1,1)-t"
9887,-4.303542048321937,0.6528093593935331,True,True,0.007117759581736866,1.4778207168619833e-09,"GJR-GARCH(1,1,1)-t"
9889,3.486741881747651,8.443093289463121,True,True,7.694359550815303e-19,0.6620582738799037,"GJR-GARCH(1,1,1)-t"
9890,30.150754346927076,35.10710575464255,True,True,0.0,0.9384786456541035,"GJR-GARCH(1,1,1)-t"
9914,-7.148224619219835,-2.1918732115043653,True,False,3.7828689847735403e-13,0.9999999999935288,"GJR-GARCH(1,1,1)-t"
9918,12.56968150747366,17.52603291518913,True,True,0.13968036504019404,0.1697065920391037,"GJR-GARCH(1,1,1)-t"
9932,48.65728373283059,53.613635140546066,True,False,5.8323108001479875e-16,0.9999999999999989,"GJR-GARCH(1,1,1)-t"
9935,19.09287317280676,24.04922458052223,True,True,9.092828279779799e-11,0.8911986691896756,"GJR-GARCH(1,1,1)-t"
9936,53.512245409986406,58.46859681770188,True,True,2.7627760708299022e-14,0.6878249413977087,"GJR-GARCH(1,1,1)-t"
9940,1.299498721192208,6.255850128907678,True,True,0.0,0.9350954898700321,"GJR-GARCH(1,1,1)-t"
9947,-8.212902911503772,-3.2565515037883017,True,True,7.508484788089629e-17,1.0137145073051478e-15,"GJR-GARCH(1,1,1)-t"
9960,20.075439358721447,25.031790766436913,True,True,1.2303409678512372e-16,0.8554052776495203,"GJR-GARCH(1,1,1)-t"
9967,24.541545770433697,29.497897178149167,True,False,1.0,0.0,"GJR-GARCH(1,1,1)-t"
9970,25.031287623150092,29.987639030865566,True,True,0.0,0.7250426968213064,"GJR-GARCH(1,1,1)-t"
9972,7.128941596516528,12.085293004231998,True,False,1.9516001879697615e-16,0.9999999999999948,"GJR-GARCH(1,1,1)-t"
9973,43.149086926129755,48.10543833384523,True,False,3.163396580523011e-18,0.9999999999999996,"GJR-GARCH(1,1,1)-t"
9988,-4.799373185331767,0.15697822238370307,True,True,9.481483268739703e-19,3.655114696715435e-16,"GJR-GARCH(1,1,1)-t"
9993,6.489088231356051,11.445439639071521,True,True,2.2099516302285533e-16,0.4698445056879696,"GJR-GARCH(1,1,1)-t"
10000,27.851032511096136,32.80738391881161,True,True,0.0,0.0,"GJR-GARCH(1,1,1)-t"
10005,20.207563678353658,25.163915086069128,True,True,0.0,0.0,"GJR-GARCH(1,1,1)-t"
10017,45.45046216272699,50.406813570442466,True,True,6.18394771264128e-18,0.10794533160381281,"GJR-GARCH(1,1,1)-t"
10030,-0.4984251779587954,4.457926229756675,True,True,1.3584318582614327e-14,0.231355110177518,"GJR-GARCH(1,1,1)-t"
10035,-1.1377795761702671,3.818571831545203,True,True,0.0,0.8102131276380273,"GJR-GARCH(1,1,1)-t"
10040,-5.079903513152139,-0.12355210543666928,True,True,1.1725082598489845e-15,6.017856585257379e-16,"GJR-GARCH(1,1,1)-t"
10042,28.066181156095304,33.02253256381077,True,True,0.0,0.0,"GJR-GARCH(1,1,1)-t"
10045,28.3176915449647,33.27404295268017,True,True,0.0,0.7744143377178261,"GJR-GARCH(1,1,1)-t"
10070,3.5176400405274926,8.473991448242963,True,True,1.455350088905821e-13,0.9803287314456426,"GJR-GARCH(1,1,1)-t"
10071,18.487241463242423,23.443592870957893,True,False,0.0,0.9999999999998745,"GJR-GARCH(1,1,1)-t"
10072,-15.327310281935212,-10.370958874219742,True,True,7.334375083747809e-15,0.550724583100709,"GJR-GARCH(1,1,1)-t"
10081,-10.8515163180722,-5.89516491035673,True,False,4.819243850312614e-18,1.0,"GJR-GARCH(1,1,1)-t"
10088,50.92638792527668,55.882739332992145,True,False,0.25598844825363265,0.7760042798626636,"GJR-GARCH(1,1,1)-t"
10100,1.6754263612166032,6.631777768932073,True,True,1.8527210088014705e-18,0.8761004427321345,"GJR-GARCH(1,1,1)-t"
10105,14.787955757909993,19.744307165625465,True,False,0.0,1.0,"GJR-GARCH(1,1,1)-t"
10111,3.1178416246781815,8.074193032393651,True,True,1.2326218251047011e-15,0.6237244228314632,"GJR-GARCH(1,1,1)-t"
10113,1.0770519944891888,6.033403402204659,True,False,0.0,1.0,"GJR-GARCH(1,1,1)-t"
10123,-9.668170100267616,-4.711818692552146,True,True,1.3000899666669878e-14,0.6942582634511016,"GJR-GARCH(1,1,1)-t"
10135,10.144651540083796,15.101002947799266,True,False,2.5101348279638963e-15,0.9999999999999981,"GJR-GARCH(1,1,1)-t"
10150,14.737120560600502,19.693471968315972,True,False,1.0,0.0,"GJR-GARCH(1,1,1)-t"
10163,-9.842174497012806,-4.885823089297336,True,False,0.7561878722146741,0.5727640637363004,"GJR-GARCH(1,1,1)-t"
10171,-3.238522888722894,1.717828518992576,True,False,1.2301914906916893e-15,1.0,"GJR-GARCH(1,1,1)-t"
10186,6.526974671143025,11.483326078858495,True,False,1.0,3.887195192862057e-21,"GJR-GARCH(1,1,1)-t"
10191,21.91624709749509,26.87259850521056,True,True,0.05948237907369767,6.547303092939075e-14,"GJR-GARCH(1,1,1)-t"
10206,-1.5959222363803374,3.3604291713351326,True,True,1.8941929193711265e-12,0.6354853189980113,"GJR-GARCH(1,1,1)-t"
10209,18.434905471864475,23.391256879579945,True,False,0.0,0.9999999999997297,"GJR-GARCH(1,1,1)-t"
10220,-1.242813735267557,3.713537672447913,True,True,0.24674433267047793,0.0461937914825167,"GJR-GARCH(1,1,1)-t"
10230,10.556833504889482,15.513184912604952,True,False,3.554873648182609e-14,0.9999999999999709,"GJR-GARCH(1,1,1)-t"
10243,-5.017238624432402,-0.06088721671693165,True,True,6.67430620718861e-16,0.4331328602448502,"GJR-GARCH(1,1,1)-t"
10250,-0.2244458112786809,4.731905596436789,True,True,2.770822513577292e-16,0.6729121113235947,"GJR-GARCH(1,1,1)-t"
10262,3.945124681740202,8.901476089455672,True,True,0.7465372817420726,0.09412078197955563,"GJR-GARCH(1,1,1)-t"
10264,-8.711404691860796,-3.755053284145326,True,True,4.299387153004036e-16,1.3803871669775677e-17,"GJR-GARCH(1,1,1)-t"
10291,17.883468513882356,22.839819921597826,True,False,3.375131136249405e-16,0.9999999999999989,"GJR-GARCH(1,1,1)-t"
10311,-2.6335144357140656,2.3228369720014044,True,True,0.9850262235177252,9.015980153820905e-13,"GJR-GARCH(1,1,1)-t"
10321,-9.101517420518405,-4.145166012802935,True,True,1.626202259509733e-07,0.9749474208316605,"GJR-GARCH(1,1,1)-t"
10326,-1.8208234048566485,3.1355280028588215,True,False,5.758623141866336e-16,0.9999999999999988,"GJR-GARCH(1,1,1)-t"
10336,23.332007909930667,28.288359317646137,True,True,0.5860956428302305,2.322800274151592e-13,"GJR-GARCH(1,1,1)-t"
10339,-15.140364956149021,-10.184013548433551,True,True,1.0506681906928721e-20,0.4267846672880415,"GJR-GARCH(1,1,1)-t"
10364,17.160506924119105,22.116858331834575,True,True,0.2727583641565987,0.5341658479297767,"GJR-GARCH(1,1,1)-t"
10369,10.72588234836422,15.68223375607969,True,True,0.0,0.3707408193085337,"GJR-GARCH(1,1,1)-t"
10389,9.8568835506208,14.81323495833627,True,False,7.745497296043488e-15,0.9999999999999815,"GJR-GARCH(1,1,1)-t"
10403,11.58570443070901,16.54205583842448,True,False,4.222075986821017e-14,1.0,"GJR-GARCH(1,1,1)-t"
10421,-4.993158585655795,-0.036807177940325175,True,True,0.09972174982759147,7.419808491280589e-16,"GJR-GARCH(1,1,1)-t"
10433,39.06182427689856,44.018175684614036,True,True,6.816122453818531e-13,0.7016877379429424,"GJR-GARCH(1,1,1)-t"
10448,14.38342246154443,19.3397738692599,True,True,3.464580272922381e-15,1.1385536084043783e-13,"GJR-GARCH(1,1,1)-t"
10450,17.781951383777223,22.738302791492693,True,True,4.816582426592515e-14,0.978523925749354,"GJR-GARCH(1,1,1)-t"
10455,-0.23999883510771802,4.716352572607752,True,True,0.7880179577772575,0.0,"GJR-GARCH(1,1,1)-t"
10460,-10.026455457614492,-5.070104049899022,True,False,4.746151054032505e-14,1.0,"GJR-GARCH(1,1,1)-t"
10461,51.19336835309454,56.149719760810015,True,True,5.092640904399826e-14,0.9567372520655565,"GJR-GARCH(1,1,1)-t"
10488,15.62884126318229,20.58519267089776,True,True,0.0,0.8395309367063737,"GJR-GARCH(1,1,1)-t"
10491,5.922866360026445,10.879217767741915,True,True,6.362441611658014e-13,0.7863840352966118,"GJR-GARCH(1,1,1)-t"
10494,11.318926736973804,16.275278144689274,True,True,0.0,0.8918325680429025,"GJR-GARCH(1,1,1)-t"
10523,-1.2409079577839108,3.715443449931559,True,True,9.308098496000909e-18,0.7730960054470576,"GJR-GARCH(1,1,1)-t"
10530,-10.956341562691183,-5.999990154975713,True,False,1.7695973077863316e-15,0.9999999999999992,"GJR-GARCH(1,1,1)-t"
10546,29.515435832713564,34.47178724042903,True,False,0.7071879307957221,0.6464060346021389,"GJR-GARCH(1,1,1)-t"
10547,14.677120771643297,19.633472179358765,True,False,8.322055156198868e-17,1.0,"GJR-GARCH(1,1,1)-t"
10554,12.50765472070802,17.464006128423488,True,False,0.13663260745725397,0.920168826733043,"GJR-GARCH(1,1,1)-t"
10559,29.29408208121734,34.25043348893281,True,True,2.4160750298482935e-15,0.5905396312971622,"GJR-GARCH(1,1,1)-t"
10561,4.591034261468428,9.547385669183898,True,True,3.8911607173265765e-14,0.9521373054376208,"GJR-GARCH(1,1,1)-t"
10572,8.86994312226674,13.82629452998221,True,True,2.5625450510472877e-15,0.9897684701399083,"GJR-GARCH(1,1,1)-t"
10590,58.506076257462574,63.46242766517804,True,False,4.8419823673184315e-14,0.9996001421303495,"GJR-GARCH(1,1,1)-t"
10604,16.962726327194662,21.919077734910132,True,True,1.8357973672269018e-13,5.039641200821893e-13,"GJR-GARCH(1,1,1)-t"
10608,-2.727063063904943,2.229288343810527,True,False,0.9999999999171019,6.968886756961848e-11,"GJR-GARCH(1,1,1)-t"
10610,9.945910716698142,14.902262124413612,True,False,0.9999999995867553,4.4320398108011727e-10,"GJR-GARCH(1,1,1)-t"
10619,19.909136175798555,24.865487583514025,True,True,0.4040070426262386,0.45329192692581577,"GJR-GARCH(1,1,1)-t"
10628,-6.185083652544499,-1.228732244829029,True,True,0.9961124072270583,6.573983900504956e-08,"GJR-GARCH(1,1,1)-t"
10633,12.196302933785006,17.152654341500476,True,False,0.9999999999796074,0.25800714884247283,"GJR-GARCH(1,1,1)-t"
10642,-4.308680269645215,0.6476711380702547,True,True,0.13753501952768438,0.0,"GJR-GARCH(1,1,1)-t"
10661,-16.05690578729574,-11.10055437958027,True,True,0.44142788111390885,2.4306389983083918e-20,"GJR-GARCH(1,1,1)-t"
10669,61.99407657391619,66.95042798163166,True,True,2.4634689589277507e-17,0.6158695616610114,"GJR-GARCH(1,1,1)-t"
10672,3.7031878760267016,8.659539283742172,True,True,1.281866663040854e-19,1.751507096969444e-17,"GJR-GARCH(1,1,1)-t"
10682,-16.294190630531084,-11.337839222815614,True,False,1.0,0.0,"GJR-GARCH(1,1,1)-t"
10688,13.737445108970256,18.693796516685726,True,True,0.0,7.324971105059879e-09,"GJR-GARCH(1,1,1)-t"
10689,9.061164757144905,14.017516164860375,True,False,0.0,1.0,"GJR-GARCH(1,1,1)-t"
10702,5.129041759337927,10.085393167053397,True,False,0.9999999999977929,0.2927906997016883,"GJR-GARCH(1,1,1)-t"
10703,2.050997576805621,7.007348984521091,True,True,0.0,0.0,"GJR-GARCH(1,1,1)-t"
10708,20.812369930229032,25.768721337944505,True,False,0.9999999999999981,7.804098011456547e-16,"GJR-GARCH(1,1,1)-t"
10709,-8.010493082287965,-3.054141674572495,True,True,3.663889155941898e-15,0.0,"GJR-GARCH(1,1,1)-t"
10725,5.03570185934095,9.99205326705642,True,False,0.9999999999999999,1.2713877897901726e-20,"GJR-GARCH(1,1,1)-t"
10726,11.464767089679945,16.421118497395415,True,False,0.0,1.0,"GJR-GARCH(1,1,1)-t"
10734,-5.761836507276957,-0.8054850995614871,True,True,7.812661791272855e-13,0.7265244297874495,"GJR-GARCH(1,1,1)-t"
10745,7.701627026591288,12.657978434306758,True,True,2.954696273646356e-16,0.9910422511172448,"GJR-GARCH(1,1,1)-t"
10751,17.380943850994193,22.33729525870966,True,True,0.0,0.8601606156889453,"GJR-GARCH(1,1,1)-t"
10765,36.014449270591285,40.97080067830676,True,True,9.496145763505978e-19,0.9609915120210328,"GJR-GARCH(1,1,1)-t"
10767,33.1047873410434,38.061138748758864,True,True,0.0,0.7012968734959235,"GJR-GARCH(1,1,1)-t"
10776,9.497595785915149,14.453947193630619,True,False,0.0,1.0,"GJR-GARCH(1,1,1)-t"
10779,8.818101497156137,13.774452904871607,True,False,0.3353383534948052,0.7168157317346676,"GJR-GARCH(1,1,1)-t"
10781,21.705908974465054,26.662260382180524,True,False,3.482508446401616e-16,1.0,"GJR-GARCH(1,1,1)-t"
10789,-3.3636571837959366,1.5926942239195334,True,True,0.42885788797199104,0.0,"GJR-GARCH(1,1,1)-t"
10793,9.89170232209882,14.84805372981429,True,True,1.6076711613012811e-18,0.05000915222368215,"GJR-GARCH(1,1,1)-t"
10796,16.814633273701116,21.770984681416586,True,False,0.9999999999998899,0.37563421584962087,"GJR-GARCH(1,1,1)-t"
10806,16.570341416642528,21.526692824357998,True,True,5.375649774059718e-14,4.759106777278444e-12,"GJR-GARCH(1,1,1)-t"
10810,32.67221783113095,37.628569238846424,True,True,4.46289386214114e-16,0.9318352085565282,"GJR-GARCH(1,1,1)-t"
10816,3.853754978703929,8.810106386419399,True,True,4.0171082765419056e-18,0.8081121652136751,"GJR-GARCH(1,1,1)-t"
10827,35.43767478032501,40.39402618804048,True,True,2.1015271576429377e-13,0.9158396032487152,"GJR-GARCH(1,1,1)-t"
10840,17.102219373017867,22.058570780733337,True,True,0.0,0.4498758012336882,"GJR-GARCH(1,1,1)-t"
10849,11.262968297777983,16.219319705493454,True,False,1.3309622857671662e-17,1.0,"GJR-GARCH(1,1,1)-t"
10856,19.829077955604166,24.785429363319636,True,False,3.1715468500465817e-13,0.9999999999995525,"GJR-GARCH(1,1,1)-t"
10890,-5.684463364187533,-0.7281119564720626,True,True,0.5903823781696297,0.3855481288488918,"GJR-GARCH(1,1,1)-t"
10892,-11.023988385918702,-6.0676369782032324,True,True,1.8424852052471917e-15,0.7529939799446754,"GJR-GARCH(1,1,1)-t"
10898,-0.33386705317982823,4.622484354535642,True,True,0.0,0.9119037794913218,"GJR-GARCH(1,1,1)-t"
10899,9.888089712115304,14.844441119830774,True,False,0.9999999999999776,0.4684114829948746,"GJR-GARCH(1,1,1)-t"
10929,-20.231111628194732,-15.274760220479262,True,True,0.0,0.0,"GJR-GARCH(1,1,1)-t"
10932,3.4466001235981842,8.402951531313654,True,False,9.69500472772741e-16,0.9999999999999988,"GJR-GARCH(1,1,1)-t"
10934,10.72185231785869,15.67820372557416,True,True,0.180502516318573,2.5473474058048822e-15,"GJR-GARCH(1,1,1)-t"
10938,0.7492903952480852,5.705641802963555,True,True,5.870411178167637e-15,0.060851438422384864,"GJR-GARCH(1,1,1)-t"
10941,4.264398526639365,9.220749934354835,True,True,0.0,0.7845286068525001,"GJR-GARCH(1,1,1)-t"
10946,-3.486342513193147,1.4700088945223229,True,True,0.0,0.0,"GJR-GARCH(1,1,1)-t"
10949,6.968625902975193,11.924977310690663,True,True,0.0,0.0,"GJR-GARCH(1,1,1)-t"
10956,-1.5125946945881044,3.4437567131273656,True,True,0.3583518010690664,6.845034627757833e-11,"GJR-GARCH(1,1,1)-t"
10964,15.105281490413715,20.061632898129183,True,False,1.4847115515606015e-15,0.9999999999999981,"GJR-GARCH(1,1,1)-t"
10969,-10.486152571681174,-5.529801163965704,True,True,1.0251394472856953e-15,0.5872843170021067,"GJR-GARCH(1,1,1)-t"
10987,6.2392298779687465,11.195581285684217,True,True,0.0,0.04957684657285132,"GJR-GARCH(1,1,1)-t"
10994,9.751721466134692,14.708072873850162,True,True,1.7126141202489435e-13,0.9810980474229548,"GJR-GARCH(1,1,1)-t"
11007,11.258503816589435,16.214855224304905,True,True,0.15288339551728808,0.0,"GJR-GARCH(1,1,1)-t"
11035,11.616823571444357,16.573174979159827,True,True,9.736006171587779e-12,0.987030724711541,"GJR-GARCH(1,1,1)-t"
11041,35.71239365614457,40.668745063860044,True,True,8.900777722925354e-15,0.3606938513930356,"GJR-GARCH(1,1,1)-t"
11043,60.70949586383552,65.66584727155099,True,True,0.13495943554757064,0.612247342717644,"GJR-GARCH(1,1,1)-t"
11048,6.4235024101534925,11.379853817868963,True,True,7.555446042585265e-12,1.092521712488905e-10,"GJR-GARCH(1,1,1)-t"
11052,33.18146486626414,38.13781627397961,True,False,0.0,0.999999999999442,"GJR-GARCH(1,1,1)-t"
11054,9.721533847513994,14.677885255229464,True,True,0.0,0.7824625300912896,"GJR-GARCH(1,1,1)-t"
11056,-5.06080589219615,-0.10445448448068007,True,True,0.0,0.6059055605604815,"GJR-GARCH(1,1,1)-t"
11059,-7.992470991864021,-3.036119584148551,True,True,0.0,0.34787281462074443,"GJR-GARCH(1,1,1)-t"
11060,-10.693604133337857,-5.737252725622387,True,True,1.746190424336359e-10,9.89533726001494e-12,"GJR-GARCH(1,1,1)-t"
11062,36.57339795852022,41.52974936623569,True,True,0.0,0.9212619482843043,"GJR-GARCH(1,1,1)-t"
11070,6.588263666227789,11.544615073943259,True,True,0.0,0.5967731627725181,"GJR-GARCH(1,1,1)-t"
11081,4.22283067791458,9.17918208563005,True,False,3.0311721346913093e-19,0.9999999999999984,"GJR-GARCH(1,1,1)-t"
11090,-0.7601926248733477,4.196158782842122,True,False,6.822349261184355e-17,1.0,"GJR-GARCH(1,1,1)-t"
11096,7.855932936226624,12.812284343942094,True,True,0.0,0.6411494020796596,"GJR-GARCH(1,1,1)-t"
11111,-0.5820503092773652,4.374301098438105,True,True,0.0,0.6523958692974692,"GJR-GARCH(1,1,1)-t"
11113,49.54244226823523,54.498793675950694,True,False,0.999999999999861,1.215729566589894e-11,"GJR-GARCH(1,1,1)-t"
11120,-13.483700324191112,-8.527348916475642,True,True,4.107183777617599e-13,0.693129271684608,"GJR-GARCH(1,1,1)-t"
11121,26.956618964545683,31.91297037226115,True,True,0.48627815141283093,0.1801485432573062,"GJR-GARCH(1,1,1)-t"
11122,-5.398570630970159,-0.4422192232546891,True,True,0.44528678935085425,0.2918331086128584,"GJR-GARCH(1,1,1)-t"
11137,11.833531534379246,16.789882942094717,True,True,5.3280962717542963e-17,5.160027687680872e-16,"GJR-GARCH(1,1,1)-t"
11143,-16.963126586874623,-12.006775179159153,True,True,0.0,2.6683573107543735e-10,"GJR-GARCH(1,1,1)-t"
11151,20.150984752861223,25.107336160576693,True,True,7.344732634918241e-16,0.1726884532345171,"GJR-GARCH(1,1,1)-t"
11152,-13.526702456897258,-8.570351049181788,True,True,3.3545401726104235e-12,1.8433878317822109e-10,"GJR-GARCH(1,1,1)-t"
11178,15.529938813651249,20.48629022136672,True,False,1.5576225713873332e-17,1.0,"GJR-GARCH(1,1,1)-t"
11184,-12.285639764015826,-7.329288356300356,True,True,0.5487178734486434,1.0653873503319578e-15,"GJR-GARCH(1,1,1)-t"
11199,-0.7931527780775678,4.163198629637902,True,False,5.478628043872291e-14,0.9999999999986939,"GJR-GARCH(1,1,1)-t"
11227,0.8002317951820022,5.756583202897472,True,True,4.5157567014544136e-11,0.9559375824095503,"GJR-GARCH(1,1,1)-t"
11243,-2.179220273896952,2.777131133818518,True,True,1.2958512781053102e-16,0.5892256943163945,"GJR-GARCH(1,1,1)-t"
11248,3.2009579183377763,8.157309326053246,True,True,1.6372805472635092e-13,0.7776616173493917,"GJR-GARCH(1,1,1)-t"
11263,3.9956634719031427,8.952014879618613,True,True,1.5676596766946736e-15,0.5420815413968234,"GJR-GARCH(1,1,1)-t"
11264,30.67943159388369,35.635783001599165,True,False,0.0,1.0,"GJR-GARCH(1,1,1)-t"
11279,10.352037608590198,15.308389016305668,True,False,0.0,1.0,"GJR-GARCH(1,1,1)-t"
11296,31.389292080514032,36.3456434882295,True,False,1.7685501693471816e-13,0.9999999999973659,"GJR-GARCH(1,1,1)-t"
11303,4.828552876470507,9.784904284185977,True,True,0.0,0.727040770175635,"GJR-GARCH(1,1,1)-t"
11318,17.8872361166973,22.84358752441277,True,True,0.0,0.6478593982536246,"GJR-GARCH(1,1,1)-t"
11325,-17.449710696266678,-12.493359288551208,True,True,9.936461346922253e-14,0.0,"GJR-GARCH(1,1,1)-t"
11327,6.712109001200584,11.668460408916054,True,False,1.0,0.5000000000000003,"GJR-GARCH(1,1,1)-t"
11330,-4.07051915314393,0.8858322545715396,True,False,0.9999999999820494,3.68424067608058e-12,"GJR-GARCH(1,1,1)-t"
11351,-20.26692105664349,-15.31056964892802,True,False,0.0,1.0,"GJR-GARCH(1,1,1)-t"
11363,13.44026627046927,18.39661767818474,True,True,0.0,0.941720584810028,"GJR-GARCH(1,1,1)-t"
11367,10.973334381394185,15.929685789109655,True,False,0.5640714482504331,0.5797719193527946,"GJR-GARCH(1,1,1)-t"
11374,11.10013646345979,16.05648787117526,True,True,4.2359697499743055e-14,3.415032255430331e-14,"GJR-GARCH(1,1,1)-t"
11375,51.77687211055972,56.733223518275196,True,True,3.014106304668607e-14,0.95738589447812,"GJR-GARCH(1,1,1)-t"
11389,-20.67283837776972,-15.716486970054252,True,True,3.6397810126168174e-16,0.4838088460701501,"GJR-GARCH(1,1,1)-t"
11393,7.0656845585216965,12.022035966237166,True,True,0.1812073191807147,1.2761201633572e-13,"GJR-GARCH(1,1,1)-t"
11405,16.799170903716572,21.75552231143204,True,True,0.45215085186098075,0.36388907029086787,"GJR-GARCH(1,1,1)-t"
11415,-13.069311582883714,-8.112960175168244,True,True,7.529991612247036e-18,0.5243826164819915,"GJR-GARCH(1,1,1)-t"
11419,-4.415708728855915,0.5406426788595553,True,True,3.050832174325279e-20,0.08721273726381353,"GJR-GARCH(1,1,1)-t"
11431,2.470271981880737,7.426623389596207,True,True,0.0,7.554455225370568e-15,"GJR-GARCH(1,1,1)-t"
11433,-16.376756978368736,-11.420405570653266,True,True,0.005235596183034906,0.0,"GJR-GARCH(1,1,1)-t"
11440,42.18313127643249,47.139482684147964,True,True,0.3405731459321178,0.43303525772926277,"GJR-GARCH(1,1,1)-t"
11449,-2.1875646246180978,2.7687867830973723,True,True,4.985145113207134e-16,1.0032334354759997e-17,"GJR-GARCH(1,1,1)-t"
11453,15.986023798237191,20.94237520595266,True,True,1.4281215141309972e-14,0.985909000931768,"GJR-GARCH(1,1,1)-t"
11475,-3.046799053166726,1.9095523545487438,True,True,0.3837401112309922,1.148355255048476e-07,"GJR-GARCH(1,1,1)-t"
11481,15.476397731508927,20.432749139224395,True,True,1.1237554869569083e-14,0.8512001799836251,"GJR-GARCH(1,1,1)-t"
11487,-23.809322958776818,-18.852971551061348,True,True,1.6399312581724837e-14,8.562142322957165e-14,"GJR-GARCH(1,1,1)-t"
11490,-5.625579406078678,-0.6692279983632083,True,True,0.0,0.0,"GJR-GARCH(1,1,1)-t"
11497,3.1052056845878564,8.061557092303326,True,True,0.0,0.16580710931810186,"GJR-GARCH(1,1,1)-t"
11499,23.44485442748966,28.40120583520513,True,False,0.0,1.0,"GJR-GARCH(1,1,1)-t"
11501,5.1665286507228245,10.122880058438295,True,True,2.3674114749126888e-11,0.9092043146036817,"GJR-GARCH(1,1,1)-t"
11504,31.3176471135989,36.27399852131437,True,False,5.338150732789814e-14,0.9999999999912484,"GJR-GARCH(1,1,1)-t"
11508,4.59799963852921,9.55435104624468,True,True,0.0,1.7640689203802452e-14,"GJR-GARCH(1,1,1)-t"
11511,-12.880959076675762,-7.924607668960292,True,False,1.0,0.0,"GJR-GARCH(1,1,1)-t"
11541,-17.98856030687152,-13.03220889915605,True,True,0.0,5.634162234079861e-16,"GJR-GARCH(1,1,1)-t"
11559,-16.90048202703357,-11.944130619318098,True,False,0.0,1.0,"GJR-GARCH(1,1,1)-t"
11577,-7.8429303116350155,-2.8865789039195455,True,True,7.860862548333663e-17,4.470727332643314e-14,"GJR-GARCH(1,1,1)-t"
11579,-3.898080862657938,1.0582705450575318,True,False,0.0,1.0,"GJR-GARCH(1,1,1)-t"
11597,7.055496822905763,12.011848230621233,True,True,4.000189814022848e-13,0.7410102381791234,"GJR-GARCH(1,1,1)-t"
11607,16.45860598548366,21.41495739319913,True,True,0.0,0.6779889423555558,"GJR-GARCH(1,1,1)-t"
11639,10.260935804926493,15.217287212641963,True,True,1.1181919065894208e-08,0.0,"GJR-GARCH(1,1,1)-t"
11641,-11.279505523516427,-6.323154115800957,True,True,6.268404537284239e-16,0.0,"GJR-GARCH(1,1,1)-t"
11642,-1.4313155603913152,3.5250358473241548,True,True,3.517784773618711e-24,2.607079130442778e-23,"GJR-GARCH(1,1,1)-t"
11655,2.886754113290447,7.843105521005917,True,True,2.6908993504677576e-15,0.2012206273534969,"GJR-GARCH(1,1,1)-t"
11682,11.492534283476646,16.448885691192118,True,False,1.0,5.482829480995548e-17,"GJR-GARCH(1,1,1)-t"
11686,58.25709561861463,63.2134470263301,True,True,0.3456714366041862,2.5123077475842855e-13,"GJR-GARCH(1,1,1)-t"
11689,-3.2815317120305103,1.6748196956849597,True,True,0.5583835493844994,0.0,"GJR-GARCH(1,1,1)-t"
11700,74.77026228942734,79.72661369714281,True,False,7.058400275961961e-25,1.0,"GJR-GARCH(1,1,1)-t"
11715,-0.7496256254330085,4.2067257822824615,True,True,0.0,0.4303233719174188,"GJR-GARCH(1,1,1)-t"
11718,6.053002611435037,11.009354019150507,True,True,0.0,0.0,"GJR-GARCH(1,1,1)-t"
11722,1.3340746161991,6.29042602391457,True,True,0.4851976639246348,2.1056564626445546e-16,"GJR-GARCH(1,1,1)-t"
11726,11.233380113878638,16.18973152159411,True,True,0.3297186378322427,8.549030056289254e-09,"GJR-GARCH(1,1,1)-t"
11729,30.871941033395043,35.82829244111051,True,True,8.646246128177765e-11,0.8284415664427405,"GJR-GARCH(1,1,1)-t"
11730,26.423273170619023,31.379624578334493,True,True,0.7670362850185622,0.0,"GJR-GARCH(1,1,1)-t"
11735,-2.301883678714102,2.654467729001368,True,False,0.9999999999962691,2.9071013981089868e-12,"GJR-GARCH(1,1,1)-t"
11749,9.722907544522917,14.679258952238387,True,True,0.5868507364945836,8.351515344539377e-18,"GJR-GARCH(1,1,1)-t"
11750,-7.316899484007735,-2.3605480762922646,True,True,0.0,3.2090053759427e-13,"GJR-GARCH(1,1,1)-t"
11764,2.138087847156971,7.094439254872441,True,True,0.0,1.4812101834359183e-12,"GJR-GARCH(1,1,1)-t"
11775,3.284789755570758,8.241141163286228,True,False,0.9999999996803417,1.3756013206636314e-10,"GJR-GARCH(1,1,1)-t"
11786,-14.61834376591731,-9.66199235820184,True,False,0.9999999999988468,0.4418601294999612,"GJR-GARCH(1,1,1)-t"
11792,11.720637123300016,16.676988531015486,True,False,0.18328718303357674,0.87416014530503,"GJR-GARCH(1,1,1)-t"
11804,5.7999671851230765,10.756318592838547,True,True,0.9785677669915256,7.31227875497728e-15,"GJR-GARCH(1,1,1)-t"
11809,-10.365813590176707,-5.409462182461237,True,False,8.561396765230962e-16,0.9999999999999983,"GJR-GARCH(1,1,1)-t"
11812,-8.11992421030563,-3.16357280259016,True,True,1.2808122198463402e-16,0.5675026190074852,"GJR-GARCH(1,1,1)-t"
11844,-6.776755815729807,-1.820404408014337,True,True,0.0,0.0,"GJR-GARCH(1,1,1)-t"
11852,-5.827384421096546,-0.8710330133810764,True,True,0.6661464730246558,6.356443376889243e-15,"GJR-GARCH(1,1,1)-t"
11860,11.570095657674946,16.526447065390418,True,False,1.0,0.0,"GJR-GARCH(1,1,1)-t"
11864,22.277987567557663,27.234338975273133,True,True,0.02851201139612484,2.009414178408172e-15,"GJR-GARCH(1,1,1)-t"
11868,1.3119940844249989,6.268345492140469,True,True,4.64371378577062e-13,0.3010925520552748,"GJR-GARCH(1,1,1)-t"
11869,17.651441361132303,22.607792768847773,True,True,0.06440224520537037,0.8217561623598387,"GJR-GARCH(1,1,1)-t"
11872,54.24767713098661,59.204028538702076,True,False,0.9999999973136158,0.40282223169488063,"GJR-GARCH(1,1,1)-t"
11874,-17.08979978292969,-12.133448375214218,True,True,7.2681986331281e-14,4.2989766122638367e-13,"GJR-GARCH(1,1,1)-t"
11876,17.44399335935533,22.4003447670708,True,True,2.2036867827878233e-16,0.9497654786791214,"GJR-GARCH(1,1,1)-t"
11887,5.605255881636737,10.561607289352207,True,True,9.4692866716984e-16,7.023194285622957e-18,"GJR-GARCH(1,1,1)-t"
11893,7.0494831663445305,12.00583457406,True,True,0.4235070185903497,0.0,"GJR-GARCH(1,1,1)-t"
11898,31.802675938656737,36.75902734637221,True,True,0.10078393019783295,0.5357597101749516,"GJR-GARCH(1,1,1)-t"
11899,-15.87568272399913,-10.91933131628366,True,False,1.5266458738745896e-15,0.9999999999999951,"GJR-GARCH(1,1,1)-t"
11904,4.977721878301413,9.934073286016883,True,True,0.0,0.658424270487284,"GJR-GARCH(1,1,1)-t"
11914,20.06045137091569,25.01680277863116,True,True,3.816719410517522e-09,3.830221706109204e-09,"GJR-GARCH(1,1,1)-t"
11920,16.601966580540235,21.558317988255705,True,False,0.9999999999933986,7.090513038358148e-12,"GJR-GARCH(1,1,1)-t"
11940,18.44148720345183,23.3978386111673,True,True,4.61541693821285e-14,0.9452864942972828,"GJR-GARCH(1,1,1)-t"
11941,13.597860554700151,18.55421196241562,True,True,0.0,0.9761507348881225,"GJR-GARCH(1,1,1)-t"
11953,15.821028950968438,20.777380358683907,True,True,2.5895606934969516e-16,0.9044917744641215,"GJR-GARCH(1,1,1)-t"
11959,-4.781782819178083,0.17456858853738666,True,True,0.3176474319652494,5.869354795367503e-12,"GJR-GARCH(1,1,1)-t"
11962,2.1845123351142135,7.1408637428296835,True,False,0.0,0.999999998814633,"GJR-GARCH(1,1,1)-t"
11981,5.731058226427974,10.687409634143444,True,True,5.359976510425601e-12,2.898673342183958e-11,"GJR-GARCH(1,1,1)-t"
11985,-3.547827706557463,1.408523701158007,True,False,0.9999999999999978,5.834184343938033e-16,"GJR-GARCH(1,1,1)-t"
11987,-3.8469125836087095,1.1094388241067605,True,False,0.9999999999999996,0.03971485490428123,"GJR-GARCH(1,1,1)-t"
11994,-1.0499952907276242,3.906356116987846,True,False,0.9999999999058605,2.672122951925961e-11,"GJR-GARCH(1,1,1)-t"
11995,45.619041422688426,50.5753928304039,True,True,3.6139896047776033e-14,0.7398455550387829,"GJR-GARCH(1,1,1)-t"
12011,-11.185405913834003,-6.229054506118533,True,True,2.0118443193674724e-14,1.0415662965110037e-12,"GJR-GARCH(1,1,1)-t"
12012,9.340600424468871,14.296951832184341,True,False,0.18221820772051672,0.9088908961397415,"GJR-GARCH(1,1,1)-t"
12021,-17.437116271185783,-12.480764863470313,True,True,0.0,0.14518624738539318,"GJR-GARCH(1,1,1)-t"
12028,15.65036196172307,20.60671336943854,True,True,1.357620949893901e-16,8.24619074947245e-17,"GJR-GARCH(1,1,1)-t"
12030,5.813656070600944,10.770007478316414,True,True,8.930253674793443e-11,0.0,"GJR-GARCH(1,1,1)-t"
12061,-8.69621295600108,-3.73986154828561,True,False,0.9999999999994748,0.2272109578635932,"GJR-GARCH(1,1,1)-t"
12065,0.8942349809912731,5.850586388706743,True,True,0.0,0.0,"GJR-GARCH(1,1,1)-t"
12073,-3.2682613364200854,1.6880900712953846,True,True,3.9099974152328677e-19,0.6569257060916351,"GJR-GARCH(1,1,1)-t"
12079,6.475803993122265,11.432155400837736,True,True,2.0306195423848816e-19,1.413409999758878e-14,"GJR-GARCH(1,1,1)-t"
12102,-0.32020241586299036,4.63614899185248,True,True,3.9253539033799636e-15,1.8862803974680364e-15,"GJR-GARCH(1,1,1)-t"
12103,-0.13994384169589225,4.816407566019578,True,True,0.0,0.7068585912878075,"GJR-GARCH(1,1,1)-t"
12114,40.818294130476275,45.77464553819174,True,False,0.4058971405627176,0.6044225187222269,"GJR-GARCH(1,1,1)-t"
12115,8.077271169985842,13.033622577701312,True,True,0.28212298493428184,0.0,"GJR-GARCH(1,1,1)-t"
12131,0.03243280319765418,4.988784210913124,True,True,1.1156005124670904e-16,0.9696395950344334,"GJR-GARCH(1,1,1)-t"
12135,-19.860308788393738,-14.903957380678268,True,True,0.0,1.1356537670614792e-10,"GJR-GARCH(1,1,1)-t"
12139,10.87006184439729,15.82641325211276,True,False,0.9999999999999998,0.3948406791556871,"GJR-GARCH(1,1,1)-t"
12141,44.51449702865478,49.47084843637025,True,True,1.354198971626421e-14,0.0037031998764601717,"GJR-GARCH(1,1,1)-t"
12147,15.280190927702217,20.23654233541769,True,False,0.6922838659455495,0.6305722868817718,"GJR-GARCH(1,1,1)-t"
12151,-2.2631133581916423,2.6932380495238277,True,True,2.409975685807096e-16,1.1898232029601469e-14,"GJR-GARCH(1,1,1)-t"
12163,32.22429286757223,37.180644275287705,True,False,0.1699130976379398,0.9150434511810751,"GJR-GARCH(1,1,1)-t"
12166,-3.5304223197323097,1.4259290879831603,True,True,0.0,0.8559057040117414,"GJR-GARCH(1,1,1)-t"
12176,5.207136119736301,10.163487527451771,True,False,0.17994389323492832,0.9100280533825353,"GJR-GARCH(1,1,1)-t"
12178,-13.521976029088194,-8.565624621372724,True,True,5.609962136005457e-16,0.700179740632714,"GJR-GARCH(1,1,1)-t"
12182,-2.5881660023292774,2.3681854053861926,True,False,1.1091128016005317e-19,1.0,"GJR-GARCH(1,1,1)-t"
12206,12.228586521157828,17.1849379288733,True,True,4.677497121729856e-16,4.3479526548511766e-16,"GJR-GARCH(1,1,1)-t"
12222,-6.031030465820564,-1.0746790581050938,True,False,1.0,1.0492632044767299e-12,"GJR-GARCH(1,1,1)-t"
12225,5.118544986975403,10.074896394690873,True,True,2.870481932305779e-16,0.9871939533337739,"GJR-GARCH(1,1,1)-t"
12229,17.811612293062744,22.767963700778214,True,True,3.2227467130923064e-16,0.7367599783336883,"GJR-GARCH(1,1,1)-t"
12234,5.193501504280356,10.149852911995826,True,True,0.0,0.9643124610823804,"GJR-GARCH(1,1,1)-t"
12247,6.789893375855768,11.746244783571239,True,True,0.4180692491698473,0.43719601519541196,"GJR-GARCH(1,1,1)-t"
12250,-0.9635971079863932,3.992754299729077,True,False,0.711394219090634,0.6326497713704826,"GJR-GARCH(1,1,1)-t"
12254,-8.8684856994767,-3.9121342917612303,True,True,0.0,0.143364193249579,"GJR-GARCH(1,1,1)-t"
12266,4.548386785602947,9.504738193318417,True,False,0.0,1.0,"GJR-GARCH(1,1,1)-t"
12279,13.997683083308953,18.954034491024423,True,False,0.7567684615857274,0.4633235258993644,"GJR-GARCH(1,1,1)-t"
12287,42.467925305883725,47.4242767135992,True,False,0.0,0.9999999999869993,"GJR-GARCH(1,1,1)-t"
12291,4.910426173610842,9.866777581326312,True,False,3.433291133704964e-11,0.9999999704586936,"GJR-GARCH(1,1,1)-t"
12299,-9.84424824172116,-4.887896834005691,True,True,0.1717661386127597,1.177788731578883e-13,"GJR-GARCH(1,1,1)-t"
12309,6.652549718929403,11.608901126644874,True,True,0.5015307421601486,0.0,"GJR-GARCH(1,1,1)-t"
12322,-16.206020005196294,-11.249668597480824,True,True,0.0,0.9508501625276452,"GJR-GARCH(1,1,1)-t"
12324,34.82874440898624,39.785095816701705,True,True,1.9156320736884762e-16,0.0,"GJR-GARCH(1,1,1)-t"
12347,11.852001309807468,16.80835271752294,True,False,9.668110631303666e-14,0.9999999999999951,"GJR-GARCH(1,1,1)-t"
12348,-8.11199399365342,-3.155642585937951,True,True,0.9037882952235665,1.3468924867731366e-09,"GJR-GARCH(1,1,1)-t"
12352,11.399488533053919,16.35583994076939,True,True,0.0,0.0,"GJR-GARCH(1,1,1)-t"
12358,30.044614167903333,35.00096557561881,True,True,5.3470503576296354e-15,0.7570705837867225,"GJR-GARCH(1,1,1)-t"
12395,9.33921531273922,14.29556672045469,True,True,1.139037599318261e-11,1.0606550411786276e-10,"GJR-GARCH(1,1,1)-t"
12399,11.911931180214305,16.868282587929773,True,True,0.0,0.9262293919144045,"GJR-GARCH(1,1,1)-t"
12408,-6.269762235483483,-1.3134108277680134,True,True,0.34065028168000405,1.1781587665176525e-07,"GJR-GARCH(1,1,1)-t"
12411,6.114889672546368,11.071241080261839,True,True,2.296879643096131e-19,0.4694580273624722,"GJR-GARCH(1,1,1)-t"
12419,0.8404642616561269,5.796815669371597,True,True,0.17730493155258306,6.609739079516572e-17,"GJR-GARCH(1,1,1)-t"
12420,36.69061259859943,41.6469640063149,True,True,0.0,0.3291865536308979,"GJR-GARCH(1,1,1)-t"
12423,5.7665611543961734,10.722912562111643,True,True,0.4419264642851645,2.712018054716102e-17,"GJR-GARCH(1,1,1)-t"
12428,5.514885357769552,10.471236765485022,True,True,1.6301554516366098e-14,1.8882914866357946e-13,"GJR-GARCH(1,1,1)-t"
12436,17.38721619245899,22.34356760017446,True,True,1.2931827829890186e-15,0.6200321794383189,"GJR-GARCH(1,1,1)-t"
12437,23.124127349873056,28.080478757588526,True,True,1.849525248071332e-14,0.9478249697995449,"GJR-GARCH(1,1,1)-t"
12444,2.141820213951961,7.098171621667431,True,True,0.0,0.5883897221190247,"GJR-GARCH(1,1,1)-t"
12465,26.755910761843758,31.71226216955923,True,True,0.0,0.43172702785639416,"GJR-GARCH(1,1,1)-t"
12481,31.235757712295076,36.19210912001054,True,True,0.0,0.9001455731388861,"GJR-GARCH(1,1,1)-t"
12494,10.568359669800815,15.524711077516285,True,True,1.2356236111158131e-16,0.19259945942738263,"GJR-GARCH(1,1,1)-t"
12498,66.1520489780628,71.10840038577827,True,True,0.0,0.9730721187648369,"GJR-GARCH(1,1,1)-t"
12521,17.455085071694157,22.411436479409627,True,True,3.124864637939199e-16,2.4615018063771377e-24,"GJR-GARCH(1,1,1)-t"
12523,2.8861819781898177,7.842533385905288,True,True,0.8928044615509875,0.0,"GJR-GARCH(1,1,1)-t"
12531,-13.768697383918013,-8.812345976202543,True,False,5.825802878383761e-19,1.0,"GJR-GARCH(1,1,1)-t"
12532,31.213882382980252,36.17023379069572,True,True,0.0,4.404642474373219e-14,"GJR-GARCH(1,1,1)-t"
12533,4.4296714946726805,9.38602290238815,True,True,0.0,0.5291884021605295,"GJR-GARCH(1,1,1)-t"
12535,-9.469259582009975,-4.512908174294505,True,True,0.0,0.4069388880741495,"GJR-GARCH(1,1,1)-t"
12537,9.30375013091795,14.26010153863342,True,True,2.67906208423656e-13,0.9447450107237566,"GJR-GARCH(1,1,1)-t"
12542,5.970699733777703,10.927051141493173,True,True,1.1370007172513779e-15,0.6302831053569414,"GJR-GARCH(1,1,1)-t"
12546,-14.273564913308718,-9.317213505593248,True,False,0.6502866359193759,0.6748568333091701,"GJR-GARCH(1,1,1)-t"
12552,-7.187611141895488,-2.2312597341800178,True,False,0.0,1.0,"GJR-GARCH(1,1,1)-t"
12559,13.89800973995676,18.854361147672233,True,True,0.0,0.8535825819283815,"GJR-GARCH(1,1,1)-t"
12577,-21.790434348669976,-16.834082940954506,True,True,7.01049201317693e-09,0.9590352188777702,"GJR-GARCH(1,1,1)-t"
12579,17.586018365651405,22.542369773366875,True,True,3.5295240822071966e-19,0.8552879227618835,"GJR-GARCH(1,1,1)-t"
12581,3.6490989407170726,8.605450348432543,True,False,1.0,0.0,"GJR-GARCH(1,1,1)-t"
12583,11.715397151267554,16.671748558983026,True,True,4.917474975132796e-17,0.9834329924033659,"GJR-GARCH(1,1,1)-t"
12584,42.010731959543406,46.96708336725888,True,True,0.08375270680344084,0.0,"GJR-GARCH(1,1,1)-t"
12585,0.2463175521333696,5.20266895984884,True,True,6.3567780072599124e-15,0.8439934145765159,"GJR-GARCH(1,1,1)-t"
12588,8.991079112500705,13.947430520216175,True,False,0.1287769975452375,0.9356115012714672,"GJR-GARCH(1,1,1)-t"
12611,2.7351109764478174,7.691462384163287,True,True,3.6084661644119746e-24,6.367683809427079e-23,"GJR-GARCH(1,1,1)-t"
12633,2.7712125618457826,7.727563969561253,True,True,1.4443527679024587e-13,2.9137662894754393e-12,"GJR-GARCH(1,1,1)-t"
12661,30.43788654471056,35.39423795242603,True,True,2.090484474576926e-14,0.9476245549432301,"GJR-GARCH(1,1,1)-t"
12666,3.916657548572255,8.873008956287725,True,True,7.770040529267283e-15,0.665335664255218,"GJR-GARCH(1,1,1)-t"
12669,45.080054206625505,50.03640561434097,True,True,1.004665476233798e-15,0.5383601414025062,"GJR-GARCH(1,1,1)-t"
12676,-4.784115064427169,0.17223634328830073,True,True,7.216986418519296e-17,0.0,"GJR-GARCH(1,1,1)-t"
12691,7.545316653441741,12.501668061157211,True,False,0.0,1.0,"GJR-GARCH(1,1,1)-t"
12694,29.938198577313834,34.8945499850293,True,True,1.3774722968910592e-15,0.762823960787536,"GJR-GARCH(1,1,1)-t"
12703,-16.810450999076835,-11.854099591361365,True,False,7.474604777565135e-09,1.0,"GJR-GARCH(1,1,1)-t"
12704,-8.557292002309403,-3.600940594593933,True,False,6.46993971733537e-14,0.9999999999993122,"GJR-GARCH(1,1,1)-t"
12713,-2.009152068888284,2.947199338827186,True,True,0.0,0.6379041916693845,"GJR-GARCH(1,1,1)-t"
12717,26.499390728827134,31.455742136542604,True,False,0.0,1.0,"GJR-GARCH(1,1,1)-t"
12718,34.81876022511529,39.77511163283076,True,True,8.501970723272667e-15,0.9571545801975246,"GJR-GARCH(1,1,1)-t"
12726,17.414321561752956,22.370672969468426,True,False,6.9988441177202795e-15,0.9999999999995639,"GJR-GARCH(1,1,1)-t"
12728,-3.764229756004948,1.1921216517105222,True,True,0.0,0.0,"GJR-GARCH(1,1,1)-t"
12730,7.216197469639921,12.172548877355391,True,True,0.4350087891270715,0.1371467068401483,"GJR-GARCH(1,1,1)-t"
12751,42.29381768912096,47.25016909683643,True,False,1.0401883640886515e-13,0.9999999999958163,"GJR-GARCH(1,1,1)-t"
12758,-19.721135788294696,-14.764784380579226,True,True,1.0445818117609742e-09,4.3470335917496674e-08,"GJR-GARCH(1,1,1)-t"
12760,-5.029658286027065,-0.07330687831159466,True,True,0.3042011056505788,3.874828714439119e-14,"GJR-GARCH(1,1,1)-t"
12780,33.98532783554122,38.94167924325669,True,False,0.999999999999999,0.0,"GJR-GARCH(1,1,1)-t"
12782,-7.021075198978984,-2.064723791263514,True,True,0.17295413029731244,2.7345506938031316e-17,"GJR-GARCH(1,1,1)-t"
12794,20.76867646069309,25.72502786840856,True,True,2.310938780160825e-19,0.7406681118758485,"GJR-GARCH(1,1,1)-t"
12797,42.40387046446713,47.360221872182606,True,True,8.890654978695199e-13,0.9420071496909118,"GJR-GARCH(1,1,1)-t"
12822,16.25706528209981,21.213416689815283,True,False,1.0,0.004185707228059212,"GJR-GARCH(1,1,1)-t"
12834,5.969165934334594,10.925517342050064,True,True,1.054683693283871e-11,0.0,"GJR-GARCH(1,1,1)-t"
12839,0.34223643659282565,5.298587844308296,True,False,0.3705379115031532,0.7426869919503705,"GJR-GARCH(1,1,1)-t"
12840,1.1324508878434756,6.088802295558946,True,True,0.0,0.9767350167598886,"GJR-GARCH(1,1,1)-t"
12852,8.571499327649967,13.527850735365437,True,True,1.1294309195010486e-16,0.20702393041595277,"GJR-GARCH(1,1,1)-t"
12859,13.162876754545408,18.119228162260878,True,True,1.0800217330351933e-20,0.8694027284194017,"GJR-GARCH(1,1,1)-t"
12878,13.732109644424352,18.68846105213982,True,True,5.1603203348220494e-17,0.7253075952649519,"GJR-GARCH(1,1,1)-t"
12904,25.664193201848768,30.62054460956424,True,True,6.99756966715753e-19,0.9415052530643365,"GJR-GARCH(1,1,1)-t"
12905,3.1892962982664947,8.145647705981965,True,True,6.750531069881789e-22,0.0117238543947448,"GJR-GARCH(1,1,1)-t"
12920,-11.592558836063198,-6.636207428347728,True,False,0.9999999999999991,0.16035551098449785,"GJR-GARCH(1,1,1)-t"
12923,14.333308865511711,19.28966027322718,True,True,0.0,0.7013670836928448,"GJR-GARCH(1,1,1)-t"
12930,10.319171313580458,15.275522721295928,True,True,4.166217190403013e-15,0.9077335861884455,"GJR-GARCH(1,1,1)-t"
12935,4.849321009538521,9.80567241725399,True,False,0.9999999999995767,4.3458179268930856e-13,"GJR-GARCH(1,1,1)-t"
12945,-9.217160363876395,-4.2608089561609255,True,True,1.332329053836246e-12,0.5000429630927823,"GJR-GARCH(1,1,1)-t"
12949,4.95529841803039,9.91164982574586,True,True,2.7852354239450597e-11,0.685854230309803,"GJR-GARCH(1,1,1)-t"
12957,7.756936238365987,12.713287646081458,True,True,5.024250117463738e-15,0.9886157187721949,"GJR-GARCH(1,1,1)-t"
12963,4.217357847836912,9.173709255552382,True,False,0.9999999999999981,0.5,"GJR-GARCH(1,1,1)-t"
12964,-12.640378958904218,-7.684027551188748,True,True,1.342597205882461e-20,0.07707054706938138,"GJR-GARCH(1,1,1)-t"
12965,-13.097287685768592,-8.140936278053122,True,True,8.071461324561521e-15,0.7537974500352436,"GJR-GARCH(1,1,1)-t"
12981,53.378356339776644,58.33470774749212,True,False,5.813528603082794e-19,1.0,"GJR-GARCH(1,1,1)-t"
12987,32.04947942005745,37.00583082777292,True,True,7.59757329696029e-11,0.9482872953143295,"GJR-GARCH(1,1,1)-t"
12991,11.196237048881523,16.152588456596995,True,True,0.0,0.0,"GJR-GARCH(1,1,1)-t"
12996,23.41590150189623,28.372252909611703,True,True,0.8722363166288027,6.497630784033598e-20,"GJR-GARCH(1,1,1)-t"
12998,79.78099070252645,84.73734211024193,True,True,0.40773418867406813,1.8519763521496353e-16,"GJR-GARCH(1,1,1)-t"
13010,24.00426933729349,28.96062074500896,True,False,0.4348410273940009,0.72161590763738,"GJR-GARCH(1,1,1)-t"
13018,8.786249634875023,13.742601042590493,True,True,9.643703420434308e-14,0.45982305771945325,"GJR-GARCH(1,1,1)-t"
13019,34.96172539789332,39.918076805608784,True,False,1.1184845311985663e-14,0.9999999999999916,"GJR-GARCH(1,1,1)-t"
13028,18.66894809664783,23.6252995043633,True,False,0.9999999999998924,3.403978362878417e-14,"GJR-GARCH(1,1,1)-t"
13039,35.2804631999383,40.23681460765377,True,False,1.0,0.08452419566688038,"GJR-GARCH(1,1,1)-t"
13071,42.641346270194546,47.59769767791002,True,True,1.4022294417569239e-14,6.662358254125468e-16,"GJR-GARCH(1,1,1)-t"
13096,16.965924950125288,21.922276357840758,True,False,0.9775715553266006,0.511214222336699,"GJR-GARCH(1,1,1)-t"
13097,16.360570335010586,21.316921742726052,True,True,1.0404362678965195e-16,0.7969716539253366,"GJR-GARCH(1,1,1)-t"
13102,12.78143586776629,17.73778727548176,True,True,0.3410793276367547,0.0,"GJR-GARCH(1,1,1)-t"
13124,37.10872885576684,42.065080263482315,True,True,6.3775444776839516e-15,0.989770933085772,"GJR-GARCH(1,1,1)-t"
13140,12.7492111296701,17.70556253738557,True,True,0.22270294644444866,5.617739160142941e-17,"GJR-GARCH(1,1,1)-t"
13148,14.901265379169601,19.85761678688507,True,True,0.0,2.876691858515809e-12,"GJR-GARCH(1,1,1)-t"
13150,12.820154021161592,17.776505428877062,True,True,5.842526979406651e-08,0.9690541648659597,"GJR-GARCH(1,1,1)-t"
13159,21.641571997857863,26.597923405573333,True,True,2.4784776570814364e-13,0.9649150241751803,"GJR-GARCH(1,1,1)-t"
13160,1.7579748322019952,6.714326239917465,True,True,0.0,1.0178263652618208e-11,"GJR-GARCH(1,1,1)-t"
13163,2.965688026031904,7.922039433747374,True,True,3.6865917367578885e-13,1.8478235090563834e-12,"GJR-GARCH(1,1,1)-t"
13180,26.965259454521938,31.921610862237408,True,True,3.780845225995195e-17,0.005803997477335671,"GJR-GARCH(1,1,1)-t"
13187,28.983353185286916,33.93970459300239,True,True,0.0,1.7510822787711863e-11,"GJR-GARCH(1,1,1)-t"
13196,38.47623637903985,43.43258778675531,True,True,1.1322441337465274e-13,0.9560463186708885,"GJR-GARCH(1,1,1)-t"
13207,13.149964788458655,18.106316196174124,True,True,6.461934798741088e-14,0.9638712680460816,"GJR-GARCH(1,1,1)-t"
13235,8.19682689044581,13.15317829816128,True,True,0.3514376133670836,5.110579963865332e-13,"GJR-GARCH(1,1,1)-t"
13240,16.369105371705242,21.325456779420712,True,True,0.2165795416040269,0.13502045128956214,"GJR-GARCH(1,1,1)-t"
13241,44.24205883030643,49.19841023802191,True,True,2.624265573373823e-15,0.6891744496025416,"GJR-GARCH(1,1,1)-t"
13269,-1.8322816907253152,3.124069716990155,True,True,8.42474872165572e-12,7.644090159012507e-11,"GJR-GARCH(1,1,1)-t"
13276,1.0773001406610359,6.033651548376506,True,True,1.818612367046326e-14,0.9386030228456093,"GJR-GARCH(1,1,1)-t"
13279,21.405728537615996,26.362079945331466,True,True,2.4333664253955974e-13,0.8101255107715281,"GJR-GARCH(1,1,1)-t"
13294,-9.352239267210624,-4.395887859495154,True,True,1.0425801870512123e-17,0.6265663919505654,"GJR-GARCH(1,1,1)-t"
13302,32.374620500199384,37.33097190791485,True,False,0.9999999999932371,1.5706926079733096e-12,"GJR-GARCH(1,1,1)-t"
13305,20.610092253903485,25.566443661618955,True,True,0.0,0.6809415908924084,"GJR-GARCH(1,1,1)-t"
13316,70.20686153099872,75.1632129387142,True,True,3.6966664360558873e-13,3.792375629488214e-13,"GJR-GARCH(1,1,1)-t"
13318,13.54251378920316,18.49886519691863,True,True,8.867505649822067e-15,0.9483835786691119,"GJR-GARCH(1,1,1)-t"
13321,-7.258079431456945,-2.3017280237414752,True,False,2.0054705938902984e-14,0.9999999999999091,"GJR-GARCH(1,1,1)-t"
13324,-7.876479492740732,-2.9201280850252616,True,False,1.0,9.48574757534581e-15,"GJR-GARCH(1,1,1)-t"
13328,22.854175954883715,27.810527362599185,True,True,0.3044476659176441,6.886815581449747e-16,"GJR-GARCH(1,1,1)-t"
13350,11.532977657530413,16.489329065245883,True,False,7.705761569766342e-14,0.999999999999947,"GJR-GARCH(1,1,1)-t"
13354,,,False,False,,,"GJR-GARCH(1,1,1)-t"
13362,-12.64329339226082,-7.686941984545349,True,True,4.473227086711263e-16,0.7148237968310276,"GJR-GARCH(1,1,1)-t"
13368,10.033991779847366,14.990343187562836,True,True,5.42251715198685e-15,0.9916487844816876,"GJR-GARCH(1,1,1)-t"
13377,17.597626741336562,22.553978149052032,True,True,2.4876095876858786e-23,0.61493823725599,"GJR-GARCH(1,1,1)-t"
13382,22.89573734980054,27.852088757516007,True,True,0.2277107305369684,0.0,"GJR-GARCH(1,1,1)-t"
13393,24.04164457198793,28.997995979703397,True,True,1.0295552079893689e-11,0.8068318730939836,"GJR-GARCH(1,1,1)-t"
13394,9.968345157255222,14.924696564970692,True,False,1.0,0.0,"GJR-GARCH(1,1,1)-t"
13398,-11.404266892572487,-6.447915484857017,True,True,1.1933084545764295e-13,7.645110612530733e-13,"GJR-GARCH(1,1,1)-t"
13410,-6.792701205495856,-1.836349797780386,True,True,1.6593034010991155e-15,0.6080552458734753,"GJR-GARCH(1,1,1)-t"
13417,34.26752560328269,39.223877010998166,True,True,8.295909203710732e-16,0.0,"GJR-GARCH(1,1,1)-t"
13421,-12.799867400192262,-7.843515992476792,True,True,0.7493547587476638,0.0,"GJR-GARCH(1,1,1)-t"
13425,12.42119106220414,17.37754246991961,True,True,6.884466706562947e-18,0.4132032852789427,"GJR-GARCH(1,1,1)-t"
13432,25.69419002267648,30.650541430391954,True,False,3.2401845700285366e-16,1.0,"GJR-GARCH(1,1,1)-t"
13436,23.863682379015465,28.820033786730935,True,False,1.0,0.12886872165999827,"GJR-GARCH(1,1,1)-t"
13451,-8.507271365096294,-3.550919957380824,True,True,7.062516286090332e-19,0.18320695944670315,"GJR-GARCH(1,1,1)-t"
13452,21.93212600703343,26.8884774147489,True,True,0.04787858968226342,5.3409787202749966e-17,"GJR-GARCH(1,1,1)-t"
13473,-14.922809578397846,-9.966458170682376,True,True,0.0,0.19631057956496306,"GJR-GARCH(1,1,1)-t"
13480,13.8296964953635,18.78604790307897,True,True,2.5684394509443745e-12,1.5162811353304544e-10,"GJR-GARCH(1,1,1)-t"
13484,19.36462019269487,24.32097160041034,True,True,0.8195480213257081,2.3375992661951932e-11,"GJR-GARCH(1,1,1)-t"
13488,40.31217516236072,45.26852657007619,True,True,2.7901758895873834e-13,0.9901052653914103,"GJR-GARCH(1,1,1)-t"
13495,-11.434399949944723,-6.478048542229253,True,True,1.0478632618904889e-14,0.9746630385716953,"GJR-GARCH(1,1,1)-t"
13500,6.198557596277886,11.154909003993357,True,True,1.1566813639377065e-15,0.9137769979293537,"GJR-GARCH(1,1,1)-t"
13501,17.29481843986149,22.25116984757696,True,True,1.6447495197307054e-14,0.9765912324455943,"GJR-GARCH(1,1,1)-t"
13503,18.531188831614656,23.487540239330126,True,True,0.0,0.9918515063602822,"GJR-GARCH(1,1,1)-t"
13513,-9.6468168123282,-4.6904654046127305,True,True,1.1512947275337469e-11,3.6958622019584605e-10,"GJR-GARCH(1,1,1)-t"
13514,12.286953964622372,17.243305372337844,True,True,0.6455732768346578,0.0,"GJR-GARCH(1,1,1)-t"
13523,1.1024601589677268,6.058811566683197,True,True,0.3132739667127509,0.5158064017278018,"GJR-GARCH(1,1,1)-t"
13529,73.25441425565111,78.21076566336659,True,True,0.9349089091798649,6.985337890052941e-22,"GJR-GARCH(1,1,1)-t"
13531,-0.22021100330884735,4.736140404406623,True,True,0.0,0.9471907885023321,"GJR-GARCH(1,1,1)-t"
13533,-7.873160497347762,-2.9168090896322916,True,True,0.2553505385503617,5.038017493687396e-16,"GJR-GARCH(1,1,1)-t"
13552,14.066516636129752,19.02286804384522,True,False,0.7054855698356104,0.6472572150821938,"GJR-GARCH(1,1,1)-t"
13560,6.011484315749297,10.967835723464766,True,False,0.0,1.0,"GJR-GARCH(1,1,1)-t"
13567,13.459262986308751,18.41561439402422,True,False,0.0,1.0,"GJR-GARCH(1,1,1)-t"
13579,2.5544142279170003,7.51076563563247,True,False,0.6205884566914796,0.6897057716537744,"GJR-GARCH(1,1,1)-t"
13586,-2.534695933355728,2.421655474359742,True,True,3.7107696014962423e-14,3.2104326338960686e-16,"GJR-GARCH(1,1,1)-t"
13594,-0.5004791256663808,4.455872282049089,True,True,0.0,0.0,"GJR-GARCH(1,1,1)-t"
13595,27.61812723438403,32.5744786420995,True,True,1.752082026733787e-14,0.7399663430758718,"GJR-GARCH(1,1,1)-t"
13598,-7.011884367706241,-2.055532959990771,True,True,2.1331390758121056e-16,7.280755312297633e-15,"GJR-GARCH(1,1,1)-t"
13599,15.157296069682685,20.113647477398157,True,True,0.0,0.1594440538429933,"GJR-GARCH(1,1,1)-t"
13602,-1.270328759439808,3.686022648275662,True,False,1.0,1.434912859331838e-10,"GJR-GARCH(1,1,1)-t"
13614,13.784062255304114,18.740413663019584,True,True,1.7030752318198888e-11,4.2836517685306326e-12,"GJR-GARCH(1,1,1)-t"
13626,4.496431295523088,9.452782703238558,True,True,0.0,0.6095562199769969,"GJR-GARCH(1,1,1)-t"
13627,1.0764494919972734,6.032800899712743,True,True,0.7723838745383319,3.3303679130927183e-22,"GJR-GARCH(1,1,1)-t"
13643,2.5671721237416385,7.5235235314571085,True,True,9.053176691274391e-15,1.1262160961689609e-14,"GJR-GARCH(1,1,1)-t"
13646,6.490519377034641,11.44687078475011,True,True,3.5896435428837047e-16,0.3356476755342294,"GJR-GARCH(1,1,1)-t"
13650,30.110682249969216,35.06703365768469,True,True,3.6332027689414423e-12,0.9986094616133724,"GJR-GARCH(1,1,1)-t"
13655,7.239081408442767,12.195432816158238,True,True,2.428525678863754e-14,0.9777772467724634,"GJR-GARCH(1,1,1)-t"
13662,-8.36673174603596,-3.41038033832049,True,True,7.694444922101513e-16,3.2570060977416603e-12,"GJR-GARCH(1,1,1)-t"
13663,21.625793119297093,26.582144527012563,True,True,1.875942118231074e-19,0.0,"GJR-GARCH(1,1,1)-t"
13673,19.16626296038729,24.12261436810276,True,True,0.04239622112491141,0.6030750689046821,"GJR-GARCH(1,1,1)-t"
13678,13.159085873878933,18.115437281594403,True,True,1.8427390969200134e-14,1.1437154727806913e-13,"GJR-GARCH(1,1,1)-t"
13699,16.475475341603055,21.431826749318525,True,True,0.0,0.9903568272951838,"GJR-GARCH(1,1,1)-t"
13707,-6.717667624981004,-1.7613162172655343,True,True,5.5131373181502e-17,0.8115069122917187,"GJR-GARCH(1,1,1)-t"
13710,12.337620765831323,17.29397217354679,True,True,1.9939432294461672e-13,0.8319391316740045,"GJR-GARCH(1,1,1)-t"
13720,5.917719939373367,10.874071347088837,True,True,1.2910274240491389e-15,0.5686828501345159,"GJR-GARCH(1,1,1)-t"
13729,8.729117735532778,13.685469143248248,True,False,3.580018523391115e-12,0.9999999998299408,"GJR-GARCH(1,1,1)-t"
13735,80.80802545158103,85.7643768592965,True,True,7.921739422017192e-19,0.6014604115310025,"GJR-GARCH(1,1,1)-t"
13737,6.226149166289762,11.182500574005232,True,True,0.0,0.9523922879040251,"GJR-GARCH(1,1,1)-t"
13745,14.505642294435878,19.461993702151346,True,True,1.2707578406968862e-18,0.1991949312021181,"GJR-GARCH(1,1,1)-t"
13762,,,False,False,,,"GJR-GARCH(1,1,1)-t"
13763,12.135643822676057,17.091995230391525,True,True,0.2889080579012937,0.3045354135827295,"GJR-GARCH(1,1,1)-t"
13771,,,False,False,,,"GJR-GARCH(1,1,1)-t"
13775,19.208599163436425,24.164950571151895,True,True,0.0,0.5186064029280019,"GJR-GARCH(1,1,1)-t"
13791,-5.3845135816075675,-0.42816217389209754,True,True,0.0,0.5720296515649042,"GJR-GARCH(1,1,1)-t"
13792,-11.520605621178461,-6.564254213462991,True,True,0.2539235491315035,5.786422167711325e-17,"GJR-GARCH(1,1,1)-t"
13798,4.439804819577816,9.396156227293286,True,True,0.2864053161494074,5.57562960869672e-16,"GJR-GARCH(1,1,1)-t"
13821,5.46725312025216,10.42360452796763,True,True,1.4959979919529445e-15,0.837826251360502,"GJR-GARCH(1,1,1)-t"
13822,-9.15679220048964,-4.20044079277417,True,False,0.9730097372265776,0.5134956000687185,"GJR-GARCH(1,1,1)-t"
13838,11.870046721652828,16.8263981293683,True,False,1.0,0.0,"GJR-GARCH(1,1,1)-t"
13851,61.92536716276298,66.88171857047845,True,True,0.20818303173857775,6.497532041990648e-14,"GJR-GARCH(1,1,1)-t"
13857,-1.45925518526896,3.49709622244651,True,True,0.0,0.3216055955946943,"GJR-GARCH(1,1,1)-t"
13861,1.5847133365435724,6.541064744259042,True,True,4.578779349255407e-16,0.8952846652204922,"GJR-GARCH(1,1,1)-t"
13868,13.451319039813308,18.407670447528776,True,True,0.0,0.9847107587113934,"GJR-GARCH(1,1,1)-t"
13872,-4.823457900385542,0.13289350732992844,True,True,8.144351592972107e-16,0.2575974496680695,"GJR-GARCH(1,1,1)-t"
13880,-16.135902257551543,-11.179550849836073,True,True,0.03562889850353009,1.075495223557778e-16,"GJR-GARCH(1,1,1)-t"
13891,1.4374643021458837,6.393815709861354,True,True,4.161790441699216e-10,0.44594306965235386,"GJR-GARCH(1,1,1)-t"
13900,9.230457525238567,14.186808932954037,True,False,0.0,1.0,"GJR-GARCH(1,1,1)-t"
13912,7.791603189685215,12.747954597400685,True,True,0.33848074903330305,5.222212828310162e-15,"GJR-GARCH(1,1,1)-t"
13920,1.629413729109956,6.585765136825426,True,False,2.779240771816921e-19,1.0,"GJR-GARCH(1,1,1)-t"
13928,3.9937026588063453,8.950054066521815,True,True,0.0,0.28853503092620414,"GJR-GARCH(1,1,1)-t"
13936,-17.753632124187465,-12.797280716471995,True,True,5.565516233417362e-17,0.581680277626168,"GJR-GARCH(1,1,1)-t"
13941,13.949028306759457,18.905379714474925,True,True,0.7738204879185692,0.0,"GJR-GARCH(1,1,1)-t"
13948,33.063300846622234,38.0196522543377,True,True,2.1169577707801594e-15,0.9062992127280899,"GJR-GARCH(1,1,1)-t"
13949,8.02416017593483,12.9805115836503,True,False,1.0,0.3934879059917773,"GJR-GARCH(1,1,1)-t"
13960,-21.256146674882366,-16.299795267166896,True,True,1.5144111555662237e-15,0.5783446414157222,"GJR-GARCH(1,1,1)-t"
13968,14.251376685180748,19.207728092896218,True,True,0.0,0.7748370165031917,"GJR-GARCH(1,1,1)-t"
13971,-0.41402440333120083,4.542327004384269,True,True,3.885548639148935e-11,0.9652884179792938,"GJR-GARCH(1,1,1)-t"
13980,6.671736749962763,11.628088157678233,True,True,5.724852563376906e-11,1.6974410792480162e-09,"GJR-GARCH(1,1,1)-t"
13983,10.468501632030986,15.424853039746456,True,True,4.00818185486502e-16,0.7152580007427515,"GJR-GARCH(1,1,1)-t"
13986,9.549606202152901,14.505957609868371,True,False,0.0,1.0,"GJR-GARCH(1,1,1)-t"
14001,43.22751740592794,48.183868813643414,True,False,0.9999999999999992,1.1265946459843102e-15,"GJR-GARCH(1,1,1)-t"
14004,1.7281521344886315,6.6845035422041015,True,True,3.186502422568172e-14,5.030098132728698e-13,"GJR-GARCH(1,1,1)-t"
14016,10.529919721043228,15.486271128758698,True,True,8.903242573893402e-21,7.852932321617702e-20,"GJR-GARCH(1,1,1)-t"
14021,-6.674777015554408,-1.7184256078389382,True,False,0.0,0.9999999999999939,"GJR-GARCH(1,1,1)-t"
14054,8.292120292504523,13.248471700219993,True,True,9.802326788818684e-17,0.9075687953021293,"GJR-GARCH(1,1,1)-t"
14061,23.74858118323848,28.70493259095395,True,True,0.0,0.7890108738748561,"GJR-GARCH(1,1,1)-t"
14065,-0.45544050025805305,4.500910907457417,True,True,0.19029996679154063,0.0,"GJR-GARCH(1,1,1)-t"
14070,31.10324632354073,36.059597731256204,True,True,2.6305170515914886e-14,0.795193124041853,"GJR-GARCH(1,1,1)-t"
14077,-9.410369672695754,-4.454018264980284,True,True,0.3806070354991386,2.272099826851556e-17,"GJR-GARCH(1,1,1)-t"
14079,16.322835913930252,21.279187321645722,True,True,0.0,0.9570685734902201,"GJR-GARCH(1,1,1)-t"
14080,6.579164193668696,11.535515601384166,True,True,0.0,0.9037423947986344,"GJR-GARCH(1,1,1)-t"
14088,-1.877911592902553,3.078439814812917,True,False,1.4455714558509386e-13,0.9999999999342889,"GJR-GARCH(1,1,1)-t"
14093,-8.082449055222618,-3.126097647507148,True,False,9.21925447815367e-16,0.999999999999998,"GJR-GARCH(1,1,1)-t"
14105,-0.8403616650391328,4.115989742676337,True,True,2.056206702525803e-14,0.838241728592814,"GJR-GARCH(1,1,1)-t"
14111,24.794419863473536,29.75077127118901,True,False,0.47360530006211965,0.7631973499689187,"GJR-GARCH(1,1,1)-t"
14125,14.1763224846729,19.132673892388368,True,True,1.722814423909964e-15,0.30238862449786813,"GJR-GARCH(1,1,1)-t"
14169,27.844157189591762,32.80050859730723,True,True,1.4136377081147218e-20,0.512022205983745,"GJR-GARCH(1,1,1)-t"
14171,36.18862763251602,41.14497904023149,True,True,0.6043051600166279,0.026817564322210784,"GJR-GARCH(1,1,1)-t"
14176,-9.604088201650324,-4.647736793934854,True,True,4.6612894924161794e-17,0.9809596763646129,"GJR-GARCH(1,1,1)-t"
14177,24.735462519511497,29.691813927226967,True,True,1.834416499219198e-10,0.9686403522131158,"GJR-GARCH(1,1,1)-t"
14183,-10.276166291005392,-5.319814883289922,True,False,3.81778715051471e-15,0.9999999999999982,"GJR-GARCH(1,1,1)-t"
14205,38.80257504846391,43.75892645617938,True,True,0.4494995578049988,2.1465834631715814e-17,"GJR-GARCH(1,1,1)-t"
14215,12.006010053512789,16.96236146122826,True,True,1.3477964471911652e-16,0.06823598694938075,"GJR-GARCH(1,1,1)-t"
14218,6.68489363039585,11.64124503811132,True,True,8.827912549214981e-18,0.9701499313661534,"GJR-GARCH(1,1,1)-t"
14234,24.996412099505136,29.952763507220606,True,True,2.6755776164100794e-16,0.6734490520468984,"GJR-GARCH(1,1,1)-t"
14235,13.429541952640982,18.38589336035645,True,True,0.5308699264344702,0.0,"GJR-GARCH(1,1,1)-t"
14243,24.681935869191317,29.638287276906787,True,False,8.678556172061386e-13,0.999999999999005,"GJR-GARCH(1,1,1)-t"
14246,-3.8732603952715436,1.0830910124439264,True,False,2.2892566689796134e-14,0.9999999999998451,"GJR-GARCH(1,1,1)-t"
14247,-11.008670747947622,-6.0523193402321525,True,True,2.7297466706008797e-08,0.9175272792624167,"GJR-GARCH(1,1,1)-t"
14263,-8.018662160605064,-3.0623107528895943,True,True,7.033038542880481e-12,0.9541483865959696,"GJR-GARCH(1,1,1)-t"
14273,-10.932609325095974,-5.976257917380504,True,False,0.2324785837583246,0.8578199953609025,"GJR-GARCH(1,1,1)-t"
14276,36.2459869459118,41.20233835362727,True,True,0.3013760793985123,0.22334913865661538,"GJR-GARCH(1,1,1)-t"
14278,13.737925343989057,18.69427675170453,True,True,9.086470642062945e-09,0.9609328198067345,"GJR-GARCH(1,1,1)-t"
14279,2.4261024965512608,7.382453904266731,True,True,2.9945053246266565e-15,0.1867637978452628,"GJR-GARCH(1,1,1)-t"
14280,10.489486940917484,15.445838348632954,True,True,0.0,0.9837598847168602,"GJR-GARCH(1,1,1)-t"
14285,-13.691719465308516,-8.735368057593046,True,True,0.0,0.7345646842789292,"GJR-GARCH(1,1,1)-t"
14297,5.06475055451099,10.02110196222646,True,False,0.0,1.0,"GJR-GARCH(1,1,1)-t"
14305,1.9016246708761955,6.8579760785916655,True,False,2.6369843206119615e-20,1.0,"GJR-GARCH(1,1,1)-t"
14311,-14.32646375008791,-9.37011234237244,True,True,7.212706450898798e-14,0.0,"GJR-GARCH(1,1,1)-t"
14316,18.113577495673667,23.06992890338914,True,True,2.534563602216681e-20,0.04098388726791685,"GJR-GARCH(1,1,1)-t"
14319,-2.9510509795963955,2.0053004281190745,True,True,0.046920142475825606,4.375841870648227e-17,"GJR-GARCH(1,1,1)-t"
14326,4.0034266936935765,8.959778101409047,True,True,4.4705977894429065e-14,0.9721990066143519,"GJR-GARCH(1,1,1)-t"
14341,6.6428588393955135,11.599210247110983,True,False,4.387403225380107e-15,1.0,"GJR-GARCH(1,1,1)-t"
14350,-2.963264021588234,1.993087386127236,True,True,0.0,0.5468146465421801,"GJR-GARCH(1,1,1)-t"
14356,-21.47659447193879,-16.52024306422332,True,True,5.9484346587915495e-18,0.7852376552465092,"GJR-GARCH(1,1,1)-t"
14361,-2.101993114082923,2.854358293632547,True,True,0.2112263512213696,0.48618409759169706,"GJR-GARCH(1,1,1)-t"
14389,24.909559962924227,29.865911370639697,True,False,0.0,1.0,"GJR-GARCH(1,1,1)-t"
14416,-12.720063606290328,-7.763712198574858,True,True,0.0,0.0,"GJR-GARCH(1,1,1)-t"
14420,25.574367020285088,30.530718428000558,True,True,8.351836204809755e-15,0.8069244101643702,"GJR-GARCH(1,1,1)-t"
14422,11.498383751068086,16.454735158783556,True,True,0.0,0.3744006463389044,"GJR-GARCH(1,1,1)-t"
14423,-20.524042351062448,-15.567690943346978,True,True,0.0,0.9321000348062243,"GJR-GARCH(1,1,1)-t"
14435,-5.6891463370389985,-0.7327949293235285,True,True,0.7325890242244564,2.5932781067940865e-12,"GJR-GARCH(1,1,1)-t"
14442,15.454241624306185,20.410593032021655,True,True,0.0,0.8222067715407447,"GJR-GARCH(1,1,1)-t"
14445,10.517331409505822,15.473682817221292,True,True,0.10051011641832114,0.8748971649407091,"GJR-GARCH(1,1,1)-t"
14447,28.0145906304655,32.970942038180965,True,True,0.9397579868168983,0.0,"GJR-GARCH(1,1,1)-t"
14449,-7.074207214421346,-2.117855806705876,True,True,1.345739894203639e-11,0.9814922722896471,"GJR-GARCH(1,1,1)-t"
14464,-5.002975314001173,-0.04662390628570279,True,True,1.3519382386370349e-13,4.241005248004404e-12,"GJR-GARCH(1,1,1)-t"
14465,7.098716574676745,12.055067982392215,True,True,0.40988951860556977,3.2959372932691048e-12,"GJR-GARCH(1,1,1)-t"
14476,29.88027297437596,34.83662438209143,True,True,1.9226641676283693e-12,0.8473329453456248,"GJR-GARCH(1,1,1)-t"
14483,15.963454690297745,20.919806098013215,True,True,1.3926428922038609e-14,0.8021632055995762,"GJR-GARCH(1,1,1)-t"
14487,-0.5183841525221311,4.437967255193339,True,True,0.0,0.6904234469694048,"GJR-GARCH(1,1,1)-t"
14494,13.648494570373877,18.604845978089347,True,True,5.057593479696363e-16,0.7454534178780703,"GJR-GARCH(1,1,1)-t"
14501,-9.52178367832656,-4.56543227061109,True,False,1.0,0.0,"GJR-GARCH(1,1,1)-t"
14504,2.219674766207735,7.176026173923205,True,True,0.3808257793168193,0.2499753495892584,"GJR-GARCH(1,1,1)-t"
14510,-6.663754150852704,-1.7074027431372336,True,True,3.499370864241027e-13,1.4720608384490294e-12,"GJR-GARCH(1,1,1)-t"
14547,34.92093357186286,39.877284979578334,True,False,1.11238325874937e-17,0.9999999999999999,"GJR-GARCH(1,1,1)-t"
14549,-0.9958274462272385,3.9605239614882315,True,False,0.0,0.9999999999999998,"GJR-GARCH(1,1,1)-t"
14561,6.698160498512874,11.654511906228343,True,True,0.27733620276426085,0.010789193270719895,"GJR-GARCH(1,1,1)-t"
14564,34.915375023325524,39.871726431041,True,True,0.8201982450692371,5.209567370841158e-11,"GJR-GARCH(1,1,1)-t"
14572,-20.296995817468428,-15.340644409752958,True,True,6.101184748391335e-16,0.1717962990948628,"GJR-GARCH(1,1,1)-t"
14573,8.83845547686817,13.79480688458364,True,False,0.9999999999905194,4.67689653496306e-12,"GJR-GARCH(1,1,1)-t"
14579,5.036654836603697,9.993006244319167,True,True,2.4546733313372637e-17,4.157760689283031e-16,"GJR-GARCH(1,1,1)-t"
14582,57.183602721683854,62.13995412939933,True,True,5.124460664824913e-17,8.396153197107979e-16,"GJR-GARCH(1,1,1)-t"
14601,13.969345386203521,18.92569679391899,True,False,0.0,0.9999999999999999,"GJR-GARCH(1,1,1)-t"
14619,-4.3116400017567145,0.6447114059587555,True,True,6.858731675849352e-16,0.309963230714571,"GJR-GARCH(1,1,1)-t"
14623,-9.858867017394463,-4.902515609678993,True,False,9.821078541725605e-16,0.9999999999999954,"GJR-GARCH(1,1,1)-t"
14629,14.023845185019274,18.980196592734742,True,True,0.0,0.47605977105726227,"GJR-GARCH(1,1,1)-t"
14632,45.437825054795525,50.39417646251099,True,True,5.999320978247882e-13,0.8416776905180324,"GJR-GARCH(1,1,1)-t"
14635,4.296834564265122,9.253185971980592,True,False,1.0,0.11639309472985873,"GJR-GARCH(1,1,1)-t"
14646,-10.708767964103355,-5.752416556387885,True,True,0.5012222064686344,0.10363749204451916,"GJR-GARCH(1,1,1)-t"
14648,20.96110925383285,25.91746066154832,True,True,3.927497006590924e-15,0.9462181674648261,"GJR-GARCH(1,1,1)-t"
14697,44.0842259320533,49.040577339768774,True,True,0.0,0.9814201237480101,"GJR-GARCH(1,1,1)-t"
14714,9.130166077684937,14.086517485400407,True,True,1.3476234486193536e-08,0.969667512203273,"GJR-GARCH(1,1,1)-t"
14715,-2.3612489297145665,2.5951024780009035,True,True,5.9216762443244e-15,0.08767956644516682,"GJR-GARCH(1,1,1)-t"
14721,7.6326864924610724,12.589037900176542,True,True,1.2233397900425253e-09,0.5255276362014218,"GJR-GARCH(1,1,1)-t"
14730,-13.419304781055995,-8.462953373340525,True,True,0.09409574952003119,1.886841099057792e-14,"GJR-GARCH(1,1,1)-t"
14733,14.878552528585573,19.834903936301043,True,True,5.687536261807876e-22,0.7834602437194915,"GJR-GARCH(1,1,1)-t"
14738,3.635568413313676,8.591919821029146,True,True,1.5236348612260778e-16,0.5235846099287793,"GJR-GARCH(1,1,1)-t"
14740,10.13396172256185,15.09031313027732,True,True,0.0,0.6666357301499509,"GJR-GARCH(1,1,1)-t"
14749,16.195610494980965,21.151961902696435,True,True,2.9521374512682964e-14,0.5066799186151002,"GJR-GARCH(1,1,1)-t"
14751,60.78533099340397,65.74168240111943,True,True,3.191795087591e-15,0.8125227057674449,"GJR-GARCH(1,1,1)-t"
14752,13.778927535382547,18.735278943098017,True,False,0.0,0.9999999999999942,"GJR-GARCH(1,1,1)-t"
14754,-8.980524458302398,-4.024173050586928,True,True,2.0189642488272848e-20,6.417421487058665e-17,"GJR-GARCH(1,1,1)-t"
14769,-3.4480274577309586,1.5083239499845114,True,True,6.564783039305011e-19,0.5117523160073262,"GJR-GARCH(1,1,1)-t"
14795,12.475030423121956,17.431381830837424,True,True,9.646407372556986e-14,0.9635345774809353,"GJR-GARCH(1,1,1)-t"
14797,-23.014201388977227,-18.057849981261757,True,True,0.0,0.5024789387844081,"GJR-GARCH(1,1,1)-t"
14800,0.5526163028715878,5.508967710587058,True,True,1.0183249381197481e-10,0.9852383465714863,"GJR-GARCH(1,1,1)-t"
14807,48.07898272137552,53.035334129090984,True,True,0.08998220631999308,0.0,"GJR-GARCH(1,1,1)-t"
14809,-13.033049861692465,-8.076698453976995,True,False,4.1935371777537396e-16,1.0,"GJR-GARCH(1,1,1)-t"
14810,-32.585758894455736,-27.629407486740266,True,False,0.999999999999762,0.30557332002414384,"GJR-GARCH(1,1,1)-t"
14813,10.162319942541824,15.118671350257294,True,True,0.07135215440732723,0.8528389779231098,"GJR-GARCH(1,1,1)-t"
14817,14.97918603280959,19.93553744052506,True,True,1.751754758628032e-15,0.5773485035640109,"GJR-GARCH(1,1,1)-t"
14836,39.819596515910334,44.77594792362581,True,False,0.9999999999999779,4.296103622565987e-17,"GJR-GARCH(1,1,1)-t"
14838,8.123589310088263,13.079940717803733,True,True,4.56273408858516e-13,0.9813512211980515,"GJR-GARCH(1,1,1)-t"
14842,1.8762761688167409,6.832627576532211,True,False,1.820048809163735e-15,1.0,"GJR-GARCH(1,1,1)-t"
14857,31.21404727569135,36.170398683406816,True,True,0.0,0.0,"GJR-GARCH(1,1,1)-t"
14866,19.029411746588792,23.98576315430426,True,False,0.0,1.0,"GJR-GARCH(1,1,1)-t"
14869,-5.333847358438252,-0.37749595072278197,True,False,0.99999999995018,1.819889614590376e-11,"GJR-GARCH(1,1,1)-t"
14886,19.46308998757021,24.41944139528568,True,True,1.6985323519198502e-15,0.12747565066989802,"GJR-GARCH(1,1,1)-t"
14895,9.188354466905082,14.144705874620552,True,False,6.072370456061261e-17,0.9999999999999986,"GJR-GARCH(1,1,1)-t"
14897,-4.986546912712299,-0.030195504996829214,True,True,4.163855424044079e-17,0.3268325846032154,"GJR-GARCH(1,1,1)-t"
14906,7.444429774687777,12.400781182403247,True,True,1.3392217095411096e-13,4.764720553715301e-13,"GJR-GARCH(1,1,1)-t"
14908,17.841462143009704,22.797813550725174,True,True,3.918738729267732e-15,0.252132389078112,"GJR-GARCH(1,1,1)-t"
14909,1.7338494050720286,6.690200812787499,True,True,0.5626464233309156,0.168456534152213,"GJR-GARCH(1,1,1)-t"
14912,-3.7326577338190674,1.2236936738964026,True,False,0.9999999999999998,0.13403884399013147,"GJR-GARCH(1,1,1)-t"
14913,9.242585991064775,14.198937398780245,True,True,1.5682441266633762e-15,2.283144359900042e-17,"GJR-GARCH(1,1,1)-t"
14916,5.3897765151477195,10.34612792286319,True,True,4.790564716905616e-16,2.4119328509655588e-14,"GJR-GARCH(1,1,1)-t"
14918,8.700101469730997,13.656452877446467,True,True,0.009840661838364717,2.1171551766964953e-16,"GJR-GARCH(1,1,1)-t"
14924,23.035364384909645,27.991715792625115,True,True,0.0,0.0,"GJR-GARCH(1,1,1)-t"
14926,-8.48333448860248,-3.5269830808870104,True,False,0.0,0.9999999306408438,"GJR-GARCH(1,1,1)-t"
14928,4.412983065884193,9.369334473599663,True,False,0.6504526972479615,0.6439364676095679,"GJR-GARCH(1,1,1)-t"
14951,21.16349414093827,26.119845548653743,True,True,9.276819055008203e-19,0.019758051054313153,"GJR-GARCH(1,1,1)-t"
14970,-1.0932437024269355,3.8631077052885345,True,True,2.044841141324305e-23,1.5669527871772484e-12,"GJR-GARCH(1,1,1)-t"
14976,3.006141100110886,7.962492507826356,True,True,0.7428556518070323,0.18350824189808024,"GJR-GARCH(1,1,1)-t"
14977,0.8937815762275338,5.850132983943004,True,True,0.0,0.7596451715181436,"GJR-GARCH(1,1,1)-t"
14979,15.032052868146506,19.988404275861974,True,True,0.688161869466978,8.993196094111132e-20,"GJR-GARCH(1,1,1)-t"
14982,4.588515340647284,9.544866748362754,True,False,0.5810910855858841,0.5764075240843647,"GJR-GARCH(1,1,1)-t"
14994,1.159638537016841,6.115989944732311,True,True,0.0,0.054917006884521107,"GJR-GARCH(1,1,1)-t"
14995,3.896722737581534,8.853074145297004,True,True,0.0,0.0,"GJR-GARCH(1,1,1)-t"
15008,0.6913323710780173,5.647683778793487,True,True,0.0,3.6833372243606705e-12,"GJR-GARCH(1,1,1)-t"
15010,3.479874463010745,8.436225870726215,True,False,1.0,0.03975120900276994,"GJR-GARCH(1,1,1)-t"
15035,0.7712592701365146,5.727610677851985,True,True,7.638645703704626e-17,0.9831882853330389,"GJR-GARCH(1,1,1)-t"
15038,-0.8867572672244144,4.069594140491056,True,True,9.308951670685804e-15,0.5485661417213716,"GJR-GARCH(1,1,1)-t"
15048,-5.264315672694121,-0.3079642649786507,True,False,0.9999997265973769,5.9195220152476153e-08,"GJR-GARCH(1,1,1)-t"
15061,54.40726740012025,59.36361880783572,True,True,0.0,0.9518953816878475,"GJR-GARCH(1,1,1)-t"
15063,7.4356313988753495,12.39198280659082,True,True,1.509209542234604e-11,0.9844230622081082,"GJR-GARCH(1,1,1)-t"
15092,11.465633708187355,16.421985115902825,True,True,6.89821161294158e-08,0.702330142727966,"GJR-GARCH(1,1,1)-t"
15122,16.65042821187273,21.6067796195882,True,True,0.0,0.993891731784112,"GJR-GARCH(1,1,1)-t"
15131,33.79818332100106,38.75453472871653,True,True,0.30779972597599775,0.0,"GJR-GARCH(1,1,1)-t"
15132,18.219107727935572,23.175459135651042,True,False,0.9999999999999957,0.1692629073746002,"GJR-GARCH(1,1,1)-t"
15139,3.062398052087179,8.018749459802649,True,False,0.17383324618227503,0.8349007964613413,"GJR-GARCH(1,1,1)-t"
15147,19.92210376246123,24.8784551701767,True,True,0.34969855066785804,0.0,"GJR-GARCH(1,1,1)-t"
15155,81.94582823031793,86.9021796380334,True,True,0.08061811285263268,0.0,"GJR-GARCH(1,1,1)-t"
15163,-3.047299533962203,1.909051873753267,True,True,1.4549478254279254e-17,0.9005173384541006,"GJR-GARCH(1,1,1)-t"
15173,22.820325248683673,27.776676656399147,True,True,1.1042366878800815e-13,0.9720874652579209,"GJR-GARCH(1,1,1)-t"
15185,27.475792455117805,32.43214386283327,True,True,2.445754851215952e-13,0.884912223323091,"GJR-GARCH(1,1,1)-t"
15186,20.435032539350043,25.391383947065513,True,True,1.1369726579364487e-14,0.7060149938302396,"GJR-GARCH(1,1,1)-t"
15194,-9.583836314500552,-4.627484906785082,True,False,1.0,3.447716398577905e-20,"GJR-GARCH(1,1,1)-t"
15209,9.398961589818086,14.355312997533556,True,True,2.6594661398653614e-14,8.326889071750909e-15,"GJR-GARCH(1,1,1)-t"
15216,5.678693847518147,10.635045255233617,True,True,7.95750922352101e-16,0.0,"GJR-GARCH(1,1,1)-t"
15239,6.835977981251304,11.792329388966774,True,True,4.372235050362431e-15,0.22832701980003806,"GJR-GARCH(1,1,1)-t"
15246,25.127581189255338,30.08393259697081,True,True,5.4466507603513405e-11,0.9731910771301202,"GJR-GARCH(1,1,1)-t"
15269,-12.173238167187375,-7.216886759471905,True,True,0.0,0.6821299847095768,"GJR-GARCH(1,1,1)-t"
15271,9.46718135049991,14.42353275821538,True,True,3.6172060284328064e-16,0.9816329771455736,"GJR-GARCH(1,1,1)-t"
15276,-3.257893739482128,1.6984576682333419,True,True,0.3150232092410886,0.5759042846411868,"GJR-GARCH(1,1,1)-t"
15280,-3.464466599489139,1.491884808226331,True,False,5.773901883394292e-14,0.9999999999993001,"GJR-GARCH(1,1,1)-t"
15288,13.537796530928215,18.494147938643685,True,True,7.269984103559665e-15,0.538746046924134,"GJR-GARCH(1,1,1)-t"
15290,13.185242151274634,18.141593558990106,True,True,8.676987944966438e-20,0.09719711640121463,"GJR-GARCH(1,1,1)-t"
15291,17.802598466724323,22.758949874439793,True,False,2.111505656629353e-13,0.9999999999918752,"GJR-GARCH(1,1,1)-t"
15319,8.834030017526707,13.790381425242177,True,True,0.0,5.228359528315844e-09,"GJR-GARCH(1,1,1)-t"
15335,15.825190045872052,20.781541453587522,True,False,1.0,0.2673510868120641,"GJR-GARCH(1,1,1)-t"
15341,-10.260896767520876,-5.304545359805406,True,True,0.05537469647242118,2.2265497246525426e-13,"GJR-GARCH(1,1,1)-t"
15344,50.5951073665801,55.55145877429557,True,True,0.0751761609289738,0.8794657364271331,"GJR-GARCH(1,1,1)-t"
15352,31.53487366362218,36.49122507133765,True,True,0.0,3.369014396206931e-16,"GJR-GARCH(1,1,1)-t"
15353,-4.9660379167883235,-0.00968650907285351,True,True,8.174797855153986e-16,0.24808187070716764,"GJR-GARCH(1,1,1)-t"
15365,8.348698503360183,13.305049911075653,True,True,0.0,0.9664191376924726,"GJR-GARCH(1,1,1)-t"
15388,24.03100090241397,28.98735231012944,True,True,0.07342259553683647,0.8039510149426293,"GJR-GARCH(1,1,1)-t"
15393,4.061935440424715,9.018286848140185,True,True,5.749972821428457e-16,0.0,"GJR-GARCH(1,1,1)-t"
15400,36.33653656657742,41.292887974292896,True,True,0.0,0.6620413854893352,"GJR-GARCH(1,1,1)-t"
15418,5.413053039990768,10.369404447706238,True,True,0.0,0.0,"GJR-GARCH(1,1,1)-t"
15433,-3.735331960110944,1.221019447604526,True,True,0.0,0.03833961663577451,"GJR-GARCH(1,1,1)-t"
15448,-25.70179938953678,-20.74544798182131,True,True,6.937052621591902e-16,0.4823446934102971,"GJR-GARCH(1,1,1)-t"
15462,-4.421373352053873,0.5349780556615968,True,True,0.0,0.9769138566794845,"GJR-GARCH(1,1,1)-t"
15466,22.849641170971882,27.805992578687352,True,True,0.0,0.9919060978430067,"GJR-GARCH(1,1,1)-t"
15486,-9.277759884441018,-4.321408476725548,True,True,2.837497196857765e-16,0.9280663809603112,"GJR-GARCH(1,1,1)-t"
15491,28.52345261297026,33.479804020685734,True,True,6.867621235819863e-16,0.0,"GJR-GARCH(1,1,1)-t"
15499,10.064259927831372,15.020611335546842,True,False,0.9999999999999212,1.4466049112464631e-13,"GJR-GARCH(1,1,1)-t"
15516,-22.514233576434094,-17.557882168718624,True,True,1.0756363514485949e-20,0.8234192370867311,"GJR-GARCH(1,1,1)-t"
15517,45.649402523866485,50.60575393158195,True,True,0.0,0.9849161559723215,"GJR-GARCH(1,1,1)-t"
15521,12.255089191180645,17.211440598896115,True,True,2.4639858351976787e-16,0.3647129823800747,"GJR-GARCH(1,1,1)-t"
15525,9.653730677043491,14.610082084758961,True,True,3.3383559736197085e-09,3.1894257641500395e-09,"GJR-GARCH(1,1,1)-t"
15529,10.674996901833238,15.631348309548708,True,True,0.0,0.8953875015257894,"GJR-GARCH(1,1,1)-t"
15535,30.73159936043221,35.68795076814768,True,True,1.901317364651646e-15,0.0817834211115372,"GJR-GARCH(1,1,1)-t"
15540,8.183931400424528,13.140282808139998,True,True,2.2915367403414375e-09,0.7744644804065954,"GJR-GARCH(1,1,1)-t"
15547,28.534662183099044,33.49101359081452,True,False,1.6431546074868103e-11,1.0,"GJR-GARCH(1,1,1)-t"
15548,2.1353996593505045,7.0917510670659745,True,True,8.173401158133992e-19,0.7618297240957603,"GJR-GARCH(1,1,1)-t"
15568,4.659783404689918,9.616134812405388,True,True,0.30584570772383807,1.891296183346631e-18,"GJR-GARCH(1,1,1)-t"
15586,-9.73394145457399,-4.777590046858521,True,True,3.1193959601455585e-17,1.0001636653695295e-14,"GJR-GARCH(1,1,1)-t"
15595,-5.731378751113262,-0.7750273433977917,True,True,0.6083004683662744,0.22108999014813838,"GJR-GARCH(1,1,1)-t"
15599,-1.1683598408217843,3.7879915668936857,True,True,0.2003918804400037,1.1145898048375665e-15,"GJR-GARCH(1,1,1)-t"
15625,5.13901623163162,10.09536763934709,True,False,3.1282175610216725e-15,1.0,"GJR-GARCH(1,1,1)-t"
15627,-0.27571448607612936,4.680636921639341,True,True,0.13905576640824044,0.3472815438741148,"GJR-GARCH(1,1,1)-t"
15633,2.2719912778927718,7.228342685608242,True,True,5.039352654412551e-12,3.638975040171939e-11,"GJR-GARCH(1,1,1)-t"
15637,-17.1154613038215,-12.159109896106031,True,False,3.6690179610830226e-15,0.9999999999999978,"GJR-GARCH(1,1,1)-t"
15644,39.14796761237152,44.10431902008699,True,True,0.0,0.45925679363830435,"GJR-GARCH(1,1,1)-t"
15647,30.312981283829977,35.26933269154544,True,True,0.8257306388550475,8.990887915045692e-15,"GJR-GARCH(1,1,1)-t"
15671,25.481514435992494,30.43786584370796,True,True,0.11299145755866069,0.19889640201921954,"GJR-GARCH(1,1,1)-t"
15685,-6.183684901715541,-1.2273334940000709,True,True,0.08795158236533163,0.8996429222558253,"GJR-GARCH(1,1,1)-t"
15687,44.244092614713324,49.2004440224288,True,False,4.660827172136603e-14,0.9999999999998431,"GJR-GARCH(1,1,1)-t"
15689,9.659467989650626,14.615819397366096,True,False,1.3792650507582488e-12,0.9999999999822041,"GJR-GARCH(1,1,1)-t"
15693,-28.16863399057216,-23.21228258285669,True,True,0.0,0.943900713129807,"GJR-GARCH(1,1,1)-t"
15697,-2.4043088595494098,2.5520425481660602,True,True,7.149620277668733e-14,0.28824768362792913,"GJR-GARCH(1,1,1)-t"
15703,10.862975633571615,15.819327041287085,True,False,1.2026366886912632e-16,1.0,"GJR-GARCH(1,1,1)-t"
15706,-2.2687368918083557,2.6876145159071143,True,True,0.6143915640192353,0.09845790774416716,"GJR-GARCH(1,1,1)-t"
15713,6.331790809883629,11.288142217599098,True,True,2.623202093119104e-17,0.8855576652729132,"GJR-GARCH(1,1,1)-t"
15715,13.170967332878224,18.127318740593694,True,True,1.2187171742564274e-13,0.9717330256699312,"GJR-GARCH(1,1,1)-t"
15727,0.5822611477247897,5.53861255544026,True,False,0.0,1.0,"GJR-GARCH(1,1,1)-t"
15728,1.0816038416843092,6.037955249399779,True,True,0.4088535579091869,0.0,"GJR-GARCH(1,1,1)-t"
15730,-6.781497255825521,-1.8251458481100507,True,True,0.0,3.041697418805711e-14,"GJR-GARCH(1,1,1)-t"
15742,3.5019741966787823,8.458325604394252,True,True,1.0328631284200489e-16,0.9564683545120293,"GJR-GARCH(1,1,1)-t"
15746,16.50724094525114,21.46359235296661,True,True,3.8179956831225364e-14,0.8790648670520697,"GJR-GARCH(1,1,1)-t"
15750,26.65610080183096,31.61245220954643,True,True,6.839470098498652e-14,0.17768651995537246,"GJR-GARCH(1,1,1)-t"
15757,2.079127942747771,7.035479350463241,True,True,0.0,0.8915023555066905,"GJR-GARCH(1,1,1)-t"
15759,20.644515845237613,25.600867252953083,True,True,5.09468536704221e-20,0.19377403505167815,"GJR-GARCH(1,1,1)-t"
15765,7.4869907834027725,12.443342191118242,True,True,9.541996702715096e-13,0.9216552441281006,"GJR-GARCH(1,1,1)-t"
15770,12.679045225872837,17.635396633588307,True,False,0.39516386561347155,0.8024180671932646,"GJR-GARCH(1,1,1)-t"
15772,16.18580235472333,21.1421537624388,True,True,0.0,0.9398439638194958,"GJR-GARCH(1,1,1)-t"
15798,-5.5055433186161835,-0.5491919109007135,True,True,8.384746931097785e-19,2.0236781068528004e-16,"GJR-GARCH(1,1,1)-t"
15807,18.087809192508242,23.044160600223712,True,True,0.5247633484127747,0.0,"GJR-GARCH(1,1,1)-t"
15818,6.412577189610643,11.368928597326114,True,True,6.795498378878578e-17,1.1584034034665133e-16,"GJR-GARCH(1,1,1)-t"
15823,40.6431394280931,45.59949083580857,True,True,0.0,0.0,"GJR-GARCH(1,1,1)-t"
15824,45.098068854190686,50.05442026190616,True,False,0.0,1.0,"GJR-GARCH(1,1,1)-t"
15836,-12.384283551908872,-7.427932144193402,True,True,1.632796919729791e-15,0.7824526734967927,"GJR-GARCH(1,1,1)-t"
15840,-14.852357315546527,-9.896005907831057,True,True,1.4751252250408287e-15,0.2999916923358272,"GJR-GARCH(1,1,1)-t"
15845,9.703552832245629,14.659904239961099,True,True,4.6855252621253126e-17,0.7918781684550316,"GJR-GARCH(1,1,1)-t"
15846,-13.761147058424577,-8.804795650709107,True,False,0.28418529887103144,0.8579073505644843,"GJR-GARCH(1,1,1)-t"
15852,-6.297798687262716,-1.3414472795472463,True,True,3.0885792538736708e-19,0.14563756375057688,"GJR-GARCH(1,1,1)-t"
15853,12.601012276935169,17.55736368465064,True,True,4.995567782758429e-11,0.5962498435127224,"GJR-GARCH(1,1,1)-t"
15858,,,False,False,,,"GJR-GARCH(1,1,1)-t"
15861,-11.433274381099121,-6.476922973383651,True,False,0.9999999999997478,1.492258631210055e-13,"GJR-GARCH(1,1,1)-t"
15872,4.701237727558018,9.657589135273488,True,True,0.0,0.8021888837740455,"GJR-GARCH(1,1,1)-t"
15883,36.89491158611811,41.851262993833586,True,True,3.822695535887869e-14,0.7060412410569643,"GJR-GARCH(1,1,1)-t"
15894,16.320245014986092,21.276596422701562,True,True,6.524712107729775e-21,0.8323863585438315,"GJR-GARCH(1,1,1)-t"
15903,14.510027083204792,19.466378490920263,True,True,0.57367612495288,0.39632212554210666,"GJR-GARCH(1,1,1)-t"
15904,36.760743520597885,41.71709492831335,True,False,3.3385418448253567e-16,0.9999999999999982,"GJR-GARCH(1,1,1)-t"
15906,32.574664848910686,37.53101625662615,True,True,1.472337284254772e-12,0.0,"GJR-GARCH(1,1,1)-t"
15907,-6.292559354633408,-1.3362079469179378,True,True,2.546834028227085e-15,0.21734259992112545,"GJR-GARCH(1,1,1)-t"
15908,21.789279161138253,26.745630568853727,True,True,0.10257024652446645,0.48241289978648305,"GJR-GARCH(1,1,1)-t"
15920,-17.098130229140068,-12.141778821424598,True,True,0.00010649850042311485,0.36205544345314816,"GJR-GARCH(1,1,1)-t"
15934,,,False,False,,,"GJR-GARCH(1,1,1)-t"
15938,-10.485627804858137,-5.529276397142667,True,True,0.09184409767632552,5.512249050817064e-16,"GJR-GARCH(1,1,1)-t"
15960,27.985877260796176,32.942228668511646,True,True,7.703526824178816e-15,0.9190754984259197,"GJR-GARCH(1,1,1)-t"
15965,1.1080978784332611,6.064449286148731,True,False,0.0,1.0,"GJR-GARCH(1,1,1)-t"
15966,12.705849920525742,17.66220132824121,True,False,0.09023964441593932,0.954880177813705,"GJR-GARCH(1,1,1)-t"
15982,17.878949616765674,22.835301024481144,True,True,2.7084651905319537e-16,6.840596860212401e-16,"GJR-GARCH(1,1,1)-t"
15989,-0.2847874313864107,4.671563976329059,True,True,0.0,0.24798814727709104,"GJR-GARCH(1,1,1)-t"
16016,7.806738760028265,12.763090167743735,True,False,7.482896971440804e-18,0.9999999999999999,"GJR-GARCH(1,1,1)-t"
16017,6.111113997828837,11.067465405544308,True,False,1.1168880086480629e-20,0.9999999999999998,"GJR-GARCH(1,1,1)-t"
16031,-6.139568298100947,-1.1832168903854772,True,True,0.0,0.75771742963664,"GJR-GARCH(1,1,1)-t"
16040,4.174088917142013,9.130440324857483,True,True,7.407318555691925e-13,0.0,"GJR-GARCH(1,1,1)-t"
16071,10.750067706887947,15.706419114603417,True,True,0.5871304822576424,3.3327856462586412e-15,"GJR-GARCH(1,1,1)-t"
16081,31.958255061501962,36.91460646921743,True,True,9.924075470433501e-13,0.9820007039238153,"GJR-GARCH(1,1,1)-t"
16086,-5.0529091874294,-0.09655777971392965,True,False,0.0,1.0,"GJR-GARCH(1,1,1)-t"
16089,28.701937284094967,33.65828869181044,True,False,1.3663691464352426e-14,0.9999999999965855,"GJR-GARCH(1,1,1)-t"
16093,32.100931746460255,37.05728315417572,True,True,3.775236559678312e-18,0.036511313672889845,"GJR-GARCH(1,1,1)-t"
16103,6.872257780002058,11.828609187717529,True,False,1.9234468231358761e-16,0.9999999999999976,"GJR-GARCH(1,1,1)-t"
16113,23.6779319267009,28.63428333441637,True,False,0.0,1.0,"GJR-GARCH(1,1,1)-t"
16118,-7.921690226456413,-2.9653388187409426,True,True,1.5508411833763482e-10,0.9505268882892202,"GJR-GARCH(1,1,1)-t"
16127,37.212699826271574,42.16905123398704,True,True,0.17232215109956744,0.19471395653366505,"GJR-GARCH(1,1,1)-t"
16138,29.876351733947793,34.83270314166326,True,True,0.0,0.9671184851878224,"GJR-GARCH(1,1,1)-t"
16147,18.825832632801514,23.782184040516984,True,True,0.4656365772313535,3.6416139950059816e-20,"GJR-GARCH(1,1,1)-t"
16149,12.538280864944984,17.494632272660454,True,True,4.810304082473868e-14,0.7679122864902964,"GJR-GARCH(1,1,1)-t"
16170,-8.743135157439564,-3.786783749724094,True,True,1.1476565064596902e-16,0.5738821364713173,"GJR-GARCH(1,1,1)-t"
16172,6.833012167846757,11.789363575562227,True,True,1.1723630624497149e-15,5.8065441818985566e-18,"GJR-GARCH(1,1,1)-t"
16192,9.276691156667589,14.233042564383059,True,True,1.641550496514689e-18,5.341159094804095e-14,"GJR-GARCH(1,1,1)-t"
16200,0.7244244387303702,5.68077584644584,True,False,0.13310884087537214,0.933445579562371,"GJR-GARCH(1,1,1)-t"
16235,5.927723274423842,10.884074682139312,True,True,3.97744231863054e-15,1.2913233167168678e-13,"GJR-GARCH(1,1,1)-t"
16240,27.04357691227429,31.999928319989763,True,True,0.5485020835313776,2.77982986140107e-20,"GJR-GARCH(1,1,1)-t"
16271,0.27677371928995775,5.233125127005428,True,True,0.0,0.0,"GJR-GARCH(1,1,1)-t"
16280,9.883360146036313,14.839711553751783,True,True,0.0,0.8933225007589276,"GJR-GARCH(1,1,1)-t"
16282,-0.9467103191187025,4.0096410885967675,True,True,6.565041328053623e-14,0.6530203859327025,"GJR-GARCH(1,1,1)-t"
16288,-25.167301362900517,-20.210949955185047,True,True,1.8494924710385635e-11,3.840361769049416e-10,"GJR-GARCH(1,1,1)-t"
16289,6.910413221408966,11.866764629124436,True,True,3.689270841368194e-14,0.9828070710436864,"GJR-GARCH(1,1,1)-t"
16304,,,False,False,,,"GJR-GARCH(1,1,1)-t"
16312,8.545365586067723,13.501716993783193,True,False,1.6484593389221418e-10,0.9999999910129654,"GJR-GARCH(1,1,1)-t"
16320,4.756327180668247,9.712678588383717,True,False,0.36049866171282924,0.8197506691435855,"GJR-GARCH(1,1,1)-t"
16328,-9.365261528721874,-4.408910121006404,True,True,3.441118070535849e-18,0.9686901658466588,"GJR-GARCH(1,1,1)-t"
16330,10.08384576028245,15.04019716799792,True,False,2.0550516581382724e-16,0.9999999999999994,"GJR-GARCH(1,1,1)-t"
16352,7.797042958074356,12.753394365789827,True,True,8.306963775529501e-17,0.14543805613420221,"GJR-GARCH(1,1,1)-t"
16357,3.6151759137443076,8.571527321459778,True,True,2.1398837522942507e-23,0.5215348641115383,"GJR-GARCH(1,1,1)-t"
16367,21.622676024496343,26.579027432211813,True,True,1.6863381417750216e-14,0.9810843103173033,"GJR-GARCH(1,1,1)-t"
16374,-0.4023812727413656,4.553970134974104,True,False,5.269406273579261e-16,0.9999999999999998,"GJR-GARCH(1,1,1)-t"
16402,24.43005347844611,29.38640488616158,True,True,8.762468521264421e-17,8.96341128819544e-16,"GJR-GARCH(1,1,1)-t"
16404,2.0531517837139255,7.0095031914293955,True,True,2.8021813202861087e-17,7.242302191872424e-16,"GJR-GARCH(1,1,1)-t"
16428,14.901725685318182,19.858077093033653,True,True,1.9206056000083033e-14,0.4148890283943731,"GJR-GARCH(1,1,1)-t"
16429,7.403281379747615,12.359632787463084,True,True,4.286578973952058e-15,0.8427240521726974,"GJR-GARCH(1,1,1)-t"
16431,5.253099062659382,10.209450470374852,True,True,1.054276499836119e-16,8.781464931525389e-19,"GJR-GARCH(1,1,1)-t"
16438,1.1221385988969779,6.078490006612448,True,True,1.21160346392417e-16,0.0,"GJR-GARCH(1,1,1)-t"
16454,5.080524469406118,10.036875877121588,True,False,2.2934567864684863e-14,1.0,"GJR-GARCH(1,1,1)-t"
16460,12.89829691991005,17.85464832762552,True,True,1.7054086874279986e-15,0.7522076361269023,"GJR-GARCH(1,1,1)-t"
16466,-9.820982656091445,-4.864631248375975,True,True,3.629827462583099e-15,0.8581749756701137,"GJR-GARCH(1,1,1)-t"
16479,14.97195200874232,19.92830341645779,True,True,9.451809791420525e-15,0.6307308546552288,"GJR-GARCH(1,1,1)-t"
16488,-0.5793563668977484,4.376995040817722,True,False,1.8581971795407284e-13,0.9999999999763851,"GJR-GARCH(1,1,1)-t"
16489,5.02077807689885,9.97712948461432,True,True,2.4541383353151314e-14,0.9279360013052993,"GJR-GARCH(1,1,1)-t"
16499,8.367438934626396,13.323790342341866,True,True,3.067693199597831e-16,0.49328039135069907,"GJR-GARCH(1,1,1)-t"
16500,-15.404561126479013,-10.448209718763543,True,False,0.0,1.0,"GJR-GARCH(1,1,1)-t"
16504,16.10833459196246,21.06468599967793,True,True,0.0,5.298161724413563e-15,"GJR-GARCH(1,1,1)-t"
16507,5.807047428780136,10.763398836495606,True,True,1.3547619355182556e-13,0.9116808666814459,"GJR-GARCH(1,1,1)-t"
16511,5.79761797299286,10.75396938070833,True,True,0.0,0.0,"GJR-GARCH(1,1,1)-t"
16519,2.4340149007080605,7.3903663084235305,True,False,0.0,0.9999999999999967,"GJR-GARCH(1,1,1)-t"
16526,7.954875052786033,12.911226460501503,True,True,6.295473301306876e-15,0.14486017376330712,"GJR-GARCH(1,1,1)-t"
16556,16.143948066781874,21.100299474497344,True,True,0.17223911944415277,2.3074560086640128e-17,"GJR-GARCH(1,1,1)-t"
16560,-0.9535832709225929,4.002768136792877,True,True,0.0,0.5397513102442104,"GJR-GARCH(1,1,1)-t"
16570,-1.7687320975040066,3.1876193102114634,True,True,2.4543428489008937e-17,0.9787667316535422,"GJR-GARCH(1,1,1)-t"
16575,3.8127283147649234,8.769079722480393,True,True,0.0,0.9633067666810906,"GJR-GARCH(1,1,1)-t"
16594,-29.380880597438882,-24.424529189723412,True,True,1.0575487014566958e-16,0.5917824610674964,"GJR-GARCH(1,1,1)-t"
16601,6.5261559591902785,11.482507366905748,True,True,0.5907313826847997,3.965971198796327e-20,"GJR-GARCH(1,1,1)-t"
16611,-3.5709951420203723,1.3853562656950977,True,False,0.0,1.0,"GJR-GARCH(1,1,1)-t"
16614,-5.133012195217837,-0.17666078750236736,True,True,1.8472054683003584e-16,2.9444341976648284e-18,"GJR-GARCH(1,1,1)-t"
16624,49.830529460728634,54.7868808684441,True,False,1.0,0.2722344560606986,"GJR-GARCH(1,1,1)-t"
16629,-6.277626609885694,-1.3212752021702237,True,False,1.0,1.387022065759373e-13,"GJR-GARCH(1,1,1)-t"
16630,3.626131089232347,8.582482496947817,True,True,4.324397736686797e-15,0.9811585112446001,"GJR-GARCH(1,1,1)-t"
16637,-7.866300633369114,-2.9099492256536443,True,True,0.0,5.116773909106541e-07,"GJR-GARCH(1,1,1)-t"
16643,-9.164527873041447,-4.208176465325977,True,True,0.7435888222490254,0.04101305564217437,"GJR-GARCH(1,1,1)-t"
16649,-0.6815739049617875,4.2747775027536825,True,True,8.136334058045799e-14,0.736049631210656,"GJR-GARCH(1,1,1)-t"
16660,-4.886275257964478,0.0700761497509923,True,True,2.531790715061713e-14,2.8700048468711514e-12,"GJR-GARCH(1,1,1)-t"
16666,-6.660509538892484,-1.7041581311770138,True,True,0.0,0.8358257452872062,"GJR-GARCH(1,1,1)-t"
16676,24.4206304268458,29.37698183456127,True,True,5.225623988101561e-12,0.9508978637331226,"GJR-GARCH(1,1,1)-t"
16679,5.446299555398703,10.402650963114173,True,False,0.0,1.0,"GJR-GARCH(1,1,1)-t"
16694,31.419554478104626,36.375905885820096,True,True,0.1684594864506608,0.0,"GJR-GARCH(1,1,1)-t"
16696,10.312129465353907,15.268480873069377,True,True,8.6842445114385e-15,0.5041054534912368,"GJR-GARCH(1,1,1)-t"
16699,18.864975094734596,23.821326502450066,True,True,1.874194597081058e-17,0.9677211316487733,"GJR-GARCH(1,1,1)-t"
16704,-0.10195281894169739,4.854398588773773,True,True,5.599902525881362e-15,0.8499007107160362,"GJR-GARCH(1,1,1)-t"
16706,-10.45393930244644,-5.4975878947309695,True,False,0.9999999999999943,2.8375228711491316e-15,"GJR-GARCH(1,1,1)-t"
16707,8.476630659889198,13.432982067604668,True,False,3.371625829448273e-14,0.9999999999997988,"GJR-GARCH(1,1,1)-t"
16721,15.122198579769448,20.07854998748492,True,True,0.0,0.38319623443252987,"GJR-GARCH(1,1,1)-t"
16731,-6.393633311303457,-1.4372819035879871,True,True,0.0,1.306045598689936e-20,"GJR-GARCH(1,1,1)-t"
16733,-13.869604274957258,-8.913252867241788,True,True,0.07774451561634568,0.816620500075059,"GJR-GARCH(1,1,1)-t"
16745,8.224368714412137,13.180720122127607,True,True,1.9806848986077743e-19,4.2367936014966405e-16,"GJR-GARCH(1,1,1)-t"
16746,-11.684705688656212,-6.728354280940742,True,False,0.4858083674935544,0.7570965566298338,"GJR-GARCH(1,1,1)-t"
16753,2.2407091072211216,7.197060514936592,True,True,0.0,0.11151393995633549,"GJR-GARCH(1,1,1)-t"
16771,1.5631248888602816,6.519476296575752,True,True,3.258155297062195e-10,0.9681984394234184,"GJR-GARCH(1,1,1)-t"
16774,35.64457068162068,40.60092208933615,True,True,3.442462853976308e-20,0.4113016834833331,"GJR-GARCH(1,1,1)-t"
16792,21.918283667812144,26.874635075527614,True,True,5.365328049345299e-25,6.500749169554877e-25,"GJR-GARCH(1,1,1)-t"
16793,421.92641981271174,426.88277122042723,True,False,0.05244538880633834,0.973504131074523,"GJR-GARCH(1,1,1)-t"
16802,-5.238223498576765,-0.2818720908612953,True,True,0.0,0.9545529729957511,"GJR-GARCH(1,1,1)-t"
16811,5.545425172170715,10.501776579886185,True,True,0.0,0.27936649644801786,"GJR-GARCH(1,1,1)-t"
16815,-0.459657154430376,4.496694253285094,True,False,0.0,1.0,"GJR-GARCH(1,1,1)-t"
16816,-6.105039148811322,-1.148687741095852,True,True,7.315020944767645e-25,0.6362275490883682,"GJR-GARCH(1,1,1)-t"
16823,0.4358089371254614,5.392160344840931,True,False,6.140165874187671e-16,0.9999999999999976,"GJR-GARCH(1,1,1)-t"
16831,25.101674501552687,30.058025909268153,True,True,0.0,0.9880425613432505,"GJR-GARCH(1,1,1)-t"
16839,77.04839667993879,82.00474808765426,True,False,0.5710520597922585,0.44603866456278235,"GJR-GARCH(1,1,1)-t"
16851,28.025685489902525,32.982036897617995,True,False,5.50953999303203e-14,0.9999999999999933,"GJR-GARCH(1,1,1)-t"
16864,-4.500801736904133,0.4555496708113367,True,True,1.6773085632622604e-18,0.0,"GJR-GARCH(1,1,1)-t"
16869,-14.06341436653274,-9.10706295881727,True,True,4.81419108538963e-15,0.8361685972098676,"GJR-GARCH(1,1,1)-t"
16877,0.8135048427758989,5.769856250491369,True,True,4.22637150534726e-18,0.317470877563188,"GJR-GARCH(1,1,1)-t"
16880,5.068418340043763,10.024769747759233,True,True,0.02767596208732736,0.2540548548150885,"GJR-GARCH(1,1,1)-t"
16900,22.424853738849883,27.381205146565353,True,True,9.581388272115065e-19,0.9636748760968591,"GJR-GARCH(1,1,1)-t"
16910,2.660372111813274,7.616723519528744,True,False,1.3676524650933508e-15,0.9999999999999869,"GJR-GARCH(1,1,1)-t"
16919,3.338841233112827,8.295192640828297,True,False,0.8203261159254251,0.4635307528202593,"GJR-GARCH(1,1,1)-t"
16941,44.66371030316813,49.6200617108836,True,True,4.115284109629174e-14,0.9183999691997827,"GJR-GARCH(1,1,1)-t"
16943,55.30439702567106,60.260748433386524,True,True,0.0,0.8898314280257278,"GJR-GARCH(1,1,1)-t"
16948,2.714081704890445,7.670433112605915,True,False,0.9999999999999989,0.329265647565227,"GJR-GARCH(1,1,1)-t"
16978,2.7394254570360967,7.695776864751567,True,True,0.0,0.9500637728186735,"GJR-GARCH(1,1,1)-t"
16987,8.618742569391436,13.575093977106906,True,False,0.0,1.0,"GJR-GARCH(1,1,1)-t"
16992,-1.734009517977455,3.222341889738015,True,True,6.908189244420991e-15,0.8538496343161388,"GJR-GARCH(1,1,1)-t"
16999,12.081991112638487,17.038342520353957,True,True,0.033090771144762235,0.9566475173330509,"GJR-GARCH(1,1,1)-t"
17008,-2.3113258864379382,2.6450255212775318,True,True,0.6227929030680355,6.023929785040536e-13,"GJR-GARCH(1,1,1)-t"
17010,-4.742420353797279,0.21393105391819134,True,True,0.0,0.7264352943328891,"GJR-GARCH(1,1,1)-t"
17013,10.956207041954904,15.912558449670374,True,True,4.736565142240838e-13,0.8011829552587768,"GJR-GARCH(1,1,1)-t"
17029,36.20064036937211,41.15699177708758,True,True,2.185610576546087e-15,0.8740182051569844,"GJR-GARCH(1,1,1)-t"
17031,7.352559076587726,12.308910484303196,True,False,0.999999999999996,0.10613969580434066,"GJR-GARCH(1,1,1)-t"
17034,6.111500457571949,11.06785186528742,True,True,0.0,1.832309401241302e-15,"GJR-GARCH(1,1,1)-t"
17050,-1.7432823954910166,3.2130690122244534,True,False,0.9059520875701265,0.3078876804377474,"GJR-GARCH(1,1,1)-t"
17053,22.173800638987274,27.13015204670274,True,False,3.463723492403442e-13,0.9999999999960961,"GJR-GARCH(1,1,1)-t"
17056,41.64478411811949,46.60113552583496,True,True,0.0,0.6794049913418015,"GJR-GARCH(1,1,1)-t"
17058,3.1650922676293227,8.121443675344793,True,True,0.6049988045976847,4.526148927372668e-17,"GJR-GARCH(1,1,1)-t"
17070,-4.95351900381991,0.002832403895560276,True,False,0.0,1.0,"GJR-GARCH(1,1,1)-t"
17076,8.42627940236845,13.38263081008392,True,False,0.9999999999999936,2.0157213481162933e-15,"GJR-GARCH(1,1,1)-t"
17078,4.460764492814349,9.417115900529819,True,True,2.719631205917572e-15,0.33775976328785445,"GJR-GARCH(1,1,1)-t"
17090,6.471349228202905,11.427700635918374,True,True,0.0,0.9872920834338832,"GJR-GARCH(1,1,1)-t"
17091,5.632748309051591,10.58909971676706,True,True,0.0,0.95918828647121,"GJR-GARCH(1,1,1)-t"
17093,3.261606458093297,8.217957865808767,True,True,2.2494943124542448e-14,0.6137811772180272,"GJR-GARCH(1,1,1)-t"
17109,22.986003220896364,27.94235462861183,True,True,5.727539962315734e-17,1.6669674958374478e-14,"GJR-GARCH(1,1,1)-t"
17112,-12.639905900271206,-7.683554492555736,True,True,1.152985837822872e-11,0.840825796453875,"GJR-GARCH(1,1,1)-t"
17117,4.7436694967154285,9.700020904430898,True,True,2.545352083929443e-15,0.15606089828853803,"GJR-GARCH(1,1,1)-t"
17120,8.01692434483968,12.97327575255515,True,False,0.0,1.0,"GJR-GARCH(1,1,1)-t"
17157,30.6797846717118,35.636136079427274,True,True,7.858702301445011e-18,0.9756211161411801,"GJR-GARCH(1,1,1)-t"
17161,18.49668121541111,23.45303262312658,True,True,0.0,0.9161961743808918,"GJR-GARCH(1,1,1)-t"
17167,15.795863575681466,20.752214983396936,True,True,0.0,0.8301687794910454,"GJR-GARCH(1,1,1)-t"
17169,-5.790063386528786,-0.8337119788133158,True,True,0.591133015491565,1.1347504941206096e-06,"GJR-GARCH(1,1,1)-t"
17172,15.455742925446975,20.412094333162443,True,True,1.9883471250505918e-12,0.944434763573639,"GJR-GARCH(1,1,1)-t"
17179,-3.0987584392873977,1.8575929684280723,True,True,2.8071081812271067e-13,0.9799589710620676,"GJR-GARCH(1,1,1)-t"
17181,34.73018690668496,39.68653831440044,True,False,4.714882854002937e-15,0.9999999999998583,"GJR-GARCH(1,1,1)-t"
17191,19.391605231107732,24.347956638823202,True,True,0.0,0.6338373934116719,"GJR-GARCH(1,1,1)-t"
17193,-14.73343515218826,-9.77708374447279,True,False,0.5987825075982696,0.4305677696137841,"GJR-GARCH(1,1,1)-t"
17194,-18.544095925383736,-13.587744517668266,True,True,0.0,0.909780425091405,"GJR-GARCH(1,1,1)-t"
17198,10.040149460995316,14.996500868710786,True,True,0.0,0.414517298725226,"GJR-GARCH(1,1,1)-t"
17210,13.651858493935304,18.608209901650774,True,True,2.4135050549307645e-16,0.7823891258832649,"GJR-GARCH(1,1,1)-t"
17217,2.53842506152618,7.49477646924165,True,True,0.4256427191501778,1.2630498780169918e-14,"GJR-GARCH(1,1,1)-t"
17227,-1.4616132565169586,3.4947381511985114,True,False,1.0,0.0,"GJR-GARCH(1,1,1)-t"
17239,12.61521290739267,17.57156431510814,True,True,0.6176970567332696,3.5262571395907403e-08,"GJR-GARCH(1,1,1)-t"
17244,-6.483822625751969,-1.5274712180364993,True,True,1.2806328995703576e-11,1.2088828526154818e-09,"GJR-GARCH(1,1,1)-t"
17247,22.924791029201877,27.881142436917347,True,True,1.2643106610973853e-21,0.9749706403457652,"GJR-GARCH(1,1,1)-t"
17259,13.634544591173901,18.59089599888937,True,False,1.0,0.0,"GJR-GARCH(1,1,1)-t"
17264,12.088499213967042,17.044850621682514,True,False,0.0,1.0,"GJR-GARCH(1,1,1)-t"
17265,22.861706932537544,27.818058340253017,True,True,0.0,0.7070101883168505,"GJR-GARCH(1,1,1)-t"
17293,48.216712716560636,53.17306412427611,True,True,7.609680999326672e-15,0.0,"GJR-GARCH(1,1,1)-t"
17295,-16.633624275592368,-11.677272867876898,True,False,9.787891388962925e-16,1.0,"GJR-GARCH(1,1,1)-t"
17305,29.78785279248932,34.74420420020479,True,True,7.860926451400012e-14,0.9699253855147237,"GJR-GARCH(1,1,1)-t"
17315,-6.665708316562171,-1.7093569088467007,True,False,0.9999999999999999,0.07563522884663919,"GJR-GARCH(1,1,1)-t"
17324,57.710244068293065,62.66659547600854,True,False,1.0,1.4427988585709436e-22,"GJR-GARCH(1,1,1)-t"
17328,11.473749910123058,16.430101317838528,True,True,0.0,0.17222435861423194,"GJR-GARCH(1,1,1)-t"
17337,8.498846862208095,13.455198269923565,True,True,0.3828828862313154,0.0,"GJR-GARCH(1,1,1)-t"
17339,23.634295196021213,28.59064660373668,True,False,0.6930130767141095,0.6534934615915207,"GJR-GARCH(1,1,1)-t"
17342,9.886699431354742,14.843050839070212,True,True,0.4623632785768908,0.006341755298635778,"GJR-GARCH(1,1,1)-t"
17355,-13.841074713566545,-8.884723305851075,True,True,0.19917370685728317,1.1261870896527771e-11,"GJR-GARCH(1,1,1)-t"
17363,8.25278565224012,13.20913705995559,True,True,0.21949684222693638,2.143942954614071e-21,"GJR-GARCH(1,1,1)-t"
17377,-16.19116392598484,-11.234812518269369,True,True,2.880183246754136e-14,0.9891634121162838,"GJR-GARCH(1,1,1)-t"
17378,8.455344883909444,13.411696291624914,True,False,7.025041196903996e-16,0.9999999999999991,"GJR-GARCH(1,1,1)-t"
17387,-19.266538804597417,-14.310187396881947,True,True,0.0,0.10061835109717225,"GJR-GARCH(1,1,1)-t"
17390,26.686673249968706,31.643024657684176,True,False,7.222912728420847e-18,1.0,"GJR-GARCH(1,1,1)-t"
17395,16.739847249034735,21.696198656750205,True,False,8.61039329687039e-15,0.9999999999986844,"GJR-GARCH(1,1,1)-t"
17398,7.442261134854016,12.398612542569486,True,True,0.3323220685018399,0.31403838687674324,"GJR-GARCH(1,1,1)-t"
17421,15.044760811454005,20.001112219169475,True,True,7.865805811058186e-17,0.9843900709752909,"GJR-GARCH(1,1,1)-t"
17424,7.839835620694139,12.796187028409609,True,True,1.0720538597755204e-19,0.5809332168182432,"GJR-GARCH(1,1,1)-t"
17428,-14.766984054650862,-9.810632646935392,True,True,0.2591121230424323,3.815167950640273e-11,"GJR-GARCH(1,1,1)-t"
17429,-2.7564836704600673,2.1998677372554027,True,True,0.6400715218216779,3.5356841561532796e-13,"GJR-GARCH(1,1,1)-t"
17448,-15.38240091243999,-10.42604950472452,True,True,0.4437781827145759,0.0,"GJR-GARCH(1,1,1)-t"
17454,-12.951102191075812,-7.994750783360342,True,False,0.9999999999999964,5.8050882555017275e-15,"GJR-GARCH(1,1,1)-t"
17460,14.849872186131487,19.806223593846955,True,True,0.5613662257194365,0.0,"GJR-GARCH(1,1,1)-t"
17474,4.454406047237537,9.410757454953007,True,True,0.25595009791680196,0.6906208742861106,"GJR-GARCH(1,1,1)-t"
17486,16.328714021910262,21.285065429625732,True,True,0.0,0.7490606568697312,"GJR-GARCH(1,1,1)-t"
17490,7.263996495341312,12.220347903056782,True,True,0.0,0.9234422736954766,"GJR-GARCH(1,1,1)-t"
17491,1.9072501950189071,6.863601602734377,True,False,0.5261382306629103,0.6937997070675425,"GJR-GARCH(1,1,1)-t"
17505,1.9384873915905665,6.8948387993060365,True,True,0.0,0.8310579964776905,"GJR-GARCH(1,1,1)-t"
17506,3.286167959352884,8.242519367068354,True,False,6.746462254508094e-20,0.9999999999999992,"GJR-GARCH(1,1,1)-t"
17522,19.51324696940175,24.46959837711722,True,False,1.0,0.38459687671178433,"GJR-GARCH(1,1,1)-t"
17528,-5.8694458833816086,-0.9130944756661385,True,True,0.0,0.15751635165662567,"GJR-GARCH(1,1,1)-t"
17530,-13.228818844379688,-8.272467436664218,True,True,0.04691379468053315,0.6294350984768399,"GJR-GARCH(1,1,1)-t"
17565,6.957617163964837,11.913968571680307,True,True,0.061959108848483414,1.9047555054648007e-13,"GJR-GARCH(1,1,1)-t"
17569,-2.7635632567948214,2.1927881509206486,True,True,3.2718915822517133e-16,0.8669063124066045,"GJR-GARCH(1,1,1)-t"
17570,2.6167073296655463,7.573058737381016,True,True,0.29922165248690313,0.0,"GJR-GARCH(1,1,1)-t"
17578,43.53412002415892,48.49047143187439,True,False,0.0,1.0,"GJR-GARCH(1,1,1)-t"
17584,0.4389807135837138,5.395332121299184,True,True,0.0,0.0,"GJR-GARCH(1,1,1)-t"
17598,-12.148837979489667,-7.192486571774197,True,False,0.2716858094292858,0.7969895833698498,"GJR-GARCH(1,1,1)-t"
17603,11.785626949151425,16.741978356866895,True,True,0.7172119581849934,7.482038121751952e-11,"GJR-GARCH(1,1,1)-t"
17604,4.551118622636549,9.50747003035202,True,True,0.0,0.9693816673986683,"GJR-GARCH(1,1,1)-t"
17606,31.23386825360612,36.19021966132159,True,True,0.12548776577574824,0.8524785153075486,"GJR-GARCH(1,1,1)-t"
17617,7.421004307157107,12.377355714872577,True,True,7.547432505525518e-16,0.9716898390252852,"GJR-GARCH(1,1,1)-t"
17626,37.15439812004584,42.11074952776131,True,True,0.0,0.6841551374550109,"GJR-GARCH(1,1,1)-t"
17634,50.72205427220173,55.678405679917205,True,False,7.130861336883654e-15,0.9999999999999749,"GJR-GARCH(1,1,1)-t"
17639,10.235108297199135,15.191459704914605,True,False,1.6490728533366013e-22,0.9999999999999993,"GJR-GARCH(1,1,1)-t"
17643,28.27656202177314,33.23291342948861,True,False,1.0994114231195616e-17,0.9999999999999988,"GJR-GARCH(1,1,1)-t"
17644,52.71877623690151,57.67512764461698,True,True,0.0,0.9304233799973687,"GJR-GARCH(1,1,1)-t"
17670,14.143571212032269,19.099922619747737,True,True,1.4463175225678105e-15,3.0129142387002366e-16,"GJR-GARCH(1,1,1)-t"
17672,-6.815986221605037,-1.859634813889567,True,True,6.884612546476109e-21,0.5519072815305722,"GJR-GARCH(1,1,1)-t"
17676,6.7383077095673745,11.694659117282844,True,True,3.689886018009342e-17,0.7915498558695756,"GJR-GARCH(1,1,1)-t"
17695,1.7205711807498894,6.676922588465359,True,True,5.001444294556726e-13,1.4652083134719819e-12,"GJR-GARCH(1,1,1)-t"
17698,-6.224204910675695,-1.2678535029602251,True,True,9.896467915634814e-13,9.61228323717639e-18,"GJR-GARCH(1,1,1)-t"
17707,-4.329461383705798,0.626890024009672,True,True,0.0,0.6123213682507039,"GJR-GARCH(1,1,1)-t"
17708,5.770503814742675,10.726855222458145,True,False,7.162259063910865e-15,0.999999999999976,"GJR-GARCH(1,1,1)-t"
17727,14.4507687624217,19.40712017013717,True,True,9.745677672050992e-15,0.7725774423172135,"GJR-GARCH(1,1,1)-t"
17762,14.867645896102918,19.823997303818388,True,False,0.15343038055921665,0.9232848097205295,"GJR-GARCH(1,1,1)-t"
17777,-11.97247170517526,-7.016120297459789,True,True,1.4118290458790546e-13,0.6852753481162563,"GJR-GARCH(1,1,1)-t"
17785,-2.561617288528957,2.394734119186513,True,True,0.33849309248450066,6.218045182957523e-17,"GJR-GARCH(1,1,1)-t"
17791,49.88817759864126,54.84452900635674,True,True,5.938504374885191e-23,0.5459338673326136,"GJR-GARCH(1,1,1)-t"
17804,-15.129848746375377,-10.173497338659907,True,True,0.1243325035125494,0.1399067770661521,"GJR-GARCH(1,1,1)-t"
17809,0.3359266917382655,5.2922780994537355,True,True,1.1796926791600903e-20,2.6814306731948307e-19,"GJR-GARCH(1,1,1)-t"
17813,14.186411055590405,19.142762463305875,True,True,1.473167192535732e-10,1.404231528813259e-10,"GJR-GARCH(1,1,1)-t"
17820,12.387413749008601,17.34376515672407,True,True,9.129973950452727e-12,1.1354110159201301e-10,"GJR-GARCH(1,1,1)-t"
17823,14.21434156984479,19.170692977560257,True,True,0.24060859060961648,7.275156679407745e-14,"GJR-GARCH(1,1,1)-t"
17825,10.05574754652272,15.01209895423819,True,True,2.678527214133665e-15,6.063130827562128e-16,"GJR-GARCH(1,1,1)-t"
17832,57.38305299570152,62.33940440341699,True,True,2.181076539303736e-19,0.7878347372379564,"GJR-GARCH(1,1,1)-t"
17837,12.855106415866462,17.811457823581932,True,True,1.2885822359801655e-19,0.9826683851826074,"GJR-GARCH(1,1,1)-t"
17838,13.223535099283398,18.179886506998866,True,False,1.0,0.0,"GJR-GARCH(1,1,1)-t"
17841,-0.478510708511795,4.477840699203675,True,True,1.3361699895508477e-16,0.5924420705873122,"GJR-GARCH(1,1,1)-t"
17852,-2.0642165429322077,2.8921348647832623,True,False,0.6527274811017343,0.5300844545921264,"GJR-GARCH(1,1,1)-t"
17870,19.18621706314957,24.142568470865037,True,False,7.92227236403461e-13,0.9999999998774305,"GJR-GARCH(1,1,1)-t"
17872,-6.112435811742831,-1.1560844040273608,True,True,0.0,0.8314851618347572,"GJR-GARCH(1,1,1)-t"
17875,19.4589477507658,24.415299158481268,True,True,0.0,0.0,"GJR-GARCH(1,1,1)-t"
17876,5.8642281909639244,10.820579598679394,True,True,1.4213408060804628e-11,5.622956920153519e-15,"GJR-GARCH(1,1,1)-t"
17885,10.300927712776964,15.257279120492434,True,False,1.7205644357039314e-15,1.0,"GJR-GARCH(1,1,1)-t"
17888,-11.146410906452928,-6.190059498737458,True,False,1.7102911931982368e-15,0.9999999999999961,"GJR-GARCH(1,1,1)-t"
17903,21.36692166538642,26.323273073101895,True,True,4.2893329423984614e-16,0.9527593804957163,"GJR-GARCH(1,1,1)-t"
17911,-12.191623713259325,-7.235272305543855,True,True,3.0301085686796376e-12,1.555225072861248e-11,"GJR-GARCH(1,1,1)-t"
17914,-10.811542225805809,-5.855190818090339,True,True,3.2837559564637656e-14,0.0,"GJR-GARCH(1,1,1)-t"
17946,2.887036213410239,7.843387621125709,True,True,0.21517562625057401,1.7175026819107695e-11,"GJR-GARCH(1,1,1)-t"
17949,46.26795899149445,51.22431039920993,True,False,0.0,0.9999999999999981,"GJR-GARCH(1,1,1)-t"
17951,-7.543555225480347,-2.587203817764877,True,True,6.533781266044236e-15,0.6417588330172688,"GJR-GARCH(1,1,1)-t"
17955,9.08815806651027,14.04450947422574,True,True,9.2798378465879e-14,0.9308617523792873,"GJR-GARCH(1,1,1)-t"
17957,13.257768520207335,18.214119927922805,True,False,3.288060281966856e-13,0.9999999999977248,"GJR-GARCH(1,1,1)-t"
17966,-6.351422841287217,-1.3950714335717471,True,True,0.0,0.0,"GJR-GARCH(1,1,1)-t"
17967,7.729045808164733,12.685397215880203,True,False,0.9999999999999963,0.45328597630384143,"GJR-GARCH(1,1,1)-t"
17971,13.851090868325503,18.807442276040973,True,True,1.7018016443211307e-13,0.7923531451625293,"GJR-GARCH(1,1,1)-t"
17973,-16.142815998430113,-11.186464590714642,True,False,0.9793275093157362,0.5103362452533297,"GJR-GARCH(1,1,1)-t"
17975,11.850996616670429,16.8073480243859,True,True,0.19797238694544445,2.48609098179403e-13,"GJR-GARCH(1,1,1)-t"
17983,2.3733294224878474,7.329680830203317,True,True,0.0,1.3633414579710993e-16,"GJR-GARCH(1,1,1)-t"
17987,23.848441630520192,28.804793038235662,True,True,0.0,0.9950189700239831,"GJR-GARCH(1,1,1)-t"
17989,18.36461882990922,23.320970237624685,True,True,0.0,0.8835540760473318,"GJR-GARCH(1,1,1)-t"
17999,-3.3617692089871056,1.5945821987283644,True,False,0.9999999999999111,8.363268060450868e-14,"GJR-GARCH(1,1,1)-t"
18000,2.6798083627746774,7.636159770490147,True,True,2.9575130235198037e-10,0.0,"GJR-GARCH(1,1,1)-t"
18007,11.006627829678347,15.962979237393817,True,True,2.7843044890179344e-16,0.04941040548477711,"GJR-GARCH(1,1,1)-t"
18012,-14.625026329992888,-9.668674922277418,True,True,0.0,0.8165569666275222,"GJR-GARCH(1,1,1)-t"
18023,8.443666249722941,13.400017657438411,True,True,3.8541432289171706e-16,0.7694333287970363,"GJR-GARCH(1,1,1)-t"
18029,-6.497281691004119,-1.540930283288649,True,True,3.475067415746179e-12,1.1830514697823597e-10,"GJR-GARCH(1,1,1)-t"
18042,1.4758522653951989,6.432203673110669,True,True,2.7396625544622516e-16,0.811015103346498,"GJR-GARCH(1,1,1)-t"
18059,8.79676700808307,13.75311841579854,True,True,4.952311714441244e-18,0.02310424022305093,"GJR-GARCH(1,1,1)-t"
18072,1.4890225834517654,6.445373991167235,True,True,0.8603097583273425,7.094635429027464e-13,"GJR-GARCH(1,1,1)-t"
18077,5.9421894874462104,10.89854089516168,True,True,6.489678939078392e-13,4.747558756457162e-12,"GJR-GARCH(1,1,1)-t"
18082,14.25300869380217,19.209360101517643,True,True,2.8913159898679547e-12,0.8918955332716885,"GJR-GARCH(1,1,1)-t"
18088,9.144564517615951,14.100915925331421,True,False,1.2009032544851186e-13,0.9999999999977821,"GJR-GARCH(1,1,1)-t"
18109,7.2919235345923585,12.248274942307829,True,True,3.684634111716216e-14,0.8959089793360566,"GJR-GARCH(1,1,1)-t"
18111,-14.001104136096348,-9.044752728380878,True,True,0.0,0.0,"GJR-GARCH(1,1,1)-t"
18129,1.8960668544198302,6.8524182621353,True,True,0.0,0.8155206985215777,"GJR-GARCH(1,1,1)-t"
18134,4.170761945521683,9.127113353237153,True,True,4.245867614848086e-14,0.0,"GJR-GARCH(1,1,1)-t"
18141,3.3889378031274475,8.345289210842918,True,True,0.7282222413587953,4.159119861345467e-11,"GJR-GARCH(1,1,1)-t"
18142,18.596297111587255,23.55264851930273,True,True,1.4778680018687681e-08,0.9484776891281346,"GJR-GARCH(1,1,1)-t"
18147,6.923644078088666,11.879995485804136,True,True,2.1224499027868596e-16,3.0819314745579215e-19,"GJR-GARCH(1,1,1)-t"
18170,-3.10429452699346,1.8520568807220101,True,False,0.16248840699214495,0.845062590330045,"GJR-GARCH(1,1,1)-t"
18174,16.238807229270883,21.195158636986353,True,True,0.9496423409722303,7.931344063043298e-12,"GJR-GARCH(1,1,1)-t"
18177,37.62343719102786,42.579788598743335,True,True,3.618862021983652e-14,0.28031194330347065,"GJR-GARCH(1,1,1)-t"
18178,0.9794427254362024,5.935794133151672,True,False,9.198769420060605e-17,1.0,"GJR-GARCH(1,1,1)-t"
18180,52.59166627853704,57.54801768625251,True,True,1.667859951469532e-16,0.9963857014437439,"GJR-GARCH(1,1,1)-t"
18184,-4.031515860594986,0.9248355471204839,True,True,0.8855094319462166,8.739412322737892e-09,"GJR-GARCH(1,1,1)-t"
18200,20.94781929618721,25.90417070390268,True,True,4.522977907865986e-18,0.8075915956006582,"GJR-GARCH(1,1,1)-t"
18203,17.987178724008817,22.943530131724287,True,False,2.8019374714050753e-15,0.9999999999999958,"GJR-GARCH(1,1,1)-t"
18205,12.079804422720926,17.036155830436396,True,True,0.6029132597304063,7.616049463088601e-12,"GJR-GARCH(1,1,1)-t"
18212,23.013909602844763,27.970261010560233,True,False,6.96809530651025e-17,1.0,"GJR-GARCH(1,1,1)-t"
18216,14.163541586634713,19.119892994350185,True,True,6.09123321999894e-17,0.9395040746134109,"GJR-GARCH(1,1,1)-t"
18218,23.523768858373714,28.480120266089184,True,True,0.4851627204907683,0.0,"GJR-GARCH(1,1,1)-t"
18220,13.19615519292216,18.15250660063763,True,True,1.1582882445360813e-17,0.949846909152134,"GJR-GARCH(1,1,1)-t"
18222,22.25729750938988,27.21364891710535,True,True,0.2117596521127945,1.4292188622769725e-11,"GJR-GARCH(1,1,1)-t"
18224,12.572698744287722,17.529050152003194,True,False,0.9999999999999991,0.3144696915714842,"GJR-GARCH(1,1,1)-t"
18231,43.96723644977351,48.923587857488975,True,False,0.20238995722768463,0.8252473557495698,"GJR-GARCH(1,1,1)-t"
18234,-3.8452341397910637,1.1111172679244063,True,True,5.105506010455288e-19,2.664266280469085e-15,"GJR-GARCH(1,1,1)-t"
18236,34.33733370584784,39.29368511356331,True,True,0.0,0.6495266658260983,"GJR-GARCH(1,1,1)-t"
18242,6.370759878732428,11.327111286447899,True,True,0.0,0.9243977723328152,"GJR-GARCH(1,1,1)-t"
18247,11.46158909398083,16.4179405016963,True,True,9.985607828430638e-16,0.06033590284520669,"GJR-GARCH(1,1,1)-t"
18262,-1.178609571651057,3.777741836064413,True,True,4.7587413964335895e-11,0.9654543708477383,"GJR-GARCH(1,1,1)-t"
18285,-3.263221184185472,1.693130223529998,True,True,6.412605895604141e-14,0.41921293050844727,"GJR-GARCH(1,1,1)-t"
18316,1.3685085052893697,6.32485991300484,True,False,8.095069271733294e-17,0.9999999999999944,"GJR-GARCH(1,1,1)-t"
18351,0.6404931142158379,5.596844521931308,True,True,0.1912402612764682,4.677511897603429e-12,"GJR-GARCH(1,1,1)-t"
18358,10.379898841024534,15.336250248740004,True,True,0.0,0.612705051662322,"GJR-GARCH(1,1,1)-t"
18371,8.32305877601291,13.27941018372838,True,True,2.4649182840124813e-14,0.9902593576903255,"GJR-GARCH(1,1,1)-t"
18392,2.418463290012461,7.374814697727931,True,True,6.128599787914371e-08,0.8473362784427454,"GJR-GARCH(1,1,1)-t"
18393,-9.145101716308954,-4.188750308593484,True,False,0.8390622248904641,0.5804688875547682,"GJR-GARCH(1,1,1)-t"
18400,-0.09376240894117771,4.862588998774292,True,False,1.0477405701272361e-16,0.9999999999999937,"GJR-GARCH(1,1,1)-t"
18402,6.838430351899987,11.794781759615457,True,True,3.457359657745116e-14,0.4901721156178911,"GJR-GARCH(1,1,1)-t"
18407,1.2892201213373902,6.24557152905286,True,False,4.754425089792255e-17,1.0,"GJR-GARCH(1,1,1)-t"
18425,7.794280282689707,12.750631690405177,True,True,3.083994803557877e-12,3.427718754424588e-11,"GJR-GARCH(1,1,1)-t"
18427,8.042705057627398,12.999056465342868,True,True,0.49998925159966034,5.3860074377936233e-17,"GJR-GARCH(1,1,1)-t"
18430,55.829030642165534,60.78538204988101,True,True,0.0,0.9699875807159114,"GJR-GARCH(1,1,1)-t"
18445,-4.009806859731341,0.9465445479841286,True,True,9.481302188908287e-20,0.6765235717671383,"GJR-GARCH(1,1,1)-t"
18447,-0.09820481884730903,4.858146588868161,True,False,0.9999999999701997,1.5021626168567694e-11,"GJR-GARCH(1,1,1)-t"
18471,6.752508628270533,11.708860035986003,True,False,0.0,0.9999999999996924,"GJR-GARCH(1,1,1)-t"
18479,53.47228569479941,58.428637102514884,True,True,2.9648337902230776e-18,0.9478202930563656,"GJR-GARCH(1,1,1)-t"
18483,16.448896525511014,21.405247933226484,True,True,0.0,0.9330443186401469,"GJR-GARCH(1,1,1)-t"
18491,25.320914124557046,30.277265532272516,True,False,1.0806898100777778e-15,0.9999999999999765,"GJR-GARCH(1,1,1)-t"
18494,-4.981146805373651,-0.024795397658181173,True,True,0.34011341095281233,0.0,"GJR-GARCH(1,1,1)-t"
18495,-9.015495689557216,-4.059144281841746,True,True,6.348920545068496e-14,0.8014021403063947,"GJR-GARCH(1,1,1)-t"
18498,42.00174921155278,46.95810061926825,True,True,5.767674048901018e-15,0.9622379898169342,"GJR-GARCH(1,1,1)-t"
18500,-13.11483143840346,-8.15848003068799,True,False,0.0,1.0,"GJR-GARCH(1,1,1)-t"
18502,31.1407036570107,36.09705506472617,True,False,0.9999999999999133,6.794767931900582e-15,"GJR-GARCH(1,1,1)-t"
18507,-2.709118821163301,2.247232586552169,True,True,1.616654385900826e-19,1.5776559635166975e-13,"GJR-GARCH(1,1,1)-t"
18509,-0.7589399540762116,4.197411453639258,True,False,6.078734384133866e-17,1.0,"GJR-GARCH(1,1,1)-t"
18514,5.704921476092052,10.661272883807522,True,True,0.0,0.908001203507217,"GJR-GARCH(1,1,1)-t"
18534,-1.0968604771786765,3.8594909305367935,True,True,0.0,0.8791960680652012,"GJR-GARCH(1,1,1)-t"
18545,1.3784847967845533,6.334836204500023,True,False,1.0700510389641203e-14,0.9999999999998813,"GJR-GARCH(1,1,1)-t"
18560,12.295839922678637,17.25219133039411,True,True,1.3304928562165139e-17,0.2532529454636935,"GJR-GARCH(1,1,1)-t"
18565,44.51185940306844,49.468210810783916,True,True,0.847831442594122,2.5703711729231724e-15,"GJR-GARCH(1,1,1)-t"
18567,-11.946534285170294,-6.990182877454824,True,False,0.3745273106604046,0.8127363446697844,"GJR-GARCH(1,1,1)-t"
18582,18.046291931945678,23.002643339661148,True,False,0.0,1.0,"GJR-GARCH(1,1,1)-t"
18586,14.833594735215575,19.789946142931043,True,True,1.3741105954055713e-14,0.7198106510261015,"GJR-GARCH(1,1,1)-t"
18587,-5.4986545865919965,-0.5423031788765265,True,True,1.534136426558333e-16,0.7166981401826671,"GJR-GARCH(1,1,1)-t"
18595,16.710513448428173,21.666864856143643,True,True,5.028018856773934e-15,0.0,"GJR-GARCH(1,1,1)-t"
18597,-15.457680449410695,-10.501329041695225,True,True,1.4983615280725723e-20,0.4906342701104088,"GJR-GARCH(1,1,1)-t"
18600,-12.71045767325895,-7.754106265543481,True,True,4.520919491354407e-13,9.162312170950022e-12,"GJR-GARCH(1,1,1)-t"
18611,18.080646031865363,23.036997439580833,True,True,4.464217000179025e-16,0.22252296930574184,"GJR-GARCH(1,1,1)-t"
18628,3.0170935208071263,7.973444928522596,True,True,0.0,0.0,"GJR-GARCH(1,1,1)-t"
18629,-13.589029518926878,-8.632678111211408,True,True,1.1519175341563926e-14,0.5453991506151444,"GJR-GARCH(1,1,1)-t"
18634,-0.5679929319252164,4.388358475790254,True,True,1.5830966862394576e-21,1.9248983791685097e-20,"GJR-GARCH(1,1,1)-t"
18640,20.90130725346993,25.8576586611854,True,False,0.9999999999999923,4.307770521214657e-16,"GJR-GARCH(1,1,1)-t"
18653,22.26573396039322,27.22208536810869,True,True,0.0,0.9818730633667382,"GJR-GARCH(1,1,1)-t"
18656,55.15991876626169,60.116270173977156,True,True,0.019354280968404493,0.9105751770424468,"GJR-GARCH(1,1,1)-t"
18662,-5.227594929950307,-0.27124352223483683,True,True,3.3203786646743093e-16,0.00925236060598643,"GJR-GARCH(1,1,1)-t"
18682,-3.4710822860400654,1.4852691216754046,True,True,5.5703353477500225e-15,0.9859561060518033,"GJR-GARCH(1,1,1)-t"
18692,3.6338989229859404,8.59025033070141,True,True,9.904860816181915e-16,0.3949890248954132,"GJR-GARCH(1,1,1)-t"
18701,6.761531754412599,11.717883162128068,True,False,1.0369055345585778e-11,0.9999999998982148,"GJR-GARCH(1,1,1)-t"
18703,26.33978362227012,31.29613502998559,True,False,0.07180520086955024,0.9573239059903045,"GJR-GARCH(1,1,1)-t"
18728,16.919745841091185,21.876097248806655,True,True,0.0,0.7445912488558567,"GJR-GARCH(1,1,1)-t"
18739,-12.195713460240516,-7.2393620525250455,True,True,0.29130365763611216,5.835713518917414e-15,"GJR-GARCH(1,1,1)-t"
18742,49.56342245193743,54.5197738596529,True,True,1.4629732580887747e-14,0.8194725954211417,"GJR-GARCH(1,1,1)-t"
18748,64.95108774982114,69.90743915753661,True,True,1.3135215830824345e-16,0.9873443966994536,"GJR-GARCH(1,1,1)-t"
18766,26.99974584103624,31.95609724875171,True,True,0.0,0.5483609024171511,"GJR-GARCH(1,1,1)-t"
18792,-2.3584502750708367,2.5979011326446333,True,True,0.0,0.696576365898339,"GJR-GARCH(1,1,1)-t"
18794,12.425973795545513,17.382325203260983,True,True,8.311890054101107e-16,0.8417182120550812,"GJR-GARCH(1,1,1)-t"
18808,-10.701175371844208,-5.744823964128738,True,True,0.07391581825333648,0.9122936677866079,"GJR-GARCH(1,1,1)-t"
18822,-0.197956321858074,4.758395085857396,True,True,0.7922624324729322,3.5756140490425885e-15,"GJR-GARCH(1,1,1)-t"
18831,-8.36104744528237,-3.4046960375669,True,True,0.13120902881058602,1.0777810176902136e-14,"GJR-GARCH(1,1,1)-t"
18836,-14.232223321121396,-9.275871913405926,True,True,9.037750056818289e-13,1.0569328804571642e-11,"GJR-GARCH(1,1,1)-t"
18844,0.25902799358307504,5.215379401298545,True,True,0.6108193910663154,0.30058069797733944,"GJR-GARCH(1,1,1)-t"
18848,-2.217784071417178,2.738567336298292,True,True,0.0,0.0,"GJR-GARCH(1,1,1)-t"
18865,18.193302401114074,23.14965380882954,True,True,2.919179988852476e-12,7.422921979137977e-12,"GJR-GARCH(1,1,1)-t"
18878,-6.330135142060726,-1.3737837343452561,True,True,0.4532507908235748,0.1374020191752243,"GJR-GARCH(1,1,1)-t"
18908,-5.080085698222234,-0.12373429050676421,True,True,6.031821462669369e-17,0.10223884974226599,"GJR-GARCH(1,1,1)-t"
18911,42.19288711815517,47.14923852587064,True,True,1.1128968205063446e-14,2.843137529893206e-13,"GJR-GARCH(1,1,1)-t"
18912,-2.292541631080951,2.663809776634519,True,False,3.1406081599553902e-15,0.9999999999999712,"GJR-GARCH(1,1,1)-t"
18916,-15.446152894662259,-10.489801486946789,True,True,3.843880772957635e-20,0.8470769970357493,"GJR-GARCH(1,1,1)-t"
18919,12.77978367647547,17.73613508419094,True,True,7.680406567521981e-16,3.9310956691754526e-16,"GJR-GARCH(1,1,1)-t"
18928,40.11870532360929,45.075056731324764,True,True,0.7268458992664336,1.5142218898106549e-15,"GJR-GARCH(1,1,1)-t"
18932,-1.5395153500171652,3.416836057698305,True,True,0.0,0.7052377954842323,"GJR-GARCH(1,1,1)-t"
18940,-7.0410465997249325,-2.0846951920094625,True,True,0.0,0.4252010354936772,"GJR-GARCH(1,1,1)-t"
18944,22.019740684031706,26.976092091747176,True,True,0.058956609458331005,5.5968434541949455e-21,"GJR-GARCH(1,1,1)-t"
18949,12.591025954847936,17.547377362563406,True,True,0.0,0.6985047457205669,"GJR-GARCH(1,1,1)-t"
18955,21.989485005085704,26.945836412801174,True,True,0.0,0.9154485832115496,"GJR-GARCH(1,1,1)-t"
18956,-10.15159550121389,-5.19524409349842,True,True,2.330911695509646e-13,0.8261784586300055,"GJR-GARCH(1,1,1)-t"
18959,-14.213331483770034,-9.256980076054564,True,True,9.054055556823778e-16,0.30109177433061224,"GJR-GARCH(1,1,1)-t"
18967,12.369170926366944,17.325522334082414,True,True,0.12131031675242596,6.567240449671698e-14,"GJR-GARCH(1,1,1)-t"
18972,-3.878560540492728,1.0777908672227419,True,True,0.0,0.953347865843731,"GJR-GARCH(1,1,1)-t"
18993,47.91756993828158,52.87392134599705,True,True,0.0,0.8202574522438022,"GJR-GARCH(1,1,1)-t"
18996,22.079890353441478,27.036241761156944,True,True,0.01776173863824233,0.7777595396351529,"GJR-GARCH(1,1,1)-t"
18999,17.868516582637675,22.82486799035314,True,True,1.0966694221641943e-14,0.9535709139765557,"GJR-GARCH(1,1,1)-t"
19033,-0.7474610437374984,4.208890363977972,True,True,0.33344276277590273,1.4073724181928668e-13,"GJR-GARCH(1,1,1)-t"
19034,-1.7231189176767998,3.23323249003867,True,True,1.9617221788432915e-16,0.6956352003091419,"GJR-GARCH(1,1,1)-t"
19050,-14.52025850405796,-9.56390709634249,True,True,3.4220200733757936e-14,0.9645839976169489,"GJR-GARCH(1,1,1)-t"
19053,-3.031080811720436,1.925270595995034,True,False,0.0,0.9999999999999886,"GJR-GARCH(1,1,1)-t"
19062,-6.830184740092342,-1.873833332376872,True,True,5.445625366762471e-16,0.9498079689090501,"GJR-GARCH(1,1,1)-t"
19065,-12.959699313487725,-8.003347905772255,True,True,0.8784327836367366,9.915859463963977e-13,"GJR-GARCH(1,1,1)-t"
19068,63.75971738812285,68.71606879583832,True,False,0.9999999999999999,3.585547501708401e-16,"GJR-GARCH(1,1,1)-t"
19072,3.2569442316385366,8.213295639354007,True,True,1.1540955417815977e-20,9.96493927551825e-10,"GJR-GARCH(1,1,1)-t"
19090,-5.396621183728669,-0.4402697760131993,True,True,0.0,0.38575609194056787,"GJR-GARCH(1,1,1)-t"
19104,17.719341633859706,22.675693041575176,True,False,0.0,0.999999999999994,"GJR-GARCH(1,1,1)-t"
19136,64.03563039679699,68.99198180451245,True,True,3.821210899771673e-18,1.1891457386541472e-17,"GJR-GARCH(1,1,1)-t"
19147,38.86750311093306,43.823854518648524,True,True,0.0,0.0,"GJR-GARCH(1,1,1)-t"
19148,21.441512689515186,26.397864097230656,True,True,1.604824122068551e-17,0.9624759295109891,"GJR-GARCH(1,1,1)-t"
19154,-9.623136591387269,-4.666785183671799,True,True,0.3096755804786383,0.0,"GJR-GARCH(1,1,1)-t"
19155,25.131779881707594,30.088131289423064,True,True,0.0,0.0,"GJR-GARCH(1,1,1)-t"
19157,36.69538858262443,41.651739990339905,True,True,9.279015455600069e-20,0.16851913429368104,"GJR-GARCH(1,1,1)-t"
19164,15.680836142180366,20.637187549895835,True,True,0.10025790668387013,2.0303347407452667e-08,"GJR-GARCH(1,1,1)-t"
19176,10.485402762633367,15.441754170348837,True,True,0.0,0.9733465004030583,"GJR-GARCH(1,1,1)-t"
19180,22.161103738878715,27.11745514659419,True,True,1.451153590970064e-17,0.47791912480591947,"GJR-GARCH(1,1,1)-t"
19204,11.574053885585236,16.530405293300706,True,True,0.23372152058981113,0.0,"GJR-GARCH(1,1,1)-t"
19222,-0.40922372905695603,4.547127678658514,True,True,0.0,0.7814046387720153,"GJR-GARCH(1,1,1)-t"
19226,13.368981973208435,18.325333380923905,True,True,1.5414793930586207e-21,0.1513260076693598,"GJR-GARCH(1,1,1)-t"
19230,-15.212039715063113,-10.255688307347643,True,True,0.0,1.0175874088979137e-11,"GJR-GARCH(1,1,1)-t"
19234,1.9705891786170486,6.926940586332519,True,True,0.0,0.7410948594553862,"GJR-GARCH(1,1,1)-t"
19240,-11.652176852883798,-6.695825445168328,True,False,7.033181870874996e-10,1.0,"GJR-GARCH(1,1,1)-t"
19255,13.676895417373633,18.633246825089103,True,True,1.4078930096785447e-16,0.8782787152734802,"GJR-GARCH(1,1,1)-t"
19260,13.26651259299569,18.222864000711162,True,False,0.38244675989255,0.8087766200540134,"GJR-GARCH(1,1,1)-t"
19262,57.352499173224366,62.30885058093983,True,True,0.0,0.9334327381428079,"GJR-GARCH(1,1,1)-t"
19265,23.600408424165103,28.556759831880576,True,False,0.9999999999760782,7.640200770227674e-12,"GJR-GARCH(1,1,1)-t"
19267,-5.801203768932979,-0.8448523612175087,True,True,3.7532013997258685e-14,0.7958679115632049,"GJR-GARCH(1,1,1)-t"
19271,17.342052362585562,22.298403770301032,True,False,1.0,0.4379340201998657,"GJR-GARCH(1,1,1)-t"
19274,52.058654788698234,57.01500619641371,True,False,8.48499226452589e-17,0.9999999999999999,"GJR-GARCH(1,1,1)-t"
19281,13.401649985153737,18.358001392869205,True,True,1.6687254667458713e-13,0.9150562030236076,"GJR-GARCH(1,1,1)-t"
19294,-0.07374253955617327,4.882608868159297,True,True,9.141660857825319e-15,0.7744540807217066,"GJR-GARCH(1,1,1)-t"
19300,37.3111078304205,42.26745923813597,True,True,0.0,0.9779245554706667,"GJR-GARCH(1,1,1)-t"
19309,32.06487669280064,37.02122810051611,True,True,2.6016456495310323e-19,0.8670071303763448,"GJR-GARCH(1,1,1)-t"
19333,8.65771158191971,13.61406298963518,True,True,2.445330495416187e-14,0.778116899646887,"GJR-GARCH(1,1,1)-t"
19358,-4.43220776734324,0.5241436403722304,True,False,1.0,0.0,"GJR-GARCH(1,1,1)-t"
19365,9.194362829472919,14.150714237188389,True,True,0.0,0.9268159562602776,"GJR-GARCH(1,1,1)-t"
19373,17.573583711963497,22.529935119678967,True,True,0.0,8.122273233581134e-17,"GJR-GARCH(1,1,1)-t"
19385,1.5032193146530517,6.459570722368522,True,True,0.0,0.0,"GJR-GARCH(1,1,1)-t"
19386,0.3664016207186478,5.322753028434118,True,True,0.5020850161406771,0.2572634968406158,"GJR-GARCH(1,1,1)-t"
19389,0.9429260316776329,5.899277439393103,True,True,0.20333490222598471,4.236772371723227e-15,"GJR-GARCH(1,1,1)-t"
19390,7.73301165877397,12.68936306648944,True,True,0.0,0.3397156800410898,"GJR-GARCH(1,1,1)-t"
19417,3.4889804479062505,8.44533185562172,True,True,1.0658141036401508e-18,0.8447097278264626,"GJR-GARCH(1,1,1)-t"
19428,40.775982626478665,45.73233403419414,True,True,0.0,0.8210456894276981,"GJR-GARCH(1,1,1)-t"
19434,-11.082595200281943,-6.1262437925664734,True,True,0.38006037676939153,0.0,"GJR-GARCH(1,1,1)-t"
19444,15.919056605009166,20.875408012724634,True,False,8.81076646413276e-17,0.9999999999999958,"GJR-GARCH(1,1,1)-t"
19453,46.41755858969362,51.373909997409086,True,True,1.0784899470703456e-15,0.9856908646857963,"GJR-GARCH(1,1,1)-t"
19459,-5.712615282315191,-0.7562638745997212,True,True,0.24573131048414734,0.0,"GJR-GARCH(1,1,1)-t"
19466,-16.188053126426865,-11.231701718711395,True,True,9.445158737751535e-20,0.5268526430456233,"GJR-GARCH(1,1,1)-t"
19472,2.544025708428169,7.500377116143639,True,False,1.0,1.4001644496048364e-16,"GJR-GARCH(1,1,1)-t"
19476,-17.007118780313085,-12.050767372597615,True,False,1.2714693056296514e-09,0.9999999898974129,"GJR-GARCH(1,1,1)-t"
19483,10.265402993195433,15.221754400910903,True,True,4.1873842160727166e-15,0.765739882693761,"GJR-GARCH(1,1,1)-t"
19488,14.435542448247118,19.391893855962586,True,True,1.3739913425461148e-14,0.9176001310753029,"GJR-GARCH(1,1,1)-t"
19489,11.604156192500183,16.56050760021565,True,True,0.08054849929457676,0.0,"GJR-GARCH(1,1,1)-t"
19491,35.29014434170999,40.24649574942546,True,True,4.296502804067707e-14,0.9701951649659523,"GJR-GARCH(1,1,1)-t"
19493,22.230842955469473,27.187194363184943,True,True,1.0717896859645026e-15,0.10602036046847062,"GJR-GARCH(1,1,1)-t"
19495,-0.0009297557093859155,4.955421652006084,True,True,2.9917551786699767e-18,0.22133151489862787,"GJR-GARCH(1,1,1)-t"
19499,2.186812608527287,7.143164016242757,True,True,0.0,0.9158923562820527,"GJR-GARCH(1,1,1)-t"
19509,9.59141802332396,14.54776943103943,True,False,0.7670706754763158,0.6164646622618417,"GJR-GARCH(1,1,1)-t"
19512,18.417393583315807,23.373744991031277,True,True,0.07826829639044498,0.6762056283133019,"GJR-GARCH(1,1,1)-t"
19527,-1.8468979465821747,3.1094534611332953,True,True,5.914658671967465e-15,0.3235668895474054,"GJR-GARCH(1,1,1)-t"
19528,-9.229049468096338,-4.272698060380868,True,True,0.1739487869530154,5.091674666087105e-20,"GJR-GARCH(1,1,1)-t"
19531,23.500122428831705,28.456473836547175,True,True,0.02193731167922639,1.384768467481049e-19,"GJR-GARCH(1,1,1)-t"
19532,22.867761231059227,27.824112638774693,True,True,3.598454559602289e-15,0.27237575795118274,"GJR-GARCH(1,1,1)-t"
19542,24.824750096965133,29.781101504680603,True,True,1.0348060400200506e-12,0.9777131762252387,"GJR-GARCH(1,1,1)-t"
19551,5.207779793645328,10.164131201360798,True,True,1.500233742119529e-17,0.8855052345426104,"GJR-GARCH(1,1,1)-t"
19554,-1.3218184162566367,3.6345329914588334,True,True,0.0,0.10969546886399563,"GJR-GARCH(1,1,1)-t"
19579,15.167007792636271,20.123359200351743,True,True,0.005213133857243742,0.5843394527370446,"GJR-GARCH(1,1,1)-t"
19580,23.48173042672371,28.43808183443918,True,True,2.870114366763249e-13,0.9759457990258252,"GJR-GARCH(1,1,1)-t"
19597,57.96977160225779,62.92612300997325,True,True,0.0,0.6332217523222875,"GJR-GARCH(1,1,1)-t"
19603,3.576123441918593,8.532474849634063,True,False,2.362775345990622e-15,0.9999999999999983,"GJR-GARCH(1,1,1)-t"
19606,8.74606671158233,13.7024181192978,True,True,5.80077076810235e-19,0.9974796113153297,"GJR-GARCH(1,1,1)-t"
19612,2.2992846383626304,7.2556360460781,True,True,2.193043051361678e-11,3.7664826354157756e-10,"GJR-GARCH(1,1,1)-t"
19614,8.628819356957088,13.585170764672558,True,True,0.0,0.9465382602566319,"GJR-GARCH(1,1,1)-t"
19623,-14.76196456980383,-9.80561316208836,True,True,0.3806664288346246,0.3748092328527106,"GJR-GARCH(1,1,1)-t"
19625,3.006082254434057,7.962433662149527,True,True,1.4517339318976602e-13,0.9211320828441351,"GJR-GARCH(1,1,1)-t"
19626,3.3548909840716483,8.311242391787118,True,False,0.0,0.9999999999999449,"GJR-GARCH(1,1,1)-t"
19629,9.293887427931804,14.250238835647274,True,True,0.8441516577320939,4.473144534472666e-14,"GJR-GARCH(1,1,1)-t"
19636,22.313079905582885,27.269431313298355,True,True,6.415368556010473e-12,7.711244785110497e-10,"GJR-GARCH(1,1,1)-t"
19639,54.93473249133196,59.89108389904743,True,True,1.9176147252313022e-12,1.986123269417145e-12,"GJR-GARCH(1,1,1)-t"
19647,1.6841518008434893,6.640503208558959,True,True,1.4770309509099302e-11,0.9425354325881511,"GJR-GARCH(1,1,1)-t"
19651,14.847988056686102,19.804339464401572,True,True,2.556074657429097e-14,0.5261031104406609,"GJR-GARCH(1,1,1)-t"
19660,46.742296044889045,51.69864745260452,True,True,7.808246350256859e-17,0.28433676740226627,"GJR-GARCH(1,1,1)-t"
19678,15.081476486649818,20.037827894365286,True,True,0.21626239510453635,0.5671975655706539,"GJR-GARCH(1,1,1)-t"
19690,-23.36924874185408,-18.41289733413861,True,True,2.6664092368799764e-14,0.5817132223496378,"GJR-GARCH(1,1,1)-t"
19697,50.077981528856355,55.03433293657183,True,True,0.07578397633702838,3.0326600140519017e-13,"GJR-GARCH(1,1,1)-t"
19699,-5.126977340524924,-0.17062593280945393,True,True,1.3526547000714442e-16,1.4922496622038542e-18,"GJR-GARCH(1,1,1)-t"
19725,105.31424359026535,110.27059499798082,True,True,8.134623019452933e-16,0.6194194715310084,"GJR-GARCH(1,1,1)-t"
19729,83.67712781201644,88.63347921973191,True,True,0.009806381561171345,0.9226164374452221,"GJR-GARCH(1,1,1)-t"
19735,16.780905529483718,21.737256937199188,True,False,1.9149238102248058e-16,1.0,"GJR-GARCH(1,1,1)-t"
19747,10.440254080057741,15.396605487773211,True,True,0.0,0.0,"GJR-GARCH(1,1,1)-t"
19765,5.0010822558027,9.95743366351817,True,True,0.14417672736474751,0.0,"GJR-GARCH(1,1,1)-t"
19772,3.947467591405074,8.903818999120544,True,True,0.1220811555456074,0.0,"GJR-GARCH(1,1,1)-t"
19799,11.657722798911772,16.614074206627244,True,True,0.0,0.671445190726134,"GJR-GARCH(1,1,1)-t"
19810,-10.752403989467496,-5.796052581752026,True,True,1.0493471021909674e-14,0.7914675728914089,"GJR-GARCH(1,1,1)-t"
19815,-9.51048646864745,-4.55413506093198,True,False,1.0,0.486279486218522,"GJR-GARCH(1,1,1)-t"
19817,10.797198003686471,15.753549411401941,True,False,5.318572830610337e-16,0.9999999999999805,"GJR-GARCH(1,1,1)-t"
19830,15.799682330571986,20.756033738287456,True,True,1.3904919129522137e-14,0.0,"GJR-GARCH(1,1,1)-t"
19839,-6.743638797402994,-1.787287389687524,True,True,0.0,0.49848256034791444,"GJR-GARCH(1,1,1)-t"
19845,24.739971360461197,29.696322768176664,True,False,6.974478593741842e-16,0.9999999999999897,"GJR-GARCH(1,1,1)-t"
19871,10.58000090542836,15.53635231314383,True,True,2.920305717158812e-18,7.338161212551331e-16,"GJR-GARCH(1,1,1)-t"
19873,9.093400082559866,14.049751490275336,True,True,3.0730306972236818e-18,0.9608021243840522,"GJR-GARCH(1,1,1)-t"
19876,15.794494026489497,20.75084543420497,True,True,1.4135490591653157e-19,0.17662203436315385,"GJR-GARCH(1,1,1)-t"
19883,22.81341421762852,27.76976562534399,True,True,0.0,0.9562181494903694,"GJR-GARCH(1,1,1)-t"
19904,25.21314952640426,30.169500934119732,True,True,0.0,0.018733247803234744,"GJR-GARCH(1,1,1)-t"
19915,-1.1661827812443786,3.7901686264710914,True,True,7.889513165769136e-18,2.039837691034014e-16,"GJR-GARCH(1,1,1)-t"
19923,5.72456740802606,10.68091881574153,True,True,5.09107183928191e-15,1.145925901934882e-14,"GJR-GARCH(1,1,1)-t"
19935,28.773727003574074,33.73007841128955,True,True,0.0,0.9257136477582112,"GJR-GARCH(1,1,1)-t"
19949,-8.466103814866436,-3.509752407150966,True,False,1.0,0.0,"GJR-GARCH(1,1,1)-t"
19955,-3.225423144744596,1.730928262970874,True,False,0.0,1.0,"GJR-GARCH(1,1,1)-t"
19977,7.482967748202196,12.439319155917666,True,True,0.3665534452028241,0.032452740583712635,"GJR-GARCH(1,1,1)-t"
19994,6.007808395729166,10.964159803444636,True,True,0.0,0.6420676532204911,"GJR-GARCH(1,1,1)-t"
19999,27.537491967313684,32.49384337502916,True,False,0.45645539693973897,0.7717723015301304,"GJR-GARCH(1,1,1)-t"
20008,-1.2249212321691783,3.7314301755462917,True,False,7.290735185943705e-16,0.9999999999999997,"GJR-GARCH(1,1,1)-t"
20017,-2.905346660501344,2.051004747214126,True,True,1.639768060256501e-13,2.2240452836686687e-12,"GJR-GARCH(1,1,1)-t"
20021,0.03940924150948888,4.995760649224959,True,True,0.0,0.8344684937000997,"GJR-GARCH(1,1,1)-t"
20033,-10.196173266435768,-5.239821858720298,True,True,1.1699715242896168e-08,0.5972627609712169,"GJR-GARCH(1,1,1)-t"
20055,-9.418190567663427,-4.4618391599479565,True,True,0.0,0.8087409586102903,"GJR-GARCH(1,1,1)-t"
20057,10.755015925605566,15.711367333321036,True,True,0.0,0.9916315875559202,"GJR-GARCH(1,1,1)-t"
20063,-0.3018930930726711,4.654458314642799,True,True,0.0,0.0,"GJR-GARCH(1,1,1)-t"
20064,-3.002094392776307,1.954257014939163,True,True,0.0,0.66484610587665,"GJR-GARCH(1,1,1)-t"
20078,,,False,False,,,"GJR-GARCH(1,1,1)-t"
20083,14.173995324787985,19.130346732503455,True,True,0.6349896738621874,7.873267120496968e-14,"GJR-GARCH(1,1,1)-t"
20084,25.806033867492236,30.762385275207706,True,False,2.7397794453620432e-15,1.0,"GJR-GARCH(1,1,1)-t"
20086,52.36785397003628,57.32420537775175,True,True,0.13923139073740656,0.3300613524463868,"GJR-GARCH(1,1,1)-t"
20099,7.216453265838464,12.172804673553934,True,True,0.0,1.9939836743081483e-12,"GJR-GARCH(1,1,1)-t"
20127,1.7171406199776822,6.673492027693152,True,True,0.0,9.432060766651772e-15,"GJR-GARCH(1,1,1)-t"
20128,21.998490012371708,26.954841420087178,True,True,0.0,0.5392048037818838,"GJR-GARCH(1,1,1)-t"
20132,53.3017680383528,58.258119446068264,True,False,0.0,1.0,"GJR-GARCH(1,1,1)-t"
20135,36.24162779675981,41.197979204475274,True,True,0.14279237744245638,1.3320031173920563e-17,"GJR-GARCH(1,1,1)-t"
20136,-2.0887189161419215,2.8676324915735485,True,False,0.9999999999999994,6.830625354693302e-17,"GJR-GARCH(1,1,1)-t"
20164,9.760802894942241,14.717154302657711,True,True,1.1332135837211067e-17,0.8885828368304016,"GJR-GARCH(1,1,1)-t"
20172,10.705131973082338,15.661483380797808,True,False,0.0,1.0,"GJR-GARCH(1,1,1)-t"
20196,-6.364012168320844,-1.4076607606053742,True,True,7.754336503350817e-17,0.960689895793393,"GJR-GARCH(1,1,1)-t"
20199,15.315904938048064,20.272256345763534,True,True,1.2976588933541324e-17,0.7849047017230171,"GJR-GARCH(1,1,1)-t"
20213,0.585344227092266,5.541695634807736,True,True,0.007591510638978349,0.8990855584308746,"GJR-GARCH(1,1,1)-t"
20214,25.881628813711117,30.83798022142659,True,True,3.638697218446115e-21,0.9811196526867682,"GJR-GARCH(1,1,1)-t"
20225,-0.23903751716646937,4.717313890549001,True,False,0.610220152156651,0.6948899239205591,"GJR-GARCH(1,1,1)-t"
20227,40.083992416337196,45.04034382405267,True,False,1.0,0.09047988970817979,"GJR-GARCH(1,1,1)-t"
20234,-10.83152314219484,-5.87517173447937,True,True,0.0,0.5619115170489026,"GJR-GARCH(1,1,1)-t"
20255,6.868006665209927,11.824358072925397,True,True,0.0,0.6098808054368646,"GJR-GARCH(1,1,1)-t"
20265,21.564124431935944,26.520475839651418,True,False,0.6674158347225861,0.666292082639838,"GJR-GARCH(1,1,1)-t"
20268,-9.304807432418837,-4.348456024703367,True,True,0.0,0.8685615431882561,"GJR-GARCH(1,1,1)-t"
20271,50.7661814962106,55.722532903926066,True,False,0.9999999999961569,0.3648278740356681,"GJR-GARCH(1,1,1)-t"
20306,18.30495358700903,23.2613049947245,True,True,0.5974944228151722,0.22136921547248078,"GJR-GARCH(1,1,1)-t"
20317,42.648258236987616,47.60460964470309,True,True,4.0928896633987885e-15,0.795067146789909,"GJR-GARCH(1,1,1)-t"
20323,26.30711292413635,31.26346433185182,True,False,0.8490636978999299,0.37920663570046786,"GJR-GARCH(1,1,1)-t"
20326,-14.23885843693214,-9.28250702921667,True,True,2.7015328799416972e-14,0.3496460305072013,"GJR-GARCH(1,1,1)-t"
20327,6.266754574118972,11.223105981834442,True,False,1.0,0.27720292642427663,"GJR-GARCH(1,1,1)-t"
20329,-14.33678056204026,-9.38042915432479,True,True,0.0,0.6447517907888167,"GJR-GARCH(1,1,1)-t"
20336,-3.5512409527406383,1.4051104549748317,True,True,1.0430486546063912e-12,0.9337781061948197,"GJR-GARCH(1,1,1)-t"
20341,22.18463120364359,27.14098261135906,True,True,0.0,0.4915022793847709,"GJR-GARCH(1,1,1)-t"
20351,-5.513995368947995,-0.5576439612325252,True,True,5.783709864089424e-16,3.317512720047909e-15,"GJR-GARCH(1,1,1)-t"
20382,-2.2446107086030587,2.7117406991124113,True,True,0.0,0.6364955480849552,"GJR-GARCH(1,1,1)-t"
20384,3.878557417993129,8.834908825708599,True,False,5.30148064396577e-13,0.999999999998749,"GJR-GARCH(1,1,1)-t"
20405,-0.3266305204395934,4.629720887275877,True,True,2.2277981769786966e-15,0.9774890316456302,"GJR-GARCH(1,1,1)-t"
20406,5.080998040764932,10.037349448480402,True,True,0.0,0.8559848793302639,"GJR-GARCH(1,1,1)-t"
20408,45.904953513044475,50.86130492075995,True,False,2.4740023582349758e-18,1.0,"GJR-GARCH(1,1,1)-t"
20410,2.712213014744746,7.668564422460216,True,False,0.0,1.0,"GJR-GARCH(1,1,1)-t"
20415,18.762744189328625,23.719095597044095,True,False,0.9826092080604866,0.48031342877845506,"GJR-GARCH(1,1,1)-t"
20418,13.9457380394609,18.902089447176373,True,True,0.71943302019839,0.0,"GJR-GARCH(1,1,1)-t"
20430,-8.341540537824226,-3.385189130108756,True,True,9.026926525898655e-15,0.28397716224188463,"GJR-GARCH(1,1,1)-t"
20434,54.60323263702123,59.559584044736695,True,True,0.0,0.5582093921777807,"GJR-GARCH(1,1,1)-t"
20435,44.31327411450556,49.269625522221034,True,True,0.0,0.8578542185399635,"GJR-GARCH(1,1,1)-t"
20439,-8.25849745410057,-3.3021460463851007,True,True,1.0843607866019143e-13,3.255365715686093e-14,"GJR-GARCH(1,1,1)-t"
20445,-1.2499861193862944,3.7063652883291756,True,True,0.11612784797390269,1.0436640925150185e-16,"GJR-GARCH(1,1,1)-t"
20453,2.1848751164479623,7.141226524163432,True,True,2.2309972420977952e-13,1.041066944033884e-10,"GJR-GARCH(1,1,1)-t"
20457,2.0734078461206202,7.02975925383609,True,True,1.792620789002293e-15,0.9614608139603432,"GJR-GARCH(1,1,1)-t"
20460,0.5229742814036626,5.479325689119133,True,False,0.9999999999826449,0.500000000006562,"GJR-GARCH(1,1,1)-t"
20469,-13.619323005247846,-8.662971597532376,True,True,0.4892381033629113,2.9467969040729447e-13,"GJR-GARCH(1,1,1)-t"
20474,4.345446971223456,9.301798378938926,True,True,7.042898017479939e-17,3.6304226282603766e-16,"GJR-GARCH(1,1,1)-t"
20491,5.336215892854828,10.292567300570298,True,True,0.08746699159858003,0.5150752266712844,"GJR-GARCH(1,1,1)-t"
20498,42.66733070073342,47.62368210844889,True,True,3.8321662496724295e-19,5.376894094167279e-19,"GJR-GARCH(1,1,1)-t"
20499,14.275129523346934,19.231480931062404,True,True,0.0,0.8197854577771795,"GJR-GARCH(1,1,1)-t"
20550,-13.750569568809048,-8.794218161093578,True,True,0.0,0.1493169302335882,"GJR-GARCH(1,1,1)-t"
20551,12.184872585868696,17.141223993584166,True,False,1.0,0.2299252905092923,"GJR-GARCH(1,1,1)-t"
20557,23.614811245929353,28.57116265364482,True,False,0.0,1.0,"GJR-GARCH(1,1,1)-t"
20559,-3.4513683045316377,1.5049831031838323,True,True,0.2700790535520663,1.107168904500702e-14,"GJR-GARCH(1,1,1)-t"
20563,18.61304061778864,23.56939202550411,True,True,2.2315095947971013e-14,0.21721968267077127,"GJR-GARCH(1,1,1)-t"
20568,-9.135003830725086,-4.178652423009616,True,False,1.1745131938807516e-14,0.999999999999856,"GJR-GARCH(1,1,1)-t"
20571,0.49458484012999904,5.450936247845469,True,True,0.0,0.0,"GJR-GARCH(1,1,1)-t"
20577,19.806515024661415,24.762866432376885,True,True,0.0,0.3940517733713751,"GJR-GARCH(1,1,1)-t"
20581,21.92960362603944,26.88595503375491,True,True,2.650880887227434e-10,0.8264764703809182,"GJR-GARCH(1,1,1)-t"
20585,34.37674293711297,39.33309434482844,True,True,0.0,0.8086919373403815,"GJR-GARCH(1,1,1)-t"
20597,6.5714761942462285,11.527827601961699,True,True,5.473049901341474e-15,1.0366026529564136e-17,"GJR-GARCH(1,1,1)-t"
20603,78.76287562954921,83.71922703726469,True,True,0.6947059612026589,3.6275682540188805e-11,"GJR-GARCH(1,1,1)-t"
20630,6.7574678466478595,11.71381925436333,True,True,0.0,0.6026088629537754,"GJR-GARCH(1,1,1)-t"
20644,8.724697075858277,13.681048483573747,True,True,0.00915300790059614,0.10642198018903942,"GJR-GARCH(1,1,1)-t"
20651,32.543726163090014,37.50007757080549,True,True,0.5368982590670307,1.4291228287411888e-09,"GJR-GARCH(1,1,1)-t"
20669,1.561909438827195,6.518260846542665,True,False,0.07111101061353743,0.9644444946932309,"GJR-GARCH(1,1,1)-t"
20673,22.80420560372048,27.76055701143595,True,True,2.5859881452567743e-14,0.9711861713143602,"GJR-GARCH(1,1,1)-t"
20678,55.81948483378759,60.77583624150306,True,True,0.0,0.936849095306379,"GJR-GARCH(1,1,1)-t"
20691,-6.470764059181771,-1.5144126514663014,True,False,3.3495058858344656e-15,0.9999999999999949,"GJR-GARCH(1,1,1)-t"
20715,-9.090133761120136,-4.133782353404666,True,True,0.0,0.5171638591645236,"GJR-GARCH(1,1,1)-t"
20732,17.929749071213475,22.886100478928945,True,True,0.0,1.2499001706073716e-13,"GJR-GARCH(1,1,1)-t"
20734,-3.746229525386493,1.210121882328977,True,True,0.0,0.0,"GJR-GARCH(1,1,1)-t"
20762,35.8820465065407,40.83839791425618,True,True,0.0,0.9516000972271863,"GJR-GARCH(1,1,1)-t"
20770,-12.153284660357762,-7.1969332526422924,True,True,2.5604017132632787e-09,0.6472860432131683,"GJR-GARCH(1,1,1)-t"
20776,43.17823050536687,48.13458191308234,True,True,2.8939416732870622e-15,0.2710043273561994,"GJR-GARCH(1,1,1)-t"
20782,-5.666055174101071,-0.7097037663856014,True,True,0.0,9.507182892647076e-11,"GJR-GARCH(1,1,1)-t"
20785,67.6174342957346,72.57378570345007,True,True,5.606598542118612e-14,0.9366411418683835,"GJR-GARCH(1,1,1)-t"
20790,-8.269131372728001,-3.312779965012531,True,True,2.1608959314280036e-14,0.8432689434599123,"GJR-GARCH(1,1,1)-t"
20796,8.969966191655104,13.926317599370574,True,True,0.13346033680962402,1.2884310567791268e-20,"GJR-GARCH(1,1,1)-t"
20810,9.72398401840973,14.6803354261252,True,False,1.0,0.14551668515691474,"GJR-GARCH(1,1,1)-t"
20826,7.724070567121233,12.680421974836703,True,False,1.0,0.13072161324899123,"GJR-GARCH(1,1,1)-t"
20827,11.413081586055117,16.369432993770587,True,True,0.0,0.7124054281967082,"GJR-GARCH(1,1,1)-t"
20837,9.725067739471974,14.681419147187444,True,False,1.6652989935281894e-18,1.0,"GJR-GARCH(1,1,1)-t"
20843,14.843504826206363,19.799856233921833,True,True,1.1072442571159705e-15,0.9950248184334951,"GJR-GARCH(1,1,1)-t"
20851,6.183994135656979,11.14034554337245,True,True,1.4307042631357927e-15,7.677198825081887e-15,"GJR-GARCH(1,1,1)-t"
20858,-12.73717591316397,-7.7808245054485,True,True,0.3315640174953876,6.240337084428936e-14,"GJR-GARCH(1,1,1)-t"
20862,-0.6809608625614665,4.2753905451540035,True,True,3.2914408048527814e-17,1.9804174950482048e-17,"GJR-GARCH(1,1,1)-t"
20872,25.718942659622872,30.675294067338342,True,True,9.030685404798182e-15,0.500478479488801,"GJR-GARCH(1,1,1)-t"
20881,6.210523981127856,11.166875388843327,True,True,0.0,7.123109930298199e-16,"GJR-GARCH(1,1,1)-t"
20900,11.88057004426421,16.83692145197968,True,True,0.1402891719770701,0.09077931251747925,"GJR-GARCH(1,1,1)-t"
20914,2.3957930198097586,7.352144427525229,True,True,1.0244606605238055e-08,0.9773413927256885,"GJR-GARCH(1,1,1)-t"
20927,-0.6622314524121613,4.294119955303309,True,True,9.455483789001495e-14,0.096640710380589,"GJR-GARCH(1,1,1)-t"
20928,16.565571391339656,21.521922799055126,True,False,0.07201850860888749,0.9639907456955569,"GJR-GARCH(1,1,1)-t"
20935,-4.55732752415593,0.3990238835595399,True,False,1.7996480754887656e-23,1.0,"GJR-GARCH(1,1,1)-t"
20936,42.575684702277655,47.53203610999313,True,True,0.0,0.0,"GJR-GARCH(1,1,1)-t"
20939,17.998997544929278,22.955348952644748,True,True,1.4320607465019516e-14,0.9444111925039864,"GJR-GARCH(1,1,1)-t"
20944,-12.932674530736495,-7.976323123021025,True,True,0.0,0.0,"GJR-GARCH(1,1,1)-t"
20945,1.8347008447397233,6.791052252455193,True,True,0.4211983887522217,5.415856273283263e-10,"GJR-GARCH(1,1,1)-t"
20950,-7.622850691951065,-2.666499284235595,True,True,7.097137173466372e-19,0.9900919246955132,"GJR-GARCH(1,1,1)-t"
20953,8.338011024513253,13.294362432228723,True,True,1.976490659813072e-14,0.7357455648177277,"GJR-GARCH(1,1,1)-t"
20972,6.026766855606807,10.983118263322277,True,True,2.391621849778889e-19,0.9790697232886191,"GJR-GARCH(1,1,1)-t"
20973,10.85391253269946,15.81026394041493,True,True,0.0,0.9776547065101339,"GJR-GARCH(1,1,1)-t"
20995,-1.9296625857622889,3.026688821953181,True,True,0.0,0.7860893377490425,"GJR-GARCH(1,1,1)-t"
20996,15.029000389858313,19.985351797573784,True,True,1.0092163630979935e-14,0.9621754081032499,"GJR-GARCH(1,1,1)-t"
21020,39.480940925500974,44.43729233321645,True,True,1.5279797461431102e-16,0.13339797699364406,"GJR-GARCH(1,1,1)-t"
21024,7.204181487164784,12.160532894880255,True,True,1.100954168640679e-14,0.9488387263148494,"GJR-GARCH(1,1,1)-t"
21038,50.420592435799,55.37694384351447,True,False,0.4220082612816027,0.7889958693594648,"GJR-GARCH(1,1,1)-t"
21040,-15.082299462292344,-10.125948054576874,True,True,0.0,0.9053254632593477,"GJR-GARCH(1,1,1)-t"
21051,22.409358807866475,27.365710215581945,True,True,0.0,0.9885211439842231,"GJR-GARCH(1,1,1)-t"
21053,7.372047946549605,12.328399354265075,True,True,7.089307847227267e-15,0.4251955329387545,"GJR-GARCH(1,1,1)-t"
21074,-1.0661139847894354,3.8902374229260346,True,True,0.0,0.9497443141661422,"GJR-GARCH(1,1,1)-t"
21079,23.409052458595383,28.365403866310853,True,False,4.866567281224679e-12,0.9999999998321106,"GJR-GARCH(1,1,1)-t"
21083,49.105292098043904,54.06164350575938,True,True,1.3852075579184725e-15,0.0,"GJR-GARCH(1,1,1)-t"
21094,4.401762004473095,9.358113412188565,True,True,1.3120451346686348e-15,0.035955770563819454,"GJR-GARCH(1,1,1)-t"
21099,14.696773886110684,19.653125293826154,True,True,2.207796897210503e-15,0.1684104047454154,"GJR-GARCH(1,1,1)-t"
21103,7.569600444017507,12.525951851732977,True,False,0.9999999999999989,0.5000000000000012,"GJR-GARCH(1,1,1)-t"
21116,13.766388534547456,18.722739942262926,True,True,0.06027931094565793,0.8959174490322173,"GJR-GARCH(1,1,1)-t"
21121,-4.407702025244362,0.5486493824711083,True,True,5.601721554458281e-15,4.1879751338081154e-14,"GJR-GARCH(1,1,1)-t"
21136,35.25142403087914,40.20777543859461,True,True,0.0,1.1469841001008035e-20,"GJR-GARCH(1,1,1)-t"
21139,4.888440034741656,9.844791442457126,True,True,7.437164678223725e-18,5.7708350657444525e-06,"GJR-GARCH(1,1,1)-t"
21145,10.441921805296769,15.398273213012239,True,True,9.978840042953889e-17,0.9626287340205505,"GJR-GARCH(1,1,1)-t"
21148,-14.608948896935594,-9.652597489220124,True,True,3.0683463744928982e-15,0.717293367442815,"GJR-GARCH(1,1,1)-t"
21164,26.339199656201515,31.29555106391699,True,True,3.784174865454432e-10,0.9815082484941124,"GJR-GARCH(1,1,1)-t"
21169,-12.563740433395587,-7.607389025680117,True,True,1.2278145968205025e-15,9.95980305836693e-15,"GJR-GARCH(1,1,1)-t"
21179,23.459844901040448,28.416196308755914,True,True,0.0,0.3114936423682058,"GJR-GARCH(1,1,1)-t"
21203,19.01457534002037,23.97092674773584,True,True,2.493907557071362e-14,0.0,"GJR-GARCH(1,1,1)-t"
21208,6.1611834966416446,11.117534904357115,True,False,0.9999999999999982,1.2143185638578693e-15,"GJR-GARCH(1,1,1)-t"
21218,-18.128686892604414,-13.172335484888944,True,True,0.8395758247203425,6.183862332815481e-21,"GJR-GARCH(1,1,1)-t"
21239,-2.5109480277802447,2.4454033799352253,True,True,1.0391187516563071e-07,0.9216758737009655,"GJR-GARCH(1,1,1)-t"
21240,22.860647207735923,27.816998615451393,True,True,0.0,0.0,"GJR-GARCH(1,1,1)-t"
21243,4.02584239771539,8.98219380543086,True,False,6.012500341725818e-15,0.999999999999994,"GJR-GARCH(1,1,1)-t"
21246,-3.5430671120044046,1.4132842957110654,True,True,0.0,0.0,"GJR-GARCH(1,1,1)-t"
21248,10.055609538302733,15.011960946018203,True,True,6.012618796263687e-15,2.610907630118697e-13,"GJR-GARCH(1,1,1)-t"
21267,12.629736226027932,17.5860876337434,True,True,0.0,0.4111196695565707,"GJR-GARCH(1,1,1)-t"
21272,14.990190815120338,19.946542222835806,True,True,4.003172258547551e-14,0.9578349051536734,"GJR-GARCH(1,1,1)-t"
21300,-6.096598334120053,-1.1402469264045827,True,True,5.295228434824631e-16,0.0,"GJR-GARCH(1,1,1)-t"
21301,3.1415686697462633,8.097920077461733,True,False,0.7516618824069005,0.4276890165468922,"GJR-GARCH(1,1,1)-t"
21307,20.765376069762596,25.721727477478066,True,True,1.921649592519978e-12,4.956786462445059e-11,"GJR-GARCH(1,1,1)-t"
21326,2.675636979809843,7.631988387525313,True,True,0.9565302396869159,5.853492562294982e-13,"GJR-GARCH(1,1,1)-t"
21328,-15.105366554050498,-10.149015146335028,True,True,7.397860087350151e-16,0.30079554960474975,"GJR-GARCH(1,1,1)-t"
21329,-1.1387870974221705,3.8175643102932995,True,True,2.2532350583806417e-15,0.005711124736596083,"GJR-GARCH(1,1,1)-t"
21344,-2.800897176232162,2.155454231483308,True,True,4.1974812653435366e-15,3.1166328630249837e-14,"GJR-GARCH(1,1,1)-t"
21364,8.920005600764398,13.876357008479868,True,True,0.0007980416399774379,8.148125149717018e-22,"GJR-GARCH(1,1,1)-t"
21367,-3.9058185476190665,1.0505328600964035,True,True,4.7938079270619163e-14,0.9834449997585104,"GJR-GARCH(1,1,1)-t"
21368,2.286980643811738,7.243332051527208,True,True,0.22857559190883767,8.168004972762516e-12,"GJR-GARCH(1,1,1)-t"
21373,7.555844354459228,12.512195762174699,True,False,0.9999999999999994,3.6884606950026563e-16,"GJR-GARCH(1,1,1)-t"
21391,-4.582892081665609,0.3734593260498613,True,True,0.0,0.5092501941565757,"GJR-GARCH(1,1,1)-t"
21398,35.09738311051048,40.053734518225944,True,True,2.6091269870891374e-14,0.8957158496663056,"GJR-GARCH(1,1,1)-t"
21404,26.964666755806395,31.921018163521865,True,True,0.4668654883377533,1.585569357419238e-14,"GJR-GARCH(1,1,1)-t"
21428,7.68995508923876,12.64630649695423,True,True,5.450103028378839e-12,0.8940803553586145,"GJR-GARCH(1,1,1)-t"
21431,2.0367474020457035,6.9930988097611735,True,True,0.0,0.9679351947828341,"GJR-GARCH(1,1,1)-t"
21434,-3.7153061809937142,1.2410452267217558,True,True,2.919344757897391e-17,0.8573780178534356,"GJR-GARCH(1,1,1)-t"
21437,0.4706178393247047,5.426969247040175,True,True,1.1576203475576784e-15,0.18668957490675228,"GJR-GARCH(1,1,1)-t"
21439,11.36983759812104,16.32618900583651,True,True,1.5006999050405687e-13,7.990220691850854e-13,"GJR-GARCH(1,1,1)-t"
21445,5.792338631272822,10.748690038988292,True,True,1.8459778677439196e-14,0.8662979047254754,"GJR-GARCH(1,1,1)-t"
21446,-3.642665231704825,1.3136861760106449,True,True,4.484688029747713e-15,0.9409098254735239,"GJR-GARCH(1,1,1)-t"
21466,-8.195484504982993,-3.2391330972675227,True,True,4.602317889584941e-15,0.5406885426934491,"GJR-GARCH(1,1,1)-t"
21486,19.982340894630642,24.938692302346112,True,True,0.0,0.9673635703642255,"GJR-GARCH(1,1,1)-t"
21493,1.9159549199604662,6.872306327675936,True,False,0.3095839336908316,0.8452080331545851,"GJR-GARCH(1,1,1)-t"
21507,-6.857917434638612,-1.9015660269231418,True,True,4.3786500838489e-20,0.7922336804141085,"GJR-GARCH(1,1,1)-t"
21533,9.711177821395076,14.667529229110546,True,True,0.6355104824174703,3.5272191640951596e-11,"GJR-GARCH(1,1,1)-t"
21555,23.31570015608782,28.272051563803288,True,True,2.2775680595414266e-12,0.9603402384176223,"GJR-GARCH(1,1,1)-t"
21601,9.775174448696461,14.731525856411931,True,True,0.0,0.49257393811912825,"GJR-GARCH(1,1,1)-t"
21602,17.628599798719794,22.584951206435264,True,True,6.652860999165826e-14,0.970354733894103,"GJR-GARCH(1,1,1)-t"
21614,20.367376314680666,25.323727722396136,True,True,0.0,0.6252462205992344,"GJR-GARCH(1,1,1)-t"
21621,-15.418126569979453,-10.461775162263983,True,True,4.542632046609759e-17,6.285575250847612e-12,"GJR-GARCH(1,1,1)-t"
21640,26.677322168492097,31.633673576207567,True,False,1.2937664379359296e-13,0.9999999999971758,"GJR-GARCH(1,1,1)-t"
21645,26.278848160192666,31.23519956790814,True,False,0.9868016797065655,0.3713549604499427,"GJR-GARCH(1,1,1)-t"
21647,8.315064798388503,13.271416206103973,True,True,1.3877237119644505e-19,0.4519857049252589,"GJR-GARCH(1,1,1)-t"
21655,57.14849686160024,62.10484826931571,True,True,8.767459272447598e-20,0.9798859969321442,"GJR-GARCH(1,1,1)-t"
21657,19.298457191558132,24.254808599273602,True,True,0.0,0.9877329895115705,"GJR-GARCH(1,1,1)-t"
21658,7.776075560837586,12.732426968553057,True,False,3.898417629208702e-12,1.0,"GJR-GARCH(1,1,1)-t"
21659,17.863058358263192,22.819409765978662,True,True,0.0,0.0,"GJR-GARCH(1,1,1)-t"
21685,0.6352950285399199,5.59164643625539,True,True,7.963383919311106e-12,0.40289531232512077,"GJR-GARCH(1,1,1)-t"
21693,4.330332260516924,9.286683668232394,True,False,1.657490769259594e-17,0.9999999999999968,"GJR-GARCH(1,1,1)-t"
21695,-13.312499410422191,-8.356148002706721,True,True,3.421653450992678e-15,0.9084667672418532,"GJR-GARCH(1,1,1)-t"
21716,-0.30858306695786375,4.647768340757606,True,True,0.3455543951712,1.0535103947038936e-13,"GJR-GARCH(1,1,1)-t"
21718,1.1428133012184212,6.099164708933891,True,False,3.609227277152561e-16,0.9999999999999994,"GJR-GARCH(1,1,1)-t"
21732,29.138232963511,34.094584371226475,True,True,2.4898873625662534e-11,0.8122739894922665,"GJR-GARCH(1,1,1)-t"
21734,-12.891650819456263,-7.935299411740793,True,True,7.450998219795574e-15,9.027916915951291e-16,"GJR-GARCH(1,1,1)-t"
21744,-3.870180179612781,1.086171228102689,True,True,0.0,0.8366075357106444,"GJR-GARCH(1,1,1)-t"
21753,13.772688739340404,18.729040147055873,True,False,0.0,1.0,"GJR-GARCH(1,1,1)-t"
21762,3.5883051237381025,8.544656531453573,True,True,0.06744867697396754,0.3936775217301832,"GJR-GARCH(1,1,1)-t"
21770,8.258400135587799,13.214751543303269,True,True,9.247356655954525e-17,3.339168656583649e-15,"GJR-GARCH(1,1,1)-t"
21777,-8.407583389678575,-3.4512319819631045,True,False,1.0,0.0,"GJR-GARCH(1,1,1)-t"
21805,22.84670636120834,27.803057768923814,True,True,0.3379241324898718,0.1861514040803906,"GJR-GARCH(1,1,1)-t"
21825,9.76627943146351,14.72263083917898,True,True,0.11346010565525533,6.634918510383516e-18,"GJR-GARCH(1,1,1)-t"
21834,2.8172464463217732,7.773597854037243,True,True,0.512432009816675,1.0567700436302361e-16,"GJR-GARCH(1,1,1)-t"
21843,12.708368941198868,17.664720348914337,True,False,0.0,1.0,"GJR-GARCH(1,1,1)-t"
21848,-2.101604978105126,2.854746429610344,True,True,8.443002265647057e-14,0.9906327977434639,"GJR-GARCH(1,1,1)-t"
21849,32.32804040048837,37.284391808203836,True,True,6.0123639565737505e-15,4.458036453745271e-14,"GJR-GARCH(1,1,1)-t"
21854,13.75992155822393,18.7162729659394,True,False,1.891553257384871e-18,1.0,"GJR-GARCH(1,1,1)-t"
21883,-0.11256998365489856,4.843781424060571,True,False,3.9118398617133346e-16,0.9999999999999994,"GJR-GARCH(1,1,1)-t"
21884,2.325272589232295,7.281623996947765,True,True,4.804972076175948e-17,0.40593030858081736,"GJR-GARCH(1,1,1)-t"
21886,11.080598744309395,16.036950152024865,True,True,3.2467667377819447e-15,0.7444075194396504,"GJR-GARCH(1,1,1)-t"
21888,32.52807780025959,37.484429207975055,True,False,0.9999999948076542,2.970974795283049e-09,"GJR-GARCH(1,1,1)-t"
21890,2.1461767851941076,7.102528192909578,True,True,0.9024476873661181,1.2514737775111666e-10,"GJR-GARCH(1,1,1)-t"
21891,45.51400648722962,50.470357894945096,True,False,1.0,0.04363973320930628,"GJR-GARCH(1,1,1)-t"
21897,4.5371569577738455,9.493508365489316,True,False,1.307385586841039e-13,0.9999999999992012,"GJR-GARCH(1,1,1)-t"
21906,8.40694110009688,13.36329250781235,True,True,0.028181554414482602,2.8035009850303605e-14,"GJR-GARCH(1,1,1)-t"
21911,15.554899864669332,20.5112512723848,True,True,1.59843168892271e-16,0.007418358017136553,"GJR-GARCH(1,1,1)-t"
21920,45.22129936385176,50.17765077156723,True,True,0.09565312357692893,5.684926013057606e-11,"GJR-GARCH(1,1,1)-t"
21931,1.268575713980221,6.224927121695691,True,True,0.0,0.9603828861946803,"GJR-GARCH(1,1,1)-t"
21934,7.298137997114121,12.254489404829592,True,True,4.9822731099909737e-17,0.30518550463533606,"GJR-GARCH(1,1,1)-t"
21988,37.1428258782739,42.09917728598937,True,True,4.247182785369873e-15,2.2951274436681616e-14,"GJR-GARCH(1,1,1)-t"
21990,24.67592416807775,29.63227557579322,True,True,0.23208002415807974,0.18049785626138778,"GJR-GARCH(1,1,1)-t"
21995,-30.05793111440338,-25.10157970668791,True,True,0.15852766968545617,0.7588149298368964,"GJR-GARCH(1,1,1)-t"
22003,11.225116440356711,16.18146784807218,True,True,5.094271236396594e-14,0.2919647198585126,"GJR-GARCH(1,1,1)-t"
22008,10.540681418603578,15.497032826319048,True,True,0.36660060411839607,9.092474944801382e-22,"GJR-GARCH(1,1,1)-t"
22011,20.26391357600731,25.22026498372278,True,True,0.8113162473827845,1.5828457682249452e-13,"GJR-GARCH(1,1,1)-t"
22013,4.403119371853039,9.35947077956851,True,True,2.0261205681046703e-13,0.843336178232637,"GJR-GARCH(1,1,1)-t"
22014,-9.068398279358174,-4.112046871642704,True,True,0.0,0.8868363745627924,"GJR-GARCH(1,1,1)-t"
22023,17.623456259158804,22.579807666874274,True,True,8.819172562034775e-18,0.622728348184836,"GJR-GARCH(1,1,1)-t"
22026,6.245181394904818,11.201532802620289,True,True,3.5472371756476385e-18,5.433270422403418e-18,"GJR-GARCH(1,1,1)-t"
22038,64.51694926339329,69.47330067110875,True,True,9.292909245031454e-16,0.8517097750227256,"GJR-GARCH(1,1,1)-t"
22042,7.197841213452022,12.154192621167493,True,True,9.931983183623012e-15,0.8694289265155627,"GJR-GARCH(1,1,1)-t"
22047,39.18631690582271,44.142668313538174,True,True,3.746281021779839e-13,0.7066842483009664,"GJR-GARCH(1,1,1)-t"
22064,8.703114298792599,13.659465706508069,True,True,0.9562845620186952,0.0,"GJR-GARCH(1,1,1)-t"
22067,22.041726402571587,26.998077810287057,True,True,7.115414840002355e-18,0.9643132801460836,"GJR-GARCH(1,1,1)-t"
22076,-13.542799934468555,-8.586448526753085,True,False,1.0,1.6164610930453534e-14,"GJR-GARCH(1,1,1)-t"
22079,39.34710894935395,44.30346035706942,True,True,9.917894442271815e-13,0.8064447085381012,"GJR-GARCH(1,1,1)-t"
22081,-0.04726514539904514,4.909086262316425,True,True,4.4662757852763625e-10,0.9657676389736459,"GJR-GARCH(1,1,1)-t"
22106,34.40360697066721,39.35995837838268,True,True,2.2505065425812824e-15,0.9537482896390043,"GJR-GARCH(1,1,1)-t"
22115,2.75498346443311,7.71133487214858,True,True,5.731770251446943e-19,4.123834503907463e-19,"GJR-GARCH(1,1,1)-t"
22117,8.357832473261745,13.314183880977215,True,False,0.9999999999999999,0.07255782004065722,"GJR-GARCH(1,1,1)-t"
22120,-3.2587394162806618,1.6976119914348082,True,True,3.134715810137674e-13,6.321416163418163e-14,"GJR-GARCH(1,1,1)-t"
22126,-3.1660477336254687,1.7903036740900014,True,True,0.2083782203936942,0.0,"GJR-GARCH(1,1,1)-t"
22133,-6.918823236878989,-1.962471829163519,True,True,1.323256340442011e-15,0.9606976190792551,"GJR-GARCH(1,1,1)-t"
22159,25.67544336357906,30.63179477129453,True,True,0.0,0.8549136085464689,"GJR-GARCH(1,1,1)-t"
22166,52.93820577888613,57.8945571866016,True,True,2.2597735195845206e-14,7.455316776304155e-16,"GJR-GARCH(1,1,1)-t"
22169,17.728808136740895,22.685159544456365,True,True,0.0,0.5842816810730351,"GJR-GARCH(1,1,1)-t"
22178,15.563672955156843,20.520024362872313,True,True,0.1893894381043517,0.0,"GJR-GARCH(1,1,1)-t"
22188,8.95636249440257,13.91271390211804,True,True,5.567594281828902e-15,0.9704096830717494,"GJR-GARCH(1,1,1)-t"
22193,-21.570843861692637,-16.614492453977167,True,True,0.07794580382007568,7.62582814573221e-13,"GJR-GARCH(1,1,1)-t"
22217,14.003406360125743,18.959757767841214,True,True,2.3853227449252e-19,0.9501366913360383,"GJR-GARCH(1,1,1)-t"
22249,21.917655945794525,26.874007353509995,True,True,0.0,0.9832181976200881,"GJR-GARCH(1,1,1)-t"
22262,4.979986354093992,9.936337761809462,True,True,2.5372349238972302e-12,0.5328497381619217,"GJR-GARCH(1,1,1)-t"
22263,-1.6702331085584294,3.2861182991570406,True,False,6.900482251292217e-25,1.0,"GJR-GARCH(1,1,1)-t"
22277,29.96337851360004,34.919729921315515,True,False,0.6529562367398745,0.6735218816302642,"GJR-GARCH(1,1,1)-t"
22289,30.564892130154192,35.521243537869665,True,False,0.999999999999998,5.064989548637235e-16,"GJR-GARCH(1,1,1)-t"
22290,18.672477088588636,23.628828496304102,True,True,0.024493877891841903,0.9694544838873952,"GJR-GARCH(1,1,1)-t"
22300,28.162157909137004,33.118509316852474,True,True,1.2679939107580028e-09,0.9279013073584921,"GJR-GARCH(1,1,1)-t"
22304,36.26822852160784,41.224579929323305,True,True,0.0,0.0214048575037511,"GJR-GARCH(1,1,1)-t"
22307,1.9697353702485874,6.926086777964057,True,True,0.37596615504677916,2.5022734567166668e-11,"GJR-GARCH(1,1,1)-t"
22331,-1.1387579473601797,3.8175934603552903,True,True,0.0,2.16700856681012e-13,"GJR-GARCH(1,1,1)-t"
22377,6.33979223877194,11.29614364648741,True,True,0.7525651185303442,3.1081069274832355e-17,"GJR-GARCH(1,1,1)-t"
22384,-2.9717205383550294,1.9846308693604406,True,True,2.301836701764892e-15,2.1654778666434554e-15,"GJR-GARCH(1,1,1)-t"
22385,12.878092674229968,17.83444408194544,True,True,1.1579571601245732e-17,0.880977293090646,"GJR-GARCH(1,1,1)-t"
22392,-31.740676725850122,-26.784325318134652,True,True,0.0,0.20441226222809666,"GJR-GARCH(1,1,1)-t"
22405,-1.1307095354990455,3.8256418722164245,True,True,0.0,0.0,"GJR-GARCH(1,1,1)-t"
22427,8.157533656929074,13.113885064644544,True,True,0.0,4.692751178038671e-16,"GJR-GARCH(1,1,1)-t"
22440,11.542918965612113,16.499270373327583,True,True,6.512351013995146e-17,0.6169552151267504,"GJR-GARCH(1,1,1)-t"
22441,14.31836475788938,19.27471616560485,True,True,0.5043844494784244,0.0,"GJR-GARCH(1,1,1)-t"
22447,-12.041499444644256,-7.085148036928786,True,False,0.0,1.0,"GJR-GARCH(1,1,1)-t"
22455,60.88960923159149,65.84596063930697,True,True,0.0,0.9127546701308069,"GJR-GARCH(1,1,1)-t"
22466,2.3503207181204857,7.306672125835956,True,True,4.981335241139821e-15,0.9582862772511381,"GJR-GARCH(1,1,1)-t"
22487,-10.197073997287774,-5.240722589572304,True,True,1.6137484351402466e-13,0.9786355205401759,"GJR-GARCH(1,1,1)-t"
22495,1.125680087524577,6.082031495240047,True,False,0.9999999999999101,0.4103840268499142,"GJR-GARCH(1,1,1)-t"
22496,30.13322190687869,35.08957331459416,True,False,0.9999999961371845,4.608252493162348e-09,"GJR-GARCH(1,1,1)-t"
22498,-12.111669883702259,-7.155318475986789,True,True,0.13688163360117697,8.52191382973783e-14,"GJR-GARCH(1,1,1)-t"
22501,1.9284822730815154,6.884833680796985,True,True,0.0,5.546952155575947e-11,"GJR-GARCH(1,1,1)-t"
22513,-1.3622511020943975,3.5941003056210725,True,True,2.7756406683308907e-12,2.574040757202192e-12,"GJR-GARCH(1,1,1)-t"
22517,-10.602509455460936,-5.646158047745466,True,True,0.42793612293424776,1.9089693534969167e-10,"GJR-GARCH(1,1,1)-t"
22519,15.59417969790839,20.55053110562386,True,False,9.620126064219142e-20,0.9999999999999999,"GJR-GARCH(1,1,1)-t"
22532,19.994454485925267,24.95080589364074,True,True,0.9622340725528636,6.334203410805699e-13,"GJR-GARCH(1,1,1)-t"
22542,7.902670602619118,12.859022010334588,True,True,0.4275831576974579,1.936199877623077e-09,"GJR-GARCH(1,1,1)-t"
22543,16.487634462560127,21.443985870275597,True,False,7.994059862404068e-15,1.0,"GJR-GARCH(1,1,1)-t"
22548,16.559482145358192,21.515833553073662,True,True,0.0,0.9424724045371291,"GJR-GARCH(1,1,1)-t"
22585,-15.339487632198917,-10.383136224483447,True,True,8.739615688100924e-20,9.337340755016729e-20,"GJR-GARCH(1,1,1)-t"
22590,41.25999207668653,46.216343484402,True,False,4.349941116892934e-19,1.0,"GJR-GARCH(1,1,1)-t"
22598,-12.63900644552293,-7.682655037807461,True,False,6.475741598360492e-12,0.9999999999684491,"GJR-GARCH(1,1,1)-t"
22616,-1.5469155562685923,3.4094358514468777,True,True,2.709934244934688e-09,0.767158663504766,"GJR-GARCH(1,1,1)-t"
22621,28.261187408331622,33.217538816047096,True,True,3.6241048043426875e-20,0.3604932682045762,"GJR-GARCH(1,1,1)-t"
22622,-6.116536962226807,-1.1601855545113366,True,True,9.131992382124961e-21,0.1052169579876624,"GJR-GARCH(1,1,1)-t"
22627,-13.910661434305695,-8.954310026590225,True,True,2.0918492333018335e-11,0.5668282147518747,"GJR-GARCH(1,1,1)-t"
22635,5.353500349986216,10.309851757701686,True,True,0.04029422021942595,3.41446455747917e-11,"GJR-GARCH(1,1,1)-t"
22638,17.970028119199064,22.926379526914538,True,True,0.8703225468472815,0.012973397894872181,"GJR-GARCH(1,1,1)-t"
22649,50.68731309765322,55.64366450536869,True,False,0.9999999999999996,2.675454263740954e-16,"GJR-GARCH(1,1,1)-t"
22666,-3.620921847159323,1.3354295605561468,True,True,2.477708493221727e-14,0.0,"GJR-GARCH(1,1,1)-t"
22671,23.446521766862283,28.40287317457775,True,True,0.0,0.7614359894944455,"GJR-GARCH(1,1,1)-t"
22674,29.817854934753097,34.77420634246857,True,True,0.9762368679135122,9.211389309134145e-13,"GJR-GARCH(1,1,1)-t"
22678,20.10098109469957,25.057332502415036,True,False,3.09557690334152e-15,0.9999999999999839,"GJR-GARCH(1,1,1)-t"
22695,3.0062206900730075,7.9625720977884775,True,True,1.0014758174006616e-09,9.71954190431389e-10,"GJR-GARCH(1,1,1)-t"
22697,18.98139656929241,23.93774797700788,True,False,5.544541359930267e-16,1.0,"GJR-GARCH(1,1,1)-t"
22725,17.54729826011624,22.50364966783171,True,True,0.8083425902543426,0.04157225581602257,"GJR-GARCH(1,1,1)-t"
22732,-13.220362511687746,-8.264011103972276,True,False,2.6000097180819737e-15,1.0,"GJR-GARCH(1,1,1)-t"
22749,4.600857562456712,9.557208970172182,True,True,6.465207198753086e-19,0.9365588766424255,"GJR-GARCH(1,1,1)-t"
22750,-1.6648453092360107,3.2915060984794593,True,False,0.9999999999999994,2.073953413664072e-16,"GJR-GARCH(1,1,1)-t"
22752,14.235871267870792,19.19222267558626,True,False,8.336770361615466e-15,1.0,"GJR-GARCH(1,1,1)-t"
22759,2.274131860658734,7.230483268374204,True,True,7.784721420737562e-17,0.40081989484779135,"GJR-GARCH(1,1,1)-t"
22766,13.103988207637396,18.060339615352866,True,False,0.6565552663440133,0.6717223668279935,"GJR-GARCH(1,1,1)-t"
22780,-4.766455790898778,0.18989561681669187,True,True,2.3369207655134946e-14,0.81516565428879,"GJR-GARCH(1,1,1)-t"
22794,-1.7389060319727552,3.217445375742715,True,True,3.746030103433123e-16,0.6435950363305866,"GJR-GARCH(1,1,1)-t"
22798,-3.103313384402586,1.8530380233128838,True,False,0.0,1.0,"GJR-GARCH(1,1,1)-t"
22822,6.658689155622415,11.615040563337885,True,False,2.391045914141823e-15,0.9999999999995584,"GJR-GARCH(1,1,1)-t"
22824,6.015116887381275,10.971468295096745,True,True,1.5630516415616142e-15,0.24210000548048005,"GJR-GARCH(1,1,1)-t"
22825,17.115235624353467,22.071587032068937,True,False,1.5216823332803022e-15,1.0,"GJR-GARCH(1,1,1)-t"
22827,20.084166033398063,25.040517441113533,True,True,9.379889950882101e-12,9.883011243847863e-11,"GJR-GARCH(1,1,1)-t"
22828,38.48684344987964,43.44319485759511,True,True,0.09851463246810797,1.7152928074250404e-16,"GJR-GARCH(1,1,1)-t"
22829,3.3195882029560497,8.27593961067152,True,True,0.0,0.6569332948932678,"GJR-GARCH(1,1,1)-t"
22877,-3.462353179734759,1.4939982279807111,True,True,0.001641610352155685,0.9571333023094896,"GJR-GARCH(1,1,1)-t"
22879,11.025958310897968,15.982309718613438,True,True,1.5335651854826988e-16,0.6411200786589406,"GJR-GARCH(1,1,1)-t"
22884,-3.1741176823841677,1.7822337253313023,True,False,0.0,1.0,"GJR-GARCH(1,1,1)-t"
22887,51.386445696568096,56.34279710428356,True,False,2.167293760695109e-15,0.9999999999999983,"GJR-GARCH(1,1,1)-t"
22893,22.6986398846054,27.654991292320872,True,True,0.0,0.6666570038082131,"GJR-GARCH(1,1,1)-t"
22898,-11.945254772251655,-6.988903364536185,True,True,0.0,0.6326542133521877,"GJR-GARCH(1,1,1)-t"
22899,5.355238868849403,10.311590276564873,True,False,4.252233951623271e-16,0.9999999999999991,"GJR-GARCH(1,1,1)-t"
22903,21.612599905406846,26.568951313122312,True,True,4.5853406503779815e-15,0.9776771817229909,"GJR-GARCH(1,1,1)-t"
22907,-3.1343706916787824,1.8219807160366877,True,False,0.6759029697539769,0.533420141522094,"GJR-GARCH(1,1,1)-t"
22909,56.98523267543672,61.94158408315219,True,True,0.017487349696065815,0.3984412944792717,"GJR-GARCH(1,1,1)-t"
22912,13.11870039208042,18.07505179979589,True,False,0.7344957181487205,0.6327521409256572,"GJR-GARCH(1,1,1)-t"
22914,-7.081045721484994,-2.124694313769524,True,True,0.0,0.7691967802438618,"GJR-GARCH(1,1,1)-t"
22922,9.984048303792868,14.940399711508338,True,True,0.0,0.6940058298266109,"GJR-GARCH(1,1,1)-t"
22928,22.45038762338433,27.406739031099796,True,True,5.712986241524271e-21,0.0,"GJR-GARCH(1,1,1)-t"
22941,11.37493030474118,16.33128171245665,True,True,0.0,0.9554497990703554,"GJR-GARCH(1,1,1)-t"
22946,4.614991003539471,9.57134241125494,True,True,2.13048148942586e-15,1.302215186126134e-12,"GJR-GARCH(1,1,1)-t"
22947,28.505748963975133,33.4621003716906,True,True,1.440937124648881e-16,2.8175725260437173e-18,"GJR-GARCH(1,1,1)-t"
22962,7.519747363647779,12.47609877136325,True,True,0.5725262000706871,1.8072722299678171e-07,"GJR-GARCH(1,1,1)-t"
22964,-7.900557506633547,-2.9442060989180767,True,True,0.7385114385702879,0.14197525674001454,"GJR-GARCH(1,1,1)-t"
22973,60.83318076836791,65.78953217608338,True,True,0.3902876823164602,0.1763047806540218,"GJR-GARCH(1,1,1)-t"
22996,5.799173333383376,10.755524741098846,True,False,2.9343941150636367e-16,1.0,"GJR-GARCH(1,1,1)-t"
23001,-6.265212379843508,-1.3088609721280378,True,True,5.835989460252289e-10,0.9702549172362062,"GJR-GARCH(1,1,1)-t"
23017,15.801004834198906,20.757356241914376,True,False,0.3970345989234339,0.8014827005382831,"GJR-GARCH(1,1,1)-t"
23019,1.0448865117597297,6.0012379194752,True,True,1.3041979420098473e-13,0.814147388066625,"GJR-GARCH(1,1,1)-t"
23028,-7.59151482953925,-2.63516342182378,True,True,0.0,9.146724534760453e-17,"GJR-GARCH(1,1,1)-t"
23030,2.4288286732209414,7.385180080936411,True,True,4.0233520494891837e-16,0.2283659914938412,"GJR-GARCH(1,1,1)-t"
23034,-22.435200329431268,-17.478848921715798,True,True,0.2035259790777039,4.923491753135658e-09,"GJR-GARCH(1,1,1)-t"
23045,-14.992016899441577,-10.035665491726107,True,True,0.0,0.0,"GJR-GARCH(1,1,1)-t"
23049,15.322322675345184,20.278674083060654,True,False,2.268208473708432e-18,1.0,"GJR-GARCH(1,1,1)-t"
23054,-16.938886153640496,-11.982534745925026,True,True,3.723993678237347e-16,8.338298391374817e-16,"GJR-GARCH(1,1,1)-t"
23062,11.051347305822766,16.007698713538236,True,False,1.1962180655843649e-20,1.0,"GJR-GARCH(1,1,1)-t"
23069,-3.9945160159901256,0.9618353917253444,True,True,0.3441562977963295,0.229262820902675,"GJR-GARCH(1,1,1)-t"
23088,18.805170675590126,23.761522083305593,True,True,2.78393915224222e-14,7.534788242213218e-13,"GJR-GARCH(1,1,1)-t"
23112,43.092163676314506,48.04851508402997,True,False,1.3916798915743609e-15,0.9999999999999986,"GJR-GARCH(1,1,1)-t"
23130,37.73889063943285,42.69524204714833,True,True,2.0017860383347455e-13,0.8203329335134371,"GJR-GARCH(1,1,1)-t"
23132,-2.5081983587418932,2.4481530489735768,True,True,5.887352474241822e-16,0.23243574864985586,"GJR-GARCH(1,1,1)-t"
23136,12.508963946558639,17.46531535427411,True,True,0.0,6.987697646621247e-15,"GJR-GARCH(1,1,1)-t"
23144,1.9562997773498694,6.912651185065339,True,True,1.0099489495157139e-20,3.378388534873164e-20,"GJR-GARCH(1,1,1)-t"
23145,-10.060460266423775,-5.1041088587083046,True,True,1.0362604404675659e-18,0.8722823557040451,"GJR-GARCH(1,1,1)-t"
23147,0.7911764558047913,5.747527863520261,True,True,0.0,1.6919800364710526e-15,"GJR-GARCH(1,1,1)-t"
23153,13.983006952207111,18.939358359922583,True,True,1.0323801484134214e-13,0.9796592569151855,"GJR-GARCH(1,1,1)-t"
23156,-9.347958341465834,-4.391606933750364,True,False,0.9999999999703234,7.499258514903704e-12,"GJR-GARCH(1,1,1)-t"
23170,0.40191649389669415,5.358267901612164,True,False,0.0,1.0,"GJR-GARCH(1,1,1)-t"
23179,31.187683579661382,36.144034987376855,True,False,0.0,1.0,"GJR-GARCH(1,1,1)-t"
23185,20.381980728325914,25.338332136041384,True,True,0.38068528718183686,4.141076061719946e-15,"GJR-GARCH(1,1,1)-t"
23195,4.520265160640768,9.476616568356238,True,True,0.0,0.971415323026177,"GJR-GARCH(1,1,1)-t"
23201,40.671580327594015,45.62793173530949,True,True,5.3422290114563627e-17,2.8201519373455406e-15,"GJR-GARCH(1,1,1)-t"
23202,-8.826153984454788,-3.8698025767393176,True,False,9.442269407663988e-16,1.0,"GJR-GARCH(1,1,1)-t"
23212,-4.054907448653303,0.901443959062167,True,False,1.0,7.83234852611013e-20,"GJR-GARCH(1,1,1)-t"
23217,14.063490670644436,19.019842078359904,True,True,8.004484572172025e-10,1.3147138863959927e-07,"GJR-GARCH(1,1,1)-t"
23220,25.95605814897763,30.9124095566931,True,True,1.7973993181203253e-16,0.7668958673322264,"GJR-GARCH(1,1,1)-t"
23226,2.083039584957147,7.039390992672617,True,False,0.0,0.9999999999999996,"GJR-GARCH(1,1,1)-t"
23228,-3.315993433747451,1.640357973968019,True,False,0.9999986517354305,0.42790947393226,"GJR-GARCH(1,1,1)-t"
23232,2.0597016113913647,7.016053019106835,True,False,0.9999999999999782,3.3302585237413622e-15,"GJR-GARCH(1,1,1)-t"
23233,39.88774236879813,44.844093776513596,True,False,0.37038056598298846,0.6353519600289342,"GJR-GARCH(1,1,1)-t"
23243,-7.283206878399724,-2.3268554706842544,True,False,0.1729630706503767,0.8547839508496046,"GJR-GARCH(1,1,1)-t"
23246,24.802797147217674,29.759148554933148,True,True,1.0239049374221055e-13,0.8593574373466296,"GJR-GARCH(1,1,1)-t"
23254,10.772030135942412,15.728381543657882,True,True,0.09900925953021623,1.127119997028901e-16,"GJR-GARCH(1,1,1)-t"
23265,10.863108368058814,15.819459775774284,True,False,2.5123655135801816e-18,1.0,"GJR-GARCH(1,1,1)-t"
23274,5.432286719095192,10.388638126810662,True,True,4.0488344834163245e-16,0.6756951473933009,"GJR-GARCH(1,1,1)-t"
23290,21.21632704553978,26.17267845325525,True,True,1.553496401432565e-14,0.1880963766304825,"GJR-GARCH(1,1,1)-t"
23299,17.825634838970593,22.781986246686063,True,False,4.47667373134329e-16,0.9999999999999946,"GJR-GARCH(1,1,1)-t"
23312,-6.9773350151364255,-2.0209836074209555,True,True,2.307232396487089e-17,7.616597120289075e-17,"GJR-GARCH(1,1,1)-t"
23317,3.1957893740777195,8.15214078179319,True,True,7.55720322916835e-16,0.19436217439038084,"GJR-GARCH(1,1,1)-t"
23337,-18.522058444017112,-13.565707036301642,True,True,5.82646340082698e-18,0.21893064969020118,"GJR-GARCH(1,1,1)-t"
23341,5.199175202537187,10.155526610252657,True,False,1.0,0.1953213494423318,"GJR-GARCH(1,1,1)-t"
23342,7.89839837649034,12.85474978420581,True,False,0.6259165674882409,0.6870417162558956,"GJR-GARCH(1,1,1)-t"
23348,8.889840479212584,13.846191886928054,True,False,0.11156347427586819,0.9319026510245468,"GJR-GARCH(1,1,1)-t"
23351,20.7995316308316,25.75588303854707,True,False,0.9999999999999989,0.32053163327301093,"GJR-GARCH(1,1,1)-t"
23353,26.689676474906694,31.646027882622164,True,True,1.0285245536646296e-14,0.9650586116311071,"GJR-GARCH(1,1,1)-t"
23356,8.847394718629452,13.803746126344922,True,True,5.0630295148736906e-17,0.004286368700993475,"GJR-GARCH(1,1,1)-t"
23366,-7.90495767381918,-2.9486062661037096,True,True,7.704365088517972e-16,2.8662828308388222e-15,"GJR-GARCH(1,1,1)-t"
23386,1.0157790691708257,5.972130476886296,True,True,1.6105193684766964e-14,5.769700926730157e-15,"GJR-GARCH(1,1,1)-t"
23399,38.14820424015086,43.10455564786633,True,True,0.0,0.9571643197242068,"GJR-GARCH(1,1,1)-t"
23405,-0.06554176500801034,4.89080964270746,True,False,5.031542436963098e-08,0.9999998685360392,"GJR-GARCH(1,1,1)-t"
23417,14.877392327296802,19.83374373501227,True,True,9.302399358399056e-15,3.2708646283683284e-14,"GJR-GARCH(1,1,1)-t"
23423,-0.3735446358210073,4.582806771894463,True,True,0.5099351856709713,0.0,"GJR-GARCH(1,1,1)-t"
23426,-10.35152623106785,-5.395174823352381,True,True,2.793286696374086e-15,0.9024301128476684,"GJR-GARCH(1,1,1)-t"
23427,-0.739118275582948,4.217233132132522,True,True,3.111832076853389e-14,0.8355265706810572,"GJR-GARCH(1,1,1)-t"
23462,-17.934119201762414,-12.977767794046944,True,True,5.12897299325044e-13,0.13923095229293847,"GJR-GARCH(1,1,1)-t"
23464,30.899082308036036,35.8554337157515,True,True,5.1868894359900144e-14,0.9669977524009671,"GJR-GARCH(1,1,1)-t"
23486,36.25329786929318,41.209649277008644,True,True,2.5573379630511624e-15,9.49089575639872e-16,"GJR-GARCH(1,1,1)-t"
23488,-4.367240256217741,0.589111151497729,True,False,0.9999974000675781,1.8959316218913327e-07,"GJR-GARCH(1,1,1)-t"
23490,4.75287129486345,9.70922270257892,True,True,0.7505216884358222,0.09815918774242872,"GJR-GARCH(1,1,1)-t"
23500,20.406834464270016,25.363185871985486,True,True,1.662461935628075e-13,0.9009685530791167,"GJR-GARCH(1,1,1)-t"
23503,52.71126151165335,57.66761291936882,True,True,6.7293430493288735e-15,0.9409175020054152,"GJR-GARCH(1,1,1)-t"
23504,7.263890448637662,12.220241856353132,True,True,0.0,0.928437596575028,"GJR-GARCH(1,1,1)-t"
23520,26.470719902500722,31.427071310216192,True,True,0.0,0.9937394973019849,"GJR-GARCH(1,1,1)-t"
23524,-2.8904758325341042,2.0658755751813658,True,True,0.0,6.471633440834993e-15,"GJR-GARCH(1,1,1)-t"
23531,39.887300547012416,44.84365195472789,True,True,9.161506903150999e-13,0.0,"GJR-GARCH(1,1,1)-t"
23536,-4.618004672504799,0.3383467352106706,True,True,1.805819833124376e-16,0.0,"GJR-GARCH(1,1,1)-t"
23539,-4.259755555392726,0.6965958523227442,True,True,0.8680872057667254,1.794503958851897e-16,"GJR-GARCH(1,1,1)-t"
23547,50.92053240882223,55.8768838165377,True,True,2.3080695458048228e-14,0.9453425069296554,"GJR-GARCH(1,1,1)-t"
23566,1.6603645810349779,6.616715988750448,True,True,0.2846690548704454,0.0,"GJR-GARCH(1,1,1)-t"
23579,12.346697842111288,17.303049249826756,True,True,0.0,0.7528167516150348,"GJR-GARCH(1,1,1)-t"
23598,5.251699348258061,10.208050755973531,True,False,0.1215373289708323,0.9392313355145857,"GJR-GARCH(1,1,1)-t"
23600,3.503116677030846,8.459468084746316,True,False,1.0,1.007225161098039e-13,"GJR-GARCH(1,1,1)-t"
23603,4.548337443909498,9.504688851624968,True,True,1.0239483705953844e-12,0.9600910771252088,"GJR-GARCH(1,1,1)-t"
23619,35.14845959446363,40.104811002179105,True,True,0.10764190583749207,0.8737035974086176,"GJR-GARCH(1,1,1)-t"
23624,-0.31031478721011396,4.646036620505356,True,True,0.0,0.5632734037654044,"GJR-GARCH(1,1,1)-t"
23628,26.61147084882737,31.56782225654284,True,True,1.0534407438818967e-20,2.0537186457430584e-14,"GJR-GARCH(1,1,1)-t"
23630,9.499230887003433,14.455582294718903,True,True,5.523835371188436e-13,0.9797939466232853,"GJR-GARCH(1,1,1)-t"
23637,10.212153410862342,15.168504818577812,True,True,0.0,0.6043946173100442,"GJR-GARCH(1,1,1)-t"
23639,12.330195250975855,17.286546658691325,True,True,8.975232470758783e-15,0.9672859576580805,"GJR-GARCH(1,1,1)-t"
23642,6.085982579383334,11.042333987098804,True,False,3.0894211052649e-16,0.9999999999999999,"GJR-GARCH(1,1,1)-t"
23652,19.09903474252458,24.055386150240047,True,True,0.0,0.9970431625655861,"GJR-GARCH(1,1,1)-t"
23656,-5.414376916803199,-0.45802550908772943,True,True,2.357115306682092e-12,0.9031424387401072,"GJR-GARCH(1,1,1)-t"
23658,-1.453503700078386,3.502847707637084,True,False,1.0,7.176987461310934e-19,"GJR-GARCH(1,1,1)-t"
23683,4.560856985746877,9.517208393462347,True,True,6.050270586473012e-11,0.9617094317282759,"GJR-GARCH(1,1,1)-t"
23708,-12.25980595805025,-7.303454550334781,True,False,0.999993954578277,2.910907433782311e-06,"GJR-GARCH(1,1,1)-t"
23724,11.039760986801893,15.996112394517363,True,True,1.0005010020807434e-13,0.9475196725267524,"GJR-GARCH(1,1,1)-t"
23737,-3.473667684893588,1.482683722821882,True,False,7.34575664093634e-16,0.9999999999999999,"GJR-GARCH(1,1,1)-t"
23750,6.304646038766768,11.26099744648224,True,False,0.10743983500835211,0.9462800824934169,"GJR-GARCH(1,1,1)-t"
23751,-0.16514274278339514,4.791208664932075,True,True,6.900883128115441e-16,0.6752513846173096,"GJR-GARCH(1,1,1)-t"
23765,8.36139889936515,13.31775030708062,True,True,0.0,8.49728979553615e-12,"GJR-GARCH(1,1,1)-t"
23768,44.00518524886401,48.96153665657948,True,True,0.0,0.3574161141229082,"GJR-GARCH(1,1,1)-t"
23780,2.9967234771369,7.95307488485237,True,True,0.694017183646283,0.0,"GJR-GARCH(1,1,1)-t"
23792,-18.37527319483641,-13.41892178712094,True,True,0.24648116182280377,4.951170111091675e-13,"GJR-GARCH(1,1,1)-t"
23794,19.67570058700634,24.63205199472181,True,True,0.0,0.7325213604730069,"GJR-GARCH(1,1,1)-t"
23796,7.892360508906011,12.84871191662148,True,True,2.5101190682982502e-14,0.7434512304366767,"GJR-GARCH(1,1,1)-t"
23819,14.087985716739823,19.044337124455293,True,True,0.0,4.6096360845595814e-17,"GJR-GARCH(1,1,1)-t"
23821,1.9603635731895963,6.916714980905066,True,False,0.9999999997403815,2.971254049696777e-11,"GJR-GARCH(1,1,1)-t"
23823,10.4382098011016,15.39456120881707,True,True,0.0,0.9877505280069098,"GJR-GARCH(1,1,1)-t"
23828,4.24931796883854,9.20566937655401,True,False,9.822555645175255e-16,1.0,"GJR-GARCH(1,1,1)-t"
23834,49.097222189606455,54.05357359732193,True,True,0.12857320935693603,7.800350439482638e-13,"GJR-GARCH(1,1,1)-t"
23836,8.65474409245757,13.61109550017304,True,True,0.0,0.9714884452571103,"GJR-GARCH(1,1,1)-t"
23858,-14.431505155459497,-9.475153747744027,True,True,4.190273793517235e-18,0.4104618137160747,"GJR-GARCH(1,1,1)-t"
23863,10.668138269140325,15.624489676855795,True,True,1.1359629733314083e-12,0.9501871179400813,"GJR-GARCH(1,1,1)-t"
23873,9.187456792684712,14.143808200400182,True,True,0.013627866102516015,0.8825929551793792,"GJR-GARCH(1,1,1)-t"
23892,7.507007616673334,12.463359024388804,True,True,0.0,0.881196601412247,"GJR-GARCH(1,1,1)-t"
23903,-6.518275772830599,-1.5619243651151287,True,True,2.2811467229895535e-15,0.5247445675001216,"GJR-GARCH(1,1,1)-t"
23940,12.93675818011754,17.89310958783301,True,True,1.3431205409686907e-15,0.7812834974086693,"GJR-GARCH(1,1,1)-t"
23955,29.419278699484007,34.37563010719948,True,True,1.4216927589492718e-16,0.9710013290021228,"GJR-GARCH(1,1,1)-t"
23958,17.04864805707875,22.00499946479422,True,True,0.32431474061870985,1.3182991248966804e-19,"GJR-GARCH(1,1,1)-t"
23962,0.21902688511204893,5.175378292827519,True,True,7.135364540817724e-07,0.022424829694935568,"GJR-GARCH(1,1,1)-t"
23967,27.318383477505925,32.27473488522139,True,False,0.45482564773292344,0.7725871761335249,"GJR-GARCH(1,1,1)-t"
23972,26.691135268272458,31.647486675987928,True,False,3.877361157576776e-15,0.9999999999999926,"GJR-GARCH(1,1,1)-t"
23994,20.58155609003449,25.53790749774996,True,True,4.0580920837408504e-14,0.5329375670292341,"GJR-GARCH(1,1,1)-t"
24002,24.10778841316028,29.06413982087575,True,True,0.0,0.9301271224472525,"GJR-GARCH(1,1,1)-t"
24010,-9.431072741416198,-4.474721333700728,True,True,1.6888775799815154e-16,0.38541205405927803,"GJR-GARCH(1,1,1)-t"
24014,-14.668076149729238,-9.711724742013768,True,False,2.0853073655279745e-16,0.9999999999999998,"GJR-GARCH(1,1,1)-t"
24021,1.5972323164182889,6.553583724133759,True,True,4.861108001476936e-15,0.9452672023637108,"GJR-GARCH(1,1,1)-t"
24022,-15.794492878658588,-10.838141470943118,True,True,2.1910155677570088e-13,6.364952025360411e-12,"GJR-GARCH(1,1,1)-t"
24033,2.669463047715386,7.625814455430856,True,True,5.1536957884202126e-08,0.5644703139189196,"GJR-GARCH(1,1,1)-t"
24034,-1.4620201211138806,3.4943312866015894,True,True,0.0,0.0,"GJR-GARCH(1,1,1)-t"
24048,-15.15154185852316,-10.19519045080769,True,True,0.0,0.9721481896362388,"GJR-GARCH(1,1,1)-t"
24050,0.9278131286677649,5.884164536383235,True,True,5.105041541474438e-12,0.9383548118827054,"GJR-GARCH(1,1,1)-t"
24073,3.4413476969604684,8.397699104675938,True,True,3.5447008018637814e-12,0.8976795685455783,"GJR-GARCH(1,1,1)-t"
24078,28.844255234610774,33.800606642326244,True,True,0.0,0.8140292275518785,"GJR-GARCH(1,1,1)-t"
24085,-4.004315070941679,0.9520363367737907,True,True,0.0,0.92707912124502,"GJR-GARCH(1,1,1)-t"
24101,12.482267668061157,17.438619075776625,True,False,0.999999999999998,0.0032337766021226107,"GJR-GARCH(1,1,1)-t"
24120,-0.8985570522757005,4.0577943554397695,True,False,0.08968629701810103,0.9146705793271908,"GJR-GARCH(1,1,1)-t"
24123,-4.8921688338512475,0.06418257386422255,True,True,1.2196678819496548e-14,1.0346457356570353e-14,"GJR-GARCH(1,1,1)-t"
24127,-5.290381167377255,-0.33402975966178516,True,True,0.5482620085128402,1.8708993691896574e-11,"GJR-GARCH(1,1,1)-t"
24131,9.559514845735896,14.515866253451366,True,True,4.182630951825419e-14,4.406184635083506e-13,"GJR-GARCH(1,1,1)-t"
24143,52.44104843568651,57.397399843401985,True,True,2.9919301368509916e-15,0.05832796188084492,"GJR-GARCH(1,1,1)-t"
24149,12.26386255862159,17.22021396633706,True,True,0.0,4.3811919867043395e-14,"GJR-GARCH(1,1,1)-t"
24157,0.1402058168186464,5.096557224534116,True,True,0.7275270086152364,7.68842807284734e-16,"GJR-GARCH(1,1,1)-t"
24161,12.077828515769696,17.034179923485166,True,True,0.0,0.9674353714576626,"GJR-GARCH(1,1,1)-t"
24171,-9.861616457824656,-4.905265050109186,True,True,0.0,0.6295434524308351,"GJR-GARCH(1,1,1)-t"
24178,-7.4509800848608485,-2.4946286771453785,True,False,3.692252845720813e-15,0.9999999999999544,"GJR-GARCH(1,1,1)-t"
24179,10.09467031730675,15.05102172502222,True,True,0.07437111558374704,0.8960160159837961,"GJR-GARCH(1,1,1)-t"
24183,22.04282763673762,26.99917904445309,True,False,1.0,0.0,"GJR-GARCH(1,1,1)-t"
24198,8.900992452330211,13.857343860045681,True,True,2.582159179738656e-18,0.5017385368601341,"GJR-GARCH(1,1,1)-t"
24220,8.375123242998205,13.331474650713675,True,True,0.75047394320499,3.1530394633157648e-15,"GJR-GARCH(1,1,1)-t"
24224,-9.639225566594657,-4.682874158879187,True,True,0.5090014166060807,0.0,"GJR-GARCH(1,1,1)-t"
24253,-18.199188583681746,-13.242837175966276,True,True,7.057027896510235e-18,0.9201436151091633,"GJR-GARCH(1,1,1)-t"
24259,27.199496353748376,32.155847761463846,True,False,6.002526534508791e-18,0.9999999999999999,"GJR-GARCH(1,1,1)-t"
24318,8.999277907026187,13.955629314741657,True,True,0.12413952934567417,0.6264313476115754,"GJR-GARCH(1,1,1)-t"
24334,17.208299975581653,22.164651383297123,True,True,2.194819724311701e-14,1.939853441901619e-14,"GJR-GARCH(1,1,1)-t"
24339,-2.899170562844553,2.057180844870917,True,True,2.4434712361347536e-14,0.1189905096591881,"GJR-GARCH(1,1,1)-t"
24341,-34.565699600783496,-29.609348193068026,True,True,1.0901787657768613e-14,0.9742426637321544,"GJR-GARCH(1,1,1)-t"
24349,76.10579084089557,81.06214224861104,True,True,4.967659664367638e-13,0.7777697977674601,"GJR-GARCH(1,1,1)-t"
24351,18.674104437623864,23.630455845339334,True,True,0.7057572426823551,0.02753664329189938,"GJR-GARCH(1,1,1)-t"
24357,1.7599434230485649,6.716294830764035,True,True,5.425599797802364e-12,0.9228071347756157,"GJR-GARCH(1,1,1)-t"
24384,15.48802243790948,20.44437384562495,True,True,1.8756565681377736e-14,0.7651654439653731,"GJR-GARCH(1,1,1)-t"
24385,8.614284118810605,13.570635526526075,True,True,0.1516632107437046,0.0,"GJR-GARCH(1,1,1)-t"
24388,-1.120389475587496,3.835961932127974,True,True,4.1205739000364283e-07,0.9680676094001669,"GJR-GARCH(1,1,1)-t"
24393,30.80235055918172,35.75870196689719,True,True,8.290341943610387e-14,0.9590196112520931,"GJR-GARCH(1,1,1)-t"
24396,11.573653645798279,16.530005053513747,True,False,0.0,1.0,"GJR-GARCH(1,1,1)-t"
24398,41.68795212234667,46.644303530062146,True,False,3.4003429916696413e-18,0.9999999999991463,"GJR-GARCH(1,1,1)-t"
24401,16.846291285730185,21.802642693445655,True,True,1.9149208209956422e-18,0.7924857135462583,"GJR-GARCH(1,1,1)-t"
24402,3.7880944956909985,8.744445903406469,True,True,1.4875457212772175e-11,0.7420293962548477,"GJR-GARCH(1,1,1)-t"
24406,37.486519679864415,42.44287108757988,True,True,0.0,0.950390300799069,"GJR-GARCH(1,1,1)-t"
24414,32.08677375647787,37.043125164193334,True,True,1.5769937815397582e-19,6.750537985281242e-20,"GJR-GARCH(1,1,1)-t"
24437,-22.6421317994239,-17.68578039170843,True,True,1.3864646222830618e-12,0.0,"GJR-GARCH(1,1,1)-t"
24443,1.1991097435214932,6.155461151236963,True,True,0.0,0.8384066756503425,"GJR-GARCH(1,1,1)-t"
24457,27.921464582809925,32.87781599052539,True,True,0.0,0.9405399878807886,"GJR-GARCH(1,1,1)-t"
24470,26.365568281127317,31.32191968884279,True,False,0.9999999999999841,0.09078526290935655,"GJR-GARCH(1,1,1)-t"
24473,-4.249397135047328,0.7069542726681419,True,True,0.10930605480174943,0.0,"GJR-GARCH(1,1,1)-t"
24497,13.236109848075502,18.192461255790974,True,True,9.669521509853845e-17,0.15374849631155363,"GJR-GARCH(1,1,1)-t"
24523,-17.116046025156137,-12.159694617440667,True,True,0.06474643899007279,0.0,"GJR-GARCH(1,1,1)-t"
24535,0.8711235288183037,5.827474936533774,True,True,0.46639432715675866,0.5298853233864321,"GJR-GARCH(1,1,1)-t"
24572,37.630980597653654,42.58733200536912,True,False,7.043892823676688e-16,0.9999999999999992,"GJR-GARCH(1,1,1)-t"
24588,15.673205474254802,20.629556881970274,True,True,4.541631490186559e-15,0.9270162820079768,"GJR-GARCH(1,1,1)-t"
24589,9.665145384096752,14.621496791812222,True,True,1.2621189058446982e-16,0.8018597631200975,"GJR-GARCH(1,1,1)-t"
24590,-3.16506209364897,1.7912893140664998,True,True,0.0,0.6359121156713864,"GJR-GARCH(1,1,1)-t"
24600,68.3605384654116,73.31688987312707,True,True,5.6128235356969536e-15,0.6224509833757823,"GJR-GARCH(1,1,1)-t"
24661,15.349817062950276,20.306168470665746,True,True,9.56093381725841e-12,0.7813825828821789,"GJR-GARCH(1,1,1)-t"
24662,27.873845827160814,32.83019723487628,True,True,0.0,0.0,"GJR-GARCH(1,1,1)-t"
24680,15.430543370629136,20.386894778344608,True,True,0.0012683193119595903,4.504014926864104e-16,"GJR-GARCH(1,1,1)-t"
24701,-0.9482150688573157,4.008136338858154,True,True,0.3354001598068695,0.14168380952001916,"GJR-GARCH(1,1,1)-t"
24705,-25.159163011643408,-20.202811603927938,True,True,0.7539822413347408,0.04289991377967941,"GJR-GARCH(1,1,1)-t"
24707,-0.9540125503819148,4.002338857333555,True,False,0.37676314743154815,0.7519046509059087,"GJR-GARCH(1,1,1)-t"
24713,1.94801283999157,6.90436424770704,True,False,1.2711360509409553e-13,0.9999999999999947,"GJR-GARCH(1,1,1)-t"
24717,9.431242400625948,14.387593808341418,True,True,1.6467499925126486e-15,0.0,"GJR-GARCH(1,1,1)-t"
24725,25.522967974798327,30.4793193825138,True,True,1.001375590611955e-15,0.9034664796485673,"GJR-GARCH(1,1,1)-t"
24728,6.3571608284652426,11.313512236180713,True,False,1.0,0.4681892205017527,"GJR-GARCH(1,1,1)-t"
24730,18.612904402143315,23.569255809858788,True,True,7.080902263350866e-19,0.9646143066192614,"GJR-GARCH(1,1,1)-t"
24741,11.594415810526025,16.550767218241493,True,True,0.26990173648357924,0.6147987874824968,"GJR-GARCH(1,1,1)-t"
24742,26.922181811640005,31.878533219355475,True,False,1.7893194516829033e-13,0.9999999999997581,"GJR-GARCH(1,1,1)-t"
24754,14.914390867023881,19.87074227473935,True,True,1.2858104879140126e-12,8.438046452289118e-12,"GJR-GARCH(1,1,1)-t"
24766,8.623362087722224,13.579713495437694,True,True,7.333604128595283e-21,0.9711697264785858,"GJR-GARCH(1,1,1)-t"
24770,40.89313965953866,45.84949106725413,True,False,0.0,1.0,"GJR-GARCH(1,1,1)-t"
24775,10.74123811066718,15.69758951838265,True,True,0.0,0.9477234809658128,"GJR-GARCH(1,1,1)-t"
24795,11.19322666996824,16.14957807768371,True,True,0.0,0.0,"GJR-GARCH(1,1,1)-t"
24816,-2.3145607511037447,2.6417906566117253,True,True,0.0,0.109788770678338,"GJR-GARCH(1,1,1)-t"
24817,-3.7021402913472734,1.2542111163681966,True,True,0.12747358229277023,1.9741091092628783e-18,"GJR-GARCH(1,1,1)-t"
24868,-4.328430623954606,0.6279207837608638,True,True,1.592221520604275e-13,0.8098025783643504,"GJR-GARCH(1,1,1)-t"
24874,1.072530757433956,6.028882165149426,True,True,0.0,0.0,"GJR-GARCH(1,1,1)-t"
24878,23.464261606664465,28.420613014379935,True,False,1.8530280543897502e-19,1.0,"GJR-GARCH(1,1,1)-t"
24879,-12.205823990437537,-7.249472582722067,True,False,1.0,5.523407353551331e-18,"GJR-GARCH(1,1,1)-t"
24880,13.736961950690056,18.693313358405526,True,True,2.3380730344419407e-16,0.5219647612590761,"GJR-GARCH(1,1,1)-t"
24881,23.029008444294504,27.98535985200997,True,True,8.04909910368314e-14,3.83006618878502e-14,"GJR-GARCH(1,1,1)-t"
24894,6.472704197771972,11.429055605487441,True,True,3.2367745982383296e-19,6.271172670038539e-14,"GJR-GARCH(1,1,1)-t"
24913,8.890333140949142,13.846684548664612,True,True,3.507019077246179e-17,0.6878966231984405,"GJR-GARCH(1,1,1)-t"
24921,16.303478070863903,21.259829478579373,True,False,3.232706367951842e-23,1.0,"GJR-GARCH(1,1,1)-t"
24929,10.782217625361524,15.738569033076994,True,False,0.6868084253177086,0.6274865979800766,"GJR-GARCH(1,1,1)-t"
24933,12.432390265286267,17.388741673001736,True,True,0.0,0.0,"GJR-GARCH(1,1,1)-t"
24949,17.187855666686886,22.144207074402356,True,False,0.738367754148753,0.6308161229256141,"GJR-GARCH(1,1,1)-t"
24989,0.8114058488269045,5.7677572565423745,True,False,1.0,0.0,"GJR-GARCH(1,1,1)-t"
24997,55.00091059151213,59.9572619992276,True,True,0.4926252875284603,0.0,"GJR-GARCH(1,1,1)-t"
25002,16.83776133362838,21.79411274134385,True,True,2.8347716073708444e-14,0.9218761873948511,"GJR-GARCH(1,1,1)-t"
25010,30.526516576568103,35.48286798428357,True,False,1.0,0.06717095619569419,"GJR-GARCH(1,1,1)-t"
25015,-7.733071501036342,-2.776720093320872,True,True,1.2647315865937211e-15,2.520515352242532e-17,"GJR-GARCH(1,1,1)-t"
25018,33.33455653782603,38.290907945541505,True,False,0.9999999999999987,1.2368110666192347e-15,"GJR-GARCH(1,1,1)-t"
25019,-11.89953217648386,-6.943180768768389,True,True,2.4416270563267492e-15,1.88012515147654e-15,"GJR-GARCH(1,1,1)-t"
25023,24.55765232884059,29.514003736556056,True,True,5.6732160855270224e-15,0.0,"GJR-GARCH(1,1,1)-t"
25025,8.88684571287916,13.84319712059463,True,True,0.0,0.7879901174741737,"GJR-GARCH(1,1,1)-t"
25030,11.550020575622213,16.506371983337683,True,True,0.0,0.9892750859758381,"GJR-GARCH(1,1,1)-t"
25031,15.786233296451892,20.74258470416736,True,True,4.1505072092949e-16,0.19552916517524907,"GJR-GARCH(1,1,1)-t"
25059,0.8234749973982005,5.7798264051136705,True,False,0.9999999673955725,5.174833164366379e-09,"GJR-GARCH(1,1,1)-t"
25085,5.766190163410947,10.722541571126417,True,True,2.647002160539953e-15,9.972085380355851e-14,"GJR-GARCH(1,1,1)-t"
25087,6.420565382023551,11.37691678973902,True,True,6.026464922510789e-13,0.9210010231721337,"GJR-GARCH(1,1,1)-t"
25089,27.682739311556485,32.639090719271955,True,True,3.0648787768949474e-13,5.279155770219018e-13,"GJR-GARCH(1,1,1)-t"
25094,-5.22775495036699,-0.27140354265151956,True,True,1.1462534861219557e-18,0.2856106350326136,"GJR-GARCH(1,1,1)-t"
25107,14.851224784936653,19.80757619265212,True,True,0.23497256807702072,0.4396182052640903,"GJR-GARCH(1,1,1)-t"
25108,0.4676873871298639,5.424038794845334,True,False,0.19599731481765847,0.8810532510720286,"GJR-GARCH(1,1,1)-t"
25118,16.930678626212597,21.887030033928067,True,False,0.0,1.0,"GJR-GARCH(1,1,1)-t"
25131,29.425011217461066,34.381362625176536,True,True,0.16565083062144098,1.0813596862109976e-17,"GJR-GARCH(1,1,1)-t"
25148,61.59262982126721,66.54898122898268,True,True,0.0,0.0,"GJR-GARCH(1,1,1)-t"
25150,14.825762171479258,19.78211357919473,True,True,5.148436445059508e-16,0.7594729118787352,"GJR-GARCH(1,1,1)-t"
25163,-10.534581326350015,-5.578229918634545,True,True,0.031781063043676415,7.886427198102979e-16,"GJR-GARCH(1,1,1)-t"
25176,8.080845721391702,13.037197129107172,True,True,0.13437876928366263,1.4353334878842853e-13,"GJR-GARCH(1,1,1)-t"
25177,6.375119758529806,11.331471166245276,True,True,0.515600728357455,6.619951822430585e-16,"GJR-GARCH(1,1,1)-t"
25179,-18.785098028870685,-13.828746621155215,True,False,0.8251117408365367,0.39369741053912843,"GJR-GARCH(1,1,1)-t"
25190,-12.455319125911267,-7.4989677181957966,True,False,0.0,1.0,"GJR-GARCH(1,1,1)-t"
25197,58.90847272337951,63.86482413109498,True,True,0.7835479260413047,0.0,"GJR-GARCH(1,1,1)-t"
25219,3.960991437590886,8.917342845306356,True,False,0.7201957661595072,0.6399021169201791,"GJR-GARCH(1,1,1)-t"
25220,-11.804569992165668,-6.848218584450198,True,False,0.0,1.0,"GJR-GARCH(1,1,1)-t"
25234,-7.19583864955716,-2.2394872418416902,True,True,0.5898623773989791,1.0154704450906384e-16,"GJR-GARCH(1,1,1)-t"
25250,-1.1316378905596203,3.8247135171558497,True,False,3.718810303285094e-11,1.0,"GJR-GARCH(1,1,1)-t"
25265,-3.06951983093402,1.88683157678145,True,True,3.081471451174692e-17,1.5047819950029827e-15,"GJR-GARCH(1,1,1)-t"
25270,17.672002055731525,22.628353463446995,True,True,2.6393356986954317e-14,3.285869181131758e-11,"GJR-GARCH(1,1,1)-t"
25274,21.917768088408124,26.874119496123598,True,True,8.437387786857607e-16,0.10281439783719504,"GJR-GARCH(1,1,1)-t"
25277,28.21277866047035,33.169130068185815,True,True,0.21589479775450204,0.0,"GJR-GARCH(1,1,1)-t"
25282,11.34603762089914,16.30238902861461,True,True,0.0,0.0015124885477484562,"GJR-GARCH(1,1,1)-t"
25290,22.40438002728749,27.36073143500296,True,True,0.2680542586817849,0.0,"GJR-GARCH(1,1,1)-t"
25301,8.65329723570585,13.60964864342132,True,False,0.5694152780550344,0.605297158569727,"GJR-GARCH(1,1,1)-t"
25309,7.936693585171467,12.893044992886937,True,False,1.0,0.42161432497748247,"GJR-GARCH(1,1,1)-t"
25312,8.900058717314426,13.856410125029896,True,False,0.07710641055829746,0.9614467947208515,"GJR-GARCH(1,1,1)-t"
25318,-6.219136903312258,-1.2627854955967877,True,False,0.9999999999345736,0.49931152183809385,"GJR-GARCH(1,1,1)-t"
25331,-0.5173321423277013,4.439019265387769,True,False,1.0,0.0,"GJR-GARCH(1,1,1)-t"
25334,13.610587129121035,18.566938536836503,True,True,0.0,0.6540851104940241,"GJR-GARCH(1,1,1)-t"
25335,-3.331885587946097,1.624465819769373,True,True,1.6493598707753326e-06,0.967902209745414,"GJR-GARCH(1,1,1)-t"
25338,-6.338862535121105,-1.3825111274056354,True,False,0.09180140502843344,0.9125066604898162,"GJR-GARCH(1,1,1)-t"
25340,51.84171257866423,56.7980639863797,True,True,6.911584190165563e-15,0.7130878453287945,"GJR-GARCH(1,1,1)-t"
25344,11.71964614966734,16.67599755738281,True,False,3.970047160398113e-14,0.9999999999997409,"GJR-GARCH(1,1,1)-t"
25347,25.58409749440648,30.540448902121945,True,True,1.3414236585568032e-14,0.974325173011955,"GJR-GARCH(1,1,1)-t"
25351,16.304908086472846,21.261259494188316,True,True,8.056459822212993e-19,0.53132931231308,"GJR-GARCH(1,1,1)-t"
25355,6.33371675490269,11.290068162618159,True,False,0.9999999949431055,0.0,"GJR-GARCH(1,1,1)-t"
25357,14.021048051602065,18.977399459317535,True,False,6.467773927514933e-16,1.0,"GJR-GARCH(1,1,1)-t"
25359,23.309017408778402,28.26536881649387,True,True,1.1807918696324211e-14,0.2053155750529206,"GJR-GARCH(1,1,1)-t"
25367,-11.341280744019958,-6.384929336304488,True,True,0.0,0.8870728673234531,"GJR-GARCH(1,1,1)-t"
25369,-4.488517941996847,0.4678334657186234,True,True,2.3724472154575895e-13,1.0245853870484987e-12,"GJR-GARCH(1,1,1)-t"
25389,8.586673313085608,13.543024720801078,True,True,1.8548598388189608e-13,1.0423824133260748e-17,"GJR-GARCH(1,1,1)-t"
25399,24.7390688908526,29.69542029856807,True,True,0.0,0.25040373502959284,"GJR-GARCH(1,1,1)-t"
25403,-14.913266956889853,-9.956915549174383,True,False,6.377844812038188e-18,1.0,"GJR-GARCH(1,1,1)-t"
25427,-9.164974235407499,-4.208622827692029,True,True,0.7094157113009543,0.14897821464911307,"GJR-GARCH(1,1,1)-t"
25429,23.96263732621251,28.918988733927975,True,True,0.0,0.7751287342230947,"GJR-GARCH(1,1,1)-t"
25437,-7.977605804663071,-3.021254396947601,True,True,0.0,0.93919730899241,"GJR-GARCH(1,1,1)-t"
25439,2.624210831332796,7.580562239048266,True,True,2.0144507086811637e-14,0.9575224967194477,"GJR-GARCH(1,1,1)-t"
25452,9.19206625628719,14.14841766400266,True,True,5.419839156501899e-14,0.97924866854261,"GJR-GARCH(1,1,1)-t"
25463,10.188918058398635,15.145269466114105,True,False,2.81232458139819e-13,0.9999999999978111,"GJR-GARCH(1,1,1)-t"
25467,11.288476525530445,16.244827933245915,True,True,1.7260622704587828e-15,0.2977184161456088,"GJR-GARCH(1,1,1)-t"
25474,-16.53910924143699,-11.58275783372152,True,True,0.0,0.947737431823969,"GJR-GARCH(1,1,1)-t"
25475,11.733404432777014,16.689755840492484,True,True,0.0,5.498147786409019e-10,"GJR-GARCH(1,1,1)-t"
25483,7.110092909055851,12.066444316771321,True,True,1.3356957735210738e-14,0.9324818343725597,"GJR-GARCH(1,1,1)-t"
25488,9.98236085305771,14.93871226077318,True,True,0.0,0.7212599442876467,"GJR-GARCH(1,1,1)-t"
25489,0.20090574219670287,5.157257149912173,True,True,2.544342391382593e-15,0.2689764016738667,"GJR-GARCH(1,1,1)-t"
25501,13.09950489240491,18.055856300120382,True,True,6.129329422643335e-16,0.09078384046507106,"GJR-GARCH(1,1,1)-t"
25504,12.454726386603674,17.411077794319144,True,False,0.9999999999989604,0.47110641204690507,"GJR-GARCH(1,1,1)-t"
25551,-6.024403071020888,-1.0680516633054182,True,True,0.4258576863254423,2.9025402877050063e-12,"GJR-GARCH(1,1,1)-t"
25560,45.924249646776445,50.88060105449191,True,True,1.413493078452138e-15,9.09347680992316e-15,"GJR-GARCH(1,1,1)-t"
25569,22.146469996306482,27.102821404021952,True,True,5.422639890065353e-18,5.582451472830507e-18,"GJR-GARCH(1,1,1)-t"
25570,-0.4647312328142643,4.491620174901206,True,True,2.7505544247885637e-16,0.0,"GJR-GARCH(1,1,1)-t"
25575,11.906589665893417,16.862941073608887,True,True,0.0,0.0980382327502164,"GJR-GARCH(1,1,1)-t"
25580,14.892308276630125,19.848659684345595,True,True,0.0,0.38119592247310013,"GJR-GARCH(1,1,1)-t"
25583,-11.086950036986543,-6.1305986292710735,True,True,0.0,0.33540619668923,"GJR-GARCH(1,1,1)-t"
25584,2.276839662445738,7.233191070161208,True,False,0.3981597158699347,0.8009201422817849,"GJR-GARCH(1,1,1)-t"
25599,3.320835674509995,8.277187082225465,True,True,0.0,0.0,"GJR-GARCH(1,1,1)-t"
25616,-2.7902255273853918,2.1661258803300782,True,False,3.604943174214102e-14,0.9999999999997954,"GJR-GARCH(1,1,1)-t"
25617,43.565595723451196,48.52194713116667,True,True,6.287639266191307e-17,0.5601971708133329,"GJR-GARCH(1,1,1)-t"
25619,16.914230488600484,21.870581896315954,True,False,0.9999999999999933,4.808144790990195e-16,"GJR-GARCH(1,1,1)-t"
25622,-14.179739909955266,-9.223388502239796,True,True,0.0,0.8994192579511571,"GJR-GARCH(1,1,1)-t"
25627,-11.64141829516521,-6.685066887449739,True,True,5.38367364821308e-19,0.9355522635242188,"GJR-GARCH(1,1,1)-t"
25636,7.318238195999361,12.27458960371483,True,True,0.0,0.6004495407728611,"GJR-GARCH(1,1,1)-t"
25638,-9.860598934993675,-4.904247527278205,True,False,0.0,0.9999999999999997,"GJR-GARCH(1,1,1)-t"
25639,9.535600315268674,14.491951722984144,True,True,3.4998337506209306e-15,0.9687538185365233,"GJR-GARCH(1,1,1)-t"
25640,8.083247550781318,13.039598958496788,True,True,1.9191920036691894e-12,0.976502962548246,"GJR-GARCH(1,1,1)-t"
25641,0.1463098501431741,5.102661257858644,True,False,0.0,0.9999999999999926,"GJR-GARCH(1,1,1)-t"
25653,24.018212427348868,28.974563835064338,True,True,1.8006513407478186e-13,0.4038609893633385,"GJR-GARCH(1,1,1)-t"
25668,-16.027220325694,-11.07086891797853,True,False,0.9999999999999999,3.027936093080694e-17,"GJR-GARCH(1,1,1)-t"
25680,-7.426761786357851,-2.4704103786423808,True,True,0.0,0.9909750183826163,"GJR-GARCH(1,1,1)-t"
25683,49.212390941192844,54.16874234890831,True,True,7.634765686401535e-14,0.9049715165422099,"GJR-GARCH(1,1,1)-t"
25687,-0.09043359360020631,4.865917814115264,True,True,0.0,0.7244421947371509,"GJR-GARCH(1,1,1)-t"
25712,1.7870687999346835,6.7434202076501535,True,False,6.8765737761237045e-15,0.9999999999999734,"GJR-GARCH(1,1,1)-t"
25713,-0.19084081522927399,4.765510592486196,True,True,0.008866557794045977,0.9797171907922892,"GJR-GARCH(1,1,1)-t"
25716,15.55579967180183,20.5121510795173,True,True,4.701258322311705e-15,0.03282852249177589,"GJR-GARCH(1,1,1)-t"
25730,11.355504498176147,16.31185590589162,True,True,2.1831807692145934e-18,0.9166739186952616,"GJR-GARCH(1,1,1)-t"
25731,-1.6203384255608668,3.336012982154603,True,True,8.994764138346508e-14,0.9311643571543409,"GJR-GARCH(1,1,1)-t"
25745,14.909952611529997,19.86630401924547,True,True,1.7440149324162624e-14,0.7322436938388487,"GJR-GARCH(1,1,1)-t"
25751,-0.7609886293401722,4.195362778375298,True,True,9.070653983771367e-18,0.16457143343847944,"GJR-GARCH(1,1,1)-t"
25754,0.816645196617495,5.772996604332965,True,True,0.0,0.2421768720099752,"GJR-GARCH(1,1,1)-t"
25755,22.1485169377256,27.10486834544107,True,False,9.173330744565116e-16,0.9999999999999944,"GJR-GARCH(1,1,1)-t"
25761,-0.475194027549108,4.481157380166362,True,False,0.251935858815403,0.8740320705922908,"GJR-GARCH(1,1,1)-t"
25766,17.401968620662885,22.358320028378355,True,True,0.05438891422932576,5.071198810678669e-19,"GJR-GARCH(1,1,1)-t"
25772,-4.894992706792056,0.06135870092341378,True,True,5.4316076093871355e-12,0.7629059547310605,"GJR-GARCH(1,1,1)-t"
25773,-11.673984770546173,-6.7176333628307034,True,False,1.0,0.03438663555364966,"GJR-GARCH(1,1,1)-t"
25796,-19.492785017999935,-14.536433610284465,True,True,0.0,0.0,"GJR-GARCH(1,1,1)-t"
25799,-4.094203212231577,0.8621481954838934,True,False,1.0,0.0,"GJR-GARCH(1,1,1)-t"
25803,30.955200721944593,35.911552129660066,True,True,1.925860587570526e-15,0.0,"GJR-GARCH(1,1,1)-t"
25813,1.1524115818320677,6.108762989547538,True,True,0.22375041438920495,0.0,"GJR-GARCH(1,1,1)-t"
25815,9.181029413411721,14.137380821127191,True,True,5.204656805748866e-14,0.7124924573377251,"GJR-GARCH(1,1,1)-t"
25844,21.523356379407154,26.479707787122624,True,True,3.5286966655573517e-15,0.0,"GJR-GARCH(1,1,1)-t"
25854,-2.8277242071069466,2.1286272006085234,True,True,0.0,0.1587977902560146,"GJR-GARCH(1,1,1)-t"
25863,4.678083971666872,9.634435379382342,True,False,0.0,1.0,"GJR-GARCH(1,1,1)-t"
25864,9.196433472832766,14.152784880548236,True,True,3.323345696065393e-15,0.7876589319375833,"GJR-GARCH(1,1,1)-t"
25866,-7.690134331906446,-2.733782924190976,True,False,1.0,0.0,"GJR-GARCH(1,1,1)-t"
25876,11.556717115127112,16.51306852284258,True,True,1.0050615059272585e-19,4.673099902495347e-08,"GJR-GARCH(1,1,1)-t"
25879,18.73174326858429,23.688094676299755,True,True,0.0,0.5599891942316496,"GJR-GARCH(1,1,1)-t"
25894,-3.6521422866667343,1.3042091210487357,True,True,4.981193995248628e-17,0.25913253030525596,"GJR-GARCH(1,1,1)-t"
25916,-15.284949231243125,-10.328597823527655,True,True,0.5163691483504433,0.0,"GJR-GARCH(1,1,1)-t"
25918,31.37516833698857,36.33151974470404,True,True,3.2377297841645355e-10,0.880434323812368,"GJR-GARCH(1,1,1)-t"
25924,-6.268501220120015,-1.3121498124045452,True,False,0.9153685390437383,0.5423157304779802,"GJR-GARCH(1,1,1)-t"
25971,5.855620084582201,10.81197149229767,True,True,0.0,0.9016700211114839,"GJR-GARCH(1,1,1)-t"
25993,24.615375492517437,29.571726900232907,True,True,0.8567291324784815,0.13660985108901846,"GJR-GARCH(1,1,1)-t"
25999,18.373740959965673,23.33009236768114,True,True,0.0,0.9663631023918382,"GJR-GARCH(1,1,1)-t"
26005,4.53305215001725,9.48940355773272,True,True,8.543356470742649e-17,0.8268459665788644,"GJR-GARCH(1,1,1)-t"
26020,-22.847788643477195,-17.891437235761725,True,False,0.0,1.0,"GJR-GARCH(1,1,1)-t"
26024,9.680703433985201,14.637054841700671,True,True,0.32711318092961333,0.04498379495523576,"GJR-GARCH(1,1,1)-t"
26042,17.185404917960703,22.14175632567617,True,True,0.0,0.0,"GJR-GARCH(1,1,1)-t"
26052,-3.199677933605159,1.7566734741103112,True,True,1.181638420058748e-13,0.7451865559198732,"GJR-GARCH(1,1,1)-t"
26062,5.065323026179264,10.021674433894734,True,True,1.7986898320199214e-15,0.9176333104211599,"GJR-GARCH(1,1,1)-t"
26069,65.93271422576663,70.8890656334821,True,True,0.7711660632207858,9.148116633485013e-15,"GJR-GARCH(1,1,1)-t"
26081,17.240597366633065,22.196948774348535,True,False,0.9751682864474501,0.5124158567762752,"GJR-GARCH(1,1,1)-t"
26082,15.755889235657412,20.71224064337288,True,False,0.0,1.0,"GJR-GARCH(1,1,1)-t"
26091,-5.052090303188031,-0.09573889547256087,True,True,0.011738468588727334,0.8782707605905311,"GJR-GARCH(1,1,1)-t"
26099,16.710716291879088,21.667067699594558,True,True,6.790162060396119e-17,0.732867640360704,"GJR-GARCH(1,1,1)-t"
26106,19.295854366463747,24.252205774179217,True,True,0.0,0.9253561729212052,"GJR-GARCH(1,1,1)-t"
26107,17.66433829369554,22.62068970141101,True,True,8.95524284036924e-21,2.548578292978979e-15,"GJR-GARCH(1,1,1)-t"
26125,12.34859018577651,17.304941593491982,True,False,0.9999999999999986,8.070226256092127e-16,"GJR-GARCH(1,1,1)-t"
26147,19.99213359590786,24.94848500362333,True,True,0.055685389329188525,0.0,"GJR-GARCH(1,1,1)-t"
26152,15.352323435830183,20.308674843545653,True,True,1.1905482736922947e-15,0.0618117387826683,"GJR-GARCH(1,1,1)-t"
26155,1.5528223558445227,6.509173763559993,True,True,0.0,0.907246991455732,"GJR-GARCH(1,1,1)-t"
26159,36.49106113622111,41.44741254393658,True,True,0.0,0.8548323618107889,"GJR-GARCH(1,1,1)-t"
26168,7.734574739245994,12.690926146961463,True,False,8.720024496371004e-13,0.9999999999138137,"GJR-GARCH(1,1,1)-t"
26170,4.197096706675211,9.153448114390681,True,True,0.0,0.0014643203311951519,"GJR-GARCH(1,1,1)-t"
26186,9.332635673404834,14.288987081120304,True,True,0.3625596590812459,0.0,"GJR-GARCH(1,1,1)-t"
26190,-6.739354782689311,-1.7830033749738412,True,True,0.8333552276647498,0.0,"GJR-GARCH(1,1,1)-t"
26191,4.654385306441318,9.610736714156788,True,False,1.0,0.0,"GJR-GARCH(1,1,1)-t"
26195,35.582549673260935,40.5389010809764,True,True,0.11740003329090855,0.0,"GJR-GARCH(1,1,1)-t"
26197,-4.74253814293132,0.2138132647841502,True,True,1.43204132803452e-20,0.32664360956789756,"GJR-GARCH(1,1,1)-t"
26204,0.5705720158835668,5.526923423599037,True,False,1.0,0.0,"GJR-GARCH(1,1,1)-t"
26208,40.373180637645625,45.32953204536109,True,True,1.9218125672974113e-15,0.0,"GJR-GARCH(1,1,1)-t"
26222,10.568376629810938,15.524728037526408,True,True,7.437028250471905e-17,0.7758110664467438,"GJR-GARCH(1,1,1)-t"
26250,-9.742470803576303,-4.786119395860833,True,True,0.0,0.9583795411733241,"GJR-GARCH(1,1,1)-t"
26254,1.0854185245267516,6.041769932242222,True,True,2.0043683439273738e-15,0.9799416538514983,"GJR-GARCH(1,1,1)-t"
26273,-10.466796892717145,-5.510445485001675,True,False,0.9063309503879358,0.4431982793686764,"GJR-GARCH(1,1,1)-t"
26277,-10.583012448635142,-5.626661040919672,True,True,0.0,0.0,"GJR-GARCH(1,1,1)-t"
26292,44.302287867140166,49.25863927485563,True,False,0.0,1.0,"GJR-GARCH(1,1,1)-t"
26307,4.146451902381626,9.102803310097096,True,False,0.5065666832316288,0.5390080639426459,"GJR-GARCH(1,1,1)-t"
26308,1.938486288873147,6.894837696588617,True,True,8.200529782720833e-15,0.9817866625295578,"GJR-GARCH(1,1,1)-t"
26314,-6.196354320374645,-1.2400029126591754,True,False,1.0,3.639156709228561e-18,"GJR-GARCH(1,1,1)-t"
26317,17.921416251271445,22.87776765898691,True,True,2.9917072353877036e-14,0.9502053057898323,"GJR-GARCH(1,1,1)-t"
26336,-2.8416984207113813,2.1146529870040887,True,True,7.058823609212983e-11,2.6889911732531407e-09,"GJR-GARCH(1,1,1)-t"
26337,-10.58740226421612,-5.63105085650065,True,True,1.1203657029489298e-18,0.2973330211528435,"GJR-GARCH(1,1,1)-t"
26362,17.869055512592613,22.825406920308083,True,True,4.052177841444435e-14,4.559580774232504e-14,"GJR-GARCH(1,1,1)-t"
26366,3.1960653853306855,8.152416793046156,True,True,3.3476530767790417e-12,0.986713244136833,"GJR-GARCH(1,1,1)-t"
26375,16.50694520271976,21.46329661043523,True,False,0.9999999999999978,0.5000000000000007,"GJR-GARCH(1,1,1)-t"
26387,32.8530125288989,37.809363936614375,True,True,4.965047572553544e-17,0.01831146236801326,"GJR-GARCH(1,1,1)-t"
26388,4.170566954633497,9.126918362348967,True,True,0.0,6.673997952674964e-17,"GJR-GARCH(1,1,1)-t"
26400,-16.109301144963933,-11.152949737248463,True,True,9.015450698829025e-17,0.6509958472779459,"GJR-GARCH(1,1,1)-t"
26407,10.498436406748706,15.454787814464176,True,False,3.137252600719945e-15,0.9999999999999899,"GJR-GARCH(1,1,1)-t"
26410,3.285799996451802,8.242151404167272,True,True,0.0,0.0,"GJR-GARCH(1,1,1)-t"
26428,9.613657508909519,14.570008916624989,True,True,4.772548131345044e-16,0.6502448518450396,"GJR-GARCH(1,1,1)-t"
26430,-5.70021578270287,-0.7438643749873997,True,True,2.203590943542863e-17,0.8863710660620839,"GJR-GARCH(1,1,1)-t"
26440,-4.598065426713138,0.3582859810023322,True,False,7.282578258968149e-20,1.0,"GJR-GARCH(1,1,1)-t"
26447,-4.612643211644098,0.34370819607137193,True,True,0.15998567325376642,0.0,"GJR-GARCH(1,1,1)-t"
26450,-9.738608620853899,-4.782257213138429,True,True,9.700595462665066e-22,0.8175714895666198,"GJR-GARCH(1,1,1)-t"
26455,-17.852431849261446,-12.896080441545976,True,True,0.7664193280202956,4.170825188829873e-14,"GJR-GARCH(1,1,1)-t"
26460,39.867818988533784,44.82417039624925,True,False,1.0,0.33855734459417447,"GJR-GARCH(1,1,1)-t"
26471,5.301751494557029,10.2581029022725,True,True,2.1007709698321088e-11,0.9112766363980603,"GJR-GARCH(1,1,1)-t"
26475,-12.249089965893557,-7.292738558178087,True,False,1.9447537427794907e-18,1.0,"GJR-GARCH(1,1,1)-t"
26484,11.878508058660534,16.834859466376003,True,True,1.8659269837643092e-07,0.9410826969361105,"GJR-GARCH(1,1,1)-t"
26488,17.093960046776452,22.050311454491922,True,False,9.838338286828365e-20,1.0,"GJR-GARCH(1,1,1)-t"
26494,-10.072411732071934,-5.116060324356464,True,True,1.63857899560468e-10,0.9171305927188628,"GJR-GARCH(1,1,1)-t"
26503,18.07844976057238,23.03480116828785,True,True,0.0,0.06713073509900526,"GJR-GARCH(1,1,1)-t"
26522,15.137108358913542,20.09345976662901,True,False,0.0,1.0,"GJR-GARCH(1,1,1)-t"
26523,-11.789728434392096,-6.833377026676626,True,True,4.038475804053377e-18,0.9826925748509732,"GJR-GARCH(1,1,1)-t"
26538,12.796921875912155,17.753273283627625,True,True,3.0699791936008723e-15,0.9829044931066954,"GJR-GARCH(1,1,1)-t"
26555,-12.465259342979124,-7.508907935263654,True,True,4.807183250649149e-16,0.0,"GJR-GARCH(1,1,1)-t"
26561,20.83396407440753,25.790315482123,True,False,0.0,1.0,"GJR-GARCH(1,1,1)-t"
26562,26.230513889663605,31.186865297379075,True,True,4.220400737094702e-16,1.6733909221269546e-15,"GJR-GARCH(1,1,1)-t"
26568,18.655400277593287,23.611751685308757,True,False,0.0,1.0,"GJR-GARCH(1,1,1)-t"
26572,29.390480878217694,34.34683228593317,True,True,0.47728258486391745,0.20910892705559067,"GJR-GARCH(1,1,1)-t"
26578,-1.8991001791445576,3.0572512285709124,True,True,4.1868609967781057e-07,0.9617811094432741,"GJR-GARCH(1,1,1)-t"
26586,18.0509046324007,23.007256040116168,True,True,0.0,3.0074544470810616e-15,"GJR-GARCH(1,1,1)-t"
26595,41.79269704139881,46.749048449114284,True,False,0.7048777434200276,0.6472836055992396,"GJR-GARCH(1,1,1)-t"
26599,-1.5444645693463812,3.411886838369089,True,True,0.0,0.6301991780947134,"GJR-GARCH(1,1,1)-t"
26603,19.048062031235396,24.00441343895087,True,True,2.5773502281091155e-18,0.4809280041480404,"GJR-GARCH(1,1,1)-t"
26606,16.01609095366983,20.9724423613853,True,False,0.1980330583358449,0.9009834708320732,"GJR-GARCH(1,1,1)-t"
26607,-9.32245876661467,-4.3661073588992,True,True,0.39792920318774183,0.0,"GJR-GARCH(1,1,1)-t"
26613,-30.139404603703973,-25.183053195988503,True,True,1.5720280448467235e-15,0.8939477488851929,"GJR-GARCH(1,1,1)-t"
26672,2.8504148348692073,7.806766242584677,True,True,3.0947269180579665e-09,2.1112803359244304e-08,"GJR-GARCH(1,1,1)-t"
26678,29.692927423818652,34.64927883153412,True,True,0.21332084919576014,0.1550711416995251,"GJR-GARCH(1,1,1)-t"
26693,17.562149231059003,22.518500638774473,True,True,0.029550040132709586,5.741792331175085e-15,"GJR-GARCH(1,1,1)-t"
26708,2.26622613801149,7.22257754572696,True,True,3.060101662800162e-11,1.0736437423868974e-09,"GJR-GARCH(1,1,1)-t"
26720,10.47179805152989,15.42814945924536,True,True,6.439520557739543e-18,0.03465757195644388,"GJR-GARCH(1,1,1)-t"
26752,31.74413679723983,36.7004882049553,True,True,1.4136777825942844e-19,0.8059382806194235,"GJR-GARCH(1,1,1)-t"
26759,5.162222596941417,10.118574004656887,True,True,0.0,2.7964595185244583e-15,"GJR-GARCH(1,1,1)-t"
26763,8.765262174827068,13.721613582542538,True,True,1.0266850355529291e-14,0.8468283652168861,"GJR-GARCH(1,1,1)-t"
26771,3.531371891487346,8.487723299202816,True,True,6.483436195389707e-17,1.874934767384604e-19,"GJR-GARCH(1,1,1)-t"
26786,-6.900821663455396,-1.944470255739926,True,True,5.79014733237349e-16,0.0,"GJR-GARCH(1,1,1)-t"
26788,8.623999015993231,13.580350423708701,True,True,0.0,1.7163772240198849e-15,"GJR-GARCH(1,1,1)-t"
26798,13.083943103729048,18.040294511444518,True,True,0.2115217426773422,0.0,"GJR-GARCH(1,1,1)-t"
26804,8.538064708391214,13.494416116106684,True,False,0.9999999999999947,3.642070133508299e-15,"GJR-GARCH(1,1,1)-t"
26806,26.256718498590388,31.21306990630586,True,True,0.1225017786104078,4.777150348749621e-12,"GJR-GARCH(1,1,1)-t"
26813,7.466145057710171,12.422496465425642,True,False,8.115388566333454e-13,1.0,"GJR-GARCH(1,1,1)-t"
26830,25.390759299042443,30.34711070675791,True,True,0.009552928541838434,5.6841095864475216e-14,"GJR-GARCH(1,1,1)-t"
26835,1.3668577247430118,6.323209132458482,True,True,3.5345017884814295e-16,0.6850784276187145,"GJR-GARCH(1,1,1)-t"
26837,3.9285006720149998,8.88485207973047,True,True,7.238271065373853e-12,0.8926113903635614,"GJR-GARCH(1,1,1)-t"
26841,0.6407478107711135,5.5970992184865835,True,False,2.8107188904556534e-10,0.999999931167124,"GJR-GARCH(1,1,1)-t"
26844,5.692874375025623,10.649225782741093,True,True,7.657754060688328e-16,0.8950555532408642,"GJR-GARCH(1,1,1)-t"
26849,-9.197328498989165,-4.240977091273695,True,True,0.0,0.5644939832888102,"GJR-GARCH(1,1,1)-t"
26862,11.966674974028322,16.923026381743792,True,False,1.8293892968339206e-15,0.9999999999999872,"GJR-GARCH(1,1,1)-t"
26864,5.137049749657253,10.093401157372723,True,False,1.1752190736669637e-17,1.0,"GJR-GARCH(1,1,1)-t"
26868,17.98699400642449,22.94334541413996,True,True,0.0,0.8324148501326338,"GJR-GARCH(1,1,1)-t"
26873,0.8211327070674539,5.777484114782924,True,True,1.665948375273178e-13,0.7587295114381882,"GJR-GARCH(1,1,1)-t"
26874,27.189361708310763,32.145713116026236,True,False,0.9999999999999999,1.3909516263566336e-16,"GJR-GARCH(1,1,1)-t"
26883,11.850787184048473,16.807138591763945,True,True,1.1212857501220158e-16,0.9630963614460204,"GJR-GARCH(1,1,1)-t"
26886,26.477297149941258,31.43364855765673,True,False,0.0,1.0,"GJR-GARCH(1,1,1)-t"
26889,14.026871545546653,18.98322295326212,True,True,0.0,1.3214982662754342e-15,"GJR-GARCH(1,1,1)-t"
26891,-5.899606609448199,-0.9432552017327289,True,True,7.883836738517087e-15,0.8201444092682517,"GJR-GARCH(1,1,1)-t"
26903,7.546788314126286,12.503139721841755,True,False,3.877036740227645e-16,0.9999999999999999,"GJR-GARCH(1,1,1)-t"
26905,-8.82073598649161,-3.8643845787761393,True,False,0.0,1.0,"GJR-GARCH(1,1,1)-t"
26937,-4.431245249632781,0.5251061580826892,True,True,0.2769950941908048,0.19515864832606813,"GJR-GARCH(1,1,1)-t"
26938,4.62255515245343,9.5789065601689,True,True,1.695009498974059e-16,0.7337705700571406,"GJR-GARCH(1,1,1)-t"
26944,5.295433448945968,10.251784856661438,True,True,1.1123274225427199e-14,1.2672307667517249e-14,"GJR-GARCH(1,1,1)-t"
26955,8.590134119663496,13.546485527378966,True,False,0.8546846574965191,0.5726576712517369,"GJR-GARCH(1,1,1)-t"
26956,22.568420632131208,27.524772039846678,True,False,1.0,3.627564667377642e-16,"GJR-GARCH(1,1,1)-t"
26973,-0.6019375314254756,4.354413876289994,True,True,2.487274857548011e-15,0.9650544723139844,"GJR-GARCH(1,1,1)-t"
26997,1.5506736786176223,6.507025086333092,True,True,9.433855475279603e-12,0.8460539774966198,"GJR-GARCH(1,1,1)-t"
26999,1.7745708809102823,6.730922288625752,True,True,0.05317974345657815,8.754355822117246e-15,"GJR-GARCH(1,1,1)-t"
27012,19.544849973158264,24.501201380873734,True,True,1.8267570192264853e-16,0.7169791675404602,"GJR-GARCH(1,1,1)-t"
27013,10.067806060293318,15.024157468008788,True,True,7.92903199022866e-15,0.9037801970364363,"GJR-GARCH(1,1,1)-t"
27014,15.300377119587546,20.256728527303018,True,False,1.5449142986701372e-10,0.9999999845962203,"GJR-GARCH(1,1,1)-t"
27015,13.728824152332917,18.68517556004839,True,False,1.7283126794420512e-14,0.9999999999999615,"GJR-GARCH(1,1,1)-t"
27019,-6.592608142643652,-1.6362567349281818,True,True,0.0,0.7988769939814873,"GJR-GARCH(1,1,1)-t"
27020,-7.240120945285753,-2.283769537570283,True,True,0.0,0.10552159419006196,"GJR-GARCH(1,1,1)-t"
27037,23.918362956584794,28.874714364300267,True,True,1.6814950681133325e-12,0.909690036413849,"GJR-GARCH(1,1,1)-t"
27042,14.967877094372055,19.924228502087526,True,True,0.06570930859089663,0.0,"GJR-GARCH(1,1,1)-t"
27060,12.48237102250679,17.43872243022226,True,True,1.893928776438108e-12,0.0,"GJR-GARCH(1,1,1)-t"
27071,-13.739120954062415,-8.782769546346945,True,True,2.47354251352898e-09,0.888839641796454,"GJR-GARCH(1,1,1)-t"
27092,20.59222203111551,25.54857343883098,True,True,1.1096660154252852e-14,0.3278024139007808,"GJR-GARCH(1,1,1)-t"
27094,10.36086000737347,15.31721141508894,True,True,2.379360542798534e-20,1.157982938248452e-19,"GJR-GARCH(1,1,1)-t"
27095,5.935890740367146,10.892242148082616,True,True,1.1646170806465994e-14,0.8089373417557811,"GJR-GARCH(1,1,1)-t"
27120,-19.3602236280813,-14.40387222036583,True,False,0.6113807485354842,0.5833663204675562,"GJR-GARCH(1,1,1)-t"
27127,14.383090221951667,19.339441629667135,True,False,0.0,0.999999999999999,"GJR-GARCH(1,1,1)-t"
27135,13.149839526185406,18.106190933900876,True,False,5.3881936462565636e-14,0.9999999999995378,"GJR-GARCH(1,1,1)-t"
27149,9.889767523296397,14.846118931011867,True,False,0.27004915955002673,0.861191489084049,"GJR-GARCH(1,1,1)-t"
27152,41.67697031684732,46.633321724562784,True,True,1.8558723238524144e-15,0.9137340754629732,"GJR-GARCH(1,1,1)-t"
27153,9.910399251124042,14.866750658839512,True,False,1.966450612867084e-15,0.9999999999999994,"GJR-GARCH(1,1,1)-t"
27154,-9.305505508259117,-4.349154100543647,True,True,0.0,0.9201668834055834,"GJR-GARCH(1,1,1)-t"
27158,0.9541597635845243,5.910511171299994,True,True,1.8377033045262684e-14,0.08055216800627876,"GJR-GARCH(1,1,1)-t"
27162,7.9053822448070425,12.861733652522513,True,False,0.0,1.0,"GJR-GARCH(1,1,1)-t"
27168,-3.2928838255367445,1.6634675821787255,True,True,1.4379574397837045e-15,0.8997633828411412,"GJR-GARCH(1,1,1)-t"
27174,-11.088018393420079,-6.131666985704609,True,False,0.9999999999999999,0.0,"GJR-GARCH(1,1,1)-t"
27181,-4.027665599249239,0.9286858084662306,True,True,9.182891257564671e-17,0.7993423680886356,"GJR-GARCH(1,1,1)-t"
27182,14.779051734577312,19.735403142292782,True,True,8.515675826466092e-14,0.8057119977583034,"GJR-GARCH(1,1,1)-t"
27188,29.10104391731341,34.057395325028885,True,True,0.48975276812002194,1.863088456373694e-14,"GJR-GARCH(1,1,1)-t"
27194,15.536720005070215,20.493071412785685,True,False,0.13124479216654147,0.9343775786400176,"GJR-GARCH(1,1,1)-t"
27208,12.600285424258946,17.556636831974416,True,True,5.80480330479544e-13,0.8464757611830155,"GJR-GARCH(1,1,1)-t"
27215,4.638933414855288,9.595284822570758,True,False,9.527477941570118e-14,0.9999999999998033,"GJR-GARCH(1,1,1)-t"
27240,28.18327663283929,33.13962804055476,True,True,4.127456968776611e-13,0.9088842628251367,"GJR-GARCH(1,1,1)-t"
27246,0.1466375099362356,5.102988917651706,True,True,7.889250526857066e-17,0.917571772055877,"GJR-GARCH(1,1,1)-t"
27247,-17.72409060264485,-12.76773919492938,True,True,8.818040155744469e-09,1.564242539540685e-10,"GJR-GARCH(1,1,1)-t"
27270,1.1446223820944468,6.100973789809917,True,True,0.0,0.8419316674916703,"GJR-GARCH(1,1,1)-t"
27278,57.185486240287226,62.14183764800269,True,False,1.298925940350595e-13,0.9999999999941813,"GJR-GARCH(1,1,1)-t"
27288,16.872561674335124,21.828913082050594,True,True,1.6297962940483069e-18,0.718466008369829,"GJR-GARCH(1,1,1)-t"
27289,21.96398234912737,26.920333756842837,True,True,0.0,0.9809456465950106,"GJR-GARCH(1,1,1)-t"
27304,-0.9577734994765876,3.9985779082388824,True,True,6.698817586215331e-14,0.705818684640574,"GJR-GARCH(1,1,1)-t"
27307,11.899399405635863,16.85575081335133,True,True,1.690333563383263e-10,0.7376551131031029,"GJR-GARCH(1,1,1)-t"
27313,-1.7482477380033679,3.208103669712102,True,True,0.0,0.8195097758213438,"GJR-GARCH(1,1,1)-t"
27317,-2.8531167238121924,2.1032346839032776,True,True,0.0,0.8186126228566196,"GJR-GARCH(1,1,1)-t"
27339,31.620220519751705,36.57657192746717,True,True,4.761311589434957e-16,0.7663918461118734,"GJR-GARCH(1,1,1)-t"
27361,6.726975394493893,11.683326802209363,True,True,0.03424052992639668,0.9430992177100826,"GJR-GARCH(1,1,1)-t"
27363,-21.287485555713722,-16.331134147998252,True,True,6.83319798545518e-19,1.4673090843450488e-14,"GJR-GARCH(1,1,1)-t"
27398,10.775500898010725,15.731852305726195,True,False,5.236501033248349e-19,1.0,"GJR-GARCH(1,1,1)-t"
27403,3.3764493848028145,8.332800792518285,True,True,3.1497943103189837e-15,0.5701819858768369,"GJR-GARCH(1,1,1)-t"
27406,-14.308808963353723,-9.352457555638253,True,False,0.0,1.0,"GJR-GARCH(1,1,1)-t"
27416,58.6293945844914,63.58574599220687,True,True,7.356314555764489e-14,0.5721753304237781,"GJR-GARCH(1,1,1)-t"
27427,33.182299649506135,38.13865105722161,True,True,7.073303145437463e-13,0.9281260101366736,"GJR-GARCH(1,1,1)-t"
27457,36.70251285439586,41.65886426211134,True,True,0.1747606164645865,6.034065928050619e-12,"GJR-GARCH(1,1,1)-t"
27467,0.9138559273577247,5.870207335073195,True,False,0.9999999999999992,8.935984291589639e-20,"GJR-GARCH(1,1,1)-t"
27469,18.267620526115632,23.223971933831102,True,False,3.630162327752823e-16,0.9999999999999999,"GJR-GARCH(1,1,1)-t"
27481,-1.098724172566186,3.857627235149284,True,False,4.871510385313285e-21,1.0,"GJR-GARCH(1,1,1)-t"
27487,1.5575242000971325,6.5138756078126026,True,True,0.5076959609583961,0.37390370897480746,"GJR-GARCH(1,1,1)-t"
27493,-10.077303693749883,-5.120952286034413,True,False,0.9999999999317971,1.0567624006810349e-10,"GJR-GARCH(1,1,1)-t"
27496,19.79391568200454,24.75026708972001,True,False,1.0,0.0,"GJR-GARCH(1,1,1)-t"
27511,17.31800318574154,22.27435459345701,True,False,2.329115626619078e-09,0.9999999987976512,"GJR-GARCH(1,1,1)-t"
27514,42.2690537848659,47.22540519258138,True,True,6.691207510613902e-16,0.5042997798696165,"GJR-GARCH(1,1,1)-t"
27516,34.148682909297214,39.10503431701268,True,False,4.3336209226990416e-13,0.9999999999696452,"GJR-GARCH(1,1,1)-t"
27524,-6.030652958967256,-1.0743015512517857,True,True,1.747616871146373e-15,0.2878152193436937,"GJR-GARCH(1,1,1)-t"
27526,38.522706369515326,43.47905777723079,True,False,8.229812443567709e-18,0.9999999999999999,"GJR-GARCH(1,1,1)-t"
27527,-24.89477932531132,-19.93842791759585,True,True,3.9193120616441016e-19,0.740936925171971,"GJR-GARCH(1,1,1)-t"
27534,21.224957506566096,26.181308914281566,True,False,0.0,0.9999999999979684,"GJR-GARCH(1,1,1)-t"
27543,16.802798701101928,21.759150108817398,True,True,3.881188403729508e-22,0.773983745310409,"GJR-GARCH(1,1,1)-t"
27561,13.055672292415888,18.01202370013136,True,True,0.09023782819431844,5.173236764180504e-15,"GJR-GARCH(1,1,1)-t"
27569,18.95736426838236,23.91371567609783,True,False,4.1558394714241246e-14,1.0,"GJR-GARCH(1,1,1)-t"
27581,36.06828436738054,41.02463577509601,True,True,2.0672503538446336e-18,1.6423979362562845e-18,"GJR-GARCH(1,1,1)-t"
27585,-4.766872310668923,0.1894790970465472,True,True,3.224119985049851e-14,2.4671335554899162e-14,"GJR-GARCH(1,1,1)-t"
27593,13.31249207504618,18.26884348276165,True,False,0.9999999999975838,7.298642343762305e-13,"GJR-GARCH(1,1,1)-t"
27595,18.191721238855425,23.148072646570895,True,False,2.1441585177053633e-16,0.9999999999999989,"GJR-GARCH(1,1,1)-t"
27619,2.3882082671978395,7.3445596749133095,True,False,0.5757549682089573,0.7121225165694086,"GJR-GARCH(1,1,1)-t"
27622,16.00545926310757,20.96181067082304,True,True,2.8310839922593213e-16,0.8347938863549097,"GJR-GARCH(1,1,1)-t"
27627,-8.456777712576049,-3.5004263048605786,True,False,0.0,1.0,"GJR-GARCH(1,1,1)-t"
27664,26.798917598693183,31.755269006408653,True,True,1.5097341843032094e-13,0.307869775879828,"GJR-GARCH(1,1,1)-t"
27669,36.127166330203636,41.08351773791911,True,True,0.13457476116879863,0.38899976453751706,"GJR-GARCH(1,1,1)-t"
27711,37.43921552547898,42.395566933194445,True,False,0.10014771671117695,0.9200655265343723,"GJR-GARCH(1,1,1)-t"
27722,-12.176411940914708,-7.220060533199238,True,True,0.0,8.845603002235371e-13,"GJR-GARCH(1,1,1)-t"
27752,-4.02494344963581,0.9314079580796601,True,False,0.0,1.0,"GJR-GARCH(1,1,1)-t"
27757,13.7926247250695,18.748976132784968,True,True,3.5782956843505614e-14,0.7713258780820843,"GJR-GARCH(1,1,1)-t"
27771,20.731963278440666,25.688314686156136,True,True,3.2246632628426544e-15,0.29352011192160593,"GJR-GARCH(1,1,1)-t"
27784,-16.156797203092587,-11.200445795377117,True,True,0.0,0.9523114949701295,"GJR-GARCH(1,1,1)-t"
27788,43.89134306844642,48.84769447616189,True,True,0.2402600006820844,0.0,"GJR-GARCH(1,1,1)-t"
27795,19.571255284426822,24.527606692142292,True,True,1.4670165187839915e-22,0.0,"GJR-GARCH(1,1,1)-t"
27799,-6.075855958509294,-1.119504550793824,True,True,0.0,0.0,"GJR-GARCH(1,1,1)-t"
27810,5.34122898767731,10.29758039539278,True,True,6.358577448465234e-13,1.2464639063736492e-11,"GJR-GARCH(1,1,1)-t"
27815,25.979328028233247,30.93567943594872,True,False,1.2391541179532788e-17,1.0,"GJR-GARCH(1,1,1)-t"
27822,10.582602427727188,15.538953835442658,True,True,0.24017106799324742,0.13895582266367767,"GJR-GARCH(1,1,1)-t"
27828,12.332536599722287,17.288888007437755,True,True,0.0,0.0,"GJR-GARCH(1,1,1)-t"
27833,-0.9254058852816254,4.030945522433845,True,True,0.0,0.8430617175154946,"GJR-GARCH(1,1,1)-t"
27837,-13.445430116751094,-8.489078709035624,True,False,1.035590615887463e-15,0.9999999999999765,"GJR-GARCH(1,1,1)-t"
27846,5.896704323368864,10.853055731084334,True,False,1.582210263884376e-16,0.9999999999999997,"GJR-GARCH(1,1,1)-t"
27851,-1.1103858682495993,3.8459655394658707,True,False,0.9999999999999887,0.0,"GJR-GARCH(1,1,1)-t"
27854,19.331374850855063,24.28772625857053,True,False,0.0,0.9999999999999997,"GJR-GARCH(1,1,1)-t"
27857,-1.5429452348382604,3.4134061728772096,True,False,7.739446051040769e-15,0.9999999999999898,"GJR-GARCH(1,1,1)-t"
27868,-4.0260171244544445,0.9303342832610255,True,False,1.0,0.26252286529368685,"GJR-GARCH(1,1,1)-t"
27875,15.87287102309974,20.82922243081521,True,True,0.0,0.6000776435340146,"GJR-GARCH(1,1,1)-t"
27876,16.81054431516749,21.766895722882957,True,True,9.181325015030056e-16,0.7251778055842594,"GJR-GARCH(1,1,1)-t"
27886,10.354692775752824,15.311044183468294,True,True,1.9133645416037558e-14,0.9544753175987128,"GJR-GARCH(1,1,1)-t"
27890,-0.8406234369532175,4.1157279707622525,True,True,0.5463088307071339,5.166427622806871e-16,"GJR-GARCH(1,1,1)-t"
27891,6.450933699362605,11.407285107078074,True,False,0.0,1.0,"GJR-GARCH(1,1,1)-t"
27910,12.575769570295936,17.532120978011406,True,False,3.5346003648363857e-15,0.9999999999999989,"GJR-GARCH(1,1,1)-t"
27919,-8.689379979973232,-3.733028572257762,True,True,5.908801863811097e-19,0.6748449467453946,"GJR-GARCH(1,1,1)-t"
27932,24.54414098107968,29.500492388795152,True,True,0.7202880913738116,0.0,"GJR-GARCH(1,1,1)-t"
27939,7.539845331029273,12.496196738744743,True,False,2.346618652176826e-16,0.9999999999999972,"GJR-GARCH(1,1,1)-t"
27940,20.690470376645195,25.646821784360665,True,True,0.0,0.890936810902967,"GJR-GARCH(1,1,1)-t"
27956,-3.990480506974734,0.965870900740736,True,True,0.0,0.748379605252325,"GJR-GARCH(1,1,1)-t"
27957,2.3033932220426436,7.259744629758114,True,True,5.810705276836779e-16,0.6245863494359425,"GJR-GARCH(1,1,1)-t"
27962,9.631913342547318,14.588264750262788,True,True,1.612494070211918e-14,0.6665823107418107,"GJR-GARCH(1,1,1)-t"
27964,6.933021875568547,11.889373283284016,True,True,1.7598574560102017e-12,0.0,"GJR-GARCH(1,1,1)-t"
27970,7.411318130894478,12.367669538609949,True,False,5.649569629790785e-16,0.9999995932232556,"GJR-GARCH(1,1,1)-t"
27974,31.031810656311947,35.98816206402742,True,False,1.3684876402259745e-14,0.9999999999999167,"GJR-GARCH(1,1,1)-t"
27977,-3.0557782680555725,1.9005731396598975,True,False,1.0,0.0,"GJR-GARCH(1,1,1)-t"
27978,28.27606871651091,33.23242012422638,True,True,0.0,0.9075250924843041,"GJR-GARCH(1,1,1)-t"
27981,-7.9591329267135364,-3.0027815189980664,True,True,4.568492580999788e-14,0.8983812135700034,"GJR-GARCH(1,1,1)-t"
27985,27.045447143994462,32.00179855170993,True,True,6.685523434622038e-14,0.5266377087026928,"GJR-GARCH(1,1,1)-t"
27989,-3.128556717745205,1.8277946899702648,True,False,0.9999999999999999,0.1600326907264678,"GJR-GARCH(1,1,1)-t"
27994,5.520569099593873,10.476920507309343,True,False,1.0,1.4941752227254968e-14,"GJR-GARCH(1,1,1)-t"
28002,16.15677623978364,21.113127647499105,True,True,0.0,0.5888731543789991,"GJR-GARCH(1,1,1)-t"
28020,15.150942373847586,20.107293781563058,True,True,0.5167555168393416,4.274327995484338e-12,"GJR-GARCH(1,1,1)-t"
28022,13.905143020604273,18.861494428319745,True,False,0.0,1.0,"GJR-GARCH(1,1,1)-t"
28043,-10.520165698042263,-5.563814290326793,True,True,1.814708076000523e-14,0.0,"GJR-GARCH(1,1,1)-t"
28066,6.483258251483388,11.439609659198858,True,True,0.10091410485065377,8.470976382113353e-20,"GJR-GARCH(1,1,1)-t"
28070,5.11508758380795,10.07143899152342,True,True,2.0773250234142863e-19,0.6387334939158451,"GJR-GARCH(1,1,1)-t"
28078,11.8202655895148,16.77661699723027,True,False,0.2963768089645069,0.8518115955202162,"GJR-GARCH(1,1,1)-t"
28111,-5.80686169950404,-0.8505102917885701,True,True,9.986253292274517e-12,3.429871546220119e-12,"GJR-GARCH(1,1,1)-t"
28121,20.429386318713874,25.38573772642934,True,False,0.0,1.0,"GJR-GARCH(1,1,1)-t"
28122,2.7686635003185422,7.725014908034012,True,True,0.0,0.0,"GJR-GARCH(1,1,1)-t"
28126,-9.949091696795396,-4.992740289079926,True,False,0.9999999999999954,1.5840686199892425e-15,"GJR-GARCH(1,1,1)-t"
28186,-15.49843866421783,-10.54208725650236,True,False,0.9999999999999998,6.584811239642228e-20,"GJR-GARCH(1,1,1)-t"
28190,14.913397840650067,19.869749248365537,True,True,3.218467128914547e-18,0.9743325063559688,"GJR-GARCH(1,1,1)-t"
28192,19.002028194777196,23.958379602492666,True,False,0.33905586560541595,0.6683386488712297,"GJR-GARCH(1,1,1)-t"
28200,20.939538443906233,25.895889851621703,True,True,0.0,0.7737113836983879,"GJR-GARCH(1,1,1)-t"
28210,16.616702339108326,21.573053746823796,True,True,1.3428208875789313e-15,1.632079234205841e-14,"GJR-GARCH(1,1,1)-t"
28217,0.3804308065130755,5.3367822142285455,True,True,5.025638312499229e-08,1.574804434409696e-06,"GJR-GARCH(1,1,1)-t"
28225,16.029248634096994,20.985600041812464,True,True,1.4834059110140336e-10,0.9690421274303511,"GJR-GARCH(1,1,1)-t"
28244,-3.4325083565076397,1.5238430512078303,True,True,3.7887924287968715e-11,0.9689680865686201,"GJR-GARCH(1,1,1)-t"
28256,20.250940029437203,25.20729143715267,True,True,0.0,0.9872289313320877,"GJR-GARCH(1,1,1)-t"
28262,50.83132341727769,55.78767482499316,True,False,0.9999999999191654,0.0817725660558037,"GJR-GARCH(1,1,1)-t"
28267,18.812976986225955,23.769328393941425,True,True,0.0,1.5285177344424883e-14,"GJR-GARCH(1,1,1)-t"
28292,55.558940395067935,60.51529180278341,True,True,0.08968097194552126,0.4156645457122972,"GJR-GARCH(1,1,1)-t"
28319,32.813295029464086,37.76964643717956,True,True,0.7558127641594715,1.293154664003664e-11,"GJR-GARCH(1,1,1)-t"
28323,-9.342933975498337,-4.386582567782867,True,True,7.023535572966403e-15,0.813945179704723,"GJR-GARCH(1,1,1)-t"
28328,4.871701320284201,9.82805272799967,True,False,0.9999999989682146,7.23866320812055e-10,"GJR-GARCH(1,1,1)-t"
28342,-0.018462574836615175,4.937888832878855,True,True,0.0,0.8590987959292298,"GJR-GARCH(1,1,1)-t"
28354,-7.373107846803098,-2.416756439087628,True,True,0.20601410959476277,0.3544499940200777,"GJR-GARCH(1,1,1)-t"
28371,49.87350189669579,54.82985330441126,True,True,0.0,0.9836391357469081,"GJR-GARCH(1,1,1)-t"
28379,57.66240466742822,62.61875607514369,True,True,0.0,0.5540357392146013,"GJR-GARCH(1,1,1)-t"
28380,25.809062577916944,30.765413985632414,True,True,0.0,6.401628325725239e-15,"GJR-GARCH(1,1,1)-t"
28395,3.030139713481283,7.986491121196753,True,True,0.0,0.8719398851764476,"GJR-GARCH(1,1,1)-t"
28401,-6.288306593768702,-1.3319551860532322,True,True,0.15963747294573943,9.244959954405335e-13,"GJR-GARCH(1,1,1)-t"
28409,20.60542444422951,25.56177585194498,True,True,0.0,1.1061302791250027e-13,"GJR-GARCH(1,1,1)-t"
28422,-14.584401458551596,-9.628050050836126,True,True,1.3726498948010438e-16,0.6729022053606943,"GJR-GARCH(1,1,1)-t"
28426,-3.0561212480290436,1.9002301596864264,True,True,0.0,1.6399255295067973e-15,"GJR-GARCH(1,1,1)-t"
28429,16.030041484926798,20.986392892642264,True,True,1.090491377730987e-19,0.5851419649980134,"GJR-GARCH(1,1,1)-t"
28449,23.84876552243137,28.80511693014684,True,True,0.06950346134193307,0.4472387125775301,"GJR-GARCH(1,1,1)-t"
28474,44.99988341610565,49.95623482382112,True,False,2.6450282477457896e-15,0.9999999999999897,"GJR-GARCH(1,1,1)-t"
28475,-9.485178152599403,-4.528826744883933,True,True,1.3309403762254286e-14,0.054057173553345786,"GJR-GARCH(1,1,1)-t"
28484,5.1329335351242005,10.08928494283967,True,True,9.253073305066619e-11,8.490165336415042e-11,"GJR-GARCH(1,1,1)-t"
28485,5.07950553565634,10.03585694337181,True,True,0.09603134862603004,0.0,"GJR-GARCH(1,1,1)-t"
28499,-4.169015824504239,0.787335583211231,True,False,0.17547188279052833,0.912264058601897,"GJR-GARCH(1,1,1)-t"
28509,-10.890889559772823,-5.934538152057353,True,True,0.391974645184929,0.0,"GJR-GARCH(1,1,1)-t"
28521,-8.066702812450277,-3.110351404734807,True,True,0.0,0.7910609673415835,"GJR-GARCH(1,1,1)-t"
28527,0.08332605114510372,5.039677458860574,True,True,1.2200789684650888e-15,0.6679681925545234,"GJR-GARCH(1,1,1)-t"
28534,3.145712285895476,8.102063693610946,True,True,3.4160861130502957e-14,0.9968570750311471,"GJR-GARCH(1,1,1)-t"
28539,2.2892673068669787,7.245618714582449,True,True,4.115924544973676e-10,0.2923446848428126,"GJR-GARCH(1,1,1)-t"
28541,39.86229344674628,44.818644854461745,True,False,6.97161153464719e-20,1.0,"GJR-GARCH(1,1,1)-t"
28563,-5.565141080283837,-0.608789672568367,True,True,5.0569946027954285e-11,0.9176169061674793,"GJR-GARCH(1,1,1)-t"
28572,-4.819044484872663,0.1373069228428072,True,True,1.2735422107423957e-11,0.8012512360314937,"GJR-GARCH(1,1,1)-t"
28596,8.320024942427933,13.276376350143403,True,False,0.9999999999999997,0.0664592894607226,"GJR-GARCH(1,1,1)-t"
28619,58.08402671390103,63.0403781216165,True,False,9.199114799204362e-16,1.0,"GJR-GARCH(1,1,1)-t"
28625,5.572333672368124,10.528685080083594,True,False,8.952865566643182e-11,0.9999999549783843,"GJR-GARCH(1,1,1)-t"
28634,45.629914180166324,50.5862655878818,True,True,0.0,0.5032974964454368,"GJR-GARCH(1,1,1)-t"
28635,7.609578786554183,12.565930194269653,True,False,0.0,0.9999999999999994,"GJR-GARCH(1,1,1)-t"
28656,38.95803381369843,43.914385221413895,True,True,0.0,0.2758359407140139,"GJR-GARCH(1,1,1)-t"
28670,5.793777600272955,10.750129007988425,True,True,1.8193675517240025e-13,0.0790749968753708,"GJR-GARCH(1,1,1)-t"
28676,10.237055998861424,15.193407406576894,True,True,3.793728657517368e-14,0.9762721132670134,"GJR-GARCH(1,1,1)-t"
28697,12.50283016279036,17.45918157050583,True,False,1.687986292764309e-22,0.9999999999999996,"GJR-GARCH(1,1,1)-t"
28737,0.8583920185275176,5.814743426242988,True,True,0.4390915368146539,2.6959257854111925e-15,"GJR-GARCH(1,1,1)-t"
28745,15.623576955199098,20.57992836291457,True,True,0.0,0.9862792678912151,"GJR-GARCH(1,1,1)-t"
28757,1.0123230352963475,5.9686744430118175,True,False,0.9999999999999991,0.19316845224939977,"GJR-GARCH(1,1,1)-t"
28761,37.89406891247302,42.85042032018848,True,True,0.5192408930039376,3.833734871831461e-15,"GJR-GARCH(1,1,1)-t"
28770,53.76818572574814,58.72453713346361,True,True,2.2774567192118703e-11,0.8589527525876678,"GJR-GARCH(1,1,1)-t"
28775,27.350640913940815,32.30699232165628,True,False,0.455968055550237,0.6572524186651457,"GJR-GARCH(1,1,1)-t"
28779,-4.076604498146885,0.8797469095685848,True,True,0.0,0.43715166317101256,"GJR-GARCH(1,1,1)-t"
28801,52.923706917723734,57.88005832543921,True,True,8.499563725362697e-20,9.998980316194063e-19,"GJR-GARCH(1,1,1)-t"
28820,27.976648216286584,32.93299962400205,True,False,5.600530407796077e-13,0.9999999999527065,"GJR-GARCH(1,1,1)-t"
28832,25.42261579669557,30.37896720441104,True,True,0.0,0.15544799079661753,"GJR-GARCH(1,1,1)-t"
28837,10.465373914644717,15.421725322360187,True,True,4.1966605003087236e-16,0.0,"GJR-GARCH(1,1,1)-t"
28838,22.82660130831983,27.782952716035297,True,True,0.9234487707986224,0.0,"GJR-GARCH(1,1,1)-t"
28839,1.8638304928442047,6.820181900559675,True,True,0.7094178917441506,5.290436338511105e-11,"GJR-GARCH(1,1,1)-t"
28841,3.767029638535444,8.723381046250914,True,True,0.6855259151583528,7.9835817921468e-13,"GJR-GARCH(1,1,1)-t"
28868,-16.95660624914656,-12.00025484143109,True,False,1.2828408535549274e-16,1.0,"GJR-GARCH(1,1,1)-t"
28877,9.650811207053431,14.607162614768901,True,True,0.0,0.5779088615539731,"GJR-GARCH(1,1,1)-t"
28880,18.7786792639378,23.73503067165327,True,False,1.0,2.5200322390452408e-08,"GJR-GARCH(1,1,1)-t"
28881,-1.4220201125099994,3.5343312952054706,True,False,5.065727232642577e-15,1.0,"GJR-GARCH(1,1,1)-t"
28896,-2.926847249978813,2.029504157736657,True,True,0.0,0.8420527369442558,"GJR-GARCH(1,1,1)-t"
28898,2.4866668993432537,7.443018307058724,True,True,0.0,0.8833702149370521,"GJR-GARCH(1,1,1)-t"
28930,40.22051369183494,45.176865099550405,True,True,1.651489372560513e-16,3.687828038525616e-19,"GJR-GARCH(1,1,1)-t"
28932,28.177071712477158,33.13342312019263,True,False,0.2016687298135778,0.8353771216709073,"GJR-GARCH(1,1,1)-t"
28958,6.024217634274477,10.980569041989947,True,True,3.622768566356418e-16,0.9023016439087365,"GJR-GARCH(1,1,1)-t"
28959,-2.840363873264888,2.115987534450582,True,False,0.958557674379129,0.4274326521203059,"GJR-GARCH(1,1,1)-t"
28963,4.677083977867767,9.633435385583237,True,True,4.9543867558262626e-15,0.6431741618051224,"GJR-GARCH(1,1,1)-t"
28969,-6.5738015888286085,-1.6174501811131385,True,True,0.0,0.43393429039596726,"GJR-GARCH(1,1,1)-t"
28983,22.963528715685623,27.919880123401093,True,False,0.2242719230355717,0.8878640384822146,"GJR-GARCH(1,1,1)-t"
28992,-12.962332799805104,-8.005981392089634,True,False,0.9999999936108305,8.324838845358339e-08,"GJR-GARCH(1,1,1)-t"
28993,-9.027129876051696,-4.070778468336226,True,True,0.0,0.0,"GJR-GARCH(1,1,1)-t"
29003,-8.982603970351875,-4.0262525626364045,True,False,0.9999999999999999,0.08824934789353193,"GJR-GARCH(1,1,1)-t"
29005,-14.272443343309487,-9.316091935594017,True,True,4.566093906918919e-13,0.9868280060726814,"GJR-GARCH(1,1,1)-t"
29012,-6.266766284596461,-1.3104148768809907,True,True,0.11462929314489592,1.8274407196833404e-12,"GJR-GARCH(1,1,1)-t"
29026,-3.279677106095612,1.6766743016198582,True,False,0.7250662910920769,0.6374668533701667,"GJR-GARCH(1,1,1)-t"
29037,-7.9268677036564625,-2.9705162959409925,True,True,6.192832374920362e-13,0.9727098800008618,"GJR-GARCH(1,1,1)-t"
29046,15.9350911096867,20.89144251740217,True,True,1.3137286815585424e-22,1.205879192854918e-19,"GJR-GARCH(1,1,1)-t"
29048,3.123563761096843,8.079915168812313,True,True,0.0,0.9735908003566467,"GJR-GARCH(1,1,1)-t"
29054,-1.8710467884418058,3.085304619273664,True,True,4.60576319379377e-15,0.29276189357352106,"GJR-GARCH(1,1,1)-t"
29064,22.14618910977806,27.10254051749353,True,True,8.132301779441125e-14,0.9081641329036939,"GJR-GARCH(1,1,1)-t"
29089,-5.41620482754589,-0.45985341983042005,True,True,0.0,0.5683281410436146,"GJR-GARCH(1,1,1)-t"
29106,47.4115599923074,52.36791140002288,True,False,2.365221742589133e-15,1.0,"GJR-GARCH(1,1,1)-t"
29138,18.78536430548985,23.741715713205323,True,True,8.561902748845246e-14,0.7701021353011542,"GJR-GARCH(1,1,1)-t"
29139,23.087590272283983,28.043941679999456,True,True,6.58067696946171e-14,0.9481726535494343,"GJR-GARCH(1,1,1)-t"
29145,20.69549715999738,25.651848567712847,True,False,0.0,1.0,"GJR-GARCH(1,1,1)-t"
29149,-8.127586567217197,-3.1712351595017267,True,True,8.415597108202829e-13,2.904698106497115e-12,"GJR-GARCH(1,1,1)-t"
29150,11.307426400475926,16.263777808191396,True,True,7.463478456785263e-14,0.02073551802373723,"GJR-GARCH(1,1,1)-t"
29171,23.174797161692716,28.131148569408182,True,True,0.42872907491268103,0.24493830093290192,"GJR-GARCH(1,1,1)-t"
29219,19.1545864414993,24.11093784921477,True,True,9.790851527395277e-13,0.8996219284013408,"GJR-GARCH(1,1,1)-t"
29226,11.402197326423316,16.358548734138786,True,True,0.0,0.6005656254327262,"GJR-GARCH(1,1,1)-t"
29228,-11.623654194098918,-6.667302786383448,True,True,0.5232057795083961,0.0,"GJR-GARCH(1,1,1)-t"
29239,16.66352904256476,21.61988045028023,True,True,0.0,0.9727922005460239,"GJR-GARCH(1,1,1)-t"
29240,49.657976679746355,54.61432808746183,True,False,2.3059838704263384e-15,0.9999999999999972,"GJR-GARCH(1,1,1)-t"
29246,-8.477038437408734,-3.5206870296932635,True,False,4.2763630831801393e-17,1.0,"GJR-GARCH(1,1,1)-t"
29252,-1.9793630377247418,2.9769883699907282,True,True,0.0,0.0,"GJR-GARCH(1,1,1)-t"
29267,24.132324987855966,29.088676395571436,True,True,0.0,0.8979067419016837,"GJR-GARCH(1,1,1)-t"
29271,42.01837998846406,46.97473139617953,True,True,0.0,0.8957466505953964,"GJR-GARCH(1,1,1)-t"
29280,-2.481116813259291,2.475234594456179,True,True,0.0,0.6762149062968367,"GJR-GARCH(1,1,1)-t"
29296,3.668242209773105,8.624593617488575,True,True,4.6560571301481156e-08,0.3161078505421309,"GJR-GARCH(1,1,1)-t"
29302,20.75032727369404,25.706678681409507,True,True,0.29704257788328575,3.0990535319094973e-15,"GJR-GARCH(1,1,1)-t"
29316,3.076518493324544,8.032869901040014,True,True,3.703192549452674e-14,0.8660829293439216,"GJR-GARCH(1,1,1)-t"
29330,14.517726757453092,19.47407816516856,True,True,0.0,0.7418081736589714,"GJR-GARCH(1,1,1)-t"
29336,-3.41286969076004,1.54348171695543,True,True,0.0,0.0,"GJR-GARCH(1,1,1)-t"
29337,45.894365640882896,50.85071704859836,True,True,0.0,0.6507105990692164,"GJR-GARCH(1,1,1)-t"
29362,-1.8176933449122021,3.138658062803268,True,True,1.6737123864332732e-15,0.6652150141418854,"GJR-GARCH(1,1,1)-t"
29374,23.46333752452556,28.41968893224103,True,True,2.0332983417236182e-16,0.8440246400356353,"GJR-GARCH(1,1,1)-t"
29375,-7.755458012699361,-2.7991066049838906,True,False,0.0,1.0,"GJR-GARCH(1,1,1)-t"
29380,41.086612196328375,46.04296360404385,True,False,0.0,0.9999999999923851,"GJR-GARCH(1,1,1)-t"
29429,-2.758129370637299,2.198222037078171,True,True,1.0987509008213718e-15,0.6463632034498075,"GJR-GARCH(1,1,1)-t"
29431,47.412256581892485,52.36860798960795,True,True,0.0,0.9711812201168694,"GJR-GARCH(1,1,1)-t"
29441,-20.76890772094047,-15.812556313224999,True,True,2.2443501927869804e-16,0.5167924456643561,"GJR-GARCH(1,1,1)-t"
29445,-0.4681463470036533,4.488205060711817,True,False,1.0,0.32271257880956417,"GJR-GARCH(1,1,1)-t"
29448,-8.148556209365914,-3.192204801650444,True,True,1.1316717707521525e-16,0.9240481289273804,"GJR-GARCH(1,1,1)-t"
29480,-11.418736551094064,-6.462385143378594,True,True,9.158450806688703e-20,3.8290859330654938e-19,"GJR-GARCH(1,1,1)-t"
29494,-2.557688740742023,2.398662666973447,True,True,1.2354618476917854e-19,1.7284761960387698e-13,"GJR-GARCH(1,1,1)-t"
29504,-2.9857623558333586,1.9705890518821114,True,True,2.7910478556587366e-15,0.018418252911282677,"GJR-GARCH(1,1,1)-t"
29507,-1.9875350355744157,2.9688163721410543,True,False,9.37697638000209e-14,0.9999999999804607,"GJR-GARCH(1,1,1)-t"
29515,6.503586048752089,11.459937456467559,True,True,5.909593324376845e-20,1.72097138104609e-14,"GJR-GARCH(1,1,1)-t"
29517,11.505727297057524,16.462078704772992,True,False,1.346362707221771e-15,0.9999999999999989,"GJR-GARCH(1,1,1)-t"
29548,3.8162749916258623,8.772626399341332,True,True,1.5855604176784526e-16,0.9731247351211042,"GJR-GARCH(1,1,1)-t"
29554,-6.800168785782436,-1.8438173780669658,True,True,6.797072045997691e-18,3.403491117145453e-19,"GJR-GARCH(1,1,1)-t"
29568,0.5227498206695529,5.479101228385023,True,True,0.0,0.7057330297191197,"GJR-GARCH(1,1,1)-t"
29570,17.26563251154716,22.22198391926263,True,True,2.278425186781064e-19,0.6857341453671846,"GJR-GARCH(1,1,1)-t"
29577,-1.677167970408469,3.279183437307001,True,True,0.34464385114195867,0.0,"GJR-GARCH(1,1,1)-t"
29583,24.864867632350148,29.821219040065618,True,True,1.0683429179589062e-15,0.09243557842523287,"GJR-GARCH(1,1,1)-t"
29590,1.2458239983114474,6.202175406026917,True,True,0.0,0.546888796503105,"GJR-GARCH(1,1,1)-t"
29592,24.41488272893183,29.371234136647303,True,True,0.0,0.9799030849398329,"GJR-GARCH(1,1,1)-t"
29608,19.433849956616797,24.390201364332267,True,True,0.0,0.8068605589698489,"GJR-GARCH(1,1,1)-t"
29614,-1.178685681686865,3.777665726028605,True,False,0.9999999998633935,0.3934838535448856,"GJR-GARCH(1,1,1)-t"
29616,3.229212454615759,8.185563862331229,True,False,7.775038717193818e-14,0.999999999999378,"GJR-GARCH(1,1,1)-t"
29634,13.84833752110223,18.8046889288177,True,False,0.9999999999941259,0.0,"GJR-GARCH(1,1,1)-t"
29644,24.693544614177597,29.649896021893063,True,True,1.536516644474405e-19,0.05623758546731468,"GJR-GARCH(1,1,1)-t"
29649,-0.5232328132176445,4.4331185944978255,True,False,1.0,0.0,"GJR-GARCH(1,1,1)-t"
29656,-0.12986148961140742,4.826489918104063,True,True,8.072670568921848e-14,0.2783746288414665,"GJR-GARCH(1,1,1)-t"
29664,-2.688204690042941,2.268146717672529,True,True,0.49050680967156796,0.2665705593225311,"GJR-GARCH(1,1,1)-t"
29672,17.858077309225262,22.814428716940732,True,True,1.2577422942296562e-15,0.9408936168490206,"GJR-GARCH(1,1,1)-t"
29676,-2.851816720723342,2.104534686992128,True,True,0.0,0.46834487662602714,"GJR-GARCH(1,1,1)-t"
29679,5.64041672240873,10.5967681301242,True,True,1.62403034330363e-16,0.9752290704609564,"GJR-GARCH(1,1,1)-t"
29692,17.235675419775276,22.192026827490743,True,True,1.4492885995334014e-12,0.9647117346003271,"GJR-GARCH(1,1,1)-t"
29716,12.107752116778741,17.06410352449421,True,True,4.2277485160662436e-13,0.5425211021227064,"GJR-GARCH(1,1,1)-t"
29740,-0.3225792206027638,4.633772187112706,True,True,4.952343224382316e-12,0.9613305229828949,"GJR-GARCH(1,1,1)-t"
29746,9.034066902863177,13.990418310578647,True,False,2.3893373879636033e-14,0.9999999999996967,"GJR-GARCH(1,1,1)-t"
29761,5.503191681618835,10.459543089334305,True,True,0.0,0.667539426642847,"GJR-GARCH(1,1,1)-t"
29775,20.29417587181166,25.25052727952713,True,True,0.0,0.25380289065224027,"GJR-GARCH(1,1,1)-t"
29786,30.900309957053512,35.85666136476898,True,True,0.0,0.9159095188719308,"GJR-GARCH(1,1,1)-t"
29791,9.634820223413616,14.591171631129086,True,True,9.473280995177183e-16,0.15469330225138825,"GJR-GARCH(1,1,1)-t"
29793,-10.999188751961,-6.04283734424553,True,True,1.1569948030420337e-09,0.020506603122558857,"GJR-GARCH(1,1,1)-t"
29802,39.863249656268394,44.81960106398387,True,True,1.723284080001153e-13,0.0,"GJR-GARCH(1,1,1)-t"
29819,4.118727998515578,9.075079406231048,True,True,5.105689545858425e-15,0.600260883799837,"GJR-GARCH(1,1,1)-t"
29823,3.6585427364874104,8.61489414420288,True,True,0.3866724766326616,2.765287160546688e-13,"GJR-GARCH(1,1,1)-t"
29824,7.040499152909775,11.996850560625244,True,True,7.0751559725039155e-12,0.8430193265282192,"GJR-GARCH(1,1,1)-t"
29828,21.20501349715454,26.161364904870013,True,False,7.280406040127825e-17,1.0,"GJR-GARCH(1,1,1)-t"
29842,-2.125905184773,2.83044622294247,True,True,4.816057392676854e-18,0.9640585396156142,"GJR-GARCH(1,1,1)-t"
29850,18.374960292792792,23.331311700508262,True,True,2.873362295354302e-16,0.04528862582544309,"GJR-GARCH(1,1,1)-t"
29853,23.497122259930524,28.453473667645994,True,False,4.2998376170909424e-14,0.9999999999979828,"GJR-GARCH(1,1,1)-t"
29871,-16.869039588743316,-11.912688181027846,True,True,0.5663794582225093,0.0,"GJR-GARCH(1,1,1)-t"
29872,3.725977317952175,8.682328725667645,True,False,1.0,0.0,"GJR-GARCH(1,1,1)-t"
29875,-2.310635278291258,2.645716129424212,True,True,0.9752963417270633,0.0,"GJR-GARCH(1,1,1)-t"
29880,22.050347360918423,27.006698768633896,True,True,0.3983692309418293,0.0,"GJR-GARCH(1,1,1)-t"
29885,-0.7844317226879127,4.171919685027557,True,True,5.2935745422019864e-20,0.3765616135015994,"GJR-GARCH(1,1,1)-t"
29889,54.5649874679299,59.52133887564537,True,True,0.7507051720221793,0.0,"GJR-GARCH(1,1,1)-t"
29906,13.083784580040493,18.040135987755963,True,True,2.636983272328117e-18,0.681519182812323,"GJR-GARCH(1,1,1)-t"
29930,15.119451259725352,20.075802667440822,True,False,1.1856686499764857e-16,0.9999999999999999,"GJR-GARCH(1,1,1)-t"
29932,40.47767254643905,45.43402395415452,True,True,0.840010798323332,6.320091082105175e-17,"GJR-GARCH(1,1,1)-t"
29941,-9.529461958731382,-4.573110551015912,True,False,1.0,0.19646079198358396,"GJR-GARCH(1,1,1)-t"
29943,21.444855156693105,26.401206564408575,True,True,0.0,0.842452035606394,"GJR-GARCH(1,1,1)-t"
29944,27.893646346314572,32.84999775403004,True,True,4.9426350032540815e-15,0.24054641660483286,"GJR-GARCH(1,1,1)-t"
29947,-1.298782966906046,3.657568440809424,True,True,3.843676904216919e-19,0.9291990544259273,"GJR-GARCH(1,1,1)-t"
29972,16.163634443168505,21.11998585088397,True,True,2.8310119805146718e-12,0.956046127078417,"GJR-GARCH(1,1,1)-t"
29974,1.1540018734558455,6.1103532811713155,True,True,0.0,0.0,"GJR-GARCH(1,1,1)-t"
29990,-1.0535786655330615,3.9027727421824085,True,False,5.69693040176231e-15,0.9999999999999918,"GJR-GARCH(1,1,1)-t"
29997,20.811483733724728,25.767835141440198,True,True,4.906112674645954e-15,0.949348365404318,"GJR-GARCH(1,1,1)-t"
30013,14.500454922565055,19.456806330280525,True,True,2.7110500993727103e-17,0.2607317620760666,"GJR-GARCH(1,1,1)-t"
30023,-0.15614435096650858,4.800207056748961,True,False,0.20617021417956718,0.8969148927947237,"GJR-GARCH(1,1,1)-t"
30040,-25.558903404099105,-20.602551996383635,True,False,0.0,0.9999999999999438,"GJR-GARCH(1,1,1)-t"
30050,2.0241108032176243,6.980462210933094,True,True,0.5236890652888276,0.0,"GJR-GARCH(1,1,1)-t"
30063,-4.1339518289012425,0.8223995788142275,True,True,7.79263655648029e-21,0.8413230203695367,"GJR-GARCH(1,1,1)-t"
30078,8.158541573591972,13.114892981307442,True,True,0.49778440791369666,3.962642448482359e-12,"GJR-GARCH(1,1,1)-t"
30103,13.294852771596357,18.251204179311827,True,True,0.7325454134490593,0.15555727027926416,"GJR-GARCH(1,1,1)-t"
30106,28.686486352116678,33.64283775983215,True,True,2.6673952960933477e-17,2.3518511425035258e-15,"GJR-GARCH(1,1,1)-t"
30125,7.144433071409273,12.100784479124744,True,True,3.2004551210888293e-13,3.056009525929107e-12,"GJR-GARCH(1,1,1)-t"
30128,98.30488378241408,103.26123519012955,True,True,0.34311762419584557,2.2028753285075707e-18,"GJR-GARCH(1,1,1)-t"
30134,-30.344084770420245,-25.387733362704775,True,False,0.9999999999999998,1.839626674284119e-16,"GJR-GARCH(1,1,1)-t"
30169,7.895675671192441,12.852027078907911,True,True,0.47395288970967936,3.533716395627626e-18,"GJR-GARCH(1,1,1)-t"
30177,-4.023335168256239,0.9330162394592314,True,True,0.5250603621004014,8.610843228372242e-19,"GJR-GARCH(1,1,1)-t"
30183,5.4603264569488665,10.416677864664337,True,True,2.7629284907905245e-17,0.5425592085755266,"GJR-GARCH(1,1,1)-t"
30208,25.510111589824373,30.466462997539843,True,True,0.2813723367327835,4.362846896810014e-18,"GJR-GARCH(1,1,1)-t"
30210,-0.25712800219814724,4.699223405517323,True,True,1.1358731276298777e-15,0.9358984741492694,"GJR-GARCH(1,1,1)-t"
30212,-6.38058309344343,-1.4242316857279604,True,True,5.2992126074539017e-17,0.22736988496884117,"GJR-GARCH(1,1,1)-t"
30215,36.89426296366348,41.85061437137895,True,True,0.00925512476328714,1.0214182881881155e-15,"GJR-GARCH(1,1,1)-t"
30224,7.200602358829121,12.156953766544591,True,False,2.4744433827785218e-15,0.9999999999999971,"GJR-GARCH(1,1,1)-t"
30225,-3.0447308714460455,1.9116205362694245,True,True,0.34491559682584283,0.0,"GJR-GARCH(1,1,1)-t"
30232,-19.789981537724458,-14.833630130008988,True,True,1.104953679270439e-16,0.23694478445079795,"GJR-GARCH(1,1,1)-t"
30244,8.966604873954942,13.922956281670412,True,True,3.5671379322824866e-14,0.9863737510973873,"GJR-GARCH(1,1,1)-t"
30250,5.2322236785368474,10.188575086252317,True,True,0.1587001195923169,0.0,"GJR-GARCH(1,1,1)-t"
30256,-4.140473551122128,0.8158778565933424,True,True,0.0,0.9109761903963458,"GJR-GARCH(1,1,1)-t"
30272,37.17697641317882,42.13332782089429,True,True,3.0945696424057066e-14,0.875874567109455,"GJR-GARCH(1,1,1)-t"
30276,17.81451699403216,22.77086840174763,True,True,2.978610629383708e-12,1.1504880919587854e-10,"GJR-GARCH(1,1,1)-t"
30279,-6.372522930358546,-1.4161715226430758,True,True,0.0,0.6692179014491259,"GJR-GARCH(1,1,1)-t"
30303,4.537124813606125,9.493476221321595,True,False,0.0,0.9999999999994267,"GJR-GARCH(1,1,1)-t"
30304,6.91425207883835,11.87060348655382,True,True,0.13818144529999782,3.051939473405024e-10,"GJR-GARCH(1,1,1)-t"
30312,11.818249088196863,16.77460049591233,True,True,0.25631502213031504,0.41316108784359684,"GJR-GARCH(1,1,1)-t"
30313,0.9173855197387546,5.873736927454225,True,True,2.805890956006784e-17,0.7524154914870362,"GJR-GARCH(1,1,1)-t"
30325,11.900076362496332,16.856427770211802,True,False,0.0,0.9999999999981773,"GJR-GARCH(1,1,1)-t"
30327,18.71973111231221,23.67608252002768,True,False,0.19296993468760018,0.9035150326454563,"GJR-GARCH(1,1,1)-t"
30328,2.6075293146911847,7.563880722406655,True,True,0.0,0.16387961067045895,"GJR-GARCH(1,1,1)-t"
30334,-12.17136878744023,-7.21501737972476,True,True,6.181667890238049e-12,0.0,"GJR-GARCH(1,1,1)-t"
30339,9.526113313056822,14.482464720772292,True,True,0.0,4.2628624581317e-16,"GJR-GARCH(1,1,1)-t"
30341,24.461386038551264,29.417737446266734,True,True,0.0,0.6562856564352474,"GJR-GARCH(1,1,1)-t"
30350,-23.74814031708562,-18.79178890937015,True,False,0.4421407138396947,0.7632101978515243,"GJR-GARCH(1,1,1)-t"
30357,17.636409878703827,22.592761286419297,True,False,2.6932870795717125e-14,0.999999999999813,"GJR-GARCH(1,1,1)-t"
30366,27.281583180981613,32.23793458869708,True,True,0.3599891341591347,0.0,"GJR-GARCH(1,1,1)-t"
30370,-0.6446314707480223,4.311719936967448,True,True,0.0,0.6784535924701396,"GJR-GARCH(1,1,1)-t"
30376,15.340176354690142,20.29652776240561,True,True,1.731459422779837e-15,0.45540273085784,"GJR-GARCH(1,1,1)-t"
30379,24.343202563143468,29.299553970858938,True,False,1.0,0.11491645971997905,"GJR-GARCH(1,1,1)-t"
30383,-10.015565882398523,-5.059214474683053,True,True,0.0,0.7644874934748385,"GJR-GARCH(1,1,1)-t"
30384,21.271067482261202,26.227418889976672,True,True,3.5080968141254345e-14,4.748593922216039e-14,"GJR-GARCH(1,1,1)-t"
30405,-11.451971276483622,-6.495619868768152,True,False,0.9999999999998614,2.5830023596162476e-13,"GJR-GARCH(1,1,1)-t"
30412,30.970450682011613,35.92680208972708,True,True,0.0,0.9571755726146438,"GJR-GARCH(1,1,1)-t"
30416,27.093491340845702,32.04984274856117,True,False,0.9999999999997562,9.96991547071566e-15,"GJR-GARCH(1,1,1)-t"
30430,27.711990335796706,32.66834174351217,True,False,5.991555166100866e-11,1.0,"GJR-GARCH(1,1,1)-t"
30443,-12.30159936211998,-7.34524795440451,True,True,0.0,0.0,"GJR-GARCH(1,1,1)-t"
30454,7.723880464669679,12.68023187238515,True,True,8.577353400801719e-17,0.9477818950269468,"GJR-GARCH(1,1,1)-t"
30456,0.26470868087238664,5.221060088587857,True,True,5.940575697247372e-14,0.80265130574247,"GJR-GARCH(1,1,1)-t"
30471,10.103581904438801,15.059933312154271,True,True,1.40485655899326e-14,0.5179827476305308,"GJR-GARCH(1,1,1)-t"
30474,17.878563420333005,22.834914828048475,True,False,0.8550471298639905,0.5724764350554712,"GJR-GARCH(1,1,1)-t"
30492,13.107117288352987,18.063468696068455,True,True,2.6806369275231867e-11,0.9095296132517559,"GJR-GARCH(1,1,1)-t"
30494,3.169215616102628,8.125567023818098,True,True,4.6207886665455465e-17,0.9841689549376966,"GJR-GARCH(1,1,1)-t"
30498,54.7939495265612,59.750300934276666,True,True,2.801708310746741e-13,0.9221955125231198,"GJR-GARCH(1,1,1)-t"
30512,-5.571270730672893,-0.614919322957423,True,False,0.0,1.0,"GJR-GARCH(1,1,1)-t"
30521,0.7855846560880053,5.741936063803475,True,True,0.0519257688925897,0.0,"GJR-GARCH(1,1,1)-t"
30527,-9.20685922972169,-4.25050782200622,True,True,0.15007921798170026,0.321574066968405,"GJR-GARCH(1,1,1)-t"
30547,7.173392577041469,12.129743984756939,True,True,1.587726717703738e-14,0.8465453304008167,"GJR-GARCH(1,1,1)-t"
30569,17.78597594182812,22.74232734954359,True,True,0.0,0.024816229279286568,"GJR-GARCH(1,1,1)-t"
30585,25.00301281962472,29.95936422734019,True,True,0.0,0.6174510544310406,"GJR-GARCH(1,1,1)-t"
30597,-10.700490878508315,-5.744139470792845,True,False,0.8206889341529959,0.5896555329235031,"GJR-GARCH(1,1,1)-t"
30598,-7.0446718907473915,-2.0883204830319215,True,True,0.03281798606144605,8.098995380836598e-11,"GJR-GARCH(1,1,1)-t"
30604,8.58094091396449,13.53729232167996,True,True,1.955976418150239e-21,0.8574238394678396,"GJR-GARCH(1,1,1)-t"
30609,-2.692369399289859,2.263982008425611,True,False,0.3092646198814096,0.8453676900592918,"GJR-GARCH(1,1,1)-t"
30620,16.579099329514992,21.535450737230462,True,False,0.0,1.0,"GJR-GARCH(1,1,1)-t"
30624,5.707899708557152,10.664251116272622,True,True,7.13808867088028e-26,4.575462323013393e-16,"GJR-GARCH(1,1,1)-t"
30638,33.501448330543816,38.45779973825928,True,False,0.0,0.9999999999999967,"GJR-GARCH(1,1,1)-t"
30641,21.0646398035407,26.020991211256167,True,False,0.4818817637584313,0.7590591181207843,"GJR-GARCH(1,1,1)-t"
30657,34.12933395330171,39.085685361017184,True,True,0.0,0.0,"GJR-GARCH(1,1,1)-t"
30658,39.997832254398475,44.95418366211395,True,True,3.0781318034855926e-16,0.2533201624001667,"GJR-GARCH(1,1,1)-t"
30700,52.786802555610144,57.74315396332561,True,True,0.01198050019496158,0.9274368930062635,"GJR-GARCH(1,1,1)-t"
30720,41.07914766699457,46.035499074710046,True,True,1.500676874635809e-14,2.1634070323630657e-14,"GJR-GARCH(1,1,1)-t"
30729,-3.1724315106394023,1.7839198970760677,True,True,3.8493548217421166e-13,0.9928164557845219,"GJR-GARCH(1,1,1)-t"
30730,21.74652629275176,26.70287770046723,True,True,2.787336199016272e-15,1.1159134055978946e-13,"GJR-GARCH(1,1,1)-t"
30733,31.406109835681285,36.36246124339675,True,True,0.0,0.0,"GJR-GARCH(1,1,1)-t"
30748,-5.5197356572816645,-0.5633842495661945,True,False,0.5087981497633152,0.6204227462403066,"GJR-GARCH(1,1,1)-t"
30750,-2.416131067833973,2.540220339881497,True,True,1.016954221960384e-13,0.002727223199057569,"GJR-GARCH(1,1,1)-t"
30774,6.874852846142141,11.83120425385761,True,False,1.7430155131222979e-13,0.999999999996372,"GJR-GARCH(1,1,1)-t"
30789,23.340633645729042,28.296985053444516,True,True,0.0,6.9667855761088e-06,"GJR-GARCH(1,1,1)-t"
30790,3.7337045249173215,8.690055932632792,True,False,0.9999999996762421,1.1118020699164371e-10,"GJR-GARCH(1,1,1)-t"
30791,-4.319919632737481,0.6364317749779893,True,True,0.0,0.9847439816143818,"GJR-GARCH(1,1,1)-t"
30793,25.539604759136775,30.495956166852245,True,True,9.417353614402451e-11,0.0,"GJR-GARCH(1,1,1)-t"
30794,6.418394282034158,11.374745689749627,True,True,0.0,0.8055094422128511,"GJR-GARCH(1,1,1)-t"
30798,23.183246875124087,28.139598282839557,True,True,0.1377177694774611,7.99312852995138e-13,"GJR-GARCH(1,1,1)-t"
30803,16.86507621750487,21.821427625220338,True,True,7.866391114480601e-10,0.9494465416306911,"GJR-GARCH(1,1,1)-t"
30805,6.730241283821007,11.686592691536477,True,True,2.108276061081997e-15,0.7229105808641838,"GJR-GARCH(1,1,1)-t"
30816,58.00550534652971,62.961856754245176,True,True,0.0,0.8359466392448225,"GJR-GARCH(1,1,1)-t"
30824,10.413158081824392,15.369509489539862,True,True,3.565842948166947e-15,0.6634333906733968,"GJR-GARCH(1,1,1)-t"
30852,0.8004321081720533,5.756783515887523,True,True,6.940384088275384e-11,7.73668097076254e-10,"GJR-GARCH(1,1,1)-t"
30866,-3.511393969900375,1.444957437815095,True,True,0.0,4.143280766980595e-13,"GJR-GARCH(1,1,1)-t"
30896,0.6052629254849844,5.561614333200454,True,True,3.898409861372417e-08,0.7959241111218336,"GJR-GARCH(1,1,1)-t"
30908,-4.909185233610948,0.04716617410452173,True,True,0.0,0.6253287982615182,"GJR-GARCH(1,1,1)-t"
30940,10.11245496665849,15.06880637437396,True,True,2.126765119919607e-15,1.268808484305708e-13,"GJR-GARCH(1,1,1)-t"
30965,-7.257374362943818,-2.3010229552283477,True,True,0.0,0.5313890450525419,"GJR-GARCH(1,1,1)-t"
30974,38.10690378960443,43.063255197319904,True,True,1.8449827113001456e-16,1.2665260143819926e-18,"GJR-GARCH(1,1,1)-t"
30986,5.465137071886264,10.421488479601734,True,False,0.5244990181417984,0.7352543304442319,"GJR-GARCH(1,1,1)-t"
30987,12.440001862127449,17.39635326984292,True,False,1.1026269877970694e-20,1.0,"GJR-GARCH(1,1,1)-t"
30999,-1.0617105618442864,3.8946408458711836,True,True,5.305503562901283e-17,0.9891865550982232,"GJR-GARCH(1,1,1)-t"
31004,3.3350822497461223,8.291433657461592,True,True,0.09639096771661392,0.0,"GJR-GARCH(1,1,1)-t"
31018,26.45544609666515,31.411797504380615,True,True,1.7255087579596578e-13,1.7305171740068347e-13,"GJR-GARCH(1,1,1)-t"
31024,-2.2568066827263777,2.6995447249890923,True,False,0.299647732057604,0.811655741003283,"GJR-GARCH(1,1,1)-t"
31034,-12.659620216969088,-7.703268809253618,True,False,4.036597440439506e-16,0.9999999999999993,"GJR-GARCH(1,1,1)-t"
31046,55.69472992161926,60.65108132933473,True,True,0.0,0.793584371961587,"GJR-GARCH(1,1,1)-t"
31054,10.196819896966156,15.153171304681626,True,True,1.363801351949714e-12,0.9372666389559212,"GJR-GARCH(1,1,1)-t"
31055,8.571332256692823,13.527683664408293,True,False,0.0,1.0,"GJR-GARCH(1,1,1)-t"
31059,7.200419058493273,12.156770466208743,True,True,0.0,0.9410898808322072,"GJR-GARCH(1,1,1)-t"
31060,21.747236768520914,26.703588176236384,True,True,2.3065310632879263e-14,0.9124420188608572,"GJR-GARCH(1,1,1)-t"
31068,-6.735498176773529,-1.779146769058059,True,True,0.7764701499939256,1.0662415687861259e-09,"GJR-GARCH(1,1,1)-t"
31077,5.087113638691726,10.043465046407196,True,True,6.9438966507294294e-15,0.4421436725535416,"GJR-GARCH(1,1,1)-t"
31083,15.47487941849805,20.431230826213522,True,True,2.1499590800306174e-15,0.9803463445941548,"GJR-GARCH(1,1,1)-t"
31097,42.12810223976746,47.08445364748293,True,True,0.5132352682068786,0.20989164489486253,"GJR-GARCH(1,1,1)-t"
31113,4.863109610658823,9.819461018374293,True,True,1.9154090562296045e-15,0.39235225544770097,"GJR-GARCH(1,1,1)-t"
31119,40.21573222504236,45.17208363275783,True,False,7.034020652082883e-16,0.9999999999999972,"GJR-GARCH(1,1,1)-t"
31133,10.918824378327928,15.875175786043398,True,True,1.5766215867823633e-19,0.9212338088084824,"GJR-GARCH(1,1,1)-t"
31138,-10.094979977070054,-5.138628569354584,True,True,3.6588217022871524e-13,0.5539727312234436,"GJR-GARCH(1,1,1)-t"
31144,-9.809058759510656,-4.8527073517951855,True,False,0.9216151030974422,0.46972201384843704,"GJR-GARCH(1,1,1)-t"
31155,25.299597202515773,30.255948610231243,True,True,8.906055840920865e-16,0.7755915999542657,"GJR-GARCH(1,1,1)-t"
31156,-17.260149998116404,-12.303798590400934,True,True,3.956962398055645e-16,0.9354405486350058,"GJR-GARCH(1,1,1)-t"
31157,24.91103042832772,29.867381836043194,True,True,0.12100184072923363,0.010184068619992841,"GJR-GARCH(1,1,1)-t"
31170,65.20615642380818,70.16250783152365,True,True,9.30669279280716e-17,8.577461925766665e-20,"GJR-GARCH(1,1,1)-t"
31173,-10.232788538079888,-5.2764371303644175,True,False,0.7593304514325713,0.6203347742837308,"GJR-GARCH(1,1,1)-t"
31193,-0.4397389783089096,4.51661242940656,True,True,0.015719231717845214,0.9733749293204907,"GJR-GARCH(1,1,1)-t"
31196,0.4181957335769244,5.374547141292394,True,True,0.40920933509598,1.5133159937639485e-12,"GJR-GARCH(1,1,1)-t"
31202,26.691647452858263,31.64799886057373,True,True,2.6230403219106386e-13,0.9394150155640086,"GJR-GARCH(1,1,1)-t"
31209,6.462250528539826,11.418601936255296,True,True,5.222075001790902e-15,0.12485404377298125,"GJR-GARCH(1,1,1)-t"
31236,5.337470659886126,10.293822067601596,True,False,0.0,0.9999999999999909,"GJR-GARCH(1,1,1)-t"
31242,-3.409376528415489,1.546974879299981,True,True,6.8818508966605914e-12,0.8402584550432631,"GJR-GARCH(1,1,1)-t"
31251,0.03782613267900459,4.994177540394475,True,True,4.117655733523767e-15,0.5752909356742892,"GJR-GARCH(1,1,1)-t"
31254,-7.701631462261481,-2.7452800545460114,True,True,0.0,0.3528747634882575,"GJR-GARCH(1,1,1)-t"
31266,10.009177942957955,14.965529350673425,True,True,0.0,0.9528797652949171,"GJR-GARCH(1,1,1)-t"
31267,22.131777257852182,27.088128665567652,True,False,2.4433449318024294e-20,1.0,"GJR-GARCH(1,1,1)-t"
31269,20.131245096540965,25.08759650425644,True,True,0.0,0.5709292309895435,"GJR-GARCH(1,1,1)-t"
31279,-1.0272641600002874,3.9290872477151826,True,True,5.570282450980989e-12,0.9844079745557617,"GJR-GARCH(1,1,1)-t"
31298,41.0379562085692,45.99430761628467,True,True,6.628550112439209e-14,0.1763787866233953,"GJR-GARCH(1,1,1)-t"
31302,4.428322723003472,9.384674130718942,True,True,6.179295984124e-14,0.9299538955389588,"GJR-GARCH(1,1,1)-t"
31303,18.668167371672773,23.624518779388243,True,False,0.0,1.0,"GJR-GARCH(1,1,1)-t"
31306,-12.636609680799051,-7.680258273083581,True,False,1.287104524020004e-12,1.0,"GJR-GARCH(1,1,1)-t"
31320,9.694254170694114,14.650605578409584,True,True,0.0,0.9030904683580397,"GJR-GARCH(1,1,1)-t"
31322,5.360289633461097,10.316641041176567,True,True,0.0,0.0,"GJR-GARCH(1,1,1)-t"
31324,-3.7022473157100784,1.2541040920053916,True,True,8.943448779881745e-16,0.007981668828361817,"GJR-GARCH(1,1,1)-t"
31327,1.2800810344519604,6.23643244216743,True,True,2.2289577010051832e-14,0.8709372708285679,"GJR-GARCH(1,1,1)-t"
31331,8.302530655384624,13.258882063100094,True,True,1.6394010023563472e-15,2.405400618981399e-19,"GJR-GARCH(1,1,1)-t"
31337,13.229508323245671,18.18585973096114,True,True,4.1926110188844365e-19,0.27583225831815117,"GJR-GARCH(1,1,1)-t"
31338,34.091804187779715,39.04815559549518,True,True,9.168756354367973e-14,0.4086593019544893,"GJR-GARCH(1,1,1)-t"
31345,-5.595483274909103,-0.6391318671936332,True,True,0.43848089711446386,0.49928276629701973,"GJR-GARCH(1,1,1)-t"
31347,15.823805140904653,20.780156548620123,True,True,1.6487284572823317e-14,9.050666290638798e-16,"GJR-GARCH(1,1,1)-t"
31348,40.46358967804058,45.41994108575605,True,True,6.102112385367268e-16,0.705204101827456,"GJR-GARCH(1,1,1)-t"
31351,7.053174713567312,12.009526121282782,True,False,9.538430583380264e-11,0.9999999941651171,"GJR-GARCH(1,1,1)-t"
31359,5.9156249792425175,10.871976386957988,True,False,4.908109752587768e-16,0.9999999999999952,"GJR-GARCH(1,1,1)-t"
31380,-16.506370330408444,-11.550018922692974,True,True,0.0,0.35166216362380265,"GJR-GARCH(1,1,1)-t"
31389,-4.544558608940598,0.4117927987748722,True,False,0.0,1.0,"GJR-GARCH(1,1,1)-t"
31394,31.5023743526786,36.458725760394074,True,False,0.0,0.9999999999996599,"GJR-GARCH(1,1,1)-t"
31402,-4.170556814758818,0.7857945929566519,True,False,0.7061344499502077,0.5225428582511481,"GJR-GARCH(1,1,1)-t"
31404,34.75291743668274,39.70926884439821,True,True,0.0,0.7958841991789037,"GJR-GARCH(1,1,1)-t"
31406,19.093270261581523,24.049621669296993,True,False,0.0,1.0,"GJR-GARCH(1,1,1)-t"
31412,8.19932772278429,13.15567913049976,True,False,0.0,1.0,"GJR-GARCH(1,1,1)-t"
31415,13.218186500698842,18.17453790841431,True,True,0.5484512381505297,2.958595125589899e-14,"GJR-GARCH(1,1,1)-t"
31433,-4.385384363147548,0.5709670445679222,True,False,9.286497146135921e-16,0.9999999999999998,"GJR-GARCH(1,1,1)-t"
31434,0.30578360348664546,5.2621350112021155,True,True,0.0,0.5011859110367872,"GJR-GARCH(1,1,1)-t"
31439,-10.927633433353112,-5.971282025637642,True,True,1.523906708001673e-14,0.6280145146988209,"GJR-GARCH(1,1,1)-t"
31443,9.663595935637119,14.619947343352589,True,True,0.0,0.22504569629607163,"GJR-GARCH(1,1,1)-t"
31456,0.6547863857720007,5.611137793487471,True,True,0.0,0.0,"GJR-GARCH(1,1,1)-t"
31462,2.7773038020869034,7.733655209802373,True,True,0.1804410016042038,0.0,"GJR-GARCH(1,1,1)-t"
31463,-1.9160819778656695,3.0402694298498005,True,True,2.3622382748245504e-14,0.604820684069999,"GJR-GARCH(1,1,1)-t"
31471,0.49840418096619565,5.454755588681666,True,True,0.0,0.9534312105693059,"GJR-GARCH(1,1,1)-t"
31482,31.84118050863748,36.79753191635295,True,True,0.0,0.6144667583002168,"GJR-GARCH(1,1,1)-t"
31497,-5.914901172923777,-0.958549765208307,True,False,0.0,1.0,"GJR-GARCH(1,1,1)-t"
31522,11.403241289509609,16.35959269722508,True,False,0.0,0.9999999999458855,"GJR-GARCH(1,1,1)-t"
31527,37.47046644104188,42.42681784875735,True,True,3.657210788793045e-14,0.9145753246909057,"GJR-GARCH(1,1,1)-t"
31528,36.86470164014794,41.82105304786341,True,True,0.0,0.4851468422465693,"GJR-GARCH(1,1,1)-t"
31554,-4.589724382533944,0.36662702518152557,True,False,0.0,1.0,"GJR-GARCH(1,1,1)-t"
31572,16.321381078032488,21.277732485747954,True,True,1.9843435888123707e-15,0.8816822619050093,"GJR-GARCH(1,1,1)-t"
31587,2.5202068311556935,7.4765582388711636,True,True,6.286622646913699e-11,2.956590998651919e-11,"GJR-GARCH(1,1,1)-t"
31595,8.999095944250817,13.955447351966287,True,True,4.8716863721207375e-17,0.5329379186333998,"GJR-GARCH(1,1,1)-t"
31601,19.656264201010117,24.61261560872559,True,True,4.501983638335221e-13,0.968306369908057,"GJR-GARCH(1,1,1)-t"
31609,24.10885383926112,29.06520524697659,True,True,1.9283999560538763e-16,0.8013772248972457,"GJR-GARCH(1,1,1)-t"
31616,33.29219777166328,38.248549179378756,True,True,4.119002396190852e-15,0.9852315237657201,"GJR-GARCH(1,1,1)-t"
31627,13.103085166855214,18.059436574570682,True,True,0.0,0.9574712758248831,"GJR-GARCH(1,1,1)-t"
31653,-16.062854047166372,-11.106502639450902,True,True,2.9708037540067554e-08,0.9691449093815998,"GJR-GARCH(1,1,1)-t"
31656,14.278707491592305,19.235058899307774,True,True,7.850735283609563e-16,0.2858495938461019,"GJR-GARCH(1,1,1)-t"
31671,-0.40166658331546046,4.5546848244000095,True,True,4.542094027089991e-15,0.48311645844346207,"GJR-GARCH(1,1,1)-t"
31689,10.781293296659157,15.737644704374627,True,True,0.0,0.8721619734827419,"GJR-GARCH(1,1,1)-t"
31701,11.154192521092131,16.1105439288076,True,True,0.1509020283324822,6.414481471951767e-17,"GJR-GARCH(1,1,1)-t"
31714,3.5600249973929756,8.516376405108446,True,True,0.4961830591760662,8.452784875126766e-19,"GJR-GARCH(1,1,1)-t"
31719,6.557473093894519,11.513824501609989,True,True,1.2530814165185655e-15,0.9149707505280273,"GJR-GARCH(1,1,1)-t"
31733,-8.414199133295117,-3.457847725579647,True,False,0.8881273034637628,0.5559363482681493,"GJR-GARCH(1,1,1)-t"
31736,28.892243548900638,33.84859495661611,True,True,2.1108429834251553e-20,0.9800205098382296,"GJR-GARCH(1,1,1)-t"
31750,0.35230189282955315,5.308653300545023,True,False,3.228159725332263e-15,0.9999999999999856,"GJR-GARCH(1,1,1)-t"
31819,0.4904029716620091,5.446754379377479,True,True,0.0,0.8726112131721244,"GJR-GARCH(1,1,1)-t"
31836,3.969995507109145,8.926346914824615,True,True,7.642704981160284e-19,0.6644344557728153,"GJR-GARCH(1,1,1)-t"
31854,22.640875202223725,27.597226609939195,True,True,9.135347941076451e-13,0.9521289242614852,"GJR-GARCH(1,1,1)-t"
31861,2.3743258657801753,7.330677273495645,True,True,3.6289370304309e-13,0.9667160427512727,"GJR-GARCH(1,1,1)-t"
31864,41.31011699144646,46.26646839916194,True,True,9.23945105940032e-14,0.7633333367899604,"GJR-GARCH(1,1,1)-t"
31874,1.4119264010317512,6.368277808747221,True,False,0.0,1.0,"GJR-GARCH(1,1,1)-t"
31883,7.588646613752971,12.544998021468441,True,True,0.26260858951680277,0.23413351325888557,"GJR-GARCH(1,1,1)-t"
31914,44.24869938177618,49.20505078949165,True,True,0.3442514467094552,8.177633801837012e-15,"GJR-GARCH(1,1,1)-t"
31934,2.2794287005313763,7.235780108246846,True,True,0.08450179694502856,0.32037144552150054,"GJR-GARCH(1,1,1)-t"
31941,59.89019293340929,64.84654434112475,True,True,4.123203054026402e-13,0.8946419352286755,"GJR-GARCH(1,1,1)-t"
31944,-9.570376286842269,-4.614024879126799,True,True,1.472459098555715e-11,0.9939758146678387,"GJR-GARCH(1,1,1)-t"
31949,25.521695919339386,30.478047327054853,True,True,3.462373317396432e-16,0.9786564947452124,"GJR-GARCH(1,1,1)-t"
31970,-0.7312265180366264,4.225124889678844,True,False,0.0,0.9999999999999711,"GJR-GARCH(1,1,1)-t"
31984,3.1979211074670637,8.154272515182534,True,True,4.957880641085362e-16,0.9474137287713154,"GJR-GARCH(1,1,1)-t"
32009,42.04798077765791,47.00433218537338,True,False,1.2018193161100653e-15,1.0,"GJR-GARCH(1,1,1)-t"
32012,-4.214880499190869,0.741470908524601,True,True,0.0,0.0,"GJR-GARCH(1,1,1)-t"
32017,-11.185338008456082,-6.228986600740612,True,False,0.0,1.0,"GJR-GARCH(1,1,1)-t"
32033,24.271255397572396,29.227606805287863,True,True,0.8519680930539936,0.0,"GJR-GARCH(1,1,1)-t"
32038,1.7318276253981555,6.6881790331136255,True,True,0.3192141467388698,1.7501955437579172e-17,"GJR-GARCH(1,1,1)-t"
32046,-9.753864071686802,-4.797512663971332,True,True,0.0,0.8974489890046695,"GJR-GARCH(1,1,1)-t"
32048,-2.172994215846792,2.783357191868678,True,False,0.9999999999996604,2.6757152721493928e-17,"GJR-GARCH(1,1,1)-t"
32053,3.0410995969706995,7.9974510046861695,True,True,3.485792674555872e-14,0.9560311515686037,"GJR-GARCH(1,1,1)-t"
32081,-9.677866127400904,-4.721514719685434,True,False,0.0,1.0,"GJR-GARCH(1,1,1)-t"
32082,-4.013996350246693,0.9423550574687773,True,True,0.04256202305387394,7.789035193231383e-15,"GJR-GARCH(1,1,1)-t"
32083,8.722383040636048,13.678734448351518,True,True,0.21893266114463478,2.920361362800196e-07,"GJR-GARCH(1,1,1)-t"
32108,-0.4529413156846651,4.503410092030805,True,True,1.323900368833749e-13,0.9583556990600968,"GJR-GARCH(1,1,1)-t"
32109,45.11025765185762,50.066609059573096,True,True,0.19722813163703157,8.330478218104868e-14,"GJR-GARCH(1,1,1)-t"
32119,14.019287932785552,18.975639340501022,True,True,0.0,0.7665410561269193,"GJR-GARCH(1,1,1)-t"
32126,-9.3104059487422,-4.354054541026731,True,True,0.1597393467081876,9.141037866721455e-14,"GJR-GARCH(1,1,1)-t"
32131,1.8390239219829585,6.7953753296984285,True,True,2.73301137081751e-20,0.4945658182778161,"GJR-GARCH(1,1,1)-t"
32134,33.117826044063925,38.07417745177939,True,True,4.0629859716852804e-14,5.577400874325237e-14,"GJR-GARCH(1,1,1)-t"
32155,7.747139337979219,12.703490745694689,True,True,0.0,4.374574618782894e-14,"GJR-GARCH(1,1,1)-t"
32173,53.31122796567759,58.26757937339306,True,True,1.2493954707030944e-10,0.8223400459887948,"GJR-GARCH(1,1,1)-t"
32174,-13.938046507210988,-8.981695099495518,True,True,1.6373223292430625e-14,1.141117188410718e-13,"GJR-GARCH(1,1,1)-t"
32175,0.3511075956571652,5.307459003372635,True,False,0.9999999999999997,0.3019464808359756,"GJR-GARCH(1,1,1)-t"
32182,10.759468942186853,15.715820349902323,True,True,0.0,0.05954514611497076,"GJR-GARCH(1,1,1)-t"
32186,47.375769767683444,52.33212117539891,True,True,3.6078968133634454e-13,0.9873172376337886,"GJR-GARCH(1,1,1)-t"
32195,-1.6472359887535628,3.309115418961907,True,False,2.0938969030980496e-19,1.0,"GJR-GARCH(1,1,1)-t"
32200,58.01520088631154,62.971552294027006,True,False,1.0,0.020808080064020996,"GJR-GARCH(1,1,1)-t"
32205,9.215385445152004,14.171736852867474,True,True,0.0,0.9548304912682157,"GJR-GARCH(1,1,1)-t"
32209,24.59753810413524,29.55388951185071,True,False,6.413841065844833e-12,1.0,"GJR-GARCH(1,1,1)-t"
32219,43.47477634647899,48.43112775419446,True,False,0.4675604781640969,0.766219760917004,"GJR-GARCH(1,1,1)-t"
32235,22.13361836666761,27.08996977438308,True,True,4.606914046240171e-16,2.573194007932551e-15,"GJR-GARCH(1,1,1)-t"
32240,4.230269286386504,9.186620694101974,True,False,0.9999999999999196,7.430310515540417e-13,"GJR-GARCH(1,1,1)-t"
32245,9.926527512967194,14.882878920682664,True,True,1.0331651220413031e-14,0.3112722549853282,"GJR-GARCH(1,1,1)-t"
32247,22.87336007774035,27.829711485455817,True,True,1.7545457786518579e-16,0.5174959387252368,"GJR-GARCH(1,1,1)-t"
32249,-4.266732151042429,0.6896192566730406,True,True,2.271199991576127e-12,0.9912377373148159,"GJR-GARCH(1,1,1)-t"
32254,61.92294109125583,66.8792924989713,True,False,0.9999999999999999,0.18300168987469922,"GJR-GARCH(1,1,1)-t"
32255,41.99329823457137,46.949649642286836,True,True,0.0,0.8019712874981869,"GJR-GARCH(1,1,1)-t"
32277,5.754609452123665,10.710960859839135,True,True,3.0180730636428655e-14,0.6629803439996006,"GJR-GARCH(1,1,1)-t"
32280,2.532537955474991,7.488889363190461,True,False,0.999999999999997,0.4379913562638643,"GJR-GARCH(1,1,1)-t"
32299,0.18896352828034857,5.145314935995819,True,True,0.5181788637856847,0.0,"GJR-GARCH(1,1,1)-t"
32322,-1.1768916766756838,3.779459731039786,True,True,0.7717188469771059,1.254949187336908e-17,"GJR-GARCH(1,1,1)-t"
32328,-21.64909057654961,-16.69273916883414,True,True,0.0,0.4775430328741443,"GJR-GARCH(1,1,1)-t"
32330,-7.125861808806402,-2.169510401090932,True,True,3.232432030129459e-17,0.9852501245549102,"GJR-GARCH(1,1,1)-t"
32342,24.163259068348655,29.119610476064125,True,True,0.0,0.49321273505036206,"GJR-GARCH(1,1,1)-t"
32352,7.492820210934285,12.449171618649755,True,True,0.0,0.9039700807784526,"GJR-GARCH(1,1,1)-t"
32361,-0.7451323628251725,4.2112190448902975,True,True,7.780638198635803e-11,2.64786750221775e-08,"GJR-GARCH(1,1,1)-t"
32374,-1.1469249026789967,3.8094265050364733,True,True,2.2495772626472436e-16,0.7513073772937727,"GJR-GARCH(1,1,1)-t"
32376,-4.998084116652834,-0.04173270893736358,True,True,1.0537583265026647e-21,1.9443687477180576e-14,"GJR-GARCH(1,1,1)-t"
32433,7.765586125788657,12.721937533504127,True,False,0.0,1.0,"GJR-GARCH(1,1,1)-t"
32452,1.2646920030761457,6.221043410791616,True,True,0.23560973794418585,0.0,"GJR-GARCH(1,1,1)-t"
32461,22.713605395117042,27.66995680283251,True,False,1.0,0.009627921632822698,"GJR-GARCH(1,1,1)-t"
32463,37.69458330636309,42.65093471407856,True,True,0.053733747427576556,8.734112952940945e-15,"GJR-GARCH(1,1,1)-t"
32466,24.363431323377554,29.319782731093028,True,False,6.472645892193532e-10,1.0,"GJR-GARCH(1,1,1)-t"
32470,21.43419057540119,26.390541983116655,True,True,0.0,0.6861700543474553,"GJR-GARCH(1,1,1)-t"
32473,14.330211324435748,19.286562732151218,True,True,1.136974007438685e-13,0.9495680532528921,"GJR-GARCH(1,1,1)-t"
32474,11.008682757623955,15.965034165339425,True,True,0.2016133332242911,4.316225970994044e-20,"GJR-GARCH(1,1,1)-t"
32534,19.847222671480914,24.80357407919638,True,True,4.416796285304347e-14,0.8345129362833213,"GJR-GARCH(1,1,1)-t"
32547,2.6010546694574543,7.557406077172924,True,True,7.659616424439781e-16,0.27093537189357814,"GJR-GARCH(1,1,1)-t"
32590,-4.779574342575959,0.17677706513951108,True,True,0.20148871620877737,0.45017954208937444,"GJR-GARCH(1,1,1)-t"
32596,14.823643490834426,19.779994898549894,True,True,0.0,0.6333998900194776,"GJR-GARCH(1,1,1)-t"
32597,-12.510520323019975,-7.554168915304505,True,True,1.3982568111431787e-07,0.9434463055688738,"GJR-GARCH(1,1,1)-t"
32611,18.42986520800318,23.38621661571865,True,False,2.549326773594519e-15,0.9999999999999982,"GJR-GARCH(1,1,1)-t"
32614,-2.1201966057926924,2.8361548019227776,True,True,0.0,0.508718097673458,"GJR-GARCH(1,1,1)-t"
32631,-11.441844715351607,-6.485493307636137,True,False,0.9999999997285589,1.436986934012082e-11,"GJR-GARCH(1,1,1)-t"
32635,12.631433240861245,17.587784648576715,True,True,0.017318699012896784,0.43161235180166346,"GJR-GARCH(1,1,1)-t"
32639,93.55922022876663,98.51557163648211,True,True,0.32051158217168463,4.508684549002183e-21,"GJR-GARCH(1,1,1)-t"
32646,26.498574830242724,31.454926237958194,True,True,1.2232753500857388e-18,0.2907459553058179,"GJR-GARCH(1,1,1)-t"
32649,52.26150782076517,57.217859228480634,True,True,0.0,0.7689270941717735,"GJR-GARCH(1,1,1)-t"
32653,-14.108003292396848,-9.151651884681378,True,True,0.0,0.4613406798443655,"GJR-GARCH(1,1,1)-t"
32654,-2.0343769016614957,2.9219745060539744,True,True,7.532048475095282e-16,0.8594216403348724,"GJR-GARCH(1,1,1)-t"
32662,-1.1899758713156583,3.7663755363998117,True,False,0.0,1.0,"GJR-GARCH(1,1,1)-t"
32676,-0.061743917921678104,4.894607489793792,True,True,0.0,0.9083528801805126,"GJR-GARCH(1,1,1)-t"
32680,19.925467310130443,24.881818717845913,True,False,1.6258312828973025e-16,1.0,"GJR-GARCH(1,1,1)-t"
32686,6.428140360942885,11.384491768658355,True,True,3.183884655031619e-16,0.9405227895061301,"GJR-GARCH(1,1,1)-t"
32690,8.342408277198043,13.298759684913513,True,True,0.21625740048693695,2.4018004721184946e-16,"GJR-GARCH(1,1,1)-t"
32692,-5.18650857112884,-0.2301571634133701,True,True,1.0025473227575099e-06,0.9285035220371517,"GJR-GARCH(1,1,1)-t"
32693,-11.86505494579351,-6.90870353807804,True,True,6.16278127973811e-18,2.749310946850585e-17,"GJR-GARCH(1,1,1)-t"
32704,9.154961269488208,14.111312677203678,True,True,0.0,0.4365874360966435,"GJR-GARCH(1,1,1)-t"
32709,8.990433983907405,13.946785391622875,True,True,0.7193593955589213,4.524926839148567e-21,"GJR-GARCH(1,1,1)-t"
32712,19.287054179149834,24.243405586865308,True,True,0.799200559175564,0.0,"GJR-GARCH(1,1,1)-t"
32724,13.13459545995158,18.09094686766705,True,False,0.9999999999999996,2.4900737014847596e-16,"GJR-GARCH(1,1,1)-t"
32736,19.080032406294706,24.036383814010176,True,True,0.6350360120982846,0.0,"GJR-GARCH(1,1,1)-t"
32739,8.753278242112396,13.709629649827866,True,True,0.0,0.48740934073818,"GJR-GARCH(1,1,1)-t"
32746,21.95022245421163,26.9065738619271,True,False,1.0,0.2732949268129802,"GJR-GARCH(1,1,1)-t"
32748,8.306036439537683,13.262387847253153,True,True,2.2240306668651688e-15,1.699896256522374e-13,"GJR-GARCH(1,1,1)-t"
32750,4.121786934167886,9.078138341883356,True,False,5.076472614083299e-20,1.0,"GJR-GARCH(1,1,1)-t"
32751,-10.080454359975239,-5.1241029522597685,True,True,6.104346205819441e-17,1.0417165125166325e-15,"GJR-GARCH(1,1,1)-t"
32753,21.212535218759555,26.168886626475025,True,True,0.0,5.947703499638539e-16,"GJR-GARCH(1,1,1)-t"
32758,12.729702840215412,17.686054247930883,True,True,0.6530352597020069,0.0,"GJR-GARCH(1,1,1)-t"
32763,10.309811064582796,15.266162472298266,True,True,1.027186112190644e-10,0.2647167586311593,"GJR-GARCH(1,1,1)-t"
32767,-17.310004302453898,-12.353652894738428,True,False,1.0,0.4227112856060222,"GJR-GARCH(1,1,1)-t"
