time_id,AIC,BIC,converged,stationary,alpha,beta,model
5,17.292342140209556,22.248693547925026,True,False,0.0,1.0,"GJR-GARCH(1,1,1)-t"
11,10.378271221849172,15.334622629564642,True,True,1.608993879262249e-19,0.05001207965111538,"GJR-GARCH(1,1,1)-t"
16,5.944784420473884,10.901135828189354,True,True,1.1940554240991653e-17,0.9668872689092375,"GJR-GARCH(1,1,1)-t"
31,3.6735206098053634,8.629872017520833,True,True,0.0,0.9679221691282692,"GJR-GARCH(1,1,1)-t"
62,4.113112760653122,9.069464168368592,True,True,1.53602321448918e-18,0.9829084191295863,"GJR-GARCH(1,1,1)-t"
72,42.758938765946084,47.71529017366155,True,False,0.0,0.9999999999999998,"GJR-GARCH(1,1,1)-t"
97,15.23684382162721,20.19319522934268,True,True,0.908693048085783,3.8010817139035845e-11,"GJR-GARCH(1,1,1)-t"
103,28.14920598538228,33.105557393097754,True,True,1.0897293615127452e-13,1.0209400948019067e-12,"GJR-GARCH(1,1,1)-t"
109,17.19463428575841,22.15098569347388,True,True,0.010583237830412862,7.0137338460646295e-19,"GJR-GARCH(1,1,1)-t"
123,1.615853146443067,6.572204554158537,True,True,0.0,0.9923581247707772,"GJR-GARCH(1,1,1)-t"
128,13.833473455712301,18.78982486342777,True,True,1.5081008570914808e-20,0.049811683248636725,"GJR-GARCH(1,1,1)-t"
146,35.17161519260767,40.127966600323134,True,True,0.30383872497656533,0.2657284345306342,"GJR-GARCH(1,1,1)-t"
147,-6.686137606815599,-1.729786199100129,True,True,0.46395572729423323,0.0,"GJR-GARCH(1,1,1)-t"
152,16.85324774908389,21.80959915679936,True,True,1.746440969005232e-24,0.7821644043093054,"GJR-GARCH(1,1,1)-t"
157,40.049351754059415,45.00570316177489,True,False,2.673827197749831e-13,0.9999999999972051,"GJR-GARCH(1,1,1)-t"
159,2.0088919033626187,6.965243311078089,True,True,3.4261474357903885e-16,0.0,"GJR-GARCH(1,1,1)-t"
169,17.054134365399136,22.010485773114606,True,False,1.0,0.42933606141807484,"GJR-GARCH(1,1,1)-t"
207,45.189923992920846,50.14627540063631,True,True,7.52505264154438e-17,3.655479819124851e-17,"GJR-GARCH(1,1,1)-t"
211,16.684813842875492,21.641165250590962,True,True,0.0,0.7133565904337719,"GJR-GARCH(1,1,1)-t"
213,5.418079821415411,10.374431229130881,True,True,1.2321351291809896e-15,0.6656706411076716,"GJR-GARCH(1,1,1)-t"
218,6.598420448272867,11.554771855988337,True,True,0.20191230332628549,0.09367455189762428,"GJR-GARCH(1,1,1)-t"
227,13.518720608570947,18.475072016286415,True,True,1.8956871859916e-13,0.9757637103583647,"GJR-GARCH(1,1,1)-t"
229,-11.715350616927562,-6.758999209212092,True,True,0.21726493719017426,3.07649009274882e-12,"GJR-GARCH(1,1,1)-t"
232,7.1468338648253855,12.103185272540856,True,True,0.0,0.818730925703392,"GJR-GARCH(1,1,1)-t"
250,-6.229536778236007,-1.2731853705205367,True,True,0.013496122078334222,0.9614748582786421,"GJR-GARCH(1,1,1)-t"
254,45.004349346283306,49.96070075399878,True,True,7.898102471147055e-13,1.1737028568529906e-11,"GJR-GARCH(1,1,1)-t"
256,7.606968809613903,12.563320217329373,True,False,0.999999999999998,0.4525891866929127,"GJR-GARCH(1,1,1)-t"
266,18.3906360173781,23.34698742509357,True,True,2.8749313515936724e-14,0.6659874968559734,"GJR-GARCH(1,1,1)-t"
273,2.0932306620175076,7.049582069732978,True,True,2.700922821998901e-14,0.9754877024601049,"GJR-GARCH(1,1,1)-t"
289,36.46451251811473,41.420863925830204,True,True,7.948410141706116e-15,0.7864575006149306,"GJR-GARCH(1,1,1)-t"
297,0.6571453620837584,5.613496769799228,True,True,0.24882042140088148,7.448470093480943e-16,"GJR-GARCH(1,1,1)-t"
303,23.769179090146462,28.725530497861932,True,True,2.824939872052246e-17,0.8060552719989592,"GJR-GARCH(1,1,1)-t"
309,7.491818793152328,12.448170200867798,True,False,1.0,0.08086084315852643,"GJR-GARCH(1,1,1)-t"
310,51.7723163071034,56.72866771481887,True,True,0.0,0.7469274489887273,"GJR-GARCH(1,1,1)-t"
317,9.785108232814084,14.741459640529554,True,True,1.4363301239820418e-19,0.932701491650688,"GJR-GARCH(1,1,1)-t"
319,6.671968554974285,11.628319962689755,True,True,1.8036518314806648e-15,0.7725661509491665,"GJR-GARCH(1,1,1)-t"
325,14.07160326410026,19.02795467181573,True,True,0.0,0.9870432307168991,"GJR-GARCH(1,1,1)-t"
326,35.87083511089158,40.82718651860705,True,True,3.4480570623101197e-13,2.0252304535404575e-12,"GJR-GARCH(1,1,1)-t"
335,11.294847071927556,16.251198479643026,True,False,6.623862055425026e-13,0.9999999999934122,"GJR-GARCH(1,1,1)-t"
337,15.93749823569752,20.89384964341299,True,False,1.3609539343145673e-16,1.0,"GJR-GARCH(1,1,1)-t"
358,43.67409076633405,48.63044217404952,True,True,0.0,0.8033359070260192,"GJR-GARCH(1,1,1)-t"
371,15.924621808282216,20.880973215997688,True,True,5.5193168479767476e-14,0.8329334046301233,"GJR-GARCH(1,1,1)-t"
373,-0.28095868932304136,4.675392718392429,True,True,7.547328261217508e-20,0.9280716030907807,"GJR-GARCH(1,1,1)-t"
380,10.492902135441721,15.449253543157191,True,False,2.282751813802032e-13,0.999999999996832,"GJR-GARCH(1,1,1)-t"
381,-0.6848849083583488,4.271466499357121,True,False,1.0,0.08333197556372954,"GJR-GARCH(1,1,1)-t"
411,9.303180498695308,14.259531906410778,True,True,2.6647018872477693e-17,8.175737428885417e-13,"GJR-GARCH(1,1,1)-t"
420,32.03814279797366,36.99449420568913,True,True,5.581308679364455e-13,0.7179466772044851,"GJR-GARCH(1,1,1)-t"
424,11.585273389061069,16.54162479677654,True,True,1.990997617134821e-11,2.7513760676866196e-14,"GJR-GARCH(1,1,1)-t"
427,53.51183175506719,58.468183162782665,True,False,7.048934874539882e-15,0.9999999999999748,"GJR-GARCH(1,1,1)-t"
436,3.9490994692624284,8.905450876977898,True,True,0.5210168807419114,1.49349376289287e-15,"GJR-GARCH(1,1,1)-t"
438,-0.4724092346829707,4.483942173032499,True,False,8.639713267641304e-16,0.9999999999999991,"GJR-GARCH(1,1,1)-t"
454,4.199405346215638,9.155756753931108,True,True,5.273622269856652e-15,0.03247586354188698,"GJR-GARCH(1,1,1)-t"
465,-6.895051144969095,-1.938699737253625,True,False,0.0,0.9999999999999987,"GJR-GARCH(1,1,1)-t"
468,-24.869824453440536,-19.913473045725066,True,False,2.64465802161896e-14,1.0,"GJR-GARCH(1,1,1)-t"
487,40.074828574070544,45.03117998178601,True,True,9.105455422666227e-14,0.7427563694394412,"GJR-GARCH(1,1,1)-t"
493,11.281847128419434,16.238198536134902,True,True,0.0,0.0,"GJR-GARCH(1,1,1)-t"
506,7.95474008014475,12.911091487860219,True,True,0.0,0.26237377221570135,"GJR-GARCH(1,1,1)-t"
535,-14.546998122562268,-9.590646714846798,True,True,0.0,0.0,"GJR-GARCH(1,1,1)-t"
536,35.53201577572881,40.48836718344428,True,True,2.4509268888799403e-14,0.8972712926546145,"GJR-GARCH(1,1,1)-t"
539,15.582286478519254,20.538637886234724,True,True,6.264763593652286e-15,1.1657406653588961e-14,"GJR-GARCH(1,1,1)-t"
545,-11.320046674577608,-6.363695266862138,True,True,2.750798475611189e-22,1.8987675803225973e-14,"GJR-GARCH(1,1,1)-t"
554,-9.253985032169588,-4.297633624454118,True,True,2.8409991741021398e-15,0.3650403320855883,"GJR-GARCH(1,1,1)-t"
568,0.5776356526829431,5.533987060398413,True,True,2.9557731108544974e-11,0.6865219273173678,"GJR-GARCH(1,1,1)-t"
579,37.80350459757968,42.75985600529515,True,True,2.3843231726371433e-20,0.9921004500732842,"GJR-GARCH(1,1,1)-t"
589,40.50205854900892,45.458409956724395,True,True,0.1420310542932689,6.827866388510595e-12,"GJR-GARCH(1,1,1)-t"
591,12.630322618904593,17.586674026620063,True,False,2.5607025955948598e-15,0.999999999999997,"GJR-GARCH(1,1,1)-t"
595,-6.633384407737527,-1.6770330000220568,True,True,0.6921404447789861,0.09713597776352563,"GJR-GARCH(1,1,1)-t"
611,6.690043246631296,11.646394654346766,True,True,0.0,0.7519850302457028,"GJR-GARCH(1,1,1)-t"
618,27.675188723569164,32.63154013128464,True,True,0.30779673719034417,2.8726459572006673e-15,"GJR-GARCH(1,1,1)-t"
627,-1.9126059358530973,3.0437454718623727,True,True,0.0,0.0,"GJR-GARCH(1,1,1)-t"
633,9.333339241257661,14.289690648973131,True,False,0.46057352494905973,0.769713237527847,"GJR-GARCH(1,1,1)-t"
640,37.209335558004696,42.16568696572017,True,False,0.9999999999999954,0.06922729162499065,"GJR-GARCH(1,1,1)-t"
646,-12.002961247247068,-7.046609839531598,True,False,0.0,1.0,"GJR-GARCH(1,1,1)-t"
650,-4.971370027076706,-0.015018619361235608,True,False,3.5977494649935383e-16,0.9999999999999993,"GJR-GARCH(1,1,1)-t"
652,-6.359347455844109,-1.4029960481286388,True,True,0.805966301944289,2.5516013919041185e-17,"GJR-GARCH(1,1,1)-t"
659,21.897560772851996,26.853912180567466,True,False,0.9999999999979866,5.82310126109239e-13,"GJR-GARCH(1,1,1)-t"
675,19.111160773964475,24.067512181679945,True,False,1.7622170761623116e-13,0.9999999999977206,"GJR-GARCH(1,1,1)-t"
697,13.147759575144741,18.10411098286021,True,False,0.9999999999999999,0.1771315117075296,"GJR-GARCH(1,1,1)-t"
709,66.43061739487172,71.38696880258719,True,True,0.39363548314601626,7.668555295360711e-22,"GJR-GARCH(1,1,1)-t"
725,31.365050620321096,36.321402028036566,True,True,0.12645917090215955,0.0,"GJR-GARCH(1,1,1)-t"
728,24.648221743242797,29.604573150958267,True,True,1.4402186029085709e-21,0.7620714528130006,"GJR-GARCH(1,1,1)-t"
735,28.91479031401456,33.87114172173003,True,True,3.7040205996031474e-15,0.7686683135251694,"GJR-GARCH(1,1,1)-t"
745,15.722356684248748,20.678708091964218,True,True,0.0,0.4038475982206177,"GJR-GARCH(1,1,1)-t"
746,15.541063340305676,20.497414748021146,True,True,0.8437396771253455,2.170846885153684e-14,"GJR-GARCH(1,1,1)-t"
748,25.79494459245049,30.75129600016596,True,False,5.578935513386348e-11,1.0,"GJR-GARCH(1,1,1)-t"
753,20.691916534749495,25.64826794246497,True,True,0.0,0.9625846320041831,"GJR-GARCH(1,1,1)-t"
785,55.29433213114054,60.25068353885601,True,True,0.0,0.6013080449215206,"GJR-GARCH(1,1,1)-t"
817,9.813452827313148,14.769804235028618,True,False,1.0,0.0,"GJR-GARCH(1,1,1)-t"
840,10.576309179584863,15.532660587300333,True,True,0.08175403463155888,0.0,"GJR-GARCH(1,1,1)-t"
841,19.655775804208133,24.612127211923603,True,True,5.503533060140859e-15,0.7019924549163299,"GJR-GARCH(1,1,1)-t"
852,20.799975407452337,25.756326815167807,True,False,1.0,0.0,"GJR-GARCH(1,1,1)-t"
854,26.08989470983287,31.04624611754834,True,False,0.6352592672230816,0.5726208109669371,"GJR-GARCH(1,1,1)-t"
868,43.36475095774271,48.321102365458174,True,True,1.3397306477386914e-15,0.20346537144728194,"GJR-GARCH(1,1,1)-t"
886,47.31178444796828,52.26813585568375,True,True,5.2757918771349265e-18,0.301990691593221,"GJR-GARCH(1,1,1)-t"
895,13.879218402114695,18.835569809830165,True,True,0.8940001992190889,0.0,"GJR-GARCH(1,1,1)-t"
904,43.45424677505919,48.41059818277466,True,True,0.0,0.8983052472475975,"GJR-GARCH(1,1,1)-t"
908,7.801785290709491,12.758136698424961,True,False,0.09536334127701433,0.9523183293627735,"GJR-GARCH(1,1,1)-t"
947,12.075350462769435,17.031701870484905,True,False,7.234217524285566e-15,0.9999999999999541,"GJR-GARCH(1,1,1)-t"
951,10.411018043545933,15.367369451261403,True,False,0.9999999999999941,0.2743783009220106,"GJR-GARCH(1,1,1)-t"
957,14.34151609806833,19.2978675057838,True,True,0.697935781704259,0.05260340203032597,"GJR-GARCH(1,1,1)-t"
969,35.34620911180179,40.30256051951726,True,False,1.0,0.5000000000000153,"GJR-GARCH(1,1,1)-t"
985,10.15741514473035,15.11376655244582,True,True,0.26417956769675,0.009928426636145717,"GJR-GARCH(1,1,1)-t"
991,18.348179436236023,23.304530843951493,True,False,0.9999999999999999,3.4167481951633516e-17,"GJR-GARCH(1,1,1)-t"
1000,13.743996284526355,18.700347692241827,True,True,2.412809506807721e-14,0.877172134472152,"GJR-GARCH(1,1,1)-t"
1011,5.7417373891490655,10.698088796864536,True,True,0.8616693030242832,2.292053396492919e-14,"GJR-GARCH(1,1,1)-t"
1016,-12.403468446649008,-7.447117038933538,True,False,0.9999999874052384,5.167901060696846e-09,"GJR-GARCH(1,1,1)-t"
1020,-3.642864709227137,1.313486698488333,True,True,6.410538128187131e-13,2.351844552840379e-10,"GJR-GARCH(1,1,1)-t"
1022,4.519868808783837,9.476220216499307,True,True,8.385885765601512e-14,0.9702748875546047,"GJR-GARCH(1,1,1)-t"
1028,24.84253424216417,29.798885649879637,True,True,1.321828855238071e-13,0.9201584618741407,"GJR-GARCH(1,1,1)-t"
1037,21.79424970453025,26.75060111224572,True,False,4.247613166453507e-18,0.9999999999999757,"GJR-GARCH(1,1,1)-t"
1040,-13.141004168771914,-8.184652761056444,True,True,1.1488848402405442e-17,3.0514119000569796e-17,"GJR-GARCH(1,1,1)-t"
1057,7.960938615729695,12.917290023445165,True,True,2.481201237138562e-14,0.0026636338414904154,"GJR-GARCH(1,1,1)-t"
1063,33.16910358847845,38.12545499619392,True,False,0.9999999993130836,3.5269536832778986e-10,"GJR-GARCH(1,1,1)-t"
1070,-4.092209213060755,0.8641421946547148,True,True,0.0,0.921756946246766,"GJR-GARCH(1,1,1)-t"
1075,6.982942187911184,11.939293595626655,True,True,8.015111052936052e-15,3.6860921144277203e-19,"GJR-GARCH(1,1,1)-t"
1100,12.390067776020766,17.346419183736234,True,True,0.07511597412708892,1.2682534123210408e-20,"GJR-GARCH(1,1,1)-t"
1107,9.797980629069702,14.754332036785172,True,True,1.0249992289573363e-18,0.9237558371701555,"GJR-GARCH(1,1,1)-t"
1119,-21.86679335646184,-16.91044194874637,True,False,0.9999946232926639,1.829987083542097e-06,"GJR-GARCH(1,1,1)-t"
1125,33.93228097608967,38.88863238380514,True,True,0.06682497706266832,0.6967977433053169,"GJR-GARCH(1,1,1)-t"
1128,-1.1706107553172416,3.7857406523982284,True,True,0.0,0.49961032916635895,"GJR-GARCH(1,1,1)-t"
1135,41.06465834409995,46.02100975181543,True,True,1.016099901939207e-17,4.781621609805981e-15,"GJR-GARCH(1,1,1)-t"
1142,13.590412662625992,18.54676407034146,True,True,0.0,0.8154304345833665,"GJR-GARCH(1,1,1)-t"
1149,14.1702013060041,19.12655271371957,True,False,1.0,0.2814077714606014,"GJR-GARCH(1,1,1)-t"
1158,-7.126740704054058,-2.1703892963385876,True,False,0.5084030116493169,0.6309567843881247,"GJR-GARCH(1,1,1)-t"
1161,30.806663287331258,35.76301469504673,True,False,2.118884546860495e-18,1.0,"GJR-GARCH(1,1,1)-t"
1173,22.347389338352055,27.303740746067525,True,True,1.4410985405487165e-17,2.559076060326629e-16,"GJR-GARCH(1,1,1)-t"
1176,15.53795027753811,20.49430168525358,True,False,0.19013325996716446,0.9049332605161765,"GJR-GARCH(1,1,1)-t"
1178,13.849549134017417,18.805900541732886,True,True,1.3458848829283887e-14,0.6862539327695805,"GJR-GARCH(1,1,1)-t"
1191,59.60904287083347,64.56539427854894,True,True,5.80883828713807e-18,2.4558882259300658e-12,"GJR-GARCH(1,1,1)-t"
1198,18.377666920189796,23.334018327905262,True,True,9.185578321946062e-16,0.9681122789445458,"GJR-GARCH(1,1,1)-t"
1205,21.71106611797147,26.667417525686943,True,True,1.373668143677287e-15,0.6696059143376275,"GJR-GARCH(1,1,1)-t"
1209,67.21889862566894,72.1752500333844,True,False,0.7557448430147501,0.6221275784926255,"GJR-GARCH(1,1,1)-t"
1213,5.726288715865783,10.682640123581253,True,True,1.0201349691620765e-14,0.2596413188955351,"GJR-GARCH(1,1,1)-t"
1215,31.2730348475819,36.22938625529737,True,True,1.6002313642343064e-10,0.9615179269781783,"GJR-GARCH(1,1,1)-t"
1219,6.14319896404972,11.09955037176519,True,False,0.42241428304598294,0.7887928584769729,"GJR-GARCH(1,1,1)-t"
1227,2.3429568417803672,7.299308249495837,True,True,5.0712153721814075e-15,0.53947120412835,"GJR-GARCH(1,1,1)-t"
1235,-4.4724740679887915,0.48387733972667846,True,False,0.9946718203064838,0.5026640898369454,"GJR-GARCH(1,1,1)-t"
1239,-6.645417606632861,-1.6890661989173914,True,False,0.0,0.9999999999999998,"GJR-GARCH(1,1,1)-t"
1242,8.388396076834336,13.344747484549806,True,False,0.9999999999999946,0.0,"GJR-GARCH(1,1,1)-t"
1247,0.0924889639671278,5.048840371682598,True,True,0.0,0.8164229388496526,"GJR-GARCH(1,1,1)-t"
1249,-10.017221201845175,-5.0608697941297045,True,False,5.94456237514116e-17,0.9999999999999998,"GJR-GARCH(1,1,1)-t"
1255,0.7988265878718757,5.755177995587346,True,True,0.985755260120894,2.771606095482475e-16,"GJR-GARCH(1,1,1)-t"
1264,27.497825472139724,32.4541768798552,True,True,7.738500020237026e-14,0.968803054784586,"GJR-GARCH(1,1,1)-t"
1269,9.252253940698914,14.208605348414384,True,False,7.688734468672426e-14,0.9999999999993053,"GJR-GARCH(1,1,1)-t"
1273,27.511050829238155,32.467402236953625,True,False,0.0,0.9999999999999958,"GJR-GARCH(1,1,1)-t"
1274,-2.8654935520035707,2.0908578557118993,True,True,0.4883903475063771,0.14186201309244428,"GJR-GARCH(1,1,1)-t"
1280,25.339694922170764,30.296046329886234,True,True,1.8670704393610524e-15,0.919784514316983,"GJR-GARCH(1,1,1)-t"
1289,-15.759680746093544,-10.803329338378074,True,True,0.48468534844864136,2.562513520406195e-11,"GJR-GARCH(1,1,1)-t"
1291,52.96853350179223,57.924884909507696,True,True,2.1077952866856116e-19,4.7320943437593616e-15,"GJR-GARCH(1,1,1)-t"
1292,-2.839021045464875,2.117330362250595,True,True,0.8909644025397172,0.0,"GJR-GARCH(1,1,1)-t"
1302,4.6206235178610235,9.576974925576494,True,True,1.3623278702752337e-14,1.2835079369451275e-17,"GJR-GARCH(1,1,1)-t"
1310,-13.855755755782134,-8.899404348066664,True,True,0.6142454551505457,1.4521306226716366e-12,"GJR-GARCH(1,1,1)-t"
1321,6.444339251348305,11.400690659063775,True,False,0.3063775168141577,0.8468112415929215,"GJR-GARCH(1,1,1)-t"
1322,21.829668155092644,26.786019562808114,True,False,0.6888942191794769,0.6555528904102635,"GJR-GARCH(1,1,1)-t"
1326,5.181681502148205,10.138032909863675,True,True,0.0,0.8867832359837295,"GJR-GARCH(1,1,1)-t"
1348,13.952209966717973,18.908561374433443,True,True,1.057880805620438e-11,0.9298073651606024,"GJR-GARCH(1,1,1)-t"
1350,1.5400004691952098,6.49635187691068,True,True,4.133268701907703e-16,2.3907390818365813e-14,"GJR-GARCH(1,1,1)-t"
1359,0.7292223384858509,5.685573746201321,True,False,1.0,2.170910607559448e-18,"GJR-GARCH(1,1,1)-t"
1363,12.232700316475235,17.189051724190705,True,True,0.0,0.7769735821787355,"GJR-GARCH(1,1,1)-t"
1365,-11.265496439072457,-6.309145031356987,True,False,0.3484902921224103,0.7958128818103711,"GJR-GARCH(1,1,1)-t"
1377,-9.554492002941217,-4.598140595225747,True,True,8.289703552215673e-18,0.22961698261623187,"GJR-GARCH(1,1,1)-t"
1380,8.203113369915453,13.159464777630923,True,False,0.9999999999482823,0.0846449529367503,"GJR-GARCH(1,1,1)-t"
1392,6.75064920048613,11.7070006082016,True,True,0.0,0.7261390729656461,"GJR-GARCH(1,1,1)-t"
1404,3.333656550169861,8.290007957885331,True,False,5.069404792200404e-15,0.9999999999999869,"GJR-GARCH(1,1,1)-t"
1408,2.445028903466943,7.401380311182413,True,True,0.0,0.9126687641365273,"GJR-GARCH(1,1,1)-t"
1416,-7.749347159362625,-2.7929957516471546,True,True,0.0,0.769745091028498,"GJR-GARCH(1,1,1)-t"
1417,2.577273706496932,7.533625114212402,True,True,0.7405337641594021,0.22873423811889462,"GJR-GARCH(1,1,1)-t"
1427,0.21914507818699747,5.1754964859024675,True,True,7.519999298782793e-14,0.8619692259230034,"GJR-GARCH(1,1,1)-t"
1430,14.454104756364599,19.410456164080067,True,False,0.0,1.0,"GJR-GARCH(1,1,1)-t"
1433,11.050337426881494,16.006688834596964,True,True,2.409457083793849e-16,0.5525015489252989,"GJR-GARCH(1,1,1)-t"
1459,38.43801913956328,43.394370547278754,True,False,0.9999999999999999,0.27329588257105425,"GJR-GARCH(1,1,1)-t"
1462,11.577122629545201,16.53347403726067,True,False,0.0,1.0,"GJR-GARCH(1,1,1)-t"
1463,45.12631221702625,50.08266362474173,True,True,6.902650922411472e-16,0.36435978704754984,"GJR-GARCH(1,1,1)-t"
1464,-2.2316645759057643,2.7246868318097057,True,True,8.182024532794409e-12,0.9936906363396277,"GJR-GARCH(1,1,1)-t"
1468,14.25288910337245,19.20924051108792,True,True,3.8998432291556586e-18,0.9424137718193581,"GJR-GARCH(1,1,1)-t"
1471,21.365829682965217,26.322181090680687,True,False,0.9999999999999997,5.797888008821405e-17,"GJR-GARCH(1,1,1)-t"
1477,17.73923093705883,22.6955823447743,True,True,0.0,0.6554349632906767,"GJR-GARCH(1,1,1)-t"
1481,9.808604650480412,14.764956058195882,True,True,1.8307444984659103e-13,0.5611926408123956,"GJR-GARCH(1,1,1)-t"
1501,18.19443588846036,23.15078729617583,True,True,0.4882640860891184,1.3625889166725437e-21,"GJR-GARCH(1,1,1)-t"
1513,5.203610883452738,10.159962291168208,True,True,8.765137084471333e-13,0.9076042009672725,"GJR-GARCH(1,1,1)-t"
1521,10.08986749221415,15.04621889992962,True,False,0.0,1.0,"GJR-GARCH(1,1,1)-t"
1524,28.478404455829857,33.43475586354533,True,True,1.3886053457452633e-13,0.9582356755047636,"GJR-GARCH(1,1,1)-t"
1529,7.981233077258408,12.937584484973879,True,True,0.10114911399614882,0.38508559353944166,"GJR-GARCH(1,1,1)-t"
1532,5.2821361543868335,10.238487562102303,True,True,0.0,1.521643322561553e-14,"GJR-GARCH(1,1,1)-t"
1536,46.1162050359694,51.072556443684874,True,True,9.188512019111202e-12,0.9902713418548162,"GJR-GARCH(1,1,1)-t"
1541,19.313697376609266,24.270048784324736,True,True,1.1356578676471324e-12,9.762205435692017e-12,"GJR-GARCH(1,1,1)-t"
1544,-0.11718563398882686,4.839165773726643,True,True,1.458397487373124e-11,0.8390521626011559,"GJR-GARCH(1,1,1)-t"
1551,-5.9754600839210035,-1.0191086762055335,True,True,1.0366313602850387e-14,0.731993807323449,"GJR-GARCH(1,1,1)-t"
1563,12.869114804030433,17.825466211745905,True,True,3.056731320287652e-14,0.13619906955301325,"GJR-GARCH(1,1,1)-t"
1565,51.74565575434853,56.70200716206401,True,True,0.2672577331114685,3.893148698950905e-15,"GJR-GARCH(1,1,1)-t"
1581,11.819223107147526,16.775574514862996,True,False,0.9999999999999999,0.10282465030042053,"GJR-GARCH(1,1,1)-t"
1587,-13.604691602724326,-8.648340195008856,True,True,1.4461923617750595e-13,1.0817070807024953e-16,"GJR-GARCH(1,1,1)-t"
1600,24.796023140752276,29.752374548467746,True,False,0.0,1.0,"GJR-GARCH(1,1,1)-t"
1640,28.582883747548824,33.539235155264294,True,False,0.0,0.9999999999999981,"GJR-GARCH(1,1,1)-t"
1651,-3.276602079686999,1.6797493280284712,True,True,1.33854679006804e-14,0.06462523375078666,"GJR-GARCH(1,1,1)-t"
1658,24.142859905024242,29.099211312739712,True,True,2.1037397528252535e-12,0.9718066551107143,"GJR-GARCH(1,1,1)-t"
1663,-5.1837343031509775,-0.2273828954355075,True,False,2.986938872533417e-17,1.0,"GJR-GARCH(1,1,1)-t"
1674,4.345991287069506,9.302342694784976,True,True,2.279703804261287e-22,0.3963744167917523,"GJR-GARCH(1,1,1)-t"
1676,4.309551856123136,9.265903263838606,True,False,0.9999999999999996,0.1664093201829518,"GJR-GARCH(1,1,1)-t"
1688,31.355169119260516,36.31152052697598,True,True,2.2375873311119532e-18,0.82253034035245,"GJR-GARCH(1,1,1)-t"
1707,26.43555739851125,31.391908806226716,True,True,2.2794329554212105e-14,0.43580428858941955,"GJR-GARCH(1,1,1)-t"
1712,-3.8500445124083704,1.1063068953070996,True,True,0.0,0.044118072525889514,"GJR-GARCH(1,1,1)-t"
1719,22.14511901761624,27.101470425331712,True,True,1.840614898566198e-14,0.9368854635127405,"GJR-GARCH(1,1,1)-t"
1722,62.053773170249315,67.01012457796479,True,True,0.0,0.03695693726657556,"GJR-GARCH(1,1,1)-t"
1728,11.595572226233902,16.55192363394937,True,True,0.15394208116317581,2.5237964857855733e-15,"GJR-GARCH(1,1,1)-t"
1744,31.186943418294174,36.143294826009644,True,False,1.399065177462909e-15,0.9999999999999921,"GJR-GARCH(1,1,1)-t"
1747,15.78048347559126,20.73683488330673,True,True,9.342226382152881e-16,0.7939099001355115,"GJR-GARCH(1,1,1)-t"
1761,30.244464380113005,35.200815787828475,True,True,0.0,0.49938245277348,"GJR-GARCH(1,1,1)-t"
1787,4.351759572506685,9.308110980222155,True,True,0.08199795527473822,6.351627505616957e-17,"GJR-GARCH(1,1,1)-t"
1789,6.614912667245492,11.571264074960961,True,False,0.9999999927286544,1.9423672406714054e-09,"GJR-GARCH(1,1,1)-t"
1797,32.697951347407496,37.65430275512296,True,True,0.0,0.5383869445408871,"GJR-GARCH(1,1,1)-t"
1810,0.9769004581768712,5.933251865892341,True,True,1.2034448306222534e-17,1.5366090696991354e-13,"GJR-GARCH(1,1,1)-t"
1813,54.32875196741327,59.28510337512874,True,False,3.629795202464559e-11,0.9999999990093864,"GJR-GARCH(1,1,1)-t"
1816,51.99877810761429,56.95512951532976,True,True,0.04774148028145014,0.9221367930134985,"GJR-GARCH(1,1,1)-t"
1820,19.888579634682607,24.84493104239808,True,False,2.388943559273333e-16,0.9999999999999999,"GJR-GARCH(1,1,1)-t"
1822,-18.37487439771246,-13.41852298999699,True,False,0.4137289710506056,0.7931355144747025,"GJR-GARCH(1,1,1)-t"
1823,36.407773447084715,41.36412485480018,True,False,3.2022075544729743e-19,0.9999999999998826,"GJR-GARCH(1,1,1)-t"
1826,-16.310174114253357,-11.353822706537887,True,False,5.177453791501369e-17,0.9999999999999999,"GJR-GARCH(1,1,1)-t"
1827,35.13156281231432,40.08791422002979,True,True,0.0,0.0,"GJR-GARCH(1,1,1)-t"
1841,-1.7993579318503308,3.1569934758651392,True,False,1.249854084057422e-12,0.9999999999993585,"GJR-GARCH(1,1,1)-t"
1862,17.523425433025107,22.479776840740577,True,True,1.1538257600726653e-08,0.9164772734042893,"GJR-GARCH(1,1,1)-t"
1866,31.036010385846605,35.992361793562075,True,True,3.962747317736686e-14,9.788429878936514e-08,"GJR-GARCH(1,1,1)-t"
1870,3.9155904802071575,8.871941887922628,True,True,2.473751396555825e-22,0.9824776328363025,"GJR-GARCH(1,1,1)-t"
1875,-6.532041286012969,-1.5756898782974993,True,True,0.2699248566166223,1.9288301502138325e-16,"GJR-GARCH(1,1,1)-t"
1876,3.3209684298059905,8.27731983752146,True,False,2.9361022844606e-20,1.0,"GJR-GARCH(1,1,1)-t"
1879,10.28494400025846,15.24129540797393,True,False,0.0,1.0,"GJR-GARCH(1,1,1)-t"
1890,-0.31197371931670936,4.644377688398761,True,True,0.496770359692509,0.0,"GJR-GARCH(1,1,1)-t"
1904,8.978376725229595,13.934728132945065,True,False,0.9999999967793244,0.0,"GJR-GARCH(1,1,1)-t"
1909,-2.3531385865350245,2.6032128211804455,True,True,1.3348403672225017e-16,2.68223679133808e-16,"GJR-GARCH(1,1,1)-t"
1920,7.877385192599213,12.833736600314683,True,False,1.0,0.0,"GJR-GARCH(1,1,1)-t"
1923,25.042659835793994,29.999011243509464,True,True,0.6987564195285049,0.0,"GJR-GARCH(1,1,1)-t"
1930,57.47020708184736,62.42655848956284,True,True,1.270285412479278e-13,0.9077707686654414,"GJR-GARCH(1,1,1)-t"
1938,8.858683668658777,13.815035076374247,True,True,5.52228597782052e-10,1.6879735536471157e-08,"GJR-GARCH(1,1,1)-t"
1946,27.850690293785632,32.807041701501106,True,True,0.0,0.9694891453453497,"GJR-GARCH(1,1,1)-t"
1948,-3.5180123486202426,1.4383390590952274,True,True,9.52229895343823e-16,0.16733958176842637,"GJR-GARCH(1,1,1)-t"
1956,18.034168660008973,22.990520067724443,True,True,0.0,1.137535636004288e-13,"GJR-GARCH(1,1,1)-t"
1962,2.2287257632744364,7.185077170989906,True,False,6.771577710343609e-16,0.9999999999999822,"GJR-GARCH(1,1,1)-t"
1980,51.73916493917479,56.69551634689026,True,True,1.4385233918521588e-17,8.156570011182655e-16,"GJR-GARCH(1,1,1)-t"
1981,37.43459848296591,42.390949890681384,True,True,0.0,0.0,"GJR-GARCH(1,1,1)-t"
1991,16.339778451900123,21.296129859615593,True,False,0.6074472570149888,0.5018993341754575,"GJR-GARCH(1,1,1)-t"
1998,25.84501631670544,30.801367724420906,True,True,2.6985417410766377e-19,0.0,"GJR-GARCH(1,1,1)-t"
2000,-5.370654796505885,-0.4143033887904153,True,False,0.9999999999999653,0.24931535703690214,"GJR-GARCH(1,1,1)-t"
2006,-2.3784934085832035,2.5778579991322665,True,False,0.9999999999999944,3.747683837096263e-15,"GJR-GARCH(1,1,1)-t"
2010,20.718995043182268,25.675346450897738,True,True,0.501852523509376,0.0,"GJR-GARCH(1,1,1)-t"
2014,-5.735273985253031,-0.7789225775375606,True,True,1.522018464370708e-12,0.9581814690810384,"GJR-GARCH(1,1,1)-t"
2018,20.08351860446109,25.039870012176564,True,True,0.5873059315916106,1.3149926289624756e-15,"GJR-GARCH(1,1,1)-t"
2027,36.02716090607883,40.98351231379429,True,True,0.7021271539015174,0.0,"GJR-GARCH(1,1,1)-t"
2037,-0.8531676054996389,4.103183802215831,True,False,1.0,0.4999999999999987,"GJR-GARCH(1,1,1)-t"
2046,-18.20144753772974,-13.245096130014272,True,True,9.771728142735044e-15,0.23658153298009266,"GJR-GARCH(1,1,1)-t"
2058,26.741667003571564,31.69801841128703,True,True,9.644274387106545e-25,0.9041517780041061,"GJR-GARCH(1,1,1)-t"
2075,17.6726274387743,22.62897884648977,True,True,0.12154729758908311,8.816657029613429e-13,"GJR-GARCH(1,1,1)-t"
2076,-4.7290851561037535,0.22726625161171654,True,True,5.031181229293921e-14,0.5130629449558771,"GJR-GARCH(1,1,1)-t"
2077,27.735859601848407,32.69221100956388,True,True,5.114000046490802e-15,0.8516146486681188,"GJR-GARCH(1,1,1)-t"
2085,-4.4440697552289805,0.5122816524864895,True,True,4.433217627574886e-17,4.843516806301642e-18,"GJR-GARCH(1,1,1)-t"
2086,26.79977611890609,31.75612752662156,True,True,0.0,0.26226172264789305,"GJR-GARCH(1,1,1)-t"
2088,21.416962811338905,26.37331421905438,True,True,2.316033423788989e-14,0.9897713418889366,"GJR-GARCH(1,1,1)-t"
2102,17.491047431732927,22.447398839448397,True,True,0.0,0.0,"GJR-GARCH(1,1,1)-t"
2104,15.137800058530658,20.094151466246128,True,False,0.9999999999996146,0.3318201557354194,"GJR-GARCH(1,1,1)-t"
2109,28.409447476781402,33.36579888449687,True,True,0.0,0.6025726256204983,"GJR-GARCH(1,1,1)-t"
2117,-9.533117119055436,-4.5767657113399665,True,False,0.9999999863574913,0.06387002048639881,"GJR-GARCH(1,1,1)-t"
2118,9.106764661100414,14.063116068815884,True,True,1.135965211811076e-12,0.6343912339773962,"GJR-GARCH(1,1,1)-t"
2119,-13.81856368530887,-8.8622122775934,True,True,8.551627895411383e-16,0.1980842552537092,"GJR-GARCH(1,1,1)-t"
2125,3.6935157732818524,8.649867180997322,True,True,1.230277981085983e-22,0.5624915604213908,"GJR-GARCH(1,1,1)-t"
2136,25.639306732085714,30.595658139801184,True,True,4.507867725885395e-15,0.9856979692878254,"GJR-GARCH(1,1,1)-t"
2139,-0.7772966017226306,4.179054805992839,True,True,0.0,0.0,"GJR-GARCH(1,1,1)-t"
2146,14.17276107299892,19.12911248071439,True,True,1.547953686874873e-15,3.32531595019939e-17,"GJR-GARCH(1,1,1)-t"
2169,0.6929847075705702,5.64933611528604,True,False,0.9999999954645664,0.33713426816788855,"GJR-GARCH(1,1,1)-t"
2170,13.542993384209815,18.499344791925285,True,True,0.02048465437069396,0.9334966014316954,"GJR-GARCH(1,1,1)-t"
2172,12.917628575472227,17.873979983187695,True,True,4.0474380089652242e-16,5.2874969243542846e-17,"GJR-GARCH(1,1,1)-t"
2174,34.25876276186867,39.21511416958413,True,True,1.0647779712985663e-13,0.8414429044273936,"GJR-GARCH(1,1,1)-t"
2178,30.430017022622174,35.38636843033764,True,True,0.0,0.9640960379671573,"GJR-GARCH(1,1,1)-t"
2181,1.9540459394556287,6.910397347171099,True,True,1.4007837261894766e-14,0.045461826943316255,"GJR-GARCH(1,1,1)-t"
2183,4.161371850090843,9.117723257806313,True,True,2.0446149674800057e-15,7.910005881797552e-14,"GJR-GARCH(1,1,1)-t"
2184,18.23049248743429,23.186843895149764,True,True,0.12442122327926697,1.0705918114021425e-15,"GJR-GARCH(1,1,1)-t"
2185,5.7511248641159405,10.70747627183141,True,True,0.48718724139717356,0.5075529318417784,"GJR-GARCH(1,1,1)-t"
2193,-15.22079659898062,-10.26444519126515,True,True,0.8153151305057618,0.0,"GJR-GARCH(1,1,1)-t"
2196,1.6249662905629663,6.581317698278436,True,True,0.0,0.028648474066313087,"GJR-GARCH(1,1,1)-t"
2197,58.89385203801243,63.8502034457279,True,True,5.490447923363082e-14,0.9068407706453502,"GJR-GARCH(1,1,1)-t"
2199,1.2669905753318602,6.22334198304733,True,True,0.0,5.875100715532837e-14,"GJR-GARCH(1,1,1)-t"
2213,-13.395252627747741,-8.438901220032271,True,False,2.4026474270583147e-14,0.9999999999958543,"GJR-GARCH(1,1,1)-t"
2219,3.1528185541253073,8.109169961840777,True,True,4.031584279597733e-14,0.7798846962737539,"GJR-GARCH(1,1,1)-t"
2239,-4.090199556321277,0.8661518513941928,True,True,1.2629994541948257e-16,0.48070683820789134,"GJR-GARCH(1,1,1)-t"
2254,5.609285313922836,10.565636721638306,True,True,0.0,0.9697489912678171,"GJR-GARCH(1,1,1)-t"
2259,-8.924691739830813,-3.9683403321153428,True,False,9.846144374416882e-16,0.9999999999999991,"GJR-GARCH(1,1,1)-t"
2267,-6.426128690339478,-1.4697772826240083,True,True,9.547109845593419e-22,0.6049522560260098,"GJR-GARCH(1,1,1)-t"
2293,10.418859379892563,15.375210787608033,True,True,0.0,0.9254839190103636,"GJR-GARCH(1,1,1)-t"
2303,7.8412522473406625,12.797603655056133,True,False,0.0,1.0,"GJR-GARCH(1,1,1)-t"
2312,15.995789788439234,20.952141196154706,True,False,3.246767952360702e-14,1.0,"GJR-GARCH(1,1,1)-t"
2329,22.09074992542042,27.04710133313589,True,False,2.225329305542881e-16,0.9999999999999971,"GJR-GARCH(1,1,1)-t"
2331,14.22516993003328,19.181521337748748,True,True,2.0588128472815125e-19,0.6911855107160082,"GJR-GARCH(1,1,1)-t"
2353,5.104799002055362,10.061150409770832,True,False,0.0,1.0,"GJR-GARCH(1,1,1)-t"
2366,26.814256060783585,31.770607468499055,True,True,3.8002391242792555e-19,0.7735842535621891,"GJR-GARCH(1,1,1)-t"
2374,28.81746330340897,33.77381471112444,True,True,3.390605790129057e-17,1.3471116030976214e-17,"GJR-GARCH(1,1,1)-t"
2385,-18.311859502715073,-13.355508094999603,True,True,9.33835635570158e-16,0.6938251262706313,"GJR-GARCH(1,1,1)-t"
2390,13.014082427895605,17.970433835611075,True,True,0.0,0.873346056002156,"GJR-GARCH(1,1,1)-t"
2392,13.144603265416686,18.100954673132158,True,True,0.0,0.40095692065564725,"GJR-GARCH(1,1,1)-t"
2410,31.47723830914481,36.43358971686028,True,True,1.0757472438632054e-15,4.206145563932131e-14,"GJR-GARCH(1,1,1)-t"
2415,31.304368014510835,36.2607194222263,True,True,7.949298785583556e-15,0.6378050601236852,"GJR-GARCH(1,1,1)-t"
2424,17.746698332865698,22.703049740581168,True,True,3.754623801059038e-14,0.7241852615911016,"GJR-GARCH(1,1,1)-t"
2433,16.0560508637949,21.01240227151037,True,True,0.10050323179187973,0.8314754239326675,"GJR-GARCH(1,1,1)-t"
2436,-18.710809038153066,-13.754457630437596,True,True,5.132934293189102e-13,2.931967666475905e-11,"GJR-GARCH(1,1,1)-t"
2439,55.63613288621546,60.59248429393092,True,True,2.8254614977928794e-14,3.469049301264734e-14,"GJR-GARCH(1,1,1)-t"
2440,-11.673282075006874,-6.716930667291404,True,False,8.119506049794173e-14,0.9999999999992678,"GJR-GARCH(1,1,1)-t"
2444,-2.3320399931249938,2.6243114145904762,True,True,1.9219297272087002e-14,0.3772905150022554,"GJR-GARCH(1,1,1)-t"
2447,18.544957063804816,23.501308471520286,True,True,0.04889385736989727,8.42235162583123e-14,"GJR-GARCH(1,1,1)-t"
2458,57.1981141615508,62.154465569266264,True,True,0.9300022568969798,3.913284256355682e-12,"GJR-GARCH(1,1,1)-t"
2463,12.0470814723992,17.00343288011467,True,False,1.0,0.25390925710204393,"GJR-GARCH(1,1,1)-t"
2466,25.264854291721328,30.221205699436798,True,False,2.107881814122126e-15,1.0,"GJR-GARCH(1,1,1)-t"
2468,1.132757997215469,6.089109404930939,True,False,1.0,0.41434668482507875,"GJR-GARCH(1,1,1)-t"
2479,-0.20054083134498946,4.7558105763704805,True,True,2.9387687395160264e-14,0.9664881458702785,"GJR-GARCH(1,1,1)-t"
2489,26.330573573921114,31.28692498163658,True,False,3.6391140851170265e-18,0.9999999999999996,"GJR-GARCH(1,1,1)-t"
2491,-6.064498747772696,-1.1081473400572257,True,False,3.227934476852145e-13,0.9999999999950367,"GJR-GARCH(1,1,1)-t"
2502,23.87682465011992,28.833176057835388,True,True,0.0,0.9648304889063412,"GJR-GARCH(1,1,1)-t"
2507,15.78714268278425,20.74349409049972,True,True,2.610999871214249e-19,1.6733167347525745e-14,"GJR-GARCH(1,1,1)-t"
2510,15.018270208377858,19.97462161609333,True,True,0.0,0.0,"GJR-GARCH(1,1,1)-t"
2525,2.208296974171688,7.164648381887158,True,True,0.1582125475247017,1.1456261946315536e-16,"GJR-GARCH(1,1,1)-t"
2534,8.65018707443573,13.6065384821512,True,True,4.0361119341422995e-08,0.9723295831799431,"GJR-GARCH(1,1,1)-t"
2545,3.7466071613136425,8.702958569029112,True,True,0.0,0.9192577749718986,"GJR-GARCH(1,1,1)-t"
2553,25.546515745858706,30.50286715357418,True,False,0.0,1.0,"GJR-GARCH(1,1,1)-t"
2559,14.801082369447679,19.75743377716315,True,True,1.134697847752354e-13,0.9628614685853668,"GJR-GARCH(1,1,1)-t"
2566,50.77715153588213,55.7335029435976,True,True,0.15325687811051947,2.902049617657775e-15,"GJR-GARCH(1,1,1)-t"
2567,23.188282725364786,28.14463413308026,True,True,2.1237262327308396e-14,0.8573963233687305,"GJR-GARCH(1,1,1)-t"
2568,-1.1545319101802498,3.80181949753522,True,False,1.0404839110315782e-14,0.9999999999999656,"GJR-GARCH(1,1,1)-t"
2573,14.705914507807716,19.662265915523186,True,False,8.062787148323181e-11,0.9999999941716864,"GJR-GARCH(1,1,1)-t"
2582,11.257121835006112,16.213473242721584,True,False,2.0953828612111244e-15,0.9999999999999775,"GJR-GARCH(1,1,1)-t"
2591,17.620139760406808,22.576491168122278,True,False,1.0,0.0,"GJR-GARCH(1,1,1)-t"
2593,18.598407265707138,23.554758673422608,True,False,1.967609236254431e-15,0.9999999999999986,"GJR-GARCH(1,1,1)-t"
2600,-2.384708172713328,2.571643235002142,True,True,0.0,0.5732567466509834,"GJR-GARCH(1,1,1)-t"
2631,-11.256463641567446,-6.300112233851976,True,True,0.0,0.8636695320784089,"GJR-GARCH(1,1,1)-t"
2643,29.719253121153592,34.67560452886906,True,True,1.492641442593666e-14,0.9855540165409465,"GJR-GARCH(1,1,1)-t"
2644,16.98545729159583,21.9418086993113,True,True,2.2093262484919093e-12,0.9193464581951644,"GJR-GARCH(1,1,1)-t"
2656,5.578891978584251,10.53524338629972,True,True,2.618460988403858e-16,0.9610421124447049,"GJR-GARCH(1,1,1)-t"
2657,24.67197738916809,29.62832879688356,True,True,1.9741952093575803e-13,0.8242174877095751,"GJR-GARCH(1,1,1)-t"
2659,3.4948255522444267,8.451176959959897,True,True,0.3905714111699506,3.874076487495091e-16,"GJR-GARCH(1,1,1)-t"
2683,11.133186792402977,16.089538200118447,True,False,3.9188926435167e-17,1.0,"GJR-GARCH(1,1,1)-t"
2709,-15.921354741278456,-10.965003333562986,True,False,0.9999999999999963,0.06024798208237039,"GJR-GARCH(1,1,1)-t"
2711,1.4590904524817656,6.415441860197236,True,False,0.0,1.0,"GJR-GARCH(1,1,1)-t"
2717,21.297039228045165,26.25339063576064,True,True,5.3857751942938304e-12,0.9838131573830495,"GJR-GARCH(1,1,1)-t"
2718,39.47102921056584,44.427380618281305,True,True,1.3592185982595733e-13,0.9831102769602186,"GJR-GARCH(1,1,1)-t"
2740,-0.603689783209516,4.352661624505954,True,True,1.5760080919471868e-11,0.9162663708498314,"GJR-GARCH(1,1,1)-t"
2748,10.507445928254675,15.463797335970145,True,True,5.2256582185801564e-14,0.10444060812444739,"GJR-GARCH(1,1,1)-t"
2758,-15.790972061525967,-10.834620653810497,True,False,0.9999999993119535,8.791478733469498e-11,"GJR-GARCH(1,1,1)-t"
2772,15.255089961083527,20.211441368798997,True,True,0.8550747725170248,0.0,"GJR-GARCH(1,1,1)-t"
2780,10.210332375443347,15.166683783158817,True,False,2.2015333945838556e-14,1.0,"GJR-GARCH(1,1,1)-t"
2782,5.7041611876030185,10.660512595318488,True,True,0.0,0.7144399309872501,"GJR-GARCH(1,1,1)-t"
2803,16.24796473149108,21.20431613920655,True,True,6.278446252364453e-15,0.9743390878076827,"GJR-GARCH(1,1,1)-t"
2811,14.81592735626359,19.77227876397906,True,True,1.9874618835189703e-14,0.6249210279045334,"GJR-GARCH(1,1,1)-t"
2826,-16.596184467135828,-11.639833059420358,True,True,1.0454474887993417e-11,0.9704797755885765,"GJR-GARCH(1,1,1)-t"
2833,16.249050654851068,21.20540206256654,True,True,2.81783724590763e-16,0.5837665507522414,"GJR-GARCH(1,1,1)-t"
2844,5.389432813702909,10.345784221418379,True,False,0.7555569054346096,0.6222215472826953,"GJR-GARCH(1,1,1)-t"
2846,20.99508811287818,25.95143952059365,True,False,0.9999999999999328,0.11069426203251587,"GJR-GARCH(1,1,1)-t"
2867,23.485142656242317,28.44149406395779,True,True,0.08472854454116366,0.309763478771096,"GJR-GARCH(1,1,1)-t"
2876,23.074052824155697,28.030404231871167,True,False,0.999999999998735,6.059052089732304e-13,"GJR-GARCH(1,1,1)-t"
2881,-0.13298959303546987,4.82336181468,True,True,9.776901096991622e-19,0.7747091791979123,"GJR-GARCH(1,1,1)-t"
2883,8.166447775129756,13.122799182845226,True,True,3.045585980876223e-15,0.1367864716509939,"GJR-GARCH(1,1,1)-t"
2891,-9.184242748570707,-4.227891340855237,True,True,0.0,0.6277005951173298,"GJR-GARCH(1,1,1)-t"
2892,-0.985508427200303,3.970842980515167,True,True,0.0,0.6305218809210132,"GJR-GARCH(1,1,1)-t"
2893,16.84701857617035,21.803369983885823,True,True,1.299386027307829e-09,0.9894850001647486,"GJR-GARCH(1,1,1)-t"
2902,21.696613161229067,26.652964568944537,True,False,6.328427281549169e-15,0.9999999999999752,"GJR-GARCH(1,1,1)-t"
2903,19.183146744600943,24.139498152316413,True,True,4.034492692643617e-18,0.9892977285673941,"GJR-GARCH(1,1,1)-t"
2908,1.1853160899703994,6.141667497685869,True,True,7.593198459013283e-20,0.20567646009487622,"GJR-GARCH(1,1,1)-t"
2917,10.574579148156106,15.530930555871576,True,True,0.0,0.9085527628555121,"GJR-GARCH(1,1,1)-t"
2929,,,False,False,,,"GJR-GARCH(1,1,1)-t"
2932,2.571451350176769,7.527802757892239,True,True,2.1714400323103457e-19,0.6543852410198905,"GJR-GARCH(1,1,1)-t"
2946,74.71925609362137,79.67560750133683,True,False,0.16000045897513956,0.9199997705124255,"GJR-GARCH(1,1,1)-t"
2956,81.49417064613992,86.4505220538554,True,True,4.8831295613130866e-14,8.320497609297589e-14,"GJR-GARCH(1,1,1)-t"
2969,13.997344536017117,18.953695943732587,True,True,6.400287780046841e-17,7.802010167200301e-15,"GJR-GARCH(1,1,1)-t"
2979,14.246866419720972,19.20321782743644,True,True,1.8918888332232116e-14,1.6198412267820233e-13,"GJR-GARCH(1,1,1)-t"
2982,9.355670825623879,14.312022233339349,True,True,0.27768101132822776,0.16183778558041342,"GJR-GARCH(1,1,1)-t"
2992,-6.745907533421409,-1.7895561257059391,True,True,0.03416636575373339,1.1705349101718227e-12,"GJR-GARCH(1,1,1)-t"
2999,-6.156172825005566,-1.1998214172900958,True,False,0.0,0.9999978135918808,"GJR-GARCH(1,1,1)-t"
3001,29.493571891600155,34.44992329931563,True,True,0.0,4.599174152838034e-10,"GJR-GARCH(1,1,1)-t"
3002,34.37828477543903,39.3346361831545,True,True,8.699045659862052e-15,0.9778099826994625,"GJR-GARCH(1,1,1)-t"
3008,-10.569142551509628,-5.612791143794158,True,True,0.06999999662363311,0.0,"GJR-GARCH(1,1,1)-t"
3009,-14.288035194270908,-9.331683786555438,True,True,0.0,0.770058734012497,"GJR-GARCH(1,1,1)-t"
3012,17.294659937096547,22.251011344812017,True,False,1.0,0.0,"GJR-GARCH(1,1,1)-t"
3017,-11.033093055031486,-6.076741647316016,True,True,0.7139739802932937,0.0,"GJR-GARCH(1,1,1)-t"
3025,15.927589558024724,20.883940965740194,True,False,1.0728889038485573e-14,0.9999999999998448,"GJR-GARCH(1,1,1)-t"
3029,4.448413272020522,9.404764679735992,True,True,9.157893927962706e-13,0.9053367561378047,"GJR-GARCH(1,1,1)-t"
3033,1.7816441272284003,6.73799553494387,True,True,0.0,0.6919332847152229,"GJR-GARCH(1,1,1)-t"
3044,-1.2180860082995153,3.7382653994159547,True,True,0.0,0.9877521082626942,"GJR-GARCH(1,1,1)-t"
3046,-9.879348031008671,-4.922996623293201,True,False,8.344080349514072e-24,1.0,"GJR-GARCH(1,1,1)-t"
3069,24.716385120438936,29.672736528154402,True,False,0.0,1.0,"GJR-GARCH(1,1,1)-t"
3092,12.69648145520128,17.65283286291675,True,True,0.5459434404265285,0.0,"GJR-GARCH(1,1,1)-t"
3098,21.58684972480134,26.543201132516813,True,True,0.03266383704858833,0.9047251805301421,"GJR-GARCH(1,1,1)-t"
3108,14.72642911435189,19.68278052206736,True,True,0.5932781715978076,0.0,"GJR-GARCH(1,1,1)-t"
3113,4.7792067675494,9.73555817526487,True,True,3.586066760783364e-15,2.576990377675676e-12,"GJR-GARCH(1,1,1)-t"
3123,10.480117186533937,15.436468594249407,True,False,0.9999999262174214,5.5680478245243606e-08,"GJR-GARCH(1,1,1)-t"
3130,26.118910496774006,31.075261904489476,True,True,0.0,0.0,"GJR-GARCH(1,1,1)-t"
3135,9.410333510303094,14.366684918018564,True,True,0.0,0.04240168861499901,"GJR-GARCH(1,1,1)-t"
3138,72.19581517196004,77.15216657967551,True,True,0.0,0.6705550397326578,"GJR-GARCH(1,1,1)-t"
3146,4.567563784570256,9.523915192285726,True,True,6.472563188865192e-13,5.8968428303249245e-12,"GJR-GARCH(1,1,1)-t"
3152,30.63109913566161,35.58745054337708,True,True,2.3325715024197944e-14,0.9675393087871135,"GJR-GARCH(1,1,1)-t"
3154,5.682454005449831,10.6388054131653,True,True,3.022805266158794e-12,3.584578603909165e-13,"GJR-GARCH(1,1,1)-t"
3160,-1.3247211024657588,3.631630305249711,True,True,0.0,0.0,"GJR-GARCH(1,1,1)-t"
3179,46.478479841236876,51.43483124895235,True,True,0.1620294157761315,0.5100543078738956,"GJR-GARCH(1,1,1)-t"
3187,16.647897685906052,21.604249093621522,True,True,0.23669808215594093,0.17841573748838294,"GJR-GARCH(1,1,1)-t"
3211,9.889945504453527,14.846296912168997,True,True,0.0,0.9409873218151457,"GJR-GARCH(1,1,1)-t"
3223,1.4746326665813694,6.430984074296839,True,True,6.106822146381402e-15,0.39777486435029774,"GJR-GARCH(1,1,1)-t"
3233,-3.223741012526631,1.7326103951888392,True,True,6.483222861159903e-16,3.7363894800464056e-14,"GJR-GARCH(1,1,1)-t"
3270,18.958450366958857,23.914801774674327,True,True,0.5756380933863758,5.3883274244336625e-17,"GJR-GARCH(1,1,1)-t"
3280,11.31938894111371,16.27574034882918,True,True,0.3316505853655725,1.8935042414446393e-12,"GJR-GARCH(1,1,1)-t"
3291,22.96674441835554,27.92309582607101,True,True,4.22458637106414e-16,1.696410297742056e-19,"GJR-GARCH(1,1,1)-t"
3318,21.13303352897438,26.089384936689854,True,False,0.0,1.0,"GJR-GARCH(1,1,1)-t"
3322,7.392478015525548,12.348829423241018,True,False,0.9999999999999999,0.25977305874101164,"GJR-GARCH(1,1,1)-t"
3323,4.116414090982394,9.072765498697864,True,True,5.566306640123445e-16,0.7572616567687901,"GJR-GARCH(1,1,1)-t"
3327,7.729969325102467,12.686320732817936,True,True,5.747792327799399e-14,6.455903020063644e-13,"GJR-GARCH(1,1,1)-t"
3328,39.82145338893215,44.777804796647615,True,True,0.5923957234424504,4.944261764345797e-14,"GJR-GARCH(1,1,1)-t"
3333,40.70772094651786,45.664072354233326,True,True,2.944556952849292e-18,0.05443022761277347,"GJR-GARCH(1,1,1)-t"
3367,8.010146440616639,12.966497848332109,True,True,1.523229788806499e-13,0.5727443262448244,"GJR-GARCH(1,1,1)-t"
3373,44.75151063456118,49.707862042276645,True,False,1.4155321011175557e-16,0.9999999999999997,"GJR-GARCH(1,1,1)-t"
3378,18.354121243207228,23.310472650922698,True,True,3.794768852400841e-17,0.1037388092540636,"GJR-GARCH(1,1,1)-t"
3381,31.805337669935565,36.761689077651035,True,True,0.0,4.740122203544473e-16,"GJR-GARCH(1,1,1)-t"
3384,10.490166556976234,15.446517964691704,True,True,1.67291685826944e-16,4.973124838595376e-19,"GJR-GARCH(1,1,1)-t"
3389,26.540016728446005,31.496368136161475,True,True,2.074449945612958e-15,0.883451007364539,"GJR-GARCH(1,1,1)-t"
3396,27.1276101647111,32.083961572426574,True,True,0.0,0.9818165866896554,"GJR-GARCH(1,1,1)-t"
3399,53.153464063158886,58.10981547087435,True,False,1.6523775416537384e-14,0.9999999999999453,"GJR-GARCH(1,1,1)-t"
3404,3.1479069370559767,8.104258344771447,True,True,1.2918184180926918e-15,0.9866678248775053,"GJR-GARCH(1,1,1)-t"
3406,50.10335476965696,55.05970617737243,True,True,4.2725717944006833e-16,0.8284716692606536,"GJR-GARCH(1,1,1)-t"
3414,-12.350346360662222,-7.393994952946752,True,True,0.5888075909539918,0.4084365061963623,"GJR-GARCH(1,1,1)-t"
3427,21.38127338748138,26.33762479519685,True,True,0.039535720022654076,2.2840673617612958e-15,"GJR-GARCH(1,1,1)-t"
3431,4.939619736238466,9.895971143953936,True,True,0.08523297818503062,0.32801750854103606,"GJR-GARCH(1,1,1)-t"
3445,18.486822646099252,23.443174053814722,True,True,0.0,0.6959350598140305,"GJR-GARCH(1,1,1)-t"
3457,-1.7797995992290971,3.176551808486373,True,False,0.9999999999999962,7.564879698143466e-15,"GJR-GARCH(1,1,1)-t"
3465,-4.1128435878447895,0.8435078198706805,True,True,1.3536392689526321e-15,0.9273543814583083,"GJR-GARCH(1,1,1)-t"
3469,22.625125334891372,27.58147674260684,True,True,1.6828077047523718e-14,0.7613551052422152,"GJR-GARCH(1,1,1)-t"
3484,-6.7409225752083515,-1.7845711674928815,True,True,1.2222035604086087e-14,0.9679268805391277,"GJR-GARCH(1,1,1)-t"
3486,15.030099558770758,19.986450966486228,True,True,9.085148839249227e-13,0.9790472482735142,"GJR-GARCH(1,1,1)-t"
3513,42.43851986796085,47.39487127567632,True,True,3.652728638491922e-17,4.0882797867543654e-15,"GJR-GARCH(1,1,1)-t"
3516,2.6040037742975066,7.560355182012977,True,False,0.999999999999999,0.49999999999999967,"GJR-GARCH(1,1,1)-t"
3531,6.09189774022826,11.04824914794373,True,True,1.030500563537751e-16,0.1356189372481034,"GJR-GARCH(1,1,1)-t"
3536,17.604064520361938,22.560415928077408,True,True,2.7255611020700016e-18,4.6984360645008386e-14,"GJR-GARCH(1,1,1)-t"
3552,9.499880149274269,14.456231556989739,True,False,0.24503043201916172,0.765288729863776,"GJR-GARCH(1,1,1)-t"
3564,7.775344190896287,12.731695598611758,True,True,1.6474015793931667e-18,6.759094975642146e-14,"GJR-GARCH(1,1,1)-t"
3567,10.041213888058945,14.997565295774415,True,True,0.2533651966236668,0.24915009125371432,"GJR-GARCH(1,1,1)-t"
3580,70.17841473918153,75.13476614689701,True,False,0.0,1.0,"GJR-GARCH(1,1,1)-t"
3587,28.700540990886378,33.65689239860185,True,True,2.9311979647669443e-23,0.12365647334134869,"GJR-GARCH(1,1,1)-t"
3596,8.657157476055797,13.613508883771267,True,True,0.40215289512853775,2.1462889419679662e-16,"GJR-GARCH(1,1,1)-t"
3601,26.00254488997746,30.95889629769293,True,False,0.0,1.0,"GJR-GARCH(1,1,1)-t"
3607,13.315328963218313,18.271680370933783,True,True,1.8154177953923476e-14,0.8778846807960474,"GJR-GARCH(1,1,1)-t"
3622,-14.23628455620414,-9.27993314848867,True,True,1.1559033317557378e-12,0.2534295993258809,"GJR-GARCH(1,1,1)-t"
3626,58.980848501418215,63.93719990913368,True,True,2.87024289488041e-13,0.47366652691306604,"GJR-GARCH(1,1,1)-t"
3640,13.06160069260683,18.0179521003223,True,True,5.682395891863016e-09,0.9637882230746136,"GJR-GARCH(1,1,1)-t"
3650,14.062017135749704,19.018368543465176,True,True,0.962196853008118,5.650710458497486e-12,"GJR-GARCH(1,1,1)-t"
3655,-6.263487805374112,-1.3071363976586419,True,False,0.9999999999999998,0.39804395765247585,"GJR-GARCH(1,1,1)-t"
3660,10.588382054190486,15.544733461905956,True,False,0.3468994668128336,0.7844189370615234,"GJR-GARCH(1,1,1)-t"
3661,22.341535306280726,27.297886713996192,True,True,0.0,0.8543801629963478,"GJR-GARCH(1,1,1)-t"
3668,4.31394623631777,9.27029764403324,True,True,2.0546637612108542e-11,0.0,"GJR-GARCH(1,1,1)-t"
3685,21.409769529211204,26.366120936926677,True,True,3.381835668636234e-12,0.9808732576135933,"GJR-GARCH(1,1,1)-t"
3686,-0.1545483144990243,4.801803093216446,True,False,8.43923280895745e-12,0.9999999983537647,"GJR-GARCH(1,1,1)-t"
3694,12.742071626280875,17.698423033996345,True,True,6.644963971075923e-14,0.9233017253160342,"GJR-GARCH(1,1,1)-t"
3703,17.74290744038418,22.69925884809965,True,False,0.26919684812956435,0.865401575923256,"GJR-GARCH(1,1,1)-t"
3711,5.81977525382538,10.77612666154085,True,False,0.9999999999999994,0.46317334281412414,"GJR-GARCH(1,1,1)-t"
3720,41.92605633058691,46.882407738302376,True,True,6.155309526193526e-14,0.9699257215110513,"GJR-GARCH(1,1,1)-t"
3721,2.5854892336842994,7.541840641399769,True,True,0.0,0.7002923961237123,"GJR-GARCH(1,1,1)-t"
3732,4.051974303967912,9.008325711683382,True,True,6.529499577985109e-17,0.6849035543532318,"GJR-GARCH(1,1,1)-t"
3735,-0.2419951382818617,4.714356269433608,True,False,6.147988137023973e-16,0.9999999999999689,"GJR-GARCH(1,1,1)-t"
3737,1.2741618677752111,6.230513275490681,True,True,2.1960604235405525e-15,0.9585197581682019,"GJR-GARCH(1,1,1)-t"
3758,36.77213867721176,41.72849008492722,True,True,0.0,0.5383863259017216,"GJR-GARCH(1,1,1)-t"
3762,22.907005937545236,27.86335734526071,True,True,9.1273595822513e-16,0.967328493485447,"GJR-GARCH(1,1,1)-t"
3797,11.725847073582496,16.682198481297966,True,True,0.08066644062853295,0.03938045996005166,"GJR-GARCH(1,1,1)-t"
3804,15.389308516162309,20.34565992387778,True,True,0.08221526221760157,1.7293033155288637e-09,"GJR-GARCH(1,1,1)-t"
3836,10.863591487476933,15.819942895192403,True,True,8.995251044702909e-17,0.21958411881198756,"GJR-GARCH(1,1,1)-t"
3846,11.495884358568732,16.452235766284204,True,True,1.7895894373199507e-19,9.036537577950214e-13,"GJR-GARCH(1,1,1)-t"
3877,6.538171383074294,11.494522790789764,True,False,0.0,1.0,"GJR-GARCH(1,1,1)-t"
3884,-4.851230843612207,0.10512056410326309,True,True,0.0,0.0,"GJR-GARCH(1,1,1)-t"
3886,36.3173055567635,41.273656964478974,True,True,1.0170095497734745e-20,9.530220976828113e-13,"GJR-GARCH(1,1,1)-t"
3908,39.01916681592066,43.97551822363613,True,True,0.0,0.979049291403274,"GJR-GARCH(1,1,1)-t"
3921,8.057718461247624,13.014069868963094,True,True,0.0,1.6245993893994297e-15,"GJR-GARCH(1,1,1)-t"
3922,-1.2504477345890503,3.7059036731264197,True,True,0.6617284597890871,1.2450325584979812e-16,"GJR-GARCH(1,1,1)-t"
3931,11.076046101653674,16.032397509369144,True,True,0.06323125931202668,0.40603881675547054,"GJR-GARCH(1,1,1)-t"
3955,2.662850347329215,7.619201755044685,True,True,0.0,0.7182985968231698,"GJR-GARCH(1,1,1)-t"
3957,-0.9831021274312643,3.9732492802842057,True,False,0.0,1.0,"GJR-GARCH(1,1,1)-t"
3961,1.5284142786366264,6.484765686352096,True,False,0.38159620896640534,0.7660846918538818,"GJR-GARCH(1,1,1)-t"
3962,24.81627425516303,29.7726256628785,True,True,1.3665523095890447e-18,0.9774965069140552,"GJR-GARCH(1,1,1)-t"
3974,26.53362060153001,31.489972009245477,True,True,1.1945891860672252e-12,0.9720039426655299,"GJR-GARCH(1,1,1)-t"
3987,2.2772125254652416,7.233563933180712,True,False,0.36713960841057486,0.8164301175025747,"GJR-GARCH(1,1,1)-t"
3999,43.51473624259843,48.4710876503139,True,True,0.0,0.7814573760619079,"GJR-GARCH(1,1,1)-t"
4004,8.302382399795514,13.258733807510984,True,False,1.0,3.1105209695239814e-20,"GJR-GARCH(1,1,1)-t"
4013,26.234343201502803,31.190694609218276,True,False,6.426318109061024e-11,0.9999999834784107,"GJR-GARCH(1,1,1)-t"
4027,31.06030512677124,36.016656534486714,True,False,2.886191477559594e-18,1.0,"GJR-GARCH(1,1,1)-t"
4031,-7.971737833111117,-3.015386425395647,True,False,0.14959572899133744,0.9055185647023081,"GJR-GARCH(1,1,1)-t"
4032,19.17653761345502,24.13288902117049,True,False,0.0,1.0,"GJR-GARCH(1,1,1)-t"
4034,0.10045013238041633,5.056801540095886,True,True,5.900900549502191e-16,0.5638269934940005,"GJR-GARCH(1,1,1)-t"
4037,6.359365877607586,11.315717285323057,True,True,0.03334490854705222,0.0,"GJR-GARCH(1,1,1)-t"
4038,-13.896239832802102,-8.939888425086632,True,True,0.24238909397720243,2.2680195954068656e-14,"GJR-GARCH(1,1,1)-t"
4043,-1.4514697007048127,3.5048817070106573,True,False,0.0,0.9999999998912612,"GJR-GARCH(1,1,1)-t"
4052,19.528983227238644,24.485334634954114,True,True,2.8494254392154307e-16,0.0019051849502927196,"GJR-GARCH(1,1,1)-t"
4060,-6.2449972253604535,-1.2886458176449835,True,True,0.6687571138176257,3.8598797630143045e-18,"GJR-GARCH(1,1,1)-t"
4067,20.042169316999157,24.998520724714627,True,True,8.17544898744456e-10,0.9801157703183,"GJR-GARCH(1,1,1)-t"
4069,31.850272573865915,36.80662398158138,True,True,1.399833299152757e-13,1.0601017960860282e-12,"GJR-GARCH(1,1,1)-t"
4071,-24.833904149550676,-19.877552741835206,True,True,2.9442952921481173e-12,2.7006201564599376e-12,"GJR-GARCH(1,1,1)-t"
4072,24.74592448283205,29.70227589054752,True,True,2.6136366991443783e-18,8.25790753858867e-14,"GJR-GARCH(1,1,1)-t"
4075,-6.334842176834865,-1.378490769119395,True,False,4.46932777350021e-14,0.9999999999875766,"GJR-GARCH(1,1,1)-t"
4079,17.162532433814896,22.118883841530366,True,False,0.9999999999998683,0.25006083199242546,"GJR-GARCH(1,1,1)-t"
4084,18.541450571352705,23.497801979068175,True,True,3.3949514088407143e-12,0.0,"GJR-GARCH(1,1,1)-t"
4089,0.8275891866702416,5.783940594385712,True,False,0.9999999999994037,2.442540784629257e-13,"GJR-GARCH(1,1,1)-t"
4091,44.09338277269547,49.04973418041094,True,True,0.697105381514529,0.0,"GJR-GARCH(1,1,1)-t"
4103,8.951322693439753,13.907674101155223,True,True,1.3575681931768306e-15,0.2254585742555284,"GJR-GARCH(1,1,1)-t"
4106,29.88599165108466,34.842343058800125,True,True,0.001726660232573993,0.7342048031880641,"GJR-GARCH(1,1,1)-t"
4131,16.205041062360493,21.161392470075963,True,False,5.3525786124571204e-15,1.0,"GJR-GARCH(1,1,1)-t"
4132,20.536035447250732,25.492386854966202,True,True,5.749855868869263e-13,0.9554983762438378,"GJR-GARCH(1,1,1)-t"
4138,4.673483356490461,9.629834764205931,True,False,0.9999999999976751,2.664053205988912e-12,"GJR-GARCH(1,1,1)-t"
4140,-11.279399340148803,-6.323047932433333,True,True,0.2889965307150877,5.421275447252158e-22,"GJR-GARCH(1,1,1)-t"
4142,-8.008223205333408,-3.051871797617938,True,True,9.686740207047178e-11,3.422653802333906e-09,"GJR-GARCH(1,1,1)-t"
4155,47.94468206700662,52.901033474722084,True,False,0.34339792065828356,0.8283010396704817,"GJR-GARCH(1,1,1)-t"
4156,22.601662729306952,27.558014137022425,True,False,0.0,1.0,"GJR-GARCH(1,1,1)-t"
4158,23.854199924161836,28.810551331877306,True,True,0.42220693219802785,0.0,"GJR-GARCH(1,1,1)-t"
4159,12.894465852130317,17.850817259845787,True,False,0.999999999999874,5.876805737982681e-14,"GJR-GARCH(1,1,1)-t"
4173,-13.499243936231842,-8.542892528516372,True,True,9.886253790368343e-19,3.2058274809048017e-18,"GJR-GARCH(1,1,1)-t"
4186,46.10755778032451,51.063909188039986,True,True,1.275430169651753e-15,0.7728319824565011,"GJR-GARCH(1,1,1)-t"
4193,-2.300911479255671,2.655439928459799,True,False,0.9999999999999999,0.0,"GJR-GARCH(1,1,1)-t"
4201,25.505550145879646,30.461901553595112,True,True,9.848630248806776e-15,2.638669808646096e-14,"GJR-GARCH(1,1,1)-t"
4209,-1.4720858457237682,3.484265561991702,True,True,7.018544244584663e-15,0.9097453465365049,"GJR-GARCH(1,1,1)-t"
4219,4.515543841686201,9.47189524940167,True,True,7.403389066319317e-19,1.2829000756034024e-18,"GJR-GARCH(1,1,1)-t"
4226,4.680242029316679,9.636593437032149,True,True,1.6437521100724017e-08,0.9913983981851745,"GJR-GARCH(1,1,1)-t"
4257,13.869886945771537,18.826238353487007,True,True,5.055808766598893e-16,0.5701624118363544,"GJR-GARCH(1,1,1)-t"
4264,8.123701400334534,13.080052808050004,True,True,0.03407712742755979,0.9011129611455129,"GJR-GARCH(1,1,1)-t"
4265,0.35750520243291106,5.313856610148381,True,True,0.0,0.7009536590503709,"GJR-GARCH(1,1,1)-t"
4266,18.141608726313617,23.097960134029087,True,True,2.9519700068767045e-13,4.3621371239428714e-12,"GJR-GARCH(1,1,1)-t"
4275,29.832535185735374,34.78888659345084,True,True,0.0,5.014792047827174e-08,"GJR-GARCH(1,1,1)-t"
4293,-1.9462896490247292,3.0100617586907408,True,False,0.07600398499961052,0.9619980074662822,"GJR-GARCH(1,1,1)-t"
4294,17.662123875990815,22.618475283706285,True,False,1.0,0.0,"GJR-GARCH(1,1,1)-t"
4302,4.374759903026629,9.331111310742099,True,True,0.0,0.4453777611932553,"GJR-GARCH(1,1,1)-t"
4310,-12.47363447267772,-7.51728306496225,True,True,4.2186464041680804e-14,0.0,"GJR-GARCH(1,1,1)-t"
4318,14.099223850809933,19.0555752585254,True,True,1.5713895069511309e-16,7.343115344814065e-20,"GJR-GARCH(1,1,1)-t"
4329,19.473081049920445,24.429432457635915,True,False,3.718121880663835e-17,0.9999999999999981,"GJR-GARCH(1,1,1)-t"
4361,11.132684218533978,16.089035626249448,True,True,6.320710167849326e-14,1.6797220688925728e-12,"GJR-GARCH(1,1,1)-t"
4364,14.377060972466282,19.333412380181752,True,False,0.34840608063937784,0.7580186150627362,"GJR-GARCH(1,1,1)-t"
4367,16.21507918235999,21.17143059007546,True,False,1.243451139100831e-14,1.0,"GJR-GARCH(1,1,1)-t"
4371,14.425066508377217,19.381417916092687,True,True,1.2085900127338006e-13,0.6506782869626931,"GJR-GARCH(1,1,1)-t"
4377,-15.060629614163027,-10.104278206447557,True,False,1.0,0.0,"GJR-GARCH(1,1,1)-t"
4385,11.241023403872232,16.1973748115877,True,False,0.9999999999991366,5.111341925423551e-13,"GJR-GARCH(1,1,1)-t"
4388,9.015520253575882,13.971871661291352,True,True,3.595607178240385e-15,0.7986789000574286,"GJR-GARCH(1,1,1)-t"
4400,45.15981256633751,50.11616397405298,True,True,5.0293376694410486e-14,0.9571685887755107,"GJR-GARCH(1,1,1)-t"
4403,0.18098392812679975,5.13733533584227,True,False,0.0,0.9999999999962667,"GJR-GARCH(1,1,1)-t"
4414,7.462088038764049,12.41843944647952,True,True,6.754114800640076e-21,0.3461709159226959,"GJR-GARCH(1,1,1)-t"
4431,-8.771459649460756,-3.8151082417452855,True,True,1.023414648310207e-14,0.7444137001394908,"GJR-GARCH(1,1,1)-t"
4432,8.604384609445916,13.560736017161386,True,True,0.0,0.40588773043444465,"GJR-GARCH(1,1,1)-t"
4449,-1.7973799561098254,3.1589714516056446,True,True,0.0,3.647833290128446e-15,"GJR-GARCH(1,1,1)-t"
4457,34.16364596350601,39.11999737122148,True,True,0.29783893993083543,0.0,"GJR-GARCH(1,1,1)-t"
4460,-2.200674023537985,2.755677384177485,True,False,1.2552988163768505e-14,0.9999999999999983,"GJR-GARCH(1,1,1)-t"
4470,-5.123859582254216,-0.1675081745387459,True,True,0.5442185780271313,3.717929701957766e-15,"GJR-GARCH(1,1,1)-t"
4477,29.375664946268564,34.33201635398404,True,True,0.0,0.0,"GJR-GARCH(1,1,1)-t"
4479,32.249907088071105,37.20625849578657,True,False,1.0,1.1869813066895176e-13,"GJR-GARCH(1,1,1)-t"
4487,2.6226553580666234,7.579006765782093,True,True,0.008660317479644103,0.8186572523847535,"GJR-GARCH(1,1,1)-t"
4489,7.829054518731721,12.78540592644719,True,True,7.002710729564331e-16,0.8209718294517709,"GJR-GARCH(1,1,1)-t"
4493,9.54621677304375,14.50256818075922,True,False,2.4626633473042046e-17,0.999999999999869,"GJR-GARCH(1,1,1)-t"
4518,15.39083831078132,20.34718971849679,True,True,0.0,0.9489692188813769,"GJR-GARCH(1,1,1)-t"
4543,-11.09788125393628,-6.141529846220809,True,False,0.43176247239904536,0.7841187638004773,"GJR-GARCH(1,1,1)-t"
4547,22.272295082031924,27.228646489747394,True,True,3.388143218862114e-15,0.5338756986640091,"GJR-GARCH(1,1,1)-t"
4555,-1.6888922755211357,3.2674591321943343,True,False,1.2125381922147406e-13,0.9999999999981785,"GJR-GARCH(1,1,1)-t"
4557,10.526143767975128,15.482495175690598,True,False,0.0,1.0,"GJR-GARCH(1,1,1)-t"
4560,43.90896545112075,48.86531685883622,True,True,0.0,0.0,"GJR-GARCH(1,1,1)-t"
4570,3.036932394311119,7.993283802026589,True,True,4.084395019046886e-20,6.4000726280991294e-21,"GJR-GARCH(1,1,1)-t"
4571,23.58696628724209,28.543317694957558,True,False,3.220353154273303e-16,0.9999999999999992,"GJR-GARCH(1,1,1)-t"
4587,-10.755615455391535,-5.799264047676065,True,True,1.6790218871053434e-19,0.8375005908316893,"GJR-GARCH(1,1,1)-t"
4588,22.18070476476929,27.137056172484762,True,True,0.0,0.0,"GJR-GARCH(1,1,1)-t"
4601,27.62664713636275,32.582998544078215,True,False,0.0,0.9999999999999946,"GJR-GARCH(1,1,1)-t"
4603,9.968868845178928,14.925220252894398,True,False,1.3778669079884365e-15,0.9999999999999986,"GJR-GARCH(1,1,1)-t"
4613,2.1787668102234914,7.135118217938961,True,True,0.0,0.9121760733395392,"GJR-GARCH(1,1,1)-t"
4615,-1.987035869722117,2.969315537993353,True,False,3.158993299222162e-15,0.9999999999999616,"GJR-GARCH(1,1,1)-t"
4616,75.46206858368745,80.41841999140291,True,True,4.725065884828984e-14,0.07716902110593421,"GJR-GARCH(1,1,1)-t"
4618,27.340598100512146,32.29694950822761,True,False,9.235026496695071e-18,0.9999375425010594,"GJR-GARCH(1,1,1)-t"
4622,14.226341678093975,19.182693085809447,True,True,0.45659599474671686,1.20717655493109e-21,"GJR-GARCH(1,1,1)-t"
4627,8.244744549848662,13.201095957564132,True,True,0.0,0.9253766593579493,"GJR-GARCH(1,1,1)-t"
4630,7.886487189901205,12.842838597616675,True,False,0.0,1.0,"GJR-GARCH(1,1,1)-t"
4649,-16.576584202390904,-11.620232794675434,True,True,4.219304280020765e-12,0.9628592326528752,"GJR-GARCH(1,1,1)-t"
4654,-8.024304415064446,-3.067953007348976,True,True,6.546946267122291e-16,0.043689744791425685,"GJR-GARCH(1,1,1)-t"
4661,0.3208257463052835,5.2771771540207535,True,True,6.156552522792304e-15,0.9832388501030322,"GJR-GARCH(1,1,1)-t"
4667,21.408807906429107,26.365159314144577,True,True,3.1154412326551765e-20,0.9776545223432619,"GJR-GARCH(1,1,1)-t"
4690,15.457786454641925,20.414137862357393,True,True,0.0,0.8774916630071101,"GJR-GARCH(1,1,1)-t"
4695,16.509475120138198,21.465826527853668,True,True,2.5783509339634133e-14,0.0,"GJR-GARCH(1,1,1)-t"
4707,14.024318173138346,18.980669580853817,True,True,0.0,0.8323083759277329,"GJR-GARCH(1,1,1)-t"
4713,11.648202528476673,16.604553936192143,True,True,4.225085968014598e-16,0.9803033673331909,"GJR-GARCH(1,1,1)-t"
4714,21.6491589607571,26.60551036847257,True,True,0.48656966667951407,0.19117668993767048,"GJR-GARCH(1,1,1)-t"
4723,10.182209406633731,15.138560814349201,True,False,1.0,4.7940010025958797e-20,"GJR-GARCH(1,1,1)-t"
4724,-16.31322573850319,-11.356874330787718,True,True,0.0,0.8299433431581008,"GJR-GARCH(1,1,1)-t"
4737,14.904515330682118,19.86086673839759,True,True,0.0,0.34598595185799685,"GJR-GARCH(1,1,1)-t"
4739,12.000146961353618,16.956498369069088,True,True,0.0,0.909316949398356,"GJR-GARCH(1,1,1)-t"
4743,38.2258069013125,43.18215830902797,True,True,3.921539015056024e-20,0.9733971293643944,"GJR-GARCH(1,1,1)-t"
4746,17.619191854538425,22.575543262253895,True,True,1.1856367619471118e-18,0.8980052882484953,"GJR-GARCH(1,1,1)-t"
4754,8.88550722497228,13.84185863268775,True,False,0.0,1.0,"GJR-GARCH(1,1,1)-t"
4762,57.64983446608557,62.60618587380104,True,True,3.08894928585109e-16,0.0022527265907312,"GJR-GARCH(1,1,1)-t"
4774,10.511549523084621,15.467900930800091,True,True,0.003710142100283472,0.4602331019780298,"GJR-GARCH(1,1,1)-t"
4787,16.09891603029838,21.05526743801385,True,False,0.0,1.0,"GJR-GARCH(1,1,1)-t"
4797,10.362338596416222,15.318690004131692,True,True,0.0,0.9629427036327503,"GJR-GARCH(1,1,1)-t"
4817,21.621417601007145,26.577769008722612,True,False,2.6103300382644678e-14,0.9999999999998221,"GJR-GARCH(1,1,1)-t"
4844,17.057868086567872,22.014219494283342,True,True,0.0,0.9981381224581024,"GJR-GARCH(1,1,1)-t"
4849,16.459296431874698,21.415647839590168,True,False,3.0911324169442017e-19,1.0,"GJR-GARCH(1,1,1)-t"
4850,65.64208077776286,70.59843218547832,True,True,0.44950623316280525,1.3294838666845611e-17,"GJR-GARCH(1,1,1)-t"
4851,18.28412715370458,23.24047856142005,True,True,0.0,0.7545713015443233,"GJR-GARCH(1,1,1)-t"
4858,16.154263359313497,21.110614767028963,True,False,0.0,0.9999999999999997,"GJR-GARCH(1,1,1)-t"
4867,-23.26544510853821,-18.30909370082274,True,True,1.1195905828940617e-15,0.42626150068999846,"GJR-GARCH(1,1,1)-t"
4869,35.32037791879953,40.276729326514996,True,True,0.0,0.797628806321598,"GJR-GARCH(1,1,1)-t"
4889,13.47510357064711,18.43145497836258,True,False,0.0,0.9999999999999997,"GJR-GARCH(1,1,1)-t"
4902,37.40339219889867,42.359743606614146,True,True,0.020922478528595773,0.8262309884412179,"GJR-GARCH(1,1,1)-t"
4905,22.525088649829378,27.48144005754485,True,True,3.970353692024784e-15,0.9818135532189735,"GJR-GARCH(1,1,1)-t"
4910,0.6701682759990817,5.626519683714552,True,False,3.1629898855369987e-15,0.9999999999999972,"GJR-GARCH(1,1,1)-t"
4913,-8.91430352926157,-3.9579521215461,True,True,1.1804386602529893e-18,0.0,"GJR-GARCH(1,1,1)-t"
4927,26.494976654029113,31.451328061744583,True,True,5.85493098572494e-15,0.7554420468986003,"GJR-GARCH(1,1,1)-t"
4935,14.258915534452697,19.215266942168167,True,True,2.0874004190069804e-16,0.28658304530705736,"GJR-GARCH(1,1,1)-t"
4951,6.508914429145602,11.465265836861072,True,True,0.0,2.241342855217491e-15,"GJR-GARCH(1,1,1)-t"
4957,19.76293476752064,24.71928617523611,True,True,7.403733668689579e-17,0.8498216756452277,"GJR-GARCH(1,1,1)-t"
4958,8.425654334916487,13.382005742631957,True,True,9.153346033183183e-15,0.9709705856068129,"GJR-GARCH(1,1,1)-t"
4962,10.420471840607457,15.376823248322927,True,False,1.0,3.758116564304658e-15,"GJR-GARCH(1,1,1)-t"
4978,19.028875909025302,23.985227316740776,True,False,0.0,1.0,"GJR-GARCH(1,1,1)-t"
4984,0.7259261935953898,5.68227760131086,True,True,6.858506334176724e-20,0.7102145553393622,"GJR-GARCH(1,1,1)-t"
4987,20.54952619998246,25.50587760769793,True,False,0.25206113876515646,0.8695575963747357,"GJR-GARCH(1,1,1)-t"
4991,39.44694482217538,44.40329622989085,True,True,0.23742896588053164,1.5991004455900014e-05,"GJR-GARCH(1,1,1)-t"
4995,36.407619168183345,41.36397057589882,True,True,0.0743292839050392,6.652028153854052e-12,"GJR-GARCH(1,1,1)-t"
4997,60.88658779067361,65.84293919838908,True,True,0.0,0.966963793826654,"GJR-GARCH(1,1,1)-t"
5020,-8.570449289598692,-3.6140978818832217,True,False,2.4572760696595814e-14,0.9999999999997551,"GJR-GARCH(1,1,1)-t"
5025,41.635287553364776,46.59163896108024,True,True,5.1838856825627365e-14,1.2317825720783217e-13,"GJR-GARCH(1,1,1)-t"
5032,-16.48002951914031,-11.52367811142484,True,True,6.43721159989758e-16,0.2124691353845464,"GJR-GARCH(1,1,1)-t"
5046,16.394860192845723,21.351211600561193,True,False,0.999999999999792,1.8657922583116026e-13,"GJR-GARCH(1,1,1)-t"
5056,19.881681785488624,24.838033193204097,True,True,7.977070889040797e-14,0.9891559274095924,"GJR-GARCH(1,1,1)-t"
5063,10.519522995796205,15.475874403511675,True,True,0.0,0.9049766508962985,"GJR-GARCH(1,1,1)-t"
5101,-0.912128633754012,4.044222773961458,True,True,4.790635469155295e-15,3.251738936612976e-14,"GJR-GARCH(1,1,1)-t"
5113,17.001369875667912,21.957721283383382,True,True,2.693808742092306e-16,3.045634853040154e-17,"GJR-GARCH(1,1,1)-t"
5118,16.220490491320184,21.176841899035658,True,True,2.799776728085708e-15,0.8243693632550843,"GJR-GARCH(1,1,1)-t"
5124,-7.4975741420227955,-2.5412227343073255,True,False,0.0,1.0,"GJR-GARCH(1,1,1)-t"
5139,-7.418506573159359,-2.462155165443889,True,True,0.10977253787878247,0.8863686039365632,"GJR-GARCH(1,1,1)-t"
5141,9.304906425686973,14.261257833402443,True,True,8.841106226791478e-13,0.988400871909097,"GJR-GARCH(1,1,1)-t"
5149,27.217193673987374,32.17354508170284,True,True,3.691561307774939e-16,0.0,"GJR-GARCH(1,1,1)-t"
5152,-2.0983531915369795,2.8579982161784905,True,False,0.4762417141710174,0.564206735622753,"GJR-GARCH(1,1,1)-t"
5153,8.575584633991049,13.531936041706519,True,True,4.028976406282538e-15,0.9914831417667318,"GJR-GARCH(1,1,1)-t"
5163,22.564389332422365,27.520740740137832,True,False,0.0,0.9999999999992052,"GJR-GARCH(1,1,1)-t"
5164,-0.8207154595031376,4.135635948212332,True,True,5.817302538222198e-17,6.120904603854619e-23,"GJR-GARCH(1,1,1)-t"
5171,18.37927843501877,23.33562984273424,True,True,2.6002417622694182e-15,0.9274534193986053,"GJR-GARCH(1,1,1)-t"
5173,23.801957088078318,28.758308495793784,True,False,0.9999999999999986,0.08705663605685081,"GJR-GARCH(1,1,1)-t"
5193,18.35642803534169,23.31277944305716,True,True,0.0,0.0,"GJR-GARCH(1,1,1)-t"
5206,-11.479995047743849,-6.523643640028379,True,True,0.5503216939478328,7.207925026965355e-16,"GJR-GARCH(1,1,1)-t"
5213,8.495682182696015,13.452033590411485,True,False,6.343163001434074e-10,0.999999905460379,"GJR-GARCH(1,1,1)-t"
5218,19.29097960743178,24.24733101514725,True,False,0.9545965413173539,0.5227017293413194,"GJR-GARCH(1,1,1)-t"
5232,12.027322208582769,16.983673616298237,True,False,8.209043999176143e-14,0.9999999999633428,"GJR-GARCH(1,1,1)-t"
5235,7.0962292260464,12.05258063376187,True,False,0.9999999994559922,2.7066932341754305e-10,"GJR-GARCH(1,1,1)-t"
5239,55.084376107360164,60.04072751507563,True,True,0.0,0.9628254064705247,"GJR-GARCH(1,1,1)-t"
5245,0.5145091466481624,5.470860554363632,True,True,0.0,0.7448816619194665,"GJR-GARCH(1,1,1)-t"
5249,35.80570981774508,40.76206122546055,True,True,0.14966316877356745,0.6465137672551725,"GJR-GARCH(1,1,1)-t"
5266,19.775983084187096,24.73233449190257,True,False,0.0,1.0,"GJR-GARCH(1,1,1)-t"
5285,25.870588619066087,30.826940026781557,True,True,3.3255066003797416e-13,0.9720397056745186,"GJR-GARCH(1,1,1)-t"
5297,-10.813019417642401,-5.856668009926931,True,True,0.1802304274700598,0.5198830122901338,"GJR-GARCH(1,1,1)-t"
5300,20.29146652148079,25.24781792919626,True,True,0.0,0.0,"GJR-GARCH(1,1,1)-t"
5302,18.052029114679115,23.008380522394585,True,False,2.0132800733589837e-16,0.9999999999999998,"GJR-GARCH(1,1,1)-t"
5303,54.341919279846664,59.29827068756214,True,True,4.808397566852132e-12,0.8176623772349395,"GJR-GARCH(1,1,1)-t"
5305,10.109456447391402,15.065807855106872,True,True,1.510802139973165e-17,0.8891912142864119,"GJR-GARCH(1,1,1)-t"
5314,13.250439048206392,18.206790455921862,True,True,8.427025936034536e-16,7.659714961421703e-14,"GJR-GARCH(1,1,1)-t"
5340,15.980976921573893,20.937328329289365,True,True,0.0,0.16475142590375863,"GJR-GARCH(1,1,1)-t"
5344,8.300281985888708,13.256633393604178,True,True,3.247409048512499e-14,0.8905303146466584,"GJR-GARCH(1,1,1)-t"
5347,-9.02169136026037,-4.0653399525449,True,False,0.9999999998111451,8.86325094089647e-11,"GJR-GARCH(1,1,1)-t"
5356,23.471842056916117,28.42819346463159,True,True,4.108571199895511e-14,0.6549307675293163,"GJR-GARCH(1,1,1)-t"
5368,-6.980488822037735,-2.024137414322265,True,False,0.0,0.9999999999999932,"GJR-GARCH(1,1,1)-t"
5391,-2.9018497206544893,2.0545016870609807,True,True,0.0,0.7182357612993494,"GJR-GARCH(1,1,1)-t"
5392,-0.4029407746414293,4.553410633074041,True,True,7.139449773734914e-15,0.7674365206183706,"GJR-GARCH(1,1,1)-t"
5400,-3.098747270144951,1.8576041375705188,True,True,0.07141911723518493,0.45153230188930976,"GJR-GARCH(1,1,1)-t"
5401,25.135983455643718,30.092334863359188,True,True,0.38705282964714494,1.652046783346528e-16,"GJR-GARCH(1,1,1)-t"
5407,27.57376711102756,32.53011851874303,True,True,0.9074783499414801,1.9759958519512997e-11,"GJR-GARCH(1,1,1)-t"
5417,24.10205545801059,29.058406865726063,True,True,6.671474680724424e-12,0.9170533059285615,"GJR-GARCH(1,1,1)-t"
5421,55.61681739552241,60.57316880323788,True,True,0.0,0.9015336625886362,"GJR-GARCH(1,1,1)-t"
5424,-3.2913162563202647,1.6650351513952053,True,True,0.0,2.777057473562201e-12,"GJR-GARCH(1,1,1)-t"
5425,7.919710021354629,12.876061429070099,True,False,7.0753430870683915e-15,0.9999999999803011,"GJR-GARCH(1,1,1)-t"
5444,22.007186488052575,26.963537895768045,True,True,0.0020410818719021097,0.7215758297249489,"GJR-GARCH(1,1,1)-t"
5458,30.068099552963158,35.02445096067863,True,True,0.21341033297259746,5.6205099310343666e-15,"GJR-GARCH(1,1,1)-t"
5470,2.7856311468480186,7.741982554563489,True,True,2.6656553729691913e-17,0.2569189807689498,"GJR-GARCH(1,1,1)-t"
5480,5.749496524443423,10.705847932158893,True,False,0.9999999999999695,0.007897314285462972,"GJR-GARCH(1,1,1)-t"
5488,4.177910836347703,9.134262244063173,True,True,2.802006886638328e-17,0.9973492268950729,"GJR-GARCH(1,1,1)-t"
5490,26.108037768825852,31.064389176541322,True,False,0.999999999979763,2.0447785626294998e-11,"GJR-GARCH(1,1,1)-t"
5496,11.007731593829941,15.964083001545411,True,True,1.8374807426416842e-17,1.5434970542797256e-16,"GJR-GARCH(1,1,1)-t"
5497,3.1870691235008763,8.143420531216346,True,True,3.4292069121632813e-18,0.6809953845718759,"GJR-GARCH(1,1,1)-t"
5505,11.517426624225335,16.473778031940803,True,True,2.6261872000689574e-09,0.9763030807207838,"GJR-GARCH(1,1,1)-t"
5510,6.09355303933075,11.04990444704622,True,False,0.9999999999999998,2.24199462565963e-16,"GJR-GARCH(1,1,1)-t"
5512,-5.093094910008041,-0.13674350229257115,True,False,0.9999999999999998,0.3227404285316521,"GJR-GARCH(1,1,1)-t"
5513,5.9141899873307135,10.870541395046184,True,True,1.073073201021992e-16,0.7421292908128703,"GJR-GARCH(1,1,1)-t"
5517,47.400806849740505,52.35715825745598,True,True,0.0,0.7748154572632249,"GJR-GARCH(1,1,1)-t"
5532,-2.7254191794254474,2.2309322282900226,True,True,8.905825862078673e-15,0.4509913609500205,"GJR-GARCH(1,1,1)-t"
5539,30.47413805357478,35.43048946129025,True,True,3.717894523174708e-15,0.9057675674266121,"GJR-GARCH(1,1,1)-t"
5580,27.91878999337551,32.87514140109098,True,False,0.0,1.0,"GJR-GARCH(1,1,1)-t"
5598,12.95979481077025,17.91614621848572,True,True,0.0,4.263068235739828e-15,"GJR-GARCH(1,1,1)-t"
5601,36.25862085024344,41.214972257958905,True,True,9.999666231750141e-18,3.610540602891632e-14,"GJR-GARCH(1,1,1)-t"
5609,3.7546207125594915,8.710972120274961,True,True,0.0,0.9757362573845648,"GJR-GARCH(1,1,1)-t"
5611,23.959120167844574,28.91547157556004,True,False,2.9817511073518454e-15,0.9999999999999981,"GJR-GARCH(1,1,1)-t"
5620,22.14600233507778,27.102353742793248,True,True,0.951790310693784,1.2738311454355906e-09,"GJR-GARCH(1,1,1)-t"
5629,-5.054949120047574,-0.09859771233210424,True,True,0.17264537259609888,0.12893780729819118,"GJR-GARCH(1,1,1)-t"
5648,5.8529713762638345,10.809322783979304,True,False,0.3345548775770719,0.7547159649296996,"GJR-GARCH(1,1,1)-t"
5658,-0.1504658966101058,4.805885511105364,True,True,0.7544972530411492,2.1029060835786135e-15,"GJR-GARCH(1,1,1)-t"
5663,1.4783008163233298,6.4346522240388,True,True,7.790376453938077e-16,0.9313065518309075,"GJR-GARCH(1,1,1)-t"
5666,-0.5193208335541506,4.437030574161319,True,True,1.7996369907197147e-11,0.9737135003888693,"GJR-GARCH(1,1,1)-t"
5667,0.5164658924774024,5.472817300192872,True,True,0.0,0.22545037181436692,"GJR-GARCH(1,1,1)-t"
5676,0.4187409161823954,5.375092323897865,True,False,2.96005554470823e-21,1.0,"GJR-GARCH(1,1,1)-t"
5678,21.078231741836486,26.034583149551956,True,True,5.363254886387951e-13,0.0,"GJR-GARCH(1,1,1)-t"
5682,17.12048682246419,22.07683823017966,True,False,0.4649657560125831,0.7675171219937079,"GJR-GARCH(1,1,1)-t"
5686,-4.827716981541606,0.1286344261738641,True,False,7.873498134056098e-16,0.9999999999999996,"GJR-GARCH(1,1,1)-t"
5704,-7.710184341655001,-2.753832933939531,True,True,0.05654641373429947,8.88619964002359e-18,"GJR-GARCH(1,1,1)-t"
5706,20.411231781711326,25.367583189426796,True,False,6.894446134678918e-19,0.9999999999999624,"GJR-GARCH(1,1,1)-t"
5728,53.57789327582265,58.53424468353812,True,True,0.0,0.4061879734859871,"GJR-GARCH(1,1,1)-t"
5729,26.7531832695796,31.709534677295075,True,False,1.0,0.0,"GJR-GARCH(1,1,1)-t"
5743,3.181230912201441,8.13758231991691,True,True,0.18196195915087088,0.05893024471656003,"GJR-GARCH(1,1,1)-t"
5749,12.47093682766318,17.42728823537865,True,True,0.0,0.9581240651967972,"GJR-GARCH(1,1,1)-t"
5756,43.82610875072329,48.78246015843876,True,True,0.007438707063744914,8.578409964681685e-09,"GJR-GARCH(1,1,1)-t"
5759,26.035924048153543,30.992275455869013,True,True,1.650544632822904e-15,0.5989107312511129,"GJR-GARCH(1,1,1)-t"
5763,27.91592835165907,32.872279759374536,True,True,0.0,0.0,"GJR-GARCH(1,1,1)-t"
5773,0.4014218186423921,5.357773226357862,True,True,0.0,0.7965111897237719,"GJR-GARCH(1,1,1)-t"
5777,6.992820811642163,11.949172219357633,True,True,7.487828469829158e-18,1.2295763606161763e-15,"GJR-GARCH(1,1,1)-t"
5787,78.49160559701603,83.4479570047315,True,True,0.0,0.40003691819903586,"GJR-GARCH(1,1,1)-t"
5790,19.970374322733655,24.926725730449128,True,True,2.074200541176064e-13,0.7577808450942517,"GJR-GARCH(1,1,1)-t"
5793,6.118644682557878,11.074996090273348,True,True,0.10906737737133913,0.5262096796121616,"GJR-GARCH(1,1,1)-t"
5795,-2.5279881606684,2.42836324704707,True,False,0.42572070807548373,0.7496043801760942,"GJR-GARCH(1,1,1)-t"
5803,5.299374209486583,10.255725617202053,True,False,1.4931181562180332e-10,0.9999979172827416,"GJR-GARCH(1,1,1)-t"
5809,16.025281704226085,20.981633111941555,True,True,0.0,0.8636453874074245,"GJR-GARCH(1,1,1)-t"
5816,24.727777011976304,29.684128419691774,True,True,2.679807486632573e-18,0.38176931470031744,"GJR-GARCH(1,1,1)-t"
5817,42.87606470253645,47.83241611025192,True,True,0.12105383684280374,0.2547657098684022,"GJR-GARCH(1,1,1)-t"
5825,2.190154504212053,7.146505911927523,True,True,0.0,0.8890550522107467,"GJR-GARCH(1,1,1)-t"
5829,11.486722182483826,16.443073590199294,True,True,1.731277112760399e-16,0.630994340564372,"GJR-GARCH(1,1,1)-t"
5831,-14.826536411670038,-9.870185003954568,True,True,0.678635752159787,2.1706482694323655e-13,"GJR-GARCH(1,1,1)-t"
5832,5.990799674818721,10.947151082534191,True,True,1.8587434589725048e-15,0.9785927399745726,"GJR-GARCH(1,1,1)-t"
5842,17.54848916090414,22.504840568619613,True,True,0.5848213596353071,1.4466515433419874e-14,"GJR-GARCH(1,1,1)-t"
5846,13.437021965504135,18.393373373219603,True,True,1.1543716546587642e-15,0.40797359139790973,"GJR-GARCH(1,1,1)-t"
5853,20.59478578180504,25.55113718952051,True,False,2.857143843278678e-12,1.0,"GJR-GARCH(1,1,1)-t"
5872,38.104540265096766,43.06089167281223,True,False,0.0,0.9999999999999967,"GJR-GARCH(1,1,1)-t"
5878,-3.9957465377486017,0.9606048699668683,True,True,0.0,0.8840607640607973,"GJR-GARCH(1,1,1)-t"
5904,51.20265095554223,56.1590023632577,True,True,2.5909119530017303e-15,0.9283870901630591,"GJR-GARCH(1,1,1)-t"
5907,-10.244127408662699,-5.287776000947229,True,True,4.469827201576432e-10,0.7150349066525679,"GJR-GARCH(1,1,1)-t"
5910,-3.7491083220899277,1.2072430856255423,True,True,1.6556761086834865e-11,0.9504523501022861,"GJR-GARCH(1,1,1)-t"
5913,9.2997997435297,14.25615115124517,True,True,0.08857691264993882,5.414258132334303e-16,"GJR-GARCH(1,1,1)-t"
5915,20.492774828425492,25.449126236140962,True,True,2.1157908485881947e-13,0.9529218493901258,"GJR-GARCH(1,1,1)-t"
5916,11.570802533914716,16.527153941630186,True,True,4.581189153525133e-17,0.09792555903129668,"GJR-GARCH(1,1,1)-t"
5929,12.329359853286554,17.285711261002024,True,True,0.0,1.084842585803774e-15,"GJR-GARCH(1,1,1)-t"
5932,18.317696093370753,23.274047501086223,True,True,4.530716440594736e-12,2.1571195119953266e-10,"GJR-GARCH(1,1,1)-t"
5934,14.86269090863356,19.81904231634903,True,False,1.7223152202370492e-15,0.9999999999999912,"GJR-GARCH(1,1,1)-t"
5944,41.504784116004544,46.46113552372002,True,True,1.6477777252285035e-13,0.7451749010857306,"GJR-GARCH(1,1,1)-t"
5958,9.861506363500322,14.817857771215792,True,False,9.400390024986958e-14,0.999999999999187,"GJR-GARCH(1,1,1)-t"
5975,2.5482802673496714,7.504631675065141,True,True,0.0,0.9330013236141994,"GJR-GARCH(1,1,1)-t"
5976,15.713547821648653,20.669899229364123,True,False,0.999999999957738,1.2827310883753106e-11,"GJR-GARCH(1,1,1)-t"
5978,23.845292373200834,28.801643780916304,True,False,0.0,1.0,"GJR-GARCH(1,1,1)-t"
5987,4.651442691789814,9.607794099505284,True,True,3.3348433796529653e-15,0.0,"GJR-GARCH(1,1,1)-t"
6016,4.006867067769193,8.963218475484663,True,True,0.9054220149441792,1.93646917643485e-13,"GJR-GARCH(1,1,1)-t"
6020,32.46288242393639,37.419233831651866,True,True,1.7786423338298908e-12,2.7628281544070185e-11,"GJR-GARCH(1,1,1)-t"
6029,60.13775509685499,65.09410650457046,True,True,0.0,0.7408018770920335,"GJR-GARCH(1,1,1)-t"
6065,0.5652368623251789,5.521588270040649,True,True,0.0,0.7559119822416465,"GJR-GARCH(1,1,1)-t"
6068,36.11599577294879,41.072347180664266,True,True,0.0,0.9205275537625361,"GJR-GARCH(1,1,1)-t"
6070,0.6610638448150965,5.6174152525305665,True,True,6.208743953066492e-13,0.927298402856632,"GJR-GARCH(1,1,1)-t"
6074,34.914825466757165,39.87117687447263,True,True,0.0,0.9685551539785239,"GJR-GARCH(1,1,1)-t"
6076,12.504007021072114,17.460358428787583,True,False,1.1386924354996103e-10,0.9999999994255866,"GJR-GARCH(1,1,1)-t"
6082,-12.381577488997465,-7.425226081281995,True,False,0.0,1.0,"GJR-GARCH(1,1,1)-t"
6085,11.727085095192107,16.683436502907576,True,True,0.0,0.0,"GJR-GARCH(1,1,1)-t"
6089,5.459084302204769,10.415435709920239,True,True,0.0,3.251647097713997e-15,"GJR-GARCH(1,1,1)-t"
6102,17.15080074025689,22.10715214797236,True,True,0.0,0.8950979253703392,"GJR-GARCH(1,1,1)-t"
6108,-0.5226782759333037,4.433673131782166,True,False,3.801537118177177e-13,0.99999999998483,"GJR-GARCH(1,1,1)-t"
6114,23.946670836186648,28.90302224390212,True,False,0.9999999999999999,0.0895736841922273,"GJR-GARCH(1,1,1)-t"
6115,12.285345819758152,17.241697227473622,True,True,9.751181648564118e-17,0.00999012911208617,"GJR-GARCH(1,1,1)-t"
6121,4.230847739607576,9.187199147323046,True,True,1.1201280907898975e-15,0.0,"GJR-GARCH(1,1,1)-t"
6134,0.9541619418162774,5.9105133495317475,True,True,6.0125389661271e-14,0.9404779175617575,"GJR-GARCH(1,1,1)-t"
6139,-3.428053666838352,1.5282977408771181,True,True,1.6324939911320914e-13,0.9669338570499126,"GJR-GARCH(1,1,1)-t"
6144,56.84308498949177,61.799436397207245,True,True,0.0,0.8886612256070676,"GJR-GARCH(1,1,1)-t"
6145,5.668726010891296,10.625077418606766,True,True,4.300259810067552e-16,0.15188160931098946,"GJR-GARCH(1,1,1)-t"
6166,2.407094543541085,7.363445951256555,True,False,0.0,1.0,"GJR-GARCH(1,1,1)-t"
6172,27.764587810442425,32.720939218157895,True,True,2.1217632505114127e-11,0.9661303292701782,"GJR-GARCH(1,1,1)-t"
6174,56.51160133914303,61.4679527468585,True,True,0.0,0.961376000568698,"GJR-GARCH(1,1,1)-t"
6177,23.295612703977106,28.25196411169258,True,True,2.6104510393391895e-24,0.3064582084819931,"GJR-GARCH(1,1,1)-t"
6197,-15.121700318293481,-10.165348910578011,True,False,0.9999999999955205,4.437302525358007e-12,"GJR-GARCH(1,1,1)-t"
6213,29.764106293488993,34.72045770120446,True,True,0.0,0.45291266065820235,"GJR-GARCH(1,1,1)-t"
6217,8.16800381984882,13.12435522756429,True,True,5.199305509093636e-15,0.6703787402579334,"GJR-GARCH(1,1,1)-t"
6235,6.668132632789508,11.624484040504978,True,True,0.0,0.9788703136557555,"GJR-GARCH(1,1,1)-t"
6256,20.553137200508445,25.50948860822392,True,True,2.468656858480756e-12,9.41166785905502e-18,"GJR-GARCH(1,1,1)-t"
6270,-1.7693897805760326,3.1869616271394374,True,True,0.0,0.9730078869560309,"GJR-GARCH(1,1,1)-t"
6272,-0.32344496135522505,4.632906446360245,True,True,3.878227700749217e-13,1.5684124231122997e-12,"GJR-GARCH(1,1,1)-t"
6274,1.9938817799960447,6.950233187711515,True,True,1.2388605717360803e-14,0.24150266732720882,"GJR-GARCH(1,1,1)-t"
6286,-2.3471500169262427,2.6092013907892273,True,False,0.3046902141497086,0.847654892925146,"GJR-GARCH(1,1,1)-t"
6287,14.237849964330104,19.194201372045576,True,False,1.0,0.045759095452723594,"GJR-GARCH(1,1,1)-t"
6296,44.03386328297472,48.99021469069019,True,False,1.0,4.1534748742722333e-19,"GJR-GARCH(1,1,1)-t"
6316,43.718563664761206,48.67491507247667,True,True,4.2832404290038545e-16,0.556275549159794,"GJR-GARCH(1,1,1)-t"
6324,3.163864432732675,8.120215840448145,True,True,8.44674934140509e-17,2.9145916687136583e-16,"GJR-GARCH(1,1,1)-t"
6325,7.640193852837648,12.596545260553118,True,False,0.3136615761189151,0.8297190401314223,"GJR-GARCH(1,1,1)-t"
6342,-13.892741723742105,-8.936390316026635,True,True,0.4885635327943901,1.7172319560529206e-16,"GJR-GARCH(1,1,1)-t"
6356,8.97300103299532,13.92935244071079,True,True,3.1733173582680872e-19,0.05870486472105792,"GJR-GARCH(1,1,1)-t"
6359,29.01963167873623,33.9759830864517,True,False,0.9999999999971907,8.651132266548716e-13,"GJR-GARCH(1,1,1)-t"
6367,8.611549648202502,13.567901055917972,True,False,0.9999999991885408,1.1895865946555708e-10,"GJR-GARCH(1,1,1)-t"
6382,-1.4410461886861352,3.515305219029335,True,True,2.927559346993834e-17,0.9516377105994818,"GJR-GARCH(1,1,1)-t"
6390,11.971576559827303,16.927927967542775,True,False,6.638008827651674e-14,1.0,"GJR-GARCH(1,1,1)-t"
6398,66.80546894839279,71.76182035610826,True,True,5.560521277191275e-14,0.9578222991300092,"GJR-GARCH(1,1,1)-t"
6403,20.377698586594803,25.334049994310277,True,True,1.8135371588384098e-14,0.5023478986735537,"GJR-GARCH(1,1,1)-t"
6410,-7.108982006419623,-2.152630598704153,True,False,1.0,0.0,"GJR-GARCH(1,1,1)-t"
6428,-14.512326555738117,-9.555975148022647,True,True,7.174398333459039e-19,0.5071644064593027,"GJR-GARCH(1,1,1)-t"
6434,16.52223901964242,21.478590427357894,True,True,1.35617899471958e-09,0.8022395298924446,"GJR-GARCH(1,1,1)-t"
6445,-5.059699259188292,-0.10334785147282233,True,True,0.9703206143630072,0.0,"GJR-GARCH(1,1,1)-t"
6463,-0.2113818157817633,4.744969591933707,True,True,1.1274526297375746e-07,0.9687733323896816,"GJR-GARCH(1,1,1)-t"
6476,3.3490158351373154,8.305367242852785,True,False,1.5121154327796602e-11,1.0,"GJR-GARCH(1,1,1)-t"
6480,-0.3198872372283912,4.636464170487079,True,True,0.0705753801732752,2.2084490151067906e-14,"GJR-GARCH(1,1,1)-t"
6481,-0.19065042333140703,4.765700984384063,True,False,3.817321149634894e-15,0.9999999999999882,"GJR-GARCH(1,1,1)-t"
6482,3.003289106587445,7.959640514302915,True,True,8.934519802720613e-18,0.9736231442440526,"GJR-GARCH(1,1,1)-t"
6483,1.3878044817900665,6.3441558895055365,True,True,8.175556942297528e-16,0.7184001215806812,"GJR-GARCH(1,1,1)-t"
6489,-5.543521048398965,-0.587169640683495,True,True,4.056141951399701e-18,0.5940310076917046,"GJR-GARCH(1,1,1)-t"
6493,12.961363060523675,17.917714468239144,True,True,1.4751482861840264e-19,1.6562364347090236e-15,"GJR-GARCH(1,1,1)-t"
6494,5.997452477922234,10.953803885637704,True,True,0.0,3.609424202294206e-15,"GJR-GARCH(1,1,1)-t"
6520,17.24536270081486,22.20171410853033,True,False,0.0,0.999999999999385,"GJR-GARCH(1,1,1)-t"
6523,-0.8847378279493245,4.0716135797661455,True,True,0.0,0.7803273018676875,"GJR-GARCH(1,1,1)-t"
6528,10.70694825453522,15.66329966225069,True,True,0.40693552322571946,1.5299945230143705e-16,"GJR-GARCH(1,1,1)-t"
6545,1.4977920891582883,6.454143496873758,True,True,0.3911879198094747,5.180053638192481e-15,"GJR-GARCH(1,1,1)-t"
6562,19.669725430417444,24.626076838132917,True,True,0.0,0.7247547350164725,"GJR-GARCH(1,1,1)-t"
6566,-15.141687013436076,-10.185335605720606,True,True,0.766177850986574,0.0,"GJR-GARCH(1,1,1)-t"
6568,14.643936771843972,19.600288179559442,True,True,9.949592996697437e-15,0.7084526997966831,"GJR-GARCH(1,1,1)-t"
6585,34.33880715008726,39.295158557802736,True,True,8.178142434333019e-14,0.9214883207363924,"GJR-GARCH(1,1,1)-t"
6592,20.906020718329465,25.862372126044935,True,False,0.302786782067557,0.8065628486186224,"GJR-GARCH(1,1,1)-t"
6599,27.063014800523675,32.01936620823915,True,True,5.64377564279239e-16,1.3266911651294003e-15,"GJR-GARCH(1,1,1)-t"
6607,13.15266472384797,18.10901613156344,True,False,1.0,0.0,"GJR-GARCH(1,1,1)-t"
6613,22.631413459200637,27.587764866916103,True,True,0.6102703916918364,0.10635999194976364,"GJR-GARCH(1,1,1)-t"
6617,6.2615483965742165,11.217899804289686,True,True,3.0920365652367054e-14,0.9450804263124019,"GJR-GARCH(1,1,1)-t"
6619,-17.27406400158297,-12.317712593867501,True,True,0.9879069376096293,3.290134535960009e-08,"GJR-GARCH(1,1,1)-t"
6626,-20.10049997057699,-15.14414856286152,True,False,0.02282085603332373,0.9885895719892375,"GJR-GARCH(1,1,1)-t"
6631,13.332061052202118,18.288412459917588,True,True,1.892178693265557e-15,0.4405862706626602,"GJR-GARCH(1,1,1)-t"
6632,11.087893596926698,16.044245004642168,True,True,2.069420043371097e-16,0.18773401628511752,"GJR-GARCH(1,1,1)-t"
6643,10.048149717534628,15.004501125250098,True,True,0.8210076686119249,3.36448201647517e-09,"GJR-GARCH(1,1,1)-t"
6647,1.6655792982906483,6.621930706006118,True,True,1.4819236664999678e-09,0.9893946429392457,"GJR-GARCH(1,1,1)-t"
6648,35.67533769879854,40.63168910651402,True,True,2.707087172271522e-16,0.7435166027695993,"GJR-GARCH(1,1,1)-t"
6657,28.824349667241652,33.78070107495712,True,True,2.5963373050378224e-18,3.453278196763379e-18,"GJR-GARCH(1,1,1)-t"
6668,7.475419345146165,12.431770752861635,True,True,0.2962748179939045,4.647502756248958e-17,"GJR-GARCH(1,1,1)-t"
6679,-1.9250711689195477,3.0312802387959223,True,True,3.7433074106161146e-14,0.0,"GJR-GARCH(1,1,1)-t"
6693,14.029300097580041,18.98565150529551,True,False,6.115975663257655e-15,0.9999999999999746,"GJR-GARCH(1,1,1)-t"
6696,24.011620273417396,28.967971681132866,True,True,2.02248308817156e-20,0.9659941293478217,"GJR-GARCH(1,1,1)-t"
6723,-25.18039053344848,-20.22403912573301,True,True,2.694453722381906e-12,0.9672426924474088,"GJR-GARCH(1,1,1)-t"
6729,38.858077552090485,43.81442895980595,True,False,0.9999999999997309,1.581416050718624e-13,"GJR-GARCH(1,1,1)-t"
6730,22.199837054121353,27.15618846183682,True,True,2.1116329468591174e-18,0.9867563528638835,"GJR-GARCH(1,1,1)-t"
6740,17.291766158705315,22.248117566420785,True,True,6.588757617802626e-17,0.4505505763162333,"GJR-GARCH(1,1,1)-t"
6742,9.007510894013071,13.963862301728541,True,True,0.9398814086547544,4.214757055900212e-12,"GJR-GARCH(1,1,1)-t"
6746,-5.343519654356378,-0.38716824664090765,True,False,1.0,0.0,"GJR-GARCH(1,1,1)-t"
6771,21.825934556703928,26.7822859644194,True,True,0.8166190154076522,1.8965361947147442e-14,"GJR-GARCH(1,1,1)-t"
6777,6.122395476563188,11.078746884278658,True,True,0.0,0.7718185115169579,"GJR-GARCH(1,1,1)-t"
6782,-5.715362272518732,-0.7590108648032619,True,True,0.0,0.9861304224220525,"GJR-GARCH(1,1,1)-t"
6799,0.5461044476939687,5.502455855409439,True,True,0.38377500028176426,3.5223939510141155e-13,"GJR-GARCH(1,1,1)-t"
6809,23.260048020609375,28.216399428324845,True,True,0.0,0.31632420519480725,"GJR-GARCH(1,1,1)-t"
6815,36.65206409304356,41.60841550075904,True,True,4.1865382103890995e-13,0.8012915620210579,"GJR-GARCH(1,1,1)-t"
6819,-2.9782943896151544,1.9780570181003156,True,True,0.0,0.947674811922489,"GJR-GARCH(1,1,1)-t"
6820,44.01934644539045,48.97569785310591,True,False,1.0,0.09241123132198116,"GJR-GARCH(1,1,1)-t"
6822,6.076600781801292,11.032952189516763,True,True,0.0,1.9124936478893612e-16,"GJR-GARCH(1,1,1)-t"
6823,16.770638553941453,21.726989961656923,True,True,0.0,0.9600364367843559,"GJR-GARCH(1,1,1)-t"
6827,19.479289183985635,24.435640591701105,True,True,0.0,0.0009104222958003156,"GJR-GARCH(1,1,1)-t"
6836,42.80215282798518,47.75850423570065,True,True,1.1640472760038976e-15,0.9640047312810183,"GJR-GARCH(1,1,1)-t"
6846,7.1457768608166505,12.10212826853212,True,False,0.4427863116617945,0.7304011530917471,"GJR-GARCH(1,1,1)-t"
6850,15.294739345059744,20.251090752775216,True,True,9.260154540056429e-15,0.9851400764345165,"GJR-GARCH(1,1,1)-t"
6854,1.105649171619996,6.062000579335466,True,True,2.7698748802052966e-14,0.039223439260002296,"GJR-GARCH(1,1,1)-t"
6859,16.2248406203174,21.18119202803287,True,True,0.030812624728048903,4.5737135996101695e-15,"GJR-GARCH(1,1,1)-t"
6895,13.471216875750134,18.427568283465604,True,True,2.984183600153091e-15,1.6549231376146046e-13,"GJR-GARCH(1,1,1)-t"
6904,6.503305874960008,11.459657282675478,True,True,5.060773700312741e-14,0.9584472030564583,"GJR-GARCH(1,1,1)-t"
6906,12.452972074029226,17.409323481744696,True,True,0.0,0.695086212604262,"GJR-GARCH(1,1,1)-t"
6909,3.737859127995627,8.694210535711097,True,True,0.3537600768860748,1.51128955203282e-13,"GJR-GARCH(1,1,1)-t"
6914,28.04994164070534,33.00629304842081,True,False,3.561599009507047e-17,0.9999999999999999,"GJR-GARCH(1,1,1)-t"
6917,29.637388399013517,34.59373980672898,True,True,1.325065725408826e-19,0.9161714394465584,"GJR-GARCH(1,1,1)-t"
6925,7.93758466158474,12.89393606930021,True,True,0.8293261417895084,0.06654391355894083,"GJR-GARCH(1,1,1)-t"
6928,6.3038749249433295,11.2602263326588,True,True,0.0,0.27522336753678234,"GJR-GARCH(1,1,1)-t"
6930,30.229045749781434,35.18539715749691,True,True,0.0,0.0,"GJR-GARCH(1,1,1)-t"
6931,18.582956451495768,23.539307859211238,True,False,0.0,1.0,"GJR-GARCH(1,1,1)-t"
6932,4.679183595564652,9.635535003280122,True,True,3.3542891330060865e-14,5.106059459838375e-16,"GJR-GARCH(1,1,1)-t"
6939,-4.445835637550623,0.5105157701648473,True,False,0.9999999999999992,1.3952506944050904e-15,"GJR-GARCH(1,1,1)-t"
6940,8.994308231829232,13.950659639544702,True,True,0.2954340107044702,5.4709968760064924e-12,"GJR-GARCH(1,1,1)-t"
6941,11.593563270481182,16.54991467819665,True,True,0.08975568802977806,6.773893711571249e-22,"GJR-GARCH(1,1,1)-t"
6944,12.833497413667422,17.78984882138289,True,True,7.00688086213727e-15,0.6469074567559241,"GJR-GARCH(1,1,1)-t"
6961,8.976796135973393,13.933147543688863,True,True,2.8283681675641903e-14,0.0,"GJR-GARCH(1,1,1)-t"
6965,41.86142088930164,46.817772297017115,True,True,0.0,0.8797676142272592,"GJR-GARCH(1,1,1)-t"
6976,-13.684657535261724,-8.728306127546254,True,True,9.146918246355693e-16,0.4587328668304818,"GJR-GARCH(1,1,1)-t"
6979,24.16948502351756,29.125836431233033,True,True,4.2589601257351855e-14,0.7816000116260946,"GJR-GARCH(1,1,1)-t"
6999,18.28776947110247,23.24412087881794,True,True,9.816639739683562e-14,0.9400605095093748,"GJR-GARCH(1,1,1)-t"
7005,14.243267206025543,19.199618613741013,True,False,4.44976416912619e-11,0.9999999998944432,"GJR-GARCH(1,1,1)-t"
7008,16.465367297813152,21.421718705528622,True,True,0.40573359091243266,0.0,"GJR-GARCH(1,1,1)-t"
7009,3.46134544668322,8.41769685439869,True,True,8.136395109306223e-12,0.9619483336103818,"GJR-GARCH(1,1,1)-t"
7013,15.38179307444649,20.33814448216196,True,True,5.652809294816885e-17,0.8669440253080348,"GJR-GARCH(1,1,1)-t"
7014,13.772764134100044,18.729115541815514,True,True,0.0,0.9856669484570179,"GJR-GARCH(1,1,1)-t"
7028,15.386711651090287,20.343063058805757,True,False,1.0,0.21670330867304827,"GJR-GARCH(1,1,1)-t"
7041,19.239275369738998,24.195626777454468,True,False,1.0830997015344047e-15,0.9999999999999991,"GJR-GARCH(1,1,1)-t"
7043,49.21102921366171,54.16738062137718,True,False,0.9999999999999986,0.15380708579857152,"GJR-GARCH(1,1,1)-t"
7051,-11.352701651959844,-6.396350244244374,True,True,3.3693017786898995e-14,7.15678962435755e-14,"GJR-GARCH(1,1,1)-t"
7054,-5.217386965121655,-0.2610355574061849,True,False,0.9994973086163466,3.8819133112177e-12,"GJR-GARCH(1,1,1)-t"
7055,-9.26300199947189,-4.306650591756419,True,True,0.0,0.9234841104398472,"GJR-GARCH(1,1,1)-t"
7107,18.695186128958596,23.65153753667407,True,True,0.0,0.47735980968930763,"GJR-GARCH(1,1,1)-t"
7122,-16.270917380560476,-11.314565972845006,True,False,0.0,1.0,"GJR-GARCH(1,1,1)-t"
7124,44.241119188720845,49.19747059643632,True,False,1.902737044466748e-13,0.9999999999941518,"GJR-GARCH(1,1,1)-t"
7133,17.266955746674878,22.223307154390348,True,False,4.420456766062695e-15,0.9999999999998976,"GJR-GARCH(1,1,1)-t"
7150,46.957637961286274,51.91398936900174,True,True,0.27669428472523494,0.1821429648586265,"GJR-GARCH(1,1,1)-t"
7151,4.5604935345603295,9.5168449422758,True,True,0.6178476368605851,2.027156801532562e-20,"GJR-GARCH(1,1,1)-t"
7162,15.83124588301914,20.78759729073461,True,True,0.0,0.3255055770597603,"GJR-GARCH(1,1,1)-t"
7180,11.642434891332295,16.598786299047767,True,False,1.0,0.0,"GJR-GARCH(1,1,1)-t"
7194,-1.3928646453168803,3.5634867623985897,True,True,2.47842058917804e-16,0.9688862928912725,"GJR-GARCH(1,1,1)-t"
7195,16.062699883699192,21.019051291414662,True,True,5.034839969141305e-15,0.9618183465464736,"GJR-GARCH(1,1,1)-t"
7200,6.789038227695365,11.745389635410834,True,True,0.6653912757417156,1.645499562574562e-20,"GJR-GARCH(1,1,1)-t"
7212,-0.35067776760993397,4.605673640105536,True,True,0.40955068386853427,0.14231687106573154,"GJR-GARCH(1,1,1)-t"
7213,18.226386969236717,23.182738376952187,True,True,2.371342091350762e-14,1.2175439025408566e-17,"GJR-GARCH(1,1,1)-t"
7217,6.363184661149844,11.319536068865315,True,False,1.334209987780908e-14,0.9999999999999025,"GJR-GARCH(1,1,1)-t"
7219,-5.470349663654403,-0.5139982559389331,True,True,7.273673780134711e-16,0.3585523665942006,"GJR-GARCH(1,1,1)-t"
7237,42.01370843051485,46.97005983823033,True,False,5.0218808658945864e-14,0.9999999999996344,"GJR-GARCH(1,1,1)-t"
7245,33.10738280721819,38.06373421493365,True,True,0.0,0.9560081235690129,"GJR-GARCH(1,1,1)-t"
7249,15.847637046931919,20.80398845464739,True,True,0.332968432371258,3.5258695602463667e-15,"GJR-GARCH(1,1,1)-t"
7251,-10.343278724630522,-5.386927316915052,True,True,0.5998218492006511,0.35571366410450117,"GJR-GARCH(1,1,1)-t"
7258,44.41847392127701,49.374825328992486,True,True,9.083577612583302e-13,0.9827177404539468,"GJR-GARCH(1,1,1)-t"
7260,9.828166723485062,14.784518131200532,True,True,1.5843000258892512e-07,4.7494113729274664e-07,"GJR-GARCH(1,1,1)-t"
7261,36.736545018838356,41.69289642655383,True,False,0.8598296399462372,0.5700851909375008,"GJR-GARCH(1,1,1)-t"
7270,-9.022042396265146,-4.065690988549676,True,False,0.8563241111907383,0.26349071059196755,"GJR-GARCH(1,1,1)-t"
7277,38.054503259315226,43.0108546670307,True,True,1.3005697761018798e-17,0.25184366113557644,"GJR-GARCH(1,1,1)-t"
7309,-5.607793847558444,-0.6514424398429739,True,True,1.7379708002716433e-17,0.5252469885853339,"GJR-GARCH(1,1,1)-t"
7310,-8.74195290941562,-3.7856015017001496,True,False,0.0,1.0,"GJR-GARCH(1,1,1)-t"
7316,31.868006930151985,36.82435833786745,True,True,8.076270693180465e-14,0.9785860678916817,"GJR-GARCH(1,1,1)-t"
7322,6.177290492401324,11.133641900116794,True,True,0.0,0.0,"GJR-GARCH(1,1,1)-t"
7333,16.423226446168304,21.379577853883774,True,True,9.011360795794458e-16,0.5406499808744639,"GJR-GARCH(1,1,1)-t"
7343,3.5491093561952844,8.505460763910754,True,True,0.49184794149485,1.932553244630391e-22,"GJR-GARCH(1,1,1)-t"
7367,5.424043308393877,10.380394716109347,True,True,0.33527895148751,4.011203475651839e-14,"GJR-GARCH(1,1,1)-t"
7369,-3.488285107957072,1.468066299758398,True,False,0.8679778457350813,0.566011077132446,"GJR-GARCH(1,1,1)-t"
7373,2.26625798736349,7.22260939507896,True,True,1.0583330551453908e-10,0.9348171450129945,"GJR-GARCH(1,1,1)-t"
7374,53.161838376470115,58.11818978418559,True,True,0.0,0.9622640920354768,"GJR-GARCH(1,1,1)-t"
7418,12.826422095881759,17.78277350359723,True,True,0.17810457590579037,0.24874447686567813,"GJR-GARCH(1,1,1)-t"
7444,4.672302305454146,9.628653713169616,True,False,0.6116678445762889,0.43515963309989514,"GJR-GARCH(1,1,1)-t"
7447,-1.4199860165664155,3.5363653911490545,True,True,1.2705059366974976e-13,0.7317216799876786,"GJR-GARCH(1,1,1)-t"
7458,0.8260174070112356,5.782368814726706,True,False,0.9999999999928079,4.080476358465326e-12,"GJR-GARCH(1,1,1)-t"
7460,5.4746021697166025,10.430953577432073,True,True,4.9707776285637015e-15,1.3594654780046538e-13,"GJR-GARCH(1,1,1)-t"
7465,3.031033953709244,7.987385361424714,True,False,4.350626650663037e-18,1.0,"GJR-GARCH(1,1,1)-t"
7467,5.996385498902562,10.952736906618032,True,True,9.01553388500424e-17,0.4096360982412102,"GJR-GARCH(1,1,1)-t"
7478,39.997711468353806,44.95406287606927,True,True,0.052482071907999715,0.8645534587882023,"GJR-GARCH(1,1,1)-t"
7491,43.67238943870409,48.62874084641956,True,True,0.0,0.9860051697832186,"GJR-GARCH(1,1,1)-t"
7512,8.793597407228285,13.749948814943755,True,False,2.0891083400793272e-19,1.0,"GJR-GARCH(1,1,1)-t"
7517,3.5516189740810535,8.507970381796524,True,True,5.201252777463521e-11,0.9039616983289502,"GJR-GARCH(1,1,1)-t"
7518,-4.759555580687216,0.1967958270282537,True,False,9.947093477795854e-16,1.0,"GJR-GARCH(1,1,1)-t"
7545,11.872026620516724,16.828378028232194,True,False,0.03963023146117187,0.980184884269577,"GJR-GARCH(1,1,1)-t"
7548,21.365034363562472,26.321385771277946,True,True,0.22160053734487822,0.5771585837763049,"GJR-GARCH(1,1,1)-t"
7564,61.47732050216649,66.43367190988197,True,True,0.0,0.47894350815665265,"GJR-GARCH(1,1,1)-t"
7566,28.370526833449787,33.32687824116526,True,True,0.0,0.9477582969555308,"GJR-GARCH(1,1,1)-t"
7567,-5.500706379091909,-0.5443549713764391,True,True,1.0929593971904587e-19,0.5420191480195083,"GJR-GARCH(1,1,1)-t"
7572,12.239876507713742,17.196227915429212,True,False,0.0,1.0,"GJR-GARCH(1,1,1)-t"
7593,-4.517865597711101,0.43848581000436937,True,True,0.2473915152312255,0.3804362797079355,"GJR-GARCH(1,1,1)-t"
7621,58.16420592036706,63.120557328082526,True,True,3.746864540933027e-12,1.0478503729421775e-11,"GJR-GARCH(1,1,1)-t"
7624,17.17482605967799,22.13117746739346,True,True,3.1860346560934146e-15,0.1886943977941375,"GJR-GARCH(1,1,1)-t"
7629,26.8772820669122,31.833633474627675,True,True,3.1638127097940015e-15,0.8198233659569111,"GJR-GARCH(1,1,1)-t"
7632,67.55619833015274,72.51254973786821,True,True,4.313756711607579e-09,0.9940235314359731,"GJR-GARCH(1,1,1)-t"
7653,18.843288653352573,23.799640061068043,True,False,2.9928722981554488e-15,0.9999999999999927,"GJR-GARCH(1,1,1)-t"
7666,35.71082003646798,40.66717144418345,True,False,0.1171170899964415,0.9414414550017884,"GJR-GARCH(1,1,1)-t"
7668,-10.152518915047999,-5.196167507332529,True,True,0.0,0.9631827463620563,"GJR-GARCH(1,1,1)-t"
7674,12.515427263876484,17.471778671591952,True,True,2.497849557322557e-20,1.513868498302719e-06,"GJR-GARCH(1,1,1)-t"
7675,28.02110038300662,32.977451790722085,True,True,0.7997632088744421,1.0778239681559834e-09,"GJR-GARCH(1,1,1)-t"
7677,-10.349347289514355,-5.3929958817988854,True,True,1.47808845982264e-13,0.7423094442161596,"GJR-GARCH(1,1,1)-t"
7679,-5.712390088256917,-0.7560386805414474,True,True,0.0,0.8656363464151345,"GJR-GARCH(1,1,1)-t"
7686,7.217961792207717,12.174313199923187,True,False,1.2198169639800075e-15,0.9999999999999991,"GJR-GARCH(1,1,1)-t"
7709,3.4222131381713954,8.378564545886865,True,True,7.71712219770686e-10,0.8811174530430839,"GJR-GARCH(1,1,1)-t"
7714,27.64954820278496,32.60589961050043,True,False,7.484088078781232e-13,1.0,"GJR-GARCH(1,1,1)-t"
7716,4.930360307173622,9.886711714889092,True,True,0.805879460608365,4.323725512287924e-15,"GJR-GARCH(1,1,1)-t"
7743,41.646483580033546,46.60283498774902,True,True,0.6607826387739021,0.0,"GJR-GARCH(1,1,1)-t"
7745,7.458040707981344,12.414392115696813,True,True,6.159272797880224e-16,1.819560172258922e-17,"GJR-GARCH(1,1,1)-t"
7747,10.347995592696552,15.304347000412022,True,True,7.534105286145816e-18,0.1759049127862478,"GJR-GARCH(1,1,1)-t"
7752,32.17488614456795,37.13123755228342,True,False,1.0,0.0,"GJR-GARCH(1,1,1)-t"
7758,11.539405238879887,16.495756646595357,True,True,0.16678815963608776,9.153732578660211e-14,"GJR-GARCH(1,1,1)-t"
7759,18.777002867289973,23.733354275005443,True,True,0.15899116980471717,0.13865796870139446,"GJR-GARCH(1,1,1)-t"
7764,2.2676533634514335,7.2240047711669035,True,True,3.1820074626250467e-16,0.9633732715459067,"GJR-GARCH(1,1,1)-t"
7775,26.795316012309833,31.751667420025303,True,True,0.15069354949371988,6.371846994254664e-14,"GJR-GARCH(1,1,1)-t"
7783,-1.4978345289601087,3.4585168787553613,True,True,3.013816575237722e-14,0.5521985971141962,"GJR-GARCH(1,1,1)-t"
7799,-17.035997867635547,-12.079646459920077,True,True,3.805621485942831e-15,0.9226200780310139,"GJR-GARCH(1,1,1)-t"
7811,-9.376327011663967,-4.419975603948497,True,True,1.7142295278415912e-10,0.9830156705613268,"GJR-GARCH(1,1,1)-t"
7818,-23.971449711390328,-19.015098303674858,True,True,0.0,0.8366109189922789,"GJR-GARCH(1,1,1)-t"
7821,25.44760564392156,30.40395705163703,True,True,0.0,0.6357192365273223,"GJR-GARCH(1,1,1)-t"
7837,55.05325878094636,60.009610188661824,True,False,5.3789539098626904e-14,0.9999999999992011,"GJR-GARCH(1,1,1)-t"
7843,21.56315011656746,26.51950152428293,True,True,2.7844673623522878e-14,0.9397562704546368,"GJR-GARCH(1,1,1)-t"
7845,0.8643087207545612,5.820660128470031,True,True,8.929784006825969e-14,0.9033934009028567,"GJR-GARCH(1,1,1)-t"
7854,-8.328487349414743,-3.3721359416992733,True,False,0.0,1.0,"GJR-GARCH(1,1,1)-t"
7864,32.64517582235968,37.60152723007515,True,False,0.9999999999999367,7.444667215455843e-15,"GJR-GARCH(1,1,1)-t"
7874,11.520984751771714,16.477336159487184,True,True,0.0,0.843194055520779,"GJR-GARCH(1,1,1)-t"
7882,9.299826732818392,14.256178140533862,True,False,1.0,0.0,"GJR-GARCH(1,1,1)-t"
7883,8.464874596377467,13.421226004092937,True,True,4.494003364665453e-13,0.9803895581743652,"GJR-GARCH(1,1,1)-t"
7884,2.0323537547592405,6.9887051624747105,True,True,2.545876070845677e-12,1.7297069077271286e-12,"GJR-GARCH(1,1,1)-t"
7885,-2.416056359348694,2.540295048366776,True,True,2.1393010582752824e-13,0.9141151403053042,"GJR-GARCH(1,1,1)-t"
7897,18.59857901983745,23.554930427552918,True,False,0.9999999994884909,2.0809654480462017e-10,"GJR-GARCH(1,1,1)-t"
7909,16.360674668909684,21.317026076625154,True,True,1.5430378701851926e-13,5.686312368623154e-13,"GJR-GARCH(1,1,1)-t"
7921,39.21142405313463,44.167775460850095,True,True,2.719599762922899e-15,0.7890136512517555,"GJR-GARCH(1,1,1)-t"
7992,1.7528041193867079,6.709155527102178,True,True,5.899812973777565e-11,1.943935538704694e-11,"GJR-GARCH(1,1,1)-t"
8009,-10.214480707340297,-5.258129299624827,True,True,3.721291727698014e-10,0.9508995277899196,"GJR-GARCH(1,1,1)-t"
8011,-3.2763456850241326,1.6800057226913374,True,False,0.0,1.0,"GJR-GARCH(1,1,1)-t"
8014,2.945395031716828,7.901746439432298,True,True,0.0,0.5758025995083644,"GJR-GARCH(1,1,1)-t"
8016,23.326749953366928,28.283101361082394,True,True,7.274834134103685e-15,0.42836436461688393,"GJR-GARCH(1,1,1)-t"
8032,15.546588145362906,20.502939553078374,True,True,0.0,0.9712272714459963,"GJR-GARCH(1,1,1)-t"
8044,24.31107657822716,29.267427985942632,True,False,1.8473645363343523e-14,0.9999999999999993,"GJR-GARCH(1,1,1)-t"
8068,4.578685100699012,9.535036508414482,True,True,0.09834605431845725,6.557162905441083e-16,"GJR-GARCH(1,1,1)-t"
8070,23.735749610809123,28.692101018524593,True,True,1.7259629615992332e-14,0.9183536583443406,"GJR-GARCH(1,1,1)-t"
8081,6.3139901159371075,11.270341523652577,True,False,0.9999999999999974,0.13145241698454163,"GJR-GARCH(1,1,1)-t"
8085,22.86296621263407,27.819317620349544,True,True,0.0,0.5999882918818695,"GJR-GARCH(1,1,1)-t"
8101,25.779823148174543,30.736174555890013,True,True,1.934138307950221e-12,0.9687320537911419,"GJR-GARCH(1,1,1)-t"
8104,4.211684895890974,9.168036303606444,True,True,1.3071749036702432e-17,2.1513574939048138e-16,"GJR-GARCH(1,1,1)-t"
8109,13.56702575639809,18.523377164113562,True,True,2.0873798167830466e-15,0.9484383136046629,"GJR-GARCH(1,1,1)-t"
8117,-9.775133783267485,-4.818782375552015,True,True,1.860877965839729e-11,0.36452045159472873,"GJR-GARCH(1,1,1)-t"
8168,7.958675284583334,12.915026692298804,True,False,1.057313331520026e-20,0.9999999999999992,"GJR-GARCH(1,1,1)-t"
8186,58.67488835519772,63.6312397629132,True,True,8.590104484601916e-15,0.19371771076544436,"GJR-GARCH(1,1,1)-t"
8190,30.303416865433963,35.25976827314943,True,False,0.0,1.0,"GJR-GARCH(1,1,1)-t"
8191,25.101536794043607,30.057888201759077,True,True,3.059156664471466e-15,0.8758513079289534,"GJR-GARCH(1,1,1)-t"
8192,-6.635876490176734,-1.6795250824612644,True,False,0.9999999999999997,0.3100334917402629,"GJR-GARCH(1,1,1)-t"
8196,-13.93260809457577,-8.9762566868603,True,False,5.601405307025015e-16,0.9999999999999981,"GJR-GARCH(1,1,1)-t"
8205,43.755804862721845,48.71215627043732,True,True,0.4425745205327122,0.19367988567461455,"GJR-GARCH(1,1,1)-t"
8211,8.478398904981795,13.434750312697265,True,True,3.301208347672637e-11,0.8972338832994933,"GJR-GARCH(1,1,1)-t"
8219,32.13366107414748,37.09001248186295,True,True,2.453523289730132e-14,2.0971214499471783e-09,"GJR-GARCH(1,1,1)-t"
8222,14.133285886726533,19.089637294442003,True,True,0.0,0.3365143321129952,"GJR-GARCH(1,1,1)-t"
8224,9.652205684312376,14.608557092027846,True,False,0.0,1.0,"GJR-GARCH(1,1,1)-t"
8256,34.82930086254696,39.78565227026243,True,False,0.9999999999999991,0.402187944593426,"GJR-GARCH(1,1,1)-t"
8271,-17.957865670155854,-13.001514262440384,True,True,1.0652452478456692e-14,0.6445211986902261,"GJR-GARCH(1,1,1)-t"
8298,39.264177848222914,44.22052925593839,True,True,1.5300061537155335e-16,0.11044803026691034,"GJR-GARCH(1,1,1)-t"
8331,17.062576860245812,22.018928267961286,True,False,1.0,0.49009454476053577,"GJR-GARCH(1,1,1)-t"
8346,-9.721950283965555,-4.765598876250085,True,True,1.0790769359687203e-15,0.7337118698459273,"GJR-GARCH(1,1,1)-t"
8353,29.56441042403981,34.52076183175528,True,False,0.0,0.9999998715726989,"GJR-GARCH(1,1,1)-t"
8357,1.8669929901027,6.82334439781817,True,True,0.0,2.4568301465653368e-15,"GJR-GARCH(1,1,1)-t"
8360,26.258233012373033,31.2145844200885,True,True,0.0,0.9581903186693184,"GJR-GARCH(1,1,1)-t"
8365,11.538276598817044,16.494628006532515,True,True,8.4599784561574995e-16,0.8406751922681792,"GJR-GARCH(1,1,1)-t"
8408,35.29059670106989,40.24694810878536,True,False,7.389507979130667e-15,0.9999999999999816,"GJR-GARCH(1,1,1)-t"
8426,-13.398405260063015,-8.442053852347545,True,True,1.0273035723842849e-13,0.7703612691490304,"GJR-GARCH(1,1,1)-t"
8435,1.0777438087294833,6.034095216444953,True,True,0.0,0.8916411767315274,"GJR-GARCH(1,1,1)-t"
8441,43.139621530513914,48.09597293822938,True,True,0.0,0.0,"GJR-GARCH(1,1,1)-t"
8442,10.321165660921194,15.277517068636664,True,True,0.08798168314262453,0.0,"GJR-GARCH(1,1,1)-t"
8447,53.61511772127633,58.571469128991794,True,True,3.56530442090418e-10,0.0,"GJR-GARCH(1,1,1)-t"
8448,14.699628607712274,19.655980015427744,True,False,3.4105939478298375e-15,0.9999999999999843,"GJR-GARCH(1,1,1)-t"
8454,44.29540864094246,49.25176004865793,True,False,0.6137108979859158,0.5199889795049255,"GJR-GARCH(1,1,1)-t"
8459,19.932609209474187,24.888960617189657,True,True,5.2510480649243867e-17,0.8420979858286923,"GJR-GARCH(1,1,1)-t"
8476,21.20317692763186,26.159528335347332,True,True,7.52763399286058e-14,0.0,"GJR-GARCH(1,1,1)-t"
8481,13.707088427337704,18.663439835053175,True,True,2.5929255933147523e-14,0.9746916695607719,"GJR-GARCH(1,1,1)-t"
8518,33.553403934713316,38.50975534242878,True,True,3.0783613233226754e-15,1.3505493928998417e-13,"GJR-GARCH(1,1,1)-t"
8524,2.094663903799857,7.051015311515327,True,False,0.0,1.0,"GJR-GARCH(1,1,1)-t"
8534,8.78626807286073,13.7426194805762,True,True,0.0,0.7188374999079711,"GJR-GARCH(1,1,1)-t"
8546,12.4245192939805,17.38087070169597,True,True,0.0,0.6270521695790251,"GJR-GARCH(1,1,1)-t"
8554,32.96014999891251,37.91650140662799,True,False,3.327734205910354e-14,0.9999999999997237,"GJR-GARCH(1,1,1)-t"
8573,26.18025215841341,31.136603566128883,True,True,0.8850782979787243,1.3903450303568424e-19,"GJR-GARCH(1,1,1)-t"
8583,9.92852759858428,14.88487900629975,True,True,3.301682273421009e-20,0.9496794245782704,"GJR-GARCH(1,1,1)-t"
8585,10.739057155190826,15.695408562906296,True,True,1.0827866673732305e-14,0.4996208148504549,"GJR-GARCH(1,1,1)-t"
8587,-2.9259000892329254,2.0304513184825446,True,True,0.187239401413452,1.296088925624005e-06,"GJR-GARCH(1,1,1)-t"
8590,9.113522813869253,14.069874221584723,True,True,0.06577441093715738,0.8846443841358256,"GJR-GARCH(1,1,1)-t"
8607,33.24606297702758,38.20241438474305,True,True,3.238559742987381e-16,0.7391927264785464,"GJR-GARCH(1,1,1)-t"
8611,24.71878694219776,29.67513834991323,True,True,7.197913690458865e-15,0.9248004640873418,"GJR-GARCH(1,1,1)-t"
8613,-1.3288873260241498,3.62746408169132,True,False,0.9351013874690883,0.5324493062653204,"GJR-GARCH(1,1,1)-t"
8615,-7.1701504673982335,-2.2137990596827635,True,True,6.012335061154754e-13,0.67054791807901,"GJR-GARCH(1,1,1)-t"
8618,32.22143954469972,37.17779095241519,True,True,0.0,0.9873161629510032,"GJR-GARCH(1,1,1)-t"
8623,18.652856435297956,23.609207843013422,True,True,1.5090276451004776e-14,0.8503644260874809,"GJR-GARCH(1,1,1)-t"
8636,-4.9605313633456944,-0.004179955630224441,True,True,5.059326150096224e-13,0.9502929222835393,"GJR-GARCH(1,1,1)-t"
8647,30.087654713084888,35.04400612080036,True,False,6.260665864465438e-16,1.0,"GJR-GARCH(1,1,1)-t"
8652,-6.1038251936444965,-1.1474737859290265,True,True,0.0,6.236193566958495e-17,"GJR-GARCH(1,1,1)-t"
8659,1.945644501869058,6.901995909584528,True,True,8.015313789394799e-11,0.8927622740926467,"GJR-GARCH(1,1,1)-t"
8661,10.17496817249702,15.13131958021249,True,True,1.062411364077681e-15,0.0,"GJR-GARCH(1,1,1)-t"
8662,12.10270722855015,17.05905863626562,True,True,4.826966286845667e-12,4.635291238147416e-12,"GJR-GARCH(1,1,1)-t"
8664,-1.1113370364086599,3.84501437130681,True,True,0.0,0.7648261036611999,"GJR-GARCH(1,1,1)-t"
8665,-17.87875117012406,-12.922399762408588,True,True,0.1319634244441919,0.17964803882496572,"GJR-GARCH(1,1,1)-t"
8667,27.980191545787896,32.93654295350336,True,True,0.0,0.6127133777533853,"GJR-GARCH(1,1,1)-t"
8675,-1.493963127128037,3.462388280587433,True,True,4.4467301309166835e-15,0.959529621091811,"GJR-GARCH(1,1,1)-t"
8676,19.29199357064706,24.248344978362532,True,True,0.26702856845797385,0.3861969413115022,"GJR-GARCH(1,1,1)-t"
8696,-14.927338845105165,-9.970987437389695,True,True,8.021128768112034e-14,0.4850056679430364,"GJR-GARCH(1,1,1)-t"
8702,30.660436291783828,35.6167876994993,True,False,1.0,0.0,"GJR-GARCH(1,1,1)-t"
8706,-6.365093509498596,-1.408742101783126,True,True,0.6661495183442131,0.0,"GJR-GARCH(1,1,1)-t"
8708,0.8966225621097497,5.85297396982522,True,True,1.7928430818033066e-17,0.5517357044881864,"GJR-GARCH(1,1,1)-t"
8718,8.155717794318827,13.112069202034297,True,False,1.0,0.0,"GJR-GARCH(1,1,1)-t"
8721,28.039126247696235,32.995477655411705,True,False,1.0,0.45227564695553873,"GJR-GARCH(1,1,1)-t"
8744,8.381412487090302,13.337763894805772,True,False,0.0,1.0,"GJR-GARCH(1,1,1)-t"
8747,3.5270701930950175,8.483421600810487,True,True,0.24309883524555206,0.40457331041727457,"GJR-GARCH(1,1,1)-t"
8749,10.801302056056667,15.757653463772137,True,True,2.6780263472193155e-15,3.772851684483958e-15,"GJR-GARCH(1,1,1)-t"
8750,34.32095702834616,39.277308436061624,True,True,4.576125502297112e-13,0.9245844562824376,"GJR-GARCH(1,1,1)-t"
8753,-2.63713595963619,2.31921544807928,True,True,0.8363799507405255,0.0,"GJR-GARCH(1,1,1)-t"
8763,30.55169529459499,35.50804670231046,True,True,0.0,0.8151889799522577,"GJR-GARCH(1,1,1)-t"
8773,10.218943408052692,15.175294815768162,True,True,0.0,0.8920476319992271,"GJR-GARCH(1,1,1)-t"
8776,25.153956729736016,30.110308137451486,True,True,0.0,0.0999003742980118,"GJR-GARCH(1,1,1)-t"
8779,20.840106146910585,25.79645755462606,True,False,0.9999999999998131,0.4572902741669735,"GJR-GARCH(1,1,1)-t"
8797,28.265296458647867,33.22164786636334,True,True,5.339447551752237e-16,0.9955714029704137,"GJR-GARCH(1,1,1)-t"
8822,-6.367028664860747,-1.4106772571452773,True,False,0.33277115362915677,0.833614423185826,"GJR-GARCH(1,1,1)-t"
8825,12.337656825950058,17.29400823366553,True,True,0.6743363730669029,0.16733874340757468,"GJR-GARCH(1,1,1)-t"
8840,-2.9947365633751133,1.9616148443403567,True,True,1.031415423009992e-14,0.2781589379254709,"GJR-GARCH(1,1,1)-t"
8859,5.010659412261235,9.967010819976705,True,True,1.9475032508768245e-18,4.899035330166236e-16,"GJR-GARCH(1,1,1)-t"
8891,40.94228892144298,45.898640329158454,True,True,0.0,0.0,"GJR-GARCH(1,1,1)-t"
8913,66.22055500499937,71.17690641271484,True,True,0.0,0.9503077234789133,"GJR-GARCH(1,1,1)-t"
8918,-3.100328179484059,1.856023228231411,True,True,0.0,0.3497284495476057,"GJR-GARCH(1,1,1)-t"
8934,20.43352072690774,25.38987213462321,True,True,2.6350747424955465e-15,0.8569902599644105,"GJR-GARCH(1,1,1)-t"
8937,6.160091813144085,11.116443220859555,True,True,0.1585799989777615,1.9993888391255277e-09,"GJR-GARCH(1,1,1)-t"
8938,17.25129641218644,22.207647819901915,True,True,1.2077890970139844e-15,0.9906238022663671,"GJR-GARCH(1,1,1)-t"
8950,28.047392948367367,33.003744356082834,True,True,4.816841183730925e-18,0.20987875616814428,"GJR-GARCH(1,1,1)-t"
8974,-3.766104973725792,1.190246433989678,True,False,3.301423782210071e-14,0.9999999999997501,"GJR-GARCH(1,1,1)-t"
8978,-2.536621076585682,2.419730331129788,True,True,0.0,0.3697588830239578,"GJR-GARCH(1,1,1)-t"
9000,9.46622588694001,14.42257729465548,True,True,7.672738494254454e-13,0.8979594251804486,"GJR-GARCH(1,1,1)-t"
9001,2.5546592811952387,7.511010688910709,True,True,0.0,0.5645178235704394,"GJR-GARCH(1,1,1)-t"
9021,-9.921001805645787,-4.964650397930317,True,True,0.0,0.9635205992102717,"GJR-GARCH(1,1,1)-t"
9028,27.809649457525314,32.766000865240784,True,False,0.0,1.0,"GJR-GARCH(1,1,1)-t"
9030,6.721138546753427,11.677489954468896,True,True,3.90973919212012e-15,0.539164918564717,"GJR-GARCH(1,1,1)-t"
9037,-0.9459750142498287,4.010376393465641,True,False,0.0,1.0,"GJR-GARCH(1,1,1)-t"
9038,5.052028067139464,10.008379474854934,True,True,0.01689580737006908,0.0,"GJR-GARCH(1,1,1)-t"
9060,-13.273563080619653,-8.317211672904183,True,True,2.8955921281702652e-12,0.9614298098807394,"GJR-GARCH(1,1,1)-t"
9064,32.74198600588847,37.69833741360394,True,True,0.3033233653878384,0.0,"GJR-GARCH(1,1,1)-t"
9067,37.856223823875794,42.81257523159126,True,True,4.340383029434062e-15,1.6142482858229333e-16,"GJR-GARCH(1,1,1)-t"
9072,6.821356347580159,11.77770775529563,True,True,4.147543499357421e-15,0.7519252446835418,"GJR-GARCH(1,1,1)-t"
9076,-4.806923332629918,0.14942807508555234,True,True,0.0,0.5585208453097139,"GJR-GARCH(1,1,1)-t"
9077,7.2648440799327485,12.221195487648219,True,False,0.8457608590720681,0.5771195704582144,"GJR-GARCH(1,1,1)-t"
9091,-5.066092413906237,-0.10974100619076665,True,True,0.0,1.8386827577307578e-14,"GJR-GARCH(1,1,1)-t"
9096,8.994720603233732,13.951072010949202,True,True,0.0,0.0,"GJR-GARCH(1,1,1)-t"
9100,18.37625484317347,23.332606250888944,True,True,8.191080062182932e-15,0.9686471728302911,"GJR-GARCH(1,1,1)-t"
9114,-6.9641544772254775,-2.0078030695100075,True,True,0.0,1.6632805824399356e-11,"GJR-GARCH(1,1,1)-t"
9123,1.6809513557482596,6.63730276346373,True,False,1.0,0.22048292788701357,"GJR-GARCH(1,1,1)-t"
9138,32.96160574946118,37.917957157176645,True,True,1.149928601946782e-13,2.301697256085072e-12,"GJR-GARCH(1,1,1)-t"
9146,33.20768390932412,38.16403531703959,True,True,0.026337613026441654,0.0,"GJR-GARCH(1,1,1)-t"
9153,42.1067992489797,47.06315065669517,True,True,1.4841327442853085e-19,0.11410606769683679,"GJR-GARCH(1,1,1)-t"
9160,7.279800288359351,12.23615169607482,True,False,7.162916440826599e-13,0.9999999999996201,"GJR-GARCH(1,1,1)-t"
9164,14.013063870892875,18.969415278608345,True,False,1.4764243283701296e-15,1.0,"GJR-GARCH(1,1,1)-t"
9166,-1.9647280580974886,2.9916233496179814,True,True,3.071230808869748e-12,0.9744452637190131,"GJR-GARCH(1,1,1)-t"
9186,12.893697167405564,17.850048575121036,True,False,6.044347992388208e-16,1.0,"GJR-GARCH(1,1,1)-t"
9190,6.2955561451472155,11.251907552862686,True,True,0.020599977212479453,0.9043491459581992,"GJR-GARCH(1,1,1)-t"
9194,24.306523232626304,29.262874640341778,True,True,1.504478804398065e-13,0.9729632729083658,"GJR-GARCH(1,1,1)-t"
9198,-4.537015706494557,0.4193357012209127,True,True,1.2076443691312306e-16,0.9435979377138456,"GJR-GARCH(1,1,1)-t"
9201,-4.980516371858641,-0.024164964143171375,True,True,0.169764181317116,2.4363839875724506e-15,"GJR-GARCH(1,1,1)-t"
9205,2.927583020647969,7.883934428363439,True,True,0.3480745734570552,5.976210209124386e-11,"GJR-GARCH(1,1,1)-t"
9207,-16.12791874584709,-11.17156733813162,True,True,0.17248137964646726,0.0,"GJR-GARCH(1,1,1)-t"
9208,13.524683902624627,18.481035310340097,True,True,0.0,2.0510075163036088e-13,"GJR-GARCH(1,1,1)-t"
9215,17.499790344613363,22.456141752328833,True,True,0.0,0.9751127869822785,"GJR-GARCH(1,1,1)-t"
9219,4.457952406537066,9.414303814252536,True,False,0.7397808914480357,0.6301095605471134,"GJR-GARCH(1,1,1)-t"
9222,19.37488548475263,24.3312368924681,True,True,0.0,0.23346971543838985,"GJR-GARCH(1,1,1)-t"
9243,16.314994139262243,21.271345546977713,True,True,1.1006240854962153e-13,0.9604833001663745,"GJR-GARCH(1,1,1)-t"
9248,40.59160710056743,45.547958508282896,True,False,1.0,0.14167661101168585,"GJR-GARCH(1,1,1)-t"
9266,27.205639070852424,32.161990478567894,True,True,2.510165857610239e-14,0.8861731773393802,"GJR-GARCH(1,1,1)-t"
9275,-7.861481766462905,-2.905130358747435,True,True,4.261521334519867e-19,0.8263467291895171,"GJR-GARCH(1,1,1)-t"
9279,54.95764967878982,59.914001086505294,True,True,8.676654406195554e-16,0.9038045041558415,"GJR-GARCH(1,1,1)-t"
9281,3.050732591427595,8.007083999143065,True,True,0.05358364983967222,0.8954052813818731,"GJR-GARCH(1,1,1)-t"
9282,2.0773485943557706,7.033700002071241,True,False,1.0,0.15059561005567212,"GJR-GARCH(1,1,1)-t"
9285,28.473315637628595,33.42966704534406,True,True,0.9945018970003106,1.5699135698080324e-13,"GJR-GARCH(1,1,1)-t"
9289,8.432558333333766,13.388909741049236,True,True,0.24987240783999287,2.0028815340210477e-12,"GJR-GARCH(1,1,1)-t"
9300,-5.551663398817194,-0.595311991101724,True,True,0.0,0.704725660376431,"GJR-GARCH(1,1,1)-t"
9302,1.4085590170532996,6.36491042476877,True,True,0.0,0.0,"GJR-GARCH(1,1,1)-t"
9311,8.019083842022273,12.975435249737743,True,True,0.0005630908765203263,8.004762414358665e-15,"GJR-GARCH(1,1,1)-t"
9312,2.2227405648276815,7.1790919725431515,True,True,0.8548519081147995,2.0987827963726054e-16,"GJR-GARCH(1,1,1)-t"
9329,-10.65653065565106,-5.700179247935591,True,True,0.31975522706490966,0.0,"GJR-GARCH(1,1,1)-t"
9343,14.968278806228819,19.92463021394429,True,True,0.18419574193549268,1.930619306241462e-14,"GJR-GARCH(1,1,1)-t"
9350,-3.6843901030331097,1.2719613046823603,True,False,1.0,0.009021331824019301,"GJR-GARCH(1,1,1)-t"
9352,23.209987334985364,28.166338742700837,True,False,2.0300929345433937e-16,0.9999999999999907,"GJR-GARCH(1,1,1)-t"
9367,10.363645438113068,15.319996845828538,True,True,0.0,0.5209843048093584,"GJR-GARCH(1,1,1)-t"
9377,-1.5650200234115097,3.3913313843039603,True,True,0.010485739705890541,0.9671673550659853,"GJR-GARCH(1,1,1)-t"
9381,-0.26025785115760236,4.696093556557868,True,False,1.0,0.4999999999999987,"GJR-GARCH(1,1,1)-t"
9396,10.894509432890427,15.850860840605897,True,True,4.663884857583178e-12,0.8142724307132904,"GJR-GARCH(1,1,1)-t"
9427,63.46613574943029,68.42248715714577,True,True,2.2881559033942283e-15,0.9738184829728209,"GJR-GARCH(1,1,1)-t"
9431,16.919524498715308,21.875875906430778,True,True,2.4451337395936704e-15,1.9919506795513422e-13,"GJR-GARCH(1,1,1)-t"
9438,12.185617076381295,17.141968484096765,True,True,0.0,0.8911283323393298,"GJR-GARCH(1,1,1)-t"
9445,15.120610960791092,20.07696236850656,True,False,1.0,4.452172258683722e-18,"GJR-GARCH(1,1,1)-t"
9448,18.730996290766658,23.687347698482128,True,True,0.18805494691763067,2.379152328754952e-16,"GJR-GARCH(1,1,1)-t"
9456,12.597607208981,17.55395861669647,True,True,0.7090421530350804,3.462351400056935e-15,"GJR-GARCH(1,1,1)-t"
9465,19.785022791702367,24.741374199417837,True,True,5.393066153549124e-16,0.8930854335693522,"GJR-GARCH(1,1,1)-t"
9493,17.691212247775947,22.647563655491417,True,True,1.5481445875020254e-21,0.7212674935149627,"GJR-GARCH(1,1,1)-t"
9496,29.460439325817937,34.416790733533404,True,True,3.359270261066569e-13,5.198581256286708e-10,"GJR-GARCH(1,1,1)-t"
9501,-4.155891627457475,0.8004597802579951,True,True,0.1884704058506626,8.98591306416817e-17,"GJR-GARCH(1,1,1)-t"
9518,-2.7969166394798144,2.1594347682356556,True,False,0.18853930365185376,0.9057303481740722,"GJR-GARCH(1,1,1)-t"
9557,63.326741191378716,68.28309259909419,True,False,1.0,7.61209352943949e-18,"GJR-GARCH(1,1,1)-t"
9564,34.32249466537323,39.2788460730887,True,False,3.347900414017899e-14,0.9999999999990573,"GJR-GARCH(1,1,1)-t"
9583,9.457518825753858,14.413870233469328,True,True,0.1238619320556992,1.3271236877201509e-18,"GJR-GARCH(1,1,1)-t"
9606,12.785860850378555,17.742212258094025,True,False,0.9999999999734417,1.889673039849982e-11,"GJR-GARCH(1,1,1)-t"
9610,13.656364081136736,18.612715488852206,True,True,6.36459729124114e-17,0.05447374414679299,"GJR-GARCH(1,1,1)-t"
9633,-12.135778132469788,-7.179426724754318,True,True,2.995586929922804e-16,0.9311393027515694,"GJR-GARCH(1,1,1)-t"
9640,-19.744810493404522,-14.788459085689052,True,False,0.9999999999945236,4.710718974341728e-13,"GJR-GARCH(1,1,1)-t"
9659,-11.386182044948299,-6.429830637232829,True,False,9.665206589964195e-10,1.0,"GJR-GARCH(1,1,1)-t"
9664,-4.832009270949975,0.12434213676549533,True,True,5.784189203842688e-15,2.870263912421781e-13,"GJR-GARCH(1,1,1)-t"
9665,16.988302613547752,21.944654021263222,True,False,0.6236628438217106,0.6785171644052816,"GJR-GARCH(1,1,1)-t"
9674,49.190215860975314,54.14656726869079,True,False,0.0,1.0,"GJR-GARCH(1,1,1)-t"
9687,34.38420629264962,39.340557700365096,True,True,1.8330662558651538e-13,0.5055750417094343,"GJR-GARCH(1,1,1)-t"
9694,-6.903920272957137,-1.9475688652416672,True,False,1.0,1.5484738327211197e-15,"GJR-GARCH(1,1,1)-t"
9700,12.708015485814336,17.664366893529806,True,True,0.0,0.34341141235533135,"GJR-GARCH(1,1,1)-t"
9720,-0.3668656044121512,4.589485803303319,True,False,4.740793685671315e-14,0.9999999999991944,"GJR-GARCH(1,1,1)-t"
9735,40.32410384566067,45.28045525337615,True,True,0.08004125491633776,0.8918288637420895,"GJR-GARCH(1,1,1)-t"
9737,38.48921066738416,43.44556207509962,True,True,0.07869776817419499,0.0,"GJR-GARCH(1,1,1)-t"
9748,-5.8175254336521505,-0.8611740259366805,True,False,0.0,1.0,"GJR-GARCH(1,1,1)-t"
9752,12.510747461424996,17.467098869140465,True,True,0.0,0.16964431437813954,"GJR-GARCH(1,1,1)-t"
9759,11.533506043876015,16.489857451591483,True,True,0.0,0.8964795920881312,"GJR-GARCH(1,1,1)-t"
9770,56.05577686372899,61.01212827144445,True,False,0.0,1.0,"GJR-GARCH(1,1,1)-t"
9779,67.45688167455066,72.41323308226613,True,False,0.0,0.999999999999998,"GJR-GARCH(1,1,1)-t"
9787,16.914990128973237,21.871341536688703,True,True,0.15081623918828124,5.4030201713109694e-17,"GJR-GARCH(1,1,1)-t"
9797,5.338348943139339,10.294700350854809,True,True,0.0,0.0,"GJR-GARCH(1,1,1)-t"
9819,17.543220648373904,22.499572056089374,True,True,0.8695732577669023,1.1973693067880846e-16,"GJR-GARCH(1,1,1)-t"
9822,14.871870096856805,19.828221504572273,True,True,0.15740768991313225,0.7943325678869205,"GJR-GARCH(1,1,1)-t"
9846,21.61436291646384,26.57071432417931,True,True,5.672825913714407e-14,0.6913457501197426,"GJR-GARCH(1,1,1)-t"
9862,31.532138480417064,36.488489888132534,True,True,0.0998301803442375,2.971274976994789e-15,"GJR-GARCH(1,1,1)-t"
9866,6.952142774062639,11.90849418177811,True,True,0.10268927503388704,0.7524760240228449,"GJR-GARCH(1,1,1)-t"
9869,1.7878703239498055,6.7442217316652755,True,False,0.3403151839023695,0.8298424080488204,"GJR-GARCH(1,1,1)-t"
9885,36.16217685200205,41.11852825971752,True,False,8.006705119460205e-13,0.999999999962576,"GJR-GARCH(1,1,1)-t"
9887,6.532940438636737,11.489291846352206,True,True,5.519780151597896e-18,0.9346270255605863,"GJR-GARCH(1,1,1)-t"
9889,14.564117033896558,19.520468441612028,True,True,8.029445207435307e-10,0.9659233868228523,"GJR-GARCH(1,1,1)-t"
9890,26.114324487723543,31.070675895439013,True,True,2.389536751439191e-16,0.9534472374868304,"GJR-GARCH(1,1,1)-t"
9914,-5.612378246577233,-0.6560268388617629,True,True,0.0,0.8272644344914958,"GJR-GARCH(1,1,1)-t"
9918,2.6497016237343765,7.6060530314498465,True,False,2.0221373900905837e-09,0.99999985030899,"GJR-GARCH(1,1,1)-t"
9932,63.381569456324584,68.33792086404006,True,True,9.240306411444307e-16,0.5148506117510447,"GJR-GARCH(1,1,1)-t"
9935,32.70180720965426,37.658158617369736,True,False,1.0,0.24495797991294505,"GJR-GARCH(1,1,1)-t"
9936,34.36619115200112,39.32254255971659,True,True,0.48667580304831887,0.10688920729486846,"GJR-GARCH(1,1,1)-t"
9940,15.572410128926633,20.528761536642104,True,False,0.9999999999999974,0.1370506202294253,"GJR-GARCH(1,1,1)-t"
9947,3.198988263922514,8.155339671637984,True,True,9.598891280485855e-15,0.9613027385909095,"GJR-GARCH(1,1,1)-t"
9960,34.243762410926344,39.20011381864181,True,False,0.9999999999999813,1.4466719154281002e-14,"GJR-GARCH(1,1,1)-t"
9967,27.34151625839546,32.297867666110925,True,True,8.191399866432182e-12,0.9797740834104604,"GJR-GARCH(1,1,1)-t"
9970,53.83591458470706,58.79226599242253,True,True,8.081403133135797e-13,1.5768682496159997e-10,"GJR-GARCH(1,1,1)-t"
9972,10.243346799362579,15.199698207078049,True,True,1.2295231921216242e-19,0.5967418687541652,"GJR-GARCH(1,1,1)-t"
9973,58.405816602936355,63.36216801065183,True,True,1.934668758130876e-11,0.9485377822061807,"GJR-GARCH(1,1,1)-t"
9976,36.24405314806684,41.20040455578231,True,False,0.0,1.0,"GJR-GARCH(1,1,1)-t"
9988,25.5941379122927,30.55048932000817,True,True,0.0,0.29080718498654107,"GJR-GARCH(1,1,1)-t"
9993,19.131815714904985,24.088167122620455,True,True,0.47443751077231006,4.316167791809262e-15,"GJR-GARCH(1,1,1)-t"
10000,10.560416861288818,15.516768269004288,True,True,3.0905086437057586e-15,0.4443287295132028,"GJR-GARCH(1,1,1)-t"
10005,23.629994921464757,28.58634632918023,True,False,1.4377347490660818e-19,0.9999999999999992,"GJR-GARCH(1,1,1)-t"
10017,73.72050084934676,78.67685225706224,True,True,0.0,0.7046111741745303,"GJR-GARCH(1,1,1)-t"
10030,6.181762605628187,11.138114013343657,True,True,0.0,0.8172907300180323,"GJR-GARCH(1,1,1)-t"
10035,1.2874118099895693,6.243763217705039,True,False,1.0,1.337253452148757e-16,"GJR-GARCH(1,1,1)-t"
10040,12.51082981237937,17.46718122009484,True,True,0.08806037283197302,0.48848669151245366,"GJR-GARCH(1,1,1)-t"
10042,32.492914505372624,37.4492659130881,True,True,1.3388683415047672e-12,3.901416475374732e-11,"GJR-GARCH(1,1,1)-t"
10045,40.56134710468575,45.517698512401225,True,True,1.0745327654280604e-16,0.6533763427443762,"GJR-GARCH(1,1,1)-t"
10070,-3.2044186540382356,1.7519327536772344,True,True,0.24006407463174964,2.909023722495567e-18,"GJR-GARCH(1,1,1)-t"
10071,21.49327719985962,26.449628607575093,True,True,3.804574433497016e-16,2.944241718126746e-17,"GJR-GARCH(1,1,1)-t"
10072,-11.401094684497409,-6.444743276781939,True,False,1.3571138901660403e-18,1.0,"GJR-GARCH(1,1,1)-t"
10081,18.69711381084725,23.653465218562715,True,True,0.0,0.8207141173919975,"GJR-GARCH(1,1,1)-t"
10088,35.51320772449724,40.46955913221271,True,True,0.0,0.0,"GJR-GARCH(1,1,1)-t"
10100,5.89889007255271,10.85524148026818,True,True,0.033916110312634945,0.3677849045036712,"GJR-GARCH(1,1,1)-t"
10105,66.70909062188235,71.66544202959781,True,False,0.9999999999999991,1.3836967371297558e-16,"GJR-GARCH(1,1,1)-t"
10111,-5.26711647703689,-0.3107650693214197,True,True,0.0,0.25514609799312027,"GJR-GARCH(1,1,1)-t"
10113,5.7515622932408235,10.707913700956293,True,True,0.2434748504384076,9.737181503971066e-16,"GJR-GARCH(1,1,1)-t"
10123,7.069172760138713,12.025524167854183,True,False,0.9281489138834496,0.49911199709830806,"GJR-GARCH(1,1,1)-t"
10135,28.826800677067546,33.78315208478301,True,True,0.10449456293483897,0.0,"GJR-GARCH(1,1,1)-t"
10150,26.814164191523318,31.770515599238784,True,False,0.0,1.0,"GJR-GARCH(1,1,1)-t"
10163,-1.0339306152040457,3.9224207925114243,True,True,0.07411949768067755,0.778543007654363,"GJR-GARCH(1,1,1)-t"
10171,18.636460960883348,23.592812368598818,True,True,9.491155933629731e-16,0.6068471542504182,"GJR-GARCH(1,1,1)-t"
10186,18.58013433924058,23.53648574695605,True,True,0.10236259879412615,0.0,"GJR-GARCH(1,1,1)-t"
10191,28.958609954569557,33.91496136228503,True,True,4.641256590982439e-11,0.818787545722794,"GJR-GARCH(1,1,1)-t"
10206,-14.017517005623759,-9.061165597908289,True,False,4.4493175721743903e-13,0.9999999997498997,"GJR-GARCH(1,1,1)-t"
10209,7.458783498782285,12.415134906497755,True,False,2.5989402929362657e-14,0.999999999999926,"GJR-GARCH(1,1,1)-t"
10220,-22.07087267254534,-17.11452126482987,True,True,0.1866813502654276,1.158566946581658e-12,"GJR-GARCH(1,1,1)-t"
10230,-4.511803571765782,0.44454783594968816,True,False,1.0,0.00853417072631802,"GJR-GARCH(1,1,1)-t"
10243,13.22936560976257,18.18571701747804,True,True,0.31851035612058487,6.334182730198069e-17,"GJR-GARCH(1,1,1)-t"
10250,14.400895746049569,19.35724715376504,True,True,2.118455340269067e-14,0.44008010458348423,"GJR-GARCH(1,1,1)-t"
10262,34.311162175771486,39.26751358348696,True,False,0.0,1.0,"GJR-GARCH(1,1,1)-t"
10264,5.434455318891434,10.390806726606904,True,True,0.0,0.9908274060456169,"GJR-GARCH(1,1,1)-t"
10291,12.54436955783188,17.500720965547348,True,True,2.7167007752455997e-16,0.1769232659837205,"GJR-GARCH(1,1,1)-t"
10311,16.3415616810419,21.29791308875737,True,True,5.7057508885465284e-15,0.2951198634424542,"GJR-GARCH(1,1,1)-t"
10321,4.546011867359818,9.502363275075288,True,True,4.865596024585542e-17,0.8808282294233131,"GJR-GARCH(1,1,1)-t"
10326,28.841145836595054,33.79749724431052,True,False,0.0,1.0,"GJR-GARCH(1,1,1)-t"
10336,6.862954318625432,11.819305726340902,True,True,3.6726001679316606e-14,0.9943737670642665,"GJR-GARCH(1,1,1)-t"
10339,4.889271218697779,9.845622626413249,True,False,0.5525651850732732,0.7237174074633634,"GJR-GARCH(1,1,1)-t"
10349,7.068201384300007,12.024552792015477,True,True,0.0,0.09736236026803631,"GJR-GARCH(1,1,1)-t"
10364,27.634409845756817,32.59076125347229,True,False,0.0,1.0,"GJR-GARCH(1,1,1)-t"
10369,-0.6681910867974032,4.288160320918067,True,True,0.019341028951124557,1.446292284591631e-15,"GJR-GARCH(1,1,1)-t"
10389,31.986707391720294,36.94305879943576,True,True,1.1952130058812105e-14,0.9292912614299704,"GJR-GARCH(1,1,1)-t"
10403,-0.01177315855919403,4.944578249156276,True,False,0.0,1.0,"GJR-GARCH(1,1,1)-t"
10421,13.975278052927756,18.931629460643226,True,True,6.060593476443999e-20,2.8269879305839198e-08,"GJR-GARCH(1,1,1)-t"
10433,16.388705417099583,21.345056824815053,True,True,0.0,0.9807297485655917,"GJR-GARCH(1,1,1)-t"
10448,18.595400177723135,23.551751585438602,True,True,2.07275863690129e-16,0.8447399306642281,"GJR-GARCH(1,1,1)-t"
10450,2.05574026698857,7.01209167470404,True,False,0.6644795886464849,0.4387926517827766,"GJR-GARCH(1,1,1)-t"
10455,19.664538218870845,24.62088962658632,True,True,4.322751151489066e-15,0.7950159405412299,"GJR-GARCH(1,1,1)-t"
10460,-4.009850319935559,0.9465010877799109,True,True,4.3026968622742094e-20,8.950516033863472e-19,"GJR-GARCH(1,1,1)-t"
10461,50.447725794135316,55.40407720185078,True,True,0.05508263183236783,1.3831159701631045e-11,"GJR-GARCH(1,1,1)-t"
10480,-7.983953408659506,-3.027602000944036,True,True,0.0,0.6887378000392225,"GJR-GARCH(1,1,1)-t"
10488,62.51079296989908,67.46714437761455,True,True,2.9144907902030056e-17,0.9582627698799794,"GJR-GARCH(1,1,1)-t"
10491,17.729708474181642,22.686059881897112,True,False,0.9999999961046414,1.9775591460568446e-09,"GJR-GARCH(1,1,1)-t"
10494,13.677694488262802,18.63404589597827,True,True,5.863469860652667e-16,0.902762334714993,"GJR-GARCH(1,1,1)-t"
10523,12.583354035857838,17.539705443573308,True,False,1.3245646042920829e-15,1.0,"GJR-GARCH(1,1,1)-t"
10530,-2.899675698885275,2.056675708830195,True,True,9.992943710214557e-16,1.1242708793118524e-14,"GJR-GARCH(1,1,1)-t"
10546,21.112879707782955,26.069231115498425,True,False,2.7680439201321368e-17,1.0,"GJR-GARCH(1,1,1)-t"
10547,6.29838592932718,11.25473733704265,True,True,1.530177349998372e-15,0.8878203684916537,"GJR-GARCH(1,1,1)-t"
10554,7.92230064042708,12.87865204814255,True,False,0.63459639077926,0.6827018046103405,"GJR-GARCH(1,1,1)-t"
10559,2.615056975089365,7.571408382804835,True,True,1.5725114085638024e-17,0.802200290595452,"GJR-GARCH(1,1,1)-t"
10561,8.675045929262854,13.631397336978324,True,True,7.133301124764512e-15,0.7272897076130247,"GJR-GARCH(1,1,1)-t"
10572,12.10390504512512,17.06025645284059,True,True,0.0,0.860589254398948,"GJR-GARCH(1,1,1)-t"
10590,45.922064002540424,50.8784154102559,True,True,3.155177396002162e-14,0.9522129735322075,"GJR-GARCH(1,1,1)-t"
10604,16.06896493624958,21.02531634396505,True,True,0.22988403533006857,1.5000771017718324e-13,"GJR-GARCH(1,1,1)-t"
10608,18.5757297140446,23.53208112176007,True,False,2.2648894146662863e-15,0.9999999999999956,"GJR-GARCH(1,1,1)-t"
10610,15.485832009841777,20.442183417557246,True,True,0.9335822833467815,4.684071130545645e-13,"GJR-GARCH(1,1,1)-t"
10616,6.1701438695544635,11.126495277269933,True,True,0.23603636313393814,0.2728170214811129,"GJR-GARCH(1,1,1)-t"
10619,28.83440005921172,33.79075146692719,True,True,0.860754346618611,0.09673487254328846,"GJR-GARCH(1,1,1)-t"
10628,-1.0725979029926531,3.883753504722817,True,False,5.98122943602731e-14,0.999999999998314,"GJR-GARCH(1,1,1)-t"
10633,20.236006160588733,25.192357568304203,True,True,3.7318525563704795e-16,3.531514875410997e-19,"GJR-GARCH(1,1,1)-t"
10642,-20.534467837282513,-15.578116429567043,True,True,0.0,0.0,"GJR-GARCH(1,1,1)-t"
10661,6.957462029321369,11.91381343703684,True,False,0.0,1.0,"GJR-GARCH(1,1,1)-t"
10669,42.1282009940643,47.084552401779774,True,True,0.031157629673999918,0.6355158552222778,"GJR-GARCH(1,1,1)-t"
10672,26.51421109232057,31.47056250003604,True,True,0.0,0.17811717487660197,"GJR-GARCH(1,1,1)-t"
10682,-3.7617598887079247,1.1945915190075453,True,True,5.125706866105158e-13,1.0531840488490561e-11,"GJR-GARCH(1,1,1)-t"
10688,27.357379589467364,32.31373099718283,True,False,1.0,0.12829134286875601,"GJR-GARCH(1,1,1)-t"
10689,9.615173959999114,14.571525367714584,True,False,0.0,0.9999999999999867,"GJR-GARCH(1,1,1)-t"
10701,4.268977920384611,9.22532932810008,True,True,0.0,0.8820560126121287,"GJR-GARCH(1,1,1)-t"
10702,6.094271502646639,11.050622910362108,True,False,6.051089573265218e-15,0.9999999999999846,"GJR-GARCH(1,1,1)-t"
10703,15.330794278856397,20.28714568657187,True,True,5.814625009193649e-17,3.773343950207156e-17,"GJR-GARCH(1,1,1)-t"
10708,1.3815729740209868,6.337924381736457,True,False,0.9999999999999976,0.0,"GJR-GARCH(1,1,1)-t"
10709,-18.427360516751015,-13.471009109035545,True,True,3.1179907124249017e-14,0.09202651990042046,"GJR-GARCH(1,1,1)-t"
10725,13.346799409577342,18.303150817292813,True,True,2.3583291936921725e-22,0.7611130241883312,"GJR-GARCH(1,1,1)-t"
10726,23.515650033936005,28.47200144165147,True,True,0.0,0.8896021195042848,"GJR-GARCH(1,1,1)-t"
10734,-9.551226839459485,-4.594875431744015,True,True,9.383923051616837e-13,0.03567326993352403,"GJR-GARCH(1,1,1)-t"
10745,1.6981275112847989,6.654478919000269,True,True,0.0,0.9432409089949793,"GJR-GARCH(1,1,1)-t"
10751,17.790400749889283,22.746752157604753,True,True,5.798019296948737e-20,0.28852375595250196,"GJR-GARCH(1,1,1)-t"
10765,26.07616740241884,31.032518810134306,True,False,0.9209222316152854,0.22954453529088106,"GJR-GARCH(1,1,1)-t"
10767,36.190954686711805,41.14730609442728,True,True,6.11229998905986e-14,0.7235949822276083,"GJR-GARCH(1,1,1)-t"
10776,6.463148708389659,11.41950011610513,True,True,0.0,0.09071976621819632,"GJR-GARCH(1,1,1)-t"
10779,10.39384142407287,15.35019283178834,True,True,0.11832207385096823,1.4572386231049746e-14,"GJR-GARCH(1,1,1)-t"
10781,-15.006953693986752,-10.050602286271282,True,True,6.404671360776541e-17,0.7048353209407553,"GJR-GARCH(1,1,1)-t"
10789,3.3265907168095943,8.282942124525064,True,True,0.22830124352470285,7.959514786161573e-14,"GJR-GARCH(1,1,1)-t"
10793,0.9872908907318312,5.943642298447301,True,True,0.0,0.9054762135675397,"GJR-GARCH(1,1,1)-t"
10796,10.621483190105584,15.577834597821054,True,True,4.310780318065627e-13,0.8096663092314584,"GJR-GARCH(1,1,1)-t"
10806,38.76140976430536,43.71776117202083,True,True,6.890192750340904e-17,0.41695624830017625,"GJR-GARCH(1,1,1)-t"
10810,40.12170684544013,45.0780582531556,True,False,0.6621756241592059,0.34256089508185805,"GJR-GARCH(1,1,1)-t"
10816,24.51053541043271,29.466886818148183,True,True,1.88389570207425e-15,0.7192696533857136,"GJR-GARCH(1,1,1)-t"
10827,30.161016268022365,35.11736767573784,True,True,3.678370598302889e-12,0.8213806889304635,"GJR-GARCH(1,1,1)-t"
10840,6.444165448900877,11.400516856616347,True,True,9.30982523812812e-16,0.9806655630561931,"GJR-GARCH(1,1,1)-t"
10849,18.573502253666618,23.529853661382084,True,False,3.875319752296775e-09,0.9999999784205962,"GJR-GARCH(1,1,1)-t"
10856,3.11473951110678,8.07109091882225,True,False,0.9765311598195199,0.51173442009024,"GJR-GARCH(1,1,1)-t"
10890,16.348869035972562,21.305220443688032,True,True,1.0047513480406631e-14,0.7518589168322267,"GJR-GARCH(1,1,1)-t"
10892,20.23359639162805,25.18994779934352,True,True,1.0556064701248114e-11,0.414956999374979,"GJR-GARCH(1,1,1)-t"
10898,7.042821111114626,11.999172518830097,True,False,4.2756293285760666e-13,1.0,"GJR-GARCH(1,1,1)-t"
10899,17.60919247091682,22.56554387863229,True,False,0.5101139237125206,0.7334307245490085,"GJR-GARCH(1,1,1)-t"
10929,13.532361336657488,18.488712744372958,True,True,0.0,0.026964224749004315,"GJR-GARCH(1,1,1)-t"
10932,21.19172010251917,26.148071510234637,True,False,0.6968647625567145,0.6515676187216441,"GJR-GARCH(1,1,1)-t"
10934,13.111086354286764,18.067437762002232,True,True,0.09237033062624732,0.38225542138045365,"GJR-GARCH(1,1,1)-t"
10938,-15.439943565709378,-10.483592157993908,True,True,0.0,0.8519424722833355,"GJR-GARCH(1,1,1)-t"
10941,1.375581839256828,6.331933246972298,True,True,1.606758133938767e-11,0.9824122172926681,"GJR-GARCH(1,1,1)-t"
10946,-0.6531850664353609,4.303166341280109,True,True,0.0,0.772873873053646,"GJR-GARCH(1,1,1)-t"
10949,17.50916131496912,22.46551272268459,True,False,1.0,1.6279435396476638e-19,"GJR-GARCH(1,1,1)-t"
10956,7.426483033915465,12.382834441630935,True,True,2.1850217777396644e-14,1.0092524937510583e-13,"GJR-GARCH(1,1,1)-t"
10964,40.69289038192288,45.64924178963835,True,False,0.8566516533705562,0.36968538682872926,"GJR-GARCH(1,1,1)-t"
10969,-3.247235958244488,1.709115449470982,True,False,0.24216181967464367,0.8269301438443549,"GJR-GARCH(1,1,1)-t"
10985,-17.10937250583642,-12.153021098120949,True,True,2.41809448338499e-12,0.8554997655407537,"GJR-GARCH(1,1,1)-t"
10987,-1.5471892390937718,3.409162168621698,True,True,0.6348659727901709,1.3474901428576953e-16,"GJR-GARCH(1,1,1)-t"
10994,6.867044264403054,11.823395672118524,True,True,4.6374045466542044e-18,0.6692004633458893,"GJR-GARCH(1,1,1)-t"
11007,-1.261945500079145,3.694405907636325,True,True,0.0,0.05522366013312681,"GJR-GARCH(1,1,1)-t"
11035,15.32742167299248,20.283773080707952,True,True,0.0,0.18450148011882114,"GJR-GARCH(1,1,1)-t"
11041,21.409434369792194,26.36578577750766,True,False,0.15395018937817784,0.9230249053109075,"GJR-GARCH(1,1,1)-t"
11043,53.615245124518154,58.57159653223363,True,True,2.991091481618806e-16,0.0,"GJR-GARCH(1,1,1)-t"
11048,16.08927849555574,21.04562990327121,True,True,0.2932149693531982,8.108721942161375e-18,"GJR-GARCH(1,1,1)-t"
11052,54.85728028860129,59.81363169631676,True,True,1.0708507612124296e-14,4.078263481534025e-12,"GJR-GARCH(1,1,1)-t"
11054,16.800783373882314,21.757134781597784,True,True,0.7250354636995312,3.6748657540569905e-14,"GJR-GARCH(1,1,1)-t"
11056,-9.457715130762512,-4.501363723047042,True,True,0.042187367160090763,1.5070078493637506e-13,"GJR-GARCH(1,1,1)-t"
11059,12.279242703604966,17.235594111320435,True,True,2.3870735635738854e-16,0.7096120279910388,"GJR-GARCH(1,1,1)-t"
11060,4.485475293163397,9.441826700878867,True,True,5.817239033499043e-13,0.8045221937136117,"GJR-GARCH(1,1,1)-t"
11062,38.881490012033325,43.83784141974879,True,True,0.0,0.9849974530337884,"GJR-GARCH(1,1,1)-t"
11070,1.0605322179777747,6.016883625693245,True,True,3.3367801171164153e-15,0.27436204987075374,"GJR-GARCH(1,1,1)-t"
11081,33.228397662908264,38.18474907062374,True,True,0.0,0.817566483914433,"GJR-GARCH(1,1,1)-t"
11090,12.378675099299777,17.335026507015247,True,False,0.18976119844426767,0.9051194007778289,"GJR-GARCH(1,1,1)-t"
11096,14.230243155858135,19.186594563573607,True,False,0.3959048688951321,0.7137146563951857,"GJR-GARCH(1,1,1)-t"
11111,-18.50133214070108,-13.54498073298561,True,False,0.0,1.0,"GJR-GARCH(1,1,1)-t"
11113,65.44945606757402,70.40580747528949,True,True,0.5549759353980201,0.022849803064082897,"GJR-GARCH(1,1,1)-t"
11120,-6.35191796059549,-1.3955665528800196,True,True,2.522197028845377e-14,0.49767706018084895,"GJR-GARCH(1,1,1)-t"
11121,26.007481865372856,30.963833273088326,True,True,0.6908725284767323,0.16011580209196408,"GJR-GARCH(1,1,1)-t"
11122,7.808863534263262,12.765214941978732,True,False,0.0676121870823628,0.9550990126494222,"GJR-GARCH(1,1,1)-t"
11137,23.342248562287672,28.298599970003146,True,True,2.1489615812133385e-15,0.7274961460655968,"GJR-GARCH(1,1,1)-t"
11143,-7.058668080589754,-2.1023166728742844,True,True,0.0,0.969148795415256,"GJR-GARCH(1,1,1)-t"
11151,36.5934150606291,41.54976646834457,True,False,1.1287452880714323e-16,0.9999999999980812,"GJR-GARCH(1,1,1)-t"
11152,13.575658348505234,18.532009756220702,True,True,0.0,0.7646960009946393,"GJR-GARCH(1,1,1)-t"
11178,22.09990915013219,27.056260557847665,True,True,8.868785235106306e-16,0.8064035293202954,"GJR-GARCH(1,1,1)-t"
11184,24.407920424342006,29.364271832057476,True,True,0.1379466337098801,0.189521840888098,"GJR-GARCH(1,1,1)-t"
11199,5.728849332586655,10.685200740302125,True,True,0.20200328177740173,1.365800750235619e-15,"GJR-GARCH(1,1,1)-t"
11227,3.627481732720346,8.583833140435816,True,True,0.0,0.9513463634261308,"GJR-GARCH(1,1,1)-t"
11243,-4.7565824838665485,0.19976892384892153,True,True,0.0,0.0,"GJR-GARCH(1,1,1)-t"
11248,29.574879306852257,34.53123071456773,True,False,1.4125289897903725e-15,0.9999999999999966,"GJR-GARCH(1,1,1)-t"
11263,17.929240806252526,22.885592213967996,True,True,1.7753439255823857e-15,0.9226289896501891,"GJR-GARCH(1,1,1)-t"
11264,31.07664510178068,36.03299650949615,True,True,0.0,0.6225610018244863,"GJR-GARCH(1,1,1)-t"
11279,10.748696522152425,15.705047929867895,True,True,1.2142981774041073e-16,0.028425449101872773,"GJR-GARCH(1,1,1)-t"
11296,13.133463696930558,18.08981510464603,True,True,5.15100457025502e-13,3.4861546180446966e-10,"GJR-GARCH(1,1,1)-t"
11303,15.22081627108865,20.177167678804118,True,True,1.7050054508976854e-13,0.7822896931219919,"GJR-GARCH(1,1,1)-t"
11318,-10.394944609800596,-5.438593202085126,True,False,1.0,0.1667293944259062,"GJR-GARCH(1,1,1)-t"
11325,4.268306361004349,9.224657768719819,True,True,0.36980864651367157,0.253465516895823,"GJR-GARCH(1,1,1)-t"
11327,50.47712248046244,55.433473888177915,True,False,0.9999999999874953,3.425770223716673e-11,"GJR-GARCH(1,1,1)-t"
11330,0.19825493320838916,5.154606340923859,True,True,1.2041510850603347e-13,0.8846062318113719,"GJR-GARCH(1,1,1)-t"
11351,0.852489889688167,5.808841297403637,True,True,8.95402530250787e-15,0.21570665025220465,"GJR-GARCH(1,1,1)-t"
11363,20.211108411346952,25.167459819062422,True,True,0.0,0.34332845510254895,"GJR-GARCH(1,1,1)-t"
11367,0.8421346278679316,5.798486035583402,True,True,0.0,0.9838085319728966,"GJR-GARCH(1,1,1)-t"
11374,13.614431649947837,18.570783057663306,True,False,0.9999999999999999,0.31546449777057645,"GJR-GARCH(1,1,1)-t"
11375,19.272947650160656,24.229299057876126,True,False,1.7210924307443266e-23,1.0,"GJR-GARCH(1,1,1)-t"
11389,-0.9808873120355397,3.9754640956799303,True,True,0.0,0.0,"GJR-GARCH(1,1,1)-t"
11393,26.32923952582012,31.285590933535588,True,True,1.8639456206618913e-19,0.44093157980516995,"GJR-GARCH(1,1,1)-t"
11405,19.85234737848358,24.808698786199052,True,True,0.0,0.9569420198237485,"GJR-GARCH(1,1,1)-t"
11415,-0.06418500111541903,4.892166406600051,True,True,4.354378092882114e-12,0.9567442840060337,"GJR-GARCH(1,1,1)-t"
11419,19.69618799957101,24.652539407286483,True,True,1.1466809332396434e-17,0.9887195071927086,"GJR-GARCH(1,1,1)-t"
11431,7.012842599977961,11.969194007693432,True,False,1.0,0.19706957259593558,"GJR-GARCH(1,1,1)-t"
11433,7.676177771881898,12.632529179597368,True,True,0.22933996408894652,5.615247906790873e-13,"GJR-GARCH(1,1,1)-t"
11440,43.80367601079418,48.76002741850965,True,True,0.0,0.0,"GJR-GARCH(1,1,1)-t"
11449,18.884153713561183,23.840505121276653,True,True,2.7588708895921587e-14,4.561261804927573e-13,"GJR-GARCH(1,1,1)-t"
11453,20.78653149475069,25.74288290246616,True,False,2.3872343876309307e-15,1.0,"GJR-GARCH(1,1,1)-t"
11475,10.105800268397033,15.062151676112503,True,True,9.638087635843024e-15,6.4702438185625614e-15,"GJR-GARCH(1,1,1)-t"
11481,11.018371063916927,15.974722471632397,True,True,0.15004707178988638,0.24969982905306848,"GJR-GARCH(1,1,1)-t"
11487,-9.814556404977775,-4.858204997262305,True,True,1.1752546190852799e-14,0.9559374618476395,"GJR-GARCH(1,1,1)-t"
11490,-6.813119356769931,-1.8567679490544613,True,True,0.2282270673857978,1.0044351407034545e-17,"GJR-GARCH(1,1,1)-t"
11497,6.1650410270919735,11.121392434807444,True,True,0.652510384234844,1.5405240644547436e-15,"GJR-GARCH(1,1,1)-t"
11499,36.34410705673331,41.300458464448774,True,True,7.50548682588261e-18,0.6724662802418758,"GJR-GARCH(1,1,1)-t"
11501,0.7084428348237175,5.6647942425391875,True,False,1.0,1.199819752435549e-18,"GJR-GARCH(1,1,1)-t"
11504,22.149273645478097,27.105625053193567,True,True,2.1740773000335575e-14,2.828497306962337e-13,"GJR-GARCH(1,1,1)-t"
11508,6.745292065104957,11.701643472820427,True,True,6.163891992945554e-15,0.8239795421449296,"GJR-GARCH(1,1,1)-t"
11511,-12.675713708764238,-7.719362301048768,True,True,6.913178688865282e-17,0.9249862402895723,"GJR-GARCH(1,1,1)-t"
11541,-31.42288774015897,-26.4665363324435,True,True,2.6857906048115523e-19,0.5908353811556609,"GJR-GARCH(1,1,1)-t"
11559,-7.59432476692432,-2.63797335920885,True,True,0.022931143547717487,0.14376597378487585,"GJR-GARCH(1,1,1)-t"
11577,12.88957670049954,17.84592810821501,True,True,1.2292687583935068e-14,0.6488787757282819,"GJR-GARCH(1,1,1)-t"
11579,4.804780911066249,9.76113231878172,True,False,1.0,0.0,"GJR-GARCH(1,1,1)-t"
11589,-11.466583198369165,-6.510231790653695,True,False,0.27175333412661185,0.8641233329366942,"GJR-GARCH(1,1,1)-t"
11597,14.007207206707347,18.963558614422816,True,True,2.0814545528388804e-14,0.6835466580006885,"GJR-GARCH(1,1,1)-t"
11607,-0.19753654250123454,4.7588148652142355,True,True,0.0,0.7124346037601523,"GJR-GARCH(1,1,1)-t"
11639,15.053211144009833,20.009562551725303,True,False,7.850403021696573e-19,1.0,"GJR-GARCH(1,1,1)-t"
11641,4.321547848711292,9.277899256426762,True,True,2.037753768889283e-12,4.328495167534498e-11,"GJR-GARCH(1,1,1)-t"
11642,-1.3698908575309812,3.586460550184489,True,True,0.7332452747085549,8.968677266177808e-13,"GJR-GARCH(1,1,1)-t"
11655,19.252379637910646,24.208731045626116,True,True,0.005975221452687763,0.01638079083578821,"GJR-GARCH(1,1,1)-t"
11682,5.295199213277428,10.251550620992898,True,True,0.0,0.0,"GJR-GARCH(1,1,1)-t"
11686,74.44067220374919,79.39702361146466,True,False,0.9637461822484167,0.07085510812669381,"GJR-GARCH(1,1,1)-t"
11689,-1.7389094868580806,3.2174419208573894,True,False,1.207161894442996e-16,0.9999999999999999,"GJR-GARCH(1,1,1)-t"
11700,51.085837833249386,56.04218924096486,True,False,1.0,5.15278521325278e-16,"GJR-GARCH(1,1,1)-t"
11715,5.673892836299178,10.630244244014648,True,False,0.4828039919920604,0.7585980039949997,"GJR-GARCH(1,1,1)-t"
11718,7.45918745834199,12.41553886605746,True,True,9.187658297691326e-15,0.921557762654796,"GJR-GARCH(1,1,1)-t"
11722,-7.4501644061110746,-2.4938129983956046,True,False,2.348470689141863e-12,0.9999999999723552,"GJR-GARCH(1,1,1)-t"
11726,4.3618870106099,9.31823841832537,True,False,0.0,0.9999999999983415,"GJR-GARCH(1,1,1)-t"
11729,35.07990771161775,40.03625911933322,True,False,1.0,0.116824180122291,"GJR-GARCH(1,1,1)-t"
11730,12.068092898158397,17.024444305873867,True,True,2.4794314713844963e-16,0.7681862648120953,"GJR-GARCH(1,1,1)-t"
11735,13.049086689754505,18.005438097469973,True,False,0.0,1.0,"GJR-GARCH(1,1,1)-t"
11749,13.666170274178175,18.622521681893645,True,True,0.0,8.097699036017675e-14,"GJR-GARCH(1,1,1)-t"
11750,2.808186803682837,7.764538211398307,True,True,4.2761527289141993e-13,6.332274684593714e-13,"GJR-GARCH(1,1,1)-t"
11764,10.50669483122849,15.46304623894396,True,True,0.2271970650102506,1.8133790639951878e-17,"GJR-GARCH(1,1,1)-t"
11775,3.4518454832828454,8.408196890998315,True,True,1.8982781022586704e-21,0.9492315918304813,"GJR-GARCH(1,1,1)-t"
11786,-4.676061450872208,0.2802899568432622,True,True,1.136063664448767e-18,0.2893866370520104,"GJR-GARCH(1,1,1)-t"
11792,17.386650725266676,22.343002132982143,True,True,1.3547960091509175e-14,0.5848067611167708,"GJR-GARCH(1,1,1)-t"
11804,10.531799739575982,15.488151147291452,True,True,1.5139287985965654e-14,3.8654113037634563e-16,"GJR-GARCH(1,1,1)-t"
11809,-19.06658958254347,-14.110238174828002,True,True,1.6117243101917885e-16,0.8571298039855029,"GJR-GARCH(1,1,1)-t"
11812,12.36703384320721,17.32338525092268,True,False,0.17191018668024383,0.9140449066598244,"GJR-GARCH(1,1,1)-t"
11844,-6.102581691777374,-1.1462302840619039,True,True,0.30439938615989803,0.5196440986094079,"GJR-GARCH(1,1,1)-t"
11852,17.11572226643786,22.07207367415333,True,True,3.000451180238489e-13,0.9321184825115462,"GJR-GARCH(1,1,1)-t"
11860,36.99442774601654,41.95077915373201,True,False,0.9999999999999997,0.4052626119838939,"GJR-GARCH(1,1,1)-t"
11864,24.522048880898847,29.478400288614317,True,True,1.2044436126277012e-15,0.8218650845843437,"GJR-GARCH(1,1,1)-t"
11868,-11.684157043636525,-6.7278056359210545,True,True,9.475129417748415e-20,3.855506517680883e-14,"GJR-GARCH(1,1,1)-t"
11869,2.0718891879636896,7.02824059567916,True,True,5.933352625667573e-11,0.8056209534144089,"GJR-GARCH(1,1,1)-t"
11872,40.23428588464901,45.190637292364485,True,False,2.622953960731471e-17,0.9999999999999997,"GJR-GARCH(1,1,1)-t"
11874,4.950067998374662,9.906419406090132,True,False,9.009612804873099e-16,0.9999999999999928,"GJR-GARCH(1,1,1)-t"
11876,16.262160565427433,21.218511973142903,True,True,4.622896936472961e-12,0.976708375859843,"GJR-GARCH(1,1,1)-t"
11886,-28.304316483420166,-23.347965075704696,True,False,1.0,0.0010824712521857777,"GJR-GARCH(1,1,1)-t"
11887,7.907814577149832,12.864165984865302,True,True,8.431617402144771e-13,0.9699997722962351,"GJR-GARCH(1,1,1)-t"
11893,3.8515818759972245,8.807933283712694,True,True,2.6821099117552693e-15,0.16863444012955772,"GJR-GARCH(1,1,1)-t"
11898,24.46160362724884,29.417955034964308,True,True,1.4320917594171278e-14,6.676796574749933e-14,"GJR-GARCH(1,1,1)-t"
11899,9.90564891042283,14.8620003181383,True,True,8.805884465998854e-17,0.0,"GJR-GARCH(1,1,1)-t"
11904,8.806593367166569,13.762944774882039,True,False,1.0,0.45732944633227857,"GJR-GARCH(1,1,1)-t"
11914,21.836980775956704,26.793332183672177,True,False,0.9999999999999762,0.28304876536932916,"GJR-GARCH(1,1,1)-t"
11920,1.9907392723447899,6.94709068006026,True,True,0.0,0.9854534906610031,"GJR-GARCH(1,1,1)-t"
11940,16.310666576342083,21.267017984057553,True,False,0.0,1.0,"GJR-GARCH(1,1,1)-t"
11941,16.102188002353564,21.058539410069034,True,False,5.0987919987653055e-15,0.999999999999992,"GJR-GARCH(1,1,1)-t"
11952,-7.997229494219546,-3.040878086504076,True,True,0.0,0.7896875722012866,"GJR-GARCH(1,1,1)-t"
11953,32.24197239328571,37.19832380100118,True,True,1.608810163250034e-10,0.8552740623132574,"GJR-GARCH(1,1,1)-t"
11959,-9.063399717280596,-4.107048309565126,True,True,0.3307807174035388,3.421727214261534e-17,"GJR-GARCH(1,1,1)-t"
11962,1.9108098223031025,6.8671612300185725,True,False,2.9196669145986616e-15,0.9999999999999964,"GJR-GARCH(1,1,1)-t"
11981,-8.63724156567882,-3.6808901579633506,True,True,1.3109834401237857e-18,0.8122199621205352,"GJR-GARCH(1,1,1)-t"
11985,5.906315651677902,10.862667059393372,True,True,0.4490869915913091,0.0516735404643552,"GJR-GARCH(1,1,1)-t"
11987,-7.00933855696065,-2.0529871492451797,True,True,1.629667234743325e-10,0.9515845875996982,"GJR-GARCH(1,1,1)-t"
11994,19.2045105882157,24.16086199593117,True,True,1.4217501782031156e-16,0.048315223039288105,"GJR-GARCH(1,1,1)-t"
11995,52.37602357665012,57.332374984365586,True,True,0.08458289947910369,2.8660801225778604e-15,"GJR-GARCH(1,1,1)-t"
12011,-19.133076344548606,-14.176724936833136,True,True,8.2392409160378e-16,0.6456471404372637,"GJR-GARCH(1,1,1)-t"
12012,-7.438803699956331,-2.482452292240861,True,False,1.0,0.0,"GJR-GARCH(1,1,1)-t"
12021,-19.568136725481914,-14.611785317766444,True,False,1.412107402380817e-12,0.9999999999443979,"GJR-GARCH(1,1,1)-t"
12028,32.744633172522946,37.70098458023841,True,True,1.0411505189550092e-15,0.8473323299657364,"GJR-GARCH(1,1,1)-t"
12030,-0.7936171016550571,4.162734306060413,True,True,0.5615669555459178,1.4880547261186755e-18,"GJR-GARCH(1,1,1)-t"
12061,-2.262338327832417,2.694013079883053,True,True,5.263248533653473e-12,0.8630900109192816,"GJR-GARCH(1,1,1)-t"
12065,22.877548877421557,27.833900285137027,True,False,0.0,1.0,"GJR-GARCH(1,1,1)-t"
12073,19.65422200069404,24.610573408409515,True,True,9.83018755926658e-16,0.8770560937283195,"GJR-GARCH(1,1,1)-t"
12079,6.714243380460765,11.670594788176235,True,True,5.729007736645221e-11,0.4311823517010567,"GJR-GARCH(1,1,1)-t"
12102,15.48657439390705,20.44292580162252,True,True,0.0,0.02400594843321172,"GJR-GARCH(1,1,1)-t"
12103,15.527907561111002,20.484258968826474,True,True,1.198087938819442e-13,6.693481962457285e-15,"GJR-GARCH(1,1,1)-t"
12111,-13.586856861229556,-8.630505453514086,True,True,5.876680530261658e-14,0.7000780604486022,"GJR-GARCH(1,1,1)-t"
12114,35.252495388313974,40.20884679602945,True,True,4.745746074448122e-15,0.3037640428140918,"GJR-GARCH(1,1,1)-t"
12115,18.63528545505329,23.59163686276876,True,True,2.9021636959477095e-13,1.575836495418388e-12,"GJR-GARCH(1,1,1)-t"
12131,-3.4067962014486284,1.5495552062668416,True,False,0.9999999999998029,4.2914004529532856e-14,"GJR-GARCH(1,1,1)-t"
12135,-12.378262833972073,-7.421911426256603,True,True,4.758402522334286e-14,0.0,"GJR-GARCH(1,1,1)-t"
12139,33.41574778859764,38.372099196313115,True,True,0.4042786307253327,4.313741206896355e-15,"GJR-GARCH(1,1,1)-t"
12141,20.77203243533949,25.728383843054964,True,True,6.690865644976669e-26,0.7460875163580689,"GJR-GARCH(1,1,1)-t"
12147,41.01609728467501,45.97244869239048,True,True,0.0,0.7772535539968656,"GJR-GARCH(1,1,1)-t"
12151,-9.626834766513923,-4.670483358798453,True,True,6.307430613694392e-10,0.7596996384828089,"GJR-GARCH(1,1,1)-t"
12163,27.001107273085204,31.95745868080067,True,True,0.0,0.970302089421998,"GJR-GARCH(1,1,1)-t"
12166,5.787715302631536,10.744066710347006,True,True,0.045237455678166234,0.9484890637275736,"GJR-GARCH(1,1,1)-t"
12176,6.906323555583278,11.862674963298748,True,True,0.0,0.0,"GJR-GARCH(1,1,1)-t"
12178,28.51655350548848,33.472904913203955,True,True,1.419869528785079e-14,0.4867476098938439,"GJR-GARCH(1,1,1)-t"
12182,17.311949716601355,22.268301124316825,True,True,2.8130786914680542e-08,0.985995277425795,"GJR-GARCH(1,1,1)-t"
12206,-19.067346274425397,-14.110994866709927,True,False,0.208522827806073,0.8957385860981962,"GJR-GARCH(1,1,1)-t"
12222,2.4634098384627467,7.419761246178217,True,True,0.34989401891691335,8.785354155352102e-12,"GJR-GARCH(1,1,1)-t"
12225,-1.0951288792081826,3.8612225285072874,True,True,0.8615596216078769,2.4314202434542204e-12,"GJR-GARCH(1,1,1)-t"
12229,6.274821905240745,11.231173312956216,True,True,0.19400597177061313,0.011112428690800171,"GJR-GARCH(1,1,1)-t"
12234,-0.7872447843985562,4.169106623316914,True,True,0.0,0.4090276278262735,"GJR-GARCH(1,1,1)-t"
12247,32.24405666843773,37.200408076153195,True,True,4.0051013774048277e-16,5.482556248914098e-17,"GJR-GARCH(1,1,1)-t"
12250,18.89234028858867,23.848691696304137,True,True,9.016375646148135e-16,0.8143990890976444,"GJR-GARCH(1,1,1)-t"
12254,-4.780403299946773,0.17594810776869707,True,True,3.3464640290239357e-15,0.5255454896062735,"GJR-GARCH(1,1,1)-t"
12266,11.069278319333844,16.025629727049314,True,True,2.5402090260158435e-15,0.0,"GJR-GARCH(1,1,1)-t"
12279,11.619898938363924,16.576250346079394,True,False,0.29284569467431676,0.8228587749554576,"GJR-GARCH(1,1,1)-t"
12287,41.367739725986745,46.32409113370221,True,True,1.1797040838418698e-15,0.018315633958578322,"GJR-GARCH(1,1,1)-t"
12291,17.904013994630844,22.860365402346314,True,True,1.982950614847303e-13,0.9571532086943428,"GJR-GARCH(1,1,1)-t"
12299,0.23083235643142075,5.187183764146891,True,True,5.9491359581683775e-09,0.9916396541162271,"GJR-GARCH(1,1,1)-t"
12309,24.5103174545445,29.46666886225997,True,False,6.606085050446107e-13,1.0,"GJR-GARCH(1,1,1)-t"
12322,-5.9195794273991,-0.9632280196836298,True,True,0.09905151521583973,0.0,"GJR-GARCH(1,1,1)-t"
12324,33.64954280834233,38.605894216057806,True,False,1.399751130648433e-12,0.9999999999309088,"GJR-GARCH(1,1,1)-t"
12347,3.633841758005925,8.590193165721395,True,True,0.0,0.8879778594357551,"GJR-GARCH(1,1,1)-t"
12348,8.035618724435139,12.991970132150609,True,True,0.0,0.0,"GJR-GARCH(1,1,1)-t"
12352,1.6160487532711585,6.5724001609866285,True,True,0.2605613850898627,1.8897514807790022e-18,"GJR-GARCH(1,1,1)-t"
12358,22.862470375130012,27.818821782845482,True,False,0.493320065726762,0.7533399671366461,"GJR-GARCH(1,1,1)-t"
12395,-11.225479938714127,-6.269128530998657,True,True,0.205555267814488,8.870044820278299e-16,"GJR-GARCH(1,1,1)-t"
12399,7.091825347725547,12.048176755441016,True,True,0.0,8.77624792382605e-15,"GJR-GARCH(1,1,1)-t"
12408,28.654776539253113,33.61112794696858,True,False,0.0,1.0,"GJR-GARCH(1,1,1)-t"
12411,21.31101181720601,26.267363224921482,True,False,5.2478292460816315e-14,0.9999999999999062,"GJR-GARCH(1,1,1)-t"
12419,-0.05465395529717654,4.9016974524182935,True,False,0.3573290402579982,0.8213354798719424,"GJR-GARCH(1,1,1)-t"
12420,31.85624796924429,36.81259937695976,True,True,7.33470855991429e-18,0.8031607476065643,"GJR-GARCH(1,1,1)-t"
12423,1.5958661568319208,6.552217564547391,True,True,0.0,0.0,"GJR-GARCH(1,1,1)-t"
12428,-18.218835858500746,-13.262484450785276,True,False,0.23805356020306376,0.8551862107222986,"GJR-GARCH(1,1,1)-t"
12436,12.980178304508991,17.936529712224463,True,False,0.9999999995300014,7.705259698573343e-10,"GJR-GARCH(1,1,1)-t"
12437,43.84138134678554,48.797732754501006,True,True,0.0,0.9930472376971732,"GJR-GARCH(1,1,1)-t"
12444,3.427598012948934,8.383949420664404,True,False,0.9999999999998477,0.49999993369876045,"GJR-GARCH(1,1,1)-t"
12465,24.71150713034178,29.66785853805725,True,True,2.869717035261902e-14,0.6180954423139263,"GJR-GARCH(1,1,1)-t"
12481,23.26879314250389,28.225144550219355,True,True,0.0,0.9892233532943295,"GJR-GARCH(1,1,1)-t"
12486,-6.330513308193407,-1.3741619004779366,True,False,2.5834671237338753e-16,0.9999999999999993,"GJR-GARCH(1,1,1)-t"
12494,15.385269722684665,20.341621130400135,True,True,0.7825623868630193,0.0,"GJR-GARCH(1,1,1)-t"
12498,34.24814220023193,39.2044936079474,True,True,7.299044694983163e-20,0.9826460844109538,"GJR-GARCH(1,1,1)-t"
12521,23.141925931858893,28.09827733957436,True,True,0.0,0.9325086193360608,"GJR-GARCH(1,1,1)-t"
12523,5.42577300047968,10.38212440819515,True,False,0.9999999999999994,0.3111821076622398,"GJR-GARCH(1,1,1)-t"
12531,4.727510445928672,9.683861853644142,True,True,4.614505044778155e-12,0.9357748375926722,"GJR-GARCH(1,1,1)-t"
12532,38.413399125254784,43.36975053297026,True,True,3.2718752063779577e-16,0.7286811348258339,"GJR-GARCH(1,1,1)-t"
12533,12.94575201126123,17.9021034189767,True,True,8.009730991158955e-15,0.40191410321995613,"GJR-GARCH(1,1,1)-t"
12535,16.25974384970041,21.21609525741588,True,True,3.8886899987220935e-14,1.0005790503434375e-12,"GJR-GARCH(1,1,1)-t"
12537,-5.092844094515801,-0.1364926868003309,True,False,0.8817481760861613,0.5591259119569507,"GJR-GARCH(1,1,1)-t"
12542,4.409628072978833,9.365979480694303,True,True,0.6445276793239416,0.0674848358462958,"GJR-GARCH(1,1,1)-t"
12546,-6.5488117366024206,-1.5924603288869505,True,False,3.116946036887581e-17,1.0,"GJR-GARCH(1,1,1)-t"
12552,6.560471001458495,11.516822409173965,True,True,0.0,0.0,"GJR-GARCH(1,1,1)-t"
12559,12.389646516574786,17.345997924290256,True,True,0.3290861775874113,0.03361738658839138,"GJR-GARCH(1,1,1)-t"
12577,-3.553915862987342,1.402435544728128,True,False,1.8993900517238442e-10,1.0,"GJR-GARCH(1,1,1)-t"
12579,10.55338864195344,15.50974004966891,True,False,0.9115073699598967,0.5424055238672989,"GJR-GARCH(1,1,1)-t"
12581,5.144786052563116,10.101137460278586,True,True,1.5336561008461095e-13,0.9701390146555449,"GJR-GARCH(1,1,1)-t"
12583,23.806684322284305,28.76303572999977,True,False,2.873354077191951e-15,0.9999999999999843,"GJR-GARCH(1,1,1)-t"
12584,48.957842957118004,53.91419436483348,True,True,0.12539667181410497,0.8160942211755275,"GJR-GARCH(1,1,1)-t"
12585,-6.106824280686308,-1.1504728729708376,True,True,1.3326264834094865e-14,0.7318884360557842,"GJR-GARCH(1,1,1)-t"
12588,-4.08347643277677,0.8728749749386999,True,True,0.7785312451946136,4.2657571374644837e-14,"GJR-GARCH(1,1,1)-t"
12611,-8.649354640968173,-3.6930032332527034,True,True,8.419673083758561e-13,0.04199968611945562,"GJR-GARCH(1,1,1)-t"
12633,14.195633144115131,19.1519845518306,True,True,0.11533445186130681,0.0,"GJR-GARCH(1,1,1)-t"
12661,31.934079892697117,36.89043130041259,True,True,0.0,0.9436745726216276,"GJR-GARCH(1,1,1)-t"
12666,2.0861627418128386,7.042514149528309,True,True,5.686627983203412e-14,0.7202795546748869,"GJR-GARCH(1,1,1)-t"
12669,37.424008604266064,42.38036001198153,True,False,0.9999999999999969,0.4807123320102678,"GJR-GARCH(1,1,1)-t"
12676,-2.228050593332906,2.728300814382564,True,True,9.63157192500122e-15,0.5520207475374918,"GJR-GARCH(1,1,1)-t"
12691,27.485484170174715,32.44183557789018,True,True,3.5409469668004123e-15,0.5367472884799622,"GJR-GARCH(1,1,1)-t"
12694,56.99086767161562,61.94721907933109,True,False,0.9999999888195972,2.206243554994199e-09,"GJR-GARCH(1,1,1)-t"
12703,-4.929091157985692,0.027260249729778252,True,True,0.09841270980851904,0.654816461199877,"GJR-GARCH(1,1,1)-t"
12704,-2.6810533217892853,2.2752980859261847,True,True,3.153342710585813e-12,0.9652687543278461,"GJR-GARCH(1,1,1)-t"
12713,5.881001020899999,10.83735242861547,True,True,0.0,0.8977883249587273,"GJR-GARCH(1,1,1)-t"
12717,39.30878185063401,44.26513325834948,True,True,1.3848250580775233e-15,0.9478167617304576,"GJR-GARCH(1,1,1)-t"
12718,41.13603750895182,46.09238891666729,True,True,0.02274898891497223,1.0625120906743197e-15,"GJR-GARCH(1,1,1)-t"
12726,25.488065840848304,30.444417248563774,True,True,5.344362929684972e-16,0.966414817607583,"GJR-GARCH(1,1,1)-t"
12728,6.716918003877403,11.673269411592873,True,False,0.9999997158109513,1.0999251981760207e-07,"GJR-GARCH(1,1,1)-t"
12730,20.052585563719532,25.008936971435006,True,False,0.0,1.0,"GJR-GARCH(1,1,1)-t"
12751,30.71040493364283,35.6667563413583,True,False,0.9999999999999771,1.848242497651331e-14,"GJR-GARCH(1,1,1)-t"
12758,8.721603896623485,13.677955304338955,True,True,0.0,0.5856928190335563,"GJR-GARCH(1,1,1)-t"
12760,4.765707179612004,9.722058587327474,True,True,2.523834063260946e-12,2.3568391979913872e-11,"GJR-GARCH(1,1,1)-t"
12780,28.68828505201195,33.64463645972742,True,True,2.2027375408072057e-17,0.880488181783408,"GJR-GARCH(1,1,1)-t"
12782,-6.2327402191311805,-1.2763888114157105,True,False,1.0,0.3442390256672502,"GJR-GARCH(1,1,1)-t"
12794,9.708417500376786,14.664768908092256,True,False,0.9999999999998674,0.5000000000001971,"GJR-GARCH(1,1,1)-t"
12797,26.46158910886031,31.417940516575776,True,True,0.0,0.8813727568103025,"GJR-GARCH(1,1,1)-t"
12822,26.153698597484702,31.110050005200172,True,False,1.787198673334293e-17,1.0,"GJR-GARCH(1,1,1)-t"
12834,24.690097947967953,29.646449355683423,True,True,1.3175991897471882e-14,0.8052707589240142,"GJR-GARCH(1,1,1)-t"
12839,-12.493376866016447,-7.5370254583009775,True,True,0.14020504627562094,0.6518521972513635,"GJR-GARCH(1,1,1)-t"
12840,28.215723041450637,33.172074449166104,True,True,0.0,0.9731268974281027,"GJR-GARCH(1,1,1)-t"
12852,8.660463329698047,13.616814737413517,True,True,1.1797680071842409e-16,0.7221034099654797,"GJR-GARCH(1,1,1)-t"
12859,4.972691073097701,9.929042480813171,True,True,3.0785877808502906e-19,0.4648136053210456,"GJR-GARCH(1,1,1)-t"
12878,18.918128140369884,23.874479548085354,True,True,0.8363959061510066,8.844777202011418e-15,"GJR-GARCH(1,1,1)-t"
12904,14.759187623705543,19.715539031421013,True,True,0.0,0.971654133048152,"GJR-GARCH(1,1,1)-t"
12905,14.735969215395894,19.692320623111364,True,True,1.1227080122583804e-20,0.6911125013152305,"GJR-GARCH(1,1,1)-t"
12920,6.076019219765858,11.032370627481328,True,True,1.099464741639109e-13,0.5434087747154437,"GJR-GARCH(1,1,1)-t"
12923,20.010193529244784,24.966544936960254,True,True,1.480597728872372e-21,0.68886843566588,"GJR-GARCH(1,1,1)-t"
12930,18.717892241727736,23.674243649443206,True,False,0.7251299688544057,0.637435015572797,"GJR-GARCH(1,1,1)-t"
12935,11.006194583265788,15.962545990981258,True,True,7.484749456527911e-17,0.7140256583865192,"GJR-GARCH(1,1,1)-t"
12945,4.63045908573455,9.58681049345002,True,True,0.0,0.7511883847365118,"GJR-GARCH(1,1,1)-t"
12949,10.660959735955519,15.617311143670989,True,True,1.9971451956304442e-13,0.5631118980869991,"GJR-GARCH(1,1,1)-t"
12957,3.562434609864967,8.518786017580437,True,False,0.8147392318132715,0.5926303840933577,"GJR-GARCH(1,1,1)-t"
12963,-0.5842681871994664,4.372083220516004,True,True,4.835137553931405e-17,4.820556341647215e-16,"GJR-GARCH(1,1,1)-t"
12964,-9.903102556602022,-4.946751148886552,True,True,0.0,0.5176851936536506,"GJR-GARCH(1,1,1)-t"
12965,-8.340652260448227,-3.384300852732757,True,True,0.16266693347957287,0.0,"GJR-GARCH(1,1,1)-t"
12981,49.70653808711087,54.662889494826345,True,True,0.6791496683367407,0.09919884612314135,"GJR-GARCH(1,1,1)-t"
12987,23.203415771933027,28.159767179648497,True,True,0.0,0.0,"GJR-GARCH(1,1,1)-t"
12991,1.6167557375505055,6.5731071452659755,True,True,4.809216010161424e-13,0.8632042014351933,"GJR-GARCH(1,1,1)-t"
12996,-14.980776317899476,-10.024424910184006,True,True,4.7118629762790654e-08,0.4450488531307267,"GJR-GARCH(1,1,1)-t"
12998,48.846416284857504,53.80276769257297,True,True,1.788540458555111e-17,1.962230994136988e-17,"GJR-GARCH(1,1,1)-t"
13010,14.410706290733737,19.36705769844921,True,True,0.0,0.0,"GJR-GARCH(1,1,1)-t"
13018,16.464485542899723,21.420836950615193,True,False,0.6372570541014173,0.5533828401705315,"GJR-GARCH(1,1,1)-t"
13019,34.62345627671494,39.579807684430406,True,True,0.0,0.5982990415850175,"GJR-GARCH(1,1,1)-t"
13028,20.964269817714815,25.92062122543028,True,True,4.2471425058540517e-16,0.9571003511230349,"GJR-GARCH(1,1,1)-t"
13039,42.102120166468524,47.058471574184,True,True,0.6840376602192776,0.0,"GJR-GARCH(1,1,1)-t"
13044,4.391055013023401,9.34740642073887,True,True,7.50203961843606e-12,0.937865780716703,"GJR-GARCH(1,1,1)-t"
13071,27.286918357379687,32.24326976509516,True,True,0.32090779513129264,1.2694970760588235e-17,"GJR-GARCH(1,1,1)-t"
13096,15.196750341800266,20.153101749515734,True,True,3.188047099768438e-14,0.6615555110942902,"GJR-GARCH(1,1,1)-t"
13102,10.222913240769776,15.179264648485246,True,False,1.0,0.0,"GJR-GARCH(1,1,1)-t"
13124,24.326774061392907,29.283125469108377,True,False,2.7565972149699946e-22,1.0,"GJR-GARCH(1,1,1)-t"
13140,0.1323637134636666,5.088715121179137,True,True,0.08916915600566501,2.8942570448309875e-19,"GJR-GARCH(1,1,1)-t"
13148,4.306086221592301,9.26243762930777,True,True,0.08905906204978269,0.22959976801720502,"GJR-GARCH(1,1,1)-t"
13150,0.5944092361245232,5.550760643839993,True,False,9.677677285015797e-15,0.9999999999999377,"GJR-GARCH(1,1,1)-t"
13159,20.756805695308103,25.713157103023573,True,True,5.2041737621369875e-15,4.370806455812148e-17,"GJR-GARCH(1,1,1)-t"
13160,-16.637342602501004,-11.680991194785534,True,True,0.0,0.9638394862469251,"GJR-GARCH(1,1,1)-t"
13163,18.68823241250894,23.64458382022441,True,False,2.331567090009461e-15,0.9999999999999944,"GJR-GARCH(1,1,1)-t"
13180,27.742097376875563,32.69844878459104,True,True,0.4089475683258261,8.193257380402783e-17,"GJR-GARCH(1,1,1)-t"
13187,43.24733374241917,48.203685150134646,True,True,4.605384650280011e-16,0.0,"GJR-GARCH(1,1,1)-t"
13196,29.660070600952785,34.61642200866825,True,True,3.065848603239213e-17,0.026319815404798445,"GJR-GARCH(1,1,1)-t"
13207,23.530578733678553,28.486930141394026,True,False,0.9999999999996184,0.4536330725226086,"GJR-GARCH(1,1,1)-t"
13217,-19.630442597897726,-14.674091190182256,True,True,0.0,0.9629849340332368,"GJR-GARCH(1,1,1)-t"
13235,21.6015981137998,26.55794952151527,True,True,0.2340588991645549,0.48473217401711827,"GJR-GARCH(1,1,1)-t"
13240,11.777652306109074,16.734003713824542,True,True,0.0,0.0,"GJR-GARCH(1,1,1)-t"
13241,58.46466601322891,63.42101742094438,True,True,0.0,1.56393588374545e-15,"GJR-GARCH(1,1,1)-t"
13269,24.8114204659256,29.767771873641074,True,True,0.34872785225991576,0.34657319144064347,"GJR-GARCH(1,1,1)-t"
13276,4.392185423729458,9.348536831444928,True,True,2.8139887775205652e-15,0.9351284130344643,"GJR-GARCH(1,1,1)-t"
13279,-0.08855441576505108,4.867796991950419,True,True,0.0,0.9725367618252305,"GJR-GARCH(1,1,1)-t"
13294,6.240320731874587,11.196672139590056,True,False,0.85177699928061,0.5741115003596956,"GJR-GARCH(1,1,1)-t"
13302,21.798811908147385,26.755163315862852,True,True,1.6395110705355303e-16,0.02156352801279747,"GJR-GARCH(1,1,1)-t"
13305,35.65987055044855,40.61622195816402,True,True,6.552445580286457e-15,0.6072494600550769,"GJR-GARCH(1,1,1)-t"
13316,42.78752364502306,47.74387505273853,True,False,0.20167082086087487,0.8411324867978842,"GJR-GARCH(1,1,1)-t"
13318,9.1770638564845,14.13341526419997,True,True,8.474500618634648e-13,0.8296285961749778,"GJR-GARCH(1,1,1)-t"
13321,8.304903581369905,13.261254989085375,True,True,0.0,2.730524615952903e-18,"GJR-GARCH(1,1,1)-t"
13324,-0.26642433342671445,4.6899270742887555,True,True,3.054248552744811e-15,2.7130162324337035e-16,"GJR-GARCH(1,1,1)-t"
13328,20.77985021255235,25.73620162026782,True,True,2.662048073944461e-14,0.9145186326899652,"GJR-GARCH(1,1,1)-t"
13350,24.499592979021827,29.455944386737297,True,False,9.22550492505483e-16,0.9999999999999998,"GJR-GARCH(1,1,1)-t"
13354,15.22829806208899,20.18464946980446,True,False,1.279878053554063e-13,0.9999999999957853,"GJR-GARCH(1,1,1)-t"
13362,-4.600868261790687,0.3554831459247829,True,True,0.0,0.7094761403123852,"GJR-GARCH(1,1,1)-t"
13368,14.946629060956683,19.90298046867215,True,True,0.5500759018785271,0.0794496065006167,"GJR-GARCH(1,1,1)-t"
13377,9.731871531756607,14.688222939472077,True,True,8.208184482004657e-21,4.6499751450011643e-20,"GJR-GARCH(1,1,1)-t"
13382,21.456311275249746,26.41266268296522,True,False,0.46932411638373484,0.7653379418064938,"GJR-GARCH(1,1,1)-t"
13393,7.6820215890333925,12.638372996748863,True,False,0.0,1.0,"GJR-GARCH(1,1,1)-t"
13394,6.502386418026054,11.458737825741524,True,True,5.051826187548383e-16,0.48780088652143955,"GJR-GARCH(1,1,1)-t"
13398,9.244828136366468,14.201179544081938,True,False,8.95336858005404e-12,1.0,"GJR-GARCH(1,1,1)-t"
13410,3.963961914628589,8.92031332234406,True,True,1.0114660845992037e-14,0.6082656524660879,"GJR-GARCH(1,1,1)-t"
13417,23.274002099770254,28.230353507485724,True,True,2.8399859178235218e-14,0.8160477168557161,"GJR-GARCH(1,1,1)-t"
13421,-20.96613694571076,-16.00978553799529,True,True,0.38615839868235274,6.325797344779195e-13,"GJR-GARCH(1,1,1)-t"
13425,10.915001175022704,15.871352582738174,True,False,0.21517076912802013,0.7954791693741249,"GJR-GARCH(1,1,1)-t"
13432,-3.862653082552697,1.093698325162773,True,True,0.5386757282533085,0.0,"GJR-GARCH(1,1,1)-t"
13436,31.669506032451626,36.625857440167096,True,True,0.0,0.7838787373867608,"GJR-GARCH(1,1,1)-t"
13451,-6.6412752333102,-1.6849238255947299,True,True,4.182953835884163e-18,4.4093525029418596e-20,"GJR-GARCH(1,1,1)-t"
13452,25.044068619231815,30.00042002694729,True,True,4.0281060175019085e-15,0.9187874955836768,"GJR-GARCH(1,1,1)-t"
13473,-15.31978653138756,-10.36343512367209,True,True,4.50766197915853e-18,0.9372987598616545,"GJR-GARCH(1,1,1)-t"
13480,16.396281337335168,21.352632745050638,True,True,1.3650826848030489e-17,0.9702625103571929,"GJR-GARCH(1,1,1)-t"
13484,-2.884272264615202,2.072079143100268,True,True,0.16747001126552968,0.19310771236192067,"GJR-GARCH(1,1,1)-t"
13488,29.423962327637923,34.3803137353534,True,True,2.68667142210504e-22,1.83699583348751e-15,"GJR-GARCH(1,1,1)-t"
13491,-12.779617859126354,-7.823266451410884,True,True,0.8835493205300857,2.3844058746688276e-12,"GJR-GARCH(1,1,1)-t"
13495,3.2676023737700586,8.223953781485529,True,False,0.462489269081561,0.6764344479081285,"GJR-GARCH(1,1,1)-t"
13500,3.459229283981509,8.415580691696979,True,False,1.307420295827207e-14,0.9999999999998118,"GJR-GARCH(1,1,1)-t"
13501,2.1272083353002103,7.08355974301568,True,False,0.9999999999998074,5.381115029665019e-14,"GJR-GARCH(1,1,1)-t"
13503,16.52023072084589,21.47658212856136,True,True,1.9817110058428845e-14,0.5832927858884127,"GJR-GARCH(1,1,1)-t"
13513,-0.9438044850845166,4.012546922630953,True,True,1.2338394439394087e-15,0.4992410901705709,"GJR-GARCH(1,1,1)-t"
13514,18.39442470877593,23.350776116491403,True,True,7.87928799136294e-13,0.0,"GJR-GARCH(1,1,1)-t"
13523,21.431846105566148,26.388197513281618,True,False,0.0,1.0,"GJR-GARCH(1,1,1)-t"
13529,44.57935670258362,49.53570811029908,True,False,1.0,0.4714833565251385,"GJR-GARCH(1,1,1)-t"
13531,2.3126599449883365,7.2690113527038065,True,False,0.12188349012767574,0.904589213633547,"GJR-GARCH(1,1,1)-t"
13533,-3.483547813235756,1.4728035944797142,True,True,0.0,0.8854954456355016,"GJR-GARCH(1,1,1)-t"
13552,2.8030808804065455,7.7594322881220155,True,True,4.4307901081292914e-17,0.9748878870420141,"GJR-GARCH(1,1,1)-t"
13560,6.088088399874916,11.044439807590386,True,True,0.0,0.0,"GJR-GARCH(1,1,1)-t"
13567,-4.637576456697754,0.3187749510177156,True,True,1.2306877924064294e-09,1.7067706536481585e-08,"GJR-GARCH(1,1,1)-t"
13579,12.085680475045198,17.042031882760668,True,True,0.7139427837884941,5.803748646339981e-14,"GJR-GARCH(1,1,1)-t"
13586,5.374433634448513,10.330785042163983,True,True,4.452327199619624e-19,0.9811884379210009,"GJR-GARCH(1,1,1)-t"
13594,34.833212856306965,39.78956426402243,True,True,0.8330742168576386,1.072031813263213e-15,"GJR-GARCH(1,1,1)-t"
13595,22.09892373484903,27.055275142564504,True,False,8.482771344158468e-19,1.0,"GJR-GARCH(1,1,1)-t"
13598,4.515524997863347,9.471876405578817,True,False,0.9999999999312877,0.24127301009590316,"GJR-GARCH(1,1,1)-t"
13599,16.037440525975832,20.993791933691302,True,True,0.0,0.3359762692559332,"GJR-GARCH(1,1,1)-t"
13602,13.357809980577581,18.31416138829305,True,True,0.11623527184231189,0.5690356394972618,"GJR-GARCH(1,1,1)-t"
13614,21.08194435926523,26.038295766980696,True,False,1.6990109811051874e-17,0.9999999999999868,"GJR-GARCH(1,1,1)-t"
13626,1.3121553904924443,6.268506798207914,True,True,2.5498262329028768e-21,0.1700691274594123,"GJR-GARCH(1,1,1)-t"
13627,-3.5229712527920647,1.4333801549234053,True,True,0.08135353954053118,0.8934427220569331,"GJR-GARCH(1,1,1)-t"
13643,-0.7504964558104206,4.205854951905049,True,True,0.07685034986720762,0.0,"GJR-GARCH(1,1,1)-t"
13646,8.255600879761255,13.211952287476725,True,True,1.9453592764791064e-17,0.8934901310362677,"GJR-GARCH(1,1,1)-t"
13650,27.268795220791944,32.22514662850742,True,True,6.415387109959723e-16,0.6383559748626119,"GJR-GARCH(1,1,1)-t"
13655,-8.529155783248143,-3.572804375532673,True,True,0.0,0.7791450713307029,"GJR-GARCH(1,1,1)-t"
13662,-20.104762754563453,-15.148411346847983,True,True,0.0,0.9269740212324767,"GJR-GARCH(1,1,1)-t"
13663,13.523555826284335,18.479907233999807,True,False,0.21560172054202092,0.8921991397288667,"GJR-GARCH(1,1,1)-t"
13673,14.019634497240059,18.97598590495553,True,True,0.047637516099883086,8.419655953643107e-16,"GJR-GARCH(1,1,1)-t"
13678,6.465727335649903,11.422078743365372,True,True,5.076214146549145e-16,0.0,"GJR-GARCH(1,1,1)-t"
13699,17.542329599787912,22.498681007503382,True,False,1.0,2.8374532693793463e-21,"GJR-GARCH(1,1,1)-t"
13707,-10.545571051832653,-5.589219644117183,True,True,1.6863670954403277e-15,0.8930521157406499,"GJR-GARCH(1,1,1)-t"
13710,-10.192526749682248,-5.236175341966778,True,True,3.06256012958673e-20,0.5916074050148742,"GJR-GARCH(1,1,1)-t"
13720,3.229970434807907,8.186321842523377,True,True,1.2589318411818468e-09,0.964530366909499,"GJR-GARCH(1,1,1)-t"
13729,-10.580025438572381,-5.623674030856911,True,False,0.0,1.0,"GJR-GARCH(1,1,1)-t"
13735,70.91215813337863,75.86850954109408,True,True,0.6584209474161764,0.2020550231633015,"GJR-GARCH(1,1,1)-t"
13737,3.5391557944695506,8.49550720218502,True,True,0.5791360246132269,0.08796601745746278,"GJR-GARCH(1,1,1)-t"
13745,13.927448341999533,18.883799749715003,True,True,1.1137179873917394e-13,0.9845333160830353,"GJR-GARCH(1,1,1)-t"
13762,8.337759574384009,13.294110982099479,True,True,0.0,0.9522016915599973,"GJR-GARCH(1,1,1)-t"
13763,20.308137919056414,25.26448932677188,True,True,2.234181080134705e-14,0.6894591690223479,"GJR-GARCH(1,1,1)-t"
13771,,,False,False,,,"GJR-GARCH(1,1,1)-t"
13775,43.4062041319289,48.362555539644376,True,True,3.8455669888816197e-16,0.8612218003637359,"GJR-GARCH(1,1,1)-t"
13791,26.40189068334684,31.35824209106231,True,True,0.6690853501512557,2.6049297194272384e-15,"GJR-GARCH(1,1,1)-t"
13792,2.4693697823944145,7.4257211901098845,True,False,0.0,1.0,"GJR-GARCH(1,1,1)-t"
13798,15.413643866071926,20.369995273787396,True,True,0.0,0.962211666468562,"GJR-GARCH(1,1,1)-t"
13821,9.019686782061722,13.976038189777192,True,True,9.93628449726895e-15,0.9850445120421232,"GJR-GARCH(1,1,1)-t"
13822,-6.675323149071211,-1.718971741355741,True,False,0.9999999999999964,2.6574946109360415e-15,"GJR-GARCH(1,1,1)-t"
13838,33.00375535468446,37.96010676239993,True,True,8.226995935373701e-16,0.9574524190792726,"GJR-GARCH(1,1,1)-t"
13851,52.152706196387925,57.1090576041034,True,True,4.5525133494479455e-21,0.9555155030330029,"GJR-GARCH(1,1,1)-t"
13857,-6.261344786159363,-1.3049933784438927,True,True,0.2220920878993717,4.148773933137146e-16,"GJR-GARCH(1,1,1)-t"
13861,17.502585447526528,22.458936855241998,True,True,8.962474189672585e-15,0.7258904378531481,"GJR-GARCH(1,1,1)-t"
13868,20.432001074732487,25.388352482447957,True,True,0.0,0.976830572510778,"GJR-GARCH(1,1,1)-t"
13872,-9.489180352058192,-4.532828944342722,True,False,1.047755229799024e-15,1.0,"GJR-GARCH(1,1,1)-t"
13880,-4.891736987020838,0.06461442069463175,True,True,3.90981254562867e-14,0.9788568678576879,"GJR-GARCH(1,1,1)-t"
13891,-8.193307594598128,-3.236956186882658,True,True,0.5025065024572267,0.38730252349227967,"GJR-GARCH(1,1,1)-t"
13900,19.27919813540096,24.235549543116427,True,True,0.973523411230794,0.0,"GJR-GARCH(1,1,1)-t"
13912,8.212926726243754,13.169278133959224,True,False,6.0237020745621795e-16,0.9999999999999999,"GJR-GARCH(1,1,1)-t"
13920,18.996777223262242,23.95312863097771,True,True,1.8255836854148457e-13,0.9629263544917066,"GJR-GARCH(1,1,1)-t"
13928,10.203764226856334,15.160115634571804,True,True,0.33826275469883105,1.9449766820599202e-14,"GJR-GARCH(1,1,1)-t"
13936,-5.490448941233382,-0.5340975335179117,True,False,0.0,1.0,"GJR-GARCH(1,1,1)-t"
13941,25.43380816539112,30.390159573106587,True,True,2.9034885985785783e-12,0.8524286037924115,"GJR-GARCH(1,1,1)-t"
13948,30.297997719319515,35.254349127034985,True,True,2.0200199151684378e-14,0.9713241498873737,"GJR-GARCH(1,1,1)-t"
13949,-0.7575868851172967,4.198764522598173,True,False,0.0,0.999999999999966,"GJR-GARCH(1,1,1)-t"
13960,1.518810046480347,6.475161454195817,True,True,1.0592074295421372e-14,3.343469675543354e-18,"GJR-GARCH(1,1,1)-t"
13968,5.156174274595804,10.112525682311274,True,True,0.11641204951155393,0.3063935685254427,"GJR-GARCH(1,1,1)-t"
13971,14.009600934831436,18.965952342546906,True,True,5.383071038157042e-15,0.382195866420647,"GJR-GARCH(1,1,1)-t"
13980,12.216425590786363,17.172776998501835,True,True,1.3312814693768468e-14,0.0,"GJR-GARCH(1,1,1)-t"
13983,-1.3061007441660912,3.6502506635493788,True,True,0.0,0.5306098893161807,"GJR-GARCH(1,1,1)-t"
13986,28.383103924534264,33.339455332249734,True,True,0.0,0.8178211056630122,"GJR-GARCH(1,1,1)-t"
13989,12.437519091050186,17.393870498765658,True,True,0.0,0.6093416567600044,"GJR-GARCH(1,1,1)-t"
14001,28.790795705283244,33.74714711299872,True,True,0.0,0.9448613505961098,"GJR-GARCH(1,1,1)-t"
14004,12.258448227632496,17.214799635347966,True,True,0.2241722776018345,0.043138524856446786,"GJR-GARCH(1,1,1)-t"
14016,12.175989199562126,17.132340607277595,True,True,1.1319211506306378e-10,0.9614458685929819,"GJR-GARCH(1,1,1)-t"
14021,-8.370053293773694,-3.4137018860582238,True,True,0.0,0.948750971325487,"GJR-GARCH(1,1,1)-t"
14054,9.569255493097577,14.525606900813047,True,False,0.7755567154574154,0.26071996278543164,"GJR-GARCH(1,1,1)-t"
14061,32.401483189506514,37.35783459722198,True,True,0.03870491236878767,2.1322732850044546e-16,"GJR-GARCH(1,1,1)-t"
14065,9.051818800393615,14.008170208109085,True,False,1.0,0.003131205565034468,"GJR-GARCH(1,1,1)-t"
14070,35.345086984138334,40.30143839185381,True,True,1.3048052573688758e-14,0.6230526965174312,"GJR-GARCH(1,1,1)-t"
14077,-15.739479108117393,-10.783127700401923,True,False,3.6682338595580906e-16,0.9999999999999998,"GJR-GARCH(1,1,1)-t"
14079,29.23700054121575,34.193351948931216,True,False,0.69346796956725,0.4371899250078056,"GJR-GARCH(1,1,1)-t"
14080,-16.78007257564141,-11.823721167925939,True,True,3.1732141692923517e-15,0.0,"GJR-GARCH(1,1,1)-t"
14088,7.698169119039547,12.654520526755018,True,True,4.2179101892486466e-18,0.7590432328683625,"GJR-GARCH(1,1,1)-t"
14093,16.04584055549372,21.00219196320919,True,True,4.022005670917536e-15,0.8323889218480433,"GJR-GARCH(1,1,1)-t"
14105,-0.6173009410340953,4.339050466681375,True,True,4.514961772873442e-16,4.29944978807754e-15,"GJR-GARCH(1,1,1)-t"
14111,-0.485265268668714,4.471086139046756,True,True,0.18034137143461226,0.6566779803001267,"GJR-GARCH(1,1,1)-t"
14125,31.376576331109394,36.332927738824864,True,True,0.0,0.9801172386026452,"GJR-GARCH(1,1,1)-t"
14126,38.43080017340246,43.387151581117934,True,True,1.2216546301086554e-14,0.9922347470314464,"GJR-GARCH(1,1,1)-t"
14169,36.06715720897936,41.023508616694826,True,True,5.031010253943268e-15,4.72316807942729e-14,"GJR-GARCH(1,1,1)-t"
14171,24.68416030586491,29.64051171358038,True,True,0.22678845057519426,3.3913256551138804e-16,"GJR-GARCH(1,1,1)-t"
14176,12.22670171578694,17.183053123502408,True,True,6.149716136381709e-14,0.48129012119125925,"GJR-GARCH(1,1,1)-t"
14177,12.14641658647216,17.10276799418763,True,False,0.9999999999997512,1.3969450723338137e-13,"GJR-GARCH(1,1,1)-t"
14183,-2.2029278272769908,2.7534235804384792,True,True,0.0,0.82298655177439,"GJR-GARCH(1,1,1)-t"
14205,23.422643361578952,28.378994769294422,True,False,1.7417521053891032e-10,0.9999998515444263,"GJR-GARCH(1,1,1)-t"
14215,10.67583123104821,15.63218263876368,True,True,0.0,0.9599648925896375,"GJR-GARCH(1,1,1)-t"
14218,7.896780943877591,12.853132351593061,True,True,0.40075133914298045,6.304715869431224e-20,"GJR-GARCH(1,1,1)-t"
14234,12.553840123076279,17.51019153079175,True,True,0.0,0.9442272116819856,"GJR-GARCH(1,1,1)-t"
14235,22.858454291433766,27.81480569914924,True,True,1.4209521559751504e-13,0.6644116319254756,"GJR-GARCH(1,1,1)-t"
14243,59.06122733542068,64.01757874313616,True,False,0.9999999999999997,0.07988677684420996,"GJR-GARCH(1,1,1)-t"
14246,-7.253867475564103,-2.2975160678486333,True,False,0.0,1.0,"GJR-GARCH(1,1,1)-t"
14247,5.026933951586226,9.983285359301696,True,False,0.0,1.0,"GJR-GARCH(1,1,1)-t"
14263,3.0014151564426186,7.957766564158089,True,True,2.3941139926743906e-15,3.827875033042034e-15,"GJR-GARCH(1,1,1)-t"
14273,-9.817106368392722,-4.8607549606772515,True,True,0.4682895630046442,0.0,"GJR-GARCH(1,1,1)-t"
14276,54.467785189934816,59.42413659765029,True,True,3.048878236268571e-15,0.9856188227328155,"GJR-GARCH(1,1,1)-t"
14278,14.781390710605315,19.737742118320785,True,False,2.98091844392235e-15,0.9999999999999986,"GJR-GARCH(1,1,1)-t"
14279,5.060468355171421,10.016819762886891,True,True,5.534809648506583e-09,0.9679153367267366,"GJR-GARCH(1,1,1)-t"
14280,-4.226006061339252,0.7303453463762182,True,True,0.0,0.01654764010795004,"GJR-GARCH(1,1,1)-t"
14285,1.5126850649382657,6.469036472653736,True,True,8.114576930071912e-19,0.9961469053964812,"GJR-GARCH(1,1,1)-t"
14297,-4.221650331279072,0.7347010764363979,True,True,0.09373381291636365,0.0,"GJR-GARCH(1,1,1)-t"
14305,-13.488979972049115,-8.532628564333645,True,True,0.0,4.090045506105935e-09,"GJR-GARCH(1,1,1)-t"
14311,-8.306452397265662,-3.3501009895501923,True,True,0.8811500212663468,2.539953734048384e-08,"GJR-GARCH(1,1,1)-t"
14312,-6.192863203359721,-1.236511795644251,True,True,0.0,1.5258251546032066e-07,"GJR-GARCH(1,1,1)-t"
14316,32.829989455579245,37.78634086329471,True,True,0.0,0.5549983668591832,"GJR-GARCH(1,1,1)-t"
14319,-3.822026402068964,1.134325005646506,True,False,0.0,0.9999999999999998,"GJR-GARCH(1,1,1)-t"
14326,8.089466233192097,13.045817640907567,True,False,1.5000720031895375e-14,0.9999999999999317,"GJR-GARCH(1,1,1)-t"
14341,5.8408678076852425,10.797219215400712,True,True,0.15657766057098857,0.0,"GJR-GARCH(1,1,1)-t"
14350,8.585681076829163,13.542032484544633,True,True,0.49018711021055084,0.0,"GJR-GARCH(1,1,1)-t"
14356,-9.170249749786045,-4.213898342070575,True,True,1.5530168509475256e-09,0.989370063276615,"GJR-GARCH(1,1,1)-t"
14361,1.6627852305195354,6.619136638235005,True,True,0.13915748608521405,0.4648989475591628,"GJR-GARCH(1,1,1)-t"
14389,29.47231997278572,34.42867138050119,True,True,0.5994131556601794,2.816906702833376e-16,"GJR-GARCH(1,1,1)-t"
14416,14.972998081118279,19.929349488833747,True,True,9.331073114302086e-13,1.247259329255157e-14,"GJR-GARCH(1,1,1)-t"
14420,14.573946174245442,19.530297581960912,True,True,0.0,0.0,"GJR-GARCH(1,1,1)-t"
14422,22.04008205286605,26.99643346058152,True,True,2.2788920522749763e-14,0.0,"GJR-GARCH(1,1,1)-t"
14423,4.504612964936985,9.460964372652455,True,True,0.0,0.8466406208835668,"GJR-GARCH(1,1,1)-t"
14435,12.621233291832354,17.577584699547824,True,True,1.429285049191607e-17,0.340385259287125,"GJR-GARCH(1,1,1)-t"
14442,-1.5040741739963934,3.4522772337190766,True,True,1.5975516831834076e-17,2.2093159712184847e-18,"GJR-GARCH(1,1,1)-t"
14445,14.266231332420256,19.222582740135728,True,True,0.7415544473166724,3.401444677235576e-11,"GJR-GARCH(1,1,1)-t"
14447,38.752050105683,43.708401513398464,True,True,1.9310860160711942e-14,0.6261068382010185,"GJR-GARCH(1,1,1)-t"
14449,9.435651078313526,14.392002486028996,True,False,6.93175814720609e-15,0.9999999999999987,"GJR-GARCH(1,1,1)-t"
14452,11.432798888326536,16.389150296042004,True,True,0.35662913257857287,2.5832458090996795e-16,"GJR-GARCH(1,1,1)-t"
14464,4.641604243251754,9.597955650967224,True,False,1.6810691828384826e-14,0.9999999999999613,"GJR-GARCH(1,1,1)-t"
14465,18.477273598178833,23.4336250058943,True,True,0.28867252902172896,5.861727268968552e-15,"GJR-GARCH(1,1,1)-t"
14476,27.459031647547643,32.41538305526311,True,True,0.5728040702476294,9.910891052186856e-17,"GJR-GARCH(1,1,1)-t"
14483,13.35112557735068,18.30747698506615,True,True,8.642092480436868e-18,0.655428303908554,"GJR-GARCH(1,1,1)-t"
14487,9.720335016127194,14.676686423842664,True,False,0.45195121989140263,0.5719280857594554,"GJR-GARCH(1,1,1)-t"
14494,15.011594798422866,19.967946206138336,True,True,0.0,0.2893423124485299,"GJR-GARCH(1,1,1)-t"
14501,6.65738208402497,11.61373349174044,True,False,0.4897480630179054,0.7551259684910476,"GJR-GARCH(1,1,1)-t"
14504,17.55681165596863,22.5131630636841,True,True,0.27514081186673467,0.0,"GJR-GARCH(1,1,1)-t"
14510,1.232150403095467,6.188501810810937,True,False,1.0581247286477927e-17,0.9999999999999999,"GJR-GARCH(1,1,1)-t"
14547,32.387787954270365,37.34413936198583,True,False,0.9999999999999706,1.6496189939826132e-14,"GJR-GARCH(1,1,1)-t"
14549,9.13332204619166,14.08967345390713,True,True,0.0,0.9257681612527444,"GJR-GARCH(1,1,1)-t"
14561,13.584719195128795,18.541070602844265,True,True,0.0,0.9581884357936898,"GJR-GARCH(1,1,1)-t"
14564,45.18110200441211,50.137453412127584,True,True,0.0,0.9773704607633836,"GJR-GARCH(1,1,1)-t"
14572,-2.4184087594157795,2.5379426482996905,True,False,0.0783629256303837,0.9608185371848086,"GJR-GARCH(1,1,1)-t"
14573,13.524997806170102,18.481349213885572,True,False,0.315958485593498,0.842020757200981,"GJR-GARCH(1,1,1)-t"
14579,6.881884466887251,11.83823587460272,True,True,0.32822925715305695,0.1268167886064942,"GJR-GARCH(1,1,1)-t"
14582,54.656055454673805,59.61240686238928,True,True,3.7925352759295155e-15,9.760011970574259e-14,"GJR-GARCH(1,1,1)-t"
14601,17.97972894021806,22.936080347933526,True,True,6.92045090202266e-10,0.9534494428319634,"GJR-GARCH(1,1,1)-t"
14619,9.289959556940559,14.246310964656029,True,True,0.02113307469061443,3.1114191937609738e-15,"GJR-GARCH(1,1,1)-t"
14623,0.2971715040069238,5.253522911722394,True,False,1.8639369215291463e-17,1.0,"GJR-GARCH(1,1,1)-t"
14629,0.32964152428523086,5.285992932000701,True,True,9.72275441814963e-18,0.045537501836514616,"GJR-GARCH(1,1,1)-t"
14632,46.03864344746898,50.994994855184444,True,True,0.14205330857203136,0.09889515128435834,"GJR-GARCH(1,1,1)-t"
14635,-9.536154058842662,-4.579802651127192,True,False,0.9265222105828097,0.5156099306149322,"GJR-GARCH(1,1,1)-t"
14646,13.04276028309502,17.99911169081049,True,True,0.011249863448964543,0.8868740880934789,"GJR-GARCH(1,1,1)-t"
14648,30.203803120259625,35.160154527975095,True,True,0.4076365421139668,1.4923054434901924e-17,"GJR-GARCH(1,1,1)-t"
14697,38.25748263920352,43.21383404691899,True,False,0.9999999999999982,0.5000000000000002,"GJR-GARCH(1,1,1)-t"
14714,19.518593208916432,24.474944616631902,True,True,0.3933781297857143,9.522219496835084e-17,"GJR-GARCH(1,1,1)-t"
14715,-1.3540357568616255,3.6023156508538445,True,False,0.9999999999872352,2.1043310695361364e-12,"GJR-GARCH(1,1,1)-t"
14721,6.519741293467496,11.476092701182967,True,True,1.8707061142327243e-14,0.9674224347103269,"GJR-GARCH(1,1,1)-t"
14730,11.264789677308462,16.22114108502393,True,False,1.359665737505788e-12,0.9999999999204165,"GJR-GARCH(1,1,1)-t"
14733,,,False,False,,,"GJR-GARCH(1,1,1)-t"
14738,-15.944966048760676,-10.988614641045206,True,False,3.2642192315219735e-16,1.0,"GJR-GARCH(1,1,1)-t"
14740,17.48910105004505,22.44545245776052,True,True,2.155733902180148e-13,0.9224233194529892,"GJR-GARCH(1,1,1)-t"
14749,-0.26122372750862866,4.695127680206841,True,False,0.5294035638877002,0.7352982180301622,"GJR-GARCH(1,1,1)-t"
14751,42.17876879773313,47.1351202054486,True,True,5.124909541925381e-22,0.18577237573925953,"GJR-GARCH(1,1,1)-t"
14752,17.434451396361922,22.390802804077396,True,True,7.673997690956377e-14,0.935685948909666,"GJR-GARCH(1,1,1)-t"
14754,13.937069235311373,18.893420643026843,True,False,0.9999999999995558,6.701255613134299e-12,"GJR-GARCH(1,1,1)-t"
14769,-7.910027177524725,-2.953675769809255,True,False,0.0,1.0,"GJR-GARCH(1,1,1)-t"
14795,14.336023542065249,19.29237494978072,True,False,0.9999999999999983,1.1308894531659625e-15,"GJR-GARCH(1,1,1)-t"
14797,2.927940586492168,7.884291994207638,True,True,3.889673399922751e-21,5.674640597052605e-17,"GJR-GARCH(1,1,1)-t"
14800,6.51718467571689,11.47353608343236,True,True,5.750446091974299e-14,0.9120268015795799,"GJR-GARCH(1,1,1)-t"
14807,45.452488673499985,50.40884008121546,True,False,1.0,0.0,"GJR-GARCH(1,1,1)-t"
14809,-25.16783882789248,-20.21148742017701,True,True,0.5671716255689075,1.0542209016681907e-17,"GJR-GARCH(1,1,1)-t"
14810,-2.0390879411372715,2.9172634665781985,True,False,1.6457949890591022e-14,0.9999999999999483,"GJR-GARCH(1,1,1)-t"
14813,3.899248422340664,8.855599830056134,True,True,0.0,6.998727502655438e-10,"GJR-GARCH(1,1,1)-t"
14817,25.433018250420893,30.389369658136363,True,True,0.592594982606642,2.8566866414791427e-18,"GJR-GARCH(1,1,1)-t"
14836,55.615503459719875,60.57185486743535,True,True,0.0,0.8219811584254468,"GJR-GARCH(1,1,1)-t"
14838,8.097988774049227,13.054340181764697,True,False,0.6690857230921485,0.665457138346261,"GJR-GARCH(1,1,1)-t"
14842,9.286521005440507,14.242872413155977,True,True,1.0626253401806328e-14,0.5835390880265907,"GJR-GARCH(1,1,1)-t"
14857,18.404302575052732,23.360653982768206,True,True,0.24188568704538357,0.0,"GJR-GARCH(1,1,1)-t"
14866,-3.854371294398014,1.101980113317456,True,True,6.363727060903203e-14,0.0,"GJR-GARCH(1,1,1)-t"
14869,-4.186093966843909,0.7702574408715606,True,True,0.0,0.3465078283055964,"GJR-GARCH(1,1,1)-t"
14886,20.994633012290876,25.950984420006343,True,False,5.758973621188054e-12,0.9999999988940899,"GJR-GARCH(1,1,1)-t"
14895,-19.975819701740903,-15.019468294025433,True,True,1.9468734310222093e-16,0.8079678084299323,"GJR-GARCH(1,1,1)-t"
14897,6.87729323439575,11.83364464211122,True,True,0.0,0.0,"GJR-GARCH(1,1,1)-t"
14906,4.353819805192682,9.310171212908152,True,True,0.5666408160548017,4.186498078466475e-12,"GJR-GARCH(1,1,1)-t"
14908,-3.4085682264694412,1.5477831812460288,True,True,2.5388653120891715e-14,0.6404900116901203,"GJR-GARCH(1,1,1)-t"
14909,22.967333474536513,27.923684882251983,True,True,1.2463583590472675e-15,0.8894287307642024,"GJR-GARCH(1,1,1)-t"
14912,4.629302943763506,9.585654351478976,True,True,0.0033008355218594205,0.38992609287021707,"GJR-GARCH(1,1,1)-t"
14913,5.305442874217283,10.261794281932753,True,False,8.147013752686117e-15,1.0,"GJR-GARCH(1,1,1)-t"
14916,-14.15991971501466,-9.20356830729919,True,True,0.5245672636834542,2.4695382217268742e-11,"GJR-GARCH(1,1,1)-t"
14918,27.8655443876123,32.82189579532777,True,True,2.193779247438274e-18,0.757535741322248,"GJR-GARCH(1,1,1)-t"
14924,42.03762542146562,46.99397682918109,True,True,2.604165554084369e-15,0.7308071689229805,"GJR-GARCH(1,1,1)-t"
14926,-3.5582561751834874,1.3980952325319826,True,False,6.20124516631248e-14,0.9999999999998304,"GJR-GARCH(1,1,1)-t"
14928,13.343786492304696,18.300137900020164,True,True,0.18672489050709945,1.1120924833989662e-15,"GJR-GARCH(1,1,1)-t"
14951,35.036144010980905,39.99249541869638,True,True,0.0,0.7298785399485586,"GJR-GARCH(1,1,1)-t"
14970,2.0911838567395264,7.0475352644549965,True,False,1.6316382086483929e-15,1.0,"GJR-GARCH(1,1,1)-t"
14976,23.241404923757088,28.197756331472554,True,False,0.16219954664757147,0.8400192456648249,"GJR-GARCH(1,1,1)-t"
14977,-15.090736958471766,-10.134385550756296,True,False,8.843751292254616e-10,0.9999999986070466,"GJR-GARCH(1,1,1)-t"
14979,7.0832821423142605,12.03963355002973,True,False,4.113003008921e-13,1.0,"GJR-GARCH(1,1,1)-t"
14982,20.478393851867125,25.4347452595826,True,False,0.14609496849634787,0.8825677893543582,"GJR-GARCH(1,1,1)-t"
14994,4.114915677943621,9.071267085659091,True,True,3.8692841759031767e-13,0.0,"GJR-GARCH(1,1,1)-t"
14995,-0.7636776995500902,4.19267370816538,True,True,9.576672505166358e-16,0.29191945399360697,"GJR-GARCH(1,1,1)-t"
15008,15.318728069581711,20.275079477297183,True,True,2.0839764963388102e-17,0.6076300446236984,"GJR-GARCH(1,1,1)-t"
15010,9.761804363452132,14.718155771167602,True,True,8.545999039967603e-19,1.1413758480065162e-14,"GJR-GARCH(1,1,1)-t"
15035,-11.036943873518496,-6.080592465803026,True,False,1.0,0.3644130250224139,"GJR-GARCH(1,1,1)-t"
15038,-1.8440226532294552,3.1123287544860148,True,True,3.0636228447982695e-15,0.8724789521990992,"GJR-GARCH(1,1,1)-t"
15042,2.367508208845136,7.323859616560606,True,False,0.07021809525928341,0.9648909523703583,"GJR-GARCH(1,1,1)-t"
15048,2.538918164963773,7.495269572679243,True,True,6.5544290945989065e-15,0.0,"GJR-GARCH(1,1,1)-t"
15061,33.29434771399764,38.25069912171311,True,True,1.8898359776192167e-21,0.5546055623705031,"GJR-GARCH(1,1,1)-t"
15063,18.522640453399283,23.478991861114753,True,True,5.4072978025523687e-14,0.23425773577469006,"GJR-GARCH(1,1,1)-t"
15092,27.234141446579116,32.19049285429459,True,False,0.999999990110611,0.44935611105964196,"GJR-GARCH(1,1,1)-t"
15122,27.31173906024032,32.268090467955794,True,False,0.999999999921169,2.683894878769278e-11,"GJR-GARCH(1,1,1)-t"
15131,42.531720206997306,47.48807161471278,True,False,0.6051451633503948,0.6974274183248017,"GJR-GARCH(1,1,1)-t"
15132,3.59134537524794,8.54769678296341,True,True,2.230875337432992e-17,0.5177496570596417,"GJR-GARCH(1,1,1)-t"
15139,8.475669463825867,13.432020871541337,True,True,0.15467593295178503,0.8035620425141023,"GJR-GARCH(1,1,1)-t"
15147,23.422993121238456,28.379344528953922,True,True,3.738220604780965e-20,1.8689572203740452e-14,"GJR-GARCH(1,1,1)-t"
15155,82.9333370252099,87.88968843292537,True,True,0.0,0.8134046913725834,"GJR-GARCH(1,1,1)-t"
15163,-3.239770661076829,1.7165807466386411,True,True,4.844562824596884e-14,6.312741603855031e-13,"GJR-GARCH(1,1,1)-t"
15173,7.023072581625522,11.979423989340992,True,False,0.6889459271466029,0.6555270209434961,"GJR-GARCH(1,1,1)-t"
15176,6.588604698235855,11.544956105951325,True,True,0.2644150265808799,0.10622011945848045,"GJR-GARCH(1,1,1)-t"
15185,33.29785457433667,38.254205982052135,True,False,0.9999999999998386,9.710126024271898e-14,"GJR-GARCH(1,1,1)-t"
15186,-0.9095947094397108,4.046756698275759,True,True,0.1603097925545321,1.2427193567976011e-11,"GJR-GARCH(1,1,1)-t"
15194,21.790708319913634,26.747059727629104,True,True,0.0,0.432633701404417,"GJR-GARCH(1,1,1)-t"
15209,7.003229175299303,11.959580583014773,True,False,0.0,1.0,"GJR-GARCH(1,1,1)-t"
15216,5.916263890621792,10.872615298337262,True,True,3.121794348457342e-19,0.9447038780857417,"GJR-GARCH(1,1,1)-t"
15239,29.448486542698493,34.40483795041396,True,False,8.798068206550432e-16,1.0,"GJR-GARCH(1,1,1)-t"
15246,48.36763170758656,53.32398311530203,True,True,0.0,0.959738689132173,"GJR-GARCH(1,1,1)-t"
15269,19.41096726841488,24.36731867613035,True,True,8.69319186681822e-16,2.1815037265555946e-13,"GJR-GARCH(1,1,1)-t"
15271,27.560212703460063,32.51656411117553,True,True,3.683840090019308e-14,0.41075590137482365,"GJR-GARCH(1,1,1)-t"
15276,16.40321477464166,21.359566182357128,True,True,0.0,0.683221641498733,"GJR-GARCH(1,1,1)-t"
15280,11.143584470447168,16.09993587816264,True,True,0.0,0.0,"GJR-GARCH(1,1,1)-t"
15288,26.435644368478826,31.3919957761943,True,True,1.0236093306855468e-14,1.073619385176327e-14,"GJR-GARCH(1,1,1)-t"
15290,18.055691725980303,23.012043133695776,True,False,1.8856707493541643e-15,0.9999999999999866,"GJR-GARCH(1,1,1)-t"
15291,-4.965023849321774,-0.008672441606304204,True,True,5.57698191442075e-15,0.8578095027471723,"GJR-GARCH(1,1,1)-t"
15319,25.960390499200418,30.916741906915888,True,True,0.04806327399370514,0.6088367486824632,"GJR-GARCH(1,1,1)-t"
15335,20.363516383164928,25.319867790880394,True,False,5.113680043647394e-15,1.0,"GJR-GARCH(1,1,1)-t"
15341,-5.1229540032907295,-0.16660259557525947,True,True,0.1180265318340734,0.0,"GJR-GARCH(1,1,1)-t"
15344,49.79377367369398,54.75012508140945,True,True,0.24888695234042826,0.0,"GJR-GARCH(1,1,1)-t"
15352,35.04811381153495,40.00446521925042,True,True,0.09141487014411294,0.7981792124999065,"GJR-GARCH(1,1,1)-t"
15353,3.8658075791827766,8.822158986898247,True,True,2.159158217565227e-12,7.637676100190514e-11,"GJR-GARCH(1,1,1)-t"
15365,20.225355400821414,25.18170680853688,True,False,0.9999999999999978,1.1055185377879931e-15,"GJR-GARCH(1,1,1)-t"
15388,33.91344335657553,38.869794764291,True,True,2.968227795233478e-21,0.7415583786376492,"GJR-GARCH(1,1,1)-t"
15393,44.886867232176925,49.8432186398924,True,True,0.0,0.8047123526667378,"GJR-GARCH(1,1,1)-t"
15400,42.13636494560073,47.092716353316206,True,True,0.15931181978030878,4.032788049062126e-15,"GJR-GARCH(1,1,1)-t"
15418,7.238754105151699,12.195105512867169,True,True,0.2067750522631903,1.1200169066566713e-14,"GJR-GARCH(1,1,1)-t"
15433,-3.515790690764266,1.4405607169512038,True,False,0.9999999999999999,1.7437291214379235e-16,"GJR-GARCH(1,1,1)-t"
15448,-14.783186105064328,-9.826834697348858,True,True,1.8084622591016955e-14,0.9717323086948892,"GJR-GARCH(1,1,1)-t"
15462,6.330548819783666,11.286900227499135,True,True,3.1954002314134085e-14,2.8600311263844807e-13,"GJR-GARCH(1,1,1)-t"
15466,19.13424647825036,24.09059788596583,True,True,0.0,0.9124555293965365,"GJR-GARCH(1,1,1)-t"
15486,-12.953438934898777,-7.997087527183307,True,True,5.167995263638058e-11,0.782634025950417,"GJR-GARCH(1,1,1)-t"
15491,16.073121369166977,21.029472776882447,True,False,0.0,1.0,"GJR-GARCH(1,1,1)-t"
15499,7.831049253392172,12.787400661107643,True,True,0.0,0.0,"GJR-GARCH(1,1,1)-t"
15516,2.9695108887887596,7.92586229650423,True,True,7.821128855737551e-15,9.937419993791247e-13,"GJR-GARCH(1,1,1)-t"
15517,58.02141751028132,62.977768917996784,True,True,4.801028574064945e-14,0.2884464180882099,"GJR-GARCH(1,1,1)-t"
15521,16.763559152215645,21.719910559931115,True,False,3.978284598062733e-14,1.0,"GJR-GARCH(1,1,1)-t"
15525,11.01827578579356,15.97462719350903,True,True,1.9053679340088673e-12,0.9795734455890243,"GJR-GARCH(1,1,1)-t"
15529,30.432025600184915,35.38837700790039,True,True,0.0,0.8058900599384081,"GJR-GARCH(1,1,1)-t"
15535,44.94122436721301,49.897575774928484,True,True,0.3142990132909684,0.17891757740679762,"GJR-GARCH(1,1,1)-t"
15540,18.501058399962368,23.45740980767784,True,True,1.8102083298523917e-16,0.8063957454409352,"GJR-GARCH(1,1,1)-t"
15547,9.040044695099164,13.996396102814634,True,True,1.0092114299383546e-17,0.7111019908743034,"GJR-GARCH(1,1,1)-t"
15548,7.071317439405078,12.027668847120548,True,True,0.7069586871792275,0.0,"GJR-GARCH(1,1,1)-t"
15568,-10.935665491274136,-5.979314083558666,True,False,0.0,1.0,"GJR-GARCH(1,1,1)-t"
15584,36.17993686321768,41.13628827093315,True,True,6.993494222224781e-15,0.9660099299935702,"GJR-GARCH(1,1,1)-t"
15586,0.45388159651677995,5.41023300423225,True,True,2.390400226099484e-13,0.9777860032188633,"GJR-GARCH(1,1,1)-t"
15595,6.929000790257989,11.885352197973459,True,True,0.37482405128056195,6.895570261919666e-17,"GJR-GARCH(1,1,1)-t"
15599,19.579270810269893,24.535622217985363,True,True,1.1877107350910726e-13,0.9570931544218813,"GJR-GARCH(1,1,1)-t"
15625,-0.8676587365929525,4.0886926711225176,True,False,4.2953008545953065e-15,1.0,"GJR-GARCH(1,1,1)-t"
15627,8.450145460682622,13.406496868398092,True,True,0.21063750676632886,1.269922847345187e-11,"GJR-GARCH(1,1,1)-t"
15633,8.250532711349328,13.206884119064798,True,False,1.7217698224741394e-14,0.99999999999995,"GJR-GARCH(1,1,1)-t"
15637,5.2086528448410085,10.165004252556479,True,True,0.0,0.6040825523528404,"GJR-GARCH(1,1,1)-t"
15644,60.55336505505051,65.50971646276598,True,True,0.3982558589920122,0.0,"GJR-GARCH(1,1,1)-t"
15647,33.67823358223028,38.63458498994574,True,True,1.519518129280132e-19,0.6158277519076409,"GJR-GARCH(1,1,1)-t"
15671,14.766532089003613,19.722883496719085,True,False,0.999999999999999,0.4482293427899816,"GJR-GARCH(1,1,1)-t"
15685,-12.7344802951359,-7.778128887420429,True,False,0.9999996905645131,8.909651399523439e-08,"GJR-GARCH(1,1,1)-t"
15687,40.07343238002681,45.029783787742275,True,False,1.267070727194412e-15,0.9999999999999787,"GJR-GARCH(1,1,1)-t"
15689,-0.21925468153195382,4.737096726183516,True,True,8.196787713443718e-14,0.3445709293608786,"GJR-GARCH(1,1,1)-t"
15693,-2.447410647285732,2.508940760429738,True,True,2.232908280655345e-11,0.7051858725768033,"GJR-GARCH(1,1,1)-t"
15697,16.843143736246773,21.79949514396224,True,False,3.870380528818815e-16,1.0,"GJR-GARCH(1,1,1)-t"
15703,13.013519080825736,17.969870488541208,True,True,2.457913674408698e-16,0.17798449385592555,"GJR-GARCH(1,1,1)-t"
15706,1.01681002440451,5.97316143211998,True,False,0.0,1.0,"GJR-GARCH(1,1,1)-t"
15713,-5.049442060937157,-0.09309065322168664,True,True,8.157128000994806e-11,9.207948620670866e-11,"GJR-GARCH(1,1,1)-t"
15715,31.52371958307143,36.4800709907869,True,True,4.294535867853717e-12,0.9798499504196156,"GJR-GARCH(1,1,1)-t"
15727,0.6403462799622375,5.5966976876777075,True,True,0.0,0.09904937459875052,"GJR-GARCH(1,1,1)-t"
15728,30.738257347507766,35.694608755223236,True,True,0.0,5.647808593507904e-15,"GJR-GARCH(1,1,1)-t"
15730,-7.484372364746509,-2.528020957031039,True,True,3.3829752194416293e-12,5.3123094368561375e-11,"GJR-GARCH(1,1,1)-t"
15742,19.47764478059905,24.433996188314524,True,True,0.6501004376773336,0.0,"GJR-GARCH(1,1,1)-t"
15746,1.5751365134375455,6.5314879211530155,True,True,0.009473666303981759,0.0,"GJR-GARCH(1,1,1)-t"
15750,42.69401818840165,47.650369596117116,True,True,9.283669982189482e-16,1.0156758356373375e-13,"GJR-GARCH(1,1,1)-t"
15757,2.027387491527909,6.983738899243379,True,True,0.4033909833230957,0.5214364125992005,"GJR-GARCH(1,1,1)-t"
15759,26.202511280045066,31.158862687760536,True,True,4.2202400757190036e-14,0.7107898106609029,"GJR-GARCH(1,1,1)-t"
15765,8.943523577261246,13.899874984976716,True,True,0.027617960283598687,0.0,"GJR-GARCH(1,1,1)-t"
15770,5.433211629208122,10.389563036923592,True,True,0.0,0.0,"GJR-GARCH(1,1,1)-t"
15772,19.845088672679296,24.801440080394766,True,True,3.103965259939103e-15,0.5121830060991214,"GJR-GARCH(1,1,1)-t"
15798,17.319424702733997,22.275776110449467,True,True,1.2756501452113533e-15,0.7686134954760301,"GJR-GARCH(1,1,1)-t"
15807,7.575687169093831,12.5320385768093,True,False,0.9999999500764901,0.4678612518622126,"GJR-GARCH(1,1,1)-t"
15818,0.6913046653493815,5.6476560730648515,True,False,0.999999999999373,0.061381169213235345,"GJR-GARCH(1,1,1)-t"
15823,42.11137504717196,47.067726454887435,True,True,9.602709460797582e-16,1.893459809648522e-19,"GJR-GARCH(1,1,1)-t"
15824,53.56563977446504,58.521991182180514,True,True,7.89185898342887e-16,0.22293910773888037,"GJR-GARCH(1,1,1)-t"
15836,0.5530898184540085,5.5094412261694785,True,False,1.0,7.144099403012464e-17,"GJR-GARCH(1,1,1)-t"
15840,20.95053450433921,25.90688591205468,True,True,5.274711992579794e-15,9.696141002193266e-15,"GJR-GARCH(1,1,1)-t"
15845,13.995026121872419,18.951377529587887,True,True,1.366413934623446e-18,0.9604679309786477,"GJR-GARCH(1,1,1)-t"
15846,-12.48097879926896,-7.524627391553491,True,True,0.0,0.39774493760274915,"GJR-GARCH(1,1,1)-t"
15852,-9.97418711315456,-5.01783570543909,True,True,0.3384486062850938,0.0,"GJR-GARCH(1,1,1)-t"
15853,18.48964425287007,23.44599566058554,True,True,0.48842946353363087,1.91054225950724e-12,"GJR-GARCH(1,1,1)-t"
15858,14.907314100765353,19.86366550848082,True,True,4.811977586614927e-16,0.06411426635443288,"GJR-GARCH(1,1,1)-t"
15861,-16.059469239314346,-11.103117831598876,True,True,1.3967685013948042e-18,3.5800253004005457e-13,"GJR-GARCH(1,1,1)-t"
15872,5.430970854121339,10.38732226183681,True,True,0.7150906631081706,2.4114458580902646e-17,"GJR-GARCH(1,1,1)-t"
15883,49.388363064250456,54.34471447196593,True,False,1.0,6.381522500755898e-17,"GJR-GARCH(1,1,1)-t"
15894,10.347490570661849,15.303841978377319,True,False,0.9999999999999999,0.0,"GJR-GARCH(1,1,1)-t"
15903,25.576096369684244,30.532447777399714,True,False,1.0,3.2302314616581668e-18,"GJR-GARCH(1,1,1)-t"
15904,38.78151432276509,43.737865730480564,True,False,4.471717351696699e-16,1.0,"GJR-GARCH(1,1,1)-t"
15906,49.899169038792415,54.85552044650788,True,True,0.6492770749904769,6.165071782417518e-14,"GJR-GARCH(1,1,1)-t"
15907,-11.021700980274272,-6.065349572558802,True,True,1.3985212913671135e-12,1.2921283262899865e-11,"GJR-GARCH(1,1,1)-t"
15908,24.28233746333332,29.23868887104879,True,False,0.0,1.0,"GJR-GARCH(1,1,1)-t"
15920,-1.5165545256751312,3.439796882040339,True,True,2.8417999174321707e-15,0.825971385600819,"GJR-GARCH(1,1,1)-t"
15934,11.722128179584505,16.678479587299975,True,True,3.8847569268224996e-18,3.796996692737923e-17,"GJR-GARCH(1,1,1)-t"
15938,-1.9887745035784175,2.9675769041370526,True,True,0.0,0.994562419626983,"GJR-GARCH(1,1,1)-t"
15960,17.85039189360412,22.80674330131959,True,True,0.1382156223523982,0.5098781906584249,"GJR-GARCH(1,1,1)-t"
15965,17.444077297495536,22.400428705211006,True,True,1.3941874033230792e-12,0.8969121156401473,"GJR-GARCH(1,1,1)-t"
15966,19.715485256788096,24.671836664503566,True,True,1.112137927931933e-14,3.104854323745412e-14,"GJR-GARCH(1,1,1)-t"
15982,21.36156445819998,26.31791586591545,True,True,3.920124837374156e-16,1.1275353990475583e-15,"GJR-GARCH(1,1,1)-t"
15989,-5.661751756478715,-0.705400348763245,True,True,3.577394083589276e-12,0.8952069944481083,"GJR-GARCH(1,1,1)-t"
15991,27.83200246826138,32.78835387597685,True,True,0.0,0.7699387945679024,"GJR-GARCH(1,1,1)-t"
16016,4.82462523643755,9.78097664415302,True,False,0.627913804169599,0.653539558087838,"GJR-GARCH(1,1,1)-t"
16017,16.129952245687026,21.086303653402496,True,False,0.5326560315021298,0.7167496349447092,"GJR-GARCH(1,1,1)-t"
16031,-8.441241688723395,-3.4848902810079245,True,False,0.0,1.0,"GJR-GARCH(1,1,1)-t"
16040,15.348646209709436,20.304997617424906,True,True,3.774795233752008e-15,3.95340447570435e-14,"GJR-GARCH(1,1,1)-t"
16071,20.898269086863547,25.854620494579017,True,True,0.7348792006398929,8.402941231340373e-10,"GJR-GARCH(1,1,1)-t"
16081,28.839653229606093,33.796004637321566,True,False,0.0,0.9999999999999993,"GJR-GARCH(1,1,1)-t"
16086,17.31327273821141,22.26962414592688,True,True,2.8799334532277907e-16,0.0,"GJR-GARCH(1,1,1)-t"
16089,46.63409388764098,51.590445295356446,True,True,1.2530971351704763e-10,0.9778356366457119,"GJR-GARCH(1,1,1)-t"
16093,24.80020601764372,29.75655742535919,True,False,0.0,0.9999999999999999,"GJR-GARCH(1,1,1)-t"
16103,12.926618039430629,17.8829694471461,True,True,1.2157349287065622e-15,5.121208219352949e-15,"GJR-GARCH(1,1,1)-t"
16113,9.059359689473471,14.015711097188941,True,True,2.4203311730020205e-17,0.7216174044200819,"GJR-GARCH(1,1,1)-t"
16118,-14.434060621340407,-9.477709213624937,True,True,0.0,0.7701421288182583,"GJR-GARCH(1,1,1)-t"
16127,42.635191712741936,47.5915431204574,True,False,1.5085928440176073e-14,1.0,"GJR-GARCH(1,1,1)-t"
16138,14.309384378992293,19.26573578670776,True,False,0.7749989552623144,0.6125005223688438,"GJR-GARCH(1,1,1)-t"
16147,-2.146904757909777,2.809446649805693,True,True,1.3755340338227288e-14,0.9789783011212231,"GJR-GARCH(1,1,1)-t"
16149,15.21671464118434,20.173066048899813,True,True,2.1470024307376927e-13,0.0,"GJR-GARCH(1,1,1)-t"
16170,-6.499940117023648,-1.5435887093081782,True,True,1.1849345229524564e-15,0.9717273756721434,"GJR-GARCH(1,1,1)-t"
16172,-1.9963318610014404,2.9600195467140296,True,True,4.4268921581193154e-14,0.15407558102090352,"GJR-GARCH(1,1,1)-t"
16192,10.865243920770226,15.821595328485696,True,True,0.394694752921128,4.595376720111462e-11,"GJR-GARCH(1,1,1)-t"
16200,7.208732434869422,12.165083842584892,True,True,5.956850615738246e-13,0.96479485055787,"GJR-GARCH(1,1,1)-t"
16235,3.275322400029543,8.231673807745013,True,False,0.0,1.0,"GJR-GARCH(1,1,1)-t"
16240,19.38017832702059,24.33652973473606,True,True,1.0549158640792937e-13,5.1953559852645954e-11,"GJR-GARCH(1,1,1)-t"
16271,-9.857091276838378,-4.9007398691229085,True,False,0.0,1.0,"GJR-GARCH(1,1,1)-t"
16280,15.003168600122263,19.959520007837735,True,True,3.654950406203691e-12,0.0,"GJR-GARCH(1,1,1)-t"
16282,18.99054038124449,23.94689178895996,True,True,0.0,0.0,"GJR-GARCH(1,1,1)-t"
16288,-15.057071883699884,-10.100720475984414,True,False,0.38278689137352173,0.7138015872784217,"GJR-GARCH(1,1,1)-t"
16289,20.38353850691956,25.33988991463503,True,False,1.0,0.0,"GJR-GARCH(1,1,1)-t"
16304,0.04856518372756824,5.004916591443038,True,True,7.415831303967395e-12,8.41344837260887e-16,"GJR-GARCH(1,1,1)-t"
16312,12.073843450427505,17.030194858142977,True,True,0.2537030446112125,8.478088991400191e-15,"GJR-GARCH(1,1,1)-t"
16320,-6.068337854026254,-1.1119864463107838,True,True,0.005665297722491684,0.6379369336654497,"GJR-GARCH(1,1,1)-t"
16328,-0.053783966596608224,4.902567441118862,True,True,2.6229166871152273e-12,0.3493733735368147,"GJR-GARCH(1,1,1)-t"
16330,24.315061182956896,29.27141259067237,True,False,6.954478960717605e-15,1.0,"GJR-GARCH(1,1,1)-t"
16352,19.551438427537292,24.507789835252762,True,True,0.0,0.7358731343011039,"GJR-GARCH(1,1,1)-t"
16357,20.388538786982103,25.344890194697577,True,True,1.5151674774408874e-18,4.598845125818966e-17,"GJR-GARCH(1,1,1)-t"
16367,6.758923795296953,11.715275203012423,True,True,2.583865827461116e-19,0.794623652528663,"GJR-GARCH(1,1,1)-t"
16374,0.40448354519445395,5.360834952909924,True,True,4.915808604108951e-16,0.6182423854572948,"GJR-GARCH(1,1,1)-t"
16402,8.876187644132262,13.832539051847732,True,True,3.2231314403726797e-16,2.0143558194229374e-16,"GJR-GARCH(1,1,1)-t"
16404,-9.514083927648052,-4.557732519932582,True,True,8.308934484917617e-13,0.7344384731310399,"GJR-GARCH(1,1,1)-t"
16428,16.351157336092676,21.307508743808146,True,True,2.0339474479496415e-14,1.1463566670753016e-14,"GJR-GARCH(1,1,1)-t"
16429,21.17895053474947,26.13530194246494,True,True,0.006595241260015743,0.0928542062072893,"GJR-GARCH(1,1,1)-t"
16431,8.055493355160738,13.011844762876208,True,True,0.138574951190231,1.7099710989355836e-14,"GJR-GARCH(1,1,1)-t"
16438,11.531349462539843,16.487700870255313,True,False,3.0515908004752946e-13,0.9999999999442366,"GJR-GARCH(1,1,1)-t"
16454,4.589527876966347,9.545879284681817,True,True,8.285142775829462e-15,0.8149925882753657,"GJR-GARCH(1,1,1)-t"
16460,-13.610143870027468,-8.653792462311998,True,True,0.0,3.4618802478084684e-15,"GJR-GARCH(1,1,1)-t"
16466,-12.916497983800888,-7.9601465760854175,True,True,0.0,0.9763454743941279,"GJR-GARCH(1,1,1)-t"
16479,24.695468248386007,29.65181965610148,True,False,0.4858976980188406,0.7570511509905831,"GJR-GARCH(1,1,1)-t"
16488,-21.51445287790296,-16.55810147018749,True,True,4.711485104540035e-12,0.9366343021427244,"GJR-GARCH(1,1,1)-t"
16489,7.223485584411603,12.179836992127072,True,False,0.40200557147228255,0.7989972142638587,"GJR-GARCH(1,1,1)-t"
16499,17.93656155726907,22.89291296498454,True,True,0.40947082245149824,3.1052481488884866e-17,"GJR-GARCH(1,1,1)-t"
16500,-22.41530981445304,-17.45895840673757,True,False,8.158894434097166e-17,0.9999999996438811,"GJR-GARCH(1,1,1)-t"
16504,19.051824009741615,24.008175417457082,True,True,9.36086832668631e-12,0.951751866483995,"GJR-GARCH(1,1,1)-t"
16507,9.393292813279466,14.349644220994936,True,True,0.03836193387111382,1.172928373901196e-14,"GJR-GARCH(1,1,1)-t"
16511,4.4688274012919535,9.425178809007424,True,True,3.806093159542234e-15,0.07261461415661866,"GJR-GARCH(1,1,1)-t"
16519,9.212846374595983,14.169197782311453,True,True,9.873412732876475e-17,7.161034624211837e-16,"GJR-GARCH(1,1,1)-t"
16526,15.233682714726859,20.19003412244233,True,True,0.0,0.7558840585193564,"GJR-GARCH(1,1,1)-t"
16556,0.694624988472551,5.650976396188021,True,True,2.434896576973909e-13,0.8514111897614519,"GJR-GARCH(1,1,1)-t"
16560,-15.550205012629913,-10.593853604914443,True,True,0.0,0.7133078525933229,"GJR-GARCH(1,1,1)-t"
16570,17.75585234724914,22.71220375496461,True,True,2.3859217101173245e-15,2.472620528569548e-22,"GJR-GARCH(1,1,1)-t"
16575,6.273959233417447,11.230310641132917,True,True,1.0981324559511879e-15,0.6317385187958181,"GJR-GARCH(1,1,1)-t"
16594,14.416320282296352,19.372671690011824,True,True,3.553017186589525e-15,0.5049699772870131,"GJR-GARCH(1,1,1)-t"
16601,4.0284309295611,8.98478233727657,True,False,4.724590791113351e-15,0.9999999999999942,"GJR-GARCH(1,1,1)-t"
16611,-14.209355181245765,-9.253003773530295,True,True,3.096636628674145e-17,0.527114743229172,"GJR-GARCH(1,1,1)-t"
16614,18.254494410432862,23.210845818148336,True,True,4.00898065239306e-11,0.9804682905857776,"GJR-GARCH(1,1,1)-t"
16624,40.40896259973606,45.36531400745153,True,True,0.0,0.7242363517640326,"GJR-GARCH(1,1,1)-t"
16629,3.5893105591207473,8.545661966836217,True,True,4.1110787560650515e-17,0.7381187004059558,"GJR-GARCH(1,1,1)-t"
16630,16.804959948554202,21.761311356269673,True,True,1.643249845905182e-14,0.9586174527412308,"GJR-GARCH(1,1,1)-t"
16637,0.4516795640411537,5.408030971756624,True,False,0.47969045573042296,0.6513719194116299,"GJR-GARCH(1,1,1)-t"
16643,-17.17479595449846,-12.21844454678299,True,True,0.0,0.14103847104189854,"GJR-GARCH(1,1,1)-t"
16649,24.55317968819766,29.509531095913125,True,True,4.970617516426561e-16,0.9005466061866969,"GJR-GARCH(1,1,1)-t"
16660,11.534973881251936,16.491325288967406,True,True,0.0,0.9860028769023266,"GJR-GARCH(1,1,1)-t"
16666,1.911148569751095,6.867499977466565,True,True,2.9532133179912843e-13,0.12223289109442279,"GJR-GARCH(1,1,1)-t"
16676,35.618741157498704,40.57509256521418,True,True,0.7917100180913377,0.0,"GJR-GARCH(1,1,1)-t"
16679,4.459028281899458,9.415379689614928,True,True,9.125906486999693e-14,0.7642912352476943,"GJR-GARCH(1,1,1)-t"
16694,50.44089639791864,55.39724780563411,True,True,0.0,0.9039340307086845,"GJR-GARCH(1,1,1)-t"
16696,3.9178304769789314,8.874181884694401,True,False,0.9999999999999999,3.8844009728280613e-17,"GJR-GARCH(1,1,1)-t"
16699,14.399873311987267,19.356224719702738,True,True,3.2260053485509893e-16,0.6715011286540292,"GJR-GARCH(1,1,1)-t"
16704,10.163132612419332,15.119484020134802,True,True,0.0,0.7865143010784532,"GJR-GARCH(1,1,1)-t"
16706,-10.04498203017965,-5.08863062246418,True,False,8.80657147158273e-15,1.0,"GJR-GARCH(1,1,1)-t"
16707,9.246205201593916,14.202556609309386,True,True,4.0115722085012445e-14,0.31683986244106627,"GJR-GARCH(1,1,1)-t"
16721,12.130655766994302,17.087007174709772,True,True,0.0,0.9362058753457463,"GJR-GARCH(1,1,1)-t"
16731,14.839601037216239,19.795952444931707,True,True,0.23865674944691165,1.311582417095649e-15,"GJR-GARCH(1,1,1)-t"
16733,1.7031390643239277,6.659490472039398,True,True,0.0,0.8521856854583251,"GJR-GARCH(1,1,1)-t"
16745,14.775572305342639,19.73192371305811,True,True,1.7888920907552183e-17,5.6630971214048875e-16,"GJR-GARCH(1,1,1)-t"
16746,-24.52056834874665,-19.56421694103118,True,False,0.9999999999978476,0.0,"GJR-GARCH(1,1,1)-t"
16753,5.423806933636973,10.380158341352443,True,False,0.9999999999999973,0.0,"GJR-GARCH(1,1,1)-t"
16771,17.13643429651734,22.09278570423281,True,True,4.796421913903686e-13,0.9949351452978268,"GJR-GARCH(1,1,1)-t"
16774,78.56063530473709,83.51698671245256,True,True,0.05267231941197517,0.7393128236173541,"GJR-GARCH(1,1,1)-t"
16792,9.834763548968196,14.791114956683666,True,False,0.9999999999998652,0.0,"GJR-GARCH(1,1,1)-t"
16793,43.071551305972,48.02790271368747,True,True,7.043073199680476e-16,0.8256218634733218,"GJR-GARCH(1,1,1)-t"
16802,-5.946326872153662,-0.9899754644381922,True,True,9.26288415776473e-09,0.9764370646498197,"GJR-GARCH(1,1,1)-t"
16811,-9.832687047196277,-4.876335639480807,True,True,0.0,0.8968892941831911,"GJR-GARCH(1,1,1)-t"
16815,-11.59164928855687,-6.635297880841399,True,True,5.117048795450274e-16,0.0840922980062887,"GJR-GARCH(1,1,1)-t"
16816,2.8623113158137095,7.8186627235291795,True,True,1.0688944545944345e-11,0.9211349205982278,"GJR-GARCH(1,1,1)-t"
16823,-1.6732709566422255,3.2830804510732445,True,True,0.0008306632621001149,0.9616550003286051,"GJR-GARCH(1,1,1)-t"
16831,33.95332154369166,38.90967295140713,True,False,0.4226272999411983,0.7712394423642357,"GJR-GARCH(1,1,1)-t"
16839,65.6327980498879,70.58914945760337,True,False,0.5494885494718166,0.5127079551949539,"GJR-GARCH(1,1,1)-t"
16851,31.993200186038635,36.94955159375411,True,True,4.59733868739668e-16,1.4632614142443539e-15,"GJR-GARCH(1,1,1)-t"
16864,0.7275952300939768,5.683946637809447,True,False,0.0,1.0,"GJR-GARCH(1,1,1)-t"
16869,-9.567713383337662,-4.6113619756221915,True,False,1.0110637937523146e-11,1.0,"GJR-GARCH(1,1,1)-t"
16877,-9.366911496588827,-4.410560088873357,True,True,3.6607616510397835e-13,0.7520003301036882,"GJR-GARCH(1,1,1)-t"
16880,21.011786279336363,25.968137687051833,True,True,3.489397076799901e-14,0.993652649115953,"GJR-GARCH(1,1,1)-t"
16900,8.576537326412868,13.532888734128338,True,False,0.2387155726543165,0.8806422136728277,"GJR-GARCH(1,1,1)-t"
16910,6.6099812871085035,11.566332694823974,True,False,0.16345699457805243,0.8766938147233331,"GJR-GARCH(1,1,1)-t"
16919,5.382330858561698,10.338682266277168,True,True,0.0,0.0,"GJR-GARCH(1,1,1)-t"
16941,26.217111976884325,31.173463384599795,True,True,2.0118126576391953e-16,5.176563923023856e-16,"GJR-GARCH(1,1,1)-t"
16943,46.767412340643126,51.72376374835859,True,False,4.945594998492801e-16,0.9999999999999986,"GJR-GARCH(1,1,1)-t"
16948,4.41066844436553,9.367019852081,True,True,6.672389790277716e-11,5.992952358045997e-11,"GJR-GARCH(1,1,1)-t"
16978,3.3848384965793112,8.341189904294781,True,False,0.9999999999223292,5.1440945084402216e-11,"GJR-GARCH(1,1,1)-t"
16987,9.056934562616316,14.013285970331786,True,False,0.0,0.9999999999999999,"GJR-GARCH(1,1,1)-t"
16992,-14.764091066196958,-9.807739658481488,True,True,2.046337021319389e-19,2.1472071864638465e-13,"GJR-GARCH(1,1,1)-t"
16999,8.305623636317009,13.261975044032479,True,True,1.3322412768341495e-14,0.9344710528744218,"GJR-GARCH(1,1,1)-t"
17008,6.2642091348322,11.22056054254767,True,False,0.0,1.0,"GJR-GARCH(1,1,1)-t"
17010,-22.486500771789224,-17.530149364073754,True,False,9.662031197360205e-16,1.0,"GJR-GARCH(1,1,1)-t"
17013,-9.05087398569589,-4.09452257798042,True,True,2.4812977926563638e-17,0.0,"GJR-GARCH(1,1,1)-t"
17029,25.500895622988402,30.457247030703876,True,True,0.3475958671869849,7.348852772208321e-22,"GJR-GARCH(1,1,1)-t"
17031,5.656314704895767,10.612666112611237,True,True,0.46492821617097413,6.347355079591225e-22,"GJR-GARCH(1,1,1)-t"
17034,16.057893688222176,21.014245095937646,True,True,0.0,0.9696039882540379,"GJR-GARCH(1,1,1)-t"
17050,-4.91268449792334,0.043666909792129616,True,True,4.463341337756108e-16,0.07807786227820267,"GJR-GARCH(1,1,1)-t"
17053,36.88521629497805,41.841567702693524,True,False,0.8697088033189567,0.5651455983667433,"GJR-GARCH(1,1,1)-t"
17056,30.187419321308834,35.143770729024304,True,True,0.0,0.9042524228572921,"GJR-GARCH(1,1,1)-t"
17058,7.662635710637462,12.618987118352932,True,True,0.0,0.0,"GJR-GARCH(1,1,1)-t"
17070,10.555659460398191,15.512010868113661,True,True,0.0,0.0,"GJR-GARCH(1,1,1)-t"
17076,13.703011850478994,18.659363258194464,True,True,0.0,5.0106526153118896e-12,"GJR-GARCH(1,1,1)-t"
17078,5.136499901687046,10.092851309402516,True,True,1.581589886942657e-12,0.8850410216510742,"GJR-GARCH(1,1,1)-t"
17090,5.609493430919766,10.565844838635236,True,True,0.0,0.9690875834503643,"GJR-GARCH(1,1,1)-t"
17091,18.57543755503016,23.53178896274563,True,True,0.0,0.29945006041213645,"GJR-GARCH(1,1,1)-t"
17093,6.470425468580005,11.426776876295474,True,True,3.2030580429142016e-13,8.976001753394998e-12,"GJR-GARCH(1,1,1)-t"
17109,31.920977572543386,36.87732898025885,True,False,5.7915806803331135e-19,1.0,"GJR-GARCH(1,1,1)-t"
17112,31.6074740404612,36.56382544817667,True,False,0.999999999999995,4.942351653700144e-16,"GJR-GARCH(1,1,1)-t"
17117,17.27246572644643,22.2288171341619,True,False,2.41871114397497e-15,0.999999999999996,"GJR-GARCH(1,1,1)-t"
17120,26.413469495066202,31.36982090278167,True,True,0.0,0.9347121566027706,"GJR-GARCH(1,1,1)-t"
17157,15.583912347690573,20.54026375540604,True,True,5.1424445102542944e-21,0.7114040747402947,"GJR-GARCH(1,1,1)-t"
17161,6.176571421839894,11.132922829555364,True,False,0.0,1.0,"GJR-GARCH(1,1,1)-t"
17167,22.291554478447964,27.247905886163437,True,False,2.151948680104947e-19,0.9999999999999919,"GJR-GARCH(1,1,1)-t"
17169,-7.485234947165537,-2.5288835394500673,True,True,0.0,0.3175710743882157,"GJR-GARCH(1,1,1)-t"
17172,28.623521807904623,33.57987321562009,True,True,0.3141604338950167,5.449122022609209e-09,"GJR-GARCH(1,1,1)-t"
17179,-9.359097502267524,-4.402746094552054,True,True,1.4061522542757529e-15,0.6719769574398862,"GJR-GARCH(1,1,1)-t"
17181,45.28927542602915,50.245626833744616,True,True,4.189344733833989e-13,0.8303017323689995,"GJR-GARCH(1,1,1)-t"
17191,28.262160374877393,33.21851178259286,True,True,4.559369329523725e-20,0.7880499402787693,"GJR-GARCH(1,1,1)-t"
17193,-4.433891909719833,0.5224594979956372,True,True,2.2182497103885476e-11,0.6108199585201016,"GJR-GARCH(1,1,1)-t"
17194,-4.2747433996341435,0.6816080080813265,True,True,5.49556231513463e-12,1.904021804433428e-13,"GJR-GARCH(1,1,1)-t"
17198,2.8258332138745192,7.782184621589989,True,True,0.30133433091237843,0.37116370355483996,"GJR-GARCH(1,1,1)-t"
17210,-13.618491595174344,-8.662140187458874,True,True,0.0,0.10287975817029127,"GJR-GARCH(1,1,1)-t"
17217,23.691507138460082,28.647858546175556,True,False,0.0,1.0,"GJR-GARCH(1,1,1)-t"
17227,22.77840245784472,27.73475386556019,True,True,0.3702259235545208,0.11743965935830751,"GJR-GARCH(1,1,1)-t"
17239,16.505224803579043,21.461576211294513,True,True,3.6094556468522117e-17,0.0,"GJR-GARCH(1,1,1)-t"
17244,-6.593431405572119,-1.6370799978566488,True,True,8.477746015931743e-11,0.925562346463614,"GJR-GARCH(1,1,1)-t"
17247,21.48189036366091,26.43824177137638,True,True,0.6255191724081862,0.3007397014455885,"GJR-GARCH(1,1,1)-t"
17259,1.0786140683235832,6.034965476039053,True,True,0.0,0.7830352627710483,"GJR-GARCH(1,1,1)-t"
17264,-0.48645720275141713,4.469894204964053,True,True,0.15313960352673703,8.864800930665553e-18,"GJR-GARCH(1,1,1)-t"
17265,16.148055126562788,21.104406534278258,True,False,0.0,1.0,"GJR-GARCH(1,1,1)-t"
17293,46.58888832393832,51.545239731653794,True,True,0.11871930515629003,3.3804471966031552e-21,"GJR-GARCH(1,1,1)-t"
17295,2.5136516840404735,7.4700030917559435,True,True,1.8403180766901583e-13,0.9694414480161321,"GJR-GARCH(1,1,1)-t"
17305,15.070963771216464,20.027315178931936,True,True,0.7418908185534292,0.0,"GJR-GARCH(1,1,1)-t"
17315,7.377431828234992,12.333783235950463,True,True,3.3804404085156248e-12,1.018638172617017e-10,"GJR-GARCH(1,1,1)-t"
17324,52.50155785730337,57.45790926501884,True,True,7.2335060592501145e-09,0.35339705877033484,"GJR-GARCH(1,1,1)-t"
17328,15.338063308598166,20.294414716313636,True,True,1.3402659470814545e-16,0.26692484606310934,"GJR-GARCH(1,1,1)-t"
17337,0.18607268382865882,5.142424091544129,True,True,1.2418832968194083e-13,0.7172686921932934,"GJR-GARCH(1,1,1)-t"
17339,33.01732462313639,37.973676030851856,True,True,0.0,0.3998281622291471,"GJR-GARCH(1,1,1)-t"
17342,-7.058647429987882,-2.1022960222724123,True,False,0.9999999548614552,0.49431853965282213,"GJR-GARCH(1,1,1)-t"
17355,-6.936913115913562,-1.980561708198092,True,True,2.1337298655224954e-15,0.929932174741995,"GJR-GARCH(1,1,1)-t"
17363,6.842595381048426,11.798946788763896,True,True,0.0,0.904152003186667,"GJR-GARCH(1,1,1)-t"
17377,-2.7281158730147936,2.2282355347006764,True,True,0.0,0.9848766357881986,"GJR-GARCH(1,1,1)-t"
17378,13.433748592644356,18.390100000359826,True,False,2.2872324202262237e-11,0.9999999980958681,"GJR-GARCH(1,1,1)-t"
17387,-4.670921585549856,0.2854298221656144,True,False,0.06239831638907166,0.968800841805467,"GJR-GARCH(1,1,1)-t"
17390,28.922874626707113,33.87922603442259,True,True,0.0,0.21179980957842942,"GJR-GARCH(1,1,1)-t"
17395,23.61901412625102,28.57536553396649,True,True,0.15701241059775525,1.127489671603886e-15,"GJR-GARCH(1,1,1)-t"
17398,-6.181881739570741,-1.2255303318552713,True,True,6.103638687573275e-18,0.7452637583784256,"GJR-GARCH(1,1,1)-t"
17421,18.550623625543054,23.506975033258524,True,True,0.0,0.9771975061154399,"GJR-GARCH(1,1,1)-t"
17424,-0.9456585903056656,4.010692817409804,True,True,0.727889356739696,0.0,"GJR-GARCH(1,1,1)-t"
17428,5.056382393385121,10.012733801100591,True,False,1.0,0.4609710448848678,"GJR-GARCH(1,1,1)-t"
17429,3.836514428586735,8.792865836302205,True,True,0.0,0.798246277855356,"GJR-GARCH(1,1,1)-t"
17448,-12.33952351941755,-7.3831721117020805,True,True,0.024939586350502682,0.5421800311801279,"GJR-GARCH(1,1,1)-t"
17454,6.807113856168666,11.763465263884136,True,True,2.7832111042564055e-16,0.741226068869088,"GJR-GARCH(1,1,1)-t"
17460,9.996852582254977,14.953203989970447,True,True,1.9010162916932605e-13,0.9920420488156823,"GJR-GARCH(1,1,1)-t"
17474,4.584744589712491,9.541095997427961,True,True,0.0,0.8628864280278516,"GJR-GARCH(1,1,1)-t"
17486,14.151091032209049,19.10744243992452,True,True,2.0466303866308648e-05,0.9333372635612234,"GJR-GARCH(1,1,1)-t"
17490,-1.1493014196333782,3.807049988082092,True,False,1.2673355066046673e-15,0.9999999999999997,"GJR-GARCH(1,1,1)-t"
17491,9.845062457683426,14.801413865398896,True,True,6.603825975764547e-11,0.9301544051665981,"GJR-GARCH(1,1,1)-t"
17505,16.043301939683364,20.999653347398834,True,True,6.280682610880477e-16,0.6734278752518441,"GJR-GARCH(1,1,1)-t"
17506,-14.959388533882006,-10.003037126166536,True,True,4.819669760726184e-16,5.305552328920486e-16,"GJR-GARCH(1,1,1)-t"
17522,22.785774662685565,27.742126070401035,True,False,1.0,0.49999999999999606,"GJR-GARCH(1,1,1)-t"
17528,10.2848048074456,15.24115621516107,True,False,0.9999999999999996,0.4122281405827901,"GJR-GARCH(1,1,1)-t"
17530,-3.2053557268625426,1.7509956808529274,True,True,2.831265249601769e-16,0.2539167106828301,"GJR-GARCH(1,1,1)-t"
17565,11.144499936209378,16.100851343924848,True,True,0.0,0.9838611455501352,"GJR-GARCH(1,1,1)-t"
17569,14.83765093383793,19.7940023415534,True,False,4.888567908893091e-08,0.9999999753213245,"GJR-GARCH(1,1,1)-t"
17570,24.143569721501112,29.099921129216582,True,True,6.329519913377918e-16,0.7485206456083209,"GJR-GARCH(1,1,1)-t"
17578,46.749819008288235,51.7061704160037,True,True,0.3060180584890604,7.543824665901442e-12,"GJR-GARCH(1,1,1)-t"
17584,5.789778231930844,10.746129639646314,True,True,1.1365325405652114e-16,6.889756144710088e-14,"GJR-GARCH(1,1,1)-t"
17598,7.692212649679934,12.648564057395404,True,True,3.0406228055371542e-18,4.8595781647687057e-14,"GJR-GARCH(1,1,1)-t"
17603,19.253914047431753,24.210265455147223,True,True,0.31993207258056716,1.2106444136559312e-16,"GJR-GARCH(1,1,1)-t"
17604,-8.74991776104305,-3.7935663533275807,True,True,2.4432878691236842e-17,0.7992200338171854,"GJR-GARCH(1,1,1)-t"
17606,53.037204623051,57.99355603076647,True,True,1.714116603544277e-13,1.882224354245257e-12,"GJR-GARCH(1,1,1)-t"
17617,13.057220185758151,18.01357159347362,True,True,5.781804733868025e-17,0.0,"GJR-GARCH(1,1,1)-t"
17626,30.773630497718617,35.72998190543409,True,False,3.9783937499731334e-15,1.0,"GJR-GARCH(1,1,1)-t"
17634,64.92997994923383,69.8863313569493,True,True,0.461762278501402,0.19664733848594873,"GJR-GARCH(1,1,1)-t"
17639,-9.989237212838514,-5.032885805123044,True,True,4.384598032761148e-14,0.7876166028054794,"GJR-GARCH(1,1,1)-t"
17643,17.424770373081984,22.381121780797454,True,False,4.111506426137074e-14,0.999999999999623,"GJR-GARCH(1,1,1)-t"
17644,73.13992165252543,78.0962730602409,True,True,0.0,0.9623874098573387,"GJR-GARCH(1,1,1)-t"
17670,-10.883244013863184,-5.926892606147714,True,True,0.032690501013921285,0.0006083039007602273,"GJR-GARCH(1,1,1)-t"
17672,7.991379992065855,12.947731399781325,True,False,1.3321395994069123e-12,0.9999999999993605,"GJR-GARCH(1,1,1)-t"
17676,-13.228329632295988,-8.271978224580518,True,False,0.999999999999999,1.1529788545922922e-16,"GJR-GARCH(1,1,1)-t"
17695,-10.283873988761389,-5.327522581045919,True,True,5.619545842946974e-18,0.7632768621938888,"GJR-GARCH(1,1,1)-t"
17698,13.839516643165192,18.79586805088066,True,False,0.0,1.0,"GJR-GARCH(1,1,1)-t"
17707,-14.385121192233605,-9.428769784518135,True,True,0.05431122153974127,1.0220814712977842e-10,"GJR-GARCH(1,1,1)-t"
17708,8.231153677611765,13.187505085327235,True,False,0.0,1.0,"GJR-GARCH(1,1,1)-t"
17727,11.084031485450943,16.040382893166413,True,False,3.463140945882605e-16,0.9999999999999999,"GJR-GARCH(1,1,1)-t"
17762,-3.580782015057096,1.3755693926583739,True,False,0.2245884674030645,0.8575378049405918,"GJR-GARCH(1,1,1)-t"
17777,7.238327540654129,12.1946789483696,True,True,0.0,0.6706641634358654,"GJR-GARCH(1,1,1)-t"
17785,-9.88349111315674,-4.92713970544127,True,True,4.6775242833483455e-16,0.4873242257356555,"GJR-GARCH(1,1,1)-t"
17791,52.367427370120616,57.32377877783608,True,False,0.38799773807041354,0.679685205665841,"GJR-GARCH(1,1,1)-t"
17804,3.277841228189244,8.234192635904714,True,False,9.492184126382065e-15,0.9999999999999598,"GJR-GARCH(1,1,1)-t"
17809,3.590757033298427,8.547108441013897,True,True,1.2036954821149181e-12,0.23762500879470203,"GJR-GARCH(1,1,1)-t"
17813,35.089009600104575,40.04536100782004,True,False,1.183120137650366e-14,0.99999999999998,"GJR-GARCH(1,1,1)-t"
17820,25.691031792502322,30.647383200217792,True,True,2.963115252922285e-15,0.9757790511693165,"GJR-GARCH(1,1,1)-t"
17823,23.85200110622362,28.80835251393909,True,False,1.0,0.0,"GJR-GARCH(1,1,1)-t"
17825,-13.66599688658783,-8.70964547887236,True,False,0.143954567956115,0.9280227160224499,"GJR-GARCH(1,1,1)-t"
17832,23.019164262763656,27.975515670479126,True,False,0.06691411225312853,0.9665429438734275,"GJR-GARCH(1,1,1)-t"
17837,17.683727005533814,22.640078413249284,True,True,2.541617239949372e-15,2.963071093242973e-13,"GJR-GARCH(1,1,1)-t"
17838,12.075615793338349,17.03196720105382,True,True,4.365239613481772e-14,0.9408332845833556,"GJR-GARCH(1,1,1)-t"
17841,4.963180413409383,9.919531821124853,True,True,3.3968836539550934e-13,0.8055893686601191,"GJR-GARCH(1,1,1)-t"
17852,16.18527360781367,21.14162501552914,True,True,1.1844497247508772e-16,0.8048321341364928,"GJR-GARCH(1,1,1)-t"
17870,42.7196193940586,47.67597080177407,True,True,9.660347150176508e-15,0.9474129508396588,"GJR-GARCH(1,1,1)-t"
17872,0.21092688795626913,5.167278295671739,True,True,1.3546591510179862e-12,0.9786596307371243,"GJR-GARCH(1,1,1)-t"
17875,21.913187124379057,26.869538532094527,True,True,0.24874769540828204,1.3502644654959618e-16,"GJR-GARCH(1,1,1)-t"
17876,8.16533457583592,13.12168598355139,True,False,0.0,0.999999999999999,"GJR-GARCH(1,1,1)-t"
17885,24.55151296123961,29.507864368955083,True,True,4.711785547566006e-19,0.4214151900119914,"GJR-GARCH(1,1,1)-t"
17888,-9.045982557634208,-4.089631149918738,True,False,0.0,1.0,"GJR-GARCH(1,1,1)-t"
17903,31.24282606383868,36.19917747155415,True,True,0.6590468778362538,0.07167382317565188,"GJR-GARCH(1,1,1)-t"
17911,6.93080099224452,11.88715239995999,True,True,0.0248220459891875,2.659559020439841e-13,"GJR-GARCH(1,1,1)-t"
17914,-5.114812336452289,-0.15846092873681883,True,False,0.0,1.0,"GJR-GARCH(1,1,1)-t"
17946,2.4557191844536685,7.4120705921691385,True,True,0.1575237999488726,0.43825080575241787,"GJR-GARCH(1,1,1)-t"
17949,45.76618640544905,50.72253781316452,True,True,2.090733593665099e-13,0.6399950634088493,"GJR-GARCH(1,1,1)-t"
17951,-21.260401260466736,-16.304049852751266,True,False,0.9999999999999999,0.0673317202049869,"GJR-GARCH(1,1,1)-t"
17955,28.812665553617812,33.76901696133328,True,True,0.06210188905058235,2.510251634734219e-13,"GJR-GARCH(1,1,1)-t"
17957,4.504940603544114,9.461292011259584,True,True,0.6426098361572018,1.411488258426224e-14,"GJR-GARCH(1,1,1)-t"
17966,-1.4041424578512487,3.5522089498642213,True,True,0.9272230705165141,0.04194955078324368,"GJR-GARCH(1,1,1)-t"
17967,-12.4168832363498,-7.4605318286343305,True,False,2.7395145026243703e-14,0.9999999999999087,"GJR-GARCH(1,1,1)-t"
17971,22.571100387488297,27.527451795203767,True,True,0.3872196191534475,0.0,"GJR-GARCH(1,1,1)-t"
17973,-12.765821700684764,-7.809470292969294,True,False,0.9999999999999999,5.590571110856314e-17,"GJR-GARCH(1,1,1)-t"
17975,34.44005146435249,39.396402872067966,True,True,0.0,4.064530927004607e-13,"GJR-GARCH(1,1,1)-t"
17987,26.423412271581793,31.379763679297263,True,True,3.4759703491919476e-09,3.2564396204103704e-09,"GJR-GARCH(1,1,1)-t"
17989,32.844979859015965,37.80133126673144,True,True,0.8419341537651813,4.94220306511139e-18,"GJR-GARCH(1,1,1)-t"
17999,-17.461750747678114,-12.505399339962644,True,True,6.465278922610911e-16,0.501783427701531,"GJR-GARCH(1,1,1)-t"
18000,20.082467285587946,25.038818693303416,True,False,1.101639268645971e-14,0.9999999999999459,"GJR-GARCH(1,1,1)-t"
18007,21.79950902388289,26.75586043159836,True,False,0.9999999999985079,3.877212143156844e-10,"GJR-GARCH(1,1,1)-t"
18012,2.138002888958537,7.094354296674007,True,True,0.0,0.7346786949876088,"GJR-GARCH(1,1,1)-t"
18020,-10.549101568440985,-5.592750160725515,True,True,1.1266234461674106e-14,0.6745138831601079,"GJR-GARCH(1,1,1)-t"
18023,-2.410718175178335,2.545633232537135,True,True,7.578468815757206e-13,1.430897402504744e-11,"GJR-GARCH(1,1,1)-t"
18029,3.6497232365402805,8.60607464425575,True,False,0.0,0.9999999994576234,"GJR-GARCH(1,1,1)-t"
18042,8.380099032001151,13.336450439716621,True,True,0.26197232674054716,0.0,"GJR-GARCH(1,1,1)-t"
18059,21.13508319362694,26.091434601342407,True,True,1.801325480142247e-17,0.39123980709392164,"GJR-GARCH(1,1,1)-t"
18072,-18.05147617812011,-13.095124770404642,True,True,6.40950506989384e-14,3.7242996070865955e-11,"GJR-GARCH(1,1,1)-t"
18077,27.985110434425632,32.9414618421411,True,True,9.549412281279006e-16,0.1483032093538557,"GJR-GARCH(1,1,1)-t"
18082,26.644340916950863,31.600692324666333,True,True,1.801411421761375e-14,0.37299532687476783,"GJR-GARCH(1,1,1)-t"
18088,-4.33191884818546,0.6244325595300104,True,True,4.0970476499209424e-19,6.914719764575991e-18,"GJR-GARCH(1,1,1)-t"
18109,21.612751906981146,26.56910331469662,True,False,0.0,1.0,"GJR-GARCH(1,1,1)-t"
18111,10.461874593953137,15.418226001668607,True,False,0.7598402697745035,0.6200798650972702,"GJR-GARCH(1,1,1)-t"
18129,12.595088566979287,17.55143997469476,True,True,0.0,1.1962354791128381e-14,"GJR-GARCH(1,1,1)-t"
18134,11.308983117181766,16.265334524897234,True,True,1.2898612980554722e-13,0.9379558233027087,"GJR-GARCH(1,1,1)-t"
18141,13.580542835725558,18.53689424344103,True,True,0.0,0.6846972644333594,"GJR-GARCH(1,1,1)-t"
18142,26.437112751211323,31.393464158926793,True,False,0.0,0.9999999999999991,"GJR-GARCH(1,1,1)-t"
18147,4.624576611985349,9.580928019700819,True,True,3.419923337311646e-14,0.9455035693999511,"GJR-GARCH(1,1,1)-t"
18170,-16.230229292140045,-11.273877884424575,True,True,2.566524027210232e-15,0.8820732141134481,"GJR-GARCH(1,1,1)-t"
18174,48.95755783684496,53.91390924456043,True,True,4.9552362546066283e-17,0.9565762518263553,"GJR-GARCH(1,1,1)-t"
18177,46.06432008625866,51.020671493974135,True,True,1.8753913378399632e-19,4.881614496589705e-16,"GJR-GARCH(1,1,1)-t"
18178,-12.765445541344658,-7.809094133629188,True,False,5.129163507988908e-14,0.9999999999998914,"GJR-GARCH(1,1,1)-t"
18180,17.73304415096925,22.68939555868472,True,True,0.32158586511115633,0.5444444345457584,"GJR-GARCH(1,1,1)-t"
18184,24.81122781421689,29.76757922193236,True,False,0.0,1.0,"GJR-GARCH(1,1,1)-t"
18200,12.103444079332197,17.059795487047666,True,True,4.8103566950283525e-22,3.227591954760539e-21,"GJR-GARCH(1,1,1)-t"
18203,28.807221893519575,33.76357330123504,True,True,0.30410523025262687,0.00442250374762933,"GJR-GARCH(1,1,1)-t"
18205,23.150535776566045,28.106887184281515,True,False,3.191600959153827e-15,0.9999999999999988,"GJR-GARCH(1,1,1)-t"
18212,17.539266947515685,22.495618355231155,True,True,7.08638388454016e-18,1.7811109473653125e-16,"GJR-GARCH(1,1,1)-t"
18216,25.09012879401052,30.04648020172599,True,True,5.084457744305012e-10,0.9605278640456317,"GJR-GARCH(1,1,1)-t"
18218,25.620727458336493,30.577078866051963,True,True,0.2997651354832629,1.0637659475100721e-20,"GJR-GARCH(1,1,1)-t"
18220,29.232107396734957,34.18845880445043,True,False,1.2031391947162512e-16,0.9999999999999999,"GJR-GARCH(1,1,1)-t"
18222,17.55021212528494,22.50656353300041,True,True,0.0,0.5848757858353469,"GJR-GARCH(1,1,1)-t"
18224,36.34208596921843,41.298437376933904,True,True,3.0575342295553256e-23,0.9867454470105643,"GJR-GARCH(1,1,1)-t"
18231,59.069523529277426,64.02587493699289,True,True,0.7072174591637497,1.8721178504294588e-15,"GJR-GARCH(1,1,1)-t"
18234,-1.6923856058068765,3.2639658019085935,True,True,2.0783263790534808e-13,0.7800613284475715,"GJR-GARCH(1,1,1)-t"
18236,25.756222907365846,30.712574315081312,True,True,0.0,3.0800259113923324e-10,"GJR-GARCH(1,1,1)-t"
18242,1.2157969391578103,6.17214834687328,True,False,4.456475089176738e-22,0.9999999999999986,"GJR-GARCH(1,1,1)-t"
18247,-2.471374765092037,2.484976642623433,True,True,0.16469923632581096,1.5401321343954668e-18,"GJR-GARCH(1,1,1)-t"
18262,11.882417203507348,16.838768611222818,True,True,9.240893904175278e-14,0.9346579002655612,"GJR-GARCH(1,1,1)-t"
18285,29.64943174320154,34.605783150917006,True,True,1.34240114393793e-14,0.8303441872801639,"GJR-GARCH(1,1,1)-t"
18316,1.9657854366322862,6.922136844347756,True,True,6.903581351302631e-13,1.6203062789263722e-09,"GJR-GARCH(1,1,1)-t"
18351,26.316830960039056,31.273182367754526,True,False,4.788640778071875e-20,1.0,"GJR-GARCH(1,1,1)-t"
18358,20.818188204300633,25.774539612016103,True,True,1.7590636481226282e-15,0.0,"GJR-GARCH(1,1,1)-t"
18371,10.070982536201392,15.027333943916862,True,True,4.3810259862407215e-13,0.8486211091730546,"GJR-GARCH(1,1,1)-t"
18392,0.6249057972229011,5.581257204938371,True,True,3.2862347944138717e-15,9.421014011651423e-10,"GJR-GARCH(1,1,1)-t"
18393,-6.6651439702025925,-1.7087925624871225,True,False,6.266023228052738e-16,0.9999999999999998,"GJR-GARCH(1,1,1)-t"
18400,14.523113062960183,19.47946447067565,True,False,0.9999999999999968,2.111945831620806e-15,"GJR-GARCH(1,1,1)-t"
18402,-1.2135606347211016,3.7427907729943684,True,True,3.836327790747333e-16,0.8842626454993133,"GJR-GARCH(1,1,1)-t"
18407,-9.03203956236026,-4.075688154644791,True,False,1.0,0.0,"GJR-GARCH(1,1,1)-t"
18425,20.177949829518393,25.134301237233863,True,True,1.0630923254443845e-17,8.892592634367624e-17,"GJR-GARCH(1,1,1)-t"
18427,28.56813007226931,33.52448147998478,True,True,0.0,0.9942781123829626,"GJR-GARCH(1,1,1)-t"
18430,54.468360029387846,59.42471143710331,True,False,0.0,1.0,"GJR-GARCH(1,1,1)-t"
18445,6.530287374124935,11.486638781840405,True,True,0.25385482755648703,8.58279358947355e-13,"GJR-GARCH(1,1,1)-t"
18447,-3.2626397239279683,1.6937116837875017,True,True,2.0240212804831407e-14,0.8106058232664862,"GJR-GARCH(1,1,1)-t"
18471,0.2848653880068053,5.241216795722275,True,True,0.16758784091103446,0.8237902988044907,"GJR-GARCH(1,1,1)-t"
18479,66.79795019938888,71.75430160710435,True,True,2.635913160535093e-14,0.9125436616980866,"GJR-GARCH(1,1,1)-t"
18483,27.161796158745442,32.11814756646091,True,True,6.425031658772074e-20,0.9050670799195731,"GJR-GARCH(1,1,1)-t"
18491,16.9012499291688,21.85760133688427,True,True,2.54790496652244e-14,0.26592416527169344,"GJR-GARCH(1,1,1)-t"
18494,-13.05571623666285,-8.09936482894738,True,True,0.0,0.9663908897940704,"GJR-GARCH(1,1,1)-t"
18495,-8.471767003015366,-3.5154155952998956,True,True,0.1470365043186363,0.5598315227450694,"GJR-GARCH(1,1,1)-t"
18498,26.72894105457214,31.68529246228761,True,False,3.4014267232728996e-21,1.0,"GJR-GARCH(1,1,1)-t"
18500,-19.55297947280549,-14.59662806509002,True,True,1.3446875808610356e-15,0.0,"GJR-GARCH(1,1,1)-t"
18502,36.44825578896559,41.404607196681056,True,True,0.18567703083327436,2.1992926705738463e-10,"GJR-GARCH(1,1,1)-t"
18507,9.125877668066266,14.082229075781736,True,True,0.0,0.0,"GJR-GARCH(1,1,1)-t"
18509,16.837137493794994,21.793488901510464,True,True,0.6249456671841164,2.828860966612957e-16,"GJR-GARCH(1,1,1)-t"
18514,29.809846470692122,34.766197878407596,True,False,5.223733153623052e-16,0.9999999999999972,"GJR-GARCH(1,1,1)-t"
18534,12.334639513831188,17.29099092154666,True,False,1.0,0.0,"GJR-GARCH(1,1,1)-t"
18545,-2.0610649771903766,2.8952864305250934,True,False,1.0,0.036271486735437126,"GJR-GARCH(1,1,1)-t"
18560,33.17369566685234,38.13004707456781,True,True,1.283647053716965e-19,0.9198719698463267,"GJR-GARCH(1,1,1)-t"
18565,68.99765442670065,73.95400583441612,True,True,0.5659703738507887,1.1670341924063583e-17,"GJR-GARCH(1,1,1)-t"
18567,-8.75665440265914,-3.800302994943671,True,False,1.7739005171628e-13,0.9999999999955717,"GJR-GARCH(1,1,1)-t"
18582,18.893780543303947,23.85013195101942,True,False,0.2543165845093476,0.7761341728796043,"GJR-GARCH(1,1,1)-t"
18586,17.69206881324156,22.64842022095703,True,True,0.08838575991132419,0.8728648572847019,"GJR-GARCH(1,1,1)-t"
18587,21.154965493851513,26.11131690156698,True,False,0.0,1.0,"GJR-GARCH(1,1,1)-t"
18595,16.29955352912621,21.25590493684168,True,True,0.0,0.15024945176487547,"GJR-GARCH(1,1,1)-t"
18597,2.89248147642086,7.84883288413633,True,True,0.0,0.9612790162715805,"GJR-GARCH(1,1,1)-t"
18600,2.8355164676944504,7.79186787540992,True,True,1.93859573729969e-14,3.845377457572067e-13,"GJR-GARCH(1,1,1)-t"
18611,1.0881906387514135,6.0445420464668835,True,True,3.731211655487833e-14,0.9824297247764904,"GJR-GARCH(1,1,1)-t"
18628,-13.090628483642046,-8.134277075926576,True,False,1.0,0.37961000479466905,"GJR-GARCH(1,1,1)-t"
18629,6.814458052315565,11.770809460031035,True,True,0.02218779218731141,0.10619305227734628,"GJR-GARCH(1,1,1)-t"
18634,4.251371622591904,9.207723030307374,True,True,9.425171014834178e-13,0.5299452212374385,"GJR-GARCH(1,1,1)-t"
18640,24.762797453397347,29.71914886111282,True,True,2.0760685173615534e-15,0.7777501609205071,"GJR-GARCH(1,1,1)-t"
18653,16.17823506723823,21.1345864749537,True,True,0.0,0.5872884284287974,"GJR-GARCH(1,1,1)-t"
18656,67.48186643262574,72.4382178403412,True,True,0.18338006496496614,0.0,"GJR-GARCH(1,1,1)-t"
18662,-14.491263411747795,-9.534912004032325,True,True,0.9803908616047009,0.0,"GJR-GARCH(1,1,1)-t"
18682,-2.0259055016535363,2.9304459060619337,True,True,1.1934466628084206e-13,3.1650495797268225e-12,"GJR-GARCH(1,1,1)-t"
18692,2.061430470435088,7.017781878150558,True,True,0.39842228227483956,0.45077121801950754,"GJR-GARCH(1,1,1)-t"
18701,10.841994305724217,15.798345713439687,True,False,4.179188111097867e-10,0.9999999315917643,"GJR-GARCH(1,1,1)-t"
18703,32.23413587770003,37.19048728541549,True,False,7.463552670505267e-15,0.9999999999999879,"GJR-GARCH(1,1,1)-t"
18728,50.70568967194364,55.662041079659105,True,True,0.24173511940642273,0.02535083365060441,"GJR-GARCH(1,1,1)-t"
18739,-6.039534861098833,-1.0831834533833629,True,False,0.05401795778538448,0.9518502030754052,"GJR-GARCH(1,1,1)-t"
18742,40.39801245599904,45.35436386371451,True,True,6.02128261568468e-14,0.7034056180449784,"GJR-GARCH(1,1,1)-t"
18748,75.79338330614345,80.74973471385893,True,False,1.995470866664846e-15,0.9999999999998269,"GJR-GARCH(1,1,1)-t"
18764,19.641372393344156,24.597723801059622,True,True,0.4120307760502095,0.4893531020169432,"GJR-GARCH(1,1,1)-t"
18766,32.56801319813692,37.524364605852384,True,True,1.156375722965247e-13,0.35212321956978615,"GJR-GARCH(1,1,1)-t"
18792,3.736798150041162,8.693149557756632,True,False,8.214781522896516e-17,0.9999999999999998,"GJR-GARCH(1,1,1)-t"
18794,14.162600267785342,19.11895167550081,True,True,3.6591150715675476e-13,0.8810079246779581,"GJR-GARCH(1,1,1)-t"
18808,-2.784598961901853,2.171752445813617,True,True,7.953751448715779e-13,0.7488619600423243,"GJR-GARCH(1,1,1)-t"
18822,-0.2801979960505072,4.676153411664963,True,True,6.064337134873992e-14,2.544575361184337e-12,"GJR-GARCH(1,1,1)-t"
18831,-0.15226359955462243,4.804087808160848,True,False,0.9999999999999921,5.3563326557295444e-15,"GJR-GARCH(1,1,1)-t"
18836,-0.6310851724698008,4.325266235245669,True,False,1.0,2.5444048254015784e-18,"GJR-GARCH(1,1,1)-t"
18844,27.947715038300018,32.90406644601549,True,False,1.0,0.09590596681980379,"GJR-GARCH(1,1,1)-t"
18848,13.30928805476033,18.2656394624758,True,True,3.656369266431713e-16,0.39812516446024737,"GJR-GARCH(1,1,1)-t"
18865,30.42457924499975,35.38093065271522,True,False,2.014972810939508e-15,0.9999999999999943,"GJR-GARCH(1,1,1)-t"
18878,-8.179210914928525,-3.2228595072130553,True,False,0.0,1.0,"GJR-GARCH(1,1,1)-t"
18908,11.288691363535087,16.245042771250557,True,True,0.13162721825779766,1.0489354913547184e-19,"GJR-GARCH(1,1,1)-t"
18911,52.28596869259393,57.2423201003094,True,True,9.864953229324412e-14,0.8018850853028129,"GJR-GARCH(1,1,1)-t"
18912,10.920337833283774,15.876689240999244,True,False,0.5322060859370027,0.7338969570315024,"GJR-GARCH(1,1,1)-t"
18916,-6.483384754462801,-1.5270333467473307,True,True,0.0,1.0843058398029354e-09,"GJR-GARCH(1,1,1)-t"
18919,19.615150881538607,24.571502289254077,True,True,5.465941598540176e-09,0.9391116242715106,"GJR-GARCH(1,1,1)-t"
18928,26.223013121485273,31.17936452920074,True,True,5.397826105122373e-13,0.9045992730527108,"GJR-GARCH(1,1,1)-t"
18932,-6.3005807762743515,-1.3442293685588815,True,True,0.5834233025577401,0.0,"GJR-GARCH(1,1,1)-t"
18940,-5.985926877654613,-1.029575469939143,True,False,1.0,0.4910774906368873,"GJR-GARCH(1,1,1)-t"
18944,16.98936702522836,21.94571843294383,True,False,0.008773419965289077,0.9956132900172847,"GJR-GARCH(1,1,1)-t"
18949,-3.9375145253535813,1.0188368823618887,True,False,4.7855987089207755e-12,0.9999999997286084,"GJR-GARCH(1,1,1)-t"
18955,27.663936192407107,32.62028760012258,True,True,1.0790270776995556e-18,0.6759310431888895,"GJR-GARCH(1,1,1)-t"
18956,7.381550198941925,12.337901606657395,True,False,1.2925887794445455e-15,1.0,"GJR-GARCH(1,1,1)-t"
18959,3.731033059453697,8.687384467169167,True,True,0.08337457450845859,0.8946076618296914,"GJR-GARCH(1,1,1)-t"
18960,27.755439543227677,32.71179095094315,True,True,0.0,0.9824565873589495,"GJR-GARCH(1,1,1)-t"
18967,14.314394056082822,19.270745463798292,True,False,0.5607468351576946,0.7004898338129268,"GJR-GARCH(1,1,1)-t"
18972,-9.484957603640556,-4.528606195925086,True,True,6.208522749518167e-17,0.8286310881825305,"GJR-GARCH(1,1,1)-t"
18993,36.26884954472201,41.225200952437476,True,True,1.8285570474478157e-15,0.6125485386763542,"GJR-GARCH(1,1,1)-t"
18996,21.96289133780691,26.919242745522375,True,False,0.0,1.0,"GJR-GARCH(1,1,1)-t"
18999,-8.119803658187948,-3.163452250472478,True,True,6.53667182241077e-17,0.32669154561129277,"GJR-GARCH(1,1,1)-t"
19033,-4.98102014328607,-0.02466873557060012,True,True,0.0,0.3999711640478277,"GJR-GARCH(1,1,1)-t"
19034,-0.4277947459147402,4.52855666180073,True,True,0.0,0.8447004694122947,"GJR-GARCH(1,1,1)-t"
19050,-0.1378335548936409,4.818517852821829,True,True,6.212770970049097e-16,0.844194543129347,"GJR-GARCH(1,1,1)-t"
19053,6.395642273956989,11.35199368167246,True,True,1.2011205921607597e-14,0.946813223169683,"GJR-GARCH(1,1,1)-t"
19062,3.665184619443588,8.621536027159058,True,True,6.731824467631457e-12,0.8908901983437606,"GJR-GARCH(1,1,1)-t"
19065,12.339258052462059,17.295609460177527,True,False,0.9999999999999997,0.22930137710867865,"GJR-GARCH(1,1,1)-t"
19068,68.15212759089698,73.10847899861245,True,True,0.275560433742232,0.0,"GJR-GARCH(1,1,1)-t"
19072,0.11669673406876235,5.073048141784232,True,False,0.0,1.0,"GJR-GARCH(1,1,1)-t"
19090,-12.043958352173352,-7.087606944457882,True,True,7.115491582054175e-13,0.8271680529349466,"GJR-GARCH(1,1,1)-t"
19104,-6.689515686258556,-1.7331642785430859,True,True,4.4593107135548674e-14,0.7137223375720747,"GJR-GARCH(1,1,1)-t"
19136,56.41328933519106,61.369640742906526,True,True,0.7855559507894408,8.26393562993234e-17,"GJR-GARCH(1,1,1)-t"
19147,19.672763838468722,24.629115246184192,True,True,2.0520637783317376e-15,0.3989742686709318,"GJR-GARCH(1,1,1)-t"
19148,31.103766541122575,36.06011794883804,True,True,0.3135588479538222,2.4603462124890554e-18,"GJR-GARCH(1,1,1)-t"
19154,7.376978347162522,12.333329754877992,True,True,3.994068120682824e-16,3.38277198005026e-19,"GJR-GARCH(1,1,1)-t"
19155,39.34807412750061,44.30442553521608,True,True,0.06168697906332757,1.9763971550132944e-12,"GJR-GARCH(1,1,1)-t"
19157,30.851290962292467,35.80764237000794,True,True,8.914714358094776e-17,2.1152114957339696e-15,"GJR-GARCH(1,1,1)-t"
19164,39.57203565971837,44.52838706743383,True,True,0.0,0.9557428142721834,"GJR-GARCH(1,1,1)-t"
19176,0.7933910813236764,5.749742489039146,True,False,2.1808288348049626e-15,0.9999999999999668,"GJR-GARCH(1,1,1)-t"
19180,41.84450758773899,46.800858995454455,True,True,0.48916940763004124,0.0,"GJR-GARCH(1,1,1)-t"
19204,21.796800493090082,26.75315190080555,True,True,0.0,0.7046230714247772,"GJR-GARCH(1,1,1)-t"
19222,1.3749103977281827,6.331261805443653,True,True,3.0703145510244864e-14,0.9102596040099926,"GJR-GARCH(1,1,1)-t"
19226,12.960839857170601,17.91719126488607,True,False,0.9999999999999994,0.4829302536835129,"GJR-GARCH(1,1,1)-t"
19230,-17.71027448193324,-12.75392307421777,True,True,1.8402924246055614e-15,0.5894837409460726,"GJR-GARCH(1,1,1)-t"
19234,7.2012275011936175,12.157578908909088,True,True,1.8363847312615328e-16,2.9897639036272947e-16,"GJR-GARCH(1,1,1)-t"
19240,0.21121302710453982,5.16756443482001,True,True,0.21129653078408417,1.1573549187589246e-13,"GJR-GARCH(1,1,1)-t"
19255,23.09759065543649,28.05394206315196,True,True,3.94170793098847e-18,0.0,"GJR-GARCH(1,1,1)-t"
19260,10.80844346715913,15.7647948748746,True,True,5.409958727324587e-19,1.0222642736965353e-15,"GJR-GARCH(1,1,1)-t"
19262,58.91298827132704,63.86933967904251,True,True,1.3659820433909614e-15,0.0,"GJR-GARCH(1,1,1)-t"
19265,16.518370188358922,21.474721596074396,True,True,1.5318895372792612e-10,0.9854405785912428,"GJR-GARCH(1,1,1)-t"
19267,12.992026224068557,17.948377631784027,True,False,1.0,0.003112099162096894,"GJR-GARCH(1,1,1)-t"
19271,42.97015130652868,47.926502714244144,True,True,8.549331544485181e-16,0.9780478292922288,"GJR-GARCH(1,1,1)-t"
19274,41.966551558613304,46.92290296632878,True,True,3.179055029541564e-17,5.012764639014585e-16,"GJR-GARCH(1,1,1)-t"
19281,6.078703792392734,11.035055200108204,True,True,8.493848058106512e-19,1.0536752739702018e-17,"GJR-GARCH(1,1,1)-t"
19294,-1.0304247994036366,3.9259266083118334,True,True,3.4138750932939236e-12,0.7755758590254372,"GJR-GARCH(1,1,1)-t"
19300,63.8695324641819,68.82588387189737,True,True,0.0,0.6229262009144307,"GJR-GARCH(1,1,1)-t"
19309,22.627034295422185,27.583385703137658,True,True,0.7490310633074305,0.0,"GJR-GARCH(1,1,1)-t"
19333,14.763563842634687,19.71991525035016,True,True,0.4959141972953692,0.28403790426724307,"GJR-GARCH(1,1,1)-t"
19358,-3.3320884962447224,1.6242629114707476,True,True,7.822316500567082e-10,0.9789567065545803,"GJR-GARCH(1,1,1)-t"
19365,4.757525912897933,9.713877320613403,True,True,6.687467087542153e-21,0.1541725420663642,"GJR-GARCH(1,1,1)-t"
19373,33.93730014175692,38.893651549472395,True,True,1.7431902319960159e-15,0.7420915568137658,"GJR-GARCH(1,1,1)-t"
19385,3.328092664939213,8.284444072654683,True,False,4.314827552526208e-16,0.9999999999999973,"GJR-GARCH(1,1,1)-t"
19386,17.410093673136117,22.366445080851587,True,True,7.362827886973203e-12,0.9678856230151635,"GJR-GARCH(1,1,1)-t"
19389,-7.798974654128173,-2.8426232464127033,True,False,1.1210626355066216e-13,0.9999999999722538,"GJR-GARCH(1,1,1)-t"
19390,-0.4288576784755751,4.527493729239895,True,True,0.0,0.9706611527950179,"GJR-GARCH(1,1,1)-t"
19417,-6.919278268094008,-1.9629268603785377,True,True,5.09391356959295e-13,3.061993567822631e-12,"GJR-GARCH(1,1,1)-t"
19428,48.1704336695526,53.12678507726807,True,True,6.334921880422421e-13,3.1231581878240047e-16,"GJR-GARCH(1,1,1)-t"
19434,-1.7884230607699685,3.1679283469455015,True,True,1.7882423420496418e-13,0.7892671009304154,"GJR-GARCH(1,1,1)-t"
19444,26.340848223098746,31.297199630814212,True,True,0.6748493337712261,0.0,"GJR-GARCH(1,1,1)-t"
19453,51.109397619413656,56.06574902712913,True,True,0.0,0.9939363775917088,"GJR-GARCH(1,1,1)-t"
19459,5.153060143051466,10.109411550766936,True,False,1.1506519837137168e-10,0.9999999885608475,"GJR-GARCH(1,1,1)-t"
19466,-4.33602503331803,0.6203263743974397,True,True,0.1748793971531696,0.08379110759821046,"GJR-GARCH(1,1,1)-t"
19472,-9.769253681677856,-4.812902273962386,True,True,0.0,0.939090400141648,"GJR-GARCH(1,1,1)-t"
19476,0.7911947453067256,5.747546153022196,True,True,0.0,0.7821187844118681,"GJR-GARCH(1,1,1)-t"
19483,22.612257526778237,27.56860893449371,True,True,0.0,1.921022906831819e-14,"GJR-GARCH(1,1,1)-t"
19488,-3.716316198175356,1.240035209540114,True,True,0.6795373415567532,2.2385474673537955e-14,"GJR-GARCH(1,1,1)-t"
19489,15.299469514533076,20.255820922248546,True,True,1.221963943994876e-13,0.819246207793045,"GJR-GARCH(1,1,1)-t"
19491,17.977374391617246,22.933725799332716,True,True,0.0,0.0,"GJR-GARCH(1,1,1)-t"
19493,3.5653246943029586,8.521676102018429,True,False,0.40083245977341686,0.7995837701161795,"GJR-GARCH(1,1,1)-t"
19495,-16.12584159739355,-11.16949018967808,True,True,5.16349073553564e-14,0.8661153196487632,"GJR-GARCH(1,1,1)-t"
19499,30.331910465200547,35.28826187291602,True,False,0.9999999999999999,0.5000000000000001,"GJR-GARCH(1,1,1)-t"
19509,27.511268794722103,32.46762020243757,True,True,0.0,0.0,"GJR-GARCH(1,1,1)-t"
19512,49.62842053582039,54.584771943535856,True,False,3.634604906333172e-17,0.9999999999999999,"GJR-GARCH(1,1,1)-t"
19527,18.227883746163826,23.1842351538793,True,True,2.625603884340791e-14,0.9163945592252237,"GJR-GARCH(1,1,1)-t"
19528,0.4966753162516486,5.453026723967119,True,True,7.422599045524123e-17,0.0,"GJR-GARCH(1,1,1)-t"
19531,6.511671962321726,11.468023370037196,True,False,0.0,0.999999999492449,"GJR-GARCH(1,1,1)-t"
19532,22.60931438151892,27.565665789234394,True,True,1.034396063975403e-15,0.7657540924752749,"GJR-GARCH(1,1,1)-t"
19542,13.683611404004399,18.63996281171987,True,True,7.475277375534579e-18,0.882120223293095,"GJR-GARCH(1,1,1)-t"
19551,6.819791955203822,11.776143362919292,True,True,0.0,0.5283676446077616,"GJR-GARCH(1,1,1)-t"
19554,-11.451728966269098,-6.495377558553628,True,True,3.4659720914263985e-17,8.798384804020074e-17,"GJR-GARCH(1,1,1)-t"
19579,25.085059273212963,30.041410680928433,True,True,1.3451889118569672e-15,0.99871376092363,"GJR-GARCH(1,1,1)-t"
19580,35.77552859039096,40.73187999810643,True,False,0.0,1.0,"GJR-GARCH(1,1,1)-t"
19597,57.07541798174074,62.031769389456215,True,True,2.0969394907529143e-15,0.8187889080915353,"GJR-GARCH(1,1,1)-t"
19603,18.488494215221014,23.444845622936484,True,True,2.280505309344647e-19,0.8093323120589285,"GJR-GARCH(1,1,1)-t"
19606,15.096463389127262,20.052814796842732,True,True,6.417234994703989e-20,0.7028587583576473,"GJR-GARCH(1,1,1)-t"
19612,22.984344193073028,27.940695600788498,True,True,4.731802184827941e-15,0.7480589769632966,"GJR-GARCH(1,1,1)-t"
19614,-9.257609181616772,-4.301257773901302,True,True,0.771976284278243,2.549821603531152e-13,"GJR-GARCH(1,1,1)-t"
19623,14.915294493469036,19.871645901184507,True,True,1.4892639346220584e-18,0.896959835370871,"GJR-GARCH(1,1,1)-t"
19625,1.6416914154447557,6.598042823160226,True,True,0.0,4.382039209397924e-17,"GJR-GARCH(1,1,1)-t"
19626,-0.758811046538769,4.197540361176701,True,True,3.762829978562444e-11,0.9091627100426178,"GJR-GARCH(1,1,1)-t"
19629,14.531743634545109,19.48809504226058,True,True,6.523837456223285e-19,0.648833799149483,"GJR-GARCH(1,1,1)-t"
19636,21.563924459830165,26.520275867545635,True,False,9.15959355046702e-14,0.9999999999594066,"GJR-GARCH(1,1,1)-t"
19639,66.01209413695595,70.96844554467143,True,True,0.3125084700480828,1.1801840648465841e-15,"GJR-GARCH(1,1,1)-t"
19647,7.128813995619409,12.08516540333488,True,True,0.7629331263842164,1.3625225841990638e-13,"GJR-GARCH(1,1,1)-t"
19651,-19.52241033765236,-14.56605892993689,True,True,3.07319905275007e-16,0.3164682433820171,"GJR-GARCH(1,1,1)-t"
19660,66.09559987665712,71.05195128437259,True,False,0.9999999998052127,1.3669463817531072e-10,"GJR-GARCH(1,1,1)-t"
19678,-1.9242670820244534,3.0320843256910166,True,True,4.1549432198594913e-16,0.976876950107986,"GJR-GARCH(1,1,1)-t"
19690,20.942589255191763,25.89894066290723,True,True,0.0,0.4060002059171281,"GJR-GARCH(1,1,1)-t"
19697,66.92760323838736,71.88395464610284,True,False,0.0,1.0,"GJR-GARCH(1,1,1)-t"
19699,11.598983016200528,16.555334423915998,True,False,0.0,1.0,"GJR-GARCH(1,1,1)-t"
19725,81.76886169105755,86.72521309877303,True,True,0.19642365942003076,0.4240643520698767,"GJR-GARCH(1,1,1)-t"
19729,31.844050706203817,36.80040211391929,True,False,0.8792490071349065,0.5603754964325501,"GJR-GARCH(1,1,1)-t"
19735,33.00510301762145,37.96145442533692,True,True,0.0,0.28922072602581306,"GJR-GARCH(1,1,1)-t"
19747,26.38682429264614,31.343175700361606,True,True,0.3414896181542213,0.23173165448279062,"GJR-GARCH(1,1,1)-t"
19765,0.14554380367718167,5.101895211392652,True,False,0.0,1.0,"GJR-GARCH(1,1,1)-t"
19772,1.2262915066261275,6.1826429143415975,True,True,5.677017298694286e-13,0.9512136490605663,"GJR-GARCH(1,1,1)-t"
19799,5.388965349584215,10.345316757299685,True,True,0.6599107102234121,4.7175346931237424e-14,"GJR-GARCH(1,1,1)-t"
19810,-12.522983778365617,-7.566632370650147,True,True,8.016725323723091e-16,0.5599207860723165,"GJR-GARCH(1,1,1)-t"
19815,-2.635492212958365,2.320859194757105,True,True,0.0,0.0,"GJR-GARCH(1,1,1)-t"
19817,4.070708455978423,9.027059863693893,True,True,1.0168127540315765e-17,4.7987580491281835e-15,"GJR-GARCH(1,1,1)-t"
19830,8.520183238107254,13.476534645822724,True,False,0.9999999999999971,1.405323498186581e-15,"GJR-GARCH(1,1,1)-t"
19839,1.0158899722431194,5.972241379958589,True,True,1.525314910648817e-15,0.017830669073466532,"GJR-GARCH(1,1,1)-t"
19845,44.62836915624672,49.58472056396219,True,True,0.2720946749993013,0.0,"GJR-GARCH(1,1,1)-t"
19871,13.84195882599683,18.7983102337123,True,True,0.0,0.0,"GJR-GARCH(1,1,1)-t"
19873,14.637870282479993,19.59422169019546,True,True,0.163093750140811,0.0,"GJR-GARCH(1,1,1)-t"
19876,19.308217851382917,24.264569259098387,True,True,0.3374968227165452,0.0,"GJR-GARCH(1,1,1)-t"
19883,19.943527366194836,24.89987877391031,True,True,1.0574701728453978e-15,0.9780770355763824,"GJR-GARCH(1,1,1)-t"
19904,37.37523574137589,42.33158714909136,True,True,0.0,0.13939903425252256,"GJR-GARCH(1,1,1)-t"
19915,8.802934034325546,13.759285442041016,True,True,3.746232217705092e-15,0.9584773908330307,"GJR-GARCH(1,1,1)-t"
19923,-14.358151987690508,-9.401800579975038,True,True,0.0,0.9742653616036091,"GJR-GARCH(1,1,1)-t"
19935,24.692132189109092,29.648483596824562,True,True,2.885285566331604e-15,0.9821017978811065,"GJR-GARCH(1,1,1)-t"
19949,-18.554154408220022,-13.597803000504552,True,True,0.07030887865856408,2.578679122271746e-15,"GJR-GARCH(1,1,1)-t"
19955,-0.5629157222290218,4.393435685486448,True,False,1.0,9.311528638895652e-20,"GJR-GARCH(1,1,1)-t"
19977,27.598843460462636,32.555194868178106,True,True,0.40158618224506765,0.449923835591025,"GJR-GARCH(1,1,1)-t"
19994,33.975861741178655,38.93221314889412,True,False,0.0,1.0,"GJR-GARCH(1,1,1)-t"
19999,52.87982387448943,57.836175282204906,True,True,0.0,0.3864419062276934,"GJR-GARCH(1,1,1)-t"
20008,-17.813193317188087,-12.856841909472617,True,True,5.295974548161004e-10,0.9857810530444675,"GJR-GARCH(1,1,1)-t"
20017,-17.16590104304777,-12.209549635332301,True,True,0.0,0.9581422950967036,"GJR-GARCH(1,1,1)-t"
20021,10.751160941781826,15.707512349497296,True,True,0.18943844995874995,4.331438032673664e-11,"GJR-GARCH(1,1,1)-t"
20033,-10.94873838751663,-5.992386979801161,True,True,0.0,0.8910770216850001,"GJR-GARCH(1,1,1)-t"
20055,8.54505631999515,13.50140772771062,True,False,0.38007815348387775,0.7439731299719863,"GJR-GARCH(1,1,1)-t"
20057,10.971084330047091,15.927435737762561,True,False,0.9999999984700572,6.226912542617463e-08,"GJR-GARCH(1,1,1)-t"
20063,-3.1320101981367934,1.8243412095786766,True,True,0.7283798947314555,4.928470311825751e-13,"GJR-GARCH(1,1,1)-t"
20064,-4.4617858618185195,0.49456554589695045,True,True,2.253958047037073e-10,0.8242749209203193,"GJR-GARCH(1,1,1)-t"
20078,-11.305296313756894,-6.3489449060414245,True,True,0.19036138500978872,0.7165366845255093,"GJR-GARCH(1,1,1)-t"
20083,11.324246978040684,16.280598385756154,True,False,3.286281266494894e-14,0.999999999999681,"GJR-GARCH(1,1,1)-t"
20084,37.915822311635566,42.87217371935103,True,True,3.418527967624513e-15,0.3542439802972111,"GJR-GARCH(1,1,1)-t"
20086,59.5821868317704,64.53853823948587,True,True,6.882834420146714e-15,0.8748990171272185,"GJR-GARCH(1,1,1)-t"
20099,24.55189910568302,29.508250513398487,True,True,0.5450808821392432,0.0031649379640888956,"GJR-GARCH(1,1,1)-t"
20127,9.211754600229078,14.168106007944548,True,True,3.4278373956179362e-15,3.9156018072738344e-15,"GJR-GARCH(1,1,1)-t"
20128,24.564722287380885,29.521073695096355,True,True,2.165235713403011e-13,0.7529953127608787,"GJR-GARCH(1,1,1)-t"
20132,49.082484160780346,54.03883556849581,True,True,0.0,0.6164992426747958,"GJR-GARCH(1,1,1)-t"
20135,18.06189500296086,23.01824641067633,True,True,1.962953270498824e-16,1.7694938738238375e-14,"GJR-GARCH(1,1,1)-t"
20136,21.342116829093733,26.298468236809203,True,False,1.9846909155587422e-16,1.0,"GJR-GARCH(1,1,1)-t"
20164,18.21438621432624,23.17073762204171,True,True,1.0178559414564069e-16,0.9784146491689908,"GJR-GARCH(1,1,1)-t"
20172,8.81008791746963,13.7664393251851,True,True,0.0,0.8085511090983476,"GJR-GARCH(1,1,1)-t"
20196,-5.200417307832421,-0.24406590011695073,True,True,2.111459013880878e-17,0.6796257431374358,"GJR-GARCH(1,1,1)-t"
20199,17.916051372963835,22.87240278067931,True,True,0.0,0.7892462495930705,"GJR-GARCH(1,1,1)-t"
20213,-18.83350436543578,-13.877152957720309,True,True,1.6792084290135984e-12,0.7023442640092189,"GJR-GARCH(1,1,1)-t"
20214,32.39996659572893,37.3563180034444,True,False,0.11738650028758235,0.9269475267911568,"GJR-GARCH(1,1,1)-t"
20225,13.306980154748562,18.263331562464032,True,False,1.8012386842950171e-16,0.9999999999999942,"GJR-GARCH(1,1,1)-t"
20227,39.46186374413354,44.41821515184901,True,True,0.6410963852438463,0.23501257297604683,"GJR-GARCH(1,1,1)-t"
20234,-10.629634406699466,-5.673282998983996,True,True,5.764096140628642e-19,0.6646537560239827,"GJR-GARCH(1,1,1)-t"
20255,18.038397207883364,22.994748615598834,True,False,0.8999193463103516,0.5500403268448237,"GJR-GARCH(1,1,1)-t"
20265,4.83504302107141,9.79139442878688,True,True,3.107582663979085e-15,0.9135010384727495,"GJR-GARCH(1,1,1)-t"
20268,0.4840452376086777,5.440396645324148,True,True,6.779628075862101e-14,0.7707641325494977,"GJR-GARCH(1,1,1)-t"
20271,71.23777860207159,76.19413000978706,True,True,0.899934750634191,0.0,"GJR-GARCH(1,1,1)-t"
20306,10.58034806212762,15.53669946984309,True,False,3.8490234774203315e-16,0.9999999999999997,"GJR-GARCH(1,1,1)-t"
20317,77.31805638632011,82.27440779403558,True,True,1.48228369684556e-14,0.9735860703750873,"GJR-GARCH(1,1,1)-t"
20323,15.392162833202185,20.348514240917655,True,True,4.8655269596326587e-17,0.0,"GJR-GARCH(1,1,1)-t"
20327,3.787998267810689,8.74434967552616,True,True,1.7396260746485586e-12,0.9640773665493805,"GJR-GARCH(1,1,1)-t"
20329,-24.49622233982351,-19.53987093210804,True,False,1.0,0.46713245771341205,"GJR-GARCH(1,1,1)-t"
20336,8.992305154769008,13.948656562484478,True,True,8.546535982627676e-17,0.984034823153479,"GJR-GARCH(1,1,1)-t"
20341,42.999975508995604,47.95632691671107,True,True,1.1703882851393138e-12,2.23609143757237e-16,"GJR-GARCH(1,1,1)-t"
20351,-18.22547376364149,-13.269122355926019,True,True,2.5488044641196632e-14,0.024036786748991564,"GJR-GARCH(1,1,1)-t"
20382,-9.412687039082396,-4.456335631366926,True,False,1.0,0.05810271979242998,"GJR-GARCH(1,1,1)-t"
20384,1.5024670219454421,6.458818429660912,True,False,0.0,1.0,"GJR-GARCH(1,1,1)-t"
20405,4.415611563711888,9.371962971427358,True,True,5.755340193386439e-15,0.017024051807551257,"GJR-GARCH(1,1,1)-t"
20406,1.2576687886667184,6.214020196382188,True,False,0.9999999999999999,0.028074084138034725,"GJR-GARCH(1,1,1)-t"
20408,40.28074357938199,45.23709498709746,True,True,0.0,0.6881561964248262,"GJR-GARCH(1,1,1)-t"
20410,-12.114805065564457,-7.1584536578489875,True,True,2.3319771241670916e-13,0.961530138996629,"GJR-GARCH(1,1,1)-t"
20415,17.70362113681847,22.65997254453394,True,False,1.8151873401595106e-16,1.0,"GJR-GARCH(1,1,1)-t"
20418,18.932421093534774,23.888772501250244,True,False,1.0,0.0,"GJR-GARCH(1,1,1)-t"
20430,-9.30967705322858,-4.3533256455131095,True,True,0.738713852706965,1.9093812606446556e-20,"GJR-GARCH(1,1,1)-t"
20434,57.04954744855655,62.005898856272026,True,False,5.2200579791874e-11,0.9999999986380346,"GJR-GARCH(1,1,1)-t"
20435,37.81569094008013,42.772042347795605,True,True,8.892713653003534e-16,0.6918376787424421,"GJR-GARCH(1,1,1)-t"
20439,3.1333227647725224,8.089674172487992,True,False,0.9999999999764491,0.41141224034692536,"GJR-GARCH(1,1,1)-t"
20445,7.771435891921856,12.727787299637326,True,True,2.2579168320001023e-16,0.9966484908271972,"GJR-GARCH(1,1,1)-t"
20453,-13.138891090100568,-8.182539682385098,True,False,1.0,0.0,"GJR-GARCH(1,1,1)-t"
20457,-5.414425414783761,-0.4580740070682907,True,True,2.9599550515295226e-15,3.375332594374311e-14,"GJR-GARCH(1,1,1)-t"
20460,20.042139877260276,24.998491284975746,True,False,1.6416290546810906e-16,1.0,"GJR-GARCH(1,1,1)-t"
20469,1.5232816019060493,6.479633009621519,True,True,1.174560812033181e-15,0.4562302821649256,"GJR-GARCH(1,1,1)-t"
20474,15.382878561834069,20.33922996954954,True,True,3.7368567983120246e-13,0.8113435999561883,"GJR-GARCH(1,1,1)-t"
20491,12.939433102885662,17.895784510601132,True,True,1.6280739909521637e-18,0.9453189833141205,"GJR-GARCH(1,1,1)-t"
20498,70.79897047744251,75.75532188515797,True,True,0.6432563850486466,1.9338142596607667e-15,"GJR-GARCH(1,1,1)-t"
20499,14.306948825931826,19.263300233647296,True,False,0.9999999999999989,1.0565004864972042e-15,"GJR-GARCH(1,1,1)-t"
20550,9.138753080188735,14.095104487904205,True,False,0.023912929093738235,0.9880435354531335,"GJR-GARCH(1,1,1)-t"
20551,-9.160095606787088,-4.203744199071618,True,True,0.16328616859295955,3.077961945460031e-14,"GJR-GARCH(1,1,1)-t"
20557,19.815810900991238,24.772162308706708,True,False,0.7309217392932275,0.6345391303533857,"GJR-GARCH(1,1,1)-t"
20559,5.460950509290759,10.41730191700623,True,True,0.5451996079455074,0.0,"GJR-GARCH(1,1,1)-t"
20563,18.83319628825219,23.789547695967656,True,True,0.4913584867188022,0.444789846217585,"GJR-GARCH(1,1,1)-t"
20568,-13.849559077482713,-8.893207669767243,True,True,2.6995250871618377e-13,0.8592792279359653,"GJR-GARCH(1,1,1)-t"
20571,12.194716706468911,17.15106811418438,True,True,0.0,0.01594362283667129,"GJR-GARCH(1,1,1)-t"
20577,31.817943135279968,36.774294542995435,True,True,0.0,0.8751227096262527,"GJR-GARCH(1,1,1)-t"
20581,-2.18160889124054,2.77474251647493,True,True,0.0,0.0,"GJR-GARCH(1,1,1)-t"
20585,64.35088962748424,69.30724103519971,True,True,0.0,0.49635263740078833,"GJR-GARCH(1,1,1)-t"
20597,12.442595009300968,17.39894641701644,True,False,1.0019197198361669e-14,0.9999999999997847,"GJR-GARCH(1,1,1)-t"
20603,40.42297257328617,45.37932398100163,True,True,3.264891572062385e-13,4.904189381468019e-15,"GJR-GARCH(1,1,1)-t"
20630,11.096343751675615,16.052695159391085,True,True,0.16115962490163957,2.6477627442874523e-13,"GJR-GARCH(1,1,1)-t"
20631,5.359883446890951,10.31623485460642,True,True,0.0,0.0,"GJR-GARCH(1,1,1)-t"
20644,21.6059921443062,26.562343552021666,True,False,1.0573753441677472e-12,0.9999999999704441,"GJR-GARCH(1,1,1)-t"
20651,34.563210999754105,39.51956240746957,True,True,9.166779885560976e-19,0.5381573389363273,"GJR-GARCH(1,1,1)-t"
20669,12.247588707932303,17.203940115647775,True,True,3.407019346693675e-24,0.4930445498641857,"GJR-GARCH(1,1,1)-t"
20673,26.801131142290433,31.757482550005903,True,True,1.908398663275143e-12,0.9709886556376555,"GJR-GARCH(1,1,1)-t"
20678,31.13412421355461,36.09047562127008,True,False,1.8067259641885068e-16,1.0,"GJR-GARCH(1,1,1)-t"
20691,0.792335237196836,5.748686644912306,True,True,6.615353228224656e-12,0.4844214047709443,"GJR-GARCH(1,1,1)-t"
20715,13.944751253769274,18.901102661484742,True,True,3.6014431364512727e-10,0.9240544233767131,"GJR-GARCH(1,1,1)-t"
20732,21.245238383074042,26.201589790789512,True,False,0.42324872870554325,0.692941808801993,"GJR-GARCH(1,1,1)-t"
20734,-1.8785702722936666,3.0777811354218034,True,True,0.13792993307195425,1.1181564067223518e-14,"GJR-GARCH(1,1,1)-t"
20762,19.755185630917143,24.711537038632613,True,True,7.003689201005722e-15,0.9486533529632432,"GJR-GARCH(1,1,1)-t"
20770,-6.673575877333569,-1.717224469618099,True,True,0.1521734791924849,0.24620908314079756,"GJR-GARCH(1,1,1)-t"
20776,61.78099879509815,66.73735020281362,True,False,1.2687526201234755e-15,1.0,"GJR-GARCH(1,1,1)-t"
20782,2.9631446065080613,7.919496014223531,True,True,6.059611728241597e-18,0.056359576968082616,"GJR-GARCH(1,1,1)-t"
20785,64.99565612538294,69.95200753309841,True,True,3.131914466610171e-15,0.7483340881700219,"GJR-GARCH(1,1,1)-t"
20790,0.3576207621705638,5.313972169886034,True,True,6.888488634030917e-21,5.66363708874581e-20,"GJR-GARCH(1,1,1)-t"
20796,9.034476424442602,13.990827832158072,True,True,0.0,0.7763541565986325,"GJR-GARCH(1,1,1)-t"
20810,-8.841249592301818,-3.8848981845863477,True,True,0.0,0.978226660478626,"GJR-GARCH(1,1,1)-t"
20826,-10.657037607667828,-5.700686199952358,True,True,4.144015099351832e-15,0.8206580821045549,"GJR-GARCH(1,1,1)-t"
20827,16.872714779182516,21.82906618689799,True,True,0.013867164210650476,2.7012608265831293e-15,"GJR-GARCH(1,1,1)-t"
20837,-7.714267777332015,-2.757916369616545,True,True,2.773265634117854e-16,0.9912850137457169,"GJR-GARCH(1,1,1)-t"
20843,37.45983660166149,42.41618800937697,True,True,6.472292199922545e-16,0.9795251020492289,"GJR-GARCH(1,1,1)-t"
20851,17.392358043150733,22.348709450866203,True,True,2.9409979814566335e-16,0.9887134174652669,"GJR-GARCH(1,1,1)-t"
20858,6.498535647782436,11.454887055497906,True,True,0.0,0.506107734984296,"GJR-GARCH(1,1,1)-t"
20862,-18.00745998408088,-13.051108576365412,True,True,2.0151012414685273e-14,0.810777375907672,"GJR-GARCH(1,1,1)-t"
20872,14.514801281477704,19.471152689193175,True,True,1.323234504338011e-15,0.9264635394442856,"GJR-GARCH(1,1,1)-t"
20881,-4.662592111116059,0.29375929659941136,True,True,0.0,0.6829457113773778,"GJR-GARCH(1,1,1)-t"
20900,11.657773806273307,16.61412521398878,True,False,2.757712454249251e-26,1.0,"GJR-GARCH(1,1,1)-t"
20914,-0.9411866226643006,4.015164785051169,True,True,0.0,0.985870783929649,"GJR-GARCH(1,1,1)-t"
20927,5.921885625213102,10.878237032928572,True,False,0.0,1.0,"GJR-GARCH(1,1,1)-t"
20928,25.350149888506394,30.306501296221864,True,True,6.916767188720433e-16,0.2640766855175256,"GJR-GARCH(1,1,1)-t"
20935,-1.904839896139892,3.051511511575578,True,True,8.256578377640285e-15,4.727056989073677e-16,"GJR-GARCH(1,1,1)-t"
20936,16.38839539894125,21.34474680665672,True,True,0.38256177194573965,0.2506329404877673,"GJR-GARCH(1,1,1)-t"
20939,33.586600620456636,38.54295202817211,True,True,0.0,0.46283948536437586,"GJR-GARCH(1,1,1)-t"
20944,-0.15846740000386994,4.7978840077116,True,True,0.0,0.9394277387546568,"GJR-GARCH(1,1,1)-t"
20945,14.853416611556012,19.809768019271484,True,True,3.400536772894764e-17,0.974917143451343,"GJR-GARCH(1,1,1)-t"
20950,7.226467412333289,12.182818820048759,True,True,0.7029151139004368,1.402735372358788e-21,"GJR-GARCH(1,1,1)-t"
20953,20.701560338743164,25.657911746458634,True,True,1.64066441178391e-14,0.9903384317809049,"GJR-GARCH(1,1,1)-t"
20972,-4.028566522712207,0.9277848850032626,True,True,0.0,0.0,"GJR-GARCH(1,1,1)-t"
20973,-6.44992027650154,-1.4935688687860704,True,False,0.0,0.9999999999995525,"GJR-GARCH(1,1,1)-t"
20995,11.984862038671016,16.941213446386488,True,True,3.6126573696769104e-17,0.539088993483223,"GJR-GARCH(1,1,1)-t"
20996,19.485171525551955,24.44152293326743,True,True,0.4989976660847998,1.6402746214803643e-16,"GJR-GARCH(1,1,1)-t"
21020,39.33027034906872,44.286621756784186,True,False,1.0,0.0,"GJR-GARCH(1,1,1)-t"
21024,19.8215549714497,24.777906379165167,True,True,0.1507143233599449,0.5177436286389551,"GJR-GARCH(1,1,1)-t"
21038,59.45514317435452,64.41149458206999,True,True,8.104630877286769e-16,0.20600884933563673,"GJR-GARCH(1,1,1)-t"
21040,-8.822418628678303,-3.866067220962833,True,True,0.0,0.9328269899571558,"GJR-GARCH(1,1,1)-t"
21051,13.86745277052293,18.823804178238397,True,True,5.4125522614871505e-12,0.9575516396689329,"GJR-GARCH(1,1,1)-t"
21053,5.24308242182345,10.19943382953892,True,False,8.509173749173349e-18,0.9999999999999994,"GJR-GARCH(1,1,1)-t"
21074,13.686553671632245,18.642905079347717,True,True,1.1705245750125961e-14,0.05845041538649243,"GJR-GARCH(1,1,1)-t"
21079,19.17663741607801,24.132988823793482,True,False,4.816379614028299e-15,1.0,"GJR-GARCH(1,1,1)-t"
21083,47.294878192065724,52.2512295997812,True,True,5.11325819444593e-15,0.9631215971436472,"GJR-GARCH(1,1,1)-t"
21094,5.989131461369775,10.945482869085245,True,True,0.0,0.8729203312925429,"GJR-GARCH(1,1,1)-t"
21099,17.784717001539157,22.741068409254627,True,True,0.0,0.9569428997342716,"GJR-GARCH(1,1,1)-t"
21103,11.887894169498145,16.844245577213613,True,False,7.861734119199487e-15,1.0,"GJR-GARCH(1,1,1)-t"
21116,7.002840943511508,11.959192351226978,True,True,0.18127431568371352,0.0,"GJR-GARCH(1,1,1)-t"
21121,15.944182502314767,20.900533910030237,True,False,1.7039662975363752e-12,0.9999999999815864,"GJR-GARCH(1,1,1)-t"
21136,33.80174276254556,38.75809417026103,True,True,7.182876078647825e-15,2.1200486214374258e-18,"GJR-GARCH(1,1,1)-t"
21139,-6.6453632270815675,-1.6890118193660975,True,True,1.9434462834851527e-08,0.775328752587939,"GJR-GARCH(1,1,1)-t"
21145,13.302475904071981,18.258827311787453,True,True,0.15033807744272812,6.086007902362512e-17,"GJR-GARCH(1,1,1)-t"
21148,18.30680852838595,23.26315993610142,True,True,7.722047305082721e-16,0.19136327479266987,"GJR-GARCH(1,1,1)-t"
21164,24.752054261935136,29.708405669650602,True,True,4.168380410730691e-15,0.5928753511231223,"GJR-GARCH(1,1,1)-t"
21169,-11.28192068963737,-6.325569281921901,True,True,0.0,1.4152915595617414e-14,"GJR-GARCH(1,1,1)-t"
21179,18.248950655948747,23.205302063664217,True,True,0.12300132675932038,0.0,"GJR-GARCH(1,1,1)-t"
21203,25.09966949460997,30.05602090232544,True,False,0.9999999999999949,4.967680257153883e-15,"GJR-GARCH(1,1,1)-t"
21208,30.721083725349043,35.67743513306451,True,True,0.44821834556129103,3.3500010505882586e-19,"GJR-GARCH(1,1,1)-t"
21218,-18.553407377245463,-13.597055969529993,True,True,1.1597916309197175e-09,0.39267009338578795,"GJR-GARCH(1,1,1)-t"
21239,14.735047274765455,19.691398682480923,True,False,0.593670630785889,0.5322966348088038,"GJR-GARCH(1,1,1)-t"
21240,37.39583429955551,42.352185707270976,True,True,0.0,0.0,"GJR-GARCH(1,1,1)-t"
21243,6.116242677307857,11.072594085023326,True,True,1.6992221680127142e-13,1.1589751810488606e-12,"GJR-GARCH(1,1,1)-t"
21246,-8.572449394985735,-3.6160979872702654,True,False,1.0,0.5000000000000004,"GJR-GARCH(1,1,1)-t"
21248,24.120464281150745,29.076815688866212,True,True,0.18072815492289035,0.0,"GJR-GARCH(1,1,1)-t"
21267,11.894920086080266,16.851271493795736,True,True,6.47964897856195e-14,0.6903497611297343,"GJR-GARCH(1,1,1)-t"
21272,19.18289869582528,24.139250103540753,True,True,9.12039109861516e-16,0.9798047462404601,"GJR-GARCH(1,1,1)-t"
21300,5.13239751122738,10.08874891894285,True,False,0.9999999999999998,1.5211264552011723e-16,"GJR-GARCH(1,1,1)-t"
21301,19.42458976993948,24.38094117765495,True,True,0.0,0.6735668857864603,"GJR-GARCH(1,1,1)-t"
21307,31.60209744399169,36.558448851707155,True,True,8.485649076177018e-12,0.9004852308448147,"GJR-GARCH(1,1,1)-t"
21326,2.459924775914148,7.416276183629618,True,True,1.6606694378977162e-15,0.8428048765977659,"GJR-GARCH(1,1,1)-t"
21328,-7.123468509960286,-2.1671171022448164,True,True,2.3792929015216886e-14,5.229365485687162e-13,"GJR-GARCH(1,1,1)-t"
21329,37.53498556872026,42.491336976435726,True,False,0.0,1.0,"GJR-GARCH(1,1,1)-t"
21344,29.72474383678704,34.681095244502515,True,True,8.280625947109399e-13,0.0,"GJR-GARCH(1,1,1)-t"
21364,11.86108035008022,16.81743175779569,True,True,7.79029614076089e-17,0.4614981238072773,"GJR-GARCH(1,1,1)-t"
21367,0.01705222124683381,4.973403628962304,True,False,0.0,0.9999999999999999,"GJR-GARCH(1,1,1)-t"
21368,25.854233840323815,30.81058524803929,True,True,0.822338660636034,0.07633601133417282,"GJR-GARCH(1,1,1)-t"
21373,19.30157300525045,24.25792441296592,True,True,0.17461659334859866,1.1117649316117417e-14,"GJR-GARCH(1,1,1)-t"
21391,-13.955623841971384,-8.999272434255914,True,True,1.0075836567631954e-12,3.344469091054735e-11,"GJR-GARCH(1,1,1)-t"
21398,31.89434213464382,36.850693542359295,True,True,0.0,0.6386414736248263,"GJR-GARCH(1,1,1)-t"
21404,32.33654972380363,37.2929011315191,True,True,0.3651731570956631,0.0,"GJR-GARCH(1,1,1)-t"
21428,33.04228957341655,37.99864098113201,True,False,1.8580071455940506e-15,0.9999999999999946,"GJR-GARCH(1,1,1)-t"
21431,16.50731938157364,21.46367078928911,True,False,4.178937128172108e-16,1.0,"GJR-GARCH(1,1,1)-t"
21434,3.291894165859537,8.248245573575007,True,True,8.671805263557968e-13,0.7994885591996814,"GJR-GARCH(1,1,1)-t"
21437,10.711003887836892,15.667355295552362,True,True,0.5641726321117152,3.5877593547050695e-14,"GJR-GARCH(1,1,1)-t"
21439,23.75612491721854,28.71247632493401,True,False,5.117576943012329e-15,0.9999999999999903,"GJR-GARCH(1,1,1)-t"
21445,0.5268093130131195,5.4831607207285895,True,True,2.539965821670299e-16,0.4433446399815658,"GJR-GARCH(1,1,1)-t"
21446,9.83541057776453,14.79176198548,True,True,0.6241247962659615,0.19392981170746273,"GJR-GARCH(1,1,1)-t"
21466,-22.9107374258316,-17.95438601811613,True,True,8.959500005781653e-18,1.306733546146101e-13,"GJR-GARCH(1,1,1)-t"
21486,25.343768154440234,30.3001195621557,True,True,0.15237142594575856,2.4597298054793825e-11,"GJR-GARCH(1,1,1)-t"
21493,7.494186346944687,12.450537754660157,True,True,0.0,0.0,"GJR-GARCH(1,1,1)-t"
21507,9.116333014317071,14.072684422032541,True,True,4.918476466035071e-13,0.0,"GJR-GARCH(1,1,1)-t"
21533,-8.467086710597112,-3.510735302881642,True,True,1.975383674795447e-11,0.7474772931727917,"GJR-GARCH(1,1,1)-t"
21555,17.042560871567048,21.998912279282518,True,False,1.4252766481007199e-12,0.9999999999965027,"GJR-GARCH(1,1,1)-t"
21601,19.974108792737603,24.930460200453073,True,False,0.3548475869698642,0.82257620651574,"GJR-GARCH(1,1,1)-t"
21602,23.003135330223262,27.959486737938732,True,True,3.8417210011102415e-15,3.198168643142858e-15,"GJR-GARCH(1,1,1)-t"
21614,10.548849237688508,15.505200645403978,True,True,5.636339595854517e-16,3.745657318115009e-12,"GJR-GARCH(1,1,1)-t"
21621,3.7849724468197294,8.7413238545352,True,True,0.1560399356890469,0.007431601481890192,"GJR-GARCH(1,1,1)-t"
21634,-12.673510489449352,-7.717159081733882,True,True,0.0,0.07878252004885483,"GJR-GARCH(1,1,1)-t"
21640,8.955463604705532,13.911815012421002,True,True,1.0896725617244705e-23,6.389154802531049e-25,"GJR-GARCH(1,1,1)-t"
21645,20.891928916478346,25.848280324193816,True,True,0.25114386252450216,0.25549180637411,"GJR-GARCH(1,1,1)-t"
21647,12.957768234450983,17.91411964216645,True,True,0.0,0.3112315623788361,"GJR-GARCH(1,1,1)-t"
21655,58.90257818867854,63.858929596394006,True,True,4.810997654860346e-14,0.9115700143268601,"GJR-GARCH(1,1,1)-t"
21657,19.958869855760625,24.91522126347609,True,False,0.0,1.0,"GJR-GARCH(1,1,1)-t"
21658,7.908339199017866,12.864690606733337,True,True,0.0,0.747291412893803,"GJR-GARCH(1,1,1)-t"
21659,31.438005758846327,36.3943571665618,True,True,0.0,0.9935149157773754,"GJR-GARCH(1,1,1)-t"
21685,10.063726046945519,15.020077454660989,True,False,3.8830452059537997e-17,1.0,"GJR-GARCH(1,1,1)-t"
21693,25.490225536928925,30.446576944644395,True,True,0.0,0.37551556416200527,"GJR-GARCH(1,1,1)-t"
21695,-7.585983036861542,-2.629631629146072,True,False,0.3945988026159704,0.8027005987072254,"GJR-GARCH(1,1,1)-t"
21716,-10.79202778222642,-5.83567637451095,True,True,1.7887249667791363e-12,0.9534800188130451,"GJR-GARCH(1,1,1)-t"
21718,7.709710898713887,12.666062306429357,True,True,4.434789706775394e-16,0.830492047496445,"GJR-GARCH(1,1,1)-t"
21732,55.191904802967606,60.14825621068307,True,True,1.2138588539383181e-14,0.0,"GJR-GARCH(1,1,1)-t"
21734,-13.940881682555343,-8.984530274839873,True,True,8.917791118656342e-19,0.5656959657130582,"GJR-GARCH(1,1,1)-t"
21744,12.30966412739001,17.26601553510548,True,True,1.0201396517381444e-14,0.03321264200458619,"GJR-GARCH(1,1,1)-t"
21753,12.2476378950871,17.203989302802572,True,True,0.0,0.6158178043513529,"GJR-GARCH(1,1,1)-t"
21762,35.12506088933766,40.08141229705313,True,True,0.0,0.9369406658743936,"GJR-GARCH(1,1,1)-t"
21770,-2.1116454060560947,2.8447060016593753,True,True,0.3678847984388866,6.678644284836464e-13,"GJR-GARCH(1,1,1)-t"
21777,-5.527807569914092,-0.571456162198622,True,True,0.0,0.9518661228374368,"GJR-GARCH(1,1,1)-t"
21805,63.3544376689529,68.31078907666837,True,False,0.0,0.9999999999999999,"GJR-GARCH(1,1,1)-t"
21825,12.775870915240665,17.732222322956137,True,True,4.147046827361232e-15,0.0,"GJR-GARCH(1,1,1)-t"
21834,-2.855252693514469,2.101098714201001,True,False,1.0,0.5000000000000026,"GJR-GARCH(1,1,1)-t"
21843,-4.8560510715125105,0.10030033620295953,True,False,1.0,0.3574977844483325,"GJR-GARCH(1,1,1)-t"
21848,5.208191622975047,10.164543030690517,True,False,1.6216386713388265e-12,1.0,"GJR-GARCH(1,1,1)-t"
21849,16.056363377716544,21.012714785432014,True,True,1.124420764925997e-17,0.969466955356708,"GJR-GARCH(1,1,1)-t"
21854,18.386773044866604,23.343124452582074,True,True,2.910899282021197e-13,1.0057122975458722e-13,"GJR-GARCH(1,1,1)-t"
21883,4.852656006538174,9.809007414253644,True,True,0.0,0.0,"GJR-GARCH(1,1,1)-t"
21884,12.51067299802806,17.46702440574353,True,True,3.675963931784187e-15,0.9658078790792906,"GJR-GARCH(1,1,1)-t"
21886,8.04424467526116,13.00059608297663,True,False,1.0,0.0,"GJR-GARCH(1,1,1)-t"
21888,61.7430790357638,66.69943044347927,True,True,0.0,1.7573856274686581e-15,"GJR-GARCH(1,1,1)-t"
21890,16.395330026349946,21.351681434065416,True,True,1.6740399864904262e-13,0.8761818749340267,"GJR-GARCH(1,1,1)-t"
21891,38.9939038376513,43.950255245366776,True,True,2.0302401963167035e-22,0.9345135630249664,"GJR-GARCH(1,1,1)-t"
21897,15.019299633944765,19.975651041660235,True,True,0.007708910664369523,1.053345105950964e-14,"GJR-GARCH(1,1,1)-t"
21906,27.28655141357242,32.24290282128789,True,False,3.146546068909348e-15,0.9999999999999971,"GJR-GARCH(1,1,1)-t"
21911,3.2986778043921348,8.255029212107605,True,True,0.3395644140668883,0.36761152101568995,"GJR-GARCH(1,1,1)-t"
21920,42.43378811830493,47.390139526020405,True,True,0.0,0.0,"GJR-GARCH(1,1,1)-t"
21931,6.769282202638531,11.725633610354002,True,False,3.878849261354008e-17,0.9999999999999994,"GJR-GARCH(1,1,1)-t"
21934,21.322636557019205,26.278987964734675,True,True,1.679754816262672e-17,0.9948324330333896,"GJR-GARCH(1,1,1)-t"
21988,25.022523533488688,29.978874941204154,True,True,0.0,0.7229733683801216,"GJR-GARCH(1,1,1)-t"
21990,18.022472477557642,22.978823885273112,True,False,1.0,0.0886347092071887,"GJR-GARCH(1,1,1)-t"
21995,-7.739726331818247,-2.7833749241027768,True,True,0.06157751534727075,4.562650259464113e-11,"GJR-GARCH(1,1,1)-t"
22003,7.196198698098764,12.152550105814234,True,True,2.1404817958655616e-13,0.33691601602836374,"GJR-GARCH(1,1,1)-t"
22008,16.794545317123056,21.750896724838526,True,True,8.272204502868416e-15,0.8672398704111572,"GJR-GARCH(1,1,1)-t"
22011,13.033738465633851,17.990089873349323,True,True,4.858998919269716e-18,0.008317701031917493,"GJR-GARCH(1,1,1)-t"
22013,-2.2273267202743376,2.7290246874411324,True,True,0.0,0.2590593967839057,"GJR-GARCH(1,1,1)-t"
22014,19.262289493551112,24.218640901266582,True,True,7.419809894879455e-16,0.6185022110500612,"GJR-GARCH(1,1,1)-t"
22023,23.39273588286092,28.34908729057639,True,True,1.5923329631710616e-13,0.9072018848172543,"GJR-GARCH(1,1,1)-t"
22026,18.501719622573134,23.458071030288604,True,False,0.0,1.0,"GJR-GARCH(1,1,1)-t"
22038,33.653032611801635,38.60938401951711,True,True,0.5698513761226812,0.22186793853909473,"GJR-GARCH(1,1,1)-t"
22042,1.3518242379133678,6.308175645628838,True,False,1.0,0.0,"GJR-GARCH(1,1,1)-t"
22047,44.054827278747354,49.01117868646283,True,False,0.9366929780304517,0.42090077185279434,"GJR-GARCH(1,1,1)-t"
22064,21.706790747259653,26.663142154975127,True,False,2.739980816723714e-12,0.9999999998884521,"GJR-GARCH(1,1,1)-t"
22067,28.10104272500751,33.057394132722976,True,True,5.389835414931472e-18,0.9797018360855354,"GJR-GARCH(1,1,1)-t"
22076,-2.849154860692394,2.107196547023076,True,True,7.167954058246464e-14,0.6601436482035398,"GJR-GARCH(1,1,1)-t"
22079,38.97515712776199,43.93150853547746,True,True,0.0,4.955370053149325e-12,"GJR-GARCH(1,1,1)-t"
22081,7.501007256289052,12.457358664004522,True,True,0.0,0.9581256475111488,"GJR-GARCH(1,1,1)-t"
22106,41.08492464490044,46.041276052615906,True,False,0.0,1.0,"GJR-GARCH(1,1,1)-t"
22115,24.295608944294116,29.251960352009586,True,False,0.9999999914492728,5.305660380463427e-09,"GJR-GARCH(1,1,1)-t"
22117,-7.1996921085872465,-2.2433407008717765,True,True,2.0073641736585313e-16,0.04789834942253331,"GJR-GARCH(1,1,1)-t"
22120,1.3386665043704475,6.2950179120859175,True,True,6.697360176546343e-15,0.6150635913633749,"GJR-GARCH(1,1,1)-t"
22126,-15.571161237183127,-10.614809829467656,True,True,0.0,0.0,"GJR-GARCH(1,1,1)-t"
22133,12.152602991307646,17.108954399023116,True,True,0.0,3.798079035636597e-20,"GJR-GARCH(1,1,1)-t"
22159,25.7487542653316,30.70510567304707,True,True,0.36675538890763487,4.858281943775021e-14,"GJR-GARCH(1,1,1)-t"
22166,20.187492352274877,25.143843759990347,True,True,0.6650013145547709,1.2706563824190829e-14,"GJR-GARCH(1,1,1)-t"
22169,33.31056218308869,38.266913590804165,True,True,0.0,0.9110628740302795,"GJR-GARCH(1,1,1)-t"
22178,-5.535024093428579,-0.5786726857131086,True,True,5.841731325526452e-13,0.881805839000886,"GJR-GARCH(1,1,1)-t"
22188,11.345356972809551,16.30170838052502,True,True,0.4669487981653298,7.386268030641608e-11,"GJR-GARCH(1,1,1)-t"
22193,-3.758650295948531,1.1977011117669392,True,True,6.15180723270529e-16,0.14240018116663536,"GJR-GARCH(1,1,1)-t"
22217,21.254085383748272,26.210436791463742,True,True,2.4300861751540715e-08,0.0,"GJR-GARCH(1,1,1)-t"
22249,39.75171993042406,44.708071338139526,True,False,0.0,1.0,"GJR-GARCH(1,1,1)-t"
22262,0.1765780760453577,5.132929483760828,True,False,0.999999999999972,0.37227363509146794,"GJR-GARCH(1,1,1)-t"
22263,17.46322917346469,22.419580581180163,True,True,0.0,0.9577039853173397,"GJR-GARCH(1,1,1)-t"
22277,44.40349975144977,49.359851159165245,True,True,1.6006673511670318e-13,0.9785798378568101,"GJR-GARCH(1,1,1)-t"
22289,26.350502355453834,31.3068537631693,True,True,0.0,0.9703308156511504,"GJR-GARCH(1,1,1)-t"
22290,14.403155257356278,19.35950666507175,True,False,1.0,1.6393414658544035e-19,"GJR-GARCH(1,1,1)-t"
22300,19.414897476466688,24.371248884182158,True,True,0.006727838420670859,0.9631623163999431,"GJR-GARCH(1,1,1)-t"
22304,21.735585957770667,26.691937365486137,True,False,3.227703686240434e-15,0.9999999999997273,"GJR-GARCH(1,1,1)-t"
22307,9.891322929931793,14.847674337647263,True,True,1.8197843854448364e-14,0.9653212995696722,"GJR-GARCH(1,1,1)-t"
22331,22.59866089715662,27.555012304872093,True,True,0.2484206702598465,4.294035019411519e-08,"GJR-GARCH(1,1,1)-t"
22355,1.0153784755845212,5.971729883299991,True,True,0.0036265767368220303,0.9519284351316611,"GJR-GARCH(1,1,1)-t"
22377,20.889016109541537,25.84536751725701,True,True,1.7596332733068607e-14,0.781685102310554,"GJR-GARCH(1,1,1)-t"
22384,32.46130686619524,37.4176582739107,True,True,5.626442883029447e-15,0.5092955423007813,"GJR-GARCH(1,1,1)-t"
22385,19.805073926759807,24.761425334475277,True,False,3.2432086018276575e-12,0.99999999851321,"GJR-GARCH(1,1,1)-t"
22392,-9.037451674108606,-4.081100266393136,True,True,3.764978362564428e-16,0.7842524707133028,"GJR-GARCH(1,1,1)-t"
22405,12.405124278856784,17.361475686572252,True,True,0.7743650998373001,0.1715139536784912,"GJR-GARCH(1,1,1)-t"
22427,19.738795984321168,24.695147392036638,True,True,3.1885557381909617e-21,2.417477053927493e-16,"GJR-GARCH(1,1,1)-t"
22440,-2.7460284824012042,2.2103229253142658,True,True,0.17351377846373897,2.0101241949267703e-20,"GJR-GARCH(1,1,1)-t"
22441,22.76077545163957,27.71712685935504,True,True,2.6067566418586188e-12,2.4356419635890554e-16,"GJR-GARCH(1,1,1)-t"
22447,12.023530785877988,16.979882193593458,True,True,0.0,0.1501298461788649,"GJR-GARCH(1,1,1)-t"
22455,69.64911319057146,74.60546459828693,True,True,0.0,0.7838974717505993,"GJR-GARCH(1,1,1)-t"
22466,14.361133695185744,19.317485102901216,True,True,0.18229351588351395,8.117077602120802e-16,"GJR-GARCH(1,1,1)-t"
22487,1.319652378240967,6.276003785956437,True,False,1.3909861265564468e-14,0.9999999999999619,"GJR-GARCH(1,1,1)-t"
22495,-17.04502392290826,-12.08867251519279,True,False,0.0,0.9999999999999996,"GJR-GARCH(1,1,1)-t"
22496,20.884749863670965,25.841101271386435,True,True,0.0,0.0,"GJR-GARCH(1,1,1)-t"
22498,0.6177489594753194,5.574100367190789,True,True,0.06504319375859384,0.7755891328079005,"GJR-GARCH(1,1,1)-t"
22501,23.283510006097423,28.239861413812893,True,True,0.6456754468035961,0.0,"GJR-GARCH(1,1,1)-t"
22513,21.471481574587173,26.427832982302647,True,True,6.141143536065658e-14,0.980117888124839,"GJR-GARCH(1,1,1)-t"
22517,8.194347763590644,13.150699171306114,True,True,1.189977350576866e-14,0.8284035662937226,"GJR-GARCH(1,1,1)-t"
22519,15.92826252443845,20.88461393215392,True,False,0.9999999999999991,0.17714995768457,"GJR-GARCH(1,1,1)-t"
22532,23.368238759487994,28.32459016720346,True,True,0.2242204550335234,0.4604024927841397,"GJR-GARCH(1,1,1)-t"
22542,33.17033971669777,38.12669112441324,True,True,1.5088498508154142e-13,0.9121955157444697,"GJR-GARCH(1,1,1)-t"
22543,10.564805670650147,15.521157078365617,True,True,0.0,0.6514737586140512,"GJR-GARCH(1,1,1)-t"
22548,10.345139810889247,15.301491218604717,True,True,0.0,2.5844597333864364e-08,"GJR-GARCH(1,1,1)-t"
22585,-7.1083454835743325,-2.1519940758588625,True,True,2.4133461541924503e-16,0.0,"GJR-GARCH(1,1,1)-t"
22590,34.56217920523157,39.518530612947046,True,True,1.1238977124167324e-19,0.0023969623367429966,"GJR-GARCH(1,1,1)-t"
22598,-5.284240024979447,-0.32788861726397656,True,True,0.0,0.5831943531092199,"GJR-GARCH(1,1,1)-t"
22616,-18.209691491947638,-13.253340084232168,True,True,9.263559515369236e-17,0.7593939973316098,"GJR-GARCH(1,1,1)-t"
22621,32.89009919353256,37.84645060124803,True,True,4.1660030049049057e-13,2.437584094573197e-14,"GJR-GARCH(1,1,1)-t"
22622,2.7939988095577597,7.75035021727323,True,False,1.6921403267789893e-14,0.9999999999990151,"GJR-GARCH(1,1,1)-t"
22627,-1.6876495890475578,3.268701818667912,True,False,6.785149243349592e-15,0.9999999999999695,"GJR-GARCH(1,1,1)-t"
22635,3.7316432939863056,8.687994701701776,True,False,1.0,0.4609448885356159,"GJR-GARCH(1,1,1)-t"
22638,53.40605265252968,58.362404060245154,True,True,2.6061536184323044e-18,0.9037117706562273,"GJR-GARCH(1,1,1)-t"
22649,52.144543380346846,57.10089478806232,True,True,3.73966456387297e-19,0.9732888008095338,"GJR-GARCH(1,1,1)-t"
22666,4.680165673694919,9.636517081410389,True,True,0.7781749598081905,1.7203243967154251e-16,"GJR-GARCH(1,1,1)-t"
22671,14.737295719301727,19.693647127017197,True,True,0.0,0.0,"GJR-GARCH(1,1,1)-t"
22674,27.10839918737927,32.06475059509474,True,True,1.5316026910707307e-14,0.5741835031007049,"GJR-GARCH(1,1,1)-t"
22678,1.0221720605836868,5.978523468299157,True,False,0.7694809897969018,0.5302317436740851,"GJR-GARCH(1,1,1)-t"
22695,5.158331036110928,10.114682443826398,True,False,0.0,1.0,"GJR-GARCH(1,1,1)-t"
22697,18.589211269991747,23.545562677707217,True,False,0.5685661470247644,0.7157169264876179,"GJR-GARCH(1,1,1)-t"
22725,2.6316042650828244,7.587955672798294,True,True,0.0,0.7307858514805536,"GJR-GARCH(1,1,1)-t"
22732,3.7308490587850347,8.687200466500505,True,True,0.0,0.7406426804273187,"GJR-GARCH(1,1,1)-t"
22749,18.880097654519993,23.836449062235463,True,True,0.006307225428163331,0.0,"GJR-GARCH(1,1,1)-t"
22750,8.267284170790724,13.223635578506194,True,True,0.14950124518927665,0.12281120198349199,"GJR-GARCH(1,1,1)-t"
22752,11.04566040878377,16.00201181649924,True,True,0.7077165339577516,4.2209804370810265e-10,"GJR-GARCH(1,1,1)-t"
22759,3.601404992456569,8.557756400172039,True,True,1.6675636683071178e-19,0.8762997915201562,"GJR-GARCH(1,1,1)-t"
22766,18.35447925089457,23.310830658610044,True,True,0.6634431077452333,0.18062810682356192,"GJR-GARCH(1,1,1)-t"
22780,-6.1140634589148135,-1.1577120511993435,True,True,0.0,0.9616785674552272,"GJR-GARCH(1,1,1)-t"
22794,8.925490937741849,13.881842345457319,True,False,1.9306606762445135e-17,1.0,"GJR-GARCH(1,1,1)-t"
22798,1.4908751012898929,6.447226509005363,True,True,4.347940547855764e-19,0.31365950427639394,"GJR-GARCH(1,1,1)-t"
22822,-9.022187527527972,-4.065836119812502,True,False,6.093896745855531e-12,0.9999999914969251,"GJR-GARCH(1,1,1)-t"
22824,7.666532127865942,12.622883535581412,True,True,6.619475001173974e-16,2.463532473286446e-15,"GJR-GARCH(1,1,1)-t"
22825,9.829451536198551,14.785802943914021,True,True,0.0,0.8675802641638132,"GJR-GARCH(1,1,1)-t"
22827,21.417264966564368,26.373616374279838,True,False,1.0,0.2823655619768199,"GJR-GARCH(1,1,1)-t"
22828,14.085354989248872,19.041706396964344,True,True,3.4946415793979275e-14,0.5817153513582413,"GJR-GARCH(1,1,1)-t"
22829,4.373968431236866,9.330319838952336,True,True,1.0562746828322614e-16,0.9982657168343184,"GJR-GARCH(1,1,1)-t"
22877,16.678915151131996,21.635266558847466,True,True,5.797926087432946e-18,2.9439917737130423e-17,"GJR-GARCH(1,1,1)-t"
22879,5.086467279339704,10.042818687055174,True,True,0.0,0.947029705809913,"GJR-GARCH(1,1,1)-t"
22884,1.8470476440527115,6.8033990517681815,True,False,0.0,1.0,"GJR-GARCH(1,1,1)-t"
22887,62.284522452858305,67.24087386057377,True,True,0.0,0.5008401189674389,"GJR-GARCH(1,1,1)-t"
22893,44.78687274372383,49.7432241514393,True,True,0.6192222706106992,0.16965423570888008,"GJR-GARCH(1,1,1)-t"
22898,20.0443739554471,25.00072536316257,True,True,2.248216095176795e-19,0.9606325517159442,"GJR-GARCH(1,1,1)-t"
22899,18.046983802249514,23.003335209964984,True,True,0.0,0.0,"GJR-GARCH(1,1,1)-t"
22903,33.19035073389543,38.146702141610895,True,True,7.054135012897099e-19,0.9609062727195932,"GJR-GARCH(1,1,1)-t"
22907,6.305193455278934,11.261544862994404,True,True,0.0,1.577646059056771e-17,"GJR-GARCH(1,1,1)-t"
22909,41.53790351023626,46.494254917951736,True,False,0.387280883245011,0.7012430095733712,"GJR-GARCH(1,1,1)-t"
22912,30.28105259540351,35.23740400311898,True,True,2.0497365052642457e-13,0.9178039017966964,"GJR-GARCH(1,1,1)-t"
22914,3.269633151071554,8.225984558787024,True,True,6.476589456326751e-15,1.7710975310138882e-15,"GJR-GARCH(1,1,1)-t"
22922,6.607675208562484,11.564026616277953,True,False,3.6383189881882355e-15,0.9999999999999966,"GJR-GARCH(1,1,1)-t"
22928,52.00266405053774,56.959015458253205,True,True,8.077936425259525e-21,1.1234044426212139e-15,"GJR-GARCH(1,1,1)-t"
22941,-10.092065286174602,-5.135713878459132,True,True,0.1409003128090911,0.2674208930168095,"GJR-GARCH(1,1,1)-t"
22946,25.487691260090394,30.444042667805867,True,False,0.0,0.999999999164901,"GJR-GARCH(1,1,1)-t"
22947,34.72544996714801,39.68180137486348,True,True,0.0,0.9796268327616375,"GJR-GARCH(1,1,1)-t"
22962,-6.477801803741482,-1.5214503960260117,True,True,1.21101946648955e-12,1.418113273998432e-12,"GJR-GARCH(1,1,1)-t"
22964,-11.420386854666706,-6.464035446951236,True,False,1.2900369522511565e-15,1.0,"GJR-GARCH(1,1,1)-t"
22973,64.72462445366553,69.680975861381,True,True,2.717003219958183e-15,3.007579171573794e-14,"GJR-GARCH(1,1,1)-t"
22996,13.229622743943512,18.185974151658982,True,True,4.326315231833801e-15,0.9397323578263361,"GJR-GARCH(1,1,1)-t"
23001,-4.469934893376152,0.486416514339318,True,True,1.1833533954670359e-14,3.963032111860268e-14,"GJR-GARCH(1,1,1)-t"
23017,-9.70658347861282,-4.750232070897351,True,True,3.010788924212481e-20,0.0,"GJR-GARCH(1,1,1)-t"
23019,10.569356870541837,15.525708278257307,True,True,0.0,0.8077283771817546,"GJR-GARCH(1,1,1)-t"
23028,10.412333128146303,15.368684535861773,True,True,0.6952369184965177,0.021297092447629687,"GJR-GARCH(1,1,1)-t"
23030,6.572269202341201,11.52862061005667,True,True,0.04975346449105495,0.38035878993843186,"GJR-GARCH(1,1,1)-t"
23034,-21.190639272395714,-16.234287864680244,True,True,6.975006484947914e-19,0.38780733658811556,"GJR-GARCH(1,1,1)-t"
23045,1.227716351186773,6.184067758902243,True,True,2.601342846408763e-20,0.04515249758425255,"GJR-GARCH(1,1,1)-t"
23049,23.11647994728103,28.072831354996495,True,True,0.5272141789445567,4.2878519375215926e-14,"GJR-GARCH(1,1,1)-t"
23054,-11.491055168351068,-6.5347037606355975,True,False,2.3352754495265206e-23,0.9999999999999971,"GJR-GARCH(1,1,1)-t"
23062,17.68338562833144,22.63973703604691,True,True,3.962857767521883e-17,0.6920052350664996,"GJR-GARCH(1,1,1)-t"
23069,20.351472760675293,25.307824168390766,True,False,0.0,1.0,"GJR-GARCH(1,1,1)-t"
23088,19.939054443902492,24.89540585161796,True,False,1.485961169982371e-14,0.9999999999999587,"GJR-GARCH(1,1,1)-t"
23112,36.310817981703266,41.26716938941874,True,True,7.521941215321448e-19,0.1471074387566972,"GJR-GARCH(1,1,1)-t"
23130,29.54818253213789,34.50453393985336,True,True,1.1004963279244132e-15,6.53466409541375e-14,"GJR-GARCH(1,1,1)-t"
23132,9.152677091212025,14.109028498927495,True,False,0.0,1.0,"GJR-GARCH(1,1,1)-t"
23136,30.921176380530753,35.877527788246226,True,True,9.643622470014002e-18,0.7568320642226071,"GJR-GARCH(1,1,1)-t"
23144,11.214306439864053,16.170657847579523,True,True,1.7336042234675592e-16,0.9727651017076658,"GJR-GARCH(1,1,1)-t"
23145,-12.732921631645159,-7.7765702239296886,True,True,2.3002260176593257e-14,0.917495738318226,"GJR-GARCH(1,1,1)-t"
23147,-8.719420945204725,-3.7630695374892547,True,True,8.516054992274152e-07,0.7425788162119703,"GJR-GARCH(1,1,1)-t"
23153,17.987556891422226,22.943908299137696,True,False,1.0,0.0,"GJR-GARCH(1,1,1)-t"
23156,2.335868444071144,7.292219851786614,True,True,4.615276098222245e-16,0.1385623960932492,"GJR-GARCH(1,1,1)-t"
23170,-5.405230118421358,-0.4488787107058876,True,False,0.9999999997838657,5.610491918830441e-11,"GJR-GARCH(1,1,1)-t"
23179,30.003326658931282,34.95967806664675,True,True,0.0,0.9838911794733392,"GJR-GARCH(1,1,1)-t"
23185,27.05875891132903,32.015110319044496,True,False,0.0,1.0,"GJR-GARCH(1,1,1)-t"
23195,8.3273506826116,13.28370209032707,True,True,1.0281724534786678e-21,0.10998408105240562,"GJR-GARCH(1,1,1)-t"
23201,35.403094973736344,40.35944638145182,True,True,3.21261435297054e-19,0.639642910304799,"GJR-GARCH(1,1,1)-t"
23202,-1.8299647382809425,3.1263866694345275,True,False,1.3929213230106296e-16,0.9999999999999994,"GJR-GARCH(1,1,1)-t"
23212,7.716543430668188,12.672894838383659,True,True,1.2702082393488213e-14,0.9095810637533572,"GJR-GARCH(1,1,1)-t"
23217,34.08834477117107,39.04469617888654,True,False,4.1491079740607923e-10,1.0,"GJR-GARCH(1,1,1)-t"
23220,18.029441267829537,22.985792675545007,True,True,1.4089586185408625e-16,0.046076322033234876,"GJR-GARCH(1,1,1)-t"
23226,26.80333268742936,31.759684095144834,True,True,1.159975358011825e-15,0.8674225429946577,"GJR-GARCH(1,1,1)-t"
23228,16.725652436900987,21.682003844616453,True,False,0.9999999999999193,1.1296139246394252e-13,"GJR-GARCH(1,1,1)-t"
23232,28.03323870203199,32.98959010974746,True,False,0.1286096650270168,0.9356951674864904,"GJR-GARCH(1,1,1)-t"
23233,46.99141625022351,51.94776765793898,True,True,4.5316990904772993e-13,3.3981880864464096e-12,"GJR-GARCH(1,1,1)-t"
23243,6.028034697901373,10.984386105616842,True,False,1.0,0.0,"GJR-GARCH(1,1,1)-t"
23246,11.939126744423904,16.895478152139376,True,True,0.0,0.5272880410061581,"GJR-GARCH(1,1,1)-t"
23254,23.169659590097535,28.126010997813005,True,False,1.0,0.21123439317011697,"GJR-GARCH(1,1,1)-t"
23265,8.830488727250586,13.786840134966056,True,True,3.2650177171689005e-16,0.108503715780952,"GJR-GARCH(1,1,1)-t"
23274,16.309971908496415,21.266323316211885,True,True,4.2148187408577387e-16,0.97508026617344,"GJR-GARCH(1,1,1)-t"
23290,11.469618483374703,16.425969891090173,True,True,0.0,5.732233543619181e-18,"GJR-GARCH(1,1,1)-t"
23299,12.223332525847795,17.179683933563265,True,True,0.0,0.43850858151199495,"GJR-GARCH(1,1,1)-t"
23312,9.05610862279877,14.01246003051424,True,True,0.0,0.15074363292617715,"GJR-GARCH(1,1,1)-t"
23317,20.65513044160237,25.61148184931784,True,False,0.7878542418107422,0.3426815904549043,"GJR-GARCH(1,1,1)-t"
23337,18.526552538064653,23.482903945780123,True,True,1.2329608016387894e-16,6.263759887183173e-20,"GJR-GARCH(1,1,1)-t"
23341,18.604640704477465,23.560992112192935,True,True,0.0,0.9390243945714033,"GJR-GARCH(1,1,1)-t"
23342,0.6123392523805045,5.5686906600959745,True,True,9.857849808569642e-14,2.5580400014238984e-13,"GJR-GARCH(1,1,1)-t"
23348,3.6802471524524165,8.636598560167887,True,True,1.8290845425546466e-18,0.10390858672035456,"GJR-GARCH(1,1,1)-t"
23351,16.19423807564344,21.15058948335891,True,False,0.87045316017075,0.5647732436986261,"GJR-GARCH(1,1,1)-t"
23353,22.582655392361136,27.539006800076606,True,False,0.9999999999999508,8.561998445544826e-15,"GJR-GARCH(1,1,1)-t"
23356,-2.7032003044431505,2.2531511032723195,True,True,3.8994782192243164e-13,0.39794725834867645,"GJR-GARCH(1,1,1)-t"
23366,8.342586024793892,13.298937432509362,True,True,0.5085521505784817,0.0,"GJR-GARCH(1,1,1)-t"
23386,16.80952564280274,21.76587705051821,True,True,5.501490324969997e-12,0.9815074762933795,"GJR-GARCH(1,1,1)-t"
23399,31.204681044426902,36.16103245214237,True,True,6.255806656487499e-13,0.9138866058803438,"GJR-GARCH(1,1,1)-t"
23405,18.326167620151587,23.282519027867053,True,True,3.71686343500356e-18,0.667913040402804,"GJR-GARCH(1,1,1)-t"
23417,5.905766032651272,10.862117440366742,True,True,0.0,0.7895827586531114,"GJR-GARCH(1,1,1)-t"
23423,12.90028396066579,17.856635368381262,True,True,1.4505734827795918e-13,0.9696934188379553,"GJR-GARCH(1,1,1)-t"
23426,10.67710230283896,15.63345371055443,True,True,0.0,0.9594754931680517,"GJR-GARCH(1,1,1)-t"
23427,15.52204477640332,20.47839618411879,True,True,0.0,0.24686622430412608,"GJR-GARCH(1,1,1)-t"
23462,4.490384843697125,9.446736251412595,True,True,0.0,0.9692588091101799,"GJR-GARCH(1,1,1)-t"
23464,43.999618858113436,48.95597026582891,True,True,1.2503086110664015e-19,0.753233689841533,"GJR-GARCH(1,1,1)-t"
23486,35.15944224468162,40.11579365239709,True,False,1.0,0.0,"GJR-GARCH(1,1,1)-t"
23488,5.562327972336442,10.518679380051912,True,False,0.0,1.0,"GJR-GARCH(1,1,1)-t"
23490,21.16602967367118,26.12238108138665,True,True,0.0,8.645362320975026e-14,"GJR-GARCH(1,1,1)-t"
23500,13.342293786828929,18.2986451945444,True,True,8.272501424880382e-19,2.598022169766965e-14,"GJR-GARCH(1,1,1)-t"
23503,50.740291340066335,55.69664274778181,True,True,0.0,5.088238076774932e-13,"GJR-GARCH(1,1,1)-t"
23504,17.892469537177377,22.848820944892847,True,True,0.00913071159786688,0.9087014194457553,"GJR-GARCH(1,1,1)-t"
23520,26.691614135863436,31.647965543578906,True,True,1.357832350619446e-15,0.41553024190617494,"GJR-GARCH(1,1,1)-t"
23524,7.41959500580166,12.37594641351713,True,True,4.195840267162309e-13,0.7198277428730786,"GJR-GARCH(1,1,1)-t"
23531,28.285238192856237,33.24158960057171,True,True,2.741062546611894e-13,0.7564165501563026,"GJR-GARCH(1,1,1)-t"
23536,-4.725957408753949,0.2303939989615209,True,True,0.492043484067068,0.3129872397795582,"GJR-GARCH(1,1,1)-t"
23539,23.044832039521946,28.001183447237416,True,True,0.0,0.0,"GJR-GARCH(1,1,1)-t"
23547,28.692512375681233,33.648863783396706,True,False,0.9296787544267916,0.535160622786611,"GJR-GARCH(1,1,1)-t"
23566,13.610307930360817,18.566659338076285,True,False,3.2909856380174118e-15,0.9999999999999654,"GJR-GARCH(1,1,1)-t"
23579,24.153845228059446,29.11019663577492,True,True,7.497604140561713e-16,0.9727641010763411,"GJR-GARCH(1,1,1)-t"
23598,6.145122427825254,11.101473835540723,True,False,0.9999999999999339,0.12518739814246096,"GJR-GARCH(1,1,1)-t"
23600,10.536028170252242,15.492379577967712,True,True,0.0,0.06119482901927398,"GJR-GARCH(1,1,1)-t"
23603,3.3058994062644693,8.26225081397994,True,True,0.07125326515959732,0.9136332004937304,"GJR-GARCH(1,1,1)-t"
23619,16.451518004466074,21.407869412181547,True,True,0.424389281653715,0.527450404793698,"GJR-GARCH(1,1,1)-t"
23624,-16.398120132094192,-11.441768724378722,True,True,0.0,0.9920480011183341,"GJR-GARCH(1,1,1)-t"
23628,3.295891755917385,8.252243163632855,True,False,9.217777789382831e-11,0.9999999930778902,"GJR-GARCH(1,1,1)-t"
23630,12.066997473486625,17.023348881202097,True,False,4.248837899411898e-20,0.9999999999999987,"GJR-GARCH(1,1,1)-t"
23637,4.218569985768955,9.174921393484425,True,True,5.940014522779785e-11,0.9747418708555011,"GJR-GARCH(1,1,1)-t"
23639,31.13793900576201,36.09429041347748,True,True,0.0,0.0,"GJR-GARCH(1,1,1)-t"
23642,4.488135478045336,9.444486885760806,True,False,0.0,1.0,"GJR-GARCH(1,1,1)-t"
23652,21.500299316106496,26.456650723821966,True,False,0.9237593060563138,0.5156915042781819,"GJR-GARCH(1,1,1)-t"
23656,8.102778670491249,13.059130078206719,True,True,0.1679419689289537,0.8192185021338887,"GJR-GARCH(1,1,1)-t"
23658,10.382027290034475,15.338378697749945,True,True,3.4329097479534355e-19,0.9715492824456176,"GJR-GARCH(1,1,1)-t"
23683,2.924201874702746,7.880553282418216,True,True,0.14082067156600886,2.333489561060317e-16,"GJR-GARCH(1,1,1)-t"
23708,6.359636826011013,11.315988233726483,True,False,9.621841531225394e-15,0.9999999999999745,"GJR-GARCH(1,1,1)-t"
23724,33.056307583793696,38.01265899150917,True,False,6.31321431557231e-16,0.9999999999999952,"GJR-GARCH(1,1,1)-t"
23736,27.59240120176132,32.54875260947679,True,True,7.386877591205945e-17,0.8703852750918573,"GJR-GARCH(1,1,1)-t"
23737,20.657759030972475,25.614110438687945,True,True,4.005793427696508e-16,2.450200180281987e-22,"GJR-GARCH(1,1,1)-t"
23750,19.53069077829745,24.48704218601292,True,False,8.219536442329118e-20,0.9999999999999973,"GJR-GARCH(1,1,1)-t"
23751,13.470470107445744,18.426821515161212,True,False,7.661250424535343e-20,1.0,"GJR-GARCH(1,1,1)-t"
23765,24.60467623486019,29.56102764257566,True,True,5.831035477162579e-16,0.904334568498902,"GJR-GARCH(1,1,1)-t"
23768,47.95085996757309,52.907211375288554,True,True,0.0,0.8799180031312576,"GJR-GARCH(1,1,1)-t"
23780,-5.315504745023645,-0.3591533373081752,True,True,0.0,0.9654239957844722,"GJR-GARCH(1,1,1)-t"
23792,30.310182837569698,35.26653424528517,True,True,0.0,0.981701488572121,"GJR-GARCH(1,1,1)-t"
23794,7.027645386503557,11.983996794219028,True,True,1.0879402122337719e-09,0.9804272032447471,"GJR-GARCH(1,1,1)-t"
23796,11.093030878104663,16.049382285820133,True,True,1.7295916515121442e-11,0.9191840274205223,"GJR-GARCH(1,1,1)-t"
23819,14.959528300681882,19.915879708397352,True,False,1.0,0.0,"GJR-GARCH(1,1,1)-t"
23821,30.38573572647578,35.342087134191246,True,True,8.323226733975248e-15,0.5649841564301832,"GJR-GARCH(1,1,1)-t"
23823,16.535182477677882,21.491533885393352,True,True,4.0230082984008095e-15,0.4279291766775309,"GJR-GARCH(1,1,1)-t"
23828,10.265520923550467,15.221872331265937,True,False,0.9999999999998805,1.1726123391757981e-14,"GJR-GARCH(1,1,1)-t"
23834,17.79269468749797,22.749046095213437,True,True,0.0,0.8735312356319345,"GJR-GARCH(1,1,1)-t"
23836,3.8781847539082897,8.83453616162376,True,True,1.0470182223152983e-14,0.5340651436978769,"GJR-GARCH(1,1,1)-t"
23858,-11.274369841650607,-6.318018433935137,True,False,0.0,1.0,"GJR-GARCH(1,1,1)-t"
23863,-11.357817380172747,-6.401465972457277,True,True,3.9028073197618915e-15,0.883438434417138,"GJR-GARCH(1,1,1)-t"
23873,18.071860484492117,23.028211892207587,True,True,2.2176902919851898e-14,0.9765206018974091,"GJR-GARCH(1,1,1)-t"
23892,23.934367354689492,28.89071876240496,True,True,2.352773448865137e-12,0.8910996776885647,"GJR-GARCH(1,1,1)-t"
23903,2.6322447754202436,7.588596183135714,True,True,0.7407957505550413,0.14619964921881612,"GJR-GARCH(1,1,1)-t"
23940,11.404926011911614,16.361277419627086,True,True,0.0,0.27855225898841196,"GJR-GARCH(1,1,1)-t"
23955,33.079037845978185,38.03538925369365,True,True,0.0,0.9149331486368714,"GJR-GARCH(1,1,1)-t"
23958,40.813387703987544,45.76973911170302,True,False,0.0,1.0,"GJR-GARCH(1,1,1)-t"
23962,8.696125018574882,13.652476426290352,True,True,0.02529590485488816,0.8685524054429662,"GJR-GARCH(1,1,1)-t"
23967,29.892204742181367,34.84855614989684,True,True,0.10787893118885464,0.4389686074020333,"GJR-GARCH(1,1,1)-t"
23972,15.299965378970215,20.256316786685684,True,False,1.0,0.0,"GJR-GARCH(1,1,1)-t"
23994,29.957771886246665,34.914123293962135,True,True,8.012099845281593e-21,0.04084910263094858,"GJR-GARCH(1,1,1)-t"
24002,30.801160808211318,35.75751221592679,True,True,0.7873746221961193,0.15349418865289977,"GJR-GARCH(1,1,1)-t"
24010,-14.371638711238873,-9.415287303523403,True,True,0.0,0.5390099937291076,"GJR-GARCH(1,1,1)-t"
24014,9.885274287256653,14.841625694972123,True,True,1.1028345209300713e-12,1.7522000887857337e-11,"GJR-GARCH(1,1,1)-t"
24021,28.635036195455488,33.59138760317096,True,True,8.13498209931593e-15,0.9770884325227613,"GJR-GARCH(1,1,1)-t"
24022,-3.0136013019993904,1.9427501057160796,True,False,5.503068150241022e-15,0.9999999999999891,"GJR-GARCH(1,1,1)-t"
24033,5.64760488898666,10.60395629670213,True,False,0.49757593384319543,0.7512120330784365,"GJR-GARCH(1,1,1)-t"
24034,7.668843875267851,12.62519528298332,True,True,2.1417638522138863e-19,0.5731505034308682,"GJR-GARCH(1,1,1)-t"
24048,15.090253754743753,20.046605162459223,True,True,2.564233599816215e-14,0.7447645789730007,"GJR-GARCH(1,1,1)-t"
24050,17.720452504165173,22.676803911880643,True,True,5.7031453987701955e-15,0.6475765300543508,"GJR-GARCH(1,1,1)-t"
24073,20.195098906752943,25.151450314468413,True,True,1.7130795651562967e-15,4.889344800115735e-14,"GJR-GARCH(1,1,1)-t"
24078,18.60840170414056,23.56475311185603,True,True,5.488918925321944e-15,0.7234281357399502,"GJR-GARCH(1,1,1)-t"
24085,6.580268070828017,11.536619478543486,True,False,0.0,1.0,"GJR-GARCH(1,1,1)-t"
24101,21.26241214764738,26.218763555362855,True,True,2.8740657721337204e-18,0.443464143221219,"GJR-GARCH(1,1,1)-t"
24120,14.936857634584603,19.89320904230007,True,True,0.0,0.7820285138670486,"GJR-GARCH(1,1,1)-t"
24123,-10.360935420673204,-5.404584012957734,True,True,0.4977034509379971,0.4381634768574625,"GJR-GARCH(1,1,1)-t"
24127,11.640996826168053,16.597348233883523,True,True,0.0,0.7640192099145394,"GJR-GARCH(1,1,1)-t"
24131,16.75319060824764,21.70954201596311,True,True,0.17664138084920886,0.40936543069960696,"GJR-GARCH(1,1,1)-t"
24143,53.42025736132721,58.376608769042676,True,False,0.8809228847038387,0.5595385576471709,"GJR-GARCH(1,1,1)-t"
24149,22.079999201666567,27.036350609382033,True,False,0.0,1.0,"GJR-GARCH(1,1,1)-t"
24157,2.952232115345094,7.908583523060564,True,True,0.0,5.872601907377874e-16,"GJR-GARCH(1,1,1)-t"
24161,37.10790036053514,42.064251768250614,True,True,1.0892370553212954e-13,0.4285188609729803,"GJR-GARCH(1,1,1)-t"
24171,-10.347357947996148,-5.391006540280678,True,True,1.096491279223351e-12,0.966779556036848,"GJR-GARCH(1,1,1)-t"
24178,6.168940761222733,11.125292168938202,True,False,0.0,1.0,"GJR-GARCH(1,1,1)-t"
24179,-3.6689420745829366,1.2874093331325334,True,True,0.0,0.6464950631163402,"GJR-GARCH(1,1,1)-t"
24183,15.975206187080236,20.931557594795706,True,True,1.5542955852211803e-16,2.5310703364302235e-16,"GJR-GARCH(1,1,1)-t"
24198,11.854591194531995,16.810942602247465,True,False,0.7222713367221367,0.6000136833032336,"GJR-GARCH(1,1,1)-t"
24220,-3.143604164974281,1.8127472427411888,True,True,1.0620749332299192e-20,4.52288179234647e-19,"GJR-GARCH(1,1,1)-t"
24224,0.42775489758249563,5.384106305297966,True,False,0.6960611836105325,0.4879840660072798,"GJR-GARCH(1,1,1)-t"
24253,-6.50178745465206,-1.5454360469365902,True,True,1.248409139254699e-12,0.912534813790803,"GJR-GARCH(1,1,1)-t"
24259,33.132496533772134,38.0888479414876,True,True,0.0,0.9328367849137152,"GJR-GARCH(1,1,1)-t"
24318,7.585878546767187,12.542229954482657,True,True,0.8071439801708226,1.9747009359212706e-15,"GJR-GARCH(1,1,1)-t"
24334,3.6863882571180397,8.64273966483351,True,True,1.4108040873055116e-19,5.698854661992489e-16,"GJR-GARCH(1,1,1)-t"
24339,-6.767388068745703,-1.8110366610302329,True,True,0.29440588087200475,1.087603084151687e-20,"GJR-GARCH(1,1,1)-t"
24341,-30.04465559163637,-25.0883041839209,True,True,0.0,0.9533779750812271,"GJR-GARCH(1,1,1)-t"
24349,78.53687897743757,83.49323038515304,True,True,4.72560751944714e-16,0.916673615214675,"GJR-GARCH(1,1,1)-t"
24351,21.22686510328119,26.18321651099666,True,True,0.13294389264393192,5.604658846125113e-17,"GJR-GARCH(1,1,1)-t"
24357,5.358661721726094,10.315013129441564,True,True,0.0,0.0,"GJR-GARCH(1,1,1)-t"
24384,24.394565700329697,29.350917108045167,True,True,1.1000235176010537e-13,0.9410240261702504,"GJR-GARCH(1,1,1)-t"
24385,-6.318501681329039,-1.3621502736135689,True,True,3.0907345323310575e-20,2.397242119940791e-15,"GJR-GARCH(1,1,1)-t"
24388,14.16771601395817,19.12406742167364,True,True,4.894206992271559e-14,0.8628399079132318,"GJR-GARCH(1,1,1)-t"
24393,20.680283599483303,25.636635007198773,True,True,3.0390768401853366e-14,0.7896858473393199,"GJR-GARCH(1,1,1)-t"
24396,4.598318138741586,9.554669546457056,True,True,0.0,0.9037696499755961,"GJR-GARCH(1,1,1)-t"
24398,34.908559878071166,39.86491128578663,True,False,0.9999999999998815,0.021682075499353665,"GJR-GARCH(1,1,1)-t"
24401,14.048605385025606,19.004956792741076,True,True,6.428861852875503e-15,0.4746498543146625,"GJR-GARCH(1,1,1)-t"
24402,4.745523356895205,9.701874764610675,True,True,0.8496752477334567,1.9314015465822494e-12,"GJR-GARCH(1,1,1)-t"
24406,39.58170093502442,44.53805234273989,True,True,2.854120553877049e-15,0.97284181396631,"GJR-GARCH(1,1,1)-t"
24414,32.78841690845874,37.744768316174216,True,True,7.374859125691657e-14,0.9013494978938409,"GJR-GARCH(1,1,1)-t"
24437,10.627057787453658,15.583409195169128,True,False,0.0,1.0,"GJR-GARCH(1,1,1)-t"
24443,-3.6478142445377344,1.3085371631777356,True,False,1.382539149595356e-13,0.999999999813189,"GJR-GARCH(1,1,1)-t"
24457,41.59732998829704,46.55368139601251,True,True,1.900194838895334e-17,0.7194751479368411,"GJR-GARCH(1,1,1)-t"
24470,14.983093769594163,19.939445177309633,True,True,1.8662768605509534e-18,0.06820704936788341,"GJR-GARCH(1,1,1)-t"
24473,12.618406543009348,17.57475795072482,True,True,0.800846543475898,0.08251521706359684,"GJR-GARCH(1,1,1)-t"
24497,18.554811572287328,23.5111629800028,True,False,1.0,4.036799697803615e-22,"GJR-GARCH(1,1,1)-t"
24523,11.48540400175676,16.44175540947223,True,True,0.0,0.9314305790826598,"GJR-GARCH(1,1,1)-t"
24535,6.375662374728224,11.332013782443694,True,True,0.1013540025747703,0.0,"GJR-GARCH(1,1,1)-t"
24572,59.97812055006151,64.93447195777698,True,True,5.854692830950026e-15,0.5284894818448027,"GJR-GARCH(1,1,1)-t"
24573,-19.980424469515704,-15.024073061800234,True,True,0.27559686786085247,4.2514206698326093e-19,"GJR-GARCH(1,1,1)-t"
24588,26.714346255404024,31.67069766311949,True,False,0.11099634309767682,0.9398043682921935,"GJR-GARCH(1,1,1)-t"
24589,-2.40757701689261,2.54877439082286,True,False,9.416957175484017e-15,0.9999999999999721,"GJR-GARCH(1,1,1)-t"
24590,6.3389593768131185,11.295310784528588,True,True,8.677917048550984e-15,1.5072647881465597e-12,"GJR-GARCH(1,1,1)-t"
24600,74.1977522934288,79.15410370114427,True,True,0.01703523703451635,0.753435242620279,"GJR-GARCH(1,1,1)-t"
24661,12.564125969442223,17.520477377157693,True,True,4.299745998961029e-18,3.043912078694864e-18,"GJR-GARCH(1,1,1)-t"
24662,35.09021754805644,40.0465689557719,True,True,0.0,0.6632401086968455,"GJR-GARCH(1,1,1)-t"
24680,10.565582245691477,15.521933653406947,True,False,0.9999999999999964,0.163235938142581,"GJR-GARCH(1,1,1)-t"
24701,21.049427447240838,26.005778854956308,True,False,0.0,0.999999999999932,"GJR-GARCH(1,1,1)-t"
24705,-5.9370547868036425,-0.9807033790881725,True,True,0.7904909413275109,0.18798670731000117,"GJR-GARCH(1,1,1)-t"
24707,-2.8702491204384906,2.0861022872769794,True,True,0.0,0.0,"GJR-GARCH(1,1,1)-t"
24713,12.30363366430115,17.25998507201662,True,True,1.2573987320855314e-15,0.9860828602675461,"GJR-GARCH(1,1,1)-t"
24717,7.272282781034658,12.228634188750128,True,True,0.0,5.725063397328417e-16,"GJR-GARCH(1,1,1)-t"
24725,15.65427039946044,20.61062180717591,True,True,1.454232272477172e-19,0.9716121612464875,"GJR-GARCH(1,1,1)-t"
24728,1.2856618982899608,6.242013306005431,True,False,0.0,1.0,"GJR-GARCH(1,1,1)-t"
24730,19.964025384509327,24.920376792224793,True,True,0.0,0.7355469534441604,"GJR-GARCH(1,1,1)-t"
24741,-1.3078848577506292,3.6484665499648408,True,True,1.1261221745098633e-09,4.0968571641129846e-08,"GJR-GARCH(1,1,1)-t"
24742,33.56970702967889,38.526058437394354,True,False,0.0,1.0,"GJR-GARCH(1,1,1)-t"
24754,6.3119984877045825,11.268349895420052,True,True,0.0,0.7733177623739718,"GJR-GARCH(1,1,1)-t"
24766,-12.356552311625023,-7.400200903909553,True,True,0.09776362233352114,0.7449622937923752,"GJR-GARCH(1,1,1)-t"
24770,29.135959636962653,34.09231104467813,True,True,5.11770514780468e-15,0.0,"GJR-GARCH(1,1,1)-t"
24775,-1.10672108088853,3.84963032682694,True,True,0.3418752403327478,2.3848697624390192e-14,"GJR-GARCH(1,1,1)-t"
24795,14.177030516618311,19.133381924333783,True,False,0.1302058537539857,0.9348970731226491,"GJR-GARCH(1,1,1)-t"
24816,10.713371386029007,15.669722793744477,True,False,7.259934946091127e-15,0.9999999999999772,"GJR-GARCH(1,1,1)-t"
24817,14.141078282940018,19.09742969065549,True,True,4.777914294513103e-09,0.9571345949614721,"GJR-GARCH(1,1,1)-t"
24868,-13.332048616085928,-8.375697208370458,True,True,0.2254305337115747,2.018560975985055e-16,"GJR-GARCH(1,1,1)-t"
24871,5.733008354689504,10.689359762404974,True,False,0.0,1.0,"GJR-GARCH(1,1,1)-t"
24874,10.812393847495136,15.768745255210606,True,False,0.0729105026034493,0.9635447486983955,"GJR-GARCH(1,1,1)-t"
24878,52.11229034616794,57.06864175388341,True,True,0.8698093340199441,3.119688621975367e-11,"GJR-GARCH(1,1,1)-t"
24879,-3.573356676104467,1.382994731611003,True,True,0.0,0.7504150596984557,"GJR-GARCH(1,1,1)-t"
24880,7.123873139113948,12.080224546829417,True,False,0.0,1.0,"GJR-GARCH(1,1,1)-t"
24881,2.1636991693723004,7.1200505770877704,True,True,0.0,0.9373205251978126,"GJR-GARCH(1,1,1)-t"
24894,20.81080488619341,25.76715629390888,True,True,6.463661433555407e-14,0.977941559681413,"GJR-GARCH(1,1,1)-t"
24913,7.301337514433814,12.257688922149285,True,False,1.1127528092754148e-11,0.9999999993607986,"GJR-GARCH(1,1,1)-t"
24921,19.062641129657216,24.018992537372682,True,False,0.002636870643349825,0.9986815646728373,"GJR-GARCH(1,1,1)-t"
24929,-5.140499967793218,-0.18414856007774816,True,True,0.0,4.114797187531116e-15,"GJR-GARCH(1,1,1)-t"
24933,11.001168074709845,15.957519482425315,True,True,0.5345333787186078,2.2119051809248647e-13,"GJR-GARCH(1,1,1)-t"
24949,29.37405054662532,34.330401954340786,True,True,0.0,0.34344880461093896,"GJR-GARCH(1,1,1)-t"
24989,-1.4792506386393978,3.4771007690760722,True,True,3.9750930517249934e-14,0.3487327667053312,"GJR-GARCH(1,1,1)-t"
24997,50.34080717498986,55.297158582705336,True,True,0.0,0.7571731639361741,"GJR-GARCH(1,1,1)-t"
25002,14.01225243513564,18.96860384285111,True,True,5.908667484925681e-18,0.6194803193741355,"GJR-GARCH(1,1,1)-t"
25010,49.4918255975993,54.448177005314776,True,True,0.21340530958212053,0.17025034603748376,"GJR-GARCH(1,1,1)-t"
25015,-20.46868659395981,-15.51233518624434,True,True,4.3767525788538485e-15,0.35026631631203264,"GJR-GARCH(1,1,1)-t"
25018,47.695044912665495,52.65139632038097,True,True,0.0,0.5450367125582,"GJR-GARCH(1,1,1)-t"
25019,-4.073692351801817,0.8826590559136527,True,True,1.874214136309683e-17,0.9588460455001474,"GJR-GARCH(1,1,1)-t"
25023,52.263682633793145,57.22003404150861,True,True,3.940918865620611e-13,3.607115875422143e-12,"GJR-GARCH(1,1,1)-t"
25025,20.042367801408385,24.998719209123855,True,True,1.426808240923757e-13,0.9537490846976098,"GJR-GARCH(1,1,1)-t"
25030,25.89335161684862,30.84970302456409,True,True,2.194880229596731e-15,0.8856929429758617,"GJR-GARCH(1,1,1)-t"
25031,9.96014997985203,14.9165013875675,True,True,0.0,0.13883848154210865,"GJR-GARCH(1,1,1)-t"
25059,20.185175413601485,25.14152682131695,True,True,5.529817832417075e-12,0.9418861524981105,"GJR-GARCH(1,1,1)-t"
25085,-4.110331124999604,0.846020282715866,True,True,1.5934552600424294e-15,0.9464098222656667,"GJR-GARCH(1,1,1)-t"
25087,26.693677954511287,31.650029362226757,True,False,8.678463238727779e-16,0.9999999999999992,"GJR-GARCH(1,1,1)-t"
25089,32.448130791024816,37.40448219874028,True,True,3.223260241710299e-14,0.9414137473502622,"GJR-GARCH(1,1,1)-t"
25094,12.8187439189842,17.77509532669967,True,True,1.0843383444712004e-15,0.5213821841547424,"GJR-GARCH(1,1,1)-t"
25107,20.28838806347052,25.24473947118599,True,True,1.944524237738795e-24,0.7570792851849698,"GJR-GARCH(1,1,1)-t"
25108,16.703290110605753,21.659641518321223,True,False,0.9999999999999998,0.0942072615161333,"GJR-GARCH(1,1,1)-t"
25118,7.63463088508875,12.59098229280422,True,True,2.203100388968574e-17,0.14212312685770595,"GJR-GARCH(1,1,1)-t"
25131,5.096773823092274,10.053125230807744,True,True,1.2741411803233007e-14,0.11434643781009121,"GJR-GARCH(1,1,1)-t"
25148,56.65934563771963,61.6156970454351,True,True,6.681559774771374e-19,0.8989317748334814,"GJR-GARCH(1,1,1)-t"
25150,18.53939693391915,23.49574834163462,True,True,0.45529522847913295,1.3435386963546485e-17,"GJR-GARCH(1,1,1)-t"
25163,-19.441805282854574,-14.485453875139104,True,False,4.8852753381867437e-14,0.9999999999994356,"GJR-GARCH(1,1,1)-t"
25166,1.4647525139665039,6.421103921681974,True,False,0.9999999999976982,9.682352470557532e-13,"GJR-GARCH(1,1,1)-t"
25176,-2.0328446957493504,2.9235067119661196,True,True,1.7181746783758285e-13,0.8798799630332388,"GJR-GARCH(1,1,1)-t"
25177,23.83309693054898,28.78944833826445,True,False,0.9999999999999999,0.2890844740021466,"GJR-GARCH(1,1,1)-t"
25179,-14.395371403134934,-9.439019995419464,True,False,3.721925530972627e-16,0.9999999999999982,"GJR-GARCH(1,1,1)-t"
25190,8.245302580245271,13.201653987960741,True,True,4.290659788589348e-11,0.9786844943316075,"GJR-GARCH(1,1,1)-t"
25197,18.911370870387422,23.867722278102892,True,False,0.9999999999999997,0.4517024999495456,"GJR-GARCH(1,1,1)-t"
25219,39.40423958657868,44.36059099429415,True,True,1.5396061036672436e-16,3.0163968906228214e-11,"GJR-GARCH(1,1,1)-t"
25220,0.699124526503649,5.655475934219119,True,True,5.000651168012053e-15,0.0,"GJR-GARCH(1,1,1)-t"
25234,-7.619421147857484,-2.6630697401420136,True,False,0.3623473020958456,0.8188263489554385,"GJR-GARCH(1,1,1)-t"
25250,30.718253777507343,35.674605185222816,True,True,0.0,0.8694104990706244,"GJR-GARCH(1,1,1)-t"
25265,-4.428149329841016,0.5282020778744538,True,False,1.9607684171373356e-09,1.0,"GJR-GARCH(1,1,1)-t"
25270,9.367408786487191,14.323760194202661,True,True,0.0,0.44611338987153876,"GJR-GARCH(1,1,1)-t"
25274,36.439037936378924,41.3953893440944,True,True,4.533419148271002e-14,4.572473746391835e-13,"GJR-GARCH(1,1,1)-t"
25277,26.420195947165837,31.37654735488131,True,True,5.723923814034621e-14,1.9802002450461354e-10,"GJR-GARCH(1,1,1)-t"
25282,22.058388314058455,27.01473972177393,True,True,8.539833911435369e-18,4.235508158268487e-17,"GJR-GARCH(1,1,1)-t"
25290,12.194540977339772,17.150892385055243,True,False,0.43333370841939567,0.6462114451866238,"GJR-GARCH(1,1,1)-t"
25301,21.49883992555824,26.45519133327371,True,True,7.845524723294912e-18,0.8703845702207813,"GJR-GARCH(1,1,1)-t"
25309,-4.146477203779707,0.8098742039357631,True,True,8.932369109591737e-16,0.9175654146116375,"GJR-GARCH(1,1,1)-t"
25312,9.090227652484456,14.046579060199926,True,True,3.0405209020520376e-20,2.056786166544378e-15,"GJR-GARCH(1,1,1)-t"
25318,-3.4516750812168873,1.5046763264985827,True,True,1.4479913369981186e-18,4.2091887461549644e-15,"GJR-GARCH(1,1,1)-t"
25331,-2.0070726121626166,2.9492787955528534,True,True,0.0,0.8720772421244716,"GJR-GARCH(1,1,1)-t"
25334,15.588170853673766,20.544522261389236,True,False,1.0,0.22075791976397552,"GJR-GARCH(1,1,1)-t"
25335,-0.122246120670372,4.834105287045098,True,True,0.18139703672220933,0.3952419032897726,"GJR-GARCH(1,1,1)-t"
25338,4.376633067266527,9.332984474981997,True,False,0.0,1.0,"GJR-GARCH(1,1,1)-t"
25340,69.11086266497111,74.06721407268658,True,True,5.199156911648662e-14,0.8320152034148491,"GJR-GARCH(1,1,1)-t"
25344,-1.0707265261790333,3.8856248815364367,True,True,0.17326959649618315,9.502767394660746e-15,"GJR-GARCH(1,1,1)-t"
25347,35.278146345595914,40.23449775331138,True,True,1.7265235099106134e-16,5.666930821861785e-15,"GJR-GARCH(1,1,1)-t"
25351,-5.582943962488706,-0.6265925547732358,True,False,0.6599413228238371,0.6700293385545497,"GJR-GARCH(1,1,1)-t"
25355,28.60009743501258,33.55644884272805,True,True,4.8198405073931166e-17,0.057714529716825336,"GJR-GARCH(1,1,1)-t"
25357,12.067215023772205,17.023566431487676,True,True,0.0,0.0,"GJR-GARCH(1,1,1)-t"
25359,-6.769729095676759,-1.8133776879612888,True,False,0.6461351213207928,0.6446360308008514,"GJR-GARCH(1,1,1)-t"
25367,-11.998286889438873,-7.041935481723403,True,True,0.4339804665169736,1.3303845488169236e-13,"GJR-GARCH(1,1,1)-t"
25369,5.841347016728053,10.797698424443523,True,False,0.0,0.9999999999999803,"GJR-GARCH(1,1,1)-t"
25389,9.089801714632875,14.046153122348345,True,False,0.3875316110364144,0.8062341944818341,"GJR-GARCH(1,1,1)-t"
25399,40.414014287499796,45.37036569521527,True,True,2.6282519993282395e-14,0.9646721731482311,"GJR-GARCH(1,1,1)-t"
25403,5.908109297618109,10.86446070533358,True,True,0.0,3.055518820480676e-10,"GJR-GARCH(1,1,1)-t"
25427,-16.39861902558138,-11.442267617865909,True,True,0.938320260147968,0.0,"GJR-GARCH(1,1,1)-t"
25429,33.41881412263312,38.375165530348596,True,True,1.402978773146648e-16,4.266350424234091e-06,"GJR-GARCH(1,1,1)-t"
25437,-10.897671900022992,-5.941320492307522,True,False,0.9999999999999986,3.637099033324895e-17,"GJR-GARCH(1,1,1)-t"
25439,-0.9116522221489376,4.044699185566532,True,True,0.3024661334756369,1.6836889184694633e-13,"GJR-GARCH(1,1,1)-t"
25452,13.091236703478287,18.047588111193757,True,True,1.8959665438013597e-17,0.983386565754597,"GJR-GARCH(1,1,1)-t"
25463,31.03178584590995,35.988137253625425,True,True,0.4625179327977166,0.0,"GJR-GARCH(1,1,1)-t"
25467,17.759299234751957,22.715650642467427,True,True,0.01583102125110671,2.869115488388688e-17,"GJR-GARCH(1,1,1)-t"
25474,6.361258882851544,11.317610290567014,True,False,3.5847691230489815e-15,0.9999999999999977,"GJR-GARCH(1,1,1)-t"
25475,25.679913816367158,30.636265224082628,True,True,0.42818151944400873,0.5314039909112006,"GJR-GARCH(1,1,1)-t"
25483,8.322045762037506,13.278397169752976,True,True,0.0,0.6204931899011309,"GJR-GARCH(1,1,1)-t"
25488,19.76356745603197,24.71991886374744,True,False,7.948768516315857e-14,0.9999999999958754,"GJR-GARCH(1,1,1)-t"
25489,12.129268198822949,17.08561960653842,True,True,0.46232683768338634,0.18127280172068033,"GJR-GARCH(1,1,1)-t"
25501,19.146823791326103,24.103175199041573,True,True,6.71192799457916e-18,6.756369254775393e-15,"GJR-GARCH(1,1,1)-t"
25504,13.397488649505767,18.353840057221237,True,True,5.019681627092664e-15,2.981939325769957e-15,"GJR-GARCH(1,1,1)-t"
25525,3.1969970851170295,8.1533484928325,True,True,0.0,0.974830682684304,"GJR-GARCH(1,1,1)-t"
25551,48.61096822839382,53.56731963610929,True,False,9.042804098591252e-12,0.9999999993205907,"GJR-GARCH(1,1,1)-t"
25560,73.40725195783611,78.36360336555157,True,True,0.028893632941061134,0.4811138980189849,"GJR-GARCH(1,1,1)-t"
25569,18.19486130007647,23.15121270779194,True,True,0.5506428385067099,1.166689749224159e-15,"GJR-GARCH(1,1,1)-t"
25570,-15.41424467320278,-10.45789326548731,True,False,2.5658715421660252e-15,0.9999999999999943,"GJR-GARCH(1,1,1)-t"
25575,3.164780735299889,8.121132143015359,True,True,3.625813074773287e-13,0.642463531179058,"GJR-GARCH(1,1,1)-t"
25580,18.618415543776933,23.574766951492403,True,True,0.0,0.966347235505775,"GJR-GARCH(1,1,1)-t"
25583,-7.442651853172396,-2.4863004454569264,True,False,3.925753440392232e-13,0.9999999998595099,"GJR-GARCH(1,1,1)-t"
25584,10.07799891622338,15.03435032393885,True,True,0.0,0.9710112452046641,"GJR-GARCH(1,1,1)-t"
25599,19.296668315274836,24.253019722990302,True,False,1.1790285109136323e-16,0.9999999999999858,"GJR-GARCH(1,1,1)-t"
25616,9.488349104795718,14.444700512511188,True,True,3.930264962947945e-20,0.959682676290653,"GJR-GARCH(1,1,1)-t"
25617,32.070541472479626,37.02689288019509,True,True,9.311683507588707e-19,0.7763990165597182,"GJR-GARCH(1,1,1)-t"
25619,16.693920282595535,21.650271690311005,True,True,0.0,0.7393225363393016,"GJR-GARCH(1,1,1)-t"
25622,-7.942825449400647,-2.9864740416851774,True,False,4.927429293417494e-15,1.0,"GJR-GARCH(1,1,1)-t"
25627,-17.853786515878117,-12.897435108162647,True,True,0.835824406719676,6.811468354869531e-13,"GJR-GARCH(1,1,1)-t"
25636,5.211092774940109,10.16744418265558,True,True,3.6681429420489936e-15,0.9541500307876012,"GJR-GARCH(1,1,1)-t"
25638,-6.921133959184189,-1.9647825514687192,True,False,1.0,0.4999999999999923,"GJR-GARCH(1,1,1)-t"
25639,9.928271441843293,14.884622849558763,True,True,0.0,0.6645515411585894,"GJR-GARCH(1,1,1)-t"
25640,-9.284445513657701,-4.328094105942231,True,False,6.411879583551864e-14,0.9999999999972182,"GJR-GARCH(1,1,1)-t"
25641,-0.18717293506559507,4.769178472649875,True,True,0.30425635931755635,0.6545021077985309,"GJR-GARCH(1,1,1)-t"
25653,6.632826598294127,11.589178006009597,True,False,0.6586789907876356,0.6706605046060419,"GJR-GARCH(1,1,1)-t"
25654,-2.069899630091257,2.886451777624213,True,True,3.1256691869064487e-17,0.9825717511883585,"GJR-GARCH(1,1,1)-t"
25668,19.786740095571027,24.743091503286497,True,True,1.7184578741589103e-15,0.5921680890600017,"GJR-GARCH(1,1,1)-t"
25680,-20.5685686587625,-15.612217251047031,True,False,0.0,1.0,"GJR-GARCH(1,1,1)-t"
25683,58.427636738725724,63.3839881464412,True,True,0.0,0.983869598016762,"GJR-GARCH(1,1,1)-t"
25687,22.39748433827493,27.353835745990395,True,False,0.9193092862988961,0.15025087832472162,"GJR-GARCH(1,1,1)-t"
25712,-1.7590127861311569,3.197338621584313,True,True,2.316505679869016e-15,0.9980148505577475,"GJR-GARCH(1,1,1)-t"
25713,2.8933293034844425,7.8496807111999125,True,True,4.488498632822082e-16,0.839182360282494,"GJR-GARCH(1,1,1)-t"
25716,17.198883913178694,22.155235320894164,True,False,1.6327994379087225e-14,0.9999999999999976,"GJR-GARCH(1,1,1)-t"
25730,19.401612934640028,24.357964342355498,True,False,0.0,1.0,"GJR-GARCH(1,1,1)-t"
25731,8.405887185570215,13.362238593285685,True,True,0.14908441914182788,3.299848252095538e-16,"GJR-GARCH(1,1,1)-t"
25745,3.566445247461674,8.522796655177144,True,True,1.8716608134410472e-14,0.9334073549275913,"GJR-GARCH(1,1,1)-t"
25751,0.4243216358040751,5.380673043519545,True,True,2.514278609029047e-13,0.9134667660636185,"GJR-GARCH(1,1,1)-t"
25754,34.21310894857278,39.169460356288255,True,True,0.0,0.9217477796482991,"GJR-GARCH(1,1,1)-t"
25755,45.56174998149933,50.518101389214806,True,True,2.180315026671896e-12,0.9783191272535832,"GJR-GARCH(1,1,1)-t"
25761,17.30152864521187,22.25788005292734,True,True,1.2761180312572364e-19,4.830257710611341e-07,"GJR-GARCH(1,1,1)-t"
25766,4.2083787043104355,9.164730112025905,True,False,8.078723369990505e-25,1.0,"GJR-GARCH(1,1,1)-t"
25772,-4.0114831146061505,0.9448682931093195,True,True,8.412119809561058e-14,6.657990895662462e-14,"GJR-GARCH(1,1,1)-t"
25773,11.735726276878978,16.692077684594448,True,True,1.0114459875073382e-15,3.6579896311379833e-13,"GJR-GARCH(1,1,1)-t"
25796,0.6697820323051591,5.626133440020629,True,True,9.82510094968179e-18,0.9159384209429967,"GJR-GARCH(1,1,1)-t"
25799,11.408022787641801,16.36437419535727,True,False,6.082311120770883e-18,0.9999999999999954,"GJR-GARCH(1,1,1)-t"
25803,42.38124205402674,47.337593461742216,True,False,0.6709878104992109,0.3624860939739487,"GJR-GARCH(1,1,1)-t"
25813,22.85950366812368,27.81585507583915,True,False,0.5227899219333688,0.7386050390333235,"GJR-GARCH(1,1,1)-t"
25815,15.010178184317699,19.96652959203317,True,True,0.0,0.04121836285311231,"GJR-GARCH(1,1,1)-t"
25844,26.46493053143939,31.42128193915486,True,True,0.0,0.8222687559277088,"GJR-GARCH(1,1,1)-t"
25854,5.6486334696205365,10.604984877336006,True,False,1.1462029926970192e-13,0.9999999999980368,"GJR-GARCH(1,1,1)-t"
25863,13.65557727008752,18.61192867780299,True,True,2.0069656525155752e-15,1.0836609296664909e-15,"GJR-GARCH(1,1,1)-t"
25864,10.148868760909725,15.105220168625195,True,False,1.0194842007470168e-17,0.9999999999999571,"GJR-GARCH(1,1,1)-t"
25866,5.266377984925576,10.222729392641046,True,True,3.168717304682286e-13,0.9762551411358432,"GJR-GARCH(1,1,1)-t"
25876,13.622580569702643,18.578931977418115,True,True,5.774802461319137e-14,1.6455767572944123e-12,"GJR-GARCH(1,1,1)-t"
25879,1.2086975823253692,6.165048990040839,True,True,0.6708891328590536,2.77879401024453e-14,"GJR-GARCH(1,1,1)-t"
25894,9.514460849091597,14.470812256807067,True,True,2.319625673337541e-15,0.7536685900541523,"GJR-GARCH(1,1,1)-t"
25916,-6.823327488398448,-1.8669760806829778,True,True,0.1487635497319752,0.17383114106380074,"GJR-GARCH(1,1,1)-t"
25918,39.8572679449498,44.81361935266526,True,True,0.0,0.7139827461980729,"GJR-GARCH(1,1,1)-t"
25924,13.784497281402453,18.740848689117925,True,True,4.9863719040952175e-12,0.0,"GJR-GARCH(1,1,1)-t"
25971,17.38091468161195,22.33726608932742,True,True,9.966766170409634e-18,0.3396956555722286,"GJR-GARCH(1,1,1)-t"
25993,13.170722922356433,18.127074330071903,True,True,0.0,0.9439195952506831,"GJR-GARCH(1,1,1)-t"
25999,32.33005161121632,37.286403018931786,True,True,1.5049057195148643e-16,7.265753366970098e-10,"GJR-GARCH(1,1,1)-t"
26005,14.159343458301338,19.11569486601681,True,False,0.0,1.0,"GJR-GARCH(1,1,1)-t"
26020,7.056657215788138,12.013008623503609,True,False,0.43889639993435614,0.7805518000328218,"GJR-GARCH(1,1,1)-t"
26021,-16.17079036550344,-11.21443895778797,True,True,0.4092454036289447,3.9727622171657384e-17,"GJR-GARCH(1,1,1)-t"
26024,-4.699065977744198,0.25728542997127235,True,True,1.9290480120913355e-21,4.577180835336916e-16,"GJR-GARCH(1,1,1)-t"
26042,7.765826922719746,12.722178330435217,True,True,0.2020224134123292,4.2383807040648737e-13,"GJR-GARCH(1,1,1)-t"
26052,17.68176238830466,22.63811379602013,True,False,1.0,0.0,"GJR-GARCH(1,1,1)-t"
26062,1.3632966785745602,6.31964808629003,True,True,0.0,0.3715371122240266,"GJR-GARCH(1,1,1)-t"
26069,59.01743851518,63.97378992289546,True,True,6.083560774014372e-15,0.7511100220094593,"GJR-GARCH(1,1,1)-t"
26081,25.786151025674812,30.742502433390282,True,True,0.0,0.7106086502724739,"GJR-GARCH(1,1,1)-t"
26082,41.347304253432725,46.3036556611482,True,False,0.3986302225568598,0.6384485254776494,"GJR-GARCH(1,1,1)-t"
26091,7.786113378540751,12.742464786256221,True,True,0.0,0.848356040445891,"GJR-GARCH(1,1,1)-t"
26099,12.593685339535552,17.550036747251024,True,True,7.795145184998237e-14,0.9423652227551553,"GJR-GARCH(1,1,1)-t"
26106,21.853020506974477,26.809371914689947,True,True,1.2802185922140255e-17,2.5626051518334675e-17,"GJR-GARCH(1,1,1)-t"
26107,11.914923739246666,16.871275146962134,True,False,0.9999999999999998,0.2944604898987493,"GJR-GARCH(1,1,1)-t"
26125,33.06551793740309,38.02186934511856,True,True,3.4557205491805184e-13,1.1929724543381325e-12,"GJR-GARCH(1,1,1)-t"
26147,19.483071622145438,24.439423029860908,True,False,1.0,0.0,"GJR-GARCH(1,1,1)-t"
26152,7.0955066803885325,12.051858088104002,True,True,0.0,0.32084281013588695,"GJR-GARCH(1,1,1)-t"
26155,14.107663111586229,19.0640145193017,True,False,0.685826768136653,0.6570866159317919,"GJR-GARCH(1,1,1)-t"
26159,31.57413545295229,36.530486860667764,True,True,5.049198609150605e-15,0.9905238726997243,"GJR-GARCH(1,1,1)-t"
26168,30.65057526839745,35.60692667611292,True,True,1.1370676284617865e-11,0.7015150581234587,"GJR-GARCH(1,1,1)-t"
26170,11.929079033693284,16.885430441408754,True,False,2.7177577215050515e-14,0.9999999999988068,"GJR-GARCH(1,1,1)-t"
26186,16.61419030914873,21.5705417168642,True,False,0.0,0.9999999999999943,"GJR-GARCH(1,1,1)-t"
26190,11.853562861854504,16.809914269569973,True,True,2.663843715162662e-13,4.790429448839528e-12,"GJR-GARCH(1,1,1)-t"
26191,24.181128416018936,29.13747982373441,True,True,3.3384695921708238e-15,0.7262769097230036,"GJR-GARCH(1,1,1)-t"
26195,24.077695952229362,29.03404735994483,True,True,0.4121021670029174,2.4150726606483288e-17,"GJR-GARCH(1,1,1)-t"
26197,-13.960210641117044,-9.003859233401574,True,True,0.6807129609294685,0.047407260260860444,"GJR-GARCH(1,1,1)-t"
26204,-11.120083203988074,-6.163731796272604,True,True,1.1778182376992446e-11,0.9740770608624758,"GJR-GARCH(1,1,1)-t"
26208,41.03674422929757,45.99309563701304,True,True,0.0750687270956709,0.39635162260981815,"GJR-GARCH(1,1,1)-t"
26222,14.734506594599585,19.690858002315057,True,True,5.21934316748906e-19,0.9728440204269514,"GJR-GARCH(1,1,1)-t"
26250,17.757280168889096,22.713631576604566,True,True,5.430822592143001e-16,0.8558814501498233,"GJR-GARCH(1,1,1)-t"
26254,-14.843018669504069,-9.886667261788599,True,True,2.530802612735974e-12,0.6996624008736598,"GJR-GARCH(1,1,1)-t"
26273,-1.325319013391944,3.631032394323526,True,True,1.9505664513453876e-14,0.5530628393689011,"GJR-GARCH(1,1,1)-t"
26277,12.495422161442878,17.451773569158348,True,True,0.0,0.635910408446482,"GJR-GARCH(1,1,1)-t"
26292,66.16667725043703,71.12302865815249,True,True,1.8847406133276307e-20,0.3407397349860246,"GJR-GARCH(1,1,1)-t"
26307,3.25085322127838,8.20720462899385,True,False,4.6756013527942074e-14,0.9999999999980269,"GJR-GARCH(1,1,1)-t"
26308,-6.084685821905733,-1.1283344141902631,True,False,0.0,1.0,"GJR-GARCH(1,1,1)-t"
26314,29.20687602828925,34.163227436004725,True,True,4.904069583073503e-16,0.9709557032077537,"GJR-GARCH(1,1,1)-t"
26317,27.865594271472144,32.821945679187614,True,True,0.0,0.990402844791764,"GJR-GARCH(1,1,1)-t"
26336,2.7378308519337597,7.69418225964923,True,True,2.7512305536176447e-17,0.9879962724740575,"GJR-GARCH(1,1,1)-t"
26337,14.332260202051746,19.288611609767216,True,True,0.0,0.9616220614711237,"GJR-GARCH(1,1,1)-t"
26362,10.993455704278837,15.949807111994307,True,True,0.1442974535804326,7.184594827522959e-12,"GJR-GARCH(1,1,1)-t"
26366,16.678276641013404,21.634628048728874,True,True,0.0,0.6370433777593099,"GJR-GARCH(1,1,1)-t"
26375,26.041606139414014,30.997957547129484,True,False,0.0,1.0,"GJR-GARCH(1,1,1)-t"
26387,29.254600554359037,34.2109519620745,True,True,3.2164973095884195e-12,0.5115528403729802,"GJR-GARCH(1,1,1)-t"
26388,8.453859514514605,13.410210922230075,True,True,2.064536174320418e-17,0.017165429941252607,"GJR-GARCH(1,1,1)-t"
26400,-3.1198022100918834,1.8365491976235866,True,True,2.6600282271625993e-10,0.9735324414377095,"GJR-GARCH(1,1,1)-t"
26407,10.340835646855938,15.297187054571408,True,False,1.0,9.788710151169383e-20,"GJR-GARCH(1,1,1)-t"
26410,6.066726003124419,11.023077410839889,True,True,0.45517060320546315,0.0,"GJR-GARCH(1,1,1)-t"
26428,12.149062142814335,17.105413550529807,True,True,0.7640060864491431,0.0,"GJR-GARCH(1,1,1)-t"
26430,-0.9658424192683768,3.9905089884470932,True,False,0.9999999999999967,0.17746397381243909,"GJR-GARCH(1,1,1)-t"
26440,20.19316030057994,25.149511708295407,True,False,0.4709402411745141,0.7645298794300307,"GJR-GARCH(1,1,1)-t"
26447,8.95439566524131,13.91074707295678,True,True,1.6733155005179095e-16,0.6477713751855269,"GJR-GARCH(1,1,1)-t"
26450,-5.69069803718881,-0.7343466294733396,True,False,1.0,0.24984936283840187,"GJR-GARCH(1,1,1)-t"
26455,-4.85936253559213,0.09698887212334029,True,True,2.9689175345821523e-11,0.960322212524124,"GJR-GARCH(1,1,1)-t"
26460,47.189723893516685,52.14607530123216,True,False,2.786591799851481e-17,0.9999999999999998,"GJR-GARCH(1,1,1)-t"
26471,6.35797018415351,11.31432159186898,True,True,0.0,0.0,"GJR-GARCH(1,1,1)-t"
26475,10.50385193922959,15.46020334694506,True,True,1.0106990138011098e-14,9.443029528165904e-14,"GJR-GARCH(1,1,1)-t"
26484,12.126183540856283,17.08253494857175,True,False,1.9063243704471847e-14,0.9999999999999982,"GJR-GARCH(1,1,1)-t"
26488,16.983467731402985,21.939819139118455,True,False,3.5922295059305785e-16,1.0,"GJR-GARCH(1,1,1)-t"
26494,26.216200511244416,31.172551918959886,True,True,0.7348535865614241,1.0637782549363605e-17,"GJR-GARCH(1,1,1)-t"
26503,-0.7025490971878678,4.253802310527602,True,True,4.754253763421929e-14,0.9624730914045856,"GJR-GARCH(1,1,1)-t"
26522,-4.71129514808926,0.24505625962621025,True,False,0.20714380882967975,0.8307021503820908,"GJR-GARCH(1,1,1)-t"
26523,-19.732846004720955,-14.776494597005485,True,False,1.0,0.0,"GJR-GARCH(1,1,1)-t"
26538,-2.4314354886788827,2.5249159190365873,True,False,0.9999999999999986,0.11422406271786356,"GJR-GARCH(1,1,1)-t"
26555,-7.405823721079837,-2.4494723133643674,True,False,0.9999999999406061,0.500000006502822,"GJR-GARCH(1,1,1)-t"
26561,6.372766274478137,11.329117682193607,True,False,2.3705231588715305e-15,1.0,"GJR-GARCH(1,1,1)-t"
26562,35.79265747531614,40.74900888303161,True,True,5.1570147170718335e-14,2.6505561950924657e-13,"GJR-GARCH(1,1,1)-t"
26568,24.126334189322073,29.082685597037543,True,True,0.0,0.47218755122222567,"GJR-GARCH(1,1,1)-t"
26572,9.677496861744354,14.633848269459824,True,True,3.4038317720154894e-14,5.309524493869885e-17,"GJR-GARCH(1,1,1)-t"
26578,23.48494692048587,28.44129832820134,True,False,0.3267871417690113,0.8366064291154943,"GJR-GARCH(1,1,1)-t"
26586,4.879858161737205,9.836209569452675,True,False,1.2932064867469786e-18,1.0,"GJR-GARCH(1,1,1)-t"
26595,37.41926346810088,42.375614875816346,True,True,1.3780851232743313e-19,0.8523599409485045,"GJR-GARCH(1,1,1)-t"
26599,-7.189179616535224,-2.232828208819754,True,False,3.874752475896102e-12,0.999999999995412,"GJR-GARCH(1,1,1)-t"
26603,16.82000128561682,21.77635269333229,True,False,1.1846083345937934e-19,1.0,"GJR-GARCH(1,1,1)-t"
26606,25.763641178119563,30.71999258583503,True,True,7.654422963368625e-15,8.585347548889964e-17,"GJR-GARCH(1,1,1)-t"
26607,2.3729434759888868,7.329294883704357,True,True,2.2366257766437877e-14,0.8998934825681557,"GJR-GARCH(1,1,1)-t"
26613,0.17149116254941177,5.127842570264882,True,True,3.4135752466018613e-18,0.9897963435790799,"GJR-GARCH(1,1,1)-t"
26672,18.818540705278565,23.774892112994035,True,False,4.291352560251971e-15,0.9999999999995458,"GJR-GARCH(1,1,1)-t"
26678,17.190449802668134,22.146801210383604,True,True,4.833774571912012e-13,8.364403675491799e-13,"GJR-GARCH(1,1,1)-t"
26693,1.5553476965833184,6.511699104298788,True,True,0.0,0.0,"GJR-GARCH(1,1,1)-t"
26707,67.73118260784491,72.68753401556039,True,True,2.7313936789102903e-16,0.8003428739940831,"GJR-GARCH(1,1,1)-t"
26708,19.963983884648385,24.920335292363852,True,True,0.0,0.5454274264206146,"GJR-GARCH(1,1,1)-t"
26720,21.94651207452184,26.90286348223731,True,False,1.0,1.4884933379130974e-17,"GJR-GARCH(1,1,1)-t"
26752,33.9638743621331,38.92022576984857,True,True,0.0,0.9854310730805477,"GJR-GARCH(1,1,1)-t"
26759,-9.96473458817924,-5.00838318046377,True,True,1.9453653909349212e-15,3.587066453874272e-17,"GJR-GARCH(1,1,1)-t"
26763,3.4300376895288043,8.386389097244274,True,True,2.8131201866199883e-16,0.07636020370529877,"GJR-GARCH(1,1,1)-t"
26771,5.770448384670509,10.726799792385979,True,False,1.3040750106988027e-16,0.9999999999999997,"GJR-GARCH(1,1,1)-t"
26786,-7.750226559884865,-2.793875152169395,True,True,4.563758166947157e-13,0.642334738930677,"GJR-GARCH(1,1,1)-t"
26788,5.173423422450334,10.129774830165804,True,True,0.0,0.957306917580717,"GJR-GARCH(1,1,1)-t"
26798,4.794650726150927,9.751002133866397,True,False,0.999999999999995,0.30397682085703703,"GJR-GARCH(1,1,1)-t"
26804,10.970787622879742,15.927139030595212,True,True,0.18382686039069246,2.490838292398409e-15,"GJR-GARCH(1,1,1)-t"
26806,20.620230434480817,25.57658184219629,True,True,0.0,0.0,"GJR-GARCH(1,1,1)-t"
26813,29.630791582621484,34.58714299033696,True,False,0.0,1.0,"GJR-GARCH(1,1,1)-t"
26830,33.560033973353256,38.51638538106873,True,False,1.3120136288933993e-16,0.9999999999999979,"GJR-GARCH(1,1,1)-t"
26835,4.500061491972424,9.456412899687894,True,True,4.804457572644914e-14,0.7545650291829109,"GJR-GARCH(1,1,1)-t"
26837,-0.27557907223764033,4.68077233547783,True,True,0.0,0.6670749727410124,"GJR-GARCH(1,1,1)-t"
26841,-18.411328837746616,-13.454977430031146,True,False,0.5596620366071468,0.5480068118642868,"GJR-GARCH(1,1,1)-t"
26844,-17.144252468366087,-12.187901060650617,True,False,0.0,1.0,"GJR-GARCH(1,1,1)-t"
26849,20.05673326791991,25.013084675635376,True,True,6.621097218352516e-16,1.5750625735991523e-14,"GJR-GARCH(1,1,1)-t"
26862,5.500069321781279,10.456420729496749,True,False,0.0,0.9999999999781475,"GJR-GARCH(1,1,1)-t"
26864,7.224561974717102,12.180913382432571,True,True,2.0052321899154848e-13,8.534552563804004e-09,"GJR-GARCH(1,1,1)-t"
26868,24.1974194697345,29.153770877449972,True,True,0.0,0.9745324434844225,"GJR-GARCH(1,1,1)-t"
26873,6.980641570379769,11.936992978095239,True,False,0.0,1.0,"GJR-GARCH(1,1,1)-t"
26874,30.838633383865048,35.79498479158052,True,True,1.091909207866848e-14,0.3015526572414297,"GJR-GARCH(1,1,1)-t"
26883,19.878355129005023,24.834706536720496,True,True,1.7080585213089692e-19,0.6167533023783255,"GJR-GARCH(1,1,1)-t"
26886,31.90582373033011,36.86217513804558,True,True,0.021913892193892608,2.1098850999563794e-16,"GJR-GARCH(1,1,1)-t"
26889,18.848576326410438,23.804927734125908,True,False,1.3090879024744499e-15,1.0,"GJR-GARCH(1,1,1)-t"
26891,-6.590695851747046,-1.6343444440315764,True,True,3.8642899338100436e-24,0.9970272949312984,"GJR-GARCH(1,1,1)-t"
26903,7.280052974730566,12.236404382446036,True,False,2.667236985921549e-13,0.9999999999862278,"GJR-GARCH(1,1,1)-t"
26905,9.015857380918508,13.972208788633978,True,True,3.1933117073045783e-21,1.1735212248337688e-20,"GJR-GARCH(1,1,1)-t"
26937,-3.359946600559482,1.596404807155988,True,True,0.6606634880274119,1.1975808319103838e-17,"GJR-GARCH(1,1,1)-t"
26938,31.80591140413713,36.7622628118526,True,False,0.999999999985125,0.30765865643179213,"GJR-GARCH(1,1,1)-t"
26944,4.832397361683659,9.78874876939913,True,True,0.634660751342327,0.0,"GJR-GARCH(1,1,1)-t"
26955,28.399481273562966,33.355832681278436,True,True,0.6623139521355726,0.0,"GJR-GARCH(1,1,1)-t"
26956,20.99598301833447,25.952334426049944,True,False,0.0,1.0,"GJR-GARCH(1,1,1)-t"
26973,7.120850165098858,12.077201572814328,True,False,1.0,0.30530010475994745,"GJR-GARCH(1,1,1)-t"
26997,12.910604845260082,17.86695625297555,True,True,2.7362455468821803e-16,0.0,"GJR-GARCH(1,1,1)-t"
26999,11.815075881079055,16.771427288794523,True,True,2.580922497923182e-14,2.063139904198187e-14,"GJR-GARCH(1,1,1)-t"
27003,7.8706369148454485,12.826988322560918,True,True,4.316067503395971e-14,0.9281848181463159,"GJR-GARCH(1,1,1)-t"
27012,5.381769106910593,10.338120514626063,True,True,3.604560119219639e-13,0.022425904017504793,"GJR-GARCH(1,1,1)-t"
27013,19.387827810921323,24.344179218636796,True,True,3.02773652234883e-15,0.9229865438812438,"GJR-GARCH(1,1,1)-t"
27014,13.465458991050387,18.421810398765857,True,False,0.5998662679261824,0.5991476323591638,"GJR-GARCH(1,1,1)-t"
27015,18.489180633934247,23.445532041649717,True,True,1.8904798445553148e-13,1.609063476193367e-10,"GJR-GARCH(1,1,1)-t"
27019,13.45523768031001,18.41158908802548,True,True,0.0,0.7392147774463552,"GJR-GARCH(1,1,1)-t"
27020,-2.166013436908962,2.790337970806508,True,True,0.15625285295965408,7.595895533262457e-19,"GJR-GARCH(1,1,1)-t"
27037,23.6101560838115,28.56650749152697,True,True,8.868384286072193e-12,0.9535507898848329,"GJR-GARCH(1,1,1)-t"
27042,33.271361666737675,38.22771307445315,True,True,0.0,0.6260890961881979,"GJR-GARCH(1,1,1)-t"
27060,18.868112874788828,23.824464282504298,True,True,0.5599926252405506,4.427621490585018e-20,"GJR-GARCH(1,1,1)-t"
27071,-14.982477036711575,-10.026125628996105,True,False,0.0,1.0,"GJR-GARCH(1,1,1)-t"
27092,26.77083504642051,31.72718645413598,True,True,8.092802661355378e-14,0.8813702964514756,"GJR-GARCH(1,1,1)-t"
27094,10.34821420006951,15.30456560778498,True,True,0.0,0.6865574866285183,"GJR-GARCH(1,1,1)-t"
27095,-3.3627253203993277,1.5936260873161423,True,True,0.311291772057396,2.326604603096492e-11,"GJR-GARCH(1,1,1)-t"
27120,-2.9435183139771794,2.0128330937382906,True,True,1.1242741476863369e-10,0.7737718931804526,"GJR-GARCH(1,1,1)-t"
27127,30.104346800361743,35.06069820807721,True,True,3.252030270368877e-12,1.997883696643187e-11,"GJR-GARCH(1,1,1)-t"
27135,25.26860136583634,30.224952773551806,True,True,3.5249663526812487e-15,0.008242622358377291,"GJR-GARCH(1,1,1)-t"
27149,1.3087652688276936,6.265116676543164,True,True,0.0,0.0,"GJR-GARCH(1,1,1)-t"
27152,57.65529199897398,62.61164340668945,True,True,0.10496000833811725,0.26513293258878445,"GJR-GARCH(1,1,1)-t"
27153,16.05572241356281,21.01207382127828,True,False,3.964439561508959e-12,0.9999999979231654,"GJR-GARCH(1,1,1)-t"
27154,8.444643153143797,13.400994560859267,True,True,3.662692890599201e-14,0.5139254157070671,"GJR-GARCH(1,1,1)-t"
27158,4.996713628754849,9.953065036470319,True,False,7.796864975366613e-15,0.9999999999999878,"GJR-GARCH(1,1,1)-t"
27162,15.66308308456634,20.619434492281812,True,False,4.724249671487102e-15,0.999999999999996,"GJR-GARCH(1,1,1)-t"
27168,17.573121729981555,22.529473137697025,True,True,0.7093341705454853,5.469404050585097e-18,"GJR-GARCH(1,1,1)-t"
27174,1.4693901244828407,6.425741532198311,True,False,0.9999999999999952,2.4335323382916494e-14,"GJR-GARCH(1,1,1)-t"
27178,39.425743269613825,44.38209467732929,True,True,0.0611198701845456,0.0,"GJR-GARCH(1,1,1)-t"
27181,14.130819748499786,19.087171156215256,True,True,0.0,0.6388131340795491,"GJR-GARCH(1,1,1)-t"
27182,2.3802737163981966,7.336625124113667,True,True,0.0,0.0,"GJR-GARCH(1,1,1)-t"
27188,37.819394180043346,42.77574558775882,True,False,1.137714009353574e-15,1.0,"GJR-GARCH(1,1,1)-t"
27194,14.673226390607581,19.62957779832305,True,True,1.1019419301838354e-17,1.1287646642177119e-15,"GJR-GARCH(1,1,1)-t"
27208,29.986728768549295,34.943080176264765,True,True,0.2184439727594966,9.397984719703555e-13,"GJR-GARCH(1,1,1)-t"
27215,23.400171764618875,28.35652317233434,True,True,0.0,0.9579120980192444,"GJR-GARCH(1,1,1)-t"
27240,26.658331851400312,31.614683259115786,True,True,0.0,4.6501507872609576e-14,"GJR-GARCH(1,1,1)-t"
27246,0.03573541532568569,4.992086823041156,True,True,0.0,0.8850653136908543,"GJR-GARCH(1,1,1)-t"
27247,-13.767815125206688,-8.811463717491218,True,True,4.331041204504506e-12,0.8258870193407438,"GJR-GARCH(1,1,1)-t"
27270,12.834196265641216,17.790547673356688,True,False,1.0,3.3141620540065985e-16,"GJR-GARCH(1,1,1)-t"
27278,58.46028180320383,63.4166332109193,True,False,5.566987894398082e-18,1.0,"GJR-GARCH(1,1,1)-t"
27288,21.28201065818872,26.23836206590419,True,True,0.6127101987724916,0.0,"GJR-GARCH(1,1,1)-t"
27289,27.305872451834873,32.262223859550346,True,True,1.5567084310673676e-13,0.8540698763409066,"GJR-GARCH(1,1,1)-t"
27304,3.117429110717712,8.073780518433182,True,False,0.47530084745961076,0.7623495762898067,"GJR-GARCH(1,1,1)-t"
27307,6.455183369276929,11.411534776992399,True,False,1.2748207879997614e-13,0.99999999999732,"GJR-GARCH(1,1,1)-t"
27313,13.279170006257113,18.23552141397258,True,True,0.16400184817131444,3.087631138848937e-13,"GJR-GARCH(1,1,1)-t"
27317,13.542413841621828,18.4987652493373,True,True,0.0,0.5538711437287654,"GJR-GARCH(1,1,1)-t"
27339,27.04095660751723,31.997308015232704,True,True,0.0,1.9280719092960487e-14,"GJR-GARCH(1,1,1)-t"
27361,-13.909497431727171,-8.953146024011701,True,True,3.144205179529912e-16,0.13743815536004605,"GJR-GARCH(1,1,1)-t"
27363,13.714074318790955,18.670425726506423,True,False,3.753299034464025e-17,0.9999999999999997,"GJR-GARCH(1,1,1)-t"
27398,1.0794115539281286,6.035762961643599,True,True,7.70324265990622e-16,0.4094800749605105,"GJR-GARCH(1,1,1)-t"
27403,-15.15557145137624,-10.19922004366077,True,True,0.0,0.9347031889809956,"GJR-GARCH(1,1,1)-t"
27406,-17.956064135813875,-12.999712728098405,True,True,0.0,0.6171186694836952,"GJR-GARCH(1,1,1)-t"
27416,34.57835879036322,39.534710198078685,True,True,1.4861123780698326e-21,1.5908082393703815e-15,"GJR-GARCH(1,1,1)-t"
27427,40.104138461389525,45.060489869105,True,False,0.0,1.0,"GJR-GARCH(1,1,1)-t"
27457,32.5589308455039,37.51528225321937,True,True,0.0,0.6848163117414965,"GJR-GARCH(1,1,1)-t"
27467,-11.179649353971257,-6.223297946255787,True,True,0.40745706889730443,1.766024928693202e-12,"GJR-GARCH(1,1,1)-t"
27469,14.341316666526797,19.297668074242267,True,True,7.225303788539881e-17,2.1504744811740513e-14,"GJR-GARCH(1,1,1)-t"
27481,9.035154810410218,13.991506218125688,True,False,0.0,1.0,"GJR-GARCH(1,1,1)-t"
27487,18.01934627959131,22.97569768730678,True,True,3.26018425839127e-14,6.428329756313505e-13,"GJR-GARCH(1,1,1)-t"
27493,-19.137297199680347,-14.180945791964877,True,True,0.0,0.9118870832554058,"GJR-GARCH(1,1,1)-t"
27496,9.547847915609536,14.504199323325006,True,False,8.841555360534955e-14,0.999999999970923,"GJR-GARCH(1,1,1)-t"
27511,23.749585641176484,28.705937048891954,True,True,0.7032932484022183,2.030639782212753e-14,"GJR-GARCH(1,1,1)-t"
27514,64.32184470338373,69.2781961110992,True,True,0.0,0.9514338112725437,"GJR-GARCH(1,1,1)-t"
27516,44.04215516088644,48.998506568601904,True,True,0.0,0.893645708857867,"GJR-GARCH(1,1,1)-t"
27524,21.736431665050553,26.692783072766026,True,True,5.070964485679906e-14,0.0,"GJR-GARCH(1,1,1)-t"
27526,28.416522748872694,33.37287415658817,True,True,9.837591907863201e-21,9.116979126737616e-20,"GJR-GARCH(1,1,1)-t"
27527,4.201487545364692,9.157838953080162,True,False,0.04353044061060619,0.9782347796924168,"GJR-GARCH(1,1,1)-t"
27534,27.424495442854187,32.38084685056966,True,True,0.2540432954723726,0.13269367200443777,"GJR-GARCH(1,1,1)-t"
27543,19.871783544876802,24.828134952592272,True,False,0.21003258987740786,0.8256364867911264,"GJR-GARCH(1,1,1)-t"
27561,12.210563979836902,17.166915387552372,True,True,0.19136486817305812,0.2513512283684803,"GJR-GARCH(1,1,1)-t"
27569,16.894151102763942,21.850502510479416,True,True,2.1196570725886015e-13,0.7934317660040423,"GJR-GARCH(1,1,1)-t"
27581,35.52862186480142,40.48497327251689,True,True,0.0,0.8676824021336025,"GJR-GARCH(1,1,1)-t"
27585,2.2156634803289332,7.172014888044403,True,True,4.3987264733658817e-13,0.7642154667040252,"GJR-GARCH(1,1,1)-t"
27593,3.996058001466775,8.952409409182245,True,True,0.0,0.0,"GJR-GARCH(1,1,1)-t"
27595,30.8770111151471,35.83336252286257,True,True,3.7352972509490473e-16,0.6464387897636785,"GJR-GARCH(1,1,1)-t"
27619,30.41997726963996,35.37632867735543,True,True,1.13900794142726e-14,0.9602634862763557,"GJR-GARCH(1,1,1)-t"
27622,15.56185093377945,20.51820234149492,True,False,4.569202340688976e-15,0.9999999999999883,"GJR-GARCH(1,1,1)-t"
27627,16.627790541648803,21.584141949364273,True,True,0.11278370215920615,0.07673471365499523,"GJR-GARCH(1,1,1)-t"
27664,32.766120865412915,37.72247227312839,True,True,0.0,0.7306984242059631,"GJR-GARCH(1,1,1)-t"
27669,41.937770491363366,46.89412189907884,True,True,0.14591788049313528,0.5544969734079459,"GJR-GARCH(1,1,1)-t"
27711,40.10999440261959,45.06634581033506,True,True,8.43032152836232e-10,0.0,"GJR-GARCH(1,1,1)-t"
27722,0.9230406753845912,5.879392083100061,True,True,1.6182854708980027e-15,5.657460348998992e-14,"GJR-GARCH(1,1,1)-t"
27752,14.64076261387025,19.597114021585718,True,True,3.2234108842610497e-13,0.9495927469093934,"GJR-GARCH(1,1,1)-t"
27757,10.176082672241344,15.132434079956814,True,False,0.9999999999999181,5.1462785177566903e-14,"GJR-GARCH(1,1,1)-t"
27771,6.559923408116658,11.516274815832128,True,True,2.6651879768392097e-13,0.965307311210024,"GJR-GARCH(1,1,1)-t"
27784,3.7018270325638056,8.658178440279276,True,True,0.0318121439592788,6.453776820953548e-16,"GJR-GARCH(1,1,1)-t"
27788,57.614597924258824,62.57094933197429,True,True,8.058310734720763e-15,0.6960807179766554,"GJR-GARCH(1,1,1)-t"
27795,2.7353869947442835,7.6917384024597535,True,True,7.500311652569942e-14,0.0,"GJR-GARCH(1,1,1)-t"
27799,15.810754580010137,20.767105987725607,True,False,0.9999999999997733,1.1539163030829272e-13,"GJR-GARCH(1,1,1)-t"
27810,5.788391954853658,10.744743362569128,True,False,1.9669559442915185e-14,0.9999999999982296,"GJR-GARCH(1,1,1)-t"
27815,5.238287293269352,10.194638700984822,True,False,0.0,0.9999999932100686,"GJR-GARCH(1,1,1)-t"
27822,3.610961332767568,8.567312740483038,True,False,0.0,0.9999999999999996,"GJR-GARCH(1,1,1)-t"
27828,18.755033740180746,23.711385147896216,True,True,0.0,1.5776214360160373e-16,"GJR-GARCH(1,1,1)-t"
27833,9.555580426322319,14.511931834037789,True,True,0.0,0.9455983556156282,"GJR-GARCH(1,1,1)-t"
27837,-4.369838785287861,0.5865126224276089,True,True,0.0,0.9529347233007383,"GJR-GARCH(1,1,1)-t"
27846,24.59063764247126,29.54698905018673,True,False,0.0,0.999999999999989,"GJR-GARCH(1,1,1)-t"
27851,0.873782883469822,5.830134291185292,True,False,0.016389296646931093,0.9918053516765308,"GJR-GARCH(1,1,1)-t"
27854,11.085466057270464,16.041817464985936,True,True,0.0,0.0,"GJR-GARCH(1,1,1)-t"
27857,-4.9652375628620895,-0.008886155146619501,True,True,2.290939431483477e-13,0.9661038848112078,"GJR-GARCH(1,1,1)-t"
27868,8.742547352075004,13.698898759790474,True,False,7.484533004003814e-14,0.9999999999998945,"GJR-GARCH(1,1,1)-t"
27875,18.014359586292613,22.97071099400808,True,True,6.7758203933697605e-21,0.980035449823802,"GJR-GARCH(1,1,1)-t"
27876,22.788380515908635,27.74473192362411,True,True,3.0091473290292206e-14,1.7982727504660445e-11,"GJR-GARCH(1,1,1)-t"
27886,0.6044154026831059,5.560766810398576,True,True,0.0,0.6604234420620413,"GJR-GARCH(1,1,1)-t"
27890,3.263324373682826,8.219675781398296,True,True,1.248460409914741e-12,0.6954361230118935,"GJR-GARCH(1,1,1)-t"
27891,28.10729061171584,33.063642019431306,True,True,0.6650526466574794,8.827756472665937e-15,"GJR-GARCH(1,1,1)-t"
27910,19.38442050489266,24.34077191260813,True,True,2.311655120182593e-15,0.84840142767765,"GJR-GARCH(1,1,1)-t"
27919,4.319919177758376,9.276270585473846,True,True,2.729022576029513e-15,0.447613558344255,"GJR-GARCH(1,1,1)-t"
27932,13.21436312175408,18.17071452946955,True,False,1.3344802027954828e-16,0.9999999999999999,"GJR-GARCH(1,1,1)-t"
27939,7.140239641285239,12.09659104900071,True,True,3.075105952541308e-16,0.07335751119850287,"GJR-GARCH(1,1,1)-t"
27940,21.202479449373204,26.158830857088674,True,False,1.2221952257260686e-14,0.9999999999999327,"GJR-GARCH(1,1,1)-t"
27956,6.6956125290917825,11.651963936807253,True,True,1.203487312291895e-17,0.6882033513193507,"GJR-GARCH(1,1,1)-t"
27957,7.191753294259168,12.148104701974638,True,True,3.134283175417145e-19,0.0,"GJR-GARCH(1,1,1)-t"
27962,4.755056051579135,9.711407459294605,True,True,8.57653243453513e-10,0.9829357993443487,"GJR-GARCH(1,1,1)-t"
27964,-8.695885199185362,-3.739533791469892,True,True,5.564655852329806e-16,0.3587739806408569,"GJR-GARCH(1,1,1)-t"
27970,-12.790416271365295,-7.834064863649825,True,True,1.2528872664876698e-17,1.4767534854300723e-17,"GJR-GARCH(1,1,1)-t"
27974,24.98678699873873,29.943138406454203,True,False,0.9999999999999977,0.05665785158941791,"GJR-GARCH(1,1,1)-t"
27977,3.529267437541133,8.485618845256603,True,True,2.2109335439197144e-14,0.4122856554469278,"GJR-GARCH(1,1,1)-t"
27978,23.54732561855009,28.503677026265557,True,False,0.13269645598055174,0.9336517873748218,"GJR-GARCH(1,1,1)-t"
27981,29.039375410155433,33.9957268178709,True,True,0.0,0.5355725615112569,"GJR-GARCH(1,1,1)-t"
27985,21.172948730515795,26.129300138231265,True,True,0.0,0.26517309001107087,"GJR-GARCH(1,1,1)-t"
27989,12.269196220111109,17.22554762782658,True,True,3.113159514450136e-14,0.9916603221093614,"GJR-GARCH(1,1,1)-t"
27994,-12.769360638345951,-7.813009230630481,True,True,5.730309631433109e-18,0.9798519566894709,"GJR-GARCH(1,1,1)-t"
28002,7.742668697386013,12.699020105101482,True,True,3.1549351049458254e-15,0.9449845232697756,"GJR-GARCH(1,1,1)-t"
28020,27.659117627540397,32.61546903525587,True,True,3.86972143473343e-17,0.970948081185084,"GJR-GARCH(1,1,1)-t"
28022,-1.1620540747585775,3.7942973329568925,True,False,0.0,1.0,"GJR-GARCH(1,1,1)-t"
28043,2.091618447452902,7.047969855168372,True,True,0.0,0.7599786729015942,"GJR-GARCH(1,1,1)-t"
28066,10.33253443313308,15.28888584084855,True,True,0.0,0.9744402263510494,"GJR-GARCH(1,1,1)-t"
28070,-0.5475073644406709,4.408844043274799,True,True,1.3278300682846881e-15,0.7058734418535472,"GJR-GARCH(1,1,1)-t"
28078,24.87859041227184,29.834941819987307,True,True,2.759049298480943e-16,0.4015948655705903,"GJR-GARCH(1,1,1)-t"
28111,19.87159517420089,24.827946581916358,True,True,6.040986893509435e-13,0.8769826829849217,"GJR-GARCH(1,1,1)-t"
28121,13.304577175745838,18.260928583461308,True,True,0.0,0.0,"GJR-GARCH(1,1,1)-t"
28122,-0.9740220864753333,3.9823293212401367,True,True,0.0,0.9865300408167674,"GJR-GARCH(1,1,1)-t"
28126,-25.109171732106198,-20.152820324390728,True,True,0.1266032989773547,1.6636700471432663e-12,"GJR-GARCH(1,1,1)-t"
28186,31.69458683369389,36.650938241409364,True,True,0.11858955914053085,1.176743857910003e-11,"GJR-GARCH(1,1,1)-t"
28190,-9.657789264091601,-4.701437856376131,True,True,2.876525397108102e-16,0.5002765511006722,"GJR-GARCH(1,1,1)-t"
28192,46.00416019110778,50.960511598823246,True,True,0.8828613771068267,5.328134285387386e-16,"GJR-GARCH(1,1,1)-t"
28200,20.046294556724614,25.002645964440084,True,False,0.26026505462587796,0.8698674726870634,"GJR-GARCH(1,1,1)-t"
28210,12.148868424712855,17.105219832428325,True,False,3.873600113315298e-13,0.9999999999948765,"GJR-GARCH(1,1,1)-t"
28217,16.090232205541255,21.046583613256725,True,True,0.0,0.751355486279861,"GJR-GARCH(1,1,1)-t"
28225,15.863794254571772,20.820145662287242,True,False,0.0,1.0,"GJR-GARCH(1,1,1)-t"
28244,1.4447175210342706,6.401068928749741,True,True,8.644147715677714e-18,0.9737892728272534,"GJR-GARCH(1,1,1)-t"
28256,14.328480967382282,19.284832375097753,True,True,2.9080402098594156e-16,0.9576737946684184,"GJR-GARCH(1,1,1)-t"
28262,34.97291876553619,39.92927017325166,True,False,4.9716146207126823e-14,1.0,"GJR-GARCH(1,1,1)-t"
28267,16.303904070724524,21.260255478439994,True,False,1.6546401161892768e-21,1.0,"GJR-GARCH(1,1,1)-t"
28292,54.40792181941069,59.36427322712616,True,True,2.444385342911601e-15,0.9603255031244017,"GJR-GARCH(1,1,1)-t"
28319,66.32810677486219,71.28445818257765,True,False,0.9999999999999998,0.4095345487092152,"GJR-GARCH(1,1,1)-t"
28323,-7.0532714799358445,-2.0969200722203745,True,True,0.10850440642769486,0.17953293764243472,"GJR-GARCH(1,1,1)-t"
28328,6.812081476976756,11.768432884692226,True,True,7.359322527823258e-16,0.0,"GJR-GARCH(1,1,1)-t"
28342,10.320667933301191,15.277019341016661,True,True,0.22280590590893026,0.0,"GJR-GARCH(1,1,1)-t"
28354,-5.934644099416371,-0.9782926917009007,True,False,2.2388488680699093e-15,0.9999999999999909,"GJR-GARCH(1,1,1)-t"
28371,36.4482851697451,41.404636577460565,True,True,0.375104313095793,0.0,"GJR-GARCH(1,1,1)-t"
28379,50.728962702072714,55.68531410978818,True,True,0.010426132414959278,0.9219290261322605,"GJR-GARCH(1,1,1)-t"
28380,27.359883572778887,32.31623498049436,True,True,0.0,0.850644342292473,"GJR-GARCH(1,1,1)-t"
28395,8.44285034132928,13.39920174904475,True,True,1.503098050247231e-17,0.08387198887166208,"GJR-GARCH(1,1,1)-t"
28401,-0.44923228437623486,4.507119123339235,True,False,0.6156806375108868,0.5537244810485437,"GJR-GARCH(1,1,1)-t"
28409,18.148450249799247,23.10480165751472,True,True,0.6972321621021041,3.505005271128418e-19,"GJR-GARCH(1,1,1)-t"
28422,-8.552101074815276,-3.595749667099806,True,False,0.6437243904800487,0.6781378047597396,"GJR-GARCH(1,1,1)-t"
28426,2.2872444000808567,7.243595807796327,True,True,0.355624384793673,0.4384343737506107,"GJR-GARCH(1,1,1)-t"
28429,19.277007196973532,24.233358604689002,True,True,5.131191393172437e-12,0.9771596254025207,"GJR-GARCH(1,1,1)-t"
28449,38.7027184378665,43.65906984558197,True,True,6.691113265573504e-14,0.9839449517467403,"GJR-GARCH(1,1,1)-t"
28474,58.28198152639674,63.23833293411221,True,True,0.5023692702410125,0.1443235386275005,"GJR-GARCH(1,1,1)-t"
28475,-1.0810918433298724,3.8752595643855976,True,True,0.0,0.0,"GJR-GARCH(1,1,1)-t"
28484,21.125348997877946,26.081700405593416,True,True,0.0,0.979556775805383,"GJR-GARCH(1,1,1)-t"
28485,9.748298045382052,14.704649453097522,True,False,0.0,1.0,"GJR-GARCH(1,1,1)-t"
28499,4.896175691031868,9.852527098747338,True,True,0.0,0.8122561896899158,"GJR-GARCH(1,1,1)-t"
28509,-1.8364535342024038,3.1198978735130662,True,True,3.574707871939636e-17,2.832585988016064e-16,"GJR-GARCH(1,1,1)-t"
28512,-2.566358601288613,2.389992806426857,True,True,8.856410320795271e-16,0.8999677666105169,"GJR-GARCH(1,1,1)-t"
28521,4.923458333063078,9.879809740778548,True,True,3.3153908773870135e-16,0.8638434855690736,"GJR-GARCH(1,1,1)-t"
28527,4.662175713264343,9.618527120979813,True,True,0.0,0.4712674788000929,"GJR-GARCH(1,1,1)-t"
28534,16.715093206059553,21.671444613775023,True,False,0.0,0.999999999999978,"GJR-GARCH(1,1,1)-t"
28539,-2.078930619059051,2.877420788656419,True,True,0.016240663808443682,0.9546005100224542,"GJR-GARCH(1,1,1)-t"
28541,17.004430939102093,21.960782346817563,True,False,0.9999999999923729,0.0,"GJR-GARCH(1,1,1)-t"
28563,7.715301798002942,12.671653205718412,True,True,0.0,0.5410890976604192,"GJR-GARCH(1,1,1)-t"
28572,3.380695851196462,8.337047258911932,True,False,0.43701822939473495,0.6170616942630737,"GJR-GARCH(1,1,1)-t"
28596,24.239733502317854,29.196084910033324,True,True,0.14963017586527907,4.599860227813022e-13,"GJR-GARCH(1,1,1)-t"
28619,67.62091219511294,72.57726360282841,True,True,2.430677840963424e-12,0.9185914030776716,"GJR-GARCH(1,1,1)-t"
28625,16.043490634035397,20.999842041750867,True,True,2.790578784093331e-15,5.742405051568139e-19,"GJR-GARCH(1,1,1)-t"
28634,26.758260257908333,31.714611665623803,True,True,0.010342275659902086,0.8008520013048697,"GJR-GARCH(1,1,1)-t"
28635,30.99772154548699,35.954072953202456,True,True,0.06236717047186158,9.026607469375243e-15,"GJR-GARCH(1,1,1)-t"
28656,42.70209465321561,47.65844606093108,True,True,7.735164865317839e-15,0.8001349479902066,"GJR-GARCH(1,1,1)-t"
28670,18.67110669173759,23.627458099453065,True,True,1.0833323047905988e-17,1.170092613765984e-16,"GJR-GARCH(1,1,1)-t"
28676,16.611849859238692,21.568201266954162,True,False,1.588218106403314e-17,1.0,"GJR-GARCH(1,1,1)-t"
28697,30.58433971228094,35.54069111999641,True,True,0.0,1.0718454957466229e-16,"GJR-GARCH(1,1,1)-t"
28737,13.977800121665135,18.934151529380607,True,False,0.0,1.0,"GJR-GARCH(1,1,1)-t"
28745,15.550543622975633,20.506895030691105,True,True,0.27237971362908414,0.0,"GJR-GARCH(1,1,1)-t"
28757,12.729532674018714,17.685884081734184,True,False,0.0,0.999999999999936,"GJR-GARCH(1,1,1)-t"
28761,36.85511431793207,41.81146572564754,True,True,1.973418894994831e-15,0.2745449163354326,"GJR-GARCH(1,1,1)-t"
28770,36.49968753258201,41.456038940297475,True,True,0.0,6.138391207963895e-16,"GJR-GARCH(1,1,1)-t"
28775,31.6282226835371,36.58457409125257,True,True,0.0,0.9758303523561735,"GJR-GARCH(1,1,1)-t"
28779,-5.976309228866249,-1.0199578211507792,True,False,2.1876220756245846e-16,0.999999999999998,"GJR-GARCH(1,1,1)-t"
28801,63.88106705178165,68.83741845949712,True,True,0.992183081469428,1.3256077254989408e-15,"GJR-GARCH(1,1,1)-t"
28820,42.62087900066168,47.57723040837715,True,True,1.5027380954060588e-21,0.9582616410379111,"GJR-GARCH(1,1,1)-t"
28832,1.483653176711206,6.440004584426676,True,False,7.586486002858183e-15,0.9999999999999772,"GJR-GARCH(1,1,1)-t"
28837,23.921061313831395,28.877412721546868,True,True,0.0,0.6308193891715307,"GJR-GARCH(1,1,1)-t"
28838,24.750420845281987,29.706772252997457,True,False,3.387716072490483e-14,0.9999999999998561,"GJR-GARCH(1,1,1)-t"
28839,18.561514926116356,23.517866333831826,True,True,6.085170359303774e-15,0.28721106407959507,"GJR-GARCH(1,1,1)-t"
28841,17.078674562707427,22.035025970422897,True,True,1.6502513351537377e-16,1.5006668925635038e-15,"GJR-GARCH(1,1,1)-t"
28868,5.622318309348028,10.578669717063498,True,False,0.22979580840209488,0.885102097701202,"GJR-GARCH(1,1,1)-t"
28877,28.17816609698233,33.1345175046978,True,True,2.1486367844615416e-15,0.3147704877795022,"GJR-GARCH(1,1,1)-t"
28880,7.5739052164736265,12.530256624189096,True,False,0.0,1.0,"GJR-GARCH(1,1,1)-t"
28881,11.749503362876558,16.705854770592026,True,False,0.14242640822548883,0.92878679588724,"GJR-GARCH(1,1,1)-t"
28896,12.137024161954049,17.09337556966952,True,False,2.6543406444701434e-15,0.9999999999999947,"GJR-GARCH(1,1,1)-t"
28898,23.69871732478751,28.655068732502976,True,True,0.252159335041818,0.26354196202845986,"GJR-GARCH(1,1,1)-t"
28930,44.77216710729796,49.728518515013434,True,True,1.6980602892938224e-14,2.0463291793711026e-18,"GJR-GARCH(1,1,1)-t"
28932,30.635691767142614,35.592043174858084,True,True,1.2017632191117542e-13,0.9680545371887194,"GJR-GARCH(1,1,1)-t"
28958,14.594737615439291,19.551089023154763,True,True,0.39217669083876544,2.3937880304666764e-12,"GJR-GARCH(1,1,1)-t"
28959,-2.307812692796304,2.648538714919166,True,True,1.3651572946229227e-16,0.8098922760528644,"GJR-GARCH(1,1,1)-t"
28963,-7.455300786804941,-2.4989493790894706,True,True,0.0,0.0,"GJR-GARCH(1,1,1)-t"
28969,-14.762297930087051,-9.805946522371581,True,True,0.4505702382555511,2.6801268717060906e-16,"GJR-GARCH(1,1,1)-t"
28983,9.926139486697352,14.882490894412822,True,True,0.0,1.3457004308775085e-12,"GJR-GARCH(1,1,1)-t"
28992,13.956410929378876,18.912762337094346,True,True,0.0,0.7565809841057668,"GJR-GARCH(1,1,1)-t"
28993,-7.367110707574483,-2.410759299859013,True,False,0.0,1.0,"GJR-GARCH(1,1,1)-t"
29003,-15.99635051159462,-11.03999910387915,True,False,3.638083038720136e-15,0.9999999999999964,"GJR-GARCH(1,1,1)-t"
29005,-2.730714306219525,2.225637101495945,True,False,0.022145416287569848,0.9889272918562134,"GJR-GARCH(1,1,1)-t"
29012,-8.467810353795013,-3.511458946079543,True,False,8.061477742795838e-15,0.9999999999999781,"GJR-GARCH(1,1,1)-t"
29026,15.533336391430902,20.489687799146374,True,True,8.6162998665769e-14,0.961931615969035,"GJR-GARCH(1,1,1)-t"
29037,20.56229309682729,25.518644504542763,True,True,0.0,0.8365400351752864,"GJR-GARCH(1,1,1)-t"
29046,10.906183879099249,15.862535286814719,True,True,3.754494177376417e-13,5.4805959175927415e-14,"GJR-GARCH(1,1,1)-t"
29048,18.709311627414507,23.66566303512998,True,True,2.217990277030301e-18,0.6183158596064646,"GJR-GARCH(1,1,1)-t"
29054,-14.228375595173954,-9.272024187458484,True,True,1.8873239007980283e-21,0.8480956579879257,"GJR-GARCH(1,1,1)-t"
29064,0.1655863365472019,5.121937744262672,True,False,0.9999999999999905,3.972728447819754e-15,"GJR-GARCH(1,1,1)-t"
29089,18.389293467463936,23.34564487517941,True,False,0.681518871656263,0.5870387537408004,"GJR-GARCH(1,1,1)-t"
29106,51.37943373121953,56.335785138934995,True,False,2.219666493608926e-13,0.9999999999992618,"GJR-GARCH(1,1,1)-t"
29120,5.777597807399282,10.733949215114752,True,True,0.0,0.6878603056334135,"GJR-GARCH(1,1,1)-t"
29138,8.097688236140794,13.054039643856264,True,True,9.975993772731035e-17,0.7382349316955713,"GJR-GARCH(1,1,1)-t"
29139,14.592359155308458,19.548710563023928,True,True,1.1581186028011065e-14,0.9710137296388597,"GJR-GARCH(1,1,1)-t"
29145,46.30631746990241,51.262668877617884,True,True,1.3731356629258637e-18,0.9430704090499143,"GJR-GARCH(1,1,1)-t"
29149,16.551369852131113,21.507721259846583,True,True,0.258314716048108,0.6003938982357531,"GJR-GARCH(1,1,1)-t"
29150,28.541645143183473,33.49799655089895,True,False,0.8920008620199501,0.5141559229507258,"GJR-GARCH(1,1,1)-t"
29171,17.763508681508043,22.719860089223513,True,True,0.48059723682446137,1.9419229910959506e-16,"GJR-GARCH(1,1,1)-t"
29219,26.326370519386167,31.28272192710164,True,True,0.0,0.9894445882090516,"GJR-GARCH(1,1,1)-t"
29226,-1.3824102252250423,3.5739411824904277,True,True,0.327518849902462,0.120120354668073,"GJR-GARCH(1,1,1)-t"
29228,-8.21445234567054,-3.2581009379550707,True,False,4.8708096292242904e-14,0.9996408797255996,"GJR-GARCH(1,1,1)-t"
29239,9.478745831668608,14.435097239384078,True,True,0.3270921378340349,0.0,"GJR-GARCH(1,1,1)-t"
29240,65.01803485162283,69.9743862593383,True,True,1.1340764377741769e-14,0.629388567906076,"GJR-GARCH(1,1,1)-t"
29246,-0.9750699100894096,3.9812814976260604,True,True,6.978761354635115e-15,0.3904322886138098,"GJR-GARCH(1,1,1)-t"
29252,-11.896452066930035,-6.940100659214565,True,False,0.25016950995734816,0.8595961315490913,"GJR-GARCH(1,1,1)-t"
29267,25.354322686200796,30.310674093916262,True,True,2.1429672207045508e-14,0.32948672187666,"GJR-GARCH(1,1,1)-t"
29271,18.59494810912251,23.55129951683798,True,True,0.04474152577130704,2.1727538223717508e-16,"GJR-GARCH(1,1,1)-t"
29280,0.44966004559338835,5.406011453308858,True,False,1.0,0.09104378340005753,"GJR-GARCH(1,1,1)-t"
29296,6.466535194348178,11.422886602063649,True,True,0.0,0.4639175817615565,"GJR-GARCH(1,1,1)-t"
29302,33.499756301155344,38.45610770887082,True,True,1.6170805102713917e-13,0.8718848068380266,"GJR-GARCH(1,1,1)-t"
29316,19.43916315227622,24.39551455999169,True,True,0.18606862859590295,8.912048806301134e-16,"GJR-GARCH(1,1,1)-t"
29330,15.755925281199731,20.7122766889152,True,True,8.736902002765275e-15,0.7462829113780398,"GJR-GARCH(1,1,1)-t"
29336,11.792688812237797,16.749040219953265,True,True,8.68602475162098e-20,0.42224157733015316,"GJR-GARCH(1,1,1)-t"
29337,46.89904243875006,51.85539384646553,True,True,8.825723727720086e-14,0.9381419959910964,"GJR-GARCH(1,1,1)-t"
29362,-10.306411596077371,-5.350060188361901,True,True,0.0036903838544963467,0.9659290492648789,"GJR-GARCH(1,1,1)-t"
29374,37.631926254905,42.58827766262047,True,True,0.0,0.0,"GJR-GARCH(1,1,1)-t"
29375,12.824713134843448,17.78106454255892,True,True,4.16315686961589e-15,0.5680362742025127,"GJR-GARCH(1,1,1)-t"
29380,36.51184443448007,41.46819584219554,True,False,1.0,0.47642839169426526,"GJR-GARCH(1,1,1)-t"
29429,1.0999087509708332,6.056260158686303,True,True,2.942851397058972e-14,0.6944964700279659,"GJR-GARCH(1,1,1)-t"
29431,75.58101722892232,80.5373686366378,True,True,0.7295003190879429,9.71273592938597e-13,"GJR-GARCH(1,1,1)-t"
29441,3.103642502340186,8.059993910055656,True,True,0.0,0.7287043456152543,"GJR-GARCH(1,1,1)-t"
29445,-3.4670857154375874,1.4892656922778826,True,False,0.9999999999996589,0.5000000000007966,"GJR-GARCH(1,1,1)-t"
29448,-4.925910052155579,0.03044135555989058,True,True,4.876997706958336e-17,0.7837289162167153,"GJR-GARCH(1,1,1)-t"
29480,-14.110517873633242,-9.154166465917772,True,True,3.50282073528341e-18,0.8313969406777214,"GJR-GARCH(1,1,1)-t"
29494,-10.844301431678552,-5.887950023963082,True,True,6.4673796943855624e-15,0.9271674546479078,"GJR-GARCH(1,1,1)-t"
29504,4.95916661911132,9.91551802682679,True,True,0.0,0.9469112216618597,"GJR-GARCH(1,1,1)-t"
29507,-3.622336713232393,1.334014694483077,True,True,0.0,2.094261592507995e-07,"GJR-GARCH(1,1,1)-t"
29515,25.735974049754546,30.69232545747002,True,True,8.908867180613864e-15,0.9720905386125065,"GJR-GARCH(1,1,1)-t"
29517,13.093421917995812,18.049773325711282,True,True,1.1501937295197233e-14,6.072910216445378e-14,"GJR-GARCH(1,1,1)-t"
29548,21.147159750510795,26.10351115822626,True,True,0.0,0.9464057744380796,"GJR-GARCH(1,1,1)-t"
29554,16.514727187971594,21.471078595687068,True,True,0.0,0.877422280595937,"GJR-GARCH(1,1,1)-t"
29568,-0.42895202979832625,4.527399377917144,True,True,0.0,3.1863352282565386e-20,"GJR-GARCH(1,1,1)-t"
29570,15.63378291981878,20.59013432753425,True,True,7.762721770617055e-12,0.8824072876693135,"GJR-GARCH(1,1,1)-t"
29577,-6.798483079741644,-1.8421316720261736,True,True,0.187707548445439,0.35221650651452613,"GJR-GARCH(1,1,1)-t"
29583,12.930557219053899,17.88690862676937,True,True,8.33696863126129e-15,0.9460775927390768,"GJR-GARCH(1,1,1)-t"
29590,15.972525846650303,20.928877254365773,True,True,0.0,0.7060340549881702,"GJR-GARCH(1,1,1)-t"
29592,14.422225579065127,19.378576986780597,True,True,0.09577941037775227,3.0651280254668027e-15,"GJR-GARCH(1,1,1)-t"
29608,7.612662778179785,12.569014185895256,True,True,1.5874561819865995e-16,1.4433793581060164e-06,"GJR-GARCH(1,1,1)-t"
29614,13.97932499114431,18.93567639885978,True,True,0.2863328002689918,3.050679484119456e-16,"GJR-GARCH(1,1,1)-t"
29616,-3.7974153058171574,1.1589361018983126,True,False,1.3291073447959552e-18,1.0,"GJR-GARCH(1,1,1)-t"
29634,11.317748770364934,16.274100178080403,True,False,0.15593786468500126,0.9220310676371671,"GJR-GARCH(1,1,1)-t"
29644,22.03910033073031,26.99545173844578,True,False,0.0,0.9999999999999868,"GJR-GARCH(1,1,1)-t"
29649,-4.113873234937618,0.8424781727778523,True,True,0.0,0.7489040600352459,"GJR-GARCH(1,1,1)-t"
29656,-0.9564466304926942,3.999904777222776,True,True,0.0,2.9878120840447105e-10,"GJR-GARCH(1,1,1)-t"
29664,4.6670002736913805,9.62335168140685,True,True,0.8499374397489621,2.0762503965694886e-15,"GJR-GARCH(1,1,1)-t"
29672,35.957878124817924,40.9142295325334,True,False,0.9083539491266212,0.5458230254366835,"GJR-GARCH(1,1,1)-t"
29676,11.868340961005416,16.824692368720886,True,True,0.10495675539928481,5.306680955504576e-12,"GJR-GARCH(1,1,1)-t"
29679,25.594530484853202,30.550881892568672,True,True,1.783123378678917e-17,7.739559402298294e-16,"GJR-GARCH(1,1,1)-t"
29692,16.966198929851316,21.922550337566786,True,False,0.1093564499601371,0.936564632853986,"GJR-GARCH(1,1,1)-t"
29716,15.609296831837673,20.56564823955314,True,False,0.1437641618065891,0.8757002919934289,"GJR-GARCH(1,1,1)-t"
29740,-3.2768265692926626,1.6795248384228074,True,True,0.1951667273995599,0.0,"GJR-GARCH(1,1,1)-t"
29746,1.6894768710372752,6.645828278752745,True,True,2.180525446803356e-16,0.9829212009993772,"GJR-GARCH(1,1,1)-t"
29761,0.44814384160150134,5.404495249316971,True,True,2.1722684644491588e-13,0.9761461674090983,"GJR-GARCH(1,1,1)-t"
29775,35.63430920468725,40.590660612402715,True,True,0.0,0.2564980675979747,"GJR-GARCH(1,1,1)-t"
29786,19.09660674553423,24.052958153249698,True,True,0.0,7.173616307214833e-10,"GJR-GARCH(1,1,1)-t"
29791,11.054891785602628,16.011243193318098,True,False,0.9616352383388169,0.1989518523680434,"GJR-GARCH(1,1,1)-t"
29793,5.78035422017653,10.736705627892,True,False,3.677441798264377e-15,0.9999999999999934,"GJR-GARCH(1,1,1)-t"
29802,55.32911359146469,60.285464999180164,True,False,2.1050708699986545e-17,0.9999999999999999,"GJR-GARCH(1,1,1)-t"
29819,16.097328837820015,21.053680245535485,True,True,5.973529789791833e-13,0.9523411893170286,"GJR-GARCH(1,1,1)-t"
29823,5.900352651826422,10.856704059541892,True,True,8.766020672066015e-14,2.499875608795015e-11,"GJR-GARCH(1,1,1)-t"
29824,-13.913628424468264,-8.957277016752794,True,True,3.4190876453742208e-15,0.965960779486376,"GJR-GARCH(1,1,1)-t"
29828,14.78510213020808,19.74145353792355,True,True,5.930743665272454e-15,0.27146449088828495,"GJR-GARCH(1,1,1)-t"
29842,10.828345249792392,15.784696657507862,True,True,4.4016222987189834e-17,6.718052682452677e-17,"GJR-GARCH(1,1,1)-t"
29850,19.731067507841242,24.687418915556712,True,False,6.658378113715989e-17,0.9999999999999994,"GJR-GARCH(1,1,1)-t"
29853,4.478793395492993,9.435144803208463,True,True,7.028988984858656e-15,0.8420846266671822,"GJR-GARCH(1,1,1)-t"
29871,-9.323627231537834,-4.367275823822364,True,False,2.2265217506404883e-06,0.9999988866067311,"GJR-GARCH(1,1,1)-t"
29872,7.99462564028074,12.95097704799621,True,True,0.47070768824825243,1.6727985690311198e-17,"GJR-GARCH(1,1,1)-t"
29875,20.340249055979996,25.296600463695466,True,True,0.0,0.0,"GJR-GARCH(1,1,1)-t"
29880,25.07062186384452,30.02697327155999,True,False,1.0091131692259754e-15,1.0,"GJR-GARCH(1,1,1)-t"
29885,-6.99304758565955,-2.03669617794408,True,True,1.4498226696692348e-18,5.869649020545374e-18,"GJR-GARCH(1,1,1)-t"
29889,41.422167519428825,46.37851892714429,True,False,1.0,0.0,"GJR-GARCH(1,1,1)-t"
29906,30.95122839269893,35.907579800414396,True,False,1.0,0.0,"GJR-GARCH(1,1,1)-t"
29930,9.968054434462928,14.924405842178398,True,True,1.5166121408760207e-14,0.7637325379195287,"GJR-GARCH(1,1,1)-t"
29932,40.80836658884047,45.764717996555945,True,False,0.9999999999999994,0.2784518757206379,"GJR-GARCH(1,1,1)-t"
29941,3.5883537543109476,8.544705162026418,True,False,0.0,1.0,"GJR-GARCH(1,1,1)-t"
29943,11.14348072389554,16.09983213161101,True,True,0.030151566515290416,2.5528852821919506e-18,"GJR-GARCH(1,1,1)-t"
29944,33.45312192599481,38.40947333371028,True,False,0.0,0.9999999999998949,"GJR-GARCH(1,1,1)-t"
29947,10.464284094334664,15.420635502050134,True,True,2.4944337955525118e-15,0.9952930419665925,"GJR-GARCH(1,1,1)-t"
29965,6.658615041588403,11.614966449303873,True,True,9.11175982094881e-19,3.138415451166328e-14,"GJR-GARCH(1,1,1)-t"
29972,8.787815294995335,13.744166702710805,True,True,9.447178813609775e-18,0.7201937552315849,"GJR-GARCH(1,1,1)-t"
29974,26.470217117541345,31.426568525256815,True,True,6.108429631998227e-13,3.264252130778501e-11,"GJR-GARCH(1,1,1)-t"
29990,5.718729803833771,10.67508121154924,True,True,0.15729445315807342,1.370096532399014e-15,"GJR-GARCH(1,1,1)-t"
29997,3.0810291317026586,8.037380539418129,True,False,0.0,1.0,"GJR-GARCH(1,1,1)-t"
30013,21.475461682040567,26.431813089756037,True,True,8.576041078724377e-15,0.6743142366916075,"GJR-GARCH(1,1,1)-t"
30023,-7.792482443903303,-2.836131036187833,True,True,0.336655294115097,0.19728122317818608,"GJR-GARCH(1,1,1)-t"
30040,-15.739533875820253,-10.783182468104783,True,True,1.574624399922201e-16,0.1700351547413125,"GJR-GARCH(1,1,1)-t"
30050,-10.861304864505538,-5.904953456790068,True,True,0.0,4.310153861993252e-21,"GJR-GARCH(1,1,1)-t"
30063,13.363267067451808,18.319618475167278,True,True,0.7022249002008543,6.133867380404533e-10,"GJR-GARCH(1,1,1)-t"
30078,0.7069428546318903,5.66329426234736,True,True,8.170519857056241e-17,0.8031587341578812,"GJR-GARCH(1,1,1)-t"
30103,53.12307314018308,58.079424547898554,True,True,6.688101347278677e-18,0.9351307919907016,"GJR-GARCH(1,1,1)-t"
30106,42.17926530408893,47.1356167118044,True,True,8.850375451268241e-13,9.47367931797783e-12,"GJR-GARCH(1,1,1)-t"
30125,-4.966493670717583,-0.010142263002112628,True,False,1.7413298481034756e-19,1.0,"GJR-GARCH(1,1,1)-t"
30128,81.30119102856352,86.257542436279,True,True,6.835010686811131e-13,0.9808802651582074,"GJR-GARCH(1,1,1)-t"
30134,-5.666571119294478,-0.7102197115790077,True,False,4.1105334032934566e-16,1.0,"GJR-GARCH(1,1,1)-t"
30169,-0.045430839676757984,4.910920568038712,True,False,0.0,1.0,"GJR-GARCH(1,1,1)-t"
30177,-5.372877245522989,-0.4165258378075194,True,True,6.221815747711065e-09,0.9566614189559056,"GJR-GARCH(1,1,1)-t"
30183,32.925076589740264,37.88142799745573,True,False,0.9999999999897873,4.475129062151373e-12,"GJR-GARCH(1,1,1)-t"
30208,30.40230134761308,35.35865275532855,True,True,8.244468931013099e-15,0.13449045258763026,"GJR-GARCH(1,1,1)-t"
30210,10.238812610923306,15.195164018638776,True,True,0.24010376278862713,0.4134523892201873,"GJR-GARCH(1,1,1)-t"
30212,21.266522690484642,26.222874098200112,True,True,0.04133515128351495,8.705304339125158e-15,"GJR-GARCH(1,1,1)-t"
30215,8.254692482930325,13.211043890645795,True,True,2.1480228534454225e-10,0.9272942773308528,"GJR-GARCH(1,1,1)-t"
30224,-12.148709411278663,-7.192358003563193,True,True,0.3841547300640051,0.0,"GJR-GARCH(1,1,1)-t"
30225,5.380823696826791,10.337175104542261,True,True,6.581629546334423e-15,2.3275718246293744e-12,"GJR-GARCH(1,1,1)-t"
30232,0.4817509355664651,5.438102343281935,True,True,0.9842398799485822,1.0392465116605981e-17,"GJR-GARCH(1,1,1)-t"
30244,6.477029930414874,11.433381338130344,True,True,6.591371727427303e-16,0.9914652738083959,"GJR-GARCH(1,1,1)-t"
30250,19.85807986727728,24.81443127499275,True,False,0.9999999749699606,1.3690139075337741e-08,"GJR-GARCH(1,1,1)-t"
30256,18.170005798767228,23.126357206482698,True,True,0.0,0.9239701648711621,"GJR-GARCH(1,1,1)-t"
30272,31.407925511101677,36.36427691881715,True,True,0.0,0.6686945971163417,"GJR-GARCH(1,1,1)-t"
30276,21.769154147604375,26.72550555531985,True,True,4.333570445434805e-15,0.9383851609985203,"GJR-GARCH(1,1,1)-t"
30279,25.581818402301774,30.538169810017244,True,True,4.098535982041039e-19,0.9571977384153997,"GJR-GARCH(1,1,1)-t"
30303,18.505713411819503,23.462064819534973,True,True,4.001362145295808e-22,0.13063734382451564,"GJR-GARCH(1,1,1)-t"
30304,-0.24292921516816612,4.713422192547304,True,True,2.404237260305893e-15,0.29466998831744884,"GJR-GARCH(1,1,1)-t"
30312,8.429158505500949,13.385509913216419,True,True,0.0,0.9463610324912807,"GJR-GARCH(1,1,1)-t"
30313,8.211233203616803,13.167584611332273,True,False,6.037821072337261e-13,0.9999999999982746,"GJR-GARCH(1,1,1)-t"
30325,27.487912385220692,32.44426379293616,True,False,2.892893266371671e-15,0.9999999999999938,"GJR-GARCH(1,1,1)-t"
30327,19.884389886935995,24.840741294651465,True,True,6.182039369638126e-17,0.9876697911168011,"GJR-GARCH(1,1,1)-t"
30328,4.682275355057428,9.638626762772898,True,True,1.265537953144029e-08,0.9764787697986529,"GJR-GARCH(1,1,1)-t"
30334,-18.33390003739376,-13.37754862967829,True,True,0.0,2.4353802551999653e-20,"GJR-GARCH(1,1,1)-t"
30339,28.068128675321198,33.024480083036664,True,True,6.411919027141699e-16,0.9644396195596511,"GJR-GARCH(1,1,1)-t"
30341,8.714230264439086,13.670581672154556,True,True,5.825402203605363e-16,1.0475805060783406e-15,"GJR-GARCH(1,1,1)-t"
30350,-8.080210311617797,-3.1238589039023275,True,True,0.18497787805100624,2.7179472978158193e-15,"GJR-GARCH(1,1,1)-t"
30357,15.709148558560637,20.66549996627611,True,True,3.2771006471550833e-12,0.9368423654173647,"GJR-GARCH(1,1,1)-t"
30366,32.67390143641454,37.63025284413001,True,False,0.0,1.0,"GJR-GARCH(1,1,1)-t"
30370,-6.528214756301324,-1.571863348585854,True,True,1.1754187333182e-10,0.9750694602222651,"GJR-GARCH(1,1,1)-t"
30376,5.521380327661749,10.477731735377219,True,True,3.362906911497157e-14,0.5820399496977449,"GJR-GARCH(1,1,1)-t"
30379,9.11271929070541,14.06907069842088,True,True,0.40464153930175856,6.608179493669802e-19,"GJR-GARCH(1,1,1)-t"
30383,2.9966798502337735,7.9530312579492435,True,False,0.9999999999999999,1.5174118462906743e-16,"GJR-GARCH(1,1,1)-t"
30384,10.553109426218143,15.509460833933613,True,True,0.29884823521645415,0.5061343758165351,"GJR-GARCH(1,1,1)-t"
30405,-8.125047415994452,-3.1686960082789817,True,True,4.913303690787602e-14,1.9241611037778752e-12,"GJR-GARCH(1,1,1)-t"
30412,34.21292517510606,39.169276582821524,True,True,0.4857936387933791,9.613165598311817e-13,"GJR-GARCH(1,1,1)-t"
30416,33.56322839321005,38.51957980092553,True,False,0.9999999999999896,3.282183426160159e-15,"GJR-GARCH(1,1,1)-t"
30430,32.95902870102504,37.91538010874051,True,True,5.737612699972924e-15,0.6027683294246974,"GJR-GARCH(1,1,1)-t"
30443,0.29357927360165803,5.249930681317128,True,True,1.4589414532448263e-13,0.9481117131236132,"GJR-GARCH(1,1,1)-t"
30454,18.767149877279067,23.723501284994533,True,False,0.6344523715404948,0.629444375552448,"GJR-GARCH(1,1,1)-t"
30456,8.384494153227065,13.340845560942535,True,True,3.013438966248887e-11,0.9953765628370084,"GJR-GARCH(1,1,1)-t"
30471,-4.801113595425946,0.15523781228952416,True,True,0.0,0.9984264652114322,"GJR-GARCH(1,1,1)-t"
30474,33.60378306757916,38.56013447529463,True,True,0.0,4.358249990865855e-15,"GJR-GARCH(1,1,1)-t"
30492,13.019425768472207,17.975777176187677,True,True,0.14478873628569436,6.843364661254493e-15,"GJR-GARCH(1,1,1)-t"
30494,0.09166124015586341,5.048012647871333,True,True,0.471276419939923,0.09213402649035246,"GJR-GARCH(1,1,1)-t"
30498,44.84193637228307,49.798287779998546,True,True,0.460889318232562,1.8664389323947365e-16,"GJR-GARCH(1,1,1)-t"
30512,-1.242897222353541,3.713454185361929,True,True,1.9311604782655873e-18,0.5051333382355065,"GJR-GARCH(1,1,1)-t"
30521,-15.765312585258439,-10.808961177542969,True,True,7.444117466811199e-16,0.0,"GJR-GARCH(1,1,1)-t"
30527,14.533046108905154,19.489397516620624,True,False,2.1064404894763428e-17,1.0,"GJR-GARCH(1,1,1)-t"
30547,16.287351310316595,21.243702718032065,True,True,0.0,0.7566987503319598,"GJR-GARCH(1,1,1)-t"
30569,42.23166984277114,47.188021250486614,True,False,0.9999999999999196,8.242300556883246e-14,"GJR-GARCH(1,1,1)-t"
30585,32.87679948380629,37.833150891521754,True,False,2.889517346783824e-15,0.9999999999999453,"GJR-GARCH(1,1,1)-t"
30597,2.7358334507691726,7.692184858484643,True,True,2.834060313287981e-18,0.1590138587951432,"GJR-GARCH(1,1,1)-t"
30598,7.397897948541388,12.354249356256858,True,True,0.10178823731409632,5.688394730450048e-15,"GJR-GARCH(1,1,1)-t"
30604,15.918413436396046,20.874764844111517,True,True,2.990767598786438e-15,0.4066502570376365,"GJR-GARCH(1,1,1)-t"
30609,18.38008365694732,23.336435064662787,True,True,0.868886240954108,4.2339419561730437e-13,"GJR-GARCH(1,1,1)-t"
30620,15.571059233534383,20.527410641249855,True,True,0.7038356070723045,0.18844183856138844,"GJR-GARCH(1,1,1)-t"
30624,1.5657689612963086,6.522120369011779,True,False,2.4626549928591544e-17,0.9999999999999999,"GJR-GARCH(1,1,1)-t"
30638,34.020679256442236,38.97703066415771,True,False,3.0406634822140424e-15,0.9999999999999658,"GJR-GARCH(1,1,1)-t"
30641,10.14788345397349,15.10423486168896,True,True,5.958901901135665e-16,0.8673713300290921,"GJR-GARCH(1,1,1)-t"
30657,48.9074459609205,53.86379736863597,True,True,0.0,0.9906758354064038,"GJR-GARCH(1,1,1)-t"
30658,26.747031030492074,31.70338243820754,True,False,0.6672646871352753,0.6658560667125206,"GJR-GARCH(1,1,1)-t"
30692,-2.715168582065594,2.241182825649876,True,True,0.2542949866748654,0.4130864648520994,"GJR-GARCH(1,1,1)-t"
30700,44.194797550504646,49.15114895822012,True,True,0.0,0.9780810235237989,"GJR-GARCH(1,1,1)-t"
30720,61.98385265529821,66.94020406301368,True,True,0.0,0.03842481419033576,"GJR-GARCH(1,1,1)-t"
30729,0.007842194305165862,4.964193602020636,True,True,0.385100025679271,0.2646696798804231,"GJR-GARCH(1,1,1)-t"
30730,-16.48700180123006,-11.530650393514591,True,False,3.7478325446648796e-15,0.9999999999999485,"GJR-GARCH(1,1,1)-t"
30733,18.549764575203177,23.50611598291865,True,True,0.14828901368841899,0.0,"GJR-GARCH(1,1,1)-t"
30748,-1.6961967013772394,3.2601547063382306,True,False,1.0,0.3164870468177482,"GJR-GARCH(1,1,1)-t"
30750,24.07736844542611,29.03371985314158,True,True,1.031909417246023e-11,0.9262883647858327,"GJR-GARCH(1,1,1)-t"
30774,19.233961502915122,24.190312910630595,True,True,1.0098064231202157e-14,0.7783267838603538,"GJR-GARCH(1,1,1)-t"
30789,30.63758154619591,35.59393295391138,True,True,0.18911276747971964,1.2108662440743734e-14,"GJR-GARCH(1,1,1)-t"
30790,17.72131098760483,22.677662395320297,True,False,1.0,0.0,"GJR-GARCH(1,1,1)-t"
30791,-4.0917066971668135,0.8646447105486565,True,True,0.0,0.5144712123706396,"GJR-GARCH(1,1,1)-t"
30793,8.032361668238671,12.988713075954141,True,True,0.0,0.9270903876570323,"GJR-GARCH(1,1,1)-t"
30794,-14.481089493906222,-9.524738086190752,True,True,0.0,0.9424574627249445,"GJR-GARCH(1,1,1)-t"
30798,-3.9758733976225358,0.9804780100929342,True,True,2.3525408886101285e-14,0.9937875363553389,"GJR-GARCH(1,1,1)-t"
30803,16.448018794603954,21.404370202319424,True,True,0.0,0.8767936282422454,"GJR-GARCH(1,1,1)-t"
30805,-6.755446679063027,-1.7990952713475572,True,True,1.2333763024496496e-16,0.5970119922978937,"GJR-GARCH(1,1,1)-t"
30816,49.20215968929308,54.15851109700856,True,True,2.7842210527827617e-11,0.9612749449247691,"GJR-GARCH(1,1,1)-t"
30824,16.78762941992207,21.743980827637543,True,False,1.0,0.0,"GJR-GARCH(1,1,1)-t"
30852,37.683668530997885,42.64001993871335,True,False,1.4391853058979293e-10,0.9999999987501075,"GJR-GARCH(1,1,1)-t"
30866,-16.973833157102195,-12.017481749386725,True,True,1.4809525998226012e-15,0.017749827890099282,"GJR-GARCH(1,1,1)-t"
30896,4.8043853747130765,9.760736782428546,True,True,2.7528409976752502e-14,0.7332717605701448,"GJR-GARCH(1,1,1)-t"
30908,30.127551547658435,35.0839029553739,True,True,0.09126808988996046,0.7975141841078396,"GJR-GARCH(1,1,1)-t"
30940,-3.087799352088389,1.868552055627081,True,True,0.3073351021284524,0.0,"GJR-GARCH(1,1,1)-t"
30965,10.60917656779371,15.56552797550918,True,False,0.7035048694323138,0.5347237207094009,"GJR-GARCH(1,1,1)-t"
30974,48.558484355189236,53.51483576290471,True,True,0.7228278252342287,5.2910830811785707e-17,"GJR-GARCH(1,1,1)-t"
30986,2.400229458819025,7.356580866534495,True,True,0.0,8.046150430415851e-06,"GJR-GARCH(1,1,1)-t"
30987,22.825032763533283,27.781384171248753,True,True,7.218644299109948e-15,0.6079866266528262,"GJR-GARCH(1,1,1)-t"
30999,-10.23220870584975,-5.27585729813428,True,True,0.0,7.808196934762599e-13,"GJR-GARCH(1,1,1)-t"
31004,14.53065438005726,19.48700578777273,True,False,0.999999999999995,0.4999999999999952,"GJR-GARCH(1,1,1)-t"
31018,18.21108096204102,23.16743236975649,True,True,4.783833473552214e-15,0.06619059173936466,"GJR-GARCH(1,1,1)-t"
31024,-9.384297134257647,-4.427945726542177,True,False,0.0,0.9999106943238224,"GJR-GARCH(1,1,1)-t"
31034,8.531924320418444,13.488275728133914,True,True,1.332790977775475e-16,0.058583281989033384,"GJR-GARCH(1,1,1)-t"
31046,45.26782391843335,50.224175326148824,True,True,1.687627526877362e-14,0.94982641052385,"GJR-GARCH(1,1,1)-t"
31047,9.905296219646566,14.861647627362036,True,False,1.0,0.5000000000000713,"GJR-GARCH(1,1,1)-t"
31054,13.02761966125042,17.98397106896589,True,True,0.0,0.8496833932943113,"GJR-GARCH(1,1,1)-t"
31055,20.660824364260684,25.617175771976157,True,True,1.1829287974382337e-14,0.8018181015225451,"GJR-GARCH(1,1,1)-t"
31059,2.4635533106488836,7.419904718364354,True,True,0.0,0.9291823587547193,"GJR-GARCH(1,1,1)-t"
31060,11.459521800002008,16.41587320771748,True,True,8.122156439900271e-15,0.6792722477450216,"GJR-GARCH(1,1,1)-t"
31068,-5.624126923877135,-0.6677755161616652,True,False,0.0,1.0,"GJR-GARCH(1,1,1)-t"
31071,-19.936182221830578,-14.979830814115108,True,True,0.0,0.9977901314184087,"GJR-GARCH(1,1,1)-t"
31077,2.952366402914846,7.908717810630316,True,False,1.0,0.49999999999997946,"GJR-GARCH(1,1,1)-t"
31083,32.140352253762416,37.09670366147788,True,True,0.0,0.8896853778282998,"GJR-GARCH(1,1,1)-t"
31097,34.20168739543949,39.15803880315496,True,True,0.0,0.778794302827487,"GJR-GARCH(1,1,1)-t"
31113,15.478427130052998,20.43477853776847,True,True,0.0,0.0,"GJR-GARCH(1,1,1)-t"
31119,21.474328097584724,26.430679505300194,True,False,7.568714307837147e-21,1.0,"GJR-GARCH(1,1,1)-t"
31133,22.127522660982816,27.083874068698286,True,True,5.710168001174267e-20,0.5425253371626512,"GJR-GARCH(1,1,1)-t"
31138,0.9532016557502896,5.90955306346576,True,True,2.8375364993018802e-12,0.7326202082976977,"GJR-GARCH(1,1,1)-t"
31144,-0.2730620112878821,4.683289396427588,True,True,0.05056242350839004,0.7197582094663763,"GJR-GARCH(1,1,1)-t"
31155,10.96148206743163,15.9178334751471,True,True,0.08012007045352051,0.8177487629521883,"GJR-GARCH(1,1,1)-t"
31156,2.2766818223892358,7.233033230104706,True,True,3.216931684003894e-11,0.915770159309472,"GJR-GARCH(1,1,1)-t"
31157,13.217477038378279,18.173828446093747,True,True,0.0,0.9729792783400729,"GJR-GARCH(1,1,1)-t"
31170,72.733331299843,77.68968270755846,True,True,1.4622229707593622e-15,0.9063185238662305,"GJR-GARCH(1,1,1)-t"
31173,-15.22691794768528,-10.27056653996981,True,True,8.142748407684796e-19,7.36323017925316e-19,"GJR-GARCH(1,1,1)-t"
31193,-19.869763952468098,-14.913412544752628,True,True,0.0,0.07373613118929964,"GJR-GARCH(1,1,1)-t"
31196,-27.266889524217554,-22.310538116502084,True,True,4.474491583153068e-14,0.4494684788018563,"GJR-GARCH(1,1,1)-t"
31202,0.7312974014188462,5.687648809134316,True,True,2.766062401528256e-14,0.9844425997097436,"GJR-GARCH(1,1,1)-t"
31209,2.709293953767302,7.665645361482772,True,True,1.6364754971847039e-16,0.8640370369738007,"GJR-GARCH(1,1,1)-t"
31214,-23.48485602210482,-18.52850461438935,True,True,0.12124778248064758,0.0,"GJR-GARCH(1,1,1)-t"
31236,16.661222110987282,21.617573518702752,True,True,0.15800783614895025,0.31683242276591245,"GJR-GARCH(1,1,1)-t"
31242,-6.422229772599536,-1.465878364884066,True,True,0.539427851168381,0.0,"GJR-GARCH(1,1,1)-t"
31251,-11.278082415467207,-6.321731007751737,True,True,1.2843008477447823e-14,0.9061904704052632,"GJR-GARCH(1,1,1)-t"
31254,16.318496299053272,21.274847706768742,True,False,1.0981127785667797e-15,0.9999999999999971,"GJR-GARCH(1,1,1)-t"
31258,25.40361667860727,30.35996808632274,True,True,6.607055004705959e-19,7.431252436683424e-18,"GJR-GARCH(1,1,1)-t"
31266,34.85620950279211,39.81256091050758,True,True,1.0489149287559637e-16,0.6973584367544218,"GJR-GARCH(1,1,1)-t"
31267,25.25185079528014,30.208202202995615,True,False,9.727972128382747e-19,1.0,"GJR-GARCH(1,1,1)-t"
31269,9.511751219701653,14.468102627417123,True,True,0.0,0.0,"GJR-GARCH(1,1,1)-t"
31279,-7.366537769267044,-2.410186361551574,True,False,6.085293036010902e-17,1.0,"GJR-GARCH(1,1,1)-t"
31298,31.725871035138624,36.6822224428541,True,True,4.9448969565945084e-17,0.8274958339493579,"GJR-GARCH(1,1,1)-t"
31302,-11.638636609650867,-6.682285201935397,True,True,2.2465377519931656e-19,4.206238329834008e-13,"GJR-GARCH(1,1,1)-t"
31303,9.010959475897904,13.967310883613374,True,False,1.0750327056885353e-10,1.0,"GJR-GARCH(1,1,1)-t"
31306,15.141983526641981,20.09833493435745,True,True,3.7756781368148643e-16,0.7517139405521136,"GJR-GARCH(1,1,1)-t"
31320,15.321490343817157,20.277841751532627,True,True,3.064895407545494e-16,0.0,"GJR-GARCH(1,1,1)-t"
31322,13.847167787153428,18.803519194868898,True,True,0.054587348085063075,0.9121080469655956,"GJR-GARCH(1,1,1)-t"
31324,11.635778383133763,16.592129790849235,True,True,2.6267770741025512e-12,0.9683215777090114,"GJR-GARCH(1,1,1)-t"
31327,9.492321373291102,14.448672781006572,True,False,0.9999999999999988,0.5000000000000012,"GJR-GARCH(1,1,1)-t"
31331,11.72320911495073,16.6795605226662,True,True,1.7952868235319817e-15,0.8525597140422959,"GJR-GARCH(1,1,1)-t"
31337,33.39727255039347,38.35362395810894,True,True,0.0,0.9803023048858536,"GJR-GARCH(1,1,1)-t"
31338,55.406920677962255,60.36327208567772,True,True,5.863325036323456e-19,3.5061479943782065e-18,"GJR-GARCH(1,1,1)-t"
31345,13.108441630631951,18.06479303834742,True,True,3.191455508457311e-14,0.7410887694207658,"GJR-GARCH(1,1,1)-t"
31347,21.65494596347653,26.611297371192,True,False,0.9999999999999403,0.2319356821483616,"GJR-GARCH(1,1,1)-t"
31348,40.35339001294818,45.309741420663656,True,True,6.463578635754316e-15,0.9889163681002693,"GJR-GARCH(1,1,1)-t"
31351,3.21904528950213,8.1753966972176,True,False,0.9999999999972602,7.911916379190557e-13,"GJR-GARCH(1,1,1)-t"
31359,-2.7972010667887943,2.1591503409266757,True,False,2.0714434869886838e-15,0.9999999999999999,"GJR-GARCH(1,1,1)-t"
31380,4.343003117089054,9.299354524804524,True,True,0.3954864476070915,0.5782922381665156,"GJR-GARCH(1,1,1)-t"
31389,8.034271074434514,12.990622482149984,True,False,1.909541111221418e-17,0.9999999999999962,"GJR-GARCH(1,1,1)-t"
31394,46.824689413453726,51.7810408211692,True,True,1.1434139750900008e-13,0.5718127545540979,"GJR-GARCH(1,1,1)-t"
31402,6.796272579705493,11.752623987420963,True,True,1.0726247285459522e-17,0.013085112840363495,"GJR-GARCH(1,1,1)-t"
31404,14.150084978120773,19.106436385836243,True,True,0.0,1.0774691416723737e-13,"GJR-GARCH(1,1,1)-t"
31406,25.919920567298885,30.876271975014355,True,False,0.4650292957776482,0.5364440505874981,"GJR-GARCH(1,1,1)-t"
31412,2.6432473630479514,7.599598770763421,True,True,0.0,0.0022862021719035294,"GJR-GARCH(1,1,1)-t"
31415,20.47310590497551,25.429457312690985,True,True,1.588492044542981e-12,2.8181562239839355e-11,"GJR-GARCH(1,1,1)-t"
31433,-17.251201744181387,-12.294850336465917,True,True,0.6346895652977742,0.009664310172857604,"GJR-GARCH(1,1,1)-t"
31434,0.15497197012655128,5.111323377842021,True,True,0.6499670117843038,0.3382409103178527,"GJR-GARCH(1,1,1)-t"
31439,-2.2428585959476024,2.7134928117678676,True,False,0.7058823420645397,0.6470588106141101,"GJR-GARCH(1,1,1)-t"
31443,5.323965204961395,10.280316612676865,True,False,1.2247344930967225e-12,0.9999999999558016,"GJR-GARCH(1,1,1)-t"
31456,-21.053072548854736,-16.096721141139266,True,True,6.969968547237133e-13,0.9099466443215003,"GJR-GARCH(1,1,1)-t"
31462,12.782985297170807,17.739336704886277,True,False,5.931013249918115e-15,0.9999999999999962,"GJR-GARCH(1,1,1)-t"
31463,2.7188021478017017,7.675153555517172,True,True,2.1371833732875056e-19,0.3204478740461907,"GJR-GARCH(1,1,1)-t"
31471,0.44108027778296055,5.3974316854984306,True,True,0.0,0.9606679556114865,"GJR-GARCH(1,1,1)-t"
31482,23.645600864823734,28.601952272539204,True,True,0.0,0.770409196866959,"GJR-GARCH(1,1,1)-t"
31497,11.204287452955207,16.160638860670677,True,True,0.1884706492348936,1.155893289312542e-16,"GJR-GARCH(1,1,1)-t"
31522,9.2294650169875,14.18581642470297,True,True,2.1595413823367682e-15,0.7863747731103544,"GJR-GARCH(1,1,1)-t"
31527,4.65600661276161,9.61235802047708,True,True,0.0,0.9532166941988494,"GJR-GARCH(1,1,1)-t"
31528,67.06382440638538,72.02017581410084,True,True,0.0,0.9753548141935631,"GJR-GARCH(1,1,1)-t"
31554,9.671403114160787,14.627754521876257,True,True,0.2908626350285533,3.709292871316379e-12,"GJR-GARCH(1,1,1)-t"
31570,-10.262675990929065,-5.306324583213595,True,True,0.8592623678777123,6.047903224725127e-14,"GJR-GARCH(1,1,1)-t"
31572,16.81083196278967,21.76718337050514,True,True,0.40430825685527577,0.4809294266105708,"GJR-GARCH(1,1,1)-t"
31587,10.320275914660776,15.276627322376246,True,True,0.0,0.9572548642826445,"GJR-GARCH(1,1,1)-t"
31595,12.636036886810547,17.592388294526017,True,True,5.3890234723869384e-12,0.9832632770541626,"GJR-GARCH(1,1,1)-t"
31601,34.104827647176066,39.06117905489154,True,True,4.2248014912406614e-11,0.9822196748559375,"GJR-GARCH(1,1,1)-t"
31609,26.74750333044822,31.70385473816369,True,False,0.999999999999802,1.082251560067255e-13,"GJR-GARCH(1,1,1)-t"
31616,30.040087615364218,34.99643902307969,True,True,0.7248314422713938,1.0227518601559612e-09,"GJR-GARCH(1,1,1)-t"
31627,-2.069868766713533,2.886482641001937,True,True,7.470914558470331e-16,0.05698738335272398,"GJR-GARCH(1,1,1)-t"
31653,-11.217456971955748,-6.261105564240278,True,True,0.5273821176293925,1.869652292606579e-16,"GJR-GARCH(1,1,1)-t"
31656,-4.275961900916215,0.6803895067992549,True,False,0.0,1.0,"GJR-GARCH(1,1,1)-t"
31671,23.4602090858838,28.41656049359927,True,True,0.23822961585809801,1.2677456019180466e-16,"GJR-GARCH(1,1,1)-t"
31689,18.025315425431355,22.981666833146825,True,False,0.19080850506837563,0.904595747465801,"GJR-GARCH(1,1,1)-t"
31701,14.701862305197306,19.658213712912776,True,False,2.3191963047187476e-15,0.9999999999999997,"GJR-GARCH(1,1,1)-t"
31714,21.397611867818444,26.353963275533914,True,True,0.0,0.017315914250277106,"GJR-GARCH(1,1,1)-t"
31719,-1.7762346158153317,3.1801167919001383,True,True,2.6583872834321308e-17,0.0,"GJR-GARCH(1,1,1)-t"
31733,-2.682456934671155,2.273894473044315,True,False,0.0,0.9999999747733219,"GJR-GARCH(1,1,1)-t"
31736,38.48829266199009,43.44464406970556,True,False,0.0,1.0,"GJR-GARCH(1,1,1)-t"
31750,10.050444042162127,15.006795449877597,True,True,4.643979736500371e-16,0.21810352173158548,"GJR-GARCH(1,1,1)-t"
31789,12.773720678462961,17.73007208617843,True,False,0.9999999999999993,7.524758703623678e-17,"GJR-GARCH(1,1,1)-t"
31814,0.5613252290711266,5.517676636786597,True,True,0.043434638946114816,0.0,"GJR-GARCH(1,1,1)-t"
31819,-0.5378529920721835,4.4184984156432865,True,True,0.0,0.6798717223233063,"GJR-GARCH(1,1,1)-t"
31836,-4.559782186356642,0.39656922135882766,True,True,1.4176274804598114e-15,0.43553672235558427,"GJR-GARCH(1,1,1)-t"
31854,27.47118294211817,32.427534349833635,True,False,0.6377952941159849,0.6811023529420067,"GJR-GARCH(1,1,1)-t"
31861,7.8883896711636545,12.844741078879125,True,True,0.462563771395223,0.0,"GJR-GARCH(1,1,1)-t"
31864,34.176430028045964,39.13278143576143,True,False,0.9999999999558072,0.25665771826317374,"GJR-GARCH(1,1,1)-t"
31874,18.548886434930665,23.50523784264614,True,True,0.0,0.9052062802287065,"GJR-GARCH(1,1,1)-t"
31883,7.383998828349217,12.340350236064687,True,True,7.505367206804132e-20,0.7767826128004717,"GJR-GARCH(1,1,1)-t"
31914,45.121036366140274,50.07738777385575,True,True,1.8763931531823146e-13,0.7625751120683477,"GJR-GARCH(1,1,1)-t"
31934,-3.479024724290717,1.477326683424753,True,True,0.5905048587976107,1.873523852231165e-14,"GJR-GARCH(1,1,1)-t"
31941,23.637697367490127,28.594048775205597,True,True,1.0416147643043882e-19,0.15221002750374965,"GJR-GARCH(1,1,1)-t"
31944,0.2211715089474815,5.1775229166629515,True,True,4.2526498310907574e-15,1.4072806575238196e-14,"GJR-GARCH(1,1,1)-t"
31949,31.635983876432373,36.59233528414784,True,True,1.729435502989312e-14,1.6082732273080487e-15,"GJR-GARCH(1,1,1)-t"
31970,-4.594062292744866,0.36228911497060423,True,True,0.0,0.0,"GJR-GARCH(1,1,1)-t"
31984,-14.504430135714252,-9.548078727998782,True,True,0.0,0.5848740600992997,"GJR-GARCH(1,1,1)-t"
32009,46.37547070746527,51.33182211518074,True,False,1.0608538253310417e-16,1.0,"GJR-GARCH(1,1,1)-t"
32012,22.36197404733081,27.31832545504628,True,True,0.6728331495012101,2.7666837592282493e-14,"GJR-GARCH(1,1,1)-t"
32017,-14.25313445451199,-9.29678304679652,True,True,0.18151370925494908,0.03448730536717416,"GJR-GARCH(1,1,1)-t"
32033,18.92485473781559,23.88120614553106,True,True,0.2960161765596331,4.891573321746643e-16,"GJR-GARCH(1,1,1)-t"
32038,11.380075575967009,16.33642698368248,True,True,4.119151469033688e-15,0.9210820294776728,"GJR-GARCH(1,1,1)-t"
32046,-7.6424066310481,-2.6860552233326302,True,False,0.0,1.0,"GJR-GARCH(1,1,1)-t"
32048,4.816349358282318,9.772700765997788,True,True,0.0,0.2546539422133145,"GJR-GARCH(1,1,1)-t"
32053,1.1803665874944542,6.136717995209924,True,True,5.338697968148613e-16,1.8967215399762184e-14,"GJR-GARCH(1,1,1)-t"
32081,-12.060451477061363,-7.104100069345893,True,True,1.7008170870071914e-14,2.4834289014474843e-12,"GJR-GARCH(1,1,1)-t"
32082,9.140734960937584,14.097086368653054,True,False,2.2065625414878667e-15,0.9999999999999885,"GJR-GARCH(1,1,1)-t"
32083,2.244420109520272,7.200771517235742,True,False,2.1239210725860724e-12,1.0,"GJR-GARCH(1,1,1)-t"
32108,2.530558123619162,7.486909531334632,True,True,7.177571790171193e-14,0.7812420156883169,"GJR-GARCH(1,1,1)-t"
32109,18.338898783468668,23.295250191184138,True,True,0.0,0.0,"GJR-GARCH(1,1,1)-t"
32119,11.54333807669365,16.49968948440912,True,True,3.0067638346673726e-10,8.197999847349947e-09,"GJR-GARCH(1,1,1)-t"
32126,-22.852006391411592,-17.895654983696122,True,True,0.0,0.3011778611646919,"GJR-GARCH(1,1,1)-t"
32131,16.66295747141939,21.61930887913486,True,True,0.14011733552057842,0.06847545974420541,"GJR-GARCH(1,1,1)-t"
32134,52.361794801911614,57.31814620962709,True,True,0.0,0.0,"GJR-GARCH(1,1,1)-t"
32155,2.024910269901019,6.981261677616489,True,True,0.0,2.413210524306431e-13,"GJR-GARCH(1,1,1)-t"
32173,42.03876948581427,46.99512089352974,True,False,1.0,0.0,"GJR-GARCH(1,1,1)-t"
32174,-20.99349222833247,-16.037140820617,True,False,0.6111601474553872,0.6944199262815213,"GJR-GARCH(1,1,1)-t"
32175,11.217803439408414,16.174154847123884,True,True,0.0,0.8283103105748422,"GJR-GARCH(1,1,1)-t"
32182,14.370817156981335,19.327168564696805,True,True,0.0,0.0,"GJR-GARCH(1,1,1)-t"
32186,78.56180862086809,83.51816002858357,True,True,1.2181766829591867e-18,0.4321037850774132,"GJR-GARCH(1,1,1)-t"
32195,1.1406480172649403,6.09699942498041,True,False,0.9999999999999132,0.5000000000000292,"GJR-GARCH(1,1,1)-t"
32200,11.161102440080823,16.11745384779629,True,True,1.0272145934326461e-20,0.4387947170010847,"GJR-GARCH(1,1,1)-t"
32205,-1.6458205026636161,3.310530905051854,True,True,0.0,0.7769483204713536,"GJR-GARCH(1,1,1)-t"
32209,28.639838508061327,33.5961899157768,True,True,3.0358520796504814e-16,0.9834902888319572,"GJR-GARCH(1,1,1)-t"
32219,66.1070837844565,71.06343519217198,True,True,1.333409320326669e-19,0.9253858896890147,"GJR-GARCH(1,1,1)-t"
32235,27.99876665991762,32.95511806763309,True,True,0.622709674400188,0.2610816251106244,"GJR-GARCH(1,1,1)-t"
32240,32.11008847076902,37.06643987848449,True,True,0.0,0.9080675214603253,"GJR-GARCH(1,1,1)-t"
32245,28.413643869710903,33.36999527742637,True,True,6.059636217618611e-18,1.0206148734811781e-17,"GJR-GARCH(1,1,1)-t"
32247,44.49497416245022,49.451325570165686,True,False,0.22701068599029417,0.8864946570048562,"GJR-GARCH(1,1,1)-t"
32249,0.387190801653432,5.343542209368902,True,True,4.5039133694951594e-17,6.807050887987001e-17,"GJR-GARCH(1,1,1)-t"
32254,52.50131428446309,57.457665692178566,True,True,0.0,0.6688278707154293,"GJR-GARCH(1,1,1)-t"
32255,45.10453438512249,50.060885792837965,True,True,6.297977218105485e-18,0.8705524281323238,"GJR-GARCH(1,1,1)-t"
32277,3.1665106575132356,8.122862065228706,True,False,0.9999999999999986,7.264381118615943e-16,"GJR-GARCH(1,1,1)-t"
32280,6.830629222302871,11.786980630018341,True,False,1.0,0.0,"GJR-GARCH(1,1,1)-t"
32299,5.2008092347003,10.15716064241577,True,True,0.4083891304219507,0.5068290335724404,"GJR-GARCH(1,1,1)-t"
32322,4.887463214989689,9.843814622705159,True,False,0.5177800636775196,0.7411099681612409,"GJR-GARCH(1,1,1)-t"
32328,-4.696614611453267,0.25973679626220303,True,True,0.0,0.9610810035689689,"GJR-GARCH(1,1,1)-t"
32330,2.7491183881699417,7.705469795885412,True,True,0.0,0.741111723023567,"GJR-GARCH(1,1,1)-t"
32342,41.734666949281745,46.69101835699722,True,True,0.0,0.9205772532202459,"GJR-GARCH(1,1,1)-t"
32352,27.02495042973994,31.98130183745541,True,True,9.548818557612433e-15,0.9521595772829223,"GJR-GARCH(1,1,1)-t"
32361,20.512358042328103,25.46870945004357,True,True,0.0,0.7936986581214817,"GJR-GARCH(1,1,1)-t"
32374,3.6917372677483,8.64808867546377,True,True,1.3222795191726931e-15,0.0,"GJR-GARCH(1,1,1)-t"
32376,2.618430237775204,7.574781645490674,True,False,0.0,1.0,"GJR-GARCH(1,1,1)-t"
32433,2.174220352488904,7.130571760204374,True,True,7.074061045347385e-18,1.2481866967141547e-13,"GJR-GARCH(1,1,1)-t"
32452,14.662881141101256,19.619232548816726,True,True,0.021130674293006683,0.6756421252605751,"GJR-GARCH(1,1,1)-t"
32461,52.37786131397416,57.334212721689624,True,True,9.406568589194415e-14,0.9686033444476769,"GJR-GARCH(1,1,1)-t"
32463,31.630413124161606,36.58676453187708,True,True,0.0,0.869854387326228,"GJR-GARCH(1,1,1)-t"
32466,19.94112362822679,24.89747503594226,True,True,1.22459499064286e-13,0.13956712980720332,"GJR-GARCH(1,1,1)-t"
32470,19.25452758807331,24.210878995788775,True,False,4.8213810510633936e-14,0.9999999999836169,"GJR-GARCH(1,1,1)-t"
32473,-3.507145084035688,1.4492063236797819,True,False,0.9999999999995959,0.43997757135249543,"GJR-GARCH(1,1,1)-t"
32474,20.691460465884152,25.647811873599622,True,False,0.9999999999999969,0.0013449518018498036,"GJR-GARCH(1,1,1)-t"
32534,36.485659018957506,41.44201042667298,True,True,0.6611427199570244,0.09621477094585475,"GJR-GARCH(1,1,1)-t"
32547,-8.755105092601376,-3.798753684885906,True,True,0.0,0.33253424134401244,"GJR-GARCH(1,1,1)-t"
32590,0.6349986614584804,5.59135006917395,True,False,0.0,1.0,"GJR-GARCH(1,1,1)-t"
32596,15.141891199680531,20.098242607396003,True,False,7.274109431045208e-13,0.9999999999324642,"GJR-GARCH(1,1,1)-t"
32597,7.920053962422772,12.876405370138242,True,True,5.763419162061913e-18,0.5577803544022378,"GJR-GARCH(1,1,1)-t"
32611,40.243029214795854,45.19938062251132,True,False,0.0,1.0,"GJR-GARCH(1,1,1)-t"
32614,37.42702808951662,42.383379497232085,True,False,0.0,1.0,"GJR-GARCH(1,1,1)-t"
32631,-6.337524325767834,-1.3811729180523642,True,True,1.2056288704426856e-13,0.9496586009817017,"GJR-GARCH(1,1,1)-t"
32635,17.669769577039286,22.626120984754756,True,True,2.765583651411901e-16,0.8828351362130566,"GJR-GARCH(1,1,1)-t"
32639,52.641047501908766,57.59739890962423,True,False,1.4485115302496844e-13,0.9999999999982221,"GJR-GARCH(1,1,1)-t"
32646,24.754949173046946,29.711300580762416,True,True,8.622153888076038e-20,0.7071407036292892,"GJR-GARCH(1,1,1)-t"
32649,33.566170138035424,38.52252154575089,True,True,0.0,0.9111417548198212,"GJR-GARCH(1,1,1)-t"
32653,-4.966557514616461,-0.01020610690099133,True,False,0.0,1.0,"GJR-GARCH(1,1,1)-t"
32654,29.850274226483766,34.806625634199236,True,False,1.487845722341713e-15,0.9999999999999781,"GJR-GARCH(1,1,1)-t"
32662,15.445565230647743,20.40191663836321,True,True,0.5257117548860315,5.183760560597968e-12,"GJR-GARCH(1,1,1)-t"
32676,18.746230208068337,23.702581615783807,True,True,4.33907230486889e-16,0.602160304630378,"GJR-GARCH(1,1,1)-t"
32680,19.059659813203748,24.016011220919218,True,True,0.0,0.9653981979474788,"GJR-GARCH(1,1,1)-t"
32686,2.4721436587283225,7.4284950664437925,True,True,0.6635231591829343,0.23156108043132287,"GJR-GARCH(1,1,1)-t"
32690,8.894537890474549,13.850889298190019,True,True,0.0,0.9397157419186262,"GJR-GARCH(1,1,1)-t"
32692,17.04854982689026,22.00490123460573,True,True,0.23889371616082303,2.0241075997903105e-17,"GJR-GARCH(1,1,1)-t"
32693,6.8953343394901205,11.85168574720559,True,True,0.0,5.788494962206334e-13,"GJR-GARCH(1,1,1)-t"
32704,29.21636403104263,34.172715438758104,True,False,8.55967931871153e-16,0.9999999999999997,"GJR-GARCH(1,1,1)-t"
32709,19.05852568451612,24.014877092231593,True,True,0.0,0.8244370098824333,"GJR-GARCH(1,1,1)-t"
32712,17.60225655892605,22.55860796664152,True,False,9.66988268332539e-18,0.9999999999999921,"GJR-GARCH(1,1,1)-t"
32724,2.88609742692857,7.84244883464404,True,True,0.8812544740660578,0.0,"GJR-GARCH(1,1,1)-t"
32736,22.128063745709888,27.084415153425358,True,True,0.0,0.103307359690617,"GJR-GARCH(1,1,1)-t"
32739,8.478396492678376,13.434747900393846,True,True,4.74851944917586e-17,0.8077666440946334,"GJR-GARCH(1,1,1)-t"
32746,46.44597880165855,51.402330209374014,True,True,0.15950236032195922,0.527594006504796,"GJR-GARCH(1,1,1)-t"
32748,-12.112195114688898,-7.155843706973428,True,True,1.5028898891691934e-14,8.613740450490699e-11,"GJR-GARCH(1,1,1)-t"
32750,11.679956797234095,16.636308204949565,True,True,1.2892488588574884e-15,0.0,"GJR-GARCH(1,1,1)-t"
32751,19.01918280245434,23.97553421016981,True,True,4.998422366300019e-14,0.8606785832414688,"GJR-GARCH(1,1,1)-t"
32753,6.38523609322379,11.34158750093926,True,True,3.403565599448779e-12,0.8802793592432744,"GJR-GARCH(1,1,1)-t"
32758,6.420668831582041,11.377020239297511,True,True,2.4473940742664868e-18,0.9771876157315569,"GJR-GARCH(1,1,1)-t"
32763,0.49813483203675446,5.4544862397522245,True,False,1.0,0.0,"GJR-GARCH(1,1,1)-t"
32767,-0.4969512095079214,4.459400198207549,True,True,3.403110281864192e-15,1.7683255552351196e-14,"GJR-GARCH(1,1,1)-t"
