time_id,pred_RV,actual_RV,rv_d,rv_w,rv_m,model
9396,0.00029924704814916656,0.0002374360566097541,0.0003180522159995,0.00030039282810982,0.0002998143247516,HAR-RV (OLS)
817,0.0003676770884080086,0.0001790739161502266,0.0002190318934893,0.00022987908860539998,0.00037570482609480626,HAR-RV (OLS)
31047,0.0004008062869154728,0.000506908066880525,0.0005687508190574,0.0003666859494327,0.0003546111147322375,HAR-RV (OLS)
16507,0.0004631796692020437,0.0002877710218495,0.0003783431270591,0.00023165584600053736,0.0002801194151109429,HAR-RV (OLS)
14928,0.00015724139624986237,0.00021723472082112497,5.695845062106457e-05,0.0001866894949378129,0.0002337832934754046,HAR-RV (OLS)
8744,7.32755674238479e-05,0.00025335696303870184,0.0002167847614904,0.00011807686978061762,0.0002473360389216564,HAR-RV (OLS)
6217,0.00034592202733503856,0.0002324499424452,0.0002740786636617,0.00024757412842696,0.00028930659389876873,HAR-RV (OLS)
2000,0.0001695218921501573,0.0003570272092998,0.0004687152210042,0.0002603784304019127,0.00023916819361188203,HAR-RV (OLS)
27886,0.00030895526802419537,0.0002430222244652,0.0003883988258698,0.0002717814894768,0.0002879457123299625,HAR-RV (OLS)
22548,0.00029278995774052535,0.000152999417090926,0.0002167025658518,0.00021840333951987997,0.0002541248204661064,HAR-RV (OLS)
26788,0.00033330684360119634,0.00033081611820365005,0.0004019865436846,0.00034144579163798,0.00036075508322349996,HAR-RV (OLS)
20928,0.00045821197824440565,0.0004150780993765,0.0002880201685374,0.00045891164073676003,0.00045738871366726247,HAR-RV (OLS)
13720,0.0002939687087888769,0.00023293360190375874,0.0002253372217003,0.00025784484398324003,0.00028249903827245624,HAR-RV (OLS)
26849,0.0003331476843254957,0.000305839172550725,0.0002817739765249,0.0003011623136502,0.00031095369709684107,HAR-RV (OLS)
31254,0.0001366148897414838,0.000211903044373025,0.0002344857222618,0.0002886813781554,0.0002127561813568983,HAR-RV (OLS)
16594,0.0002248496084173607,0.0001814301652714334,0.0002109711989369,0.00021925571060102002,0.00024308741387926087,HAR-RV (OLS)
2440,0.0001452233677576725,0.00030758189395275,0.000169708144133,0.00017901348211112,0.00020632936449111898,HAR-RV (OLS)
13560,0.00028375615407785814,0.00021843333162751915,0.00033359204406,0.00017431903799546255,0.00020307745760861855,HAR-RV (OLS)
14738,0.00025353433585737677,0.000284558013017575,0.0002459364375235,0.00026628207951114003,0.00025822399695098463,HAR-RV (OLS)
26763,0.00031323622935674485,0.0002539750728056,0.0002229947738987,0.00028390985115507995,0.0003305986441942718,HAR-RV (OLS)
21614,0.00026122940025941136,0.0002069498043633521,3.2935388068666186e-05,0.00016073212930910576,0.00021377396046585643,HAR-RV (OLS)
25879,0.000281971870223143,6.891132890204856e-05,0.0003433583697476,0.00027770519785218,0.0002245697211572422,HAR-RV (OLS)
12178,0.0002634530741255576,0.00033080301581489996,0.0005357618119542,0.00034192720803774004,0.0003313092051775,HAR-RV (OLS)
28354,0.00026672574099911373,0.00020381281007688436,0.000337465613302,0.00025340297909932127,0.00025659497150645934,HAR-RV (OLS)
19955,0.0003427746337807814,0.00026193329599630744,0.0003793655558104,0.00030344208171824004,0.0002969551235908564,HAR-RV (OLS)
13294,0.00040218800067736153,0.00025855629701257497,0.0002938987647522,0.00036515390929292,0.0003309314725588277,HAR-RV (OLS)
11577,0.00027207144788410614,0.0002064244037276,0.0003179477291366,0.00024584791884257044,0.00017482016371938468,HAR-RV (OLS)
7369,0.0001993039396036186,0.00020382705669414033,0.0003146047027427,0.00027122620204516,0.0002172605055612805,HAR-RV (OLS)
13699,0.00019474904909142488,0.00030741955529560005,0.0003432025688672,0.00022288718695732019,0.00024397360820955393,HAR-RV (OLS)
21103,0.000108998361255609,0.00012658746570460333,5.7208538220008646e-05,0.00013174899796269892,0.00015847122474526028,HAR-RV (OLS)
7512,0.000271043617658696,0.0002507250789712976,0.0001902287094413,0.00022116246175638742,0.00028140232109194604,HAR-RV (OLS)
3211,0.0002378262139995968,0.0003533336654174,0.0001626016271419,0.00029042244654606004,0.0003021452765976352,HAR-RV (OLS)
29037,0.0002335008922917116,0.0002758855268886,0.0002818769885543,0.00021579575948321998,0.0001854997247496654,HAR-RV (OLS)
9947,0.0003808275303065887,0.00034420341386752495,0.0002579009117914,0.00033909500065644005,0.00022633643752264279,HAR-RV (OLS)
31236,0.0004243472886562341,0.00037642674012742497,0.0003369904838789,0.00036571631542073427,0.00040700155603065315,HAR-RV (OLS)
1292,0.0002882521362261144,0.000283246490649225,5.047767087153249e-05,0.0002609132949333865,0.00023598589849425203,HAR-RV (OLS)
152,0.0002130032023177917,0.00011084519768932722,7.595937072629033e-05,0.00020271972791867805,0.00022951626642459314,HAR-RV (OLS)
25639,0.0002598939018786724,0.0001417217115831699,0.0002416287700796,0.00023619788914644,0.0002423709050525262,HAR-RV (OLS)
10616,0.00018889625729737208,0.00023562263242514112,0.0002234678509534,0.00018542913622578367,0.00018564409560892266,HAR-RV (OLS)
4131,0.0008259693483507549,0.00036367024624216475,0.0006278857395195,0.0003150960668220918,0.00041501894163963494,HAR-RV (OLS)
18205,3.8179767060423644e-05,0.00046167597141989996,0.0007879496083171,0.00039192526364385994,0.000378163938506275,HAR-RV (OLS)
17378,0.0003045899937479681,0.00024419500441755,0.0003545793690961,0.00031908081389092,0.00031821022323714375,HAR-RV (OLS)
1521,0.00023891829935505254,0.000474106958600225,0.0005484587354203,0.00034184299586293294,0.0004160729442584665,HAR-RV (OLS)
12533,0.00036807902691575445,0.00029233966386478684,0.0001005930200984,0.00021207678297930813,0.00025358999213025884,HAR-RV (OLS)
13980,0.00016122540585775957,0.00018807872561565,5.410779986610921e-05,0.00023249873127262184,0.0002864442100088193,HAR-RV (OLS)
3130,0.00037697914938528143,0.0003696212881042,0.000379008667064,0.00043610592537381994,0.000407809830090316,HAR-RV (OLS)
6906,0.0003506028570145329,0.000248111799097625,0.0003151175736841,0.00040613146216000005,0.000362419159807825,HAR-RV (OLS)
11264,0.00033938818863891225,0.00031680021930407496,0.000288437270631,0.00032478251234194,0.000422001917962,HAR-RV (OLS)
17117,0.0004300161734532823,0.00024090341888192502,0.0003143253250398,0.00022111274123538314,0.0002494901182786806,HAR-RV (OLS)
30341,0.00019088884572897324,0.000290406794872775,0.0001662960089695,0.00019124514677933997,0.00024762257017178123,HAR-RV (OLS)
27543,0.00021166347455319875,0.00025506973750747503,0.0001712945161351,0.00022575966244865996,0.00021536038664166877,HAR-RV (OLS)
7548,0.0003480020815452607,0.00020627195050625986,0.0001904052013273,0.00040111278104432,0.00048138291339974997,HAR-RV (OLS)
26091,0.0002902923732507088,0.000229898662757925,0.0002890230443736,0.0003621524945075,0.0003146215213965063,HAR-RV (OLS)
26889,0.00026606775493755814,0.00010461416877903865,0.0002890961855087,0.00019637893181550766,0.00023333985685623367,HAR-RV (OLS)
27524,0.0006444963031711031,0.00043460758865359705,0.0004412848394871,0.00043534111941086006,0.0002902514511194253,HAR-RV (OLS)
20265,0.0003297953974540134,0.000383911286627675,0.0002419406421799,0.0002958749636066772,0.0003268655756540616,HAR-RV (OLS)
17112,0.0004061009014286258,0.000217936439146925,4.8879697702051634e-05,0.0002784190728173903,0.0003217077849063095,HAR-RV (OLS)
18077,0.0001239659680849203,0.000385443161032475,0.0004002302413167,0.00027056849486914463,0.00023956858767049547,HAR-RV (OLS)
2656,0.000189462396379154,0.00043383510843907503,0.000183633764555,0.0002550882339146981,0.00027442706664499274,HAR-RV (OLS)
6730,0.0002109843655903271,0.00019848187982923554,0.0001791114395868,0.00019614718836250003,0.00018869260323340058,HAR-RV (OLS)
14176,0.00024100576574506385,0.0001914040293418653,3.8862741140802086e-05,0.00018352490378222044,0.00021723390090081022,HAR-RV (OLS)
103,0.0005069137657498211,0.000402994602419575,0.000455282385056,0.00051819835495432,0.0004925269726452,HAR-RV (OLS)
1948,0.00029601429897113755,0.00026723870489142506,0.0003381025105758,0.00023650989356368,0.0002341251584409375,HAR-RV (OLS)
12182,0.00029313414705111924,0.0003051326577083,0.0002216808300679,0.00032116538196459997,0.0003116800519674261,HAR-RV (OLS)
25359,0.00029844308057571723,0.00038798984604717496,0.0003053718006908,0.00032959408521932,0.0002782419121433063,HAR-RV (OLS)
22513,5.180757221338286e-07,0.0002517766563935411,7.32940587830188e-05,9.545676601987413e-05,0.00020507921485383564,HAR-RV (OLS)
26578,0.0003001264345928797,0.000235631153709125,0.0002588525569515,0.00022766914967923047,0.0002794172721836658,HAR-RV (OLS)
22912,0.0004291471701933599,0.000351154147366075,0.0004111084951655,0.00044976566176363995,0.00042525595950519376,HAR-RV (OLS)
32704,0.0003871400646354872,0.000337568288790275,0.000390511464749,0.0003335320652351392,0.00036971632294507473,HAR-RV (OLS)
23423,0.00042505347744331383,0.00021156988180842217,0.0003907386608613,0.00029396759673821994,0.00027887800424135627,HAR-RV (OLS)
31874,0.0005115765523486168,0.000368103047217925,0.0004448395416442,0.00035958934099098003,0.00038945702198007494,HAR-RV (OLS)
23539,0.00026005352292750945,0.0002771964711631,0.0002842116126721,0.0002643653616813882,0.00024984323567041165,HAR-RV (OLS)
15728,0.00021266474498365029,0.000411105770319875,0.0001833947416253,0.0002224189882845809,0.0003266737197980128,HAR-RV (OLS)
29947,0.00024801212332259273,0.00021536741925897498,0.0002159335645515,0.00028744246369393996,0.0002720376030882315,HAR-RV (OLS)
16731,0.0004032473679801109,0.00033110125356872503,0.0001794345326868,0.00030022148265422,0.00033289207637552504,HAR-RV (OLS)
2867,0.0002926381083548724,0.00025690707206475,7.78467807369802e-05,0.00021608314759357606,0.00025407555923182126,HAR-RV (OLS)
1468,0.00029698047305028543,0.00022826845897159774,0.0002361485067195,0.00033546491040857996,0.00031452730647227523,HAR-RV (OLS)
8365,0.000254152216405253,0.000377034796536225,0.0002222690745492,0.00040473368878394004,0.0003573414502304375,HAR-RV (OLS)
19065,0.0003361340364985868,0.000321449143420175,0.0003094318100757,0.0003621628871276,0.00040847939280025,HAR-RV (OLS)
5846,0.00034435645904158,0.000352690571452125,0.0004769220068206,0.0003755352891929,0.0003514636958722776,HAR-RV (OLS)
11151,0.00024510526109793843,0.00054096037748945,0.0002405331972812,0.00046926955985132,0.0005133960381677437,HAR-RV (OLS)
13503,0.0004924049303414334,0.0005004490189092999,0.0004297479839152,0.00036317010554782,0.0004604559380167688,HAR-RV (OLS)
9096,0.0003759841160036778,0.000226978243892425,0.0002636025940438,0.0002938894969539,0.00028127547020940347,HAR-RV (OLS)
25277,0.00041011176053047324,0.000419722336027725,0.0006270373478297,0.00043450540099716,0.0004378164406753875,HAR-RV (OLS)
7909,0.00024816923201174826,0.000254605773184554,0.0003540228284489,0.0003308033372033012,0.0003115974770049656,HAR-RV (OLS)
5425,0.00030998986012343953,0.000254798162997375,0.0004165602059779,0.00031362194807556,0.00028515012414143825,HAR-RV (OLS)
17528,0.000524650483833097,0.00038592613893414997,0.0003587005875079,0.00048925826911648,0.0004971405628255937,HAR-RV (OLS)
20669,0.00015805125795133389,0.00022839910626910003,0.0002832289383217,0.00022617664612602177,0.00018810338998283537,HAR-RV (OLS)
17672,0.00034147616183402346,0.0003004284652928326,0.0002755711940741,0.0002952634721657787,0.00031530409817320446,HAR-RV (OLS)
26170,0.0002367341279405681,0.0003463982464844,0.0002556669019745,0.00026011361275994,0.000358617039146225,HAR-RV (OLS)
9887,0.00022344482656920457,0.00028423026526805,0.0002083161232235,0.00024508409907544003,0.000254560234097151,HAR-RV (OLS)
4089,0.00017622302908362536,0.00025382620896105,0.0003789422861715,0.00020732339316481972,0.00023839019035772115,HAR-RV (OLS)
30212,0.00047277258083675743,0.0004567016634994,0.0004051489100811,0.0004556096157181,0.0004050964492506812,HAR-RV (OLS)
14976,0.00037234101899052074,0.0003719529338164133,0.0003180464388581,0.00036095518183062,0.00038091575622234376,HAR-RV (OLS)
31389,0.0003210704384768371,0.000366521119194925,0.0002458157430077,0.00020253902028216,0.0002249348962537446,HAR-RV (OLS)
6493,1e-08,0.0001394076738382309,8.448675016290202e-05,0.000230227295358251,0.00019727924796540837,HAR-RV (OLS)
14449,0.00030742559548423067,0.00015783004424703754,2.9742002235912028e-05,0.00020432847899540244,0.00019387998149955493,HAR-RV (OLS)
27752,0.00029229718104481836,0.00018612574639633432,0.000148615461615,0.00024932294810284,0.0002492438045958061,HAR-RV (OLS)
16504,0.0002069107720681446,0.000316337632114825,0.000474755192567,0.0002403482487528,0.0002627986191731091,HAR-RV (OLS)
12923,0.0005209578224374799,0.00040455182023027504,0.0003844416802865,0.000471680945984,0.0004023530263420364,HAR-RV (OLS)
17454,0.00046279935612421796,0.00023770975079984998,0.0004317752686641,0.00029800004819939996,0.00034846646665004377,HAR-RV (OLS)
28635,0.0003652922962936892,0.00040175700374467496,0.0003869147382282,0.00040783740162844,0.00046203807551335,HAR-RV (OLS)
21024,0.00024710731235365725,0.000211670300471675,0.000252362164721,0.00033084806933986004,0.0002754793017189838,HAR-RV (OLS)
13791,0.00028594956633706586,0.000421722041642225,0.0004818764632535,0.00035465585427559997,0.00033123163089736254,HAR-RV (OLS)
24021,0.00020137944316606015,0.00033128543263674995,4.696035127494296e-05,0.00018170520804610072,0.000275277345221894,HAR-RV (OLS)
6631,0.0002109826204241535,0.00026926271684969997,0.0001905439334309,0.0002598296198925604,0.00022269954507135074,HAR-RV (OLS)
20491,0.0004951926169940242,0.0004876599657145,0.0005733644616675,0.00052765744266638,0.0004683077747603437,HAR-RV (OLS)
29679,0.0003889971641143105,0.000250561271238475,0.0004389110234795,0.00030577176545662,0.0003476391590463625,HAR-RV (OLS)
9028,0.00042573425566936034,0.000300740349674275,0.0002672285003028,0.00036401391404656,0.00041175095134831247,HAR-RV (OLS)
30339,0.00041934273343110015,0.0002945689644099071,0.0003928680152008,0.0003271826277277,0.0003669942411432375,HAR-RV (OLS)
29819,0.0003283543310756404,0.0002287476433046918,0.0002789265048035,0.0003288752602952813,0.00026960610147106135,HAR-RV (OLS)
18285,0.0002967207400989001,0.000270950744349425,0.0002028779463844,0.00026977973645976,0.0002787729503236097,HAR-RV (OLS)
19647,0.00036615876913916837,0.00022219102936135,7.268533821931273e-05,0.00022030462760559596,0.00028669154706359874,HAR-RV (OLS)
21658,0.00019104472315339006,0.0002598691738102,0.0001638396286607,0.00036131704110919997,0.0003228621909294062,HAR-RV (OLS)
24127,0.0002789892268205256,0.00031367358958475,0.0003349285581362,0.00040006715889218,0.00032582217481815965,HAR-RV (OLS)
2136,0.00035148888349530324,0.0002275118130283724,0.0002878589862793,0.00035255968957398,0.00035719141844593126,HAR-RV (OLS)
27981,0.00011307077378602099,0.00019863336050859095,0.0002220275657159,0.00025534698739460005,0.00036007173349908753,HAR-RV (OLS)
10892,0.0002180939134218592,0.00012752056403770706,0.0004108369608045,0.0002518856249299667,0.0002181737623572472,HAR-RV (OLS)
14909,0.000317577563107713,0.000225472287722725,0.0003574233746093,0.00035132891010241995,0.00029686903930502116,HAR-RV (OLS)
2553,0.0002897211324412372,0.00047888794233180005,0.0004366022435782,0.0005202554320960201,0.00043573591388428127,HAR-RV (OLS)
8750,0.0002719911252582886,0.0003870953935949393,0.0005107299751857,0.00028128368743694755,0.0003726312836769961,HAR-RV (OLS)
29974,0.0003140539286362416,0.00031441843729325,0.0002728682070114,0.00034523198293325995,0.00031475744678365,HAR-RV (OLS)
13928,0.00021058981795788508,0.00040847704882365,0.0001335974045188,0.00025288434868523486,0.00021656241386465273,HAR-RV (OLS)
25338,0.0004096339472481592,0.0004188665846893,0.0002818755016884,0.0003800731339575,0.0003920083511636688,HAR-RV (OLS)
19871,0.00025563863455870537,0.00039098090669342507,0.0005790598387456,0.00039232962993892,0.0003578896737342562,HAR-RV (OLS)
26168,0.0003983753319794808,0.0002547989975289519,0.0001632375053028,0.00024397630718252,0.0003089359638733625,HAR-RV (OLS)
30908,0.0005144285579255731,0.000305079953182775,0.0004637396578317,0.00031144149740814,0.00034427097344732116,HAR-RV (OLS)
8573,0.00037620598681430736,0.000349131009785475,0.000249068682104,0.000365194199587,0.0004188613032249938,HAR-RV (OLS)
26606,0.0003818235978673057,0.000504809503599575,0.0004678127398027,0.0004096867119348,0.00037531311591616247,HAR-RV (OLS)
15393,0.0004309235277763625,0.000448947354409675,0.0004358826257695,0.00045070923371879994,0.0004472109846523125,HAR-RV (OLS)
29906,0.0005560908389673058,0.00029420624278285,0.0004652486358741,0.00038271685067902,0.0004444763608890187,HAR-RV (OLS)
24913,0.0002845538973422011,0.00044857757542887504,0.0003292889538365,0.00035205544171825994,0.00033710379560548747,HAR-RV (OLS)
10455,0.00031967097016993075,0.000374098247604475,0.0002751269232431,0.00023887081600426,0.0002338093697545561,HAR-RV (OLS)
10105,0.0004549398862333837,0.00062070641614185,0.0004139581800407,0.00064658539044274,0.0005608082646557937,HAR-RV (OLS)
10890,0.00020813919312830125,0.0002717462443692448,0.0001644123386688,0.00022900750362134004,0.000297712557442175,HAR-RV (OLS)
32195,0.00031141444586911245,0.000323933230223,0.0003157155345738,0.00025285267968706165,0.0002843103971924378,HAR-RV (OLS)
15365,0.0004047625859288426,0.000327741971752525,0.0002761345533281,0.00036750774476672,0.0003752164990899,HAR-RV (OLS)
3318,0.00033777064296419473,0.00025800047167177974,0.0002918143689273,0.00032661703222422,0.0002989239696087313,HAR-RV (OLS)
11263,0.0003729065672890687,0.0005046206429707499,0.0002508305697976,0.00040303670704504,0.0003593022188740858,HAR-RV (OLS)
14285,0.0003982659769745378,0.000387172648951125,0.0002715341869732,0.00045261460745956,0.00038042501258933104,HAR-RV (OLS)
31402,0.00023057361186855623,0.0004827486050424,0.0002426376959154,0.00041386435118886,0.00044667518637530625,HAR-RV (OLS)
3962,0.0002161309856031497,0.00021944781557451886,0.0003520353691531,0.00035010915202013935,0.0002771069752116811,HAR-RV (OLS)
8459,0.0003291940669804698,0.00023752103189345292,0.000415697503693,0.00043052844093634,0.0004113433903428657,HAR-RV (OLS)
6657,0.00039874469215818404,0.00040114444976697495,0.0003829430055141,0.00040733543708422004,0.000426667466741175,HAR-RV (OLS)
17120,0.00041629189075585563,0.0005214194040013751,0.0002879229681337,0.00036585400746006006,0.00042219863404084374,HAR-RV (OLS)
10262,0.0007093772779354529,0.00026779377502085,0.0004029164432709,0.0004991945484974401,0.0006354826381946999,HAR-RV (OLS)
23490,0.0004827701102663097,0.0004505386131461,0.0005175797358058,0.00042818447348461997,0.0004519223258842625,HAR-RV (OLS)
11718,0.0005170962846496035,0.00039026029136255,8.699441269047393e-05,0.00037307550518361483,0.0003792906039566172,HAR-RV (OLS)
13627,0.00042564527313110995,0.000541226009194075,0.000433699649005,0.0006973425525224,0.0006162630505692312,HAR-RV (OLS)
2109,0.0003889431623173216,0.00043942215999252495,0.0004012322389932,0.0003983573419352,0.0005055935281658813,HAR-RV (OLS)
13579,0.0004811569943172913,0.0005526782394238,0.000475065746695,0.0004905387786650199,0.000480067185626325,HAR-RV (OLS)
2366,0.00029869134677588304,0.00027785997269365,0.0002481390977178,0.00035285974014012,0.0003372586101870375,HAR-RV (OLS)
1392,0.00032452792971238734,0.00020050219656378454,0.0002398145493005,0.00025202901988921996,0.000251246889668701,HAR-RV (OLS)
28267,0.0002565103419410092,0.0003087946721557,0.0002399671495363,0.00032960537687486,0.00025973446306273124,HAR-RV (OLS)
26568,0.0005833331739530921,0.000323430269068675,0.0002469580086553,0.00047504125810226,0.0003504282818406125,HAR-RV (OLS)
12147,0.0007336607312888741,0.000562791191751575,0.0007255578997701,0.00058004463795444,0.0006415642281,HAR-RV (OLS)
17193,0.00019490391485676778,0.00034370722557909995,0.0002152194052777,0.00027610814951748,0.0002493070895510771,HAR-RV (OLS)
15418,0.0003419254207602597,0.00024967317561870004,0.0002437507976981,0.000265779790112398,0.0003019863049717493,HAR-RV (OLS)
11393,0.0004625837831262478,0.00034742546794944997,0.0004248765688771,0.0003085610284148237,0.00031797351916812807,HAR-RV (OLS)
30597,1e-08,0.000305536455369225,8.560075380773641e-05,9.086765238035234e-05,0.00021688834563846608,HAR-RV (OLS)
8623,0.00031176545546169677,0.000327393586497175,0.0002507200534183,0.00025111058325762,0.00028042536799615,HAR-RV (OLS)
3955,0.00010277431586984474,0.00032903322265235,0.0003119220989089,0.00024083846836482002,0.00024319190987983749,HAR-RV (OLS)
27014,0.0004128264960043629,0.00036582812003385,0.0002843233178693,0.00029121609643176,0.00033296628063866874,HAR-RV (OLS)
30750,0.00031712565156392507,0.000285053324517225,0.0003131158980685,0.00034755671273778,0.00032856184418590467,HAR-RV (OLS)
15845,0.00034700887690584,0.000349387363032025,0.0001530302975035,0.00029626378526948,0.00035841543391691244,HAR-RV (OLS)
25971,0.00028294910904297377,0.00030729542011895,0.0002745126376631,0.0002499898896911,0.0003046554932722062,HAR-RV (OLS)
24014,0.0004213415367825496,0.00023733019572522127,0.0005030833243476,0.00034052471511335995,0.00035649823374390624,HAR-RV (OLS)
29316,0.0005071421602948212,0.000430981568197,0.0005186118312799,0.00046182979665956,0.0004261658379483312,HAR-RV (OLS)
7572,0.00036044835750688247,0.000346355951250575,0.0002507554445142,0.00043624186002493996,0.00033056460209597116,HAR-RV (OLS)
6359,0.00037548508195070723,0.00040553854312247494,0.0005041795369656,0.00040867524973888,0.00042024934370701254,HAR-RV (OLS)
23226,0.0012479952622384046,0.00036637950519237503,0.000674933713553,0.00080928404360638,0.0004128260699584312,HAR-RV (OLS)
13986,0.00044013956455929643,0.00036043622989179994,0.0002491815530864,0.0004973473548606199,0.0005392446241838,HAR-RV (OLS)
12521,0.00035678154345765596,0.000376925915520325,0.0004467775885761,0.00037013663255954,0.000421286138998025,HAR-RV (OLS)
18184,0.0005399618008926777,0.000358408182012825,0.0003495295799337,0.00035360609425932,0.000400314835223925,HAR-RV (OLS)
31331,0.000561815341215077,0.00065493975464995,0.0009425349597494,0.00062021181251216,0.0005684629078970625,HAR-RV (OLS)
27962,0.00020966536697926034,0.0003035108554144,0.000185422560242,0.00028935384372282,0.0002267812996213494,HAR-RV (OLS)
2331,0.000382522669784742,0.00037809407296293646,0.0004326006985422,0.0005056114784705799,0.00043530487024811247,HAR-RV (OLS)
13010,0.00021651609453231507,0.00018431469257000884,0.0001022468117957,0.00022708846390643997,0.00029287208850667715,HAR-RV (OLS)
10708,0.000321994979247585,0.000350327259355775,3.683102218695894e-05,0.00026672143331767177,0.0003006298893611599,HAR-RV (OLS)
10672,0.0005822364012641572,0.000406581663954475,0.000826025042719,0.00046746741585804,0.00048180271129851253,HAR-RV (OLS)
4367,0.00029048086314733943,0.0003336866804509,0.0003377256390023,0.00031141628458724,0.0003049054595198875,HAR-RV (OLS)
618,0.0004512705012158408,0.00028671407915075,0.0003982819871503,0.00039550615272534,0.00041696481168913125,HAR-RV (OLS)
25312,0.0007077674064971434,0.0005478322218756,0.0005755647171074,0.0006101571808767001,0.00059376311489335,HAR-RV (OLS)
17265,0.000580441472809361,0.00042569155565835,0.0004027520740606,0.0005592749276549599,0.0006642048455490501,HAR-RV (OLS)
5929,0.00038761057166940944,0.00042224514064565,0.0005762705460456,0.00038166841993944,0.00036248466062591253,HAR-RV (OLS)
22427,0.0003367733407085202,0.00034131816598805,0.000542214939757,0.0004052187619751251,0.0004386809183928391,HAR-RV (OLS)
13207,0.0004597463617662542,0.000597964854664675,0.0005830812359277,0.00055115545453038,0.0004935871907908,HAR-RV (OLS)
30569,0.0006626692400706277,0.0006905634051596751,0.0007059407697571,0.0006626707576744401,0.0005893403924317625,HAR-RV (OLS)
12073,0.00045116337289003393,0.000346527879141975,0.0004479249494128,0.00030445855844781996,0.00034665748001595624,HAR-RV (OLS)
5932,0.000918327375837488,0.000714005671220625,0.0009253228257476,0.0007345601732592199,0.0005810303293742312,HAR-RV (OLS)
16511,0.000600741756857534,0.000353828286664075,0.0002305617178184,0.00037828078264572003,0.00038435607202805277,HAR-RV (OLS)
32012,0.0005219360185066623,0.00038640703392567495,0.0004300747319904,0.00046945433651436,0.0005644415437500937,HAR-RV (OLS)
26886,0.0003938029328341839,0.0004891014815262749,0.0004280015936359,0.00040035827187578,0.0003911270066152,HAR-RV (OLS)
21373,0.0006573882286793399,0.000530736774939775,0.0008038455744,0.00058872726851314,0.0007065669549105689,HAR-RV (OLS)
5046,0.000316580749572793,0.00022727732328443423,0.0002450299277792,0.00029376379618002,0.00029935968906964,HAR-RV (OLS)
16402,0.0002912543018336873,0.00037123957762989995,0.0004359127105913,0.00045536624777414004,0.00042403922883289997,HAR-RV (OLS)
1321,0.0002418946640299876,0.00017739984153052502,0.0003255944996239,0.0002603653984076012,0.0002300962196421048,HAR-RV (OLS)
21601,0.0003536025439917469,0.0004891346668645251,0.0004130304863264,0.0006067708129179401,0.0004950450122379125,HAR-RV (OLS)
26708,0.000513602849734231,0.000534408673114875,0.0003932908887909,0.00041264202522482,0.0004539269844262938,HAR-RV (OLS)
23265,0.00028171432587083576,0.000274311577393525,0.0003037261127838,0.00024055408798514004,0.00027613971226169375,HAR-RV (OLS)
9367,0.00040263909042351594,0.0004687151843275999,0.0003740578855269,0.00043472606891136,0.0004154159140584625,HAR-RV (OLS)
1205,0.0005513488253633156,0.000481676172493275,0.0003214773535898,0.0004626054347213799,0.0004907282272654688,HAR-RV (OLS)
21239,0.0003616336911084386,0.000356955295691325,0.0005519009385212,0.00035457191409206,0.00032532580747591253,HAR-RV (OLS)
18393,1e-08,0.0001840699409921,2.993387318717275e-05,0.00017931538046395544,0.00019910876041767813,HAR-RV (OLS)
4774,0.0003472002344660954,0.00033816883780972504,0.0002078960303759,0.00030599595232504005,0.000393442424624025,HAR-RV (OLS)
5,0.0003075690686139269,0.000489869077170825,0.0002526305325627,0.00044675344261302,0.0004968772657296624,HAR-RV (OLS)
4844,0.00042687339438623193,0.00053361666708365,0.0005398375808633,0.00049091988468954,0.0006895804912881438,HAR-RV (OLS)
8117,0.00012542934251103346,0.00012053016740068415,3.483863119203791e-05,0.00023120560120892756,0.00022983990954850072,HAR-RV (OLS)
28983,0.0002689606450637977,0.00035479663731512504,0.0001206491031425,0.0003026864444437,0.00034483779558398375,HAR-RV (OLS)
27182,0.0003029072878564331,0.00015627401642552994,0.0004336248666985,0.00024985073918561476,0.000263533426830015,HAR-RV (OLS)
31883,0.00021404298541084223,0.000276567127098275,0.0001968109106154,0.00017647169246008454,0.00021475773071138082,HAR-RV (OLS)
16282,0.0003467888850647295,0.00014486302873528765,0.0002951517803949,0.00026144691730713274,0.0003630502751027165,HAR-RV (OLS)
5629,0.00021730465624597784,0.00012042901026727532,0.0002877051937434,0.00024239793114995656,0.00021485180722384417,HAR-RV (OLS)
3123,0.0007892963303491747,0.0005550541599209499,0.0005882559867839,0.0008364461352940399,0.0007367965788091749,HAR-RV (OLS)
10421,0.00017572605306685835,0.00022975454809695311,1.7111629912473263e-05,5.795449776481073e-05,0.0001907148554065058,HAR-RV (OLS)
31471,0.00048230982697402246,0.000390441561407875,0.0003867649815158,0.00051196043604734,0.0004706706057477125,HAR-RV (OLS)
30276,0.0006098901147216661,0.00023966493115637502,7.12749669855159e-05,0.0003199515321851197,0.0003595084425224687,HAR-RV (OLS)
22752,0.0004595790263990051,0.0004169881719577,0.0003447882677278,0.00040381628539094003,0.0004582396160773965,HAR-RV (OLS)
19690,0.00020625645732896011,0.00018945484547977498,0.0002811477553592,0.00022430176218131998,0.00020328967038090842,HAR-RV (OLS)
27939,0.00022737978310868027,0.00032076440220396866,0.0002338146708109,0.00018868357031366054,0.00022204039443983952,HAR-RV (OLS)
29676,0.00041281151672630905,0.000308645368279125,0.0002781828514714,0.00046311371186828,0.00040951956403301247,HAR-RV (OLS)
10633,0.00023811605653060433,0.0003668218826184,0.0003848280875777,0.0007549512322504201,0.0004549874642033764,HAR-RV (OLS)
2058,0.0005605024124961291,0.000402183722345375,0.0005053194001468,0.0005652084971279,0.0005980654501110875,HAR-RV (OLS)
27120,0.00020459555800654414,0.00023174049967394998,0.0003523883181796,0.00022957392035138322,0.00021230470310728148,HAR-RV (OLS)
15516,0.00020055838720170634,0.00013699417506710974,8.076059650187455e-05,0.00023206576467851492,0.0002565269022231984,HAR-RV (OLS)
11682,1e-08,0.0003604333705126,4.532424175263909e-05,0.00013879546102900782,0.00025252577641137744,HAR-RV (OLS)
32048,0.00020200458436599547,0.00013110990841732617,0.0002066996034541,0.00025265941920554,0.0002634182713225749,HAR-RV (OLS)
28210,0.00020504844459476757,0.0001806421330587,6.605086814624869e-05,0.00021155678012234973,0.00033401009216989903,HAR-RV (OLS)
7460,0.00018235183850525682,0.00022978803699227502,3.3081067469834086e-05,0.00012910725380041362,0.000192765604229298,HAR-RV (OLS)
5663,0.00032470725024586855,0.00041738469842272496,0.0002721078441686,0.00029455660583258003,0.0003221908036230625,HAR-RV (OLS)
9160,0.0002739288175301651,0.0001991265822813,0.0002119368049098,0.0002064421983697,0.00027515106829707476,HAR-RV (OLS)
22405,0.0005153994236175328,0.00013696670202231222,0.0004422430552734,0.00033055737126313995,0.00022138998248299327,HAR-RV (OLS)
26804,8.813727989145502e-05,0.00024188656161523072,0.0002369135658931,0.00024514897023734396,0.000296367614291322,HAR-RV (OLS)
32690,0.00014259747068763134,0.0002029076317722445,3.760791121784835e-05,0.00015885695246147243,0.000253515448738125,HAR-RV (OLS)
12904,0.0001240702239419714,0.00030016579645463355,0.0002529078266976,0.00035241442564928004,0.000301208828182994,HAR-RV (OLS)
13513,0.0001208471049649716,0.00043377628734027503,0.0002641404186164,0.00021468486144513558,0.00019815626249139958,HAR-RV (OLS)
32240,0.0005178047947609864,0.000450338576911325,0.0002568895096929,0.00053656874898382,0.0006265280773295313,HAR-RV (OLS)
22678,0.0003544287457359981,0.00020555473464187315,0.0003550792003397,0.00028334336068212,0.000329348591866325,HAR-RV (OLS)
5020,0.00046932562774480474,0.00012948105420748093,0.0004150645056112,0.00031095942002484,0.00023554257455864295,HAR-RV (OLS)
5392,0.00043460645079745485,0.000256250689753925,0.0004656858721277,0.00022865940092019345,0.0002834299168855769,HAR-RV (OLS)
27094,0.00015531689736937148,8.677902925082865e-05,0.0001576730529154,7.604398186347737e-05,0.00020030255467268866,HAR-RV (OLS)
2037,0.00020696468069560255,0.0003915153658936,7.585055394918988e-05,0.00022493108139254612,0.0002010067776896764,HAR-RV (OLS)
31380,1e-08,0.00030534855043215,9.372157109582144e-05,0.00017014226472503047,0.00029911355454022206,HAR-RV (OLS)
14177,0.00020988417536985386,0.000365285301585875,0.0003533481616134,0.0001389456049110649,0.0002809259258874765,HAR-RV (OLS)
31404,0.0002850227734513918,0.00036147036779162503,0.0005887398147621,0.0003896259730771,0.0003474556123914875,HAR-RV (OLS)
4219,0.0005461269820510983,0.000340355441982725,0.0005062912945397,0.0005578410419992,0.00044672985338018193,HAR-RV (OLS)
25318,0.00017526251517423078,0.000246041988020525,6.729485767632029e-05,0.0002461157953502613,0.00030867444305421375,HAR-RV (OLS)
10929,0.000306620847483723,0.000394202668542975,0.000698334541183,0.00040608525558842,0.00036722814759171873,HAR-RV (OLS)
6445,0.00012269513049828782,8.770219232195038e-05,0.0001140610502723,0.00016365840842977742,0.00012795423608510847,HAR-RV (OLS)
2593,0.0003204001640071616,0.0005215581574727749,0.0004904547494538,0.00035109628202765174,0.0003523114840186286,HAR-RV (OLS)
3223,0.0003653291464416837,0.00028994518226585004,0.0002996324104149,0.00034031338880098,0.0003568566479166857,HAR-RV (OLS)
25654,0.00015424923590281136,0.00010767363959235384,0.0001863407120107,9.714986784669971e-05,0.00017834485474606924,HAR-RV (OLS)
26494,0.0003200200271516203,0.00033908167368672503,0.0001081132138949,0.00029426904983261996,0.0003474869932979438,HAR-RV (OLS)
6274,0.00024555532142006857,0.00030069080895609997,0.0003607743460263,0.00027394116728422,0.000261378661545059,HAR-RV (OLS)
20083,0.00024179911044893066,0.0001400408884576204,0.0002666756114641,0.000240780308471648,0.00021227803386775316,HAR-RV (OLS)
9822,0.00037190445521310543,0.00019190467360354768,0.0004036732484251,0.0003293353572698,0.0003059559890341813,HAR-RV (OLS)
24523,0.00018913129612226163,0.00019216815741787856,0.0002789125427264,0.00020012395298536304,0.00024438452420002594,HAR-RV (OLS)
26806,0.0002508576226358649,0.000298883274130025,0.0002759711236188,0.00024416632615734,0.0002556151352653976,HAR-RV (OLS)
26020,0.000260538132464035,0.00031836854092180005,0.0002792849868479,0.00025969039955875433,0.00028763811114500607,HAR-RV (OLS)
1070,0.0002738641926096901,1.56490136309037e-05,2.645042896839996e-05,0.00019431044347654,0.00015490156712454515,HAR-RV (OLS)
18703,0.0005593470443482435,0.000517205025817075,0.0006754321326443,0.0005430078201602,0.0005004762476396937,HAR-RV (OLS)
15276,0.0005265312668971541,0.000422214779725375,0.0005171632910756,0.0005164233293324,0.000488656198103875,HAR-RV (OLS)
11920,0.0001978378460907498,0.0002889500008063558,0.0002170721213912,0.0002116690109621576,0.00022555151777501798,HAR-RV (OLS)
1213,0.00024357167241381537,0.000232307078835925,0.0001659027677953,0.00020404065960913714,0.00024008815890755775,HAR-RV (OLS)
6108,0.0002790943452719556,0.00026459148234579926,0.0002743386040229,0.00028982494340232007,0.00028122416179139674,HAR-RV (OLS)
31347,0.00033140856332919844,0.00037041414527895007,0.0004699418153041,0.00047367224344662,0.00046852510632743125,HAR-RV (OLS)
22828,0.00022654039692278377,0.0001701269261424664,7.871111019544734e-05,0.00017493876159634962,0.00023082769734993237,HAR-RV (OLS)
21762,0.0007531972388795543,0.00054534229283095,0.000383134010932,0.000551480467869,0.0005898664727168313,HAR-RV (OLS)
28837,0.0005970299043219949,0.0005579833281255,0.0004961399674419,0.00048001451250068,0.0005397133394541001,HAR-RV (OLS)
25745,0.000160836925390089,0.0001341872652810503,0.0003344160905587,0.00016067035504820936,0.0001288331020282152,HAR-RV (OLS)
6114,0.00034135217688066404,0.00028431605669405,0.0003851162585603,0.00026622680096106,0.0003377572066989188,HAR-RV (OLS)
7418,0.00021931143033008095,0.0002556368532194922,0.0001688827566873,0.00021409258082842,0.00022255736015082086,HAR-RV (OLS)
17569,0.000147738496508863,0.00019945562120700545,4.170793681640537e-05,0.00023192823388509706,0.0002762846876839881,HAR-RV (OLS)
31572,0.0005452371924128573,0.00051509476213575,0.0005509313883847,0.0005857351715080199,0.000585263505942225,HAR-RV (OLS)
31018,0.00026578635867019625,0.000382942928923375,0.0002869869253909,0.00030869547623442,0.00028073076739065,HAR-RV (OLS)
7200,0.0002976658758816125,0.000356860414677475,0.0002360663449999,0.00027157357239422,0.0002978161241977375,HAR-RV (OLS)
18509,0.0002484134517863807,0.00026568773760962504,3.621382412798201e-05,0.00038201096622873635,0.00036068881982695514,HAR-RV (OLS)
19626,0.00015455546157344387,0.00029969707414884307,0.000115321384814,0.0002507748047938187,0.00022962709457609336,HAR-RV (OLS)
6065,0.00020794247449571992,0.0002500488769419008,0.0002292202404844,0.00023797719766176004,0.0002640952847720472,HAR-RV (OLS)
14422,0.00012078788218372098,0.00016971350030609277,0.0002757537092503,0.00019122253392487098,0.00016659902711096194,HAR-RV (OLS)
25569,0.00020931895101424506,0.00027884037308950003,0.0002631242566378,0.00021012464161539692,0.0003250326330230678,HAR-RV (OLS)
11953,8.885243706878738e-05,0.000538746822335375,0.0003362113312974,0.00018495677350173747,0.0003172235590866491,HAR-RV (OLS)
2711,0.0003410305095371567,0.000368982300000675,0.0003266939359582,0.00028623127569396003,0.00031582159637149416,HAR-RV (OLS)
10745,0.0002166123525767623,0.00041895332840195,0.0002831930713848,0.00044575417356157996,0.0003618922478629843,HAR-RV (OLS)
17955,0.0004617016083785677,0.000388815878662825,0.0002861733491759,0.00033919324001994,0.00039577459970315,HAR-RV (OLS)
4072,0.00026394243552321187,0.00013796595665226,9.223624570513922e-06,0.00021137641659430277,0.00019545655395561193,HAR-RV (OLS)
24879,0.00033799852597425325,0.00031530585772970003,6.488814274745155e-05,0.0002183553644588103,0.00023805751300005808,HAR-RV (OLS)
31320,0.0003297463848020918,0.000219303543907075,0.0003622162528356,0.0003087481014704,0.00022660642419968636,HAR-RV (OLS)
1239,0.00025893981736652865,0.00018339172846851493,0.0002630421021942,0.00020484036452524603,0.00021193329788133595,HAR-RV (OLS)
8587,0.00026676934406758153,0.000160959616747627,0.0003735608030332,0.00032279676424256006,0.00028047049046558834,HAR-RV (OLS)
9352,0.000514642905251444,0.00043367848887465,0.0003769966830234,0.0004326950456263,0.000490573116383375,HAR-RV (OLS)
4905,0.00033096241295472724,7.809647725773266e-05,0.0003203406638475,0.00028180477277676004,0.00027145329727391247,HAR-RV (OLS)
16149,0.0003361707706292324,0.000391502834439875,0.0004092343714254,0.00035507192383634,0.0003574399117651449,HAR-RV (OLS)
13989,0.00015499481690176204,0.00024770239320455,0.0002157554360833,0.00036179762530316,0.0002510431481946746,HAR-RV (OLS)
12102,0.0004509765005384033,0.00044501871466455,0.0004081199414306,0.00039323428211558,0.0004128506743937062,HAR-RV (OLS)
17570,0.0005431380700129586,0.0006102084908722999,0.0006124735537638,0.0005266492263524001,0.0005280448614528312,HAR-RV (OLS)
22133,9.966735522688025e-05,7.997396496290242e-05,8.852707672220101e-05,7.249958231737306e-05,0.0001926379890459692,HAR-RV (OLS)
8763,0.0003875860032859809,0.0003517224166464,0.0005425757349002,0.00037016871493780355,0.0005074573188668949,HAR-RV (OLS)
26752,0.000874277741855111,0.00074108324215065,0.0005211978593359,0.00072767755054586,0.0007194253821829063,HAR-RV (OLS)
1350,0.00023960652799257464,0.00026653378007115,0.0003458428653637,0.00027182953332719996,0.0002622225703596,HAR-RV (OLS)
31656,0.00028322451007649916,0.00022466600262635318,0.0006793055723861,0.00048210805696592175,0.00043278790764108183,HAR-RV (OLS)
29089,0.00015816769776160974,0.00023901024638355787,0.0003069141213733,0.00038863657014503994,0.00026460877598080094,HAR-RV (OLS)
14629,0.00045102965638476185,0.00039035931328735,0.0004153528409779,0.00043938598562394,0.00048154553178019377,HAR-RV (OLS)
11449,0.00021542268566806437,7.696650640428608e-05,0.0004937138818269,0.00021399491300247227,0.00020889877492287885,HAR-RV (OLS)
6076,0.0002996302720882565,0.00041345312697495,0.0003096159960298,0.00031640492671994,0.0003789314189245375,HAR-RV (OLS)
15239,0.00030405855668545507,0.0004524544518941,0.0005766968362949,0.0003394826891185,0.00028562049516059015,HAR-RV (OLS)
31714,0.0003874923656731143,0.000310355742108325,4.670521760734932e-05,0.00024451012751068466,0.0002973128881604577,HAR-RV (OLS)
23144,0.0003549850694074831,0.00027026067550757504,0.0004828212956469,0.00037895737441059733,0.00035348549803975593,HAR-RV (OLS)
28745,0.00040530991111083865,0.000389038632692375,0.0006734883459716,0.00042217264509532005,0.00046149802100325,HAR-RV (OLS)
3001,0.00042034691914742976,0.00045503368483742503,0.0003189599575849,0.00041292328283996005,0.0004195173322907875,HAR-RV (OLS)
12834,0.0003907992474028993,0.000413107481672775,0.0003819561065129,0.00051029409166122,0.0004139549013451055,HAR-RV (OLS)
5532,0.0002741833022677422,0.00038243753498332496,3.726996052756793e-05,0.0002163010944375726,0.00029432193240559376,HAR-RV (OLS)
23185,0.000865926832105501,0.0006643033874872751,0.0009587833168032,0.0009561613217887999,0.000784544054720275,HAR-RV (OLS)
22081,0.0006358842278530846,0.000606154208387825,0.0003403378612138,0.00054424318859058,0.0005364213250206,HAR-RV (OLS)
13567,0.0006289614635586382,0.0002337950904685,0.0009602552838663,0.00043085727255158003,0.0003873442337081973,HAR-RV (OLS)
17983,0.00017734660605985946,5.962732805326003e-05,0.000185058871852,0.00017263874272448323,0.00012222005937580086,HAR-RV (OLS)
7759,0.00043458891911179174,0.00037457153927234995,0.0004515194264104,0.00051999810542864,0.0006652571562254937,HAR-RV (OLS)
28877,0.0004463905951205186,0.00035531168004762496,0.0004509153765868,0.00038613596820260003,0.000430725889004475,HAR-RV (OLS)
13598,0.00015261288031072476,0.00031872767026985,0.0002165240481152,0.00021704913002357296,0.00017747766893953164,HAR-RV (OLS)
30492,0.0004226782605586922,0.00016317051150077546,0.0004053589674216,0.00028754635165120703,0.0002346439704092788,HAR-RV (OLS)
12437,0.0005297991055825692,0.00046000427013824995,0.0005702691622486,0.0004753926648936001,0.00039540692886957756,HAR-RV (OLS)
1417,0.000515770961254775,0.0006255010025484249,0.0007892628419321,0.00053501513871794,0.0004985891823223687,HAR-RV (OLS)
9186,4.925998098883621e-05,0.00020915617903630575,0.0002398406390168,0.00013348191819130981,0.0001296269997992385,HAR-RV (OLS)
22922,0.00021821106527416688,0.0001279343496102548,0.0002290556315504,0.000172767116235602,0.00021585541242825682,HAR-RV (OLS)
1544,0.0002463492423454922,0.00017484633059124756,0.0002537642361401,0.00016771889703093827,0.00018882791434184017,HAR-RV (OLS)
11248,0.00022983174485932285,0.0002649072511429,0.0002784930257786,0.00027051255212504137,0.0002351684695807139,HAR-RV (OLS)
2811,0.00015036690122004865,0.00010355546602702016,0.0004263222712451,0.00041445061692474,0.00032348732839123707,HAR-RV (OLS)
20323,0.00034331846868858876,0.000377786801164825,0.0005016001586579,0.00036335413238974,0.0003853727937214187,HAR-RV (OLS)
12299,2.2821367569535597e-05,0.00016384163095593823,1.6861602534968974e-05,2.4126104979254774e-05,4.7526200834784735e-05,HAR-RV (OLS)
30798,0.0002636333553218866,0.00025221258322923,0.0002254441260635,0.00015431145622290355,0.00017870704502190177,HAR-RV (OLS)
23656,0.0004074971641450821,0.00031402733223407503,0.0004131209966581,0.00045124798534454,0.0003923541020817875,HAR-RV (OLS)
9266,0.0006565655071870083,0.000383771646716075,0.0005316689931174,0.0005446716009906199,0.0005940006134515875,HAR-RV (OLS)
22635,0.00023328892278126772,0.00013258888652932678,0.0001252642120077,0.00018584454321620274,0.0001885227631703958,HAR-RV (OLS)
19489,0.0001947904795522708,0.00034043502262545,1.871522821363371e-05,0.0001230675220302047,0.00016020509864914784,HAR-RV (OLS)
28963,0.00028427982470966543,0.000294342356652375,0.00036979233295,0.00030257797316623873,0.00028236640207242894,HAR-RV (OLS)
309,0.0002990174756969692,0.00022570225558873278,0.0001893120955059,0.00029543685486874,0.0002687950701713703,HAR-RV (OLS)
15035,1e-08,0.0003028571846494,6.331411409689729e-05,0.00025728644818140135,0.000170087204832086,HAR-RV (OLS)
4414,0.00024358337342236233,0.0003315045810566763,0.0003039688173802,0.0002095279633537516,0.0002526804006905324,HAR-RV (OLS)
19528,0.00025303247621801526,0.00018104449441202434,0.0002389305642049,0.0002081322062447594,0.00020114347175930028,HAR-RV (OLS)
17639,0.00019231248758119388,0.0002713753255743355,0.0001779949862798,0.00017685206276672072,0.0002125143038471638,HAR-RV (OLS)
11792,0.00043380194771393184,0.00016934895052353444,0.000318260422538,0.0003767494490644,0.0002567957355268603,HAR-RV (OLS)
25131,0.00047684387627470245,0.00030347149562143943,0.0005865845593769,0.00051537677643776,0.0005224689708059,HAR-RV (OLS)
14218,0.0002816686741756388,0.00030285923765035225,0.0003480890041243,0.00034098085375238005,0.00029483329842803455,HAR-RV (OLS)
25731,0.00013106310038602447,7.451794483535404e-05,4.548667086806711e-05,8.898193563926636e-05,0.0001522981100666483,HAR-RV (OLS)
424,0.00035526720105880604,0.00024295588256904998,0.0003629011199769,0.00030567666911532,0.0003422550541611125,HAR-RV (OLS)
17604,0.0003915486676156828,0.00023499483166189997,0.0002363455645369,0.00020558277925255495,0.00020130592456445647,HAR-RV (OLS)
17522,1e-08,0.000468943795976025,6.243056223382175e-05,4.736909496983422e-05,0.00014947837657168554,HAR-RV (OLS)
12713,0.00022314905179316173,0.00030913294261939996,0.0001858478974428,0.00029169059807496,0.00034141330659051875,HAR-RV (OLS)
14857,0.00016801519116345408,0.00037390232525256974,0.0003724843875126,0.00022732510173199914,0.00018065875084361083,HAR-RV (OLS)
29828,0.0002743690331513283,0.0002925176672915708,0.0001833214133852,0.00029252104262289996,0.00028488820702900626,HAR-RV (OLS)
23202,0.00017455664769594644,0.00020813061854247164,3.3630485710139055e-05,0.00019881609499372688,0.00019162748787183786,HAR-RV (OLS)
15818,0.0001965025346148686,0.00029999937866725,0.0002824278266868,0.0002285480054586681,0.00018278834761099313,HAR-RV (OLS)
22262,0.0002420002943543571,0.000103059306931789,0.000265019345835,0.00023009820199337998,0.00027814302070187566,HAR-RV (OLS)
22496,0.0005605094372674403,0.00023270885063657066,0.0005786063457634,0.00042300047713689996,0.00044471575740815024,HAR-RV (OLS)
9311,0.00020172445218637355,0.00015657412092012505,4.596161062146154e-05,0.00016280484377434408,0.00019683168654294973,HAR-RV (OLS)
273,0.0002554149236864543,7.879923180357486e-05,0.0001804940873447,0.000302413685516725,0.00025880155856556914,HAR-RV (OLS)
18129,0.00045223345933782924,0.000437242640342375,0.0004731082594203,0.0003187377803317,0.00026103997105043144,HAR-RV (OLS)
11,0.0002909892244794274,0.000146720703035257,0.000337483457378,0.00040787374791732,0.00021390542526601188,HAR-RV (OLS)
11325,0.00010145310178506979,0.00014160040090620602,8.944928504545148e-05,9.986528822858037e-05,0.0001560326480412421,HAR-RV (OLS)
16192,0.0005099546492254292,0.00015247752644422495,0.0003745283534544,0.00041835587754124006,0.00036647401172154375,HAR-RV (OLS)
4714,9.726426882395638e-05,0.000312354816045675,0.0004772966696383,0.0002908998347042378,0.00024990464479711496,HAR-RV (OLS)
18351,0.0002449789504528675,0.00023756733369707502,0.0004396602337784,0.00022762335913301628,0.00023065500666716605,HAR-RV (OLS)
20445,0.00023592496727508277,0.00028716099873194573,0.0002030181024442,0.00036204044798861994,0.00026692287455408914,HAR-RV (OLS)
3445,0.0001290852678676555,3.873576658189194e-05,0.0002055500659953,0.00011550127150519527,0.0002049691636388341,HAR-RV (OLS)
31627,0.00026823667075893444,0.000183950826809775,0.0002322510269907,0.00015753384314808432,0.00016106079690613335,HAR-RV (OLS)
26277,0.00022509962041343073,0.00023160423979799526,0.0003698576286379,0.000193180134325217,0.0002158910927700609,HAR-RV (OLS)
29583,0.00011127133648230185,0.00019140962092502827,1.0519802401530218e-05,7.809570067869996e-05,0.00013289932210500523,HAR-RV (OLS)
18059,0.0001327202913372975,0.0002622936926475691,0.0001850250025391,0.00023876485335792,0.00019750660447417798,HAR-RV (OLS)
20326,7.114717875706926e-05,8.413813635331491e-05,0.0003458442329762,0.0001502424069181636,0.00013855631844776476,HAR-RV (OLS)
20790,8.687599235881159e-05,0.00024327204605770919,3.123735087170868e-05,0.00011837786328067928,0.00012595482111955273,HAR-RV (OLS)
3758,0.0008303614365633878,0.00067317880224905,0.0007982301468687,0.0006678234746487599,0.0006835539112046749,HAR-RV (OLS)
30023,0.00012197345596071078,0.000330636930165125,0.0001303892322647,0.0001891371440692019,0.00019022359585750635,HAR-RV (OLS)
20858,0.00033817648824550575,0.000257775796371,8.813298786253888e-05,0.00024288649348413525,0.00023325659198254061,HAR-RV (OLS)
29149,0.00018946852210191176,0.0001696673634573758,0.000276444767203,0.00020784227574788022,0.00019378288217345897,HAR-RV (OLS)
24085,0.000366680183260102,0.000320473436706025,0.000283780544418,0.00034937546679457453,0.00027887831951775094,HAR-RV (OLS)
27095,0.00018165603694930574,0.00016199774778530472,0.0001702628970711,0.00018212721103718,0.000233347364669275,HAR-RV (OLS)
2657,7.391727802440046e-05,7.614201100974635e-05,1.0595450320585848e-05,0.00017291625000941333,0.00013260066917937182,HAR-RV (OLS)
16271,0.00014241038370136646,0.0001957535683618954,1.731897166350221e-05,0.00017271208550023807,0.00018632962109786704,HAR-RV (OLS)
16811,0.00011682722542059727,2.8031276421254606e-05,3.597542370629075e-05,0.00012921693460149123,0.00016138560495155044,HAR-RV (OLS)
16374,0.0005011409338430729,0.000435291785659225,0.000478367188052,0.00032404701163418005,0.00025981801628280213,HAR-RV (OLS)
31156,9.305711141368444e-05,0.00018927146508829998,7.076379069574843e-05,0.00021498272275138967,0.0001583246839694983,HAR-RV (OLS)
14279,0.0001459931545667738,0.00019773854010302967,2.78655772650978e-05,0.00011440690207111194,0.00016768554730056039,HAR-RV (OLS)
9456,0.0002939498801116467,0.0003257144750407721,0.000280376593839,0.0003173307651180527,0.0002701525481194903,HAR-RV (OLS)
17398,1e-08,0.00015439810696879177,5.634313785987223e-05,0.00019433872173859443,0.0001142781964461036,HAR-RV (OLS)
1938,0.00014003796930743873,0.00013282712011057423,5.570069785777072e-05,0.00011004315674255714,0.00012038876279532944,HAR-RV (OLS)
26307,0.00023603453333877113,0.00043520671053147507,0.0003483691848871,0.00036586688772582,0.0003363797307828375,HAR-RV (OLS)
1142,7.058265358836046e-05,0.0002739837952412778,0.0001376370486579,4.875731855284228e-05,0.0001349379608092779,HAR-RV (OLS)
15341,0.00013423349308054025,0.0001394592785043858,0.0001398321093955,0.00015095963129068988,0.00015608951383277333,HAR-RV (OLS)
27868,0.000385151542663324,0.000337711401905675,0.0002570413876928,0.00025593172204326,0.00029743978443102083,HAR-RV (OLS)
7653,3.558481857566883e-05,0.00016755966761654187,0.0002718379068435,0.00015267653174325896,0.00018558604698096126,HAR-RV (OLS)
5232,0.0008197091777566514,0.0004961092778302751,0.0010365934741142,0.0007308622351431401,0.0006477959557637687,HAR-RV (OLS)
17429,0.00021372582417181072,0.00027549269594875,0.0002445631110024,0.00024742966124958077,0.00020846528252401651,HAR-RV (OLS)
21326,0.00023914935654959467,0.00010986388095502502,0.0002836115742511,0.00025140121708333997,0.0001551964767852439,HAR-RV (OLS)
3135,1e-08,0.0003353714844678,3.669516382264392e-05,0.00013548419077738413,0.0002077675204881543,HAR-RV (OLS)
28186,0.0002945765029155932,0.0002993018817387,0.0004092111433659,0.00028525445507718,0.00027568677380448276,HAR-RV (OLS)
29793,5.775593232702554e-05,0.000175667535496275,1.4624127313921112e-05,5.0445515608334134e-05,0.00015060870547482476,HAR-RV (OLS)
17078,0.0002485676606644295,0.000363184854210625,0.0001743999868424,0.00021249637818946,0.00024555371293107943,HAR-RV (OLS)
23028,0.00046823252872871485,0.00059482385704655,0.0003548964542736,0.00044060273325191996,0.0003415261058219625,HAR-RV (OLS)
27288,0.00031483778827376836,0.000366490131494025,0.0001541596140988,0.00028865626598022004,0.000355114275792375,HAR-RV (OLS)
29871,0.0002681185016563593,0.00035045607463744994,0.0003502689854919,0.00028972103495384,0.000286606547156925,HAR-RV (OLS)
9064,0.0005565718806054677,0.00034098898018465,0.0007806472588022,0.0006093249420772199,0.0006003214628005999,HAR-RV (OLS)
32245,0.00027929844955877447,0.000280278780785775,7.349050738814095e-05,0.0002902452493774882,0.0002981407507390688,HAR-RV (OLS)
3694,0.0005091411448002144,0.00025801935681930003,0.0002528494033781,0.00032000961271212003,0.0003611631372175,HAR-RV (OLS)
12991,0.00011722015643436863,0.00020607797238291582,4.28798556604778e-05,0.00016758011811149556,0.00023782389886635487,HAR-RV (OLS)
31059,0.0003752669911298534,0.00011440911982326053,0.0003005092408533,0.00020817618116986716,0.00033364189215767724,HAR-RV (OLS)
25815,0.0003569724656923521,0.00034405770592932497,0.0003829207628339,0.00036846664133708,0.00032095327573680266,HAR-RV (OLS)
7745,0.00018367294348267384,0.00016634882322393517,5.0612032482046806e-05,0.00021223229415938934,0.00021179313445112503,HAR-RV (OLS)
10689,0.0002747194923900922,0.000290128064657475,0.0004020643508708,0.00033760733195433996,0.0002868939081481875,HAR-RV (OLS)
29746,0.00015906736014480107,0.00025550358753905,0.0002194475746357,0.00028750920848462,0.00021933688730864294,HAR-RV (OLS)
19512,0.0008783173235548778,0.0007044475289626251,0.000704939458941,0.00075984076339516,0.0007556484980629187,HAR-RV (OLS)
2881,0.0002097326580708007,0.00037179122772895,0.0001883921947723,0.0003110311845792,0.00027056065470048435,HAR-RV (OLS)
20099,0.00041691963026168114,0.00041752349085025,0.0004480337020498,0.00028051372257495097,0.0003279611723605505,HAR-RV (OLS)
8524,0.0002181948882525366,0.0001896096060327631,0.0004833091793834,0.00019058226396007001,0.00019282681707827364,HAR-RV (OLS)
1541,0.0006489849969731321,0.00047051225262370003,0.0004972920480857,0.0004814781786908201,0.0005041488629615062,HAR-RV (OLS)
15048,0.00016948029014885068,0.00018561399298553776,7.047768574089017e-05,0.00016747150205891298,0.00024782191618943217,HAR-RV (OLS)
3457,0.0002835495925738612,0.000250730872113975,0.0002825312759432,0.00019274978504698026,0.00019298723110314635,HAR-RV (OLS)
27168,9.307465175812011e-05,0.00014750381027378812,8.851462950785677e-05,0.00012547434523875247,0.0001380442691825097,HAR-RV (OLS)
22289,0.00042871099778177247,0.000325315275790575,0.0005365845438576,0.0003975745812928439,0.0004915734311211575,HAR-RV (OLS)
23153,0.00016621562652583305,0.00010195031239946156,5.9138174425968944e-05,0.00016724259994352133,0.00021160169233824414,HAR-RV (OLS)
62,0.00012042924017994887,0.00023660661977765389,6.040831097983879e-05,4.697299344601432e-05,0.00018336420353274802,HAR-RV (OLS)
11184,0.00032139772188073483,0.0002342550279619782,0.0003529079844158,0.0003417834202384,0.0003295181363497494,HAR-RV (OLS)
15742,0.0002115301106409262,8.518764357843474e-05,3.508103884777205e-05,9.695776381173883e-05,0.00015610870944282636,HAR-RV (OLS)
30366,0.0004355180138643669,0.0003992802340276,0.0002082843092051,0.00044284899507214,0.0005245520631016688,HAR-RV (OLS)
7686,0.00023576045898213182,0.0003854401477634,0.0002615546626123,0.00033107073248982,0.0003175908201646625,HAR-RV (OLS)
26973,0.0001234028131239716,0.000206244647530775,4.333543034955516e-05,0.0001167515184123305,0.00019508462459924455,HAR-RV (OLS)
20225,0.00010924225735817073,4.281984182699733e-05,4.494053734626747e-05,0.00011523511882214902,0.0001360597541723974,HAR-RV (OLS)
12115,0.0002990707392396046,0.00015159126687395546,0.0002453427617411,0.00031529980668924004,0.0002913706354847556,HAR-RV (OLS)
21391,4.526302500402964e-05,0.00013527613235617136,5.111295883097997e-05,0.00019242928589687712,0.00014312346802196137,HAR-RV (OLS)
31944,0.000237886346638424,0.000309175230095675,0.0002211788564946,0.0002658316054416,0.0002434162647570354,HAR-RV (OLS)
2199,0.0003346325395422782,0.000329705684607875,0.0002568562802817,0.00037249997061114,0.00034618822484604373,HAR-RV (OLS)
15746,0.00038282652439439765,0.000358024576201475,0.0001887883037716,0.00020085500796740186,0.0002136153572598994,HAR-RV (OLS)
908,0.0003356852989435038,8.391145929832762e-05,0.0002549061120252,0.00021443246346371036,0.00022483874788017748,HAR-RV (OLS)
25755,0.00045035307855030213,0.000325086235154275,0.0004905641535261,0.00050229049913452,0.0005236938813548563,HAR-RV (OLS)
32053,0.00014229946230540514,0.0002644054982684,0.0003207550941489,0.00011362504139398778,0.00015264159785104606,HAR-RV (OLS)
32046,7.222745171388853e-05,0.00015480218744566598,5.246798919788502e-05,0.00011984968116404704,0.0002400914784550647,HAR-RV (OLS)
4889,0.0002630332860133367,0.000449033618558575,0.0001805778987484,0.00019524755184664893,0.0002968229282735028,HAR-RV (OLS)
13745,0.0004380811889800008,0.00040888100460865,0.0004228517490116,0.00039743448488145997,0.0004117517327767188,HAR-RV (OLS)
1242,0.00030851337574137286,0.000538189145582425,0.0003668456875578,0.00024058392996281546,0.0003157281194982049,HAR-RV (OLS)
21344,0.00041235413903067627,0.0003380723856396483,0.0004938198259491,0.0003722024769893,0.0003752831178885053,HAR-RV (OLS)
27511,0.0003860304558736811,0.00041631235970505,0.0003667610945621,0.00048457804484862004,0.0004593799013558375,HAR-RV (OLS)
6145,0.00022691460670942095,0.000138152394105254,0.0002668723056683,0.00024440699200564225,0.00021179425214653817,HAR-RV (OLS)
26864,0.00023252691967893039,0.00014731850439514383,0.0001258944341832,0.00018158460304542,0.00019836029578167527,HAR-RV (OLS)
15703,0.00018693214247726643,0.00051560685997535,0.0003098762682509,0.000277585774443725,0.0003381840532857345,HAR-RV (OLS)
2006,0.00023287859162148848,0.00035303548282282683,0.000300829186463,0.00023484792935267522,0.0002266626539052568,HAR-RV (OLS)
10100,0.00023121365546115318,0.0001683591306834268,0.0002812636121382,0.00024990296350932,0.00031259865619001875,HAR-RV (OLS)
5658,0.00013937262887977944,0.00019490193972029998,0.0002045380984086,0.0002248435187186,0.00017454586504622954,HAR-RV (OLS)
17903,0.00021428375361024605,0.000380886571944925,9.519460481690965e-05,0.00019488140074122646,0.00033326122021248947,HAR-RV (OLS)
10619,0.000398425243430913,0.000615541837064225,0.0006053004839683,0.0005896094126766999,0.0006218970301300437,HAR-RV (OLS)
19281,0.00031183642205454725,0.00017169998488976185,0.0003734443266935,0.0002923664728428373,0.00027863244150807545,HAR-RV (OLS)
13594,0.00030840822100328423,0.0001804027491331371,0.0002841979889977,0.00030819234119106,0.0003191287352737192,HAR-RV (OLS)
7679,0.0002095333081033106,0.0002510282254485764,0.0002222627522415,0.0001425261463109222,0.00017870032914858074,HAR-RV (OLS)
18109,0.00020058802511392222,0.0002762738707293865,0.0006578628844059,0.00040695431802446007,0.00033515500441454996,HAR-RV (OLS)
28020,0.0004065400846305315,0.00045974705342457503,0.0002360688183193,0.00036883875003937996,0.0003639619288412063,HAR-RV (OLS)
32083,0.0002588039827526386,0.0002652074558300807,0.0003275839111965,0.00039712184544516,0.00032374008870990627,HAR-RV (OLS)
7180,0.00029983787154118244,0.000244984716094075,0.0002510393412757,0.00033308020062857997,0.00031074287556213573,HAR-RV (OLS)
14183,0.00016701939418289435,0.00011991403393211533,0.0002246290614281,0.00012990635656492518,0.00014213356147757636,HAR-RV (OLS)
15765,0.00023080819036376023,0.00018240785285725513,0.0002476615191089,0.00023956484773816076,0.00018847613554835057,HAR-RV (OLS)
11318,0.00039984119209543424,0.000422322790666575,0.0001774344809486,0.0002691086765351686,0.00032569728119534165,HAR-RV (OLS)
10604,0.0006169195202846939,0.00047860997750914997,0.0006058068509124,0.00050630760764104,0.0005118593635955125,HAR-RV (OLS)
20673,0.0004513993456031831,0.00040188926111955,0.0005120168672603,0.0003190188815333513,0.00038105599212948484,HAR-RV (OLS)
3552,9.35596291150874e-05,0.00022728129248806396,4.373939746344091e-05,0.0001337969591675147,0.00023487776026999836,HAR-RV (OLS)
31266,0.0009655841489167942,0.0005801958844725,0.0007991631143781,0.00093933547948402,0.000729045210384575,HAR-RV (OLS)
31306,0.00027322889236694545,9.121733398344817e-05,0.0002012738086334,0.00020860612604888,0.0002688426250464183,HAR-RV (OLS)
23228,0.00021773986371989682,0.000314541626652525,0.0003515553690219,0.00028811191730686,0.00030380488454298125,HAR-RV (OLS)
29875,0.00042558150133611896,0.00042316846577055,0.0005009420219651,0.00047108965310562,0.00044888357889829374,HAR-RV (OLS)
12878,0.00033958919666569084,0.0004892755107798,0.0001994605392978,0.00029033223185308,0.00042429478795761254,HAR-RV (OLS)
28697,0.0006662956776169778,0.000441318121979575,0.0006466709484828,0.0006178698490387,0.0004903849706015937,HAR-RV (OLS)
11243,0.00011265602224320553,3.7257412400390346e-05,3.6797057807529664e-05,6.788981535218735e-05,0.00010123506764524051,HAR-RV (OLS)
2803,0.0003233880689009279,0.0002988327281911574,0.000304434835789,0.00051008822131438,0.00038842316203553017,HAR-RV (OLS)
7897,0.0002688581960651014,0.00034386995757675,0.0001898048199281,0.00022186066406381088,0.0003334853152129699,HAR-RV (OLS)
25754,0.00020433731146225547,0.000387617689056925,0.0002680740750007,0.00031841104915882577,0.00028890734193169046,HAR-RV (OLS)
25025,0.0003331218921740646,0.00020417154522157726,0.0001987061261601,0.00028173852732788,0.0003743293974643786,HAR-RV (OLS)
24497,0.0004764390526612294,0.0003758392597169,0.0005181786322824,0.00040581219276235997,0.0004132285614931625,HAR-RV (OLS)
22519,0.0003555308868825129,0.00042902328085020003,0.0005108734593774,0.00033162308164464,0.00033840808893643125,HAR-RV (OLS)
30013,0.00027008381200998156,0.00020018118539274826,0.0002949221842807,0.00015199476363108162,0.0002511053460881505,HAR-RV (OLS)
25463,0.0009322626768731589,0.0008845456984382,0.0011677289716907,0.00090030370816212,0.0006684837596628375,HAR-RV (OLS)
5407,0.00043870146987028504,0.0005707516315656341,0.0001709303762703,0.00041507726566056003,0.0004512603979608687,HAR-RV (OLS)
14886,0.00040276214927043974,0.00039017516942255,0.0003729514488035,0.0003425698429586644,0.0004485307340811514,HAR-RV (OLS)
5063,0.0003392007409802365,0.00029710832516495,0.0004486990493394,0.00035378336466506,0.00026512416439572895,HAR-RV (OLS)
23524,0.00023901634332971095,0.00017625572644623644,2.997923998649593e-05,0.00022011759141088747,0.00031605350084418357,HAR-RV (OLS)
15209,0.00024188527399872676,0.00035930252115657496,0.0002324336358967,0.00035875551798871354,0.0003023703414332906,HAR-RV (OLS)
6089,0.0003161310082972608,0.0002815520579524029,0.0002971897944772,0.00034713083022068,0.0003667094482944143,HAR-RV (OLS)
23312,0.00019241342401201387,0.00027775142435635,7.82287487042803e-05,0.00019389174463069604,0.00019979376589178072,HAR-RV (OLS)
28401,0.0003387621132868732,0.00031376880618499996,0.0004626748142367,0.00029555574454822,0.00029548554389958754,HAR-RV (OLS)
21148,0.0005480697489951302,0.00039902268181464507,0.000562580589147,0.00050247661276324,0.0003918438944722976,HAR-RV (OLS)
28992,0.0002716401496997065,0.00036481943170332495,0.0003749167610153,0.00038194519875528,0.0003205319650260688,HAR-RV (OLS)
5302,0.00016173015922019745,0.00018107014566646205,0.0001553969559233,0.00014964072991734096,0.0001911425824027868,HAR-RV (OLS)
14416,0.00016188115057458866,0.00022740882312852567,0.0002142808140023,0.00023961667864009999,0.0001818818336457333,HAR-RV (OLS)
24929,0.00013662599786178225,9.051626880404838e-05,0.0002622884021393,0.00012425356011797533,0.00015159660267111,HAR-RV (OLS)
6568,0.0005056599659711437,0.000427967323142325,0.0004489361242654,0.00050786276515822,0.0004327645075282938,HAR-RV (OLS)
20782,0.000338129668947709,0.0001553788421809693,0.0004765001188759,0.00024611178655455996,0.0001857939161414946,HAR-RV (OLS)
12532,0.0008320496138737141,0.000635581297861225,0.0007677903826733,0.00075281170683208,0.0008876631750880438,HAR-RV (OLS)
17820,0.00032436383557754567,0.000300076099839625,0.0004612046503732,0.00037778604842123996,0.00034697197404576875,HAR-RV (OLS)
18739,0.0003911137502380775,0.00011945187263150752,0.0004017570269478,0.0003969710789078,0.0002608332556955378,HAR-RV (OLS)
26400,0.00028513065707654435,0.00039711847347460004,0.0002316662919647,0.00014488325925679724,0.00015305544348937747,HAR-RV (OLS)
2374,0.0003195377817704223,0.0003044727807537663,0.0003052237176403,0.0002874542048528649,0.00028756867736624576,HAR-RV (OLS)
28002,0.0004907632237785493,0.00030313782831255584,0.0002781025267635,0.00036406912446944,0.00028931678730586055,HAR-RV (OLS)
6367,0.0005045340163541288,0.0002898647456166639,0.0002159003752918,0.00019473026923516,0.00026665930372251175,HAR-RV (OLS)
12065,0.0006515120613165059,0.00044635106985325,0.0005753570205875,0.00051590158070332,0.00031395762635182925,HAR-RV (OLS)
12559,0.00020830382007374634,0.000335408355165475,0.0003204689484929,0.00041087015701874,0.0003204121964830142,HAR-RV (OLS)
11070,0.00014267399893425124,0.00025562024776117553,0.000468152185802,0.00040460097225732,0.0002957262165147216,HAR-RV (OLS)
23823,0.0005025057914816873,0.0005045915272868,0.0001671351270718,0.0003636540232175,0.0003275069746336625,HAR-RV (OLS)
12481,0.0002678506466980948,0.00044059732801995,0.000382802844494,0.0002794887396752975,0.000331473853953618,HAR-RV (OLS)
30376,0.0003113250393352745,0.00024075392318965001,0.0003239984829807,0.00020551499612823167,0.0002927522591589793,HAR-RV (OLS)
16103,0.0004927548569775426,0.00046168686082375,0.0001925883238029,0.00035175659505190006,0.0003735668254635625,HAR-RV (OLS)
4695,7.099640784587993e-05,0.00013460369592496903,0.0003573619006498,0.0002393619612591072,0.00021282682384780757,HAR-RV (OLS)
17617,0.00013948062234256424,0.00017168637024062591,6.0382748207430906e-05,9.50157406443079e-05,0.00011938717928869691,HAR-RV (OLS)
21718,0.00011276126843411615,0.00020438322156271434,6.734649622431132e-05,0.00015431312483570227,0.00015756111432345786,HAR-RV (OLS)
9123,0.0002538690961850527,0.0001542557705439336,8.163150830500694e-05,0.0003349753337368814,0.00031376755561845,HAR-RV (OLS)
951,0.0004827551266602827,0.00028626693333095,0.0004387226491153,0.00038839589374507397,0.00046235802933813257,HAR-RV (OLS)
9190,9.479875033186397e-05,0.0001473717192514319,2.152371039803465e-05,0.00011623594329308858,0.00012922190980335088,HAR-RV (OLS)
26522,7.143695032164324e-05,0.00013506641878449746,0.000476954867592,0.00026573303709163476,0.00023434005490367957,HAR-RV (OLS)
10934,0.0004145880124846932,0.00018654831148864353,0.0005208311837663,0.00030666418607964,0.0003562077454681938,HAR-RV (OLS)
30303,0.0005251199515880904,0.0003946848110005211,0.0005293096333827,0.0005186885274451999,0.0005165594040243626,HAR-RV (OLS)
5825,0.00026173202878181957,0.00016309784122308223,5.606098463550791e-05,0.00022188268410968157,0.00029790180059095295,HAR-RV (OLS)
24717,0.00010090238205100232,0.0002748192640893828,0.0003814918016718,0.00018440563304108261,0.0002717961526646395,HAR-RV (OLS)
25108,0.0005088052111713755,0.000415187001978975,0.0005254858208321,0.00038124709862069996,0.0004295125196884437,HAR-RV (OLS)
19294,0.0002629656261471867,0.000216369461836025,3.8150993157488384e-05,0.00016179870796645518,0.00020050550719774595,HAR-RV (OLS)
31,4.6019020519200496e-05,0.000315164216701625,3.3604202550171275e-05,0.00011215970034220493,0.0002110992211671174,HAR-RV (OLS)
12611,0.00029361322852527604,0.00011070934113522555,0.0001631121548486,0.00014560767288546113,0.00019633516329117432,HAR-RV (OLS)
18836,0.00013630349140049606,0.000185028463005135,7.891996493249053e-05,0.0001316956628290898,0.0002075588861714694,HAR-RV (OLS)
12348,0.0002027559040412883,0.00023881647666450576,0.0001810374082708,0.00013944738552592028,0.00020712809440236727,HAR-RV (OLS)
2118,0.0003928849191640368,0.0005908303613829,0.00056457150574,0.00046488804140972764,0.0004385151764773399,HAR-RV (OLS)
30620,0.000472628718673228,0.0005347216862445501,0.0003431889308975,0.00046946208809218,0.000472197329741725,HAR-RV (OLS)
22903,0.00033836802173341446,0.0006775385215504001,0.0008759601932596,0.00054660694136534,0.0005399140093430625,HAR-RV (OLS)
11351,0.0002230757171463706,0.00020299438859040076,0.0001740611735272,0.00016773457102670314,0.00020441866663248011,HAR-RV (OLS)
26944,0.0004796019759299396,0.00043724238660795,0.0003905588643258,0.00037128203820098,0.00044532006329113126,HAR-RV (OLS)
10243,0.0003308707004422178,0.00019870313711559454,0.0002539529674079,0.00029224621415007996,0.0003147083460299094,HAR-RV (OLS)
11056,0.00025808074668219236,4.5550346444661766e-05,0.0002613446493179,9.52506226857964e-05,0.00014926839869246428,HAR-RV (OLS)
26475,7.085926888544903e-05,0.0002497995421503224,3.8863266309032e-05,5.335135964284292e-05,8.669757308454727e-05,HAR-RV (OLS)
14733,0.0002942018400662284,0.00037926674298070003,0.0003829325336993,0.00032782416424863997,0.00026410325173943747,HAR-RV (OLS)
20127,0.000217599301910787,0.00010868364282899548,0.0002149544737568,0.00019448606300298822,0.00013420580415098618,HAR-RV (OLS)
31719,0.00016954160760167898,0.0001169784398089766,3.623553462745903e-05,0.00022888564272100046,0.00018946797561668777,HAR-RV (OLS)
27964,0.000133389617912993,0.00021294452371284925,0.0002369924812706,0.00020322821625365839,0.00016263597179667563,HAR-RV (OLS)
7444,0.00025399050369753046,0.00019147917819190295,0.0003008588698869,0.00021403463811454866,0.00019981093883738915,HAR-RV (OLS)
6481,0.0001678467095485345,0.0001916416701647253,3.588112052742948e-05,0.00011452448542876814,0.00012496320806776356,HAR-RV (OLS)
26613,6.617609041465852e-05,0.00017050928568319577,3.681494313534061e-05,8.19478605809149e-05,0.0001782707792508434,HAR-RV (OLS)
30272,0.0006182465129324383,0.0007645749423152249,0.000520792570181,0.0004669580571323,0.0006116244870482312,HAR-RV (OLS)
25334,0.0002790322033595424,0.000271819609549725,0.0001940351998653,0.0001793665761139995,0.00023371786060511065,HAR-RV (OLS)
32235,0.0005092275926580926,0.0003426186691112,0.0003203481340767,0.00039230384412192003,0.00042414891952594644,HAR-RV (OLS)
319,0.00015483390625882655,0.00015817388349501953,0.0001177623078676,0.00024619792988534,0.00022196781105280667,HAR-RV (OLS)
545,0.00032608359041995643,9.711526158613755e-05,0.0004441122204229,0.00016596545528871056,0.0001938841865485189,HAR-RV (OLS)
32597,0.0003286566390428054,0.000325053274424775,0.0003448484372389,0.00028532853039527756,0.000311485827037796,HAR-RV (OLS)
19386,0.00026664563684754955,0.0002138801652313457,0.0001900455353415,0.00021083918662014004,0.00027102216264040396,HAR-RV (OLS)
32753,0.0003822461536859561,0.0002634060306295968,0.0002041265351215,0.00029062052104312,0.00025138659397091426,HAR-RV (OLS)
13602,0.00032635565296851386,0.0001529982427059264,0.0002835369643873,0.00025895815731292,0.00029469714683223746,HAR-RV (OLS)
21883,0.000285642738940734,0.00010067140326755266,0.0003491722571382,0.00021621970494374002,0.0002168065219485375,HAR-RV (OLS)
28217,0.0002498455026159214,0.00024731732217025,0.000188449240598,0.0002218572396097,0.00023713891967238335,HAR-RV (OLS)
15271,0.00026343122431128976,0.0006083818018474,0.000287820841634,0.0005362822998016601,0.0005051423989079562,HAR-RV (OLS)
18848,0.000241130369220584,0.00021062427943515746,0.0002239278384351,0.0002585456570199761,0.0002415871395864276,HAR-RV (OLS)
21934,0.0004580424765906145,0.00026006709186795,2.969364562654224e-05,0.00025728745197470845,0.0002931338043895776,HAR-RV (OLS)
1255,0.0003066692556865677,0.00026062569598685463,0.0003085692046678,0.00031225487865324,0.0002603722967914468,HAR-RV (OLS)
11887,0.00040669232624920577,0.000221703870960325,0.0004049278443814,0.00034986069519717995,0.00029929071340216516,HAR-RV (OLS)
26771,0.00023874892136311053,0.00018537257396595137,6.941324369480531e-05,0.00015789171848597843,0.0001928152609611443,HAR-RV (OLS)
27003,0.00022955973630907887,0.0001883660623032236,0.0002589734394324,0.00027988318892088,0.00034255634814990175,HAR-RV (OLS)
17971,0.0004294801112796204,0.00015771603135686065,0.0002627868674302,0.00035377709629328476,0.000329860703191364,HAR-RV (OLS)
28676,0.00030134557642802083,0.000510541414177675,5.742721618930939e-05,0.00030012056879180187,0.0004054189452929006,HAR-RV (OLS)
19271,0.0007790698082914499,0.00057712414011845,0.0006725508645336,0.0006569716420610801,0.0005702474760743438,HAR-RV (OLS)
19472,7.668653526339862e-05,0.0001956866713979366,0.0002093459165466,0.00038129477347626,0.0003052546597889532,HAR-RV (OLS)
22749,0.0006045879575050301,0.00019731386068190502,0.000455658753109,0.00037367359548851997,0.0002816348562827603,HAR-RV (OLS)
19417,1e-08,0.0003031396527462,0.0001079707150344,0.00018340406210293932,0.00025947595870971855,HAR-RV (OLS)
25813,0.0003764397344399506,0.00047850497068772495,0.0005516307055973,0.0003997171868328011,0.0003734906683099816,HAR-RV (OLS)
24473,0.00025131179259067505,0.00037889433944145,0.0003191076340871,0.00027663751191386003,0.00027238696034706874,HAR-RV (OLS)
6940,0.00017693519291607176,0.00011480226204480446,4.931124651608357e-05,0.00019670306892828854,0.00020263933145701164,HAR-RV (OLS)
16304,8.160551544957858e-05,0.00012884202653367846,3.038111504698543e-05,0.00017327175676922895,0.0001632453677481856,HAR-RV (OLS)
24178,0.0002337910928098657,0.00018560361382018335,0.0002418824783662,0.0003258596864112,0.0003140849264079375,HAR-RV (OLS)
7883,0.00010886411536897823,0.00027644013407725,4.321161870628119e-05,0.00030667706985268195,0.00032225503289726995,HAR-RV (OLS)
4302,0.0002295117851164339,0.000234834154020725,0.000333337823015,0.00026354688824334,0.00027540671962780533,HAR-RV (OLS)
10661,0.0005649049565299852,0.0003930591247675,0.000638618607897,0.0004663076645735601,0.00046638877992018126,HAR-RV (OLS)
13488,0.0004962915086812944,0.0002916259688831,0.0007553543705034,0.00032002993007974764,0.0004567656134683962,HAR-RV (OLS)
1841,0.0001392620771900906,0.0001392143061718307,0.0002925101344372,0.00021859721070763963,0.0001905577684168333,HAR-RV (OLS)
13595,0.0004325534967042397,0.000652179598569275,0.0004849588043911,0.00053382585739354,0.0004416540039717103,HAR-RV (OLS)
11876,0.0005085455683400731,0.00040103311386075,0.0002606436370109,0.0004250041337472584,0.000493711362488212,HAR-RV (OLS)
2102,0.0006232718479656114,0.00023698811893337803,5.895536404685382e-05,0.00011661878495352212,0.00016728823780344686,HAR-RV (OLS)
6643,0.00022740764145984054,0.00028104555809341773,6.378741987540694e-05,0.00022541208673558925,0.00026686947659905437,HAR-RV (OLS)
25282,0.00030940226783296313,0.000377315383978125,0.0002111601700421,0.00032349143647046,0.0003205813539013052,HAR-RV (OLS)
29614,0.0001292085682153554,0.00020229897755117652,0.0002726315045954,0.0001449588821431464,0.00018978639182474632,HAR-RV (OLS)
6020,0.0005850870265150724,0.00028960042235987504,0.000274504057267,0.00046462787199141994,0.00043218621651551254,HAR-RV (OLS)
11735,0.000334134753702952,0.00040245254933615,0.0004284139908829,0.0003225535371779,0.0003060512086530714,HAR-RV (OLS)
27622,0.00028054117047711835,0.000236225799835,0.0003038188593931,0.00026662921890053116,0.00020091429028739819,HAR-RV (OLS)
31133,0.0003902674679689254,0.000437485652660025,0.0005364589546965,0.00042781441576062,0.0003711523374795372,HAR-RV (OLS)
14754,0.0002659449246494418,0.00016182162477686963,0.0002727212920612,0.00023687124607545425,0.00024669504111107945,HAR-RV (OLS)
6854,0.0002981638544226322,0.000334116100591375,0.0002026191743621,0.00026337567404272,0.0003050787288354232,HAR-RV (OLS)
14326,0.00017362566167482483,9.210587802368304e-05,0.0001375279749176,0.00012888648889234483,0.00021924073994512456,HAR-RV (OLS)
26388,0.0009639408915130283,4.724754782161477e-05,6.371008040106048e-05,0.00027317478584721206,0.00010344449778304727,HAR-RV (OLS)
10150,0.0004828131937589227,0.000364460502451375,0.0006261624003195,0.0004941317518156,0.00039097214842275625,HAR-RV (OLS)
17058,0.0003554042437961224,0.000368442175327875,0.0003167765628663,0.00036810001694166,0.0002552895123271173,HAR-RV (OLS)
4797,0.00032729281416666364,0.0002207577490294,0.0005107760222108,0.00037465704986698004,0.00031573118897189995,HAR-RV (OLS)
12352,0.00022158288144084876,0.000259598352610625,0.0003134440678294,0.0002001216250503863,0.00022955539927284067,HAR-RV (OLS)
17428,0.0001755305291603598,0.00024448415630905,0.000221637156071,0.00011231378056065574,0.0001743075594529983,HAR-RV (OLS)
24754,1e-08,7.622729198962409e-05,4.826200689354986e-05,0.00017351096551881682,0.0001204957313176395,HAR-RV (OLS)
13586,0.0003812608658616254,0.00017836363347197115,0.0001585654514148,0.00025768213311246513,0.00029057784506082663,HAR-RV (OLS)
27619,0.0004296790475271956,0.000487244321336025,0.0005468321766559,0.00042699900102606,0.0004291528106584125,HAR-RV (OLS)
11374,0.00028350744438863636,0.00037998138656447503,0.0003439045338945,0.00040236286466416,0.000315365829895658,HAR-RV (OLS)
9735,0.0006108003172707579,0.000452726613065375,0.0006001741059582,0.00054840363188012,0.0005463339045435813,HAR-RV (OLS)
18142,0.0004031872585245089,0.00054395329737345,0.0004075605542623,0.00040814821438183997,0.000402316916204213,HAR-RV (OLS)
3961,0.00029346536087833543,0.00029066191549241,4.613993066276459e-05,0.00018945268481594175,0.000267256955685054,HAR-RV (OLS)
381,0.00028033642014730796,0.0004538631099983,0.0002631505372299,0.00039325824204353995,0.0003164427985030828,HAR-RV (OLS)
1923,0.0006006196549314747,0.00036630601904445,0.0005144184962578,0.00030285146866194,0.0003235601494016231,HAR-RV (OLS)
29590,0.00016885580397326875,0.00022205249386810001,0.0001854010736282,0.0002450665603611808,0.0002037234866742417,HAR-RV (OLS)
18212,0.0005768571676811236,0.000399911134644,0.0005583417885692,0.00043027986310162,0.0005628016699023687,HAR-RV (OLS)
19488,7.194828584046139e-05,0.0003795475177584096,2.0425000676541524e-05,7.291757829723995e-05,0.00018426537603253218,HAR-RV (OLS)
9465,0.00048542443616459807,0.000255578353859425,0.0002548039549812,0.0002305061428478158,0.00027732731794339244,HAR-RV (OLS)
2545,0.0003492833511611197,0.000511701243986825,0.0001405815410654,0.00027179420544176,0.00029170153401921373,HAR-RV (OLS)
21834,0.00024216584097996391,0.00018178938727192096,0.0002692220821395,0.00026861064247468,0.00024058451867943112,HAR-RV (OLS)
6693,0.0003367517353108833,0.000302875537793775,0.0004902261069915,0.00032893259200086005,0.00030128477034354955,HAR-RV (OLS)
5444,0.0006220413550505777,0.0004478835662169,0.0003976483522773,0.0004832209260024345,0.0005413863792865232,HAR-RV (OLS)
5101,0.00022626229175162326,0.000396773268181,0.0002912950998429,0.00036206809105938004,0.00030004521699732563,HAR-RV (OLS)
1075,0.00025508923084749694,0.00032693849968479997,0.0002834890545248,0.00031311589212586,0.00024735784656879675,HAR-RV (OLS)
3685,0.00043528297543005275,0.00037187871952460723,0.0005251133446163,0.00023769059923065913,0.00022011127810008066,HAR-RV (OLS)
19542,0.000583574879661869,0.000567059103960425,0.000591307050589,0.00047827407224584,0.0005104953662973312,HAR-RV (OLS)
24590,0.00026290670337264174,0.00031350243364620115,0.0002707533595389,0.00027706632419478004,0.0002493693572538923,HAR-RV (OLS)
31269,0.000421877360351994,0.00011352267065335262,0.0003552762302627,0.00033608857044922097,0.00034376847507365884,HAR-RV (OLS)
10987,0.0002445675935261738,0.00017950144730450001,4.202590838609287e-05,0.00016164173754288537,0.00022600833838973158,HAR-RV (OLS)
18653,0.0007369143293724314,0.00064116004886575,0.0008493835994928,0.00047187403198314,0.0005276074284338562,HAR-RV (OLS)
9431,0.0005836014454379398,0.00026864884424605676,0.0005142097883699,0.00041361256272236,0.00021504248259463743,HAR-RV (OLS)
27149,0.00026718273721425007,0.000304070857473,0.0007064689354141,0.00045786193124064,0.000402999318649425,HAR-RV (OLS)
16978,0.00021754768759696784,0.00019520952724806181,7.055762524097482e-05,0.00024812674064616575,0.0002591101766246173,HAR-RV (OLS)
536,0.0007812839506729356,0.00064553081165265,0.0007363558108871,0.0005528722180057,0.00062711730824885,HAR-RV (OLS)
22898,0.0004512491758991552,0.00037152077769340004,0.0007663549765671,0.00038533469681838,0.0004093794228431563,HAR-RV (OLS)
26868,0.0008120686643029759,0.0006333633258523,0.0006391385169147,0.00066006150436772,0.0005310748763805875,HAR-RV (OLS)
32534,0.0005382758472303667,0.000440030961759925,0.0006105462436314,0.0005671733027694199,0.0005199148799906242,HAR-RV (OLS)
28449,0.000376630842936145,0.000442471510947525,0.0005084421711387,0.0004970982655451,0.00040844390750879373,HAR-RV (OLS)
21990,0.0003288437948270012,0.00048178205617707497,0.0005858694106171,0.00044654761161262,0.00041428031530965626,HAR-RV (OLS)
4613,0.00030715578747470755,0.000309468880353925,0.0004256446109381,0.0003123872875267,0.0003311512823731812,HAR-RV (OLS)
18147,0.00023766883597204226,0.0003566131084787999,0.0004841181625966,0.00037665776560069777,0.0003215864639606867,HAR-RV (OLS)
29842,0.0003291958961999864,0.00029196870719735003,0.0003931323965045,0.0003339074276247151,0.0002965990555285913,HAR-RV (OLS)
22824,0.00021991661176858491,0.0003161428340635565,0.0001394874728693,0.00023239095479001795,0.0002637990894204413,HAR-RV (OLS)
14234,0.0004613177136689548,0.000235675905996975,0.0004594280437796,0.0003066597719218201,0.0003863601355224626,HAR-RV (OLS)
31034,0.00027333342773677846,0.00013967311020685814,5.691814402054595e-05,0.00019903627963309707,0.00024583898464523597,HAR-RV (OLS)
29554,1e-08,0.000321670123361925,0.000881504244405,0.00042875328050001995,0.0003105019802741371,HAR-RV (OLS)
2683,0.0005158675235359426,0.000889320266663675,0.000495940613196,0.00051200853722958,0.000656855908305775,HAR-RV (OLS)
2643,0.0004944605517446106,0.0005239555711326,0.0002780544010059,0.00048629244824230003,0.0005157567430862625,HAR-RV (OLS)
20953,0.0002963874283385061,0.0001720780070753919,4.035441073161082e-05,0.00019610258122922217,0.00022115936461059184,HAR-RV (OLS)
30183,0.0005414633661981533,0.00045625099237030003,0.0005098663325179,0.00045253331738634005,0.0005373266540350812,HAR-RV (OLS)
15280,0.00022470025246255817,0.000317349446544875,9.331040803930554e-05,0.00023614010502645222,0.00025067198138977196,HAR-RV (OLS)
25619,0.00036194268503745,0.00020714685388415068,0.000362402247201,0.00018598549818446146,0.0002707421258207894,HAR-RV (OLS)
17762,0.00034586106418400646,0.00031946496212954996,0.0003957105681342,0.00032348626695682004,0.000366740869755665,HAR-RV (OLS)
25525,0.0001959930041104542,0.0003071582361952965,0.000181564449433,0.00021129844670667147,0.00020519571541503996,HAR-RV (OLS)
4851,0.000589348331156337,0.00032046088227455,0.0004283656816142,0.00044845037180398005,0.00040417026009423703,HAR-RV (OLS)
18507,0.00035169637341571873,0.00026821414197974997,0.0007522957898927,0.00048517285144536,0.0003985672798533625,HAR-RV (OLS)
2717,0.0006771989669101771,0.0005301863953990999,0.0006320647006605,0.00049721477595364,0.0005447112998822811,HAR-RV (OLS)
1477,0.0003313550228135958,0.000257299760663925,0.0006864611214066,0.00043065708918384,0.0003251616366329909,HAR-RV (OLS)
24817,0.0002087330872541833,0.00022609239834741986,0.0002974299701671,0.00022515675249900612,0.00021565101165775365,HAR-RV (OLS)
17363,0.00042570829201597895,0.00020081336683920977,0.0002921833715142,0.0004061202889170601,0.000312127654229725,HAR-RV (OLS)
2659,0.0002467394700101026,0.00030200808464425,0.0003111135912856,0.0002732731325669,0.0003106719627737935,HAR-RV (OLS)
30250,0.00010394508353550819,0.00034311954188939996,0.0001912446041074,0.00036044105504384,0.00046370221674281247,HAR-RV (OLS)
2010,0.0004235760072753923,0.000279638050152925,0.0003209520850055,0.00043305148040435995,0.000393834828110125,HAR-RV (OLS)
15186,0.0003101747760547494,0.00039782152894032494,0.0003607405072933,0.0004065739897936,0.0003159766772891339,HAR-RV (OLS)
23751,0.00024607713489579,0.00028461700416467504,0.0003542502556805,0.00025185225718377146,0.0002672259086425978,HAR-RV (OLS)
30312,0.00019483920303885733,0.0001306006870879864,0.0002386343004849,0.00015282512603731328,0.00021705799452051666,HAR-RV (OLS)
13500,0.00034509161523949347,0.00016431743973987245,0.0003332722569908,0.00035529527201992004,0.00034880022107480627,HAR-RV (OLS)
10291,0.00019023085100785018,0.00024229873985017272,0.0001027961623242,0.00015107802437563762,0.0002186552290356058,HAR-RV (OLS)
14054,0.00022437980932663598,0.00038782131756509726,0.0002382977068795,0.00016831594438845252,0.00022961328286907586,HAR-RV (OLS)
4158,6.822798691964466e-05,0.0003317272172937073,0.0002313025511654,0.0002770564869831,0.0003224415645914046,HAR-RV (OLS)
27496,0.0005292510507293555,0.000799893158223825,0.0005129736814349,0.00053053886402262,0.0005288847411303312,HAR-RV (OLS)
19765,0.00028958802060687663,0.000296959530294675,0.0001944586839861,0.00028595513421767187,0.00023543531054836451,HAR-RV (OLS)
25357,0.00030098590227296373,0.000538742602607175,0.0001320201213845,0.00040070643162476004,0.0004537416540564875,HAR-RV (OLS)
506,0.0003891702772209608,0.000388352435852725,0.0004218893422836,0.00028994134308208,0.0003767886642586562,HAR-RV (OLS)
6815,0.0005386345636472542,0.000301564229127625,0.0006180732040646,0.00041247984669173993,0.00046212997424995624,HAR-RV (OLS)
16753,0.0001392969225633845,0.00025951386337593244,0.0002686533384604,0.0001812349863739824,0.00015128269209109397,HAR-RV (OLS)
14549,0.0004668653536891679,0.00034505304244685,0.0005782545075559,0.00038718645854868424,0.0003976502191903826,HAR-RV (OLS)
5976,0.0005163330994604814,0.00021730605397872498,0.0003700772385101,0.00024443436572095946,0.00028124931015789363,HAR-RV (OLS)
6648,0.0003893534518822372,0.000507190017367225,0.0004009880826564,0.0005207708378316201,0.0005081953487320187,HAR-RV (OLS)
18082,0.00035468797340974307,0.0002099849586964814,0.0002573406708771,0.00035992426414685995,0.0003574905533853562,HAR-RV (OLS)
5706,0.00021169228838028708,0.000390827220413575,3.192471492083723e-05,0.00016898393401162525,0.00022663148736805046,HAR-RV (OLS)
20563,0.00041175134903035423,0.0002457047508528342,0.0004265461203426,0.00028798985679130294,0.0003793767403560424,HAR-RV (OLS)
27890,0.00016367242315311716,0.0002459177963558,0.0001414270519178,0.00014256830301057703,0.00018704844600107704,HAR-RV (OLS)
12309,0.0004422057784104226,0.00042225873877392496,0.0004867046779835,0.0003078226186638,0.00035003216079953125,HAR-RV (OLS)
21074,0.00023085873772762185,0.00011929412196932013,0.0001427147186827,0.0003017161030366,0.000316092169199775,HAR-RV (OLS)
26447,0.00018561744795202742,0.0001990580446724,0.0002172708856157,0.00019183778956046604,0.0002554144728786769,HAR-RV (OLS)
10491,0.00036228821550634345,0.0002237059608010072,0.000693952041687,0.00040902228017698354,0.00036804710976877614,HAR-RV (OLS)
22331,0.00029710212631435854,0.0004242636145382,0.0001939247873836,0.00031807680860668,0.00042156925132085627,HAR-RV (OLS)
9493,0.00020258906547803156,0.00020442011806275914,0.0001920689909097,0.00020804982513658083,0.00020564307873687898,HAR-RV (OLS)
9819,0.00019739125274815134,0.00032614320680142504,0.0003087371890941,0.0002184194979356369,0.00021610850352036848,HAR-RV (OLS)
30225,1e-08,0.00022501902187087503,8.824142659978823e-05,0.0003073112312905977,0.00028822241349705667,HAR-RV (OLS)
23750,0.0006133995280994723,0.00058954402829185,0.0004162327456959,0.0004068108009589095,0.0005333417159926156,HAR-RV (OLS)
3721,0.00048424059630564563,0.000308353430377,0.0007936905964285,0.00047203980078776005,0.00035892756364884373,HAR-RV (OLS)
31144,0.0002668834810654814,0.00029444384586519996,0.0001899936816911,0.00027020021713290005,0.0003205562945309375,HAR-RV (OLS)
947,0.00026481489018341953,0.000318806635372425,0.0003309336822357,0.0002537437372066482,0.0002558515008143037,HAR-RV (OLS)
18944,0.0005382907485593848,0.0002513306506959,0.0005684937303684,0.000307217794827547,0.0003847776051616491,HAR-RV (OLS)
16900,0.00030561952432688245,0.00031028167461245003,0.0003032815817657,0.00032559392214169997,0.0002544339250742652,HAR-RV (OLS)
31854,0.00028005622393404003,0.000246378754711675,0.0003821461778428,0.0004928174742283599,0.000413184937728586,HAR-RV (OLS)
1890,0.0003334000537527174,0.00034684223691499997,0.0001312486867913,0.00038049637155496,0.00043389890475918754,HAR-RV (OLS)
17491,0.0002237925521346105,0.0007216356474409251,0.0005006719293678,0.00016891068641546758,0.00016599868506019829,HAR-RV (OLS)
22798,0.00034794337232235456,0.00017267284165561282,0.0004296247804051,0.00026498230285552476,0.00029322459730920245,HAR-RV (OLS)
6944,0.0004343436526793563,0.00076150606332305,0.0004439585528537,0.00048463726203047994,0.0004690447796100036,HAR-RV (OLS)
26191,0.00047266815296168583,0.0003750368720708,0.0004997777416946,0.00034416092566581997,0.0003739212645154813,HAR-RV (OLS)
12411,0.00044037081530297166,0.000454366528585075,0.0004187766940431,0.00044490528082148,0.0004007088197936562,HAR-RV (OLS)
22377,0.0003818430559062923,0.00017088538471065059,0.0002821062011347,0.00027471301920006,0.000277093451827428,HAR-RV (OLS)
25483,0.00011264544112177878,0.00030614883100184997,7.070724974259692e-05,0.00018824655388402826,0.0002652816793745088,HAR-RV (OLS)
14623,0.0003041172385498009,0.00023899050305999008,7.127232246674004e-05,0.00023843284378452802,0.00028220942645350885,HAR-RV (OLS)
24318,0.0003781547545458713,0.00019698237816792247,0.000407406925681,0.0002986609321159751,0.00031908636069792975,HAR-RV (OLS)
22042,0.0004966968984759584,0.00031882247342417494,0.0004523140284745,0.00031044513007022,0.0001991360059694194,HAR-RV (OLS)
9889,0.0003612082756859265,0.00039912886403544996,0.0003332794715014,0.0004278782326668,0.000441736872139175,HAR-RV (OLS)
1000,0.0002016813360661523,0.00017726462250679085,7.157491400631008e-05,0.000266878613387662,0.0002502655631231328,HAR-RV (OLS)
27810,0.0002857892128754522,0.00021622720784218995,0.000297342260411,0.0003125922016539,0.00027579314529735,HAR-RV (OLS)
9281,0.00027978439713676156,0.0004101722746326,0.000458133339966,0.00034822733185637994,0.00040091385091636875,HAR-RV (OLS)
21364,0.0005879023967680446,0.00040264372642835,0.0002566511319648,0.00042970103586214,0.00047086474790963124,HAR-RV (OLS)
32249,0.0003647704126955476,0.00023069210190105,0.000359123675746,0.00027471772799236,0.00022434221457260663,HAR-RV (OLS)
15689,0.00031419208707684,0.000273355568713125,0.0003610918034737,0.00028483516944840246,0.0002800745718618411,HAR-RV (OLS)
22501,0.0004173401254286737,0.00032054429922613614,0.0003930376091152,0.0003957158005544,0.00040816586817541876,HAR-RV (OLS)
21931,0.0004143747105799107,0.00012639863866129703,0.0004372515319786,0.00030441920684385997,0.00031626197147415625,HAR-RV (OLS)
29823,0.00016480654429231844,0.00050186248951985,0.0002978122938563,0.0002664618380865813,0.00023295491908418344,HAR-RV (OLS)
20995,0.00037254766360997956,0.00023325772350677053,0.0001825583861772,0.00031969885485608,0.0003545581946306937,HAR-RV (OLS)
20900,0.00017783823086120823,0.0001925470700953809,0.0002823112585889,0.00023454760040068,0.00022736788227853256,HAR-RV (OLS)
7212,0.0002447178270839405,0.000197711736704675,0.0003277888805677,0.00033967663293332,0.00025322592161067627,HAR-RV (OLS)
25087,1e-08,0.0002645628161471021,0.0004497857515825,0.00055585373772128,0.00041591958611065757,HAR-RV (OLS)
28881,0.00025048542333692606,0.0002023341577073541,0.0003486769252709,0.00028645545072404074,0.00021210579108715648,HAR-RV (OLS)
15173,0.0006047258378104698,0.00046352769658895,0.0006441028759006,0.0005918428562911,0.0005702387804848875,HAR-RV (OLS)
4388,0.000269007889696963,0.00023704015929284795,0.0002823451729869,0.00026542654126322,0.0002671768135692,HAR-RV (OLS)
22907,8.429054466619539e-05,8.494595476853497e-05,0.0002090914278482,0.0002181127320541061,0.00020714291488765826,HAR-RV (OLS)
27854,0.00032655414050276584,0.000492417285362325,0.0002632744865538,0.00045810525850614,0.0004323724502784875,HAR-RV (OLS)
15433,0.0001714907390417443,0.00033184031584133016,0.0005186709978737,0.0003072026894722,0.00028189498398444447,HAR-RV (OLS)
27799,0.00037573954802622937,0.00037475881725109996,0.0003962356424921,0.00025259461221754004,0.00023866406884530896,HAR-RV (OLS)
27595,0.0006506826105245918,0.000773874653162975,0.0006156510411757,0.0008219538708202801,0.000768619510784025,HAR-RV (OLS)
23337,0.00023176435766735062,0.00013947478178581406,0.0002354849142113,0.0002953792104347521,0.0002457651597230429,HAR-RV (OLS)
2969,0.0003634694298001249,0.00020239158693777497,0.000443746543552,0.0001635535339685989,0.00020883721441099478,HAR-RV (OLS)
6859,0.0003185627975324667,0.00023449165588505,0.0004155920659621,0.00032476082546666,0.00030109315133269095,HAR-RV (OLS)
29990,0.0002607014115926017,0.00020318398935298092,0.0003582403418464,0.00027122453197016,0.00031227754081991247,HAR-RV (OLS)
12728,0.00043945627197406156,0.000322828276307,0.0002644663175294,0.00038466640006919997,0.00038836190423770624,HAR-RV (OLS)
29692,0.00036098875533007834,0.0004590295672886,0.0003785358163958,0.00040348941992978,0.00047451580740775004,HAR-RV (OLS)
14079,0.0005865046238679272,0.00047336888582742503,0.0005083608462008,0.00052947961723636,0.0005543057398989749,HAR-RV (OLS)
15353,0.0001830683228225818,0.00035698688863002503,9.571034542785462e-05,0.00014846173492261854,0.00022260573267529195,HAR-RV (OLS)
3846,0.0002829930014434278,0.00022527643526767501,0.0002314924183285,0.00028557968374424,0.0003352823584033166,HAR-RV (OLS)
13737,0.0002953053521002291,0.00038953088641471335,0.0002044442016478,0.00024437770755252,0.00027296781605042227,HAR-RV (OLS)
12234,0.00033894406636971255,0.00023236345530832934,0.0002380774235548,0.00037063406765956,0.000332401165602975,HAR-RV (OLS)
11812,0.000425822576511747,0.000294668342382475,0.0002831050999028,0.0002457992315469456,0.0003260206491622205,HAR-RV (OLS)
31522,0.00024523199164094736,0.0002747928581601457,0.0002237667002865,0.00031768541615348,0.0002889820756830395,HAR-RV (OLS)
2567,0.00045763647915147965,0.000423357337597775,0.000521619636283,0.00045973195662911995,0.0004501901382732217,HAR-RV (OLS)
29716,0.00030143411133445647,0.00015404105242443857,0.0003014364898082,0.00034413533159133997,0.0003208353752661413,HAR-RV (OLS)
23780,0.00036271409511714776,0.0003079451314401948,0.0007485734660673,0.00035986630010999244,0.0002952026678429164,HAR-RV (OLS)
16802,0.0002489601522320577,0.00029766193012475,0.0002911061020767,0.00028044792583102,0.000270576134603757,HAR-RV (OLS)
11048,8.429189871976805e-05,0.00034019262613360006,0.0006346553468476,0.00035211715808412006,0.0003981709336235625,HAR-RV (OLS)
7884,0.0001657812517039881,0.0002509331324780961,4.058254668091518e-05,0.00018665940626605985,0.0003309283366182,HAR-RV (OLS)
15858,7.996470617156204e-05,0.00019515232222813605,0.0001074663496153,0.00012266382704770464,0.00014569629884290838,HAR-RV (OLS)
18402,1e-08,0.0004256560900513,0.0003082522685892,0.00039438031496012005,0.0002749909754597037,HAR-RV (OLS)
2104,0.0006621972172354638,0.00044216848748514996,0.0006624642825991,0.00045175342297026,0.00041195138581883155,HAR-RV (OLS)
23642,0.0003233283001322282,0.0001942941403015,0.0002789238448837,0.00014678117679642008,0.00023729747917148393,HAR-RV (OLS)
23462,0.00021605721965128704,0.0003042639996996,0.0002359355045472,0.00024216892240024003,0.0002355473370272593,HAR-RV (OLS)
25059,0.000490580872883942,0.000262914473949375,0.0006436932716704,0.00038306574362874,0.00046113688617126247,HAR-RV (OLS)
2390,0.00018632957521727453,0.00038753457137257505,0.000347793880082,0.00014510573983794796,0.00023808332385970928,HAR-RV (OLS)
15063,0.0003825543498253965,0.00030905513901123907,0.0003317928539622,0.0005250708192573799,0.00046954982412167497,HAR-RV (OLS)
24795,0.0004455631787536566,0.00043132357359237504,0.0005043898078535,0.00049952429458124,0.000458430787010158,HAR-RV (OLS)
146,0.0007337601473666477,0.000538938931217025,0.0006060336448847,0.00063514577454128,0.0006626595989007187,HAR-RV (OLS)
3033,0.0004021335291784741,0.000296296419651325,0.0003845620673988,0.00039568050243846,0.0003545891665589,HAR-RV (OLS)
15627,0.00012405805565052664,0.00032329032994521525,0.000570965169224,0.00024616659485052195,0.0002634152212597104,HAR-RV (OLS)
21208,0.0001940392898269899,0.0002605757116638415,0.0001998719449749,0.00021579855006535615,0.00040629324941900504,HAR-RV (OLS)
6740,0.00020078154811254545,0.0002825329096697799,0.0003648641308003,0.00033008492423012,0.000316922060559775,HAR-RV (OLS)
21734,0.0002185844661078502,0.00018374863504702987,0.0002418215205456,0.00019709406555352,0.00019883904656456484,HAR-RV (OLS)
16499,0.0002921273449701068,0.000124223493001933,0.0007466287247652,0.0002474059868050684,0.00020600084389885468,HAR-RV (OLS)
31861,0.0002180887685625301,0.000253281537494775,0.0003029986374691,0.00036878247870269,0.000287210208893287,HAR-RV (OLS)
1149,0.0004450714377833996,0.0006408781256334001,0.0005491108591162,0.0007326175272072,0.0006091317127146275,HAR-RV (OLS)
8718,0.0003806416769707639,0.00048072113698149996,0.0003121386286192,0.00033145235414172,0.00035757888183923087,HAR-RV (OLS)
24073,0.0004660426619775798,0.00036076213232307506,0.0004282458928451,0.00042778010045446,0.00035061179697525003,HAR-RV (OLS)
3154,0.000378772418165352,0.000507016329607325,0.0002260679231257,0.00027534314788106004,0.0003238329358234603,HAR-RV (OLS)
19034,0.00047547315830080873,0.000203974762177895,0.0004603329431115,0.000392706742672,0.0002904126794593859,HAR-RV (OLS)
15637,0.0004304982714077506,0.00039949679258375,0.0003479344112688,0.00027465654652254,0.0003508640694918125,HAR-RV (OLS)
24048,0.00036501529313051753,0.0003266500878981472,0.0002466728983273,0.00031243283449882006,0.000333043563427225,HAR-RV (OLS)
25474,0.00022513896239152113,9.157489403209728e-05,0.0002852132937836,0.0002201671719273313,0.0002142197141024174,HAR-RV (OLS)
32352,0.0003333865383206916,0.000256277435372525,0.0003760945013591,0.00038346814091304396,0.0004959209865583137,HAR-RV (OLS)
4052,0.0006910477050530408,0.000439652292843175,0.0002549241639734,0.00051745402196586,0.0005859835299146,HAR-RV (OLS)
2525,0.0004977815976954933,0.0002286542103303,0.0003082474201496,0.00043190854284527996,0.00024690082932041777,HAR-RV (OLS)
7864,0.0004567327609867756,0.00059203727365125,0.0004965869215953,0.00046169963350844003,0.0005334140234391188,HAR-RV (OLS)
7458,0.00021045837810988694,0.00022968500262369998,0.0001896303727508,0.00031605489444368,0.0003121211347132979,HAR-RV (OLS)
746,0.0003349687439454867,0.0002510788819991546,0.0002282829186989,0.0002652318006701,0.00032458167382443126,HAR-RV (OLS)
18534,1e-08,0.00017695184301280838,6.460673834483026e-05,0.0002932548638205061,0.00028187435599307095,HAR-RV (OLS)
19699,0.00018115622653619526,0.000265566285577575,0.0001776060011953,0.00029112107285918004,0.0002415100756929216,HAR-RV (OLS)
13321,0.0001843666324887355,0.00023454035250918234,0.0002158001253179,0.00011097640826984541,0.00020175729459021556,HAR-RV (OLS)
17708,0.0004407876110976872,0.0003281703337704,0.0004241415204122,0.00044800001188082,0.00043818801429311525,HAR-RV (OLS)
24157,0.00032679707676032784,0.0003161290674726857,0.000484014173389,0.00040801543948328,0.0003936119402348661,HAR-RV (OLS)
29880,0.00027626779923277004,0.0002019101535095,0.0002793373840915,0.00029409666072921996,0.00032975985257009373,HAR-RV (OLS)
3270,0.0004353168207588274,0.000395349137430975,0.0005622224256929,0.00036435817835576,0.0004113589024465513,HAR-RV (OLS)
25094,0.00027083856924002726,0.00043601594387912497,0.0001306261469161,0.00021173229363546003,0.0002328136242742375,HAR-RV (OLS)
5164,0.000268357724691251,0.000427367802354075,0.0002139909326605,0.00022856611084670812,0.0003075583187629701,HAR-RV (OLS)
854,0.00029530695187260326,0.000435176683169075,0.0002551563359093,0.00041884323051684,0.00039871146999511016,HAR-RV (OLS)
5609,0.00018032387636912844,0.0003649040445791085,0.0003301506562595,0.00037734628946114004,0.0003254900436521567,HAR-RV (OLS)
3974,0.0005329112337013311,0.0005049034350046499,0.0007094801052862,0.00048062515607256,0.0004658574434276625,HAR-RV (OLS)
9194,0.0004151654998360752,0.00035204818739954997,0.000425534126647,0.0004654628300666401,0.0003672727217993319,HAR-RV (OLS)
9243,0.0002596813502257523,0.0003065786816621,0.0007971126577909,0.00044281276056923997,0.00044877040194244377,HAR-RV (OLS)
2932,1.5509806929853696e-05,0.0002880902550156304,0.0001226955702385,0.0002481397653076981,0.00020304289448035365,HAR-RV (OLS)
5249,0.0004491197628501563,0.000493171577866325,0.0004165051006194,0.00039630535583944006,0.00044219140193185,HAR-RV (OLS)
20734,0.00029020278701802306,0.00030217858116544997,0.0003878799985349,0.00019254334956238093,0.00020656227747051621,HAR-RV (OLS)
11152,1e-08,0.000302789438475775,0.0004740361914429,0.00021639771663769665,0.00015746316174602358,HAR-RV (OLS)
2534,0.0002868336381495166,0.00020093400190147501,0.0002358002349793,0.00029015489605317994,0.0002728861424985354,HAR-RV (OLS)
337,0.00011292048306587687,0.000278477781156725,0.0002392585335799,0.00015217255683234527,0.0002674982011783704,HAR-RV (OLS)
8101,0.0005591435025404988,0.00043090182351397503,0.0002592189986934,0.00037762200303968,0.00048041998594149375,HAR-RV (OLS)
7213,0.00033226164036368236,0.00021440927832745,0.0002775638714711,0.0002462042336320476,0.000332217895149732,HAR-RV (OLS)
32750,0.0002807840250695471,0.00037252638333022496,0.0003438412470467,0.00026696450881017706,0.0002797901903700943,HAR-RV (OLS)
6822,0.0002621687669764113,0.00022475351239887296,0.0001673567303168,0.00021969509971605998,0.00022931075282060922,HAR-RV (OLS)
23405,0.00017878144078444392,0.00040360481564839996,0.0004307214556823,0.0004139012127614,0.00036628830258573754,HAR-RV (OLS)
5539,0.00013951333533156315,0.000235752066597475,0.000237388740289,0.00021803859477207546,0.0002398788121339184,HAR-RV (OLS)
26607,0.00026550892343015094,0.000261549514183475,4.157196182212664e-05,0.00019312046586158533,0.00019159631289271468,HAR-RV (OLS)
4627,0.0004070749352594662,0.00025880277797222807,0.0004147324207536,0.00039161264973826,0.0003996595002862375,HAR-RV (OLS)
3327,0.0002658290630069912,0.00012728179467576275,0.0003717804325824,0.000250241960561429,0.00018013339112999,HAR-RV (OLS)
579,0.000157988245186369,0.00041907231123717496,0.0003577837396201,0.0004091453334811201,0.00041907527140909375,HAR-RV (OLS)
27289,0.0006290175772342148,0.000653709143433,0.0007096605541933,0.00075786484065674,0.0006626049344661,HAR-RV (OLS)
3567,0.0002040918591847302,0.00025853931399074997,7.111018650449002e-05,0.0001461890335421386,0.00020119944647571192,HAR-RV (OLS)
7764,0.0002549292168670624,0.000262815486203475,0.0002370983823566,0.00030670960198258,0.00034413039697491876,HAR-RV (OLS)
7367,0.00029282217969753494,0.000266531068909675,0.0002437981482794,0.00029009584529975996,0.0002510651733495375,HAR-RV (OLS)
3655,0.0002468968942672899,0.0001157833684694803,0.000222137379274,0.00019410488081329124,0.00021525258983339434,HAR-RV (OLS)
21906,0.0001471388882821221,0.00028993524764825,0.0001552726922335,0.00010786793871707983,0.00014127149456070605,HAR-RV (OLS)
17949,0.0007930515549818258,0.0005388588487001,0.0005681120471398,0.0007297967682307,0.0007007591736760562,HAR-RV (OLS)
8662,0.000468933463273398,0.000438949908662475,0.0004155570153106,0.00040336891223848005,0.0004871282599035187,HAR-RV (OLS)
18701,0.0006186605394784622,0.00046450068372799996,0.0006671637998436,0.0004312746419457625,0.00043457723081708204,HAR-RV (OLS)
1404,0.00013065096042964418,0.00035608500093204997,9.650077030721777e-05,0.00019937400130993116,0.0003102878319033535,HAR-RV (OLS)
1563,0.0003977128790964221,0.00018756964819232306,0.0004193048345955,0.00029650897261342005,0.000305626064651525,HAR-RV (OLS)
2027,0.000594539945118971,0.0006753046386242749,0.000553268844626,0.00080682239672314,0.0007329620727017063,HAR-RV (OLS)
9164,0.00037454188921809894,0.0002978232173855,0.0005639867466424,0.00025814888288655004,0.00025215401145428895,HAR-RV (OLS)
17870,0.0003779593764646499,0.00050717371689495,0.0004721383070809,0.00049256911253646,0.00039979005511729443,HAR-RV (OLS)
5795,0.00020168568438253218,0.0003707609969876,0.0003031668294326,0.0002346192390135085,0.0002151786801686609,HAR-RV (OLS)
16649,0.0003074375303655907,0.0005239704783924227,0.0003633939021861,0.00035510849353838,0.00038018455990109374,HAR-RV (OLS)
13097,0.0004166029284723334,0.0002984839654463,0.0002349799846028,0.00031941056217294,0.0003389320469146688,HAR-RV (OLS)
10191,0.00032044974358023584,0.0003782595598623,0.0003037142092825,0.00029263972367712,0.00032202794522485624,HAR-RV (OLS)
17328,0.00016527223577610702,0.000354987231246625,0.0002118977645401,0.0001741691365217975,0.00030047683296887426,HAR-RV (OLS)
28737,0.0002571351108945527,0.000227797995085975,0.0003234874208207,0.0002335357061226083,0.0002054945469914123,HAR-RV (OLS)
10113,0.00023432747664021172,0.00019951064785940826,0.0002313360686082,0.00022877348961051997,0.0002333517377041021,HAR-RV (OLS)
31303,0.0004557703430976023,0.00044285305759365,0.0004818004228999,0.00050033804786916,0.00046600599037904377,HAR-RV (OLS)
26938,0.000577620375524382,0.000362483974738275,0.00029475199038,0.00024540912220088,0.0003395468594261312,HAR-RV (OLS)
3531,0.00023290777874459992,3.805993288716163e-05,4.717140899987377e-05,0.00017027096568707475,0.0002763321705462432,HAR-RV (OLS)
19606,0.0003228208133889586,0.00024407170125617943,0.0002076968709417,0.00022572195026534912,0.00024913298707776967,HAR-RV (OLS)
30527,0.00018457575070229387,0.00010823930035883904,0.0003525039710423,0.00019925530278906,0.00021610036397074574,HAR-RV (OLS)
29046,0.000317382762102006,0.00027177717085039997,0.000267545176347,0.00020569181720203996,0.00025835927516573324,HAR-RV (OLS)
11775,0.00024205785822265286,0.00019350824057756251,0.0003343432237261,0.0001620718138476789,0.00014136998814821868,HAR-RV (OLS)
4138,0.0001769776622202209,0.00020731345276035,0.0001376142478911,0.00023637508460769996,0.00020211738448252823,HAR-RV (OLS)
16289,0.0003236515064264086,0.0004336071578171,0.0004851040483339,0.00038144832899672,0.0004882938582240624,HAR-RV (OLS)
27158,0.00011424894193277734,0.0001846962784493847,0.000119442334724,0.0001728147165905853,0.0001282292910432182,HAR-RV (OLS)
2196,0.0003681402624223621,0.00040386031152342503,0.0005566547407118,0.0003383771822718347,0.00035733339771602335,HAR-RV (OLS)
16948,0.0003326219520233785,0.00022179231377225,0.0002482184893833,0.0002272844320282,0.00024012394183359957,HAR-RV (OLS)
21685,0.0002937350356731537,0.00023987959715555002,0.0002272953320936,0.0002455613450599,0.0003622530382746562,HAR-RV (OLS)
32614,0.00048134220111143274,0.0004273467096742238,5.042301810658866e-05,0.0003621450979679978,0.00041682550001801723,HAR-RV (OLS)
18600,0.0002292905534157536,0.00017586220235149124,0.0002829737321076,0.00016388072502400943,0.00019199190841305688,HAR-RV (OLS)
30803,0.0006568379232251137,0.000702205073801375,0.0004618918193985,0.00044661859849016007,0.0005084449859454375,HAR-RV (OLS)
2086,0.0002605889753516449,0.00031288708200465,0.000185490078988,0.00019530249954089997,0.00025370571736515,HAR-RV (OLS)
6679,0.00016410290923880356,0.000209513154869442,5.687169249610161e-05,0.0003944761670893403,0.0003853324696640189,HAR-RV (OLS)
7005,0.00026939200697624643,0.00032692703577325,0.0002512592233561,0.0001488837230229732,0.00022600689093162625,HAR-RV (OLS)
12579,0.0003777499005247273,0.00037349891687354995,0.0004120635288317,0.00032626563174182005,0.0003761451737509625,HAR-RV (OLS)
21891,0.0003559466763883107,0.000504291878152025,0.0003353134004654,0.0006256010659452599,0.0006112175432284625,HAR-RV (OLS)
13912,0.0002606247947612715,0.000390945331428375,0.0002823255384,0.00017638512106167163,0.00020583215244056392,HAR-RV (OLS)
2125,0.00027723167639949806,0.00033756541251252496,0.0003793824301328,0.0002603455444169,0.00025783362370448135,HAR-RV (OLS)
14483,0.0002811497616441943,0.000568853105514525,0.000228066578059,0.00055764454748806,0.0004735505654638875,HAR-RV (OLS)
23566,0.0001523635597097721,0.0001759537029632,0.0004303297940815,0.00028910580656614,0.00029864846694601873,HAR-RV (OLS)
3836,0.0002589171287923588,0.00025367982738937504,0.0003372784595557,0.00026005253878888003,0.00025372325004093763,HAR-RV (OLS)
23254,0.0003184844000259958,0.00053112643785945,0.0003256618024351,0.00036791871130224,0.00038902537308053135,HAR-RV (OLS)
4329,0.00039661419381314456,0.00039414847163162507,0.0003630150119041,0.00050505661574416,0.0004965666180029563,HAR-RV (OLS)
8442,0.00013385989114598628,0.000184538357081325,0.0001663555648499,0.00021761603449137998,0.00026858129036514783,HAR-RV (OLS)
25844,0.0002800316330973368,0.00022499477438605003,0.0004148297323591,0.00039270234139367996,0.00035778601794798746,HAR-RV (OLS)
29944,0.0006982776019973367,0.00045430767517957505,0.0005648550671782,0.0005516689291624,0.0006185616287233687,HAR-RV (OLS)
7261,0.0007383395670944193,0.00036200705677027497,9.419920121571852e-05,0.0004637678902805237,0.0005624898819029198,HAR-RV (OLS)
18831,0.00029768884444656226,0.00035663718324802497,0.0004213285782854,0.00027207915123524,0.0002859545582690375,HAR-RV (OLS)
8938,0.0009330013710028557,0.0005888076143262251,0.0008231190185378,0.0009746446789431401,0.0007052826382721063,HAR-RV (OLS)
8667,0.0004660698674677144,0.0005603536706577999,0.0004300335246393,0.00040676287093801997,0.0004914194300808562,HAR-RV (OLS)
675,0.0003824345125463012,0.000440605834776775,0.0005132577767258,0.00050309302274188,0.00046250040718220627,HAR-RV (OLS)
14752,0.0004385920417241859,0.000300569164920625,0.0004560705471554,0.00041604133743737993,0.00040427461494530625,HAR-RV (OLS)
19815,0.00041635881560082497,0.00019299805586485,0.000380778852273,0.00027843742555346,0.000344636031802975,HAR-RV (OLS)
20914,0.00016316598531033013,0.00020866883164142902,0.0002564832534141,0.00030111865382352,0.00025803830339720036,HAR-RV (OLS)
373,0.00024056314576170745,0.00039711882948997504,0.0005686976307461,0.00040776974679385716,0.00042452846127966786,HAR-RV (OLS)
6777,0.0002318498284953395,0.00021442686543817263,0.0002022982448844,0.00020497801000788,0.0003024677780208313,HAR-RV (OLS)
20550,0.0002036390187994064,0.000320031464143725,7.682266528363445e-05,0.0001684181756819839,0.00028988188575969874,HAR-RV (OLS)
23962,0.0003207359192062642,0.0002437718270233,0.0003411368745225,0.0001922188543806652,0.0002616338924309454,HAR-RV (OLS)
18959,0.000297554864305362,0.00019640083598925002,0.0002752796091673,0.00017468268857337004,0.0002328893449152907,HAR-RV (OLS)
4869,0.0006211135820018118,0.0003585965475317,0.0008624099818753,0.0005542577189201401,0.00047493141718992496,HAR-RV (OLS)
15595,0.0003347174010044796,0.00033795293841052505,0.0003083565117526,0.00034810118350766,0.0003179019368416312,HAR-RV (OLS)
20172,0.00016656089598738222,0.00023424785428238293,0.0002246930519919,0.00024712431083999994,0.00018666780373698022,HAR-RV (OLS)
3703,0.0003060265561398165,0.0004865505244181,0.0001439623676024,0.00038546131722692005,0.000499611220475625,HAR-RV (OLS)
16660,0.00031317928906214723,0.0002760502654714585,0.000399531909943,0.0002568559356285917,0.00026577335892255803,HAR-RV (OLS)
17946,0.0004233961043917331,0.000443128233199125,0.0005064538714054,0.00035436979197114003,0.0002738207735931845,HAR-RV (OLS)
1380,0.0004855623584545363,0.0003417142043697,0.0006189853321435,0.00038117465611976775,0.0004242427363745274,HAR-RV (OLS)
24535,0.00019435182521140653,0.00044546257626247495,0.0003844455813473,0.00026048659366604,0.0002664051929113937,HAR-RV (OLS)
16877,0.0003524299838844866,0.0002702575810191,5.660111717231093e-05,0.00021634767306396885,0.0002370455095494035,HAR-RV (OLS)
24198,0.00026928872765908274,0.00020121933094512502,0.0003364452394277,0.00026801090072722,0.00033833621197768747,HAR-RV (OLS)
19915,0.00027124423986906886,0.00025494545528623863,2.0550107827624936e-05,0.00014806348905327317,0.00022208483728757288,HAR-RV (OLS)
317,0.000354157483240552,0.000404728410067,0.0004547681563006,0.0003639965369451,0.00036505979732753954,HAR-RV (OLS)
11059,0.00028967623328399227,0.000247786870175,0.0003610577370699,0.00034723351527604,0.0002590603628112833,HAR-RV (OLS)
9988,0.00017915915830855628,0.00014996455031929354,0.0001449751973992,0.00020110132257297996,0.0002569376420081585,HAR-RV (OLS)
15697,0.0003342606487613281,0.000124098480843698,0.0003742873072057,0.00024979501564495,0.0002554280515656696,HAR-RV (OLS)
7518,0.00016725069832265835,0.00034207167610624694,0.0003391134133079,0.0003063929634407,0.0002359921539698124,HAR-RV (OLS)
13398,0.00032791633011196146,0.00031967166154194996,0.0002113093753801,0.00024217992603346099,0.00029281879460232526,HAR-RV (OLS)
25089,0.0006682286634413146,0.000900120081169675,0.0007336942959657,0.00063221998213792,0.0006619832261925937,HAR-RV (OLS)
13324,0.00016319561260893015,0.00029541342807980886,2.707136472575631e-05,0.00014447076487342534,0.00014363600057406292,HAR-RV (OLS)
1359,0.0003285924443874725,0.000312390823207075,0.0004653360939978,0.00037356580817578006,0.00030853997855874893,HAR-RV (OLS)
19154,0.0002384283830280142,0.0001578929547294512,0.0001126686094608,0.0002152537799203354,0.0002753664835410986,HAR-RV (OLS)
32751,0.00027525793945297136,0.00046644656008895007,0.0002498909106136,0.00041676432724196,0.0003638857273344688,HAR-RV (OLS)
32119,0.00032564088812325764,0.00044113072251360003,0.0004015298819358,0.00051109911531096,0.0004464489704507281,HAR-RV (OLS)
5513,0.0001848506055864232,0.00011126027866208664,9.82453546017545e-05,0.00019386986380723686,0.0002045875364409717,HAR-RV (OLS)
8773,0.00025604699731068635,0.000304609717523225,0.00010911224513,0.00020126676740616001,0.0002737620469203312,HAR-RV (OLS)
5347,0.0001520900605611246,0.00013096791259047352,0.0002225910668209,0.0001231717075158924,0.00012878538714268208,HAR-RV (OLS)
16431,0.0001853111977399626,0.0002708433267969382,4.6520971678377525e-05,0.0002610700755903355,0.00027984274861909237,HAR-RV (OLS)
17490,0.0003918657731019098,0.0004016668583121,0.0005054800322994,0.00039004216359576004,0.00034897818779197474,HAR-RV (OLS)
20945,0.0002698499632926634,0.0002116530246699,7.847191751831096e-05,0.00017677126718830606,0.00020249853653369774,HAR-RV (OLS)
13798,0.0005838604425617903,0.00035979989640960003,0.0006990759217304,0.0002486438797826957,0.00021800268855742724,HAR-RV (OLS)
7217,0.00042233921790849955,0.00026530530525987637,0.0003450808811224,0.00020709591379285954,0.0002916512072330936,HAR-RV (OLS)
1433,0.00029318540213734074,0.00017456291592421447,0.0002654212208982,0.00026282714921189017,0.00028565030356523505,HAR-RV (OLS)
11904,0.00014328515440259894,0.00022027743327778236,4.468929860194782e-05,0.00015380296608676956,0.00022823350531581333,HAR-RV (OLS)
3044,0.0002983176332917839,0.00015521988927975043,0.000170037692354,0.00028582164533754,0.00025655849397872836,HAR-RV (OLS)
2466,0.00040137587796888535,0.000291601122061775,0.0004853669429293,0.00028880404532497997,0.00022153726059983127,HAR-RV (OLS)
12131,0.0005658955437553507,0.00032696455391127504,0.0005689131896958,0.0005099801932701599,0.0003407814837143435,HAR-RV (OLS)
14510,0.00032119477219657926,0.000348353240217625,7.990896094359067e-05,0.00023810398697051658,0.00036604356147297394,HAR-RV (OLS)
5601,0.000620778624435366,0.0006171467960377,0.0007517513141831,0.0006131258642622401,0.0006194533833792564,HAR-RV (OLS)
5958,0.00018304715298853263,0.0002307388197811267,0.0004295271089878,0.00026847783539620684,0.0002357742743204225,HAR-RV (OLS)
15907,0.0001694015783573774,0.00026730212200606375,2.518423406993554e-05,0.00019744944126706825,0.0002080065891096365,HAR-RV (OLS)
29302,0.00034173033432676505,0.000361956836397025,0.0003361972212241,0.00042862517942774005,0.0005599401406805,HAR-RV (OLS)
20972,0.0003866453886406011,0.00030205328709245,0.0003559570180787,0.0003166282583689,0.00035868740866786474,HAR-RV (OLS)
22750,0.00027973610557622993,0.000340070653141225,0.000304341426513,0.00035950741298281994,0.00026774900435409625,HAR-RV (OLS)
23156,0.0002295828718307783,0.00027287352242297497,0.0003706657792704,0.00033547623044082,0.000266512179194852,HAR-RV (OLS)
1866,0.0005508935059113988,0.000672566763133225,0.0003385481833775,0.0005459002348768,0.0006239458287914312,HAR-RV (OLS)
2644,0.00026322958689331544,0.00038795344608615,0.0002722789519389,0.00042223289842006006,0.000369224796932172,HAR-RV (OLS)
26222,0.0004089909418925169,0.000523663711099325,0.0004574591919548,0.00042743437048577994,0.00039932004372653123,HAR-RV (OLS)
11227,0.00019761550193901848,0.00016870111721652888,0.0003520462749639,0.00016120103976378529,0.00019753057300880817,HAR-RV (OLS)
9797,0.0002840876546967588,0.000334794290575025,0.0001868692854038,0.00026599432466212,0.00028627215329067503,HAR-RV (OLS)
26152,0.0003450411713233043,0.00017127204157395048,0.0004462459441082,0.00030347178769998004,0.000331069833135725,HAR-RV (OLS)
3804,0.00019374875169737805,0.00041668227830757504,0.0001840658936031,0.00019112891634854,0.00018046761718061214,HAR-RV (OLS)
10751,0.0003430099741731027,0.00045359571616232497,0.0006120481472993,0.0003809025981471539,0.0003482598630522184,HAR-RV (OLS)
22914,0.0001382563394252649,0.0003010531223657019,0.0004108935164568,0.0001795717302436402,0.00015613848599722684,HAR-RV (OLS)
26862,0.0004675564876906726,0.000354908919346875,0.0005671580006523,0.00034550902632570006,0.00034605910802097315,HAR-RV (OLS)
14420,0.0004651535711178648,0.000430764227713,0.0004073859967491,0.00052070779696892,0.0004302850458967921,HAR-RV (OLS)
25429,0.0007219333295837007,0.00065927792338685,0.0008453874921102,0.00063050959265714,0.0007001307593127562,HAR-RV (OLS)
7251,0.00017606844756914942,0.00028038379440195,0.0002368507395556,0.00016056810979807467,0.0002525307189582546,HAR-RV (OLS)
21911,0.00029729070087195137,0.00040457742012575,0.000366365886238,0.00037583630429802,0.0003534501578915688,HAR-RV (OLS)
5480,0.00029954885207078856,0.0002786072697195,0.0002986428398981,0.00030047762446174,0.0002739859178649312,HAR-RV (OLS)
1501,0.0004461570643185765,0.00034654879524015,0.0003653432474497,0.0004067735344104401,0.00039156533029974374,HAR-RV (OLS)
6102,0.0003314766997812573,0.0002993036697714472,0.0002872654598582,0.0002801064235939,0.0003995769098465812,HAR-RV (OLS)
20796,0.00023524595442392593,0.00019961135025484998,0.0002725718036478,0.00026502980533076005,0.0002635688712556625,HAR-RV (OLS)
26905,0.00024229744116977767,0.0002657084975515365,0.0001037798201409,0.00019090431385329374,0.00019971828139898624,HAR-RV (OLS)
17070,0.0004653122000676148,0.00041020301654655,0.0006710239968976,0.0005693385576331599,0.00044168191987766604,HAR-RV (OLS)
32712,0.00018890539047407856,0.00038506023294305,3.863738820428888e-05,0.0002589283127868378,0.0003032627684199743,HAR-RV (OLS)
13305,0.0005714184206144175,0.00047205110010232495,0.0006905543518991,0.0006174253870920001,0.0005094111937668,HAR-RV (OLS)
8360,0.00045966517721122806,0.000442320605115925,0.000274675895206,0.00050659528159634,0.0004052039158503687,HAR-RV (OLS)
8068,0.0005134776891594764,0.0005167217230138,0.0005840828314536,0.0005473879547681401,0.0005322108041093562,HAR-RV (OLS)
16570,0.0004054459593762501,0.00032046963398150004,0.000281040302414,0.00033150528602706,0.0003711741811286875,HAR-RV (OLS)
19799,0.00044494231221358976,0.000392585520724175,0.0002115528971346,0.00032001622576804,0.00036650048481763126,HAR-RV (OLS)
20644,0.0004391866881159494,0.00018713326065029307,0.0003222457433802,0.00042135980518297997,0.00039592204858098596,HAR-RV (OLS)
3291,0.00028273627371041177,0.00043635722685135,0.0006056897429812,0.000441838474417193,0.00044550696969959734,HAR-RV (OLS)
9496,0.0005245454682837317,0.000623886106499075,6.340054987242646e-05,0.0003045842943754853,0.00033415896027293233,HAR-RV (OLS)
2833,0.0003461490858248258,0.00045720317275371367,0.0003326686873543,0.0003352671463699,0.0003323757270197301,HAR-RV (OLS)
20826,0.00022684595869841887,0.0004060295559714,0.0003434671793417,0.0005655465899935,0.00043772508073673753,HAR-RV (OLS)
13614,0.0008219692210592504,0.00041956873967079997,0.0005945297519988,0.0005969257864277599,0.0005522690498858062,HAR-RV (OLS)
17247,0.000622587033234129,0.000430098880546675,0.0005146592780695,0.0005418797032773601,0.00065591240153875,HAR-RV (OLS)
11453,0.0006550916350525119,0.000638407288621025,0.0006968543757088,0.0007136534994545,0.0006863696976463938,HAR-RV (OLS)
6599,0.0004247904068934894,0.00044266555532315,0.0002810509441131,0.00037724069337246,0.0004374880934442187,HAR-RV (OLS)
18425,0.0005319830869566054,0.00052162885371725,0.000671520370963,0.00057564928906626,0.0005093328052144812,HAR-RV (OLS)
7821,0.00017991867651238208,0.0005759655788667749,0.0001587437731814,0.00027035955317076,0.00044763397828623746,HAR-RV (OLS)
11137,0.000909752829102119,0.00049784270955165,0.0007973872681285,0.00069047106126842,0.0005629562208115313,HAR-RV (OLS)
29517,0.0007187332466145344,0.000692751782794925,0.0004770138552509,0.0007164794656210199,0.0006742598675453937,HAR-RV (OLS)
13350,0.0005058394667144315,0.00066589447696555,0.0018421399815318,0.0009633598475928,0.000781197975991325,HAR-RV (OLS)
4739,0.0003006830602914558,0.00013799138705244743,0.0003678842633347,0.00025353300733171327,0.0003811527611095542,HAR-RV (OLS)
4069,0.0006972865388657644,0.000630492234141625,0.0006774219570233,0.00055078163332074,0.0005819921692762561,HAR-RV (OLS)
7545,0.0003515300181224092,0.0004158357973526,0.0004797596484739,0.0003971890758934601,0.00037587623020613126,HAR-RV (OLS)
30327,0.0006421575439117741,0.000528770362565925,0.0006752950462856,0.00047631450771379996,0.0005077237844338624,HAR-RV (OLS)
26678,0.0005111448927186211,0.000625131478806825,0.0004625154944265,0.0006259597198482,0.0005831892875669188,HAR-RV (OLS)
725,0.00033164270051988976,0.00035785244984995,0.0001509704217801,0.00041661475075485996,0.0004133626517174875,HAR-RV (OLS)
21848,0.0001917055666117003,0.00030452587267875,7.231177569887166e-05,0.00014219786341460204,0.00023407263842378865,HAR-RV (OLS)
1037,0.00023894359382434162,0.0004062042931397761,0.0003780650081762,0.00039280450072048,0.0004237034808602187,HAR-RV (OLS)
16519,0.0004713781131702217,0.000269313031688325,0.0002440248916997,0.00022875408705714,0.00023991048867242135,HAR-RV (OLS)
23217,0.00022064245281736006,0.000396576855358125,0.0001760567769619,0.00034559085499443994,0.0004674593917701637,HAR-RV (OLS)
26672,0.0005924488001699415,0.000352836188491375,0.0004524489918609,0.0005125056269237,0.0005243652550283063,HAR-RV (OLS)
16017,0.0003576487519777118,0.00039061529268205,0.0003853242712596,0.00035129462410228,0.00035638545216009373,HAR-RV (OLS)
18728,0.0009448628396556022,0.0009670541116078499,0.0008906316613813,0.0009874151491912999,0.0008747483920271438,HAR-RV (OLS)
29943,0.0003222346259358072,0.0004379131961919,0.0003179052676329,0.0003259041389269663,0.0003638406043604082,HAR-RV (OLS)
7107,0.0004932505724216131,0.0004792326143932,0.0003583089317985,0.00044699727028900003,0.00039278715582916876,HAR-RV (OLS)
27127,0.0003856193836108018,0.000420568661409575,0.0004441085832393,0.00053626540128652,0.0005019724964335813,HAR-RV (OLS)
28779,0.0002908717825571772,0.0002117213711948,0.0001263416068353,0.00024163192165845996,0.00023557579370181946,HAR-RV (OLS)
28757,0.0003873054798159282,0.00038404230873917503,0.0003636118892037,0.00037707480752003996,0.0002677885695969664,HAR-RV (OLS)
591,0.0001774010204889011,0.000274272430498175,7.948369710635669e-05,0.0001515616561679637,0.000202028521787188,HAR-RV (OLS)
13900,0.000514927350982447,0.00047675362211605,0.000400486492784,0.00041610458672076,0.00045985638544258754,HAR-RV (OLS)
15132,0.0006532297418224092,0.0007895127629803,0.0007549580238044,0.0005160541286717,0.0005060476492237625,HAR-RV (OLS)
17876,0.0003782589767350158,0.0003459354590467,0.0003469370596163,0.0004205734796095,0.00038112409087182503,HAR-RV (OLS)
19204,0.00036005204565655165,0.00046025521573665,0.0003542859686451,0.00045122286732914,0.00045246693895255004,HAR-RV (OLS)
5809,0.0003948280501227054,0.0004029463287066,0.0004215542376208,0.00043777054818696,0.0003009538497910812,HAR-RV (OLS)
3931,0.00028034066228591536,0.000200711337109504,0.0002720845135941,0.00022981228234536036,0.0002846159614601564,HAR-RV (OLS)
10326,0.0004886836422921923,0.0005216693890108,0.0003941450782109,0.00043603818233403993,0.00045714949281492495,HAR-RV (OLS)
25427,0.00024006852750316237,0.00026358136653939365,8.85176693737088e-05,0.00022769889178668738,0.00019685350406716204,HAR-RV (OLS)
4962,0.0005000528033985957,0.00041036163350977506,0.0003969949365786,0.00039570376914646,0.00031401282715701873,HAR-RV (OLS)
31071,0.0002077580155221508,0.000309821432084925,0.0002442139448445,0.00017051913092786403,0.00021601417845539434,HAR-RV (OLS)
5149,0.00034758066998568906,0.0002617830270087,0.0003686018263292,0.0001583320723463401,0.0002078574046973313,HAR-RV (OLS)
18247,0.0003290857618752852,0.00031950571964457504,0.0004343054768316,0.00029073096422914,0.0003481965486417187,HAR-RV (OLS)
32247,0.0006151152045082214,0.000386164032403925,0.0005343667465045,0.0004703207506032,0.0006486378166120938,HAR-RV (OLS)
16367,0.0005272131810000741,0.00047095096399245,0.000356912287288,0.0004884207220546199,0.00042252828825035623,HAR-RV (OLS)
24131,0.0002592352646326191,0.000301698656805775,0.0001956031814198,0.00018984869936889998,0.00026243473074873445,HAR-RV (OLS)
12666,0.00017663464966144004,0.0002770229035995327,0.0002834295686724,0.00030199169994561995,0.0003037074782449159,HAR-RV (OLS)
8044,0.00041491032030303897,0.0005778535415042251,0.0006919961109349,0.00053994943562834,0.0004134613440219423,HAR-RV (OLS)
10932,0.00030181368830787744,0.0004989054298102,0.0002967534687398,0.00038127863946301995,0.0005668257967078624,HAR-RV (OLS)
16699,0.00016781015238470073,0.00030569643695645,0.0001369240299889,0.00028314435307671997,0.00025466740987053127,HAR-RV (OLS)
26488,0.0006352232896369057,0.000430807295948325,0.0005731749861306,0.0005853039537113,0.00039649627774003467,HAR-RV (OLS)
9737,0.0008688249496556855,0.00075583031477195,0.0008773136022398,0.0009268213974290001,0.000877027553864475,HAR-RV (OLS)
5141,0.0002086110931912508,0.00022920306868845,0.0003179701097493,0.00025275667363542,0.00019893679151060736,HAR-RV (OLS)
1761,0.0003585379891838462,0.0004960618236468,0.0002831815671779,0.00038118436385247995,0.00037469703820876873,HAR-RV (OLS)
15715,0.00042724136563016425,0.00048478879956245,0.000587414801882,0.00042121984652809997,0.0004687404659727875,HAR-RV (OLS)
18218,0.0005526257911837542,0.000381576754085075,0.0002335792199199,0.00040860867901928,0.0004348434532291,HAR-RV (OLS)
7133,0.0004811394164389799,0.0003574683469051,0.0003967993351509,0.00038258953139739995,0.00045884054382428125,HAR-RV (OLS)
15335,0.0003390261468708195,0.000232149492487925,0.0003262727902256,0.00030800405395424,0.0002368456759651953,HAR-RV (OLS)
4460,0.00010215877540918432,0.00042414573078655005,7.646662375035921e-05,0.00015129330514519708,0.00030853382301696783,HAR-RV (OLS)
18567,1e-08,0.0002010747763263782,0.0006137927346348,0.00037571366671639456,0.0002628869863598704,HAR-RV (OLS)
31214,0.00014712217739841916,0.0001278647742562659,7.264499763921584e-05,0.00039030483931556313,0.00028023934885436494,HAR-RV (OLS)
1235,0.000178008096647736,0.00019831126884790326,9.24132347889438e-05,0.0001510492825111374,0.00012126739337771372,HAR-RV (OLS)
15908,0.00040057668785287333,0.000562063998399925,0.0006094129966206,0.0005204901896472801,0.0004094236440871665,HAR-RV (OLS)
11487,0.00013203335723648216,0.00016130418290101099,1.974743705400033e-05,0.00017783581289250008,0.00024151682713308934,HAR-RV (OLS)
10701,0.0003378564156351301,0.00061469366587835,0.0005125761931716,0.00035694552129518004,0.0003505637534345062,HAR-RV (OLS)
4724,0.00018116893391154494,0.00016600843405532195,0.0003427043080713,0.00022863692185816405,0.00020372675480326882,HAR-RV (OLS)
20078,8.206831921306416e-05,0.00012005031632729493,0.0003936386203803,0.0001754513921612953,0.0001565918040769825,HAR-RV (OLS)
468,9.954799573412543e-05,0.0001542489596861015,4.471016210160955e-05,0.00014193492709281525,0.00020408058581652697,HAR-RV (OLS)
17217,0.0004153977353040304,0.00044499305081080004,0.0004124005827243,0.00052181592279246,0.00046922723835059996,HAR-RV (OLS)
1529,0.0004614121325981296,0.00031802994717932504,0.0006164509528065,0.00039354591381,0.0003329948071569429,HAR-RV (OLS)
27627,0.000242385963121184,0.0001254933219485569,7.585322082538756e-05,0.00017786680591384685,0.0002215461187767479,HAR-RV (OLS)
22159,0.0005333837657996237,0.00037442935212402494,0.000447557675062,0.00057572820314036,0.0006537334879533563,HAR-RV (OLS)
4038,0.0002939447501190722,0.000362130504412375,0.0003906805686628,0.00040601806097116,0.00035055369919494833,HAR-RV (OLS)
11864,0.0004602418155586983,0.000376747404251075,0.0003806859413876,0.00054385474740852,0.0005074545781828938,HAR-RV (OLS)
20213,0.0002645603931962262,0.0003303655007466,0.0001773592625883,0.00034994946864424007,0.0003478309279577125,HAR-RV (OLS)
13096,0.00027339280925849053,0.000588585402045375,0.0002972651547074,0.00040018523183971995,0.0004889319828098001,HAR-RV (OLS)
10460,0.00011656220187053002,0.00014478850920982572,0.0002838829484592,0.00035046881990963996,0.000279838060404271,HAR-RV (OLS)
24766,0.00024164837858245197,0.00027213336959042503,5.395104144415142e-05,0.0002085378884179703,0.00020008397218602378,HAR-RV (OLS)
12965,0.000213639423502077,0.00022429576275862499,0.0001627037588441,0.0001588642990057664,0.0002605795698131631,HAR-RV (OLS)
14350,0.0002522667256585702,0.0002189785112275857,0.0001266226829665,0.00027217633779488,0.00024528618432597456,HAR-RV (OLS)
16479,0.00031618810567118503,0.00048102089488307495,0.0003825872339684,0.00030883495405182,0.0003150287681566824,HAR-RV (OLS)
22441,0.00036037093948428545,0.000415518561158575,0.0001854555911422,0.00038534583322628,0.00039383485665120627,HAR-RV (OLS)
4265,0.0004557095920472286,0.00037206656193072504,0.0005670504884301,0.00044183091845482,0.00041900895043491877,HAR-RV (OLS)
9067,0.0004905279567160939,0.00048667335713615,0.0005277077337671,0.00049070387002998,0.0004929827464874687,HAR-RV (OLS)
169,0.0004472141367340141,0.000347245830891225,0.0002004961035702,0.00035672901675046,0.00042330765355583124,HAR-RV (OLS)
10985,0.0001546704737571199,0.000138951324042966,8.685673282903866e-05,0.00011148520830759282,0.00015617197404264117,HAR-RV (OLS)
30279,0.0003085171402373711,0.00044666231310575,0.0002788070839167,0.0002900705725627,0.0003099775179591,HAR-RV (OLS)
25274,0.0004040229197008155,0.000595220744344025,0.0006328888487246,0.0003949188665076828,0.0004274744293189884,HAR-RV (OLS)
8196,0.00019829049406940968,0.00012354789633605925,0.000203374983035,0.00016388603690678977,0.00019299594912699106,HAR-RV (OLS)
6823,0.0005085967919751552,0.0005867144145823,0.0006447274761601,0.0005735022327827599,0.000501713129662275,HAR-RV (OLS)
23972,0.000505274319382311,0.000353283359343875,0.0004400124739272,0.00044503919860673993,0.000475149493375325,HAR-RV (OLS)
24224,0.00020517784039832468,0.000465148661178675,0.0003356049386218,0.00022902491529595888,0.0003613398269479122,HAR-RV (OLS)
16500,0.00032679257662474677,0.00017261058887300422,0.0002829298661367,0.00017898716339862837,0.00012395493760807838,HAR-RV (OLS)
24341,6.674392620576852e-05,9.962425493226529e-05,8.633728714516956e-05,6.851216748734958e-05,0.0001383701744031914,HAR-RV (OLS)
1249,4.201113695000326e-05,0.0001772318572917694,0.0008046374053434,0.00040172595972748,0.00033325209412404176,HAR-RV (OLS)
29494,4.893477215036019e-05,0.000298291196582875,2.296905617023172e-05,0.00020100123677840634,0.00015606374096816417,HAR-RV (OLS)
10608,0.0008416145977674281,0.0008749283468671,0.0006864103422043,0.0008466434861821599,0.0005621913264081625,HAR-RV (OLS)
18178,0.00017871533900329416,0.00028677395875529996,0.0004116456205081,0.00028094366009818,0.00019800374712481653,HAR-RV (OLS)
25894,0.0005833534292854034,0.0010108035313387,0.0008805827483994,0.0006993486356371001,0.0005519720148855749,HAR-RV (OLS)
26903,0.0001899760315617993,0.000531573045497975,0.0006458017519172,0.00043054690464268,0.0005054538736750313,HAR-RV (OLS)
29219,4.019933848435804e-05,0.00048581062021349995,0.0013630015583495,0.00066443053459298,0.0005336901148615937,HAR-RV (OLS)
19580,0.0005531160854118943,0.000579377926207625,0.0004600725541843,0.0007084723517109,0.0006846528606282125,HAR-RV (OLS)
22249,0.0010049198511602351,0.00078117493280695,0.0005704715401937,0.0005717788665693801,0.0007153757418761125,HAR-RV (OLS)
10969,0.0002811846617973942,0.00017217537018079145,7.10601811632162e-05,0.00021470980051290322,0.00023408409649683227,HAR-RV (OLS)
5266,0.0007600887762210483,0.000701006101142575,0.0009494565222605,0.0007658878983796399,0.0007951999121958313,HAR-RV (OLS)
12822,0.0006946539765463808,0.000483168597015425,0.0006274056738805,0.0005591639179635399,0.0004404751097297062,HAR-RV (OLS)
21169,0.00019167949482884824,0.00013543049544768507,0.0001632013430042,0.00010847959079743779,0.00013950747165893815,HAR-RV (OLS)
23034,0.0001398138092141917,9.881072320978025e-05,7.614009355204689e-05,0.0001370230500704612,0.00014468768526715287,HAR-RV (OLS)
9030,0.0003818981180269791,0.00035855861616712495,0.000438445803894,0.0002758202862970302,0.0003098754099516094,HAR-RV (OLS)
29054,0.00024485842728454887,0.00021161550293847975,0.0003482776495015,0.0002415327827202292,0.00023973488947088883,HAR-RV (OLS)
30729,0.00019450168195070638,0.0001491364169649962,0.0001376626970824,0.0001914741177990706,0.00019780263650207946,HAR-RV (OLS)
2982,0.0004162474827875068,0.00030054973093897504,0.0003207032610373,0.00036035630823386,0.00042280880074713125,HAR-RV (OLS)
25551,0.0003839388081515254,0.000563383903382825,0.0003748269099545,0.00052007382755446,0.00042656860618665003,HAR-RV (OLS)
10941,0.00013732291978036867,0.0003056174658592056,0.0001405454371368,0.00024950996871610004,0.0002578331978420854,HAR-RV (OLS)
9091,0.0004246240702699051,0.00042100495146852506,0.0001988832938697,0.00038546194196162,0.00039409776247107493,HAR-RV (OLS)
12531,8.078359628871043e-05,0.000218848535414375,0.0003842438977551,0.0002508285810864321,0.00023144876035314677,HAR-RV (OLS)
26707,0.0005801141400029197,0.00102065792281905,0.0003324236778741,0.0006135954130426799,0.000644811636814675,HAR-RV (OLS)
6428,0.0002338192508439664,0.00027281627050630003,6.768597231371137e-05,0.00026551481902634225,0.00023015499528527452,HAR-RV (OLS)
5213,0.00017152137019134492,0.000334222967436525,0.0004729264174713,0.00024499081208737174,0.0002914888650354162,HAR-RV (OLS)
14906,0.0004858292933292021,0.0005044945278947,0.0006518568223857,0.0005103236964666,0.0005557345145753062,HAR-RV (OLS)
7322,0.00014886614601096986,0.0003302585273814872,3.2940925209058346e-05,0.00016714823797177035,0.00022098159563649583,HAR-RV (OLS)
10816,0.0005281336658605832,0.000653734804981625,0.000655268081647,0.0005847677367937,0.0006149093134633437,HAR-RV (OLS)
4193,0.0003119103821682922,0.0003810447794082,0.0002380840743469,0.00030164187730916,0.000312699925321975,HAR-RV (OLS)
23317,0.0009007661709159345,0.0010305544927891,0.0009930263194512,0.0008155210248300401,0.0008274780265422375,HAR-RV (OLS)
27593,0.000678665270510448,0.000757764622576275,0.0007307510951344,0.0008495628904580001,0.0006565681366401,HAR-RV (OLS)
23639,0.00019014977689475266,0.00054860130561975,0.0004777297830522,0.00069500746803542,0.0006644135288372314,HAR-RV (OLS)
4547,0.0006063433312794983,0.000434128462689525,0.0006892833279998,0.0005372455987662399,0.000644771708064825,HAR-RV (OLS)
21040,0.0003476464341067171,0.000466460118068325,0.0002687475625136,0.0002690660559156675,0.0002960308015059398,HAR-RV (OLS)
7124,0.0007500486573661044,0.000697524526658875,0.0006018584507015,0.00067215793894674,0.0006815759845056749,HAR-RV (OLS)
5300,0.00036834880477350056,0.000333277271912625,0.0003214619792757,0.00032599699704912,0.00039280181997310626,HAR-RV (OLS)
18170,0.0004528684772545531,0.000383579030215675,0.0005559082527814,0.00044058406432159996,0.0003944272321456,HAR-RV (OLS)
18358,0.0003931895645910229,0.0004059339292711918,0.0004885796585883,0.00041339127622796,0.0003971741060834437,HAR-RV (OLS)
26314,0.0002755013263410843,0.00043553891516982503,0.0003200337011828,0.00040193387708622005,0.0004426918294218625,HAR-RV (OLS)
5831,0.00024712456931573354,0.0004754786564906,0.0002489402581271,0.00021178937768054,0.00026797415642568234,HAR-RV (OLS)
28342,0.0002441916880489383,0.00027240007662025003,0.0002806981995706,0.00011339667615977182,0.00021619945017474238,HAR-RV (OLS)
15163,0.0003254682540573799,0.00026510714009765,0.000331050815427,0.00033365309827946004,0.0002807656094154725,HAR-RV (OLS)
20164,0.0004493796638344572,0.00039526369417437496,0.0002915621830942,0.00042873019416262,0.0004207940188520687,HAR-RV (OLS)
13936,0.0002562181762702007,0.0003320282462419,0.0003448575086911,0.00020069720318189742,0.0002503664078032299,HAR-RV (OLS)
5793,0.00035526633051166775,0.000337644741999475,0.0005502649487325,0.00044116157744502,0.00042387724718691874,HAR-RV (OLS)
2239,0.00031344106525995914,0.0003707236780682,0.0002819634422199,0.0002373939249740638,0.00027226813362098867,HAR-RV (OLS)
1904,0.00016862371082971455,0.00018783325089936245,0.0001036917849212,0.00015556078162424564,0.000251762243586158,HAR-RV (OLS)
19495,0.0002922907395262247,0.00019703631430221952,0.0002457987685637,0.00032862091691668,0.00022870005779627756,HAR-RV (OLS)
11899,0.0001782545911415105,0.000285126828519675,0.0002729486729764,0.00032898096275748,0.00021350110893161547,HAR-RV (OLS)
12633,0.00039132480873668913,0.00057985529219075,0.0007800733980292,0.0005077326948389999,0.0004322257538325625,HAR-RV (OLS)
9201,0.00034045971480624673,0.00044054140503895,0.0004008866211449,0.0003387343074418,0.00033701826192146874,HAR-RV (OLS)
15840,0.00030205103443944436,0.000245817893484125,0.0002841547211528,0.00034863789865132,0.000322399790026075,HAR-RV (OLS)
13523,0.00027023882415192423,0.000267093365154925,0.0001660071179268,0.00032082056211564,0.0003484097359795625,HAR-RV (OLS)
1057,0.00036240491424062524,0.000532414019912275,0.0003013649366734,0.00035803590225188,0.00036231165825309616,HAR-RV (OLS)
2259,0.00033336099980506826,0.00042064457742155,0.0006679664407493,0.00029877567855874,0.00026422261383358026,HAR-RV (OLS)
29656,0.0002970969185019986,0.000275206617650875,0.0004569595083602,0.00030124251083099996,0.00027809512242378754,HAR-RV (OLS)
21434,0.00026596986122026656,0.00029096699156766503,0.0003236973265603,0.00043548586665767997,0.0003488966211178745,HAR-RV (OLS)
8840,8.65114825873723e-05,0.00018973844330047102,0.0007386820171743,0.00019097293107451092,0.00016624601209571453,HAR-RV (OLS)
30063,0.0003592519445005215,0.000524119722348625,0.0003370678556848,0.0005448056144742399,0.00047976350115446875,HAR-RV (OLS)
19636,0.0007517318847074452,0.00057124849300715,0.0007106141531325,0.00067672213945622,0.000716761691746175,HAR-RV (OLS)
18808,0.00032162961792788386,0.000328808635726525,0.0002458565958102,0.00028980574658286,0.00035289757866699997,HAR-RV (OLS)
15823,0.000706114496915543,0.000680451762193475,0.0007268153247419,0.00079562328480378,0.0007876694551098751,HAR-RV (OLS)
20950,0.0002394221316850717,0.00024290061572867502,0.0002507248709852,0.00024291601143296002,0.0002000523692822758,HAR-RV (OLS)
753,0.0002638601029189496,0.000303478627000275,0.0001591630108287,0.0003324988447448,0.000300436450321875,HAR-RV (OLS)
14464,0.00041246006773282447,0.00046563982426355,0.000253642239105,0.00043177451188593994,0.00043062958903375,HAR-RV (OLS)
8659,0.0002726523801968732,0.00039925502589185143,0.0001154591239095,0.00016369501590413014,0.00020747247413558918,HAR-RV (OLS)
25616,0.0002843751069436705,0.000222505369558725,0.0002437115069217,0.00026287643177775997,0.0002609781581524875,HAR-RV (OLS)
17264,0.0002931607724356925,0.000402706326863925,0.0003488672665126,0.00027006240332554,0.00027861812404999376,HAR-RV (OLS)
2491,0.0001330661817677734,0.00030678492209452497,0.0001130384076886,0.00017672092754019182,0.0002048316940457566,HAR-RV (OLS)
14263,0.00036327564885003916,0.00018495928588730333,0.0004145621020407,0.00037773452495124,0.00026163360253723933,HAR-RV (OLS)
15685,0.00025416862522891685,0.00025289016728197503,0.0002290245748538,0.00035056676740148,0.0002703183428761204,HAR-RV (OLS)
18628,0.00024927731035545255,0.000218177746347636,0.0002303564019321,0.0002579414383276,0.0001778453475377881,HAR-RV (OLS)
29120,0.0001490204619971171,0.00013569601881880002,1.1638896111286364e-05,0.00011072222887516326,0.00013686130223005276,HAR-RV (OLS)
20453,7.29782775584622e-05,0.00010141805145603093,4.591040883027776e-05,3.2313548433108864e-05,0.00010357241567951624,HAR-RV (OLS)
5743,0.00015382660596510153,3.573664973447545e-05,0.0001685509922561,0.0001149142897539957,0.00017813918425699628,HAR-RV (OLS)
32686,0.0002657030369975275,0.0001470089062606002,0.0002810407728094,0.0002481291079531,0.00026397015986518677,HAR-RV (OLS)
10938,0.0001467841476115172,0.000297862827577475,4.633469925458844e-05,0.00026522988989879763,0.00022435884827826555,HAR-RV (OLS)
16629,0.0003299289563469908,0.0003676202522705,0.0002854634831746,0.00030623329208156,0.000316172713886375,HAR-RV (OLS)
30824,0.0011127715561312721,0.000648355048645625,0.0014019710877312,0.00075954082032686,0.0005836180742737562,HAR-RV (OLS)
28898,0.0005353229512361938,0.000503346031930725,0.000541889272856,0.0005397211954703199,0.0005369038212884438,HAR-RV (OLS)
15965,8.490694776798312e-05,0.00021367044827649435,0.0002695328881072,0.0001951220906834339,0.00025700305337634323,HAR-RV (OLS)
22217,0.0003968711599846175,0.00048616938114777496,0.0003662598930813,0.00045278299473309997,0.0004182690967040688,HAR-RV (OLS)
6566,0.00016861882044682532,0.00020808228786242823,0.000209337548638,0.00017268962571336002,0.00015517430169507363,HAR-RV (OLS)
17841,0.00030107332016904683,0.00019136334053090377,0.0002144749980628,0.00026561036102440005,0.00034153988244061876,HAR-RV (OLS)
14797,0.0002235785848763124,0.0002070834837819235,0.000230554956011,0.00018437555103357835,0.00021344064635067707,HAR-RV (OLS)
4031,6.0200363335050875e-05,0.00015808146669774097,0.0001203171520889,0.00023798428119999878,0.00016710968421844086,HAR-RV (OLS)
30512,0.00018506627891486848,0.00025508257138365963,0.0001674787757149,0.00025879958996308,0.0002562069328823759,HAR-RV (OLS)
8448,0.0006953066889534003,0.00021555433715705397,0.0005782234794618,0.00023737910282346902,0.00019471433283613172,HAR-RV (OLS)
3046,0.00021145642059066042,7.960091139169459e-05,4.587358757195514e-05,0.00020040429785654328,0.0001866537285506801,HAR-RV (OLS)
5676,0.00047635679751710513,0.000357728199401025,0.0005031158276735,0.0003807129222903599,0.00039168792366405,HAR-RV (OLS)
23821,0.0006041644379425699,0.0006611065617402249,0.0003297660112757,0.00047836237083538,0.0005453045787947062,HAR-RV (OLS)
12935,0.00028245023577284955,0.000528782419618775,0.0001824957892832,0.00029132431289376,0.00036031939803962503,HAR-RV (OLS)
25570,0.00031076030132710334,0.00012096271827051168,0.0002834879694331,0.0002488920656248,0.0001682138815192388,HAR-RV (OLS)
7747,0.00044001361445131,0.000407165172036825,0.0005065963729675,0.00041115280373005996,0.00032907846761053125,HAR-RV (OLS)
20935,0.00023724951476093205,0.0002672958566839,3.820747372909024e-05,0.00016480023465514562,0.00023607727841878695,HAR-RV (OLS)
26190,0.0004007310949596802,0.00037516653219520004,0.0004761554961009,0.00040506683310268,0.00037291525677870006,HAR-RV (OLS)
26450,0.0005994525828409868,0.000213934198197775,0.0006516855163685,0.00037407479120465996,0.00021893670053577694,HAR-RV (OLS)
5206,0.0003667351120744546,0.00012461923275958395,0.0004714388633836,0.000260173423292565,0.0002608429832002257,HAR-RV (OLS)
14740,0.0002956913322225453,0.00031108228950880003,0.0001281964384386,0.00023271110156052,0.0003378509927911125,HAR-RV (OLS)
595,0.0003413450215247093,0.00039052848902010003,0.00033698936605,0.00045421641415714,0.00032673391710615806,HAR-RV (OLS)
9993,0.0005442184416352568,0.00020773625087503836,0.0007178751982243,0.00019693766024858782,0.0002329074354067337,HAR-RV (OLS)
10070,0.0002756056812078801,0.00044086382446937493,0.0003035546695697,0.00024512619742792,0.00033383690061420003,HAR-RV (OLS)
25369,0.00028770600538200635,0.000343050764982225,0.0002421630235664,0.0003304200618361265,0.000316726492336396,HAR-RV (OLS)
10946,0.0002970058488363397,0.000474282008432275,0.0003859945531638,0.00031155902857206994,0.0002934312291359794,HAR-RV (OLS)
17010,0.00023781040821508205,0.00021425969901327498,0.00018425113134,0.00019364810424877757,0.00025679669230206317,HAR-RV (OLS)
18445,0.0003510203064289698,9.990229556712482e-05,0.0003006809107663,0.00013626467606371413,0.00023375112496360444,HAR-RV (OLS)
4037,0.0009043969430723786,0.0005903293773388501,0.0005544013664036,0.0007298895356964401,0.000845985730723175,HAR-RV (OLS)
30430,0.0011483005415338018,0.00066550745681575,0.0011073393916043,0.0009181925727085999,0.0009951375455037625,HAR-RV (OLS)
11809,0.00021873878886702016,0.00034765084386225,0.0001726789461593,0.0002009123878983686,0.00018518960452157363,HAR-RV (OLS)
12486,7.055274569123432e-05,0.000157466040789013,0.0002743842848784,0.0001261446080910216,0.00014511946149601185,HAR-RV (OLS)
957,0.00036503451226509544,0.00047969161040867497,0.0003907899756977,0.0005026311893791401,0.0004349500828022938,HAR-RV (OLS)
25270,0.0008794404206264946,0.00043764540585540003,0.0005878184211555,0.00063977707523248,0.0005247018670766625,HAR-RV (OLS)
2600,0.00022517773054793103,0.00010066358287827571,0.0001536861570078,0.00029767323679746004,0.00025696023859057555,HAR-RV (OLS)
16643,0.00031432011722099874,0.00021958074262451674,0.0002472318740333,0.00019889803649837112,0.00025868573125919765,HAR-RV (OLS)
14312,0.00011637071911420721,0.0002473487780421796,0.0001844125550152,0.00016635538680863637,0.00013127782224004229,HAR-RV (OLS)
26021,0.00043299355153883143,0.0002566250966175288,0.0003127591075093,0.00038071811490034,0.0003674618689632438,HAR-RV (OLS)
23724,0.00025136251699597444,0.000652253181384175,0.00050136817232,0.0004595316670633,0.0005790523870621125,HAR-RV (OLS)
30986,0.00016215275558658184,0.000298112499445925,0.0003834809751212,0.00045460321532620005,0.00045279361850571875,HAR-RV (OLS)
21300,0.0002619223220880635,0.000293600967083675,0.0004599122986508,0.00031936774616449996,0.00030599259182692286,HAR-RV (OLS)
24101,0.0005708178458336995,0.00045587715498635,0.0004550385825647,0.0005498584337545401,0.0005589980999864813,HAR-RV (OLS)
10494,0.0004244758174466027,0.00035676483993727503,0.0003991811935599,0.00033089014142322,0.0003678542748847344,HAR-RV (OLS)
20196,9.567932263292536e-05,0.000194418028360525,8.735844872465254e-05,0.00022845822849103047,0.00032718234065157566,HAR-RV (OLS)
27561,0.00030380403680124843,0.0002973022883433,0.0003464637485774,0.00043271479758750006,0.0003183755363609157,HAR-RV (OLS)
13880,0.00021088865342865055,0.00012125826068250142,0.0001905369778066,0.0002347744671563077,0.00017397869075616275,HAR-RV (OLS)
25999,0.0005170266371602284,0.000578120652565075,0.0007567475445664,0.00052088052270374,0.0005095515274691437,HAR-RV (OLS)
14842,0.0004354962089854913,0.000446190980596125,0.0003867885932745,0.00038223827265118,0.0004190206161578625,HAR-RV (OLS)
4570,0.00012896733337424988,0.00012403613879813927,0.000262248047914,0.00021204381921702,0.0002828623200616541,HAR-RV (OLS)
16704,0.0003115099981619194,0.00027271472321527214,0.00024304154114,0.00034261902274199997,0.0003335365884622471,HAR-RV (OLS)
11987,0.0001547457191314102,0.00011676454400315078,0.0001160654819463,0.0002627403514316,0.00039555262079643745,HAR-RV (OLS)
23579,0.0006507992032240525,0.0004540395448054,0.0005757886571802,0.0005900701496777799,0.00047733222170487496,HAR-RV (OLS)
21995,6.0847703583069215e-05,9.547663121213186e-05,5.395364546316237e-05,4.384330930563861e-05,0.00013043218096700396,HAR-RV (OLS)
7467,0.00020579529474804202,0.0003286291218172,0.0003370759491361,0.00025291535566384,0.000237019480142714,HAR-RV (OLS)
13495,0.0003083721249619012,0.0001701084871136345,0.0003016684093104,0.00032803292655102,0.000306288866655675,HAR-RV (OLS)
9381,0.00020913772424491976,0.00017937564326533348,5.926045272385148e-05,0.00029280310672105025,0.000249383708300076,HAR-RV (OLS)
6909,0.00027793774525692233,0.00016707529983764997,0.0002876193888514,0.00024765963118096,0.0003731101110013375,HAR-RV (OLS)
2075,0.0011022140187487036,0.00047144228140202503,0.0006253277295329,0.0007340689543402,0.00036852557873082506,HAR-RV (OLS)
19373,0.0008619184040353808,0.000615020358136375,0.000975681072783,0.00089832089719964,0.0007913130365127876,HAR-RV (OLS)
7566,0.0003264915834152546,0.000497986458045925,0.00030167660145,0.00059646277595444,0.0005974041648984063,HAR-RV (OLS)
9869,0.00023875523661536077,0.00013949649900912508,0.0003153011612994,0.00015067542029265657,0.0001924208175382406,HAR-RV (OLS)
21328,8.804575227020547e-05,0.00012611696309294116,4.4041029254936514e-05,0.0001118963177218565,0.00010128722746540405,HAR-RV (OLS)
19499,0.0004096682321648136,0.000512942911008725,0.0005617258605388,0.00045506989346273994,0.0004963544698583375,HAR-RV (OLS)
6324,9.354524550343063e-05,0.0001487189286318402,3.399805878233465e-05,0.00015018074143739843,0.00012735432235337564,HAR-RV (OLS)
7854,0.00019420077403020062,6.371458307018733e-05,0.0002617483090504,0.00021699857377065998,0.0002465650307641879,HAR-RV (OLS)
19090,0.0002687860532029322,0.0002495013326443574,4.38629247138212e-05,0.00012777078132378858,0.00015247739943635255,HAR-RV (OLS)
22487,0.0002448167682618204,4.897127748969509e-05,7.120308990676818e-05,0.00014385941858785842,0.00021291993488197365,HAR-RV (OLS)
14977,0.00019563645094915043,0.00010615028437990564,0.000268101920749,0.00021268463120573998,0.00019873277222839844,HAR-RV (OLS)
12103,0.00012825647605905512,0.00028660052754028877,0.0003570223261209,0.0002433449964019102,0.00024962424614415155,HAR-RV (OLS)
30774,0.0006508297279707745,0.00036552671436947495,0.000296940310202,0.00047985706336247996,0.00040120341342406873,HAR-RV (OLS)
24705,0.00017225524091436532,0.00010897318506415751,0.0001110364567218,0.00013574271252286783,0.00015037705330832557,HAR-RV (OLS)
1302,0.0002912462996305011,0.0002434775273745691,0.0002963990594562,0.00026151501120638004,0.0003120553675859801,HAR-RV (OLS)
1822,6.865265810933442e-05,0.0001659788843886987,7.23820575812082e-05,0.00012182310896100351,6.333143843990016e-05,HAR-RV (OLS)
21640,0.0004376068165165728,0.00045996522956417497,0.0004642104195104,0.00047976508759734,0.00046316125343066254,HAR-RV (OLS)
852,0.000193878301399499,0.00020993826597748787,0.0002210116004864,0.00031291516952488,0.00029123760435746,HAR-RV (OLS)
12111,0.00019780215596202573,0.00016362511022900646,0.0001145189916052,0.0001526853487112546,0.0001612186863269743,HAR-RV (OLS)
6613,0.00032283288861506196,0.0004506610193939751,0.0003209101639056,0.0002233967173606989,0.0003365030635347395,HAR-RV (OLS)
22877,0.0003271992550274015,0.00020288713173597083,0.0003005505298574,0.00028974493346906,0.00021583006490321304,HAR-RV (OLS)
12552,0.00018434702654079906,0.0002511554994212,3.29665103506991e-05,0.00014028018489555398,0.00017021749503860436,HAR-RV (OLS)
22766,0.0006663346591178007,0.000614252758760775,0.0003047963311238,0.0005367482301651801,0.000621291527088375,HAR-RV (OLS)
25854,0.0005780687768021009,0.000250378784137075,0.0005569963037057,0.00031431928349116004,0.0002658199592185942,HAR-RV (OLS)
25163,0.0002646959869118168,8.565920964927795e-05,8.340067205037816e-05,0.000126756328237807,0.00019764393526487233,HAR-RV (OLS)
20571,0.00029217385155178846,0.0002659734879956,0.0002101065186428,0.00023867090610596,0.0003125535876539687,HAR-RV (OLS)
14838,0.0008223864609233598,0.000351497263502775,0.0007317467887333,0.0005389462663607,0.0003621732143235831,HAR-RV (OLS)
28371,0.0004792746108358521,0.000799210256305725,0.0002607298322465,0.00057052519619528,0.0007306083402232562,HAR-RV (OLS)
5458,0.0003258406616303113,0.00042110614466757504,0.0006148301198912,0.00047432748242258,0.00040376200132458123,HAR-RV (OLS)
6410,0.0018406930135731984,0.00020814521145885,0.0011779161265138,0.0005032233010581601,0.0002757784346715055,HAR-RV (OLS)
7195,0.0002742729737086713,0.00022601960833928215,0.0002458714704401,0.00034668704930292,0.000325584936664936,HAR-RV (OLS)
23967,0.0003699290051045769,0.0001453039911471386,0.0003955870627122,0.00032530960253205997,0.0003970374929688,HAR-RV (OLS)
11589,0.00029997820157964664,3.4428881241745066e-05,0.0002899630649134,0.00013519472433610747,0.00013525725632750995,HAR-RV (OLS)
4754,0.00013734339987800365,8.336615942259439e-05,6.523370630278056e-05,0.00010663062759052686,0.00014257041479740322,HAR-RV (OLS)
15934,8.180732719357577e-05,0.0001376629317892272,6.002002073455472e-05,5.339477973153051e-05,0.00012360915521503733,HAR-RV (OLS)
8190,0.0003875351974381362,0.0007506963088791001,0.0004256605319586,0.0005507234560597201,0.0006311352043920875,HAR-RV (OLS)
32452,0.0004412084570350965,0.00012505869045849801,0.0003419905569012,0.00044387388433749994,0.00024157187097869682,HAR-RV (OLS)
4266,0.00038971270793942156,0.00054894989475,0.0002629329608957,0.00040154503746348,0.0004018549982369475,HAR-RV (OLS)
32470,0.0005672065932669234,0.000477479919261875,0.0006054688830776,0.00058620767848396,0.0005351996467023375,HAR-RV (OLS)
10840,0.00014121012525074837,8.74072042989522e-05,0.000246906388674,0.00019794154292650067,0.0001726385611810312,HAR-RV (OLS)
28126,0.00021447594102431446,0.00034606036112805,8.585985418251932e-05,0.00015937917054093155,0.0002135422591121992,HAR-RV (OLS)
23598,0.0006472749067305095,0.000581177551156375,0.0002395618246272,0.0004790684895145,0.0005468825572753687,HAR-RV (OLS)
14452,1e-08,0.00024480762505550235,0.0006584856826719,0.00027312569389589174,0.00022098841706938622,HAR-RV (OLS)
26891,0.0005657408565935427,0.00034284489351425003,0.0004689918240507,0.0003638213497951,0.0002170171577674301,HAR-RV (OLS)
30106,0.0004135254526683919,0.00054806633827325,0.0007632265528466,0.00061105717417248,0.0007742589582250188,HAR-RV (OLS)
26024,0.00015722183842186582,0.000232017478984,0.0001160705028163,0.00022195329481111787,0.00026874668524953994,HAR-RV (OLS)
9940,0.00029648724190792296,4.6562667593276415e-05,0.0002040940388166,0.00029736902901944,0.00032539855437616874,HAR-RV (OLS)
24253,0.00011892605547548179,0.0002972672690666415,0.0001084842873805,0.00013792495094342504,0.0001362514824586969,HAR-RV (OLS)
15966,0.0005123739709135778,0.00040498972086702495,0.0005387620708456,0.0004953551674470201,0.00056668172696615,HAR-RV (OLS)
11054,0.0005591440378536568,0.000450965930891525,0.0004714167845445,0.0004929499882847801,0.0005493629254048062,HAR-RV (OLS)
20810,0.0002477778495313089,0.000261812117372375,0.0001846466837487,0.00019329445130384499,0.00021875588134947924,HAR-RV (OLS)
26844,0.00024100697190020343,9.39196193289635e-05,8.599541732614029e-05,0.00017168352482441426,0.0002786754167619234,HAR-RV (OLS)
25452,0.0004907063618584859,0.0005536200969835,0.000478451925317,0.00047911962392723997,0.0005482110519714188,HAR-RV (OLS)
2184,0.0004596043318163452,0.00028747981368969997,0.0003239829815496,0.00042155429080188,0.00041234024709562497,HAR-RV (OLS)
15042,8.64468737786284e-05,0.00012590067673233485,6.236553209405881e-05,7.533109219502534e-05,0.00012033693084717067,HAR-RV (OLS)
1581,0.0003931433649658912,0.00046517570650855,0.0002339331806734,0.0003404765078982,0.0003930701163268812,HAR-RV (OLS)
27527,0.00021622691368599405,0.00026740428874722763,0.0001910097379717,0.00027701271112301874,0.00023078596733453903,HAR-RV (OLS)
23708,0.00020435302019239067,0.0001558309416615519,0.0003017465121321,0.00020730479222258986,0.0002123924722833215,HAR-RV (OLS)
17670,0.00021040901960839124,0.0002141430910235644,0.0001702863664252,9.539290117511756e-05,0.00018997523536498124,HAR-RV (OLS)
15010,0.0003203935368203781,0.00013344789182754234,0.0004097886070832,0.00028205825104414756,0.000298872044235628,HAR-RV (OLS)
28225,0.00041788636203693566,0.00026330683832187496,0.0003609787422796,0.00039981618017763995,0.0004093412409353688,HAR-RV (OLS)
22517,0.0002801360687637546,0.000162841505696363,0.0001010415467951,0.00030467828471069996,0.0002930681012451268,HAR-RV (OLS)
18088,0.0003502148263808094,0.000320328508073425,0.0003420398431204,0.00034289446053294007,0.0003533965784566375,HAR-RV (OLS)
28563,0.00015888572293564401,0.000207503267800891,0.0001043773367943,0.00011121363249844585,0.00014971481760950767,HAR-RV (OLS)
25031,0.000151400923749059,0.00046831221019389996,8.056190699697972e-05,0.00018636326694241716,0.0003056011814494804,HAR-RV (OLS)
30232,0.00023636118413826492,0.00025779030846135003,0.0003015366883258,0.00026375974551643506,0.00023410878160443852,HAR-RV (OLS)
12395,0.00014984441348280588,0.0001073128014952373,0.0001151096728751,6.64810158606084e-05,0.00021482017929403056,HAR-RV (OLS)
31970,0.00030160153375101374,0.00036360936959107496,0.000392804001331,0.00043576637988643993,0.00036135515167300624,HAR-RV (OLS)
3146,0.00021459000408695903,0.00017356081084335227,0.0001649479907158,0.00025618743418636005,0.0002037559243130345,HAR-RV (OLS)
5598,0.0002553306867608176,0.00017175242690759885,0.0003320135116475,0.0002681371656713217,0.00023674277678122435,HAR-RV (OLS)
25687,0.0004305940952549303,0.000311115787046725,0.0001163485020284,0.00031978281642688,0.00036442673269308497,HAR-RV (OLS)
13044,1e-08,0.000425813001046125,7.066322710816138e-05,0.00017668504471598958,0.00027676789514432176,HAR-RV (OLS)
2893,0.0007345609736086815,0.0004531909182149,0.0007506726630907,0.00044660337369394006,0.000655880731161675,HAR-RV (OLS)
19949,0.00010123569149862933,0.00023046626287375683,0.0001285387060416,0.00012628338422342866,0.00012254104030511433,HAR-RV (OLS)
20568,0.0005915518909992351,0.00011547790924836211,0.0005501433361076,0.00019164535528783523,0.0001270788257114052,HAR-RV (OLS)
28868,0.00039693677303016676,0.0004028852697446,0.0004129975806568,0.0004980526716881399,0.00046145075493630625,HAR-RV (OLS)
5816,0.0003085095446120089,0.0005030334498801751,0.0006506937128055,0.00051963085149906,0.000485464917097525,HAR-RV (OLS)
17109,0.0002633260211626702,0.00030669709004465,0.0002795660901213,0.00024699372547941996,0.00025937447674713123,HAR-RV (OLS)
6434,0.00014688896006310347,0.00041182133451105,0.0002487322814076,0.00019505893318315018,0.0001966271182244711,HAR-RV (OLS)
18447,0.00016042173045354363,0.00015832918188011177,7.695265154057077e-05,0.0002011982933604911,0.00018185713469677023,HAR-RV (OLS)
8426,0.00021297731956087997,0.00026739066483482245,7.380642300956498e-05,0.00012223259444747278,0.0002513717031202838,HAR-RV (OLS)
25866,0.0003682009723250128,0.00033217270687192497,0.000355715659505,0.00029132378278904,0.0002873226896820772,HAR-RV (OLS)
3486,0.0005983215883312971,0.000493343226584,0.0006912108711587,0.00055901490472098,0.0005698876009443375,HAR-RV (OLS)
12758,0.0004887205986378997,0.0004888609980802749,0.0002346938397089,0.00047091635225797994,0.00045310284824934407,HAR-RV (OLS)
17161,0.00013224741236473085,0.00033172720690404997,0.0003408218090267,0.00025230365191139813,0.00017173499058620653,HAR-RV (OLS)
17966,6.50101492426252e-05,0.00023470727953304598,0.0002080259121717,0.00033129328633098,0.0003080510553430287,HAR-RV (OLS)
6607,0.00044508788556557296,0.0003871301442155,0.0003977927483016,0.00050277644924528,0.0004456240953303478,HAR-RV (OLS)
6520,0.00031992230873786686,0.00025250428831968846,0.0001947392036012,0.00023055212373591997,0.00029586712790445624,HAR-RV (OLS)
19830,0.0004335265042333138,0.0003342610278450927,0.0004599140754238,0.0005162075349664,0.0004953927683062155,HAR-RV (OLS)
22120,0.0002805460664715379,0.0004188513238591,0.0002970839334986,0.00035274209945808,0.0003315518697830476,HAR-RV (OLS)
9208,0.0003927918712314238,0.0002830837774691,0.0004324831270437,0.00029017875522925434,0.0003912231563445857,HAR-RV (OLS)
25799,0.00041107742854178944,0.00016882890788004454,0.0003955417704156,0.00042689788496922,0.0004661058743639906,HAR-RV (OLS)
5245,0.0001499421691350087,0.00010355247182855867,0.0002052227205374,0.00017268493741110793,0.00012595456737422492,HAR-RV (OLS)
24816,0.00035054903528485286,0.00020049775527085215,0.0003619655856643,0.00026161880125080434,0.0003349681474176826,HAR-RV (OLS)
22822,0.0004673857310550604,0.000427428943291625,0.0003638690286626,0.00044075073906298,0.0004645050259122313,HAR-RV (OLS)
18020,0.00017592366536342487,0.00014579221925513824,0.0001957942703296,0.00026325141551254,0.00021451599962122214,HAR-RV (OLS)
11431,0.00035443497594703476,0.000284106200396625,0.0003345289521482,0.00038135941058576,0.00031574024024766633,HAR-RV (OLS)
13354,0.0003279156305402418,0.00036795095911505,0.000272875226195,0.00023297344727184704,0.0002648789696481696,HAR-RV (OLS)
18471,0.0004098536426950098,0.000301281745383075,0.0004713614431986,0.00015975741316229817,0.0001858282358772744,HAR-RV (OLS)
18111,0.0003450390534725084,0.0003381461529371,0.0003073892830298,0.00032323597592894004,0.00035598944713596874,HAR-RV (OLS)
14730,0.00027924489291212054,0.00035647401634877494,0.0003068288066021,0.0002889158574994,0.00031162736988980615,HAR-RV (OLS)
12957,0.00027753016857318016,0.00027553796867714784,0.0003710284321252,0.00036492225738572265,0.0002708238780713885,HAR-RV (OLS)
19222,0.00027103495317518914,0.00023445276976625,0.000217137238818,0.00026172223485838,0.00031294333086057775,HAR-RV (OLS)
25265,0.00025475484152939927,0.00018643502092453837,9.46311071157264e-05,0.00021971673484100527,0.00024803086103097996,HAR-RV (OLS)
8585,0.00035109560447956,0.00034138540724633674,0.0002866806244368,0.00035214917459642,0.00036616248905627503,HAR-RV (OLS)
28070,0.00028538667720529943,0.000314307782590125,0.0002285957273208,0.0003320919828028,0.0002959128667492891,HAR-RV (OLS)
14646,0.00013508176935341073,0.00022511494380422894,4.564633898490223e-05,0.00013962746124183324,6.738151265206592e-05,HAR-RV (OLS)
27181,0.00010512225628676945,8.284897235996851e-05,4.7337479146922406e-05,4.4096868489110075e-05,0.00011551740256572962,HAR-RV (OLS)
21507,9.782140534806354e-05,0.000200109335552875,0.0001454909467014,0.00015198003052297279,0.00029273145512742274,HAR-RV (OLS)
25766,2.6470219419593615e-06,0.0002633258191578214,7.900221734080676e-05,0.0001426376686624794,0.0002601176274160648,HAR-RV (OLS)
30896,0.00010208595359318662,0.00012336853634534132,0.0001012344338123,0.000115510948351391,0.00016370698345269423,HAR-RV (OLS)
22076,0.00020702853521258546,0.00010561862971811453,0.0002619961550425,0.000171914364221586,0.00018846518257911954,HAR-RV (OLS)
745,0.00021005119798112493,0.00035716888324132496,0.0004838056338386,0.00038705708012060005,0.0003536695424793875,HAR-RV (OLS)
17305,0.00022725189790074034,0.00034842569406629996,0.0002656414386378,0.0002633964177031497,0.00021233546569861419,HAR-RV (OLS)
2903,0.0003409106568987413,0.000433538218668975,0.0003071833044307,0.0004277604085360801,0.0005405616141287563,HAR-RV (OLS)
9846,0.00035954612403676445,0.0005026523932955,0.0007439656777535,0.00042513444179342,0.0004297715083475187,HAR-RV (OLS)
17676,0.0003315725425231809,0.000380018213548325,0.0002851442411068,0.00030228074289162,0.0003190050673135375,HAR-RV (OLS)
2999,0.00035174284424973625,0.00036721871251599997,0.0003365469147326,0.00041894062750378,0.0003650298201094312,HAR-RV (OLS)
16575,0.000267096251608176,0.000214557969944875,0.0001938969149525,0.00024111317774136,0.0002489063707832855,HAR-RV (OLS)
8747,0.00023216184484192248,0.0001425360141065452,0.0002570485524241,0.00021396158393736003,0.0002097714093620043,HAR-RV (OLS)
4858,0.0002577664688184838,0.00023394376203717503,0.0002257742429265,0.00030612763911824,0.00027264954313637217,HAR-RV (OLS)
17804,0.0003402983603931747,0.00021384434474124402,0.0004083686120547,0.00033243978540394004,0.00030319848638583533,HAR-RV (OLS)
15807,0.0003011514480555672,0.000280108061314025,0.0002814057570352,0.00017852275436991866,0.00033289302091196206,HAR-RV (OLS)
13491,0.00017324083888347992,0.0001428398270195719,3.190253256739147e-05,9.514685488835676e-05,0.00015417144127968276,HAR-RV (OLS)
411,0.000177272875539682,0.0001883918508630265,7.88073555616265e-05,0.00014623798055936817,0.00014043807675437027,HAR-RV (OLS)
15693,0.0003704907428949426,0.0003831441009380099,0.0004160209587685,0.0003685012512118,0.0003345445297723844,HAR-RV (OLS)
21555,0.0001337108855001336,0.00020115104251791258,8.041300797595894e-05,0.00020519321277711177,0.0003057037608657224,HAR-RV (OLS)
7677,0.0003009893133191543,0.0001104011340053794,0.0003010150351305,0.00021980639399662416,0.00013836701240651996,HAR-RV (OLS)
15846,0.0001295091248618119,2.2079135399659373e-05,0.0002343417488541,0.00017126759517439448,0.00014370377580592034,HAR-RV (OLS)
30443,0.0002935698036515554,0.0002122403067494134,0.0003608687082876,0.00031551989015822003,0.00036227301803832873,HAR-RV (OLS)
256,0.0003856385859606044,0.00027939201681870767,0.0003463740914158,0.00039245555546807995,0.0003972045817083375,HAR-RV (OLS)
24573,0.0006459701383985862,0.00021917909226265055,0.0008343821904441,0.00021124302872376583,0.00026467146131741435,HAR-RV (OLS)
13971,0.00035007404113604045,0.0003531653941487,9.833320336679092e-05,0.0001699943586245092,0.00024116354621094255,HAR-RV (OLS)
11886,0.0001308451074135024,0.0001968326035959,0.0002339749556977,0.00020509241528767768,0.000159606349495021,HAR-RV (OLS)
14913,0.0002526821391877716,0.00022122192037444743,0.0002962430824698,0.00025199259081659994,0.000254803165208605,HAR-RV (OLS)
10081,0.000665681158694889,0.000432016116464625,0.0005326354904036,0.0005756881882111799,0.00048281168671637494,HAR-RV (OLS)
30334,0.0003905252252331987,0.00045642299651245,0.0008881536587021,0.0002577418468802523,0.000379868511817368,HAR-RV (OLS)
2463,0.0002990433336012624,0.000212873540015568,0.0001218513171873,0.00025299376846486,0.00030629594156342504,HAR-RV (OLS)
19491,0.0003621948717065796,0.00032358700238092496,0.0003683674877286,0.00033186681013173996,0.00034259662591603756,HAR-RV (OLS)
19876,0.00032202727622288925,0.00019728190438485,0.0004655106277107,0.0003627892579656,0.0003408369693280242,HAR-RV (OLS)
17239,7.469334033799644e-05,0.00024115397471983244,5.6626027236587846e-05,0.00029068398382252114,0.00024003088954723266,HAR-RV (OLS)
21445,0.0003223505229665073,0.0002657659081768,0.0003365899897249,0.00029060187401734,0.00033355789916168126,HAR-RV (OLS)
15872,0.00026022133443018606,0.00026470811861605003,0.0002798825763567,0.00029840200781504,0.0002411031867979991,HAR-RV (OLS)
19466,0.00022589894094137843,0.000262266108832,0.0004033093541294,0.00024981487273045995,0.00022063635475064235,HAR-RV (OLS)
7041,0.0005545706114384027,0.000497780620790225,0.0003904818955293,0.00047290136664285997,0.0005340552587369751,HAR-RV (OLS)
32175,0.0003698629446860811,0.0001887308224851533,0.0003417685950252,0.0002825907597666,0.00036312931662929376,HAR-RV (OLS)
14809,8.84980594743779e-05,0.00021208983659779998,0.0001166257214603,0.0002282949176911752,0.00016855685666034554,HAR-RV (OLS)
4927,0.0004395182180329377,0.00043122824235985,7.46573572886977e-05,0.00042378189623901955,0.0005462107358725874,HAR-RV (OLS)
10779,0.00022139107494491446,0.00023224601326755,0.0002797966335593,0.00022057294103512001,0.00028112495963696874,HAR-RV (OLS)
611,0.0004735676710877502,0.00028678970828007497,0.0003255045053844,0.00047755286083074003,0.0003763078160178909,HAR-RV (OLS)
4477,0.0006053160387437315,0.00041416403891795,0.0006025990902495,0.00050476075164816,0.000519187870091075,HAR-RV (OLS)
13436,0.0005823798846194736,0.00066166127086065,0.0004123782318205,0.00070453576402128,0.0007944761890373811,HAR-RV (OLS)
13102,0.00037962475908917933,0.0003061329620733,0.0002785097940946,0.00043103543309712,0.00040276820430285,HAR-RV (OLS)
24120,0.0004321808113811037,0.000502370802787175,0.000312943260054,0.00039185486928062005,0.0004899194546598813,HAR-RV (OLS)
19509,0.0003107384241956363,0.000307998262238625,0.0003454807923466,0.00027992096603326,0.0003402582059879812,HAR-RV (OLS)
25680,6.097782963212424e-05,0.00010321532405261702,3.8125984024895874e-05,6.491838405071543e-05,6.52642198353247e-05,HAR-RV (OLS)
8779,0.0007446323505246786,0.000951185897702475,0.0007625643989869,0.00082653465909336,0.0008880443310351938,HAR-RV (OLS)
11952,0.0005241397871678197,0.0003889137488606,0.0007161506315362,0.00051964769777814,0.0005396736571851375,HAR-RV (OLS)
16280,0.00036287080465249356,0.000267893712916258,0.0007691196302053,0.0006398400973676199,0.0005727539658921625,HAR-RV (OLS)
6895,0.00017819819443634817,0.00016053447396798497,0.0001781673967656,0.0001632881933374687,0.000160089835431742,HAR-RV (OLS)
23892,0.00042554853823733544,0.00033997871727375006,0.0003594557164651,0.0004476252902146999,0.00042915305566937497,HAR-RV (OLS)
30313,0.00040205867333913787,0.000417477822182275,0.0002148675012019,0.00034691588950696,0.0003605196252396437,HAR-RV (OLS)
10610,0.00029060508418372655,0.00049202180592645,0.0003939810746217,0.00025827004506673567,0.00030069946064498616,HAR-RV (OLS)
25761,0.00021667440455023162,0.000257570162199425,0.0001673146771692,0.000301256718917,0.0002957667501310075,HAR-RV (OLS)
18908,0.00011372843525286178,0.0002760774676986,0.0001192964227165,0.0002109748288650166,0.00021780370112874602,HAR-RV (OLS)
19554,0.00012282767333812288,0.00015657073856006217,0.0001299242728342,0.0001280613588168552,0.0001467714773652289,HAR-RV (OLS)
5975,0.00011784121999025592,0.000261109263502775,0.0003842043481858,0.00031728895834106003,0.00032135042585626874,HAR-RV (OLS)
4957,0.00024080861606637003,0.00033506129261215,0.0001734633992836,0.00021621087866653996,0.00027250397046043906,HAR-RV (OLS)
15584,0.0006695349750089392,0.00065770779385755,0.0005387113336069,0.00074903031957658,0.0009169119035006624,HAR-RV (OLS)
11852,0.0003655784391919612,0.0002106179741688,0.0004313152039075,0.00042339297284084,0.00037411521546422963,HAR-RV (OLS)
7447,0.00024920027949551136,0.00013383804480031884,0.0002731825694963,9.877990467781394e-05,0.00015886177376643411,HAR-RV (OLS)
22498,0.00024408968291244628,0.00030561845293967504,0.000375381914451,0.0002434769887812392,0.00024278157419778724,HAR-RV (OLS)
27467,0.00014542245666453106,9.997050694127614e-05,6.741539544472654e-05,0.00011154246230410951,0.00011005950948555955,HAR-RV (OLS)
3384,0.0005667642746216381,0.000410702484772075,0.0004743913152035,0.00042189449293448004,0.00043348036496045,HAR-RV (OLS)
14769,0.00018218349470702268,0.00021773939071935132,2.9257518177959737e-05,0.00019394400834832196,0.00019408516462021376,HAR-RV (OLS)
11096,0.0004494864367570627,0.00029131161372961584,0.0003030808708361,0.00042776369429092,0.00045792259173858753,HAR-RV (OLS)
27406,3.5259612623716997e-05,0.00011725856141970134,6.960699508551267e-05,0.00014329608392828604,0.0001242117831699689,HAR-RV (OLS)
32361,0.00028589074991636833,0.000407903687634375,0.000226665148698,0.0002490630211808336,0.00030989911959276677,HAR-RV (OLS)
27339,0.0008672812012893933,0.00046442521676795,0.0007195982606594,0.00062591376904934,0.0008518655700762688,HAR-RV (OLS)
29824,0.0002533467033540047,0.00022704458186713973,0.0001594875358753,0.00020796635824952002,0.00029962340246094375,HAR-RV (OLS)
12920,0.00022832050166435704,0.0002282061309296044,0.0001215875572142,0.00025141064073602,0.00029401072433805876,HAR-RV (OLS)
26572,0.00025273606114916097,0.00026240602723735004,0.0002308681480134,0.00038540484691208,0.0003677703102140875,HAR-RV (OLS)
2631,0.0003493563569049585,0.00031872058611612497,0.0004073833978439,0.0003149817259315838,0.0003142723192482449,HAR-RV (OLS)
11804,0.0004958633575841906,0.0005752456977028,0.0010279886880627,0.00062338234498724,0.0006244493254854875,HAR-RV (OLS)
10230,0.0002662010936652804,0.0002530071045275879,8.594821322725225e-05,0.00024602051997766965,0.00020861608463251634,HAR-RV (OLS)
10339,0.0007623834105926481,0.000506127187179225,0.0005799437542457,0.0004260728601131,0.0004736048177507188,HAR-RV (OLS)
3484,0.000250603504673177,0.0003971309581139,0.0001203316141939,0.00026345815659759996,0.00033709682915625,HAR-RV (OLS)
25772,0.00041119153015359755,0.000335204689843975,0.0006272811448092,0.00033859965400397313,0.00025038311686676064,HAR-RV (OLS)
32596,0.0007611848548249151,0.00030026041710139287,0.0003907099307522,0.00050237562887868,0.0005553194933456625,HAR-RV (OLS)
15269,0.0007247340848275829,0.00075470296596445,0.0007070088278361,0.0007329059776202,0.0005950999840796749,HAR-RV (OLS)
26937,0.00019456517170140765,8.597846672695157e-05,0.0001887290756226,0.00018640162550266176,0.00017414515094383315,HAR-RV (OLS)
9694,0.00042788962284296414,0.00027773836662712496,0.000469545827563,0.00034522661430042,0.00035626647252851246,HAR-RV (OLS)
10448,0.0004840944686917529,0.000283368738480825,0.0005233373760518,0.00049138646670384,0.0003911882454843937,HAR-RV (OLS)
1462,0.00046007032925132643,0.000474789394002675,0.0004149561823716,0.00045629596242948,0.00043448520544105623,HAR-RV (OLS)
27042,0.0005487720282406322,0.00067619427334115,0.0006671002989466,0.0005918624818777799,0.0006346570478667187,HAR-RV (OLS)
4310,0.00015367711147884434,9.45705436908444e-05,0.0001296309035182,0.00012717327242822468,0.00014693629509830445,HAR-RV (OLS)
22616,0.00010521548789495073,7.587714691624889e-05,6.935253649986364e-05,6.79130347170447e-05,0.0001107399504272307,HAR-RV (OLS)
26107,0.0002866207077381523,0.00024731603157559997,8.945447053232511e-05,0.0003419201597533451,0.0003281437572565874,HAR-RV (OLS)
3378,0.0005781795984615532,0.0007376074776180249,0.0006976508782209,0.00063734729175792,0.0008061567998584688,HAR-RV (OLS)
18949,8.510847584592743e-05,0.0002200659232916,6.231898843633587e-05,7.407448366756148e-05,9.781139826466601e-05,HAR-RV (OLS)
10682,0.00017275805743137713,5.8640243309989406e-05,4.416281097402278e-05,9.418812604579163e-05,0.000131592272636889,HAR-RV (OLS)
18262,0.0003366559464037897,0.00042569803419317505,0.0003168964352683,0.00033816518340896003,0.00033415568584070626,HAR-RV (OLS)
11178,0.0005181652463184402,0.000355424257900975,0.0006320990137269,0.00042064922966470006,0.00041206285444189374,HAR-RV (OLS)
20581,0.0003884167219045413,0.0002406247769894,0.0005910537813202,0.0001957462143083991,0.00033015016422095614,HAR-RV (OLS)
10220,0.0003770779402680705,0.00011561070915789122,0.0002011840706031,0.00020672390309356067,0.0001399376806718405,HAR-RV (OLS)
23243,0.0003141471112717051,0.000382718955930625,0.0004560039521369,0.00048336116277048,0.0004208207442390875,HAR-RV (OLS)
13432,0.00028547548987058126,0.00043451728600735006,0.0002733385169987,0.00032939134381396,0.00030261300524781246,HAR-RV (OLS)
3187,0.0009777460511222035,0.0006401396331571,0.0013653078866335,0.00086612996837242,0.00097731592808775,HAR-RV (OLS)
29336,0.00019916633059728823,0.00022537865431037502,0.0002852205019008,0.000206145358229349,0.0002760702740123278,HAR-RV (OLS)
3735,0.0002218803620111844,0.00023014036011417501,0.0003575087278008,0.00026146704366016005,0.00033682160967480625,HAR-RV (OLS)
1600,0.0006938266626010515,0.000801960973048725,0.0008984848675869,0.00078795395674508,0.0006897312438368501,HAR-RV (OLS)
13279,0.00017832017572407747,0.00021316718928635,0.0002807168441773,0.00020228362273796698,0.00022876986032352719,HAR-RV (OLS)
24034,0.00025839944147543626,0.000336184718091875,0.0004494036030963,0.0002822625434213416,0.00021385024629002854,HAR-RV (OLS)
30169,0.00040697454979950263,0.00025567714180160003,0.0005251591923226,0.00037411428533778,0.0003479264071653875,HAR-RV (OLS)
19810,0.0002315296022785497,0.00011618933543603472,0.0002316013920946,0.00010075186319847252,0.00010722453310687648,HAR-RV (OLS)
27416,0.0009224719002193752,0.000531886080366325,0.0007686967554862,0.00072742655357172,0.0007511608536440937,HAR-RV (OLS)
5978,0.00016304611550368336,0.0001845926252567127,0.0001177927704866,0.00021359031345592004,0.0002131127536063577,HAR-RV (OLS)
2891,0.00027488095880116934,0.0001220952908418309,0.0005910194009687,0.0001459408548386989,0.00011855683025844832,HAR-RV (OLS)
5497,0.0002239613159672419,0.00030734604574497666,0.0001114778104781,0.00017048286820978,0.0002084395133394098,HAR-RV (OLS)
3008,8.259652179679403e-05,0.000333012984429625,0.0001093320945815,0.0001968540239357487,0.0002577791415855255,HAR-RV (OLS)
23132,0.0003681607621138417,0.00057975407086855,0.000464870067113,0.0002814275784825101,0.00031627455559299063,HAR-RV (OLS)
10349,0.0001966932816260303,0.0002104739907487759,0.0001279000076294,0.00021162148983196,0.00018906691375679313,HAR-RV (OLS)
4935,0.0006028108126774333,0.000593650235221525,0.0007319130747121,0.00062813983166654,0.0005979193147795812,HAR-RV (OLS)
27837,0.00028749076059923746,0.00026775210500465,0.0002396715606963,0.00023840676588132,0.00026424190768511416,HAR-RV (OLS)
27956,0.00020211698587728109,0.0002357133504257679,0.0001859312438068,0.00022692282237643654,0.0003090805592048427,HAR-RV (OLS)
28880,0.00033582092639610275,0.000352558704639625,0.0003062060821702,0.00021124168108700004,0.00033400834108694374,HAR-RV (OLS)
554,0.0001029988753416281,0.0001462202509738891,8.51467892516618e-05,0.00013408699364023325,0.00014892754088522363,HAR-RV (OLS)
5763,0.0005766805896343333,0.000928886160299325,0.0008791455699791,0.00073531746058466,0.0006298810660877562,HAR-RV (OLS)
12266,0.0005854443660574275,0.00047437391539535,0.0002816086217153,0.00058337547079074,0.00059382254873725,HAR-RV (OLS)
28969,3.3050494669757484e-05,0.0001233908340737452,5.034100056378606e-05,7.84395226960872e-05,0.0001751969639670008,HAR-RV (OLS)
1326,0.00030953481350581955,0.0002133186523595533,0.0001561974747866,0.00024905275767398,0.00026117923849371246,HAR-RV (OLS)
26250,0.0002827411487245947,0.00032753941010284996,0.0006852943599436,0.00046427297938326004,0.00042162190046455,HAR-RV (OLS)
14648,0.0006082098439399775,0.0008312252835750999,0.0007523324239918,0.00058246223105696,0.000614871297206075,HAR-RV (OLS)
2046,0.0001731286835292927,0.0001722245526249964,6.856818871059863e-05,0.0001505502772653439,0.00017455923829231884,HAR-RV (OLS)
17785,0.0003561363919607791,0.00039372490980655,0.000366152252495,0.00034804049217026,0.0003667304953923983,HAR-RV (OLS)
17825,9.395818548813136e-05,0.00042130686867435004,0.0005031356048089,0.00035703808225828,0.0003384165964887985,HAR-RV (OLS)
15894,0.00018522277446209837,0.00018699803975995294,3.1612249772823574e-05,0.00013940919351824473,0.00019086629000109983,HAR-RV (OLS)
16601,0.0002451548021133612,0.00010222942243335066,0.0002027346989103,0.00021780044645376,0.00024290030828092455,HAR-RV (OLS)
22003,0.0005351312837649795,0.00038611248579742505,0.0003766340238118,0.0004418414835360601,0.0003155204051885,HAR-RV (OLS)
23426,0.00036140519552963304,0.00034342342085455,0.0003468425706975,0.0003782358088931,0.00036967641076155,HAR-RV (OLS)
24010,0.00018326137639101316,0.00024241708537242151,0.0001012520347807,0.00015292926423387705,0.00015245006886095138,HAR-RV (OLS)
229,1e-08,7.979790115019327e-05,0.0002404736090858,6.931581660192009e-05,7.991258478571255e-05,HAR-RV (OLS)
16040,0.0004896472635820125,0.0005758727650745,0.0004639303231987,0.0005031224650939,0.000462473118409925,HAR-RV (OLS)
8615,0.0003546582391174956,0.00025218340612544134,0.0007752944182743,0.0004285087621158,0.00030191486754614085,HAR-RV (OLS)
5686,0.00011601293068516931,0.00039497501566257594,0.0003225081413669,0.00029714820781773596,0.00023700340136187902,HAR-RV (OLS)
22532,0.00043216044969714346,0.0005046470038580001,0.0003461139253177,0.00034024084455764,0.0004062816815980437,HAR-RV (OLS)
13552,0.0006952822485804327,0.000315724761609325,0.0004564368651343,0.000203824190941218,0.00027507021203609315,HAR-RV (OLS)
7743,0.0008329419060102688,0.000996578557765175,0.000965692133557,0.00080690106144722,0.0008530807453665187,HAR-RV (OLS)
9166,0.00013494562478565347,0.00015335803880558681,0.000198937752805,7.165689205991507e-05,0.000159005014245305,HAR-RV (OLS)
29997,0.0004176483867536086,0.00039442278721777503,0.0003991040138811,0.00048434071670856,0.0004017751563351125,HAR-RV (OLS)
5344,0.00038316265194500605,0.000285010905119475,0.0001218193249547,0.0002490676663781411,0.00022815982846807335,HAR-RV (OLS)
13473,3.141855656313327e-05,8.32482356131222e-05,6.97246125032535e-05,9.045627852306956e-05,0.0001160838872485738,HAR-RV (OLS)
8534,0.00019269740289789742,0.0001988312417484,9.65245298628664e-05,0.00015030560518757794,0.00021844009343894362,HAR-RV (OLS)
16489,0.00020253453685126292,0.0003529681903206406,0.0002552410009526,0.00025465736637622,0.0001809518742653004,HAR-RV (OLS)
15759,0.0003740671036951374,0.0003899103454981,0.0006684375271042,0.00058388210875378,0.0005252206870086125,HAR-RV (OLS)
19839,1e-08,0.00024290170585937498,0.0003311175700336,0.00014998224827565394,0.00019966859288274953,HAR-RV (OLS)
27071,7.393286330717501e-05,0.00021499577606335,5.368665772741158e-05,0.0001599253315965141,0.00015501841468483087,HAR-RV (OLS)
17914,6.569731751541322e-05,0.00021343202948519678,0.0004491688556139,0.00021075341858949943,0.0002774210556233612,HAR-RV (OLS)
16454,0.00020853144732413186,0.00016533715677178297,5.9739334323411015e-05,0.0002063301670828022,0.0002890898547165319,HAR-RV (OLS)
15131,0.0007992162367262407,0.0008143207033029001,0.0006189877690876,0.00078202963920308,0.0007415846587976188,HAR-RV (OLS)
20631,3.1205494460466736e-05,0.00014333299628310747,0.0003715811969835,0.0001244392088886088,0.00011921587702178087,HAR-RV (OLS)
23630,0.0007871021453133829,0.0003203437401383,0.0004852398223531,0.00059834866522674,0.0006367049501099312,HAR-RV (OLS)
18940,0.0003838543973968061,0.0003061187858713,0.0001956564028677,0.00031315512604534,0.0003197412720457175,HAR-RV (OLS)
20457,0.0003685432457267077,0.00032722843830455004,0.0004157080523665,0.00040556240506277997,0.00047152910770571245,HAR-RV (OLS)
20351,0.0003381336904561814,9.748769620917882e-05,0.0001875643689035,0.00026191028334256,0.00029960279415892845,HAR-RV (OLS)
1427,0.00028607619596810754,0.00017255783469161687,0.0001833965034229,0.00024696455624138,0.00029670213363882606,HAR-RV (OLS)
7885,0.0002725664455274773,0.0004610452039767436,0.0003693456994339,0.00035296116965308005,0.0002814568390655224,HAR-RV (OLS)
6850,0.00013671208497889923,0.00025069979173414944,0.0003143692223697,0.00039204444714882006,0.0004049235777617784,HAR-RV (OLS)
250,0.00024532100946862137,0.00027978966899373076,0.0002060406239047,0.00020209529504481156,0.00026840806544544386,HAR-RV (OLS)
7593,0.0002402048498562516,0.00030778033150210003,2.216691705307865e-05,0.0004091757740810757,0.00044410176948188616,HAR-RV (OLS)
12523,0.00033429978818743397,0.00042524726137165003,0.0004998092874256,0.0005414196299335001,0.0003425102736341533,HAR-RV (OLS)
5152,0.00028140270257376874,0.00023648412738161895,0.0002368411335771,0.00019888288019725178,0.0002961375118191037,HAR-RV (OLS)
24033,0.0003214077823837443,0.000321079963206225,0.0001158180397109,0.000308417850677646,0.00030869998741157216,HAR-RV (OLS)
31173,0.00016430891186876512,0.0002051927805425721,0.0001450320251176,0.00016478929246418596,0.0002097023081795476,HAR-RV (OLS)
1269,0.00046943910905885623,0.0005910874474273501,0.0004958042158884,0.00045396576331408,0.0004587708362060437,HAR-RV (OLS)
4543,0.00023331797358719687,0.00019883461408917792,0.0003003666688318,0.00030727106819132484,0.00025368732771721214,HAR-RV (OLS)
9000,0.0002761598199874601,0.000322279285295975,0.0003045418097254,0.00033569737811438,0.0003062075011240375,HAR-RV (OLS)
28993,0.00016877048601011578,0.00021885622802600194,0.0002639439544314,0.00018703934223739287,0.00021170869079069826,HAR-RV (OLS)
23536,0.00022921861495602653,0.00019266905987386308,0.0002169589177211,0.00022185102841560493,0.000180862166574288,HAR-RV (OLS)
24123,0.00033527445101504556,0.0003257697958828,3.975528020992117e-05,0.0003307159507079842,0.00023832539726728234,HAR-RV (OLS)
28841,0.0006999913293026774,0.00036895373638127496,0.0002509549470833,0.00043587701359180004,0.000475303714602175,HAR-RV (OLS)
18042,3.994599853221844e-05,0.00037844054814245,0.0002852548492601,0.00017093432648102117,0.00017536030937562053,HAR-RV (OLS)
29616,0.0001820755692332677,7.856134131113297e-05,0.0002886426734335,0.0002398261276275,0.0002028047034295684,HAR-RV (OLS)
7014,0.000263749744184003,0.000538022804617075,0.0002585624524567,0.00046156297545542,0.0004104023246186665,HAR-RV (OLS)
14908,0.0004524029589868661,0.00023072260391781297,0.000466323923094,0.00031259791125942,0.0002936019350161664,HAR-RV (OLS)
31570,0.00013912252730000318,0.00016531086103725194,0.0001024488633704,0.00027419919680854,0.00023765273571141912,HAR-RV (OLS)
15625,0.00040710133622526594,0.00043191987184035,0.0004283105038697,0.00040556153550630003,0.0003097071990123008,HAR-RV (OLS)
15706,0.0003671868191961328,0.000415647181063025,0.0004354758432716,0.00047016316919204,0.0003386768139246848,HAR-RV (OLS)
13484,0.00011752924186905365,0.00021294428896663555,0.0005958131813669,0.0002541230382136658,0.00020762177169660696,HAR-RV (OLS)
6742,0.000603323857928296,0.0001999923020228307,0.0008438559326109,0.00029876813600674827,0.0003197970781912213,HAR-RV (OLS)
4361,0.00026501485486749656,0.00022105675214459928,0.0004758357353908,0.00026503031859653433,0.000342243030021742,HAR-RV (OLS)
9077,0.00028090793678665037,0.00024067849737539237,0.0002902016684148,0.0004126129815281,0.0004828326870006625,HAR-RV (OLS)
20268,7.32925341615412e-05,0.0002223482409834001,9.244847626880428e-05,0.0001260758827396035,0.00013081345187071725,HAR-RV (OLS)
840,0.0004922117793982395,0.00042667714443665,0.0005158357050564,0.0005456566404179001,0.0004447977886312438,HAR-RV (OLS)
7874,0.00027393005799227,0.00030909652653415,0.0003369891225469,0.00021393703544014,0.00024157633737582207,HAR-RV (OLS)
27910,0.0006087908400509544,0.0006803131715590999,0.0007303328897184,0.00064456584449848,0.0006016996197821375,HAR-RV (OLS)
27013,0.00034873930801722873,0.0002044218948743,0.0003757041642704,0.0002822992619962,0.0003037666941036188,HAR-RV (OLS)
25019,0.00018081474324715166,0.00042608496032265004,0.0001027541628576,0.00016992241898782,0.00023288634986429795,HAR-RV (OLS)
28190,0.00030129214494017096,0.0003806728970487,0.0003103184369546,0.000288428460849,0.0003228475262311938,HAR-RV (OLS)
9583,0.0005612851533424441,0.00037992837113894995,0.0005726599035421,0.0005442204079274199,0.0004885446089868688,HAR-RV (OLS)
32662,0.0004775517651948644,0.000384871806953975,0.000563301821337,0.00035922339630074004,0.0003362839637225813,HAR-RV (OLS)
13421,0.0001622523562549092,0.00016788720398701112,0.0002381287615288,0.0002135427728351745,0.00016396393186774103,HAR-RV (OLS)
8978,0.00020046044774830015,0.0002464589535195929,0.0001824993307688,0.0001741249993103745,0.00022399714133537548,HAR-RV (OLS)
14619,0.00032783803188754556,0.000304537958338,0.0003903917381942,0.00032999244903686,0.00044276443170245005,HAR-RV (OLS)
20557,0.0009056695339792584,0.0005961399610281999,0.0012522405508169,0.00058351211206798,0.00046529045436692504,HAR-RV (OLS)
14088,8.381890419281339e-05,0.00012190508369169089,0.000319432414242,0.00015970656399675416,0.00014202575190244097,HAR-RV (OLS)
5666,0.00016710259368603173,7.351661968319554e-05,8.863037930589667e-05,0.00012078199835446513,0.00016528192644059257,HAR-RV (OLS)
1676,0.00023397576133212612,0.00024898153080464997,0.0001966961671854,0.00024080197352794003,0.00030032051502748125,HAR-RV (OLS)
7009,0.00031339998941234644,0.0002596755279976,0.0003539336118133,0.00031579487945894,0.00027209747330871254,HAR-RV (OLS)
28670,0.00017125105498955943,0.000173249617763425,0.0001345296622924,0.00016045637518033337,0.0002395507759893743,HAR-RV (OLS)
19551,8.740210221455186e-05,0.000317176782743575,3.138676341966883e-05,8.858362251937976e-05,0.00012844110568130797,HAR-RV (OLS)
15671,0.00031614354884913586,0.00029194530882957503,0.0004001858302419,0.00034429042029552,0.0003265345071734242,HAR-RV (OLS)
24334,0.0002549799472148104,0.00017089024343495463,0.0001579649161611,0.00020321768109776874,0.0002666467634746027,HAR-RV (OLS)
22996,0.000469883744964615,0.000437113067562075,0.0007247643316431,0.00047831425046054,0.0004849581031061688,HAR-RV (OLS)
13217,7.44476345243552e-05,4.083683137534407e-05,9.709432809126084e-05,6.71135077612775e-05,7.900072217459665e-05,HAR-RV (OLS)
7843,0.0005200548492705389,0.000337836888113275,0.0004839467647354,0.00047955237287992003,0.0004883121944968313,HAR-RV (OLS)
128,0.0003173587811658267,0.00010682704041219666,0.0002245915334345,0.00027774159419574,0.00032306719098849825,HAR-RV (OLS)
4958,0.00024910801947334037,0.000278725144932275,0.0004176848449647,0.00030618315898643997,0.00025667818080425767,HAR-RV (OLS)
19678,0.0002039454461870929,0.00014802681848983116,0.0001287684516313,0.00020309420311816003,0.0002781085055882031,HAR-RV (OLS)
26538,0.00016207731906796644,0.0002679561970574722,6.217754560774422e-05,0.0001093616908229169,0.00017266563142682862,HAR-RV (OLS)
15216,0.0003170408544382172,0.00025863872768085,0.0001861132477956,0.00024997436750766,0.000319225130623,HAR-RV (OLS)
31984,0.00020963775229046084,0.0001586883506352488,9.86608262158453e-05,0.00017493142447501468,0.00014690052702111218,HAR-RV (OLS)
16992,0.0002628178420467952,8.90200736322629e-05,0.0001952486387393,0.00021461676071167995,0.00021711881035356106,HAR-RV (OLS)
12011,0.00011186649562838053,0.0003604079485536,8.242021928633662e-05,0.00010319937038452607,0.00010929251295907949,HAR-RV (OLS)
12581,0.00018773353358733245,0.00034871671144882504,0.0001191237639434,0.00023641591911269556,0.00029226639359126116,HAR-RV (OLS)
31054,0.0002701713191512123,0.000221777219217625,0.0003977540057575,0.00032341785418264004,0.00029118639753405,HAR-RV (OLS)
20415,0.0005964101826829772,0.0003318178558278,0.0004461186471511,0.00046153183670419995,0.0004861504116476875,HAR-RV (OLS)
14061,0.0005096312642149766,0.00044124976572957497,0.0007247904269035,0.0005262249383835999,0.0005162372995961687,HAR-RV (OLS)
4377,0.0003623357674716805,0.00020899843341705347,0.0004169070584202,0.0002914296483880617,0.0002828881166996051,HAR-RV (OLS)
2088,0.00019876308420059227,0.0001684224165893083,0.0001133930593881,0.00032551917871057994,0.00023746836304255962,HAR-RV (OLS)
22964,0.00015925239828226426,0.00019600497264253807,5.173357305895237e-05,7.177030179181213e-05,0.00016306662550830988,HAR-RV (OLS)
11303,0.00019637209909677576,0.0003644630718791,4.794022313868936e-05,8.816147625206666e-05,0.00015488486729549767,HAR-RV (OLS)
19493,0.00013841416475430927,8.496162652001062e-05,7.897715557775242e-05,0.00017134274005353047,0.0001639314777253943,HAR-RV (OLS)
22178,0.00022472464763173756,0.00021423609215530915,8.258532357949758e-05,0.00019056567926552497,0.0002498330422934231,HAR-RV (OLS)
2139,0.00038927331139507844,9.993876578660557e-05,0.0001146197812289,8.69770593130276e-05,0.00018183025770270562,HAR-RV (OLS)
27757,0.00013919353950714333,0.0001713810060217005,0.0001499291898624,0.0001397626034844085,0.00014124921346120686,HAR-RV (OLS)
12139,0.000622644061171672,0.00073902869052565,0.0005351425930179,0.00057567079394928,0.0006178967030460062,HAR-RV (OLS)
22126,0.0003144302787282774,0.000274689833282125,0.0001898369112185,0.00021884274459768003,0.0003385149355447563,HAR-RV (OLS)
29740,0.00023027609368689653,0.00011612531577280866,0.0001861021391065,0.00015395036823336318,0.0002735826734241309,HAR-RV (OLS)
3513,0.0006472576841212445,0.000432385778953525,0.0004357654537333,0.0006027389037866801,0.0006641302225378938,HAR-RV (OLS)
14895,0.00011831320030128626,0.00024543662191220004,0.0001680168911206,0.00020792462128977162,0.00018587863957824364,HAR-RV (OLS)
2433,0.00040542586354016163,0.0006457930377661,0.000468514865737,0.00041918220467544005,0.0005202242858017626,HAR-RV (OLS)
8665,0.00019828797030381267,0.0002056443549191,0.0002070515451515,0.0001963232052271928,0.00019519382001974186,HAR-RV (OLS)
32474,0.00038220647619546593,0.0001669636094624542,0.0004194346979664,0.00037504171176392,0.0003620844508701842,HAR-RV (OLS)
12542,0.00011781558214798597,9.587939369856144e-05,8.325867553667839e-05,9.701337813732443e-05,0.0001866706203678496,HAR-RV (OLS)
12704,0.00026314114389144026,0.00027851884041425566,0.0002183233556433,0.00024082267407299322,0.00032354832620932154,HAR-RV (OLS)
9866,0.00030553153242057773,0.000318665184694225,0.0002225248341359,0.0003339441465647,0.0003622824909670437,HAR-RV (OLS)
13150,0.0002490801720273384,0.0002134102660822,0.0002175144225217,0.00015672201789808,0.00021185152674126873,HAR-RV (OLS)
6286,0.0003648344357318551,0.00032468796803347504,0.0002920520386894,0.00026898579781475996,0.00027505861698659913,HAR-RV (OLS)
29548,0.0005461185518731144,0.0006494813147126,0.0004718556040925,0.00058451485424124,0.0005367148915339124,HAR-RV (OLS)
22263,0.0004940056629380344,0.000654407085087475,0.0005344204214547,0.00052644141938994,0.0005100212641883938,HAR-RV (OLS)
29672,0.0003138752207123728,0.0005419100598722251,0.0002734387962948,0.0005009223867268201,0.0008623422358584438,HAR-RV (OLS)
23088,0.00015722107018269476,0.00034555911099189997,0.0003059159782124,0.0002023528017614506,0.00019487715073229485,HAR-RV (OLS)
5032,0.00019961342711837259,5.483492400884449e-05,0.0002208957104846,0.00012163764200470478,0.00015513258445767647,HAR-RV (OLS)
11607,0.0002541043004086361,0.0001237768164964804,0.0002327106893825,0.00016778562145096322,0.0002215244324638635,HAR-RV (OLS)
18932,9.29492528746767e-05,0.00011030118988005382,0.0001789189461767,0.00019055197105979606,0.00016387858968186454,HAR-RV (OLS)
3092,0.0002614138578676072,0.000346223269297325,0.0003652069627021,0.00033085503507862,0.00028742681384296223,HAR-RV (OLS)
3465,0.0001250542712046419,7.874896272119401e-05,9.973535095827898e-05,8.306994060787105e-05,7.5335657303367e-05,HAR-RV (OLS)
9021,7.49632271590316e-05,0.0001573484601739003,3.860077794932974e-05,0.0001796637455766009,0.0001245346517284431,HAR-RV (OLS)
12206,0.00018288058998447684,0.00011758345594294973,8.285446975239634e-05,0.00012135281902011662,0.00016584327618553767,HAR-RV (OLS)
32746,0.0008367766626884793,0.00069211711348995,0.0008877415554691,0.0008555499644583599,0.0009180724140674187,HAR-RV (OLS)
20715,0.00020325795123498616,0.00017284326673762087,3.594501034249525e-05,0.0003303385441008518,0.000226662368489458,HAR-RV (OLS)
6932,0.00037775465371692467,0.002205844245858,0.0002669776229936,0.00034372883032576,0.00038922279319245003,HAR-RV (OLS)
12166,4.7804819199137594e-05,0.00023545632888518134,0.0003256550681514,0.00049420191993058,0.00033744825705485,HAR-RV (OLS)
21647,0.00034614816445918293,0.00034312092107260006,0.0004425323615588,0.00043227192023714,0.0003601339344532784,HAR-RV (OLS)
15185,0.0003740611345992008,0.000546727914575875,0.0001229988087134,0.00033734471233386003,0.0003845725425154625,HAR-RV (OLS)
20837,0.00021679082472659227,0.0002247418066096193,0.0002699601900582,0.00034928814917124004,0.0002572925205713137,HAR-RV (OLS)
20055,1e-08,0.00027259601861634463,0.0005544343181782,0.00024368020696737,0.00020204249580328554,HAR-RV (OLS)
5512,0.00018243513457592757,0.00015755480192970002,9.260990565638338e-05,7.847312512835637e-05,0.00017760609428471954,HAR-RV (OLS)
20329,0.0004325988566389683,0.00033654153401925003,0.0002653701319927,0.0003322148826979465,0.00035030684922740643,HAR-RV (OLS)
12436,0.00037333729096045024,0.00019623191333623786,9.837486999320404e-05,0.00024024249777004084,0.00030744888852875707,HAR-RV (OLS)
19050,0.00016866364274071183,0.00022647050774325417,0.0001036911243922,0.00013836955190932163,0.00018617506473756634,HAR-RV (OLS)
31345,0.0004885520078192796,0.000281069937847975,0.0003086059181037,0.00022934345869060315,0.0002641405993991635,HAR-RV (OLS)
12782,0.000335898186063918,0.0002242390370964,4.183359973123651e-05,0.00019439777063658727,0.0004534318504857398,HAR-RV (OLS)
28200,0.00031102909808020703,0.00035556055185759997,0.000302493387237,0.00030522914401641995,0.000363633937933925,HAR-RV (OLS)
454,0.00023775192634200443,0.00019899061654521337,5.200193522540148e-05,0.00016957348403253268,0.00017858205981115326,HAR-RV (OLS)
12428,0.0001824726851449765,4.201540342418475e-05,0.0002038298256105,0.00011951030892120144,0.00015201997103731028,HAR-RV (OLS)
31671,0.0003767191013305936,0.000424335580982925,0.0003223442718134,0.0005177053884781599,0.0004866080595758313,HAR-RV (OLS)
9138,0.0006464770514202166,0.0005850513829751,0.0007255036540893,0.000522330927952,0.0006061624182892001,HAR-RV (OLS)
1430,0.0003392256668669977,0.000239079384420375,0.0002316512704585,0.00029096721326192,0.000328366790085425,HAR-RV (OLS)
21695,2.5963947748529608e-05,0.00026069957268185,3.996762061559585e-05,0.00011934403468573393,0.00010771445194377729,HAR-RV (OLS)
22827,0.0001637101229054669,0.00041019596122884996,0.0005417983321564,0.00048446474325582,0.0004014449293086812,HAR-RV (OLS)
12061,5.363256796548282e-05,0.00014626653211691597,0.0001064363626277,8.12115954389554e-05,0.00012978553234043767,HAR-RV (OLS)
12291,0.00023714796887670786,0.00033453332972018977,0.0001972222135076,0.00018670563967333663,0.0002329156231126351,HAR-RV (OLS)
22732,0.00033370159664420425,0.00034475719544742507,0.0002448207596307,0.00034697486263933995,0.00036054613596383123,HAR-RV (OLS)
2267,0.00030151408026515646,0.0005342676703079499,0.0003221474441051,0.0004377357817472,0.0003857775080356375,HAR-RV (OLS)
380,0.0003666857106568238,0.000523113702261475,0.0004471305913655,0.00031206061877467995,0.00033787060647556876,HAR-RV (OLS)
18316,0.00019723409669055236,0.0002648567723897,8.60793243294471e-05,0.0001999932636069584,0.00020233603147475882,HAR-RV (OLS)
5424,8.434907963533124e-05,0.00016636204918623812,7.079057259179774e-05,6.990935188618329e-05,9.60518664170193e-05,HAR-RV (OLS)
4173,0.00010400550130834518,0.000160430098713039,7.0946163831741e-05,6.056843682930106e-05,0.0001249881384529462,HAR-RV (OLS)
5773,0.0004469487663039513,0.000469071844886625,0.000377814328183,0.0004526033933463,0.00045945198415152497,HAR-RV (OLS)
4661,0.00025614066970641123,0.000292544071564625,0.0003138299066365,0.00025852383420196004,0.0002540688063838625,HAR-RV (OLS)
21301,6.417982194611765e-06,0.00028342048858941713,0.0001741748498411,0.00017583929147360953,0.00020657854820949257,HAR-RV (OLS)
27795,8.8138136005669e-05,0.000302116536670425,0.0003641050631616,0.00035313005554399264,0.0002528606656313316,HAR-RV (OLS)
5171,0.0003060611396958202,0.00046988004077174996,0.0003382177836897,0.0003711637565954,0.00034018756418476253,HAR-RV (OLS)
21493,0.00023357996641657172,0.00015595597353112046,0.0002730071325678,0.00022511085662953997,0.00021476662625729675,HAR-RV (OLS)
13531,0.00014466642353051,0.00026768631597480003,0.0002501014206573,0.00020184600595089997,0.00015460787836840472,HAR-RV (OLS)
14004,0.00027038853350518804,0.00020585794554574998,0.000263129278047,0.00024266570414620002,0.00025207490593674215,HAR-RV (OLS)
8797,0.00037765988226958207,0.000466714581451025,0.0003892912497155,0.00045119919793124003,0.0005116642562985375,HAR-RV (OLS)
32758,0.00032847344375238133,0.0002446892683181,0.0002308368783378,0.0002724207754941217,0.0002321971434997273,HAR-RV (OLS)
5648,0.00045187709946487606,0.0002628159916782,0.0007139186966941,0.0005311780569096,0.0004387311690326437,HAR-RV (OLS)
29761,0.00027734685460055556,0.000311815827386875,0.0002847283402234,0.0003322395191268,0.0002760533446669344,HAR-RV (OLS)
27919,0.0002096777099276602,0.00016245795444823753,7.399631053059264e-05,0.0001857501920519124,0.00024259610973102261,HAR-RV (OLS)
4293,0.00019506564478922596,0.00022392354575236203,0.0002485659929308,0.00020683397545566193,0.00020227081874432903,HAR-RV (OLS)
25583,0.0001752334367248563,0.00015357654434914925,0.0001752033044918,0.00015987995481733352,0.00017389372023204636,HAR-RV (OLS)
9448,0.0003443358236523335,0.00036113356090197507,0.0003763595769005,0.00034866314194774,0.000424573574395975,HAR-RV (OLS)
27313,0.0001426211808769939,0.000167066082887701,0.0002620368251328,0.0001683303530088452,0.00012919042818560758,HAR-RV (OLS)
23054,0.0001313889034427765,0.00012107407915960178,0.0001295722141268,0.00012936471651910629,0.00015729101083986286,HAR-RV (OLS)
31934,0.0002966373380624023,0.0003425806725976,7.99711141758548e-05,0.0001741276088982789,0.0002657332678424559,HAR-RV (OLS)
28426,0.00013299995888762866,0.000258649242885525,0.0001927223835013,0.00025595600567532,0.00023553328179708573,HAR-RV (OLS)
31463,0.00018313879517554402,0.00023186279437757877,8.658580948177946e-05,0.0002487993519826759,0.00033460559490250494,HAR-RV (OLS)
17777,0.0002841330268644075,9.8583360732923e-05,0.0002911409534836,0.00022655963537474003,0.0001776048209120692,HAR-RV (OLS)
11893,0.00018326851996989016,0.00036096611058682496,0.0002566883006083,0.00025861535917194,0.00039186664823955003,HAR-RV (OLS)
30256,0.00031742821641122273,0.00018630482923169585,0.0001584622423837,0.0003332034429925807,0.0003678331226446627,HAR-RV (OLS)
29972,0.0006569988891429429,0.0005138709273465,0.0006972319289975,0.00053160131165322,0.0005775950949899438,HAR-RV (OLS)
1663,0.00017815643096111684,0.0001791474869019951,0.0002131870594231,0.0002516173899261639,0.00021123241390520086,HAR-RV (OLS)
25118,0.0004096023989961354,0.00041119597991225,0.0005778801106811,0.00045174227996398,0.00037970771422221584,HAR-RV (OLS)
6619,0.00021506076014933127,0.0001874759749574663,0.0002548673023495,0.00030149949573668987,0.0002657757911757561,HAR-RV (OLS)
13968,0.0004143056618865842,0.000249306454975498,0.000386596661368,0.00033543849281506,0.00031009034197113864,HAR-RV (OLS)
18500,0.00010284422908033305,0.00020486644031070708,0.0002704664398244,0.0001384525412049827,0.0001048651144906194,HAR-RV (OLS)
31138,0.00011575372909417573,8.884205532701818e-05,0.0001020462199828,0.00017142360890493014,0.00015026045711700878,HAR-RV (OLS)
30999,0.00015018683213460353,0.00021320998970175809,0.0001169559995219,0.00025716774808424005,0.00018858019760249279,HAR-RV (OLS)
23348,0.0002759580357753696,0.00024924940612725,0.0004159878992374,0.000253634776178857,0.0002693528674726105,HAR-RV (OLS)
29649,0.00022297379115404116,0.0001485808980017819,0.0001885100762825,7.669023709649755e-05,0.0001769867262445921,HAR-RV (OLS)
19062,0.0004545755889235755,0.00046937970078670007,0.0004651216798618,0.00041510474228174,0.0004641178197524688,HAR-RV (OLS)
11715,0.00016610801212801896,0.000541453577568925,0.0008941723717624,0.0004205318879525382,0.00036406904542341195,HAR-RV (OLS)
17424,0.00034251342546605005,0.00018616049814790953,0.0003501810006954,0.00034844926572529997,0.00031286139677888123,HAR-RV (OLS)
14813,0.00030982579179760416,0.00017021657701135013,0.0002362902325515,0.00025261223189637996,0.0002796266248224625,HAR-RV (OLS)
32611,0.0009837092292982023,0.0009124311288303,0.000678781565606,0.000894080706349,0.0009374840295512249,HAR-RV (OLS)
3233,0.00020597358450829818,5.1001483068666294e-05,5.5594992712736446e-05,0.00013270015536198245,0.00019434893591379934,HAR-RV (OLS)
10480,0.0004524600463384807,0.00049911665822,0.0005215764954017,0.00044184618687910006,0.0005040738409302812,HAR-RV (OLS)
1348,0.00036226397992058634,0.000340048076799775,0.0004154153875222,0.0003947396744956,0.00036369660938082406,HAR-RV (OLS)
22115,0.00039106734667298214,0.00035450084542634996,0.0004006692971346,0.00042432124808312,0.00038573648376295626,HAR-RV (OLS)
13480,0.00046303998273986534,0.00036816554414185,0.0004181308078914,0.0005233021439601,0.0004622553026756625,HAR-RV (OLS)
11511,0.00024480747959008443,0.00017509329813606821,0.0002119652395558,0.000294434996719,0.0002211636618066879,HAR-RV (OLS)
26835,0.00018788166721920029,0.00029115939132255003,0.0002380751187026,0.00024159191946828,0.00027000484340993533,HAR-RV (OLS)
11060,0.00018449201702096924,0.0003306495159834,0.0006209625426935,0.00034744230538965996,0.0002918686594275552,HAR-RV (OLS)
13763,0.0007056540848184619,0.000347188171205025,0.0006699932011622,0.00039665859576652,0.0003801216688488977,HAR-RV (OLS)
4951,0.0004085713984388294,0.00024920933030815005,0.0001929109380902,0.00035015658861204004,0.00027280559290870714,HAR-RV (OLS)
7051,0.00011226690429142139,0.00020212444846877498,0.0001768731650539,0.00012025351830815389,0.00012266105341989176,HAR-RV (OLS)
23958,0.0004150715905592377,0.00054820615996505,0.0004523358168725,0.00050006087599388,0.0004735123238086625,HAR-RV (OLS)
12546,0.00024395750142885427,0.000269745401040525,0.0001931355232543,0.00029001063031164,0.0002136688104290782,HAR-RV (OLS)
15548,0.00025419857942409147,0.00029937719928937496,0.0002915221563476,0.00025710930532647997,0.00028976254195503125,HAR-RV (OLS)
13941,0.00039704748925327297,0.0002379805701303,0.0002674904830001,0.00039496249531436,0.0004157187955789562,HAR-RV (OLS)
5907,0.0001751336786689527,0.00018674762942323084,0.0003012583195127,0.00029553728204358,0.00024950935047670774,HAR-RV (OLS)
1377,0.00025126002716794715,0.00011651213023054427,0.0003419494857077,0.00023693814831068,0.0002041701333098981,HAR-RV (OLS)
5749,0.0002873132408799449,0.0003160579321779,0.000325296380979,0.00031144032772486,0.00025246287937825935,HAR-RV (OLS)
31394,0.0008508430471343134,0.000563649467112475,0.0007584933843797,0.00088064017509446,0.0008456123154002126,HAR-RV (OLS)
24880,0.0003913598051568244,0.00035363683981655,0.0003457878442509,0.0002532029590740163,0.00030290985508476273,HAR-RV (OLS)
10628,3.6726835842581346e-05,0.0002876628564500064,3.266775532451377e-05,0.00014364065445614396,0.00026841122366121377,HAR-RV (OLS)
11722,0.0003662274052971849,0.00021198773083335002,0.0003164487979298,0.00016556596871914944,0.0002565700227681342,HAR-RV (OLS)
5297,0.00011358064889520243,0.0001339918648847817,0.0002738660709306,0.00010980083175813798,0.00021142437445086258,HAR-RV (OLS)
21437,0.00012090822875239753,0.00021922477035432253,3.627852451789391e-05,0.0001333696587619883,0.0002796830626146464,HAR-RV (OLS)
32126,0.0002935770047186458,0.0001666908499007599,9.067271840282688e-05,0.00025759063295026537,0.00019458406827785216,HAR-RV (OLS)
16869,0.000145915617401525,9.132560376262582e-05,2.6516366969153427e-05,9.839329858056663e-05,0.00011843705739410446,HAR-RV (OLS)
7465,0.000452372525508972,0.00046684436498627504,0.0004779533281366,0.0005202496277951,0.000493486598596025,HAR-RV (OLS)
26841,0.00013480517383900216,0.00011100836113661567,7.548866637038889e-05,0.00016380561824086708,0.00015144989840247557,HAR-RV (OLS)
18587,0.00025901468929919775,0.00017335156182604044,0.000253883940059,0.0002775528695439,0.00032307167140095,HAR-RV (OLS)
30790,1.527851504798763e-05,9.107894159609067e-05,4.691629628649368e-05,0.00021892914454511874,0.00021595850196053852,HAR-RV (OLS)
25467,0.00034432946380885167,0.000234233065069536,0.0003536516463326,0.00031367930517184,0.00033716645008224374,HAR-RV (OLS)
16823,0.00019753554105613486,7.466566248277192e-05,5.745734019118355e-05,0.00021440984799914664,0.0002205216302939111,HAR-RV (OLS)
6585,0.001019134702422637,0.00084032860467895,0.0007553997577001,0.00073217829110812,0.0008323068225545437,HAR-RV (OLS)
25290,0.0003705752398581498,0.0004704409571309,0.0003639407942525,0.00031155523747092,0.0004009388258071375,HAR-RV (OLS)
29252,0.0006256865333490782,0.00023087798806661861,0.0004048837881549,0.00023847821336030482,0.0001494612716427132,HAR-RV (OLS)
10264,0.00024439949444950035,0.00031924403164645,0.0001114260339067,0.0002520549402627,0.00032346126114196877,HAR-RV (OLS)
7818,0.00035507669058366,0.00041495926961382504,0.0003061224400262,0.00031806925433995115,0.0003638313640743347,HAR-RV (OLS)
25716,0.00040967030565057766,0.000368032291041225,0.0003636866336634,0.00035166359753226,0.0004633276870406062,HAR-RV (OLS)
6723,7.955106278332308e-05,0.00016068478073106936,7.617165016175759e-05,6.54081588669721e-05,0.00011107192474552546,HAR-RV (OLS)
23246,0.0003353445975571237,0.00031940831938649997,0.0004430029406628,0.00026091824043847367,0.0003197632243575355,HAR-RV (OLS)
26336,0.0004967468808887742,0.000362983318515025,0.0004057699675546,0.00041709516698458006,0.0004801886545038187,HAR-RV (OLS)
18134,0.0002737646075982702,0.000292388512000825,0.000187807541945,0.00016861516157101606,0.00023508146488474885,HAR-RV (OLS)
26523,0.00017194539208147472,0.000170596148762775,6.397202650793624e-05,0.00015172292024010105,0.000198296086297888,HAR-RV (OLS)
109,8.535422040910237e-05,9.257109219082803e-05,0.000274314427474,0.00018799326836139304,0.00025881025636742127,HAR-RV (OLS)
18200,0.00036731902003317766,0.000500042800419225,0.0003470714210014,0.00035570508566948,0.00040499295181839376,HAR-RV (OLS)
18919,0.00046749927899331783,0.0005609373329183249,0.000769039029177,0.00053808719533912,0.0005352537032836937,HAR-RV (OLS)
17598,0.0002210454761725323,0.00015851257085100847,0.0002724128546877,0.00022809346877811698,0.00019202959262735228,HAR-RV (OLS)
1658,0.0001943445992183725,0.0001374880198875642,0.0002446245368854,0.00022406165866641704,0.00023444450196292093,HAR-RV (OLS)
8435,0.00025122847234969976,0.00013020365074286022,0.0002382131869647,0.00028104014785386,0.0002320691501545758,HAR-RV (OLS)
21139,0.00032065882662962015,0.000472247404515375,0.0003650908559601,0.00038805458862354724,0.00022342277582634875,HAR-RV (OLS)
21897,0.0003371677617263532,0.00013671460434387054,7.485395791200878e-05,0.00036038067619092177,0.0004821160014232818,HAR-RV (OLS)
24661,0.00032292444133229844,0.00028136692785365005,0.0003508964858337,0.0003605565656075,0.0003584084994528375,HAR-RV (OLS)
17951,9.884052722836366e-05,0.000156692657820452,0.0002230431164554,0.00019600698871963989,0.00019167847599935265,HAR-RV (OLS)
12423,0.0003559593636496122,0.000362688874540125,0.0002119011526374,0.00032657602943396,0.00033143764941117053,HAR-RV (OLS)
1587,1e-08,7.373739821597284e-05,2.6787085817241716e-05,0.00014400815473045156,8.230581785300975e-05,HAR-RV (OLS)
21121,0.00036570512989947656,0.00035478290680622505,0.0002970697842582,0.00021993221016558003,0.0003285914713177,HAR-RV (OLS)
30965,0.0004870945436465852,0.00051553926113865,0.0005865693743829,0.00050625092451664,0.0005236712922769437,HAR-RV (OLS)
22188,0.00022908052553340715,0.00021513623676110426,0.0002108758996947,0.00021220941403207304,0.00027266059954270095,HAR-RV (OLS)
13868,0.00032409290110069504,0.00041136950195950003,0.0004701118859506,0.00027414797183350004,0.0003686425236358125,HAR-RV (OLS)
10123,0.00021401393455235246,0.0003170042834619323,0.0003002126799051,0.0002032789570515844,0.00014132054277872397,HAR-RV (OLS)
29441,9.451844962415597e-05,7.386339970304412e-05,0.0001492696141479,0.00014024360976863892,0.00010022450888060654,HAR-RV (OLS)
9606,0.00024542954095750896,0.000319132130020725,0.0002936002822376,0.00025337384173356,0.00023775561461681456,HAR-RV (OLS)
17387,6.60869096014553e-05,0.00019306388367388487,4.5376531154378056e-05,3.917616528993368e-05,9.1911460932869e-05,HAR-RV (OLS)
5193,0.00030812600865260276,0.00035304359306284996,8.535900708855277e-05,0.00019843818206917056,0.00025158561403969704,HAR-RV (OLS)
23603,7.160338899096373e-05,0.000481084834291875,0.0001032580399427,0.0001844522817742027,0.0003503204103257883,HAR-RV (OLS)
17837,0.0005310554396507755,0.00058168289248485,0.0006798370149239,0.00047823726023676005,0.00040285403588576876,HAR-RV (OLS)
985,0.0002012857947381826,0.0001860482221841021,0.0001330888425877,0.00018553288612486,0.0002052258016616021,HAR-RV (OLS)
19333,0.0001236244186320943,0.00031712356868067497,0.0001294989792893,0.00025327940544618,0.0003565029055547875,HAR-RV (OLS)
21431,0.00031209464511976215,0.00017577971605122747,0.000357670841091,0.00030860523174482005,0.0002309581859196981,HAR-RV (OLS)
1728,0.000758398710601431,0.000518189411005625,0.0005362612490942,0.0004891433809121,0.0003540913188348266,HAR-RV (OLS)
12963,0.00042291144473949153,0.000447000026332675,0.0003777934878436,0.00044906196015612,0.00046981836154724374,HAR-RV (OLS)
28422,0.00028291257092207027,0.00020414879553400003,0.0001626126350275,0.00019277434202165676,0.00021720197586268112,HAR-RV (OLS)
27857,0.00015077535520028728,0.00024649410505945293,0.0003363844766572,0.00020399102741033444,0.00015135326485413703,HAR-RV (OLS)
27188,0.0005366330389475894,0.00047513474556840004,0.0003911481458877,0.00050951644026258,0.0004982140290636375,HAR-RV (OLS)
6696,0.00038043248125752487,0.0003501312310223417,0.0001278472669732,0.00029225905835141995,0.00033061327647551875,HAR-RV (OLS)
31327,0.0006802225677913761,0.000671751662869725,0.0003387498207117,0.0005587116082224201,0.0006425548388034313,HAR-RV (OLS)
10793,0.00012844715582383947,0.00016660967548465212,9.613374149441098e-05,0.00035510557149738217,0.0002604405678328027,HAR-RV (OLS)
14105,6.609330579836854e-05,0.00021109221706550884,6.452446635896056e-05,6.306208600462681e-05,0.00014960872030714048,HAR-RV (OLS)
12135,0.0001308788634911649,0.000145044381151269,7.271140236177862e-05,9.81900690545031e-05,0.00011912190114065599,HAR-RV (OLS)
32709,0.0004586120279578783,0.00048638152525492503,0.0001016144029021,0.00025903960050558,0.00030179101156690004,HAR-RV (OLS)
26837,0.00042013016233276616,0.000332593948062475,0.0004702969061175,0.0004193371438471399,0.000425501608735612,HAR-RV (OLS)
26308,8.611909310279973e-05,8.120430934323064e-05,6.603070285869826e-05,4.590173819816299e-05,0.00011831178400288884,HAR-RV (OLS)
10000,0.0003298284703622586,0.0004198934618617,0.0003287064812866,0.00021402059441178,0.0002671562749652637,HAR-RV (OLS)
2219,0.00014257174647753875,9.451856988412388e-05,8.201544759353055e-05,0.0001413824278948677,0.00019798874616093918,HAR-RV (OLS)
8256,0.0006499591220468223,0.0008911729537966751,0.0009761749630816,0.0008036969100428601,0.0009253282348169688,HAR-RV (OLS)
29330,0.0004315183787802247,0.0002533950363075313,0.0005077726715583,0.00031975227677097997,0.00029426262603703124,HAR-RV (OLS)
12419,0.00047619443874021266,0.00037818547041967496,0.0005958978723412,0.00047170598134664,0.0003787147507170625,HAR-RV (OLS)
8191,0.0002951796222933885,0.000369023684173875,0.000229789919343,0.00038224227303669994,0.00034344914098945,HAR-RV (OLS)
21446,0.000181842911364743,6.769718147143079e-05,0.0001276684960372,0.00015353278623730427,0.0002571518598454498,HAR-RV (OLS)
24874,0.0009033975859143715,0.00059976611691795,0.0007354809384674,0.0007706411024449999,0.0005967755455799688,HAR-RV (OLS)
13235,0.00047481055103636773,0.000383285751503875,0.0004258042316456,0.00039009545853858,0.0003937302703078125,HAR-RV (OLS)
23873,4.8948986892774146e-05,0.00021377590218475,0.0001167817120304,0.0001884697879339318,0.00032439695641691617,HAR-RV (OLS)
31814,0.00041197434625624905,0.00018423953381236738,8.578594718065322e-06,7.642532725355433e-05,0.00013755893337549416,HAR-RV (OLS)
539,0.0001086229816612827,0.0005513133735227501,0.0001692563904468,0.00038366175015062,0.0005731170608856626,HAR-RV (OLS)
19234,0.0003926140379809512,0.00043011936208200004,0.0002753423759029,0.00035225029982386,0.00035159306814454375,HAR-RV (OLS)
17486,0.00021337298030279996,0.0003285632350281,3.9686128040971806e-05,0.00019382726565168965,0.00023540450742264406,HAR-RV (OLS)
2510,0.0005766900454232712,0.0006315620433575,0.0005436538434126,0.0006558015795107001,0.0006234404827378438,HAR-RV (OLS)
18029,0.0002295090124244216,0.00016987292101697222,0.0003253195677471,0.00021950460242113005,0.00017917148025714603,HAR-RV (OLS)
23212,0.00028195620311086687,0.00022681625390891296,0.0002947034571898,0.00022480821721393638,0.00027425388873953636,HAR-RV (OLS)
4489,0.00034540042772567567,0.00020230797665065001,9.48901013462524e-05,0.0002057792655777105,0.00023662968916839734,HAR-RV (OLS)
28395,0.00036932834308447314,0.0001413231116402517,6.985388063087922e-05,0.0002782699861657758,0.00028723736127729245,HAR-RV (OLS)
8032,0.0003799907134535049,0.0001992607195862487,0.0002669221812262,0.0002717615826521889,0.0002292084294328395,HAR-RV (OLS)
19527,0.0002681993620447426,0.000345789633661975,0.0001937882138367,0.0001513626249415218,0.00022663920379426542,HAR-RV (OLS)
22307,0.0004077738192334772,0.0002450069446352883,0.0003435976300194,0.0003017228655457781,0.00032930410663712306,HAR-RV (OLS)
22590,0.0005076280633161388,0.000366696998339925,0.0005702062464036,0.0004225042319072199,0.00045721346839665,HAR-RV (OLS)
5987,0.0002553317002280856,0.00024469929080248644,0.0001743991475914,0.00020515756644702001,0.0002669285518037709,HAR-RV (OLS)
21179,0.00023466194054934896,0.000290954440157425,0.0003674486435993,0.00022826351980828,0.00023871438784091252,HAR-RV (OLS)
21368,0.0004799965408508178,0.0004176790669443234,0.0007075162043524,0.00043331676951578,0.0004109032822323937,HAR-RV (OLS)
9207,0.00021331037614648796,3.3673986615270494e-05,0.0002385300619614,0.0001842242812776143,0.0002094926290519242,HAR-RV (OLS)
24871,0.00022208259697330214,0.00019049517644925004,0.0002415042984957,0.00024805169269639997,0.00014637999294781818,HAR-RV (OLS)
24713,0.00019110137043102727,0.000311331659063125,0.0003642523469831,0.0003330476635680007,0.0002969905676826752,HAR-RV (OLS)
6925,0.00022326011109492056,0.00023406971915375,9.744528097803672e-05,0.00015568711966667355,0.00019810823645436846,HAR-RV (OLS)
24707,0.00025191229648639194,0.00018271596708542508,0.0001451840173387,0.00022304918954771537,0.00023091711222152772,HAR-RV (OLS)
16138,0.00044953052527996104,0.000583657522314325,0.0004055028130385,0.0005228184366695,0.0004750750405062313,HAR-RV (OLS)
27970,0.00018562732760045664,0.000137342621379875,0.0002095488860275,0.00018224849445910388,0.00014763740784141504,HAR-RV (OLS)
19444,0.0006229345973581858,0.00054466726914135,0.0002054673913938,0.00047312777226872005,0.0005138753492159375,HAR-RV (OLS)
32692,0.0003567717029009615,0.000270206413767575,0.0002638619426653,0.00030349684841410004,0.0003854694466249125,HAR-RV (OLS)
11597,0.00028078672806258883,0.0003382134754081,0.0006146801023676,0.0003517403361737358,0.0003186533979749112,HAR-RV (OLS)
14465,0.0003835352031388681,0.000306783645827475,0.0004679352213944,0.00040161578846942,0.0003101459453651105,HAR-RV (OLS)
16815,0.00044047686568783763,0.00030742743392140937,0.0003108613595234,0.00034022745964046,0.00036282137000860117,HAR-RV (OLS)
27481,0.0001489190687523155,0.00022135821862629958,6.661290892572607e-05,0.00020161807853577487,0.0002057499703482731,HAR-RV (OLS)
19267,0.0006737024459330264,0.00048411589173400003,0.0004881050533248,0.00059422764920762,0.0005777103473621125,HAR-RV (OLS)
1640,0.0005822268298203495,0.000562144322663225,0.0007216161762871,0.00050671330186282,0.00052821559785995,HAR-RV (OLS)
7309,0.0001725875884845149,0.0001882041154342619,7.69769698383381e-05,0.00012371533703853677,0.0001369936547052646,HAR-RV (OLS)
30325,0.00031869948469141264,0.000381443189110375,0.0004976011360796,0.00044555348331544003,0.00033637092103530684,HAR-RV (OLS)
26362,0.00024307681522101938,0.00032268544865872504,0.0002097469770086,0.00025016573566403994,0.00033528743886715,HAR-RV (OLS)
14995,0.00027210217955074827,0.00028219115910906717,0.0002706301801726,0.00024261141700204002,0.000263194044136725,HAR-RV (OLS)
5729,0.0005286088239131216,0.0002859919205082,0.000394462501329,0.00045951741321808,0.000426089182746675,HAR-RV (OLS)
30328,0.00031161799132967615,0.0002065563577259,0.0005610074293408,0.00039248988630134,0.00035857433146408124,HAR-RV (OLS)
22495,0.00029986295662651614,0.00019026947272942837,0.0001816487836974,0.00028517358198217995,0.0003210757218934875,HAR-RV (OLS)
8353,0.00036456583797422383,0.000303441723986925,0.0005600162122771,0.0003357762021165262,0.000330113449944745,HAR-RV (OLS)
22899,0.000466269472685202,0.000516902952629025,0.0006663412301351,0.00059389775845622,0.0005347495932202813,HAR-RV (OLS)
31242,0.0003204479821069726,0.00023487273863318918,0.0002761944680989,0.0003161422840998,0.00031533004433478124,HAR-RV (OLS)
13318,0.00043800632540827417,0.000338963936869825,0.0003927421536615,0.00040557471556565997,0.0004131217750934812,HAR-RV (OLS)
17421,0.0006334285053689113,0.000520101759292,0.0005342133938563,0.00060647451665226,0.0006617208106482943,HAR-RV (OLS)
3650,0.0002841097643977205,0.00037974936142682496,0.0002204308460654,0.00042905524291684,0.00031905467469138125,HAR-RV (OLS)
25015,0.000238690224232806,0.00015267225534673257,6.91117864957963e-05,0.00018605290465162352,0.00016528012235557133,HAR-RV (OLS)
26873,0.00044444171993571506,0.000554323719179525,0.0004664513174263,0.00040785904432332,0.0005097977527468563,HAR-RV (OLS)
4084,0.0003360065981224495,0.0005123121665827,0.0002926474413879,0.00033173051750408,0.00040829984548106877,HAR-RV (OLS)
13501,0.00034468150900149476,0.0003576556916992,0.000358618792307,0.00037750102364605997,0.0003925928837838625,HAR-RV (OLS)
6928,0.0005818494628432179,0.0004835719565036,0.0003440238779828,0.00050041561751164,0.000588560000767725,HAR-RV (OLS)
1551,0.0006380977928233476,0.000553314486941,0.0005987280223558,0.00038864411730078,0.00048195762524284375,HAR-RV (OLS)
22013,0.0005428001515860195,0.0003784398344723739,0.0003895467291004,0.00053281464865634,0.00046930120658875,HAR-RV (OLS)
11090,0.0004181171833870685,0.0003187914757359668,0.0005890275363741,0.00034629549294418004,0.000407018717197475,HAR-RV (OLS)
17191,0.0001258671279242143,0.00035057727610095,0.0002482401778271,0.0002945773992881,0.00032816984594295464,HAR-RV (OLS)
9302,7.811770623605e-05,0.0001391511908544867,4.888478862247592e-05,0.0001814702923764352,0.00017880408624545345,HAR-RV (OLS)
25234,0.0003975908311662057,0.0003145723152181972,0.0003022408080418,0.00035134549801982,0.00030116454799668636,HAR-RV (OLS)
27403,0.00011410442630229379,4.6975350495082085e-05,7.312864378826235e-05,8.96160697283674e-05,0.00010310752929934443,HAR-RV (OLS)
8271,0.00035945703313086007,0.000310024217654325,0.000155360584193,0.0003745858508075,0.0003761821468261375,HAR-RV (OLS)
25150,0.0006258059215111991,0.00044934302121669994,0.0009017981727141,0.0006565100276011601,0.0004787204062352,HAR-RV (OLS)
11941,0.0005090164292898599,0.000679391143060075,0.000570256796357,0.00045624339589918003,0.00047338441163292,HAR-RV (OLS)
2826,4.3183496273126675e-05,0.000385217021941375,0.0002073897805178,0.0004330239699386399,0.00033213951596832293,HAR-RV (OLS)
26720,0.00031747845451483804,0.00043985603351542505,0.0002025417684154,0.00030391276556664,0.00033505658452385653,HAR-RV (OLS)
22067,0.0007258738750041638,0.0008770434093796999,0.0007797736491786,0.00049061380436484,0.0005235533649636875,HAR-RV (OLS)
1481,0.00023674513012477273,9.614581542855723e-05,0.0002072096373141,0.0001652487059624097,0.00019321708685770937,HAR-RV (OLS)
28959,0.00028160241361172966,0.00018813995396148593,0.0002354170755785,0.00023747706025556,0.0003304569365323221,HAR-RV (OLS)
7775,0.0004766980113499286,0.0004310408392222,0.0005408675356422,0.0005117069665024399,0.000639145157932,HAR-RV (OLS)
21404,0.0006936757536502448,0.00047836504403876034,0.0006382022571365,0.0007935331924055799,0.0007192055806326811,HAR-RV (OLS)
27851,0.00027550016927930246,0.0002792345819851664,0.0003849347907916,0.0003888491973620334,0.00033949810447545415,HAR-RV (OLS)
20551,0.00013929209811457273,9.491683240430318e-05,6.816504293273126e-05,0.00016859718536541742,0.00015062687027637343,HAR-RV (OLS)
24259,0.0008149367389881385,0.000610660064074125,0.0012075465308344,0.00093761877206428,0.0009274266156091125,HAR-RV (OLS)
5910,0.0001480232750462746,0.00034284033958285,0.0004071183655345,0.00024568082326573723,0.000227196810243834,HAR-RV (OLS)
13861,0.00020990829925963617,0.00017565922284188123,0.0003561785553346,0.00023426276095326188,0.000210626822057376,HAR-RV (OLS)
10702,0.0007851747353721822,0.000333525286267375,0.0004764429453158,0.00055254459235526,0.0004650921227931687,HAR-RV (OLS)
18236,0.000728060804345241,0.00070759589276775,0.0009962923340731,0.00080713387406448,0.0007454483948784499,HAR-RV (OLS)
5173,0.0006431511259866718,0.0005567574418214001,0.0008576040380835,0.0007227021978192601,0.0006386085751616312,HAR-RV (OLS)
23500,0.0007865014186843634,0.000617275949374875,0.0008336488281594,0.0007022134669123,0.0006857311028896312,HAR-RV (OLS)
2018,0.0004026204243358471,0.00042052560333345,0.0003653176155664,0.00039862464621317996,0.00048019604823131874,HAR-RV (OLS)
25640,0.0008206253089534166,0.00050256395121625,0.0005091579484186,0.00045134240261724,0.0006079653508938,HAR-RV (OLS)
11508,0.0004157609619633223,0.000470484942464475,0.0005010357375075,0.00047872798503566005,0.0004462594575117625,HAR-RV (OLS)
22941,0.0006302838613638187,0.00043993477561580005,0.0006447381010739,0.00048322863974574004,0.0004600739960733,HAR-RV (OLS)
26798,6.690478627354503e-05,0.00023746227365790197,0.000338921881627,0.00025936646029405994,0.00022258078909896076,HAR-RV (OLS)
6483,0.0005003397557153027,0.000294618724781425,0.0002172281775709,0.00036777672017594,0.0004079346292166625,HAR-RV (OLS)
4449,0.00018207955592877364,0.000321230001781275,0.0001071214377191,0.00013033663952651784,0.00023883826847747726,HAR-RV (OLS)
23658,0.00044755839667562174,0.000317411358008775,0.0005288991099744,0.00035589539511452,0.0003974759672379625,HAR-RV (OLS)
23017,0.00031679930643708733,0.00017950147332927894,0.0002703249882444,0.00032912100864828004,0.0003034857040020187,HAR-RV (OLS)
27317,0.0005631156415152599,0.000586726096231725,0.0005759046547851,0.00053802851046004,0.0004820960168970687,HAR-RV (OLS)
29507,0.00036340048561141094,0.000281971445341775,0.0002196373672157,0.00029436257120390004,0.0004123216954902688,HAR-RV (OLS)
11041,0.00043549529224828795,0.0004092876602026,0.0005608740887406,0.00046575035333498005,0.0004753184697629813,HAR-RV (OLS)
20973,1e-08,0.0002261632603448,0.0005909745952521,0.00027393684933630936,0.00017636352298906825,HAR-RV (OLS)
22447,0.0003808773870217877,0.000366184135318325,0.0004911214574595,0.00039635049846116,0.0003725216972284978,HAR-RV (OLS)
218,0.00029660381310363265,0.0003852898296567,0.0002674350098547,0.00035524028468752,0.0002655203373708648,HAR-RV (OLS)
3431,0.00026891404675181236,0.0003090477925544069,0.0005741519913663,0.00037377722091008,0.0003299159430485,HAR-RV (OLS)
15798,0.0005292600227049127,0.00047935904258455,0.0006255838495851,0.00057766317984924,0.000500530220557525,HAR-RV (OLS)
30940,0.00036612635635095226,0.0003704150632684201,0.0001682161639837,0.00032396935871296,0.00035594595375736907,HAR-RV (OLS)
17210,0.0004504929214559865,0.00042273668130705,0.0004527840395815,0.0004205231772568999,0.000430943871068075,HAR-RV (OLS)
10321,0.0002965480377192188,0.00023489859092055,0.0002989270048151,0.00033741996489134,0.00031619967749222495,HAR-RV (OLS)
2876,0.0008308946706331228,0.0009189357197091,0.0007961406815522,0.0008730731523888799,0.0008089874438817625,HAR-RV (OLS)
1712,0.0001958785560136195,0.0003178690949029,3.881355675685328e-05,0.0001408447632485546,0.00015757865705297923,HAR-RV (OLS)
17707,0.00013907038217640904,0.00021114767924205636,0.0001564383222469,0.00022794371460725654,0.00021317077343034705,HAR-RV (OLS)
28541,0.00034693474431724686,0.0003519248685935,0.0003275462204308,0.00028452496793,0.000379295789833725,HAR-RV (OLS)
18072,0.00035553394420561636,0.00032451774458444995,7.711103920972603e-05,0.00038900103039678517,0.0003362681304909506,HAR-RV (OLS)
17999,3.5073555991152716e-05,0.0002549714654776633,4.7496531442944685e-05,4.886254593611691e-05,0.00011924261545938407,HAR-RV (OLS)
15448,0.00018985408494024585,0.00022156032020805336,8.995183244754317e-05,0.00040217597322124855,0.00035774949541758394,HAR-RV (OLS)
21367,0.0002989836506944152,0.000325441064085,0.000366981022727,0.00029963127948432,0.00030394828212849067,HAR-RV (OLS)
15757,0.0004034939814746744,0.00013233724435259944,0.0003927509853377,0.0001685769710699173,0.0002459498535496658,HAR-RV (OLS)
9914,0.00016467982680816058,0.0001541463676283912,0.0002838864920004,0.00019465648378182485,0.0001712537072175127,HAR-RV (OLS)
16240,0.0006519296313935723,0.00045980393316465,0.0007447195568386,0.00064262456677154,0.0005549159359176188,HAR-RV (OLS)
1875,7.510157784277975e-05,0.00013051314058087915,6.959269265109861e-05,0.00018215528919168287,0.00016810381968281242,HAR-RV (OLS)
26955,0.0006637518385862254,0.00056055687026355,0.0005642234601666,0.0006351281075940201,0.0006725058432266564,HAR-RV (OLS)
6356,0.0004919894880007302,0.000736460548235,0.0005388885126507,0.00048816771831265997,0.0005072584665342687,HAR-RV (OLS)
26786,0.0006600292943970301,0.00032595389220377497,0.0003975118491206,0.0003835468332829,0.0004130465332869675,HAR-RV (OLS)
5620,0.0006051706257621377,0.0006777269349558001,0.0006373848754512,0.0006105415824671,0.0007484970531293438,HAR-RV (OLS)
6528,0.00047139802375401215,0.0005551202808934,0.0002850915807653,0.00050559380110028,0.0005434300973397562,HAR-RV (OLS)
27784,3.071792881664511e-05,0.0001574630122784992,1.738775831691246e-05,3.404633086738532e-05,0.00010498089760892823,HAR-RV (OLS)
17355,0.00010972591080782534,0.0002204492376030624,5.5291415186165616e-05,0.00013243173565539703,0.00016376570494067684,HAR-RV (OLS)
30177,0.0002725459544663214,0.000286244740655025,0.0003304272814709,0.0002476625016199782,0.0002667670900896409,HAR-RV (OLS)
21716,0.0002497042314360675,0.00024184926875957832,0.0002650217595627,0.00011944699440909963,0.000210905254010835,HAR-RV (OLS)
14547,0.0005597669933046661,0.0005345627336431501,0.0004183215282875,0.00054317599372846,0.0005576666206935938,HAR-RV (OLS)
4004,0.0006268689988396277,0.000669395810585975,0.0005986456211213,0.0006423375838102799,0.0007052217392596999,HAR-RV (OLS)
2908,0.00033174265508544286,0.00011932557700430286,0.0001454544396691,0.0002789397189059,0.0002734508145125482,HAR-RV (OLS)
29171,0.000637306087191527,0.0004036267941068,0.0005562579965134,0.00061460036611778,0.0006357001379554625,HAR-RV (OLS)
14297,0.00018649081918398316,0.0002885033344560425,0.0002204129188155,0.00020651935673892,0.00013382242882862462,HAR-RV (OLS)
15633,0.0005458643698082299,0.000528600829315725,0.0005741314251031,0.0005872182613744401,0.0005607972483825563,HAR-RV (OLS)
12584,0.0007440855398337897,0.000905842843478925,0.0006087564165323,0.00071767168874938,0.0008892857104907189,HAR-RV (OLS)
2479,0.00028423215748603353,0.0002295578763552,0.0001917417746784,0.00014880597341113057,0.0001669673160833093,HAR-RV (OLS)
6941,0.0004211772457454983,0.000512256471096375,0.0003810124965486,0.00048952529382514,0.0004720764260451437,HAR-RV (OLS)
23624,0.00020141022528705714,0.00013512566847197321,4.947244114601002e-05,9.422083872368464e-05,0.00018697076546666315,HAR-RV (OLS)
4787,0.000513105394984643,0.0002964154621859276,0.0003852847211242,0.00048157031875141997,0.00048190038052975626,HAR-RV (OLS)
13269,0.00052226365879798,0.00067187073713815,0.0004619811387713,0.00103427943697024,0.0008633285454539313,HAR-RV (OLS)
12840,0.0007809018847008502,0.00069879575441375,0.000679221305489,0.00071900978034034,0.0006491595928825437,HAR-RV (OLS)
9037,0.00028406755414551684,0.00014086548206295135,0.0003103855395906,0.00027075745115134,0.0002273157506435506,HAR-RV (OLS)
7122,0.00017029928221812832,0.0001702262091259557,0.0001188373003228,0.00022919142965688,0.00018853256720497102,HAR-RV (OLS)
18912,0.00043097767100798987,0.00032170619167375,0.0005256222828579,0.00043321372663072,0.0003485776127412625,HAR-RV (OLS)
27534,0.0005674270482726245,0.000441815144086175,0.0004084906754747,0.00049314467051716,0.0005280603958242125,HAR-RV (OLS)
25309,0.0005517638912145883,0.0005105749243041251,0.0002347762460401,0.00036463767698516,0.0003976201175269938,HAR-RV (OLS)
11111,0.00019492962938346412,0.00022273610124247503,0.0002460851995286,0.00019936409451141055,0.00026367440952768453,HAR-RV (OLS)
17194,0.00027921550953396925,0.000304626786300125,0.0005763222619157,0.00035439878316536005,0.0003547718726274125,HAR-RV (OLS)
5056,0.0003922283898090441,0.0008350682972736751,0.0003832128027168,0.00037643751817344006,0.00039022911508756873,HAR-RV (OLS)
16733,0.00010501068572534364,0.00015653607252612744,7.763700119753123e-05,0.00020870829649890623,0.00016874913518814472,HAR-RV (OLS)
19434,0.00016591299618355762,0.00010142444742317073,4.6294967790734055e-05,0.00016925593645862055,0.00016358312229041775,HAR-RV (OLS)
1011,0.0008908161582827457,0.00023278348365538435,0.0008517495169539,0.0004217809311955,0.0003181665993203023,HAR-RV (OLS)
27978,0.000567144878571818,0.0009205328311694499,0.0008090052703426,0.00035257204456674,0.0003712443211965375,HAR-RV (OLS)
4209,9.630054904886996e-05,0.000246372313956748,6.735241363602506e-05,0.00015948680578371728,0.00019511953668597,HAR-RV (OLS)
15008,0.0007119980298027997,0.0004996500534240499,0.0005805077446341,0.00054606017882978,0.0005251285660152188,HAR-RV (OLS)
29375,0.00014948163969186895,0.0001328684690551492,5.0545305674438863e-05,0.00011932377562765665,0.0001653264639905109,HAR-RV (OLS)
20063,0.0002381873414919061,0.00040949601447847503,0.0002163783504175,0.00021145008941384,0.00027426180720873126,HAR-RV (OLS)
29568,1.6117243718451408e-05,0.00018595734905189757,4.96892760953684e-05,0.0001909290585835348,0.0001526322692928796,HAR-RV (OLS)
4723,0.0006447136174465183,0.0005050397849581,0.0005719465202017,0.0006025291137796401,0.0006556124528830688,HAR-RV (OLS)
8664,0.00036959650458501996,0.00029096452668735877,0.0003439303621117,0.00037139720531159995,0.00037658661857755,HAR-RV (OLS)
10849,0.0004909529462087299,0.000332810195954,0.0003970475800951,0.00048308961845391993,0.0004639499546059875,HAR-RV (OLS)
1363,0.0003232542303309385,0.000351926208456125,0.0001674370215275,0.00025077515679469405,0.0003099446127566016,HAR-RV (OLS)
12930,0.0005419522914855508,0.000766356554490475,0.000556717397762,0.0007650506611663999,0.0006888849479681313,HAR-RV (OLS)
31415,0.0006223008521525112,0.00037748374744215,0.0006453716258187,0.00041184339505279994,0.0003479259175373495,HAR-RV (OLS)
19385,0.00025465109311999923,0.00017506967432945493,0.0002940872440215,0.00028868787556654004,0.00022201181021500982,HAR-RV (OLS)
14572,0.0003881218750147763,0.00022040757430584842,0.0002100993696205,0.00032125744503082,0.00045033042213754376,HAR-RV (OLS)
6325,0.0002664562307138289,0.0003785604100427,0.0001104385439801,0.00025505522624422,0.00034198942965008125,HAR-RV (OLS)
24728,0.00048321170441297597,0.000471668758630425,0.0003342855076818,0.00044103795626092003,0.0003940570548998688,HAR-RV (OLS)
12021,0.0002467066685151669,0.0001146627301116054,0.000259662598523,0.00023883160424215997,0.00024535267862295623,HAR-RV (OLS)
14016,0.0002449114067465967,0.0004004123608378,0.0003607440005508,0.00046928164458486,0.00048410108453394995,HAR-RV (OLS)
28527,0.0005319661818164031,0.000325757898745575,0.0006801938205619,0.00035191748654926,0.00044392622929855625,HAR-RV (OLS)
25367,0.00016790234259566749,0.0002590180492248,0.0001349509277545,0.00015460452664027037,0.00016459785976140695,HAR-RV (OLS)
28839,0.0005226539242780701,0.000431523456469275,0.0006214723665172,0.0005453202659019,0.0006325686340790563,HAR-RV (OLS)
32631,0.00029849520889928396,0.0003669941608519734,0.0002571789263495,0.00030908208249024,0.0002886508645108933,HAR-RV (OLS)
11898,0.0006645293746277375,0.0005506594611328,0.000682613278906,0.0005634100129108999,0.0006542388716216563,HAR-RV (OLS)
19476,0.00027493959512644105,0.00023070802596942498,0.0001074652016668,0.00024097583475701998,0.000264108777444576,HAR-RV (OLS)
20678,0.0006694498811862413,0.0007414810106654501,0.0005338520796148,0.00075109983408578,0.0007579939187330688,HAR-RV (OLS)
27092,0.0004391676368539824,0.000637823914898975,0.0002027141901705,0.00039399037192032005,0.0005657530120310563,HAR-RV (OLS)
8583,0.0005175336873036252,0.000556303936541175,0.0005553394414696,0.0004985054296625,0.0005162688594104125,HAR-RV (OLS)
13662,0.00013644712583819017,0.00029542862370699185,4.834441008537492e-05,0.00018764747729353883,0.00035154203079732464,HAR-RV (OLS)
28022,0.00029754867045536627,0.000250019981296975,0.0002929653002287,0.00027223511811922004,0.0003561820895588375,HAR-RV (OLS)
11120,0.00010099194572723097,0.00019353944389200925,2.8209109973634813e-05,6.294431952266947e-05,9.755029704426252e-05,HAR-RV (OLS)
21744,0.0002946179748651856,0.00023235220858867898,0.000323680138748,0.0002779297261807273,0.00032551400818518956,HAR-RV (OLS)
10899,0.0005564215506238029,0.00044760430290775,0.0005931062998835,0.0005099569432724199,0.000502220900210225,HAR-RV (OLS)
25580,0.0003904717125986447,0.00020076461250022315,0.0002422228042836,0.00030505278317642,0.0003075612622188375,HAR-RV (OLS)
436,0.0003263293283131785,0.000322203797187025,0.0003160557588211,0.00024244428495429998,0.0003648993898812937,HAR-RV (OLS)
27019,0.0002566628495737823,0.000260955253089725,0.0004783561167142,0.00026598470702746,0.00022233820068277344,HAR-RV (OLS)
5218,0.0001763370103357503,0.00016626334691660546,0.0004445363013281,0.00052038273264904,0.00043355278015540005,HAR-RV (OLS)
11655,0.0006188519108206995,0.000437265457136725,0.0004850425056839,0.00049594036229014,0.0005440695374045,HAR-RV (OLS)
26375,0.000528282513739113,0.0004871470998068,0.0008582314938899,0.0007601744266953601,0.0007016358446418437,HAR-RV (OLS)
21466,0.00027319383372459373,0.00031457531552789997,0.000140429067435,0.00022833943669077996,0.0002027893171767098,HAR-RV (OLS)
13822,0.0002637172677433183,0.000317567462425175,0.0002218345337669,0.00032669562838088005,0.00040675086749020624,HAR-RV (OLS)
23195,0.000314362401287233,0.00029000221173655,0.0003737302279315,0.00028032396999942005,0.00031337229246155,HAR-RV (OLS)
8590,0.0001572814966124976,0.000215854172198142,0.0003078946971351,0.00012153941243794307,0.0002369276056466201,HAR-RV (OLS)
32547,0.0002508386010269647,0.00014816115105752145,3.514531422792573e-05,7.443880118153973e-05,0.00010914385931183033,HAR-RV (OLS)
17885,0.0004988330768380055,0.00046808483503765,0.000393580347568,0.0005369759426604,0.0005339166055415125,HAR-RV (OLS)
12279,0.0002013356723871205,7.846640590595127e-05,0.0001330659480325,0.0002469962536750203,0.0002700682756334116,HAR-RV (OLS)
29246,0.00024046202994780827,0.000212942006361525,0.0002759552595173,0.00028373678474282,0.00026232260421537744,HAR-RV (OLS)
32654,0.00032864024967664746,0.000429734939418075,0.0003524969563549,0.00040105499081794004,0.00032443709996903144,HAR-RV (OLS)
14077,0.00018059271821454516,0.00022207331467472184,6.93896645201439e-05,0.00016372124599741826,0.00021000647866438747,HAR-RV (OLS)
9518,9.438843990002872e-05,0.00014969130344193976,4.207144891586315e-05,5.7387831739006476e-05,0.00010476065547120554,HAR-RV (OLS)
4385,0.00031950993134886765,0.0002573699540049889,0.0004123032723718,0.00035753961427412,0.0003675118521482625,HAR-RV (OLS)
8776,0.0008503723615676181,0.0005454812688493249,0.0004746238698056,0.00039429371209730326,0.0005464893720261698,HAR-RV (OLS)
17987,0.0010965160582683904,0.00067959299448085,0.0011166299534312,0.0008427522403242598,0.0005420928965867938,HAR-RV (OLS)
26005,0.0006991208785222343,0.0005440570238584501,0.0006509313148147,0.00056303591289634,0.0005727349962011312,HAR-RV (OLS)
1991,0.0004363708050919017,0.0001653768795348,0.0003785740655527,0.00029417500274394,0.00036061492480025,HAR-RV (OLS)
25668,0.0006042970161925403,0.0005231833242885,0.00053518477117,0.00070640042206694,0.0006555646798485313,HAR-RV (OLS)
21136,0.0009702944204205103,0.00111227248397495,0.0008452287157739,0.0011818953039405,0.0012083798829128811,HAR-RV (OLS)
6390,0.0005627966333215503,0.00050294624500975,0.0005931988756947,0.00065099581173316,0.0005602504767210374,HAR-RV (OLS)
12408,0.0006473534039831798,0.00049767690238165,0.000406325395417,0.00051667945282118,0.0005675918662521938,HAR-RV (OLS)
22355,0.00023332295406197732,0.00013763995511386278,0.0003406422073281,0.00019247250439475777,0.00019887070649905438,HAR-RV (OLS)
14070,0.000772771179932857,0.0007165442475453999,0.0007681564692535,0.00079997235517856,0.0010624226389376,HAR-RV (OLS)
29592,0.000507745206979068,0.00044931504650990003,0.0003309797715108,0.00045590874793394003,0.00046989106996176875,HAR-RV (OLS)
4557,0.00014980141481279823,9.54408799947423e-05,0.0001048267079564,0.00015625490664960222,0.0002038834578184506,HAR-RV (OLS)
3957,0.0002770353177262211,0.000314822115731875,0.0002706635068478,0.00035376810912556,0.0003339033394288937,HAR-RV (OLS)
8441,0.0007829207869467485,0.000773613707282975,0.0007888826879092,0.0006904662531436,0.0008307641381940124,HAR-RV (OLS)
9972,0.00040382281887427874,0.000326378328315475,0.0001025475952386,0.00028188432188728,0.000342861747968275,HAR-RV (OLS)
6463,0.0008263869592154162,0.0005582349760069,0.0007005623180031,0.00069395347073036,0.00075575119232455,HAR-RV (OLS)
12949,0.00031953433647882213,0.0001709074052107098,0.0002184240533459,0.00032161945245688,0.00029586101656121336,HAR-RV (OLS)
2254,0.00011072322558294318,0.0002119091996407,0.0001787220020941,0.00015229079692252184,0.00015951307784051205,HAR-RV (OLS)
23136,0.00046194123073769447,0.000490403457623825,0.0004806060525669,0.00048600552427092005,0.00048093848070994996,HAR-RV (OLS)
18012,0.00027629954229960386,0.0002182037005591684,0.0004181774279496,0.0002067458482930194,0.00022784921936639982,HAR-RV (OLS)
16614,0.00028453958197861064,0.000311787390901825,0.000474001620621,0.0003311995565526,0.0003428260275407125,HAR-RV (OLS)
1870,0.0004669017110453746,0.00030753109042445,0.0002830071523864,0.00025057249013436,0.00034751979837998123,HAR-RV (OLS)
20234,0.00024265285910929433,0.00044467929686915,0.0003946671026936,0.00020042290932943997,0.00017903300451022606,HAR-RV (OLS)
25176,0.00014567388120246817,6.149552710354294e-05,0.0001122237824999,0.00015340934201352278,0.00018128591104819755,HAR-RV (OLS)
13362,0.00038327194722151555,0.00045747681597072497,0.0004626990635371,0.00037744321690685997,0.00025047665231638707,HAR-RV (OLS)
7478,0.0006599190232040321,0.000701993078750025,0.0008421194496827,0.0006297685416010799,0.0007279941974955062,HAR-RV (OLS)
13821,0.0005242068791159114,0.00039979440338619996,0.0003112238590615,0.00048691522657845997,0.00041541258818809376,HAR-RV (OLS)
29608,0.0003039824933393207,0.000327109955533975,0.0002919287286292,0.00036231461531654,0.0003083581748395687,HAR-RV (OLS)
22117,0.0003657143010510212,0.00016070581733257502,0.0002544847909002,0.0003482137810828832,0.00036178460309074366,HAR-RV (OLS)
12535,0.0002024158223459503,0.00019761090908876537,0.0001598157787383,0.00013990393901519083,0.00016976069402257213,HAR-RV (OLS)
12760,0.00018624648050369775,0.00027189828799772497,0.000605895497125,0.00022822693740671144,0.00019319491095528258,HAR-RV (OLS)
10559,0.0004368139748415563,0.0002659530202361338,0.0004326686153054,0.00046687947570446,0.0003819922106263,HAR-RV (OLS)
2444,0.00030081410448162604,0.0001895171940269,0.0002840194567025,0.00033157946731414,0.00034253842153385,HAR-RV (OLS)
8009,0.0002203177298382722,0.0001985368860726352,0.0002547012461042,0.0002489531547545744,0.00033273327919444826,HAR-RV (OLS)
1215,0.0025959455833542517,0.0012203166843417499,0.0015779043575749,0.0007984740981189401,0.0005615305925328374,HAR-RV (OLS)
25751,0.00017465765982903109,0.00012079415887174564,4.848861798726349e-05,0.0001607308255271727,0.0002699306539604102,HAR-RV (OLS)
7194,0.00016625471564839494,0.00013356834222653997,3.605816840128044e-05,0.00011196122481014945,0.00013430535086701045,HAR-RV (OLS)
31351,8.820688075366657e-05,0.00016011267782723977,0.0001015893088552,0.00013529451057932846,0.00017556309198646532,HAR-RV (OLS)
26062,7.121256783668064e-05,0.0002606263741506,7.459471179634681e-05,0.00025898991504142934,0.00024656974806800823,HAR-RV (OLS)
30609,0.0004684449846816469,0.00035104577689044995,0.0004002346036359,0.00053627048230546,0.00047729733242383125,HAR-RV (OLS)
22695,0.00039209201221513204,0.000423838643253825,0.0003127547511305,0.00039689655591542,0.0003769750342009437,HAR-RV (OLS)
10530,0.00033047070322331186,0.000394627622410275,0.0008613761631922,0.00042031163217484,0.0004296035408967938,HAR-RV (OLS)
