time_id,AIC,BIC,converged,stationary,alpha,beta,model
5,36.534966734903165,41.49131814261863,True,True,0.0,0.8133674531782782,"GJR-GARCH(1,1,1)-t"
11,11.74373261782589,16.700084025541358,True,True,0.1303417904750054,0.19580157769966874,"GJR-GARCH(1,1,1)-t"
16,6.858023586089047,11.814374993804517,True,True,1.3455795159287135e-16,0.12740955969578402,"GJR-GARCH(1,1,1)-t"
62,1.7874460988911594,6.743797506606629,True,True,4.046430455844526e-15,0.9797172100963957,"GJR-GARCH(1,1,1)-t"
72,36.44415003076211,41.400501438477576,True,True,0.8912161336481171,7.751122686341673e-17,"GJR-GARCH(1,1,1)-t"
97,22.926089428357514,27.882440836072984,True,False,3.328292602345531e-18,0.9999991638199919,"GJR-GARCH(1,1,1)-t"
103,33.892039026487225,38.84839043420269,True,True,0.0,0.5511929824172143,"GJR-GARCH(1,1,1)-t"
109,-2.3454572749299203,2.6108941327855497,True,True,1.0766961608519037e-14,1.981561850929566e-14,"GJR-GARCH(1,1,1)-t"
123,-2.25431333842063,2.70203806929484,True,False,1.0,0.0,"GJR-GARCH(1,1,1)-t"
128,8.785452002937658,13.741803410653128,True,True,1.7184818160038753e-15,0.6958617308365311,"GJR-GARCH(1,1,1)-t"
146,45.98189851653253,50.938249924248,True,True,1.5753653710222588e-12,0.829597053026109,"GJR-GARCH(1,1,1)-t"
147,-5.212122707037633,-0.2557712993221628,True,True,2.9727855168805705e-14,0.8436964463661842,"GJR-GARCH(1,1,1)-t"
152,-0.9943775466751017,3.9619738610403683,True,True,5.728899086435262e-14,8.696114867637894e-13,"GJR-GARCH(1,1,1)-t"
157,24.650244461401627,29.606595869117093,True,False,1.0,0.5000000015308201,"GJR-GARCH(1,1,1)-t"
159,-17.23154687167758,-12.27519546396211,True,True,5.977252667893848e-14,0.6949305336641269,"GJR-GARCH(1,1,1)-t"
169,22.956043639007788,27.912395046723258,True,False,0.0,1.0,"GJR-GARCH(1,1,1)-t"
207,43.50696237292965,48.46331378064512,True,False,6.08487270231082e-21,1.0,"GJR-GARCH(1,1,1)-t"
211,-14.62366469162679,-9.66731328391132,True,True,1.8796677989863623e-15,0.7111463224506761,"GJR-GARCH(1,1,1)-t"
213,9.48644210966408,14.44279351737955,True,True,0.0,0.9704950991727108,"GJR-GARCH(1,1,1)-t"
218,-24.37737715011035,-19.421025742394878,True,False,0.0,1.0,"GJR-GARCH(1,1,1)-t"
227,18.791360751379404,23.747712159094874,True,False,0.9999999999996843,0.08722541630255372,"GJR-GARCH(1,1,1)-t"
229,-5.429959203502861,-0.473607795787391,True,False,0.3728054991776861,0.7939669232176175,"GJR-GARCH(1,1,1)-t"
232,-11.346849938518687,-6.390498530803217,True,True,8.196881250886229e-14,0.8792477308244909,"GJR-GARCH(1,1,1)-t"
250,8.149833340866987,13.106184748582457,True,False,0.9999999999991356,1.6731948449955282e-13,"GJR-GARCH(1,1,1)-t"
254,39.238293250053246,44.19464465776872,True,False,2.0950028389870344e-09,1.0,"GJR-GARCH(1,1,1)-t"
256,-5.209078957075008,-0.25272754935953756,True,True,7.534109580271843e-09,0.0,"GJR-GARCH(1,1,1)-t"
266,5.027736444749454,9.984087852464924,True,False,0.9999999999999323,0.4752843008170296,"GJR-GARCH(1,1,1)-t"
273,2.80740969263136,7.76376110034683,True,False,0.5853629355376629,0.6457918751323501,"GJR-GARCH(1,1,1)-t"
289,-0.3955331685137633,4.560818239201707,True,True,3.676888738032452e-15,0.06289513069471295,"GJR-GARCH(1,1,1)-t"
297,-18.465358121538586,-13.509006713823116,True,True,6.934631897853731e-18,2.855890811066318e-17,"GJR-GARCH(1,1,1)-t"
303,38.74192487794766,43.69827628566313,True,True,0.20510994751985148,1.7866551761310252e-13,"GJR-GARCH(1,1,1)-t"
309,19.565836272237316,24.522187679952786,True,False,0.0,1.0,"GJR-GARCH(1,1,1)-t"
310,40.92181909554095,45.87817050325641,True,True,1.1121528512303954e-16,0.84937135520899,"GJR-GARCH(1,1,1)-t"
317,0.6929838108160524,5.649335218531522,True,True,0.27466785763392515,0.1077831780663859,"GJR-GARCH(1,1,1)-t"
319,-10.626726562894444,-5.670375155178974,True,True,0.7073804848942977,2.434784512597711e-13,"GJR-GARCH(1,1,1)-t"
325,-4.706193119037106,0.25015828867836376,True,True,0.0,0.980018230412222,"GJR-GARCH(1,1,1)-t"
326,41.18020401891806,46.13655542663353,True,False,0.7595818407017045,0.5639844592644693,"GJR-GARCH(1,1,1)-t"
335,11.43770744728793,16.3940588550034,True,True,0.17209904844041182,4.782765975084527e-15,"GJR-GARCH(1,1,1)-t"
337,12.994704838961104,17.951056246676572,True,True,0.7597230184646161,1.2443842711790452e-13,"GJR-GARCH(1,1,1)-t"
358,30.18296509340576,35.13931650112123,True,True,0.0,1.4194201478754375e-13,"GJR-GARCH(1,1,1)-t"
371,17.359190101517658,22.315541509233128,True,True,2.734272406755934e-17,0.9637530837375694,"GJR-GARCH(1,1,1)-t"
373,36.24898872015521,41.205340127870684,True,True,7.691252896636008e-15,0.6291274436372976,"GJR-GARCH(1,1,1)-t"
380,2.8184401752538957,7.774791582969366,True,False,0.8595779602155174,0.24020603073642144,"GJR-GARCH(1,1,1)-t"
381,-2.6715152606275296,2.2848361470879404,True,False,0.0,1.0,"GJR-GARCH(1,1,1)-t"
411,4.198116000362937,9.154467408078407,True,False,2.089532793397837e-16,0.9999999999999997,"GJR-GARCH(1,1,1)-t"
420,27.698161820568252,32.65451322828372,True,True,3.0025682526840543e-20,1.0295402325109713e-19,"GJR-GARCH(1,1,1)-t"
424,36.27196716830949,41.22831857602496,True,False,3.419310977726447e-15,0.9999999999999855,"GJR-GARCH(1,1,1)-t"
427,56.45046617377973,61.406817581495204,True,True,4.355707143955194e-15,0.9843306817585349,"GJR-GARCH(1,1,1)-t"
436,-2.667279114609027,2.289072293106443,True,False,0.21627804092330488,0.891860979538349,"GJR-GARCH(1,1,1)-t"
438,-4.635205665819775,0.32114574189569467,True,True,9.855478248894412e-10,3.728408944380614e-08,"GJR-GARCH(1,1,1)-t"
454,-1.9484761999906173,3.0078752077248527,True,True,3.325011482797563e-11,7.510665452723499e-09,"GJR-GARCH(1,1,1)-t"
465,-9.616518057549488,-4.660166649834018,True,True,0.0,0.0,"GJR-GARCH(1,1,1)-t"
468,-2.8674742676375686,2.0888771400779014,True,True,0.0,0.0,"GJR-GARCH(1,1,1)-t"
487,44.32029900263003,49.276650410345496,True,True,3.49478128815567e-09,0.9903961009946333,"GJR-GARCH(1,1,1)-t"
493,16.884883691011844,21.84123509872731,True,True,0.0,0.6615274228216725,"GJR-GARCH(1,1,1)-t"
506,25.55403727627904,30.510388683994506,True,True,0.0,0.8524805951980335,"GJR-GARCH(1,1,1)-t"
535,1.2001947783110438,6.156546186026514,True,True,3.052579464269197e-13,0.8546924709265986,"GJR-GARCH(1,1,1)-t"
536,29.13461390336355,34.09096531107902,True,True,0.0,0.8608072335407275,"GJR-GARCH(1,1,1)-t"
539,5.896325007665659,10.85267641538113,True,True,8.732980776666793e-13,0.8117100357928518,"GJR-GARCH(1,1,1)-t"
545,-8.38260738836598,-3.4262559806505095,True,False,1.0,0.3208200135977285,"GJR-GARCH(1,1,1)-t"
554,-3.7912616015327707,1.1650898061826993,True,True,5.715037962315404e-11,4.7016857141342857e-11,"GJR-GARCH(1,1,1)-t"
568,-16.410114642023796,-11.453763234308326,True,True,0.0,0.675843224087126,"GJR-GARCH(1,1,1)-t"
579,24.381505856669122,29.33785726438459,True,True,4.2192450196549215e-14,0.4966373625979233,"GJR-GARCH(1,1,1)-t"
589,24.179866679342737,29.13621808705821,True,True,5.103618652538819e-14,0.9781731272712229,"GJR-GARCH(1,1,1)-t"
591,-5.774040185137693,-0.817688777422223,True,False,0.9999999999609673,3.207428929081883e-11,"GJR-GARCH(1,1,1)-t"
595,-15.654145774665782,-10.697794366950312,True,True,0.0,0.9601825779073164,"GJR-GARCH(1,1,1)-t"
611,14.463348677045364,19.419700084760834,True,False,0.7687946589578964,0.43829824975085735,"GJR-GARCH(1,1,1)-t"
618,22.139383908245158,27.095735315960628,True,False,0.0,1.0,"GJR-GARCH(1,1,1)-t"
627,-18.24165356818436,-13.285302160468891,True,True,1.887585978020677e-17,0.7639008823361507,"GJR-GARCH(1,1,1)-t"
633,12.369816435440601,17.32616784315607,True,True,0.0,0.40630928198390637,"GJR-GARCH(1,1,1)-t"
640,40.571020988941974,45.52737239665744,True,True,1.8546250907333776e-13,3.5682054081473914e-15,"GJR-GARCH(1,1,1)-t"
646,-10.712532160486568,-5.7561807527710975,True,True,6.5287891068424315e-15,0.544803071175962,"GJR-GARCH(1,1,1)-t"
650,0.4601120576427178,5.416463465358188,True,True,0.39093235429343404,8.898051750289455e-20,"GJR-GARCH(1,1,1)-t"
652,-9.83961224771371,-4.88326083999824,True,False,4.8657665805655925e-11,0.9999999999278691,"GJR-GARCH(1,1,1)-t"
659,4.126830263223791,9.083181670939261,True,True,1.493448169829779e-12,0.3859506374177096,"GJR-GARCH(1,1,1)-t"
675,42.24781920482555,47.20417061254101,True,True,3.0302671206909964e-15,0.9485061801096335,"GJR-GARCH(1,1,1)-t"
697,4.793428968132769,9.749780375848239,True,True,0.4799715874955476,0.04964378292881268,"GJR-GARCH(1,1,1)-t"
709,55.30936462478656,60.26571603250203,True,False,0.9999999999708101,8.340122127997243e-12,"GJR-GARCH(1,1,1)-t"
725,33.21299208977237,38.16934349748784,True,True,2.234376647158411e-24,0.8103990170675068,"GJR-GARCH(1,1,1)-t"
728,30.18789564077831,35.14424704849378,True,True,0.0,0.0,"GJR-GARCH(1,1,1)-t"
735,34.53732089763038,39.493672305345854,True,True,2.542172467446467e-14,0.7837195512714422,"GJR-GARCH(1,1,1)-t"
745,7.242776852235636,12.199128259951106,True,False,0.9999999999999992,0.24149711322606537,"GJR-GARCH(1,1,1)-t"
746,15.903289483181727,20.859640890897197,True,True,0.6009512516425601,0.06669223452858149,"GJR-GARCH(1,1,1)-t"
748,19.445990691994545,24.402342099710015,True,True,2.9431819334460713e-15,0.9383748523355734,"GJR-GARCH(1,1,1)-t"
753,-6.245920827832627,-1.2895694201171573,True,True,0.023409372072849544,0.03238126331145524,"GJR-GARCH(1,1,1)-t"
785,60.92976307053127,65.88611447824674,True,False,0.9999999999999832,5.021156889088643e-13,"GJR-GARCH(1,1,1)-t"
817,11.088535047810698,16.044886455526168,True,True,1.647715526466132e-13,0.9701327555067117,"GJR-GARCH(1,1,1)-t"
840,2.918175894460994,7.874527302176464,True,False,0.0,1.0,"GJR-GARCH(1,1,1)-t"
841,12.277960683692882,17.234312091408352,True,True,6.0922689443317955e-15,0.8990050207881856,"GJR-GARCH(1,1,1)-t"
852,3.63976834545819,8.59611975317366,True,True,1.1968010246593328e-15,0.8265043696784987,"GJR-GARCH(1,1,1)-t"
854,30.340088815328148,35.29644022304362,True,True,0.2532727816019015,5.443183815979558e-12,"GJR-GARCH(1,1,1)-t"
868,53.19027957397712,58.146630981692596,True,False,0.0,1.0,"GJR-GARCH(1,1,1)-t"
886,68.161636497449,73.11798790516447,True,True,0.07906144951946342,0.032371409485873734,"GJR-GARCH(1,1,1)-t"
895,19.924822605224065,24.881174012939532,True,True,0.0,0.0,"GJR-GARCH(1,1,1)-t"
904,11.973219192461354,16.929570600176824,True,True,3.880419640335198e-15,0.9598323178942147,"GJR-GARCH(1,1,1)-t"
908,-5.5464941174923545,-0.5901427097768845,True,True,0.635960765281203,0.19380015340727808,"GJR-GARCH(1,1,1)-t"
947,1.6939693234885862,6.650320731204056,True,True,9.793736553571294e-13,0.7618540141058779,"GJR-GARCH(1,1,1)-t"
951,26.529208469607077,31.48555987732255,True,True,2.6761164795352602e-14,0.9549264941755675,"GJR-GARCH(1,1,1)-t"
957,22.427952345280346,27.384303752995816,True,True,1.0057543051518883e-15,0.9317610368975497,"GJR-GARCH(1,1,1)-t"
969,42.00366323057855,46.96001463829403,True,True,0.206221592028785,0.6013656891144099,"GJR-GARCH(1,1,1)-t"
985,3.180518359585365,8.136869767300835,True,True,1.3005243532487218e-14,0.0,"GJR-GARCH(1,1,1)-t"
991,2.994275506491233,7.950626914206703,True,True,7.621712142783135e-11,0.8158425072858508,"GJR-GARCH(1,1,1)-t"
1000,3.44828238111827,8.40463378883374,True,True,1.3226892208760323e-15,6.0765846168103796e-15,"GJR-GARCH(1,1,1)-t"
1011,-4.0472730087328905,0.9090783989825795,True,False,4.620055480526278e-19,0.9999999999934072,"GJR-GARCH(1,1,1)-t"
1016,-8.57616817470263,-3.61981676698716,True,True,6.140587470562031e-17,0.9832660442923176,"GJR-GARCH(1,1,1)-t"
1020,-5.180356399446044,-0.22400499173057398,True,True,0.5097768597174773,0.03926259080472801,"GJR-GARCH(1,1,1)-t"
1022,-15.505598245397643,-10.549246837682173,True,False,0.9999999999999104,0.4475536236631519,"GJR-GARCH(1,1,1)-t"
1028,20.812173429631866,25.768524837347336,True,True,0.11607083874728578,1.3358791068081834e-16,"GJR-GARCH(1,1,1)-t"
1037,9.446457473484012,14.402808881199482,True,False,1.0,0.18737171504358605,"GJR-GARCH(1,1,1)-t"
1040,-2.9693754816096884,1.9869759261057816,True,False,3.310719969074886e-15,0.99999999999999,"GJR-GARCH(1,1,1)-t"
1057,0.7459857935722205,5.7023372012876905,True,True,4.621808338462042e-15,0.6946862558247147,"GJR-GARCH(1,1,1)-t"
1063,40.13216190153946,45.08851330925493,True,False,0.2601374577021018,0.8699312711453445,"GJR-GARCH(1,1,1)-t"
1070,18.901048301717818,23.857399709433288,True,True,3.1781773624095443e-13,0.7422638271052505,"GJR-GARCH(1,1,1)-t"
1075,16.072097341751494,21.028448749466964,True,True,1.0365157812989255e-12,0.9123026126957597,"GJR-GARCH(1,1,1)-t"
1100,-7.358639727164974,-2.4022883194495037,True,True,0.3278432310373624,0.1504862105849494,"GJR-GARCH(1,1,1)-t"
1107,6.087108478473953,11.043459886189423,True,True,0.0,0.9710193793751133,"GJR-GARCH(1,1,1)-t"
1119,0.9842302836860242,5.940581691401494,True,True,0.0184408418322237,0.9518673232724665,"GJR-GARCH(1,1,1)-t"
1125,19.065704305264642,24.022055712980112,True,True,4.215612411648603e-12,1.0033458588162476e-10,"GJR-GARCH(1,1,1)-t"
1128,15.69560666008362,20.65195806779909,True,True,1.1103664207893714e-13,0.9537234818755359,"GJR-GARCH(1,1,1)-t"
1135,37.87786027474759,42.834211682463064,True,True,0.0,0.9916641951547271,"GJR-GARCH(1,1,1)-t"
1142,10.299200562937688,15.255551970653158,True,True,0.0,0.36539255066982806,"GJR-GARCH(1,1,1)-t"
1149,4.988388564595219,9.944739972310689,True,True,7.78383967117308e-11,0.37420242913765084,"GJR-GARCH(1,1,1)-t"
1158,7.862367703731399,12.81871911144687,True,False,1.0,0.0,"GJR-GARCH(1,1,1)-t"
1161,30.523377244426307,35.47972865214177,True,True,3.269301260853625e-13,0.8006110393060187,"GJR-GARCH(1,1,1)-t"
1173,18.461811453797903,23.418162861513373,True,True,0.0,0.6358565470426385,"GJR-GARCH(1,1,1)-t"
1176,14.274968532101566,19.231319939817034,True,False,1.0400565213645812e-18,1.0,"GJR-GARCH(1,1,1)-t"
1178,-9.713984730891518,-4.757633323176048,True,True,0.0,0.652340490583299,"GJR-GARCH(1,1,1)-t"
1191,42.78171898783011,47.73807039554558,True,True,2.24198298965261e-25,3.550040539476083e-25,"GJR-GARCH(1,1,1)-t"
1198,21.43108576109278,26.38743716880825,True,True,3.7910519687978584e-15,0.7196229746887515,"GJR-GARCH(1,1,1)-t"
1205,32.38681377871513,37.343165186430596,True,True,0.0,0.0,"GJR-GARCH(1,1,1)-t"
1209,43.96723621171326,48.92358761942873,True,True,1.7253338624653928e-12,5.0361875345105115e-12,"GJR-GARCH(1,1,1)-t"
1213,6.993529875850372,11.949881283565842,True,True,5.90443323832342e-15,6.598695313196364e-16,"GJR-GARCH(1,1,1)-t"
1215,28.373369650082445,33.32972105779792,True,True,4.0176638363751755e-15,0.9305802773874395,"GJR-GARCH(1,1,1)-t"
1219,0.8513940197695398,5.80774542748501,True,True,3.4086783862675227e-16,0.0,"GJR-GARCH(1,1,1)-t"
1227,10.694800782339922,15.651152190055392,True,True,0.0,0.9874275053432836,"GJR-GARCH(1,1,1)-t"
1235,-13.478705765270764,-8.522354357555294,True,True,6.58899557397774e-12,0.9759412340955972,"GJR-GARCH(1,1,1)-t"
1239,,,False,False,,,"GJR-GARCH(1,1,1)-t"
1242,9.014674784009916,13.971026191725386,True,False,0.0,0.9999999999996759,"GJR-GARCH(1,1,1)-t"
1247,-23.534806298010686,-18.578454890295216,True,False,0.6592522203746568,0.39308841591467336,"GJR-GARCH(1,1,1)-t"
1249,-11.441467288917963,-6.485115881202493,True,True,4.9168093015047885e-12,0.635463078831712,"GJR-GARCH(1,1,1)-t"
1255,-5.9718564005387265,-1.0155049928232565,True,False,0.7924388787761393,0.24811189764344851,"GJR-GARCH(1,1,1)-t"
1264,21.4404000546432,26.39675146235867,True,True,0.1287440053155283,9.149489104353191e-15,"GJR-GARCH(1,1,1)-t"
1269,18.598931276066395,23.55528268378187,True,True,0.0,0.07470223263355324,"GJR-GARCH(1,1,1)-t"
1273,28.92073816147733,33.877089569192805,True,True,8.695508112683395e-16,0.9863291072685618,"GJR-GARCH(1,1,1)-t"
1274,-3.623693038535947,1.3326583691795229,True,True,2.5523420042882167e-13,0.8710222972474638,"GJR-GARCH(1,1,1)-t"
1280,24.227723042049924,29.18407444976539,True,True,0.0,0.20934646126748657,"GJR-GARCH(1,1,1)-t"
1289,-3.51880127457747,1.437550133138,True,True,0.0587198769790635,0.2868900892741171,"GJR-GARCH(1,1,1)-t"
1291,51.67130538474231,56.627656792457785,True,True,0.0,0.9983535015335685,"GJR-GARCH(1,1,1)-t"
1292,-12.29957082317835,-7.34321941546288,True,True,2.5084686455704074e-16,3.345347939350296e-16,"GJR-GARCH(1,1,1)-t"
1302,-3.404480705296372,1.551870702419098,True,True,0.3201397109791589,8.053074913918314e-13,"GJR-GARCH(1,1,1)-t"
1310,-14.479821689096273,-9.523470281380803,True,True,1.5224809179161005e-14,0.289386083822468,"GJR-GARCH(1,1,1)-t"
1321,23.187642319951408,28.14399372766688,True,True,1.5491221276262255e-12,0.9429410292663811,"GJR-GARCH(1,1,1)-t"
1322,19.75542512089439,24.71177652860986,True,True,4.058910788221654e-13,0.7650303936441081,"GJR-GARCH(1,1,1)-t"
1326,-6.758341460252094,-1.801990052536624,True,True,2.740585150608418e-15,0.0,"GJR-GARCH(1,1,1)-t"
1348,19.070305854634785,24.026657262350255,True,True,4.953177228623508e-11,0.8440499869641725,"GJR-GARCH(1,1,1)-t"
1350,14.960207768085718,19.91655917580119,True,True,8.747378256251338e-13,0.9826264864980975,"GJR-GARCH(1,1,1)-t"
1359,43.85353919139965,48.80989059911512,True,True,0.0,0.0,"GJR-GARCH(1,1,1)-t"
1363,-6.309175060244499,-1.352823652529029,True,False,0.05130002076472246,0.9743499896176416,"GJR-GARCH(1,1,1)-t"
1365,-10.712073818846239,-5.755722411130769,True,True,1.1222892917536145e-10,1.3876788311583227e-10,"GJR-GARCH(1,1,1)-t"
1377,-10.337545568435011,-5.3811941607195415,True,True,2.7701298729383763e-15,0.6996127702113528,"GJR-GARCH(1,1,1)-t"
1380,18.512037561409088,23.468388969124558,True,False,1.0318853261044019e-16,0.9999999999999998,"GJR-GARCH(1,1,1)-t"
1392,19.107237403975322,24.063588811690792,True,True,0.07994927091283126,4.9694606538287014e-17,"GJR-GARCH(1,1,1)-t"
1404,8.81470718201469,13.77105858973016,True,False,0.0,0.999993987529647,"GJR-GARCH(1,1,1)-t"
1408,-0.8729080523036892,4.083443355411781,True,False,2.876803036261512e-14,0.9999999999999178,"GJR-GARCH(1,1,1)-t"
1416,-7.43874011205569,-2.48238870434022,True,True,5.936974175073793e-16,0.0,"GJR-GARCH(1,1,1)-t"
1417,14.781788700949857,19.738140108665327,True,False,0.0,1.0,"GJR-GARCH(1,1,1)-t"
1427,0.5312980230081301,5.4876494307236,True,True,1.5434835396493881e-15,0.0,"GJR-GARCH(1,1,1)-t"
1430,2.032426536124902,6.988777943840372,True,True,0.2831476539378362,3.788410567030566e-09,"GJR-GARCH(1,1,1)-t"
1433,16.239710424446955,21.196061832162425,True,True,5.476475330139558e-13,0.9389032889257037,"GJR-GARCH(1,1,1)-t"
1459,26.737407668310393,31.693759076025863,True,True,4.1114910860377046e-15,0.9265019088304653,"GJR-GARCH(1,1,1)-t"
1462,20.842228863187483,25.798580270902953,True,True,6.270991832940347e-16,6.195588412561655e-16,"GJR-GARCH(1,1,1)-t"
1463,34.24218249505613,39.198533902771594,True,False,1.0,2.554669762493877e-16,"GJR-GARCH(1,1,1)-t"
1464,12.414955311147324,17.371306718862794,True,True,7.02119873422629e-11,0.9768265997035455,"GJR-GARCH(1,1,1)-t"
1468,22.013280130643217,26.969631538358687,True,True,0.0,0.0,"GJR-GARCH(1,1,1)-t"
1471,33.694362646437256,38.65071405415273,True,True,5.780344306633597e-14,0.9707475889153462,"GJR-GARCH(1,1,1)-t"
1477,5.180278000845883,10.136629408561353,True,True,7.584691520033344e-15,0.8734548044570074,"GJR-GARCH(1,1,1)-t"
1481,-16.14522850990623,-11.188877102190759,True,True,2.1714469985478326e-14,5.363086051268411e-14,"GJR-GARCH(1,1,1)-t"
1501,-0.7774625124466521,4.178888895268818,True,True,7.061823005855423e-14,0.8962245666815258,"GJR-GARCH(1,1,1)-t"
1513,-3.6147530811968522,1.3415983265186178,True,True,0.0,0.881665090692345,"GJR-GARCH(1,1,1)-t"
1521,33.04999040246341,38.00634181017888,True,True,2.2278155855507158e-13,0.5441317853694162,"GJR-GARCH(1,1,1)-t"
1524,42.50317723909681,47.459528646812274,True,True,0.7962006222397868,3.937545092327254e-10,"GJR-GARCH(1,1,1)-t"
1529,13.362073618326649,18.31842502604212,True,True,0.0,0.0,"GJR-GARCH(1,1,1)-t"
1532,0.9976981334040786,5.954049541119549,True,True,3.3732994595358805e-14,0.9818693569702512,"GJR-GARCH(1,1,1)-t"
1536,11.973089869588852,16.929441277304324,True,True,6.171545419478595e-14,0.6140993961934528,"GJR-GARCH(1,1,1)-t"
1541,36.51167615652459,41.46802756424006,True,False,0.692345277830841,0.6538273610845808,"GJR-GARCH(1,1,1)-t"
1544,-0.5163032795866087,4.440048128128861,True,True,4.654926212235622e-15,0.7455625909494434,"GJR-GARCH(1,1,1)-t"
1551,7.264278334264526,12.220629741979996,True,True,0.0,4.6869457837520095e-17,"GJR-GARCH(1,1,1)-t"
1563,18.297024303235986,23.253375710951453,True,False,0.9999999999999999,0.5000000000000001,"GJR-GARCH(1,1,1)-t"
1565,45.58465292404274,50.54100433175821,True,True,0.7728584205896887,8.70073956287979e-14,"GJR-GARCH(1,1,1)-t"
1581,14.051429105803274,19.007780513518746,True,True,0.0,0.9265858793123322,"GJR-GARCH(1,1,1)-t"
1587,-4.924494440687024,0.03185696702844609,True,False,9.794317463462278e-14,1.0,"GJR-GARCH(1,1,1)-t"
1600,20.09949604843395,25.05584745614942,True,False,0.0,0.9999999999999969,"GJR-GARCH(1,1,1)-t"
1640,10.376385695415163,15.332737103130633,True,True,0.0,0.29050259004743706,"GJR-GARCH(1,1,1)-t"
1651,-13.88513734570913,-8.92878593799366,True,True,0.9178017518680893,1.7749632541815524e-15,"GJR-GARCH(1,1,1)-t"
1658,2.486073932367212,7.442425340082682,True,False,1.0,0.0,"GJR-GARCH(1,1,1)-t"
1663,-5.081033421188749,-0.12468201347327934,True,True,1.5680731203868495e-12,0.9694036869000352,"GJR-GARCH(1,1,1)-t"
1674,16.35188156141173,21.308232969127204,True,True,7.895309532276423e-13,0.0,"GJR-GARCH(1,1,1)-t"
1676,-17.883536349487976,-12.927184941772506,True,True,0.0,0.5016877907821511,"GJR-GARCH(1,1,1)-t"
1688,33.937991929521374,38.89434333723685,True,True,8.565460875711216e-15,0.43899971089670736,"GJR-GARCH(1,1,1)-t"
1707,19.70051112198574,24.65686252970121,True,True,0.10258019737263482,5.447669669334863e-19,"GJR-GARCH(1,1,1)-t"
1712,0.15273136020650924,5.109082767921979,True,False,0.276284921948371,0.7860345339178931,"GJR-GARCH(1,1,1)-t"
1719,25.651127285247554,30.607478692963028,True,True,1.9857039801036926e-11,0.9740517846044484,"GJR-GARCH(1,1,1)-t"
1722,60.05424924799673,65.0106006557122,True,True,0.0,0.9807915591642483,"GJR-GARCH(1,1,1)-t"
1728,13.803789235858174,18.760140643573642,True,True,1.522010733207788e-16,2.163688430072315e-15,"GJR-GARCH(1,1,1)-t"
1744,36.95995519316344,41.91630660087891,True,True,8.252472359764608e-14,0.9785236352113456,"GJR-GARCH(1,1,1)-t"
1747,-19.249431830964248,-14.293080423248778,True,True,3.6152606298294543e-16,1.4610972021282584e-16,"GJR-GARCH(1,1,1)-t"
1761,46.20068347802054,51.15703488573601,True,True,0.0,0.9623936778813106,"GJR-GARCH(1,1,1)-t"
1787,-4.164350158785773,0.7920012489296973,True,True,0.0,0.657561324967524,"GJR-GARCH(1,1,1)-t"
1789,-15.885909954978818,-10.929558547263348,True,False,1.010702169355974e-15,0.9999999999999991,"GJR-GARCH(1,1,1)-t"
1797,29.956270511863778,34.91262191957925,True,False,1.1121058823591013e-15,0.9999999999999899,"GJR-GARCH(1,1,1)-t"
1810,-10.577555825182781,-5.621204417467311,True,True,0.41177452972148687,0.13405964688925806,"GJR-GARCH(1,1,1)-t"
1813,54.90519298827483,59.86154439599029,True,False,1.0,1.0199392936996896e-18,"GJR-GARCH(1,1,1)-t"
1816,72.23345662892861,77.18980803664408,True,True,4.118425862044329e-17,0.89737304034756,"GJR-GARCH(1,1,1)-t"
1820,4.017687820915253,8.974039228630723,True,False,1.0,5.1231734496859566e-18,"GJR-GARCH(1,1,1)-t"
1822,-4.699369469566289,0.25698193814918113,True,True,0.06580985404629874,0.5838085383469875,"GJR-GARCH(1,1,1)-t"
1823,59.78611421922108,64.74246562693655,True,True,3.3335576897956217e-18,0.1781140386505164,"GJR-GARCH(1,1,1)-t"
1826,-11.811936690247816,-6.855585282532346,True,False,0.9996089333506986,1.2872977452003837e-15,"GJR-GARCH(1,1,1)-t"
1827,42.69772703306848,47.65407844078395,True,True,1.5765302246787693e-15,0.49259479920408533,"GJR-GARCH(1,1,1)-t"
1841,13.20053080931231,18.15688221702778,True,True,1.3569486425045045e-15,5.265310893947606e-10,"GJR-GARCH(1,1,1)-t"
1862,16.051001634047864,21.007353041763334,True,True,0.09820242342650232,0.5408397102273316,"GJR-GARCH(1,1,1)-t"
1866,46.872887243216404,51.82923865093187,True,False,7.495342132980864e-15,0.999999999999991,"GJR-GARCH(1,1,1)-t"
1870,2.9408870477887987,7.897238455504269,True,True,2.6751346956190287e-15,0.8979231276096276,"GJR-GARCH(1,1,1)-t"
1875,-5.7938322147856525,-0.8374808070701825,True,True,6.613277365980833e-09,0.9713788566135153,"GJR-GARCH(1,1,1)-t"
1876,-8.194800673771343,-3.2384492660558735,True,True,8.260494493594636e-20,0.9959540103278278,"GJR-GARCH(1,1,1)-t"
1879,25.440808077305903,30.397159485021376,True,True,0.0,0.7025326754742925,"GJR-GARCH(1,1,1)-t"
1890,5.4338470112175425,10.390198418933013,True,True,0.7577222558125878,5.0188605322473686e-12,"GJR-GARCH(1,1,1)-t"
1904,-2.8103230747097996,2.1460283330056704,True,True,0.0,1.521673351137549e-16,"GJR-GARCH(1,1,1)-t"
1909,2.528542105011809,7.484893512727279,True,True,0.0,6.11810604018796e-13,"GJR-GARCH(1,1,1)-t"
1920,-3.0844826749629632,1.8718687327525068,True,True,1.8551213358204038e-14,0.9869932082706692,"GJR-GARCH(1,1,1)-t"
1923,-15.048390307679156,-10.092038899963686,True,True,3.361664241584741e-12,3.4837447075613163e-12,"GJR-GARCH(1,1,1)-t"
1930,20.799539049484995,25.755890457200465,True,True,5.776709568399172e-11,0.7449502976869141,"GJR-GARCH(1,1,1)-t"
1938,-1.0807905271677676,3.8755608805477024,True,True,0.19755728419636295,0.4794115522472058,"GJR-GARCH(1,1,1)-t"
1946,23.356969348362192,28.313320756077662,True,True,2.1850483037965014e-14,0.0946319475838483,"GJR-GARCH(1,1,1)-t"
1948,20.74653103683343,25.702882444548898,True,True,6.183127674479675e-20,4.338150159094422e-18,"GJR-GARCH(1,1,1)-t"
1956,-10.03334780468516,-5.07699639696969,True,True,0.0,0.9622890296670007,"GJR-GARCH(1,1,1)-t"
1962,-8.493355496233256,-3.5370040885177865,True,True,0.0,6.12509436732666e-20,"GJR-GARCH(1,1,1)-t"
1980,48.72937249513267,53.68572390284814,True,True,6.380892036392039e-15,0.9246847189853888,"GJR-GARCH(1,1,1)-t"
1981,33.19506117347535,38.151412581190826,True,False,0.9999999999999365,2.7912414814650596e-15,"GJR-GARCH(1,1,1)-t"
1991,21.82442746731096,26.78077887502643,True,False,0.0,1.0,"GJR-GARCH(1,1,1)-t"
1998,25.05601979799452,30.01237120570999,True,True,3.371171860353552e-13,2.8560586603531562e-11,"GJR-GARCH(1,1,1)-t"
2000,-0.5918602839484564,4.364491123767014,True,False,0.9999999999999963,4.805297687008327e-15,"GJR-GARCH(1,1,1)-t"
2006,2.2926654018035553,7.249016809519025,True,True,2.2428146150921632e-10,1.921849880016992e-11,"GJR-GARCH(1,1,1)-t"
2010,3.8626910299014945,8.819042437616964,True,True,0.9134047329250093,1.724118869609956e-08,"GJR-GARCH(1,1,1)-t"
2014,-8.431440949266424,-3.475089541550954,True,False,6.121336846948607e-15,1.0,"GJR-GARCH(1,1,1)-t"
2018,7.250987512215518,12.207338919930988,True,True,0.2375218970771822,4.801721636953889e-12,"GJR-GARCH(1,1,1)-t"
2027,36.56288669168869,41.51923809940416,True,True,3.9289432858616017e-17,0.18127213152597332,"GJR-GARCH(1,1,1)-t"
2037,22.662041993988126,27.6183934017036,True,False,6.13864133943883e-13,0.9999999999983693,"GJR-GARCH(1,1,1)-t"
2046,-34.29725955629047,-29.340908148575,True,True,0.02949931112799466,0.6903319003786744,"GJR-GARCH(1,1,1)-t"
2058,18.986498300808556,23.942849708524022,True,False,0.9999999999999651,2.3748692157428208e-14,"GJR-GARCH(1,1,1)-t"
2075,25.094154378456164,30.050505786171634,True,True,0.0,0.8255850025241435,"GJR-GARCH(1,1,1)-t"
2076,8.032558862563121,12.988910270278591,True,True,1.4626205672254823e-14,1.2697420213336028e-14,"GJR-GARCH(1,1,1)-t"
2077,59.454271657240625,64.4106230649561,True,True,5.255035352237427e-19,0.9626184912816402,"GJR-GARCH(1,1,1)-t"
2085,-6.852494986735568,-1.896143579020098,True,False,5.910825192310691e-19,1.0,"GJR-GARCH(1,1,1)-t"
2086,15.347126227285846,20.303477635001315,True,False,1.4149760768721162e-14,1.0,"GJR-GARCH(1,1,1)-t"
2088,-6.928293991119734,-1.9719425834042639,True,False,1.0,0.0,"GJR-GARCH(1,1,1)-t"
2102,7.848485983356909,12.804837391072379,True,True,0.2164891407619248,4.390545810432104e-15,"GJR-GARCH(1,1,1)-t"
2104,22.635666926017628,27.5920183337331,True,True,1.4776875956385488e-12,0.0,"GJR-GARCH(1,1,1)-t"
2109,20.98529545588294,25.94164686359841,True,False,0.9999999999999691,1.230739228909196e-14,"GJR-GARCH(1,1,1)-t"
2117,-14.69013512847431,-9.73378372075884,True,True,2.40268111242936e-16,0.3771492182775858,"GJR-GARCH(1,1,1)-t"
2118,11.680871781907658,16.63722318962313,True,True,0.0,0.0,"GJR-GARCH(1,1,1)-t"
2119,-9.612539530835654,-4.6561881231201845,True,True,0.5704667345519768,5.4532240414354736e-17,"GJR-GARCH(1,1,1)-t"
2136,28.630508591156726,33.5868599988722,True,True,0.26664004985097256,1.0850531777498665e-15,"GJR-GARCH(1,1,1)-t"
2139,5.2474713923494,10.20382280006487,True,True,0.0,0.9893249281231976,"GJR-GARCH(1,1,1)-t"
2146,40.234848671596666,45.19120007931213,True,True,0.0,0.0,"GJR-GARCH(1,1,1)-t"
2169,-0.050122126259021016,4.906229281456449,True,True,0.026036958377387943,9.152813461812331e-15,"GJR-GARCH(1,1,1)-t"
2170,-6.18451192998365,-1.2281605222681797,True,True,0.24591979503596736,5.102658279019146e-15,"GJR-GARCH(1,1,1)-t"
2172,17.21670178620851,22.17305319392398,True,True,0.08026295631585822,4.209137998330143e-14,"GJR-GARCH(1,1,1)-t"
2174,22.87115664560421,27.82750805331968,True,True,5.281263478523704e-15,0.8653875944485866,"GJR-GARCH(1,1,1)-t"
2178,50.43291826753624,55.38926967525171,True,True,0.14692330895308733,0.7869248544839101,"GJR-GARCH(1,1,1)-t"
2181,-3.522604426849629,1.4337469808658412,True,True,1.5185666861293138e-12,0.0,"GJR-GARCH(1,1,1)-t"
2183,-2.5975444717655876,2.3588069359498824,True,True,1.4261917922993345e-13,0.7547557561476465,"GJR-GARCH(1,1,1)-t"
2184,-5.513748091002093,-0.5573966832866226,True,True,2.2242662592086178e-14,0.5727650396031067,"GJR-GARCH(1,1,1)-t"
2185,-12.545806761174127,-7.589455353458657,True,False,0.7135836234570496,0.489425823050181,"GJR-GARCH(1,1,1)-t"
2193,-6.145469445767873,-1.1891180380524027,True,True,9.803169034439713e-15,0.7570983279878972,"GJR-GARCH(1,1,1)-t"
2196,13.248231547461279,18.204582955176747,True,True,1.1859889498982973e-10,0.9396412138779208,"GJR-GARCH(1,1,1)-t"
2197,67.48003436295593,72.4363857706714,True,True,1.1167045297946791e-13,0.6569012654071349,"GJR-GARCH(1,1,1)-t"
2199,8.07206666418423,13.0284180718997,True,False,0.0,0.9999999999997952,"GJR-GARCH(1,1,1)-t"
2213,-12.410184469460251,-7.453833061744781,True,True,7.51666013706125e-15,0.6794809326605463,"GJR-GARCH(1,1,1)-t"
2219,-15.816764217933645,-10.860412810218175,True,True,4.3522220882745505e-11,0.9189456516016759,"GJR-GARCH(1,1,1)-t"
2239,-11.73257050867998,-6.776219100964511,True,True,0.13751803809564467,3.8811531157416546e-13,"GJR-GARCH(1,1,1)-t"
2254,-11.498121251903886,-6.541769844188416,True,False,0.9999999999993513,3.0419475375849727e-13,"GJR-GARCH(1,1,1)-t"
2259,-12.267376079566116,-7.311024671850646,True,True,3.2231881967871274e-20,1.4532221939940564e-14,"GJR-GARCH(1,1,1)-t"
2267,-1.0032251527741138,3.953126254941356,True,True,3.271970799458009e-11,0.9172846929118839,"GJR-GARCH(1,1,1)-t"
2293,10.088496829839066,15.044848237554536,True,False,0.0,1.0,"GJR-GARCH(1,1,1)-t"
2303,13.980966235084178,18.93731764279965,True,True,7.803437658706819e-15,1.3301146725828195e-13,"GJR-GARCH(1,1,1)-t"
2312,5.259246570316565,10.215597978032035,True,True,6.350140693533618e-10,0.9635634397433592,"GJR-GARCH(1,1,1)-t"
2329,1.8838574358002234,6.840208843515693,True,True,0.0,0.9016033170494987,"GJR-GARCH(1,1,1)-t"
2331,19.383029015114722,24.339380422830196,True,False,0.0,1.0,"GJR-GARCH(1,1,1)-t"
2353,-19.196958464126325,-14.240607056410855,True,True,7.598561799045427e-13,0.9619260707104174,"GJR-GARCH(1,1,1)-t"
2366,10.333684080056393,15.290035487771863,True,True,3.385472939099374e-16,1.4018820067107183e-15,"GJR-GARCH(1,1,1)-t"
2374,18.96577204540766,23.92212345312313,True,True,1.208452090714595e-18,0.9230019466880676,"GJR-GARCH(1,1,1)-t"
2385,-2.756766787373106,2.199584620342364,True,True,7.213659691930869e-16,0.04519159811696935,"GJR-GARCH(1,1,1)-t"
2390,3.602951806183267,8.559303213898737,True,False,0.0,0.9999999999999949,"GJR-GARCH(1,1,1)-t"
2392,12.77019512573991,17.72654653345538,True,True,2.3237511061192216e-14,0.3554641482150822,"GJR-GARCH(1,1,1)-t"
2410,45.45942771393622,50.415779121651696,True,True,2.498215487891457e-09,0.9896107657350638,"GJR-GARCH(1,1,1)-t"
2415,13.659020193423721,18.61537160113919,True,True,2.17620674596694e-15,0.5497339799392252,"GJR-GARCH(1,1,1)-t"
2424,2.2493060166130263,7.205657424328496,True,True,1.1345218694982131e-16,0.6468098815431245,"GJR-GARCH(1,1,1)-t"
2433,20.573704757503307,25.530056165218777,True,False,6.722869324367658e-16,0.9999999999999999,"GJR-GARCH(1,1,1)-t"
2436,-21.586313044942585,-16.629961637227115,True,True,0.7457210599315934,0.0,"GJR-GARCH(1,1,1)-t"
2439,54.51852184975314,59.474873257468616,True,True,7.422222697198075e-19,0.7353979012480241,"GJR-GARCH(1,1,1)-t"
2440,26.316459179928444,31.272810587643917,True,True,5.560540221260448e-16,1.4417134980990965e-14,"GJR-GARCH(1,1,1)-t"
2444,4.44770155800957,9.40405296572504,True,False,0.725778201414389,0.4961003582600608,"GJR-GARCH(1,1,1)-t"
2447,-0.3559894103828256,4.600361997332644,True,True,0.012064946249659257,0.9716300461669786,"GJR-GARCH(1,1,1)-t"
2458,48.21816722680915,53.17451863452462,True,True,3.4558247133026727e-16,0.7436945395699929,"GJR-GARCH(1,1,1)-t"
2463,-7.678666233870704,-2.722314826155234,True,True,0.0,0.0,"GJR-GARCH(1,1,1)-t"
2466,7.254174937071468,12.210526344786938,True,True,2.333017424680967e-14,2.2575922518402168e-14,"GJR-GARCH(1,1,1)-t"
2468,11.851923034970076,16.808274442685544,True,True,9.368442485066881e-19,0.0,"GJR-GARCH(1,1,1)-t"
2479,-2.92852406022698,2.02782734748849,True,True,2.5039008492476956e-13,0.8885558215991387,"GJR-GARCH(1,1,1)-t"
2489,-17.14344250991888,-12.18709110220341,True,True,0.0,0.8129365332019141,"GJR-GARCH(1,1,1)-t"
2491,-1.8394833205779868,3.116868087137483,True,False,2.850567276655762e-19,1.0,"GJR-GARCH(1,1,1)-t"
2502,2.646921577481855,7.603272985197325,True,True,0.0,0.0,"GJR-GARCH(1,1,1)-t"
2507,9.886832870635969,14.843184278351439,True,True,1.5687414616184413e-15,4.968404039701533e-14,"GJR-GARCH(1,1,1)-t"
2510,2.5263354364247554,7.4826868441402254,True,True,0.0,0.4150387642301513,"GJR-GARCH(1,1,1)-t"
2525,20.00478367239605,24.961135080111525,True,True,3.2822557613030552e-15,0.974412386868421,"GJR-GARCH(1,1,1)-t"
2534,22.664651886132624,27.621003293848098,True,True,0.0,0.3447859224823954,"GJR-GARCH(1,1,1)-t"
2545,10.507335077831609,15.463686485547079,True,True,1.8712582967224067e-15,0.9878056199987049,"GJR-GARCH(1,1,1)-t"
2553,31.982223362347433,36.9385747700629,True,True,0.46751308803363634,0.2744889214357707,"GJR-GARCH(1,1,1)-t"
2559,-13.64260023921975,-8.68624883150428,True,True,1.0694270978231572e-12,1.6185801484101692e-12,"GJR-GARCH(1,1,1)-t"
2566,39.646771820284286,44.60312322799976,True,True,4.495717415618065e-15,8.327404598478449e-14,"GJR-GARCH(1,1,1)-t"
2567,8.600313313791366,13.556664721506836,True,False,1.0,0.0,"GJR-GARCH(1,1,1)-t"
2568,0.844177792147331,5.800529199862801,True,True,0.0,0.780367878992969,"GJR-GARCH(1,1,1)-t"
2573,-9.153511252232544,-4.197159844517074,True,True,1.6776014232177053e-20,0.7437800739401363,"GJR-GARCH(1,1,1)-t"
2582,-0.11171859561869901,4.844632812096771,True,True,2.0072751312273763e-15,0.7730302872181871,"GJR-GARCH(1,1,1)-t"
2591,42.200416717624925,47.15676812534039,True,True,0.0,0.0,"GJR-GARCH(1,1,1)-t"
2593,26.233169715359708,31.189521123075178,True,True,1.866812195115059e-15,0.813187021710464,"GJR-GARCH(1,1,1)-t"
2600,-6.7819765265935885,-1.8256251188781185,True,True,2.8156157701964655e-13,0.5946594482131091,"GJR-GARCH(1,1,1)-t"
2631,-2.79073584093414,2.16561556678133,True,True,4.461090201914152e-08,1.7359361807471268e-06,"GJR-GARCH(1,1,1)-t"
2643,41.740919748697664,46.69727115641314,True,True,1.8344480665521646e-14,0.7261868848928527,"GJR-GARCH(1,1,1)-t"
2644,20.541953980778565,25.498305388494035,True,True,0.10865335917867945,4.216130675401589e-15,"GJR-GARCH(1,1,1)-t"
2656,14.340982560747463,19.297333968462933,True,False,0.0,1.0,"GJR-GARCH(1,1,1)-t"
2657,3.081148254650852,8.037499662366322,True,True,0.31942898890741855,6.370375554708263e-13,"GJR-GARCH(1,1,1)-t"
2659,15.568496324628944,20.524847732344412,True,True,2.8894137477001457e-13,0.8139849032474147,"GJR-GARCH(1,1,1)-t"
2683,35.630260824090016,40.58661223180549,True,True,4.769325857539038e-15,1.4315606842403307e-15,"GJR-GARCH(1,1,1)-t"
2709,-1.382710994737545,3.573640412977925,True,False,1.0,0.0,"GJR-GARCH(1,1,1)-t"
2711,1.3382272779854354,6.294578685700905,True,False,0.9999999998907804,0.460557160721353,"GJR-GARCH(1,1,1)-t"
2717,34.52577828317345,39.48212969088892,True,True,0.3537389173754045,0.0,"GJR-GARCH(1,1,1)-t"
2718,62.64198080257502,67.5983322102905,True,True,0.0,0.97238313119763,"GJR-GARCH(1,1,1)-t"
2740,-16.73406958333963,-11.777718175624159,True,False,4.518944952207522e-15,0.9999999999999969,"GJR-GARCH(1,1,1)-t"
2748,7.432340933876679,12.388692341592149,True,True,0.27956875896626077,1.786523344037276e-16,"GJR-GARCH(1,1,1)-t"
2758,-13.45409786999037,-8.4977464622749,True,True,7.758010706878289e-19,0.10324832591396604,"GJR-GARCH(1,1,1)-t"
2772,8.54749795899977,13.50384936671524,True,True,0.19676860030162455,1.1369101862507436e-20,"GJR-GARCH(1,1,1)-t"
2780,25.41331152277348,30.36966293048895,True,False,1.199455866058385e-14,0.9999999999973993,"GJR-GARCH(1,1,1)-t"
2782,11.047888848652633,16.004240256368103,True,False,4.4900045784807363e-13,0.9999999999953889,"GJR-GARCH(1,1,1)-t"
2803,34.57248025911149,39.52883166682696,True,True,0.0,0.9285666181178107,"GJR-GARCH(1,1,1)-t"
2811,-8.91859553858341,-3.9622441308679406,True,True,0.35004016836379287,0.25645429080766546,"GJR-GARCH(1,1,1)-t"
2826,-20.33431157486301,-15.377960167147538,True,False,1.0,0.0,"GJR-GARCH(1,1,1)-t"
2833,-0.41861374465079493,4.537737663064675,True,True,0.748010462555851,0.0,"GJR-GARCH(1,1,1)-t"
2844,-3.5042624755918084,1.4520889321236616,True,False,1.2931648442173798e-21,1.0,"GJR-GARCH(1,1,1)-t"
2846,26.95025677732849,31.90660818504396,True,True,1.7155453656644959e-18,0.3105466308312426,"GJR-GARCH(1,1,1)-t"
2867,24.630173909521858,29.586525317237328,True,True,5.479908713150373e-15,0.6302885077819407,"GJR-GARCH(1,1,1)-t"
2876,21.641817029098004,26.598168436813474,True,True,5.918906405082223e-15,0.0,"GJR-GARCH(1,1,1)-t"
2881,12.484870477186126,17.441221884901598,True,True,0.5788225036886234,0.0,"GJR-GARCH(1,1,1)-t"
2883,-11.534922908302562,-6.578571500587092,True,True,1.783488025318551e-19,1.9813866694690894e-19,"GJR-GARCH(1,1,1)-t"
2891,-7.190419910180847,-2.2340685024653766,True,True,2.624164039119596e-16,0.2714919806774239,"GJR-GARCH(1,1,1)-t"
2892,7.261979866034673,12.218331273750142,True,True,0.0,0.0,"GJR-GARCH(1,1,1)-t"
2893,16.295375576580646,21.25172698429612,True,False,1.8989271891703017e-13,0.9999999999997224,"GJR-GARCH(1,1,1)-t"
2902,13.628557680892255,18.584909088607724,True,True,8.33127219187116e-15,0.744690124080704,"GJR-GARCH(1,1,1)-t"
2903,14.85674140115576,19.81309280887123,True,True,0.0,0.9836071986748018,"GJR-GARCH(1,1,1)-t"
2908,-2.4118194641714936,2.5445319435439764,True,True,0.0,0.9564059253543825,"GJR-GARCH(1,1,1)-t"
2917,-3.863626392883724,1.0927250148317462,True,True,0.0,0.03551551371766432,"GJR-GARCH(1,1,1)-t"
2929,-13.562530672284446,-8.606179264568976,True,True,0.1781880389536654,0.662710323716006,"GJR-GARCH(1,1,1)-t"
2932,-0.22201230243099168,4.734339105284478,True,True,2.22258556432467e-12,0.9632711019225951,"GJR-GARCH(1,1,1)-t"
2946,71.44371904721461,76.40007045493009,True,False,0.9999999999999387,0.15958579173149928,"GJR-GARCH(1,1,1)-t"
2956,66.58869415375378,71.54504556146925,True,True,1.762430811179236e-16,0.44099452759622265,"GJR-GARCH(1,1,1)-t"
2969,-16.013464097166224,-11.057112689450754,True,True,0.0,0.692646115965585,"GJR-GARCH(1,1,1)-t"
2979,9.938062332564165,14.894413740279635,True,True,0.04830923469833568,0.0,"GJR-GARCH(1,1,1)-t"
2982,20.48865053939958,25.44500194711505,True,True,0.0,0.9641655201289324,"GJR-GARCH(1,1,1)-t"
2992,-4.417639475616394,0.5387119320990763,True,True,4.582246411785484e-16,0.0,"GJR-GARCH(1,1,1)-t"
2999,-6.000110153122854,-1.0437587454073842,True,True,2.8648637918851546e-10,0.9751474547227661,"GJR-GARCH(1,1,1)-t"
3001,39.304254400646,44.260605808361476,True,True,0.0681626980641955,0.08191043390652926,"GJR-GARCH(1,1,1)-t"
3002,39.98373386855471,44.94008527627018,True,True,0.6150616223651948,2.9595449826044945e-06,"GJR-GARCH(1,1,1)-t"
3008,0.23797727309659855,5.1943286808120686,True,True,0.00668995202321497,0.9546476133218312,"GJR-GARCH(1,1,1)-t"
3009,-4.300064563363463,0.6562868443520067,True,True,0.3384103713032148,1.439862535344901e-15,"GJR-GARCH(1,1,1)-t"
3012,20.88051645224217,25.83686785995764,True,True,4.602088164636864e-15,0.1725830484218722,"GJR-GARCH(1,1,1)-t"
3017,9.108188842904418,14.064540250619888,True,True,1.2631411093008565e-14,0.0,"GJR-GARCH(1,1,1)-t"
3025,15.684719081383333,20.6410704890988,True,True,6.029021244314685e-16,0.3830436676716638,"GJR-GARCH(1,1,1)-t"
3029,-0.3581305975257578,4.598220810189712,True,False,0.02055306034269801,0.9897234698286508,"GJR-GARCH(1,1,1)-t"
3033,-0.28072357886348165,4.675627828851988,True,False,0.4237374760694317,0.7881312427262381,"GJR-GARCH(1,1,1)-t"
3044,8.193664520550971,13.150015928266441,True,True,0.0,0.37807374602848076,"GJR-GARCH(1,1,1)-t"
3046,-17.42290970104053,-12.466558293325061,True,True,3.412553779295673e-10,0.08955919656263321,"GJR-GARCH(1,1,1)-t"
3069,14.971367889612015,19.927719297327485,True,True,1.4527211163682298e-14,0.12587112778702286,"GJR-GARCH(1,1,1)-t"
3092,-5.319059378416711,-0.3627079707012406,True,True,4.919900120523014e-15,0.9925775950917258,"GJR-GARCH(1,1,1)-t"
3098,12.42594043449758,17.38229184221305,True,True,0.37260616493638676,4.270387649417558e-13,"GJR-GARCH(1,1,1)-t"
3108,9.816446245998572,14.772797653714042,True,True,0.14969012423551697,0.7484443726099035,"GJR-GARCH(1,1,1)-t"
3113,-4.394055570862786,0.5622958368526838,True,True,1.5714415744172312e-15,5.0442521333789245e-05,"GJR-GARCH(1,1,1)-t"
3123,22.073242519465317,27.029593927180784,True,True,0.3435486892847166,0.0,"GJR-GARCH(1,1,1)-t"
3130,16.351176341637938,21.307527749353408,True,True,2.85944047969633e-11,9.088989465208416e-10,"GJR-GARCH(1,1,1)-t"
3135,3.5403748078796173,8.496726215595087,True,True,0.0,0.8774707574153014,"GJR-GARCH(1,1,1)-t"
3138,58.54910403343922,63.505455441154695,True,True,0.5348799454284967,0.3243897781321736,"GJR-GARCH(1,1,1)-t"
3146,-14.962742560193899,-10.006391152478429,True,True,0.0,0.0,"GJR-GARCH(1,1,1)-t"
3152,19.933202053094274,24.889553460809744,True,True,1.1717979038465045e-15,0.9347346934028564,"GJR-GARCH(1,1,1)-t"
3154,11.127286314033917,16.083637721749387,True,False,1.2639108827392985e-15,0.9999999999999938,"GJR-GARCH(1,1,1)-t"
3160,1.3512724255501833,6.307623833265653,True,True,1.8841148810538655e-20,0.9870207954605925,"GJR-GARCH(1,1,1)-t"
3179,27.09525644960656,32.051607857322026,True,False,8.393499575906966e-20,1.0,"GJR-GARCH(1,1,1)-t"
3187,14.850436945888637,19.806788353604105,True,False,1.7996492699623063e-13,0.9999999999996263,"GJR-GARCH(1,1,1)-t"
3211,23.302808005571748,28.259159413287218,True,True,7.975437879785864e-11,7.367453778345626e-12,"GJR-GARCH(1,1,1)-t"
3223,13.147302956297331,18.1036543640128,True,True,4.802228385794006e-12,0.8952063291965449,"GJR-GARCH(1,1,1)-t"
3233,-8.962162323551986,-4.005810915836516,True,True,4.5265801190066425e-18,2.037316856292935e-10,"GJR-GARCH(1,1,1)-t"
3270,-5.221906373523719,-0.2655549658082492,True,True,0.0,0.9931402671846984,"GJR-GARCH(1,1,1)-t"
3280,22.77703560422442,27.73338701193989,True,False,0.9999999999656741,1.3249929251802471e-11,"GJR-GARCH(1,1,1)-t"
3291,29.63635259009665,34.59270399781212,True,True,0.0,0.9874362950904948,"GJR-GARCH(1,1,1)-t"
3318,34.3857967772079,39.342148184923374,True,True,1.8451981437425366e-14,0.9537977855319802,"GJR-GARCH(1,1,1)-t"
3322,6.010657984468857,10.967009392184327,True,True,0.0,0.8344296742994306,"GJR-GARCH(1,1,1)-t"
3323,-0.8965416313498586,4.059809776365611,True,True,0.0,0.9748558791975992,"GJR-GARCH(1,1,1)-t"
3327,15.112449274553764,20.068800682269234,True,True,0.49303863253443947,1.660221389699613e-12,"GJR-GARCH(1,1,1)-t"
3328,68.32697876637715,73.28333017409263,True,True,7.656640443262847e-15,0.9587750630903823,"GJR-GARCH(1,1,1)-t"
3333,51.43257312350356,56.38892453121903,True,True,9.757751683721865e-15,0.6969693735992526,"GJR-GARCH(1,1,1)-t"
3367,15.729307445609882,20.685658853325354,True,True,8.120221008742041e-18,0.9047696506164034,"GJR-GARCH(1,1,1)-t"
3373,61.614564965689524,66.570916373405,True,False,0.0,1.0,"GJR-GARCH(1,1,1)-t"
3378,32.279300003015344,37.23565141073081,True,True,2.261743765714478e-15,0.9721901001472862,"GJR-GARCH(1,1,1)-t"
3381,16.303765684064594,21.260117091780064,True,True,1.1583935323106233e-15,0.6469859441418462,"GJR-GARCH(1,1,1)-t"
3384,9.784990495161546,14.741341902877016,True,True,3.0796292471834174e-20,1.5439729191652118e-12,"GJR-GARCH(1,1,1)-t"
3389,21.50842152638925,26.464772934104715,True,False,4.744329988729932e-16,1.0,"GJR-GARCH(1,1,1)-t"
3396,1.7373939781943673,6.693745385909837,True,True,0.028435055811646275,0.0,"GJR-GARCH(1,1,1)-t"
3399,49.85939707352637,54.81574848124184,True,True,0.4452908714966986,8.207820817869893e-15,"GJR-GARCH(1,1,1)-t"
3404,3.7035228477542432,8.659874255469713,True,True,3.9021887613796397e-16,0.5748880367463252,"GJR-GARCH(1,1,1)-t"
3406,26.31752619936668,31.27387760708215,True,False,0.2983534962064764,0.8280896451681389,"GJR-GARCH(1,1,1)-t"
3414,-4.5226364638396355,0.43371494387583454,True,False,0.0,1.0,"GJR-GARCH(1,1,1)-t"
3427,8.994276101036887,13.950627508752357,True,True,0.23336771767718908,0.49911923444573747,"GJR-GARCH(1,1,1)-t"
3431,-8.009426398280098,-3.053074990564628,True,True,1.6789719324278927e-16,6.99571638511622e-17,"GJR-GARCH(1,1,1)-t"
3445,10.686388095581048,15.642739503296518,True,True,0.0,0.920998299640396,"GJR-GARCH(1,1,1)-t"
3457,-18.091169011373047,-13.134817603657577,True,True,0.15532099536055968,0.012492895174559144,"GJR-GARCH(1,1,1)-t"
3465,-0.1402275088388638,4.816123898876606,True,True,0.0,0.9692802475429126,"GJR-GARCH(1,1,1)-t"
3469,11.066241458709051,16.02259286642452,True,True,1.1723925588871843e-12,9.903234371385148e-14,"GJR-GARCH(1,1,1)-t"
3484,7.073402560941943,12.029753968657413,True,True,1.3768259999856017e-14,3.547117400896622e-13,"GJR-GARCH(1,1,1)-t"
3486,23.65831528891007,28.61466669662554,True,True,0.0,0.8582416026872229,"GJR-GARCH(1,1,1)-t"
3513,52.3600081555888,57.316359563304275,True,False,1.0342222806415323e-18,1.0,"GJR-GARCH(1,1,1)-t"
3516,8.469891586043365,13.426242993758835,True,True,1.0297628747252103e-16,0.6866518627405749,"GJR-GARCH(1,1,1)-t"
3531,16.33968421934012,21.296035627055595,True,True,0.0,0.8361536778295086,"GJR-GARCH(1,1,1)-t"
3536,38.18483384308845,43.141185250803915,True,True,3.0990190765638454e-16,0.5385551258737857,"GJR-GARCH(1,1,1)-t"
3552,13.003069930159288,17.95942133787476,True,True,2.741906032150217e-16,0.9717802846433837,"GJR-GARCH(1,1,1)-t"
3564,5.654651703819432,10.611003111534902,True,True,0.0,0.0,"GJR-GARCH(1,1,1)-t"
3567,-15.10910010273513,-10.15274869501966,True,True,0.657756380876652,0.0,"GJR-GARCH(1,1,1)-t"
3580,48.31485715628987,53.271208564005335,True,True,0.14520353698870717,0.0,"GJR-GARCH(1,1,1)-t"
3587,33.25748130081543,38.2138327085309,True,True,0.0,8.413679692144625e-21,"GJR-GARCH(1,1,1)-t"
3596,32.80934599550076,37.76569740321624,True,False,0.3633713602706347,0.8049505448389823,"GJR-GARCH(1,1,1)-t"
3601,19.77032049488311,24.726671902598582,True,True,1.882051840397577e-11,0.9017722354472962,"GJR-GARCH(1,1,1)-t"
3607,1.9758644476562495,6.9322158553717195,True,False,9.87336674600841e-16,1.0,"GJR-GARCH(1,1,1)-t"
3622,-7.078130092125157,-2.121778684409687,True,False,1.2203706928128405e-20,0.9999999999999986,"GJR-GARCH(1,1,1)-t"
3626,71.85332270953143,76.80967411724689,True,True,4.394391399292659e-15,0.7637415500356345,"GJR-GARCH(1,1,1)-t"
3640,7.891349724112919,12.847701131828389,True,True,3.4226853037582557e-16,0.0,"GJR-GARCH(1,1,1)-t"
3650,10.739274199064962,15.695625606780432,True,True,2.436949300147515e-15,3.0749488657465295e-16,"GJR-GARCH(1,1,1)-t"
3655,-8.300299824712415,-3.3439484169969447,True,True,7.59818789703745e-16,4.3699247292008876e-14,"GJR-GARCH(1,1,1)-t"
3660,-5.023660183817668,-0.06730877610219821,True,True,2.741513337739539e-12,0.558246689189397,"GJR-GARCH(1,1,1)-t"
3661,-2.7745447955437896,2.1818066121716804,True,False,0.1165553497004749,0.8944260677699558,"GJR-GARCH(1,1,1)-t"
3668,10.535282732670606,15.491634140386076,True,True,0.021757351377369626,1.9572900786438346e-10,"GJR-GARCH(1,1,1)-t"
3685,5.142989660117314,10.099341067832784,True,False,1.0,0.0024612558499867397,"GJR-GARCH(1,1,1)-t"
3686,0.7332887689099348,5.689640176625405,True,True,0.0,0.0,"GJR-GARCH(1,1,1)-t"
3694,15.25685769781592,20.21320910553139,True,True,0.0,0.8193570503841835,"GJR-GARCH(1,1,1)-t"
3703,18.768784411057943,23.72513581877341,True,False,9.401693708604514e-15,0.9999999999999506,"GJR-GARCH(1,1,1)-t"
3711,-1.731354032949973,3.224997374765497,True,True,8.59873009126459e-17,2.0461809118779956e-20,"GJR-GARCH(1,1,1)-t"
3720,32.02491270781205,36.98126411552752,True,True,0.41617855845054696,7.151076135751993e-14,"GJR-GARCH(1,1,1)-t"
3721,8.2826189690878,13.23897037680327,True,False,1.917403460921943e-14,0.9999999999997546,"GJR-GARCH(1,1,1)-t"
3732,5.914329734140365,10.870681141855835,True,True,0.6011778770281787,0.04689117163509778,"GJR-GARCH(1,1,1)-t"
3735,-14.611027194673817,-9.654675786958347,True,True,1.2191376841533713e-11,0.6278431205498536,"GJR-GARCH(1,1,1)-t"
3737,3.3593111505650484,8.315662558280518,True,True,4.551985887505976e-11,5.831704131595751e-11,"GJR-GARCH(1,1,1)-t"
3758,40.19098729780205,45.14733870551753,True,True,0.0,0.8159201305723931,"GJR-GARCH(1,1,1)-t"
3762,20.14336769744404,25.099719105159515,True,True,3.1745487600215285e-19,0.807050178565702,"GJR-GARCH(1,1,1)-t"
3797,-14.309277520158851,-9.352926112443381,True,True,0.4110591777733614,2.468546522344993e-15,"GJR-GARCH(1,1,1)-t"
3804,22.34270706046507,27.29905846818054,True,True,3.299335412244618e-14,0.5441788509825878,"GJR-GARCH(1,1,1)-t"
3836,18.224699895179185,23.181051302894655,True,True,1.6995855466171448e-15,0.9012519501056793,"GJR-GARCH(1,1,1)-t"
3846,-2.184182551899646,2.772168855815824,True,False,0.7844029625499308,0.6077985187729569,"GJR-GARCH(1,1,1)-t"
3877,-3.016156602320663,1.9401948053948068,True,True,8.52066286030029e-15,1.4827473291565154e-14,"GJR-GARCH(1,1,1)-t"
3884,1.5830342103091777,6.539385618024648,True,False,3.292811099463898e-17,1.0,"GJR-GARCH(1,1,1)-t"
3886,40.37207458329298,45.328425991008444,True,True,0.0,0.6604386342620822,"GJR-GARCH(1,1,1)-t"
3908,72.0625986549837,77.01895006269918,True,True,1.0163865008649562e-16,0.6773764686018675,"GJR-GARCH(1,1,1)-t"
3921,23.97150316281676,28.927854570532233,True,True,0.02566083157774146,1.7340250793432743e-14,"GJR-GARCH(1,1,1)-t"
3922,-9.39883330693323,-4.442481899217761,True,True,1.0301195478478305e-14,0.7402488774655068,"GJR-GARCH(1,1,1)-t"
3931,6.73371448638415,11.69006589409962,True,True,0.0,0.9579889292354835,"GJR-GARCH(1,1,1)-t"
3955,23.373223603641918,28.329575011357388,True,True,6.724096642229618e-12,1.4851288151208662e-10,"GJR-GARCH(1,1,1)-t"
3957,-18.095215707683266,-13.138864299967796,True,False,0.0,0.9999999999999997,"GJR-GARCH(1,1,1)-t"
3961,8.28925674525317,13.24560815296864,True,True,3.663818365953229e-12,1.6356211513501687e-11,"GJR-GARCH(1,1,1)-t"
3962,22.780360385637124,27.736711793352598,True,True,7.381544075040992e-16,0.08089069892402571,"GJR-GARCH(1,1,1)-t"
3974,21.01903366487555,25.975385072591024,True,True,0.0,0.0,"GJR-GARCH(1,1,1)-t"
3987,-9.897983315163604,-4.941631907448134,True,True,0.0,0.9303980706253921,"GJR-GARCH(1,1,1)-t"
3999,41.09103190747882,46.04738331519429,True,False,0.9999999999999997,0.17476843990040059,"GJR-GARCH(1,1,1)-t"
4004,4.795952618142845,9.752304025858315,True,True,1.4519039228625803e-15,0.760256085367849,"GJR-GARCH(1,1,1)-t"
4013,14.031878892807203,18.988230300522673,True,False,0.8293550952133909,0.5599087719941499,"GJR-GARCH(1,1,1)-t"
4027,36.34902921350893,41.3053806212244,True,False,1.941899490004482e-15,0.9999999999999478,"GJR-GARCH(1,1,1)-t"
4031,-11.598340317214031,-6.641988909498561,True,True,5.823391932476474e-12,1.2610702830754256e-11,"GJR-GARCH(1,1,1)-t"
4032,39.81528088257315,44.77163229028862,True,True,1.2370656295313714e-14,3.498462574604162e-13,"GJR-GARCH(1,1,1)-t"
4034,-7.208059566097134,-2.251708158381664,True,True,0.20866114935150215,0.0,"GJR-GARCH(1,1,1)-t"
4037,27.255692160428968,32.21204356814444,True,True,1.002035729649376e-14,0.7736586070979801,"GJR-GARCH(1,1,1)-t"
4038,9.273255232620736,14.229606640336206,True,False,1.0,0.03172908083969095,"GJR-GARCH(1,1,1)-t"
4043,-3.375833392190213,1.5805180155252572,True,True,0.0,0.9163852991102083,"GJR-GARCH(1,1,1)-t"
4052,22.774973060756345,27.731324468471815,True,False,4.015598628933034e-17,1.0,"GJR-GARCH(1,1,1)-t"
4060,-15.712107600013631,-10.755756192298161,True,True,0.7247259493397245,0.0,"GJR-GARCH(1,1,1)-t"
4067,31.67454240383653,36.630893811552,True,True,0.0,0.403305802442862,"GJR-GARCH(1,1,1)-t"
4069,34.83498931349194,39.791340721207405,True,True,3.369132491898199e-13,6.566804001631942e-12,"GJR-GARCH(1,1,1)-t"
4071,-8.535770108179918,-3.5794187004644478,True,False,1.0,0.0,"GJR-GARCH(1,1,1)-t"
4072,-9.800185778493958,-4.843834370778488,True,True,0.5745290583556433,0.0,"GJR-GARCH(1,1,1)-t"
4075,14.983080940044673,19.939432347760143,True,False,0.1230033131773434,0.9384983434113,"GJR-GARCH(1,1,1)-t"
4079,10.030861810960207,14.987213218675677,True,True,0.0,0.9578015929936796,"GJR-GARCH(1,1,1)-t"
4084,-3.443545466742428,1.5128059409730419,True,False,2.289236339320411e-16,0.9999999999999994,"GJR-GARCH(1,1,1)-t"
4089,14.690983644033844,19.647335051749316,True,True,0.8007849185558329,0.0,"GJR-GARCH(1,1,1)-t"
4091,48.8760644297273,53.83241583744277,True,True,5.061678366081759e-18,0.544695713322801,"GJR-GARCH(1,1,1)-t"
4103,-11.855808908292211,-6.899457500576741,True,True,0.4691740445150453,0.0,"GJR-GARCH(1,1,1)-t"
4106,48.2684592669943,53.22481067470977,True,True,5.322455602724272e-18,0.2165754823187363,"GJR-GARCH(1,1,1)-t"
4131,18.130327843465388,23.086679251180858,True,False,0.0,1.0,"GJR-GARCH(1,1,1)-t"
4132,6.376388356709139,11.332739764424609,True,False,1.0,0.08791057179009894,"GJR-GARCH(1,1,1)-t"
4138,17.322977924887542,22.279329332603012,True,False,0.9999999999999992,0.5000000000000011,"GJR-GARCH(1,1,1)-t"
4140,4.1817098403566515,9.138061248072122,True,True,0.12730795655288538,0.7170381849237295,"GJR-GARCH(1,1,1)-t"
4142,-2.4948637085560534,2.4614876991594166,True,True,1.2241454716414126e-14,0.7235431933095108,"GJR-GARCH(1,1,1)-t"
4155,51.09279327437082,56.04914468208629,True,True,9.604863597510928e-11,0.9448595338083934,"GJR-GARCH(1,1,1)-t"
4156,10.344721072377832,15.301072480093302,True,True,3.294143473796753e-19,0.7374334747914293,"GJR-GARCH(1,1,1)-t"
4158,-14.67692097299837,-9.7205695652829,True,True,1.984450790154601e-13,0.657740350668358,"GJR-GARCH(1,1,1)-t"
4159,14.752082917268085,19.708434324983557,True,True,0.0,0.27650614831196435,"GJR-GARCH(1,1,1)-t"
4173,-10.356657962930825,-5.400306555215355,True,True,0.0,0.723437237218967,"GJR-GARCH(1,1,1)-t"
4186,36.72894630446706,41.685297712182525,True,True,0.0,0.9420100644288752,"GJR-GARCH(1,1,1)-t"
4193,-4.26315231796503,0.6931990897504399,True,True,1.2015354042647276e-13,0.9176704453291182,"GJR-GARCH(1,1,1)-t"
4201,14.435593091400575,19.391944499116043,True,True,5.31728259295461e-19,0.9967093582623381,"GJR-GARCH(1,1,1)-t"
4209,-19.162417558512814,-14.206066150797344,True,True,2.632373952236718e-14,0.7198583176821758,"GJR-GARCH(1,1,1)-t"
4219,27.168105651127743,32.12445705884321,True,False,1.0,0.0,"GJR-GARCH(1,1,1)-t"
4226,2.067877021479859,7.024228429195329,True,True,0.0,0.7662115120124147,"GJR-GARCH(1,1,1)-t"
4257,3.381405094289299,8.337756502004769,True,True,1.1996885884951567e-15,1.8358851338602657e-16,"GJR-GARCH(1,1,1)-t"
4265,-1.5776401575527608,3.3787112501627092,True,False,9.377210962600193e-12,0.999999993078218,"GJR-GARCH(1,1,1)-t"
4266,45.83979641231279,50.79614782002827,True,True,0.0,0.2901425536442629,"GJR-GARCH(1,1,1)-t"
4275,8.65070523343812,13.60705664115359,True,True,0.0,0.5379267048819397,"GJR-GARCH(1,1,1)-t"
4293,-2.058859188584478,2.897492219130992,True,True,0.019405776984504578,4.3692743264299627e-16,"GJR-GARCH(1,1,1)-t"
4294,33.72109420676408,38.677445614479545,True,True,0.0,0.05022083827915127,"GJR-GARCH(1,1,1)-t"
4302,14.410862789056196,19.367214196771666,True,True,8.776945972677307e-23,0.2680269506676454,"GJR-GARCH(1,1,1)-t"
4310,-12.219451686261934,-7.263100278546464,True,False,3.710993705045414e-16,1.0,"GJR-GARCH(1,1,1)-t"
4318,19.552305287888814,24.50865669560428,True,False,3.0809632827875304e-11,0.9999999959953558,"GJR-GARCH(1,1,1)-t"
4329,47.26980997047711,52.226161378192586,True,True,0.11454145028666714,0.0,"GJR-GARCH(1,1,1)-t"
4361,-11.70008946601676,-6.74373805830129,True,True,0.0,0.7087875566823174,"GJR-GARCH(1,1,1)-t"
4364,8.656837935132089,13.613189342847559,True,True,3.900486251640763e-10,0.9905994018743498,"GJR-GARCH(1,1,1)-t"
4367,12.49438502855857,17.450736436274042,True,False,1.0,0.0,"GJR-GARCH(1,1,1)-t"
4371,6.886945365695306,11.843296773410776,True,True,2.4085366295311543e-14,0.20514498303743003,"GJR-GARCH(1,1,1)-t"
4377,-5.712619678943707,-0.7562682712282367,True,False,1.0,2.518962423527258e-17,"GJR-GARCH(1,1,1)-t"
4385,28.635217111274834,33.59156851899031,True,True,0.0,0.3064625077433546,"GJR-GARCH(1,1,1)-t"
4388,6.313249860422642,11.269601268138112,True,True,6.101098540866852e-18,0.2697014078914226,"GJR-GARCH(1,1,1)-t"
4400,34.89051400930871,39.846865417024176,True,False,0.9923930206252624,0.5020307761453979,"GJR-GARCH(1,1,1)-t"
4403,3.7230204898112085,8.679371897526678,True,True,2.4109560830815632e-15,4.6970193207519655e-21,"GJR-GARCH(1,1,1)-t"
4414,17.363100177977838,22.319451585693308,True,True,0.0,0.6398218699438505,"GJR-GARCH(1,1,1)-t"
4431,0.7738041646936704,5.73015557240914,True,False,0.0,1.0,"GJR-GARCH(1,1,1)-t"
4432,5.2224788353939235,10.178830243109394,True,True,5.841963091977931e-16,0.2749402955953031,"GJR-GARCH(1,1,1)-t"
4449,-9.003480543923779,-4.047129136208309,True,False,1.0,0.3517415851506557,"GJR-GARCH(1,1,1)-t"
4457,-2.679096440330685,2.277254967384785,True,True,2.7027107695876e-15,0.9902715342174139,"GJR-GARCH(1,1,1)-t"
4460,20.669951304143908,25.62630271185938,True,True,3.0772645989356154e-21,0.7020681660390561,"GJR-GARCH(1,1,1)-t"
4470,-10.660247554582696,-5.703896146867226,True,False,0.0,1.0,"GJR-GARCH(1,1,1)-t"
4477,27.831071846656055,32.787423254371525,True,True,2.2623719255495878e-13,0.9912152741022527,"GJR-GARCH(1,1,1)-t"
4479,37.03408419676231,41.99043560447778,True,True,1.2001229478706746e-12,3.6357947422003174e-13,"GJR-GARCH(1,1,1)-t"
4487,3.534685381321909,8.491036789037379,True,True,0.0,0.7071405043335495,"GJR-GARCH(1,1,1)-t"
4489,-3.7404337603670754,1.2159176473483946,True,True,0.0,5.29991596064062e-10,"GJR-GARCH(1,1,1)-t"
4493,5.772650961130992,10.729002368846462,True,False,6.929007923474568e-15,0.9999999999999409,"GJR-GARCH(1,1,1)-t"
4518,6.344772732446721,11.301124140162191,True,True,1.0697397003691839e-10,0.0,"GJR-GARCH(1,1,1)-t"
4543,15.69515462847289,20.65150603618836,True,True,0.0,0.9647508330934907,"GJR-GARCH(1,1,1)-t"
4547,37.228560295322396,42.18491170303787,True,True,9.599750200855056e-16,8.430934353999899e-20,"GJR-GARCH(1,1,1)-t"
4555,6.696706281868712,11.653057689584182,True,True,1.3424174098710505e-15,0.9877900669101738,"GJR-GARCH(1,1,1)-t"
4557,10.352219122701213,15.308570530416683,True,False,0.9999999999975308,2.8303537402487063e-12,"GJR-GARCH(1,1,1)-t"
4560,27.861075177938275,32.81742658565374,True,True,4.291610273365657e-15,0.5596389753183837,"GJR-GARCH(1,1,1)-t"
4570,-0.9708347077260875,3.9855166999893825,True,True,2.1573370457067707e-15,0.8715291079581694,"GJR-GARCH(1,1,1)-t"
4571,24.251065922466246,29.207417330181716,True,True,0.0,0.8441061177652648,"GJR-GARCH(1,1,1)-t"
4587,2.2420970993785367,7.198448507094007,True,True,0.0,0.0,"GJR-GARCH(1,1,1)-t"
4588,21.696554321369863,26.652905729085333,True,True,0.0,0.9107200066042873,"GJR-GARCH(1,1,1)-t"
4601,25.29536179003486,30.251713197750327,True,True,1.047151849261502e-17,0.0,"GJR-GARCH(1,1,1)-t"
4603,3.582673433700025,8.539024841415495,True,True,2.0269523598345178e-16,3.082217285953422e-15,"GJR-GARCH(1,1,1)-t"
4613,17.699447435370914,22.655798843086384,True,True,2.395095479836752e-12,2.1480848565125305e-12,"GJR-GARCH(1,1,1)-t"
4615,5.889817428731371,10.846168836446841,True,True,4.595582038106667e-16,0.8731601267862071,"GJR-GARCH(1,1,1)-t"
4616,50.42987017761168,55.38622158532715,True,True,1.2062861038500045e-20,0.7948286898649684,"GJR-GARCH(1,1,1)-t"
4618,22.713445223446683,27.669796631162153,True,False,1.0,3.332066004186988e-16,"GJR-GARCH(1,1,1)-t"
4622,12.01115023566922,16.96750164338469,True,True,0.0,0.7601189633060911,"GJR-GARCH(1,1,1)-t"
4627,1.111808996507806,6.068160404223276,True,True,4.215713806925482e-11,1.1606035321787967e-09,"GJR-GARCH(1,1,1)-t"
4630,5.845922474320696,10.802273882036166,True,True,0.3936868913554044,1.6183349122862284e-14,"GJR-GARCH(1,1,1)-t"
4649,-10.45660975766992,-5.50025834995445,True,True,1.1376980385727158e-15,0.0,"GJR-GARCH(1,1,1)-t"
4654,0.8829722410719008,5.839323648787371,True,True,1.2316276532547356e-24,0.18955965074487555,"GJR-GARCH(1,1,1)-t"
4661,12.381673786622057,17.338025194337526,True,True,0.0,0.7544707864910177,"GJR-GARCH(1,1,1)-t"
4667,21.635944985538206,26.592296393253676,True,False,2.096920219647602e-13,0.9999999999974514,"GJR-GARCH(1,1,1)-t"
4690,-0.5494118854056325,4.4069395223098375,True,False,2.032369975835346e-15,0.9999999999999928,"GJR-GARCH(1,1,1)-t"
4695,15.664153615472,20.62050502318747,True,True,5.831427962989411e-22,0.3905358364280336,"GJR-GARCH(1,1,1)-t"
4707,-4.705508089910111,0.2508433178053586,True,True,5.762511532308566e-13,0.8639571195548436,"GJR-GARCH(1,1,1)-t"
4713,8.30957183659734,13.26592324431281,True,True,1.1575268618828848e-18,0.8150438594171673,"GJR-GARCH(1,1,1)-t"
4714,9.60227952630428,14.55863093401975,True,True,3.119757143656465e-12,2.2190534859089093e-11,"GJR-GARCH(1,1,1)-t"
4723,-1.1319951863093642,3.8243562214061058,True,True,0.29761129289638,1.4148501447198265e-11,"GJR-GARCH(1,1,1)-t"
4724,-12.357512834260316,-7.401161426544846,True,True,0.0,0.09452937256252286,"GJR-GARCH(1,1,1)-t"
4737,5.6122495002877635,10.568600908003233,True,True,8.686983971238104e-15,5.257436505242649e-14,"GJR-GARCH(1,1,1)-t"
4739,15.520560179291586,20.476911587007056,True,False,0.0,0.9999999999999933,"GJR-GARCH(1,1,1)-t"
4743,26.74633615054138,31.702687558256848,True,True,2.2932014208780353e-14,0.6286264037413082,"GJR-GARCH(1,1,1)-t"
4746,7.8684730432064836,12.824824450921954,True,True,0.0,0.0,"GJR-GARCH(1,1,1)-t"
4754,-19.069931102084354,-14.113579694368884,True,True,0.2502507275301822,2.4474229697872743e-15,"GJR-GARCH(1,1,1)-t"
4762,51.46718377111244,56.423535178827905,True,True,3.365121671337108e-15,0.5507250410190224,"GJR-GARCH(1,1,1)-t"
4774,-2.1456122828328112,2.8107391248826588,True,True,0.0,6.278622830998924e-15,"GJR-GARCH(1,1,1)-t"
4787,8.722049822955068,13.678401230670538,True,True,0.5679412058700232,0.0,"GJR-GARCH(1,1,1)-t"
4797,2.526983164533089,7.483334572248559,True,True,0.5270951670405344,6.306263582304215e-16,"GJR-GARCH(1,1,1)-t"
4817,9.857700946634626,14.814052354350096,True,True,1.3681840473508398e-20,0.8925828106530328,"GJR-GARCH(1,1,1)-t"
4844,25.201542203378423,30.15789361109389,True,True,2.264917676451126e-15,0.27391307658597663,"GJR-GARCH(1,1,1)-t"
4849,27.576875157767013,32.53322656548248,True,False,0.9999999999999996,0.00708050842117774,"GJR-GARCH(1,1,1)-t"
4850,67.3308820688173,72.28723347653278,True,True,9.501633358712784e-15,0.7204270754788857,"GJR-GARCH(1,1,1)-t"
4851,1.7396557496550393,6.696007157370509,True,False,0.2096979859856054,0.8157390401326348,"GJR-GARCH(1,1,1)-t"
4858,17.764667850704697,22.721019258420167,True,True,0.0,0.8404867577245261,"GJR-GARCH(1,1,1)-t"
4867,-21.780057414187347,-16.823706006471877,True,True,0.1457003447896718,1.670023058673747e-14,"GJR-GARCH(1,1,1)-t"
4869,36.13446150641121,41.09081291412668,True,True,0.0,0.0,"GJR-GARCH(1,1,1)-t"
4889,9.482005340788849,14.438356748504319,True,True,1.391836358790638e-15,3.3630429139028102e-15,"GJR-GARCH(1,1,1)-t"
4902,43.838139583671364,48.79449099138684,True,True,0.0,0.9307693962858735,"GJR-GARCH(1,1,1)-t"
4905,6.840369189873718,11.796720597589188,True,False,0.07621214536111427,0.9618939278720536,"GJR-GARCH(1,1,1)-t"
4910,8.57850108091586,13.53485248863133,True,True,0.08606490897311785,0.5238851062434194,"GJR-GARCH(1,1,1)-t"
4913,1.061235907593872,6.017587315309342,True,True,2.6999864627222502e-14,0.7716276889277929,"GJR-GARCH(1,1,1)-t"
4927,32.709702953652005,37.66605436136747,True,True,6.015127767519162e-13,0.011224161643489107,"GJR-GARCH(1,1,1)-t"
4935,10.210465781202172,15.166817188917642,True,True,2.36302742024972e-15,0.20681648368510366,"GJR-GARCH(1,1,1)-t"
4951,-7.283570424193467,-2.327219016477997,True,True,7.263527218755082e-13,0.944695593228196,"GJR-GARCH(1,1,1)-t"
4957,17.037342487114312,21.993693894829782,True,True,1.9305377092056458e-19,0.8623162325286594,"GJR-GARCH(1,1,1)-t"
4958,-1.4305604437532402,3.52579096396223,True,True,2.4648121105782877e-17,0.9501368591124608,"GJR-GARCH(1,1,1)-t"
4962,18.903959031852075,23.860310439567545,True,True,0.29123340634709133,5.011021671332818e-16,"GJR-GARCH(1,1,1)-t"
4978,-6.8684271221735,-1.9120757144580303,True,True,9.038618420041634e-12,0.0,"GJR-GARCH(1,1,1)-t"
4984,14.13927701634919,19.09562842406466,True,True,0.0,0.0,"GJR-GARCH(1,1,1)-t"
4987,25.671143066916933,30.627494474632403,True,True,1.1147304589349038e-14,4.644274225275426e-12,"GJR-GARCH(1,1,1)-t"
4991,40.050558609340925,45.0069100170564,True,False,1.0,0.2548003984392469,"GJR-GARCH(1,1,1)-t"
4995,43.660185743157086,48.61653715087255,True,True,3.2453220725945335e-16,0.6086154667167678,"GJR-GARCH(1,1,1)-t"
4997,54.79503908901123,59.7513904967267,True,True,9.70569132360917e-17,0.5931745201186511,"GJR-GARCH(1,1,1)-t"
5020,7.48002560448375,12.43637701219922,True,True,0.13033349159899227,4.39172439003136e-15,"GJR-GARCH(1,1,1)-t"
5025,36.34168513301923,41.2980365407347,True,True,1.0176551313492185e-14,6.144711686799911e-14,"GJR-GARCH(1,1,1)-t"
5032,0.9876352009831102,5.94398660869858,True,True,1.2307452742546444e-13,0.9756185395802054,"GJR-GARCH(1,1,1)-t"
5046,9.345683776069968,14.302035183785438,True,False,0.34648302788003116,0.6810739445488257,"GJR-GARCH(1,1,1)-t"
5056,18.130159356164647,23.086510763880117,True,True,0.0,0.7276673868150688,"GJR-GARCH(1,1,1)-t"
5063,19.250825338659695,24.20717674637517,True,True,7.158918409255544e-14,0.9818216467307672,"GJR-GARCH(1,1,1)-t"
5101,7.85970235732192,12.81605376503739,True,True,2.446759357295262e-16,0.7300093886244037,"GJR-GARCH(1,1,1)-t"
5113,18.68116188899509,23.63751329671056,True,False,0.9999999999999957,1.408473894912646e-15,"GJR-GARCH(1,1,1)-t"
5118,18.77038646820656,23.726737875922026,True,False,1.0,0.0,"GJR-GARCH(1,1,1)-t"
5124,5.0511380528422585,10.007489460557728,True,True,4.2821938309205863e-17,0.33928713961240425,"GJR-GARCH(1,1,1)-t"
5139,-9.920610193445086,-4.964258785729616,True,True,1.470819539136098e-11,0.9866226455971496,"GJR-GARCH(1,1,1)-t"
5141,16.934209637032836,21.890561044748306,True,True,1.100827518076269e-13,0.8925697313458751,"GJR-GARCH(1,1,1)-t"
5149,24.90376503708251,29.86011644479798,True,True,0.0,0.8629582005117385,"GJR-GARCH(1,1,1)-t"
5152,3.180297448265552,8.136648855981022,True,False,0.9239264762951609,0.538036761852463,"GJR-GARCH(1,1,1)-t"
5153,23.325087010987282,28.281438418702752,True,True,0.8699539052977953,3.1007210335861184e-13,"GJR-GARCH(1,1,1)-t"
5163,11.833996420657027,16.790347828372497,True,True,0.2970099980569765,1.4772734634744793e-16,"GJR-GARCH(1,1,1)-t"
5164,13.53928589590637,18.49563730362184,True,True,0.06280307053533724,2.479122279395829e-17,"GJR-GARCH(1,1,1)-t"
5171,26.14207091677224,31.09842232448771,True,True,0.20764903420343472,0.4404237333148828,"GJR-GARCH(1,1,1)-t"
5173,25.72519090464943,30.681542312364904,True,True,1.374041132174726e-17,0.9639119319872281,"GJR-GARCH(1,1,1)-t"
5193,-16.954352278727413,-11.998000871011943,True,True,0.594128810808915,1.1865170424236462e-18,"GJR-GARCH(1,1,1)-t"
5206,7.333700710013257,12.290052117728727,True,True,0.0,0.7433717641713719,"GJR-GARCH(1,1,1)-t"
5213,-22.131288227043186,-17.174936819327716,True,False,3.3187840487851253e-16,0.9999999999999993,"GJR-GARCH(1,1,1)-t"
5218,14.606968498560091,19.56331990627556,True,False,0.0,1.0,"GJR-GARCH(1,1,1)-t"
5232,35.95065815412195,40.90700956183743,True,True,7.770430555683333e-13,0.8977487516248523,"GJR-GARCH(1,1,1)-t"
5235,6.841102886284341,11.797454293999811,True,False,0.0,1.0,"GJR-GARCH(1,1,1)-t"
5239,27.361979738287015,32.318331146002485,True,True,6.709912321543039e-16,0.42819423521788275,"GJR-GARCH(1,1,1)-t"
5245,-2.4146647965205688,2.5416866111949012,True,True,3.466984789781902e-11,6.643261605766545e-10,"GJR-GARCH(1,1,1)-t"
5249,39.132525961885314,44.08887736960078,True,True,0.0,0.754130032381223,"GJR-GARCH(1,1,1)-t"
5266,28.220492107688255,33.176843515403725,True,True,5.595874100184107e-22,0.6129307848506885,"GJR-GARCH(1,1,1)-t"
5285,26.974924639984458,31.931276047699928,True,False,1.878023435758173e-14,0.9999999999997975,"GJR-GARCH(1,1,1)-t"
5297,5.926294453961219,10.88264586167669,True,False,0.22859523971551993,0.885702380134576,"GJR-GARCH(1,1,1)-t"
5300,-12.746676230094199,-7.790324822378729,True,False,1.0,0.0,"GJR-GARCH(1,1,1)-t"
5302,1.6563236111589212,6.612675018874391,True,True,3.3802879101132867e-13,2.674888636621336e-13,"GJR-GARCH(1,1,1)-t"
5303,45.480443193316106,50.43679460103158,True,False,1.6063359493388103e-18,1.0,"GJR-GARCH(1,1,1)-t"
5305,33.248614681082046,38.20496608879751,True,True,0.0,0.8821261697958912,"GJR-GARCH(1,1,1)-t"
5314,-7.761128711445558,-2.804777303730088,True,False,0.5061091976519148,0.7469454011740817,"GJR-GARCH(1,1,1)-t"
5340,19.102739113068097,24.059090520783567,True,True,3.072784053570352e-15,0.7548660988960703,"GJR-GARCH(1,1,1)-t"
5344,2.8479069038420928,7.804258311557563,True,True,8.266084669322626e-16,1.8267482980641427e-21,"GJR-GARCH(1,1,1)-t"
5347,-2.151179573788717,2.805171833926753,True,False,0.0,1.0,"GJR-GARCH(1,1,1)-t"
5356,18.00542099748384,22.96177240519931,True,False,1.0,1.9158001942819188e-17,"GJR-GARCH(1,1,1)-t"
5368,-6.723181506917303,-1.766830099201833,True,True,0.1655602177235692,6.846991868325768e-10,"GJR-GARCH(1,1,1)-t"
5391,-5.648595563875407,-0.6922441561599371,True,True,0.0,0.4001163280411241,"GJR-GARCH(1,1,1)-t"
5392,3.2679616560206135,8.224313063736084,True,True,5.333666186960267e-15,0.8103561261438839,"GJR-GARCH(1,1,1)-t"
5400,-8.753483500469684,-3.7971320927542145,True,True,0.4059583066851534,0.0,"GJR-GARCH(1,1,1)-t"
5401,26.29075769168928,31.24710909940475,True,True,1.0356686496749966e-12,1.0181152834077328e-11,"GJR-GARCH(1,1,1)-t"
5407,28.940420565314483,33.896771973029956,True,True,0.7814054277028263,2.451102933287644e-21,"GJR-GARCH(1,1,1)-t"
5417,22.951478951567996,27.907830359283466,True,True,1.6491199026370127e-14,0.9247313495035999,"GJR-GARCH(1,1,1)-t"
5421,57.95039981032237,62.90675121803784,True,True,7.44021284811855e-15,0.9738076663722481,"GJR-GARCH(1,1,1)-t"
5424,-17.101134450729404,-12.144783043013934,True,True,0.0,0.016774996919101004,"GJR-GARCH(1,1,1)-t"
5425,24.365742981915766,29.322094389631232,True,True,2.4386373951417037e-13,1.0301801974657111e-12,"GJR-GARCH(1,1,1)-t"
5444,21.362711768940592,26.319063176656062,True,False,0.0,1.0,"GJR-GARCH(1,1,1)-t"
5458,13.634588729973936,18.590940137689405,True,False,5.503470630237171e-16,1.0,"GJR-GARCH(1,1,1)-t"
5470,-8.293986450314147,-3.337635042598677,True,True,0.05521703901120929,0.0,"GJR-GARCH(1,1,1)-t"
5480,15.382166793686338,20.338518201401808,True,True,0.8397813237717017,6.868796063547284e-16,"GJR-GARCH(1,1,1)-t"
5488,-4.799247332713598,0.15710407500187173,True,False,0.9999999999999871,0.13370230716455947,"GJR-GARCH(1,1,1)-t"
5490,63.080863443011474,68.03721485072694,True,True,4.349895663712803e-14,0.9748462276561387,"GJR-GARCH(1,1,1)-t"
5496,17.97568077008586,22.932032177801332,True,True,2.3941288480325523e-13,1.13871947738651e-16,"GJR-GARCH(1,1,1)-t"
5497,9.268910360006446,14.225261767721916,True,True,0.5623070013307322,7.756509595183952e-17,"GJR-GARCH(1,1,1)-t"
5505,-10.709543285194005,-5.753191877478535,True,False,0.9999999999999998,1.4560582448535014e-15,"GJR-GARCH(1,1,1)-t"
5510,-2.802964361132645,2.153387046582825,True,False,0.840350454416502,0.5798247727917577,"GJR-GARCH(1,1,1)-t"
5512,-21.09514367278517,-16.1387922650697,True,False,1.5841837616175734e-14,1.0,"GJR-GARCH(1,1,1)-t"
5513,11.712946359017177,16.669297766732647,True,True,8.578409446685527e-12,6.852009121289672e-11,"GJR-GARCH(1,1,1)-t"
5517,47.843819647274955,52.80017105499043,True,True,9.761220417611357e-20,0.47258145986567673,"GJR-GARCH(1,1,1)-t"
5532,17.64087196352698,22.59722337124245,True,True,2.2366488347499843e-15,0.6797250433766919,"GJR-GARCH(1,1,1)-t"
5539,6.239814050097554,11.196165457813024,True,False,4.006177041193748e-14,0.9999999999998096,"GJR-GARCH(1,1,1)-t"
5580,37.127412979759754,42.08376438747523,True,False,0.0,1.0,"GJR-GARCH(1,1,1)-t"
5598,13.538339462750015,18.494690870465483,True,True,0.6701466509022892,0.09359740886976156,"GJR-GARCH(1,1,1)-t"
5601,21.579970450862902,26.536321858578372,True,True,0.0,0.7971482302688822,"GJR-GARCH(1,1,1)-t"
5609,20.550181000547973,25.506532408263443,True,True,2.018607139633605e-14,0.667325265916092,"GJR-GARCH(1,1,1)-t"
5611,20.75052671968523,25.7068781274007,True,True,1.0537967443290061e-13,0.9757183270022862,"GJR-GARCH(1,1,1)-t"
5620,13.439475517051346,18.395826924766816,True,False,0.9999999999965568,2.1669412522423622e-12,"GJR-GARCH(1,1,1)-t"
5629,17.343201473587435,22.299552881302905,True,True,4.6991677653377615e-14,2.858066106135525e-13,"GJR-GARCH(1,1,1)-t"
5648,11.663524865749029,16.6198762734645,True,False,0.9999999999999992,0.40214870996959584,"GJR-GARCH(1,1,1)-t"
5658,18.82951838085345,23.785869788568924,True,True,9.280467377240065e-12,8.019672231351336e-11,"GJR-GARCH(1,1,1)-t"
5663,13.88677070110304,18.84312210881851,True,True,2.995848116542845e-14,0.9548647665709576,"GJR-GARCH(1,1,1)-t"
5666,10.403429074996478,15.359780482711948,True,True,0.0,0.9743361733848814,"GJR-GARCH(1,1,1)-t"
5667,9.377532751116906,14.333884158832376,True,False,8.033077405534019e-16,0.9999999999999969,"GJR-GARCH(1,1,1)-t"
5676,8.067197990234817,13.023549397950287,True,False,0.0,1.0,"GJR-GARCH(1,1,1)-t"
5678,18.20671163728805,23.16306304500352,True,True,3.031583949421551e-20,0.9642807183520683,"GJR-GARCH(1,1,1)-t"
5682,15.214928277702192,20.171279685417662,True,True,6.808175849945016e-11,0.9785691724899207,"GJR-GARCH(1,1,1)-t"
5686,-13.08976333042214,-8.13341192270667,True,True,2.3978159672359757e-15,0.7261875223698911,"GJR-GARCH(1,1,1)-t"
5704,-5.580970112098978,-0.6246187043835079,True,True,0.0,0.8943371636445757,"GJR-GARCH(1,1,1)-t"
5706,21.809885949299087,26.766237357014557,True,True,1.0844483306195524e-13,0.9452258197756469,"GJR-GARCH(1,1,1)-t"
5728,59.73744667134434,64.6937980790598,True,False,0.0,1.0,"GJR-GARCH(1,1,1)-t"
5729,32.041376337824786,36.99772774554026,True,True,0.20436132707761503,1.4127297778859838e-14,"GJR-GARCH(1,1,1)-t"
5743,-6.403273726640464,-1.4469223189249938,True,False,0.9999999999998119,2.2222714478596856e-13,"GJR-GARCH(1,1,1)-t"
5749,1.2996521727289299,6.2560035804444,True,True,5.860330633096596e-15,0.934853591976453,"GJR-GARCH(1,1,1)-t"
5756,51.86754181630635,56.823893224021816,True,True,0.0,0.9405225056017211,"GJR-GARCH(1,1,1)-t"
5759,41.62658156716857,46.582932974884045,True,True,2.0837554361457123e-16,2.577905050379447e-15,"GJR-GARCH(1,1,1)-t"
5763,-1.989402795092042,2.966948612623428,True,True,2.290106737422256e-16,0.9852589362711325,"GJR-GARCH(1,1,1)-t"
5773,2.028057809099584,6.984409216815054,True,True,0.8008528523581151,1.6802122500906652e-14,"GJR-GARCH(1,1,1)-t"
5777,7.059416584785202,12.015767992500672,True,True,2.749005977447732e-15,0.5202674378841923,"GJR-GARCH(1,1,1)-t"
5787,94.00408004414797,98.96043145186344,True,True,1.921160523215281e-13,0.957875886277385,"GJR-GARCH(1,1,1)-t"
5790,3.512704654047262,8.469056061762732,True,False,1.0,5.908689837982815e-21,"GJR-GARCH(1,1,1)-t"
5793,1.3762923866707464,6.332643794386216,True,True,0.0,0.9813457263784909,"GJR-GARCH(1,1,1)-t"
5795,17.112788609477626,22.069140017193096,True,True,2.4036981837904323e-14,1.840439522626946e-12,"GJR-GARCH(1,1,1)-t"
5803,12.58648301068006,17.542834418395532,True,True,0.0,0.9341768675040716,"GJR-GARCH(1,1,1)-t"
5809,13.829203365927556,18.785554773643028,True,False,0.05554697933388378,0.9722265103318442,"GJR-GARCH(1,1,1)-t"
5816,44.46737679981024,49.42372820752571,True,True,1.3341777925299737e-11,0.0,"GJR-GARCH(1,1,1)-t"
5817,31.495334388303412,36.45168579601888,True,True,7.0922531045592045e-15,0.0,"GJR-GARCH(1,1,1)-t"
5825,20.52574424774593,25.4820956554614,True,True,0.0,0.9112962073263654,"GJR-GARCH(1,1,1)-t"
5829,-0.32318111779526326,4.633170289920207,True,True,0.24625677958447165,2.344255419695795e-14,"GJR-GARCH(1,1,1)-t"
5831,-1.6475053104440711,3.308846097271399,True,False,0.999999999994231,0.23273818856636322,"GJR-GARCH(1,1,1)-t"
5832,8.859676430150879,13.816027837866349,True,False,1.0,0.12115403535667793,"GJR-GARCH(1,1,1)-t"
5842,15.443499132117836,20.399850539833306,True,False,2.6492016207472878e-15,0.9999999999999969,"GJR-GARCH(1,1,1)-t"
5846,13.588072083698622,18.544423491414094,True,True,1.0568091734150348e-14,0.1045327932006122,"GJR-GARCH(1,1,1)-t"
5853,-6.034422642083218,-1.0780712343677479,True,True,3.029425026708002e-15,0.0014978782327794988,"GJR-GARCH(1,1,1)-t"
5872,48.76457850114748,53.720929908862956,True,False,1.0,0.0,"GJR-GARCH(1,1,1)-t"
5878,-12.415929270021405,-7.459577862305935,True,True,4.069701354420192e-14,1.1715999135460793e-13,"GJR-GARCH(1,1,1)-t"
5904,61.75236367733011,66.70871508504558,True,True,0.344268323311549,0.0,"GJR-GARCH(1,1,1)-t"
5907,-5.861641343917764,-0.9052899362022941,True,True,0.3018783154749938,0.07641496837603247,"GJR-GARCH(1,1,1)-t"
5910,6.114212895635002,11.070564303350473,True,False,0.0,1.0,"GJR-GARCH(1,1,1)-t"
5913,8.990058178175593,13.946409585891063,True,True,0.0,0.9009128545681256,"GJR-GARCH(1,1,1)-t"
5915,-9.474062331893538,-4.517710924178068,True,False,1.3005889407995883e-12,0.9999999999747792,"GJR-GARCH(1,1,1)-t"
5916,-7.130146695599461,-2.1737952878839906,True,True,2.070664784264066e-14,0.7416960133256089,"GJR-GARCH(1,1,1)-t"
5929,26.16283201273592,31.119183420451385,True,True,0.0,0.7842476142210691,"GJR-GARCH(1,1,1)-t"
5932,19.252367244080006,24.208718651795476,True,True,7.567977987281442e-12,0.9395444407853331,"GJR-GARCH(1,1,1)-t"
5934,27.962792945694062,32.91914435340953,True,True,1.6297355938514654e-13,0.9499012106659378,"GJR-GARCH(1,1,1)-t"
5944,55.75902106331274,60.7153724710282,True,False,1.2454917803952613e-16,0.9999999999999981,"GJR-GARCH(1,1,1)-t"
5958,14.787348170921664,19.743699578637134,True,True,3.359852715989128e-19,6.564301310830712e-18,"GJR-GARCH(1,1,1)-t"
5975,19.14908716620925,24.10543857392472,True,True,3.921752751347467e-15,0.8095477206907316,"GJR-GARCH(1,1,1)-t"
5976,9.977068580306666,14.933419988022136,True,True,0.0,0.9521453482232951,"GJR-GARCH(1,1,1)-t"
5978,11.889575407465342,16.84592681518081,True,True,1.1019454831311291e-13,1.0697198177250463e-16,"GJR-GARCH(1,1,1)-t"
5987,-0.6853304614799036,4.271020946235566,True,False,0.9665759846107835,0.5167120076945929,"GJR-GARCH(1,1,1)-t"
6016,2.666224053814421,7.622575461529891,True,True,4.069469659033351e-16,3.074300671682627e-17,"GJR-GARCH(1,1,1)-t"
6020,24.485840966670494,29.442192374385964,True,False,1.0,0.28827150703659393,"GJR-GARCH(1,1,1)-t"
6029,53.39191763027962,58.348269037995095,True,True,3.4806262056408556e-14,0.9505962478368295,"GJR-GARCH(1,1,1)-t"
6065,9.981184765310672,14.937536173026142,True,True,3.655349891991266e-20,0.4518957188142761,"GJR-GARCH(1,1,1)-t"
6068,43.96942417043,48.925775578145476,True,True,0.7363126650970615,8.102701392072932e-17,"GJR-GARCH(1,1,1)-t"
6070,-18.88752067216469,-13.93116926444922,True,True,2.296399066770443e-21,2.237521575830089e-20,"GJR-GARCH(1,1,1)-t"
6074,31.571130914285707,36.52748232200118,True,True,6.3769398066085574e-18,0.5335590844354733,"GJR-GARCH(1,1,1)-t"
6076,35.970281955502784,40.92663336321825,True,True,0.0,0.901262829817892,"GJR-GARCH(1,1,1)-t"
6082,-8.818621714055453,-3.8622703063399833,True,True,0.0,0.7051342981966706,"GJR-GARCH(1,1,1)-t"
6085,43.68531851708998,48.64166992480545,True,False,0.38028630821344783,0.6381378372410259,"GJR-GARCH(1,1,1)-t"
6089,12.555821416884367,17.512172824599837,True,True,0.2223963231248484,0.6347975968049512,"GJR-GARCH(1,1,1)-t"
6102,6.682206015205212,11.638557422920682,True,True,1.883359018237948e-11,0.9681379642680892,"GJR-GARCH(1,1,1)-t"
6108,14.034399748966603,18.990751156682073,True,True,0.35931586419379996,8.984120003713903e-20,"GJR-GARCH(1,1,1)-t"
6114,26.32671858447618,31.28306999219165,True,True,1.088999268336968e-18,0.7908293314911617,"GJR-GARCH(1,1,1)-t"
6115,-22.127244461341405,-17.170893053625935,True,True,6.84503686595445e-15,0.11276445625038965,"GJR-GARCH(1,1,1)-t"
6121,5.087628063028809,10.04397947074428,True,True,4.5510632060545625e-09,0.8352554698360685,"GJR-GARCH(1,1,1)-t"
6134,12.169493522513415,17.125844930228887,True,True,1.540299795199641e-15,5.256328217354181e-14,"GJR-GARCH(1,1,1)-t"
6139,7.987751134860857,12.944102542576328,True,True,0.09336641326105663,1.3642149438280419e-12,"GJR-GARCH(1,1,1)-t"
6144,65.19434325289527,70.15069466061072,True,True,5.784497707745393e-14,7.366836398843989e-14,"GJR-GARCH(1,1,1)-t"
6145,8.284043262505667,13.240394670221137,True,True,7.218305003110967e-15,0.0,"GJR-GARCH(1,1,1)-t"
6166,7.426869934732123,12.383221342447593,True,True,1.632286161992284e-08,0.9599733924359131,"GJR-GARCH(1,1,1)-t"
6172,29.281263967622905,34.23761537533838,True,False,0.9999999999999991,5.584448286557804e-16,"GJR-GARCH(1,1,1)-t"
6174,39.19119970172265,44.147551109438126,True,True,0.009834643116156954,0.9625595662281519,"GJR-GARCH(1,1,1)-t"
6177,33.01473603454077,37.971087442256234,True,False,2.166555916356482e-12,0.9999999997454102,"GJR-GARCH(1,1,1)-t"
6197,11.622889651253345,16.579241058968815,True,True,1.0300162027203385e-13,0.6478692404127736,"GJR-GARCH(1,1,1)-t"
6213,18.621766197140968,23.578117604856438,True,False,0.9999999999969409,6.771130884417712e-13,"GJR-GARCH(1,1,1)-t"
6217,19.679723012138336,24.636074419853806,True,True,0.37881782607963865,2.1176049167330556e-20,"GJR-GARCH(1,1,1)-t"
6235,7.915249987427323,12.871601395142793,True,True,1.142792642335785e-19,1.4676521460726532e-16,"GJR-GARCH(1,1,1)-t"
6256,20.957337087532004,25.913688495247474,True,True,6.538478982365446e-16,0.7583675250128493,"GJR-GARCH(1,1,1)-t"
6270,-9.916344690213066,-4.959993282497596,True,False,4.8572054552689e-13,0.999999999999863,"GJR-GARCH(1,1,1)-t"
6272,-1.7992692848511727,3.1570821228642973,True,True,2.5799504561605703e-14,0.8197874191038257,"GJR-GARCH(1,1,1)-t"
6274,5.855697765579775,10.812049173295245,True,True,1.196632688003813e-11,0.03238232196104742,"GJR-GARCH(1,1,1)-t"
6286,1.8759286581642094,6.832280065879679,True,True,0.0,0.9813774972654481,"GJR-GARCH(1,1,1)-t"
6287,-1.0638876947813323,3.8924637129341377,True,False,1.512766260717474e-16,1.0,"GJR-GARCH(1,1,1)-t"
6296,45.50958101595456,50.465932423670026,True,True,0.0,0.059683329783744056,"GJR-GARCH(1,1,1)-t"
6316,60.15187934626884,65.10823075398432,True,True,0.0,0.7815585167358828,"GJR-GARCH(1,1,1)-t"
6324,-4.17024889971735,0.7861025079981196,True,True,3.3961907288908983e-19,0.8029523376255597,"GJR-GARCH(1,1,1)-t"
6325,-10.001045257324218,-5.044693849608748,True,True,3.9528263235432175e-11,0.47069604374960095,"GJR-GARCH(1,1,1)-t"
6342,6.758434696136186,11.714786103851656,True,False,8.971612948658143e-17,0.9999999999999997,"GJR-GARCH(1,1,1)-t"
6356,-4.567835089110886,0.3885163186045837,True,True,0.0,0.9743210830016472,"GJR-GARCH(1,1,1)-t"
6359,13.835235323920097,18.79158673163557,True,False,1.0,3.8227559376424044e-16,"GJR-GARCH(1,1,1)-t"
6367,-0.5758928749964465,4.3804585327190235,True,True,0.2656757874358804,2.338931194306064e-12,"GJR-GARCH(1,1,1)-t"
6382,-4.197252921036103,0.7590984866793669,True,True,0.1263368591906307,0.4895381389775198,"GJR-GARCH(1,1,1)-t"
6390,17.451297752187852,22.407649159903322,True,True,0.3048683709098626,4.507530045032309e-16,"GJR-GARCH(1,1,1)-t"
6398,59.40015413401615,64.35650554173162,True,True,8.97930919769393e-20,0.601684244650117,"GJR-GARCH(1,1,1)-t"
6403,16.696152758259412,21.652504165974882,True,True,0.06952695496597287,0.5912155247872328,"GJR-GARCH(1,1,1)-t"
6410,4.99275140075669,9.94910280847216,True,True,4.394832169413901e-12,3.828453383063051e-11,"GJR-GARCH(1,1,1)-t"
6428,-0.7984343229272373,4.157917084788233,True,False,0.9566063029652584,0.5216968485173707,"GJR-GARCH(1,1,1)-t"
6434,-4.713387790201793,0.24296361751367712,True,True,3.6090559421062884e-14,6.380251556058277e-06,"GJR-GARCH(1,1,1)-t"
6445,6.759827095362777,11.716178503078247,True,True,3.6335651352842255e-14,0.06898963796895267,"GJR-GARCH(1,1,1)-t"
6463,23.768175819728647,28.72452722744412,True,True,0.0,0.7157342834726302,"GJR-GARCH(1,1,1)-t"
6476,2.3848740996004505,7.3412255073159205,True,True,1.6406126154387697e-17,0.6358386189114394,"GJR-GARCH(1,1,1)-t"
6480,3.397188743769595,8.353540151485065,True,True,0.16173892812431778,7.747595824709623e-16,"GJR-GARCH(1,1,1)-t"
6481,-3.627900048333103,1.3284513593823668,True,True,0.0,0.47717650121775845,"GJR-GARCH(1,1,1)-t"
6482,-8.385166090575407,-3.4288146828599366,True,False,0.8802220803399489,0.5205987947811087,"GJR-GARCH(1,1,1)-t"
6483,-30.85211787027417,-25.8957664625587,True,True,6.445034682463057e-17,0.04118155886506248,"GJR-GARCH(1,1,1)-t"
6489,-3.2596459788668817,1.6967054288485883,True,True,3.2640805467740377e-17,0.32112768872958086,"GJR-GARCH(1,1,1)-t"
6493,11.177733069397295,16.134084477112765,True,True,1.4521900780506247e-16,0.8531627594272944,"GJR-GARCH(1,1,1)-t"
6494,0.818067255194908,5.774418662910378,True,True,1.748503453509741e-13,0.6675719707179553,"GJR-GARCH(1,1,1)-t"
6520,-8.442039217242417,-3.4856878095269472,True,False,2.9206373477660823e-18,1.0,"GJR-GARCH(1,1,1)-t"
6523,-2.9222005851659603,2.0341508225495097,True,True,2.779848323864884e-13,0.6703325286743982,"GJR-GARCH(1,1,1)-t"
6528,3.653483829962191,8.609835237677661,True,True,0.3643132326959937,3.866446396210911e-15,"GJR-GARCH(1,1,1)-t"
6545,-17.453088969695106,-12.496737561979636,True,True,0.21988457485174853,0.5398674020819608,"GJR-GARCH(1,1,1)-t"
6562,30.604292637131962,35.560644044847436,True,True,6.921846172776634e-20,0.3832006315350631,"GJR-GARCH(1,1,1)-t"
6566,-4.485081061568252,0.4712703461472181,True,False,0.6484213550803496,0.3839846710356889,"GJR-GARCH(1,1,1)-t"
6568,9.699249678750597,14.655601086466067,True,True,0.16452497885491538,2.2937063595600343e-14,"GJR-GARCH(1,1,1)-t"
6585,45.017832753903804,49.97418416161928,True,False,1.753915035588598e-15,0.9999999999999963,"GJR-GARCH(1,1,1)-t"
6592,29.38622015745201,34.342571565167475,True,True,9.200074918289287e-17,2.361539647894828e-16,"GJR-GARCH(1,1,1)-t"
6599,36.12140446432471,41.07775587204018,True,True,2.881600641485564e-14,0.163708868929343,"GJR-GARCH(1,1,1)-t"
6607,11.303310606810099,16.259662014525567,True,True,0.0,0.9658342792508833,"GJR-GARCH(1,1,1)-t"
6613,15.869193793427314,20.825545201142784,True,True,0.0,0.0,"GJR-GARCH(1,1,1)-t"
6617,-4.308556775394141,0.6477946323213288,True,True,1.9884057194095233e-17,0.9316339645384544,"GJR-GARCH(1,1,1)-t"
6619,8.561641413948951,13.517992821664421,True,False,0.0,1.0,"GJR-GARCH(1,1,1)-t"
6626,-13.840455038574696,-8.884103630859226,True,True,0.0,0.8149828419633274,"GJR-GARCH(1,1,1)-t"
6631,16.380432188605766,21.336783596321236,True,True,2.2055594390192186e-16,0.700912313481034,"GJR-GARCH(1,1,1)-t"
6632,0.5483224327597718,5.504673840475242,True,True,1.7026917057795342e-19,0.0,"GJR-GARCH(1,1,1)-t"
6643,5.290122815887157,10.246474223602627,True,False,0.9999999999999908,8.773405198841176e-16,"GJR-GARCH(1,1,1)-t"
6647,-16.05963020725009,-11.103278799534621,True,True,3.387380634174276e-15,0.8609675753653422,"GJR-GARCH(1,1,1)-t"
6648,30.28686585164971,35.24321725936518,True,True,0.6331650614415513,0.0,"GJR-GARCH(1,1,1)-t"
6657,31.409811408404412,36.36616281611988,True,True,3.8177605656597387e-13,2.687589614836012e-12,"GJR-GARCH(1,1,1)-t"
6668,-7.0744771711248156,-2.1181257634093456,True,True,7.161771752968107e-17,0.9762386465692154,"GJR-GARCH(1,1,1)-t"
6679,35.257927430980644,40.21427883869611,True,True,4.144614070970031e-15,2.530763148538505e-05,"GJR-GARCH(1,1,1)-t"
6693,-0.8982630053329466,4.058088402382523,True,False,1.0,0.0,"GJR-GARCH(1,1,1)-t"
6696,18.624386303765693,23.580737711481163,True,False,1.0,3.0408071209912054e-24,"GJR-GARCH(1,1,1)-t"
6723,-4.297628137031506,0.6587232706839643,True,True,0.5822128963115538,0.02597380654876455,"GJR-GARCH(1,1,1)-t"
6729,39.66157649911402,44.617927906829486,True,True,0.012295137233109505,0.08375836849531476,"GJR-GARCH(1,1,1)-t"
6730,20.13601943461505,25.09237084233052,True,True,2.858463749954231e-14,5.28632651072864e-14,"GJR-GARCH(1,1,1)-t"
6740,9.306948802312297,14.263300210027767,True,True,0.0,0.7194901271295455,"GJR-GARCH(1,1,1)-t"
6742,14.024924212270239,18.98127561998571,True,True,0.0,0.9280377548316514,"GJR-GARCH(1,1,1)-t"
6746,-2.8493376727462874,2.1070137349691827,True,True,0.0,0.918310446218377,"GJR-GARCH(1,1,1)-t"
6771,26.255794986919494,31.212146394634964,True,True,1.585582809527884e-13,0.978847088552952,"GJR-GARCH(1,1,1)-t"
6777,16.161173237701583,21.117524645417053,True,True,0.0,0.7303513038620388,"GJR-GARCH(1,1,1)-t"
6782,-14.582330615558813,-9.625979207843343,True,True,6.102510239014977e-15,0.39740506345132487,"GJR-GARCH(1,1,1)-t"
6799,-4.028059465437465,0.9282919422780047,True,True,2.6221888455526516e-17,0.9631539134939134,"GJR-GARCH(1,1,1)-t"
6809,17.593488750047815,22.549840157763285,True,True,0.21488484440667843,0.0,"GJR-GARCH(1,1,1)-t"
6815,37.969049418807636,42.9254008265231,True,True,0.0,0.24524910535724923,"GJR-GARCH(1,1,1)-t"
6819,-6.4094319735597765,-1.4530805658443064,True,False,1.9467453643374365e-15,1.0,"GJR-GARCH(1,1,1)-t"
6820,33.42587523959034,38.382226647305814,True,False,1.0,0.0,"GJR-GARCH(1,1,1)-t"
6822,11.10383745168718,16.06018885940265,True,True,0.5181651109654771,4.399544692423435e-17,"GJR-GARCH(1,1,1)-t"
6823,29.830080815516062,34.786432223231536,True,False,0.08831112664397568,0.9215693584079597,"GJR-GARCH(1,1,1)-t"
6827,5.53975431941727,10.49610572713274,True,False,2.489217812505253e-14,0.9999999999983211,"GJR-GARCH(1,1,1)-t"
6836,54.422388526382086,59.37873993409755,True,True,2.7949373243896556e-14,0.6258995712400648,"GJR-GARCH(1,1,1)-t"
6846,28.31861750182752,33.27496890954299,True,True,0.03405926211732543,0.87700020490192,"GJR-GARCH(1,1,1)-t"
6850,-2.045711219660191,2.910640188055279,True,False,0.9999999989149438,2.646291910027556e-10,"GJR-GARCH(1,1,1)-t"
6854,11.685985811346676,16.642337219062146,True,True,0.0,0.792661598898419,"GJR-GARCH(1,1,1)-t"
6859,20.192349917085302,25.14870132480077,True,True,1.502008354049577e-10,0.7851073140765765,"GJR-GARCH(1,1,1)-t"
6895,8.706640173651598,13.662991581367068,True,True,0.0,0.5522063067300127,"GJR-GARCH(1,1,1)-t"
6904,-13.436423617726199,-8.480072210010729,True,False,0.9999999999953414,0.49999999997787675,"GJR-GARCH(1,1,1)-t"
6906,26.226699376291705,31.183050784007175,True,True,1.5412061105430536e-17,0.8817741146905292,"GJR-GARCH(1,1,1)-t"
6909,3.3561750125348073,8.312526420250277,True,True,1.1470958297570817e-15,0.3466406509274098,"GJR-GARCH(1,1,1)-t"
6914,41.65500939554326,46.61136080325873,True,True,7.282559128757238e-15,4.687884061501463e-13,"GJR-GARCH(1,1,1)-t"
6917,26.380829656673377,31.337181064388844,True,False,0.0,1.0,"GJR-GARCH(1,1,1)-t"
6925,3.2269354206504772,8.183286828365947,True,True,0.07830901101008728,0.8956551553874197,"GJR-GARCH(1,1,1)-t"
6928,22.880032489594424,27.836383897309894,True,False,0.9999999999596925,1.1940701171522476e-10,"GJR-GARCH(1,1,1)-t"
6930,51.46658563325753,56.422937040973,True,True,1.1268731536708248e-13,0.9768206240195294,"GJR-GARCH(1,1,1)-t"
6931,-17.980494086900514,-13.024142679185044,True,True,2.707918206421838e-13,5.92312714547267e-14,"GJR-GARCH(1,1,1)-t"
6932,11.86985734781475,16.82620875553022,True,True,5.338078400847514e-13,3.5483755525091393e-16,"GJR-GARCH(1,1,1)-t"
6939,5.343349147380383,10.299700555095853,True,True,0.0,5.843795415505916e-15,"GJR-GARCH(1,1,1)-t"
6940,7.148238218300829,12.104589626016299,True,False,0.0,1.0,"GJR-GARCH(1,1,1)-t"
6941,-5.318324981350983,-0.3619735736355132,True,False,0.0,1.0,"GJR-GARCH(1,1,1)-t"
6944,19.54364485183572,24.49999625955119,True,True,1.982911065893744e-12,0.8527929918156386,"GJR-GARCH(1,1,1)-t"
6961,-2.85291945019922,2.10343195751625,True,True,0.10913466139812757,0.8510157675422403,"GJR-GARCH(1,1,1)-t"
6976,10.89319906721757,15.84955047493304,True,True,6.037319905365992e-16,0.12553641971020366,"GJR-GARCH(1,1,1)-t"
6979,25.592052641345035,30.548404049060505,True,True,1.0969589117062937e-13,5.779200928078117e-13,"GJR-GARCH(1,1,1)-t"
6999,-5.818507830769516,-0.8621564230540457,True,False,0.8475864662943805,0.5756457161470635,"GJR-GARCH(1,1,1)-t"
7005,29.847240575598878,34.80359198331435,True,True,2.3631399918415064e-16,0.0,"GJR-GARCH(1,1,1)-t"
7008,5.261225412394886,10.217576820110356,True,False,0.0,1.0,"GJR-GARCH(1,1,1)-t"
7009,5.648456666904249,10.604808074619719,True,True,0.855638217678909,0.0,"GJR-GARCH(1,1,1)-t"
7013,7.7382856419409585,12.694637049656428,True,True,5.214737948860789e-15,1.1042827757208275e-14,"GJR-GARCH(1,1,1)-t"
7014,19.725395189819476,24.681746597534946,True,True,0.351951311744706,1.6218056659435423e-15,"GJR-GARCH(1,1,1)-t"
7028,-5.761956413060471,-0.8056050053450008,True,True,0.0,0.9951060835139803,"GJR-GARCH(1,1,1)-t"
7041,32.44408769979211,37.40043910750758,True,True,0.028583595226610945,3.3527226006952406e-19,"GJR-GARCH(1,1,1)-t"
7043,43.97680286228348,48.93315426999895,True,False,0.0,0.9999900181091708,"GJR-GARCH(1,1,1)-t"
7051,-1.076519502339675,3.879831905375795,True,True,0.0,0.9547151132900387,"GJR-GARCH(1,1,1)-t"
7054,3.9273922550157305,8.8837436627312,True,True,1.09969324995052e-18,0.7489480533841828,"GJR-GARCH(1,1,1)-t"
7055,-7.29704580711077,-2.3406943993953,True,True,9.78474862760555e-14,0.9202440029813937,"GJR-GARCH(1,1,1)-t"
7107,17.473008510378744,22.429359918094214,True,True,0.06264266730852544,0.0,"GJR-GARCH(1,1,1)-t"
7122,-20.795898734259183,-15.839547326543713,True,True,0.40301283239718666,1.9527652452268185e-14,"GJR-GARCH(1,1,1)-t"
7124,35.13648675999965,40.092838167715115,True,False,9.324423705924489e-18,0.999999999999999,"GJR-GARCH(1,1,1)-t"
7133,21.731055661517438,26.68740706923291,True,True,0.12633681378021663,0.6128960283666117,"GJR-GARCH(1,1,1)-t"
7150,41.176390238844114,46.13274164655958,True,True,2.385424958013057e-15,0.8033248176389641,"GJR-GARCH(1,1,1)-t"
7151,11.741521767618991,16.69787317533446,True,True,0.24554448405333248,0.6527232536381509,"GJR-GARCH(1,1,1)-t"
7162,16.58649612842293,21.5428475361384,True,True,0.0,0.04537249162488626,"GJR-GARCH(1,1,1)-t"
7180,11.478893300017141,16.43524470773261,True,True,1.3208128465159365e-13,0.9867206571501095,"GJR-GARCH(1,1,1)-t"
7194,-23.505293015990908,-18.548941608275438,True,True,5.711987165669414e-13,0.9748942129499774,"GJR-GARCH(1,1,1)-t"
7195,2.7067263935197072,7.663077801235177,True,True,5.417141066151083e-16,0.6539688482485766,"GJR-GARCH(1,1,1)-t"
7200,25.830050074228513,30.786401481943983,True,True,2.395261274483e-14,0.9640545405521825,"GJR-GARCH(1,1,1)-t"
7212,1.1518528569935071,6.108204264708977,True,True,1.9607487329386627e-08,0.8536567048941587,"GJR-GARCH(1,1,1)-t"
7213,13.330079706469103,18.286431114184573,True,True,0.14162250602627843,4.36972852223299e-20,"GJR-GARCH(1,1,1)-t"
7217,24.8180036972513,29.77435510496677,True,True,0.15686153689944826,2.360150978414954e-15,"GJR-GARCH(1,1,1)-t"
7219,7.144655312373464,12.101006720088934,True,True,1.3005098012746926e-09,0.9677004577585792,"GJR-GARCH(1,1,1)-t"
7237,48.62756126065162,53.58391266836709,True,False,0.9999999997945677,4.401533133075598e-11,"GJR-GARCH(1,1,1)-t"
7245,7.930061965618448,12.886413373333918,True,True,0.0,0.7684601609565666,"GJR-GARCH(1,1,1)-t"
7249,22.050022437396215,27.00637384511169,True,False,0.999999979579685,3.379291671241376e-09,"GJR-GARCH(1,1,1)-t"
7251,10.197703563893832,15.154054971609302,True,False,4.867583299016878e-15,0.9999999999999926,"GJR-GARCH(1,1,1)-t"
7258,55.094592524693475,60.05094393240894,True,True,0.07773490370356721,0.8936734236875689,"GJR-GARCH(1,1,1)-t"
7260,17.077306615653086,22.033658023368556,True,True,3.799632030228575e-20,0.0201686014757429,"GJR-GARCH(1,1,1)-t"
7261,23.115027292896038,28.071378700611508,True,True,4.686349219172628e-13,1.519363218120876e-12,"GJR-GARCH(1,1,1)-t"
7270,-2.648191528249697,2.308159879465773,True,False,0.9999999999966548,2.0141120146915772e-12,"GJR-GARCH(1,1,1)-t"
7277,45.713033082383035,50.66938449009851,True,True,1.347112130419086e-13,2.8873773848412537e-16,"GJR-GARCH(1,1,1)-t"
7309,5.3758959003115905,10.33224730802706,True,True,0.43004496289089994,0.27659833942169443,"GJR-GARCH(1,1,1)-t"
7310,0.6768080037120452,5.633159411427515,True,True,1.75202332059021e-08,5.018125392908891e-08,"GJR-GARCH(1,1,1)-t"
7316,51.47543847435814,56.431789882073616,True,True,0.07438784696929758,0.0,"GJR-GARCH(1,1,1)-t"
7322,-25.94920154317073,-20.99285013545526,True,True,1.4102138860391497e-15,1.78476396816543e-15,"GJR-GARCH(1,1,1)-t"
7333,12.292938792017459,17.24929019973293,True,True,0.0,0.6430781116327635,"GJR-GARCH(1,1,1)-t"
7343,6.152470686878611,11.108822094594082,True,False,0.9999999999981006,3.324943045007864e-13,"GJR-GARCH(1,1,1)-t"
7367,-3.0627775036635825,1.8935739040518875,True,True,1.7395309323772455e-14,0.7926308409045644,"GJR-GARCH(1,1,1)-t"
7369,3.857864244868262,8.814215652583732,True,True,0.052971095584983106,5.523262757353174e-09,"GJR-GARCH(1,1,1)-t"
7373,3.958929832054638,8.915281239770108,True,False,0.0,1.0,"GJR-GARCH(1,1,1)-t"
7374,58.35243278208502,63.30878418980049,True,False,0.0,0.9999999999999959,"GJR-GARCH(1,1,1)-t"
7418,26.676844610929216,31.633196018644682,True,True,0.0,7.1970263142495415e-12,"GJR-GARCH(1,1,1)-t"
7444,10.823360536712839,15.779711944428309,True,True,0.0,0.34653685304794973,"GJR-GARCH(1,1,1)-t"
7447,6.131717255733751,11.08806866344922,True,False,0.9999999999845349,0.0,"GJR-GARCH(1,1,1)-t"
7458,14.119204453417543,19.075555861133015,True,True,0.18079594517898118,2.307204332550999e-12,"GJR-GARCH(1,1,1)-t"
7460,9.346357337090378,14.302708744805848,True,False,0.026834803719749778,0.9865825981401256,"GJR-GARCH(1,1,1)-t"
7465,-14.88580038488114,-9.92944897716567,True,True,0.20609269611338377,2.8949483328497624e-12,"GJR-GARCH(1,1,1)-t"
7467,-11.43530009094863,-6.47894868323316,True,False,0.48149683153583767,0.7592515842320772,"GJR-GARCH(1,1,1)-t"
7478,35.06117068956297,40.01752209727844,True,True,0.47489255853690826,9.36173225267285e-17,"GJR-GARCH(1,1,1)-t"
7491,35.84621604426419,40.802567451979655,True,False,0.9999999999066213,4.494846964057785e-11,"GJR-GARCH(1,1,1)-t"
7512,19.36128692217409,24.31763832988956,True,True,1.9662901463228265e-14,0.5086139183889155,"GJR-GARCH(1,1,1)-t"
7518,2.5760477656375205,7.5323991733529905,True,True,0.4323447670230862,3.387594414499482e-15,"GJR-GARCH(1,1,1)-t"
7545,12.787696734943147,17.744048142658617,True,True,0.3986525100998631,0.0,"GJR-GARCH(1,1,1)-t"
7548,32.19672433903057,37.15307574674604,True,True,0.0,0.43709296177147944,"GJR-GARCH(1,1,1)-t"
7564,67.14110030585769,72.09745171357316,True,True,0.0,0.9803236432947934,"GJR-GARCH(1,1,1)-t"
7566,36.679694716835996,41.63604612455147,True,True,6.821422272190986e-17,0.9698301302588674,"GJR-GARCH(1,1,1)-t"
7567,5.429492759142747,10.385844166858217,True,True,3.973432349675125e-17,0.2941384868688007,"GJR-GARCH(1,1,1)-t"
7572,11.72378737290502,16.68013878062049,True,True,0.16854207882330596,0.15101833750341598,"GJR-GARCH(1,1,1)-t"
7593,-13.45259631425331,-8.49624490653784,True,True,1.8146633700157597e-17,0.9632539679112934,"GJR-GARCH(1,1,1)-t"
7621,48.59092276383336,53.547274171548835,True,True,1.0505089246645716e-14,0.7618505508580806,"GJR-GARCH(1,1,1)-t"
7624,12.874138821309208,17.83049022902468,True,False,5.58522482182289e-13,1.0,"GJR-GARCH(1,1,1)-t"
7629,3.503320163775811,8.459671571491281,True,True,0.0,0.9542464563101818,"GJR-GARCH(1,1,1)-t"
7632,64.8226899781759,69.77904138589136,True,False,0.0,0.999999999999975,"GJR-GARCH(1,1,1)-t"
7653,2.5223265222402667,7.478677929955737,True,True,3.616899414717607e-15,0.7201370518119145,"GJR-GARCH(1,1,1)-t"
7666,36.35784709353675,41.314198501252214,True,True,1.2901555946260064e-15,0.0,"GJR-GARCH(1,1,1)-t"
7668,0.7637806587946372,5.720132066510107,True,True,5.622712836828002e-12,3.343208345770638e-11,"GJR-GARCH(1,1,1)-t"
7674,5.436918125484572,10.393269533200042,True,True,1.5455293160266367e-14,7.653854044486539e-13,"GJR-GARCH(1,1,1)-t"
7675,1.3609570904556083,6.317308498171078,True,True,1.8780506256957474e-12,0.9340928530400174,"GJR-GARCH(1,1,1)-t"
7677,-22.827062798616524,-17.870711390901054,True,True,0.6955725803278351,3.9939702599153574e-23,"GJR-GARCH(1,1,1)-t"
7679,9.037432621053203,13.993784028768673,True,False,1.0,0.0,"GJR-GARCH(1,1,1)-t"
7686,17.31878250792016,22.27513391563563,True,True,1.5212702903049368e-16,1.9387857906299636e-20,"GJR-GARCH(1,1,1)-t"
7709,3.7871502320696013,8.743501639785071,True,True,6.52350378375566e-16,1.9060162863928176e-15,"GJR-GARCH(1,1,1)-t"
7714,22.97281815131483,27.9291695590303,True,True,0.6793367977614924,2.0941526996785903e-15,"GJR-GARCH(1,1,1)-t"
7716,0.5007835685816708,5.457134976297141,True,True,5.1497622402845554e-15,0.9057241594464799,"GJR-GARCH(1,1,1)-t"
7743,55.958337768450356,60.91468917616582,True,True,6.753627008441395e-19,0.9425461877458581,"GJR-GARCH(1,1,1)-t"
7745,2.1551393382995574,7.111490746015027,True,True,7.578190753792449e-18,0.9422400050852232,"GJR-GARCH(1,1,1)-t"
7747,7.342841361637686,12.299192769353155,True,True,1.493394539471955e-14,0.9622948326429211,"GJR-GARCH(1,1,1)-t"
7752,46.928266217071545,51.88461762478701,True,True,8.467390766532775e-17,0.8328721819966064,"GJR-GARCH(1,1,1)-t"
7758,-1.3657083505484966,3.5906430571669734,True,True,6.743665481951981e-13,0.7615453198672922,"GJR-GARCH(1,1,1)-t"
7759,13.85282696414422,18.80917837185969,True,True,0.21641051959863372,4.909189380226264e-12,"GJR-GARCH(1,1,1)-t"
7764,5.450005256041678,10.406356663757148,True,True,0.0,0.0,"GJR-GARCH(1,1,1)-t"
7775,22.55360729195874,27.509958699674208,True,True,2.8117963414436805e-15,0.7017220802485906,"GJR-GARCH(1,1,1)-t"
7783,6.1545038777868095,11.110855285502279,True,True,3.230849328846054e-15,0.6096004901148323,"GJR-GARCH(1,1,1)-t"
7799,-0.3567953812294551,4.599556026486015,True,False,0.999999999999998,0.4999999999999983,"GJR-GARCH(1,1,1)-t"
7811,16.41155179357824,21.36790320129371,True,False,0.9090719058837767,0.5454640470581121,"GJR-GARCH(1,1,1)-t"
7818,10.405824383718814,15.362175791434284,True,True,7.367737860769199e-14,0.9693471545713485,"GJR-GARCH(1,1,1)-t"
7821,29.060250545603694,34.01660195331917,True,True,0.16632251270963816,1.4453972383653873e-18,"GJR-GARCH(1,1,1)-t"
7837,53.96633554131612,58.922686949031586,True,True,4.779326867690863e-19,4.081503159589159e-19,"GJR-GARCH(1,1,1)-t"
7843,1.7370876934274992,6.693439101142969,True,True,0.0,0.582081268373511,"GJR-GARCH(1,1,1)-t"
7845,-3.9175143945846003,1.0388370131308697,True,True,1.3695869387348478e-13,6.745317281348218e-16,"GJR-GARCH(1,1,1)-t"
7854,9.551535898187879,14.507887305903349,True,True,0.5009615388929375,0.0,"GJR-GARCH(1,1,1)-t"
7864,41.19107364193053,46.147425049645996,True,True,0.11138748877561215,0.0,"GJR-GARCH(1,1,1)-t"
7874,16.875574284048334,21.831925691763807,True,False,0.9999999999999998,0.4976061723674311,"GJR-GARCH(1,1,1)-t"
7882,-0.8428315424246744,4.113519865290796,True,False,0.6753795316936955,0.6623102342090965,"GJR-GARCH(1,1,1)-t"
7883,6.377800860781086,11.334152268496556,True,True,1.8025713026413118e-22,0.21999403648618443,"GJR-GARCH(1,1,1)-t"
7884,18.191246286261453,23.147597693976923,True,True,2.5684305660551554e-16,0.5413635580364654,"GJR-GARCH(1,1,1)-t"
7885,20.736940184292244,25.69329159200771,True,True,0.9165129791929867,0.011219243987612273,"GJR-GARCH(1,1,1)-t"
7897,26.372784540878015,31.329135948593482,True,True,2.87476976018091e-09,0.9539363836576435,"GJR-GARCH(1,1,1)-t"
7909,25.29931967249299,30.255671080208465,True,False,1.0,0.03261707148435032,"GJR-GARCH(1,1,1)-t"
7921,15.24627643053122,20.20262783824669,True,True,0.0,0.0,"GJR-GARCH(1,1,1)-t"
7992,27.07857521254585,32.03492662026132,True,False,0.0,0.9999999999994069,"GJR-GARCH(1,1,1)-t"
8009,1.7690906775598005,6.7254420852752705,True,True,2.5823217375869943e-18,0.5845542252354053,"GJR-GARCH(1,1,1)-t"
8011,-26.746904513347616,-21.790553105632146,True,True,0.7939130398160509,1.5364580465098144e-16,"GJR-GARCH(1,1,1)-t"
8014,-6.532450495045978,-1.5760990873305083,True,True,0.0,0.0,"GJR-GARCH(1,1,1)-t"
8016,4.769995654896086,9.726347062611556,True,False,0.4668960464423313,0.7665519767788413,"GJR-GARCH(1,1,1)-t"
8032,7.4496153124987,12.40596672021417,True,True,1.2205532952045403e-10,9.287656413008495e-09,"GJR-GARCH(1,1,1)-t"
8044,16.905448849957782,21.861800257673252,True,True,2.0393882766628747e-15,0.6715947454549983,"GJR-GARCH(1,1,1)-t"
8068,9.119017314074249,14.075368721789719,True,True,1.061389250042014e-14,0.9708327945986872,"GJR-GARCH(1,1,1)-t"
8070,27.479465701300597,32.43581710901607,True,True,2.872393729655272e-14,0.8440183750115758,"GJR-GARCH(1,1,1)-t"
8081,13.54971949056307,18.50607089827854,True,False,1.124617956141307e-11,0.9999999996787241,"GJR-GARCH(1,1,1)-t"
8085,26.97812076381514,31.93447217153061,True,True,0.24382352248390307,3.0481752699015894e-15,"GJR-GARCH(1,1,1)-t"
8101,35.96409865067592,40.920450058391395,True,True,0.6088103617451699,0.1948138225915875,"GJR-GARCH(1,1,1)-t"
8104,-12.224401442373399,-7.268050034657929,True,True,0.0,0.5432940938109991,"GJR-GARCH(1,1,1)-t"
8109,1.5540647017001294,6.5104161094155995,True,True,0.5518504978605624,0.40312632615923044,"GJR-GARCH(1,1,1)-t"
8168,,,False,False,,,"GJR-GARCH(1,1,1)-t"
8186,30.17368418632575,35.13003559404122,True,True,0.0,0.4172632250915401,"GJR-GARCH(1,1,1)-t"
8190,8.622444667742045,13.578796075457515,True,False,0.8387356777455673,0.40637556715994344,"GJR-GARCH(1,1,1)-t"
8191,16.586907918048222,21.543259325763692,True,True,4.0317482581826294e-21,0.34158559709560155,"GJR-GARCH(1,1,1)-t"
8192,-19.987403374220953,-15.031051966505483,True,True,0.0,0.0,"GJR-GARCH(1,1,1)-t"
8196,-15.602307352326228,-10.645955944610758,True,True,1.59749498425409e-15,1.7916710572173176e-12,"GJR-GARCH(1,1,1)-t"
8205,14.704426203070758,19.660777610786226,True,True,0.0933371452925295,0.8736494200396145,"GJR-GARCH(1,1,1)-t"
8211,1.4602089812109167,6.416560388926387,True,True,9.908497163285425e-16,0.10009174403312578,"GJR-GARCH(1,1,1)-t"
8219,23.99245809535926,28.94880950307473,True,True,4.878752540503953e-13,0.8435589267815202,"GJR-GARCH(1,1,1)-t"
8222,-0.5101649476600052,4.446186460055465,True,True,0.9675972520577258,1.1774731949083358e-19,"GJR-GARCH(1,1,1)-t"
8224,28.028214669998636,32.984566077714106,True,True,0.058480806588003545,0.9375152038556201,"GJR-GARCH(1,1,1)-t"
8256,59.29464422118478,64.25099562890026,True,False,0.9999999999999999,1.5946033945044646e-17,"GJR-GARCH(1,1,1)-t"
8271,3.5042264188325323,8.460577826548002,True,True,1.3413354319668204e-13,0.8594601796653544,"GJR-GARCH(1,1,1)-t"
8298,55.652309124501365,60.60866053221683,True,False,0.9999999999978674,6.833366972258896e-13,"GJR-GARCH(1,1,1)-t"
8331,16.208493925114478,21.164845332829948,True,False,0.0,1.0,"GJR-GARCH(1,1,1)-t"
8346,-6.501372083680312,-1.5450206759648424,True,True,3.018415441422778e-15,0.8283857738464548,"GJR-GARCH(1,1,1)-t"
8353,15.789928574635349,20.74627998235082,True,True,0.3763511281539506,0.0,"GJR-GARCH(1,1,1)-t"
8357,-10.225662934342171,-5.269311526626701,True,True,0.0,0.12212613194138124,"GJR-GARCH(1,1,1)-t"
8360,37.73367413441885,42.69002554213432,True,True,0.40011795779673026,3.405617563325613e-14,"GJR-GARCH(1,1,1)-t"
8365,24.752994451649656,29.709345859365122,True,True,0.0,0.8076769191930392,"GJR-GARCH(1,1,1)-t"
8408,41.18545583859431,46.141807246309774,True,False,0.9391907800876031,0.5303986267609189,"GJR-GARCH(1,1,1)-t"
8426,-0.9294703951800898,4.02688101253538,True,True,2.138346218294039e-13,8.668850059810726e-16,"GJR-GARCH(1,1,1)-t"
8435,-8.11243470092236,-3.1560832932068905,True,True,0.0,0.0,"GJR-GARCH(1,1,1)-t"
8441,40.17394314460543,45.130294552320905,True,True,0.07881781516603836,3.2004822913243615e-12,"GJR-GARCH(1,1,1)-t"
8442,10.076923934058758,15.033275341774228,True,True,0.5412319600766604,0.0,"GJR-GARCH(1,1,1)-t"
8447,58.62020496199114,63.57655636970661,True,True,2.3501655884240693e-13,0.9843228803638046,"GJR-GARCH(1,1,1)-t"
8448,0.5522868165376291,5.508638224253099,True,False,0.9999999999999999,8.419210771514648e-15,"GJR-GARCH(1,1,1)-t"
8454,25.52990075441538,30.48625216213085,True,True,8.11947784110515e-15,0.9426621469490473,"GJR-GARCH(1,1,1)-t"
8459,43.67315769667384,48.629509104389314,True,True,6.199073092900075e-16,0.0,"GJR-GARCH(1,1,1)-t"
8476,4.415296502671119,9.371647910386589,True,False,2.669476529981411e-15,1.0,"GJR-GARCH(1,1,1)-t"
8481,6.71774440303342,11.67409581074889,True,True,3.253796378827877e-14,0.7605076787981112,"GJR-GARCH(1,1,1)-t"
8518,30.22917715766259,35.185528565378064,True,False,2.225193815691767e-14,1.0,"GJR-GARCH(1,1,1)-t"
8524,-24.23223165237257,-19.2758802446571,True,False,0.9999999993354478,0.4079813876200245,"GJR-GARCH(1,1,1)-t"
8534,-5.613707130601021,-0.6573557228855513,True,True,2.9402020060175773e-15,0.7931833292726913,"GJR-GARCH(1,1,1)-t"
8546,-4.476518507900526,0.47983289981494437,True,True,9.064665751800308e-17,0.772820505011154,"GJR-GARCH(1,1,1)-t"
8554,42.36694792524131,47.32329933295678,True,False,2.3764650336562313e-15,0.9999999999999969,"GJR-GARCH(1,1,1)-t"
8573,8.98554165896979,13.94189306668526,True,True,0.0,2.9279346546613517e-15,"GJR-GARCH(1,1,1)-t"
8583,3.2734185639871516,8.229769971702622,True,True,1.2825784756206172e-13,0.5075745778730301,"GJR-GARCH(1,1,1)-t"
8585,7.2743043396891505,12.23065574740462,True,True,0.0,0.8881333676268098,"GJR-GARCH(1,1,1)-t"
8587,12.996176044039787,17.952527451755255,True,False,0.05452772256817067,0.9534679219960579,"GJR-GARCH(1,1,1)-t"
8590,-11.240462623840457,-6.2841112161249875,True,True,2.4918454423983053e-15,0.9890316078733874,"GJR-GARCH(1,1,1)-t"
8607,29.501257684310346,34.45760909202581,True,False,6.852739581642667e-17,1.0,"GJR-GARCH(1,1,1)-t"
8611,36.18263020666902,41.13898161438449,True,False,1.4092830503953538e-16,1.0,"GJR-GARCH(1,1,1)-t"
8613,-8.21095225873524,-3.25460085101977,True,False,1.0,0.49132774312542893,"GJR-GARCH(1,1,1)-t"
8615,10.981256657599767,15.937608065315237,True,True,0.5225678280115312,0.0946665314757657,"GJR-GARCH(1,1,1)-t"
8618,35.522098942798095,40.47845035051356,True,False,3.601854253869635e-18,1.0,"GJR-GARCH(1,1,1)-t"
8623,18.353418024148077,23.309769431863547,True,True,0.0,0.9592939122231426,"GJR-GARCH(1,1,1)-t"
8636,3.513976487926586,8.470327895642056,True,False,5.2710459149049504e-15,0.9999999999999682,"GJR-GARCH(1,1,1)-t"
8647,41.628809162219014,46.58516056993448,True,True,0.10429851101787861,8.983065876092253e-16,"GJR-GARCH(1,1,1)-t"
8652,-18.391552252427893,-13.435200844712423,True,True,0.7582841965761999,0.0,"GJR-GARCH(1,1,1)-t"
8659,-7.8761505424096505,-2.9197991346941805,True,False,0.9999999999999732,0.39425972272922527,"GJR-GARCH(1,1,1)-t"
8661,-1.182629353386906,3.773722054328564,True,True,0.39566932106755587,7.772898841058373e-19,"GJR-GARCH(1,1,1)-t"
8662,35.330107837332655,40.28645924504812,True,True,0.7484761953160218,3.9425417072254986e-11,"GJR-GARCH(1,1,1)-t"
8664,14.170577126097255,19.126928533812727,True,True,0.0,1.1128222458693922e-15,"GJR-GARCH(1,1,1)-t"
8665,-7.482826755098937,-2.5264753473834674,True,True,0.0,2.7220410956081094e-10,"GJR-GARCH(1,1,1)-t"
8667,23.852413298127374,28.808764705842844,True,False,0.7536864489517603,0.6231567755241211,"GJR-GARCH(1,1,1)-t"
8675,4.220156612953904,9.176508020669374,True,True,4.237132057381811e-16,0.23830983700520547,"GJR-GARCH(1,1,1)-t"
8676,13.271732849948433,18.2280842576639,True,False,0.5445463797058064,0.663406674676182,"GJR-GARCH(1,1,1)-t"
8696,6.979057677011911,11.93540908472738,True,False,0.0,0.9999999999999988,"GJR-GARCH(1,1,1)-t"
8702,25.823034700267204,30.779386107982674,True,True,0.12684683156929555,0.8396173907041872,"GJR-GARCH(1,1,1)-t"
8706,-1.746713694455929,3.209637713259541,True,True,1.1392451136757876e-12,3.759678386456161e-11,"GJR-GARCH(1,1,1)-t"
8708,-8.263083278609734,-3.3067318708942643,True,False,0.3911811115925817,0.8044094442056072,"GJR-GARCH(1,1,1)-t"
8718,14.59725442260207,19.55360583031754,True,True,0.1307935984771542,1.359991518886274e-12,"GJR-GARCH(1,1,1)-t"
8721,53.558818951576754,58.51517035929223,True,False,0.9999999999999999,0.01051215930030774,"GJR-GARCH(1,1,1)-t"
8744,15.212705608890738,20.16905701660621,True,False,1.0989541618854244e-16,0.9999999999999998,"GJR-GARCH(1,1,1)-t"
8747,-8.306109488987886,-3.349758081272416,True,False,0.9999999999996149,0.0,"GJR-GARCH(1,1,1)-t"
8749,7.335207070763065,12.291558478478535,True,True,8.390547915240005e-20,0.14214099077518794,"GJR-GARCH(1,1,1)-t"
8750,28.678982576843254,33.63533398455873,True,True,0.5216739988585254,0.0,"GJR-GARCH(1,1,1)-t"
8753,5.47772628417621,10.43407769189168,True,True,0.0,0.8052177758466028,"GJR-GARCH(1,1,1)-t"
8763,35.799637611018916,40.75598901873438,True,True,0.3382357812921503,0.09649021958096925,"GJR-GARCH(1,1,1)-t"
8773,44.40026220155565,49.35661360927112,True,True,0.0,0.41149442453114016,"GJR-GARCH(1,1,1)-t"
8776,-10.658921421875291,-5.7025700141598215,True,True,6.797977959623448e-13,0.0,"GJR-GARCH(1,1,1)-t"
8779,40.2113260142928,45.16767742200827,True,True,0.0,0.7146404291162591,"GJR-GARCH(1,1,1)-t"
8797,16.6100295713471,21.566380979062565,True,False,0.9505025817797913,0.5247487091109635,"GJR-GARCH(1,1,1)-t"
8822,-11.243320220400847,-6.286968812685377,True,True,1.0205639103142349e-12,0.9879432250706386,"GJR-GARCH(1,1,1)-t"
8825,5.974965135579591,10.931316543295061,True,False,0.0,1.0,"GJR-GARCH(1,1,1)-t"
8840,-10.985549219670936,-6.029197811955466,True,True,1.4257989764064082e-18,0.9301584620692251,"GJR-GARCH(1,1,1)-t"
8859,-1.4834541497655866,3.4728972579498834,True,False,0.9999999998659798,3.4530171401014554e-11,"GJR-GARCH(1,1,1)-t"
8891,38.16555047131312,43.121901879028584,True,True,3.8492928204505234e-14,0.8507128821431198,"GJR-GARCH(1,1,1)-t"
8913,30.527367847749808,35.483719255465275,True,False,1.0,0.12531531170121848,"GJR-GARCH(1,1,1)-t"
8918,-20.670741793258003,-15.714390385542533,True,False,0.5220305725323321,0.7389847137338325,"GJR-GARCH(1,1,1)-t"
8934,10.601860402228988,15.558211809944458,True,True,9.042773451095183e-12,5.7603053052232e-16,"GJR-GARCH(1,1,1)-t"
8937,17.066954684302544,22.023306092018014,True,True,3.0635122329765294e-14,0.8824269942634634,"GJR-GARCH(1,1,1)-t"
8938,33.8332676740977,38.789619081813164,True,True,0.256111545526946,0.6880331075046127,"GJR-GARCH(1,1,1)-t"
8950,27.71878603034714,32.675137438062606,True,True,0.0,0.961302262579815,"GJR-GARCH(1,1,1)-t"
8974,-7.027441236523014,-2.071089828807544,True,False,0.9999999999928029,1.0689676701353723e-11,"GJR-GARCH(1,1,1)-t"
8978,-5.188052244750935,-0.23170083703546496,True,True,1.0360069970885565e-14,1.1352140651634536e-12,"GJR-GARCH(1,1,1)-t"
9000,-13.485143529884969,-8.528792122169499,True,True,0.5639928273609935,4.083658023523238e-18,"GJR-GARCH(1,1,1)-t"
9001,3.679030574061459,8.635381981776929,True,True,0.0,0.8190770528139373,"GJR-GARCH(1,1,1)-t"
9021,-23.474484216980755,-18.518132809265285,True,False,0.9999999980344755,1.8393441365433787e-09,"GJR-GARCH(1,1,1)-t"
9028,34.23043850307147,39.18678991078694,True,False,0.0,1.0,"GJR-GARCH(1,1,1)-t"
9030,7.72106888481284,12.67742029252831,True,False,0.23554294548377938,0.882228527258109,"GJR-GARCH(1,1,1)-t"
9037,-12.141231087592715,-7.184879679877245,True,True,0.0,0.0,"GJR-GARCH(1,1,1)-t"
9038,19.51125697785597,24.467608385571445,True,True,0.21256557610369822,7.036782614376859e-16,"GJR-GARCH(1,1,1)-t"
9060,-26.22286563661453,-21.26651422889906,True,True,3.232089669845014e-17,0.10376232502714403,"GJR-GARCH(1,1,1)-t"
9064,9.980505747270017,14.936857154985487,True,True,0.025935407045402578,4.352185479932575e-19,"GJR-GARCH(1,1,1)-t"
9067,57.10490866634709,62.06126007406256,True,True,0.552066134614188,3.1751586036321e-20,"GJR-GARCH(1,1,1)-t"
9072,7.217129226747056,12.173480634462525,True,True,2.2232329801864237e-14,0.9412280837584645,"GJR-GARCH(1,1,1)-t"
9076,10.908195018966671,15.864546426682141,True,True,2.4362393771232937e-21,0.9845278430596528,"GJR-GARCH(1,1,1)-t"
9077,30.702278638592805,35.658630046308275,True,True,5.302422640919005e-14,0.0,"GJR-GARCH(1,1,1)-t"
9091,21.26915543583368,26.22550684354915,True,True,4.5611964935872446e-21,1.1323667157010923e-16,"GJR-GARCH(1,1,1)-t"
9096,2.027344459329118,6.983695867044588,True,True,0.0,0.9458378483255644,"GJR-GARCH(1,1,1)-t"
9100,28.319872259993343,33.27622366770881,True,True,0.6395392461701972,1.2083057551397395e-18,"GJR-GARCH(1,1,1)-t"
9114,5.4724104123113175,10.428761820026788,True,False,7.215011701548176e-16,1.0,"GJR-GARCH(1,1,1)-t"
9123,23.509356345614524,28.465707753329994,True,True,0.0,0.7561071931672537,"GJR-GARCH(1,1,1)-t"
9138,8.192376505359274,13.148727913074744,True,True,0.5038252022162505,0.3666006462479838,"GJR-GARCH(1,1,1)-t"
9146,30.104603583528398,35.06095499124387,True,True,1.5923558155499123e-09,0.948952005564218,"GJR-GARCH(1,1,1)-t"
9153,55.1400433828679,60.096394790583375,True,True,0.0,0.6704114869296572,"GJR-GARCH(1,1,1)-t"
9160,19.929403184918847,24.885754592634317,True,True,2.3909341329255903e-13,0.9438772277191497,"GJR-GARCH(1,1,1)-t"
9164,2.5252354034585913,7.481586811174061,True,True,0.0,0.9144432580456242,"GJR-GARCH(1,1,1)-t"
9166,-13.804837156592395,-8.848485748876925,True,True,5.0297783659436606e-12,0.6318132295922206,"GJR-GARCH(1,1,1)-t"
9186,-2.881996388121287,2.074355019594183,True,True,3.1609166659720144e-13,0.9924744122729475,"GJR-GARCH(1,1,1)-t"
9190,14.795981413925697,19.75233282164117,True,True,4.56015766814113e-13,0.8298667028322819,"GJR-GARCH(1,1,1)-t"
9194,9.010020476547503,13.966371884262973,True,True,0.0,0.9513741300510816,"GJR-GARCH(1,1,1)-t"
9198,0.2508364740100042,5.207187881725474,True,False,2.2242904945141382e-15,0.999999999999982,"GJR-GARCH(1,1,1)-t"
9201,-15.069642445851702,-10.113291038136232,True,True,5.700648793994754e-15,0.3242979741694532,"GJR-GARCH(1,1,1)-t"
9205,-14.109586461308531,-9.153235053593061,True,False,1.0,6.999747512476394e-16,"GJR-GARCH(1,1,1)-t"
9207,-12.056627023597915,-7.100275615882445,True,False,4.4321122767325224e-12,1.0,"GJR-GARCH(1,1,1)-t"
9208,-3.026499536240813,1.929851871474657,True,False,0.9999999999995678,1.380653215936692e-13,"GJR-GARCH(1,1,1)-t"
9215,7.604614314240178,12.560965721955647,True,True,8.841337647662383e-16,8.355293925310037e-16,"GJR-GARCH(1,1,1)-t"
9219,-0.06020464910059431,4.896146758614876,True,True,1.9422420680839948e-14,0.957961068144009,"GJR-GARCH(1,1,1)-t"
9222,24.983116272082626,29.939467679798096,True,True,0.0,2.4482124164731347e-10,"GJR-GARCH(1,1,1)-t"
9243,12.93282189735601,17.88917330507148,True,True,0.0,0.934366571516877,"GJR-GARCH(1,1,1)-t"
9248,22.52250484074822,27.47885624846369,True,False,1.0,0.19681219549651818,"GJR-GARCH(1,1,1)-t"
9266,40.41046450411136,45.36681591182683,True,False,2.6807545093490888e-15,0.9999999999999108,"GJR-GARCH(1,1,1)-t"
9275,3.5570163172227165,8.513367724938186,True,True,0.0,1.032527424212948e-15,"GJR-GARCH(1,1,1)-t"
9279,52.60847256548364,57.56482397319911,True,True,0.0,0.8914476125666723,"GJR-GARCH(1,1,1)-t"
9281,9.463860803066705,14.420212210782175,True,False,0.0,1.0,"GJR-GARCH(1,1,1)-t"
9282,12.200082477596801,17.15643388531227,True,True,1.6816546919824739e-15,0.0,"GJR-GARCH(1,1,1)-t"
9285,32.92441970094107,37.880771108656546,True,True,0.0,0.9673764999470936,"GJR-GARCH(1,1,1)-t"
9289,11.093884828269307,16.050236235984777,True,True,0.0,0.8043430864506254,"GJR-GARCH(1,1,1)-t"
9300,-14.75919615077946,-9.80284474306399,True,True,0.1322889245146801,3.8838094260071314e-10,"GJR-GARCH(1,1,1)-t"
9302,0.8780726294868924,5.834424037202362,True,True,1.497067257761693e-14,0.18751590117317227,"GJR-GARCH(1,1,1)-t"
9311,1.4541039675095497,6.41045537522502,True,True,9.57085399787028e-15,4.57694668541317e-14,"GJR-GARCH(1,1,1)-t"
9312,-1.5577642825272733,3.3985871251881967,True,True,2.0398478349338396e-13,7.176321568394429e-12,"GJR-GARCH(1,1,1)-t"
9329,-2.3200695735527397,2.6362818341627303,True,True,0.0,0.9745061508943096,"GJR-GARCH(1,1,1)-t"
9343,8.105435505819035,13.061786913534505,True,True,0.9148924605508834,2.4378971044381206e-14,"GJR-GARCH(1,1,1)-t"
9350,-10.827029050180943,-5.870677642465473,True,True,4.4784206324626195e-14,0.9544181567095501,"GJR-GARCH(1,1,1)-t"
9352,16.503748293874768,21.460099701590238,True,False,0.9999999997748686,2.83636564108267e-10,"GJR-GARCH(1,1,1)-t"
9367,19.962503720728872,24.918855128444342,True,True,2.1822584557059653e-16,0.6337149153055948,"GJR-GARCH(1,1,1)-t"
9377,20.929954194287465,25.886305602002935,True,False,7.097067965713842e-15,1.0,"GJR-GARCH(1,1,1)-t"
9381,5.401052368248147,10.357403775963617,True,True,1.873151836810937e-18,3.165718093859592e-16,"GJR-GARCH(1,1,1)-t"
9396,10.537066406198946,15.493417813914416,True,True,4.306516465186047e-13,1.57458718674433e-18,"GJR-GARCH(1,1,1)-t"
9427,43.686071340635806,48.64242274835127,True,False,1.0,1.1348286172681422e-17,"GJR-GARCH(1,1,1)-t"
9431,11.83374301594501,16.79009442366048,True,True,5.943845696870236e-17,0.7614943022203323,"GJR-GARCH(1,1,1)-t"
9438,9.082767082980665,14.039118490696135,True,False,0.0,1.0,"GJR-GARCH(1,1,1)-t"
9445,24.85043589912934,29.80678730684481,True,False,1.0,0.0,"GJR-GARCH(1,1,1)-t"
9448,5.015874956123362,9.972226363838832,True,True,0.6980578313394519,0.15652296788922068,"GJR-GARCH(1,1,1)-t"
9456,2.7819872657916704,7.73833867350714,True,True,1.7837739869261895e-17,2.797194333026423e-17,"GJR-GARCH(1,1,1)-t"
9465,14.812590348802908,19.768941756518377,True,True,1.7479888955543896e-11,0.8573128856423666,"GJR-GARCH(1,1,1)-t"
9493,15.390050928948236,20.346402336663704,True,True,1.2966695532687435e-11,9.114890307246262e-11,"GJR-GARCH(1,1,1)-t"
9496,20.969066502003948,25.925417909719414,True,False,7.164262481277388e-17,1.0,"GJR-GARCH(1,1,1)-t"
9501,-3.4022037529327775,1.5541476547826925,True,False,0.9999999999999283,6.966790976718312e-14,"GJR-GARCH(1,1,1)-t"
9518,-22.83219090590432,-17.87583949818885,True,False,1.0,0.0,"GJR-GARCH(1,1,1)-t"
9557,53.01107215556232,57.96742356327779,True,True,2.623831918440573e-14,0.9917255841643543,"GJR-GARCH(1,1,1)-t"
9564,24.33499367367572,29.291345081391185,True,True,0.4406017673588738,5.956220505427582e-19,"GJR-GARCH(1,1,1)-t"
9583,21.913770463838382,26.87012187155385,True,True,1.1849956977000966e-16,0.9046253023074429,"GJR-GARCH(1,1,1)-t"
9606,16.80818098733345,21.76453239504892,True,False,0.0,1.0,"GJR-GARCH(1,1,1)-t"
9610,37.18957251544221,42.14592392315768,True,False,1.0,0.17154325463485007,"GJR-GARCH(1,1,1)-t"
9633,-8.958948206929435,-4.002596799213965,True,True,0.12487501058072471,1.2669004841371096e-12,"GJR-GARCH(1,1,1)-t"
9640,-4.123981708935826,0.8323696987796438,True,False,0.0,1.0,"GJR-GARCH(1,1,1)-t"
9659,14.771482119151882,19.72783352686735,True,True,1.1048258386969785e-15,0.8087208348744809,"GJR-GARCH(1,1,1)-t"
9664,5.567716537746126,10.524067945461596,True,True,3.1335636155529435e-15,0.5869451310712992,"GJR-GARCH(1,1,1)-t"
9665,23.546820276656277,28.50317168437175,True,True,0.0,3.321726399790616e-16,"GJR-GARCH(1,1,1)-t"
9674,48.66867563896665,53.62502704668212,True,True,0.181818047812866,0.7207134736821884,"GJR-GARCH(1,1,1)-t"
9687,47.75171091381166,52.70806232152712,True,False,2.3260978730647725e-19,1.0,"GJR-GARCH(1,1,1)-t"
9694,-6.268915917813008,-1.3125645100975376,True,True,6.199137626092053e-14,0.7828519780498535,"GJR-GARCH(1,1,1)-t"
9700,10.869170721313619,15.825522129029089,True,False,0.0,1.0,"GJR-GARCH(1,1,1)-t"
9720,-5.119572783175077,-0.16322137545960658,True,False,0.5033370320537425,0.6598119205801124,"GJR-GARCH(1,1,1)-t"
9735,27.401077787208173,32.35742919492364,True,True,0.0,0.8019426638233134,"GJR-GARCH(1,1,1)-t"
9737,65.5352598779123,70.49161128562776,True,True,0.0,0.7906350706374032,"GJR-GARCH(1,1,1)-t"
9748,-10.742635354937086,-5.786283947221616,True,True,0.0,0.6701636360987818,"GJR-GARCH(1,1,1)-t"
9752,23.525784980249707,28.482136387965177,True,False,6.465487230431531e-16,0.9999999999999997,"GJR-GARCH(1,1,1)-t"
9759,-0.03914467814674971,4.91720672956872,True,False,1.1352141299918447e-19,1.0,"GJR-GARCH(1,1,1)-t"
9770,78.52288724156313,83.4792386492786,True,True,0.0,0.9710299661636874,"GJR-GARCH(1,1,1)-t"
9779,50.812820643175115,55.76917205089059,True,True,0.0,0.9776245843276078,"GJR-GARCH(1,1,1)-t"
9787,13.884775162076792,18.841126569792262,True,True,9.50466853409665e-14,0.7866173538240004,"GJR-GARCH(1,1,1)-t"
9797,15.076428669897217,20.032780077612685,True,True,1.5379306117888255e-09,0.9124638269320933,"GJR-GARCH(1,1,1)-t"
9819,4.42076388532594,9.37711529304141,True,True,0.794160058775024,1.0549786487992856e-18,"GJR-GARCH(1,1,1)-t"
9822,10.912911973751637,15.869263381467107,True,True,0.4185922484781594,1.8347892396963372e-19,"GJR-GARCH(1,1,1)-t"
9846,-9.329198587690136,-4.372847179974666,True,True,2.056364176305289e-12,0.5618502090985449,"GJR-GARCH(1,1,1)-t"
9862,21.601367495630473,26.557718903345943,True,True,1.485248124376079e-17,0.18683980425527733,"GJR-GARCH(1,1,1)-t"
9866,-2.5322775630253425,2.4240738446901275,True,True,7.08817190857115e-16,0.6214671692252363,"GJR-GARCH(1,1,1)-t"
9869,-14.425488064493042,-9.469136656777572,True,True,0.0,0.8240879357671396,"GJR-GARCH(1,1,1)-t"
9885,26.735734144556492,31.692085552271962,True,True,8.758790635486381e-15,0.0,"GJR-GARCH(1,1,1)-t"
9887,9.787192924641063,14.743544332356533,True,True,1.281998526242333e-13,0.9614199988384018,"GJR-GARCH(1,1,1)-t"
9889,20.92907500017081,25.88542640788628,True,True,0.1446451178685594,0.7289813078866708,"GJR-GARCH(1,1,1)-t"
9890,47.22329619625452,52.17964760397,True,False,0.9999999999999882,6.697476986583904e-15,"GJR-GARCH(1,1,1)-t"
9914,13.141477546963616,18.097828954679088,True,False,0.0,1.0,"GJR-GARCH(1,1,1)-t"
9918,35.53378395831301,40.49013536602848,True,True,1.8688143778612206e-18,1.002631766406844e-05,"GJR-GARCH(1,1,1)-t"
9932,53.24052097695832,58.196872384673796,True,False,0.0,1.0,"GJR-GARCH(1,1,1)-t"
9935,14.307388028138185,19.263739435853655,True,True,3.1707214177407675e-14,0.539817910562604,"GJR-GARCH(1,1,1)-t"
9936,56.464506423377955,61.42085783109343,True,True,4.2424138431345544e-10,0.9174922772177684,"GJR-GARCH(1,1,1)-t"
9940,2.186343425579256,7.142694833294726,True,False,0.0,1.0,"GJR-GARCH(1,1,1)-t"
9947,15.79242824889499,20.74877965661046,True,True,1.11956360254517e-19,0.21385804931450209,"GJR-GARCH(1,1,1)-t"
9960,29.591999573297834,34.5483509810133,True,False,0.9999999999999991,0.5000000000000004,"GJR-GARCH(1,1,1)-t"
9967,37.395842444715456,42.35219385243093,True,True,1.8197414481122898e-15,1.4798665820806917e-14,"GJR-GARCH(1,1,1)-t"
9970,32.34712965152447,37.30348105923994,True,True,3.737333752283707e-15,0.7640450576711226,"GJR-GARCH(1,1,1)-t"
9972,18.51026644648293,23.466617854198404,True,True,7.068535026988896e-14,0.7360501690017407,"GJR-GARCH(1,1,1)-t"
9973,36.866210627942834,41.82256203565831,True,True,1.2447207357907085e-18,0.6997856643639601,"GJR-GARCH(1,1,1)-t"
9976,49.28503558110192,54.241386988817396,True,True,1.2474873418420298e-21,4.8992438833270755e-16,"GJR-GARCH(1,1,1)-t"
9988,11.280481648041064,16.236833055756534,True,True,1.1728602498314333e-12,3.877496044584384e-13,"GJR-GARCH(1,1,1)-t"
9993,-7.709093058956622,-2.752741651241152,True,False,2.2686812026939575e-12,0.9999999999592938,"GJR-GARCH(1,1,1)-t"
10000,11.101374176185615,16.057725583901085,True,True,0.0,0.885769470866117,"GJR-GARCH(1,1,1)-t"
10005,19.000586607265383,23.956938014980853,True,True,3.0044975456700137e-15,5.90213648306754e-09,"GJR-GARCH(1,1,1)-t"
10017,48.61013315119421,53.56648455890968,True,False,0.0,1.0,"GJR-GARCH(1,1,1)-t"
10030,-7.73689724608926,-2.78054583837379,True,True,0.9244828147276817,2.0066144740980185e-07,"GJR-GARCH(1,1,1)-t"
10035,8.092139194283506,13.048490601998976,True,False,0.0,1.0,"GJR-GARCH(1,1,1)-t"
10040,6.233614108967696,11.189965516683166,True,True,1.801445217798986e-15,0.3036309209514022,"GJR-GARCH(1,1,1)-t"
10042,31.412135211462633,36.3684866191781,True,True,5.6263124797162266e-21,0.9605540968323883,"GJR-GARCH(1,1,1)-t"
10045,25.981623262394063,30.937974670109533,True,True,1.536458806545749e-13,0.958984707631321,"GJR-GARCH(1,1,1)-t"
10070,4.272710577847464,9.229061985562934,True,True,0.0,0.9567511363776772,"GJR-GARCH(1,1,1)-t"
10071,31.982719912272156,36.939071319987626,True,True,1.315550374351959e-16,0.545623753816555,"GJR-GARCH(1,1,1)-t"
10072,-4.566820944055749,0.389530463659721,True,True,0.17816665117666666,0.7588236761743119,"GJR-GARCH(1,1,1)-t"
10081,-7.694518408325752,-2.7381670006102823,True,True,1.8494412949747668e-15,0.00950652843507755,"GJR-GARCH(1,1,1)-t"
10088,54.244104119866456,59.20045552758192,True,True,0.0,0.0,"GJR-GARCH(1,1,1)-t"
10100,-5.696197548973828,-0.7398461412583579,True,True,2.7172708122191772e-14,0.5829347803292724,"GJR-GARCH(1,1,1)-t"
10105,29.836025581286304,34.792376989001774,True,False,0.6814849262604769,0.5349947840245641,"GJR-GARCH(1,1,1)-t"
10111,0.9960120620960797,5.95236346981155,True,True,1.3634199835303923e-10,5.742595284241038e-11,"GJR-GARCH(1,1,1)-t"
10113,31.020455130954577,35.97680653867005,True,True,0.0,0.767061726739483,"GJR-GARCH(1,1,1)-t"
10123,12.186714331421175,17.143065739136645,True,True,0.812677851889811,2.379636829024011e-14,"GJR-GARCH(1,1,1)-t"
10135,-4.182923567406565,0.773427840308905,True,True,0.8573233419425084,2.3562592803596723e-14,"GJR-GARCH(1,1,1)-t"
10150,37.74931824031823,42.7056696480337,True,False,7.67108338907583e-13,0.9999999999256501,"GJR-GARCH(1,1,1)-t"
10163,-12.760902389203125,-7.804550981487655,True,False,0.5562600650819853,0.6628572226569696,"GJR-GARCH(1,1,1)-t"
10171,-8.046798139759943,-3.090446732044473,True,True,0.0,0.0011438200325937257,"GJR-GARCH(1,1,1)-t"
10186,-7.63221405671835,-2.6758626490028803,True,True,0.05539413668550395,0.8502902598501008,"GJR-GARCH(1,1,1)-t"
10191,41.040269873066535,45.99662128078201,True,True,1.9814638304963924e-20,0.933963536938418,"GJR-GARCH(1,1,1)-t"
10206,-2.5204811652747203,2.4358702424407497,True,True,5.227928019050766e-16,0.6937827387913013,"GJR-GARCH(1,1,1)-t"
10209,23.57422816905686,28.53057957677233,True,False,0.0,1.0,"GJR-GARCH(1,1,1)-t"
10220,-10.286109361896617,-5.329757954181147,True,True,1.480366672654571e-09,0.8952733437211671,"GJR-GARCH(1,1,1)-t"
10230,10.414966705659952,15.371318113375422,True,True,4.374677429023706e-16,7.901867664393394e-16,"GJR-GARCH(1,1,1)-t"
10243,-0.8233475577201936,4.133003849995276,True,True,3.3759483819599803e-19,0.0,"GJR-GARCH(1,1,1)-t"
10250,-6.033378096792205,-1.0770266890767353,True,False,0.7190706231295982,0.4707492063890209,"GJR-GARCH(1,1,1)-t"
10262,32.81748889091246,37.773840298627924,True,False,2.0454391258061335e-17,1.0,"GJR-GARCH(1,1,1)-t"
10264,-8.6780124783496,-3.7216610706341307,True,True,0.0,0.9762278622974463,"GJR-GARCH(1,1,1)-t"
10291,5.51643356651198,10.47278497422745,True,True,6.245002350871959e-15,0.6190873663827398,"GJR-GARCH(1,1,1)-t"
10311,11.69247666254483,16.6488280702603,True,True,0.242530988135683,6.057159465995889e-12,"GJR-GARCH(1,1,1)-t"
10321,-13.821122679258465,-8.864771271542995,True,True,3.090935526489348e-15,1.415509703617502e-17,"GJR-GARCH(1,1,1)-t"
10326,1.7779681291363136,6.734319536851784,True,True,1.662470250761616e-14,0.9626361149278745,"GJR-GARCH(1,1,1)-t"
10336,6.833651026386252,11.790002434101723,True,True,0.0,0.7892431454872778,"GJR-GARCH(1,1,1)-t"
10339,-1.2247229515048659,3.731628456210604,True,True,4.4224653124351314e-14,0.9794897587776599,"GJR-GARCH(1,1,1)-t"
10349,-5.784613115217525,-0.8282617075020546,True,True,1.0460126942498783e-14,2.11753129465181e-14,"GJR-GARCH(1,1,1)-t"
10364,17.85820625331894,22.814557661034407,True,False,0.0,1.0,"GJR-GARCH(1,1,1)-t"
10369,-2.1306241922299627,2.8257272154855073,True,True,4.820941815752534e-18,0.9691450839214684,"GJR-GARCH(1,1,1)-t"
10389,20.183463559067178,25.139814966782648,True,False,0.0,1.0,"GJR-GARCH(1,1,1)-t"
10403,-17.311739896665816,-12.355388488950346,True,True,0.0,0.862776422726373,"GJR-GARCH(1,1,1)-t"
10421,-6.386412352086566,-1.430060944371096,True,True,3.115691248171173e-10,0.960138773591856,"GJR-GARCH(1,1,1)-t"
10433,32.18112492722585,37.137476334941326,True,True,1.1139593498329186e-16,4.0350315865106146e-20,"GJR-GARCH(1,1,1)-t"
10448,14.140430016378405,19.096781424093876,True,True,0.0,0.9933269324129392,"GJR-GARCH(1,1,1)-t"
10450,15.443102583037776,20.399453990753244,True,True,1.278382814247916e-13,0.8838755131327177,"GJR-GARCH(1,1,1)-t"
10455,20.76085705597566,25.71720846369113,True,True,1.0958303814207741e-17,0.9795764528473841,"GJR-GARCH(1,1,1)-t"
10460,7.875313910014501,12.831665317729971,True,True,4.762133404472042e-15,3.519294447473213e-14,"GJR-GARCH(1,1,1)-t"
10461,50.46649712032862,55.422848528044085,True,True,0.5731284487840294,1.5307841327095769e-16,"GJR-GARCH(1,1,1)-t"
10480,23.309244554209045,28.265595961924518,True,True,0.49225409835934064,0.0,"GJR-GARCH(1,1,1)-t"
10488,32.61905070180856,37.575402109524035,True,True,3.935447635467126e-14,0.9486755941993436,"GJR-GARCH(1,1,1)-t"
10491,7.376241556272677,12.332592963988148,True,False,0.9999999999999999,4.861448855963085e-16,"GJR-GARCH(1,1,1)-t"
10494,7.903499045429446,12.859850453144915,True,True,0.814309135098729,2.6193157635007223e-13,"GJR-GARCH(1,1,1)-t"
10523,18.806636479965306,23.762987887680772,True,False,0.9999999999999752,4.02057618848324e-14,"GJR-GARCH(1,1,1)-t"
10530,-2.1246095199210657,2.8317418877944043,True,True,0.12283770833099078,0.0,"GJR-GARCH(1,1,1)-t"
10546,37.342833038127694,42.29918444584317,True,True,0.0,0.6781420260916927,"GJR-GARCH(1,1,1)-t"
10547,20.750152146696074,25.70650355441154,True,False,0.0,1.0,"GJR-GARCH(1,1,1)-t"
10554,-3.551667806179651,1.4046836015358188,True,True,9.759103410010926e-20,0.726784965674538,"GJR-GARCH(1,1,1)-t"
10559,8.253829500726615,13.210180908442085,True,True,4.626107655911439e-18,0.9938227815897525,"GJR-GARCH(1,1,1)-t"
10561,-8.407379754356533,-3.4510283466410634,True,True,2.199207893787487e-15,0.0,"GJR-GARCH(1,1,1)-t"
10572,6.401097865340876,11.357449273056346,True,False,8.544431869136579e-13,0.9999999999999437,"GJR-GARCH(1,1,1)-t"
10590,52.42094484879695,57.37729625651242,True,True,0.27553299484841465,1.713043603178998e-11,"GJR-GARCH(1,1,1)-t"
10604,19.412911865304523,24.369263273019993,True,True,8.026161935920038e-15,9.132676514349225e-13,"GJR-GARCH(1,1,1)-t"
10608,16.659767383388843,21.616118791104313,True,False,1.0,0.0,"GJR-GARCH(1,1,1)-t"
10610,-14.9618944794851,-10.00554307176963,True,True,5.278511634726898e-16,0.8594853266745791,"GJR-GARCH(1,1,1)-t"
10616,12.368191082416882,17.32454249013235,True,False,6.563483417321302e-24,1.0,"GJR-GARCH(1,1,1)-t"
10619,26.543032447984803,31.499383855700273,True,True,0.8078873538783238,1.68942773175164e-20,"GJR-GARCH(1,1,1)-t"
10628,-20.443864810138884,-15.487513402423414,True,True,3.25864401177511e-10,0.959633158470851,"GJR-GARCH(1,1,1)-t"
10633,11.495283690255551,16.45163509797102,True,True,0.4290701976694302,5.457168194682914e-16,"GJR-GARCH(1,1,1)-t"
10642,-8.512802750608525,-3.5564513428930553,True,True,1.7562130049394938e-15,0.8320735650200961,"GJR-GARCH(1,1,1)-t"
10661,6.616004724931346,11.572356132646817,True,True,1.3016940243210156e-13,0.5445298855849938,"GJR-GARCH(1,1,1)-t"
10669,35.93898205074612,40.895333458461586,True,True,1.5616392368212824e-15,4.542037937375199e-16,"GJR-GARCH(1,1,1)-t"
10672,15.545498293063467,20.501849700778937,True,True,6.267993093932742e-13,0.9679179193963059,"GJR-GARCH(1,1,1)-t"
10682,-0.1355546589027199,4.82079674881275,True,True,0.0,1.8292120655739865e-11,"GJR-GARCH(1,1,1)-t"
10688,12.826570063893298,17.782921471608766,True,True,3.829727133193213e-17,0.6279118325628837,"GJR-GARCH(1,1,1)-t"
10689,3.089363147544489,8.04571455525996,True,True,0.11690870231533461,5.870088187749572e-13,"GJR-GARCH(1,1,1)-t"
10701,-2.416114242734114,2.540237164981356,True,True,0.19957301833732274,0.4244192115111442,"GJR-GARCH(1,1,1)-t"
10702,12.079871684387733,17.036223092103203,True,True,7.260749220998495e-18,0.16551580040301475,"GJR-GARCH(1,1,1)-t"
10703,-15.619513556950391,-10.663162149234921,True,False,0.9999999999999963,0.30284166158531983,"GJR-GARCH(1,1,1)-t"
10708,31.394544365881554,36.350895773597024,True,True,5.172517389972508e-16,0.9443512395362172,"GJR-GARCH(1,1,1)-t"
10709,-2.1634959192152152,2.792855488500255,True,True,0.0,0.9725601351875288,"GJR-GARCH(1,1,1)-t"
10725,20.64926699814775,25.60561840586322,True,False,1.4083389586883585e-16,1.0,"GJR-GARCH(1,1,1)-t"
10726,-18.969305970627083,-14.012954562911613,True,True,0.0,0.0,"GJR-GARCH(1,1,1)-t"
10734,-4.111059618990502,0.8452917887249676,True,True,0.0,0.0,"GJR-GARCH(1,1,1)-t"
10745,22.697996049434757,27.654347457150227,True,True,2.9324437605064125e-14,0.9149693251317154,"GJR-GARCH(1,1,1)-t"
10751,1.9350747094276208,6.891426117143091,True,True,0.0,0.0,"GJR-GARCH(1,1,1)-t"
10765,19.073698841866467,24.03005024958194,True,False,0.999999999999977,0.43619909819369646,"GJR-GARCH(1,1,1)-t"
10767,32.51581657600826,37.472167983723736,True,True,1.0025317356235317e-13,0.9747899171792801,"GJR-GARCH(1,1,1)-t"
10776,3.635614326362825,8.591965734078295,True,True,0.0,0.6994795390514031,"GJR-GARCH(1,1,1)-t"
10779,5.869758135725702,10.826109543441172,True,True,4.465308814072419e-12,0.982883974241244,"GJR-GARCH(1,1,1)-t"
10781,-4.2211446084841135,0.7352067992313565,True,False,1.0,0.4097608784551051,"GJR-GARCH(1,1,1)-t"
10789,0.7483752810664974,5.704726688781967,True,True,1.6148992299819528e-21,0.0035138210991886294,"GJR-GARCH(1,1,1)-t"
10793,12.865723783797959,17.822075191513427,True,True,6.187931059275277e-14,0.3627932620591861,"GJR-GARCH(1,1,1)-t"
10796,-0.5884588174410723,4.367892590274398,True,True,0.0,0.829455802548833,"GJR-GARCH(1,1,1)-t"
10806,16.68898790497442,21.64533931268989,True,True,0.0,0.38543015412771886,"GJR-GARCH(1,1,1)-t"
10810,25.62128208181735,30.57763348953282,True,True,0.055170534779727325,1.1525007962574022e-14,"GJR-GARCH(1,1,1)-t"
10816,-7.409192733200413,-2.4528413254849433,True,True,1.01405710020558e-11,0.9331510777066433,"GJR-GARCH(1,1,1)-t"
10827,34.3624597347307,39.318811142446165,True,True,0.0,0.9625920848569098,"GJR-GARCH(1,1,1)-t"
10840,-22.313600546779178,-17.357249139063708,True,True,0.2626552124633952,0.6218219329088706,"GJR-GARCH(1,1,1)-t"
10849,6.884840457602535,11.841191865318006,True,True,0.12018336564748083,2.116275965023194e-15,"GJR-GARCH(1,1,1)-t"
10856,2.839475750767571,7.795827158483041,True,False,1.0,6.013004589398219e-20,"GJR-GARCH(1,1,1)-t"
10890,15.142471482782629,20.0988228904981,True,True,0.15742729992952356,0.8371560200000101,"GJR-GARCH(1,1,1)-t"
10892,2.3035640932620236,7.259915500977494,True,True,0.4079965496281294,5.924759060529782e-15,"GJR-GARCH(1,1,1)-t"
10898,-3.306440352065458,1.649911055650012,True,False,0.870607503285512,0.41215042133779445,"GJR-GARCH(1,1,1)-t"
10899,-1.1169998638599665,3.8393515438555035,True,True,0.0,0.5383796531141132,"GJR-GARCH(1,1,1)-t"
10929,3.415827642018522,8.372179049733992,True,True,1.6718881389078564e-14,1.4199295781727698e-08,"GJR-GARCH(1,1,1)-t"
10932,31.49051222930806,36.446863637023526,True,False,1.0,0.0,"GJR-GARCH(1,1,1)-t"
10934,23.07734803847132,28.03369944618679,True,True,9.539450410580767e-12,0.9896133735983701,"GJR-GARCH(1,1,1)-t"
10938,-9.535715323695506,-4.579363915980036,True,True,0.0,0.8247592480303959,"GJR-GARCH(1,1,1)-t"
10941,12.022352253556946,16.978703661272416,True,True,0.14421037420241564,0.0,"GJR-GARCH(1,1,1)-t"
10946,0.5199256516681192,5.476277059383589,True,True,0.0,0.5891920862040622,"GJR-GARCH(1,1,1)-t"
10949,12.43814240614801,17.39449381386348,True,False,2.936103345014009e-15,0.9999999999999898,"GJR-GARCH(1,1,1)-t"
10956,9.422448340623596,14.378799748339066,True,True,5.38231707844757e-17,1.3519681916889177e-12,"GJR-GARCH(1,1,1)-t"
10964,36.27387083098988,41.23022223870535,True,True,5.483915829134327e-23,0.8980988397977983,"GJR-GARCH(1,1,1)-t"
10969,3.142640146527917,8.098991554243387,True,True,2.657088599452982e-15,0.4555230338962602,"GJR-GARCH(1,1,1)-t"
10985,-7.054233770384506,-2.0978823626690364,True,True,0.7244580381477448,1.165684247476423e-16,"GJR-GARCH(1,1,1)-t"
10987,11.701348227970609,16.65769963568608,True,True,0.0,0.6956220543129178,"GJR-GARCH(1,1,1)-t"
10994,21.970088128450985,26.926439536166455,True,True,8.101349194013204e-16,0.16518082792379554,"GJR-GARCH(1,1,1)-t"
11007,-6.685652243773685,-1.729300836058215,True,True,2.7140179889869595e-19,0.9852735550685563,"GJR-GARCH(1,1,1)-t"
11035,14.029225438404353,18.985576846119823,True,False,0.7207106714132105,0.6396446642933937,"GJR-GARCH(1,1,1)-t"
11041,35.243080950137454,40.19943235785293,True,True,0.0,0.8163680608803405,"GJR-GARCH(1,1,1)-t"
11043,55.2480621625155,60.20441357023097,True,True,1.6642026008888777e-16,1.021935947881906e-15,"GJR-GARCH(1,1,1)-t"
11048,36.10426867318807,41.06062008090355,True,False,1.0,0.0,"GJR-GARCH(1,1,1)-t"
11052,38.78612573452533,43.7424771422408,True,True,0.0,0.7884418239797366,"GJR-GARCH(1,1,1)-t"
11054,12.15126110058164,17.10761250829711,True,False,4.061923565898401e-15,1.0,"GJR-GARCH(1,1,1)-t"
11056,-4.019502350728466,0.936849056987004,True,True,8.845467033727414e-14,8.078704299349835e-19,"GJR-GARCH(1,1,1)-t"
11059,7.8652917637278,12.82164317144327,True,True,0.0,0.13006480267048232,"GJR-GARCH(1,1,1)-t"
11060,-3.224550744521437,1.7318006631940328,True,True,2.228642122339742e-12,0.8469673704056895,"GJR-GARCH(1,1,1)-t"
11062,33.692904664128406,38.64925607184388,True,True,8.886518976912322e-19,5.9833219970436694e-18,"GJR-GARCH(1,1,1)-t"
11070,18.80342808974551,23.75977949746098,True,True,0.0,0.8972531588690917,"GJR-GARCH(1,1,1)-t"
11081,47.70402934006802,52.66038074778349,True,True,3.0377181534857626e-19,0.7554243639952957,"GJR-GARCH(1,1,1)-t"
11090,20.923939540864108,25.880290948579578,True,True,0.155440635659867,1.7545927687548253e-14,"GJR-GARCH(1,1,1)-t"
11096,12.746425219702799,17.702776627418267,True,True,0.6058724766593655,0.0,"GJR-GARCH(1,1,1)-t"
11111,-5.065944103127034,-0.10959269541156402,True,True,0.0,0.6823292616266778,"GJR-GARCH(1,1,1)-t"
11113,70.31545811750036,75.27180952521583,True,False,1.0,0.39927553574379865,"GJR-GARCH(1,1,1)-t"
11120,-16.532560926398308,-11.576209518682838,True,True,0.0,0.7994717520987616,"GJR-GARCH(1,1,1)-t"
11121,44.25111297703162,49.207464384747084,True,True,5.154897382918848e-11,9.067551415121258e-11,"GJR-GARCH(1,1,1)-t"
11122,-15.104972558175199,-10.148621150459729,True,True,4.5106419704610305e-17,0.06861565016751746,"GJR-GARCH(1,1,1)-t"
11137,41.46617410358968,46.42252551130515,True,False,4.042977549142188e-20,1.0,"GJR-GARCH(1,1,1)-t"
11143,-29.935964364251383,-24.979612956535913,True,False,0.5101003312077501,0.7449498343961326,"GJR-GARCH(1,1,1)-t"
11151,37.654811483916134,42.61116289163161,True,True,0.29126056900869174,6.8228940737827695e-15,"GJR-GARCH(1,1,1)-t"
11152,16.503219027966516,21.459570435681986,True,True,0.0,0.9774991671573208,"GJR-GARCH(1,1,1)-t"
11178,25.31957195377766,30.275923361493135,True,True,0.0,0.0,"GJR-GARCH(1,1,1)-t"
11184,28.012357448568693,32.96870885628417,True,True,7.0203188655241e-10,0.9781053650725713,"GJR-GARCH(1,1,1)-t"
11199,14.401140907296131,19.3574923150116,True,False,9.269128232667711e-17,0.9999999999999991,"GJR-GARCH(1,1,1)-t"
11227,6.809556237944755,11.765907645660224,True,True,3.420316630248575e-14,0.7625250494338894,"GJR-GARCH(1,1,1)-t"
11243,13.276899565779749,18.23325097349522,True,False,1.0,0.2609687619357071,"GJR-GARCH(1,1,1)-t"
11263,14.369013490478334,19.325364898193804,True,True,0.8595728522059328,8.494295894757509e-10,"GJR-GARCH(1,1,1)-t"
11264,37.95328134266071,42.909632750376176,True,False,8.084768276676726e-14,0.9999999999990561,"GJR-GARCH(1,1,1)-t"
11279,14.879270977797555,19.835622385513027,True,False,1.2962329869427822e-15,0.9999999999999969,"GJR-GARCH(1,1,1)-t"
11296,33.40849190683724,38.36484331455271,True,True,1.2817814350932085e-21,0.37361871291171056,"GJR-GARCH(1,1,1)-t"
11303,-0.523892517279176,4.432458890436294,True,False,4.721255891089727e-14,1.0,"GJR-GARCH(1,1,1)-t"
11318,12.740958747873393,17.697310155588863,True,True,2.2369712539970367e-19,0.7162071647044089,"GJR-GARCH(1,1,1)-t"
11325,8.272630704592457,13.228982112307927,True,True,0.0,3.5051208643199426e-15,"GJR-GARCH(1,1,1)-t"
11327,33.88613111922326,38.842482526938724,True,False,2.811308173392389e-15,0.999999999999999,"GJR-GARCH(1,1,1)-t"
11330,-6.211939425286264,-1.255588017570794,True,True,0.0,0.8695427891847308,"GJR-GARCH(1,1,1)-t"
11351,-7.177732250328422,-2.2213808426129518,True,True,0.0,0.936892515263559,"GJR-GARCH(1,1,1)-t"
11363,15.31834016859792,20.27469157631339,True,True,4.0708399307260163e-14,0.9006576181170035,"GJR-GARCH(1,1,1)-t"
11367,-4.7637035712998745,0.19264783641559546,True,True,6.262728822596584e-14,1.2019418142645027e-12,"GJR-GARCH(1,1,1)-t"
11374,-10.519740461142419,-5.563389053426949,True,True,4.3851051156316724e-14,0.0,"GJR-GARCH(1,1,1)-t"
11375,40.14388484803351,45.10023625574898,True,True,0.0,0.41503732143759964,"GJR-GARCH(1,1,1)-t"
11389,-5.861763827327188,-0.9054124196117179,True,False,0.9946489719898036,0.5026755140050961,"GJR-GARCH(1,1,1)-t"
11393,14.719229080834609,19.67558048855008,True,True,0.0,0.9307477693239025,"GJR-GARCH(1,1,1)-t"
11405,21.697851807145284,26.654203214860757,True,False,0.7011337059121321,0.3726933666861247,"GJR-GARCH(1,1,1)-t"
11415,-8.139499997018156,-3.183148589302686,True,False,0.0,0.9999999999999891,"GJR-GARCH(1,1,1)-t"
11419,-8.107835048945525,-3.1514836412300546,True,True,0.0,0.9846161786636225,"GJR-GARCH(1,1,1)-t"
11431,8.335077635431546,13.291429043147016,True,True,0.020687000823122786,0.43197266278360236,"GJR-GARCH(1,1,1)-t"
11433,-18.19094074789757,-13.2345893401821,True,True,1.7887293305488637e-15,0.43449461705480164,"GJR-GARCH(1,1,1)-t"
11440,54.10096500874836,59.057316416463834,True,False,0.9999999999987047,5.763003148154849e-13,"GJR-GARCH(1,1,1)-t"
11449,23.818349529426335,28.77470093714181,True,True,3.460271379262916e-14,1.135099020066595e-12,"GJR-GARCH(1,1,1)-t"
11453,42.861838232639045,47.81818964035452,True,True,4.2269351560135593e-17,0.0,"GJR-GARCH(1,1,1)-t"
11475,19.72578304935659,24.68213445707206,True,True,0.0,0.36076348193910135,"GJR-GARCH(1,1,1)-t"
11481,10.964883992848007,15.921235400563477,True,False,8.241081374438888e-15,0.9999999999999893,"GJR-GARCH(1,1,1)-t"
11487,-23.57172104235091,-18.61536963463544,True,True,0.590929319715672,0.0,"GJR-GARCH(1,1,1)-t"
11490,-9.259695052635315,-4.3033436449198454,True,True,0.0,0.6322801104535836,"GJR-GARCH(1,1,1)-t"
11497,4.050703402305196,9.007054810020666,True,True,2.0186533084008774e-12,0.9568741724747658,"GJR-GARCH(1,1,1)-t"
11499,22.460866352689056,27.417217760404526,True,True,4.833068164061194e-16,0.6009882325280651,"GJR-GARCH(1,1,1)-t"
11501,-1.1376179953019605,3.8187334124135095,True,True,1.335406901805775e-20,0.6747405242500844,"GJR-GARCH(1,1,1)-t"
11504,30.310012949318015,35.26636435703348,True,True,1.1593191986913973e-15,0.0327180254525818,"GJR-GARCH(1,1,1)-t"
11508,-7.741837620703706,-2.7854862129882356,True,True,0.0,0.2761254517579816,"GJR-GARCH(1,1,1)-t"
11511,23.012507950448924,27.968859358164394,True,False,1.0,0.014624753004877655,"GJR-GARCH(1,1,1)-t"
11541,-17.331633254166437,-12.375281846450967,True,True,0.0,4.346301554633296e-15,"GJR-GARCH(1,1,1)-t"
11559,-7.6199067873739885,-2.6635553796585185,True,True,0.0,1.4430003626758654e-15,"GJR-GARCH(1,1,1)-t"
11577,16.909674245225943,21.866025652941413,True,True,6.185599002836102e-16,0.7479903761426003,"GJR-GARCH(1,1,1)-t"
11579,7.945713213792436,12.902064621507906,True,False,0.5027412509029577,0.7486293745485187,"GJR-GARCH(1,1,1)-t"
11589,6.770363445262105,11.726714852977576,True,True,1.2736999680498316e-14,0.8457876484577369,"GJR-GARCH(1,1,1)-t"
11597,28.43560352876919,33.39195493648466,True,True,0.0,0.0,"GJR-GARCH(1,1,1)-t"
11607,4.6883921275495215,9.644743535264992,True,True,0.0,0.7038840114040078,"GJR-GARCH(1,1,1)-t"
11639,-3.5246560750882843,1.4316953326271857,True,False,7.233822944093854e-17,0.9999999999999997,"GJR-GARCH(1,1,1)-t"
11641,-17.52433696740927,-12.567985559693799,True,True,0.0,0.0019000535139151182,"GJR-GARCH(1,1,1)-t"
11642,6.613875899690664,11.570227307406135,True,True,3.594278009670463e-15,0.9509997245853196,"GJR-GARCH(1,1,1)-t"
11655,-9.068253696421905,-4.111902288706435,True,True,0.0,0.8449576396628639,"GJR-GARCH(1,1,1)-t"
11682,8.78295814333335,13.73930955104882,True,True,6.526763598177353e-14,0.8604749395229665,"GJR-GARCH(1,1,1)-t"
11686,83.46839482050352,88.42474622821899,True,True,0.0,0.924563119874471,"GJR-GARCH(1,1,1)-t"
11689,3.493942109665481,8.45029351738095,True,True,2.7878556902404377e-16,3.405997276502849e-15,"GJR-GARCH(1,1,1)-t"
11700,57.227787522125396,62.18413892984087,True,False,0.7106602918213699,0.3125811670685179,"GJR-GARCH(1,1,1)-t"
11715,-3.674790983570137,1.2815604241453329,True,False,5.4919984675559564e-18,1.0,"GJR-GARCH(1,1,1)-t"
11718,11.99992437656734,16.95627578428281,True,False,0.28842760004753615,0.7302411854891367,"GJR-GARCH(1,1,1)-t"
11722,-3.8053670049356505,1.1509844027798195,True,True,4.241823734371912e-12,0.9668127515856011,"GJR-GARCH(1,1,1)-t"
11726,10.604798973638838,15.561150381354308,True,True,0.0,0.7449655478447493,"GJR-GARCH(1,1,1)-t"
11729,57.67867689316742,62.635028300882894,True,True,4.728998253173599e-14,1.2031133686735363e-13,"GJR-GARCH(1,1,1)-t"
11730,0.16455008024331264,5.120901487958783,True,True,7.669298695066719e-12,0.9116737031221156,"GJR-GARCH(1,1,1)-t"
11735,8.780942644944101,13.737294052659571,True,False,3.266107543168794e-13,0.9999999999962329,"GJR-GARCH(1,1,1)-t"
11749,-8.067690191849366,-3.1113387841338955,True,True,9.722857284567749e-21,0.8909860409465837,"GJR-GARCH(1,1,1)-t"
11750,13.029282393355938,17.98563380107141,True,True,1.1886942338105892e-19,0.2524425506493484,"GJR-GARCH(1,1,1)-t"
11764,-12.183994500621797,-7.227643092906327,True,True,0.0,0.9281466374947183,"GJR-GARCH(1,1,1)-t"
11775,16.455279173205568,21.411630580921038,True,True,3.327965346883432e-14,0.480833237717659,"GJR-GARCH(1,1,1)-t"
11786,-22.334707898721106,-17.378356491005636,True,True,0.25535191072942376,6.361637774688749e-20,"GJR-GARCH(1,1,1)-t"
11792,26.93539368157821,31.89174508929368,True,True,0.0,0.0,"GJR-GARCH(1,1,1)-t"
11804,1.7285616957421013,6.684913103457571,True,False,0.0,1.0,"GJR-GARCH(1,1,1)-t"
11809,-6.0371662154737145,-1.0808148077582445,True,True,0.10044957656651043,0.0,"GJR-GARCH(1,1,1)-t"
11812,1.8308314343501024,6.787182842065572,True,True,0.36201801448902055,4.4642495742237727e-13,"GJR-GARCH(1,1,1)-t"
11844,-13.073319500060922,-8.116968092345452,True,True,5.258766704466232e-07,0.9659918351617902,"GJR-GARCH(1,1,1)-t"
11852,-2.8876881558195784,2.0686632518958916,True,True,2.171125198753048e-16,0.4626722142391187,"GJR-GARCH(1,1,1)-t"
11860,24.215341135666034,29.171692543381504,True,False,0.0,1.0,"GJR-GARCH(1,1,1)-t"
11864,17.58616221589274,22.54251362360821,True,True,4.5148142426399805e-18,0.7722388583940113,"GJR-GARCH(1,1,1)-t"
11868,4.21585068932778,9.17220209704325,True,True,0.017257568164256325,0.9021626343676652,"GJR-GARCH(1,1,1)-t"
11869,-5.5109174408713955,-0.5545660331559255,True,False,0.9999999999999983,4.838126994844003e-16,"GJR-GARCH(1,1,1)-t"
11872,59.24497634851142,64.20132775622689,True,True,0.0,0.016353446378256534,"GJR-GARCH(1,1,1)-t"
11874,-7.796399729909119,-2.840048322193649,True,True,6.985608839786734e-10,0.9637255823645614,"GJR-GARCH(1,1,1)-t"
11876,21.22631525295504,26.182666660670506,True,True,0.0,0.0,"GJR-GARCH(1,1,1)-t"
11886,-34.74922039123,-29.792868983514527,True,True,0.0,0.32486187973462893,"GJR-GARCH(1,1,1)-t"
11887,17.422264377845913,22.378615785561383,True,True,2.718333305347464e-10,0.9492022023486616,"GJR-GARCH(1,1,1)-t"
11893,3.4491378051413584,8.405489212856828,True,True,0.134000435614321,0.5462753380801145,"GJR-GARCH(1,1,1)-t"
11898,58.826492766654695,63.78284417437017,True,True,9.853830774991728e-16,0.9718529859788081,"GJR-GARCH(1,1,1)-t"
11899,-8.461380094271064,-3.505028686555594,True,True,0.0,0.0,"GJR-GARCH(1,1,1)-t"
11904,52.999640546983805,57.95599195469927,True,True,0.1611931162179993,0.3015287589327522,"GJR-GARCH(1,1,1)-t"
11914,30.932497809272306,35.88884921698778,True,False,1.4805261758288383e-14,0.9999999999999742,"GJR-GARCH(1,1,1)-t"
11920,2.814545893095193,7.770897300810663,True,True,1.6335443936871336e-15,0.9215355284514326,"GJR-GARCH(1,1,1)-t"
11940,12.686350510091755,17.642701917807223,True,True,4.703383758607577e-15,0.9457238428315295,"GJR-GARCH(1,1,1)-t"
11941,-0.8570777434902936,4.099273664225176,True,True,0.13698532414952141,2.0301670721570698e-18,"GJR-GARCH(1,1,1)-t"
11952,-14.164077543852727,-9.207726136137257,True,False,0.0,1.0,"GJR-GARCH(1,1,1)-t"
11953,24.62679952003479,29.58315092775026,True,True,4.348790870143816e-15,0.9938448898448392,"GJR-GARCH(1,1,1)-t"
11959,1.5864372277996672,6.542788635515137,True,False,8.011251812235964e-13,0.9999999999437986,"GJR-GARCH(1,1,1)-t"
11962,-11.01821580256546,-6.061864394849991,True,False,1.0,7.028876364843476e-12,"GJR-GARCH(1,1,1)-t"
11981,10.646592015405155,15.602943423120625,True,True,2.8743572737469877e-15,0.6758227314306268,"GJR-GARCH(1,1,1)-t"
11985,19.26220721180195,24.218558619517424,True,True,0.2530522460288324,1.39063506859758e-15,"GJR-GARCH(1,1,1)-t"
11987,10.121996202433184,15.078347610148654,True,True,0.0,0.9830809738565806,"GJR-GARCH(1,1,1)-t"
11994,-8.467123700875472,-3.5107722931600023,True,False,1.0,0.0,"GJR-GARCH(1,1,1)-t"
11995,68.343646176843,73.29999758455847,True,True,0.27197614435156303,0.6745584186972603,"GJR-GARCH(1,1,1)-t"
12011,-5.3116848119866695,-0.3553334042711995,True,True,0.0,0.03313716274954039,"GJR-GARCH(1,1,1)-t"
12012,-10.295027745377016,-5.338676337661546,True,True,0.19066288789630065,0.11403704612610074,"GJR-GARCH(1,1,1)-t"
12021,-2.056614497008848,2.899736910706622,True,False,0.0,1.0,"GJR-GARCH(1,1,1)-t"
12028,25.720344926375713,30.676696334091183,True,True,0.2702609532735194,0.30465209283396916,"GJR-GARCH(1,1,1)-t"
12030,1.4903295022363707,6.446680909951841,True,True,0.7700289759672634,1.443305195453242e-14,"GJR-GARCH(1,1,1)-t"
12061,-21.200503709627313,-16.244152301911843,True,True,3.5289176730213644e-14,0.7344194855089615,"GJR-GARCH(1,1,1)-t"
12065,23.595313414499973,28.551664822215443,True,False,0.10869720741072242,0.9456513962940826,"GJR-GARCH(1,1,1)-t"
12073,2.3510662238671127,7.307417631582583,True,False,0.9999999999999998,0.29476614681224994,"GJR-GARCH(1,1,1)-t"
12079,9.670815612696641,14.627167020412111,True,True,3.248913575461758e-17,3.802113533053028e-15,"GJR-GARCH(1,1,1)-t"
12102,27.28322870469954,32.23958011241501,True,True,0.0,0.8696763830245933,"GJR-GARCH(1,1,1)-t"
12103,-0.792384642002693,4.163966765712777,True,False,2.461438892722852e-15,0.99999999999645,"GJR-GARCH(1,1,1)-t"
12111,-11.00325358207619,-6.046902174360721,True,True,3.988605095137852e-21,0.009742894608172572,"GJR-GARCH(1,1,1)-t"
12114,34.16213154089857,39.11848294861404,True,False,1.0340075176588343e-14,0.9999999999999439,"GJR-GARCH(1,1,1)-t"
12115,-4.2457848272586,0.7105665804568702,True,True,7.01775817225065e-14,0.6045271897956301,"GJR-GARCH(1,1,1)-t"
12131,8.150265695554737,13.106617103270207,True,True,6.8147627916576806e-15,0.7479424989883658,"GJR-GARCH(1,1,1)-t"
12135,2.2684423298848415,7.2247937376003115,True,True,1.6880592859202225e-12,0.9586135021218725,"GJR-GARCH(1,1,1)-t"
12139,36.79044664913626,41.74679805685172,True,False,0.0,1.0,"GJR-GARCH(1,1,1)-t"
12141,39.12876223325134,44.08511364096681,True,True,0.0,0.9003766608633402,"GJR-GARCH(1,1,1)-t"
12147,35.46923556906282,40.42558697677829,True,False,0.9999999999999997,1.1442865224367704e-15,"GJR-GARCH(1,1,1)-t"
12151,-24.438563643114804,-19.482212235399334,True,True,6.087792874976608e-16,0.652637048301877,"GJR-GARCH(1,1,1)-t"
12163,21.11612107564236,26.072472483357828,True,False,8.339609830086675e-18,1.0,"GJR-GARCH(1,1,1)-t"
12166,-6.073526221413797,-1.1171748136983268,True,True,4.558523209534064e-09,4.555237027565033e-09,"GJR-GARCH(1,1,1)-t"
12176,0.19308024353896336,5.149431651254433,True,True,2.983580742471948e-17,0.19903724525366748,"GJR-GARCH(1,1,1)-t"
12178,2.076429033994838,7.032780441710308,True,True,2.2092226944773647e-18,4.381738748352401e-18,"GJR-GARCH(1,1,1)-t"
12182,25.718706280776342,30.675057688491812,True,True,0.0,0.25285794036756437,"GJR-GARCH(1,1,1)-t"
12206,-6.573824152705409,-1.6174727449899393,True,True,0.3994837840749967,0.0,"GJR-GARCH(1,1,1)-t"
12222,3.2160056902614347,8.172357097976905,True,True,2.1617170989973356e-17,0.8821331676420291,"GJR-GARCH(1,1,1)-t"
12225,-5.996171874743965,-1.0398204670284947,True,False,1.0,0.0,"GJR-GARCH(1,1,1)-t"
12229,7.870366399263499,12.82671780697897,True,True,0.0,0.6463866956531076,"GJR-GARCH(1,1,1)-t"
12234,22.813191325552882,27.769542733268352,True,True,0.19903110553288128,0.7683954981169752,"GJR-GARCH(1,1,1)-t"
12247,25.833816179130366,30.790167586845833,True,True,1.2022717894732728e-13,0.0,"GJR-GARCH(1,1,1)-t"
12250,-4.058006416549983,0.8983449911654873,True,True,0.0,0.0,"GJR-GARCH(1,1,1)-t"
12254,-13.199776117065966,-8.243424709350496,True,True,0.3561826397034814,7.2406521262459205e-12,"GJR-GARCH(1,1,1)-t"
12266,-6.816686984578034,-1.860335576862564,True,True,0.001489126590606017,0.9511838085003834,"GJR-GARCH(1,1,1)-t"
12279,-18.633171893528463,-13.676820485812993,True,True,0.4390103041717475,0.0,"GJR-GARCH(1,1,1)-t"
12287,48.69649231055389,53.65284371826937,True,True,0.0,0.7734458508120611,"GJR-GARCH(1,1,1)-t"
12291,8.208924501259679,13.165275908975149,True,True,1.4941178300832555e-13,0.31530328341968794,"GJR-GARCH(1,1,1)-t"
12299,-1.3932695759206961,3.563081831794774,True,True,2.095292622202296e-12,1.1090000512784564e-11,"GJR-GARCH(1,1,1)-t"
12309,4.596353234386273,9.552704642101743,True,True,0.5428662519920265,0.00014572926670898415,"GJR-GARCH(1,1,1)-t"
12322,-22.248363536038774,-17.292012128323304,True,False,5.03880641948183e-16,0.9999999999999999,"GJR-GARCH(1,1,1)-t"
12324,42.418943802591585,47.37529521030705,True,True,1.1386651954274136e-16,0.9440916267570351,"GJR-GARCH(1,1,1)-t"
12347,20.5675038078133,25.52385521552877,True,True,7.824973684477428e-21,0.389741159417303,"GJR-GARCH(1,1,1)-t"
12348,-2.816311360053408,2.140040047662062,True,True,0.264561517825536,0.0,"GJR-GARCH(1,1,1)-t"
12352,11.853766062597895,16.810117470313365,True,False,9.94609648565678e-16,0.9999999999999994,"GJR-GARCH(1,1,1)-t"
12358,32.554083159824415,37.51043456753989,True,False,6.387732226076391e-15,0.9999999999999784,"GJR-GARCH(1,1,1)-t"
12395,-11.09929474143009,-6.142943333714619,True,True,0.0,0.6134631658125865,"GJR-GARCH(1,1,1)-t"
12399,-6.370658358545981,-1.414306950830511,True,True,6.074394821525231e-14,4.09299542200836e-10,"GJR-GARCH(1,1,1)-t"
12408,15.347073071607777,20.303424479323247,True,False,0.6192728855101289,0.6239395997730713,"GJR-GARCH(1,1,1)-t"
12411,13.84002697945536,18.79637838717083,True,True,0.057467934981002174,0.0,"GJR-GARCH(1,1,1)-t"
12419,4.938387116195242,9.894738523910712,True,True,1.0643061938796677e-18,0.3527318565656797,"GJR-GARCH(1,1,1)-t"
12420,68.19144009248335,73.14779150019882,True,True,0.1703087006277469,2.4658491483870538e-15,"GJR-GARCH(1,1,1)-t"
12423,14.248838965778685,19.205190373494155,True,True,0.0,0.0,"GJR-GARCH(1,1,1)-t"
12428,-8.173037976957062,-3.216686569241592,True,True,1.1395561214629736e-13,0.9695473515536388,"GJR-GARCH(1,1,1)-t"
12436,12.69951353162895,17.655864939344422,True,True,2.4729317945531645e-15,0.6473012096849743,"GJR-GARCH(1,1,1)-t"
12444,-6.559883712553457,-1.6035323048379873,True,False,0.18890921521933945,0.817799012444342,"GJR-GARCH(1,1,1)-t"
12465,4.199174817273647,9.155526224989117,True,True,4.0736857618287505e-19,0.6980883876057364,"GJR-GARCH(1,1,1)-t"
12481,27.29530230930653,32.251653717022,True,True,3.311987379315645e-13,0.9390520133230829,"GJR-GARCH(1,1,1)-t"
12486,-27.666051923280918,-22.709700515565448,True,True,3.247339438960447e-14,6.692694643732537e-09,"GJR-GARCH(1,1,1)-t"
12494,17.949683994453842,22.906035402169312,True,True,0.7067853236400433,1.8087278040598306e-13,"GJR-GARCH(1,1,1)-t"
12498,59.929112195121434,64.88546360283691,True,True,2.4345285608034236e-17,0.3732885985669803,"GJR-GARCH(1,1,1)-t"
12521,21.32735264212494,26.28370404984041,True,True,0.17786196008727115,0.7595435073461173,"GJR-GARCH(1,1,1)-t"
12523,27.680882459539912,32.63723386725538,True,True,5.218001451158325e-16,0.55162471296948,"GJR-GARCH(1,1,1)-t"
12531,-9.879734852882994,-4.923383445167524,True,True,0.15183129003633086,0.0,"GJR-GARCH(1,1,1)-t"
12532,28.09448677133757,33.050838179053045,True,True,0.0,4.381486553447186e-15,"GJR-GARCH(1,1,1)-t"
12533,5.775980674603058,10.732332082318528,True,False,6.99586693029657e-16,0.9999999999999938,"GJR-GARCH(1,1,1)-t"
12535,5.804374629559176,10.760726037274646,True,True,0.007175123502569709,2.099029850803879e-11,"GJR-GARCH(1,1,1)-t"
12537,-7.4491196579150625,-2.4927682501995925,True,False,0.9996038061196565,1.5932701100542671e-06,"GJR-GARCH(1,1,1)-t"
12542,9.494770778153269,14.451122185868739,True,True,1.5048144897647664e-13,0.7646962172361133,"GJR-GARCH(1,1,1)-t"
12546,-12.228339992840237,-7.271988585124767,True,True,0.23427310642930282,0.0,"GJR-GARCH(1,1,1)-t"
12552,-4.837230765739303,0.11912064197616701,True,True,2.7684972615405097e-15,1.387849570161744e-17,"GJR-GARCH(1,1,1)-t"
12559,19.495795384001166,24.452146791716636,True,True,0.0,0.0,"GJR-GARCH(1,1,1)-t"
12577,-24.789946466791143,-19.833595059075673,True,True,6.997851659217277e-14,0.8253389866936632,"GJR-GARCH(1,1,1)-t"
12579,-9.174915938629994,-4.218564530914524,True,True,0.0,0.253918910996005,"GJR-GARCH(1,1,1)-t"
12581,-2.835377916928909,2.120973490786561,True,True,0.5099057111413331,3.1762250309831883e-13,"GJR-GARCH(1,1,1)-t"
12583,18.268209986896196,23.22456139461167,True,False,7.107869305117148e-16,0.9999999999999983,"GJR-GARCH(1,1,1)-t"
12584,50.075814314671184,55.03216572238665,True,True,1.1985813606142019e-11,0.5205605979226847,"GJR-GARCH(1,1,1)-t"
12585,1.0530287819709603,6.00938018968643,True,True,2.3473344265460733e-12,0.816767310542598,"GJR-GARCH(1,1,1)-t"
12588,-6.77685633159955,-1.82050492388408,True,True,0.0,0.010355125130500263,"GJR-GARCH(1,1,1)-t"
12611,4.169359751484661,9.125711159200131,True,True,4.0881342110173466e-14,0.4704764144819292,"GJR-GARCH(1,1,1)-t"
12633,-10.844518313614664,-5.888166905899194,True,True,0.0,9.758537258655268e-13,"GJR-GARCH(1,1,1)-t"
12661,37.95010902726108,42.90646043497655,True,True,1.5314709013651185e-15,0.9436857569551305,"GJR-GARCH(1,1,1)-t"
12666,10.489061404301147,15.445412812016617,True,True,5.093546957428792e-15,0.7265807759225565,"GJR-GARCH(1,1,1)-t"
12669,55.8252119157485,60.78156332346397,True,True,7.943238075720131e-14,0.905362945040503,"GJR-GARCH(1,1,1)-t"
12676,-13.597046377978405,-8.640694970262935,True,True,9.812327567977216e-13,8.797239314703108e-13,"GJR-GARCH(1,1,1)-t"
12691,3.783882756500301,8.74023416421577,True,False,0.9999999999990246,0.45578954191286797,"GJR-GARCH(1,1,1)-t"
12694,28.314662792624446,33.27101420033992,True,True,0.0,0.7414838388681468,"GJR-GARCH(1,1,1)-t"
12703,2.456089947855501,7.412441355570971,True,False,1.9598611359615742e-16,0.9999999999999997,"GJR-GARCH(1,1,1)-t"
12704,6.642276853606916,11.598628261322386,True,False,1.115337844487559e-26,1.0,"GJR-GARCH(1,1,1)-t"
12713,10.281642212137422,15.237993619852892,True,True,0.03320160804131663,0.025560139884408858,"GJR-GARCH(1,1,1)-t"
12717,43.554895770546416,48.51124717826188,True,True,5.46194619398055e-14,0.5586607037459612,"GJR-GARCH(1,1,1)-t"
12718,32.977592031908536,37.933943439624,True,True,2.3426990256351957e-15,0.7608015962879929,"GJR-GARCH(1,1,1)-t"
12726,4.592474045819262,9.548825453534732,True,False,9.052540014369244e-15,0.9999999999999838,"GJR-GARCH(1,1,1)-t"
12728,11.538470812241616,16.494822219957086,True,False,1.0,7.89677580793383e-18,"GJR-GARCH(1,1,1)-t"
12730,7.616521962925638,12.572873370641108,True,True,1.3173402615662215e-14,0.9773241450565623,"GJR-GARCH(1,1,1)-t"
12751,21.188805522319928,26.145156930035398,True,True,1.0236857654614862e-15,0.9869831073378534,"GJR-GARCH(1,1,1)-t"
12758,4.027731659233163,8.984083066948633,True,True,0.0,0.7266054391913483,"GJR-GARCH(1,1,1)-t"
12760,-13.03283535743967,-8.0764839497242,True,True,7.276315714438804e-15,0.3106012633500083,"GJR-GARCH(1,1,1)-t"
12780,42.85392491119963,47.8102763189151,True,False,0.9830668117616701,0.5084665941191483,"GJR-GARCH(1,1,1)-t"
12782,-21.032040390353288,-16.075688982637818,True,True,8.761810518227564e-13,0.9448824542591422,"GJR-GARCH(1,1,1)-t"
12794,6.799650857467257,11.756002265182726,True,True,0.38249119416566224,2.5822649185075357e-16,"GJR-GARCH(1,1,1)-t"
12797,38.34568934824212,43.30204075595759,True,False,0.0,1.0,"GJR-GARCH(1,1,1)-t"
12822,21.621563734174167,26.577915141889637,True,True,0.1346750310283936,1.0067271504319208e-12,"GJR-GARCH(1,1,1)-t"
12834,26.214943799377565,31.17129520709304,True,True,0.0,0.9636353757807188,"GJR-GARCH(1,1,1)-t"
12839,-11.481317636788887,-6.524966229073417,True,False,0.0,0.999999999999975,"GJR-GARCH(1,1,1)-t"
12840,2.6879218976118224,7.644273305327292,True,True,2.754702967259468e-17,1.501495143241237e-17,"GJR-GARCH(1,1,1)-t"
12852,13.84372442073143,18.8000758284469,True,True,2.3099096541623993e-17,7.541433361152121e-15,"GJR-GARCH(1,1,1)-t"
12859,-16.59480907912201,-11.638457671406542,True,True,0.0,0.12186682422275424,"GJR-GARCH(1,1,1)-t"
12878,20.758471512889628,25.7148229206051,True,True,8.866022967215164e-15,0.41471065291188014,"GJR-GARCH(1,1,1)-t"
12904,-13.31567969106655,-8.35932828335108,True,True,7.666474793162637e-12,0.8463597492515644,"GJR-GARCH(1,1,1)-t"
12905,-2.8110926156503346,2.1452587920651354,True,True,5.573707057836578e-17,9.882599965142794e-18,"GJR-GARCH(1,1,1)-t"
12920,-3.998576861041254,0.9577745466742158,True,True,5.369567507970634e-16,0.13814319855235604,"GJR-GARCH(1,1,1)-t"
12923,17.59139960119962,22.547751008915085,True,True,4.461763148705587e-15,0.4237414623205713,"GJR-GARCH(1,1,1)-t"
12930,-6.326915867873112,-1.3705644601576417,True,True,0.12158275334235329,0.0,"GJR-GARCH(1,1,1)-t"
12935,-3.907450620220672,1.048900787494798,True,True,4.490434859251828e-15,0.8376248941184502,"GJR-GARCH(1,1,1)-t"
12945,8.332660483057557,13.289011890773027,True,False,0.9999999999999996,0.23101425921812174,"GJR-GARCH(1,1,1)-t"
12949,-13.163362106175523,-8.207010698460053,True,True,0.0,0.0,"GJR-GARCH(1,1,1)-t"
12957,17.80171119041075,22.75806259812622,True,True,5.363572124279964e-19,0.9723259802823288,"GJR-GARCH(1,1,1)-t"
12963,6.230663219015382,11.187014626730852,True,True,0.0,8.913152529684829e-21,"GJR-GARCH(1,1,1)-t"
12964,-15.237263724678396,-10.280912316962926,True,True,3.7546004124193186e-13,0.9698232062746078,"GJR-GARCH(1,1,1)-t"
12965,3.8841289993990085,8.840480407114478,True,True,0.20828052890666932,6.94434303718242e-15,"GJR-GARCH(1,1,1)-t"
12981,81.96738843752843,86.9237398452439,True,True,4.0758717916730727e-13,0.8975813722422659,"GJR-GARCH(1,1,1)-t"
12987,29.87388350960267,34.830234917318144,True,True,1.6200401987128726e-15,1.6588716378811242e-16,"GJR-GARCH(1,1,1)-t"
12991,7.062605686661392,12.018957094376862,True,True,0.0,0.7850968871086926,"GJR-GARCH(1,1,1)-t"
12996,17.49460117765659,22.45095258537206,True,True,1.4758027379386504e-15,0.5120835152818909,"GJR-GARCH(1,1,1)-t"
12998,64.8061223983289,69.76247380604437,True,True,1.2901777275171847e-13,0.9244056040064573,"GJR-GARCH(1,1,1)-t"
13010,22.364122854909343,27.320474262624813,True,True,0.0,0.5924333739201595,"GJR-GARCH(1,1,1)-t"
13018,35.41407316624681,40.37042457396228,True,True,0.6582337352321539,0.19014054368666636,"GJR-GARCH(1,1,1)-t"
13019,5.243850312869574,10.200201720585044,True,True,0.06411499012493897,2.1320173162072493e-10,"GJR-GARCH(1,1,1)-t"
13028,8.046927209607645,13.003278617323115,True,True,7.19285111353625e-18,0.422007407899818,"GJR-GARCH(1,1,1)-t"
13039,23.411091256854608,28.367442664570078,True,False,3.263714016972758e-17,1.0,"GJR-GARCH(1,1,1)-t"
13044,13.086522078352761,18.04287348606823,True,True,2.1607310904025265e-13,1.3795353013115249e-12,"GJR-GARCH(1,1,1)-t"
13071,43.17046656683326,48.12681797454873,True,True,0.3864602130362137,0.28458661151039255,"GJR-GARCH(1,1,1)-t"
13096,50.47973311962358,55.43608452733905,True,True,0.19548220441287661,4.22520444385551e-12,"GJR-GARCH(1,1,1)-t"
13097,8.007209843737733,12.963561251453203,True,False,3.689789293929845e-15,0.9999999999999941,"GJR-GARCH(1,1,1)-t"
13102,28.00300642221166,32.95935782992713,True,True,3.4472985179019136e-14,0.9648980573072706,"GJR-GARCH(1,1,1)-t"
13124,38.00024396205315,42.95659536976862,True,False,0.3282195145338343,0.762629670020162,"GJR-GARCH(1,1,1)-t"
13140,7.6349481239485,12.59129953166397,True,True,2.357581467186563e-16,0.8147308153451772,"GJR-GARCH(1,1,1)-t"
13148,18.957705588428468,23.914056996143938,True,True,0.0,0.8289057017681883,"GJR-GARCH(1,1,1)-t"
13150,11.851088985913185,16.807440393628656,True,True,0.0,0.969240835038527,"GJR-GARCH(1,1,1)-t"
13159,31.654281079518135,36.6106324872336,True,True,0.04614729703966506,0.0,"GJR-GARCH(1,1,1)-t"
13160,6.007370757056783,10.963722164772253,True,True,2.324532792346874e-14,0.6719759563039994,"GJR-GARCH(1,1,1)-t"
13163,-6.759005024054332,-1.802653616338862,True,True,0.0,0.8022936706672515,"GJR-GARCH(1,1,1)-t"
13180,19.481256115216055,24.43760752293153,True,False,0.09549098067810766,0.9522545096609463,"GJR-GARCH(1,1,1)-t"
13187,43.521922119838194,48.47827352755367,True,True,0.4821154724565583,5.8810991665820286e-18,"GJR-GARCH(1,1,1)-t"
13207,20.373297504981387,25.329648912696854,True,True,1.3198371815658182e-16,0.8781768618825104,"GJR-GARCH(1,1,1)-t"
13217,-12.177544163164335,-7.221192755448865,True,True,0.0,0.6467232728944737,"GJR-GARCH(1,1,1)-t"
13235,24.589399567312487,29.545750975027957,True,True,0.18271232291263073,0.38788511871519504,"GJR-GARCH(1,1,1)-t"
13240,12.142936902612803,17.099288310328273,True,False,0.0,1.0,"GJR-GARCH(1,1,1)-t"
13241,37.32833422985917,42.28468563757464,True,True,0.0872755121672855,0.8069885072673073,"GJR-GARCH(1,1,1)-t"
13269,18.81011757594835,23.76646898366382,True,True,1.2910741760866227e-15,2.5904705084804613e-13,"GJR-GARCH(1,1,1)-t"
13276,-12.834255120464235,-7.877903712748765,True,True,1.590129244345352e-19,0.5208760795701103,"GJR-GARCH(1,1,1)-t"
13279,17.612752846943614,22.56910425465908,True,True,0.5698273480280075,0.0,"GJR-GARCH(1,1,1)-t"
13294,6.222442960825693,11.178794368541162,True,False,0.0,1.0,"GJR-GARCH(1,1,1)-t"
13302,1.269217718018261,6.225569125733731,True,True,0.0,1.0436313056451283e-14,"GJR-GARCH(1,1,1)-t"
13305,36.953488385003695,41.90983979271916,True,False,2.82038470695909e-20,1.0,"GJR-GARCH(1,1,1)-t"
13316,50.961301516904115,55.91765292461959,True,True,2.1650081028207553e-11,0.8471267751097249,"GJR-GARCH(1,1,1)-t"
13318,-0.23439544233059983,4.72195596538487,True,True,0.1812070894044322,0.8148925100370193,"GJR-GARCH(1,1,1)-t"
13321,7.406591419298576,12.362942827014045,True,False,0.954894381197926,0.3825151315177191,"GJR-GARCH(1,1,1)-t"
13324,27.500969988875198,32.45732139659067,True,False,0.0,0.9999999999999987,"GJR-GARCH(1,1,1)-t"
13328,2.380275006486997,7.336626414202467,True,True,9.021116642929116e-13,0.0,"GJR-GARCH(1,1,1)-t"
13350,4.00064158025727,8.95699298797274,True,False,4.673135625590922e-15,0.9999999999999355,"GJR-GARCH(1,1,1)-t"
13354,-9.960154900650526,-5.003803492935056,True,True,1.9955328315828276e-19,0.1143752467175064,"GJR-GARCH(1,1,1)-t"
13362,-8.185114711979978,-3.2287633042645076,True,True,0.9502910028477491,0.0,"GJR-GARCH(1,1,1)-t"
13368,7.582952107709788,12.539303515425258,True,True,3.209279606125338e-11,0.9747650337831597,"GJR-GARCH(1,1,1)-t"
13377,-0.0709416841121655,4.8854097236033045,True,True,0.27123492332774296,1.3801084843303569e-17,"GJR-GARCH(1,1,1)-t"
13382,12.164600816737309,17.12095222445278,True,True,3.947522992983979e-21,0.5065386193606706,"GJR-GARCH(1,1,1)-t"
13393,26.87576328740261,31.83211469511808,True,True,2.0548805672155642e-14,0.8199943080875055,"GJR-GARCH(1,1,1)-t"
13394,5.737487414402116,10.693838822117586,True,False,0.0,1.0,"GJR-GARCH(1,1,1)-t"
13398,25.83088754483967,30.787238952555136,True,True,0.0,0.9590231844413915,"GJR-GARCH(1,1,1)-t"
13417,33.41869819411578,38.37504960183125,True,True,2.28193134715349e-13,0.8353953776072496,"GJR-GARCH(1,1,1)-t"
13421,-8.597370331315986,-3.641018923600516,True,True,4.101636317804364e-15,1.6115327334235032e-15,"GJR-GARCH(1,1,1)-t"
13425,19.015465222371517,23.971816630086987,True,True,0.0,0.16860647084141434,"GJR-GARCH(1,1,1)-t"
13432,33.96366973449545,38.92002114221091,True,True,1.2074815301384935e-14,0.9789673806027777,"GJR-GARCH(1,1,1)-t"
13436,28.353631889526184,33.30998329724166,True,False,0.9999999990190014,6.660685433234897e-11,"GJR-GARCH(1,1,1)-t"
13451,-9.034870616824662,-4.078519209109192,True,False,8.020426040942959e-20,1.0,"GJR-GARCH(1,1,1)-t"
13452,36.56134950361409,41.517700911329555,True,True,5.61675604201105e-10,0.8762653732621759,"GJR-GARCH(1,1,1)-t"
13473,-10.930613550079137,-5.974262142363667,True,True,7.052972626280247e-16,0.0,"GJR-GARCH(1,1,1)-t"
13480,-5.141380591013391,-0.18502918329792095,True,True,8.747383641605413e-20,0.7984250657163511,"GJR-GARCH(1,1,1)-t"
13484,-9.17829672452643,-4.2219453168109595,True,True,1.353376234841211e-11,0.912037227174492,"GJR-GARCH(1,1,1)-t"
13488,28.794598570099424,33.7509499778149,True,False,0.9999999978785966,0.48179616623560484,"GJR-GARCH(1,1,1)-t"
13491,-8.28493689133775,-3.3285854836222803,True,True,0.0,0.4954004510953469,"GJR-GARCH(1,1,1)-t"
13495,-2.74221180961133,2.21413959810414,True,True,1.4711850294973651e-15,0.1690440710116903,"GJR-GARCH(1,1,1)-t"
13500,13.626014238556337,18.582365646271807,True,False,2.796554708964244e-12,0.9999999999627934,"GJR-GARCH(1,1,1)-t"
13501,-3.6754916536548734,1.2808597540605966,True,False,0.06219672027077698,0.9689016398646189,"GJR-GARCH(1,1,1)-t"
13503,34.55059457180895,39.50694597952442,True,True,4.590556795970876e-18,0.003147021490178862,"GJR-GARCH(1,1,1)-t"
13513,13.709644247624977,18.66599565534045,True,True,4.490647670933034e-14,0.41839187455792964,"GJR-GARCH(1,1,1)-t"
13514,37.55100201287574,42.507353420591215,True,True,2.6525420846815963e-14,0.8903289706727482,"GJR-GARCH(1,1,1)-t"
13523,1.604998069868632,6.561349477584102,True,False,3.3999567672011554e-16,0.9999999999999993,"GJR-GARCH(1,1,1)-t"
13529,47.766121981757095,52.72247338947257,True,True,1.4835755567679956e-17,0.5777240838010712,"GJR-GARCH(1,1,1)-t"
13531,-24.729670580034096,-19.773319172318626,True,True,1.0409204145689041e-17,0.965936906963535,"GJR-GARCH(1,1,1)-t"
13533,-12.614100046593382,-7.657748638877912,True,False,0.9999999999999933,0.028864675940142765,"GJR-GARCH(1,1,1)-t"
13552,23.356084738382393,28.312436146097866,True,True,7.145214263330498e-16,0.0,"GJR-GARCH(1,1,1)-t"
13560,10.574425494238422,15.530776901953892,True,True,1.6166219655255364e-15,0.9327838844466191,"GJR-GARCH(1,1,1)-t"
13567,8.585975476557454,13.542326884272924,True,True,4.286472827715748e-15,6.464542314242948e-14,"GJR-GARCH(1,1,1)-t"
13579,28.330371600783195,33.28672300849866,True,True,1.9212953343966673e-15,8.443354706987523e-16,"GJR-GARCH(1,1,1)-t"
13586,22.35263137379863,27.308982781514096,True,True,8.26106392030775e-15,0.810719311020073,"GJR-GARCH(1,1,1)-t"
13594,9.320023812217569,14.276375219933039,True,False,1.0,0.08478947136809091,"GJR-GARCH(1,1,1)-t"
13595,33.52267958605156,38.479030993767026,True,False,0.0,1.0,"GJR-GARCH(1,1,1)-t"
13598,6.1117257626228465,11.068077170338317,True,True,1.597005719541702e-15,0.9302712530540297,"GJR-GARCH(1,1,1)-t"
13599,9.946474566584538,14.902825974300008,True,True,0.0,0.527248842510987,"GJR-GARCH(1,1,1)-t"
13602,14.423052655211563,19.379404062927033,True,True,0.0,0.3487095511716354,"GJR-GARCH(1,1,1)-t"
13614,32.122126954444205,37.07847836215967,True,True,0.0,0.31977242976809506,"GJR-GARCH(1,1,1)-t"
13626,5.127875165557533,10.084226573273003,True,True,0.9570211205742049,0.0,"GJR-GARCH(1,1,1)-t"
13627,6.082676782311822,11.039028190027292,True,True,7.033757596968928e-14,0.9238827245008215,"GJR-GARCH(1,1,1)-t"
13643,6.748887259728253,11.705238667443723,True,True,9.512960764291718e-16,0.5762550436779404,"GJR-GARCH(1,1,1)-t"
13646,2.581309569136021,7.537660976851491,True,False,0.0,1.0,"GJR-GARCH(1,1,1)-t"
13650,29.004545984162455,33.96089739187793,True,False,0.5321937667447586,0.7339031166276208,"GJR-GARCH(1,1,1)-t"
13655,-3.4992698670449585,1.4570815406705115,True,True,5.621874311729681e-18,0.5227363511067452,"GJR-GARCH(1,1,1)-t"
13662,-2.710089521159251,2.246261886556219,True,True,1.566963493316068e-18,0.6320536704773251,"GJR-GARCH(1,1,1)-t"
13663,-6.952070602041886,-1.9957191943264156,True,True,1.5575211148943236e-08,0.9741410265472449,"GJR-GARCH(1,1,1)-t"
13673,18.189952477675178,23.146303885390644,True,True,6.461265548244405e-17,0.5549210321763006,"GJR-GARCH(1,1,1)-t"
13678,-22.961596111430374,-18.005244703714904,True,True,0.3798771699723518,2.70608210821179e-12,"GJR-GARCH(1,1,1)-t"
13699,23.234836826665198,28.191188234380668,True,True,9.79251328033776e-16,0.964951121498761,"GJR-GARCH(1,1,1)-t"
13707,-11.062658716837408,-6.106307309121938,True,False,0.3808744257717768,0.8095627871141176,"GJR-GARCH(1,1,1)-t"
13710,14.204825392956902,19.161176800672372,True,True,0.0,1.0676361213811647e-15,"GJR-GARCH(1,1,1)-t"
13720,-7.604227150870706,-2.647875743155236,True,True,2.545127056687765e-16,0.23741844200032844,"GJR-GARCH(1,1,1)-t"
13729,-4.19497035885567,0.7613810488597998,True,True,0.0,0.9839346164994022,"GJR-GARCH(1,1,1)-t"
13735,110.52386861434898,115.48022002206446,True,True,4.8022357299449396e-14,0.7224078412395942,"GJR-GARCH(1,1,1)-t"
13737,36.98687312861604,41.94322453633151,True,True,2.416814944189347e-13,0.9559242503867926,"GJR-GARCH(1,1,1)-t"
13745,33.72523703768354,38.681588445399015,True,True,0.0,0.7889497247800848,"GJR-GARCH(1,1,1)-t"
13762,-12.495682006710457,-7.539330598994987,True,False,1.0,0.500000000000026,"GJR-GARCH(1,1,1)-t"
13763,7.800008730743613,12.756360138459083,True,True,0.07643588812721201,1.1222767595030801e-15,"GJR-GARCH(1,1,1)-t"
13771,-6.599738334506199,-1.643386926790729,True,True,0.0,0.8569754853559595,"GJR-GARCH(1,1,1)-t"
13775,28.686210500711205,33.64256190842668,True,True,1.7924955069479672e-15,0.7923975682071169,"GJR-GARCH(1,1,1)-t"
13791,18.709027082593895,23.665378490309365,True,False,1.445566864764685e-15,1.0,"GJR-GARCH(1,1,1)-t"
13792,1.8859108553091968,6.842262263024667,True,True,2.460700754697788e-15,0.9696321629746734,"GJR-GARCH(1,1,1)-t"
13798,-2.6907000550973024,2.2656513526181676,True,True,0.2914410341654484,1.3726252518852228e-15,"GJR-GARCH(1,1,1)-t"
13821,17.301490668773205,22.257842076488675,True,True,2.7272740065674396e-20,0.10617581243688277,"GJR-GARCH(1,1,1)-t"
13822,13.941008213783316,18.897359621498786,True,True,0.02092085800112214,0.9262666070882386,"GJR-GARCH(1,1,1)-t"
13838,25.598925190466705,30.555276598182175,True,False,0.9999999999976118,7.213096604113888e-13,"GJR-GARCH(1,1,1)-t"
13851,61.39082877369462,66.3471801814101,True,True,0.3754194691009476,0.078343263405655,"GJR-GARCH(1,1,1)-t"
13857,2.7531143766862236,7.709465784401694,True,False,1.0,0.0,"GJR-GARCH(1,1,1)-t"
13861,8.174135518399705,13.130486926115175,True,True,0.0,2.94731283290724e-15,"GJR-GARCH(1,1,1)-t"
13868,12.267749214619428,17.2241006223349,True,True,0.0,0.7106329876045858,"GJR-GARCH(1,1,1)-t"
13872,-6.090881084813528,-1.1345296770980582,True,False,0.12934820845956396,0.9353258957701985,"GJR-GARCH(1,1,1)-t"
13880,-3.570149909623563,1.386201498091907,True,True,3.2435568088645503e-15,0.9770151382849597,"GJR-GARCH(1,1,1)-t"
13891,-2.453512222668323,2.502839185047147,True,True,0.15921087010155757,6.135374464193862e-14,"GJR-GARCH(1,1,1)-t"
13900,8.707645867157117,13.663997274872587,True,True,3.752152485418088e-15,0.7135204219346193,"GJR-GARCH(1,1,1)-t"
13912,35.8322608032901,40.78861221100557,True,True,1.1087953282074574e-18,0.8560570874367587,"GJR-GARCH(1,1,1)-t"
13920,5.749078117862169,10.705429525577639,True,True,2.6953622271520373e-18,0.9509552201491903,"GJR-GARCH(1,1,1)-t"
13928,20.33979921773103,25.2961506254465,True,False,1.4418517580068355e-15,0.9999999999999809,"GJR-GARCH(1,1,1)-t"
13936,6.344050086193809,11.300401493909279,True,True,3.133259799759852e-17,0.2871467946650341,"GJR-GARCH(1,1,1)-t"
13941,28.857394754323025,33.8137461620385,True,False,0.6967861119688482,0.4588433147497326,"GJR-GARCH(1,1,1)-t"
13948,33.83778666533331,38.794138073048785,True,True,4.280380762129762e-21,0.6550432393716948,"GJR-GARCH(1,1,1)-t"
13949,13.810969457233107,18.767320864948577,True,True,1.5460138575953608e-17,6.099071534887815e-15,"GJR-GARCH(1,1,1)-t"
13960,-19.806201616914628,-14.849850209199158,True,True,6.516309411629937e-08,0.8665651121350747,"GJR-GARCH(1,1,1)-t"
13968,1.3810594596960541,6.337410867411524,True,True,0.0,0.0,"GJR-GARCH(1,1,1)-t"
13971,-10.563807099751468,-5.607455692035998,True,True,1.423326291793122e-12,0.9294782872015728,"GJR-GARCH(1,1,1)-t"
13980,42.25777387898084,47.21412528669631,True,True,3.968981833107578e-14,0.9687245233121556,"GJR-GARCH(1,1,1)-t"
13983,19.609158906102326,24.565510313817796,True,True,2.827990012546046e-13,0.990219896640065,"GJR-GARCH(1,1,1)-t"
13986,27.363518635871863,32.319870043587336,True,True,0.0,0.840152821459833,"GJR-GARCH(1,1,1)-t"
13989,16.11538770324337,21.07173911095884,True,True,2.896345556306563e-16,2.875287187091645e-16,"GJR-GARCH(1,1,1)-t"
14001,9.047184418907342,14.003535826622812,True,False,1.0,0.0,"GJR-GARCH(1,1,1)-t"
14004,-13.415233548493308,-8.458882140777838,True,True,7.84336113356337e-16,4.533149519681112e-19,"GJR-GARCH(1,1,1)-t"
14016,-6.91732589711766,-1.96097448940219,True,True,0.0750503635241723,0.904061663632342,"GJR-GARCH(1,1,1)-t"
14021,0.3961185335337767,5.352469941249247,True,True,0.14531073971486427,1.6147557068098342e-13,"GJR-GARCH(1,1,1)-t"
14054,5.330696097711229,10.287047505426699,True,True,0.0,0.0,"GJR-GARCH(1,1,1)-t"
14061,46.006250165994246,50.96260157370972,True,True,0.9725936659381655,2.6108487289053064e-18,"GJR-GARCH(1,1,1)-t"
14065,-5.13418739071507,-0.1778359829995999,True,True,0.6401330951486639,1.697634838680603e-11,"GJR-GARCH(1,1,1)-t"
14070,43.73149275193131,48.68784415964679,True,True,1.753073625511098e-14,0.8617727468207067,"GJR-GARCH(1,1,1)-t"
14077,-24.127092072019686,-19.170740664304216,True,True,9.065273547942274e-15,3.100222128347184e-15,"GJR-GARCH(1,1,1)-t"
14079,39.61402096031001,44.570372368025474,True,True,2.3393485753130935e-19,4.245300151716045e-20,"GJR-GARCH(1,1,1)-t"
14080,3.801698194247006,8.758049601962476,True,False,0.0,0.9999999999999984,"GJR-GARCH(1,1,1)-t"
14088,2.1497738371845436,7.106125244900014,True,True,0.4019672811397895,3.7120444190890206e-13,"GJR-GARCH(1,1,1)-t"
14093,-13.623266561737445,-8.666915154021975,True,False,0.9999999999999998,1.8221551893709293e-16,"GJR-GARCH(1,1,1)-t"
14105,-6.6543741423555325,-1.6980227346400625,True,True,6.791817996070803e-12,0.9856803200567245,"GJR-GARCH(1,1,1)-t"
14111,18.09542746596788,23.05177887368335,True,True,2.107199107784327e-18,0.03656283008873314,"GJR-GARCH(1,1,1)-t"
14125,14.939765634217093,19.896117041932563,True,True,0.0,0.39197243752269045,"GJR-GARCH(1,1,1)-t"
14126,30.998419287826003,35.95477069554147,True,True,0.35932934254220333,0.0,"GJR-GARCH(1,1,1)-t"
14169,28.671588926439668,33.62794033415514,True,True,1.769233332715719e-15,0.8060749203330974,"GJR-GARCH(1,1,1)-t"
14171,33.57744406130686,38.53379546902234,True,True,0.0,0.0,"GJR-GARCH(1,1,1)-t"
14176,22.90134905001158,27.85770045772705,True,True,5.812419017261155e-10,0.9637782455099777,"GJR-GARCH(1,1,1)-t"
14177,13.97732089249009,18.93367230020556,True,True,9.100611166344839e-15,0.5445033085765336,"GJR-GARCH(1,1,1)-t"
14183,2.0710704053872195,7.0274218131026895,True,False,6.466053057118654e-17,0.9999999999999999,"GJR-GARCH(1,1,1)-t"
14205,31.422852881014965,36.379204288730435,True,True,1.888379115249859e-14,0.9687773397371053,"GJR-GARCH(1,1,1)-t"
14215,13.990794398645772,18.94714580636124,True,True,3.3833080934265344e-12,0.9157742368955435,"GJR-GARCH(1,1,1)-t"
14218,25.008570915749992,29.964922323465466,True,True,0.35778014681273007,0.1904245523172055,"GJR-GARCH(1,1,1)-t"
14234,19.27173522516822,24.228086632883688,True,True,4.484144145539348e-19,0.0,"GJR-GARCH(1,1,1)-t"
14235,14.151608597851782,19.10796000556725,True,True,6.1037130320912665e-16,0.755201133834613,"GJR-GARCH(1,1,1)-t"
14243,33.9783095731771,38.93466098089257,True,True,1.6259141678717404e-12,6.9051439545619456e-12,"GJR-GARCH(1,1,1)-t"
14246,-8.265070395655908,-3.3087189879404377,True,True,2.8704961533880194e-14,0.7435346094675576,"GJR-GARCH(1,1,1)-t"
14247,2.0649148222760747,7.021266229991545,True,False,0.0,1.0,"GJR-GARCH(1,1,1)-t"
14263,-11.257564852363629,-6.301213444648159,True,False,1.0,0.0,"GJR-GARCH(1,1,1)-t"
14273,-11.897556301514712,-6.941204893799242,True,True,0.0,0.9528318466066344,"GJR-GARCH(1,1,1)-t"
14276,52.1261030317363,57.082454439451766,True,True,6.234108445585173e-14,0.37172767535069456,"GJR-GARCH(1,1,1)-t"
14278,13.886293583919754,18.842644991635225,True,False,1.733425951016718e-21,0.999999999999986,"GJR-GARCH(1,1,1)-t"
14279,-8.17458349961182,-3.2182320918963505,True,True,1.0035791758017166e-15,0.959585026494574,"GJR-GARCH(1,1,1)-t"
14280,-0.9206060384739025,4.0357453692415675,True,True,0.0,0.0,"GJR-GARCH(1,1,1)-t"
14285,3.307445203263404,8.263796610978874,True,True,0.448078611261682,1.75523127442711e-16,"GJR-GARCH(1,1,1)-t"
14297,-1.4961456104484476,3.4602057972670224,True,True,3.4547184998836236e-12,0.9638633545425636,"GJR-GARCH(1,1,1)-t"
14305,-14.678038672007865,-9.721687264292395,True,True,6.970536625883147e-11,9.26043479629662e-10,"GJR-GARCH(1,1,1)-t"
14311,-5.897770421965767,-0.9414190142502967,True,False,7.517950362382477e-16,0.9999999999999999,"GJR-GARCH(1,1,1)-t"
14312,-4.073780855875125,0.8825705518403453,True,True,8.732498819986645e-17,0.9674137156854243,"GJR-GARCH(1,1,1)-t"
14316,23.336279792054146,28.292631199769616,True,True,8.959016953226288e-17,0.931190005297083,"GJR-GARCH(1,1,1)-t"
14319,-14.275162252773367,-9.318810845057897,True,True,3.682403170922418e-14,0.0,"GJR-GARCH(1,1,1)-t"
14326,12.209337677939853,17.165689085655323,True,False,0.9999999999999994,4.439579394401146e-07,"GJR-GARCH(1,1,1)-t"
14341,2.6101115232496745,7.5664629309651446,True,True,0.0,0.298560668000673,"GJR-GARCH(1,1,1)-t"
14350,7.326441667371786,12.282793075087255,True,True,5.5573146954209384e-11,4.7050212852680266e-09,"GJR-GARCH(1,1,1)-t"
14356,-8.101812117108704,-3.145460709393234,True,True,0.0,0.0,"GJR-GARCH(1,1,1)-t"
14361,-11.116645019112497,-6.160293611397027,True,True,0.0,1.0934794090222497e-09,"GJR-GARCH(1,1,1)-t"
14389,25.92157375768754,30.877925165403006,True,True,2.6853718360526467e-14,0.0,"GJR-GARCH(1,1,1)-t"
14416,-2.1756947734973373,2.7806566342181327,True,True,0.0,0.9670740874039693,"GJR-GARCH(1,1,1)-t"
14420,61.3119234659644,66.26827487367987,True,True,0.0,0.9038347173086859,"GJR-GARCH(1,1,1)-t"
14422,33.415666268282166,38.37201767599763,True,True,1.5125958663431799e-16,0.7952867665333083,"GJR-GARCH(1,1,1)-t"
14423,-9.358241778107846,-4.401890370392376,True,True,4.3396208109748684e-11,0.8685581932998644,"GJR-GARCH(1,1,1)-t"
14435,-4.647062887370769,0.3092885203447011,True,False,6.427641726925996e-15,0.999999999999961,"GJR-GARCH(1,1,1)-t"
14442,12.020443167756055,16.976794575471526,True,False,0.9999999999998156,0.0,"GJR-GARCH(1,1,1)-t"
14445,-0.9743260862886309,3.982025321426839,True,True,0.7933805456103815,0.0,"GJR-GARCH(1,1,1)-t"
14447,6.99820724971204,11.95455865742751,True,False,1.937365730970054e-18,1.0,"GJR-GARCH(1,1,1)-t"
14449,25.92790502505103,30.8842564327665,True,True,1.6377897963257536e-09,0.9157762526936156,"GJR-GARCH(1,1,1)-t"
14452,-4.657952214727246,0.29839919298822437,True,False,0.9999999999999949,0.2861135948190101,"GJR-GARCH(1,1,1)-t"
14464,10.726691147686612,15.683042555402082,True,True,1.9915966587426097e-11,1.4882517078518598e-11,"GJR-GARCH(1,1,1)-t"
14465,9.796013602948552,14.752365010664022,True,True,0.0,0.5302162471010585,"GJR-GARCH(1,1,1)-t"
14476,27.11367701897601,32.07002842669148,True,False,0.5820038885548404,0.7089980557225262,"GJR-GARCH(1,1,1)-t"
14483,8.854444975973985,13.810796383689455,True,True,0.46607255862334634,4.35153218142253e-16,"GJR-GARCH(1,1,1)-t"
14487,3.3191791474761168,8.275530555191587,True,True,0.0,0.9745559493396341,"GJR-GARCH(1,1,1)-t"
14494,1.4110761903382478,6.367427598053718,True,True,0.7737410334772535,1.9818995980151005e-09,"GJR-GARCH(1,1,1)-t"
14501,0.87858666115355,5.83493806886902,True,False,0.0,1.0,"GJR-GARCH(1,1,1)-t"
14504,-10.082113509600251,-5.125762101884781,True,True,0.0,0.8291748338033648,"GJR-GARCH(1,1,1)-t"
14510,16.24087010877745,21.197221516492924,True,True,0.0,0.9743865523524528,"GJR-GARCH(1,1,1)-t"
14547,43.675827391626605,48.63217879934207,True,True,5.969433020905254e-18,0.8470445543906174,"GJR-GARCH(1,1,1)-t"
14549,24.61092687041069,29.56727827812616,True,True,0.3699528658507494,0.08002163637093414,"GJR-GARCH(1,1,1)-t"
14561,12.840824723545893,17.797176131261363,True,True,0.0,8.176418284734386e-17,"GJR-GARCH(1,1,1)-t"
14564,45.92181462679426,50.87816603450973,True,True,0.0,0.7311584745328479,"GJR-GARCH(1,1,1)-t"
14572,-16.92489839381071,-11.968546986095241,True,True,4.847594643230836e-16,0.6895887788160578,"GJR-GARCH(1,1,1)-t"
14573,-2.1266382640753463,2.8297131436401237,True,True,0.5812190535458218,0.30603735767370155,"GJR-GARCH(1,1,1)-t"
14579,12.908949264464002,17.865300672179472,True,True,0.2621198165372015,0.5908293449075983,"GJR-GARCH(1,1,1)-t"
14582,53.300083672116536,58.256435079832,True,False,0.3116952668286457,0.8441523665852833,"GJR-GARCH(1,1,1)-t"
14601,5.995149315984902,10.951500723700372,True,True,0.0,0.9178219584290828,"GJR-GARCH(1,1,1)-t"
14619,23.268006078173975,28.224357485889445,True,False,2.6475621134104568e-17,0.9999999999999999,"GJR-GARCH(1,1,1)-t"
14623,17.226609221669207,22.182960629384674,True,False,0.09328349498997032,0.9140968479057003,"GJR-GARCH(1,1,1)-t"
14629,27.64394225839147,32.600293666106936,True,True,0.0,0.9644738302608236,"GJR-GARCH(1,1,1)-t"
14632,48.431426182880635,53.3877775905961,True,True,0.41361762682935543,0.1898097486590344,"GJR-GARCH(1,1,1)-t"
14635,18.41719355811171,23.37354496582718,True,True,5.430950120356966e-14,0.5422619880823363,"GJR-GARCH(1,1,1)-t"
14646,-5.90913430608963,-0.95278289837416,True,True,7.289411633564763e-15,0.5918859434293782,"GJR-GARCH(1,1,1)-t"
14648,31.14829401956084,36.10464542727631,True,True,1.4353150266714585e-12,0.10456774641234212,"GJR-GARCH(1,1,1)-t"
14697,38.55215620024272,43.50850760795819,True,False,1.2539543422476322e-14,0.999999999999954,"GJR-GARCH(1,1,1)-t"
14714,-7.336139743581029,-2.379788335865559,True,True,0.5948622683277567,3.664193721574942e-17,"GJR-GARCH(1,1,1)-t"
14715,-18.676586527623435,-13.720235119907965,True,False,0.8101134677138762,0.3253370587557353,"GJR-GARCH(1,1,1)-t"
14721,14.666853887859695,19.623205295575165,True,True,0.0,0.5628337131146047,"GJR-GARCH(1,1,1)-t"
14730,15.526971402111299,20.483322809826767,True,False,8.246722439242296e-13,0.9999999999920415,"GJR-GARCH(1,1,1)-t"
14733,9.411437660574618,14.367789068290088,True,True,0.0,0.870107612318015,"GJR-GARCH(1,1,1)-t"
14738,24.875926413750044,29.83227782146551,True,True,2.888675737740033e-18,0.9399361652102867,"GJR-GARCH(1,1,1)-t"
14740,-9.047495163876754,-4.091143756161284,True,True,0.6783493942641843,0.0,"GJR-GARCH(1,1,1)-t"
14749,3.2257748343252253,8.182126242040695,True,False,1.3312296736394762e-14,0.999999999999817,"GJR-GARCH(1,1,1)-t"
14751,43.92325610971854,48.87960751743401,True,True,0.1849194905193091,0.3554438492414342,"GJR-GARCH(1,1,1)-t"
14752,28.413141662078516,33.36949306979399,True,True,0.0,0.23322260730439412,"GJR-GARCH(1,1,1)-t"
14754,17.82291033917424,22.77926174688971,True,False,0.0,0.9999999999891858,"GJR-GARCH(1,1,1)-t"
14769,-8.919721581575555,-3.963370173860085,True,True,0.013278995562119452,7.095310893161997e-12,"GJR-GARCH(1,1,1)-t"
14795,11.68407873819363,16.6404301459091,True,True,0.24906686384609183,5.7843958393019384e-15,"GJR-GARCH(1,1,1)-t"
14797,-17.89772734417226,-12.94137593645679,True,True,0.0,0.2944969544388154,"GJR-GARCH(1,1,1)-t"
14800,-15.863989373172927,-10.907637965457457,True,True,0.9292444934662774,0.0,"GJR-GARCH(1,1,1)-t"
14807,54.603951097346986,59.56030250506245,True,True,8.812622449297117e-15,0.0,"GJR-GARCH(1,1,1)-t"
14809,2.3595486475287935,7.3159000552442635,True,True,0.5660141599454398,1.3955407155085495e-15,"GJR-GARCH(1,1,1)-t"
14810,1.2832258175729834,6.239577225288453,True,True,0.0,0.9571416477362404,"GJR-GARCH(1,1,1)-t"
14813,23.611505617585543,28.56785702530101,True,True,5.295687711499138e-12,0.9730335132541491,"GJR-GARCH(1,1,1)-t"
14817,6.390682228777429,11.347033636492899,True,True,0.3383126137570408,0.0,"GJR-GARCH(1,1,1)-t"
14836,46.22752475531319,51.18387616302866,True,True,0.0,0.955168569955144,"GJR-GARCH(1,1,1)-t"
14838,19.57013080864268,24.52648221635815,True,True,0.06453547139781864,4.966919469164514e-15,"GJR-GARCH(1,1,1)-t"
14842,-24.165474709486396,-19.209123301770926,True,False,0.9999999999999633,3.716926226880362e-14,"GJR-GARCH(1,1,1)-t"
14857,17.379251913546607,22.335603321262077,True,True,3.4323523079702887e-15,0.5742708071531349,"GJR-GARCH(1,1,1)-t"
14866,4.553173994041227,9.509525401756697,True,False,9.871106385017092e-15,0.9999999999997785,"GJR-GARCH(1,1,1)-t"
14869,-7.1659611182146,-2.20960971049913,True,True,2.4551259360902063e-11,0.9625643762699199,"GJR-GARCH(1,1,1)-t"
14886,25.65508577424712,30.61143718196259,True,True,1.256597405386305e-11,0.00443500547243015,"GJR-GARCH(1,1,1)-t"
14895,-1.6255417491449666,3.3308096585705034,True,False,1.0,0.2789420850753492,"GJR-GARCH(1,1,1)-t"
14897,12.286077166885399,17.24242857460087,True,True,3.030107445625225e-15,0.9100255611657405,"GJR-GARCH(1,1,1)-t"
14906,33.60394534375498,38.560296751470446,True,True,4.463894918616996e-16,0.9135947814423208,"GJR-GARCH(1,1,1)-t"
14908,9.11082547257414,14.06717688028961,True,True,0.1091830071536573,2.295514437869567e-18,"GJR-GARCH(1,1,1)-t"
14909,21.03637971655773,25.9927311242732,True,True,1.6761876712207925e-17,1.8980702437779424e-17,"GJR-GARCH(1,1,1)-t"
14912,-11.872641782478865,-6.9162903747633955,True,True,2.0898023956612898e-10,0.9780151485497067,"GJR-GARCH(1,1,1)-t"
14913,10.711865258113127,15.668216665828597,True,True,1.7338953513259473e-16,0.1830293594885454,"GJR-GARCH(1,1,1)-t"
14916,-9.139822813338046,-4.183471405622576,True,True,1.7915250835588429e-13,0.9557576988715459,"GJR-GARCH(1,1,1)-t"
14918,14.805164433912205,19.761515841627677,True,False,2.8330666716601093e-14,0.9999999999999709,"GJR-GARCH(1,1,1)-t"
14924,26.42819646204564,31.384547869761107,True,True,1.6212220289564627e-17,0.9805716381500272,"GJR-GARCH(1,1,1)-t"
14926,-14.386222630873473,-9.429871223158003,True,True,0.09109572524369482,0.5433540936829855,"GJR-GARCH(1,1,1)-t"
14928,14.289722562675523,19.246073970390995,True,True,0.0,0.0,"GJR-GARCH(1,1,1)-t"
14951,7.919509319808734,12.875860727524204,True,True,0.0,0.48637220262781033,"GJR-GARCH(1,1,1)-t"
14970,-2.983639893142353,1.9727115145731169,True,True,0.2692574799733543,3.7728612368005396e-14,"GJR-GARCH(1,1,1)-t"
14976,3.9548877801608047,8.911239187876275,True,False,7.394247663896966e-15,0.9999999999999993,"GJR-GARCH(1,1,1)-t"
14977,-18.74164269981617,-13.785291292100698,True,False,1.0,0.3958199938257742,"GJR-GARCH(1,1,1)-t"
14979,10.180355913759364,15.136707321474834,True,True,4.473131720530334e-22,0.27948352760188766,"GJR-GARCH(1,1,1)-t"
14982,9.413104991495045,14.369456399210515,True,True,0.0,0.37510680439088345,"GJR-GARCH(1,1,1)-t"
14994,-3.714039390893042,1.242312016822428,True,True,7.211342507802438e-16,0.5534684625840781,"GJR-GARCH(1,1,1)-t"
14995,6.873194100123861,11.829545507839331,True,True,0.0,0.4411247907114007,"GJR-GARCH(1,1,1)-t"
15008,-3.759709541753651,1.1966418659618192,True,False,5.0730129401766664e-15,1.0,"GJR-GARCH(1,1,1)-t"
15010,-2.9481426156720403,2.0082087920434297,True,True,4.861942274950023e-18,0.5120800559605857,"GJR-GARCH(1,1,1)-t"
15035,9.81016333316143,14.7665147408769,True,True,0.2685013225162894,0.0,"GJR-GARCH(1,1,1)-t"
15038,10.883154125239894,15.839505532955364,True,False,0.0,0.9999999580703121,"GJR-GARCH(1,1,1)-t"
15042,-19.832875609605125,-14.876524201889655,True,False,0.9999999999999999,3.8760454075726564e-17,"GJR-GARCH(1,1,1)-t"
15048,3.4749471518667185,8.431298559582189,True,True,1.877676119666779e-14,0.34629893372368875,"GJR-GARCH(1,1,1)-t"
15061,55.31857955569725,60.274930963412714,True,False,1.0,0.25799788167750415,"GJR-GARCH(1,1,1)-t"
15063,14.973092265247562,19.929443672963032,True,True,0.0,1.3483088176253484e-15,"GJR-GARCH(1,1,1)-t"
15092,33.075052785853345,38.03140419356882,True,True,0.18128939505288544,2.675241704680373e-17,"GJR-GARCH(1,1,1)-t"
15122,8.039462966982722,12.995814374698192,True,False,0.9999999999998519,1.428130624139444e-13,"GJR-GARCH(1,1,1)-t"
15131,33.316255627997414,38.27260703571288,True,True,0.4990915674761907,0.4713731215217458,"GJR-GARCH(1,1,1)-t"
15132,11.398424608530958,16.35477601624643,True,True,4.2802633459416084e-16,0.9005764762128196,"GJR-GARCH(1,1,1)-t"
15139,10.27650236772827,15.23285377544374,True,True,4.1902349427465005e-16,1.2777553381019997e-16,"GJR-GARCH(1,1,1)-t"
15147,29.255411804965767,34.211763212681234,True,True,0.0,0.9811403916821497,"GJR-GARCH(1,1,1)-t"
15155,69.23575649909986,74.19210790681532,True,True,7.202581243080036e-13,0.9543782979900246,"GJR-GARCH(1,1,1)-t"
15163,-21.458568044302787,-16.502216636587317,True,True,4.582165940116256e-13,0.5899695441252855,"GJR-GARCH(1,1,1)-t"
15173,16.950716402704117,21.90706781041959,True,False,1.0,0.0,"GJR-GARCH(1,1,1)-t"
15176,33.9325463168274,38.88889772454287,True,True,1.5646013709095317e-18,0.9565834143363353,"GJR-GARCH(1,1,1)-t"
15185,15.04108223879207,19.997433646507538,True,True,2.308605972546337e-15,8.872501946552437e-15,"GJR-GARCH(1,1,1)-t"
15186,20.14111678375329,25.097468191468757,True,True,2.168352207580379e-15,0.90636157360696,"GJR-GARCH(1,1,1)-t"
15194,-16.27287624949637,-11.3165248417809,True,True,0.0,0.005797457685386456,"GJR-GARCH(1,1,1)-t"
15209,29.852052033258317,34.80840344097379,True,True,1.1809775062786345e-14,0.9561848433132868,"GJR-GARCH(1,1,1)-t"
15216,14.82647148232584,19.78282289004131,True,True,4.3243898818502795e-14,0.3056584080159737,"GJR-GARCH(1,1,1)-t"
15239,21.88238726389549,26.83873867161096,True,False,0.0,1.0,"GJR-GARCH(1,1,1)-t"
15246,30.924378577648334,35.8807299853638,True,True,1.1593692314768567e-16,2.9097638978240904e-17,"GJR-GARCH(1,1,1)-t"
15269,9.264819127479448,14.221170535194918,True,True,7.605735054857682e-13,0.9915722761384735,"GJR-GARCH(1,1,1)-t"
15271,28.12737524045363,33.083726648169105,True,False,1.0,0.0,"GJR-GARCH(1,1,1)-t"
15276,13.134127179003421,18.09047858671889,True,False,0.44646206348696965,0.7767689682635808,"GJR-GARCH(1,1,1)-t"
15280,-7.015254760932258,-2.058903353216788,True,False,0.9999999864880311,0.032551524358717346,"GJR-GARCH(1,1,1)-t"
15288,11.335766797740419,16.29211820545589,True,False,0.0,0.9999999999994575,"GJR-GARCH(1,1,1)-t"
15290,-1.4865147393996576,3.4698366683158124,True,True,5.2990591069370326e-21,0.866342940894183,"GJR-GARCH(1,1,1)-t"
15291,-9.111857026524468,-4.1555056188089985,True,True,2.875409053819708e-12,1.0247693060712876e-11,"GJR-GARCH(1,1,1)-t"
15319,2.6517609388441485,7.6081123465596185,True,True,2.0506992251245955e-14,0.9886409859875803,"GJR-GARCH(1,1,1)-t"
15335,24.69364084488401,29.649992252599482,True,True,3.0134682678348974e-14,0.9987340801795953,"GJR-GARCH(1,1,1)-t"
15341,13.907150818131981,18.86350222584745,True,True,3.050977851983869e-17,0.029009218701575003,"GJR-GARCH(1,1,1)-t"
15344,41.29154406025816,46.247895467973635,True,True,0.702754251847552,1.2840821459977105e-21,"GJR-GARCH(1,1,1)-t"
15352,22.269640873518895,27.225992281234365,True,True,1.0623711709681811e-15,0.6366549076873493,"GJR-GARCH(1,1,1)-t"
15353,18.08503631170799,23.04138771942346,True,False,1.0,0.2065031930518506,"GJR-GARCH(1,1,1)-t"
15365,17.515043240361436,22.47139464807691,True,True,1.7244959022615353e-15,0.9758259391678032,"GJR-GARCH(1,1,1)-t"
15388,37.90778348612336,42.86413489383882,True,True,2.0700345814393136e-15,1.1107930473438177e-14,"GJR-GARCH(1,1,1)-t"
15393,37.36865319264329,42.32500460035877,True,True,1.283473549493626e-15,0.8419892848943902,"GJR-GARCH(1,1,1)-t"
15400,61.522978727911664,66.47933013562714,True,False,0.3932061474650724,0.80327360524722,"GJR-GARCH(1,1,1)-t"
15418,33.768793839841464,38.72514524755693,True,True,0.05821010305111274,0.05735275869762379,"GJR-GARCH(1,1,1)-t"
15433,-1.7661326376353568,3.1902187700801132,True,True,0.15372657079483867,7.484133782083993e-18,"GJR-GARCH(1,1,1)-t"
15448,-3.2095439811638578,1.7468074265516123,True,True,0.75889589236192,2.695056541342013e-09,"GJR-GARCH(1,1,1)-t"
15462,-8.430097232098404,-3.4737458243829344,True,True,0.0,0.9635779966857508,"GJR-GARCH(1,1,1)-t"
15466,-0.16028614171699118,4.796065265998479,True,False,4.614526975376407e-16,0.9999999999999994,"GJR-GARCH(1,1,1)-t"
15486,-19.041307056335384,-14.084955648619914,True,True,1.1779050953401934e-14,0.1792047094449086,"GJR-GARCH(1,1,1)-t"
15491,37.938800784708576,42.89515219242405,True,True,0.0,0.5260330629516834,"GJR-GARCH(1,1,1)-t"
15499,-8.818699116737385,-3.8623477090219147,True,False,1.0,2.0178346339585032e-18,"GJR-GARCH(1,1,1)-t"
15516,-1.9298887634914674,3.0264626442240026,True,True,0.0,0.23060611387953933,"GJR-GARCH(1,1,1)-t"
15517,44.82843166043199,49.784783068147455,True,True,2.1053153537761352e-13,0.9540162691644473,"GJR-GARCH(1,1,1)-t"
15521,4.648250514685552,9.604601922401022,True,True,0.0,0.9775669587193275,"GJR-GARCH(1,1,1)-t"
15525,18.597281937240833,23.553633344956303,True,True,2.7624646083939687e-17,0.9028457900054462,"GJR-GARCH(1,1,1)-t"
15529,42.44454641430816,47.40089782202362,True,True,1.4148037542521484e-17,0.7548213976391082,"GJR-GARCH(1,1,1)-t"
15535,31.078603768863257,36.03495517657873,True,True,0.0,0.7622558743039813,"GJR-GARCH(1,1,1)-t"
15540,10.23701034458694,15.19336175230241,True,True,2.8973415423380867e-15,0.7583448282597742,"GJR-GARCH(1,1,1)-t"
15547,26.986320867045478,31.942672274760945,True,True,0.0,0.8771360069125302,"GJR-GARCH(1,1,1)-t"
15548,2.0371924611475514,6.993543868863021,True,False,1.0,3.005856623193466e-14,"GJR-GARCH(1,1,1)-t"
15568,-6.981180559082972,-2.024829151367502,True,True,0.3474186685801596,1.626381973537798e-10,"GJR-GARCH(1,1,1)-t"
15584,51.50434993551521,56.46070134323068,True,True,0.28812327447817,1.3965349932374003e-15,"GJR-GARCH(1,1,1)-t"
15586,1.8862407058203363,6.842592113535806,True,False,0.0,1.0,"GJR-GARCH(1,1,1)-t"
15595,6.1136800312872115,11.070031439002681,True,True,8.240902281334155e-14,2.4217162356687475e-13,"GJR-GARCH(1,1,1)-t"
15599,12.312297154334104,17.268648562049574,True,False,0.9999999999999828,0.08880548376896027,"GJR-GARCH(1,1,1)-t"
15625,33.95802814180621,38.91437954952168,True,True,7.994916113559368e-11,7.72547756809073e-11,"GJR-GARCH(1,1,1)-t"
15627,26.9021253830599,31.85847679077537,True,True,0.0,0.9369903777197626,"GJR-GARCH(1,1,1)-t"
15633,3.4109571516213055,8.367308559336776,True,True,3.836060267210082e-11,0.9533755011338065,"GJR-GARCH(1,1,1)-t"
15637,23.49082976126111,28.44718116897658,True,True,2.7641223687622255e-20,0.9628181088031035,"GJR-GARCH(1,1,1)-t"
15644,50.81532899762766,55.77168040534313,True,True,3.5893226224447053e-19,2.0316851104328974e-19,"GJR-GARCH(1,1,1)-t"
15647,21.035706005668942,25.992057413384416,True,True,0.0,0.971063214258992,"GJR-GARCH(1,1,1)-t"
15671,-0.005190215223002781,4.951161192492467,True,True,0.0,0.9338234691926453,"GJR-GARCH(1,1,1)-t"
15685,-2.762818779255042,2.193532628460428,True,True,2.359405297835841e-16,8.963272330638686e-19,"GJR-GARCH(1,1,1)-t"
15687,30.039115831547967,34.995467239263434,True,True,1.2334156283085917e-13,5.329378017696153e-13,"GJR-GARCH(1,1,1)-t"
15689,4.474170098995943,9.430521506711413,True,True,2.8601279064194284e-14,5.739433069889478e-14,"GJR-GARCH(1,1,1)-t"
15693,-3.587592112640344,1.368759295075126,True,True,1.8336461824529324e-16,0.28859524087020216,"GJR-GARCH(1,1,1)-t"
15697,22.579586288579108,27.53593769629458,True,True,8.722635390483144e-13,0.743748430363952,"GJR-GARCH(1,1,1)-t"
15703,26.75483623224154,31.71118763995701,True,True,7.75100351818331e-12,4.1226184687829094e-10,"GJR-GARCH(1,1,1)-t"
15706,-3.090449304677737,1.8659021030377332,True,True,0.0,0.8855348681919308,"GJR-GARCH(1,1,1)-t"
15713,-6.965356183124236,-2.0090047754087657,True,True,1.7702808700836563e-07,0.9463016534860065,"GJR-GARCH(1,1,1)-t"
15715,14.155947415236191,19.11229882295166,True,True,0.5616913979735109,4.2790988427843485e-16,"GJR-GARCH(1,1,1)-t"
15727,0.4020044229344055,5.3583558306498755,True,True,0.0,9.033436228513136e-16,"GJR-GARCH(1,1,1)-t"
15728,10.154774124606892,15.111125532322362,True,True,7.112755941129285e-19,0.9412829297254316,"GJR-GARCH(1,1,1)-t"
15730,-22.643593633026683,-17.687242225311213,True,True,1.0445862002457956e-12,1.131108604685273e-12,"GJR-GARCH(1,1,1)-t"
15742,-0.12763821288414157,4.828713194831328,True,True,9.821670419425748e-16,0.9021401559793709,"GJR-GARCH(1,1,1)-t"
15746,-1.3498322668921308,3.6065191408233392,True,True,6.749843761161776e-14,0.0,"GJR-GARCH(1,1,1)-t"
15757,-9.3935221331791,-4.437170725463631,True,True,2.5556680972865295e-13,0.4116723931342622,"GJR-GARCH(1,1,1)-t"
15759,14.106641375174656,19.062992782890127,True,True,1.7748051554188312e-18,0.9638317972815545,"GJR-GARCH(1,1,1)-t"
15765,8.993977807142018,13.950329214857488,True,True,0.36101061117138444,0.0,"GJR-GARCH(1,1,1)-t"
15770,5.278567707048605,10.234919114764075,True,True,5.568118782075973e-16,2.0249635088192404e-14,"GJR-GARCH(1,1,1)-t"
15772,4.310346099458304,9.266697507173774,True,False,0.0,1.0,"GJR-GARCH(1,1,1)-t"
15798,4.807137357882048,9.763488765597518,True,False,1.1318719418098439e-13,0.9999999999980557,"GJR-GARCH(1,1,1)-t"
15807,18.452644648838195,23.408996056553665,True,True,4.981091575125915e-13,0.6477899669518844,"GJR-GARCH(1,1,1)-t"
15818,19.145081776393283,24.101433184108753,True,False,1.621222651289311e-16,0.9999999999999998,"GJR-GARCH(1,1,1)-t"
15823,46.61146214479299,51.567813552508454,True,False,0.5943375312429872,0.7028312343784636,"GJR-GARCH(1,1,1)-t"
15824,70.8516655534954,75.80801696121087,True,True,1.7213004739384487e-15,0.6855734505895182,"GJR-GARCH(1,1,1)-t"
15836,-17.32805826201183,-12.37170685429636,True,False,0.5344813434746033,0.7327593282633403,"GJR-GARCH(1,1,1)-t"
15840,-3.4078310835166548,1.5485203241988152,True,True,0.618065047057745,9.601144747371868e-19,"GJR-GARCH(1,1,1)-t"
15845,6.921743510373718,11.878094918089188,True,True,6.980443050307633e-16,0.8367426551066127,"GJR-GARCH(1,1,1)-t"
15846,-4.808835967334268,0.147515440381202,True,True,3.967782280042553e-12,8.376435128622658e-11,"GJR-GARCH(1,1,1)-t"
15852,-0.2737087070841877,4.682642700631282,True,False,1.792576510570306e-13,0.9999999999903744,"GJR-GARCH(1,1,1)-t"
15853,12.55981406407202,17.516165471787488,True,False,2.928194239833376e-15,0.9999999999999719,"GJR-GARCH(1,1,1)-t"
15858,7.864351204203828,12.820702611919298,True,True,0.0,0.8851813660186627,"GJR-GARCH(1,1,1)-t"
15861,-13.553201013104708,-8.596849605389238,True,False,0.0,1.0,"GJR-GARCH(1,1,1)-t"
15872,12.272595925362163,17.228947333077635,True,True,9.790849413417724e-13,0.6559650380741986,"GJR-GARCH(1,1,1)-t"
15883,43.69506944169677,48.65142084941224,True,True,6.012159366502378e-17,0.6470967760527974,"GJR-GARCH(1,1,1)-t"
15894,6.415583582146807,11.371934989862277,True,False,0.9310354548030897,0.4757951657942841,"GJR-GARCH(1,1,1)-t"
15903,8.365465276193731,13.321816683909201,True,True,0.009083450410150597,0.0760753192845343,"GJR-GARCH(1,1,1)-t"
15904,53.00501051241688,57.96136192013235,True,True,0.0,0.15572336441195225,"GJR-GARCH(1,1,1)-t"
15906,55.450388982589644,60.40674039030512,True,True,2.1171071076930235e-14,8.77151522107419e-14,"GJR-GARCH(1,1,1)-t"
15907,4.802346649336988,9.758698057052458,True,True,3.5412280371901683e-10,0.96689049278881,"GJR-GARCH(1,1,1)-t"
15908,6.916309094124996,11.872660501840466,True,False,0.7471676948702372,0.6065873039305792,"GJR-GARCH(1,1,1)-t"
15920,9.872449947013173,14.828801354728643,True,False,6.6368078959225216e-18,0.9999999999999984,"GJR-GARCH(1,1,1)-t"
15938,-17.496526664515955,-12.540175256800485,True,False,0.9999999999954282,0.4911029502277423,"GJR-GARCH(1,1,1)-t"
15960,47.48229527204979,52.438646679765256,True,True,6.198456697447558e-14,0.6320726882426818,"GJR-GARCH(1,1,1)-t"
15965,-1.3103272763120462,3.646024131403424,True,True,7.286641761559005e-14,6.671611299239585e-13,"GJR-GARCH(1,1,1)-t"
15966,31.653503210053334,36.609854617768804,True,True,0.0,0.8710283319001819,"GJR-GARCH(1,1,1)-t"
15982,21.257675677607192,26.214027085322662,True,True,0.0,0.9719232234896112,"GJR-GARCH(1,1,1)-t"
15989,8.14040733382304,13.09675874153851,True,False,0.6636814559865317,0.4517968157429425,"GJR-GARCH(1,1,1)-t"
15991,39.321797683614264,44.27814909132974,True,True,0.0,0.20402155755488338,"GJR-GARCH(1,1,1)-t"
16016,-1.6916113258244199,3.26474008189105,True,False,0.39141010786149316,0.7921941736222758,"GJR-GARCH(1,1,1)-t"
16017,27.809905826973335,32.76625723468881,True,False,1.1211116483506888e-18,1.0,"GJR-GARCH(1,1,1)-t"
16031,-5.844693879352796,-0.8883424716373263,True,True,5.061272100643145e-15,0.4084070233821551,"GJR-GARCH(1,1,1)-t"
16040,9.184098463396065,14.140449871111535,True,False,7.031251682138498e-16,1.0,"GJR-GARCH(1,1,1)-t"
16071,22.23799232524682,27.194343732962295,True,True,6.389217841608391e-14,0.8949983528747594,"GJR-GARCH(1,1,1)-t"
16081,29.21991339830099,34.17626480601646,True,False,1.0,1.5169121078487316e-17,"GJR-GARCH(1,1,1)-t"
16086,15.218817066693454,20.175168474408924,True,True,7.865167168407434e-13,0.9491930168851981,"GJR-GARCH(1,1,1)-t"
16089,46.19285374151406,51.14920514922953,True,True,3.9370716180473967e-16,1.6375459572389755e-15,"GJR-GARCH(1,1,1)-t"
16093,25.957196175386848,30.913547583102314,True,True,4.55081019054934e-14,0.9759850160824195,"GJR-GARCH(1,1,1)-t"
16103,16.893070052297514,21.849421460012984,True,True,1.078436195679429e-15,0.265249769420475,"GJR-GARCH(1,1,1)-t"
16113,16.778626012417526,21.734977420132992,True,False,4.461507893289116e-15,0.9999999999999964,"GJR-GARCH(1,1,1)-t"
16118,14.322892676267108,19.279244083982576,True,False,1.0,0.2783083782211216,"GJR-GARCH(1,1,1)-t"
16127,40.45866138456357,45.41501279227904,True,True,7.994632087017858e-17,0.14361584985690692,"GJR-GARCH(1,1,1)-t"
16138,5.256116215876453,10.212467623591923,True,True,1.3436336635861809e-11,9.408579822327268e-12,"GJR-GARCH(1,1,1)-t"
16147,16.759849183087393,21.716200590802863,True,True,0.6534559887742659,0.0,"GJR-GARCH(1,1,1)-t"
16149,14.205903167813531,19.162254575529,True,True,8.857127465770741e-14,0.8990379715381134,"GJR-GARCH(1,1,1)-t"
16170,-7.683591933595942,-2.7272405258804717,True,True,0.0,0.0,"GJR-GARCH(1,1,1)-t"
16172,1.0677255450770193,6.024076952792489,True,False,0.0,0.9999999150288731,"GJR-GARCH(1,1,1)-t"
16192,23.41560320364311,28.37195461135858,True,False,1.0076859281853683e-10,1.0,"GJR-GARCH(1,1,1)-t"
16200,-3.658871329869932,1.2974800778455382,True,False,1.0112939556820914e-11,0.9999999987274151,"GJR-GARCH(1,1,1)-t"
16235,5.397449534829523,10.353800942544993,True,False,0.0,1.0,"GJR-GARCH(1,1,1)-t"
16240,26.474090767118554,31.430442174834024,True,False,0.4394404662570103,0.5985086220699452,"GJR-GARCH(1,1,1)-t"
16271,15.558230152455076,20.514581560170548,True,True,7.315607481246484e-12,0.7897519865797371,"GJR-GARCH(1,1,1)-t"
16280,8.79777581407819,13.75412722179366,True,True,2.756690968965805e-15,0.594877875764307,"GJR-GARCH(1,1,1)-t"
16282,23.88469428849081,28.84104569620628,True,True,0.18771132725175838,0.04058383528234627,"GJR-GARCH(1,1,1)-t"
16288,-18.451069255322295,-13.494717847606825,True,True,4.579362703127874e-13,0.9271431755612447,"GJR-GARCH(1,1,1)-t"
16289,29.711383364233022,34.66773477194849,True,True,3.4383103988081063e-16,0.8666623543882729,"GJR-GARCH(1,1,1)-t"
16304,12.533525102791037,17.48987651050651,True,True,0.43849627977983185,0.38519755750807144,"GJR-GARCH(1,1,1)-t"
16312,-3.0075935356040873,1.9487578721113827,True,True,0.5761528201459771,2.790533890940657e-15,"GJR-GARCH(1,1,1)-t"
16320,-2.7866045342267967,2.1697468734886733,True,True,0.0,0.8375336118103065,"GJR-GARCH(1,1,1)-t"
16328,-17.706167235497624,-12.749815827782154,True,True,2.306854981139839e-15,4.669756086088713e-16,"GJR-GARCH(1,1,1)-t"
16330,30.33184751319379,35.28819892090926,True,True,0.7116585433999139,3.3220410344069727e-10,"GJR-GARCH(1,1,1)-t"
16352,8.037883254877775,12.994234662593245,True,False,9.893067655873543e-14,0.9999999999973577,"GJR-GARCH(1,1,1)-t"
16357,13.787231142767208,18.743582550482678,True,True,1.5500471193409571e-13,0.8588316893904275,"GJR-GARCH(1,1,1)-t"
16367,18.321991776861992,23.278343184577466,True,True,1.323551523127339e-12,0.7775497180193213,"GJR-GARCH(1,1,1)-t"
16374,14.080334578326898,19.036685986042368,True,False,0.0,0.9999999999999993,"GJR-GARCH(1,1,1)-t"
16402,37.46318404512982,42.419535452845295,True,True,4.4026596661196724e-11,0.780190049935559,"GJR-GARCH(1,1,1)-t"
16404,-7.035760503008145,-2.079409095292675,True,True,8.578450187793167e-15,0.0,"GJR-GARCH(1,1,1)-t"
16428,15.848034619239414,20.804386026954884,True,True,0.0,0.8626792703183075,"GJR-GARCH(1,1,1)-t"
16429,20.453915791271832,25.410267198987302,True,True,0.0,0.3964631473889021,"GJR-GARCH(1,1,1)-t"
16431,26.618434139944846,31.574785547660316,True,True,0.0213735354495618,0.8315583196578057,"GJR-GARCH(1,1,1)-t"
16438,0.48115684510801415,5.437508252823484,True,False,5.872718638211767e-14,0.999999999999942,"GJR-GARCH(1,1,1)-t"
16454,-8.210701484389244,-3.2543500766737736,True,True,0.0,0.4915312843997389,"GJR-GARCH(1,1,1)-t"
16460,-11.790622369297452,-6.834270961581982,True,True,1.551359299196171e-15,0.13466192367945842,"GJR-GARCH(1,1,1)-t"
16466,-2.229712252627248,2.726639155088222,True,True,5.023631394752905e-14,0.8777401009123815,"GJR-GARCH(1,1,1)-t"
16479,19.07589953339214,24.032250941107613,True,True,0.07005838881912067,5.52724033276233e-17,"GJR-GARCH(1,1,1)-t"
16488,-10.860852903485572,-5.904501495770102,True,True,2.571983789681321e-16,1.6332885984181623e-15,"GJR-GARCH(1,1,1)-t"
16489,2.629133175339801,7.585484583055271,True,True,1.8479774533651658e-16,0.0241940768594202,"GJR-GARCH(1,1,1)-t"
16499,18.51378870214963,23.4701401098651,True,True,0.0,0.6609363027711502,"GJR-GARCH(1,1,1)-t"
16500,-8.966976230626926,-4.010624822911456,True,True,2.571505238603021e-13,0.9414565543291877,"GJR-GARCH(1,1,1)-t"
16504,8.722302997801835,13.678654405517305,True,True,2.564062389544224e-15,0.623299392441647,"GJR-GARCH(1,1,1)-t"
16507,14.078849209816212,19.035200617531682,True,True,7.222890443175329e-14,0.42367265908603985,"GJR-GARCH(1,1,1)-t"
16511,23.80800669856694,28.76435810628241,True,True,0.4761093037409406,0.30126756846354713,"GJR-GARCH(1,1,1)-t"
16519,-6.725767012374057,-1.7694156046585867,True,True,0.7934531049287515,4.637388625154172e-13,"GJR-GARCH(1,1,1)-t"
16526,-10.710557813317017,-5.754206405601547,True,True,0.0,0.6981189039581402,"GJR-GARCH(1,1,1)-t"
16556,-2.8551992151793932,2.1011521925360768,True,True,0.10461424114306804,0.27663664638919927,"GJR-GARCH(1,1,1)-t"
16560,6.503581527016202,11.459932934731672,True,True,0.3702403510195489,2.466819689077636e-19,"GJR-GARCH(1,1,1)-t"
16570,26.05267350442695,31.00902491214242,True,True,1.213422745854091e-16,0.9611465790944604,"GJR-GARCH(1,1,1)-t"
16575,1.9994218505691048,6.955773258284575,True,True,0.0,0.9001903233610951,"GJR-GARCH(1,1,1)-t"
16594,8.27146940228257,13.22782080999804,True,True,8.82464010552511e-15,0.44773549162765697,"GJR-GARCH(1,1,1)-t"
16601,-6.245288394995381,-1.2889369872799108,True,False,0.0,1.0,"GJR-GARCH(1,1,1)-t"
16611,-17.832251228833936,-12.875899821118466,True,True,0.06149491250603056,1.87082567840059e-16,"GJR-GARCH(1,1,1)-t"
16614,1.0244640696952683,5.980815477410738,True,True,0.0,0.0,"GJR-GARCH(1,1,1)-t"
16624,49.44245885846858,54.39881026618404,True,True,0.37738272717479443,0.2807021136131884,"GJR-GARCH(1,1,1)-t"
16629,4.85458196771325,9.81093337542872,True,True,0.0,0.5099044663541729,"GJR-GARCH(1,1,1)-t"
16630,3.1812845930122027,8.137636000727673,True,True,0.8473455411789508,5.789042264369341e-13,"GJR-GARCH(1,1,1)-t"
16637,3.605455943101454,8.561807350816924,True,True,0.49510922437750965,0.07400397768767444,"GJR-GARCH(1,1,1)-t"
16643,-0.7440576996267279,4.212293708088742,True,False,3.369424888994763e-16,0.999999999999986,"GJR-GARCH(1,1,1)-t"
16649,16.620677109173897,21.577028516889367,True,True,0.0,0.05492924859859855,"GJR-GARCH(1,1,1)-t"
16660,3.0258325962202637,7.982184003935734,True,False,0.9999999999999896,3.8883464636572964e-15,"GJR-GARCH(1,1,1)-t"
16666,-15.628175243172574,-10.671823835457104,True,True,8.042738166414214e-12,0.0,"GJR-GARCH(1,1,1)-t"
16676,49.46266715843525,54.419018566150726,True,True,3.738667632265859e-16,0.6181901267103149,"GJR-GARCH(1,1,1)-t"
16679,13.326282909580986,18.282634317296456,True,True,0.0,0.973454955232208,"GJR-GARCH(1,1,1)-t"
16694,42.516617009997894,47.47296841771336,True,True,3.6533225281888845e-15,0.351165129842545,"GJR-GARCH(1,1,1)-t"
16696,7.935616983515368,12.891968391230838,True,True,5.6740322484062616e-12,9.0292671799956e-15,"GJR-GARCH(1,1,1)-t"
16699,19.390251143370246,24.346602551085716,True,True,2.030503510184511e-13,0.9249473397789453,"GJR-GARCH(1,1,1)-t"
16704,-2.157383325169423,2.798968082546047,True,True,5.069379578912543e-14,0.9851054264724692,"GJR-GARCH(1,1,1)-t"
16706,-17.65535864288134,-12.699007235165869,True,True,2.3294571461852847e-06,2.329268174211197e-06,"GJR-GARCH(1,1,1)-t"
16707,4.927876054868195,9.884227462583665,True,True,0.01610601692420232,0.8834270808091524,"GJR-GARCH(1,1,1)-t"
16721,35.53132817046024,40.487679578175715,True,True,1.5053709211083986e-15,0.9817020112893208,"GJR-GARCH(1,1,1)-t"
16731,11.208337410595524,16.164688818310992,True,True,2.9945605282191097e-16,3.652689026514008e-16,"GJR-GARCH(1,1,1)-t"
16733,-7.99119892387365,-3.0348475161581803,True,True,2.909914438834845e-13,0.9635932736429138,"GJR-GARCH(1,1,1)-t"
16745,4.357900661479707,9.314252069195177,True,True,3.161139640200369e-20,0.5977074744664325,"GJR-GARCH(1,1,1)-t"
16746,-20.686473326280726,-15.730121918565256,True,True,0.10950714649529274,9.608597941135873e-17,"GJR-GARCH(1,1,1)-t"
16753,-5.267119651066679,-0.3107682433512089,True,False,1.0,0.0,"GJR-GARCH(1,1,1)-t"
16771,8.748326919044617,13.704678326760087,True,True,0.6152674650250707,0.0,"GJR-GARCH(1,1,1)-t"
16774,60.3771667701619,65.33351817787737,True,False,0.9999999999999999,1.407389844041123e-17,"GJR-GARCH(1,1,1)-t"
16792,10.80782175641097,15.76417316412644,True,True,3.12017037556424e-16,6.087618869338705e-16,"GJR-GARCH(1,1,1)-t"
16793,49.31456229484118,54.270913702556655,True,True,0.0,0.9230530338390742,"GJR-GARCH(1,1,1)-t"
16802,18.11882135215294,23.07517275986841,True,False,1.482752348022686e-14,0.9999999986641812,"GJR-GARCH(1,1,1)-t"
16811,14.542701732831041,19.49905314054651,True,True,9.244311238100917e-15,7.05467032210056e-15,"GJR-GARCH(1,1,1)-t"
16815,-16.018741969288456,-11.062390561572986,True,True,3.358691344519107e-06,0.755698109686213,"GJR-GARCH(1,1,1)-t"
16816,5.371234836346414,10.327586244061884,True,True,7.461633904796645e-16,6.415063839097183e-17,"GJR-GARCH(1,1,1)-t"
16823,-13.660860711739755,-8.704509304024285,True,True,4.098966502905065e-15,0.5375971999851176,"GJR-GARCH(1,1,1)-t"
16831,43.1453004494843,48.10165185719977,True,True,4.430509732250412e-16,0.4963845709166261,"GJR-GARCH(1,1,1)-t"
16839,81.48267272499574,86.43902413271121,True,True,1.2253522859565092e-16,0.8706055564286544,"GJR-GARCH(1,1,1)-t"
16851,17.238502627433277,22.194854035148747,True,True,0.0,0.8230876997170933,"GJR-GARCH(1,1,1)-t"
16864,-7.706011561147264,-2.749660153431794,True,True,0.0,0.09405918420140914,"GJR-GARCH(1,1,1)-t"
16869,-7.340960936821151,-2.3846095291056812,True,False,1.0277068016112329e-14,0.999999999999865,"GJR-GARCH(1,1,1)-t"
16877,7.570552125465534,12.526903533181004,True,False,0.9999999959039846,1.7431136550921471e-09,"GJR-GARCH(1,1,1)-t"
16880,14.265399492161304,19.221750899876774,True,True,1.5505362085012457e-14,0.2256444241522925,"GJR-GARCH(1,1,1)-t"
16900,26.558173301720853,31.514524709436323,True,True,0.0,0.9191831459525619,"GJR-GARCH(1,1,1)-t"
16910,-3.647607096335861,1.3087443113796091,True,True,2.4005969624812216e-11,0.9649009204890135,"GJR-GARCH(1,1,1)-t"
16919,-17.934380273393174,-12.978028865677704,True,True,0.6558492270694147,0.24695567881228994,"GJR-GARCH(1,1,1)-t"
16941,31.13643080848392,36.09278221619939,True,True,0.325565709322417,0.42704852954864875,"GJR-GARCH(1,1,1)-t"
16943,42.01712429508312,46.973475702798595,True,True,8.816564851942784e-15,0.6241796495849307,"GJR-GARCH(1,1,1)-t"
16948,10.001920544052872,14.958271951768342,True,False,1.0,0.0,"GJR-GARCH(1,1,1)-t"
16978,28.991519788364013,33.94787119607948,True,True,2.021328159086363e-15,0.9784498838546625,"GJR-GARCH(1,1,1)-t"
16987,-10.252380446631825,-5.296029038916355,True,True,0.0,0.8461325441956197,"GJR-GARCH(1,1,1)-t"
16992,-5.753410873827594,-0.797059466112124,True,True,0.26089681717354946,3.0615317786251905e-15,"GJR-GARCH(1,1,1)-t"
16999,9.578057893726518,14.534409301441988,True,True,9.884078111952109e-18,0.6847149703033276,"GJR-GARCH(1,1,1)-t"
17008,3.850692986511472,8.807044394226942,True,False,1.0,1.142902921931601e-18,"GJR-GARCH(1,1,1)-t"
17010,-10.431234610694688,-5.474883202979218,True,True,9.75288196678423e-11,9.476463648093047e-09,"GJR-GARCH(1,1,1)-t"
17013,-3.554254334163886,1.4020970735515839,True,True,0.0,0.9573389449094211,"GJR-GARCH(1,1,1)-t"
17029,28.513026771745412,33.46937817946088,True,False,0.8401383772293372,0.579930811385368,"GJR-GARCH(1,1,1)-t"
17031,14.142757252786371,19.09910866050184,True,True,2.5421689257931704e-14,4.5965422641366833e-14,"GJR-GARCH(1,1,1)-t"
17034,11.995886418268375,16.952237825983847,True,True,0.0,0.9053728029361805,"GJR-GARCH(1,1,1)-t"
17050,-17.60569471928613,-12.64934331157066,True,True,0.0,0.1359865332164012,"GJR-GARCH(1,1,1)-t"
17053,34.20092936299062,39.157280770706095,True,False,1.2895785382350603e-16,1.0,"GJR-GARCH(1,1,1)-t"
17056,52.707547371617984,57.66389877933345,True,True,0.0,0.9447301272774011,"GJR-GARCH(1,1,1)-t"
17058,29.25769335358791,34.21404476130338,True,False,1.0,0.11949678442488589,"GJR-GARCH(1,1,1)-t"
17070,13.302818167045618,18.25916957476109,True,False,0.9999999999097059,1.4487724045632389e-11,"GJR-GARCH(1,1,1)-t"
17076,9.859964897493132,14.816316305208602,True,True,6.927544810125131e-16,0.8061605504931271,"GJR-GARCH(1,1,1)-t"
17078,13.14858528535976,18.104936693075228,True,True,1.6112616465466324e-16,0.442844922722566,"GJR-GARCH(1,1,1)-t"
17090,-12.475273908972778,-7.5189225012573075,True,False,0.0,1.0,"GJR-GARCH(1,1,1)-t"
17091,2.814920733122948,7.771272140838418,True,True,0.0,4.379347929786846e-15,"GJR-GARCH(1,1,1)-t"
17093,0.1574574659356216,5.113808873651092,True,True,0.0,0.6114448098014562,"GJR-GARCH(1,1,1)-t"
17109,9.898323440547856,14.854674848263326,True,True,0.4268903420285388,0.47181892312871665,"GJR-GARCH(1,1,1)-t"
17112,15.017598745134194,19.973950152849664,True,False,1.6303760815994723e-15,0.9999999999999979,"GJR-GARCH(1,1,1)-t"
17117,21.926737993446352,26.883089401161822,True,True,8.697230467300441e-16,8.844696688321097e-25,"GJR-GARCH(1,1,1)-t"
17120,17.236013895000042,22.192365302715512,True,False,5.649111223811634e-12,1.0,"GJR-GARCH(1,1,1)-t"
17157,22.553151186903268,27.509502594618738,True,True,4.636916434828077e-16,0.0,"GJR-GARCH(1,1,1)-t"
17161,-4.791211276468491,0.16514013124697868,True,True,0.0,0.0,"GJR-GARCH(1,1,1)-t"
17167,23.56014026368758,28.51649167140305,True,True,0.26024876237702715,3.090531608210848e-15,"GJR-GARCH(1,1,1)-t"
17169,8.42621041806842,13.38256182578389,True,False,1.0981386921251881e-17,0.9999999999999992,"GJR-GARCH(1,1,1)-t"
17172,33.44927956002054,38.405630967736016,True,True,0.0,0.9613868034362991,"GJR-GARCH(1,1,1)-t"
17179,-11.381898917311137,-6.425547509595667,True,True,2.2655194405470295e-16,0.0,"GJR-GARCH(1,1,1)-t"
17181,51.74532189314347,56.70167330085894,True,True,8.168623467261488e-16,0.1507099662178657,"GJR-GARCH(1,1,1)-t"
17191,21.6517341672061,26.608085574921567,True,True,4.887130837628054e-16,0.5354452640975721,"GJR-GARCH(1,1,1)-t"
17193,9.493381277203998,14.449732684919468,True,False,0.0,1.0,"GJR-GARCH(1,1,1)-t"
17194,-12.411158947827062,-7.454807540111592,True,False,3.3532681047633966e-16,1.0,"GJR-GARCH(1,1,1)-t"
17198,-0.98978654812041,3.96656485959506,True,False,0.0,1.0,"GJR-GARCH(1,1,1)-t"
17210,-3.920360976933239,1.0359904307822312,True,True,2.6289064422894725e-20,0.6444906573357975,"GJR-GARCH(1,1,1)-t"
17217,19.26157631764099,24.21792772535646,True,True,0.09367604876962696,0.004977463670748946,"GJR-GARCH(1,1,1)-t"
17227,7.312453704839778,12.268805112555249,True,False,0.9999999979594371,0.19266484296641959,"GJR-GARCH(1,1,1)-t"
17239,-0.19896990288505378,4.757381504830416,True,True,0.0,0.25021566439526927,"GJR-GARCH(1,1,1)-t"
17244,-15.066457501350111,-10.110106093634641,True,True,2.0636562553570246e-16,0.11668022729506464,"GJR-GARCH(1,1,1)-t"
17247,30.290534877050714,35.246886284766184,True,True,1.804707780569554e-13,0.8794611233523056,"GJR-GARCH(1,1,1)-t"
17259,12.364353602833472,17.32070501054894,True,True,0.9123065212893406,5.001863400956254e-14,"GJR-GARCH(1,1,1)-t"
17264,1.9413845318405691,6.897735939556039,True,False,0.9999999925750993,1.160951966660553e-09,"GJR-GARCH(1,1,1)-t"
17265,30.703928487712496,35.66027989542796,True,True,4.684687684209164e-20,0.9785197868850565,"GJR-GARCH(1,1,1)-t"
17293,52.089275671359346,57.04562707907482,True,True,0.0,0.9779352747003489,"GJR-GARCH(1,1,1)-t"
17295,-5.498692498344507,-0.5423410906290371,True,False,0.0,1.0,"GJR-GARCH(1,1,1)-t"
17305,8.020229655399826,12.976581063115296,True,True,0.2602743113315533,0.23296035161202264,"GJR-GARCH(1,1,1)-t"
17315,6.09037858430605,11.04672999202152,True,True,3.4307406169494845e-21,5.720956183111725e-17,"GJR-GARCH(1,1,1)-t"
17324,53.86472779817176,58.82107920588723,True,False,0.9999999999999993,0.5000000000000006,"GJR-GARCH(1,1,1)-t"
17328,14.660029027592044,19.616380435307516,True,True,0.2626916048892369,2.517260392387542e-15,"GJR-GARCH(1,1,1)-t"
17337,14.20971642600118,19.16606783371665,True,True,2.9750666967458447e-12,1.2827746662087803e-12,"GJR-GARCH(1,1,1)-t"
17339,15.269811304027504,20.226162711742973,True,True,3.6555479481464796e-10,6.1097326360077525e-09,"GJR-GARCH(1,1,1)-t"
17342,6.381390066248574,11.337741473964044,True,False,0.33690367759371864,0.8315481612031088,"GJR-GARCH(1,1,1)-t"
17355,3.608531115667322,8.564882523382792,True,False,7.585808783451947e-16,1.0,"GJR-GARCH(1,1,1)-t"
17363,14.543151220568472,19.499502628283942,True,True,1.6565277248179576e-16,0.9451432005139622,"GJR-GARCH(1,1,1)-t"
17377,-15.958187050130984,-11.001835642415514,True,False,7.550536765969451e-16,1.0,"GJR-GARCH(1,1,1)-t"
17378,33.331906280234236,38.28825768794971,True,True,3.0708688268277684e-14,1.6695654788857118e-13,"GJR-GARCH(1,1,1)-t"
17387,-18.71504248064503,-13.758691072929562,True,True,4.964387811649773e-17,0.9665891815929522,"GJR-GARCH(1,1,1)-t"
17390,27.43833930245009,32.39469071016556,True,False,0.9296607742403037,0.3077342800113729,"GJR-GARCH(1,1,1)-t"
17395,20.213389490959745,25.169740898675215,True,False,0.9999999999999997,0.030258835671404114,"GJR-GARCH(1,1,1)-t"
17398,8.689204021383638,13.645555429099108,True,True,7.429919818307143e-16,2.1618991588463375e-15,"GJR-GARCH(1,1,1)-t"
17421,15.86136933638789,20.817720744103358,True,True,7.070544411862601e-15,0.5630623346328054,"GJR-GARCH(1,1,1)-t"
17424,15.750775497911249,20.70712690562672,True,True,0.9190639842830648,5.37386747512823e-15,"GJR-GARCH(1,1,1)-t"
17428,-9.892325541851505,-4.9359741341360355,True,True,0.0,0.5338187509578411,"GJR-GARCH(1,1,1)-t"
17429,10.268204608221033,15.224556015936503,True,True,1.8550347980287725e-18,0.8419128156561019,"GJR-GARCH(1,1,1)-t"
17448,-13.082967939678007,-8.126616531962537,True,True,2.7873985472839513e-15,0.41466010019154453,"GJR-GARCH(1,1,1)-t"
17454,30.781574638343805,35.73792604605927,True,True,3.119749107429164e-23,0.57497527771912,"GJR-GARCH(1,1,1)-t"
17460,6.993050102671608,11.949401510387078,True,False,0.0,0.999999999999735,"GJR-GARCH(1,1,1)-t"
17474,0.5117298739018921,5.468081281617362,True,True,8.032444547697296e-13,2.5685113240167255e-10,"GJR-GARCH(1,1,1)-t"
17486,18.092664291187088,23.049015698902558,True,True,0.27482965701059336,1.2092795202689972e-19,"GJR-GARCH(1,1,1)-t"
17490,6.2920995597664255,11.248450967481896,True,True,1.5633753112211782e-21,0.8237289392170818,"GJR-GARCH(1,1,1)-t"
17491,0.03117256982950778,4.987523977544978,True,True,7.188144584561354e-14,1.0279908134140923e-12,"GJR-GARCH(1,1,1)-t"
17505,-4.902526082295125,0.05382532542034468,True,True,0.0,0.4630845281636935,"GJR-GARCH(1,1,1)-t"
17506,-10.098444550216364,-5.142093142500894,True,True,1.02182646459175e-10,0.7759861728972478,"GJR-GARCH(1,1,1)-t"
17522,-3.079277472878349,1.8770739348371208,True,False,1.0,0.09377657628847687,"GJR-GARCH(1,1,1)-t"
17528,9.527442613370637,14.483794021086107,True,False,7.628059304875172e-17,1.0,"GJR-GARCH(1,1,1)-t"
17530,2.3837371969963232,7.340088604711793,True,True,0.0,0.16267992565391134,"GJR-GARCH(1,1,1)-t"
17565,-3.1319814393898753,1.8243699683255947,True,True,0.2141481065736889,9.908624450628192e-16,"GJR-GARCH(1,1,1)-t"
17569,-3.4397006224613875,1.5166507852540825,True,True,0.5842569176942185,3.9782557290355526e-16,"GJR-GARCH(1,1,1)-t"
17570,25.355797284999568,30.31214869271504,True,True,1.4207176570103348e-14,0.8775120486130948,"GJR-GARCH(1,1,1)-t"
17578,55.289250239476274,60.24560164719175,True,True,4.529778238874685e-17,3.778602226898796e-15,"GJR-GARCH(1,1,1)-t"
17584,-10.37040405621157,-5.414052648496099,True,True,0.0,0.0,"GJR-GARCH(1,1,1)-t"
17598,-8.302367048260137,-3.3460156405446675,True,True,5.143123952553785e-16,6.310601971310717e-15,"GJR-GARCH(1,1,1)-t"
17603,5.838997443954071,10.79534885166954,True,True,0.0,0.6280084784970006,"GJR-GARCH(1,1,1)-t"
17604,13.144528459802174,18.100879867517644,True,True,0.0,0.9614882892637041,"GJR-GARCH(1,1,1)-t"
17606,56.120365629518474,61.07671703723395,True,False,1.0,0.021093828750836003,"GJR-GARCH(1,1,1)-t"
17617,-2.9261089032059004,2.0302425045095696,True,True,0.013853130648505503,0.9076019003768774,"GJR-GARCH(1,1,1)-t"
17626,32.88886237179192,37.84521377950739,True,True,0.1926834307264477,0.6811641612377535,"GJR-GARCH(1,1,1)-t"
17634,46.46332823942386,51.41967964713933,True,True,4.6800638062510315e-17,0.5889004076220115,"GJR-GARCH(1,1,1)-t"
17639,12.480746946203327,17.4370983539188,True,True,4.590636088747649e-15,1.1771223044430496e-09,"GJR-GARCH(1,1,1)-t"
17643,14.66716303323537,19.623514440950842,True,False,0.38653674893734946,0.6538294984103911,"GJR-GARCH(1,1,1)-t"
17644,56.59189928065502,61.54825068837049,True,False,0.8080937068039934,0.5959531465980165,"GJR-GARCH(1,1,1)-t"
17670,-20.840605937265977,-15.884254529550507,True,True,6.774720061022383e-15,0.8788011175073538,"GJR-GARCH(1,1,1)-t"
17672,-0.26929390875995196,4.687057498955518,True,True,0.48167650861129285,6.621960785550165e-08,"GJR-GARCH(1,1,1)-t"
17676,2.3379975927726857,7.294349000488156,True,False,1.7451303373867183e-15,0.9999999999999214,"GJR-GARCH(1,1,1)-t"
17695,-12.535986537419063,-7.579635129703593,True,True,4.8846260369828096e-15,0.9503051387459065,"GJR-GARCH(1,1,1)-t"
17698,1.077692078330676,6.034043486046146,True,True,3.0814549969836223e-11,0.8624565037214985,"GJR-GARCH(1,1,1)-t"
17707,-2.589777457851092,2.366573949864378,True,False,9.457085789825519e-17,0.9999999999999997,"GJR-GARCH(1,1,1)-t"
17708,26.934532247087596,31.890883654803062,True,True,1.0595581381498511e-15,0.719568105789998,"GJR-GARCH(1,1,1)-t"
17727,23.484695055047858,28.44104646276333,True,False,6.124140659671288e-11,0.9999999863703659,"GJR-GARCH(1,1,1)-t"
17762,21.557756330142414,26.514107737857884,True,True,0.0,0.8534000023316637,"GJR-GARCH(1,1,1)-t"
17777,-19.49644074484479,-14.54008933712932,True,True,8.464874390851767e-15,0.0,"GJR-GARCH(1,1,1)-t"
17785,-15.137719820147133,-10.181368412431663,True,True,0.3913857533622052,1.1493924862195358e-12,"GJR-GARCH(1,1,1)-t"
17791,26.89166453631011,31.84801594402558,True,True,4.691143038880923e-17,5.217774124801144e-22,"GJR-GARCH(1,1,1)-t"
17804,-9.129875812112047,-4.173524404396577,True,True,3.745300773347931e-10,0.10784686886575466,"GJR-GARCH(1,1,1)-t"
17809,-8.690425012576398,-3.734073604860928,True,True,0.6840592967375209,0.0,"GJR-GARCH(1,1,1)-t"
17813,13.12233944735771,18.07869085507318,True,True,0.0,0.0,"GJR-GARCH(1,1,1)-t"
17820,31.743171497724802,36.699522905440276,True,True,3.6176310421044776e-15,4.256053424088152e-18,"GJR-GARCH(1,1,1)-t"
17823,5.277547062220467,10.233898469935937,True,True,3.0240998834898393e-13,0.9505454667469417,"GJR-GARCH(1,1,1)-t"
17825,-12.21657405406689,-7.260222646351419,True,True,9.38733478125742e-22,1.4624787178721979e-21,"GJR-GARCH(1,1,1)-t"
17832,51.754722525765835,56.7110739334813,True,True,2.1796599812175464e-13,0.9875882321750918,"GJR-GARCH(1,1,1)-t"
17837,22.931979945503272,27.88833135321874,True,True,8.11462103160949e-14,4.723009184824754e-12,"GJR-GARCH(1,1,1)-t"
17838,15.41569672843793,20.3720481361534,True,False,0.0,1.0,"GJR-GARCH(1,1,1)-t"
17841,-9.61013144305008,-4.653780035334609,True,True,1.1890222729571641e-15,0.6533422907160823,"GJR-GARCH(1,1,1)-t"
17852,11.085824041673138,16.04217544938861,True,True,2.3810610771586294e-15,0.8627990877810686,"GJR-GARCH(1,1,1)-t"
17870,36.52979802470379,41.48614943241925,True,True,0.19078855218934135,2.1361904104816517e-15,"GJR-GARCH(1,1,1)-t"
17872,-11.886407336851132,-6.930055929135662,True,True,2.2437862979626703e-22,0.9928481531273088,"GJR-GARCH(1,1,1)-t"
17875,10.980486638204532,15.936838045920002,True,True,0.0,0.9594365215894257,"GJR-GARCH(1,1,1)-t"
17876,12.448593068711718,17.404944476427186,True,True,0.0,0.46091222771515356,"GJR-GARCH(1,1,1)-t"
17885,15.592000421854042,20.548351829569512,True,True,2.6950717564570677e-19,1.4076841790582501e-18,"GJR-GARCH(1,1,1)-t"
17888,-18.158472992055245,-13.202121584339775,True,True,4.663820511291541e-13,0.1856576814830594,"GJR-GARCH(1,1,1)-t"
17903,12.716654241734442,17.673005649449912,True,False,6.833216059573504e-19,0.9999999999999999,"GJR-GARCH(1,1,1)-t"
17911,-16.481988852728755,-11.525637445013285,True,True,1.994703035742323e-15,0.9672940255425345,"GJR-GARCH(1,1,1)-t"
17914,6.051944944838373,11.008296352553842,True,False,3.59780913119031e-13,0.999999999995714,"GJR-GARCH(1,1,1)-t"
17946,11.628130968759196,16.584482376474668,True,True,5.554948296339468e-14,0.8523197606831391,"GJR-GARCH(1,1,1)-t"
17949,40.13503708674367,45.09138849445914,True,False,0.0,1.0,"GJR-GARCH(1,1,1)-t"
17951,-6.015554940227549,-1.059203532512079,True,False,7.431993476432026e-12,0.9999999998601022,"GJR-GARCH(1,1,1)-t"
17955,24.469845591201,29.426196998916474,True,True,2.305851693465557e-14,0.6475123707196181,"GJR-GARCH(1,1,1)-t"
17957,-7.278065023057078,-2.321713615341608,True,True,5.750481141000684e-11,0.7585386259724136,"GJR-GARCH(1,1,1)-t"
17966,1.5790343052611444,6.535385712976614,True,False,0.0,1.0,"GJR-GARCH(1,1,1)-t"
17967,-13.741072370970475,-8.784720963255005,True,True,0.15893321517964448,0.1696067571805494,"GJR-GARCH(1,1,1)-t"
17971,5.901849446335724,10.858200854051194,True,True,4.401950009366691e-14,0.9322370897265911,"GJR-GARCH(1,1,1)-t"
17973,17.79959872823419,22.75595013594966,True,False,0.57865178847861,0.7106741057610452,"GJR-GARCH(1,1,1)-t"
17975,25.25255549024672,30.208906897962194,True,True,4.019262132097205e-15,0.6165032745146892,"GJR-GARCH(1,1,1)-t"
17983,8.42434812070724,13.38069952842271,True,True,8.407829404994415e-18,5.3879239282819216e-14,"GJR-GARCH(1,1,1)-t"
17987,26.985776070595247,31.942127478310717,True,True,1.3127187085199747e-15,0.6931345660742662,"GJR-GARCH(1,1,1)-t"
17989,27.698871526057573,32.65522293377305,True,True,0.366812865043892,0.10841320241818395,"GJR-GARCH(1,1,1)-t"
17999,2.4726486562442,7.42900006395967,True,True,1.1826880210727178e-15,1.1144607886674007e-19,"GJR-GARCH(1,1,1)-t"
18000,-1.626413605899316,3.329937801816154,True,False,0.0,1.0,"GJR-GARCH(1,1,1)-t"
18007,10.635199697599818,15.591551105315288,True,False,6.606741061334968e-15,0.9999999999997975,"GJR-GARCH(1,1,1)-t"
18012,-14.373110839894,-9.41675943217853,True,True,0.6832080331999236,2.931682069070782e-11,"GJR-GARCH(1,1,1)-t"
18020,12.831079188280649,17.78743059599612,True,True,0.0,0.7619061665751575,"GJR-GARCH(1,1,1)-t"
18023,15.992782160573132,20.9491335682886,True,False,1.6052111988984377e-10,0.9999999999148418,"GJR-GARCH(1,1,1)-t"
18029,-5.589250856793615,-0.6328994490781454,True,False,5.104841028199797e-15,0.9999999999999969,"GJR-GARCH(1,1,1)-t"
18042,-8.696359244914365,-3.7400078371988954,True,True,0.0,0.9385356214375804,"GJR-GARCH(1,1,1)-t"
18059,-1.6168407409214858,3.3395106667939842,True,True,0.0,0.9535303115724869,"GJR-GARCH(1,1,1)-t"
18072,24.206652523984616,29.163003931700082,True,True,0.5170862995859209,7.047916145152294e-17,"GJR-GARCH(1,1,1)-t"
18077,29.085258388312266,34.041609796027736,True,True,4.621257128192533e-13,0.9796881630508246,"GJR-GARCH(1,1,1)-t"
18082,20.721737400817425,25.678088808532898,True,True,0.0,0.2548384292247974,"GJR-GARCH(1,1,1)-t"
18088,0.07816482297642224,5.034516230691892,True,True,2.7445175829471644e-18,0.9845525113407307,"GJR-GARCH(1,1,1)-t"
18109,-6.425136051534437,-1.4687846438189673,True,True,3.83533399309212e-14,0.515406052321146,"GJR-GARCH(1,1,1)-t"
18111,-9.008547633028403,-4.052196225312933,True,True,9.15653414912863e-17,0.9770175622299944,"GJR-GARCH(1,1,1)-t"
18129,19.30372583041606,24.26007723813153,True,False,4.875811799957772e-15,0.99999999999999,"GJR-GARCH(1,1,1)-t"
18134,22.868700407447182,27.825051815162652,True,True,0.0,0.9702703532639088,"GJR-GARCH(1,1,1)-t"
18141,-0.6104256781584532,4.345925729557017,True,True,4.137509138571713e-14,0.8021739390996118,"GJR-GARCH(1,1,1)-t"
18142,25.83452981717349,30.790881224888956,True,True,4.912670398147293e-16,7.440139789184573e-15,"GJR-GARCH(1,1,1)-t"
18147,12.516117197166984,17.472468604882454,True,True,0.16918170221243128,0.4717338401993603,"GJR-GARCH(1,1,1)-t"
18170,0.03123844422721689,4.987589851942687,True,False,0.9311632866283234,0.15594070202488014,"GJR-GARCH(1,1,1)-t"
18174,47.264833103537434,52.2211845112529,True,True,0.41720360146233737,0.5408884359260858,"GJR-GARCH(1,1,1)-t"
18177,43.149895475225634,48.10624688294111,True,False,1.0,0.38884412093072135,"GJR-GARCH(1,1,1)-t"
18178,-0.9568873854361808,3.999464022279289,True,True,3.1234190503641287e-19,0.7708045706478656,"GJR-GARCH(1,1,1)-t"
18180,51.361888024622196,56.31823943233766,True,True,1.053638040313598e-15,0.9721025678816103,"GJR-GARCH(1,1,1)-t"
18184,19.393889281029143,24.350240688744613,True,False,1.2855277617335035e-19,1.0,"GJR-GARCH(1,1,1)-t"
18200,8.327714980025949,13.284066387741419,True,True,2.798031545203689e-15,0.7949386838270975,"GJR-GARCH(1,1,1)-t"
18203,6.856631501624854,11.812982909340324,True,False,0.0,1.0,"GJR-GARCH(1,1,1)-t"
18205,30.417219253649304,35.373570661364774,True,True,7.795002837189615e-15,0.8386878094512759,"GJR-GARCH(1,1,1)-t"
18212,29.01550919031837,33.971860598033835,True,True,5.570699250764279e-15,0.7811910973336361,"GJR-GARCH(1,1,1)-t"
18216,33.72628561989025,38.68263702760572,True,True,9.379720275109305e-15,0.5683424380434221,"GJR-GARCH(1,1,1)-t"
18218,31.872679021489112,36.82903042920458,True,True,3.8899633642449133e-19,0.6457009113670904,"GJR-GARCH(1,1,1)-t"
18220,3.7489516674158825,8.705303075131352,True,True,0.5319582280134207,0.0,"GJR-GARCH(1,1,1)-t"
18222,35.18294363051598,40.13929503823145,True,True,2.835558922567104e-16,1.4289301944277025e-17,"GJR-GARCH(1,1,1)-t"
18224,24.444117522936068,29.400468930651538,True,True,0.5800553260895492,3.5610936734306964e-08,"GJR-GARCH(1,1,1)-t"
18231,57.8068051856864,62.763156593401874,True,False,0.0,1.0,"GJR-GARCH(1,1,1)-t"
18234,-10.429499119768568,-5.473147712053098,True,True,2.0370345379020166e-14,7.666099378374834e-13,"GJR-GARCH(1,1,1)-t"
18236,25.58105317320988,30.537404580925354,True,True,1.4278810776704663e-14,0.3298415448604276,"GJR-GARCH(1,1,1)-t"
18242,11.036278078191796,15.992629485907266,True,False,0.9999999999999986,2.95935702097245e-15,"GJR-GARCH(1,1,1)-t"
18247,16.083983483905634,21.040334891621104,True,True,4.886383277885398e-15,0.9746164312659855,"GJR-GARCH(1,1,1)-t"
18262,-7.409506578030914,-2.453155170315444,True,True,0.0,0.963540396313966,"GJR-GARCH(1,1,1)-t"
18285,27.020057437765807,31.97640884548128,True,True,2.1009802597401687e-18,0.979855425080227,"GJR-GARCH(1,1,1)-t"
18316,3.906427353275946,8.862778760991416,True,True,1.6622808650418159e-19,0.9193329790668454,"GJR-GARCH(1,1,1)-t"
18351,3.8161643062005357,8.772515713916006,True,True,0.0,0.941049352419069,"GJR-GARCH(1,1,1)-t"
18358,26.16789221450285,31.124243622218323,True,True,0.07091835770146296,0.686870133546893,"GJR-GARCH(1,1,1)-t"
18371,6.474124398897986,11.430475806613456,True,True,2.9309933128036186e-18,0.9507002401100906,"GJR-GARCH(1,1,1)-t"
18392,8.549356396591829,13.5057078043073,True,False,0.0,1.0,"GJR-GARCH(1,1,1)-t"
18393,5.942847429657057,10.899198837372527,True,True,8.295801060150532e-22,0.806125845413334,"GJR-GARCH(1,1,1)-t"
18400,2.4200823640996436,7.376433771815114,True,True,5.600749514226588e-16,0.0,"GJR-GARCH(1,1,1)-t"
18402,11.634880086172402,16.59123149388787,True,False,1.0,0.5000000000000011,"GJR-GARCH(1,1,1)-t"
18407,3.0308673564361843,7.987218764151654,True,True,4.286609654320035e-12,0.9483932224983972,"GJR-GARCH(1,1,1)-t"
18425,21.487778603219105,26.444130010934575,True,True,5.332539232899936e-15,0.056344969743399025,"GJR-GARCH(1,1,1)-t"
18427,26.181175005309537,31.137526413025007,True,True,4.903777954826071e-15,0.9067358616220282,"GJR-GARCH(1,1,1)-t"
18430,55.047308202893724,60.00365961060919,True,False,1.3977216916380115e-14,0.9999999999999533,"GJR-GARCH(1,1,1)-t"
18445,9.206196861644852,14.162548269360322,True,True,0.5557715600700421,0.17036696498888704,"GJR-GARCH(1,1,1)-t"
18447,2.125305401779775,7.081656809495245,True,True,6.18379961173584e-24,0.9714883506647706,"GJR-GARCH(1,1,1)-t"
18471,13.333127641126415,18.289479048841887,True,False,4.929855392596847e-15,1.0,"GJR-GARCH(1,1,1)-t"
18479,59.66452020030113,64.6208716080166,True,True,2.212864945659681e-15,0.9723681275937304,"GJR-GARCH(1,1,1)-t"
18483,12.376683367474618,17.333034775190086,True,True,1.665338613045522e-13,1.6131260697087863e-12,"GJR-GARCH(1,1,1)-t"
18491,36.12942013601179,41.08577154372726,True,True,2.7771987628259747e-10,1.2532255638265925e-15,"GJR-GARCH(1,1,1)-t"
18494,3.5800915093903214,8.536442917105791,True,True,0.7862937822887782,1.7947425793558751e-12,"GJR-GARCH(1,1,1)-t"
18495,-28.80432318343552,-23.84797177572005,True,True,0.21427061226920013,0.0,"GJR-GARCH(1,1,1)-t"
18498,28.343809855570207,33.30016126328568,True,True,0.0,0.9733057742984512,"GJR-GARCH(1,1,1)-t"
18500,-4.723883026513789,0.23246838120168078,True,True,0.0,0.0,"GJR-GARCH(1,1,1)-t"
18502,51.20018482397288,56.15653623168835,True,True,0.06175665385268204,0.3699328432055367,"GJR-GARCH(1,1,1)-t"
18507,12.652474892162171,17.60882629987764,True,False,1.1393681456155113e-14,0.999999999999993,"GJR-GARCH(1,1,1)-t"
18509,19.589484661356327,24.545836069071797,True,True,1.5767389105262772e-15,0.9807595085687685,"GJR-GARCH(1,1,1)-t"
18514,13.994249634916772,18.95060104263224,True,True,1.5321214321623527e-14,0.2610180841404177,"GJR-GARCH(1,1,1)-t"
18534,10.397404179348658,15.353755587064128,True,True,0.1406130851583481,1.501086325902795e-16,"GJR-GARCH(1,1,1)-t"
18545,-25.915432667874178,-20.959081260158708,True,True,1.0449770595431299e-06,4.067708395887186e-05,"GJR-GARCH(1,1,1)-t"
18560,21.918402320723935,26.8747537284394,True,False,2.5672664291305695e-17,1.0,"GJR-GARCH(1,1,1)-t"
18565,52.367254599146364,57.32360600686184,True,False,3.1775953782956337e-18,1.0,"GJR-GARCH(1,1,1)-t"
18567,-6.0293703063152755,-1.0730188985998055,True,False,0.0,1.0,"GJR-GARCH(1,1,1)-t"
18582,19.518868673824503,24.475220081539973,True,True,0.0,0.0,"GJR-GARCH(1,1,1)-t"
18586,10.55089036946946,15.50724177718493,True,True,3.4474235468717603e-15,0.8214750727735546,"GJR-GARCH(1,1,1)-t"
18587,-10.639021200549866,-5.682669792834396,True,False,0.0,1.0,"GJR-GARCH(1,1,1)-t"
18595,19.927215836457766,24.883567244173236,True,True,0.2750918226742059,1.17973182340009e-12,"GJR-GARCH(1,1,1)-t"
18597,-8.569061922694182,-3.612710514978712,True,True,8.159712239117256e-18,1.5299477908401178e-13,"GJR-GARCH(1,1,1)-t"
18600,19.199108721098085,24.15546012881355,True,True,2.873667143469569e-16,0.9853865900448278,"GJR-GARCH(1,1,1)-t"
18611,4.730446379505988,9.686797787221458,True,True,0.0,0.9170643682861056,"GJR-GARCH(1,1,1)-t"
18628,-14.589571268294133,-9.633219860578663,True,False,0.9999999999945589,0.06474248961156615,"GJR-GARCH(1,1,1)-t"
18629,-19.950361093114566,-14.994009685399096,True,True,0.0,0.9839507552627375,"GJR-GARCH(1,1,1)-t"
18634,-2.1559131504663505,2.8004382572491195,True,True,0.0,9.868525183967161e-06,"GJR-GARCH(1,1,1)-t"
18640,35.82575236009465,40.78210376781011,True,True,1.77685943689228e-14,0.81359901421517,"GJR-GARCH(1,1,1)-t"
18653,30.741078303744768,35.69742971146024,True,True,0.0,0.4639282154782369,"GJR-GARCH(1,1,1)-t"
18656,58.176906044567524,63.13325745228299,True,True,0.0935769870928237,0.8397883900536866,"GJR-GARCH(1,1,1)-t"
18662,-5.684789038447132,-0.728437630731662,True,False,2.3084685077018625e-15,0.9999999999999962,"GJR-GARCH(1,1,1)-t"
18682,6.270734831341587,11.227086239057057,True,True,3.539949982636749e-18,0.7921555968179785,"GJR-GARCH(1,1,1)-t"
18692,-0.05813068297827151,4.8982207247371985,True,True,0.0,0.6907951773483635,"GJR-GARCH(1,1,1)-t"
18701,21.014605850608092,25.970957258323565,True,True,5.161484542387071e-15,0.5870309691068406,"GJR-GARCH(1,1,1)-t"
18703,28.898841781194974,33.85519318891045,True,False,1.0,0.30068941928706355,"GJR-GARCH(1,1,1)-t"
18728,48.56025875820277,53.51661016591824,True,False,4.3322719879929726e-18,0.9999999999999993,"GJR-GARCH(1,1,1)-t"
18739,-0.9950600044599689,3.961291403255501,True,False,0.0,1.0,"GJR-GARCH(1,1,1)-t"
18742,56.65451169139909,61.61086309911455,True,False,0.8920770571995705,0.5539614714002248,"GJR-GARCH(1,1,1)-t"
18748,53.77746720768162,58.733818615397084,True,False,0.0,1.0,"GJR-GARCH(1,1,1)-t"
18764,36.92256103709323,41.878912444808705,True,True,0.0,0.0,"GJR-GARCH(1,1,1)-t"
18766,45.24057571431318,50.196927122028654,True,True,0.004298175592849946,0.6998160229776387,"GJR-GARCH(1,1,1)-t"
18792,-4.570809154522557,0.3855422531929129,True,True,0.0,0.6013248091173687,"GJR-GARCH(1,1,1)-t"
18794,21.478020553817807,26.43437196153328,True,True,2.860533838233117e-17,0.4004317928842203,"GJR-GARCH(1,1,1)-t"
18808,12.477475142920806,17.433826550636276,True,True,1.8857718061587602e-17,0.8027410771104128,"GJR-GARCH(1,1,1)-t"
18822,7.387764707424598,12.344116115140068,True,False,8.945789347655709e-16,1.0,"GJR-GARCH(1,1,1)-t"
18831,10.36072264833106,15.31707405604653,True,False,0.0,1.0,"GJR-GARCH(1,1,1)-t"
18836,8.577404324092111,13.533755731807581,True,True,4.244981951705609e-14,0.9329015358592442,"GJR-GARCH(1,1,1)-t"
18844,29.375420663067448,34.33177207078292,True,False,0.05676898919684097,0.9716155054015797,"GJR-GARCH(1,1,1)-t"
18848,-3.7548005970029372,1.2015508107125328,True,True,1.2793169496340459e-15,0.5155900445104962,"GJR-GARCH(1,1,1)-t"
18865,34.69852360284358,39.65487501055905,True,True,3.676557276161362e-16,0.7483143966795816,"GJR-GARCH(1,1,1)-t"
18878,-3.9023045945295394,1.0540468131859306,True,True,6.927725497823927e-14,0.0,"GJR-GARCH(1,1,1)-t"
18908,7.70363354536123,12.6599849530767,True,True,0.0,0.0,"GJR-GARCH(1,1,1)-t"
18911,43.108766325995205,48.06511773371067,True,False,1.0,0.0,"GJR-GARCH(1,1,1)-t"
18912,0.08808489378847284,5.044436301503943,True,True,1.0953615645430688e-14,0.19229738209915812,"GJR-GARCH(1,1,1)-t"
18916,-7.896999702388978,-2.940648294673508,True,True,9.008216797014927e-13,0.9722891541855746,"GJR-GARCH(1,1,1)-t"
18919,29.40516577842441,34.361517186139885,True,True,0.0,5.6902903744132835e-15,"GJR-GARCH(1,1,1)-t"
18928,36.00045027166523,40.9568016793807,True,True,0.7077568108839172,3.986542085720109e-14,"GJR-GARCH(1,1,1)-t"
18932,-3.833266370781743,1.1230850369337269,True,True,7.618666675731308e-15,0.5420187620295012,"GJR-GARCH(1,1,1)-t"
18940,1.5345661814096871,6.490917589125157,True,True,2.7157039758053553e-18,0.22541925765274892,"GJR-GARCH(1,1,1)-t"
18944,12.154150356105061,17.11050176382053,True,True,1.8018096641682182e-13,0.6973699671404532,"GJR-GARCH(1,1,1)-t"
18949,-3.8040629608824332,1.1522884468330368,True,True,0.0,0.5187224521909042,"GJR-GARCH(1,1,1)-t"
18955,6.46901493332294,11.42536634103841,True,False,1.0,0.4312523787115459,"GJR-GARCH(1,1,1)-t"
18956,-15.529353242600585,-10.573001834885115,True,False,1.848975257988059e-15,1.0,"GJR-GARCH(1,1,1)-t"
18959,15.09186966689134,20.048221074606808,True,True,0.36965156148301487,2.500799291029561e-16,"GJR-GARCH(1,1,1)-t"
18960,40.44669500538319,45.403046413098664,True,False,3.4547235949326344e-15,1.0,"GJR-GARCH(1,1,1)-t"
18967,10.651487960851096,15.607839368566566,True,False,0.9999999998577255,4.687173000688914e-11,"GJR-GARCH(1,1,1)-t"
18972,3.139527953316259,8.095879361031729,True,True,1.817729859324627e-15,0.8989967553907967,"GJR-GARCH(1,1,1)-t"
18993,22.297396645000227,27.253748052715693,True,True,2.9524722016637776e-14,8.003761698634665e-15,"GJR-GARCH(1,1,1)-t"
18996,33.32453047709245,38.280881884807926,True,False,0.0,1.0,"GJR-GARCH(1,1,1)-t"
18999,-0.581443564827989,4.374907842887481,True,False,0.370663379359068,0.8146683158212014,"GJR-GARCH(1,1,1)-t"
19033,-16.12167054567974,-11.165319137964271,True,True,2.8674982581786528e-15,0.6038250375867109,"GJR-GARCH(1,1,1)-t"
19034,16.234735424461785,21.191086832177255,True,True,0.0,0.0,"GJR-GARCH(1,1,1)-t"
19050,19.78929604987276,24.74564745758823,True,True,1.173922657875293e-12,0.98487437302421,"GJR-GARCH(1,1,1)-t"
19053,-15.760889675198161,-10.804538267482691,True,True,7.019760932308442e-09,0.9541247416266152,"GJR-GARCH(1,1,1)-t"
19062,3.6304246231886523,8.586776030904122,True,True,0.0,0.8157993766214157,"GJR-GARCH(1,1,1)-t"
19065,1.8411642155652856,6.797515623280756,True,False,0.9999999997518866,1.0096447039705776e-10,"GJR-GARCH(1,1,1)-t"
19068,45.45818434278472,50.41453575050019,True,True,5.0365727880836814e-14,0.007191587048835271,"GJR-GARCH(1,1,1)-t"
19072,26.151659795317507,31.10801120303298,True,True,0.6237210765650737,1.6390333502945145e-19,"GJR-GARCH(1,1,1)-t"
19090,-1.4215600571483051,3.534791350567165,True,False,4.0997905836097574e-16,0.9999999999999968,"GJR-GARCH(1,1,1)-t"
19104,11.556418721446825,16.512770129162295,True,True,5.429194657913761e-12,0.9905572421380014,"GJR-GARCH(1,1,1)-t"
19136,49.770534249975206,54.72688565769067,True,False,3.8840875993612116e-16,0.9999999999999998,"GJR-GARCH(1,1,1)-t"
19147,31.24058497992566,36.19693638764113,True,True,2.248563397131533e-16,0.13811480083704286,"GJR-GARCH(1,1,1)-t"
19148,31.30197695144318,36.258328359158654,True,True,0.0,0.31193165392866506,"GJR-GARCH(1,1,1)-t"
19154,-2.0467846660216757,2.9095667416937943,True,True,0.0,0.780739157808515,"GJR-GARCH(1,1,1)-t"
19155,27.2553337017052,32.21168510942067,True,True,0.4219455521870175,0.0,"GJR-GARCH(1,1,1)-t"
19157,16.21431510303153,21.170666510747,True,True,0.8437488166954815,2.0690524432534597e-14,"GJR-GARCH(1,1,1)-t"
19164,14.612424730366271,19.56877613808174,True,True,3.766266339146271e-12,0.541164408265139,"GJR-GARCH(1,1,1)-t"
19176,-0.2232693739571907,4.733082033758279,True,True,2.3923589450286515e-17,0.666055774717726,"GJR-GARCH(1,1,1)-t"
19204,32.84805494437396,37.80440635208943,True,True,0.0,0.9142012200735777,"GJR-GARCH(1,1,1)-t"
19222,2.7260903731078283,7.682441780823298,True,True,0.3394979953464927,0.6483958119712457,"GJR-GARCH(1,1,1)-t"
19226,5.093191910624812,10.049543318340282,True,False,1.0,0.19064439171779024,"GJR-GARCH(1,1,1)-t"
19230,0.2992677002855597,5.25561910800103,True,True,0.0,0.9485416494545506,"GJR-GARCH(1,1,1)-t"
19234,0.22273499418320597,5.179086401898676,True,False,2.727128594563832e-15,0.9999999999999124,"GJR-GARCH(1,1,1)-t"
19240,-2.9637322664649446,1.9926191412505254,True,True,5.070479843928714e-15,1.2459006370198729e-14,"GJR-GARCH(1,1,1)-t"
19255,44.37203820297965,49.32838961069512,True,True,4.688912091027477e-15,0.9843400056033292,"GJR-GARCH(1,1,1)-t"
19260,17.59382108186573,22.5501724895812,True,True,2.069525864326371e-16,0.98698317558982,"GJR-GARCH(1,1,1)-t"
19262,50.23608798667347,55.19243939438894,True,True,1.0156473221071932e-12,1.0311989897644089e-11,"GJR-GARCH(1,1,1)-t"
19265,46.07696880307676,51.033320210792226,True,True,2.2976587276334226e-14,1.6508087016967353e-13,"GJR-GARCH(1,1,1)-t"
19267,18.779772611617346,23.736124019332813,True,True,9.948455050264321e-14,0.8839433969283219,"GJR-GARCH(1,1,1)-t"
19271,51.15124925811112,56.107600665826595,True,True,0.0,0.9090067520390941,"GJR-GARCH(1,1,1)-t"
19274,44.74448122229977,49.70083263001524,True,True,8.117946068229513e-13,0.9732784039588196,"GJR-GARCH(1,1,1)-t"
19281,-1.923304359816063,3.033047047899407,True,True,7.350621300527401e-14,0.7828083579415105,"GJR-GARCH(1,1,1)-t"
19294,-6.124806088715314,-1.1684546809998437,True,False,4.894331967338558e-14,0.9999999999996845,"GJR-GARCH(1,1,1)-t"
19300,73.65007109246923,78.60642250018469,True,True,7.301656925347973e-14,0.9197443823531696,"GJR-GARCH(1,1,1)-t"
19309,16.90607234814275,21.86242375585822,True,True,0.0,0.06253559678965212,"GJR-GARCH(1,1,1)-t"
19333,4.471970059140524,9.428321466855994,True,True,0.0,0.9461503610435291,"GJR-GARCH(1,1,1)-t"
19358,5.076675663658179,10.033027071373649,True,True,1.82271304969208e-20,0.7302039622386481,"GJR-GARCH(1,1,1)-t"
19365,11.612067311980004,16.568418719695472,True,True,2.382385949812185e-17,2.9461980218123753e-12,"GJR-GARCH(1,1,1)-t"
19373,38.15901482076798,43.115366228483445,True,False,3.848555417420943e-12,0.9999999980713642,"GJR-GARCH(1,1,1)-t"
19385,-7.765991991901927,-2.8096405841864573,True,True,6.972180752760193e-13,0.0,"GJR-GARCH(1,1,1)-t"
19386,-15.287404211940991,-10.331052804225521,True,False,0.0,1.0,"GJR-GARCH(1,1,1)-t"
19389,0.41847147449128563,5.374822882206756,True,False,7.935533878404465e-20,1.0,"GJR-GARCH(1,1,1)-t"
19390,6.587457664919114,11.543809072634584,True,True,2.627896890312936e-13,0.9593272672406976,"GJR-GARCH(1,1,1)-t"
19417,8.94868355719872,13.90503496491419,True,True,0.0,0.0,"GJR-GARCH(1,1,1)-t"
19428,69.21606771319269,74.17241912090816,True,True,0.0,0.8746409052993039,"GJR-GARCH(1,1,1)-t"
19434,-11.937753354977456,-6.981401947261986,True,True,1.3820586288298216e-14,0.216153696692379,"GJR-GARCH(1,1,1)-t"
19444,-1.1890031822071165,3.7673482255083535,True,False,1.0,0.0,"GJR-GARCH(1,1,1)-t"
19453,49.88418591262817,54.84053732034364,True,True,8.373369414827535e-14,0.9848635148693973,"GJR-GARCH(1,1,1)-t"
19459,-5.771631305240412,-0.8152798975249418,True,True,0.16016181497607843,0.1934545741720908,"GJR-GARCH(1,1,1)-t"
19466,3.9360262063028397,8.89237761401831,True,True,0.1318550964016055,0.45046803831421206,"GJR-GARCH(1,1,1)-t"
19472,-7.281627823914164,-2.325276416198694,True,True,0.39671393860981263,8.9217452434854e-15,"GJR-GARCH(1,1,1)-t"
19476,-13.717274093420958,-8.760922685705488,True,True,0.0,0.9815080007483511,"GJR-GARCH(1,1,1)-t"
19483,6.738282287492953,11.694633695208424,True,False,6.518580331758868e-14,0.9999999999939471,"GJR-GARCH(1,1,1)-t"
19488,35.81076911664128,40.767120524356756,True,True,0.45862349703800537,0.4156579081654244,"GJR-GARCH(1,1,1)-t"
19491,31.556343138896697,36.51269454661217,True,True,8.554366199259729e-12,0.9821758954405342,"GJR-GARCH(1,1,1)-t"
19493,11.677665701846708,16.63401710956218,True,False,1.0,0.0,"GJR-GARCH(1,1,1)-t"
19495,-13.805458896531807,-8.849107488816337,True,True,0.0,0.9657452089570716,"GJR-GARCH(1,1,1)-t"
19499,8.537745182042393,13.494096589757863,True,True,1.9535560727344156e-15,0.9606819516308066,"GJR-GARCH(1,1,1)-t"
19509,19.747636651091778,24.703988058807248,True,False,0.0,0.9999999999999956,"GJR-GARCH(1,1,1)-t"
19512,63.357694369375565,68.31404577709104,True,True,0.68187538168909,4.720479771918877e-12,"GJR-GARCH(1,1,1)-t"
19527,12.616586103311697,17.572937511027167,True,True,1.2054784638025053e-14,0.6749190545297287,"GJR-GARCH(1,1,1)-t"
19528,7.32850273340314,12.284854141118611,True,False,0.0,0.9999999999999669,"GJR-GARCH(1,1,1)-t"
19531,13.921348896353173,18.877700304068643,True,False,0.0,0.9999999999999997,"GJR-GARCH(1,1,1)-t"
19532,4.240181557033592,9.196532964749062,True,False,2.626211147518176e-15,0.9999999999999997,"GJR-GARCH(1,1,1)-t"
19542,29.02124095032623,33.977592358041704,True,True,0.36269764751244044,1.0453620638360965e-14,"GJR-GARCH(1,1,1)-t"
19551,9.363802481060027,14.320153888775497,True,True,0.4401120350698483,0.0,"GJR-GARCH(1,1,1)-t"
19554,-8.664711290682533,-3.7083598829670628,True,True,0.1840162269417167,0.5057553857139325,"GJR-GARCH(1,1,1)-t"
19579,37.36665668718765,42.323008094903116,True,True,0.0,0.9414310437036173,"GJR-GARCH(1,1,1)-t"
19580,37.110345323430764,42.06669673114623,True,True,7.685269548937005e-15,0.31137836988401213,"GJR-GARCH(1,1,1)-t"
19597,51.863657864408296,56.82000927212377,True,True,0.06259710323157287,0.0,"GJR-GARCH(1,1,1)-t"
19603,4.599107921023785,9.555459328739255,True,False,0.31962450602609016,0.7632501192218826,"GJR-GARCH(1,1,1)-t"
19606,20.731633058298243,25.687984466013713,True,True,1.6685662794228905e-16,0.0,"GJR-GARCH(1,1,1)-t"
19612,23.1196325520955,28.07598395981097,True,True,0.0,0.8282172046381807,"GJR-GARCH(1,1,1)-t"
19614,-9.960551795546994,-5.004200387831524,True,True,4.364321224275766e-11,0.9445679454895559,"GJR-GARCH(1,1,1)-t"
19623,-2.3409405231825815,2.6154108845328885,True,True,0.1840023213131254,7.592964523300863e-18,"GJR-GARCH(1,1,1)-t"
19625,1.4389697377173114,6.395321145432781,True,True,4.937211238821166e-13,0.7771001056063498,"GJR-GARCH(1,1,1)-t"
19626,2.8689596771626498,7.82531108487812,True,True,0.0,0.7906569684530708,"GJR-GARCH(1,1,1)-t"
19629,19.545985841370587,24.502337249086057,True,True,2.4208487512618223e-20,0.8940416983839408,"GJR-GARCH(1,1,1)-t"
19636,25.290163630467788,30.246515038183254,True,True,0.8542828204333929,0.04913847344601626,"GJR-GARCH(1,1,1)-t"
19639,79.5531155980283,84.50946700574377,True,True,1.7229939217326448e-16,0.8777568498022352,"GJR-GARCH(1,1,1)-t"
19647,11.301125494809058,16.257476902524527,True,True,7.983712709292657e-14,0.011909497636559695,"GJR-GARCH(1,1,1)-t"
19651,2.1394374305206227,7.095788838236093,True,False,2.9983246897863716e-12,0.9999999999971153,"GJR-GARCH(1,1,1)-t"
19660,61.04708717903145,66.00343858674692,True,True,2.7777775499522804e-16,0.6114838931501163,"GJR-GARCH(1,1,1)-t"
19678,10.56590430959062,15.52225571730609,True,True,0.0,0.9441411614560324,"GJR-GARCH(1,1,1)-t"
19690,1.7583476545918497,6.71469906230732,True,True,0.0,0.5381163266345408,"GJR-GARCH(1,1,1)-t"
19697,43.532100890141564,48.48845229785704,True,True,1.1727630900191999e-17,0.9841184295032289,"GJR-GARCH(1,1,1)-t"
19699,-0.02801257157546999,4.92833883614,True,False,0.0,1.0,"GJR-GARCH(1,1,1)-t"
19725,82.30542110358346,87.26177251129893,True,False,1.7999677874504236e-16,0.9999999999999355,"GJR-GARCH(1,1,1)-t"
19729,50.0231656351282,54.97951704284367,True,True,0.4699065798160341,0.0,"GJR-GARCH(1,1,1)-t"
19735,34.68845996421615,39.644811371931624,True,False,0.1117387321792948,0.9441306339103529,"GJR-GARCH(1,1,1)-t"
19747,16.9546464040076,21.91099781172307,True,False,0.0,0.9999999999999999,"GJR-GARCH(1,1,1)-t"
19765,5.437233060198237,10.393584467913707,True,False,0.0,1.0,"GJR-GARCH(1,1,1)-t"
19772,3.5321118841430845,8.488463291858555,True,False,1.827944344591818e-15,0.9999999999999861,"GJR-GARCH(1,1,1)-t"
19799,3.1252542584349143,8.081605666150384,True,True,0.0,0.5951835796630981,"GJR-GARCH(1,1,1)-t"
19810,-3.4357582191593856,1.5205931885560844,True,True,8.934108597080347e-14,0.9690774017869349,"GJR-GARCH(1,1,1)-t"
19815,10.246207954353624,15.202559362069094,True,False,1.0,0.28127068283489104,"GJR-GARCH(1,1,1)-t"
19817,0.30453459347118184,5.260886001186652,True,False,0.0,1.0,"GJR-GARCH(1,1,1)-t"
19830,-6.916073585296104,-1.959722177580634,True,True,2.542036363225729e-13,0.9768502406917641,"GJR-GARCH(1,1,1)-t"
19839,-12.043811339057598,-7.087459931342128,True,False,0.40592244289593554,0.7970387785520319,"GJR-GARCH(1,1,1)-t"
19845,36.26388188891157,41.220233296627036,True,True,0.10494357441408797,0.0,"GJR-GARCH(1,1,1)-t"
19871,25.490622661105768,30.446974068821238,True,False,0.4411703109613007,0.6064894425046408,"GJR-GARCH(1,1,1)-t"
19873,7.299475808026656,12.255827215742126,True,False,0.0,0.9999999999991854,"GJR-GARCH(1,1,1)-t"
19876,4.347914677591923,9.304266085307393,True,True,0.0,7.085970071449472e-17,"GJR-GARCH(1,1,1)-t"
19883,21.481624212232234,26.4379756199477,True,False,6.709355889292178e-14,0.9999999999987167,"GJR-GARCH(1,1,1)-t"
19904,38.54525251547171,43.501603923187176,True,False,0.0030711305948287033,0.9984644347025878,"GJR-GARCH(1,1,1)-t"
19915,18.1288963431434,23.08524775085887,True,True,0.18343832162629595,1.7878912457290124e-16,"GJR-GARCH(1,1,1)-t"
19923,-21.7239346559266,-16.767583248211128,True,True,2.09142555845022e-12,1.8138176529669943e-11,"GJR-GARCH(1,1,1)-t"
19935,31.532054168783766,36.48840557649923,True,True,2.163671734873728e-15,0.906601435109984,"GJR-GARCH(1,1,1)-t"
19949,-8.977118543276372,-4.020767135560902,True,True,0.12562372287021248,0.2862391661115617,"GJR-GARCH(1,1,1)-t"
19955,2.560557684416951,7.516909092132421,True,True,0.31536002509087174,0.561980753095489,"GJR-GARCH(1,1,1)-t"
19977,21.58973318949386,26.54608459720933,True,False,0.0,1.0,"GJR-GARCH(1,1,1)-t"
19994,13.395677057790657,18.352028465506127,True,True,1.4867095920087145e-13,0.8801514156093303,"GJR-GARCH(1,1,1)-t"
19999,26.01019792448909,30.966549332204565,True,True,1.8615269621125178e-14,0.3573606760122518,"GJR-GARCH(1,1,1)-t"
20008,-4.687928105441955,0.26842330227351496,True,False,0.0,1.0,"GJR-GARCH(1,1,1)-t"
20017,-7.0750544132693705,-2.1187030055539005,True,False,0.0,0.9999999999999986,"GJR-GARCH(1,1,1)-t"
20021,-12.373073150983956,-7.416721743268486,True,False,0.0,1.0,"GJR-GARCH(1,1,1)-t"
20033,-9.505131762745563,-4.548780355030093,True,True,6.288741045605505e-16,0.4629580452027936,"GJR-GARCH(1,1,1)-t"
20055,-18.69862053996713,-13.74226913225166,True,True,0.0,0.9606245557475077,"GJR-GARCH(1,1,1)-t"
20057,-5.165991094599725,-0.20963968688425538,True,True,0.0,0.04350651057762741,"GJR-GARCH(1,1,1)-t"
20063,-19.17550800474921,-14.219156597033741,True,False,0.0,1.0,"GJR-GARCH(1,1,1)-t"
20064,-9.52893566068196,-4.5725842529664895,True,True,1.1871108504266827e-14,0.7302003893498525,"GJR-GARCH(1,1,1)-t"
20078,-12.559663370083172,-7.603311962367702,True,True,0.0,1.352227741465544e-10,"GJR-GARCH(1,1,1)-t"
20083,20.507119295660154,25.46347070337562,True,True,0.06020817110918324,1.407344940304222e-24,"GJR-GARCH(1,1,1)-t"
20084,33.95931787579154,38.915669283507015,True,False,0.6918053320480572,0.6540973339759683,"GJR-GARCH(1,1,1)-t"
20086,83.9211693822702,88.87752078998567,True,True,0.0,0.9812437023305295,"GJR-GARCH(1,1,1)-t"
20099,25.013336117470537,29.969687525186007,True,True,0.0,0.059973698209169854,"GJR-GARCH(1,1,1)-t"
20127,3.676986337217233,8.633337744932703,True,True,0.07493594044418676,1.0249641859153065e-13,"GJR-GARCH(1,1,1)-t"
20128,10.273773903533234,15.230125311248704,True,False,0.0,1.0,"GJR-GARCH(1,1,1)-t"
20132,61.11602669909705,66.07237810681252,True,True,3.492399782229069e-14,6.138998760382006e-22,"GJR-GARCH(1,1,1)-t"
20135,35.763523970670285,40.71987537838575,True,True,1.2765856616041489e-12,0.9032068142298201,"GJR-GARCH(1,1,1)-t"
20136,13.029294744602767,17.985646152318235,True,True,1.6758442574300671e-13,0.6761470554596821,"GJR-GARCH(1,1,1)-t"
20164,3.138685831574257,8.095037239289727,True,False,0.9999999999999912,0.09157229553567231,"GJR-GARCH(1,1,1)-t"
20172,8.872699789132092,13.829051196847562,True,False,2.558407856211246e-21,0.9999999999999998,"GJR-GARCH(1,1,1)-t"
20196,-5.607929665615941,-0.6515782579004714,True,True,1.3042069306072107e-13,1.0483335927218572e-11,"GJR-GARCH(1,1,1)-t"
20199,25.957612433509627,30.913963841225097,True,True,4.646565988941277e-17,0.4637982957413867,"GJR-GARCH(1,1,1)-t"
20213,9.46919311657485,14.42554452429032,True,True,0.5020635643496699,2.68491866822757e-16,"GJR-GARCH(1,1,1)-t"
20214,24.01130658843003,28.967657996145498,True,True,8.6812590571845e-14,7.941941407499156e-13,"GJR-GARCH(1,1,1)-t"
20225,20.974394974325413,25.930746382040883,True,True,0.17139583026598074,0.31916662450005234,"GJR-GARCH(1,1,1)-t"
20227,34.042669909443575,38.99902131715905,True,False,0.03257967598873106,0.9837101620091896,"GJR-GARCH(1,1,1)-t"
20234,-31.73645363122378,-26.78010222350831,True,True,3.574743655973648e-08,6.643574579356939e-19,"GJR-GARCH(1,1,1)-t"
20255,35.67954261330998,40.63589402102544,True,False,3.6935109529714105e-16,0.9999999999999999,"GJR-GARCH(1,1,1)-t"
20265,6.094356196181039,11.050707603896509,True,True,6.276136683341243e-08,0.984003610117584,"GJR-GARCH(1,1,1)-t"
20268,11.810937454393306,16.767288862108778,True,True,7.574819386222989e-15,9.387626793016802e-16,"GJR-GARCH(1,1,1)-t"
20271,57.340354039423566,62.29670544713903,True,True,0.0,0.36050067390134666,"GJR-GARCH(1,1,1)-t"
20306,3.8857052358403426,8.842056643555813,True,True,1.2735620666718765e-15,0.0,"GJR-GARCH(1,1,1)-t"
20317,62.806641654959094,67.76299306267457,True,False,4.895080702382795e-15,1.0,"GJR-GARCH(1,1,1)-t"
20323,17.454968961224427,22.411320368939897,True,False,0.751886773972559,0.6240566130137164,"GJR-GARCH(1,1,1)-t"
20326,-19.363009140944605,-14.406657733229135,True,False,0.9999999999999902,0.2862725122676347,"GJR-GARCH(1,1,1)-t"
20327,0.4778676625608522,5.434219070276322,True,True,0.028339989293569536,0.9368931151005819,"GJR-GARCH(1,1,1)-t"
20329,23.597885318511167,28.55423672622664,True,False,0.9999999999993396,7.111929712626622e-13,"GJR-GARCH(1,1,1)-t"
20336,-19.539342770933274,-14.582991363217804,True,True,1.2568854444632e-11,0.6625743554879945,"GJR-GARCH(1,1,1)-t"
20341,22.67052702133096,27.626878429046435,True,True,0.0,0.06088062571710026,"GJR-GARCH(1,1,1)-t"
20351,-10.21912496809776,-5.262773560382289,True,True,1.0742437004168414e-18,0.3034215112840947,"GJR-GARCH(1,1,1)-t"
20382,-24.854090926757628,-19.897739519042158,True,True,5.452349723918531e-16,2.863360336554064e-16,"GJR-GARCH(1,1,1)-t"
20384,5.6247615096136965,10.581112917329166,True,True,0.3695255416979604,0.1265958794505264,"GJR-GARCH(1,1,1)-t"
20405,-0.3448749821348276,4.611476425580642,True,True,1.1925153364231057e-19,1.9305519612869484e-16,"GJR-GARCH(1,1,1)-t"
20406,4.240864127069372,9.197215534784842,True,True,9.382385841334215e-19,0.6983864379168587,"GJR-GARCH(1,1,1)-t"
20410,-19.682965854903763,-14.726614447188293,True,False,0.0,1.0,"GJR-GARCH(1,1,1)-t"
20415,36.05947037476596,41.015821782481424,True,False,0.0,0.9999999999999999,"GJR-GARCH(1,1,1)-t"
20418,16.140265060040324,21.096616467755794,True,False,0.4133204978473084,0.6869302816508823,"GJR-GARCH(1,1,1)-t"
20430,-6.152265147333743,-1.1959137396182733,True,False,1.0,0.2801102818444282,"GJR-GARCH(1,1,1)-t"
20434,60.98098356053845,65.93733496825392,True,True,3.8935801446491737e-16,2.870776702604332e-16,"GJR-GARCH(1,1,1)-t"
20435,40.65884088074927,45.61519228846474,True,True,3.802788054365997e-16,0.45456739932283574,"GJR-GARCH(1,1,1)-t"
20439,-5.240539659798287,-0.28418825208281717,True,False,7.345802582260872e-15,0.9999999999999766,"GJR-GARCH(1,1,1)-t"
20445,-7.483523964503391,-2.527172556787921,True,True,4.303856961718649e-12,0.9504686671148926,"GJR-GARCH(1,1,1)-t"
20453,-16.922145230183876,-11.965793822468406,True,True,1.921743015750224e-09,0.9566430275860237,"GJR-GARCH(1,1,1)-t"
20457,-0.3221957897744012,4.634155617941069,True,True,0.0,0.8587127110333186,"GJR-GARCH(1,1,1)-t"
20460,24.21599364304016,29.17234505075563,True,True,0.0,0.6768143800410913,"GJR-GARCH(1,1,1)-t"
20469,-19.78513422179784,-14.82878281408237,True,True,0.44042639722106275,0.5090778495815355,"GJR-GARCH(1,1,1)-t"
20474,-3.1186973478929048,1.8376540598225652,True,False,0.2775882370331382,0.8511889912906581,"GJR-GARCH(1,1,1)-t"
20491,14.395499332816959,19.35185074053243,True,True,0.20987480726169655,7.520533967673142e-20,"GJR-GARCH(1,1,1)-t"
20498,59.034598004084785,63.99094941180026,True,True,1.1535642741049861e-14,0.5939860086743656,"GJR-GARCH(1,1,1)-t"
20499,26.387433474255637,31.343784881971104,True,False,0.0,1.0,"GJR-GARCH(1,1,1)-t"
20550,3.9569545080463584,8.913305915761828,True,True,6.127037176134987e-20,0.9321504127905363,"GJR-GARCH(1,1,1)-t"
20551,-8.665694254177325,-3.7093428464618547,True,True,0.0,0.901027597785907,"GJR-GARCH(1,1,1)-t"
20557,33.413125447384914,38.36947685510038,True,True,0.41667950474316817,1.5066749311236324e-16,"GJR-GARCH(1,1,1)-t"
20559,-23.594338385558075,-18.637986977842605,True,True,0.32601451949014976,1.235303495768232e-19,"GJR-GARCH(1,1,1)-t"
20563,9.81535682066256,14.77170822837803,True,False,1.0,0.014541580770623131,"GJR-GARCH(1,1,1)-t"
20568,-14.35606830706795,-9.39971689935248,True,False,0.5933966802422023,0.5265882910240055,"GJR-GARCH(1,1,1)-t"
20571,4.652555266447134,9.608906674162604,True,True,3.063444788164885e-17,0.49287120935696765,"GJR-GARCH(1,1,1)-t"
20577,6.458534250804247,11.414885658519717,True,True,0.19303469608530083,2.0890439005540725e-13,"GJR-GARCH(1,1,1)-t"
20581,21.66563775677124,26.62198916448671,True,True,0.0,0.6720789841168826,"GJR-GARCH(1,1,1)-t"
20585,40.11886198499487,45.07521339271034,True,True,0.024672928270188525,0.27448651570727295,"GJR-GARCH(1,1,1)-t"
20597,-6.089789520858048,-1.133438113142578,True,True,0.0,0.8524816056543246,"GJR-GARCH(1,1,1)-t"
20603,39.95412775521472,44.91047916293019,True,True,2.0088904615286206e-17,0.011870625219176527,"GJR-GARCH(1,1,1)-t"
20630,-5.279258196683376,-0.3229067889679058,True,True,3.92644872673201e-15,0.4954288764635925,"GJR-GARCH(1,1,1)-t"
20631,8.690140798718637,13.646492206434107,True,True,1.231217209705208e-15,0.6528764582318739,"GJR-GARCH(1,1,1)-t"
20644,25.2165658858794,30.17291729359487,True,True,8.25120122541992e-15,0.7709418703895514,"GJR-GARCH(1,1,1)-t"
20651,36.3510414826967,41.30739289041217,True,False,1.6616034650769172e-13,1.0,"GJR-GARCH(1,1,1)-t"
20669,5.039335739616771,9.99568714733224,True,True,0.0,0.3911875287878358,"GJR-GARCH(1,1,1)-t"
20673,37.98931792291857,42.94566933063404,True,False,0.5917603466930438,0.6419096147481661,"GJR-GARCH(1,1,1)-t"
20678,36.401773783409624,41.3581251911251,True,True,0.4435303343707751,0.20661017364173506,"GJR-GARCH(1,1,1)-t"
20691,-5.432973820476217,-0.47662241276074724,True,True,0.05944565109840733,3.4760401350839967e-14,"GJR-GARCH(1,1,1)-t"
20715,-4.040035438510895,0.9163159692045753,True,False,1.0,1.5594632448035054e-18,"GJR-GARCH(1,1,1)-t"
20732,45.455125298363406,50.41147670607887,True,True,0.0,0.9437648615538469,"GJR-GARCH(1,1,1)-t"
20734,-2.3555209138964237,2.6008304938190463,True,True,0.0,0.314720973404588,"GJR-GARCH(1,1,1)-t"
20762,30.364242326025376,35.32059373374085,True,True,0.39104732545378185,0.3498045890776741,"GJR-GARCH(1,1,1)-t"
20770,-10.378776686501638,-5.422425278786168,True,True,0.7679280736950446,0.0,"GJR-GARCH(1,1,1)-t"
20776,50.03617054237564,54.99252195009112,True,True,0.13737949622754694,0.837925447301371,"GJR-GARCH(1,1,1)-t"
20782,3.864315387072443,8.820666794787913,True,True,5.104184915600337e-19,0.07670570954398112,"GJR-GARCH(1,1,1)-t"
20785,69.58304955573762,74.53940096345309,True,True,0.0,2.063914904370127e-09,"GJR-GARCH(1,1,1)-t"
20790,12.63976423350042,17.59611564121589,True,True,3.053160238124545e-15,0.5888502285070573,"GJR-GARCH(1,1,1)-t"
20796,31.965126472553738,36.92147788026921,True,True,0.0,0.0,"GJR-GARCH(1,1,1)-t"
20810,-15.512552755278701,-10.556201347563231,True,True,0.8127453952481115,0.0,"GJR-GARCH(1,1,1)-t"
20826,16.038090107405427,20.994441515120897,True,True,3.5915518300781424e-15,1.9640582111869163e-19,"GJR-GARCH(1,1,1)-t"
20827,-7.192039489548733,-2.2356880818332634,True,True,2.8107749400503175e-18,1.2964427049069294e-18,"GJR-GARCH(1,1,1)-t"
20837,0.5965574025904843,5.552908810305954,True,False,0.9999999999999825,6.266566923909288e-14,"GJR-GARCH(1,1,1)-t"
20843,12.806740173229587,17.76309158094506,True,True,2.0680633308533706e-12,0.769511666461676,"GJR-GARCH(1,1,1)-t"
20851,-0.11077515052371645,4.8455762571917536,True,True,2.2698534870299023e-13,8.210859389023654e-12,"GJR-GARCH(1,1,1)-t"
20858,6.018843682305532,10.975195090021002,True,True,8.555709855388995e-12,0.9824508066368063,"GJR-GARCH(1,1,1)-t"
20862,-13.308568619243484,-8.352217211528014,True,True,8.514568755040793e-16,5.4574914678306835e-11,"GJR-GARCH(1,1,1)-t"
20872,43.55000980980723,48.506361217522695,True,False,1.0,0.0,"GJR-GARCH(1,1,1)-t"
20881,-5.961468087424876,-1.0051166797094062,True,True,5.346320345284321e-15,2.77270078301603e-15,"GJR-GARCH(1,1,1)-t"
20900,8.36352126330023,13.3198726710157,True,True,0.0,0.7991569973151709,"GJR-GARCH(1,1,1)-t"
20914,5.430378097812897,10.386729505528367,True,True,0.44265882288597674,2.213500611297593e-19,"GJR-GARCH(1,1,1)-t"
20927,-14.775436844516356,-9.819085436800886,True,True,0.0,0.5186154162064514,"GJR-GARCH(1,1,1)-t"
20928,23.567382446184176,28.523733853899646,True,True,4.42545920140095e-19,0.8523932856640792,"GJR-GARCH(1,1,1)-t"
20935,-16.72864283037277,-11.7722914226573,True,False,1.0,0.0,"GJR-GARCH(1,1,1)-t"
20936,30.354081919353735,35.310433327069205,True,True,5.38832135866717e-16,0.9628347955766398,"GJR-GARCH(1,1,1)-t"
20939,24.84777026671538,29.80412167443085,True,True,3.772119499438139e-14,0.9641076284755848,"GJR-GARCH(1,1,1)-t"
20944,-11.2953222626961,-6.33897085498063,True,True,0.0,0.5896002332116438,"GJR-GARCH(1,1,1)-t"
20945,15.201525354071666,20.157876761787136,True,True,4.1389648723396787e-16,1.680595486600739e-14,"GJR-GARCH(1,1,1)-t"
20950,3.7239399288538184,8.680291336569288,True,True,9.876154789650904e-19,0.7884961122637706,"GJR-GARCH(1,1,1)-t"
20953,4.597289691728234,9.553641099443704,True,True,9.113655800988495e-17,0.703310990418853,"GJR-GARCH(1,1,1)-t"
20972,5.129322161149707,10.085673568865177,True,True,0.09899876519414813,0.02455380313878151,"GJR-GARCH(1,1,1)-t"
20973,0.4355462239399319,5.391897631655402,True,True,4.0750693049635444e-16,2.2186494235512596e-16,"GJR-GARCH(1,1,1)-t"
20995,20.06827465049337,25.02462605820884,True,True,0.21190232726195765,0.030547525802683655,"GJR-GARCH(1,1,1)-t"
20996,9.44631472756104,14.40266613527651,True,True,0.40425042684155743,0.4583598136921007,"GJR-GARCH(1,1,1)-t"
21020,39.63947470826969,44.59582611598516,True,True,0.0,0.0,"GJR-GARCH(1,1,1)-t"
21024,14.793726153742726,19.7500775614582,True,True,1.2807504884402582e-15,0.903227159530773,"GJR-GARCH(1,1,1)-t"
21038,50.18479374515662,55.141145152872085,True,False,0.24697347437645198,0.791102647232698,"GJR-GARCH(1,1,1)-t"
21040,-12.702894137980174,-7.746542730264704,True,False,1.0,0.0,"GJR-GARCH(1,1,1)-t"
21051,15.841539840555347,20.797891248270815,True,False,1.1470537972744427e-14,0.9999999999999641,"GJR-GARCH(1,1,1)-t"
21053,1.617179447896433,6.573530855611903,True,False,0.0,1.0,"GJR-GARCH(1,1,1)-t"
21074,20.677423830548705,25.633775238264175,True,True,2.12236401178327e-16,0.7166943308869694,"GJR-GARCH(1,1,1)-t"
21079,22.72824189998618,27.684593307701647,True,True,1.0633747248419193e-15,0.18401162662143108,"GJR-GARCH(1,1,1)-t"
21083,61.64174132262791,66.59809273034338,True,False,0.9999999999999997,0.24369211731287724,"GJR-GARCH(1,1,1)-t"
21094,-1.8021359708468552,3.154215436868615,True,False,0.6495781288749816,0.6752109355625167,"GJR-GARCH(1,1,1)-t"
21099,21.277587696165874,26.233939103881344,True,True,1.9138101047805114e-12,0.7975197420544992,"GJR-GARCH(1,1,1)-t"
21103,0.07189757849133827,5.028248986206808,True,True,3.523537449239842e-18,0.3576618508647597,"GJR-GARCH(1,1,1)-t"
21116,3.4311453189782384,8.387496726693708,True,False,0.9999999999778756,8.340897252023374e-12,"GJR-GARCH(1,1,1)-t"
21121,-19.261585676829114,-14.305234269113644,True,True,1.427843401346681e-17,0.969847164085743,"GJR-GARCH(1,1,1)-t"
21136,44.42419253241157,49.38054394012704,True,False,0.9999999999999971,4.427964102444603e-15,"GJR-GARCH(1,1,1)-t"
21139,-2.4223318886677667,2.5340195190477033,True,True,0.0,0.9827117071154463,"GJR-GARCH(1,1,1)-t"
21145,24.881719671872013,29.838071079587483,True,True,8.875330493991401e-22,0.022365441622741556,"GJR-GARCH(1,1,1)-t"
21148,2.2396385234393,7.19598993115477,True,True,0.2471089672677933,0.0516316308473361,"GJR-GARCH(1,1,1)-t"
21164,49.89296206269913,54.8493134704146,True,True,0.0,0.9533933086044419,"GJR-GARCH(1,1,1)-t"
21169,-12.514530225155116,-7.5581788174396465,True,True,2.5782716458864107e-15,0.23018226850832046,"GJR-GARCH(1,1,1)-t"
21179,24.609811297516096,29.566162705231566,True,True,0.0,0.0,"GJR-GARCH(1,1,1)-t"
21203,40.80614302893535,45.76249443665082,True,True,0.0,0.15449809996216587,"GJR-GARCH(1,1,1)-t"
21208,20.38317927885604,25.339530686571507,True,True,2.9043572870764206e-15,0.813864702728328,"GJR-GARCH(1,1,1)-t"
21218,-20.19789154234337,-15.2415401346279,True,True,0.9149613489014021,1.9524499953234897e-17,"GJR-GARCH(1,1,1)-t"
21239,-2.6620278485651276,2.2943235591503424,True,True,2.3453705123435736e-15,1.6578269935374603e-15,"GJR-GARCH(1,1,1)-t"
21240,24.112992723676896,29.069344131392366,True,True,4.426839727835208e-19,0.7016646439920994,"GJR-GARCH(1,1,1)-t"
21243,4.813129285934034,9.769480693649504,True,True,6.997761891770936e-14,0.8427440863368785,"GJR-GARCH(1,1,1)-t"
21246,-7.652369772115851,-2.6960183644003806,True,True,2.366418695780083e-16,1.4495008682879821e-15,"GJR-GARCH(1,1,1)-t"
21248,2.735355596298458,7.691707004013928,True,True,0.10004608064903023,0.6143015224238317,"GJR-GARCH(1,1,1)-t"
21267,-10.12915300235279,-5.1728015946373205,True,True,0.02807797325106086,0.8964000921587638,"GJR-GARCH(1,1,1)-t"
21272,8.965233441024361,13.921584848739831,True,True,1.4677469845379534e-14,8.772058825089388e-17,"GJR-GARCH(1,1,1)-t"
21300,-12.646144890324464,-7.689793482608994,True,True,0.0,9.258200443039968e-17,"GJR-GARCH(1,1,1)-t"
21301,15.414439995009563,20.370791402725033,True,True,0.0514575956798379,0.6064783520650585,"GJR-GARCH(1,1,1)-t"
21307,32.805880380140884,37.76223178785635,True,False,0.516581822513798,0.6809436983856134,"GJR-GARCH(1,1,1)-t"
21326,2.432243125591132,7.388594533306602,True,False,0.9999986653226973,0.26397593791453267,"GJR-GARCH(1,1,1)-t"
21328,-12.45158441659855,-7.49523300888308,True,True,0.3826343571105889,1.0586149080380575e-15,"GJR-GARCH(1,1,1)-t"
21329,21.991619143712064,26.947970551427535,True,False,0.6655156090294069,0.6672421954849296,"GJR-GARCH(1,1,1)-t"
21344,28.375846649357705,33.33219805707318,True,True,0.0,0.964637571316552,"GJR-GARCH(1,1,1)-t"
21364,7.860654462956292,12.817005870671762,True,True,0.12368938907447537,0.0016853904282831307,"GJR-GARCH(1,1,1)-t"
21367,-16.833263335895534,-11.876911928180064,True,False,0.46795017548048107,0.5628790640943477,"GJR-GARCH(1,1,1)-t"
21368,3.267116371730946,8.223467779446416,True,True,0.3620259435075447,0.2643934706054314,"GJR-GARCH(1,1,1)-t"
21373,45.441521414429005,50.39787282214448,True,True,4.439244678520059e-14,0.9286937736147285,"GJR-GARCH(1,1,1)-t"
21391,3.981862895701786,8.938214303417256,True,True,0.0,0.5608310979619836,"GJR-GARCH(1,1,1)-t"
21398,7.194901552090688,12.151252959806158,True,False,9.758822876459895e-14,0.9999999999996176,"GJR-GARCH(1,1,1)-t"
21404,22.68747867221498,27.64383007993045,True,True,5.033636695814579e-10,0.9710108981477561,"GJR-GARCH(1,1,1)-t"
21428,17.691086108297718,22.647437516013188,True,False,2.6426781747382846e-19,0.9999999999999764,"GJR-GARCH(1,1,1)-t"
21434,-5.391481035433447,-0.43512962771797703,True,True,1.6452974906841557e-19,0.42036992022167724,"GJR-GARCH(1,1,1)-t"
21437,-3.0605837889325613,1.8957676187829087,True,True,0.0,0.873567530814198,"GJR-GARCH(1,1,1)-t"
21439,-7.46910588210838,-2.51275447439291,True,True,3.240720315091805e-18,0.8382699162796249,"GJR-GARCH(1,1,1)-t"
21445,5.788897098661987,10.745248506377457,True,True,0.4822678184468286,0.09511229576811017,"GJR-GARCH(1,1,1)-t"
21446,-3.0643015505759443,1.8920498571395257,True,True,7.723579135376751e-15,0.7845268593751984,"GJR-GARCH(1,1,1)-t"
21466,-8.809031282060054,-3.8526798743445845,True,True,4.435983835293025e-15,0.813115732697807,"GJR-GARCH(1,1,1)-t"
21486,43.68856687794694,48.64491828566241,True,True,0.0,0.7491458340217128,"GJR-GARCH(1,1,1)-t"
21493,-10.554957695762116,-5.598606288046646,True,True,2.9546254225801845e-13,0.9795142030063637,"GJR-GARCH(1,1,1)-t"
21507,-5.846209242224592,-0.8898578345091224,True,False,1.0,2.84842412101929e-16,"GJR-GARCH(1,1,1)-t"
21533,-6.61760233655102,-1.6612509288355497,True,False,0.999999999923329,1.5377334492569145e-11,"GJR-GARCH(1,1,1)-t"
21555,24.75329318628228,29.70964459399775,True,True,8.077262634151478e-18,0.608832793224107,"GJR-GARCH(1,1,1)-t"
21601,27.556715664790744,32.51306707250622,True,True,0.0,0.9924563622059884,"GJR-GARCH(1,1,1)-t"
21602,1.8262047723789028,6.782556180094373,True,False,1.0,0.4613361403794765,"GJR-GARCH(1,1,1)-t"
21614,19.141610221213632,24.0979616289291,True,True,4.511289368677609e-21,0.978783629252582,"GJR-GARCH(1,1,1)-t"
21621,24.48797589283958,29.444327300555052,True,True,2.4670853068813757e-15,0.21659281655037105,"GJR-GARCH(1,1,1)-t"
21634,0.1164218786675768,5.072773286383047,True,True,8.918977576061485e-16,0.9891314357495158,"GJR-GARCH(1,1,1)-t"
21640,6.780864834796731,11.7372162425122,True,True,6.372266881101556e-14,0.6671716369268035,"GJR-GARCH(1,1,1)-t"
21645,39.19325138753619,44.14960279525167,True,True,8.621584413947929e-18,0.8004735252781927,"GJR-GARCH(1,1,1)-t"
21647,6.125588484448958,11.081939892164428,True,True,3.812608289156376e-14,2.6342468036693063e-12,"GJR-GARCH(1,1,1)-t"
21655,46.239832412437046,51.19618382015251,True,True,2.340666069302439e-15,0.8316869314245406,"GJR-GARCH(1,1,1)-t"
21657,8.081313486444287,13.037664894159757,True,True,1.429635024742986e-19,0.7516772420886714,"GJR-GARCH(1,1,1)-t"
21658,18.195662478005573,23.152013885721043,True,True,0.0,0.22167409894571133,"GJR-GARCH(1,1,1)-t"
21659,25.037495314993848,29.993846722709318,True,True,5.727658046070491e-15,0.9699112378158589,"GJR-GARCH(1,1,1)-t"
21685,6.286179776724292,11.242531184439763,True,True,0.007026186259224396,1.0348674442695523e-18,"GJR-GARCH(1,1,1)-t"
21693,-1.5771630412226258,3.379188366492844,True,True,1.8106059926251595e-17,0.8602839064987573,"GJR-GARCH(1,1,1)-t"
21695,2.0914236183054786,7.047775026020949,True,True,5.476244289343434e-12,2.568939980417253e-10,"GJR-GARCH(1,1,1)-t"
21716,31.243192994819452,36.199544402534926,True,True,5.691091134380339e-15,0.6799678976735024,"GJR-GARCH(1,1,1)-t"
21718,22.215958749406123,27.172310157121593,True,True,0.0,0.954144920092985,"GJR-GARCH(1,1,1)-t"
21732,42.82509840209717,47.781449809812635,True,True,0.18366956019528669,0.11138717462214699,"GJR-GARCH(1,1,1)-t"
21734,2.0791855308497347,7.035536938565205,True,True,3.3085053599950955e-15,0.4052658487711737,"GJR-GARCH(1,1,1)-t"
21744,18.17895042396129,23.13530183167676,True,True,0.0,0.962641871914209,"GJR-GARCH(1,1,1)-t"
21753,4.978596839346668,9.934948247062138,True,True,1.22520909191945e-15,0.8908009540223504,"GJR-GARCH(1,1,1)-t"
21762,39.27909281666406,44.235444224379535,True,False,0.8665338953735127,0.5667330523715334,"GJR-GARCH(1,1,1)-t"
21770,-3.0374985020405525,1.9188529056749175,True,True,5.389777256240672e-18,0.6320110733282701,"GJR-GARCH(1,1,1)-t"
21777,-8.71948889712538,-3.7631374894099103,True,False,0.9999999863982842,2.2066065203779375e-09,"GJR-GARCH(1,1,1)-t"
21805,32.121958345439154,37.07830975315462,True,True,8.892609025493204e-16,3.90573112569894e-15,"GJR-GARCH(1,1,1)-t"
21825,22.75473472598439,27.711086133699858,True,True,1.9177149141556187e-15,0.788270971141324,"GJR-GARCH(1,1,1)-t"
21834,-1.9974902272339374,2.9588611804815326,True,True,1.924017025168338e-15,1.0086477925903826e-16,"GJR-GARCH(1,1,1)-t"
21843,0.5269055853497768,5.483256993065247,True,True,7.788667700097805e-09,0.9729617535790315,"GJR-GARCH(1,1,1)-t"
21848,20.85921759997185,25.81556900768732,True,True,0.0,0.7779474886369904,"GJR-GARCH(1,1,1)-t"
21849,13.931537645077288,18.887889052792758,True,True,8.116813138718219e-16,0.6479993856749562,"GJR-GARCH(1,1,1)-t"
21854,-3.616734698830818,1.3396167088846518,True,False,4.806623523639802e-14,0.999999999999189,"GJR-GARCH(1,1,1)-t"
21883,-0.6305040977007863,4.325847310014684,True,False,0.0,1.0,"GJR-GARCH(1,1,1)-t"
21884,7.308148040161725,12.264499447877196,True,False,1.1145619241681138e-15,1.0,"GJR-GARCH(1,1,1)-t"
21886,18.502760954109966,23.459112361825436,True,True,9.947267394716476e-19,0.7934129191137974,"GJR-GARCH(1,1,1)-t"
21888,53.51894687237562,58.475298280091096,True,False,0.6389052238157017,0.680547388092154,"GJR-GARCH(1,1,1)-t"
21890,18.229079382063016,23.185430789778486,True,False,1.0,0.00908518245103699,"GJR-GARCH(1,1,1)-t"
21891,57.123615721198775,62.07996712891425,True,True,9.620487074739937e-15,0.8182124264346953,"GJR-GARCH(1,1,1)-t"
21897,1.6579529564932258,6.614304364208696,True,True,3.2865579072815907e-15,0.23067765379038394,"GJR-GARCH(1,1,1)-t"
21906,23.218981640548638,28.175333048264108,True,True,7.410854954202048e-15,2.315398962213043e-15,"GJR-GARCH(1,1,1)-t"
21911,21.412602691435275,26.36895409915075,True,True,1.694050063650056e-16,0.2345448247649947,"GJR-GARCH(1,1,1)-t"
21920,62.775411192519186,67.73176260023466,True,True,1.6862377614011345e-16,0.9693142224456651,"GJR-GARCH(1,1,1)-t"
21931,9.333507395244856,14.289858802960326,True,True,0.0,2.4581523147863774e-20,"GJR-GARCH(1,1,1)-t"
21934,7.482440899191339,12.438792306906809,True,True,8.112013642752334e-18,0.4504607091774147,"GJR-GARCH(1,1,1)-t"
21988,26.88848217564708,31.84483358336255,True,True,0.0,0.6620410966395249,"GJR-GARCH(1,1,1)-t"
21990,30.229165796372346,35.185517204087816,True,True,0.0,0.8599417039370801,"GJR-GARCH(1,1,1)-t"
21995,-12.02745940926404,-7.07110800154857,True,True,0.17064425205973446,0.5636600151491076,"GJR-GARCH(1,1,1)-t"
22003,22.372323647117227,27.3286750548327,True,True,1.1551572741937608e-14,0.22739877517718188,"GJR-GARCH(1,1,1)-t"
22008,35.50994642921278,40.46629783692825,True,True,7.41978611739112e-14,2.820946886000608e-13,"GJR-GARCH(1,1,1)-t"
22011,-4.4999559531453635,0.45639545457010655,True,False,0.0,0.9999999999997984,"GJR-GARCH(1,1,1)-t"
22013,10.67313762887018,15.62948903658565,True,True,1.0251271492083474e-12,0.8323971150696031,"GJR-GARCH(1,1,1)-t"
22014,9.989271916535106,14.945623324250576,True,True,3.6834636413062186e-18,8.23583141303939e-17,"GJR-GARCH(1,1,1)-t"
22023,-4.192700935771651,0.7636504719438193,True,True,0.07720704384745981,0.0,"GJR-GARCH(1,1,1)-t"
22026,-4.8461039510644035,0.1102474566510665,True,True,1.808240533809321e-13,0.47000947977569896,"GJR-GARCH(1,1,1)-t"
22038,62.98273373210932,67.93908513982478,True,False,1.0013751167778614e-13,0.999999999988748,"GJR-GARCH(1,1,1)-t"
22042,5.6128546087953115,10.569206016510782,True,True,1.7349010137906101e-16,0.0565618332355693,"GJR-GARCH(1,1,1)-t"
22047,49.642438264575034,54.59878967229051,True,True,0.0,0.7530980719743627,"GJR-GARCH(1,1,1)-t"
22064,3.689031142329597,8.645382550045067,True,False,0.9999999999999983,7.094794075603452e-16,"GJR-GARCH(1,1,1)-t"
22067,23.20930691498473,28.165658322700196,True,False,0.38624534215873846,0.8068162839896988,"GJR-GARCH(1,1,1)-t"
22076,-9.870828631973417,-4.914477224257947,True,True,2.1113613937884298e-15,0.9736927780941196,"GJR-GARCH(1,1,1)-t"
22079,51.76782690424008,56.724178311955555,True,True,0.5786608893120908,4.230708683949345e-15,"GJR-GARCH(1,1,1)-t"
22081,8.49168347556995,13.44803488328542,True,False,1.584906764254405e-16,0.9999999999999865,"GJR-GARCH(1,1,1)-t"
22106,35.03456752494057,39.99091893265604,True,True,1.1813107716917646e-17,0.708047511549315,"GJR-GARCH(1,1,1)-t"
22115,15.274579813562925,20.230931221278393,True,True,6.307814901343334e-15,0.9868546327680887,"GJR-GARCH(1,1,1)-t"
22117,-1.8137189347636422,3.142632472951828,True,True,0.0,0.65700987510912,"GJR-GARCH(1,1,1)-t"
22120,-0.8926091540002297,4.06374225371524,True,True,4.233802453349597e-16,0.07362897908761547,"GJR-GARCH(1,1,1)-t"
22126,9.238880564229435,14.195231971944905,True,True,0.0,0.978156478498768,"GJR-GARCH(1,1,1)-t"
22133,18.39483791660376,23.35118932431923,True,True,7.910957201880902e-16,0.9739464674958702,"GJR-GARCH(1,1,1)-t"
22159,35.86997351406535,40.826324921780824,True,True,0.0,0.9535518800265517,"GJR-GARCH(1,1,1)-t"
22166,34.710333216787745,39.66668462450322,True,True,0.24997728250915413,0.5831724628155012,"GJR-GARCH(1,1,1)-t"
22169,14.393857529831829,19.3502089375473,True,False,0.0,1.0,"GJR-GARCH(1,1,1)-t"
22178,4.810399175155116,9.766750582870586,True,True,0.0,0.8421146027046313,"GJR-GARCH(1,1,1)-t"
22188,7.78918215181867,12.74553355953414,True,True,8.658418194109323e-14,0.904940358768224,"GJR-GARCH(1,1,1)-t"
22193,-8.317843100424597,-3.3614916927091265,True,True,4.8140975386597796e-12,1.374798933163257e-10,"GJR-GARCH(1,1,1)-t"
22217,7.383895403342893,12.340246811058364,True,True,0.0,0.0,"GJR-GARCH(1,1,1)-t"
22249,56.09048658128938,61.04683798900486,True,True,0.0,0.5320045182895633,"GJR-GARCH(1,1,1)-t"
22262,7.925111025293054,12.881462433008524,True,False,0.9999999976781024,6.352303121483643e-10,"GJR-GARCH(1,1,1)-t"
22263,0.9138777100224402,5.87022911773791,True,True,1.5510697665082582e-19,0.6262461084382192,"GJR-GARCH(1,1,1)-t"
22277,35.48278367717367,40.43913508488914,True,True,0.0,0.17128494795670177,"GJR-GARCH(1,1,1)-t"
22289,37.40065334180581,42.35700474952127,True,True,9.654859534735089e-20,0.618386469307872,"GJR-GARCH(1,1,1)-t"
22290,-9.437638342591484,-4.481286934876014,True,True,0.0,6.303161352773247e-14,"GJR-GARCH(1,1,1)-t"
22300,14.802683639391933,19.759035047107403,True,True,4.560856663472624e-20,9.864461486172165e-14,"GJR-GARCH(1,1,1)-t"
22304,27.738207595440535,32.69455900315601,True,True,0.23727099377479122,5.421502677429104e-15,"GJR-GARCH(1,1,1)-t"
22307,10.166656241450738,15.123007649166208,True,False,0.9999999999999987,4.908351398146078e-16,"GJR-GARCH(1,1,1)-t"
22331,31.043730160490732,36.0000815682062,True,True,2.2250691360815606e-18,0.9345286255546235,"GJR-GARCH(1,1,1)-t"
22355,-11.797012479392066,-6.840661071676596,True,True,0.7911259377759569,9.725782499011187e-13,"GJR-GARCH(1,1,1)-t"
22377,20.51874804709626,25.475099454811726,True,True,0.0,0.7697561507465477,"GJR-GARCH(1,1,1)-t"
22384,14.150631187760816,19.106982595476286,True,True,0.5141660087294787,4.843104444708859e-12,"GJR-GARCH(1,1,1)-t"
22385,14.015355225076362,18.971706632791832,True,True,1.4276363691917002e-19,2.8115538012301846e-15,"GJR-GARCH(1,1,1)-t"
22392,-4.140443588575334,0.8159078191401363,True,True,0.5495474620841597,3.418022493715152e-14,"GJR-GARCH(1,1,1)-t"
22405,19.64439867862721,24.60075008634268,True,False,0.0,1.0,"GJR-GARCH(1,1,1)-t"
22427,22.125873700410516,27.082225108125986,True,True,6.294690058056784e-14,0.9195217048658852,"GJR-GARCH(1,1,1)-t"
22440,-7.621610807564291,-2.6652593998488214,True,True,2.392193142926803e-16,0.29058571776735403,"GJR-GARCH(1,1,1)-t"
22447,11.035263180592903,15.991614588308373,True,True,0.0,0.466095724811728,"GJR-GARCH(1,1,1)-t"
22455,41.290821056646045,46.24717246436151,True,False,0.9999999999999102,2.358499503162926e-14,"GJR-GARCH(1,1,1)-t"
22466,1.9889350053114558,6.945286413026926,True,False,8.006240093588311e-15,1.0,"GJR-GARCH(1,1,1)-t"
22487,0.7476071984865147,5.703958606201985,True,True,0.0,0.8265445099458495,"GJR-GARCH(1,1,1)-t"
22495,5.107831127935068,10.064182535650538,True,False,0.0,0.9999999999999994,"GJR-GARCH(1,1,1)-t"
22496,29.962191119772605,34.91854252748807,True,True,0.5921109859557727,5.0586034742062206e-21,"GJR-GARCH(1,1,1)-t"
22498,4.503984045414757,9.460335453130227,True,True,0.11673295142261282,2.8249858572475864e-19,"GJR-GARCH(1,1,1)-t"
22501,18.694647857124,23.65099926483947,True,False,0.9999999999999858,9.808729910034681e-15,"GJR-GARCH(1,1,1)-t"
22513,-2.981064827792917,1.9752865799225532,True,True,0.2618424921727932,4.557539077429955e-09,"GJR-GARCH(1,1,1)-t"
22517,-0.8512991494946824,4.105052258220788,True,True,0.0,0.6795987019021938,"GJR-GARCH(1,1,1)-t"
22519,16.547240098202387,21.503591505917857,True,True,3.171320532797039e-15,9.383988172689338e-16,"GJR-GARCH(1,1,1)-t"
22532,44.86420628408758,49.820557691803046,True,True,7.40541467605139e-17,0.9736294149240867,"GJR-GARCH(1,1,1)-t"
22542,43.92384467900167,48.880196086717135,True,True,0.0,0.9808030299553204,"GJR-GARCH(1,1,1)-t"
22543,12.699396210159657,17.655747617875125,True,True,5.665136166394498e-15,0.8819454421773903,"GJR-GARCH(1,1,1)-t"
22548,8.80341954971594,13.75977095743141,True,True,0.0,8.791530450146794e-17,"GJR-GARCH(1,1,1)-t"
22585,3.988657186936088,8.945008594651558,True,True,0.0,0.8976195538000035,"GJR-GARCH(1,1,1)-t"
22590,10.424469918412763,15.380821326128233,True,False,8.938260461362644e-14,0.9999999999996615,"GJR-GARCH(1,1,1)-t"
22598,5.315672090878412,10.272023498593882,True,True,0.02946088669457571,3.0184342711063345e-10,"GJR-GARCH(1,1,1)-t"
22616,-17.33690652485728,-12.38055511714181,True,True,0.0,0.5835528323131866,"GJR-GARCH(1,1,1)-t"
22621,33.23185344452175,38.18820485223722,True,True,0.0,0.9873517925277562,"GJR-GARCH(1,1,1)-t"
22622,-13.134503850415982,-8.178152442700512,True,True,0.0,3.494930800982996e-16,"GJR-GARCH(1,1,1)-t"
22627,-4.2771079695278615,0.6792434381876085,True,True,0.0,0.8066265173133018,"GJR-GARCH(1,1,1)-t"
22635,-3.388743487211599,1.567607920503871,True,True,1.6809844917274612e-15,0.252976005619923,"GJR-GARCH(1,1,1)-t"
22638,43.15145487614184,48.107806283857315,True,True,1.1334588439682901e-14,0.9371287423183869,"GJR-GARCH(1,1,1)-t"
22649,47.207128934344716,52.16348034206018,True,False,8.983900529149051e-15,0.9999999999999909,"GJR-GARCH(1,1,1)-t"
22666,-0.5430806007916669,4.413270806923803,True,True,1.1604673600162856e-13,0.6695122732661877,"GJR-GARCH(1,1,1)-t"
22671,2.604479201873474,7.560830609588944,True,False,0.9984041072812531,0.4324011202638311,"GJR-GARCH(1,1,1)-t"
22674,10.55501729725788,15.51136870497335,True,True,6.141250085760683e-15,0.44116902776568256,"GJR-GARCH(1,1,1)-t"
22678,11.87029669608841,16.82664810380388,True,True,0.0,0.3999564135462695,"GJR-GARCH(1,1,1)-t"
22695,-13.504373887700424,-8.548022479984954,True,True,0.0,0.0,"GJR-GARCH(1,1,1)-t"
22697,23.89801017194355,28.85436157965902,True,True,0.0,0.9262283449958787,"GJR-GARCH(1,1,1)-t"
22725,12.594995481815644,17.551346889531114,True,True,0.27725687548446826,9.55370030709607e-20,"GJR-GARCH(1,1,1)-t"
22732,-5.255829396645002,-0.2994779889295316,True,False,0.0,0.9999999999998174,"GJR-GARCH(1,1,1)-t"
22749,31.518831937829653,36.47518334554512,True,False,1.5434006808234756e-15,1.0,"GJR-GARCH(1,1,1)-t"
22750,14.95009371130274,19.90644511901821,True,False,1.775444744705154e-21,1.0,"GJR-GARCH(1,1,1)-t"
22752,29.94893874553732,34.90529015325279,True,True,2.247984173052635e-16,9.22120877649484e-22,"GJR-GARCH(1,1,1)-t"
22759,-4.278605397805581,0.6777460099098889,True,True,2.50170542620068e-13,0.0,"GJR-GARCH(1,1,1)-t"
22766,31.60117440100624,36.55752580872171,True,False,0.0,0.9999999999998569,"GJR-GARCH(1,1,1)-t"
22780,6.991327955808753,11.947679363524223,True,True,3.866582134569384e-11,0.9439610605272445,"GJR-GARCH(1,1,1)-t"
22794,14.41626550415724,19.37261691187271,True,True,4.028551277075314e-19,1.9919783343171936e-17,"GJR-GARCH(1,1,1)-t"
22798,6.0647388101944415,11.021090217909912,True,True,1.0909614219004413e-15,1.3369811216970548e-14,"GJR-GARCH(1,1,1)-t"
22822,3.269308563327023,8.225659971042493,True,True,0.0,0.4138368932462042,"GJR-GARCH(1,1,1)-t"
22824,23.792371061457004,28.748722469172478,True,True,0.1951987651614079,0.3227214596475105,"GJR-GARCH(1,1,1)-t"
22825,24.114995435871634,29.071346843587104,True,False,0.9999999999744879,2.9362910366227632e-12,"GJR-GARCH(1,1,1)-t"
22828,0.2583742979119421,5.214725705627412,True,True,0.0,0.7780859457473269,"GJR-GARCH(1,1,1)-t"
22829,12.404603018576935,17.360954426292405,True,True,2.4357831008081397e-22,0.029788669777720236,"GJR-GARCH(1,1,1)-t"
22877,2.544414497987651,7.500765905703121,True,True,0.16760753021717642,0.34861049390212595,"GJR-GARCH(1,1,1)-t"
22879,-2.030734654692939,2.925616753022531,True,True,0.0,0.0,"GJR-GARCH(1,1,1)-t"
22884,-8.449591637826916,-3.4932402301114465,True,False,1.0,1.0115386864215814e-16,"GJR-GARCH(1,1,1)-t"
22887,46.722427762622324,51.67877917033779,True,False,0.9999999996759988,8.973445039854197e-11,"GJR-GARCH(1,1,1)-t"
22893,39.62420046495275,44.580551872668224,True,True,9.771103670214457e-15,0.6348647028450068,"GJR-GARCH(1,1,1)-t"
22898,27.81291206857609,32.76926347629156,True,True,9.335985834674776e-16,0.9917311916753115,"GJR-GARCH(1,1,1)-t"
22899,12.367341578461685,17.323692986177157,True,True,0.0,2.5717897829930234e-12,"GJR-GARCH(1,1,1)-t"
22903,47.42429953758142,52.38065094529689,True,False,0.8614753972509037,0.5692623013745577,"GJR-GARCH(1,1,1)-t"
22907,1.2659598179392937,6.222311225654764,True,True,0.0,0.913516028691554,"GJR-GARCH(1,1,1)-t"
22909,43.91292314284708,48.86927455056255,True,True,3.339099888215068e-13,0.9119707125925661,"GJR-GARCH(1,1,1)-t"
22912,24.976340116716923,29.932691524432393,True,True,0.42936270901266643,4.266063818773786e-15,"GJR-GARCH(1,1,1)-t"
22914,9.052554953894859,14.008906361610329,True,True,3.063946717685588e-16,0.3721651701094294,"GJR-GARCH(1,1,1)-t"
22922,-7.24538713262476,-2.28903572490929,True,False,8.836408554414319e-16,1.0,"GJR-GARCH(1,1,1)-t"
22928,35.77645042095358,40.732801828669054,True,False,1.1256414089742275e-17,0.9999999999999983,"GJR-GARCH(1,1,1)-t"
22941,7.497301189591322,12.453652597306792,True,True,1.9742539605716616e-13,0.9692068675363757,"GJR-GARCH(1,1,1)-t"
22946,24.896925873099853,29.853277280815323,True,True,1.2514841242053078e-13,1.0982479146825634e-13,"GJR-GARCH(1,1,1)-t"
22947,35.78561602587284,40.741967433588314,True,True,0.9793122007558658,2.4684117968415796e-16,"GJR-GARCH(1,1,1)-t"
22962,10.29520937926734,15.25156078698281,True,False,2.0739106005544763e-12,0.9999999997789298,"GJR-GARCH(1,1,1)-t"
22964,9.904693743301715,14.861045151017185,True,False,7.987721433723951e-15,0.9999999999999803,"GJR-GARCH(1,1,1)-t"
22973,67.2036348841849,72.15998629190037,True,True,0.0,0.8361465436229073,"GJR-GARCH(1,1,1)-t"
22996,25.75018452307885,30.706535930794324,True,True,0.8338282022393894,1.4588504002271667e-19,"GJR-GARCH(1,1,1)-t"
23001,-7.102395318651595,-2.1460439109361253,True,False,1.0,0.0,"GJR-GARCH(1,1,1)-t"
23017,6.164146399035525,11.120497806750995,True,False,0.9999999999999769,0.49999999999997574,"GJR-GARCH(1,1,1)-t"
23019,12.30729412263992,17.26364553035539,True,True,7.426536603819001e-16,0.9319333578062186,"GJR-GARCH(1,1,1)-t"
23028,16.544680885862892,21.501032293578362,True,True,1.1987606561970744e-18,0.038048020002934314,"GJR-GARCH(1,1,1)-t"
23030,-5.826447230423774,-0.8700958227083042,True,True,4.835448942505566e-15,0.9550928095603191,"GJR-GARCH(1,1,1)-t"
23034,-12.420843919413322,-7.464492511697852,True,True,0.16880879648795777,0.5631437941249566,"GJR-GARCH(1,1,1)-t"
23045,-14.181665531480558,-9.225314123765088,True,True,0.3734591527343369,1.8637341635489753e-14,"GJR-GARCH(1,1,1)-t"
23049,9.128308369042838,14.084659776758308,True,True,1.613949028735052e-11,2.7622676503334405e-14,"GJR-GARCH(1,1,1)-t"
23054,2.6303113543473415,7.5866627620628115,True,True,7.529241898147004e-16,0.4646825583002603,"GJR-GARCH(1,1,1)-t"
23062,18.53144322548402,23.48779463319949,True,True,0.09838058232555054,9.597586530935888e-18,"GJR-GARCH(1,1,1)-t"
23069,-3.2120632377646103,1.7442881699508597,True,False,0.15033356202733864,0.8739643151258586,"GJR-GARCH(1,1,1)-t"
23088,22.901409984231282,27.857761391946752,True,False,1.1658804501181236e-12,0.9999999999932659,"GJR-GARCH(1,1,1)-t"
23112,39.73521338434793,44.6915647920634,True,True,1.1282787282268128e-14,0.5705393385934101,"GJR-GARCH(1,1,1)-t"
23130,27.154570716786363,32.11092212450183,True,True,0.0,0.7767010675219406,"GJR-GARCH(1,1,1)-t"
23132,-8.803566262114064,-3.847214854398594,True,False,0.999999999999998,0.41387018699896044,"GJR-GARCH(1,1,1)-t"
23136,1.206127659222613,6.162479066938083,True,False,0.0,1.0,"GJR-GARCH(1,1,1)-t"
23144,20.01175751017951,24.96810891789498,True,False,0.0,1.0,"GJR-GARCH(1,1,1)-t"
23145,-9.307993791664064,-4.351642383948594,True,True,0.0,0.5214020386775691,"GJR-GARCH(1,1,1)-t"
23147,-6.153583421385562,-1.1972320136700922,True,True,1.0846847666541962e-14,0.48743569089059496,"GJR-GARCH(1,1,1)-t"
23153,21.896239478071656,26.852590885787123,True,True,0.0,0.5987715015626379,"GJR-GARCH(1,1,1)-t"
23156,11.398557168970992,16.354908576686462,True,True,0.0,0.0,"GJR-GARCH(1,1,1)-t"
23170,-14.429620402565245,-9.473268994849775,True,False,8.339841610811325e-15,0.999999999999994,"GJR-GARCH(1,1,1)-t"
23179,18.765349723552852,23.721701131268322,True,True,0.10078113451683375,0.0,"GJR-GARCH(1,1,1)-t"
23185,22.781368790650827,27.737720198366297,True,True,0.0,0.9610974753504077,"GJR-GARCH(1,1,1)-t"
23195,10.362512882412886,15.318864290128356,True,False,0.0,1.0,"GJR-GARCH(1,1,1)-t"
23201,44.03190409318685,48.988255500902326,True,False,0.0,0.9999999999999691,"GJR-GARCH(1,1,1)-t"
23202,5.764176154686648,10.720527562402118,True,True,1.677139791878439e-26,1.2134248774425992e-25,"GJR-GARCH(1,1,1)-t"
23212,-13.553183768141785,-8.596832360426315,True,False,0.19037043778222476,0.8403643692188858,"GJR-GARCH(1,1,1)-t"
23217,27.36176722501636,32.31811863273183,True,True,0.0,0.16109145333071215,"GJR-GARCH(1,1,1)-t"
23220,13.920905881646911,18.877257289362383,True,True,8.373325107271148e-14,0.2155101513621549,"GJR-GARCH(1,1,1)-t"
23226,38.905498680115855,43.86185008783133,True,True,3.6094336567115015e-13,0.0,"GJR-GARCH(1,1,1)-t"
23228,-0.6420935363156932,4.314257871399777,True,True,1.9560616503361053e-12,0.9429680664718129,"GJR-GARCH(1,1,1)-t"
23232,10.197657538145066,15.154008945860536,True,False,9.512431752784679e-18,0.9999999999999994,"GJR-GARCH(1,1,1)-t"
23233,37.581251102726,42.537602510441474,True,False,1.0,0.06644999380656834,"GJR-GARCH(1,1,1)-t"
23243,-4.852685084042875,0.10366632367259498,True,True,3.246628000433285e-23,1.54250438345734e-16,"GJR-GARCH(1,1,1)-t"
23246,6.600727124765591,11.55707853248106,True,True,0.0,0.9357598350220269,"GJR-GARCH(1,1,1)-t"
23254,10.621409350351998,15.577760758067468,True,True,6.579011322560566e-18,0.5506828564962504,"GJR-GARCH(1,1,1)-t"
23265,10.880235478443943,15.836586886159413,True,True,0.4168204345807111,0.4358137236170526,"GJR-GARCH(1,1,1)-t"
23274,19.71507617874914,24.67142758646461,True,True,3.6818807010716194e-11,0.973928659976164,"GJR-GARCH(1,1,1)-t"
23290,13.14259903847773,18.0989504461932,True,True,5.423896793331198e-17,0.9594202062826347,"GJR-GARCH(1,1,1)-t"
23299,5.288260805203338,10.244612212918808,True,True,3.0370489883975313e-15,0.9494426295843909,"GJR-GARCH(1,1,1)-t"
23312,5.618994352063673,10.575345759779143,True,True,7.251942953851039e-15,0.06012430193226931,"GJR-GARCH(1,1,1)-t"
23317,21.171383434019713,26.127734841735183,True,True,2.4281333031086556e-15,0.8537951923752397,"GJR-GARCH(1,1,1)-t"
23337,13.04560363349747,18.00195504121294,True,False,0.0,1.0,"GJR-GARCH(1,1,1)-t"
23341,10.52958519781538,15.48593660553085,True,True,3.3314891807235365e-14,0.2781767919514583,"GJR-GARCH(1,1,1)-t"
23342,2.0707606534961265,7.0271120612115965,True,True,1.9194201128470327e-18,0.9695743316328224,"GJR-GARCH(1,1,1)-t"
23348,-6.37570100301344,-1.4193495952979696,True,True,5.288758122328608e-15,0.8555301133004488,"GJR-GARCH(1,1,1)-t"
23351,13.2028505177885,18.159201925503968,True,True,0.5938176862042035,1.130733377747565e-08,"GJR-GARCH(1,1,1)-t"
23353,25.83757006400917,30.79392147172464,True,True,5.002273637920165e-15,0.0,"GJR-GARCH(1,1,1)-t"
23356,0.9255102438827176,5.881861651598188,True,True,0.35377260602045335,0.3918702652711084,"GJR-GARCH(1,1,1)-t"
23366,-4.050037876690833,0.9063135310246366,True,True,2.3581652659388315e-14,0.0,"GJR-GARCH(1,1,1)-t"
23386,4.304061727467344,9.260413135182814,True,False,1.0,0.49999999999798794,"GJR-GARCH(1,1,1)-t"
23399,33.48483180891192,38.441183216627394,True,True,8.043563980268535e-15,0.963909229498408,"GJR-GARCH(1,1,1)-t"
23405,0.9148897833320824,5.871241191047552,True,True,0.24024182977369943,8.725263549699971e-15,"GJR-GARCH(1,1,1)-t"
23417,11.730375556391879,16.68672696410735,True,True,0.0,0.5108507038886199,"GJR-GARCH(1,1,1)-t"
23423,1.1484617677890245,6.1048131755044945,True,False,0.9058601225649826,0.15287235074515265,"GJR-GARCH(1,1,1)-t"
23426,14.23954846612739,19.19589987384286,True,True,0.0,0.9712574978563159,"GJR-GARCH(1,1,1)-t"
23427,10.023825964862658,14.980177372578128,True,True,1.6791274539567579e-13,3.2068770150185605e-10,"GJR-GARCH(1,1,1)-t"
23462,-12.98621776585637,-8.0298663581409,True,False,8.796116884047692e-13,1.0,"GJR-GARCH(1,1,1)-t"
23464,26.955045817841885,31.91139722555735,True,True,1.0489356658368249e-15,0.1686238190620889,"GJR-GARCH(1,1,1)-t"
23486,48.68950419201447,53.64585559972994,True,True,1.4451417160658344e-15,0.20650661733144593,"GJR-GARCH(1,1,1)-t"
23488,-6.572286866987074,-1.6159354592716042,True,True,0.0,2.6781927280307287e-14,"GJR-GARCH(1,1,1)-t"
23490,22.874081548045687,27.83043295576116,True,False,0.9999999999996365,1.160835259795839e-13,"GJR-GARCH(1,1,1)-t"
23500,6.666742456351678,11.623093864067148,True,True,0.48207343923398555,8.674782569995305e-16,"GJR-GARCH(1,1,1)-t"
23503,56.51947439738245,61.47582580509793,True,False,0.2809124142667391,0.7365041394636632,"GJR-GARCH(1,1,1)-t"
23504,1.7341724123170206,6.690523820032491,True,True,0.6898983984726403,2.089492039470397e-20,"GJR-GARCH(1,1,1)-t"
23520,2.550439319664136,7.506790727379606,True,True,1.6644314671511137e-13,1.1052903480233346e-13,"GJR-GARCH(1,1,1)-t"
23524,9.22289405805341,14.17924546576888,True,True,4.514992739707812e-14,0.9716820780824035,"GJR-GARCH(1,1,1)-t"
23531,26.330245630944653,31.28659703866012,True,False,1.0,0.0,"GJR-GARCH(1,1,1)-t"
23536,0.2398185033623026,5.196169911077773,True,False,0.999999999995758,7.961767348588305e-12,"GJR-GARCH(1,1,1)-t"
23539,17.922764727099345,22.879116134814815,True,True,0.5248117384533793,0.0,"GJR-GARCH(1,1,1)-t"
23547,33.856674803803486,38.81302621151896,True,True,0.0,0.0,"GJR-GARCH(1,1,1)-t"
23566,4.944611986404789,9.900963394120259,True,True,0.131472717888082,0.721156300657961,"GJR-GARCH(1,1,1)-t"
23579,3.433081809644385,8.389433217359855,True,True,1.1447147749113756e-15,0.34435839496668796,"GJR-GARCH(1,1,1)-t"
23598,14.33373417648515,19.29008558420062,True,True,4.5437706124930714e-09,0.9461037714624427,"GJR-GARCH(1,1,1)-t"
23600,-4.857154773822465,0.09919663389300482,True,True,0.09293119260917636,0.0,"GJR-GARCH(1,1,1)-t"
23603,3.306886730604216,8.263238138319686,True,True,1.2266503370174168e-15,0.0,"GJR-GARCH(1,1,1)-t"
23619,24.629398412445234,29.585749820160707,True,True,0.47736484200236307,0.44357672700390993,"GJR-GARCH(1,1,1)-t"
23624,-3.6035362231062784,1.3528151846091916,True,True,9.039673327993544e-16,0.8041653753965244,"GJR-GARCH(1,1,1)-t"
23628,18.977707184472994,23.934058592188464,True,True,4.4528602860742674e-14,1.9535377503182336e-12,"GJR-GARCH(1,1,1)-t"
23630,8.038461480246411,12.994812887961881,True,True,3.591495048281284e-14,0.6382995729254693,"GJR-GARCH(1,1,1)-t"
23637,2.512028814016908,7.468380221732378,True,False,1.0,1.488290018121777e-14,"GJR-GARCH(1,1,1)-t"
23639,32.2589852294541,37.21533663716957,True,True,0.39909966943017927,1.5073466707987246e-15,"GJR-GARCH(1,1,1)-t"
23642,17.556179449059176,22.512530856774646,True,True,0.28953318228510694,4.230673010538665e-15,"GJR-GARCH(1,1,1)-t"
23652,46.166967961710974,51.12331936942644,True,True,7.105711313480309e-17,0.034238659530754646,"GJR-GARCH(1,1,1)-t"
23656,33.05518509796009,38.01153650567556,True,False,2.116176882709408e-14,1.0,"GJR-GARCH(1,1,1)-t"
23658,12.490527367929936,17.446878775645406,True,True,0.8374458945112885,1.423901782352517e-19,"GJR-GARCH(1,1,1)-t"
23683,-21.032924901500373,-16.076573493784903,True,True,0.0,0.6986596747725281,"GJR-GARCH(1,1,1)-t"
23708,-7.874131591988068,-2.9177801842725977,True,True,1.7603450738849022e-17,0.963116958034502,"GJR-GARCH(1,1,1)-t"
23724,39.93527620156874,44.891627609284214,True,False,0.0,1.0,"GJR-GARCH(1,1,1)-t"
23736,21.063767433774377,26.020118841489847,True,True,0.0,0.9985146584121808,"GJR-GARCH(1,1,1)-t"
23737,-25.066239341075978,-20.109887933360508,True,False,0.8036369012862369,0.5981815493568654,"GJR-GARCH(1,1,1)-t"
23750,23.956987313147152,28.913338720862622,True,False,0.0,0.9999999999998695,"GJR-GARCH(1,1,1)-t"
23751,-2.1467920945436276,2.8095593131718424,True,False,3.883534838936216e-20,1.0,"GJR-GARCH(1,1,1)-t"
23765,19.96015283473507,24.91650424245054,True,True,5.2310030036956285e-14,1.3197367221068924e-13,"GJR-GARCH(1,1,1)-t"
23768,41.09069295854595,46.04704436626142,True,False,7.132187595885123e-16,0.9999999999999492,"GJR-GARCH(1,1,1)-t"
23780,-16.003483905584112,-11.047132497868642,True,False,0.0,1.0,"GJR-GARCH(1,1,1)-t"
23792,16.07231463206781,21.02866603978328,True,True,9.856744450432845e-14,0.9023947077002172,"GJR-GARCH(1,1,1)-t"
23794,8.212769551058333,13.169120958773803,True,False,9.039625914693383e-18,0.9999999999646293,"GJR-GARCH(1,1,1)-t"
23796,-2.3931331329008962,2.5632182748145738,True,True,3.1231748319764666e-12,1.538869710402194e-10,"GJR-GARCH(1,1,1)-t"
23819,34.434777123402455,39.39112853111792,True,True,1.3286425703973283e-12,0.7255119363193223,"GJR-GARCH(1,1,1)-t"
23821,13.169418523097205,18.125769930812673,True,False,3.3707392586477955e-16,0.9999999999999997,"GJR-GARCH(1,1,1)-t"
23823,4.703551292306344,9.659902700021814,True,True,6.216450861297897e-15,0.8981983685244057,"GJR-GARCH(1,1,1)-t"
23828,9.361083299851334,14.317434707566804,True,True,0.0,0.8779356144938059,"GJR-GARCH(1,1,1)-t"
23834,35.31423904323813,40.2705904509536,True,False,0.9999999999999725,2.985325307793295e-14,"GJR-GARCH(1,1,1)-t"
23836,-0.011703937488906746,4.944647470226563,True,False,0.9999999999999997,0.1993549690088609,"GJR-GARCH(1,1,1)-t"
23858,-13.239615574662409,-8.283264166946939,True,True,5.59058056970143e-14,0.6518613180903506,"GJR-GARCH(1,1,1)-t"
23863,4.24948494595111,9.20583635366658,True,False,7.488232768889578e-15,0.9999999999999796,"GJR-GARCH(1,1,1)-t"
23873,16.898904916076397,21.855256323791867,True,False,1.0,0.24328032495272484,"GJR-GARCH(1,1,1)-t"
23892,9.64172172277327,14.59807313048874,True,True,0.0,0.7324489400207853,"GJR-GARCH(1,1,1)-t"
23903,17.4697955358358,22.426146943551274,True,False,0.8057520196189646,0.3271620972711117,"GJR-GARCH(1,1,1)-t"
23940,21.287289703177546,26.243641110893016,True,True,0.06874376076235646,1.0849635832238216e-15,"GJR-GARCH(1,1,1)-t"
23955,-6.096370407682134,-1.1400189999666637,True,True,0.03643704161610996,0.8682423847523512,"GJR-GARCH(1,1,1)-t"
23958,42.72324328577016,47.679594693485626,True,True,0.31883809766116245,0.0,"GJR-GARCH(1,1,1)-t"
23962,12.099620674800233,17.055972082515705,True,True,6.807571875146374e-14,1.6734166843813455e-07,"GJR-GARCH(1,1,1)-t"
23967,36.06620311039147,41.02255451810694,True,False,5.726037534591874e-18,0.9999999999999964,"GJR-GARCH(1,1,1)-t"
23972,29.469262235817048,34.425613643532515,True,True,0.11316604970656458,0.4391487811061764,"GJR-GARCH(1,1,1)-t"
23994,38.387313776026375,43.34366518374185,True,True,1.1675324445045265e-11,0.4723733994092937,"GJR-GARCH(1,1,1)-t"
24002,20.710327343917683,25.666678751633153,True,True,2.4980874878096425e-15,0.8983851097460452,"GJR-GARCH(1,1,1)-t"
24010,-9.316433180126577,-4.360081772411107,True,True,9.190023632839498e-09,6.986049259383362e-09,"GJR-GARCH(1,1,1)-t"
24014,14.584510533189368,19.54086194090484,True,True,0.0,0.5298608566636303,"GJR-GARCH(1,1,1)-t"
24021,11.737649706104623,16.694001113820093,True,True,7.5434813750774e-15,1.328185594331354e-13,"GJR-GARCH(1,1,1)-t"
24022,0.3502816817444323,5.306633089459902,True,True,0.20983747495333202,0.08384112180203253,"GJR-GARCH(1,1,1)-t"
24033,3.1195948436716545,8.075946251387125,True,True,0.1079945557480457,1.9977866747939546e-18,"GJR-GARCH(1,1,1)-t"
24034,13.33333545538144,18.28968686309691,True,True,7.248545797774823e-14,0.0095577760821119,"GJR-GARCH(1,1,1)-t"
24048,9.426585016409469,14.382936424124939,True,True,0.31778124612067093,0.4634397291083119,"GJR-GARCH(1,1,1)-t"
24050,-4.574040766182101,0.382310641533369,True,False,0.9999999975675733,1.2455982248905797e-09,"GJR-GARCH(1,1,1)-t"
24073,28.041373953865648,32.99772536158112,True,False,2.818036175552586e-14,0.9999999999998169,"GJR-GARCH(1,1,1)-t"
24078,32.629714217720576,37.58606562543604,True,True,0.0,0.9605358523640589,"GJR-GARCH(1,1,1)-t"
24085,11.69186895551129,16.64822036322676,True,True,0.0,0.9717316624625542,"GJR-GARCH(1,1,1)-t"
24101,14.305728018942766,19.262079426658236,True,True,0.40544061404459564,2.9988109604497533e-12,"GJR-GARCH(1,1,1)-t"
24120,7.999150647997858,12.955502055713328,True,True,4.378564718716149e-14,0.6161684342621927,"GJR-GARCH(1,1,1)-t"
24127,8.937971948083295,13.894323355798765,True,True,2.2282069493801282e-15,0.6634804640810631,"GJR-GARCH(1,1,1)-t"
24131,12.71960375088156,17.67595515859703,True,True,0.4830262386481373,0.025579585572539778,"GJR-GARCH(1,1,1)-t"
24143,74.68340952398069,79.63976093169615,True,True,0.0,0.9679786124311757,"GJR-GARCH(1,1,1)-t"
24149,27.607427312273515,32.56377871998899,True,True,0.1163570893028824,0.0,"GJR-GARCH(1,1,1)-t"
24157,11.136749733962356,16.093101141677828,True,True,0.23538519325559876,0.5330862822885193,"GJR-GARCH(1,1,1)-t"
24161,46.185200578103775,51.14155198581925,True,True,0.0,0.9154216236730095,"GJR-GARCH(1,1,1)-t"
24171,-6.3311035939582325,-1.3747521862427625,True,False,0.9999999926117705,2.9428369753514178e-09,"GJR-GARCH(1,1,1)-t"
24178,4.087542324632427,9.043893732347897,True,True,0.0,3.2441746014928626e-10,"GJR-GARCH(1,1,1)-t"
24179,-3.5757765919680082,1.3805748157474618,True,False,0.3122736484893195,0.8196823233234799,"GJR-GARCH(1,1,1)-t"
24183,27.010361800946797,31.966713208662267,True,True,3.4298593264587635e-17,0.0,"GJR-GARCH(1,1,1)-t"
24198,14.033403602680483,18.989755010395953,True,True,0.593779177497079,0.012011911795377002,"GJR-GARCH(1,1,1)-t"
24220,8.14653879984634,13.10289020756181,True,True,3.006307651588694e-14,0.016588007536627956,"GJR-GARCH(1,1,1)-t"
24224,5.4882497781190125,10.444601185834482,True,True,7.745555741115571e-16,0.5034503536688969,"GJR-GARCH(1,1,1)-t"
24253,-19.214923307595875,-14.258571899880405,True,True,1.2295510827301487e-07,0.9157463659685627,"GJR-GARCH(1,1,1)-t"
24259,14.643454501095416,19.599805908810886,True,False,1.0,5.158675759789158e-16,"GJR-GARCH(1,1,1)-t"
24318,18.435547595585135,23.391899003300605,True,False,1.0,0.0,"GJR-GARCH(1,1,1)-t"
24334,18.724777223017096,23.681128630732566,True,True,0.0,0.0,"GJR-GARCH(1,1,1)-t"
24339,-10.895690081282126,-5.939338673566656,True,True,8.207220401796688e-19,0.3554340002215302,"GJR-GARCH(1,1,1)-t"
24341,13.135216151206256,18.091567558921724,True,True,4.840484955710417e-14,3.0640598719548753e-13,"GJR-GARCH(1,1,1)-t"
24349,55.05904026648326,60.015391674198725,True,False,0.9117373020370841,0.5441313489814485,"GJR-GARCH(1,1,1)-t"
24351,24.220475462118145,29.17682686983361,True,True,1.7530529272753456e-14,0.8461836119428469,"GJR-GARCH(1,1,1)-t"
24357,-11.963422044090397,-7.007070636374927,True,True,0.0,0.9457573947952433,"GJR-GARCH(1,1,1)-t"
24384,8.37129979983634,13.32765120755181,True,False,0.9831126674905589,0.1824532417091001,"GJR-GARCH(1,1,1)-t"
24385,4.1530619411530765,9.109413348868546,True,True,1.0416971185218981e-12,0.9964719271525193,"GJR-GARCH(1,1,1)-t"
24388,6.061001858512652,11.017353266228122,True,True,4.746874154121835e-16,0.0,"GJR-GARCH(1,1,1)-t"
24393,2.392254384799024,7.348605792514494,True,False,0.9999999999871398,6.67063257347566e-12,"GJR-GARCH(1,1,1)-t"
24396,4.928215903921897,9.884567311637367,True,False,1.0,0.0,"GJR-GARCH(1,1,1)-t"
24398,54.95746982437814,59.91382123209361,True,True,1.3456372241209572e-13,0.9692964836067408,"GJR-GARCH(1,1,1)-t"
24401,9.986701029546989,14.943052437262459,True,False,0.9999999999999993,0.01393094664065839,"GJR-GARCH(1,1,1)-t"
24402,3.7118660351776285,8.668217442893098,True,True,0.0,0.7969637990143984,"GJR-GARCH(1,1,1)-t"
24406,56.04190439643662,60.998255804152095,True,True,4.966931124619845e-18,0.9544215162544059,"GJR-GARCH(1,1,1)-t"
24414,31.56349552104812,36.51984692876359,True,False,3.810529310387328e-16,0.9999999999999974,"GJR-GARCH(1,1,1)-t"
24437,-0.38557677427369796,4.570774633441772,True,True,0.0,0.9697770812731958,"GJR-GARCH(1,1,1)-t"
24443,-7.376133077872872,-2.419781670157402,True,True,4.913737029940918e-17,0.0,"GJR-GARCH(1,1,1)-t"
24457,12.371842337477995,17.328193745193467,True,True,2.1567449056654042e-14,8.305463334360242e-14,"GJR-GARCH(1,1,1)-t"
24470,20.332587350413323,25.288938758128793,True,True,0.005473124836744041,0.9755640211402572,"GJR-GARCH(1,1,1)-t"
24473,21.161559674734946,26.117911082450416,True,True,7.154056761909252e-15,0.891905806999077,"GJR-GARCH(1,1,1)-t"
24497,20.543920718015062,25.500272125730532,True,True,7.887770535170506e-15,0.5602413595981482,"GJR-GARCH(1,1,1)-t"
24523,8.887852738225344,13.844204145940814,True,True,4.65435655568392e-16,0.9369920129316407,"GJR-GARCH(1,1,1)-t"
24535,1.3471211775212772,6.303472585236747,True,True,3.4635504103917522e-15,0.7787865727656461,"GJR-GARCH(1,1,1)-t"
24572,38.1523414462571,43.10869285397257,True,True,0.0,3.57364965611972e-10,"GJR-GARCH(1,1,1)-t"
24573,8.726754792538149,13.683106200253619,True,True,2.3659784436197395e-17,0.0,"GJR-GARCH(1,1,1)-t"
24588,41.591310801645655,46.54766220936112,True,True,0.39048913498844356,6.829076590474717e-17,"GJR-GARCH(1,1,1)-t"
24589,8.560238027304527,13.516589435019997,True,True,4.946091980732767e-14,0.20258429583920318,"GJR-GARCH(1,1,1)-t"
24590,3.360861416531911,8.317212824247381,True,True,5.218185698593614e-16,0.8836404483854226,"GJR-GARCH(1,1,1)-t"
24600,42.23634295069124,47.19269435840671,True,True,5.015882678233057e-15,0.8749809429305826,"GJR-GARCH(1,1,1)-t"
24661,5.212151574592429,10.1685029823079,True,False,0.9999999999995366,1.1677459908879295e-12,"GJR-GARCH(1,1,1)-t"
24662,21.373561081325317,26.329912489040787,True,True,6.785219566019582e-18,0.6378764834993199,"GJR-GARCH(1,1,1)-t"
24680,7.64031339997959,12.59666480769506,True,False,3.606370647818432e-15,0.9999999999999448,"GJR-GARCH(1,1,1)-t"
24701,-3.3803471882509264,1.5760042194645436,True,False,6.3840490680101065e-16,1.0,"GJR-GARCH(1,1,1)-t"
24705,-0.07954882494463966,4.87680258277083,True,True,5.325435990911055e-15,0.37178737751093976,"GJR-GARCH(1,1,1)-t"
24707,17.03145355879583,21.9878049665113,True,True,0.0,0.5781437358471091,"GJR-GARCH(1,1,1)-t"
24713,1.8931469225074267,6.849498330222897,True,True,0.0,0.05926339253422631,"GJR-GARCH(1,1,1)-t"
24717,2.166894837762406,7.123246245477876,True,True,4.6055861875441686e-18,0.6652675803848079,"GJR-GARCH(1,1,1)-t"
24725,-1.5999911914574767,3.3563602162579933,True,True,1.559981393951288e-13,2.3016498156500834e-12,"GJR-GARCH(1,1,1)-t"
24728,-5.339584198701061,-0.38323279098559127,True,True,9.263785851888363e-16,0.6668488670094914,"GJR-GARCH(1,1,1)-t"
24730,31.698752697556557,36.65510410527203,True,False,0.0,0.9999999999433139,"GJR-GARCH(1,1,1)-t"
24741,2.1156163227896645,7.0719677305051345,True,True,1.590904800908003e-14,0.27468935695274027,"GJR-GARCH(1,1,1)-t"
24742,26.793678419307497,31.750029827022967,True,True,0.0,0.9658314204381668,"GJR-GARCH(1,1,1)-t"
24754,8.729167050023566,13.685518457739036,True,False,0.3495281132610314,0.8252359433696072,"GJR-GARCH(1,1,1)-t"
24766,0.23130151416840405,5.187652921883874,True,False,0.0,0.9999999999999772,"GJR-GARCH(1,1,1)-t"
24770,33.24741370153491,38.203765109250384,True,True,0.0,0.7694265340127758,"GJR-GARCH(1,1,1)-t"
24775,10.242280426786419,15.198631834501889,True,True,0.0,0.89137242742783,"GJR-GARCH(1,1,1)-t"
24795,16.561227972865527,21.517579380580997,True,True,0.0,0.9242007926766095,"GJR-GARCH(1,1,1)-t"
24816,0.05395744844298278,5.010308856158453,True,False,0.999999993723014,1.0331961927108345e-09,"GJR-GARCH(1,1,1)-t"
24817,14.587416824919488,19.543768232634957,True,True,2.8519065907306233e-15,2.6034035791668395e-14,"GJR-GARCH(1,1,1)-t"
24868,-15.592898378912018,-10.636546971196548,True,True,0.0,0.9714638808854288,"GJR-GARCH(1,1,1)-t"
24871,-11.490176812102366,-6.533825404386896,True,True,4.837330083190301e-07,0.6819479152819399,"GJR-GARCH(1,1,1)-t"
24874,0.8137209645999519,5.770072372315422,True,True,4.088961998447404e-12,0.9340769272400422,"GJR-GARCH(1,1,1)-t"
24878,38.563641896054676,43.51999330377015,True,True,2.302197360392857e-16,0.057340727188624915,"GJR-GARCH(1,1,1)-t"
24879,2.0447960051715928,7.001147412887063,True,True,0.0,0.20482822350492294,"GJR-GARCH(1,1,1)-t"
24880,11.924115299739363,16.880466707454833,True,True,5.442983123933431e-16,0.07151964784782139,"GJR-GARCH(1,1,1)-t"
24881,13.203422090121189,18.159773497836657,True,True,0.18858524109036762,0.3979802621673798,"GJR-GARCH(1,1,1)-t"
24894,18.221504244927793,23.17785565264326,True,True,1.6932854975033815e-14,8.177022548715964e-14,"GJR-GARCH(1,1,1)-t"
24913,24.298517105424388,29.254868513139858,True,True,0.31871636133453823,0.45612730863277356,"GJR-GARCH(1,1,1)-t"
24921,-10.344232401723687,-5.387880994008217,True,False,0.9656437899990672,0.5171781050008528,"GJR-GARCH(1,1,1)-t"
24929,-4.58110407351861,0.3752473341968603,True,True,0.19570456472745776,0.0,"GJR-GARCH(1,1,1)-t"
24933,0.11490698180252501,5.071258389517995,True,True,1.3032466245882e-16,0.9028666753656477,"GJR-GARCH(1,1,1)-t"
24949,38.91779547014539,43.874146877860866,True,True,0.0,3.397674982108917e-07,"GJR-GARCH(1,1,1)-t"
24989,8.76685426789282,13.72320567560829,True,True,3.9018740973019406e-12,5.063236118763694e-11,"GJR-GARCH(1,1,1)-t"
24997,52.67203290316178,57.62838431087725,True,False,0.9999999999999996,0.3203142912101143,"GJR-GARCH(1,1,1)-t"
25002,-3.209524916694221,1.746826491021249,True,True,0.49497257496850877,5.0731521420113587e-20,"GJR-GARCH(1,1,1)-t"
25010,15.164679909177224,20.121031316892694,True,False,0.0,1.0,"GJR-GARCH(1,1,1)-t"
25015,1.6822203014238042,6.638571709139274,True,True,5.60756831938874e-16,0.8621131621760886,"GJR-GARCH(1,1,1)-t"
25018,32.41359149862646,37.36994290634193,True,True,1.6230210136326355e-13,0.4665542437976504,"GJR-GARCH(1,1,1)-t"
25019,-1.235190273188639,3.721161134526831,True,False,7.68534293312797e-16,0.9999999999999986,"GJR-GARCH(1,1,1)-t"
25023,35.2759713284052,40.232322736120665,True,False,0.9999999999999999,0.06397542270608841,"GJR-GARCH(1,1,1)-t"
25025,28.887308325212604,33.843659732928074,True,True,0.2630420444675755,0.6289258183732608,"GJR-GARCH(1,1,1)-t"
25030,15.940287735318575,20.896639143034044,True,True,4.9256660141895095e-15,0.42657835263068655,"GJR-GARCH(1,1,1)-t"
25031,6.044303997206608,11.000655404922078,True,False,0.9999999999999983,0.1970042468465694,"GJR-GARCH(1,1,1)-t"
25059,19.817843930169243,24.774195337884713,True,True,1.001166405618463e-19,0.9112362251328473,"GJR-GARCH(1,1,1)-t"
25085,-11.93575640827735,-6.979405000561879,True,True,0.0,0.7820078017273984,"GJR-GARCH(1,1,1)-t"
25087,19.983632835618597,24.939984243334067,True,True,1.2736817254806714e-16,0.2918162295289022,"GJR-GARCH(1,1,1)-t"
25089,48.014606611482215,52.97095801919768,True,True,1.4069804939098315e-14,0.9975793296976214,"GJR-GARCH(1,1,1)-t"
25094,5.370425306126387,10.326776713841857,True,True,1.6196695982030375e-14,0.8715361378370117,"GJR-GARCH(1,1,1)-t"
25107,10.812252841039376,15.768604248754846,True,False,0.9999999999950892,3.778501994970268e-12,"GJR-GARCH(1,1,1)-t"
25108,15.51275810456098,20.46910951227645,True,True,4.521666677596618e-15,0.6010034765988856,"GJR-GARCH(1,1,1)-t"
25118,25.800723756725297,30.757075164440764,True,True,2.1845128713654114e-17,0.9243584056182048,"GJR-GARCH(1,1,1)-t"
25131,18.338669201467496,23.295020609182966,True,True,4.020555776774265e-15,0.9688844885321123,"GJR-GARCH(1,1,1)-t"
25148,48.22352091267671,53.17987232039218,True,True,1.2300114815292212e-15,0.8165972313989702,"GJR-GARCH(1,1,1)-t"
25150,15.615676002366783,20.572027410082253,True,True,1.144178787029456e-13,1.929341793423089e-13,"GJR-GARCH(1,1,1)-t"
25163,-3.626174900162791,1.3301765075526788,True,False,0.9999999999989337,9.4961685600146e-14,"GJR-GARCH(1,1,1)-t"
25166,9.964023580300372,14.920374988015842,True,True,6.986545616940382e-16,0.1852269525038839,"GJR-GARCH(1,1,1)-t"
25176,6.375044400184939,11.33139580790041,True,True,1.206753562150052e-12,0.9546369498211688,"GJR-GARCH(1,1,1)-t"
25177,14.249306439112962,19.20565784682843,True,False,9.92651776979656e-15,0.9999999999999927,"GJR-GARCH(1,1,1)-t"
25179,-2.816676982836885,2.139674424878585,True,True,3.3933042307728972e-18,3.214588703338272e-17,"GJR-GARCH(1,1,1)-t"
25190,2.7956289614931222,7.751980369208592,True,True,1.2036983806315297e-14,2.4665132496484652e-14,"GJR-GARCH(1,1,1)-t"
25197,23.51742354428859,28.473774952004064,True,True,3.140047705134626e-14,0.9698961049095979,"GJR-GARCH(1,1,1)-t"
25219,0.454829467855296,5.411180875570766,True,True,2.7944540342881663e-12,0.9988742118070607,"GJR-GARCH(1,1,1)-t"
25220,2.3487164324841743,7.305067840199644,True,False,3.3503400325046442e-12,1.0,"GJR-GARCH(1,1,1)-t"
25234,3.6701531715969544,8.626504579312424,True,True,0.2060049257375757,0.7763673045133195,"GJR-GARCH(1,1,1)-t"
25250,30.000478686825765,34.95683009454123,True,True,2.26275504671684e-15,0.9222738544187729,"GJR-GARCH(1,1,1)-t"
25265,-2.1899588746051286,2.7663925331103414,True,True,1.453733912173837e-12,0.9111013372563828,"GJR-GARCH(1,1,1)-t"
25270,1.1877039654393808,6.144055373154851,True,True,7.50678368041581e-17,3.4050885184986944e-14,"GJR-GARCH(1,1,1)-t"
25274,44.49194974060957,49.44830114832504,True,False,0.9999999999936785,1.4761403773351176e-12,"GJR-GARCH(1,1,1)-t"
25277,20.98845712006724,25.944808527782705,True,True,0.0,0.5213173759371247,"GJR-GARCH(1,1,1)-t"
25282,11.651818826382588,16.608170234098058,True,False,0.9999999995899671,8.333588768672726e-11,"GJR-GARCH(1,1,1)-t"
25290,18.900231067242224,23.856582474957694,True,True,0.27703321850304097,3.928670879530278e-14,"GJR-GARCH(1,1,1)-t"
25301,31.05912023779489,36.01547164551036,True,True,3.0038414880382635e-16,0.3364217304920556,"GJR-GARCH(1,1,1)-t"
25309,19.99234011791058,24.94869152562605,True,False,2.3965508046547405e-11,0.9999999914104892,"GJR-GARCH(1,1,1)-t"
25312,25.45897839565714,30.41532980337261,True,False,0.0,0.9999999999999998,"GJR-GARCH(1,1,1)-t"
25318,17.540306917135208,22.496658324850678,True,True,0.11376123420935419,2.1283498999712255e-14,"GJR-GARCH(1,1,1)-t"
25331,-20.63131777427003,-15.67496636655456,True,False,1.0,8.67917210502908e-19,"GJR-GARCH(1,1,1)-t"
25334,7.926136163712155,12.882487571427625,True,False,6.7006074862572694e-15,0.9999999998968684,"GJR-GARCH(1,1,1)-t"
25335,7.04861126000573,12.0049626677212,True,True,0.4022807928549159,0.0,"GJR-GARCH(1,1,1)-t"
25338,6.13962594894735,11.09597735666282,True,True,4.838010812536837e-16,0.06848330664895604,"GJR-GARCH(1,1,1)-t"
25340,59.562747404486686,64.51909881220216,True,True,2.3245051301734083e-15,3.7782291355804547e-19,"GJR-GARCH(1,1,1)-t"
25344,-9.461143910011454,-4.5047925022959845,True,False,1.0,0.038209960730029434,"GJR-GARCH(1,1,1)-t"
25347,34.2226364504066,39.17898785812207,True,True,0.24430968415276347,4.88054947433025e-12,"GJR-GARCH(1,1,1)-t"
25351,14.804478042418959,19.760829450134427,True,True,2.811438037886869e-15,0.6113708844887643,"GJR-GARCH(1,1,1)-t"
25355,16.65053879947164,21.606890207187114,True,True,0.24152521786422665,0.6823744697590387,"GJR-GARCH(1,1,1)-t"
25357,35.93503401377572,40.891385421491194,True,True,1.6829436382822373e-15,0.5915762245767573,"GJR-GARCH(1,1,1)-t"
25359,12.796595750197952,17.75294715791342,True,True,0.0,0.8789050017531734,"GJR-GARCH(1,1,1)-t"
25367,-10.998711142721579,-6.042359735006109,True,False,1.0,0.35297890220661216,"GJR-GARCH(1,1,1)-t"
25369,-1.7922726116999073,3.1640787960155627,True,True,0.0,0.9578741218284517,"GJR-GARCH(1,1,1)-t"
25389,22.06326344646604,27.019614854181512,True,True,0.0,0.8079033347674047,"GJR-GARCH(1,1,1)-t"
25399,8.213787494294357,13.170138902009827,True,True,3.991473818132363e-15,0.9049839830298504,"GJR-GARCH(1,1,1)-t"
25403,-20.023773053744222,-15.067421646028752,True,True,2.613483647501723e-14,0.032966493541900115,"GJR-GARCH(1,1,1)-t"
25427,-4.676873124158096,0.27947828355737414,True,True,0.28415893480538984,0.12140812339288909,"GJR-GARCH(1,1,1)-t"
25429,35.62364435404495,40.579995761760415,True,True,3.739914425724586e-15,0.6794147358616887,"GJR-GARCH(1,1,1)-t"
25437,-10.831627068491262,-5.875275660775792,True,False,0.9999999999998687,0.375554587669123,"GJR-GARCH(1,1,1)-t"
25439,3.9657808420434773,8.922132249758947,True,True,0.9298392761193705,6.9812305376918205e-15,"GJR-GARCH(1,1,1)-t"
25452,7.488107182669328,12.444458590384798,True,False,1.0,0.41635966220659715,"GJR-GARCH(1,1,1)-t"
25463,38.68266081477652,43.639012222491985,True,True,0.4321208475226279,0.5389543013611109,"GJR-GARCH(1,1,1)-t"
25467,8.471144655100252,13.427496062815722,True,True,0.0,0.3993995990761644,"GJR-GARCH(1,1,1)-t"
25474,6.509942800574115,11.466294208289586,True,True,0.0,0.5751336908679364,"GJR-GARCH(1,1,1)-t"
25475,34.27660862449443,39.2329600322099,True,True,7.2631084168803e-11,0.8631775052312431,"GJR-GARCH(1,1,1)-t"
25483,14.806698959946695,19.763050367662164,True,False,0.9999999497827777,1.119073109388347e-08,"GJR-GARCH(1,1,1)-t"
25488,19.360757271989556,24.317108679705026,True,True,1.0228674324568537e-16,0.755875578665294,"GJR-GARCH(1,1,1)-t"
25489,-3.2547138693105175,1.7016375384049525,True,True,4.2721226873011995e-16,0.892907479922429,"GJR-GARCH(1,1,1)-t"
25501,12.116171172337495,17.072522580052965,True,True,1.353690528706939e-13,0.9517324896987185,"GJR-GARCH(1,1,1)-t"
25504,0.016852851138128955,4.973204258853599,True,True,0.45076585009771414,3.3508488633910576e-14,"GJR-GARCH(1,1,1)-t"
25525,3.2205390576268496,8.17689046534232,True,True,1.2758431367949544e-18,0.07568261732992144,"GJR-GARCH(1,1,1)-t"
25551,35.66498093337481,40.62133234109028,True,True,5.280923686333322e-15,0.6630049242439938,"GJR-GARCH(1,1,1)-t"
25560,57.759772125070484,62.71612353278596,True,False,1.52232481506134e-22,0.9999996285057234,"GJR-GARCH(1,1,1)-t"
25569,11.022578909499032,15.978930317214502,True,True,1.1109116603499123e-24,4.0333572025186335e-15,"GJR-GARCH(1,1,1)-t"
25570,-12.475479231291885,-7.519127823576415,True,True,0.0,0.5203642655829505,"GJR-GARCH(1,1,1)-t"
25575,-6.875971533422639,-1.9196201257071692,True,True,0.0,0.4499443223196555,"GJR-GARCH(1,1,1)-t"
25580,12.84005787167344,17.79640927938891,True,True,1.3196477533905598e-14,0.9837256498092594,"GJR-GARCH(1,1,1)-t"
25583,-10.195382386215496,-5.2390309785000255,True,True,2.7815904004855166e-17,2.2439241312646703e-16,"GJR-GARCH(1,1,1)-t"
25584,7.273504682716807,12.229856090432277,True,True,2.395558756540259e-15,0.9455673284618146,"GJR-GARCH(1,1,1)-t"
25599,16.789225492800924,21.745576900516394,True,True,2.5148754634391574e-15,0.0,"GJR-GARCH(1,1,1)-t"
25616,6.596520351017833,11.552871758733303,True,True,0.0,0.7399313294622186,"GJR-GARCH(1,1,1)-t"
25617,37.83616628692273,42.7925176946382,True,True,0.0,0.807657080932593,"GJR-GARCH(1,1,1)-t"
25619,33.56580568363819,38.52215709135366,True,True,6.359536066047176e-14,2.8711806171165717e-11,"GJR-GARCH(1,1,1)-t"
25622,-23.865975365366296,-18.909623957650826,True,False,1.7133190675218013e-15,0.9999999999999976,"GJR-GARCH(1,1,1)-t"
25627,-24.014778695499196,-19.058427287783726,True,True,2.028999004100425e-13,1.238911736600131e-12,"GJR-GARCH(1,1,1)-t"
25636,-3.4502513992333803,1.5061000084820897,True,False,0.9887128078598029,0.403715055584893,"GJR-GARCH(1,1,1)-t"
25638,-8.125473516531791,-3.169122108816321,True,True,4.550896724094862e-13,0.9680049083377755,"GJR-GARCH(1,1,1)-t"
25639,14.693820355098593,19.65017176281406,True,True,0.0,0.9770748319197303,"GJR-GARCH(1,1,1)-t"
25640,-2.982513099298192,1.9738383084172781,True,True,1.622790387131434e-14,0.9249280049726787,"GJR-GARCH(1,1,1)-t"
25641,4.003669489730825,8.960020897446295,True,True,1.6233771789153652e-15,0.0,"GJR-GARCH(1,1,1)-t"
25653,0.7519639060877665,5.7083153138032365,True,True,5.145870026009637e-19,1.0987539788046573e-17,"GJR-GARCH(1,1,1)-t"
25654,4.359180881406878,9.315532289122348,True,True,3.490808593999638e-14,0.8349836746653172,"GJR-GARCH(1,1,1)-t"
25668,6.05843751341107,11.01478892112654,True,False,0.0,0.9999999999999983,"GJR-GARCH(1,1,1)-t"
25680,-5.509790567670592,-0.553439159955122,True,True,1.1927546411779934e-07,0.8793335408444981,"GJR-GARCH(1,1,1)-t"
25683,45.50563123732319,50.46198264503866,True,True,3.734973467928552e-11,0.9590111773029333,"GJR-GARCH(1,1,1)-t"
25687,11.300705091540665,16.257056499256134,True,True,0.0,0.6182263387488217,"GJR-GARCH(1,1,1)-t"
25712,-3.6741098673003876,1.2822415404150824,True,True,0.4297046367771256,0.30482656554477106,"GJR-GARCH(1,1,1)-t"
25713,3.631201714851114,8.587553122566584,True,False,0.26369478635449256,0.8664524872130085,"GJR-GARCH(1,1,1)-t"
25716,23.354894057027124,28.31124546474259,True,True,0.0,0.8490027346972746,"GJR-GARCH(1,1,1)-t"
25730,-1.6467882328478431,3.309563174867627,True,True,3.8156247254754586e-16,0.0,"GJR-GARCH(1,1,1)-t"
25731,13.341459410035316,18.297810817750786,True,True,2.0292895831680605e-16,0.6996715095722338,"GJR-GARCH(1,1,1)-t"
25745,9.202361213712386,14.158712621427856,True,True,0.30469706557932746,3.9925090676768436e-16,"GJR-GARCH(1,1,1)-t"
25751,-13.16166304806655,-8.20531164035108,True,True,0.0,1.1563677432061676e-13,"GJR-GARCH(1,1,1)-t"
25754,26.15938993142894,31.11574133914441,True,False,0.0,1.0,"GJR-GARCH(1,1,1)-t"
25755,34.35792055093127,39.31427195864674,True,True,0.35463252996821093,0.0,"GJR-GARCH(1,1,1)-t"
25761,11.75641019771176,16.712761605427232,True,True,0.0,0.9361443891710285,"GJR-GARCH(1,1,1)-t"
25766,1.4581806734498617,6.414532081165332,True,True,2.7774860213758034e-14,0.9204325339871543,"GJR-GARCH(1,1,1)-t"
25772,-8.518366779423761,-3.5620153717082914,True,True,5.7904269699719555e-12,0.970445329619549,"GJR-GARCH(1,1,1)-t"
25773,-2.5949480845795065,2.3614033231359635,True,True,2.7012528941812027e-11,0.7307825531408022,"GJR-GARCH(1,1,1)-t"
25796,8.311769876153367,13.268121283868837,True,True,0.0,0.9659071456347945,"GJR-GARCH(1,1,1)-t"
25799,-6.867084595672772,-1.9107331879573017,True,True,0.028832195428618618,0.27006737344218706,"GJR-GARCH(1,1,1)-t"
25803,26.37977366046308,31.33612506817855,True,True,0.6239928623609677,0.0,"GJR-GARCH(1,1,1)-t"
25813,27.44306414464174,32.39941555235721,True,True,1.0961401423565496e-17,0.9833522639115229,"GJR-GARCH(1,1,1)-t"
25815,16.371326511384005,21.327677919099475,True,True,8.856716488194691e-15,4.2304666442679064e-15,"GJR-GARCH(1,1,1)-t"
25844,21.998187386102522,26.95453879381799,True,True,3.374448694365873e-13,4.661590139615384e-12,"GJR-GARCH(1,1,1)-t"
25854,1.7395698214310578,6.695921229146528,True,True,1.6278790328000394e-15,0.6288995259773208,"GJR-GARCH(1,1,1)-t"
25863,15.116033385625155,20.072384793340625,True,True,0.8258640592016986,3.871007433253594e-07,"GJR-GARCH(1,1,1)-t"
25864,-3.4534103499393005,1.5029410577761695,True,True,1.8297648153018536e-15,0.708052612325495,"GJR-GARCH(1,1,1)-t"
25866,-12.08344783643151,-7.12709642871604,True,True,7.40834631338929e-17,3.870993836944034e-19,"GJR-GARCH(1,1,1)-t"
25876,15.093431996963158,20.049783404678628,True,True,0.0,0.9318559518704546,"GJR-GARCH(1,1,1)-t"
25879,21.348602383580477,26.304953791295947,True,True,8.102155529124858e-15,0.1606912065523615,"GJR-GARCH(1,1,1)-t"
25894,-3.317595839747664,1.6387555679678059,True,True,1.0879101273649125e-14,0.9361271375834193,"GJR-GARCH(1,1,1)-t"
25916,2.0647384758083582,7.021089883523828,True,True,0.038503233427689465,0.8468858926242908,"GJR-GARCH(1,1,1)-t"
25918,33.58685104218945,38.54320244990492,True,True,1.6729391854269188e-13,0.9461910353705766,"GJR-GARCH(1,1,1)-t"
25924,13.12548484191241,18.08183624962788,True,False,1.1687597697286823e-11,0.9999999997708559,"GJR-GARCH(1,1,1)-t"
25971,17.688040562266462,22.644391969981932,True,True,0.7771487263342696,0.0,"GJR-GARCH(1,1,1)-t"
25993,11.553938231638686,16.510289639354156,True,True,1.4117041145551388e-19,0.938099014761997,"GJR-GARCH(1,1,1)-t"
25999,16.931917184745345,21.888268592460815,True,True,0.0,0.8017175031601128,"GJR-GARCH(1,1,1)-t"
26005,15.649452047326644,20.605803455042114,True,False,0.34786946388906664,0.8260652680559558,"GJR-GARCH(1,1,1)-t"
26020,18.190565013409156,23.14691642112463,True,True,9.89664850371565e-21,0.8095689461331181,"GJR-GARCH(1,1,1)-t"
26021,1.8191533192060465,6.7755047269215165,True,True,8.239137855925892e-14,0.21350691504733255,"GJR-GARCH(1,1,1)-t"
26024,3.2831165942754374,8.239468001990907,True,False,0.0,1.0,"GJR-GARCH(1,1,1)-t"
26042,12.662666985893075,17.619018393608545,True,False,5.642026617177602e-15,1.0,"GJR-GARCH(1,1,1)-t"
26052,-12.004784900536169,-7.048433492820699,True,True,0.0,0.9796483172798237,"GJR-GARCH(1,1,1)-t"
26062,7.465481850444235,12.421833258159705,True,False,3.0481477052632883e-15,0.9999999999999986,"GJR-GARCH(1,1,1)-t"
26069,85.92349955114614,90.87985095886161,True,True,0.0262711556116777,3.55594655836166e-14,"GJR-GARCH(1,1,1)-t"
26081,26.996820676928056,31.953172084643526,True,False,9.387650808687398e-13,0.999999999998183,"GJR-GARCH(1,1,1)-t"
26082,15.656407921126421,20.61275932884189,True,False,1.2972968720873404e-16,1.0,"GJR-GARCH(1,1,1)-t"
26091,31.021162049163614,35.97751345687908,True,True,0.3263759676255598,1.9683007746815143e-17,"GJR-GARCH(1,1,1)-t"
26099,6.220647133604515,11.176998541319985,True,False,0.9469620654074393,0.10551542701367624,"GJR-GARCH(1,1,1)-t"
26106,36.0870552657104,41.043406673425864,True,False,5.680173599586833e-16,0.9999999999999993,"GJR-GARCH(1,1,1)-t"
26107,9.03849309402678,13.99484450174225,True,True,0.0,0.9153967885479842,"GJR-GARCH(1,1,1)-t"
26125,13.200099830701054,18.156451238416523,True,True,6.463320163811049e-15,0.9786345298946041,"GJR-GARCH(1,1,1)-t"
26147,29.679230094604485,34.63558150231995,True,True,0.2063709757974576,0.792248758940139,"GJR-GARCH(1,1,1)-t"
26152,31.77474375814913,36.7310951658646,True,True,2.7544164796642846e-15,0.7806863917215429,"GJR-GARCH(1,1,1)-t"
26155,4.566106228014995,9.522457635730465,True,True,9.967588338003175e-15,0.27139644994463924,"GJR-GARCH(1,1,1)-t"
26159,37.7435647355747,42.69991614329017,True,True,3.50428468167267e-14,3.086012428621364e-14,"GJR-GARCH(1,1,1)-t"
26168,26.80524254387327,31.761593951588736,True,True,3.1491634922650202e-12,1.0848456601721302e-11,"GJR-GARCH(1,1,1)-t"
26170,15.209829111687077,20.16618051940255,True,True,2.0584791815485896e-15,3.1674083984768887e-21,"GJR-GARCH(1,1,1)-t"
26186,6.367822790874938,11.32417419859041,True,True,1.4704162146124957e-14,0.8880531794869311,"GJR-GARCH(1,1,1)-t"
26190,-19.943040348087166,-14.986688940371696,True,True,0.0,0.5944138029017629,"GJR-GARCH(1,1,1)-t"
26191,10.503076147471475,15.459427555186945,True,True,2.430841674901791e-16,0.13698874090930868,"GJR-GARCH(1,1,1)-t"
26195,32.065414327807936,37.0217657355234,True,True,2.033825120505817e-11,0.9666177626754825,"GJR-GARCH(1,1,1)-t"
26197,-2.1028026514320537,2.8535487562834163,True,True,4.7740645371620335e-15,9.031737483627531e-15,"GJR-GARCH(1,1,1)-t"
26204,-14.621757636184633,-9.665406228469163,True,False,9.139078620313103e-20,1.0,"GJR-GARCH(1,1,1)-t"
26208,40.283841912120636,45.24019331983611,True,True,0.0,0.980794562974303,"GJR-GARCH(1,1,1)-t"
26222,4.742488344568784,9.698839752284254,True,True,0.0,0.0,"GJR-GARCH(1,1,1)-t"
26250,-3.96401126471045,0.9923401430050198,True,True,0.6692104990271581,2.717527341341253e-15,"GJR-GARCH(1,1,1)-t"
26254,-5.183682326872489,-0.2273309191570192,True,False,0.0,0.9999999999994502,"GJR-GARCH(1,1,1)-t"
26273,-1.307047517541891,3.649303890173579,True,False,0.5902887110057875,0.5831954164589381,"GJR-GARCH(1,1,1)-t"
26277,4.82919539671618,9.78554680443165,True,True,1.0315206769551357e-10,0.9455068080160627,"GJR-GARCH(1,1,1)-t"
26292,47.612449949950395,52.56880135766586,True,True,7.63037001515078e-17,0.0690388596525205,"GJR-GARCH(1,1,1)-t"
26307,22.04998229027691,27.006333697992375,True,True,0.0,0.9810546857982325,"GJR-GARCH(1,1,1)-t"
26308,-10.477337926081578,-5.520986518366108,True,True,0.5238272827016048,1.987871057103841e-15,"GJR-GARCH(1,1,1)-t"
26314,31.542489984236205,36.49884139195167,True,True,8.691706469268318e-15,0.7539127967233924,"GJR-GARCH(1,1,1)-t"
26317,29.145325787681124,34.10167719539659,True,True,2.814886192679444e-20,0.0,"GJR-GARCH(1,1,1)-t"
26336,13.336968624875073,18.293320032590543,True,True,6.1012042670234005e-15,1.8763773772064107e-13,"GJR-GARCH(1,1,1)-t"
26337,-10.758104537549752,-5.801753129834282,True,True,0.300006978515528,1.0414312256122513e-15,"GJR-GARCH(1,1,1)-t"
26362,2.947906634528067,7.904258042243537,True,False,3.4869845665581246e-20,1.0,"GJR-GARCH(1,1,1)-t"
26366,-6.273243607644208,-1.3168921999287377,True,True,8.763534020529072e-19,3.250217108522019e-17,"GJR-GARCH(1,1,1)-t"
26375,25.503971227399653,30.460322635115123,True,False,0.8316889585017413,0.5841555207493621,"GJR-GARCH(1,1,1)-t"
26387,33.3607892567257,38.31714066444117,True,True,0.1281942378672241,0.10091092688130783,"GJR-GARCH(1,1,1)-t"
26388,-1.718831485279578,3.237519922435892,True,True,0.3212108923090572,0.42843266914208594,"GJR-GARCH(1,1,1)-t"
26400,8.429654996769083,13.386006404484553,True,True,0.0,0.9445977369619128,"GJR-GARCH(1,1,1)-t"
26407,7.705762998225551,12.662114405941022,True,True,0.0259034066926057,0.2971784235217653,"GJR-GARCH(1,1,1)-t"
26410,-5.7701997577837965,-0.8138483500683265,True,False,1.703123435332838e-14,0.9999999999987708,"GJR-GARCH(1,1,1)-t"
26428,-1.1693507672853976,3.7870006404300725,True,True,0.24929170845725307,5.356305566931568e-14,"GJR-GARCH(1,1,1)-t"
26430,0.30790426359827094,5.264255671313741,True,False,0.0,1.0,"GJR-GARCH(1,1,1)-t"
26440,-21.31771962389039,-16.36136821617492,True,True,0.0,0.0,"GJR-GARCH(1,1,1)-t"
26447,19.708645686180397,24.664997093895867,True,True,0.0,0.0,"GJR-GARCH(1,1,1)-t"
26450,-8.280810194645017,-3.324458786929547,True,False,2.3634318382590004e-15,0.9999999999999898,"GJR-GARCH(1,1,1)-t"
26455,-14.694309981558142,-9.737958573842672,True,False,5.102941646483486e-15,0.9999999999999967,"GJR-GARCH(1,1,1)-t"
26460,60.328632866254985,65.28498427397045,True,True,0.0,0.9781854574349123,"GJR-GARCH(1,1,1)-t"
26471,12.532373558384272,17.488724966099742,True,False,0.9999999999988249,2.8518493368242387e-13,"GJR-GARCH(1,1,1)-t"
26475,-0.7154838731902782,4.240867534525192,True,True,0.0,0.0,"GJR-GARCH(1,1,1)-t"
26484,11.628279355664906,16.584630763380375,True,False,0.9999999999888954,0.3374753656465879,"GJR-GARCH(1,1,1)-t"
26488,29.65793046052373,34.6142818682392,True,True,0.3529564135111088,3.724927434904497e-16,"GJR-GARCH(1,1,1)-t"
26494,22.160067228630524,27.116418636345998,True,True,0.0,0.9901781941455129,"GJR-GARCH(1,1,1)-t"
26503,-1.4089502189462841,3.547401188769186,True,True,0.09065115624359413,0.41731042622940523,"GJR-GARCH(1,1,1)-t"
26522,-13.429641893620545,-8.473290485905075,True,True,0.3637138114232271,8.40964038498707e-12,"GJR-GARCH(1,1,1)-t"
26523,2.0789495306801324,7.035300938395602,True,True,0.0,0.8758729077489243,"GJR-GARCH(1,1,1)-t"
26538,20.554498605981944,25.510850013697414,True,True,9.934491897104686e-15,0.6592053057883019,"GJR-GARCH(1,1,1)-t"
26555,-22.08700980393568,-17.13065839622021,True,True,0.5907984613341163,3.047463715519275e-15,"GJR-GARCH(1,1,1)-t"
26561,0.9778190823226289,5.934170490038099,True,False,0.354568061021409,0.8227159694892969,"GJR-GARCH(1,1,1)-t"
26562,37.467892711751816,42.42424411946729,True,True,4.837085777950829e-16,0.6627540843503388,"GJR-GARCH(1,1,1)-t"
26568,36.82399954974463,41.7803509574601,True,False,7.718886505394229e-16,0.9999999999999994,"GJR-GARCH(1,1,1)-t"
26572,10.70963367623651,15.66598508395198,True,False,0.32394102825755383,0.8055483202895772,"GJR-GARCH(1,1,1)-t"
26578,11.137346470837755,16.093697878553225,True,True,4.5615273473231436e-15,0.30554818850815446,"GJR-GARCH(1,1,1)-t"
26586,-3.1267642367139175,1.8295871710015525,True,False,0.0,1.0,"GJR-GARCH(1,1,1)-t"
26595,55.91094940221695,60.867300809932416,True,True,1.4273820951034193e-13,0.7767780658422353,"GJR-GARCH(1,1,1)-t"
26599,-5.875067481266804,-0.9187160735513338,True,False,1.0726096636207585e-10,0.9999999999402926,"GJR-GARCH(1,1,1)-t"
26603,21.965201353916854,26.92155276163232,True,True,1.8548181371528024e-17,0.5033469434628393,"GJR-GARCH(1,1,1)-t"
26606,21.774556011473962,26.730907419189432,True,True,2.5117813453466946e-11,0.7777867721143206,"GJR-GARCH(1,1,1)-t"
26607,19.167799407252353,24.124150814967823,True,True,0.2649549653411736,1.103208773905339e-11,"GJR-GARCH(1,1,1)-t"
26613,-2.3369457177197255,2.6194056899957445,True,True,5.792597922571293e-16,0.4965554046295291,"GJR-GARCH(1,1,1)-t"
26672,17.20325527138306,22.15960667909853,True,True,0.45421147798678,1.1735108298680826e-16,"GJR-GARCH(1,1,1)-t"
26678,15.769517129068626,20.7258685367841,True,True,1.852670900535007e-15,2.4591071027273104e-14,"GJR-GARCH(1,1,1)-t"
26693,19.083316408677067,24.039667816392537,True,True,3.4414859173426244e-15,0.48790626083031985,"GJR-GARCH(1,1,1)-t"
26707,62.537470951960024,67.49382235967549,True,True,9.536501469047553e-17,0.22923973771102993,"GJR-GARCH(1,1,1)-t"
26708,20.43150903563667,25.38786044335214,True,False,0.9999999999918405,1.7639708209469908e-12,"GJR-GARCH(1,1,1)-t"
26720,2.498725408781228,7.455076816496698,True,True,4.55189025739922e-19,0.9971261962923907,"GJR-GARCH(1,1,1)-t"
26752,31.738862155248665,36.695213562964135,True,False,0.4547656794386459,0.7726171602468387,"GJR-GARCH(1,1,1)-t"
26759,8.977102537076481,13.933453944791951,True,True,0.25414859867642847,1.1230018820719234e-15,"GJR-GARCH(1,1,1)-t"
26763,13.862351573469766,18.818702981185236,True,True,3.0918035218142525e-11,3.2287048148044186e-11,"GJR-GARCH(1,1,1)-t"
26771,-0.5790494953773262,4.377301912338144,True,False,0.29057110589763785,0.8071541349320674,"GJR-GARCH(1,1,1)-t"
26786,-9.5228586779646,-4.566507270249129,True,True,0.7922107864524467,0.0,"GJR-GARCH(1,1,1)-t"
26788,20.331066892398074,25.287418300113544,True,False,7.932835210716165e-22,0.9999999999999999,"GJR-GARCH(1,1,1)-t"
26798,1.4445496418047412,6.400901049520211,True,True,7.633527701646409e-16,0.18098012060271354,"GJR-GARCH(1,1,1)-t"
26804,11.221187995884616,16.177539403600086,True,True,1.1753565702520084e-16,0.9581888827475146,"GJR-GARCH(1,1,1)-t"
26806,-7.703223250721315,-2.746871843005845,True,True,0.0,0.4089072579641488,"GJR-GARCH(1,1,1)-t"
26813,10.079709277383593,15.036060685099063,True,True,3.7338922829112975e-15,0.35971478566138965,"GJR-GARCH(1,1,1)-t"
26830,26.779227575525752,31.735578983241222,True,True,0.0,0.992279431713455,"GJR-GARCH(1,1,1)-t"
26835,-15.49773859885422,-10.54138719113875,True,True,0.0,0.0,"GJR-GARCH(1,1,1)-t"
26837,-1.7694225946777813,3.1869288130376887,True,True,2.0089906429450452e-21,3.8819924053615253e-17,"GJR-GARCH(1,1,1)-t"
26841,-29.81434146075754,-24.85799005304207,True,False,0.6061796112903851,0.6969101943586458,"GJR-GARCH(1,1,1)-t"
26844,-12.453339422124913,-7.4969880144094425,True,True,5.95538033389031e-16,1.1599009650046272e-17,"GJR-GARCH(1,1,1)-t"
26849,12.827472745765505,17.783824153480975,True,True,4.108067232571212e-15,0.0,"GJR-GARCH(1,1,1)-t"
26862,8.310261604275597,13.266613011991067,True,True,3.4763581638384905e-17,0.4089785830417821,"GJR-GARCH(1,1,1)-t"
26864,14.348867690670177,19.30521909838565,True,True,5.852681143213477e-16,3.4576496973150604e-23,"GJR-GARCH(1,1,1)-t"
26868,36.60490337783328,41.561254785548755,True,False,0.4005963909399072,0.7997018045300172,"GJR-GARCH(1,1,1)-t"
26873,13.057156288543826,18.013507696259296,True,True,1.8120980288428147e-18,0.5286532756103706,"GJR-GARCH(1,1,1)-t"
26874,23.392908144031672,28.349259551747146,True,True,1.0695212995068667e-15,0.025209597721113183,"GJR-GARCH(1,1,1)-t"
26883,-3.277523239663143,1.678828168052327,True,True,0.0,0.40957965940933444,"GJR-GARCH(1,1,1)-t"
26886,21.54087263768607,26.49722404540154,True,True,1.0533809522220195e-13,0.6904865845101935,"GJR-GARCH(1,1,1)-t"
26889,29.698733828072,34.65508523578747,True,True,0.0,0.798832726505892,"GJR-GARCH(1,1,1)-t"
26891,7.855708176467303,12.812059584182773,True,True,4.648694938830504e-16,0.6537069844658713,"GJR-GARCH(1,1,1)-t"
26903,10.963870298307116,15.920221706022586,True,True,1.2995240176677143e-15,0.009302797175725621,"GJR-GARCH(1,1,1)-t"
26905,38.75480624242954,43.711157650145005,True,False,0.25181273402090154,0.8740936418181428,"GJR-GARCH(1,1,1)-t"
26937,5.99126563446786,10.94761704218333,True,False,7.576359887082455e-17,0.9999999999999999,"GJR-GARCH(1,1,1)-t"
26938,28.72199908703711,33.67835049475258,True,False,1.2857926517168916e-14,0.9999999999999535,"GJR-GARCH(1,1,1)-t"
26944,24.185129736497345,29.14148114421281,True,True,0.5911915124572866,1.288469807288781e-16,"GJR-GARCH(1,1,1)-t"
26955,8.732324334140927,13.688675741856397,True,False,0.9999999999998104,0.3525800482686697,"GJR-GARCH(1,1,1)-t"
26956,31.92096125809249,36.87731266580796,True,True,0.0,0.9860099155418361,"GJR-GARCH(1,1,1)-t"
26973,4.574115022686414,9.530466430401884,True,True,4.3051383020363555e-14,0.8131094933965386,"GJR-GARCH(1,1,1)-t"
26997,-2.148157837075111,2.808193570640359,True,True,1.737866720807881e-15,0.24812156382422276,"GJR-GARCH(1,1,1)-t"
26999,11.265569252723896,16.221920660439366,True,False,8.882380958472728e-12,1.0,"GJR-GARCH(1,1,1)-t"
27003,12.477096239328548,17.433447647044016,True,False,0.9999999999999983,1.1891920759585071e-15,"GJR-GARCH(1,1,1)-t"
27012,-0.8055459644149412,4.150805443300529,True,True,0.0,2.080212090050527e-15,"GJR-GARCH(1,1,1)-t"
27013,22.40627609896313,27.3626275066786,True,False,1.0,0.5000000000000002,"GJR-GARCH(1,1,1)-t"
27014,5.66798309970118,10.62433450741665,True,False,0.9999999999990723,0.09191452071793602,"GJR-GARCH(1,1,1)-t"
27015,16.46110130164414,21.41745270935961,True,True,1.7713304891274205e-15,0.9287201678592009,"GJR-GARCH(1,1,1)-t"
27019,-5.070008555908338,-0.11365714819286765,True,True,3.5638519882782345e-14,0.8122693833803134,"GJR-GARCH(1,1,1)-t"
27020,1.4865057938735688,6.442857201589039,True,False,1.7339892994634233e-17,0.9999999999999976,"GJR-GARCH(1,1,1)-t"
27037,-19.933599351945688,-14.977247944230218,True,True,2.3364721080270096e-14,0.6974179025708668,"GJR-GARCH(1,1,1)-t"
27042,29.29860293181855,34.254954339534024,True,False,0.0,1.0,"GJR-GARCH(1,1,1)-t"
27060,27.390036506704703,32.34638791442018,True,True,0.0,0.0,"GJR-GARCH(1,1,1)-t"
27071,3.835831001359681,8.792182409075151,True,True,0.0,0.0,"GJR-GARCH(1,1,1)-t"
27092,30.7465828942749,35.70293430199037,True,True,0.0,0.6441559131443418,"GJR-GARCH(1,1,1)-t"
27094,5.8129308639981225,10.769282271713593,True,True,2.0715620408042105e-13,0.7713274925004378,"GJR-GARCH(1,1,1)-t"
27095,-15.556649898238991,-10.600298490523521,True,True,0.0,0.45485183432376325,"GJR-GARCH(1,1,1)-t"
27120,18.609144197496718,23.565495605212185,True,True,3.563314002493957e-16,2.6009866962718354e-15,"GJR-GARCH(1,1,1)-t"
27127,23.753056966541486,28.709408374256952,True,True,2.3936565266396308e-14,0.11431850305885649,"GJR-GARCH(1,1,1)-t"
27135,28.629643002128276,33.58599440984374,True,True,0.0,0.9636424933195122,"GJR-GARCH(1,1,1)-t"
27149,20.77230037334776,25.728651781063235,True,True,0.0,0.5390700237224265,"GJR-GARCH(1,1,1)-t"
27152,47.4638384650569,52.42018987277237,True,True,2.426732614288713e-17,0.4203875654959329,"GJR-GARCH(1,1,1)-t"
27153,-4.274515674825782,0.681835732889688,True,True,0.0,2.1898138080292086e-15,"GJR-GARCH(1,1,1)-t"
27154,-7.951711816306798,-2.9953604085913277,True,True,0.0,0.7130663342841043,"GJR-GARCH(1,1,1)-t"
27158,22.179505917042707,27.135857324758177,True,True,1.377273121742758e-12,0.9327397984163466,"GJR-GARCH(1,1,1)-t"
27162,28.985313111633864,33.94166451934933,True,False,3.217240105472118e-14,1.0,"GJR-GARCH(1,1,1)-t"
27168,2.849444354333432,7.805795762048902,True,False,5.659051972264467e-17,1.0,"GJR-GARCH(1,1,1)-t"
27174,-13.27424470249116,-8.31789329477569,True,True,1.3412419287049568e-21,2.1946166170754965e-12,"GJR-GARCH(1,1,1)-t"
27178,41.07868093073117,46.035032338446634,True,True,0.0,0.3602203857351193,"GJR-GARCH(1,1,1)-t"
27181,-10.844323222354454,-5.887971814638984,True,True,0.22117521961261205,3.106195068482949e-14,"GJR-GARCH(1,1,1)-t"
27182,11.37950756091883,16.335858968634298,True,False,4.882468154335311e-15,0.9999999999998728,"GJR-GARCH(1,1,1)-t"
27188,44.72244400116459,49.67879540888006,True,True,1.7178559871742026e-15,0.8442208852716925,"GJR-GARCH(1,1,1)-t"
27194,-5.013397902059623,-0.057046494344152876,True,True,0.0,4.2152369630957844e-11,"GJR-GARCH(1,1,1)-t"
27208,9.524106275075921,14.480457682791391,True,True,0.0,0.6570800497077111,"GJR-GARCH(1,1,1)-t"
27215,19.873110008028398,24.829461415743864,True,True,1.5824012436866852e-18,0.9824164345400066,"GJR-GARCH(1,1,1)-t"
27240,32.679289900190696,37.63564130790617,True,True,2.0284016791071918e-10,0.8665871222883798,"GJR-GARCH(1,1,1)-t"
27246,-9.207986143139479,-4.251634735424009,True,True,0.7635777978754715,1.003447377153248e-20,"GJR-GARCH(1,1,1)-t"
27247,-8.948993670027626,-3.992642262312156,True,True,1.5653994266482368e-13,0.9605348891899143,"GJR-GARCH(1,1,1)-t"
27270,-12.754414172022308,-7.798062764306838,True,False,1.410027235782681e-14,1.0,"GJR-GARCH(1,1,1)-t"
27278,70.51846416244432,75.47481557015979,True,True,0.1581044289181203,0.4486599663645396,"GJR-GARCH(1,1,1)-t"
27288,5.578986412774828,10.535337820490298,True,True,0.0,0.795281913813171,"GJR-GARCH(1,1,1)-t"
27289,20.162174084345864,25.118525492061334,True,False,6.837854728051859e-18,0.9999999999999918,"GJR-GARCH(1,1,1)-t"
27304,4.466369313125901,9.42272072084137,True,True,9.02973422309257e-14,0.840528368727592,"GJR-GARCH(1,1,1)-t"
27307,15.245681186587282,20.202032594302754,True,True,1.4044551118465932e-13,0.8616657104570421,"GJR-GARCH(1,1,1)-t"
27313,-12.564304152025965,-7.607952744310495,True,False,6.161908569280314e-14,0.9999999999987308,"GJR-GARCH(1,1,1)-t"
27317,-8.752274678014953,-3.7959232702994825,True,True,6.0040861171728485e-18,1.381117442633695e-18,"GJR-GARCH(1,1,1)-t"
27339,48.424223686112526,53.380575093828,True,True,0.0,0.0,"GJR-GARCH(1,1,1)-t"
27361,-16.298147546276297,-11.341796138560827,True,True,0.053510033490163186,3.963571168092316e-15,"GJR-GARCH(1,1,1)-t"
27363,-16.775985996017837,-11.819634588302367,True,False,0.67394746136098,0.6630262693402638,"GJR-GARCH(1,1,1)-t"
27398,9.953926049719485,14.910277457434955,True,True,1.4609560520217616e-14,0.8147521200270232,"GJR-GARCH(1,1,1)-t"
27403,-3.7425116939547145,1.2138397137607555,True,False,1.0,0.053346331807020246,"GJR-GARCH(1,1,1)-t"
27406,-12.88406135730045,-7.92770994958498,True,True,0.04394746613052193,0.5108126140171406,"GJR-GARCH(1,1,1)-t"
27416,49.54248888789202,54.49884029560749,True,True,6.249665430582048e-09,0.0,"GJR-GARCH(1,1,1)-t"
27427,58.83723044410282,63.79358185181829,True,False,0.9999999999992938,1.1605624164960536e-12,"GJR-GARCH(1,1,1)-t"
27457,52.456843906203666,57.41319531391913,True,True,5.0618562073591994e-15,0.9682634794964508,"GJR-GARCH(1,1,1)-t"
27467,-1.4711657748347182,3.485185632880752,True,True,4.787518049893886e-15,0.19562997579793964,"GJR-GARCH(1,1,1)-t"
27469,4.4928581065738875,9.449209514289358,True,True,1.710275021253868e-05,0.8289892695635737,"GJR-GARCH(1,1,1)-t"
27481,-14.061320801640683,-9.104969393925213,True,False,1.6728854334610336e-17,1.0,"GJR-GARCH(1,1,1)-t"
27487,16.732527145963026,21.688878553678496,True,True,0.0,0.48968373881829497,"GJR-GARCH(1,1,1)-t"
27493,-3.998908777744038,0.9574426299714318,True,False,0.0,0.9999999999999976,"GJR-GARCH(1,1,1)-t"
27496,35.896689392394066,40.85304080010954,True,False,5.599941461112254e-15,0.9999999999999706,"GJR-GARCH(1,1,1)-t"
27511,14.415693758783279,19.37204516649875,True,True,0.016023452982393986,0.625921772742854,"GJR-GARCH(1,1,1)-t"
27514,46.80308613565775,51.759437543373224,True,True,9.980564615978553e-16,0.94044577207188,"GJR-GARCH(1,1,1)-t"
27516,30.02560661257814,34.98195802029361,True,True,4.1361794348285705e-14,0.8520626160238047,"GJR-GARCH(1,1,1)-t"
27524,26.53140134098203,31.487752748697496,True,True,1.0091178880329548e-10,0.9831775140575196,"GJR-GARCH(1,1,1)-t"
27526,23.643399439781394,28.599750847496864,True,True,0.17872699762617866,0.377880953212189,"GJR-GARCH(1,1,1)-t"
27527,-5.92440197022016,-0.9680505625046898,True,True,8.687509570060435e-12,0.40116054472299606,"GJR-GARCH(1,1,1)-t"
27534,43.367593142122885,48.32394454983836,True,True,0.0,0.9751239488287692,"GJR-GARCH(1,1,1)-t"
27543,28.690675137283094,33.64702654499856,True,True,9.939601044207255e-20,0.8938747305838516,"GJR-GARCH(1,1,1)-t"
27561,15.47998278545608,20.43633419317155,True,True,1.576599490731673e-17,0.7227367534733933,"GJR-GARCH(1,1,1)-t"
27569,-10.651205053324933,-5.694853645609463,True,False,0.999999999999996,0.07418397665138773,"GJR-GARCH(1,1,1)-t"
27581,21.478766114064552,26.435117521780022,True,False,3.273937732457173e-12,0.999999999625892,"GJR-GARCH(1,1,1)-t"
27585,-7.866504124466545,-2.9101527167510746,True,True,0.0,0.9829672043162023,"GJR-GARCH(1,1,1)-t"
27593,19.012441368975523,23.968792776690993,True,True,1.2198816060290167e-13,0.0,"GJR-GARCH(1,1,1)-t"
27595,46.66426625840875,51.62061766612422,True,False,0.0,1.0,"GJR-GARCH(1,1,1)-t"
27619,-0.3646583784341715,4.5916930292812985,True,False,1.0,0.4656931089321718,"GJR-GARCH(1,1,1)-t"
27622,-3.676261533318332,1.280089874397138,True,True,0.5567042081250518,8.149359943449003e-15,"GJR-GARCH(1,1,1)-t"
27627,-9.734263837948156,-4.777912430232686,True,False,7.568043775277871e-14,0.9999999999992504,"GJR-GARCH(1,1,1)-t"
27664,29.84255242016259,34.798903827878064,True,True,9.025381283128979e-20,0.9915593314173521,"GJR-GARCH(1,1,1)-t"
27669,42.237038203040214,47.19338961075568,True,True,0.0,0.0,"GJR-GARCH(1,1,1)-t"
27711,36.678851736386505,41.63520314410198,True,True,2.315308564814689e-19,0.9773387327853114,"GJR-GARCH(1,1,1)-t"
27722,-9.243917660738546,-4.287566253023076,True,True,0.08440246737870617,0.5291581743543957,"GJR-GARCH(1,1,1)-t"
27752,21.882870290678895,26.839221698394365,True,False,0.5931049893084019,0.5909264933653394,"GJR-GARCH(1,1,1)-t"
27757,8.821809639224295,13.778161046939765,True,True,2.276517223297698e-14,5.177436841601055e-13,"GJR-GARCH(1,1,1)-t"
27771,5.627519227837659,10.58387063555313,True,False,0.5036622962913753,0.7281634527982477,"GJR-GARCH(1,1,1)-t"
27784,-0.7783999747671935,4.1779514329482765,True,True,4.609060945298987e-14,0.3156898598895058,"GJR-GARCH(1,1,1)-t"
27788,33.9918713371832,38.94822274489867,True,True,5.131381583025767e-14,0.9438651121615693,"GJR-GARCH(1,1,1)-t"
27795,-3.710227786628721,1.246123621086749,True,True,5.4670538925494054e-21,5.0400616694688384e-15,"GJR-GARCH(1,1,1)-t"
27799,22.351940191350337,27.308291599065807,True,True,1.5751718011449565e-16,3.181288101892508e-16,"GJR-GARCH(1,1,1)-t"
27810,0.4730639533796701,5.42941536109514,True,True,6.224673834686978e-14,0.44648937667790667,"GJR-GARCH(1,1,1)-t"
27815,19.502231451245457,24.45858285896093,True,True,1.932970025343905e-12,1.3868384657921701e-11,"GJR-GARCH(1,1,1)-t"
27822,3.8566226615190224,8.812974069234492,True,False,0.9999999999999989,2.1521047633800188e-16,"GJR-GARCH(1,1,1)-t"
27828,22.334220967819356,27.29057237553483,True,True,4.1225559405132374e-16,0.14453422511686256,"GJR-GARCH(1,1,1)-t"
27833,-10.698370832741247,-5.742019425025777,True,True,1.4487253302209544e-13,0.9725403756673974,"GJR-GARCH(1,1,1)-t"
27837,-14.375396096127965,-9.419044688412495,True,True,0.0,0.9711830149890073,"GJR-GARCH(1,1,1)-t"
27846,9.435742143733997,14.392093551449467,True,False,1.0,0.22503141584486572,"GJR-GARCH(1,1,1)-t"
27851,3.9926063116123736,8.948957719327844,True,True,0.4146250379834433,0.45690601061638775,"GJR-GARCH(1,1,1)-t"
27854,28.696419884931636,33.6527712926471,True,False,0.999999999999994,0.46381408645763317,"GJR-GARCH(1,1,1)-t"
27857,-18.921227599072424,-13.964876191356954,True,False,2.603152938402501e-12,0.9999999809426572,"GJR-GARCH(1,1,1)-t"
27868,-13.462922452688723,-8.506571044973253,True,True,7.929724862448041e-16,0.9933301869087661,"GJR-GARCH(1,1,1)-t"
27875,4.14047485006914,9.09682625778461,True,True,1.215844849002431e-14,0.5640970434539878,"GJR-GARCH(1,1,1)-t"
27876,18.478100110305903,23.43445151802137,True,True,0.0,0.5956467161657925,"GJR-GARCH(1,1,1)-t"
27886,4.055251017407132,9.011602425122602,True,False,0.0,1.0,"GJR-GARCH(1,1,1)-t"
27890,0.7075530379700865,5.6639044456855565,True,True,3.156125662143517e-17,0.5342333192534487,"GJR-GARCH(1,1,1)-t"
27891,20.404302703543333,25.360654111258803,True,False,0.0,1.0,"GJR-GARCH(1,1,1)-t"
27910,32.49129930723887,37.447650714954335,True,True,0.7038535209022826,1.2880845299082992e-17,"GJR-GARCH(1,1,1)-t"
27919,-7.3811742505971445,-2.4248228428816745,True,True,1.5218185926179605e-18,0.8616906714432588,"GJR-GARCH(1,1,1)-t"
27932,45.14027196272717,50.096623370442636,True,False,1.0,0.0,"GJR-GARCH(1,1,1)-t"
27939,9.728129035649062,14.684480443364532,True,True,4.696319064937206e-15,0.3473039503031769,"GJR-GARCH(1,1,1)-t"
27940,42.164992230038,47.12134363775347,True,True,5.241350081900946e-17,0.9512273722396071,"GJR-GARCH(1,1,1)-t"
27956,0.4836566138672129,5.440008021582683,True,False,0.9999999999999793,0.29437870279813977,"GJR-GARCH(1,1,1)-t"
27957,4.576862794791936,9.533214202507406,True,False,8.519835291571192e-16,0.9999999999999997,"GJR-GARCH(1,1,1)-t"
27962,15.269020205707882,20.225371613423352,True,False,0.08681161294063541,0.9182617922028483,"GJR-GARCH(1,1,1)-t"
27964,6.224296162841501,11.180647570556971,True,True,0.0318030011980465,0.7684685749742772,"GJR-GARCH(1,1,1)-t"
27970,-15.108258008401737,-10.151906600686267,True,True,0.0,0.9205690004996266,"GJR-GARCH(1,1,1)-t"
27974,10.906782859585968,15.863134267301438,True,True,0.0,0.08230537429455713,"GJR-GARCH(1,1,1)-t"
27977,3.792244258559883,8.748595666275353,True,True,8.60443301240504e-16,0.9475917491980743,"GJR-GARCH(1,1,1)-t"
27978,15.946215364438778,20.90256677215425,True,True,0.6071770627734084,6.489597652105308e-17,"GJR-GARCH(1,1,1)-t"
27981,15.976315746878226,20.932667154593695,True,True,2.58096936930092e-16,0.8935440913184822,"GJR-GARCH(1,1,1)-t"
27985,33.71851534550589,38.67486675322136,True,True,0.0,0.9451003503866952,"GJR-GARCH(1,1,1)-t"
27989,0.09701931250601525,5.053370720221485,True,True,0.0,0.0,"GJR-GARCH(1,1,1)-t"
27994,-14.113280791903648,-9.156929384188178,True,False,0.2954345962784737,0.831699471309676,"GJR-GARCH(1,1,1)-t"
28002,3.324720064873313,8.281071472588783,True,False,1.934906851197333e-14,0.9999999999995755,"GJR-GARCH(1,1,1)-t"
28020,23.337116154286186,28.293467562001656,True,True,2.261510511527491e-16,0.2397119121815799,"GJR-GARCH(1,1,1)-t"
28022,2.3534132569982003,7.30976466471367,True,False,0.0,1.0,"GJR-GARCH(1,1,1)-t"
28043,-6.58038393884102,-1.6240325311255503,True,True,0.0,5.770574547259428e-20,"GJR-GARCH(1,1,1)-t"
28066,17.587471057123224,22.543822464838694,True,True,0.0,0.7520650468153034,"GJR-GARCH(1,1,1)-t"
28070,1.6087807584281215,6.5651321661435915,True,True,1.3359412334713273e-14,0.6986222460605443,"GJR-GARCH(1,1,1)-t"
28078,34.95495267738671,39.911304085102174,True,True,3.67963517088893e-16,0.0,"GJR-GARCH(1,1,1)-t"
28111,-4.382162670695994,0.574188737019476,True,True,0.23238199781407617,1.0477519234793622e-11,"GJR-GARCH(1,1,1)-t"
28121,-5.880469470858504,-0.9241180631430339,True,False,0.9561846043677413,0.48043770991063145,"GJR-GARCH(1,1,1)-t"
28122,7.150083333488473,12.106434741203943,True,True,5.03234549466178e-15,3.0323881849068966e-15,"GJR-GARCH(1,1,1)-t"
28126,-5.123739851626695,-0.16738844391122498,True,False,7.13029316949317e-15,0.9999999999999659,"GJR-GARCH(1,1,1)-t"
28192,62.91397875033642,67.87033015805189,True,True,0.13632681780252925,0.42410304835281004,"GJR-GARCH(1,1,1)-t"
28200,3.750966444787995,8.707317852503465,True,False,0.9999997959081411,3.52456587843435e-09,"GJR-GARCH(1,1,1)-t"
28210,16.04122510255327,20.997576510268736,True,True,0.038069778416929934,4.341788037975897e-14,"GJR-GARCH(1,1,1)-t"
28217,15.816761958311735,20.773113366027207,True,True,0.0,0.6157766362001369,"GJR-GARCH(1,1,1)-t"
28225,11.879551064514681,16.83590247223015,True,True,1.3563491765901711e-17,0.3239203439036353,"GJR-GARCH(1,1,1)-t"
28244,-2.783004631632725,2.173346776082745,True,True,0.0,0.19902165433254776,"GJR-GARCH(1,1,1)-t"
28256,13.179381939692101,18.13573334740757,True,True,2.2349986100769884e-20,3.384534734992312e-19,"GJR-GARCH(1,1,1)-t"
28262,61.7373441218659,66.69369552958138,True,True,8.434669956850477e-13,0.6668269754723479,"GJR-GARCH(1,1,1)-t"
28267,16.493411607483853,21.449763015199323,True,False,0.0,1.0,"GJR-GARCH(1,1,1)-t"
28292,30.90079354530632,35.85714495302179,True,False,0.0,1.0,"GJR-GARCH(1,1,1)-t"
28319,31.992486255640586,36.94883766335606,True,True,0.0,0.3720978413778911,"GJR-GARCH(1,1,1)-t"
28323,-9.12733824126245,-4.17098683354698,True,True,4.681867933008818e-16,0.7211810686069308,"GJR-GARCH(1,1,1)-t"
28328,12.40654061657579,17.36289202429126,True,True,0.0,0.8188183207749652,"GJR-GARCH(1,1,1)-t"
28342,-16.15249105731571,-11.19613964960024,True,False,0.0,1.0,"GJR-GARCH(1,1,1)-t"
28354,13.799282312596286,18.755633720311756,True,True,0.32791464078681826,1.3812563723746267e-11,"GJR-GARCH(1,1,1)-t"
28371,45.243744733179035,50.2000961408945,True,True,0.0,0.0,"GJR-GARCH(1,1,1)-t"
28379,55.73415554733603,60.690506955051504,True,False,2.5726880671398745e-18,1.0,"GJR-GARCH(1,1,1)-t"
28380,29.685165796992305,34.641517204707775,True,False,4.1652990872650723e-19,1.0,"GJR-GARCH(1,1,1)-t"
28395,23.531680577415273,28.488031985130743,True,False,0.9725646216163275,0.2419641571541407,"GJR-GARCH(1,1,1)-t"
28401,0.5373710125676716,5.493722420283142,True,True,3.801281554566655e-22,2.0510404867102735e-20,"GJR-GARCH(1,1,1)-t"
28409,20.700706845639708,25.657058253355178,True,False,1.0,0.0,"GJR-GARCH(1,1,1)-t"
28422,-9.783056060906276,-4.826704653190806,True,True,5.9069733834239e-15,0.8059805738542275,"GJR-GARCH(1,1,1)-t"
28426,-3.766616389946428,1.189735017769042,True,True,0.2104132046227754,0.10191992585539968,"GJR-GARCH(1,1,1)-t"
28429,36.58858478552949,41.54493619324496,True,True,2.6061863913365172e-22,9.893061624044091e-20,"GJR-GARCH(1,1,1)-t"
28449,20.628069971369726,25.5844213790852,True,True,2.2836395526098172e-14,0.9890111492269351,"GJR-GARCH(1,1,1)-t"
28474,43.70096003217531,48.657311439890776,True,True,1.676587509942113e-12,0.9424046750311759,"GJR-GARCH(1,1,1)-t"
28475,-14.424849397876159,-9.468497990160689,True,False,1.0,0.4999999999999998,"GJR-GARCH(1,1,1)-t"
28484,9.26294763392922,14.21929904164469,True,True,2.3957000906173622e-11,1.5327684507857624e-08,"GJR-GARCH(1,1,1)-t"
28485,11.243184606773767,16.199536014489237,True,True,0.0,0.34739943863078093,"GJR-GARCH(1,1,1)-t"
28499,-16.245147424377027,-11.288796016661557,True,False,0.9999999999994973,0.19190839042078853,"GJR-GARCH(1,1,1)-t"
28509,-3.3884205774132603,1.5679308303022097,True,False,0.0,0.9999999999999721,"GJR-GARCH(1,1,1)-t"
28512,-4.865294416007323,0.09105699170814674,True,False,0.9999999848204115,3.951545092884091e-09,"GJR-GARCH(1,1,1)-t"
28521,29.518346218170528,34.474697625885995,True,True,0.21811511345208748,0.31542937828248924,"GJR-GARCH(1,1,1)-t"
28527,-18.310005495734707,-13.353654088019237,True,True,0.0,9.319191734886413e-07,"GJR-GARCH(1,1,1)-t"
28534,12.591110574636287,17.54746198235176,True,True,0.017485756369832336,3.479986411456123e-17,"GJR-GARCH(1,1,1)-t"
28539,0.9242966678057059,5.880648075521176,True,True,4.9603500687894636e-18,2.5646738440477386e-17,"GJR-GARCH(1,1,1)-t"
28541,15.83623905329678,20.79259046101225,True,True,0.0,0.0069747459158221664,"GJR-GARCH(1,1,1)-t"
28563,1.7651144102331742,6.721465817948644,True,True,0.7294217650808701,0.21248491140985154,"GJR-GARCH(1,1,1)-t"
28572,7.873304941716992,12.829656349432462,True,True,3.739626455915247e-20,0.9414385263738941,"GJR-GARCH(1,1,1)-t"
28596,15.599131302313868,20.555482710029338,True,True,3.997345878889498e-12,0.9575349845002069,"GJR-GARCH(1,1,1)-t"
28619,45.662268889592085,50.61862029730755,True,True,0.0,0.9450477039585541,"GJR-GARCH(1,1,1)-t"
28625,15.210420131195075,20.166771538910545,True,True,0.0,0.9249975955640717,"GJR-GARCH(1,1,1)-t"
28634,49.33374017103196,54.290091578747436,True,True,0.17282030067155088,0.17045125797256333,"GJR-GARCH(1,1,1)-t"
28635,30.180118588086724,35.136469995802194,True,False,0.999999999925208,1.1029565369081571e-11,"GJR-GARCH(1,1,1)-t"
28656,23.322646699246285,28.27899810696175,True,False,0.38867928941920193,0.8056603552917733,"GJR-GARCH(1,1,1)-t"
28670,9.111925544414337,14.068276952129807,True,False,2.7920553155942907e-09,0.9999993145226744,"GJR-GARCH(1,1,1)-t"
28697,29.443250684361423,34.39960209207689,True,True,0.0,0.8416610298227035,"GJR-GARCH(1,1,1)-t"
28745,26.693652535133005,31.650003942848475,True,True,9.504508046780657e-12,1.0854812795095174e-10,"GJR-GARCH(1,1,1)-t"
28761,40.86502043812523,45.8213718458407,True,True,1.5226747894701987e-18,0.9890623023465857,"GJR-GARCH(1,1,1)-t"
28770,38.9322179671913,43.888569374906766,True,True,0.0,0.9214416267627463,"GJR-GARCH(1,1,1)-t"
28775,39.78590670771889,44.74225811543435,True,True,4.444732352185183e-19,6.2933397550965766e-18,"GJR-GARCH(1,1,1)-t"
28779,6.630052746017034,11.586404153732504,True,True,4.718304010219603e-14,0.6100831259763669,"GJR-GARCH(1,1,1)-t"
28801,70.21844770739385,75.17479911510932,True,True,2.177946692701036e-13,0.8295107640601131,"GJR-GARCH(1,1,1)-t"
28820,39.56665328280715,44.523004690522626,True,False,4.1629460946265346e-16,1.0,"GJR-GARCH(1,1,1)-t"
28832,6.200075789616447,11.156427197331917,True,False,0.9801010685349769,0.18708861006871264,"GJR-GARCH(1,1,1)-t"
28837,35.77112661485761,40.72747802257308,True,True,0.0,0.9367088155748741,"GJR-GARCH(1,1,1)-t"
28838,42.15241589251394,47.10876730022942,True,True,0.0,0.9486852635032837,"GJR-GARCH(1,1,1)-t"
28839,2.126519270678271,7.082870678393741,True,False,0.25347667800959367,0.8732616609952036,"GJR-GARCH(1,1,1)-t"
28841,6.264380340655431,11.220731748370902,True,False,2.984966207918801e-20,0.9999999999999367,"GJR-GARCH(1,1,1)-t"
28868,-7.875442829558903,-2.919091421843433,True,True,6.879636434881232e-18,0.7664375400737446,"GJR-GARCH(1,1,1)-t"
28877,26.360114548361256,31.316465956076726,True,True,0.158178780008241,8.043798390937808e-17,"GJR-GARCH(1,1,1)-t"
28880,19.361579935836783,24.317931343552253,True,True,5.290441486177428e-16,0.8437564956727179,"GJR-GARCH(1,1,1)-t"
28881,-11.473006350343361,-6.516654942627891,True,False,2.313572455216751e-12,0.9999999999995703,"GJR-GARCH(1,1,1)-t"
28896,-1.698789138020345,3.257562269695125,True,True,2.400959230562826e-15,0.8021621565494583,"GJR-GARCH(1,1,1)-t"
28898,24.607228104602097,29.563579512317567,True,True,0.283829256458425,4.051168003172517e-17,"GJR-GARCH(1,1,1)-t"
28930,56.43458320164402,61.39093460935949,True,True,1.9549355200407723e-14,0.6539229113323146,"GJR-GARCH(1,1,1)-t"
28932,18.756132648742874,23.712484056458344,True,True,4.6170294996620406e-20,0.9903850890646202,"GJR-GARCH(1,1,1)-t"
28958,4.0458692567916295,9.0022206645071,True,True,6.0821901651415985e-12,0.8475263929940867,"GJR-GARCH(1,1,1)-t"
28959,-25.29379182508253,-20.33744041736706,True,True,1.186179902230537e-15,0.664198356776172,"GJR-GARCH(1,1,1)-t"
28963,12.403428359761682,17.359779767477153,True,True,0.6651921216953746,1.9408147856426218e-18,"GJR-GARCH(1,1,1)-t"
28969,-14.942060238957776,-9.985708831242306,True,True,7.470487638087244e-14,9.724180460188531e-13,"GJR-GARCH(1,1,1)-t"
28983,12.154389592472599,17.11074100018807,True,True,1.5034271018251632e-12,0.8523525198964728,"GJR-GARCH(1,1,1)-t"
28992,-7.380637049085038,-2.4242856413695684,True,False,0.9999999999999963,0.0,"GJR-GARCH(1,1,1)-t"
28993,-12.80692269795686,-7.85057129024139,True,True,3.329695167789058e-14,2.4837351004244976e-12,"GJR-GARCH(1,1,1)-t"
29003,-4.845114095593612,0.11123731212185817,True,False,2.1346848037045414e-14,0.9999999999999903,"GJR-GARCH(1,1,1)-t"
29005,-8.17966793163663,-3.2233165239211594,True,True,1.0672255382826149e-08,0.9582741613982891,"GJR-GARCH(1,1,1)-t"
29012,-10.453046532266406,-5.496695124550936,True,True,2.666914363678865e-16,4.525208410370685e-17,"GJR-GARCH(1,1,1)-t"
29026,8.00447025867273,12.9608216663882,True,True,0.11878802408489723,2.478795211814381e-07,"GJR-GARCH(1,1,1)-t"
29037,3.6944374815239396,8.65078888923941,True,True,0.0,0.19331826702978003,"GJR-GARCH(1,1,1)-t"
29046,25.739805512936492,30.69615692065196,True,True,0.0,0.0,"GJR-GARCH(1,1,1)-t"
29048,5.8974086678505895,10.85376007556606,True,True,2.092236170136101e-16,0.8811402601950822,"GJR-GARCH(1,1,1)-t"
29054,6.577385665497561,11.53373707321303,True,True,0.9973237389073583,0.0,"GJR-GARCH(1,1,1)-t"
29064,13.385154325490964,18.341505733206436,True,True,3.444002040291873e-14,0.9573370378784948,"GJR-GARCH(1,1,1)-t"
29089,11.265666408316292,16.222017816031762,True,False,9.914863452583842e-17,0.9999999999999971,"GJR-GARCH(1,1,1)-t"
29106,45.23823895880183,50.194590366517296,True,False,0.0,0.9999999901339724,"GJR-GARCH(1,1,1)-t"
29120,-13.101829055177063,-8.145477647461593,True,True,1.8791890486815636e-15,0.20285108978548438,"GJR-GARCH(1,1,1)-t"
29138,32.96118653057117,37.91753793828664,True,False,0.5783348057239578,0.6294394550844905,"GJR-GARCH(1,1,1)-t"
29139,8.868210657139262,13.824562064854732,True,True,5.248293917105236e-14,0.8252628434446437,"GJR-GARCH(1,1,1)-t"
29145,47.71795576938047,52.67430717709594,True,False,4.543795598524845e-18,0.9999999999999999,"GJR-GARCH(1,1,1)-t"
29149,10.433639789779141,15.389991197494611,True,True,3.231738936923658e-11,1.2560907115367601e-09,"GJR-GARCH(1,1,1)-t"
29150,9.60063062084513,14.5569820285606,True,True,8.751257057642508e-12,0.8137000687830984,"GJR-GARCH(1,1,1)-t"
29171,33.554020693189216,38.51037210090469,True,True,7.595778810687068e-12,0.9559453449156948,"GJR-GARCH(1,1,1)-t"
29219,38.395921313011186,43.35227272072665,True,True,3.9617608224209075e-14,2.8780609574542953e-12,"GJR-GARCH(1,1,1)-t"
29226,5.54154542361875,10.49789683133422,True,True,1.2008096867779913e-16,0.6376316074482938,"GJR-GARCH(1,1,1)-t"
29228,-26.875013245199426,-21.918661837483956,True,True,3.600017556546783e-14,0.7524470757813694,"GJR-GARCH(1,1,1)-t"
29239,-8.360308427740325,-3.403957020024855,True,False,5.016971511088994e-12,1.0,"GJR-GARCH(1,1,1)-t"
29240,58.56597768009439,63.522329087809865,True,True,0.0,0.9969635122040145,"GJR-GARCH(1,1,1)-t"
29246,-18.066788585497555,-13.110437177782085,True,False,0.5659345694133199,0.7170327152933307,"GJR-GARCH(1,1,1)-t"
29252,-9.825426233433777,-4.869074825718307,True,True,3.6833209845866994e-19,0.8757109934515744,"GJR-GARCH(1,1,1)-t"
29267,10.056136260970721,15.012487668686191,True,True,0.0,0.9008639391278447,"GJR-GARCH(1,1,1)-t"
29271,35.3073768990925,40.26372830680798,True,False,0.0,0.9999999999948052,"GJR-GARCH(1,1,1)-t"
29280,-17.102981284428413,-12.146629876712943,True,True,0.8828390253320111,0.10648463760047001,"GJR-GARCH(1,1,1)-t"
29296,-1.2566742281016836,3.6996771796137864,True,True,0.2556727443150678,1.4961567031670155e-14,"GJR-GARCH(1,1,1)-t"
29302,20.086595784200014,25.042947191915488,True,True,0.0,0.9290864906503267,"GJR-GARCH(1,1,1)-t"
29316,24.053886612911967,29.010238020627437,True,True,3.272468353117418e-15,0.25790829840565344,"GJR-GARCH(1,1,1)-t"
29330,30.27247828740151,35.22882969511698,True,True,2.9054750440050814e-18,0.0,"GJR-GARCH(1,1,1)-t"
29336,-9.672551265325815,-4.716199857610345,True,True,2.468958548842958e-15,0.41522198537507576,"GJR-GARCH(1,1,1)-t"
29337,53.42302073427084,58.37937214198631,True,True,6.4208320434574364e-15,0.801669556270064,"GJR-GARCH(1,1,1)-t"
29362,-18.357236030543277,-13.400884622827807,True,False,1.367504203796634e-15,0.9999999999999992,"GJR-GARCH(1,1,1)-t"
29374,30.79707387163309,35.75342527934856,True,True,1.1863455740540186e-17,0.8899070621996781,"GJR-GARCH(1,1,1)-t"
29375,-8.94851268626806,-3.99216127855259,True,True,6.040486791621788e-14,2.2517472644633862e-13,"GJR-GARCH(1,1,1)-t"
29380,40.903747419556936,45.8600988272724,True,True,0.0,0.0,"GJR-GARCH(1,1,1)-t"
29429,-6.364696790522682,-1.4083453828072123,True,True,0.0,0.0,"GJR-GARCH(1,1,1)-t"
29431,55.652730246870235,60.60908165458571,True,True,8.25428687240909e-17,0.0,"GJR-GARCH(1,1,1)-t"
29441,-10.108374357898867,-5.152022950183397,True,False,0.0,1.0,"GJR-GARCH(1,1,1)-t"
29445,-9.311162232288805,-4.354810824573335,True,False,1.0,0.0,"GJR-GARCH(1,1,1)-t"
29448,-19.891110073203286,-14.934758665487816,True,True,2.2554945175769726e-14,0.5223409162891635,"GJR-GARCH(1,1,1)-t"
29480,-3.210445770368679,1.745905637346791,True,True,0.0,0.9428138766822403,"GJR-GARCH(1,1,1)-t"
29494,-5.409773169997454,-0.45342176228198383,True,False,0.9999999999999999,3.5330294618028005e-17,"GJR-GARCH(1,1,1)-t"
29504,3.689631109244358,8.645982516959828,True,True,3.408628096783772e-17,4.845707461450205e-15,"GJR-GARCH(1,1,1)-t"
29507,14.98112726196743,19.9374786696829,True,False,8.652590011626923e-17,0.99999999999999,"GJR-GARCH(1,1,1)-t"
29517,2.5279049854871065,7.4842563932025765,True,True,3.0411496457502415e-14,2.8176043641229002e-12,"GJR-GARCH(1,1,1)-t"
29548,0.308958618798183,5.265310026513653,True,True,0.004663431218575649,0.9695639567058307,"GJR-GARCH(1,1,1)-t"
29554,27.213999841502286,32.17035124921776,True,False,0.9999999999999999,0.1683153037699028,"GJR-GARCH(1,1,1)-t"
29568,0.0017109239440173951,4.958062331659487,True,False,0.9999999999999988,1.6938523783045893e-15,"GJR-GARCH(1,1,1)-t"
29570,29.866406218070626,34.822757625786096,True,True,2.344254349347178e-10,0.9572120815770178,"GJR-GARCH(1,1,1)-t"
29577,-0.6461709841107215,4.3101804236047485,True,False,0.999999999999994,0.34365244885980073,"GJR-GARCH(1,1,1)-t"
29583,9.771429620085346,14.727781027800816,True,True,4.8697568381275894e-17,0.7822874203187263,"GJR-GARCH(1,1,1)-t"
29590,7.876344830250835,12.832696237966305,True,True,0.0,0.6476343272707764,"GJR-GARCH(1,1,1)-t"
29592,27.029415597504645,31.985767005220115,True,True,0.0,0.07925830790334801,"GJR-GARCH(1,1,1)-t"
29608,6.325041103263251,11.281392510978721,True,True,3.0330436995088148e-15,0.0,"GJR-GARCH(1,1,1)-t"
29614,7.748215903656079,12.704567311371548,True,False,0.21380032486074452,0.8930998375696244,"GJR-GARCH(1,1,1)-t"
29616,-0.5437258919247032,4.412625515790767,True,True,7.799237185172186e-13,4.8466590165006e-13,"GJR-GARCH(1,1,1)-t"
29634,-3.603043223988095,1.3533081837273748,True,True,0.0,0.0,"GJR-GARCH(1,1,1)-t"
29644,53.543823319559024,58.5001747272745,True,False,2.1481772966649646e-14,0.9999999999998961,"GJR-GARCH(1,1,1)-t"
29649,-2.324125536378993,2.632225871336477,True,True,5.516665959875801e-16,0.7059758927076972,"GJR-GARCH(1,1,1)-t"
29656,-4.734474816652671,0.22187659106279867,True,True,0.12013743443761371,9.642467004752731e-18,"GJR-GARCH(1,1,1)-t"
29664,3.726175793057033,8.682527200772503,True,True,0.711111131669467,2.9203848934248403e-15,"GJR-GARCH(1,1,1)-t"
29672,25.474839010688,30.43119041840347,True,False,1.0,0.0,"GJR-GARCH(1,1,1)-t"
29676,28.839519335646493,33.79587074336196,True,True,1.8476757190223805e-14,0.9735233413281037,"GJR-GARCH(1,1,1)-t"
29679,22.29755798031116,27.253909388026635,True,False,1.0,0.4757945671975556,"GJR-GARCH(1,1,1)-t"
29692,23.21481857951509,28.171169987230563,True,True,1.4482603292256568e-11,0.42346194515276875,"GJR-GARCH(1,1,1)-t"
29716,30.36077409677754,35.317125504493006,True,True,0.35664118304904346,0.0,"GJR-GARCH(1,1,1)-t"
29740,13.035701889743502,17.99205329745897,True,True,1.5783771046277938e-14,6.456025678751657e-15,"GJR-GARCH(1,1,1)-t"
29746,3.7952564179024595,8.75160782561793,True,False,0.0,0.9999999999911271,"GJR-GARCH(1,1,1)-t"
29761,7.690154154011003,12.646505561726473,True,False,0.999999999623358,3.449304596004315e-10,"GJR-GARCH(1,1,1)-t"
29775,33.47642398977972,38.432775397495185,True,True,7.873170253503413e-16,0.97684843853861,"GJR-GARCH(1,1,1)-t"
29786,35.551085882895634,40.5074372906111,True,True,5.749696476198577e-15,0.9919533358065886,"GJR-GARCH(1,1,1)-t"
29791,15.969991841691197,20.926343249406667,True,True,0.5119189067266289,0.019729285412806774,"GJR-GARCH(1,1,1)-t"
29793,5.623678626417298,10.580030034132768,True,True,0.1570669771611683,0.0,"GJR-GARCH(1,1,1)-t"
29802,50.24125787204268,55.197609279758154,True,False,0.0,1.0,"GJR-GARCH(1,1,1)-t"
29819,23.872075308034297,28.828426715749767,True,False,0.9999999999999998,0.412030188526079,"GJR-GARCH(1,1,1)-t"
29823,-1.8764375363778285,3.0799138713376415,True,True,1.0235614936520666e-14,0.6922431442588394,"GJR-GARCH(1,1,1)-t"
29824,9.890033100656643,14.846384508372113,True,True,4.440783358417377e-13,0.9648515688753129,"GJR-GARCH(1,1,1)-t"
29828,-1.3758869605422284,3.5804644471732416,True,True,0.0,0.0,"GJR-GARCH(1,1,1)-t"
29842,-0.6297875714232166,4.326563836292253,True,True,0.0,0.8971850126404162,"GJR-GARCH(1,1,1)-t"
29850,14.876482547304274,19.832833955019744,True,True,5.866576857894831e-10,5.81412723213957e-10,"GJR-GARCH(1,1,1)-t"
29853,8.905004036282017,13.861355443997487,True,True,0.0,0.5377892221076775,"GJR-GARCH(1,1,1)-t"
29871,11.784097633201634,16.740449040917103,True,True,7.814741891456134e-14,0.9905291767687413,"GJR-GARCH(1,1,1)-t"
29872,-3.2480422379689102,1.7083091697465598,True,True,0.0,0.9499218562518923,"GJR-GARCH(1,1,1)-t"
29875,24.159206126324598,29.115557534040068,True,True,3.333093923494778e-19,0.8791465793401791,"GJR-GARCH(1,1,1)-t"
29880,32.15621188384436,37.11256329155982,True,False,0.0,1.0,"GJR-GARCH(1,1,1)-t"
29885,3.493163383025067,8.449514790740537,True,True,4.378012267599159e-14,0.94656018971092,"GJR-GARCH(1,1,1)-t"
29889,40.945551315748595,45.90190272346406,True,True,0.446914135538388,0.41005149633585847,"GJR-GARCH(1,1,1)-t"
29906,30.113833177295596,35.07018458501106,True,True,0.4298132958325429,1.5415605581349984e-16,"GJR-GARCH(1,1,1)-t"
29930,2.169894127269,7.12624553498447,True,True,8.255297269162082e-15,0.8944092895699117,"GJR-GARCH(1,1,1)-t"
29932,42.96519225041693,47.9215436581324,True,True,0.4047917634484361,3.5382053742497262e-15,"GJR-GARCH(1,1,1)-t"
29941,-7.0614708506380985,-2.1051194429226285,True,True,1.0781082227816368e-16,0.97493066155009,"GJR-GARCH(1,1,1)-t"
29943,13.817925419875156,18.774276827590626,True,True,0.0,0.943514462914258,"GJR-GARCH(1,1,1)-t"
29944,24.611606133174938,29.567957540890408,True,True,3.259577100876651e-12,1.467061610556644e-10,"GJR-GARCH(1,1,1)-t"
29947,-0.21938255930429307,4.736968848411177,True,False,0.0,1.0,"GJR-GARCH(1,1,1)-t"
29965,1.2998399837242243,6.256191391439694,True,True,0.0,0.45623972368217186,"GJR-GARCH(1,1,1)-t"
29972,33.22608890541511,38.182440313130584,True,True,0.41786427651433555,0.0,"GJR-GARCH(1,1,1)-t"
29974,12.814859512456868,17.771210920172337,True,False,3.5164411061850898e-15,0.9999999999999987,"GJR-GARCH(1,1,1)-t"
29990,21.750108286138673,26.706459693854143,True,True,0.059945608909385384,0.8646262161045176,"GJR-GARCH(1,1,1)-t"
29997,28.00670629158109,32.963057699296556,True,True,0.05583850511448147,0.6221709968424582,"GJR-GARCH(1,1,1)-t"
30013,14.366653668770786,19.323005076486258,True,True,0.0,0.8258431751981112,"GJR-GARCH(1,1,1)-t"
30023,1.6238991352898253,6.580250543005295,True,True,5.9056902003809424e-15,0.8903648048681043,"GJR-GARCH(1,1,1)-t"
30040,-6.214891473172887,-1.2585400654574173,True,True,3.869654935440002e-12,0.7165286607562689,"GJR-GARCH(1,1,1)-t"
30050,-0.2612126759802056,4.695138731735264,True,True,0.0,0.9441505698845651,"GJR-GARCH(1,1,1)-t"
30063,13.02716412707425,17.98351553478972,True,True,0.0,0.6385993673775353,"GJR-GARCH(1,1,1)-t"
30078,6.373022136111583,11.329373543827053,True,False,2.0322351187260987e-15,1.0,"GJR-GARCH(1,1,1)-t"
30103,17.99435601283522,22.95070742055069,True,True,1.1018442019429287e-14,4.4582334384494983e-14,"GJR-GARCH(1,1,1)-t"
30106,51.389244490426925,56.34559589814239,True,False,0.6460934137134727,0.38760582153688566,"GJR-GARCH(1,1,1)-t"
30125,-8.126148237609772,-3.1697968298943024,True,False,0.9999999999999996,0.46347158123738436,"GJR-GARCH(1,1,1)-t"
30128,106.43771201451459,111.39406342223006,True,True,3.011765203289847e-17,0.9178987233582767,"GJR-GARCH(1,1,1)-t"
30134,-12.170159779629554,-7.213808371914084,True,True,2.3697810978215136e-18,0.9797388725318036,"GJR-GARCH(1,1,1)-t"
30169,8.39757489674932,13.35392630446479,True,True,1.111781868359981e-12,8.73272234704366e-12,"GJR-GARCH(1,1,1)-t"
30177,5.01191338776402,9.96826479547949,True,True,1.64014062366283e-24,0.894839001465894,"GJR-GARCH(1,1,1)-t"
30183,37.21621650838024,42.172567916095716,True,True,2.1634745312746675e-13,0.9913848110758361,"GJR-GARCH(1,1,1)-t"
30208,38.003650320121324,42.96000172783679,True,False,0.9999999999999999,0.3635813086602026,"GJR-GARCH(1,1,1)-t"
30210,12.347896637740185,17.304248045455655,True,True,1.2935421563763246e-11,0.9460064776933516,"GJR-GARCH(1,1,1)-t"
30212,10.158573940504239,15.114925348219709,True,True,0.0,0.0,"GJR-GARCH(1,1,1)-t"
30215,29.26623873232451,34.22259014003998,True,True,8.095337817806395e-17,4.965584226548112e-16,"GJR-GARCH(1,1,1)-t"
30224,-10.59807496510864,-5.6417235573931706,True,False,4.788259706015996e-16,0.9999999999999996,"GJR-GARCH(1,1,1)-t"
30225,7.938285513469702,12.894636921185171,True,True,0.007195956188785728,3.708106020655051e-17,"GJR-GARCH(1,1,1)-t"
30232,13.25843533816603,18.2147867458815,True,True,2.851559131598773e-15,0.9894084314729414,"GJR-GARCH(1,1,1)-t"
30244,10.717954634076293,15.674306041791763,True,True,8.100894586561685e-16,0.48457485065511374,"GJR-GARCH(1,1,1)-t"
30250,26.175469016910675,31.13182042462614,True,True,2.8234049478909717e-15,0.4392539845344417,"GJR-GARCH(1,1,1)-t"
30256,12.187199445744705,17.143550853460173,True,True,0.5199986940737548,7.212158367049575e-16,"GJR-GARCH(1,1,1)-t"
30272,33.47275683977512,38.42910824749059,True,True,0.31521245715746005,1.9221769943761426e-21,"GJR-GARCH(1,1,1)-t"
30276,18.517426175760868,23.47377758347634,True,True,1.4750922592633029e-12,0.9442299617897013,"GJR-GARCH(1,1,1)-t"
30279,8.771948053852029,13.728299461567499,True,True,0.0,0.957972658651562,"GJR-GARCH(1,1,1)-t"
30303,18.347330836791446,23.303682244506916,True,True,9.0336806316369e-15,2.5569800867251995e-12,"GJR-GARCH(1,1,1)-t"
30304,-7.397047206002487,-2.4406957982870168,True,True,0.0,0.9949870289077277,"GJR-GARCH(1,1,1)-t"
30312,-0.592428325434458,4.363923082281012,True,True,2.1463578024091016e-09,0.9730316965093929,"GJR-GARCH(1,1,1)-t"
30313,13.958049153770455,18.914400561485927,True,True,4.94403963231986e-21,3.8892177303665225e-20,"GJR-GARCH(1,1,1)-t"
30325,34.25104352361057,39.207394931326036,True,True,1.1383535563027835e-14,0.6470389639323645,"GJR-GARCH(1,1,1)-t"
30327,17.90562617565884,22.86197758337431,True,False,1.1871136216663316e-16,0.999999999999995,"GJR-GARCH(1,1,1)-t"
30328,-15.558619790115525,-10.602268382400055,True,True,0.0,0.752150717344091,"GJR-GARCH(1,1,1)-t"
30334,-4.107970199339096,0.8483812083763738,True,True,1.3632228863491042e-15,0.9037136582087342,"GJR-GARCH(1,1,1)-t"
30339,12.628722541365907,17.585073949081377,True,True,1.7743633602837873e-15,0.747669832985713,"GJR-GARCH(1,1,1)-t"
30341,17.05373082406848,22.01008223178395,True,True,4.427762215767278e-15,0.9320510072811551,"GJR-GARCH(1,1,1)-t"
30350,-3.399973562170967,1.5563778455445032,True,True,0.0,0.7994774809649776,"GJR-GARCH(1,1,1)-t"
30357,6.751120853486216,11.707472261201687,True,True,7.075042478466793e-13,0.9663067171351826,"GJR-GARCH(1,1,1)-t"
30366,42.160874517316586,47.11722592503205,True,False,1.0587628953807886e-15,0.9999999999999997,"GJR-GARCH(1,1,1)-t"
30370,12.09602444357383,17.052375851289302,True,True,6.768632780519777e-13,0.9257096265779011,"GJR-GARCH(1,1,1)-t"
30376,14.13582130016447,19.09217270787994,True,True,9.222730283263891e-16,0.3459214417979768,"GJR-GARCH(1,1,1)-t"
30379,19.054088157718617,24.010439565434083,True,True,2.317134972290753e-12,0.8690265790863202,"GJR-GARCH(1,1,1)-t"
30383,-3.0377159178089173,1.9186354899065527,True,True,2.1326525900325872e-16,0.9896938327159339,"GJR-GARCH(1,1,1)-t"
30384,8.13711914869503,13.0934705564105,True,False,1.0,0.0,"GJR-GARCH(1,1,1)-t"
30405,-10.55265437473097,-5.5963029670155,True,True,7.556278199006628e-14,1.0868849972031018e-12,"GJR-GARCH(1,1,1)-t"
30412,28.426169948235597,33.38252135595107,True,True,1.0740616430989223e-14,0.9889174204451403,"GJR-GARCH(1,1,1)-t"
30416,39.248275123106744,44.20462653082221,True,True,0.0,0.0,"GJR-GARCH(1,1,1)-t"
30430,52.024815601628944,56.98116700934442,True,True,3.891599244187707e-11,1.525304470256242e-09,"GJR-GARCH(1,1,1)-t"
30443,-1.0021809118937863,3.9541704958216837,True,True,1.5903268894266725e-11,1.5763862762016354e-10,"GJR-GARCH(1,1,1)-t"
30454,3.425268620871144,8.381620028586614,True,False,1.224744732095072e-16,1.0,"GJR-GARCH(1,1,1)-t"
30456,-25.22177953474744,-20.26542812703197,True,True,3.9050214549622626e-10,0.8029918324218408,"GJR-GARCH(1,1,1)-t"
30471,-10.510941930831095,-5.554590523115625,True,True,0.0,0.2242527925096266,"GJR-GARCH(1,1,1)-t"
30474,35.927795754697925,40.8841471624134,True,False,0.0,1.0,"GJR-GARCH(1,1,1)-t"
30492,17.112606702227595,22.068958109943065,True,False,8.297232191644875e-18,1.0,"GJR-GARCH(1,1,1)-t"
30494,-15.773674999622859,-10.817323591907389,True,True,0.14252686873585543,2.515495640069435e-19,"GJR-GARCH(1,1,1)-t"
30498,42.280220404935285,47.23657181265075,True,True,3.211296616942009e-15,0.4654654284798889,"GJR-GARCH(1,1,1)-t"
30512,8.44743128201112,13.40378268972659,True,False,0.9999999999989716,0.3689020792729173,"GJR-GARCH(1,1,1)-t"
30521,3.237692696070315,8.194044103785785,True,False,0.0,1.0,"GJR-GARCH(1,1,1)-t"
30527,1.1750672348419648,6.131418642557435,True,True,0.0,0.0,"GJR-GARCH(1,1,1)-t"
30547,21.973885800202343,26.930237207917813,True,True,0.0,0.6904521232354535,"GJR-GARCH(1,1,1)-t"
30569,33.686216934367536,38.642568342083,True,False,8.176944093387964e-19,1.0,"GJR-GARCH(1,1,1)-t"
30585,30.107000009223942,35.06335141693941,True,True,5.3876001810269985e-15,0.8082093138042772,"GJR-GARCH(1,1,1)-t"
30597,32.307094357801944,37.26344576551742,True,True,2.3221924180257095e-15,0.637294179652359,"GJR-GARCH(1,1,1)-t"
30598,-1.560499966414696,3.395851441300774,True,True,0.0,0.2022624065339251,"GJR-GARCH(1,1,1)-t"
30604,-7.243880285896267,-2.2875288781807974,True,True,0.584187466143058,5.0004113936374944e-12,"GJR-GARCH(1,1,1)-t"
30609,25.526158246517475,30.48250965423295,True,False,1.8977313700627337e-15,0.9999999999999994,"GJR-GARCH(1,1,1)-t"
30620,31.790034994392006,36.746386402107476,True,True,1.3301856374408518e-15,0.0,"GJR-GARCH(1,1,1)-t"
30624,-2.2139169658068276,2.7424344419086424,True,False,0.7853705254637243,0.5219594244891907,"GJR-GARCH(1,1,1)-t"
30638,37.814354044512456,42.77070545222793,True,True,0.2900984929383124,0.34744454334472546,"GJR-GARCH(1,1,1)-t"
30641,19.70062829763804,24.656979705353507,True,True,9.570122348894715e-16,0.8139030738570496,"GJR-GARCH(1,1,1)-t"
30657,53.01287048486697,57.96922189258244,True,True,8.295072587763347e-14,4.4826737353012925e-13,"GJR-GARCH(1,1,1)-t"
30658,33.777047338516546,38.73339874623201,True,True,0.049537441397853516,0.6233906598185192,"GJR-GARCH(1,1,1)-t"
30692,1.0397345628455081,5.996085970560978,True,True,1.0948526642957694e-16,0.1330140152296122,"GJR-GARCH(1,1,1)-t"
30700,44.80702632402213,49.763377731737606,True,True,0.6692113332090286,0.0716770757657075,"GJR-GARCH(1,1,1)-t"
30720,43.48925809535709,48.44560950307256,True,False,0.2148842527653678,0.892557873607283,"GJR-GARCH(1,1,1)-t"
30729,-4.518648425253783,0.43770298246168693,True,True,5.04909078240967e-12,6.310881574743583e-10,"GJR-GARCH(1,1,1)-t"
30730,5.139700197959861,10.096051605675331,True,False,3.8613985785440594e-16,1.0,"GJR-GARCH(1,1,1)-t"
30733,27.69156122998549,32.647912637700955,True,True,0.0,0.6230075745818043,"GJR-GARCH(1,1,1)-t"
30748,-12.08191040567258,-7.125558997957111,True,True,3.2084487104125973e-16,0.3676450847953426,"GJR-GARCH(1,1,1)-t"
30750,13.150590711605858,18.106942119321328,True,True,0.0,0.8904457826435963,"GJR-GARCH(1,1,1)-t"
30774,-5.613295543853702,-0.6569441361382324,True,True,2.0573488553321274e-19,0.7517054799914665,"GJR-GARCH(1,1,1)-t"
30789,23.55398994265522,28.510341350370688,True,True,1.7115786843026438e-14,4.974386754021162e-14,"GJR-GARCH(1,1,1)-t"
30790,12.863996882006719,17.82034828972219,True,False,0.7755459280881921,0.6122270359559039,"GJR-GARCH(1,1,1)-t"
30791,-4.591494794543117,0.3648566131723534,True,True,0.0,0.6395546766692138,"GJR-GARCH(1,1,1)-t"
30793,38.63534863748673,43.591700045202195,True,True,1.2649322961953029e-14,0.6804457598374394,"GJR-GARCH(1,1,1)-t"
30794,7.175114334923283,12.131465742638753,True,True,0.0,0.0,"GJR-GARCH(1,1,1)-t"
30798,8.278965790250105,13.235317197965575,True,True,0.06460432072725507,0.20166101501068243,"GJR-GARCH(1,1,1)-t"
30803,20.315444359870792,25.271795767586262,True,True,7.22328918814013e-18,3.47054774071671e-18,"GJR-GARCH(1,1,1)-t"
30805,-16.731418609645775,-11.775067201930305,True,True,0.0,0.9286347963547381,"GJR-GARCH(1,1,1)-t"
30816,71.27736664856509,76.23371805628057,True,False,0.12936402572354114,0.9000798116888246,"GJR-GARCH(1,1,1)-t"
30824,31.046846071725668,36.00319747944114,True,False,1.0,0.0,"GJR-GARCH(1,1,1)-t"
30852,26.560343898494388,31.516695306209858,True,True,2.476107396505313e-09,2.09641976580019e-08,"GJR-GARCH(1,1,1)-t"
30866,-6.765188082664274,-1.8088366749488038,True,True,1.346346839331573e-16,0.0,"GJR-GARCH(1,1,1)-t"
30896,-2.8835750529623354,2.0727763547531346,True,True,0.570423616590875,1.7704312809979174e-21,"GJR-GARCH(1,1,1)-t"
30908,30.801595394268826,35.757946801984296,True,False,3.9128480376337265e-15,0.9999999999999883,"GJR-GARCH(1,1,1)-t"
30940,0.319122477499608,5.275473885215078,True,False,3.543999911109699e-14,0.9999999999997614,"GJR-GARCH(1,1,1)-t"
30965,-12.984950210833148,-8.028598803117678,True,True,0.0,0.7817326798552138,"GJR-GARCH(1,1,1)-t"
30974,43.46930490805816,48.42565631577364,True,True,0.27539242418149235,6.361400419264585e-20,"GJR-GARCH(1,1,1)-t"
30986,22.36455329747887,27.320904705194337,True,True,0.0,0.7733666596797013,"GJR-GARCH(1,1,1)-t"
30987,28.236220091219074,33.19257149893455,True,True,3.3138906507475117e-22,9.049061358585698e-16,"GJR-GARCH(1,1,1)-t"
30999,9.09065252862026,14.04700393633573,True,True,2.4924864707273607e-09,0.9589188529467056,"GJR-GARCH(1,1,1)-t"
31004,8.725128651858677,13.681480059574147,True,True,0.13346930885276423,2.9033153691072556e-13,"GJR-GARCH(1,1,1)-t"
31018,28.833618086814216,33.789969494529686,True,False,7.358997078885314e-11,0.9999999986004733,"GJR-GARCH(1,1,1)-t"
31024,0.7554935986491262,5.711845006364596,True,True,0.0,0.8051255851507259,"GJR-GARCH(1,1,1)-t"
31034,4.754864342087588,9.711215749803058,True,True,0.0,0.9863920434654857,"GJR-GARCH(1,1,1)-t"
31046,58.742844434256654,63.69919584197213,True,True,8.2952052165208e-13,0.22883289438795065,"GJR-GARCH(1,1,1)-t"
31047,16.12435676332727,21.080708171042744,True,False,2.8514824968147496e-16,1.0,"GJR-GARCH(1,1,1)-t"
31054,8.753354740584463,13.709706148299933,True,True,0.22899375314628873,7.845225773908545e-14,"GJR-GARCH(1,1,1)-t"
31055,29.785342678594652,34.741694086310126,True,True,0.06677879672525908,0.0,"GJR-GARCH(1,1,1)-t"
31059,15.09736267573961,20.05371408345508,True,True,0.0,1.704599617808368e-05,"GJR-GARCH(1,1,1)-t"
31060,14.726460678966344,19.682812086681814,True,True,0.0,0.5782655634420576,"GJR-GARCH(1,1,1)-t"
31068,-7.274894730687823,-2.318543322972353,True,True,0.0,0.39150315345154324,"GJR-GARCH(1,1,1)-t"
31071,-15.445969727962336,-10.489618320246866,True,True,1.0581556215809215e-16,5.57159923691177e-23,"GJR-GARCH(1,1,1)-t"
31077,-8.226213831228577,-3.269862423513107,True,True,3.0304560060010006e-18,0.7278564635026177,"GJR-GARCH(1,1,1)-t"
31097,71.31800956515819,76.27436097287367,True,True,2.975891229069574e-17,0.9399024835055638,"GJR-GARCH(1,1,1)-t"
31113,-8.346080906635994,-3.3897294989205236,True,True,0.17568997088761545,0.4066111556136559,"GJR-GARCH(1,1,1)-t"
31119,18.891127688574038,23.847479096289508,True,True,0.29678277010805665,0.0,"GJR-GARCH(1,1,1)-t"
31133,27.074177766048187,32.030529173763654,True,True,0.0,0.0,"GJR-GARCH(1,1,1)-t"
31138,-13.181833620973553,-8.225482213258083,True,True,1.3534457545737302e-09,0.945478143791888,"GJR-GARCH(1,1,1)-t"
31144,5.286461832139814,10.242813239855284,True,True,0.0,0.8759525258646752,"GJR-GARCH(1,1,1)-t"
31155,5.514961343703899,10.471312751419369,True,True,2.584826658288482e-05,0.982447785782239,"GJR-GARCH(1,1,1)-t"
31156,22.396720709748816,27.353072117464286,True,True,0.10612709724066058,0.0,"GJR-GARCH(1,1,1)-t"
31157,18.681088709930304,23.637440117645774,True,False,6.127084377867376e-13,0.9999999984058657,"GJR-GARCH(1,1,1)-t"
31170,61.89824579986991,66.85459720758539,True,True,0.0,0.9269336338534071,"GJR-GARCH(1,1,1)-t"
31173,14.481835502096544,19.438186909812014,True,True,1.3288949730703318e-14,2.3778443381746017e-14,"GJR-GARCH(1,1,1)-t"
31193,-14.844919596303107,-9.888568188587637,True,True,0.0,0.6800874725367215,"GJR-GARCH(1,1,1)-t"
31196,-9.234779306607749,-4.278427898892279,True,True,0.007617335064367567,0.9204591698880547,"GJR-GARCH(1,1,1)-t"
31202,1.4310031503102518,6.387354558025722,True,True,0.0,1.9960911880256573e-14,"GJR-GARCH(1,1,1)-t"
31209,6.968477720959622,11.924829128675093,True,True,3.654827930423283e-20,1.7363629896509436e-20,"GJR-GARCH(1,1,1)-t"
31214,2.964268135932114,7.920619543647584,True,True,3.162403375201133e-11,0.15196579868501917,"GJR-GARCH(1,1,1)-t"
31236,23.72232500983904,28.678676417554506,True,True,0.0,0.9646081680813686,"GJR-GARCH(1,1,1)-t"
31242,-0.2091930159799098,4.74715839173556,True,True,5.633107263403543e-14,0.11895494147078146,"GJR-GARCH(1,1,1)-t"
31251,-0.47286346870966156,4.483487939005808,True,True,1.5806403121105405e-09,0.8859650628880359,"GJR-GARCH(1,1,1)-t"
31254,13.217112138503062,18.17346354621853,True,False,1.0,0.23976029877453067,"GJR-GARCH(1,1,1)-t"
31258,32.704064149180184,37.66041555689565,True,False,0.9999999999999934,5.84112995646681e-15,"GJR-GARCH(1,1,1)-t"
31266,32.12688608980702,37.08323749752249,True,False,1.2073201616264368e-13,0.9999999999834152,"GJR-GARCH(1,1,1)-t"
31267,6.025591793556891,10.981943201272362,True,True,0.29144569205099835,1.0996340537934363e-14,"GJR-GARCH(1,1,1)-t"
31269,22.515346303651594,27.471697711367064,True,False,1.0,0.46347842651250676,"GJR-GARCH(1,1,1)-t"
31279,-4.7441238044320855,0.21222760328338452,True,False,0.0,1.0,"GJR-GARCH(1,1,1)-t"
31298,33.448993085965114,38.40534449368059,True,False,1.5737268584837838e-14,0.9999999999998874,"GJR-GARCH(1,1,1)-t"
31302,-10.424954938652458,-5.4686035309369885,True,False,1.8149840933845548e-14,0.9999999999994885,"GJR-GARCH(1,1,1)-t"
31303,9.290410872385657,14.246762280101127,True,False,3.3306455154163005e-20,1.0,"GJR-GARCH(1,1,1)-t"
31306,-5.036022064012194,-0.07967065629672376,True,True,1.550076562835308e-15,1.9830401088569726e-16,"GJR-GARCH(1,1,1)-t"
31320,21.79528106445332,26.75163247216879,True,True,3.3999536182116682e-15,2.9868591780315924e-14,"GJR-GARCH(1,1,1)-t"
31322,0.4597269724889106,5.416078380204381,True,True,2.564220106418558e-13,2.7183268155680625e-12,"GJR-GARCH(1,1,1)-t"
31324,-10.83810950353864,-5.881758095823169,True,True,0.0,0.9561236142804771,"GJR-GARCH(1,1,1)-t"
31327,13.027841925588042,17.984193333303512,True,False,0.9449004501835904,0.5275497749081789,"GJR-GARCH(1,1,1)-t"
31331,12.962514569256564,17.918865976972036,True,False,0.0,1.0,"GJR-GARCH(1,1,1)-t"
31337,-6.174974266066744,-1.2186228583512744,True,True,3.3579965918213284e-16,0.0,"GJR-GARCH(1,1,1)-t"
31338,37.953143987559585,42.90949539527505,True,False,0.9999999999997936,0.5000000000001004,"GJR-GARCH(1,1,1)-t"
31345,-11.021982989944028,-6.0656315822285585,True,True,0.0,0.5126584192999641,"GJR-GARCH(1,1,1)-t"
31347,34.36543397971584,39.321785387431305,True,True,0.09247157813289479,3.4278734621690327e-11,"GJR-GARCH(1,1,1)-t"
31348,58.44291766034837,63.399269068063845,True,False,3.1785224377837266e-15,0.9999999999999845,"GJR-GARCH(1,1,1)-t"
31351,-6.151207011587985,-1.194855603872515,True,True,0.0,0.7172561499357987,"GJR-GARCH(1,1,1)-t"
31359,-8.93027294847549,-3.9739215407600206,True,True,4.1174004810698686e-16,0.0,"GJR-GARCH(1,1,1)-t"
31380,18.92612979033119,23.88248119804666,True,True,1.469636229473463e-15,0.5832228319217357,"GJR-GARCH(1,1,1)-t"
31389,9.367592305969431,14.323943713684901,True,True,2.192761176396368e-17,2.5725430242662442e-15,"GJR-GARCH(1,1,1)-t"
31394,32.79763322511878,37.753984632834246,True,True,0.0,0.5016194228262226,"GJR-GARCH(1,1,1)-t"
31402,23.790388610214645,28.746740017930115,True,True,1.2788156731567316e-15,0.0,"GJR-GARCH(1,1,1)-t"
31404,8.497750707967588,13.454102115683058,True,False,0.9999999999999939,7.656007531373572e-15,"GJR-GARCH(1,1,1)-t"
31406,7.658284384925906,12.614635792641376,True,False,0.9999999999968641,1.980427954882247e-12,"GJR-GARCH(1,1,1)-t"
31412,10.63352697621399,15.58987838392946,True,True,3.892001972739808e-15,0.5019500932867115,"GJR-GARCH(1,1,1)-t"
31415,25.20393297343854,30.160284381154007,True,False,0.9999999999999976,0.0,"GJR-GARCH(1,1,1)-t"
31433,-17.16692592463783,-12.21057451692236,True,True,1.6028776320383898e-16,2.2435237457052295e-13,"GJR-GARCH(1,1,1)-t"
31434,-7.714254202686849,-2.757902794971379,True,False,7.198962977021158e-13,0.9999999999853286,"GJR-GARCH(1,1,1)-t"
31439,0.37151905916142525,5.327870466876895,True,True,0.0,0.8375509793802401,"GJR-GARCH(1,1,1)-t"
31443,1.1173171376263333,6.073668545341803,True,True,3.5119742099619824e-14,0.6979137716118492,"GJR-GARCH(1,1,1)-t"
31456,0.13152439178039543,5.087875799495865,True,True,0.0,0.6481729379489317,"GJR-GARCH(1,1,1)-t"
31462,-19.59096116734414,-14.63460975962867,True,True,2.607392979583722e-17,0.9932171411700954,"GJR-GARCH(1,1,1)-t"
31463,-2.5431510572906646,2.4132003504248054,True,True,5.517383155571442e-22,0.6994718813092443,"GJR-GARCH(1,1,1)-t"
31471,4.997369736368775,9.953721144084245,True,True,1.0296071562028584e-11,9.908483425794381e-11,"GJR-GARCH(1,1,1)-t"
31482,51.411791462972545,56.36814287068802,True,False,1.7592190369332433e-15,0.9999999999999996,"GJR-GARCH(1,1,1)-t"
31497,4.129298363459906,9.085649771175376,True,True,3.3881422076837153e-15,3.512179410490181e-16,"GJR-GARCH(1,1,1)-t"
31522,11.903673223795376,16.860024631510846,True,True,0.0,0.0,"GJR-GARCH(1,1,1)-t"
31527,20.766423607776964,25.722775015492438,True,False,7.096265925395586e-15,0.9999999999999687,"GJR-GARCH(1,1,1)-t"
31528,48.799351344599,53.75570275231448,True,True,0.0,0.0,"GJR-GARCH(1,1,1)-t"
31554,-0.5581579353709643,4.398193472344506,True,True,0.10218247439860853,1.5694763006988025e-08,"GJR-GARCH(1,1,1)-t"
31570,-19.68349627973621,-14.727144872020741,True,True,5.684675264932154e-15,0.9794819185910146,"GJR-GARCH(1,1,1)-t"
31572,36.804393848712884,41.76074525642835,True,True,1.4399263435471913e-19,0.7155766758599983,"GJR-GARCH(1,1,1)-t"
31587,-8.267938897671971,-3.3115874899565014,True,True,0.20459839194094467,0.0,"GJR-GARCH(1,1,1)-t"
31595,4.09683087194904,9.05318227966451,True,False,1.2150292753555716e-19,1.0,"GJR-GARCH(1,1,1)-t"
31601,23.050778212724147,28.007129620439617,True,False,0.0,1.0,"GJR-GARCH(1,1,1)-t"
31609,22.704252572647533,27.660603980363007,True,True,9.482678330738041e-15,0.8240928139517851,"GJR-GARCH(1,1,1)-t"
31616,35.554411183257386,40.51076259097286,True,True,4.47517902121374e-16,0.8994666375563941,"GJR-GARCH(1,1,1)-t"
31627,0.9307927335783432,5.887144141293813,True,True,2.5492466016565096e-11,0.0,"GJR-GARCH(1,1,1)-t"
31653,-7.877969822351986,-2.921618414636516,True,True,9.274991454167883e-19,0.6072673478032262,"GJR-GARCH(1,1,1)-t"
31656,10.629469175052876,15.585820582768346,True,True,0.046774720399735265,0.0,"GJR-GARCH(1,1,1)-t"
31671,8.67571319541807,13.63206460313354,True,True,2.2344387853988033e-12,0.977345579666796,"GJR-GARCH(1,1,1)-t"
31689,-5.084459707482473,-0.12810829976700333,True,True,2.6909033556473394e-14,0.9920834778378583,"GJR-GARCH(1,1,1)-t"
31701,21.37167099854272,26.32802240625819,True,False,0.0,1.0,"GJR-GARCH(1,1,1)-t"
31714,31.149146590928257,36.10549799864373,True,True,2.8286141123172905e-19,0.00027900821004141836,"GJR-GARCH(1,1,1)-t"
31719,-11.06777899285268,-6.111427585137211,True,True,0.15845373393994988,0.0,"GJR-GARCH(1,1,1)-t"
31733,-13.171433504688068,-8.215082096972598,True,True,2.6275814306702367e-12,0.9664146387862271,"GJR-GARCH(1,1,1)-t"
31736,22.514303262761878,27.47065467047735,True,False,1.0,0.0,"GJR-GARCH(1,1,1)-t"
31750,3.817609664425678,8.773961072141148,True,True,0.0,0.903346727375975,"GJR-GARCH(1,1,1)-t"
31789,,,False,False,,,"GJR-GARCH(1,1,1)-t"
31814,0.598470455778072,5.554821863493542,True,True,0.07215728334365829,0.24126414137071825,"GJR-GARCH(1,1,1)-t"
31819,-5.414192510133471,-0.45784110241800136,True,True,1.1483164541645809e-15,0.501056011464154,"GJR-GARCH(1,1,1)-t"
31836,24.190610010640324,29.146961418355794,True,True,0.0,0.8717323803893402,"GJR-GARCH(1,1,1)-t"
31854,30.46722227587237,35.42357368358784,True,True,0.0,0.6723622189267195,"GJR-GARCH(1,1,1)-t"
31861,18.2968917461797,23.25324315389517,True,True,7.630516781012235e-11,0.9473419967236006,"GJR-GARCH(1,1,1)-t"
31864,30.864418174258173,35.82076958197364,True,True,7.236600506116062e-13,0.9519673238687409,"GJR-GARCH(1,1,1)-t"
31874,28.336231108464077,33.29258251617954,True,True,0.0,0.7058946037477352,"GJR-GARCH(1,1,1)-t"
31883,18.983150332500788,23.939501740216258,True,True,4.8630868220169285e-14,0.8031646644401363,"GJR-GARCH(1,1,1)-t"
31914,25.831713396411875,30.788064804127345,True,True,0.0,0.9125660532062176,"GJR-GARCH(1,1,1)-t"
31934,2.6437431068177215,7.6000945145331915,True,True,0.14510401609966814,0.0,"GJR-GARCH(1,1,1)-t"
31941,29.76943190367885,34.725783311394316,True,True,9.104356324975189e-16,1.3513895191468139e-20,"GJR-GARCH(1,1,1)-t"
31944,12.266979011620997,17.223330419336467,True,True,0.8843713854817172,3.9040561039173064e-12,"GJR-GARCH(1,1,1)-t"
31949,21.87974943037443,26.8361008380899,True,False,0.0,1.0,"GJR-GARCH(1,1,1)-t"
31970,-0.4897325697999513,4.466618837915519,True,False,1.0,0.0,"GJR-GARCH(1,1,1)-t"
31984,-1.074524951989904,3.881826455725566,True,True,0.0,0.0,"GJR-GARCH(1,1,1)-t"
32009,29.534767231577405,34.49111863929288,True,True,0.0,0.951752777534675,"GJR-GARCH(1,1,1)-t"
32012,21.6867099091206,26.643061316836075,True,True,2.4437416685472494e-17,3.3904621312492944e-16,"GJR-GARCH(1,1,1)-t"
32017,-12.050599722456734,-7.0942483147412645,True,True,6.696315275445227e-16,0.0,"GJR-GARCH(1,1,1)-t"
32038,19.45778407904006,24.414135486755526,True,False,3.3430362041875983e-16,1.0,"GJR-GARCH(1,1,1)-t"
32046,-0.8654441147387786,4.090907292976691,True,False,0.05160667586603901,0.9741966620668708,"GJR-GARCH(1,1,1)-t"
32048,5.151618668328421,10.107970076043891,True,False,0.0,1.0,"GJR-GARCH(1,1,1)-t"
32053,12.359587654732467,17.315939062447935,True,True,4.7386131982997296e-15,0.89518565083204,"GJR-GARCH(1,1,1)-t"
32081,-9.051904998459271,-4.095553590743801,True,True,0.004322022822190832,0.7354500569516073,"GJR-GARCH(1,1,1)-t"
32082,-2.3870830500851206,2.5692683576303494,True,True,0.2134037136443459,3.579670816621588e-17,"GJR-GARCH(1,1,1)-t"
32083,14.469080606578544,19.425432014294014,True,False,6.697274653253822e-17,0.9999999999999997,"GJR-GARCH(1,1,1)-t"
32108,-10.01236883985207,-5.056017432136599,True,True,2.175387569178791e-13,0.967280202776988,"GJR-GARCH(1,1,1)-t"
32109,46.70798490296728,51.66433631068276,True,True,2.277939386971915e-12,0.0,"GJR-GARCH(1,1,1)-t"
32119,3.3867750459538826,8.343126453669353,True,True,0.002176126840156634,7.14471206888911e-17,"GJR-GARCH(1,1,1)-t"
32126,4.074597052274864,9.030948459990334,True,True,1.7828974631746542e-12,0.7815278183843521,"GJR-GARCH(1,1,1)-t"
32131,7.518106545400821,12.474457953116291,True,True,0.0,0.9844686525814363,"GJR-GARCH(1,1,1)-t"
32155,-12.404819581453882,-7.448468173738412,True,True,0.0,0.9291147464394716,"GJR-GARCH(1,1,1)-t"
32173,50.999994340898326,55.9563457486138,True,True,0.0,0.0,"GJR-GARCH(1,1,1)-t"
32174,-10.456513606882812,-5.500162199167342,True,False,0.844366557701542,0.5778167211492287,"GJR-GARCH(1,1,1)-t"
32175,13.429849959535149,18.386201367250617,True,True,3.747970789758104e-14,2.7661579795693673e-14,"GJR-GARCH(1,1,1)-t"
32182,12.28602358935358,17.24237499706905,True,True,6.778969274750888e-14,0.9692546013634353,"GJR-GARCH(1,1,1)-t"
32186,50.52162224087373,55.4779736485892,True,False,2.463710858500357e-15,0.9999999999999948,"GJR-GARCH(1,1,1)-t"
32195,,,False,False,,,"GJR-GARCH(1,1,1)-t"
32200,17.821885987426164,22.778237395141634,True,True,1.3398669815834682e-15,5.377976400916637e-15,"GJR-GARCH(1,1,1)-t"
32205,11.935379872491804,16.891731280207274,True,True,0.0,0.9973699531078352,"GJR-GARCH(1,1,1)-t"
32209,14.54126658509677,19.49761799281224,True,False,2.3388213945929963e-17,0.9990775705399819,"GJR-GARCH(1,1,1)-t"
32219,58.277425932423675,63.23377734013914,True,True,0.0,0.8204326324518832,"GJR-GARCH(1,1,1)-t"
32235,26.544789437332327,31.501140845047797,True,False,0.718321707024664,0.35574444036783626,"GJR-GARCH(1,1,1)-t"
32240,33.969250571815564,38.92560197953104,True,False,1.2977754071165955e-15,0.9999999999999978,"GJR-GARCH(1,1,1)-t"
32245,23.405725107201192,28.362076514916662,True,False,5.936359736520227e-16,0.9999999999999976,"GJR-GARCH(1,1,1)-t"
32247,46.546668215273975,51.50301962298944,True,True,0.0,0.9514378086990152,"GJR-GARCH(1,1,1)-t"
32249,-1.4438152702065121,3.512536137508958,True,True,3.1800258924471833e-17,4.932827901175965e-16,"GJR-GARCH(1,1,1)-t"
32254,60.61775462293302,65.5741060306485,True,True,0.0,0.0,"GJR-GARCH(1,1,1)-t"
32255,55.218072592633646,60.17442400034912,True,True,9.764635950410224e-16,1.219516590136241e-14,"GJR-GARCH(1,1,1)-t"
32277,2.3260792979016554,7.282430705617125,True,False,0.9999999999433672,0.0,"GJR-GARCH(1,1,1)-t"
32280,4.4801757014625885,9.436527109178058,True,False,5.282867295056295e-16,1.0,"GJR-GARCH(1,1,1)-t"
32299,-21.145587884194782,-16.189236476479312,True,False,0.3268799234386078,0.7473521255363301,"GJR-GARCH(1,1,1)-t"
32322,-4.818481300885985,0.1378701068294852,True,True,0.0,0.7203915618653849,"GJR-GARCH(1,1,1)-t"
32328,-5.839489238093407,-0.8831378303779367,True,False,0.9999999999988151,1.0454850314494468e-11,"GJR-GARCH(1,1,1)-t"
32330,-7.819106352175215,-2.862754944459745,True,True,2.717220763549752e-16,0.07948821392770647,"GJR-GARCH(1,1,1)-t"
32342,21.168148721990974,26.124500129706448,True,True,1.1663641779700846e-16,0.9672191108355136,"GJR-GARCH(1,1,1)-t"
32352,33.12534870712156,38.081700114837034,True,False,0.9999999999999869,2.695695244518874e-15,"GJR-GARCH(1,1,1)-t"
32361,2.656128880206257,7.612480287921727,True,True,0.06378606389784564,0.0,"GJR-GARCH(1,1,1)-t"
32374,4.33273844846169,9.28908985617716,True,False,0.0,1.0,"GJR-GARCH(1,1,1)-t"
32376,-7.925559992754213,-2.969208585038743,True,True,8.095558595330587e-20,0.2912360335074617,"GJR-GARCH(1,1,1)-t"
32433,-6.315810989140708,-1.359459581425238,True,False,1.7991984717016834e-17,0.9999999999999996,"GJR-GARCH(1,1,1)-t"
32452,1.956853794609243,6.913205202324713,True,True,0.0,0.0,"GJR-GARCH(1,1,1)-t"
32461,49.79193616674525,54.74828757446072,True,True,0.0,0.5399946958045758,"GJR-GARCH(1,1,1)-t"
32463,14.664440527164931,19.6207919348804,True,True,1.8733850169387006e-15,0.6170784485450375,"GJR-GARCH(1,1,1)-t"
32466,13.019937893122508,17.97628930083798,True,True,0.7428904214560684,0.15178386196327906,"GJR-GARCH(1,1,1)-t"
32470,28.577998826431873,33.53435023414734,True,False,0.9999999999999923,3.31743101901245e-15,"GJR-GARCH(1,1,1)-t"
32473,11.26067806162614,16.21702946934161,True,True,2.3742758556605475e-14,0.7908222398417344,"GJR-GARCH(1,1,1)-t"
32474,27.695482021298687,32.65183342901416,True,True,1.7123924387269804e-13,0.9617459752544485,"GJR-GARCH(1,1,1)-t"
32534,24.940240579829904,29.896591987545374,True,True,8.835964927711768e-14,0.0,"GJR-GARCH(1,1,1)-t"
32547,-10.81820973449063,-5.86185832677516,True,True,0.3340124023587488,0.0,"GJR-GARCH(1,1,1)-t"
32590,-11.069493400009772,-6.113141992294302,True,True,8.168074360627617e-14,6.350817161458815e-13,"GJR-GARCH(1,1,1)-t"
32596,-3.158884824042712,1.7974665836727581,True,True,0.0,0.8327916494230359,"GJR-GARCH(1,1,1)-t"
32597,9.909794075698507,14.866145483413977,True,False,0.0,0.9999999999999991,"GJR-GARCH(1,1,1)-t"
32611,42.606145660571684,47.56249706828716,True,False,0.0,1.0,"GJR-GARCH(1,1,1)-t"
32614,33.31394227395273,38.27029368166821,True,True,5.362679720806833e-08,0.0,"GJR-GARCH(1,1,1)-t"
32631,-10.053495491539653,-5.097144083824183,True,True,5.197824820774525e-12,0.9675659466598814,"GJR-GARCH(1,1,1)-t"
32635,-12.420270769288386,-7.463919361572916,True,False,1.9670409524777675e-13,0.9999999999964382,"GJR-GARCH(1,1,1)-t"
32639,62.49541764703227,67.45176905474774,True,False,0.999999999991759,4.257356110876032e-12,"GJR-GARCH(1,1,1)-t"
32646,29.731538860609145,34.687890268324615,True,False,1.0,1.365976977639466e-24,"GJR-GARCH(1,1,1)-t"
32649,63.51211503466957,68.46846644238504,True,True,2.533816505372859e-15,1.0880397224935454e-15,"GJR-GARCH(1,1,1)-t"
32653,-10.315345460660236,-5.358994052944766,True,True,2.4339963491222162e-12,0.9838790180401009,"GJR-GARCH(1,1,1)-t"
32654,14.013570129881577,18.969921537597045,True,True,6.532295985561925e-17,0.8110860524729293,"GJR-GARCH(1,1,1)-t"
32662,-9.729028478231161,-4.772677070515691,True,True,2.9151934054581185e-14,7.450228013286409e-12,"GJR-GARCH(1,1,1)-t"
32676,-0.23642259320995862,4.719928814505511,True,False,1.0,0.0,"GJR-GARCH(1,1,1)-t"
32680,20.80973559761896,25.76608700533443,True,True,0.31609628672171003,0.0,"GJR-GARCH(1,1,1)-t"
32686,-1.989523609402987,2.966827798312483,True,True,1.0041622846816505e-14,4.1430977831444324e-13,"GJR-GARCH(1,1,1)-t"
32690,18.30712127210142,23.263472679816893,True,True,0.5962507387660416,0.17980880851871778,"GJR-GARCH(1,1,1)-t"
32692,-10.485630396869851,-5.529278989154381,True,True,5.706685081863411e-07,0.9784976953994199,"GJR-GARCH(1,1,1)-t"
32693,-5.871499031848909,-0.9151476241334393,True,True,2.0924585789741324e-13,0.9917230816436675,"GJR-GARCH(1,1,1)-t"
32704,20.71774401736874,25.67409542508421,True,False,1.4579049941716073e-16,1.0,"GJR-GARCH(1,1,1)-t"
32709,19.19599614941914,24.15234755713461,True,True,0.626100372743583,6.858171797144869e-17,"GJR-GARCH(1,1,1)-t"
32712,14.501608076819423,19.457959484534893,True,True,0.0,0.9866959425522736,"GJR-GARCH(1,1,1)-t"
32724,6.997589558462204,11.953940966177674,True,False,0.5816344822129104,0.7091827588934825,"GJR-GARCH(1,1,1)-t"
32736,29.996284984464502,34.95263639217997,True,True,0.12228306671681943,9.353974211401836e-15,"GJR-GARCH(1,1,1)-t"
32739,-1.0509030838946014,3.9054483238208686,True,True,0.0,0.1986178299746425,"GJR-GARCH(1,1,1)-t"
32746,64.2605983065354,69.21694971425087,True,True,0.0,0.9660649224435139,"GJR-GARCH(1,1,1)-t"
32748,-9.120922593030645,-4.164571185315175,True,True,0.09643703067302345,1.4649017694883163e-08,"GJR-GARCH(1,1,1)-t"
32750,12.487964097435817,17.444315505151287,True,True,0.6886816231284276,1.96977340331261e-12,"GJR-GARCH(1,1,1)-t"
32751,7.145366613475709,12.101718021191179,True,False,0.8725822097879179,0.5637088951060465,"GJR-GARCH(1,1,1)-t"
32753,-1.9670718495139603,2.9892795582015097,True,False,8.048691394785083e-16,0.9999999999999999,"GJR-GARCH(1,1,1)-t"
32758,-10.687898721185533,-5.731547313470063,True,True,6.136715779750926e-18,0.834592632567268,"GJR-GARCH(1,1,1)-t"
32763,0.9770738680631652,5.933425275778635,True,True,1.5738140201642812e-12,0.973923425643139,"GJR-GARCH(1,1,1)-t"
32767,-9.689295063950318,-4.732943656234848,True,True,2.810320287443287e-16,1.9810607281444746e-13,"GJR-GARCH(1,1,1)-t"
